image,pred,precision,recall,f1,r1_f1,r2_f1,rl_f1,exact_match,normalized_exact_match,char_lev_ratio,token_jaccard
636.png,একজন পুরুষ ও একটি শিশু বসে আছে।,0.571428570612245,0.4444444439506172,0.49999999445312515,0.49999999445312515,0.21052631124653745,0.49999999445312515,0,0,0.5454545454545454,0.3636363633057851
1393.png,কয়েকজন মানুষ আছে।,0.6666666644444444,0.2857142853061225,0.39999999500000005,0.39999999500000005,0.0,0.39999999500000005,0,0,0.2857142857142857,0.24999999968749997
8985.png,দূরে শহীদ মিনারের সামনে একটি নৌকা যাচ্ছে।,0.14285714265306124,0.3333333322222222,0.1999999954000001,0.1999999954000001,0.0,0.1999999954000001,0,0,0.28260869565217395,0.1111111109876543
8975.png,দেয়ালে একটি দেয়ালে ভর করে দেয়ালে লাগানো,0.14285714265306124,0.16666666638888888,0.15384614863905344,0.15384614863905344,0.0,0.15384614863905344,0,0,0.31999999999999995,0.0999999999
5627.png,কয়েকজন মানুষ দাড়িয়ে আছে।,0.49999999875,0.49999999875,0.4999999937500001,0.4999999937500001,0.33333332722222225,0.4999999937500001,0,0,0.6875,0.33333333277777777
IMG_20220921_123453.jpg,একটি মেয়ে একটি নৌকা থেকে একটি <unk> নিয়ন্ত্রণ <unk>,0.1111111109876543,0.0999999999,0.10526315279778417,0.10526315279778417,0.0,0.10526315279778417,0,0,0.33333333333333337,0.07142857137755101
2374652725_32f90fa15c.jpg,বরফে দুটি কুকুর বরফে দাঁড়িয়ে আছে।,0.33333333277777777,0.16666666652777776,0.22222221753086427,0.22222221753086427,0.12499999554687513,0.22222221753086427,0,0,0.4,0.13333333324444444
1613.png,১ জন মহিলা খাতায় কিছু মানুষ ভিড় করে দাঁড়িয়ে আছে।,0.1999999998,0.49999999875,0.28571428122448983,0.28571428122448983,0.0,0.28571428122448983,0,0,0.3125,0.16666666652777776
7353.png,একজন পুরুষ মাথায় ইট নিচ্ছে।,0.1999999996,0.14285714265306124,0.16666666152777793,0.16666666152777793,0.0,0.16666666152777793,0,0,0.31999999999999995,0.09090909082644627
1134.png,সামনে তিনজন বালিকা চারজন বালিকা বই নিচ্ছে এবং ৪ জন বাচ্চা ভিক্ষুক রাস্তার পাশে গাছ <unk> নেই কিন্তু পানি দেখছে ৪ জন বাচ্চা ভিক্ষুক রাস্তার পাশে গাছ <unk> নেই কিন্তু পানি দেখছে ৪ জন বাচ্চা ভিক্ষুক রাস্তার পাশে গাছ <unk>,0.099999999975,0.28571428551020406,0.14814814425240067,0.14814814425240067,0.0769230731434913,0.14814814425240067,0,0,0.1917808219178082,0.10344827582639714
3125309108_1011486589.jpg,কিছু লোক একটি <unk> <unk> চেষ্টা করছে,0.2857142853061225,0.33333333277777777,0.3076923022485208,0.3076923022485208,0.1818181765289258,0.3076923022485208,0,0,0.43999999999999995,0.1999999998
2371749487_d80195a2e7.jpg,একটি <unk> পাথরের উপর একটি ছোট ছেলে একটি রাস্তায় চার চাকার এটিভিতে চড়ছে,0.3846153843195266,0.45454545413223135,0.4166666613541667,0.4166666613541667,0.09090908586776886,0.33333332809027777,0,0,0.3529411764705882,0.1764705881314879
634.png,একজন পুরুষ মাথায় একটি <unk>,0.3999999992,0.2857142853061225,0.33333332791666676,0.33333332791666676,0.0,0.33333332791666676,0,0,0.41666666666666663,0.1999999998
3180.png,একজন নারী কাঁদছে।,0.3333333322222222,0.16666666638888888,0.2222222172839507,0.2222222172839507,0.0,0.2222222172839507,0,0,0.36363636363636365,0.12499999984374999
5999.png,একটি <unk>,0.0,0.0,0.0,0.0,0.0,0.0,0,0,0.2727272727272727,0.0
502671104_b2114246c7.jpg,একটি শিশু একটি সুইমিং পুলে সাঁতার কাটছে,0.4285714279591837,0.2727272724793388,0.33333332820987654,0.33333332820987654,0.12499999515625017,0.22222221722222232,0,0,0.3783783783783784,0.14285714275510203
6214.png,বাইরের রাস্তায় দুজন লোক বসে আছে,0.0,0.0,0.0,0.0,0.0,0.0,0,0,0.2727272727272727,0.0
2877088081_7ca408cb25.jpg,একজন স্কেটবোর্ডার একটি বাঁকে ঘুরছে,0.5999999988,0.4285714279591837,0.4999999943055557,0.4999999943055557,0.3999999944,0.4999999943055557,0,0,0.6896551724137931,0.3333333329629629
3352791995_8db4979aca.jpg,একজন মহিলা একটি কাঁচা ঘরে বসে আছে,0.2857142853061225,0.24999999968749997,0.2666666613333334,0.2666666613333334,0.0,0.2666666613333334,0,0,0.46875,0.16666666652777776
3336759846_5220e27deb.jpg,একটি <unk> পরা একজন মহিলা এক নারীর সাথে কথা বলছে।,0.3999999996,0.3999999996,0.3999999946000001,0.3999999946000001,0.0,0.29999999470000005,0,0,0.4722222222222222,0.26666666648888887
514222285_aa0c8d05b7.jpg,একটি স্নোবোর্ডে একটি স্নোবোর্ডে একটি স্নোবোর্ডে চড়ে ঘুরে বেড়াচ্ছেন।,0.2222222219753086,0.2222222219753086,0.22222221697530875,0.22222221697530875,0.0,0.22222221697530875,0,0,0.36585365853658536,0.09090909082644627
8281.png,পানিতে একটি শিশু সাঁতার কাটছে,0.5999999988,0.7499999981250001,0.6666666602469137,0.6666666602469137,0.5714285648979592,0.6666666602469137,0,0,0.6666666666666667,0.49999999916666665
690.png,একজন নারী তাকিয়ে আছে।,0.7499999981250001,0.4285714279591837,0.5454545398347109,0.5454545398347109,0.2222222172839507,0.5454545398347109,0,0,0.5416666666666667,0.37499999953124996
IMG_20220915_163434.jpg,একটি শিশু আছে।,0.0,0.0,0.0,0.0,0.0,0.0,0,0,0.16666666666666663,0.0
1170586898.jpg,সমুদ্রের পারে একজন মহিলা সমুদ্রের দিকে ছুটে যায়।,0.0,0.0,0.0,0.0,0.0,0.0,0,0,0.34042553191489366,0.0
4802.png,একটি <unk>,0.0,0.0,0.0,0.0,0.0,0.0,0,0,0.18181818181818177,0.0
7408.png,একটি মহিলা কোলে একটা বাচ্চাকে কোলে নিয়ে তাকিয়ে আছে।,0.1111111109876543,0.1999999996,0.14285713806122466,0.14285713806122466,0.0,0.14285713806122466,0,0,0.3142857142857143,0.08333333326388888
2555.png,দাড়ি গোঁফ ওয়ালা একজন বয়স্ক নারী তাকিয়ে আছে।,0.37499999953124996,0.2727272724793388,0.31578946847645434,0.31578946847645434,0.0,0.31578946847645434,0,0,0.3902439024390244,0.1874999998828125
5898.png,একটি এশিয়ান লোক ও একটি রাস্তা দিয়ে হেটে যাচ্ছে,0.0,0.0,0.0,0.0,0.0,0.0,0,0,0.4054054054054054,0.0
_MG_1672.JPG,লাল রঙের পোশাক পরে আছেন ও একটি শিশু কম্বল গায়ে দিয়ে টেনে নিচ্ছে এবং অন্যরা তাদের সাথে সাথে সাথে সাথে সাথে সাথে সাথে সাথে সাথে সাথে সাথে সাথে সাথে সাথে সাথে সাথে সাথে সাথে সাথে সাথে সাথে সাথে সাথে সাথে,0.0499999999875,0.2857142853061225,0.08510638040742426,0.08510638040742426,0.0,0.08510638040742426,0,0,0.1171875,0.09090909086776859
IMG_0606.JPG,একজন নারী ও ছাতা নিয়ে বসে আছে ২ জন মানুষ আছে।,0.18181818165289254,0.33333333277777777,0.2352941128027682,0.2352941128027682,0.0,0.2352941128027682,0,0,0.303030303030303,0.13333333324444444
3442.png,রাস্তা দিয়ে একজন মানুষ দেখা যাচ্ছে।,0.33333333277777777,0.1999999998,0.24999999500000003,0.24999999500000003,0.0,0.24999999500000003,0,0,0.4,0.16666666652777776
8585.png,একজন পুরুষ মানুষ কাজ করছে।,0.0,0.0,0.0,0.0,0.0,0.0,0,0,0.3076923076923077,0.0
5454.png,কিছু ছেলেমেয়ে একসাথে বসে আছে।,0.3999999992,0.49999999875,0.4444444385185186,0.4444444385185186,0.0,0.4444444385185186,0,0,0.27586206896551724,0.2857142853061225
2663794355_e726ec7e05.jpg,বিকিনি পরিহিত একজন মহিলা একটি পাথরের উপর বসে আছে।,0.2222222219753086,0.2857142853061225,0.24999999476562512,0.24999999476562512,0.1428571377551022,0.24999999476562512,0,0,0.4358974358974359,0.14285714275510203
1357.png,একটি লোক <unk> বিক্রি করছেন।,0.1999999996,0.06666666662222222,0.09999999615000013,0.09999999615000013,0.0,0.09999999615000013,0,0,0.18867924528301883,0.0624999999609375
2563578471_9a4e4c2ecc.jpg,একটি ছেলে সৈকতে খেলছে,0.49999999875,0.2857142853061225,0.36363635834710756,0.36363635834710756,0.0,0.36363635834710756,0,0,0.5217391304347826,0.2222222219753086
peakpx.jpg,একজন মেয়ে হাঁসি মুখে বসে আছে।,0.16666666638888888,0.16666666638888888,0.16666666138888903,0.16666666138888903,0.0,0.16666666138888903,0,0,0.4285714285714286,0.09090909082644627
566794440_f9ec673a2f.jpg,একজন লোক একটি বেসবল খেলছে,0.1999999996,0.3333333322222222,0.24999999468750006,0.24999999468750006,0.0,0.24999999468750006,0,0,0.4,0.14285714265306124
9100.png,একটি শিশু আছে।,0.9999999966666667,0.5999999988,0.7499999934375,0.7499999934375,0.6666666600000001,0.7499999934375,0,0,0.5625,0.5999999988
2490863987_715383944a.jpg,একটি বিশাল <unk> <unk> সামনে এক ব্যক্তি একটি থালা নিয়ে দাঁড়িয়ে আছে,0.24999999979166665,0.2727272724793388,0.26086956000000006,0.26086956000000006,0.0,0.26086956000000006,0,0,0.40909090909090906,0.16666666657407406
pexels-niaz-sumon-103839943-10126101.jpg,একটি শিশু আছে।,0.0,0.0,0.0,0.0,0.0,0.0,0,0,0.1875,0.0
8425.png,একজন পুরুষ বসে কাজ করছে।,0.1999999996,0.3333333322222222,0.24999999468750006,0.24999999468750006,0.0,0.24999999468750006,0,0,0.4444444444444444,0.14285714265306124
7489.png,একটি কুকুর একটি পাখি নিয়ে বসে আছে,0.14285714265306124,0.16666666638888888,0.15384614863905344,0.15384614863905344,0.0,0.15384614863905344,0,0,0.5217391304347826,0.09090909082644627
2271671533_7538ccd556.jpg,বরফের মধ্যে একটি হ্রদ সহ একটি হ্রদ এবং একটি হ্রদ এবং একটি হ্রদ এবং একটি হ্রদ এবং একটি হ্রদ এবং একটি হ্রদ এবং একটি হ্রদ এবং একটি হ্রদ এবং একটি হ্রদ এবং একটি হ্রদ এবং একটি হ্রদ এবং একটি হ্রদ,0.0499999999875,0.2857142853061225,0.08510638040742426,0.08510638040742426,0.0,0.08510638040742426,0,0,0.16216216216216217,0.18181818165289254
314685044_da4390728e.jpg,একটি মহিলা একটি রেকর্ড প্রদর্শন করছে।,0.33333333277777777,0.2222222219753086,0.2666666615111111,0.2666666615111111,0.15384614887573977,0.2666666615111111,0,0,0.39473684210526316,0.16666666652777776
5334.png,পাহাড় দিয়ে পানি ঝড়ছে কয়েকজন গোসল করছে।,0.9999999985714286,0.7777777769135802,0.874999993984375,0.874999993984375,0.5714285657142858,0.874999993984375,0,0,0.84375,0.7777777769135802
3435233065_3411f2d29d.jpg,একটি শিশু গাছের পাশে সাইকেল চালাচ্ছে ।,0.2857142853061225,0.33333333277777777,0.3076923022485208,0.3076923022485208,0.1818181765289258,0.3076923022485208,0,0,0.5925925925925926,0.18181818165289254
6424.png,দুইজন লোক রাস্তার পাশে দাড়িয়ে আছে।,0.16666666638888888,0.05882352937716263,0.08695651780718354,0.08695651780718354,0.0,0.08695651780718354,0,0,0.2727272727272727,0.045454545433884296
1355703632_5683a4b6fb.jpg,গেম <unk> পরা খেলোয়াড় বল ধরে থাকে,0.2857142853061225,0.24999999968749997,0.2666666613333334,0.2666666613333334,0.0,0.2666666613333334,0,0,0.3870967741935484,0.15384615372781063
6949.png,একটি রাস্তা দিয়ে গাছ ও নিচে একটি সেতুর উপর দিয়ে একজন লোক হাত দিয়ে পানি দিয়ে পানি দিয়ে পানি দিয়ে পানি দিয়ে পানি দিয়ে পানি দিয়ে পানি দিয়ে পানি দিয়ে পানি দিয়ে পানি দিয়ে পানি দিয়ে পানি দিয়ে পানি দিয়ে,0.02499999999375,0.12499999984374999,0.04166666387152797,0.04166666387152797,0.0,0.04166666387152797,0,0,0.12,0.05263157891966759
2403.png,একজন মানুষ একটি নৌকা চালাচ্ছে।,0.0,0.0,0.0,0.0,0.0,0.0,0,0,0.2647058823529411,0.0
2512682478_b67cc525c7.jpg,একটি শিশু একটি ফুটবল খেলছে,0.1999999996,0.16666666638888888,0.1818181765289258,0.1818181765289258,0.0,0.1818181765289258,0,0,0.46153846153846156,0.1111111109876543
2084.png,একজন বয়স্ক লোক বই পড়ছে।,0.1999999996,0.12499999984374999,0.15384614887573977,0.15384614887573977,0.0,0.15384614887573977,0,0,0.303030303030303,0.08333333326388888
401476986_73918145a3.jpg,একটি কালো রঙের একটি কালো রঙের একটি কুকুর ঘাসের উপর দৌড়াচ্ছে,0.45454545413223135,0.3846153843195266,0.4166666613541667,0.4166666613541667,0.13333332871111125,0.33333332809027777,0,0,0.375,0.29999999969999996
3778.png,সূর্য দূরত্বে সূর্য দূরত্বে সূর্য,0.0,0.0,0.0,0.0,0.0,0.0,0,0,0.23809523809523814,0.0
7201.png,কয়েকজন মানুষ আছে।,0.3333333322222222,0.249999999375,0.28571428000000004,0.28571428000000004,0.0,0.28571428000000004,0,0,0.4375,0.16666666638888888
4897.png,একজন মানুষ আছে।,0.3333333322222222,0.1999999996,0.24999999468750006,0.24999999468750006,0.0,0.24999999468750006,0,0,0.26315789473684215,0.14285714265306124
3016178284_ec50a09e8c.jpg,সাইকেল চালক প্রতিযোগিতার সাইকেল চালাচ্ছে,0.5999999988,0.4285714279591837,0.4999999943055557,0.4999999943055557,0.1999999948000001,0.4999999943055557,0,0,0.6060606060606061,0.24999999968749997
3518.png,একটি শিশু দড়ির সাথে খেলছে,0.1999999996,0.0999999999,0.13333332871111125,0.13333332871111125,0.0,0.13333332871111125,0,0,0.3529411764705882,0.07142857137755101
2856252334_1b1a230e70.jpg,একটি ছেলে খালি গায়ে ছোট ছেলে দাড়িয়ে আছে একজন ছেলে দাড়িয়ে আছে একজন ছেলে দাড়িয়ে আছে একজন ছেলে দাড়িয়ে আছে একজন ছেলে দাড়িয়ে আছে একজন ছেলে দাড়িয়ে আছে একজন ছেলে দাড়িয়ে আছে একজন ছেলে দাড়িয়ে আছে একজন ছেলে দাড়িয়ে আছে,0.07499999998125,0.4285714279591837,0.12765957187867819,0.12765957187867819,0.04444444211358036,0.12765957187867819,0,0,0.21379310344827585,0.24999999979166665
3330654550_3efe9a71af.jpg,ময়লার স্তূপে কাজ করছে,0.0,0.0,0.0,0.0,0.0,0.0,0,0,0.33333333333333337,0.0
1466479163_439db855af.jpg,একটি কুকুর একটি ফ্রিসবি ধরার জন্য দৌড়াচ্ছে,0.4285714279591837,0.49999999916666665,0.4615384558579882,0.4615384558579882,0.1818181765289258,0.4615384558579882,0,0,0.6206896551724138,0.3333333329629629
3436.png,অনেকগুলো শিশু আছে।,0.9999999966666667,0.37499999953124996,0.5454545404958677,0.5454545404958677,0.22222221827160496,0.5454545404958677,0,0,0.3666666666666667,0.37499999953124996
3441145615_b4fcd9eea0.jpg,কিছু মানুষ লাইনে দাড়িয়ে আছে।,0.1999999996,0.1111111109876543,0.14285713806122466,0.14285713806122466,0.0,0.14285713806122466,0,0,0.24242424242424243,0.07692307686390532
1171.png,একজন নারী ও একজন নারী আছে।,0.49999999916666665,0.49999999916666665,0.4999999941666667,0.4999999941666667,0.19999999460000012,0.4999999941666667,0,0,0.6363636363636364,0.4285714279591837
2895700779_fac1d9d278.jpg,একটি শিশু হাত দিয়ে ছবি তুলছে।,0.16666666638888888,0.14285714265306124,0.15384614863905344,0.15384614863905344,0.0,0.15384614863905344,0,0,0.31999999999999995,0.08333333326388888
2747714500_49476225c6.jpg,কয়েকজন ছোট মেয়ে হাঁসি মুখে দাঁড়িয়ে আছে।,0.2857142853061225,0.16666666652777776,0.2105263109141275,0.2105263109141275,0.11764705411764723,0.2105263109141275,0,0,0.31818181818181823,0.11764705875432525
7969.png,একজন লোক একটা গাছের কাছে হতে ঝুলে আছে,0.12499999984374999,0.0999999999,0.11111110604938293,0.11111110604938293,0.0,0.11111110604938293,0,0,0.37142857142857144,0.0624999999609375
2257099774_37d0d3aa9a.jpg,একটি কালো চুলের লোকটি কার্নিভাল,0.1999999996,0.14285714265306124,0.16666666152777793,0.16666666152777793,0.0,0.16666666152777793,0,0,0.46153846153846156,0.09090909082644627
_MG_3151.JPG,চোখে চশমা,0.0,0.0,0.0,0.0,0.0,0.0,0,0,0.1428571428571429,0.0
1263126002_881ebd7ac9.jpg,একটি শিশু একটি লাল এবং একটি ছোট মেয়েকে নিয়ে খেলছে।,0.29999999969999996,0.4285714279591837,0.35294117121107266,0.35294117121107266,0.13333332835555572,0.23529411252595167,0,0,0.3846153846153846,0.16666666652777776
5862.png,কয়েকজন মানুষ আছে।,0.9999999966666667,0.5999999988,0.7499999934375,0.7499999934375,0.6666666600000001,0.7499999934375,0,0,0.5714285714285714,0.5999999988
3208074567_ac44aeb3f3.jpg,এক ব্যক্তি পানির ছিটা ঢাকা জলে স্লাইড থেকে জলের ছিটা ঢাকা জলে স্লাইড থেকে জলের ছিটা ঢাকা জলে স্লাইড থেকে জলের ছিটা ঢাকা জলে স্লাইড থেকে জলের ছিটা ঢাকা জলে স্লাইড থেকে জলের ছিটা ঢাকা জলে স্লাইড থেকে জলের ছিটা,0.0499999999875,0.33333333277777777,0.08695651943289232,0.08695651943289232,0.0,0.08695651943289232,0,0,0.11428571428571432,0.15384615372781063
2974.png,অনেকগুলো শিশু আছে।,0.0,0.0,0.0,0.0,0.0,0.0,0,0,0.18181818181818177,0.0
247097023_e656d5854d.jpg,একটি লোক পাথরের দেয়াল ধরে হেঁটে যাচ্ছে।,0.4285714279591837,0.21428571413265304,0.28571428099773244,0.28571428099773244,0.0,0.22222221722222232,0,0,0.4,0.16666666657407406
3751594676_edfbfa0688.jpg,একটি শিশু হাসছে,0.3333333322222222,0.249999999375,0.28571428000000004,0.28571428000000004,0.11764705660899655,0.28571428000000004,0,0,0.46153846153846156,0.16666666638888888
1375.png,একটি কালো গরুকে একটি <unk>,0.1999999996,0.16666666638888888,0.1818181765289258,0.1818181765289258,0.0,0.1818181765289258,0,0,0.4782608695652174,0.1111111109876543
2648165716_02e2e74fd6.jpg,একটি শিশু একটি লাল এবং লাল সাদা রঙের একটি মেরু <unk>,0.2727272724793388,0.4285714279591837,0.33333332820987654,0.33333332820987654,0.12499999515625017,0.33333332820987654,0,0,0.3783783783783784,0.24999999979166665
3484.png,একটা ছেলে দাড়িয়ে আছে।,0.49999999875,0.2222222219753086,0.3076923029585799,0.3076923029585799,0.18181817752066123,0.3076923029585799,0,0,0.2777777777777778,0.1999999998
3585123310_9a8e94bd2b.jpg,একটি কুকুর ছানা আছে।,0.49999999875,0.2222222219753086,0.3076923029585799,0.3076923029585799,0.0,0.3076923029585799,0,0,0.33333333333333337,0.18181818165289254
2869.png,১ জন ছেলে ১ জন ছেলে দাড়িয়ে আছেন।,0.12499999984374999,0.09090909082644627,0.10526315290858747,0.10526315290858747,0.0,0.10526315290858747,0,0,0.26315789473684215,0.06666666662222222
2148695079_9ae6a9b1c7.jpg,বরফের মধ্যে একটি সাদা কুকুর,0.7999999984,0.3999999996,0.5333333281777778,0.5333333281777778,0.2499999943750001,0.39999999420000004,0,0,0.368421052631579,0.3636363633057851
1663454406_5e2cf8c5bb.jpg,একজন মহিলা একটি পতাকা হাতে নিয়ে দাঁড়িয়ে আছে,0.49999999937499995,0.6666666655555555,0.5714285657142858,0.5714285657142858,0.16666666152777793,0.5714285657142858,0,0,0.5862068965517242,0.3999999996
3511890331_6163612bb9.jpg,ঘোড়া ঘোড়া দৌড়ে,0.0,0.0,0.0,0.0,0.0,0.0,0,0,0.41666666666666663,0.0
244368383_e90b6b2f20.jpg,একটি খেলার মাঠে অনেক ছেলে মেয়ে খেলছে।,0.2857142853061225,0.2857142853061225,0.28571428030612256,0.28571428030612256,0.0,0.16666666152777793,0,0,0.375,0.16666666652777776
252802010_3d47bee500.jpg,দুটি কুকুর ঘাসের উপর বসে ঘাসের উপর বসে ঘাসের উপর বসে ঘাসের উপর বসে ঘাসের উপর বসে ঘাসের উপর বসে ঘাসের উপর বসে ঘাসের উপর বসে ঘাসের উপর বসে ঘাসের উপর বসে ঘাসের উপর বসে ঘাসের উপর বসে ঘাসের উপর,0.07499999998125,0.5999999988,0.13333333129876546,0.13333333129876546,0.09302325408328828,0.13333333129876546,0,0,0.11643835616438358,0.4285714279591837
2839807428_efe42423f2.jpg,একটি লোক একটি বল পেতে লাফিয়ে উঠছে।,0.2857142853061225,0.2857142853061225,0.28571428030612256,0.28571428030612256,0.0,0.28571428030612256,0,0,0.5,0.124999999921875
3304556387_203b9d4db0.jpg,একটি বাদামী কুকুরটি বাইরে একটি লাঠি নিয়ে খেলেন।,0.24999999968749997,0.13333333324444444,0.17391303879017025,0.17391303879017025,0.0,0.17391303879017025,0,0,0.43333333333333335,0.09999999995
7887.png,একটি নৌকা চালিয়ে যাচ্ছে একজন লোক।,0.49999999916666665,0.5999999988,0.5454545395041324,0.5454545395041324,0.2222222167901236,0.4615384558579882,0,0,0.375,0.37499999953124996
5950.png,একজন পুরুষ বসে আছেন।,0.7499999981250001,0.3333333329629629,0.4615384565680474,0.4615384565680474,0.36363635900826446,0.4615384565680474,0,0,0.3939393939393939,0.29999999969999996
8992.png,টুপি মাথায় টুপি পরা লোক একটি পোল দূরে তাকিয়ে আছে।,0.29999999969999996,0.23076923059171597,0.2608695600756144,0.2608695600756144,0.0,0.2608695600756144,0,0,0.3829787234042553,0.15789473675900276
8225.png,একজন নারী হাসছে।,0.0,0.0,0.0,0.0,0.0,0.0,0,0,0.3076923076923077,0.0
364213568_7f83e7d144.jpg,দুটি কুকুর পানিতে খেলছে,0.49999999875,0.3999999992,0.4444444385185186,0.4444444385185186,0.28571428000000004,0.4444444385185186,0,0,0.2894736842105263,0.2857142853061225
278608022_4175813019.jpg,একটি ছেলে একটি ফুটবলের জন্য লড়াই করছে,0.2857142853061225,0.1999999998,0.23529411252595167,0.23529411252595167,0.0,0.23529411252595167,0,0,0.5,0.09090909082644627
3702436188_2c26192fd0.jpg,একজন লোক একটি স্কেটবোর্ডে চড়ে একটি ঢালু কাঠামোর উপর দিয়ে লাফাচ্ছে,0.2727272724793388,0.9999999966666667,0.42857142459183667,0.42857142459183667,0.16666666361111113,0.2857142819387755,0,0,0.4,0.29999999969999996
3320356356_1497e53f80.jpg,একজন মানুষ আছে।,0.3333333322222222,0.1999999996,0.24999999468750006,0.24999999468750006,0.0,0.24999999468750006,0,0,0.38888888888888884,0.14285714265306124
3124549928_10904a5a83.jpg,একটি ছোট মেয়ে বরফে টুপি পরে আছে,0.14285714265306124,0.12499999984374999,0.13333332817777796,0.13333332817777796,0.0,0.13333332817777796,0,0,0.4545454545454546,0.07692307686390532
2445442929_8c81d42460.jpg,একজন পুরুষ আছে।,0.3333333322222222,0.1111111109876543,0.16666666263888896,0.16666666263888896,0.0,0.16666666263888896,0,0,0.2727272727272727,0.09090909082644627
7813.png,একজন পুরুষ ও একটি শিশু দাড়িয়ে আছে।,0.4285714279591837,0.5999999988,0.4999999943055557,0.4999999943055557,0.1999999948000001,0.4999999943055557,0,0,0.5416666666666667,0.3333333329629629
694496803_f2a05869cf.jpg,এক ব্যক্তি একটি ছবির জন্য পোজ দিচ্ছেন,0.14285714265306124,0.0999999999,0.11764705384083066,0.11764705384083066,0.0,0.11764705384083066,0,0,0.36585365853658536,0.06666666662222222
6723.png,কয়েকজন ছেলেমেয়ে একসাথে বসে আছে।,0.3999999992,0.33333333277777777,0.36363635801652905,0.36363635801652905,0.11764705508650528,0.36363635801652905,0,0,0.36363636363636365,0.2222222219753086
2359.png,একটি ছোট ছেলে প্রাকৃতিক মাটিতে শুয়ে আছে,0.14285714265306124,0.16666666638888888,0.15384614863905344,0.15384614863905344,0.0,0.15384614863905344,0,0,0.43999999999999995,0.08333333326388888
2608.png,দেয়ালে চিত্রকর্ম এর মাঝে বসে আছে।,0.33333333277777777,0.2857142853061225,0.3076923022485208,0.3076923022485208,0.1818181765289258,0.3076923022485208,0,0,0.375,0.18181818165289254
4564.png,৪ জন ছেলে দাড়িয়ে আছে।,0.3999999992,0.24999999968749997,0.3076923024852071,0.3076923024852071,0.1818181768595043,0.3076923024852071,0,0,0.3548387096774194,0.18181818165289254
3616638478_641d02183d.jpg,দু'জন মহিলা একটি বিশাল দালানের পাশে দাঁড়িয়ে আছেন।,0.37499999953124996,0.2727272724793388,0.31578946847645434,0.31578946847645434,0.11764705384083066,0.31578946847645434,0,0,0.4390243902439024,0.19999999986666667
3477672764_7f07657a26.jpg,ছেলেরা ফুটবল খেলছে,0.3333333322222222,0.14285714265306124,0.1999999954000001,0.1999999954000001,0.0,0.1999999954000001,0,0,0.2777777777777778,0.1111111109876543
3139895886_5a6d495b13.jpg,একটি কুকুর দৌড়াচ্ছে,0.6666666644444444,0.33333333277777777,0.44444443901234576,0.44444443901234576,0.28571428081632655,0.44444443901234576,0,0,0.5,0.2857142853061225
3206058778_7053ee6b52.jpg,একজন মহিলা একটি <unk>,0.49999999875,0.2222222219753086,0.3076923029585799,0.3076923029585799,0.0,0.3076923029585799,0,0,0.25,0.18181818165289254
844.png,৪ জন শারি পরা এবং ২ টি নীল শাড়ি পরা এবং ২ টি নীল শাড়ি পরা এবং ২ টি নীল শাড়ি পরা এবং ২ টি নীল শাড়ি পরা এবং ২ টি নীল শাড়ি পরা এবং ২ টি নীল শাড়ি পরা,0.0499999999875,0.2222222219753086,0.08163265002915464,0.08163265002915464,0.042553188646446534,0.08163265002915464,0,0,0.16981132075471694,0.124999999921875
343942396_206148098835090_237545729238315663_n.jpg,একজন মানুষ দেখা যাচ্ছে।,0.0,0.0,0.0,0.0,0.0,0.0,0,0,0.24242424242424243,0.0
4745.png,একটি নৌকা চলে যাচ্ছে।,0.249999999375,0.3333333322222222,0.28571428000000004,0.28571428000000004,0.0,0.28571428000000004,0,0,0.46153846153846156,0.16666666638888888
3189307452_aebc12380b.jpg,একটি সাদা কুকুর হলুদ চাকতি নিয়ে তুষারে একটি কুকুর দৌড়ে বেড়াচ্ছে,0.2727272724793388,0.4285714279591837,0.33333332820987654,0.33333332820987654,0.19999999480000014,0.33333332820987654,0,0,0.41463414634146345,0.23076923059171597
526955751_f519d62b58.jpg,একটি শিশু পানিতে খেলছে,0.249999999375,0.0999999999,0.14285713857142868,0.14285713857142868,0.0,0.14285713857142868,0,0,0.21739130434782605,0.07692307686390532
5537.png,একদল লোক একটি বিশাল দালানের বাইরে দাঁড়িয়ে আছে,0.12499999984374999,0.0999999999,0.11111110604938293,0.11111110604938293,0.0,0.11111110604938293,0,0,0.32352941176470584,0.05882352937716263
5251.png,কয়েকজন পুরুষ দাড়িয়ে আছে।,0.7499999981250001,0.49999999916666665,0.5999999940000001,0.5999999940000001,0.24999999468750006,0.5999999940000001,0,0,0.4666666666666667,0.4285714279591837
7535.png,একটি শিশু তাকিয়ে আছে।,0.9999999975,0.9999999975,0.9999999925,0.9999999925,0.9999999916666666,0.9999999925,1,1,1.0,0.9999999975
3625519177_4c2bb9e7f0.jpg,একজন লোক একটি <unk> সাথে সাথে সাথে সাথে সাথে সাথে সাথে সাথে সাথে সাথে সাথে সাথে সাথে সাথে সাথে সাথে সাথে সাথে সাথে সাথে সাথে সাথে সাথে সাথে সাথে সাথে সাথে সাথে সাথে সাথে সাথে সাথে সাথে সাথে সাথে সাথে,0.0499999999875,0.33333333277777777,0.08695651943289232,0.08695651943289232,0.045454543419421574,0.08695651943289232,0,0,0.13008130081300817,0.2222222219753086
818340833_7b963c0ee3.jpg,একটি সাদা কুকুর একটি জমিতে পানি থেকে লাফ দিতে যাচ্ছে,0.5999999993999999,0.5454545449586776,0.5714285658956916,0.5714285658956916,0.31578946836565097,0.5714285658956916,0,0,0.6486486486486487,0.3846153843195266
3000.png,সূর্যাস্তের সময় একজন মানুষ দাড়িয়ে আছে।,0.8333333319444445,0.8333333319444445,0.8333333269444445,0.8333333269444445,0.39999999420000004,0.6666666605555556,0,0,0.34615384615384615,0.7142857132653061
3452.png,একজন বৃদ্ধ নারী বসে কাজ করছে।,0.8333333319444445,0.8333333319444445,0.8333333269444445,0.8333333269444445,0.5999999938,0.8333333269444445,0,0,0.8636363636363636,0.7142857132653061
5243.png,কিছু মানুষ বসে আছে।,0.49999999875,0.6666666644444444,0.5714285648979592,0.5714285648979592,0.0,0.5714285648979592,0,0,0.41666666666666663,0.3999999992
8523.png,একটি নৌকায় কয়েকজন মানুষ আছে।,0.3999999992,0.3999999992,0.39999999420000004,0.39999999420000004,0.0,0.19999999460000012,0,0,0.30000000000000004,0.24999999968749997
3074617663_2f2634081d.jpg,একটি কুকুর একটি বল নিয়ে খেলা করছে,0.4285714279591837,0.5999999988,0.4999999943055557,0.4999999943055557,0.1999999948000001,0.4999999943055557,0,0,0.5517241379310345,0.37499999953124996
2809793070_1a3387cd6e.jpg,একটি কালো কুকুর পানি দিয়ে খেলছে,0.49999999916666665,0.5999999988,0.5454545395041324,0.5454545395041324,0.2222222167901236,0.5454545395041324,0,0,0.65,0.37499999953124996
50030244_02cd4de372.jpg,ঘাসের মধ্যে দুটি কুকুর গড়াগড়ি খাচ্ছে,0.16666666638888888,0.14285714265306124,0.15384614863905344,0.15384614863905344,0.0,0.15384614863905344,0,0,0.24137931034482762,0.08333333326388888
3392293702_ccb0599857.jpg,বরফের মধ্যে একটি কুকুর বরফে খেলছে,0.6666666655555555,0.571428570612245,0.6153846094674558,0.6153846094674558,0.5454545395041324,0.6153846094674558,0,0,0.5806451612903225,0.4444444439506172
8899.png,একজন অন্ধ নারী একটি <unk> পাশে একটি হুইল চেয়ার এ বসে আছে ও একটি শিশু আছে।,0.24999999984375,0.571428570612245,0.3478260824196598,0.3478260824196598,0.0,0.3478260824196598,0,0,0.3055555555555556,0.2352941175086505
1015584366_dfcec3c85a.jpg,একটি কুকুর একটি লাঠি ধরে আছে,0.49999999916666665,0.2727272724793388,0.3529411714878893,0.3529411714878893,0.13333332871111125,0.3529411714878893,0,0,0.4444444444444444,0.15384615372781063
6114.png,একটি সেতুর কাজ চলছে।,0.249999999375,0.12499999984374999,0.16666666194444454,0.16666666194444454,0.0,0.16666666194444454,0,0,0.3125,0.09090909082644627
5012.png,তিনজন লোক একটি কংক্রিটের দালানের সামনে বসে আছে,0.12499999984374999,0.249999999375,0.16666666194444454,0.16666666194444454,0.0,0.16666666194444454,0,0,0.34375,0.09090909082644627
7307.png,একটি শিশু আছে।,0.3333333322222222,0.3333333322222222,0.33333332722222225,0.33333332722222225,0.0,0.33333332722222225,0,0,0.6,0.1999999996
2752926645_801a198ff6.jpg,লোক টির হাতে একটি,0.7499999981250001,0.3333333329629629,0.4615384565680474,0.4615384565680474,0.0,0.3076923029585799,0,0,0.2962962962962963,0.29999999969999996
2363100645_c3423a0433.jpg,লাল <unk> একটি শিশু একটি <unk> সামনে দাঁড়িয়ে আছে,0.1111111109876543,0.14285714265306124,0.12499999492187522,0.12499999492187522,0.0,0.12499999492187522,0,0,0.34042553191489366,0.07692307686390532
390992388_d74daee638.jpg,একজন স্কিয়ার একটি পাহাড়ে উঠছে,0.3999999992,0.2857142853061225,0.33333332791666676,0.33333332791666676,0.0,0.33333332791666676,0,0,0.5806451612903225,0.1999999998
542179694_e170e9e465.jpg,একটি <unk> একটি ছোট <unk>,0.5999999988,0.19999999986666667,0.29999999595000004,0.29999999595000004,0.15384614934911253,0.29999999595000004,0,0,0.34615384615384615,0.18181818165289254
2908.png,৪ জন ছেলে একসাথে দাড়িয়ে আছে।,0.49999999916666665,0.37499999953124996,0.4285714230612245,0.4285714230612245,0.16666666152777793,0.4285714230612245,0,0,0.5769230769230769,0.2727272724793388
3064716525_b8418d4946.jpg,একটি কালো কুকুর একটি কুকুর লাফ দিচ্ছে,0.7142857132653061,0.49999999949999996,0.5882352885813149,0.5882352885813149,0.4999999941666667,0.5882352885813149,0,0,0.64,0.49999999937499995
7146.png,একটি বাঘ চোখে চশমা পরে দাড়িয়ে আছে একজন চেয়ার এ বসে একটা বাসের <unk> চোখে চশমা পরা একটা লোক একটা বাঘের চামড়া ধরে দাড়িয়ে আছে একজন চেয়ার এ বসে একটা বাসের <unk> চোখে চশমা পরা একটা লোক একটা বাঘের চামড়া,0.099999999975,0.49999999937499995,0.16666666381944448,0.16666666381944448,0.043478258270321514,0.16666666381944448,0,0,0.14685314685314688,0.1739130434026465
3715559023_70c41b31c7.jpg,একটি শিশু পানিতে নেমে আসা জলের <unk> খেলছে।,0.24999999968749997,0.16666666652777776,0.1999999950000001,0.1999999950000001,0.0,0.11764705370242234,0,0,0.3589743589743589,0.1111111110493827
3214573346_d3a57f0328.jpg,একটি কুকুর মাটিতে একটি <unk> পাশে বসে আছে,0.37499999953124996,0.37499999953124996,0.37499999453125,0.37499999453125,0.08333332913194465,0.37499999453125,0,0,0.4516129032258065,0.16666666652777776
178.png,কয়েকজন মানুষ দাড়িয়ে আছে।,0.49999999875,0.33333333277777777,0.3999999944,0.3999999944,0.0,0.3999999944,0,0,0.3913043478260869,0.24999999968749997
8679.png,পানিতে পানি পানিতে ভিজে হেঁটে যাচ্ছে।,0.0,0.0,0.0,0.0,0.0,0.0,0,0,0.25,0.0
3944.png,একজন নারী ও একজন নারী বসে আছে।,0.14285714265306124,0.14285714265306124,0.14285713765306143,0.14285713765306143,0.0,0.14285713765306143,0,0,0.375,0.0999999999
3403263046_3cc701a07a.jpg,একজন মহিলা বাস্কেটবল হাতে নিয়ে খেলছে,0.6666666655555555,0.4444444439506172,0.5333333278222222,0.5333333278222222,0.23529411321799312,0.4210526268144044,0,0,0.4736842105263158,0.3636363633057851
2468.png,একজন পুরুষ ও মহিলারা দাড়িয়ে আছে,0.33333333277777777,0.2857142853061225,0.3076923022485208,0.3076923022485208,0.0,0.3076923022485208,0,0,0.48,0.18181818165289254
2839532455_36a7dc4758.jpg,একটি কুকুর বল নিয়ে সৈকতে খেলছে,0.8333333319444445,0.6249999992187499,0.7142857083673471,0.7142857083673471,0.16666666152777793,0.7142857083673471,0,0,0.5238095238095238,0.6249999992187499
6797.png,একজন নারী ও একজন নারী ও একজন নারী ও একজন নারী ও একজন নারী ও একজন নারী ও একজন নারী ও একজন নারী ও একজন নারী ও একজন নারী ও একজন নারী ও একজন নারী ও একজন নারী ও একজন,0.0,0.0,0.0,0.0,0.0,0.0,0,0,0.16417910447761197,0.0
1814391289_83a1eb71d3.jpg,দুই মহিলা একটি বার থেকে বার করছে,0.14285714265306124,0.12499999984374999,0.13333332817777796,0.13333332817777796,0.0,0.13333332817777796,0,0,0.33333333333333337,0.07692307686390532
194.png,নদীর পাড়ে বাধা আছে কিছু মানুষ।,0.16666666638888888,0.07692307686390532,0.10526315346260404,0.10526315346260404,0.0,0.10526315346260404,0,0,0.29032258064516125,0.05882352937716263
4234.png,একটি পাখি আছে।,0.3333333322222222,0.16666666638888888,0.2222222172839507,0.2222222172839507,0.0,0.2222222172839507,0,0,0.33333333333333337,0.12499999984374999
7752.png,সরিষা ক্ষেতের মাঝে দিয়ে কাধে একটি শিশু মাথায় বোঝা নিয়ে হেটে যাচ্ছে।,0.4999999995833333,0.5454545449586776,0.5217391249905482,0.5217391249905482,0.19047618530612256,0.5217391249905482,0,0,0.5952380952380952,0.3529411762629758
6637.png,একটি পাখি আছে।,0.6666666644444444,0.49999999875,0.5714285648979592,0.5714285648979592,0.0,0.5714285648979592,0,0,0.5,0.3999999992
3491.png,দুইটি নৌকায় তিনজন মানুষ আছে।,0.5999999988,0.49999999916666665,0.5454545395041324,0.5454545395041324,0.0,0.5454545395041324,0,0,0.6818181818181819,0.37499999953124996
8108.png,একজন নারী আছে।,0.9999999966666667,0.7499999981250001,0.8571428497959185,0.8571428497959185,0.39999999360000005,0.8571428497959185,0,0,0.7142857142857143,0.7499999981250001
3437.png,একজন বয়স্ক পুরুষ বসে কাজ করছেন।,0.33333333277777777,0.1999999998,0.24999999500000003,0.24999999500000003,0.0,0.24999999500000003,0,0,0.41666666666666663,0.14285714275510203
1148238960_f8cacec2fc.jpg,লোকেরা বাইরে দাঁড়িয়ে আছে।,0.249999999375,0.16666666638888888,0.1999999948000001,0.1999999948000001,0.0,0.1999999948000001,0,0,0.4347826086956522,0.12499999984374999
2944836001_b38b516286.jpg,একজন লোক তার হাত দিয়ে একটি <unk> জন্য লাফ দিলো,0.3999999996,0.3636363633057851,0.38095237560090706,0.38095237560090706,0.10526315279778417,0.28571428045351477,0,0,0.5,0.24999999984375
103625356.jpg,একটি শহর কর্মী <unk> ডেকের উপর একটি চলমান <unk> ডেকের উপর একটি চলমান <unk> ডেকের উপর একটি চলমান <unk> ডেকের উপর একটি চলমান <unk> ডেকের উপর একটি চলমান <unk> ডেকের উপর একটি চলমান <unk> ডেকের উপর একটি চলমান <unk> ডেকের,0.07499999998125,0.23076923059171597,0.11320754342470642,0.11320754342470642,0.0,0.11320754342470642,0,0,0.30722891566265065,0.11764705875432525
IMG_9893.JPG,দুইজন লোক দাঁড়িয়ে আছে,0.7499999981250001,0.4285714279591837,0.5454545398347109,0.5454545398347109,0.2222222172839507,0.5454545398347109,0,0,0.4,0.37499999953124996
850.png,অনেকগুলো মানুষ আছে।,0.6666666644444444,0.1999999998,0.3076923036686391,0.3076923036686391,0.0,0.3076923036686391,0,0,0.28,0.1999999998
3488.png,একটি নৌকা ও একটি নৌকা নিয়ে যাচ্ছে।,0.2857142853061225,0.18181818165289254,0.22222221722222232,0.22222221722222232,0.0,0.22222221722222232,0,0,0.4814814814814815,0.14285714275510203
660.png,একটি নৌকায় একজন মানুষ আছে।,0.3999999992,0.3999999992,0.39999999420000004,0.39999999420000004,0.0,0.39999999420000004,0,0,0.5263157894736843,0.24999999968749997
7815.png,একটি মাঠে একজন লোক দৌড়াচ্ছে,0.1999999996,0.249999999375,0.2222222167901236,0.2222222167901236,0.0,0.2222222167901236,0,0,0.3157894736842105,0.124999999921875
3851.png,একটি পার্কে বসে আছে আর তার পাশে একটি <unk>,0.1111111109876543,0.16666666638888888,0.13333332835555572,0.13333332835555572,0.0,0.13333332835555572,0,0,0.23333333333333328,0.07692307686390532
109.png,একটি শিশু আছে।,0.3333333322222222,0.0999999999,0.15384615005917168,0.15384615005917168,0.0,0.15384615005917168,0,0,0.1842105263157895,0.0999999999
4537.png,একজন বাচ্চা মেয়ে বসে আছে।,0.3999999992,0.24999999968749997,0.3076923024852071,0.3076923024852071,0.0,0.3076923024852071,0,0,0.40740740740740744,0.18181818165289254
1280147517_98767ca3b3.jpg,একটি নৌকার সাথে পানিতে ডুবে গেছে,0.49999999916666665,0.3333333329629629,0.3999999946666667,0.3999999946666667,0.15384614887573977,0.3999999946666667,0,0,0.5,0.24999999979166665
2584487952_f70e5aa9bf.jpg,ঘাসের মধ্যে একটি বাদামী এবং সাদা কুকুর ঘাসের মধ্যে দিয়ে হাঁটছে।,0.3636363633057851,0.49999999937499995,0.42105262626038775,0.42105262626038775,0.23529411252595167,0.42105262626038775,0,0,0.44999999999999996,0.30769230745562126
3411393875_a9ff73c67a.jpg,কালো গেঞ্জি পড়া এক মেয়ে কালো জামা পরেছে,0.24999999968749997,0.14285714275510203,0.1818181770247935,0.1818181770247935,0.0,0.1818181770247935,0,0,0.36111111111111116,0.10526315783933518
3616525288_9c19223de6.jpg,ঘোড়ার দৌড়ে ঘোড়সওয়ার এবং ঘোড়া রয়েছে,0.16666666638888888,0.249999999375,0.1999999948000001,0.1999999948000001,0.0,0.1999999948000001,0,0,0.41666666666666663,0.1111111109876543
8141.png,একজন নারী দাড়িয়ে আছে।,0.49999999875,0.33333333277777777,0.3999999944,0.3999999944,0.0,0.3999999944,0,0,0.30000000000000004,0.24999999968749997
5240.png,এটি একটি ফুটবল খেলছে।,0.249999999375,0.14285714265306124,0.1818181768595043,0.1818181768595043,0.0,0.1818181768595043,0,0,0.31999999999999995,0.0999999999
6999.png,একটি মোবাইলে দুইজন মানুষ বসে আছে।,0.0,0.0,0.0,0.0,0.0,0.0,0,0,0.26086956521739135,0.0
2553.png,কয়েকজন ছেলে মেয়ে বসে থাকা একটা আহত বাবার সাথে কথা বলছে।,0.09090909082644627,0.08333333326388888,0.08695651667296815,0.08695651667296815,0.0,0.08695651667296815,0,0,0.34693877551020413,0.04761904759637188
_MG_1225.JPG,কয়েকজন মানুষ দাড়িয়ে আছে।,0.0,0.0,0.0,0.0,0.0,0.0,0,0,0.375,0.0
350529848_9569a3bcbc.jpg,দুটি কুকুর একটি বাদামী কুকুর একসাথে ঢেউ ধাক্কা দিচ্ছে,0.4444444439506172,0.3333333330555555,0.38095237569161,0.38095237569161,0.1428571377551022,0.38095237569161,0,0,0.4285714285714286,0.24999999984375
387078972_514a38dc33.jpg,একটি কুকুর একটি বেড়ার উপর লাফ দিচ্ছে ।,0.49999999937499995,0.3636363633057851,0.42105262626038775,0.42105262626038775,0.15384614863905344,0.42105262626038775,0,0,0.5405405405405406,0.21428571413265304
6793.png,একজন বয়স্ক নারী বসে কাজ করছে একজন মহিলা বসে আছে একজন মহিলা বসে আছে একজন মহিলা বসে আছে একজন মহিলা বসে আছে একজন মহিলা বসে আছে একজন মহিলা বসে আছে একজন মহিলা বসে আছে একজন মহিলা বসে আছে একজন মহিলা,0.02499999999375,0.16666666638888888,0.04347825858223074,0.04347825858223074,0.0,0.04347825858223074,0,0,0.17880794701986757,0.07692307686390532
4903.png,রেল লাইনের পাশে একটি গাড়ি যাচ্ছে।,0.0,0.0,0.0,0.0,0.0,0.0,0,0,0.19047619047619047,0.0
426920445_d07d1fd0f7.jpg,একটি কুকুর একটি ফ্রিসবি ধরার চেষ্টা করছে৷,0.2857142853061225,0.6666666644444444,0.39999999500000005,0.39999999500000005,0.24999999562500003,0.39999999500000005,0,0,0.4411764705882353,0.2857142853061225
3573.png,একটি ব্যানের উপর একটি পাখি উড়ছে।,0.16666666638888888,0.3333333322222222,0.2222222172839507,0.2222222172839507,0.0,0.2222222172839507,0,0,0.36,0.14285714265306124
IMG_2134.JPG,একটি খোলা রেখে একজন মহিলা একটি বাড়ির সামনে দাড়িয়ে আছে যার পিছনে কিছু মানুষ বসে আছে।,0.0624999999609375,0.16666666638888888,0.0909090868595043,0.0909090868595043,0.0,0.0909090868595043,0,0,0.24561403508771928,0.049999999975
6455.png,তিনটি শিশু আছে।,0.3333333322222222,0.3333333322222222,0.33333332722222225,0.33333332722222225,0.0,0.33333332722222225,0,0,0.36363636363636365,0.1999999996
1357724865_4faf4e1418.jpg,একটি রাস্তা দিয়ে একজন মানুষ আছে।,0.33333333277777777,0.2857142853061225,0.3076923022485208,0.3076923022485208,0.0,0.3076923022485208,0,0,0.3846153846153846,0.18181818165289254
4750.png,দূরে পাহাড় দেখা যাচ্ছে।,0.249999999375,0.12499999984374999,0.16666666194444454,0.16666666194444454,0.0,0.16666666194444454,0,0,0.2692307692307693,0.09090909082644627
IMG_8186.JPG,মহিলা টি শাড়ি পরে আছে,0.9999999980000001,0.8333333319444445,0.909090902479339,0.909090902479339,0.4999999937500001,0.615384609704142,0,0,0.5238095238095238,0.8333333319444445
4311.png,৩ জন মানুষ একটি বাড়ির সামনে বসে আছে।,0.37499999953124996,0.4285714279591837,0.3999999944888889,0.3999999944888889,0.3076923022485208,0.3999999944888889,0,0,0.6153846153846154,0.24999999979166665
2923497185_c64004ff2d.jpg,কুকুরটি ঘাসযুক্ত জায়গায় লাফ দিলো,0.1999999996,0.09090909082644627,0.12499999554687513,0.12499999554687513,0.0,0.12499999554687513,0,0,0.2564102564102564,0.06666666662222222
3255732353_fbc487aefc.jpg,একটি তুষার মধ্যে দুইজন শিশু,0.3999999992,0.13333333324444444,0.19999999605000005,0.19999999605000005,0.0,0.1818181765289258,0,0,0.36363636363636365,0.13333333324444444
2056377805_e9a9b3bcf0.jpg,চারজন মহিলা সমুদ্রের ধারে একটি নৌকার পিছন থেকে সমুদ্রের ধারে একটি নৌকার পিছন থেকে সমুদ্রের ধারে একটি নৌকার পিছন থেকে সমুদ্রের ধারে একটি নৌকার পিছন থেকে সমুদ্রের ধারে একটি নৌকার পিছন থেকে সমুদ্রের ধারে একটি নৌকার পিছন থেকে সমুদ্রের ধারে,0.0499999999875,0.15384615372781063,0.07547169438234266,0.07547169438234266,0.03921568266051552,0.07547169438234266,0,0,0.21739130434782605,0.10526315783933518
3432730942_4dc4685277.jpg,একটি <unk> একটি <unk> একটি <unk> একটি <unk> একটি <unk> একটি <unk> একটি <unk> একটি <unk> একটি <unk> একটি <unk> একটি <unk> একটি <unk> একটি <unk> একটি <unk> একটি <unk> একটি <unk> একটি <unk> একটি <unk> একটি <unk> একটি <unk>,0.02499999999375,0.12499999984374999,0.04166666387152797,0.04166666387152797,0.0,0.04166666387152797,0,0,0.08176100628930816,0.1111111109876543
3046.png,একজন পুরুষ খালি গায়ে রং মেখে আছে।,0.2857142853061225,0.49999999875,0.36363635834710756,0.36363635834710756,0.2222222172839507,0.36363635834710756,0,0,0.5454545454545454,0.2222222219753086
1431.png,একটি শিশু একটি <unk> বারান্দা থেকে বের হচ্ছে,0.24999999968749997,0.14285714275510203,0.1818181770247935,0.1818181770247935,0.0,0.1818181770247935,0,0,0.2592592592592593,0.07692307686390532
8753.png,একজন মানুষ দাড়িয়ে আছে।,0.249999999375,0.1999999996,0.2222222167901236,0.2222222167901236,0.0,0.2222222167901236,0,0,0.55,0.12499999984374999
2868.png,একটি শিশু আছে।,0.9999999966666667,0.9999999966666667,0.9999999916666666,0.9999999916666666,0.9999999900000001,0.9999999916666666,1,1,1.0,0.9999999966666667
3536561454_e75993d903.jpg,একজন লোক তার বাইক ফ্লিপ করছে,0.33333333277777777,0.13333333324444444,0.19047618621315202,0.19047618621315202,0.0,0.19047618621315202,0,0,0.4,0.13333333324444444
418357172_bdddf71d32.jpg,বালির মধ্যে একটি কুকুর দৌড়াচ্ছে,0.5999999988,0.5999999988,0.5999999938,0.5999999938,0.4999999937500001,0.5999999938,0,0,0.7142857142857143,0.4285714279591837
5711.png,একটি পুরাতন পাথরের <unk> <unk> <unk> <unk> <unk> <unk>,0.1111111109876543,0.07692307686390532,0.09090908599173579,0.09090908599173579,0.0,0.09090908599173579,0,0,0.26530612244897955,0.0624999999609375
3442622076_c3abe955e5.jpg,পার্টিতে কয়েকজন লোক দাঁড়িয়ে ছবি তুলছে,0.16666666638888888,0.0999999999,0.12499999515625017,0.12499999515625017,0.0,0.12499999515625017,0,0,0.30000000000000004,0.06666666662222222
2614.png,একজন লোক রাস্তা দিয়ে হেটে যাচ্ছে।,0.16666666638888888,0.12499999984374999,0.1428571377551022,0.1428571377551022,0.0,0.1428571377551022,0,0,0.43333333333333335,0.08333333326388888
Girl_with_Smile_-_Sylhet_-_Bangladesh_(13008203954).jpg,একজন বাচ্চা মেয়ে গালে হাত দিয়ে চেয়ে আছেন।,0.12499999984374999,0.16666666638888888,0.1428571377551022,0.1428571377551022,0.0,0.1428571377551022,0,0,0.36363636363636365,0.09090909082644627
1184.png,গাছে কয়েকজন লোক দাঁড়িয়ে আছে।,0.0,0.0,0.0,0.0,0.0,0.0,0,0,0.2777777777777778,0.0
5353.png,একটি <unk> <unk> <unk> মসজিদ।,0.3999999992,0.999999995,0.5714285657142857,0.5714285657142857,0.0,0.5714285657142857,0,0,0.4,0.6666666644444444
3879.png,একটি শিশু আছে।,0.6666666644444444,0.2222222219753086,0.3333333290277778,0.3333333290277778,0.0,0.3333333290277778,0,0,0.46153846153846156,0.24999999968749997
3173215794_6bdd1f72d4.jpg,একটি বিশাল <unk> একটি <unk> <unk> <unk> <unk> <unk> <unk> <unk> <unk> <unk> <unk> <unk> <unk> <unk> <unk> <unk> <unk> <unk> <unk> <unk> <unk> <unk> <unk> <unk> <unk> <unk> <unk> <unk> <unk> <unk> <unk> <unk> <unk> <unk> <unk> <unk> <unk>,0.02499999999375,0.14285714265306124,0.04255318893617037,0.04255318893617037,0.0,0.04255318893617037,0,0,0.08176100628930816,0.1111111109876543
6344.png,একজন ছোট ছেলে রং মেখে বসে চেয়ে আছেন।,0.37499999953124996,0.5999999988,0.46153845609467453,0.46153845609467453,0.1818181768595043,0.46153845609467453,0,0,0.56,0.29999999969999996
2860202109_97b2b22652.jpg,চশমা পরিহিত একজন মহিলা একটি সাদা শার্ট পরে আছে,0.5555555549382716,0.45454545413223135,0.49999999455000005,0.49999999455000005,0.13333332817777796,0.39999999464999997,0,0,0.5263157894736843,0.3333333331111111
3976.png,নদীতে কিছু মানুষ নিয়ে যাচ্ছে।,0.3999999992,0.2222222219753086,0.2857142807142858,0.2857142807142858,0.0,0.2857142807142858,0,0,0.4482758620689655,0.16666666652777776
3555573680_41c1540a86.jpg,একটি ছেলে নৌকায় চড়ে বসেছে,0.1999999996,0.12499999984374999,0.15384614887573977,0.15384614887573977,0.0,0.15384614887573977,0,0,0.3666666666666667,0.09090909082644627
1459250022_bf1eddad11.jpg,একজন মহিলা একটি সাদা রঙের শার্ট পরা লোক একটি <unk> <unk> <unk> <unk> <unk> <unk> <unk> <unk> <unk> <unk> <unk> <unk> <unk> <unk> <unk> <unk> <unk> <unk> <unk> <unk> <unk> <unk> <unk> <unk> <unk> <unk> <unk> <unk> <unk> <unk> <unk>,0.0499999999875,0.49999999875,0.09090908921487605,0.09090908921487605,0.0476190462698413,0.09090908921487605,0,0,0.07643312101910826,0.18181818165289254
930.png,ধান ক্ষেতের মাঝ দিয়ে ধান ক্ষেতের মাঝ দিয়ে ধান ক্ষেতের মাঝ দিয়ে ধান ক্ষেতের মাঝ দিয়ে ধান ক্ষেতের মাঝ দিয়ে ধান ক্ষেতের মাঝ দিয়ে ধান ক্ষেতের মাঝ দিয়ে ধান ক্ষেতের মাঝ দিয়ে ধান ক্ষেতের মাঝ দিয়ে ধান ক্ষেতের মাঝ দিয়ে,0.02499999999375,0.12499999984374999,0.04166666387152797,0.04166666387152797,0.0,0.04166666387152797,0,0,0.15107913669064743,0.09090909082644627
2996.png,দুইজন পুরুষ আছে।,0.6666666644444444,0.49999999875,0.5714285648979592,0.5714285648979592,0.39999999360000005,0.5714285648979592,0,0,0.5625,0.3999999992
416106657_cab2a107a5.jpg,একটি কুকুর একটি লাঠি নিয়ে চলেছে।,0.33333333277777777,0.6666666644444444,0.44444443901234576,0.44444443901234576,0.28571428081632655,0.44444443901234576,0,0,0.5714285714285714,0.33333333277777777
20201222_134354.jpg,একটি লোক কালো প্যান্ট পরে বসে আছে।,0.14285714265306124,0.14285714265306124,0.14285713765306143,0.14285713765306143,0.0,0.14285713765306143,0,0,0.64,0.07692307686390532
292780636_72e1968949.jpg,একটি টুপি এবং টুপি এবং টুপি এবং টুপি এবং টুপি এবং টুপি এবং টুপি এবং টুপি এবং টুপি এবং টুপি এবং টুপি এবং টুপি এবং টুপি এবং টুপি এবং টুপি এবং টুপি এবং টুপি এবং টুপি এবং টুপি এবং টুপি,0.0499999999875,0.16666666652777776,0.07692307334319543,0.07692307334319543,0.03999999655200029,0.07692307334319543,0,0,0.20833333333333337,0.15384615372781063
254901702_67ada9867c.jpg,একজন পুরুষ বসে আছে যার পিছনে এলোমেলো দাড়িয়ে আছে যার পিছনে এলোমেলো দাড়িয়ে আছে যার পিছনে এলোমেলো দাড়িয়ে আছে যার পিছনে এলোমেলো দাড়িয়ে আছে যার পিছনে এলোমেলো দাড়িয়ে আছে যার পিছনে এলোমেলো দাড়িয়ে আছে যার পিছনে এলোমেলো দাড়িয়ে আছে যার,0.02499999999375,0.1999999996,0.0444444424493828,0.0444444424493828,0.0,0.0444444424493828,0,0,0.15333333333333332,0.08333333326388888
3187395715_f2940c2b72.jpg,বাচ্চারা দৌড়াচ্ছে,0.0,0.0,0.0,0.0,0.0,0.0,0,0,0.23529411764705888,0.0
3016708786_3591106cca.jpg,একটি ছোট ছেলে একটি ছোট ছেলে এবং একজন মহিলা একটি ছোট ছেলে এবং একজন মহিলা একটি ছোট ছেলে এবং একজন মহিলা একটি ছোট ছেলে এবং একজন মহিলা একটি ছোট ছেলে এবং একজন মহিলা একটি ছোট ছেলে এবং একজন মহিলা একটি,0.0499999999875,0.18181818165289254,0.07843136913494825,0.07843136913494825,0.0,0.07843136913494825,0,0,0.17931034482758623,0.13333333324444444
2608289957_044849f73e.jpg,একটি শিশু আছে।,0.3333333322222222,0.12499999984374999,0.18181817752066123,0.18181817752066123,0.0,0.18181817752066123,0,0,0.2592592592592593,0.1111111109876543
1146.png,কিছু ছোট ছোট ছোট ছোট ছোট ছোট ছোট ছোট ছোট ছোট ছোট ছোট ছোট ছোট ছোট ছোট ছোট ছোট ছোট ছোট ছোট ছোট ছোট ছোট ছোট ছোট ছোট ছোট ছোট ছোট ছোট ছোট ছোট ছোট ছোট ছোট ছোট ছোট ছোট,0.0,0.0,0.0,0.0,0.0,0.0,0,0,0.09243697478991597,0.0
3044536048_e615466e7f.jpg,একটি <unk> একটি কুকুর পানিতে চলছে,0.49999999916666665,0.29999999969999996,0.37499999484375,0.37499999484375,0.1818181765289258,0.3076923022485208,0,0,0.5384615384615384,0.1999999998
347250381_1407041270060310_3300822586950256229_n.jpg,একটি চাকা এবং একটি সাইকেল চালাচ্ছে।,0.16666666638888888,0.249999999375,0.1999999948000001,0.1999999948000001,0.0,0.1999999948000001,0,0,0.46153846153846156,0.12499999984374999
47.JPG,একজন লোক হাতে একটি বিল্ডিং এর কাজ করছে,0.12499999984374999,0.249999999375,0.16666666194444454,0.16666666194444454,0.0,0.16666666194444454,0,0,0.3214285714285714,0.09090909082644627
3150252702_828a570d46.jpg,একজন লোক একটি পর্বতের চূড়ায় বরফাবৃত পাহাড়ের উপরে উঠে যায়।,0.1999999998,0.2857142853061225,0.23529411252595167,0.23529411252595167,0.11764705370242234,0.23529411252595167,0,0,0.5,0.13333333324444444
5035.png,পাহাড় দিয়ে একটি ঝর্ণা আছে।,0.3999999992,0.3999999992,0.39999999420000004,0.39999999420000004,0.0,0.39999999420000004,0,0,0.33333333333333337,0.24999999968749997
2930580341_d36eec8e3c.jpg,এক ছোট ছেলে একটি সুইমিং পুলে ঝাঁপিয়ে পড়ছে,0.37499999953124996,0.1874999998828125,0.24999999534722225,0.24999999534722225,0.0,0.16666666208333344,0,0,0.32432432432432434,0.149999999925
IMG_0018.JPG,একটা মহিলা বসে আছে,0.9999999975,0.9999999975,0.9999999925,0.9999999925,0.9999999916666666,0.9999999925,1,1,1.0,0.9999999975
2958.png,একটি লোক <unk> <unk> <unk> <unk> <unk> <unk> <unk> <unk> <unk> <unk> <unk> <unk> <unk> <unk> <unk> <unk> <unk> <unk> <unk> <unk> <unk> <unk> <unk> <unk> <unk> <unk> <unk> <unk> <unk> <unk> <unk> <unk> <unk> <unk> <unk> <unk> <unk> <unk>,0.02499999999375,0.09090909082644627,0.03921568287581729,0.03921568287581729,0.0,0.03921568287581729,0,0,0.09493670886075944,0.07692307686390532
4301.png,একটি জানালার পাশে দুইজন নারী আছে।,0.33333333277777777,0.33333333277777777,0.3333333277777778,0.3333333277777778,0.0,0.3333333277777778,0,0,0.5454545454545454,0.1999999998
6051.png,একটি শিশু আছে।,0.6666666644444444,0.1999999998,0.3076923036686391,0.3076923036686391,0.1818181785123967,0.3076923036686391,0,0,0.2222222222222222,0.18181818165289254
2396669903_5217a83641.jpg,একজন লোক একটি রাস্তার পাশে দাঁড়িয়ে আছে।,0.2857142853061225,0.18181818165289254,0.22222221722222232,0.22222221722222232,0.0,0.22222221722222232,0,0,0.34545454545454546,0.124999999921875
1287064529_aa4e4f3c31.jpg,একটি কুকুর একটি <unk>,0.7499999981250001,0.3333333329629629,0.4615384565680474,0.4615384565680474,0.18181817752066123,0.33333332833333335,0,0,0.2857142857142857,0.3333333329629629
5906.png,দুটি মেয়ে শিশু কোলে নিয়ে দাড়িয়ে তাকিয়ে হাসছে।,0.24999999968749997,0.49999999875,0.33333332833333335,0.33333332833333335,0.1999999954000001,0.33333332833333335,0,0,0.3214285714285714,0.1999999998
5270.png,ভবন দেখা যাচ্ছে।,0.9999999966666667,0.7499999981250001,0.8571428497959185,0.8571428497959185,0.799999992,0.8571428497959185,0,0,0.6666666666666667,0.7499999981250001
989851184_9ef368e520.jpg,একটি কালো কুকুর আহত কাদা থেকে ফ্রিসবি নিয়ে খেলছে যখন হলুদ রঙের একটি ছোট্ট কুকুর একটি কালো রঙের একটি কালো রঙের একটি কালো রঙের একটি কালো রঙের একটি কালো রঙের একটি কালো রঙের একটি কালো রঙের একটি কালো রঙের একটি,0.12499999996875,0.3846153843195266,0.188679241509434,0.188679241509434,0.0851063801177004,0.188679241509434,0,0,0.20270270270270274,0.1764705881314879
436009777_440c7679a1.jpg,এক পরিবার <unk> বসে আছে,0.5999999988,0.29999999969999996,0.39999999502222217,0.39999999502222217,0.1818181768595043,0.39999999502222217,0,0,0.3870967741935484,0.29999999969999996
3529.png,৪ জন ছেলে দাড়িয়ে আছে।,0.7999999984,0.28571428551020406,0.4210526272576178,0.4210526272576178,0.2499999943750001,0.4210526272576178,0,0,0.5,0.28571428551020406
3354489242_dd529ffa1f.jpg,গোলের সামনে গোলরক্ষক গোলের সামনে বসে আছে,0.14285714265306124,0.0999999999,0.11764705384083066,0.11764705384083066,0.0,0.11764705384083066,0,0,0.2702702702702703,0.07142857137755101
309430053_cc58bcc36a.jpg,একটি নৌকায় দুইজন মানুষ আছে।,0.1999999996,0.249999999375,0.2222222167901236,0.2222222167901236,0.0,0.2222222167901236,0,0,0.4736842105263158,0.12499999984374999
1201.png,অনেকগুলো নারী আছে।,0.9999999966666667,0.4285714279591837,0.5999999946000001,0.5999999946000001,0.24999999562500003,0.5999999946000001,0,0,0.43999999999999995,0.4285714279591837
4827.png,একটি পতাকা খেলনা বিনোদন পার্ক করার দালানের বাইরে দাঁড়িয়ে আছে,0.0,0.0,0.0,0.0,0.0,0.0,0,0,0.275,0.0
3055716848_b253324afc.jpg,একজন লোক একটি ডাইভিং বোর্ডের সাহায্যে বাতাসে একটি <unk> একটি <unk> একটি <unk> একটি <unk> একটি <unk> একটি <unk> একটি <unk> একটি <unk> একটি <unk> একটি <unk> একটি <unk> একটি <unk> একটি <unk> একটি <unk> একটি <unk> একটি <unk> একটি,0.0499999999875,0.1999999998,0.07999999676800014,0.07999999676800014,0.04166666360243077,0.07999999676800014,0,0,0.15527950310559002,0.124999999921875
513116697_ad0f4dc800.jpg,একজন লোক একটি তুষারে শুয়ে আছে,0.33333333277777777,0.2222222219753086,0.2666666615111111,0.2666666615111111,0.0,0.2666666615111111,0,0,0.4871794871794872,0.15384615372781063
567.png,একজন পুরুষ দাড়িয়ে আছে।,0.7499999981250001,0.37499999953124996,0.49999999472222234,0.49999999472222234,0.1999999954000001,0.49999999472222234,0,0,0.4666666666666667,0.3333333329629629
5947.png,এক বালক রাস্তায় হাঁটছে।,0.0,0.0,0.0,0.0,0.0,0.0,0,0,0.33333333333333337,0.0
6278.png,একটি শিশু আছে।,0.6666666644444444,0.6666666644444444,0.6666666594444445,0.6666666594444445,0.0,0.6666666594444445,0,0,0.7777777777777778,0.49999999875
IMG_20220916_181034.jpg,একটি লোক একটি কারখানায় কাজ করছে।,0.33333333277777777,0.3999999992,0.36363635801652905,0.36363635801652905,0.2222222167901236,0.36363635801652905,0,0,0.5652173913043479,0.24999999968749997
2201951969_0d7520d648.jpg,একটি ছেলে পানি নিয়ে সমুদ্রে পানি ছিটাচ্ছে।,0.14285714265306124,0.16666666638888888,0.15384614863905344,0.15384614863905344,0.0,0.15384614863905344,0,0,0.28,0.09090909082644627
7762.png,একজন পুরুষ বসে কাজ করছে।,0.5999999988,0.149999999925,0.239999996608,0.239999996608,0.1249999960937501,0.239999996608,0,0,0.30612244897959184,0.15789473675900276
3626964430_cb5c7e5acc.jpg,একজন বালক বল নিয়ে দাড়িয়ে আছে।,0.0,0.0,0.0,0.0,0.0,0.0,0,0,0.38095238095238093,0.0
1030985833.jpg,একটি কালো কুকুর একটি খেলনা ধরতে চেষ্টা করছে,0.7499999990624999,0.46153846118343195,0.5714285661678005,0.5714285661678005,0.42105262648199443,0.5714285661678005,0,0,0.5208333333333333,0.41666666631944443
6470.png,একটি লোক মাথায় কাপড় পরে আছে।,0.16666666638888888,0.1999999996,0.1818181765289258,0.1818181765289258,0.0,0.1818181765289258,0,0,0.4,0.0999999999
1286.png,১ জন স্কুল ছাত্রী একটি শিশু কোলে নিয়ে আছে।,0.4444444439506172,0.21052631567867036,0.2857142811479592,0.2857142811479592,0.0,0.2857142811479592,0,0,0.32258064516129037,0.18181818173553718
6822.png,৪ জন মহিলা একটি পুরনো বাড়ির সামনে দাড়িয়ে আছে যার একজন মহিলা একা বসে আছেন।,0.26666666648888887,0.3999999996,0.319999994944,0.319999994944,0.17391303856332715,0.319999994944,0,0,0.4716981132075472,0.1999999999
1092.png,মেয়ে টির চুল কালো রঙ এর ভিতরে,0.4285714279591837,0.2727272724793388,0.33333332820987654,0.33333332820987654,0.0,0.22222221722222232,0,0,0.33333333333333337,0.19999999986666667
294549892_babb130543.jpg,তিনজন লোক পাহাড়ের পাদদেশে বসে ঘাসের মাঠে বসে পাহাড়ের পাদদেশে বসে ঘাসের মাঠে বসে পাহাড়ের পাদদেশে বসে ঘাসের মাঠে বসে পাহাড়ের পাদদেশে বসে ঘাসের মাঠে বসে পাহাড়ের পাদদেশে বসে ঘাসের মাঠে বসে পাহাড়ের পাদদেশে বসে ঘাসের মাঠে বসে পাহাড়ের পাদদেশে,0.07499999998125,0.4285714279591837,0.12765957187867819,0.12765957187867819,0.04444444211358036,0.12765957187867819,0,0,0.16774193548387095,0.2727272724793388
6140.png,একটি শিশু তাকিয়ে আছে।,0.49999999875,0.49999999875,0.4999999937500001,0.4999999937500001,0.33333332722222225,0.4999999937500001,0,0,0.6666666666666667,0.33333333277777777
3724.png,পানিতে একজন পুরুষ আছে।,0.249999999375,0.1999999996,0.2222222167901236,0.2222222167901236,0.0,0.2222222167901236,0,0,0.4736842105263158,0.12499999984374999
5346.png,সমুদ্রের পারে একজন লোক দাঁড়িয়ে আছে,0.0,0.0,0.0,0.0,0.0,0.0,0,0,0.3913043478260869,0.0
3630991662_990f397f7c.jpg,একজন লোক সমুদ্রের ধারে একটি সৈকতে জলের ধারে দাঁড়িয়ে আছে,0.1999999998,0.24999999968749997,0.22222221703703712,0.22222221703703712,0.12499999492187522,0.22222221703703712,0,0,0.4545454545454546,0.13333333324444444
3741462565_cc35966b7a.jpg,একটি শিশু আছে।,0.3333333322222222,0.1999999996,0.24999999468750006,0.24999999468750006,0.0,0.24999999468750006,0,0,0.4666666666666667,0.14285714265306124
3692593096_fbaea67476.jpg,একজন লোক সবুজ রঙের <unk> থেকে দৌড়ে যাচ্ছে,0.24999999968749997,0.2222222219753086,0.23529411238754333,0.23529411238754333,0.0,0.12499999484375018,0,0,0.4117647058823529,0.13333333324444444
408748500_e8dc8c0c4f.jpg,একটি শিশু হাসছে,0.6666666644444444,0.24999999968749997,0.36363635900826446,0.36363635900826446,0.22222221827160496,0.36363635900826446,0,0,0.2962962962962963,0.2222222219753086
3257277774_aba333a94c.jpg,একটি সাদা কুকুর বরফের মধ্য দিয়ে চলছে,0.4285714279591837,0.49999999916666665,0.4615384558579882,0.4615384558579882,0.15384614863905344,0.3999999944888889,0,0,0.48275862068965514,0.29999999969999996
3358380484_b99b48f0c9.jpg,একটি বাদামী কুকুর একটি লাঠি ধরে আছে,0.4285714279591837,0.5999999988,0.4999999943055557,0.4999999943055557,0.1999999948000001,0.4999999943055557,0,0,0.5,0.37499999953124996
5345.png,সামনে দিয়ে বসে আছে,0.49999999875,0.15384615372781063,0.2352941137716263,0.2352941137716263,0.1333333299555556,0.2352941137716263,0,0,0.44999999999999996,0.14285714275510203
2448793019_5881c025f9.jpg,একটি শিশু একটি নীল রঙের স্লাইডে আরোহন করে,0.24999999968749997,0.2222222219753086,0.23529411238754333,0.23529411238754333,0.13333332817777796,0.23529411238754333,0,0,0.41666666666666663,0.15384615372781063
7289.png,সমুদ্রের পারে কয়েকজন মানুষ আছে।,0.3999999992,0.6666666644444444,0.49999999406250006,0.49999999406250006,0.33333332777777785,0.49999999406250006,0,0,0.47619047619047616,0.33333333277777777
4954.png,রাস্তা দিয়ে কয়েকজন মানুষ আছে।,0.1999999996,0.12499999984374999,0.15384614887573977,0.15384614887573977,0.0,0.15384614887573977,0,0,0.2222222222222222,0.08333333326388888
4705.png,একজন পুরুষ বসে আছে।,0.249999999375,0.14285714265306124,0.1818181768595043,0.1818181768595043,0.0,0.1818181768595043,0,0,0.2857142857142857,0.1111111109876543
2712.png,ঘাসে একটি সাদা এবং সাদা এবং সাদা এবং সাদা এবং সাদা এবং সাদা এবং সাদা এবং সাদা এবং সাদা এবং সাদা এবং সাদা এবং সাদা এবং সাদা এবং সাদা এবং সাদা এবং সাদা এবং সাদা এবং সাদা এবং সাদা এবং,0.07499999998125,0.14285714278911565,0.09836065119054037,0.09836065119054037,0.0,0.09836065119054037,0,0,0.2833333333333333,0.1111111109876543
4546.png,একটি শিশু আছে।,0.3333333322222222,0.16666666638888888,0.2222222172839507,0.2222222172839507,0.0,0.2222222172839507,0,0,0.2857142857142857,0.12499999984374999
4739.png,একটি <unk> <unk> <unk> <unk> <unk> <unk> <unk> <unk> <unk> <unk> <unk> <unk> <unk> <unk> <unk> <unk> <unk> <unk> <unk> <unk> <unk> <unk> <unk> <unk> <unk> <unk> <unk> <unk> <unk> <unk> <unk> <unk> <unk> <unk> <unk> <unk> <unk> <unk> <unk>,0.07499999998125,0.37499999953124996,0.12499999717013895,0.12499999717013895,0.0,0.12499999717013895,0,0,0.10062893081761004,0.2857142853061225
3258391809_38fc6211f7.jpg,এক ব্যাক্তি তার নীল শার্ট পরা একজন তার নীল শার্ট পরা একজন তার নীল শার্ট পরা একজন তার নীল শার্ট পরা একজন তার নীল শার্ট পরা একজন তার নীল শার্ট পরা একজন তার নীল শার্ট পরা একজন তার নীল শার্ট,0.0499999999875,0.2222222219753086,0.08163265002915464,0.08163265002915464,0.0,0.08163265002915464,0,0,0.19580419580419584,0.07142857137755101
111.png,সমুদ্রের পাড়ে একজন মানুষ হেঁটে যাচ্ছে।,0.16666666638888888,0.249999999375,0.1999999948000001,0.1999999948000001,0.0,0.1999999948000001,0,0,0.33333333333333337,0.1111111109876543
2831672255_d779807c14.jpg,একটি কুকুর লাল সাদা বেড়ার উপর দিয়ে লাফ দিচ্ছে,0.2222222219753086,0.2857142853061225,0.24999999476562512,0.24999999476562512,0.1428571377551022,0.24999999476562512,0,0,0.4838709677419355,0.14285714275510203
2214.png,একজন লোক একটি ড্রাম <unk>,0.1999999996,0.1111111109876543,0.14285713806122466,0.14285713806122466,0.0,0.14285713806122466,0,0,0.36363636363636365,0.08333333326388888
8658.png,একজন পুরুষ মানুষ বসে কাজ করছে।,0.33333333277777777,0.2857142853061225,0.3076923022485208,0.3076923022485208,0.0,0.3076923022485208,0,0,0.5,0.18181818165289254
2473791980_805c819bd4.jpg,একজন লোক পানিতে স্কি করছে,0.5999999988,0.5999999988,0.5999999938,0.5999999938,0.1999999948000001,0.5999999938,0,0,0.75,0.4285714279591837
6918.png,একটি বানর আছে।,0.9999999966666667,0.4285714279591837,0.5999999946000001,0.5999999946000001,0.24999999562500003,0.5999999946000001,0,0,0.4347826086956522,0.4285714279591837
1282.png,একজন পুরুষ রাস্তার পাশে দোকানের সামনে রাস্তার পাশে টা দেখছে।,0.29999999969999996,0.21428571413265304,0.24999999493055564,0.24999999493055564,0.09090908599173579,0.1666666616666668,0,0,0.36,0.1764705881314879
3326454455_960e5442e9.jpg,একজন খেলোয়াড়ের মাথার ওপর সবুজ জামা পরা একজন খেলোয়াড়ের মাথার ওপর সবুজ জামা পরা একজন খেলোয়াড়ের মাথার ওপর সবুজ জামা পরা একজন খেলোয়াড়ের মাথার ওপর সবুজ জামা পরা একজন খেলোয়াড়ের মাথার ওপর সবুজ জামা পরা একজন খেলোয়াড়ের মাথার ওপর সবুজ,0.0499999999875,0.13333333324444444,0.0727272687338845,0.0727272687338845,0.0,0.0727272687338845,0,0,0.22754491017964074,0.09999999995
813.png,কয়েকজন মানুষ আছে।,0.3333333322222222,0.1999999996,0.24999999468750006,0.24999999468750006,0.0,0.24999999468750006,0,0,0.23529411764705888,0.14285714265306124
3624076529_9793655a21.jpg,একটি কুকুর মুখে নিয়ে একটি কুকুর দৌড়াচ্ছে,0.571428570612245,0.571428570612245,0.5714285656122451,0.5714285656122451,0.3333333277777778,0.5714285656122451,0,0,0.6153846153846154,0.49999999937499995
3208188198_2b271d2a2e.jpg,এক মেয়ে রাস্তায় শুয়ে আছে,0.1999999996,0.249999999375,0.2222222167901236,0.2222222167901236,0.0,0.2222222167901236,0,0,0.5882352941176471,0.12499999984374999
1112.png,ফসলের ক্ষেতে একজন বৃদ্ধ লোক কাজ করছে।,0.4285714279591837,0.3333333329629629,0.374999994609375,0.374999994609375,0.1428571377551022,0.374999994609375,0,0,0.25,0.24999999979166665
3256272547_5ae6c66293.jpg,আগুন জ্বলছে এবং আগুন জ্বলছে। কয়েকজন মানুষ আগুন লাগা <unk> আগুন জ্বলছে এবং তার পাশে আগুন জ্বলছে এবং আগুন জ্বলছে। কয়েকজন মানুষ আগুন লাগা <unk> আগুন জ্বলছে এবং তার পাশে আগুন জ্বলছে এবং আগুন জ্বলছে। কয়েকজন মানুষ আগুন লাগা <unk>,0.02499999999375,0.1999999996,0.0444444424493828,0.0444444424493828,0.0,0.0444444424493828,0,0,0.17391304347826086,0.07142857137755101
3049.png,একজন পুরুষ আছে।,0.6666666644444444,0.49999999875,0.5714285648979592,0.5714285648979592,0.39999999360000005,0.5714285648979592,0,0,0.6666666666666667,0.3999999992
3090386315_87ed417814.jpg,মুখে হলুদ রঙের কুকুর দৌড়াচ্ছে,0.3999999992,0.33333333277777777,0.36363635801652905,0.36363635801652905,0.1999999948000001,0.36363635801652905,0,0,0.5263157894736843,0.2222222219753086
135.png,একজন পুরুষ হেঁটে যাচ্ছে।,0.249999999375,0.16666666638888888,0.1999999948000001,0.1999999948000001,0.0,0.1999999948000001,0,0,0.2272727272727273,0.1111111109876543
7890.png,লাল জ্যাকেট এবং হেলমেট পড়া এক লোক একটি দড়ি ধরে আছে,0.0,0.0,0.0,0.0,0.0,0.0,0,0,0.16216216216216217,0.0
3242088278_43eea5d17e.jpg,একটি কুকুর জলের উপরে রয়েছে।,0.1999999996,0.249999999375,0.2222222167901236,0.2222222167901236,0.0,0.2222222167901236,0,0,0.5,0.12499999984374999
77.png,নদীর পাড়ে অনেক নৌকা বাধা আছে অনেক লঞ্ছ থেমে আছে।,0.0999999999,0.1999999996,0.13333332871111125,0.13333332871111125,0.0,0.13333332871111125,0,0,0.2727272727272727,0.07692307686390532
3721881082_afe9fc734e.jpg,একটি টেবিলে একটি ভবনের সামনের উঠোনে বসে বসে আছে।,0.3333333329629629,0.29999999969999996,0.31578946836565097,0.31578946836565097,0.0,0.31578946836565097,0,0,0.5428571428571429,0.21428571413265304
2460.png,একজন বসে আছে যার গেঞ্জি পরা লোক দাড়িয়ে আছে যার গেঞ্জি পরা লোক দাড়িয়ে আছে যার গেঞ্জি পরা লোক দাড়িয়ে আছে যার গেঞ্জি পরা লোক দাড়িয়ে আছে যার গেঞ্জি পরা লোক দাড়িয়ে আছে যার গেঞ্জি পরা লোক দাড়িয়ে আছে যার,0.0499999999875,0.1111111110493827,0.06896551293698006,0.06896551293698006,0.0,0.06896551293698006,0,0,0.27819548872180455,0.09999999995
4042.png,একজন লোক <unk> <unk> <unk> <unk> <unk> <unk> <unk> <unk> <unk> <unk> <unk> <unk> <unk> <unk> <unk> <unk> <unk> <unk> <unk> <unk> <unk> <unk> <unk> <unk> <unk> <unk> <unk> <unk> <unk> <unk> <unk> <unk> <unk> <unk> <unk> <unk> <unk> <unk>,0.02499999999375,0.249999999375,0.04545454378099179,0.04545454378099179,0.0,0.04545454378099179,0,0,0.05660377358490565,0.16666666638888888
4770.png,চশমা পরিহিত একজন লোক একটা টায়ার এর উপর দিয়ে নিচে তাকিয়ে আছে।,0.16666666652777776,0.49999999875,0.2499999959375,0.2499999959375,0.0,0.2499999959375,0,0,0.2272727272727273,0.14285714275510203
233.png,একটি শিশু বাইরে গোসল করছে যার চুল এলোমেলো করে আছে,0.1999999998,0.08695652170132324,0.12121211691460068,0.12121211691460068,0.0,0.12121211691460068,0,0,0.34285714285714286,0.0689655172175981
2565685680_c30972455d.jpg,একটি কালো কুকুর পানিতে দৌড়াচ্ছে,0.5999999988,0.4285714279591837,0.4999999943055557,0.4999999943055557,0.3999999944,0.4999999943055557,0,0,0.5,0.3333333329629629
4001.png,লোকটি তার হাত রেখে দাড়িয়ে আছে,0.16666666638888888,0.12499999984374999,0.1428571377551022,0.1428571377551022,0.0,0.1428571377551022,0,0,0.26315789473684215,0.07692307686390532
496606439_9333831e73.jpg,একজন মহিলা তার মুখে একটি চামচ দিয়ে ছবি তুলছে।,0.2222222219753086,0.49999999875,0.3076923029585799,0.3076923029585799,0.0,0.3076923029585799,0,0,0.375,0.18181818165289254
6927.png,একজন পুরুষ আছে।,0.6666666644444444,0.3999999992,0.49999999406250006,0.49999999406250006,0.33333332777777785,0.49999999406250006,0,0,0.47619047619047616,0.33333333277777777
442594271_2c3dd38483.jpg,সমুদ্রের পারে অনেকগুলো মানুষ সমুদ্র সৈকতে ঢেউয়ের অপেক্ষা করছে।,0.2222222219753086,0.49999999875,0.3076923029585799,0.3076923029585799,0.0,0.24999999476562512,0,0,0.36585365853658536,0.18181818165289254
1564614124_0ee6799935.jpg,একটি মেয়ে হাতে একটি বুদ্বুদ দিয়ে বুদবুদ উড়িয়ে দিচ্ছে।,0.2222222219753086,0.11764705875432525,0.15384614920118356,0.15384614920118356,0.0,0.15384614920118356,0,0,0.38235294117647056,0.07692307686390532
6174.png,সমুদ্রের পারে তিনজন পুরুষ কাজ করছে।,0.16666666638888888,0.1999999996,0.1818181765289258,0.1818181765289258,0.0,0.1818181765289258,0,0,0.375,0.0999999999
4486.png,একটি ট্রেন যাচ্ছে একজন পুরুষ।,0.0,0.0,0.0,0.0,0.0,0.0,0,0,0.2272727272727273,0.0
7693.png,কয়েকজন মানুষ কাজ করছে।,0.49999999875,0.1999999998,0.28571428122448983,0.28571428122448983,0.16666666263888896,0.28571428122448983,0,0,0.2564102564102564,0.16666666652777776
330325191_63e11d9c93.jpg,একজন লোক পাহাড়ের উপর দিয়ে একটি পর্বত এর উপর দিয়ে একটি পর্বত এর উপর দিয়ে একটি পর্বত এর উপর দিয়ে একটি পর্বত এর উপর দিয়ে একটি পর্বত এর উপর দিয়ে একটি পর্বত এর উপর দিয়ে একটি পর্বত এর উপর দিয়ে,0.0499999999875,0.33333333277777777,0.08695651943289232,0.08695651943289232,0.045454543419421574,0.08695651943289232,0,0,0.11842105263157898,0.16666666652777776
4665.png,একটি পুকুর দেখা যাচ্ছে।,0.0,0.0,0.0,0.0,0.0,0.0,0,0,0.3571428571428571,0.0
7942.png,বাজারে বিভিন্ন মানুষ দাড়িয়ে আছে।,0.5999999988,0.7499999981250001,0.6666666602469137,0.6666666602469137,0.0,0.6666666602469137,0,0,0.5263157894736843,0.49999999916666665
1321723162.jpg,একটি কালো প্যান্ট এবং কালো জামা পরা এক মহিলা রাস্তায় বসে আছে,0.08333333326388888,0.12499999984374999,0.09999999510000022,0.09999999510000022,0.0,0.09999999510000022,0,0,0.3902439024390244,0.05555555552469135
7891.png,অনেকগুলো পান আছে।,0.0,0.0,0.0,0.0,0.0,0.0,0,0,0.23529411764705888,0.0
1837.png,একজন নারী দাড়িয়ে আছে। পিছনে কয়েকজন নারী দাড়িয়ে আছে। পিছনে কয়েকজন নারী দাড়িয়ে আছে। পিছনে কয়েকজন নারী দাড়িয়ে আছে। পিছনে কয়েকজন নারী দাড়িয়ে আছে। পিছনে কয়েকজন নারী দাড়িয়ে আছে। পিছনে কয়েকজন নারী দাড়িয়ে আছে। পিছনে কয়েকজন নারী দাড়িয়ে আছে। পিছনে,0.07499999998125,0.37499999953124996,0.12499999717013895,0.12499999717013895,0.043478258270321514,0.12499999717013895,0,0,0.21518987341772156,0.2727272724793388
96420612_feb18fc6c6.jpg,এক ব্যক্তি একটি স্কেটবোর্ডে চড়ে।,0.5999999988,0.2727272724793388,0.374999995234375,0.374999995234375,0.28571428122448983,0.374999995234375,0,0,0.4358974358974359,0.23076923059171597
424416723_19c56cb365.jpg,একটি কুকুর বনের মধ্যে দিয়ে ঘেরা একটি <unk>,0.24999999968749997,0.6666666644444444,0.36363635900826446,0.36363635900826446,0.22222221827160496,0.36363635900826446,0,0,0.34042553191489366,0.24999999968749997
3639684919_cb6fbf5638.jpg,একজন লোক,0.0,0.0,0.0,0.0,0.0,0.0,0,0,0.21739130434782605,0.0
5141.png,রেল লাইনের পাশ দিয়ে একজন লোক দাঁড়িয়ে আছে।,0.12499999984374999,0.09090909082644627,0.10526315290858747,0.10526315290858747,0.0,0.10526315290858747,0,0,0.33333333333333337,0.05882352937716263
1155.png,অনেকগুলো নারী সারিবদ্ধভাবে লাইন এ লাইন হয়ে আছে।,0.37499999953124996,0.4285714279591837,0.3999999944888889,0.3999999944888889,0.0,0.3999999944888889,0,0,0.59375,0.2727272724793388
118309463.jpg,একটি ছেলেদের বেসবল ইউনিফর্ম পরা একটি ছেলে একটি <unk> <unk>,0.3999999996,0.571428570612245,0.4705882298961938,0.4705882298961938,0.2666666615111111,0.4705882298961938,0,0,0.40476190476190477,0.3999999996
1979.png,পানিতে ডুবে যাওয়া গ্রামের মানুষ।,0.0,0.0,0.0,0.0,0.0,0.0,0,0,0.1578947368421053,0.0
6714.png,একজন পুরুষ বসে আছে।,0.49999999875,0.18181818165289254,0.26666666240000003,0.26666666240000003,0.0,0.26666666240000003,0,0,0.375,0.15384615372781063
3467073304_aefe553c4d.jpg,মহিলারা ভলিবল খেলছে,0.6666666644444444,0.49999999875,0.5714285648979592,0.5714285648979592,0.39999999360000005,0.5714285648979592,0,0,0.7333333333333334,0.3999999992
3590593467_be497a6139.jpg,একটি মোটরক্রস রাইডার একটি রেসিং বাইকে চড়ে শূন্যে লাফ দিচ্ছে,0.0999999999,0.14285714265306124,0.11764705384083066,0.11764705384083066,0.0,0.11764705384083066,0,0,0.35,0.07142857137755101
2918.png,কয়েকজন মানুষ দাড়িয়ে আছে।,0.0,0.0,0.0,0.0,0.0,0.0,0,0,0.24242424242424243,0.0
9101.png,রাস্তার দুইপাশে দুইজন পুরুষ আছে।,0.1999999996,0.09090909082644627,0.12499999554687513,0.12499999554687513,0.0,0.12499999554687513,0,0,0.4285714285714286,0.06666666662222222
440190907_bf8b7ba8ef.jpg,মদের দোকানে এক লোক একটি রেস্টুরেন্টের ভিতরে দাঁড়িয়ে আছে।,0.2222222219753086,0.3999999992,0.2857142807142858,0.2857142807142858,0.0,0.15384614934911253,0,0,0.3055555555555556,0.16666666652777776
2531942624_c3c072064e.jpg,একজন লোক বালুতে ছুটছে।,0.249999999375,0.1999999996,0.2222222167901236,0.2222222167901236,0.0,0.2222222167901236,0,0,0.5294117647058824,0.12499999984374999
7851.png,একটি নৌকায় একজন পুরুষ দাড়িয়ে আছে।,0.8333333319444445,0.49999999949999996,0.62499999453125,0.62499999453125,0.2857142807142858,0.4999999946875,0,0,0.4137931034482759,0.49999999949999996
3350260112_fcb47ff6b2.jpg,নদীর পাড়ে অনেক মানুষ আছে।,0.3999999992,0.49999999875,0.4444444385185186,0.4444444385185186,0.28571428000000004,0.4444444385185186,0,0,0.4,0.2857142853061225
530950375_eea665583f.jpg,একদল লোক সাইকেল চালানো হচ্ছে।,0.0,0.0,0.0,0.0,0.0,0.0,0,0,0.4375,0.0
7776.png,একটি শিশু তাকিয়ে আছে।,0.49999999875,0.49999999875,0.4999999937500001,0.4999999937500001,0.33333332722222225,0.4999999937500001,0,0,0.6666666666666667,0.33333333277777777
414.png,একজন পুরুষ বসে আছে।,0.49999999875,0.33333333277777777,0.3999999944,0.3999999944,0.24999999468750006,0.3999999944,0,0,0.4347826086956522,0.24999999968749997
8587.png,একটি ছেলে ব্যাগ নিয়ে বসে আছে আর তার পিছনে গাছ ও একটি গাছের নিচে তাকিয়ে আছে।,0.3124999998046875,0.3571428568877551,0.3333333281333334,0.3333333281333334,0.0,0.3333333281333334,0,0,0.40384615384615385,0.22727272716942148
2699426519_228719b1db.jpg,ঘাসের মধ্যে একটি বাদামী কুকুর ঘাসের উপর দৌড়াচ্ছে,0.7499999990624999,0.5999999993999999,0.6666666609876544,0.6666666609876544,0.374999994609375,0.6666666609876544,0,0,0.5625,0.5454545449586776
6700.png,সূর্যাস্তের সময় একটি নৌকায় কিছু মানুষ।,0.33333333277777777,0.3999999992,0.36363635801652905,0.36363635801652905,0.2222222167901236,0.36363635801652905,0,0,0.28,0.2222222219753086
423066487_07757b2b49.jpg,একজন বৃদ্ধ লোক রান্না করতে সাহায্য খাচ্ছেন,0.14285714265306124,0.16666666638888888,0.15384614863905344,0.15384614863905344,0.0,0.15384614863905344,0,0,0.4482758620689655,0.08333333326388888
8430.png,এটি একটি ভবন।,0.3333333322222222,0.0999999999,0.15384615005917168,0.15384615005917168,0.0,0.15384615005917168,0,0,0.17948717948717952,0.1111111109876543
2842865689_e37256d9ce.jpg,একজন পুরুষ বসে আছে।,0.7499999981250001,0.21428571413265304,0.33333332950617284,0.33333332950617284,0.12499999679687505,0.33333332950617284,0,0,0.37037037037037035,0.23076923059171597
6395.png,একজন নারী আছে।,0.0,0.0,0.0,0.0,0.0,0.0,0,0,0.19999999999999996,0.0
DSC_9075.JPG,একজন পুরুষ এবং ২ জন কালো কোর্ট পরে দাড়িয়ে আছে যার মাঝে একজন মেয়ে দাড়িয়ে আছে যার মাঝে একজন মেয়ে দাড়িয়ে আছে যার মাঝে একজন মেয়ে দাড়িয়ে আছে যার মাঝে একজন মেয়ে দাড়িয়ে আছে যার মাঝে একজন মেয়ে দাড়িয়ে আছে,0.099999999975,0.4444444439506172,0.1632653030570596,0.1632653030570596,0.0851063801177004,0.1224489765431071,0,0,0.16666666666666663,0.2222222220987654
2245.png,কিছু মানুষ দাড়িয়ে আছে।,0.249999999375,0.249999999375,0.2499999943750001,0.2499999943750001,0.0,0.2499999943750001,0,0,0.2857142857142857,0.14285714265306124
516648762_0cff84ea97.jpg,একটি <unk> দোকানে একটি কুকুর মুখে বল নিয়ে একটি <unk> থেকে সরে যায়।,0.23076923059171597,0.37499999953124996,0.2857142807256236,0.2857142807256236,0.1052631531301941,0.2857142807256236,0,0,0.4444444444444444,0.13333333324444444
2372572028_53b76104a9.jpg,লাল হেলমেট পরা একটি ছেলে একটি হলুদ <unk> হেলমেট পরা একটি ছেলে একটি হলুদ <unk> হেলমেট পরা একটি ছেলে একটি হলুদ <unk> হেলমেট পরা একটি ছেলে একটি হলুদ <unk> হেলমেট পরা একটি ছেলে একটি হলুদ <unk> হেলমেট পরা একটি ছেলে,0.07499999998125,0.29999999969999996,0.11999999675200007,0.11999999675200007,0.045454543419421574,0.08695651943289232,0,0,0.17763157894736847,0.21428571413265304
1893.png,একজন শারি পরা মহিলা তার পিছনে কিছু মানুষ হেটে যাচ্ছে যার পিছনে কিছু মানুষ হেটে যাচ্ছে যার পিছনে কিছু মানুষ হেটে যাচ্ছে যার পিছনে কিছু মানুষ হেটে যাচ্ছে যার পিছনে কিছু মানুষ হেটে যাচ্ছে যার পিছনে কিছু মানুষ হেটে যাচ্ছে,0.0499999999875,0.18181818165289254,0.07843136913494825,0.07843136913494825,0.0,0.07843136913494825,0,0,0.2142857142857143,0.09999999995
1309.png,ছয়জন পুরুষ মানুষ আছে।,0.49999999875,0.2222222219753086,0.3076923029585799,0.3076923029585799,0.0,0.3076923029585799,0,0,0.375,0.18181818165289254
IMG_0056.JPG,লোক গুলো দাঁড়িয়ে আছে,0.7499999981250001,0.37499999953124996,0.49999999472222234,0.49999999472222234,0.1999999954000001,0.49999999472222234,0,0,0.5833333333333333,0.3333333329629629
707941195_4386109029.jpg,কালো কুকুরটি পানি ছিটানো পানির দিকে তাকিয়ে আছে।,0.24999999968749997,0.3999999992,0.3076923024852071,0.3076923024852071,0.1818181768595043,0.3076923024852071,0,0,0.5,0.18181818165289254
IMG_2503.JPG,কপালে কালো মালা আছে,0.7499999981250001,0.49999999916666665,0.5999999940000001,0.5999999940000001,0.49999999406250006,0.5999999940000001,0,0,0.6,0.4285714279591837
5713.png,রাতের বেলায় আলোতে অন্ধকারে আতশবাজি ঘর দেখা যাচ্ছে।,0.12499999984374999,0.09090909082644627,0.10526315290858747,0.10526315290858747,0.0,0.10526315290858747,0,0,0.28205128205128205,0.05555555552469135
7913.png,একটি শিশু দৌড় দিচ্ছে।,0.249999999375,0.3333333322222222,0.28571428000000004,0.28571428000000004,0.0,0.28571428000000004,0,0,0.46153846153846156,0.16666666638888888
7573.png,একটি কুকুর পানি থেকে বের হচ্ছে।,0.0,0.0,0.0,0.0,0.0,0.0,0,0,0.4,0.0
3559993787_c49644dcc5.jpg,এক লোক তার সাইকেল নিয়ে পাহাড়ের উপর দিয়ে উড়ছে,0.3333333329629629,0.24999999979166665,0.28571428054421777,0.28571428054421777,0.11764705370242234,0.21052631058171756,0,0,0.3846153846153846,0.1764705881314879
8712.png,সমুদ্র পাড়ে একজন পুরুষ আছে।,0.1999999996,0.1999999996,0.19999999460000012,0.19999999460000012,0.0,0.19999999460000012,0,0,0.5263157894736843,0.1111111109876543
8540.png,মাথায় একটি শিশু তাকিয়ে আছে।,0.3999999992,0.6666666644444444,0.49999999406250006,0.49999999406250006,0.33333332777777785,0.49999999406250006,0,0,0.47058823529411764,0.33333333277777777
3731.png,একটি মেয়ে গাছে হেলান দিয়ে গাছে হেলান দিয়ে গাছে হেলান দিয়ে গাছে হেলান দিয়ে গাছে হেলান দিয়ে গাছে হেলান দিয়ে গাছে হেলান দিয়ে গাছে হেলান দিয়ে গাছে হেলান দিয়ে গাছে হেলান দিয়ে গাছে হেলান দিয়ে গাছে হেলান দিয়ে গাছে হেলান,0.0499999999875,0.15384615372781063,0.07547169438234266,0.07547169438234266,0.0,0.04255318893617037,0,0,0.18796992481203012,0.124999999921875
3335885203_a3fe8e541f.jpg,ছেলেরা সকার খেলছে,0.6666666644444444,0.6666666644444444,0.6666666594444445,0.6666666594444445,0.0,0.6666666594444445,0,0,0.7272727272727273,0.49999999875
DSC_9293.JPG,একজন নারী নৃত্য করছে।,0.0,0.0,0.0,0.0,0.0,0.0,0,0,0.4,0.0
3349258288_5300c40430.jpg,একটি ছেলে একটি ছেলে লাফাচ্ছে,0.3999999992,0.1999999998,0.2666666618666667,0.2666666618666667,0.0,0.2666666618666667,0,0,0.4,0.0999999999
1449.png,একজন পুরুষ হাতে একটি বই ধরে দাড়িয়ে আছে এবং পিছনে একজন পুরুষ আছে।,0.15384615372781063,0.3999999992,0.22222221796296296,0.22222221796296296,0.0,0.22222221796296296,0,0,0.2978723404255319,0.14285714275510203
7009.png,একটি পুরনো বাড়ির সামনে কিছু মানুষ দেখা যাচ্ছে।,0.37499999953124996,0.7499999981250001,0.49999999472222234,0.49999999472222234,0.39999999500000005,0.49999999472222234,0,0,0.4137931034482759,0.3333333329629629
2376694294_9a4ecc3b90.jpg,একটি শিশু সুইমিংপুলে সাঁতার কাটা চশমা পরে সাঁতার কাটা চশমা পরে সাঁতার কাটা চশমা পরে সাঁতার কাটা চশমা পরে সাঁতার কাটা চশমা পরে সাঁতার কাটা চশমা পরে সাঁতার কাটা চশমা পরে সাঁতার কাটা চশমা পরে সাঁতার কাটা চশমা পরে সাঁতার,0.07499999998125,0.37499999953124996,0.12499999717013895,0.12499999717013895,0.043478258270321514,0.08333333052083343,0,0,0.23943661971830987,0.24999999979166665
3328646934_5cca4cebce.jpg,একজন লোক একটি স্নোবোর্ড নিয়ে লাফ দিচ্ছে।,0.2857142853061225,0.24999999968749997,0.2666666613333334,0.2666666613333334,0.0,0.2666666613333334,0,0,0.4482758620689655,0.15384615372781063
3518755601_cebf11e515.jpg,সমুদ্র সৈকতে দুজন লোক সমুদ্রের পাশে বালুতে বসে আছে,0.2222222219753086,0.2222222219753086,0.22222221697530875,0.22222221697530875,0.0,0.22222221697530875,0,0,0.4117647058823529,0.124999999921875
3640329164_20cb245fd5.jpg,তিনটি ছেলে এবং একটি ভাসমান টিউবের উপর চড়ছে,0.24999999968749997,0.18181818165289254,0.21052631069252087,0.21052631069252087,0.0,0.21052631069252087,0,0,0.3111111111111111,0.13333333324444444
337647771_3b819feaba.jpg,একটি কুকুর একটি নীল রঙের স্লাইড থেকে বের হচ্ছে,0.3333333329629629,0.49999999916666665,0.3999999946666667,0.3999999946666667,0.3076923024852071,0.3999999946666667,0,0,0.5151515151515151,0.18181818165289254
3265964840_5374ed9c53.jpg,একটি ছেলে তার স্কেটবোর্ড দিয়ে যাত্রা করছে,0.2857142853061225,0.24999999968749997,0.2666666613333334,0.2666666613333334,0.0,0.2666666613333334,0,0,0.4358974358974359,0.15384615372781063
3889.png,একজন নারী বসে কাজ করছে।,0.5999999988,0.37499999953124996,0.46153845609467453,0.46153845609467453,0.0,0.46153845609467453,0,0,0.3928571428571429,0.29999999969999996
8309.png,শাড়ি পরে আছে যার মাঝে একজন নারী হেঁটে যাচ্ছে।,0.1111111109876543,0.249999999375,0.15384614934911253,0.15384614934911253,0.0,0.15384614934911253,0,0,0.3939393939393939,0.08333333326388888
6091.png,একটি শিশু তাকিয়ে আছে।,0.9999999975,0.7999999984,0.8888888819753088,0.8888888819753088,0.5714285648979592,0.8888888819753088,0,0,0.8125,0.7999999984
village-house-design-ideas.jpg,প্রকৃতির কোলে একটা শান্তিপূর্ণ আবাস।,0.3999999992,0.33333333277777777,0.36363635801652905,0.36363635801652905,0.2222222167901236,0.36363635801652905,0,0,0.7307692307692308,0.2222222219753086
cow-4684904.jpg,একজন পুরুষ ও গরু নিয়ে যাচ্ছে আর <unk> গরু নিয়ে যাচ্ছে আর <unk> গরু নিয়ে যাচ্ছে আর <unk> গরু নিয়ে যাচ্ছে আর <unk> গরু নিয়ে যাচ্ছে আর <unk> গরু নিয়ে যাচ্ছে আর <unk> গরু নিয়ে যাচ্ছে আর <unk> গরু নিয়ে,0.02499999999375,0.16666666638888888,0.04347825858223074,0.04347825858223074,0.0,0.04347825858223074,0,0,0.11851851851851847,0.07692307686390532
3698607223_22fe09763a.jpg,একজন স্নোবোর্ডার বরফের রাস্তায় নেমে আসছে,0.16666666638888888,0.16666666638888888,0.16666666138888903,0.16666666138888903,0.0,0.16666666138888903,0,0,0.3666666666666667,0.09090909082644627
2108799322_e25aa6e185.jpg,একটি কালো কুকুর মুখে কিছু একটা গাছের কাছে মাঠে দৌড়াচ্ছে,0.3999999996,0.7999999984,0.5333333281777778,0.5333333281777778,0.3076923029585799,0.5333333281777778,0,0,0.4571428571428572,0.3636363633057851
3591170729_406fdb74e5.jpg,ট্রেন মাটিতে ৩ জন বসে আছে।,0.16666666638888888,0.09090909082644627,0.11764705411764723,0.11764705411764723,0.0,0.11764705411764723,0,0,0.29268292682926833,0.06666666662222222
346095804_1259484421628369_2439464680215441902_n.jpg,তার পরনে একটি শিশু আছে।,0.1999999996,0.0999999999,0.13333332871111125,0.13333332871111125,0.0,0.13333332871111125,0,0,0.2142857142857143,0.07142857137755101
3368.png,একজন নারী একটি মাছ উড়ছে।,0.1999999996,0.249999999375,0.2222222167901236,0.2222222167901236,0.0,0.2222222167901236,0,0,0.40740740740740744,0.12499999984374999
3370308329_7f2de5bb58.jpg,দু'জন লোক একটি বরফের লগ থেকে তুষার ঢাকা একটি <unk> দেখছেন।,0.18181818165289254,0.33333333277777777,0.2352941128027682,0.2352941128027682,0.13333332871111125,0.2352941128027682,0,0,0.2682926829268293,0.14285714275510203
457945610_1a23b9ced0.jpg,একটি মেয়ে জলের মধ্যে দিয়ে যাচ্ছে,0.33333333277777777,0.24999999968749997,0.2857142804081633,0.2857142804081633,0.0,0.2857142804081633,0,0,0.47619047619047616,0.16666666652777776
3058627443_1d57ff0a2c.jpg,এক লোক সার্ফবোর্ডে চড়ে ঢেউয়ের মধ্যে পড়তে শুরু করলো,0.2222222219753086,0.2222222219753086,0.22222221697530875,0.22222221697530875,0.12499999484375018,0.22222221697530875,0,0,0.34285714285714286,0.124999999921875
338.png,দুইজন মানুষ হেঁটে যাচ্ছে।,0.49999999875,0.2857142853061225,0.36363635834710756,0.36363635834710756,0.2222222172839507,0.36363635834710756,0,0,0.43999999999999995,0.2222222219753086
3697.png,একটি নৌকা আছে।,0.9999999966666667,0.37499999953124996,0.5454545404958677,0.5454545404958677,0.22222221827160496,0.5454545404958677,0,0,0.3913043478260869,0.37499999953124996
3512.png,একজন মহিলা হাতে ফুল নিয়ে আছে।,0.33333333277777777,0.2222222219753086,0.2666666615111111,0.2666666615111111,0.0,0.2666666615111111,0,0,0.36111111111111116,0.15384615372781063
3591.png,একটি ঘাসের মাঠে একটি মহিলা বসে আছে,0.14285714265306124,0.14285714265306124,0.14285713765306143,0.14285713765306143,0.0,0.14285713765306143,0,0,0.33333333333333337,0.08333333326388888
632.png,একজন পুরুষ একটি উঠুনে বসে।,0.3999999992,0.1999999998,0.2666666618666667,0.2666666618666667,0.0,0.14285713806122466,0,0,0.3142857142857143,0.15384615372781063
2753531542_ace2c870b7.jpg,একজন লোক একটি পাথরে ঝুলে আছে,0.49999999916666665,0.24999999979166665,0.33333332851851855,0.33333332851851855,0.12499999554687513,0.33333332851851855,0,0,0.4347826086956522,0.19999999986666667
1603.png,কয়েকজন পুরুষ আছে।,0.9999999966666667,0.5999999988,0.7499999934375,0.7499999934375,0.6666666600000001,0.7499999934375,0,0,0.631578947368421,0.5999999988
3570.png,একটি <unk> জল ছড়িয়ে একটি হ্রদে সাঁতার কেটে একটি নৌকা থেকে পানিতে ভাসছে,0.15384615372781063,0.2857142853061225,0.1999999952500001,0.1999999952500001,0.0,0.1999999952500001,0,0,0.3191489361702128,0.124999999921875
3291587911_81fc33300e.jpg,একটি লোক একটি কুকুর নিয়ে একটি কুকুর নিয়ে একটি কুকুর নিয়ে একটি কুকুর নিয়ে একটি কুকুর নিয়ে একটি কুকুর নিয়ে একটি কুকুর নিয়ে একটি কুকুর নিয়ে একটি কুকুর নিয়ে একটি কুকুর নিয়ে একটি কুকুর নিয়ে একটি কুকুর নিয়ে একটি কুকুর,0.0499999999875,0.124999999921875,0.07142856732142881,0.07142856732142881,0.0,0.07142856732142881,0,0,0.21232876712328763,0.11764705875432525
975131015_9acd25db9c.jpg,একটি বাঘ শুয়ে আছে।,0.49999999875,0.33333333277777777,0.3999999944,0.3999999944,0.0,0.3999999944,0,0,0.34615384615384615,0.2857142853061225
6287.png,একজন বৃদ্ধ লোক বসে আছে।,0.5999999988,0.37499999953124996,0.46153845609467453,0.46153845609467453,0.1818181768595043,0.46153845609467453,0,0,0.5,0.29999999969999996
4023.png,একটি শিশু আছে।,0.9999999966666667,0.9999999966666667,0.9999999916666666,0.9999999916666666,0.9999999900000001,0.9999999916666666,1,1,1.0,0.9999999966666667
5996.png,একটি ছেলে সেলফি তুলছেন,0.0,0.0,0.0,0.0,0.0,0.0,0,0,0.19999999999999996,0.0
717.png,একজন মানুষ হেঁটে যাচ্ছে।,0.49999999875,0.2857142853061225,0.36363635834710756,0.36363635834710756,0.0,0.36363635834710756,0,0,0.4736842105263158,0.2222222219753086
5837.png,একটি ছেলে চুল লম্বা কালো।,0.1999999996,0.16666666638888888,0.1818181765289258,0.1818181765289258,0.0,0.1818181765289258,0,0,0.368421052631579,0.0999999999
3561433412_3985208d53.jpg,একটি কুকুর একটি বাদামী এবং একটি কুকুর একটি মাঠে দৌড়াচ্ছে,0.3999999996,0.4444444439506172,0.4210526261495845,0.4210526261495845,0.22222221697530875,0.4210526261495845,0,0,0.5526315789473684,0.3333333329629629
3589052481_059e5e2c37.jpg,একজন পুরুষ চশমা পরে চেয়ে আছেন।,0.33333333277777777,0.14285714275510203,0.19999999560000006,0.19999999560000006,0.11111110697530877,0.19999999560000006,0,0,0.375,0.124999999921875
3444974984_963fb441a0.jpg,একজন মহিলা একটি <unk> করছে।,0.5999999988,0.37499999953124996,0.46153845609467453,0.46153845609467453,0.1818181768595043,0.46153845609467453,0,0,0.48571428571428577,0.3333333329629629
4086.png,রাস্তা দিয়ে গাড়ি ও মানুষ আছে।,0.33333333277777777,0.18181818165289254,0.2352941128027682,0.2352941128027682,0.0,0.11764705411764723,0,0,0.2857142857142857,0.13333333324444444
2436.png,কয়েকজন পুরুষ দাড়িয়ে আছে।,0.249999999375,0.16666666638888888,0.1999999948000001,0.1999999948000001,0.0,0.1999999948000001,0,0,0.30000000000000004,0.1111111109876543
5093.png,একটি পাহাড়ি পুকুরে একটি খাল বইছে ।,0.0,0.0,0.0,0.0,0.0,0.0,0,0,0.2962962962962963,0.0
472860064_a96a228796.jpg,একটি কালো কুকুর খেলছে,0.49999999875,0.3999999992,0.4444444385185186,0.4444444385185186,0.11764705577854677,0.4444444385185186,0,0,0.44999999999999996,0.2857142853061225
3213395965_2a823c6865.jpg,একজন মহিলা একটি গলার অফ রোড তুলছেন,0.2857142853061225,0.49999999875,0.36363635834710756,0.36363635834710756,0.2222222172839507,0.36363635834710756,0,0,0.4814814814814815,0.2222222219753086
3026102616_3cf350af9e.jpg,একটি সাদা রঙের কুকুর ভাঙা লাফ দিচ্ছে।,0.2857142853061225,0.2222222219753086,0.24999999476562512,0.24999999476562512,0.0,0.24999999476562512,0,0,0.41666666666666663,0.15384615372781063
3604384157_99241be16e.jpg,<unk> সবুজ শার্ট ও টুপি পরা মানুষগুলো <unk>,0.24999999968749997,0.1999999998,0.22222221703703712,0.22222221703703712,0.12499999492187522,0.22222221703703712,0,0,0.25,0.13333333324444444
7356.png,একজন পুরুষ হাতে একটা পুতুল নিয়ে বেলুন হাতে একটা বিভিন্ন বেলুন নিয়ে আছে।,0.46153846118343195,0.9999999983333333,0.6315789423822715,0.6315789423822715,0.47058823058823535,0.6315789423822715,0,0,0.5,0.6666666659259258
6390.png,একজন বৃদ্ধ পুরুষ মাথায় বোঝা নিয়ে আছে।,0.4285714279591837,0.49999999916666665,0.4615384558579882,0.4615384558579882,0.0,0.4615384558579882,0,0,0.56,0.29999999969999996
2417341107_97dbab9c5e.jpg,এক মহিলা সমুদ্রের দিকে আসছে,0.1999999996,0.1999999996,0.19999999460000012,0.19999999460000012,0.0,0.19999999460000012,0,0,0.34782608695652173,0.1111111109876543
2928835996_88b9f9503d.jpg,একটি <unk> <unk> <unk> <unk> <unk> <unk> <unk> <unk> <unk> <unk> <unk> <unk> <unk> <unk> <unk> <unk> <unk> <unk> <unk> <unk>,0.14285714278911565,0.1874999998828125,0.16216215716581459,0.16216215716581459,0.0,0.16216215716581459,0,0,0.28915662650602414,0.24999999968749997
758.png,একজন বৃদ্ধ লোক একটি <unk> একটি টেবিলে বসে আছে,0.3333333329629629,0.21428571413265304,0.26086956022684316,0.26086956022684316,0.0,0.17391303856332715,0,0,0.31999999999999995,0.10526315783933518
3039675864_0b7961844d.jpg,রাস্তার উপর কিছু লোক দাঁড়িয়ে আছে,0.16666666638888888,0.1999999996,0.1818181765289258,0.1818181765289258,0.0,0.1818181765289258,0,0,0.23913043478260865,0.0999999999
6487.png,কয়েকজন নারী ও একজন পুরুষ আছে।,0.49999999916666665,0.29999999969999996,0.37499999484375,0.37499999484375,0.14285713806122466,0.24999999500000003,0,0,0.4117647058823529,0.23076923059171597
388.png,একজন পুরুষ কুয়াশার মাঝে ব্যাগ কাঁদে ব্যাগ কাঁদে ব্যাগ কাঁদে ব্যাগ কাঁদে ব্যাগ কাঁদে ব্যাগ কাঁদে ব্যাগ কাঁদে ব্যাগ কাঁদে ব্যাগ কাঁদে ব্যাগ কাঁদে ব্যাগ কাঁদে ব্যাগ কাঁদে ব্যাগ কাঁদে ব্যাগ কাঁদে ব্যাগ কাঁদে ব্যাগ কাঁদে ব্যাগ কাঁদে ব্যাগ কাঁদে,0.02499999999375,0.0999999999,0.039999996784000263,0.039999996784000263,0.0,0.039999996784000263,0,0,0.1338028169014085,0.07142857137755101
954.png,ঘরের সামনে দুইজন নারী আছে।,0.5999999988,0.49999999916666665,0.5454545395041324,0.5454545395041324,0.2222222167901236,0.5454545395041324,0,0,0.26315789473684215,0.37499999953124996
639.png,একটি শিশু একটি <unk>,0.0,0.0,0.0,0.0,0.0,0.0,0,0,0.21739130434782605,0.0
7015.png,পাতার উপর দিয়ে একটি পাখি আছে।,0.33333333277777777,0.2857142853061225,0.3076923022485208,0.3076923022485208,0.0,0.3076923022485208,0,0,0.4347826086956522,0.2222222219753086
7945.png,একজন বালক একটি <unk> ঝুড়ি থেকে পানি নিয়ে উপরে চেয়ে আছেন।,0.09090909082644627,0.249999999375,0.13333332924444455,0.13333332924444455,0.0,0.13333332924444455,0,0,0.33333333333333337,0.07142857137755101
IMG_4884.JPG,হলুদ রঙের কালো টিপ পরে আছে,0.33333333277777777,0.33333333277777777,0.3333333277777778,0.3333333277777778,0.19999999460000012,0.3333333277777778,0,0,0.4736842105263158,0.1999999998
6422.png,নীল শার্ট ও নীল শার্ট পরে চেয়ে আছেন।,0.24999999968749997,0.33333333277777777,0.2857142804081633,0.2857142804081633,0.16666666152777793,0.2857142804081633,0,0,0.48,0.1999999998
1676601498_7d59327523.jpg,একটি লোক একটি <unk> <unk> থেকে লাফ দিচ্ছে,0.24999999968749997,0.1999999998,0.22222221703703712,0.22222221703703712,0.0,0.22222221703703712,0,0,0.2941176470588235,0.14285714275510203
3463.png,পাড়ে একটি নৌকা আছে।,0.49999999875,0.33333333277777777,0.3999999944,0.3999999944,0.0,0.3999999944,0,0,0.36363636363636365,0.24999999968749997
516394876_8b9b8021bc.jpg,একটি কাগজের বাক্স ও রঙিন বাক্স মাথায় দেওয়ার জন্য <unk> <unk> জন্য অপেক্ষা করছেন,0.21428571413265304,0.2727272724793388,0.23999999488000007,0.23999999488000007,0.0869565167485825,0.23999999488000007,0,0,0.26315789473684215,0.1111111110493827
3103340819_46de7954a9.jpg,একজন বৃদ্ধ নারী বসে আছে।,0.1999999996,0.07692307686390532,0.11111110697530877,0.11111110697530877,0.0,0.11111110697530877,0,0,0.2857142857142857,0.05882352937716263
3530502404_f8c3a3f61c.jpg,একজন মোটরসাইকেল চালক একটি মোটরসাইকেলে ভেলকি করছে,0.4285714279591837,0.24999999979166665,0.31578946869806096,0.31578946869806096,0.0,0.2105263109141275,0,0,0.39583333333333337,0.1874999998828125
3530087422_7eb2b2c289.jpg,হেলমেট পরিহিত একজন লোক একটি লাল হেলমেট পরা একটি <unk> একটি লাল দৌড়ের কৌশল দেখাচ্ছে,0.26666666648888887,0.28571428551020406,0.27586206378121286,0.27586206378121286,0.0799999950080003,0.27586206378121286,0,0,0.3833333333333333,0.149999999925
4443.png,দুইটি রিক্সা ও কয়েকজন মানুষ কাজ করছে।,0.0,0.0,0.0,0.0,0.0,0.0,0,0,0.22580645161290325,0.0
2587818583_4aa8e7b174.jpg,একটি ছেলে রঙিন <unk> উপর দাঁড়িয়ে আছে,0.2857142853061225,0.2222222219753086,0.24999999476562512,0.24999999476562512,0.0,0.16666666239583344,0,0,0.275,0.14285714275510203
1215.png,একজন বৃদ্ধ লোক হাতে লাঠি হাতে লাঠি হাতে লাঠি হাতে লাঠি হাতে লাঠি হাতে লাঠি হাতে লাঠি হাতে লাঠি হাতে লাঠি হাতে লাঠি হাতে লাঠি হাতে লাঠি হাতে লাঠি হাতে লাঠি হাতে লাঠি হাতে লাঠি হাতে লাঠি হাতে লাঠি হাতে,0.0499999999875,0.09999999995,0.0666666622000003,0.0666666622000003,0.0,0.0666666622000003,0,0,0.24590163934426235,0.08695652170132324
3433259846_800a6079f0.jpg,বাচ্চাগুলো ট্রাম্পোলিনে লাফাচ্ছে,0.0,0.0,0.0,0.0,0.0,0.0,0,0,0.34782608695652173,0.0
2428086758_bce4733f7e.jpg,একটি কুকুর একটি ফ্রিসবি ধরছে,0.5999999988,0.3333333329629629,0.42857142336734694,0.42857142336734694,0.16666666194444454,0.42857142336734694,0,0,0.4117647058823529,0.1999999998
7467.png,একটি মাঠে একটি কুকুর আছে।,0.1999999996,0.1111111109876543,0.14285713806122466,0.14285713806122466,0.0,0.14285713806122466,0,0,0.25,0.09090909082644627
3690189273_927d42ff43.jpg,একজন লোক সাঁতারের পোশাক পরে আছে,0.16666666638888888,0.1999999996,0.1818181765289258,0.1818181765289258,0.0,0.1818181765289258,0,0,0.3513513513513513,0.0999999999
6198.png,একজন মহিলা একটি জায়গায় শুয়ে আছে।,0.49999999916666665,0.7499999981250001,0.5999999940000001,0.5999999940000001,0.24999999468750006,0.5999999940000001,0,0,0.4782608695652174,0.4285714279591837
7575.png,দুইজন নারী নৃত্য করছে।,0.0,0.0,0.0,0.0,0.0,0.0,0,0,0.3076923076923077,0.0
5521.png,একজন পুরুষ আছে।,0.9999999966666667,0.7499999981250001,0.8571428497959185,0.8571428497959185,0.39999999360000005,0.8571428497959185,0,0,0.7333333333333334,0.7499999981250001
8302.png,একজন মানুষ দেখা যাচ্ছে।,0.49999999875,0.49999999875,0.4999999937500001,0.4999999937500001,0.33333332722222225,0.4999999937500001,0,0,0.47058823529411764,0.33333333277777777
7705.png,একটি মহিলা মিলে মাঠের মধ্যে দিয়ে দৌড়ে যাচ্ছে।,0.0,0.0,0.0,0.0,0.0,0.0,0,0,0.2857142857142857,0.0
3603116579_4a28a932e2.jpg,একজন বেসবল খেলোয়াড় বেসে স্লাইড করছে।,0.33333333277777777,0.3999999992,0.36363635801652905,0.36363635801652905,0.2222222167901236,0.36363635801652905,0,0,0.5,0.2222222219753086
1024138940_f1fefbdce1.jpg,দুটি কুকুর একটি লাল বেড়ী পরা বাদামী কুকুর খেলছে,0.3333333329629629,0.4285714279591837,0.374999994609375,0.374999994609375,0.2857142804081633,0.374999994609375,0,0,0.4838709677419355,0.24999999979166665
3004.png,একজন বৃদ্ধ নারী ও দুইটি শিশু কোলে নিয়ে আছে।,0.1111111109876543,0.249999999375,0.15384614934911253,0.15384614934911253,0.0,0.15384614934911253,0,0,0.3571428571428571,0.08333333326388888
448590900_db83c42006.jpg,ঘাসের দুই ছোট কালো কুকুর ঘাসের মাঠে <unk>,0.24999999968749997,0.3999999992,0.3076923024852071,0.3076923024852071,0.0,0.3076923024852071,0,0,0.37037037037037035,0.1999999998
2748729903_3c7c920c4d.jpg,একটি জলাশয়ে পানিতে ডুবে গেছে আর মাঝি নৌকা চালিয়ে যাচ্ছেন আসছেন।,0.09090909082644627,0.16666666638888888,0.11764705411764723,0.11764705411764723,0.0,0.11764705411764723,0,0,0.31707317073170727,0.0624999999609375
3268443910_b36dbc1e5c.jpg,একজন লোক একটি ম্যাচে এক ব্যক্তি একটি ব্যাট দিয়ে বলকে আঘাত করছে,0.24999999979166665,0.23076923059171597,0.23999999481600012,0.23999999481600012,0.08695651667296815,0.22222221753086427,0,0,0.3913043478260869,0.14285714278911565
8888.png,একটি দোকানের ভিতর একটা দোকানের ভিতর একজন পুরুষ বসে আছে।,0.1999999998,0.3999999992,0.2666666618666667,0.2666666618666667,0.15384614934911253,0.2666666618666667,0,0,0.32499999999999996,0.18181818165289254
inbound334067910418498238.jpg,কয়েকজন পুরুষ আছে। পিছনে কয়েকজন পুরুষ আছে। পিছনে কয়েকজন পুরুষ আছে। পিছনে কয়েকজন পুরুষ আছে। পিছনে কয়েকজন পুরুষ আছে। পিছনে কয়েকজন পুরুষ আছে। পিছনে কয়েকজন পুরুষ আছে। পিছনে কয়েকজন পুরুষ আছে। পিছনে কয়েকজন পুরুষ আছে। পিছনে কয়েকজন পুরুষ আছে। পিছনে,0.0,0.0,0.0,0.0,0.0,0.0,0,0,0.09467455621301779,0.0
2759.png,দুইজন পুরুষ আছে।,0.6666666644444444,0.6666666644444444,0.6666666594444445,0.6666666594444445,0.4999999925000001,0.6666666594444445,0,0,0.8181818181818181,0.49999999875
2283.png,একজন মহিলা একটি <unk>,0.249999999375,0.249999999375,0.2499999943750001,0.2499999943750001,0.0,0.2499999943750001,0,0,0.3125,0.14285714265306124
7548.png,একটি পার্কে একটি পার্কে একটি পরিবার দাঁড়িয়ে আছে,0.12499999984374999,0.09090909082644627,0.10526315290858747,0.10526315290858747,0.0,0.10526315290858747,0,0,0.32258064516129037,0.07142857137755101
3197917064_e679a44b8e.jpg,একটি সাদা কুকুর একটি কুকুর দৌড়ে বেড়াচ্ছে,0.4285714279591837,0.3333333329629629,0.374999994609375,0.374999994609375,0.2857142804081633,0.374999994609375,0,0,0.59375,0.2727272724793388
7285.png,একদল লোক একটি <unk> <unk> সামনে দাঁড়িয়ে আছে,0.12499999984374999,0.07692307686390532,0.09523809043083924,0.09523809043083924,0.0,0.09523809043083924,0,0,0.2666666666666667,0.05263157891966759
2512876666_9da03f9589.jpg,এক ব্যক্তি পাহাড়ের চূড়ায় দাঁড়িয়ে আছে।,0.6666666655555555,0.3333333330555555,0.4444444395061729,0.4444444395061729,0.249999995390625,0.22222221753086427,0,0,0.47619047619047616,0.28571428551020406
3126773489_7ae425af17.jpg,সাদা রঙের জার্সি পরিহিত একজন মহিলা বাস্কেটবল খেলছে,0.24999999968749997,0.3999999992,0.3076923024852071,0.3076923024852071,0.0,0.3076923024852071,0,0,0.4,0.18181818165289254
1498.png,একজন বয়স্ক পুরুষ আছে।,0.249999999375,0.12499999984374999,0.16666666194444454,0.16666666194444454,0.0,0.16666666194444454,0,0,0.3448275862068966,0.0999999999
522.png,১ জন মহিলা শারি পরা মহিলা কুলে একটি কাপরের পলিথিনের ওপরে দারিয়ে আছে একজন মহিলা।,0.19999999986666667,0.3333333329629629,0.2499999951041667,0.2499999951041667,0.0,0.1666666618402779,0,0,0.3214285714285714,0.10526315783933518
3254662117_b2e7dede6e.jpg,নীল রঙের জ্যাকেট এবং কালো জ্যাকেট এবং কালো জ্যাকেট এবং কালো জ্যাকেট এবং কালো জ্যাকেট এবং কালো জ্যাকেট এবং কালো জ্যাকেট এবং কালো জ্যাকেট এবং কালো জ্যাকেট এবং কালো জ্যাকেট এবং কালো জ্যাকেট এবং কালো জ্যাকেট এবং কালো জ্যাকেট এবং,0.0,0.0,0.0,0.0,0.0,0.0,0,0,0.13013698630136983,0.0
3458434150_2b0d619244.jpg,একজন লোক বনের মধ্যে একটি পাথরের চূড়ায় দাঁড়িয়ে আছে।,0.3333333329629629,0.37499999953124996,0.3529411710726644,0.3529411710726644,0.15384614887573977,0.3529411710726644,0,0,0.4285714285714286,0.21428571413265304
6329.png,একজন পুরুষ ও একজন পুরুষ ও একজন পুরুষ ও একজন পুরুষ ও একজন পুরুষ ও একজন পুরুষ ও একজন পুরুষ ও একজন পুরুষ ও একজন পুরুষ ও একজন পুরুষ ও একজন পুরুষ ও একজন পুরুষ ও একজন পুরুষ ও একজন,0.0,0.0,0.0,0.0,0.0,0.0,0,0,0.11564625850340138,0.0
3523559027_a65619a34b.jpg,অনেকগুলো মানুষ আছে।,0.3333333322222222,0.0999999999,0.15384615005917168,0.15384615005917168,0.0,0.15384615005917168,0,0,0.375,0.09090909082644627
3232470286_903a61ea16.jpg,একটি ফুটবল খেলা দেখছেন,0.49999999875,0.1999999998,0.28571428122448983,0.28571428122448983,0.0,0.28571428122448983,0,0,0.5909090909090908,0.18181818165289254
7847.png,একটি <unk> <unk> <unk> <unk> <unk> <unk> <unk> <unk> <unk> <unk> <unk> <unk> <unk> <unk> <unk> <unk> <unk> <unk> <unk> <unk> <unk> <unk> <unk> <unk> <unk> <unk> <unk> <unk> <unk> <unk> <unk> <unk> <unk> <unk> <unk> <unk> <unk> <unk> <unk>,0.0,0.0,0.0,0.0,0.0,0.0,0,0,0.07547169811320753,0.0
1813597483_3f09d2a020.jpg,একটি কালো কুকুর একটি দন্ডের উপর দিয়ে লাফ দিচ্ছে,0.7777777769135802,0.5384615380473372,0.6363636309504133,0.6363636309504133,0.22222221703703712,0.5999999944500001,0,0,0.675,0.4285714282653061
2923475135_a6b6e13d26.jpg,একজন পঙ্গু মানুষ,0.3333333322222222,0.0999999999,0.15384615005917168,0.15384615005917168,0.0,0.15384615005917168,0,0,0.2222222222222222,0.09090909082644627
4841.png,একটি প্ল্যাটফর্মে দাঁড়িয়ে আছে এবং পিছনে লোকজন হেঁটে যাচ্ছে,0.1111111109876543,0.3333333322222222,0.16666666263888896,0.16666666263888896,0.0,0.16666666263888896,0,0,0.2432432432432432,0.09090909082644627
1131340021_83f46b150a.jpg,একটি ছেলে একটি বেড়ার পাশের ঢালুতে,0.0,0.0,0.0,0.0,0.0,0.0,0,0,0.36363636363636365,0.0
3648988742_888a16f600.jpg,বেগুনি জ্যাকেট পরা মেয়েটি ক্যামেরা দিয়ে ছবি তুলছে।,0.24999999968749997,0.33333333277777777,0.2857142804081633,0.2857142804081633,0.1999999952500001,0.2727272678512397,0,0,0.4528301886792453,0.16666666652777776
IMG_20220915_165948.jpg,একজন নারী বসে আছে ও একটি রাস্তার পাশে বসে আছে ও একটি রাস্তার পাশে বসে আছে ও একটি রাস্তার পাশে বসে আছে ও একটি রাস্তার পাশে বসে আছে ও একটি রাস্তার পাশে বসে আছে ও একটি রাস্তার পাশে বসে আছে,0.17499999995624999,0.5384615380473372,0.26415093959416164,0.26415093959416164,0.1176470551787775,0.26415093959416164,0,0,0.2706766917293233,0.28571428551020406
2255332561_3375897ff0.jpg,একজন লোক একটি পাহাড়ের উপরে উঠার চেষ্টা করছে,0.37499999953124996,0.3333333329629629,0.3529411710726644,0.3529411710726644,0.2666666613333334,0.3529411710726644,0,0,0.5428571428571429,0.23076923059171597
2800934095_b84a5009dd.jpg,একটি কুকুর একটি <unk>,0.9999999975,0.4444444439506172,0.6153846101775148,0.6153846101775148,0.24999999468750006,0.4615384565680474,0,0,0.4285714285714286,0.37499999953124996
2502079538_10ef2e976b.jpg,দুটি মেয়ে উটের পিঠে চড়ছে,0.1999999996,0.12499999984374999,0.15384614887573977,0.15384614887573977,0.0,0.15384614887573977,0,0,0.3125,0.08333333326388888
337.png,শাড়ি পরে আছে লোক বসে আছে ও একজন মহিলা বসে আছে ও একজন নারী বসে আছে।,0.3124999998046875,0.3571428568877551,0.3333333281333334,0.3333333281333334,0.2142857091581634,0.2666666615111112,0,0,0.43137254901960786,0.2777777776234568
892340814_bdd61e10a4.jpg,এক ব্যক্তি একটি পাথরের ওপর চড়ছে,0.33333333277777777,0.2222222219753086,0.2666666615111111,0.2666666615111111,0.15384614887573977,0.2666666615111111,0,0,0.3846153846153846,0.16666666652777776
7601.png,এটি একটি ভবন।,0.3333333322222222,0.0624999999609375,0.10526315512465378,0.10526315512465378,0.0,0.10526315512465378,0,0,0.13207547169811318,0.0624999999609375
5360.png,একটি নৌকায় কয়েকজন মানুষ আছে।,0.1999999996,0.16666666638888888,0.1818181765289258,0.1818181765289258,0.0,0.1818181765289258,0,0,0.375,0.0999999999
1634.png,কয়েকজন মানুষ আছে।,0.9999999966666667,0.29999999969999996,0.46153845727810655,0.46153845727810655,0.1818181785123967,0.46153845727810655,0,0,0.29268292682926833,0.37499999953124996
7455.png,একটি ছোট বাচ্চা একটি বিশাল গাছ এবং একটি বড় গাছ এবং একটি বড় গাছ এবং একটি বড় গাছ এবং একটি বড় গাছ এবং একটি বড় গাছ এবং একটি বড় গাছ এবং একটি বড় গাছ এবং একটি বড় গাছ এবং একটি,0.02499999999375,0.06666666662222222,0.036363632383471504,0.036363632383471504,0.0,0.036363632383471504,0,0,0.20454545454545459,0.05263157891966759
130151401.jpg,একজন পুরুষ মঞ্চে দাঁড়িয়ে আছে।,0.3999999992,0.16666666652777776,0.23529411321799312,0.23529411321799312,0.0,0.23529411321799312,0,0,0.2564102564102564,0.14285714275510203
9146.png,একজন মানুষ দারিয়েয়া আছে।,0.7499999981250001,0.49999999916666665,0.5999999940000001,0.5999999940000001,0.24999999468750006,0.5999999940000001,0,0,0.4545454545454546,0.4285714279591837
5914.png,একটি শিশু আছে।,0.3333333322222222,0.3333333322222222,0.33333332722222225,0.33333332722222225,0.0,0.33333332722222225,0,0,0.5454545454545454,0.1999999996
244870123_dcb6e53643.jpg,একটি বড় বাদামি রঙের একটি বাদামী কুকুর নিজের পেছনে ঘরবাড়ি দেখা যাচ্ছে,0.24999999979166665,0.24999999979166665,0.24999999479166674,0.24999999479166674,0.0,0.16666666152777793,0,0,0.34782608695652173,0.149999999925
3640.png,রাস্তা দিয়ে রিক্সা যাচ্ছে ৬ জন পুরুষ ভ্যান চালাচ্ছে।,0.3333333329629629,0.29999999969999996,0.31578946836565097,0.31578946836565097,0.11764705370242234,0.31578946836565097,0,0,0.28125,0.1874999998828125
1427.png,বাইরের একটি দালানের বাইরের <unk> বাইরের <unk> বাইরের <unk> বাইরের <unk> বাইরের <unk> বাইরের একটি ভবনে পিঠ দিয়ে বসে আছে,0.049999999975,0.07692307686390532,0.060606055794307084,0.060606055794307084,0.0,0.060606055794307084,0,0,0.22891566265060237,0.049999999975
4753.png,কয়েকজন মানুষ দেখা যাচ্ছে।,0.0,0.0,0.0,0.0,0.0,0.0,0,0,0.2222222222222222,0.0
2073105823_6dacade004.jpg,দু'জন পুরুষ ও মহিলা একটি সিমেন্টের সিঁড়ি বেয়ে উপরে দাঁড়িয়ে আছে।,0.18181818165289254,0.1999999998,0.19047618530612256,0.19047618530612256,0.0,0.19047618530612256,0,0,0.375,0.11764705875432525
3728695560_00ec1ca492.jpg,একটি মহিলা একটি টেবিলের সাথে কথা বলছে।,0.2857142853061225,0.13333333324444444,0.18181817731404967,0.18181817731404967,0.0,0.18181817731404967,0,0,0.42307692307692313,0.07692307686390532
6077.png,একজন ছোট ছেলে মাথা রেখে বসে আছে।,0.2857142853061225,0.2857142853061225,0.28571428030612256,0.28571428030612256,0.0,0.28571428030612256,0,0,0.5,0.16666666652777776
539750844_02a07ec524.jpg,একটি কুকুর একটি বল নিয়ে একটি কালো এবং সাদা কুকুর একটি বল নিয়ে একটি কালো এবং সাদা কুকুর একটি বল নিয়ে একটি কালো এবং সাদা কুকুর একটি বল নিয়ে একটি কালো এবং সাদা কুকুর একটি বল নিয়ে একটি কালো এবং,0.099999999975,0.571428570612245,0.17021276334993213,0.17021276334993213,0.08888888653827165,0.17021276334993213,0,0,0.2592592592592593,0.29999999969999996
2510197716_fddca0ac75.jpg,একজন লোক একটি সুইং সেটের কাছে দোলায়,0.14285714265306124,0.3333333322222222,0.1999999954000001,0.1999999954000001,0.0,0.1999999954000001,0,0,0.34285714285714286,0.1111111109876543
1645.png,পাঁচজন পুরুষ বসে আছে।,0.49999999875,0.2857142853061225,0.36363635834710756,0.36363635834710756,0.0,0.36363635834710756,0,0,0.40740740740740744,0.24999999968749997
1433142189_cda8652603.jpg,দুই বালিকা কোমরে হাত দিয়ে হেঁটে যাচ্ছে,0.14285714265306124,0.14285714265306124,0.14285713765306143,0.14285713765306143,0.0,0.14285713765306143,0,0,0.3846153846153846,0.07692307686390532
6761.png,সূর্যাস্তের সময় একজন মহিলা সমুদ্রের পানিতে দাড়িয়ে আছে,0.12499999984374999,0.1111111109876543,0.11764705370242234,0.11764705370242234,0.0,0.11764705370242234,0,0,0.19444444444444442,0.0624999999609375
150.png,দু'জন লোক একটি বৃহত ভিড় ভীড় বরফের রাস্তায় দাঁড়িয়ে আছেন।,0.0999999999,0.14285714265306124,0.11764705384083066,0.11764705384083066,0.0,0.11764705384083066,0,0,0.3421052631578947,0.06666666662222222
1187593464_ce862352c6.jpg,একটি কুকুর ঝোপের মধ্য দিয়ে দৌড়াচ্ছে,0.49999999916666665,0.37499999953124996,0.4285714230612245,0.4285714230612245,0.1818181765289258,0.4285714230612245,0,0,0.6956521739130435,0.2727272724793388
3180806542_49b6de312d.jpg,একজন লোক তার স্কি করেছে,0.1999999996,0.1999999996,0.19999999460000012,0.19999999460000012,0.0,0.19999999460000012,0,0,0.41666666666666663,0.12499999984374999
2446601467_a35841cb1d.jpg,একটি শিশু কান্না করছে,0.49999999875,0.24999999968749997,0.33333332833333335,0.33333332833333335,0.18181817752066123,0.33333332833333335,0,0,0.4375,0.1999999998
6929.png,একজন পুরুষ দুইটি গরু নিয়ে যাচ্ছে ও গরু নিয়ে যাচ্ছে ও গরু নিয়ে যাচ্ছে ও গরু নিয়ে যাচ্ছে ও গরু নিয়ে যাচ্ছে ও গরু নিয়ে যাচ্ছে ও গরু নিয়ে যাচ্ছে ও গরু নিয়ে যাচ্ছে ও গরু নিয়ে যাচ্ছে ও গরু,0.07499999998125,0.2727272724793388,0.11764705539407928,0.11764705539407928,0.043478258270321514,0.11764705539407928,0,0,0.2032520325203252,0.19999999986666667
8172.png,একটি নৌকায় দাড়িয়ে একটি শিশু আছে।,0.16666666638888888,0.3333333322222222,0.2222222172839507,0.2222222172839507,0.0,0.2222222172839507,0,0,0.33333333333333337,0.14285714265306124
3514297698_0512623955.jpg,একটি কুকুর জলের মধ্যে মুখে বল নিয়ে আসছে,0.37499999953124996,0.4285714279591837,0.3999999944888889,0.3999999944888889,0.15384614863905344,0.37499999453125,0,0,0.5,0.24999999979166665
3431860810_44277cd360.jpg,দুটি কুকুর পানিতে খেলে,0.49999999875,0.18181818165289254,0.26666666240000003,0.26666666240000003,0.15384615005917168,0.26666666240000003,0,0,0.2325581395348837,0.15384615372781063
8860.png,একটি পুকুর দেখা যাচ্ছে ও কয়েকজন মানুষ আছে।,0.24999999968749997,0.18181818165289254,0.21052631069252087,0.21052631069252087,0.0,0.21052631069252087,0,0,0.3414634146341463,0.11764705875432525
442918418_0f29c97fa9.jpg,একটি কুকুর জংগলের মধ্যদিয়ে যাচ্ছে,0.3999999992,0.49999999875,0.4444444385185186,0.4444444385185186,0.28571428000000004,0.4444444385185186,0,0,0.368421052631579,0.2857142853061225
8112.png,একজন মানুষ আছে।,0.0,0.0,0.0,0.0,0.0,0.0,0,0,0.31999999999999995,0.0
1654.png,৪ জন মহিলা ৩ জন কালো কোর্ট পরে আছে।,0.2222222219753086,0.14285714275510203,0.17391303856332715,0.17391303856332715,0.09523809043083924,0.17391303856332715,0,0,0.4516129032258065,0.09999999995
1469.png,একটি শিশু বই পড়ছে।,0.249999999375,0.249999999375,0.2499999943750001,0.2499999943750001,0.0,0.2499999943750001,0,0,0.4,0.14285714265306124
2953.png,একজন পুরুষ হেঁটে যাচ্ছে।,0.49999999875,0.2222222219753086,0.3076923029585799,0.3076923029585799,0.18181817752066123,0.3076923029585799,0,0,0.37037037037037035,0.18181818165289254
1378557186.jpg,একজন লোক বন্দুক তাক করেছে যখন একটি কুকুর দেখছে ।,0.3999999996,0.3999999996,0.3999999946000001,0.3999999946000001,0.22222221697530875,0.3999999946000001,0,0,0.575,0.26666666648888887
3258472448_75cfab5e6f.jpg,একটি কালো রঙের বিশাল প্রাণী <unk> কাছে একটি চাইনিজ রেস্টুরেন্টের বাইরে একটি চাইনিজ রেস্টুরেন্টের বাইরে একটি চাইনিজ রেস্টুরেন্টের বাইরে একটি চাইনিজ রেস্টুরেন্টের বাইরে একটি চাইনিজ রেস্টুরেন্টের বাইরে একটি চাইনিজ রেস্টুরেন্টের বাইরে একটি চাইনিজ রেস্টুরেন্টের বাইরে একটি চাইনিজ রেস্টুরেন্টের বাইরে একটি,0.0,0.0,0.0,0.0,0.0,0.0,0,0,0.1675126903553299,0.0
2620113705_a8fa89b8f6.jpg,দুটি কুকুর জঙ্গলের মধ্যে দিয়ে ছুটে চলেছে।,0.14285714265306124,0.1999999996,0.16666666152777793,0.16666666152777793,0.0,0.16666666152777793,0,0,0.34615384615384615,0.09090909082644627
6604.png,একজন বাচ্চা আরেকজন হাতে নিয়ে আছে।,0.33333333277777777,0.33333333277777777,0.3333333277777778,0.3333333277777778,0.0,0.3333333277777778,0,0,0.4347826086956522,0.1999999998
7477.png,একজন পুরুষ বসে আছেন।,0.49999999875,0.24999999968749997,0.33333332833333335,0.33333332833333335,0.0,0.33333332833333335,0,0,0.3548387096774194,0.1999999998
1527.png,কিছু স্কুলের ড্রেস পরা মহিল একজন হাতে ফুল দিচ্ছে।,0.3333333329629629,0.2727272724793388,0.29999999475000005,0.29999999475000005,0.22222221703703712,0.29999999475000005,0,0,0.5,0.1764705881314879
957230475_48f4285ffe.jpg,একটি শিশু তাকিয়ে আছে।,0.49999999875,0.1999999998,0.28571428122448983,0.28571428122448983,0.16666666263888896,0.28571428122448983,0,0,0.23076923076923073,0.16666666652777776
5817.png,পানির উপর একজন পুরুষ ও একজন পুরুষ লঞ্ছ উঠা পানিতে গোসল করছে।,0.0,0.0,0.0,0.0,0.0,0.0,0,0,0.23913043478260865,0.0
8499.png,একজন লোক একটি ছেলেকে হাওয়ায়,0.3999999992,0.1999999998,0.2666666618666667,0.2666666618666667,0.15384614934911253,0.2666666618666667,0,0,0.3421052631578947,0.15384615372781063
496129405_b9feeda1ab.jpg,একটি কালো কুকুর ঘাসে কামড় দেয়।,0.33333333277777777,0.49999999875,0.3999999944,0.3999999944,0.24999999468750006,0.3999999944,0,0,0.44999999999999996,0.24999999968749997
1566117559_f5d98fbeb0.jpg,একটি সাদা কুকুর একটি লাঠি ধরে আছে,0.4285714279591837,0.5999999988,0.4999999943055557,0.4999999943055557,0.1818181765289258,0.4999999943055557,0,0,0.5217391304347826,0.37499999953124996
3132832452_c354c6396c.jpg,একটি কক্ষে একদল বাচ্চা সোফায় বসে আছে,0.571428570612245,0.2222222220987654,0.319999995712,0.319999995712,0.09999999570000016,0.319999995712,0,0,0.4473684210526315,0.21052631567867036
IMG_20220921_124946.jpg,একজন পুরুষ হাতে ক্যামেরা নিয়ে দাড়িয়ে ছবি তুলছে,0.24999999968749997,0.6666666644444444,0.36363635900826446,0.36363635900826446,0.0,0.36363635900826446,0,0,0.4,0.2222222219753086
3139.png,পাঁচজন মানুষ গোছল করছে।,0.7499999981250001,0.5999999988,0.6666666602469137,0.6666666602469137,0.28571428000000004,0.6666666602469137,0,0,0.7,0.49999999916666665
285586547_c81f8905a1.jpg,মোটরসাইকেলের একজন লোক মোটরসাইকেলের উপর বসে আছে,0.2857142853061225,0.24999999968749997,0.2666666613333334,0.2666666613333334,0.15384614863905344,0.2666666613333334,0,0,0.40384615384615385,0.16666666652777776
2056.png,লোক টির হাতে চুড়ি পরে আছে মহিলা টি শাড়ি পরে আছে মহিলা টি শাড়ি পরে আছে মহিলা টি শাড়ি পরে আছে মহিলা টি শাড়ি পরে আছে মহিলা টি শাড়ি পরে আছে মহিলা টি শাড়ি পরে আছে মহিলা টি শাড়ি পরে,0.07499999998125,0.15789473675900276,0.10169491085320329,0.10169491085320329,0.0,0.10169491085320329,0,0,0.24369747899159666,0.12499999994791666
1394396709_65040d97ab.jpg,একটি কুকুর পানিতে ভিজে গেলো,0.5999999988,0.2727272724793388,0.374999995234375,0.374999995234375,0.1818181768595043,0.374999995234375,0,0,0.4642857142857143,0.24999999979166665
IMG_2762.JPG,চশমা পরিহিত একজন পুরুষ আছে।,0.1999999996,0.249999999375,0.2222222167901236,0.2222222167901236,0.0,0.2222222167901236,0,0,0.35,0.12499999984374999
143.png,রেল লাইনের উপর একজন মহিলা এবং একজন মহিলা এবং একজন মহিলা রেল লাইন এ ধরে রেললাইনের উপর দাঁড়িয়ে আছে,0.05263157891966759,0.12499999984374999,0.07407406984910861,0.07407406984910861,0.0,0.07407406984910861,0,0,0.28378378378378377,0.05263157891966759
2634.png,কয়েকজন মানুষ হেঁটে যাচ্ছে।,0.0,0.0,0.0,0.0,0.0,0.0,0,0,0.20833333333333337,0.0
7850.png,একটি ছোট একটি শিশু সমুদ্র তীরে ফুটবল খেলছে।,0.0,0.0,0.0,0.0,0.0,0.0,0,0,0.3125,0.0
_MG_1961.JPG,হলুদ রঙের বগি পিছনে দেখা যাচ্ছে,0.8333333319444445,0.9999999980000001,0.909090902479339,0.909090902479339,0.6666666602469137,0.909090902479339,0,0,0.8095238095238095,0.8333333319444445
2831656774_36982aafdb.jpg,একটি কালো কুকুর একটি বলকে ধরার চেষ্টা করছে,0.37499999953124996,0.37499999953124996,0.37499999453125,0.37499999453125,0.0,0.3076923024852071,0,0,0.4,0.1999999998
145721496_687af9bb18.jpg,একটি <unk> কাছে একটি সুন্দর লেকের পানিতে নামছে,0.37499999953124996,0.21428571413265304,0.2727272678512397,0.2727272678512397,0.0,0.2727272678512397,0,0,0.3939393939393939,0.1111111110493827
3315726723_64c9b0a945.jpg,একটি লাল রঙের একটি শিশু একটি ফুটবল খেলছে,0.0,0.0,0.0,0.0,0.0,0.0,0,0,0.28,0.0
2984.png,কয়েকজন মানুষ আছে।,0.6666666644444444,0.49999999875,0.5714285648979592,0.5714285648979592,0.39999999360000005,0.5714285648979592,0,0,0.6875,0.3999999992
150582765_bad8dec237.jpg,একজন মহিলা তার ক্যামেরা দিয়ে ছবি তুলছে,0.571428570612245,0.571428570612245,0.5714285656122451,0.5714285656122451,0.3333333277777778,0.5714285656122451,0,0,0.42307692307692313,0.3999999996
2826647354_650ff5eb03.jpg,একটি শিশু একটি <unk> চড়ছে ।,0.16666666638888888,0.1999999996,0.1818181765289258,0.1818181765289258,0.0,0.1818181765289258,0,0,0.42105263157894735,0.1111111109876543
7512.png,তিনজন মানুষ আছে।,0.3333333322222222,0.249999999375,0.28571428000000004,0.28571428000000004,0.0,0.28571428000000004,0,0,0.3571428571428571,0.16666666638888888
2534194182_ac53035cf4.jpg,একটি বিশাল দল জমকালো মাঠে দৌড়াচ্ছে,0.33333333277777777,0.16666666652777776,0.22222221753086427,0.22222221753086427,0.0,0.1818181765289258,0,0,0.4,0.124999999921875
7332.png,একজন পুরুষ কাজ করছে।,0.49999999875,0.3999999992,0.4444444385185186,0.4444444385185186,0.28571428000000004,0.4444444385185186,0,0,0.5263157894736843,0.2857142853061225
1295669416_21cabf594d.jpg,একটি দম্পতি একটি কংক্রিটের দেয়ালে বসে আছে,0.4285714279591837,0.2727272724793388,0.33333332820987654,0.33333332820987654,0.12499999515625017,0.33333332820987654,0,0,0.5319148936170213,0.21428571413265304
1685463722_55843b6d3c.jpg,একটি মেয়ে একটি রাস্তায় চলছে,0.1999999996,0.0999999999,0.13333332871111125,0.13333332871111125,0.0,0.13333332871111125,0,0,0.4642857142857143,0.07692307686390532
633.png,একজন পুরুষ দাড়িয়ে আছে।,0.7499999981250001,0.49999999916666665,0.5999999940000001,0.5999999940000001,0.49999999406250006,0.5999999940000001,0,0,0.5384615384615384,0.4285714279591837
2872.png,একটি নৌকা পাড়ে ২ জন পুরুষ আছে।,0.2857142853061225,0.6666666644444444,0.39999999500000005,0.39999999500000005,0.24999999562500003,0.39999999500000005,0,0,0.4285714285714286,0.24999999968749997
3594029059_cee1f4c59a.jpg,একটি রাজহাঁস জলের উপরে লাফ দিচ্ছে,0.16666666638888888,0.1999999996,0.1818181765289258,0.1818181765289258,0.0,0.1818181765289258,0,0,0.4347826086956522,0.0999999999
222.png,একজন পুরুষ আছে।,0.3333333322222222,0.0999999999,0.15384615005917168,0.15384615005917168,0.0,0.15384615005917168,0,0,0.21212121212121215,0.09090909082644627
4586.png,একটি ছেলে হাতে একটি সাইকেল চালাচ্ছে।,0.16666666638888888,0.16666666638888888,0.16666666138888903,0.16666666138888903,0.0,0.16666666138888903,0,0,0.26086956521739135,0.0999999999
3801.png,দুইজন পুরুষ পাশাপাশি দাড়িয়ে আছে যার চুল কালো চশমা,0.3333333329629629,0.7499999981250001,0.4615384565680474,0.4615384565680474,0.18181817752066123,0.3076923029585799,0,0,0.2727272727272727,0.29999999969999996
4888.png,অনেকগুলো <unk>,0.0,0.0,0.0,0.0,0.0,0.0,0,0,0.11764705882352944,0.0
618292739_0fdc2ccab0.jpg,এক মহিলা তার কাঁধে ব্যাগ নিয়ে যাচ্ছে,0.2857142853061225,0.24999999968749997,0.2666666613333334,0.2666666613333334,0.15384614863905344,0.2666666613333334,0,0,0.3913043478260869,0.16666666652777776
4774.png,এটি একটি মাঠে পতাকা দোলায় দারিয়ে আছে একটি মাঠে পতাকা দোলায় দারিয়ে আছে একটি মাঠে পতাকা দোলায় দারিয়ে আছে একটি মাঠে পতাকা দোলায় দারিয়ে আছে একটি মাঠে পতাকা দোলায় দারিয়ে আছে একটি মাঠে পতাকা দোলায় দারিয়ে আছে একটি মাঠে পতাকা,0.02499999999375,0.14285714265306124,0.04255318893617037,0.04255318893617037,0.0,0.04255318893617037,0,0,0.1448275862068965,0.08333333326388888
7644.png,একজন পুরুষ মাথায় কলশী নিয়ে হেটে যাচ্ছে যার পিছনে একজন পুরুষ যার পরনে জামা উরনা পরে রাস্তা দিয়ে হেঁটে যাচ্ছে।,0.1999999999,0.30769230745562126,0.24242423750229578,0.24242423750229578,0.06451612424557787,0.24242423750229578,0,0,0.36986301369863017,0.13043478255198487
480505313_2dc686e5db.jpg,দু'জন লোক একটি ইটের ভবনের সামনে দাঁড়িয়ে আছে।,0.24999999968749997,0.1999999998,0.22222221703703712,0.22222221703703712,0.0,0.21052631069252087,0,0,0.34693877551020413,0.124999999921875
3430526230_234b3550f6.jpg,একটি কালো কুকুর একটি ক্ষেত্র থেকে দূরে তাকিয়ে আছে।,0.2222222219753086,0.1999999998,0.21052631058171756,0.21052631058171756,0.0,0.21052631058171756,0,0,0.4375,0.124999999921875
4686.png,কয়েকজন ছেলে পাহাড়ের পানিতে গোছল করছে।,0.6666666655555555,0.6666666655555555,0.6666666605555556,0.6666666605555556,0.39999999420000004,0.6666666605555556,0,0,0.8076923076923077,0.49999999937499995
2573.png,একটি মাঠে কয়েকজন মানুষ দেখা যাচ্ছে।,0.33333333277777777,0.16666666652777776,0.22222221753086427,0.22222221753086427,0.12499999554687513,0.22222221753086427,0,0,0.37037037037037035,0.124999999921875
3759.png,তিনজন পুরুষ পাশাপাশি দাড়িয়ে আছে।,0.5999999988,0.37499999953124996,0.46153845609467453,0.46153845609467453,0.0,0.3076923024852071,0,0,0.36363636363636365,0.3333333329629629
2211.png,একজন মহিলা মাথায় ইট বহন করছে।,0.16666666638888888,0.16666666638888888,0.16666666138888903,0.16666666138888903,0.0,0.16666666138888903,0,0,0.4347826086956522,0.09090909082644627
347282286_168299646194618_7963948990199803197_n.jpg,একজন পুরুষ একটি রাস্তা দিয়ে হেঁটে যাচ্ছে।,0.14285714265306124,0.14285714265306124,0.14285713765306143,0.14285713765306143,0.0,0.14285713765306143,0,0,0.3846153846153846,0.07692307686390532
3123526484_02952e40fc.jpg,একটি দম্পতি রাস্তা দিয়ে হেটে যাচ্ছে,0.33333333277777777,0.3999999992,0.36363635801652905,0.36363635801652905,0.2222222167901236,0.36363635801652905,0,0,0.3076923076923077,0.2222222219753086
485921585_1974b1577a.jpg,একজন লোক তার সাইকেল দিয়ে বাতাসে কৌশল দেখাচ্ছে,0.37499999953124996,0.24999999979166665,0.2999999949,0.2999999949,0.15384614863905344,0.2666666613333334,0,0,0.5161290322580645,0.1874999998828125
20201222_134232.jpg,একটি ছেলে একটি দেয়ালের উপর বসে আছে।,0.14285714265306124,0.16666666638888888,0.15384614863905344,0.15384614863905344,0.0,0.15384614863905344,0,0,0.6,0.09090909082644627
487074671_66db20bf47.jpg,একজন লোক একটি <unk> বসে আছে।,0.49999999916666665,0.4285714279591837,0.4615384558579882,0.4615384558579882,0.36363635801652905,0.4615384558579882,0,0,0.5384615384615384,0.29999999969999996
3638992163_a085cc0c24.jpg,একটি কুকুর বেগুনি সাদা বাঁধা পেরিয়ে কার্ট পার করছে,0.3333333329629629,0.24999999979166665,0.28571428054421777,0.28571428054421777,0.13333332817777796,0.23529411238754333,0,0,0.40625,0.1764705881314879
3423802527_94bd2b23b0.jpg,একটি কনসার্টে সাদা রঙের পরিপাটি গাউন পরিহিত একজন লোক দর্শকদের সামনে দাঁড়িয়ে আছে,0.07692307686390532,0.16666666638888888,0.10526315346260404,0.10526315346260404,0.0,0.10526315346260404,0,0,0.2857142857142857,0.05555555552469135
7437.png,একটি শিশু আছে।,0.6666666644444444,0.2857142853061225,0.39999999500000005,0.39999999500000005,0.0,0.39999999500000005,0,0,0.28,0.2857142853061225
8733.png,একটি সেতুর উপরে রাখা হয়েছে,0.0,0.0,0.0,0.0,0.0,0.0,0,0,0.2727272727272727,0.0
2764178773_d63b502812.jpg,একজন লোক পাহাড়ে সাইকেল নিয়ে লাফ দিয়ে লাফ দিলো,0.4444444439506172,0.571428570612245,0.49999999445312515,0.49999999445312515,0.2857142804081633,0.49999999445312515,0,0,0.5806451612903225,0.3636363633057851
9151.png,চারটি মেয়ে অন্য চালকেরা তার নৌকা চালাচ্ছে,0.2857142853061225,0.24999999968749997,0.2666666613333334,0.2666666613333334,0.0,0.2666666613333334,0,0,0.46153846153846156,0.15384615372781063
2281.png,একজন মহিলা এবং এদের মধ্যে এক হাতে নিয়ে আছে।,0.2222222219753086,0.24999999968749997,0.23529411238754333,0.23529411238754333,0.0,0.23529411238754333,0,0,0.4516129032258065,0.14285714275510203
2310233145_910cb5b4c8.jpg,একটি শিশু আছে।,0.6666666644444444,0.18181818165289254,0.2857142819387755,0.2857142819387755,0.16666666361111113,0.2857142819387755,0,0,0.18181818181818177,0.16666666652777776
3162045919_c2decbb69b.jpg,একজন লোক উত্তাল ঢেউয়ের উপর চড়ছে,0.33333333277777777,0.1999999998,0.24999999500000003,0.24999999500000003,0.14285713806122466,0.24999999500000003,0,0,0.52,0.14285714275510203
3198962089_e647d1b0cd.jpg,একটি দালানের সামনে একদল লোক।,0.1999999996,0.12499999984374999,0.15384614887573977,0.15384614887573977,0.0,0.15384614887573977,0,0,0.28,0.08333333326388888
3472364264_dbde5a8d0a.jpg,একটি কালো কুকুর সমুদ্রের ধারে সৈকতে জলের ধারে সৈকতে জলের ধারে সৈকতে জলের ধারে সৈকতে জলের ধারে সৈকতে জলের ধারে সৈকতে জলের ধারে সৈকতে জলের ধারে সৈকতে জলের ধারে সৈকতে জলের ধারে সৈকতে জলের ধারে সৈকতে জলের ধারে সৈকতে জলের,0.07499999998125,0.7499999981250001,0.13636363464876033,0.13636363464876033,0.0,0.13636363464876033,0,0,0.21621621621621623,0.37499999953124996
2929006980_9f9f8f3d21.jpg,একটি ছোট ছেলে ঘাসের উপর বসে আছে।,0.2857142853061225,0.2222222219753086,0.24999999476562512,0.24999999476562512,0.0,0.24999999476562512,0,0,0.4242424242424242,0.14285714275510203
574274795_57e0834e7d.jpg,একজন মানুষ একটি কালো রঙের একটি সাদা কালো রঙের একটি <unk>,0.3636363633057851,0.3636363633057851,0.3636363583057851,0.3636363583057851,0.19999999480000014,0.3636363583057851,0,0,0.3902439024390244,0.21428571413265304
1616.png,সামনে একজন পুরুষ দাড়িয়ে আছে।,0.5999999988,0.4285714279591837,0.4999999943055557,0.4999999943055557,0.1999999948000001,0.4999999943055557,0,0,0.48275862068965514,0.3333333329629629
7567.png,একটি শিশু আছে।,0.6666666644444444,0.24999999968749997,0.36363635900826446,0.36363635900826446,0.0,0.36363635900826446,0,0,0.22580645161290325,0.24999999968749997
6510.png,একটি শিশু দাড়িয়ে আছে।,0.49999999875,0.15384615372781063,0.2352941137716263,0.2352941137716263,0.0,0.2352941137716263,0,0,0.2666666666666667,0.14285714275510203
252504549_135b0db5a3.jpg,একটি কুকুর একটি মাঠে দৌড়াচ্ছে,0.5999999988,0.29999999969999996,0.39999999502222217,0.39999999502222217,0.3076923029585799,0.39999999502222217,0,0,0.4814814814814815,0.24999999968749997
2676937700_456134c7b5.jpg,একটি পাথুরে <unk> এ বসে আছে কিছু দেখছে,0.12499999984374999,0.16666666638888888,0.1428571377551022,0.1428571377551022,0.0,0.1428571377551022,0,0,0.3421052631578947,0.07692307686390532
9062.png,দূরে একজন মানুষ আছে।,0.49999999875,0.3999999992,0.4444444385185186,0.4444444385185186,0.28571428000000004,0.4444444385185186,0,0,0.6,0.2857142853061225
1693.png,একজন নারী বসে ভিক্ষা করছে সাদা পোশাক পরে আছে,0.3333333329629629,0.19999999986666667,0.2499999951041667,0.2499999951041667,0.0,0.22222221697530875,0,0,0.36363636363636365,0.14285714278911565
6791.png,একটি নৌকায় কয়েকজন মানুষ আছে।,0.7999999984,0.3999999996,0.5333333281777778,0.5333333281777778,0.3076923029585799,0.5333333281777778,0,0,0.4871794871794872,0.4444444439506172
2089542487_b4c1ee7025.jpg,পাহাড়ি রাস্তায় এক লোক রোলারব্লেডিং করছে,0.33333333277777777,0.2222222219753086,0.2666666615111111,0.2666666615111111,0.0,0.2666666615111111,0,0,0.48,0.15384615372781063
6763.png,একটি শিশু আছে।,0.3333333322222222,0.0999999999,0.15384615005917168,0.15384615005917168,0.0,0.15384615005917168,0,0,0.18918918918918914,0.09090909082644627
3320411267_df70b90501.jpg,একজন লোক একটি বিশাল পাথরের পাশে দাঁড়িয়ে আছে,0.37499999953124996,0.2727272724793388,0.31578946847645434,0.31578946847645434,0.11764705384083066,0.31578946847645434,0,0,0.43333333333333335,0.1874999998828125
2623982903_58ec7c5026.jpg,কুকুরের দৌড় প্রতিযোগিতা অনুষ্ঠিত হচ্ছে,0.9999999980000001,0.9999999980000001,0.9999999930000001,0.9999999930000001,0.9999999925,0.9999999930000001,1,1,1.0,0.9999999980000001
5482.png,একটি দোকানের পাশ দিয়ে একজন মানুষ হেঁটে যাচ্ছে।,0.0,0.0,0.0,0.0,0.0,0.0,0,0,0.30000000000000004,0.0
9123.png,জলাশয়ের ওপাশে অনেকগুলো গাছ আছে।,0.0,0.0,0.0,0.0,0.0,0.0,0,0,0.20833333333333337,0.0
3728164558_52729baefa.jpg,দু'জন মহিলা একটি দালানের সামনে দাড়িয়ে আছে।,0.2857142853061225,0.33333333277777777,0.3076923022485208,0.3076923022485208,0.1818181765289258,0.3076923022485208,0,0,0.7037037037037037,0.18181818165289254
2272.png,একজন পুরুষ ও একজন নারী পাশাপাশি বসে আছে।,0.37499999953124996,0.3333333329629629,0.3529411710726644,0.3529411710726644,0.13333332817777796,0.3529411710726644,0,0,0.43333333333333335,0.24999999979166665
2813033949_e19fa08805.jpg,একটি টেরিয়ার মাঠে ঝাপ দিচ্ছে,0.1999999996,0.16666666638888888,0.1818181765289258,0.1818181765289258,0.0,0.1818181765289258,0,0,0.4,0.0999999999
Football_in_the_village_of_Bangladesh.jpg,কয়েকজন ছেলে ছেলে মাঠে খেলছে।,0.1999999996,0.3333333322222222,0.24999999468750006,0.24999999468750006,0.0,0.24999999468750006,0,0,0.38888888888888884,0.16666666638888888
2795.png,একজন পুরুষ দাড়িয়ে আছে ১ জন পুরুষ বসে আছে একজন পুরুষ বসে আছে একজন পুরুষ বসে আছে একজন পুরুষ বসে আছে একজন পুরুষ বসে আছে একজন পুরুষ বসে আছে একজন পুরুষ বসে আছে একজন পুরুষ বসে আছে একজন পুরুষ বসে,0.099999999975,0.26666666648888887,0.14545454143471084,0.14545454143471084,0.11320754323958716,0.14545454143471084,0,0,0.24489795918367352,0.24999999979166665
2968.png,একজন বয়স্ক পুরুষ আছে।,0.7499999981250001,0.9999999966666667,0.8571428497959185,0.8571428497959185,0.39999999360000005,0.8571428497959185,0,0,0.6875,0.7499999981250001
1399.png,একজন বৃদ্ধ নারী বসে আছে।,0.7999999984,0.24999999984375,0.3809523769614513,0.3809523769614513,0.10526315445983389,0.3809523769614513,0,0,0.26086956521739135,0.3636363633057851
3551170666_01df31412d.jpg,একটি ট্যান কুকুর <unk>,0.7499999981250001,0.3333333329629629,0.4615384565680474,0.4615384565680474,0.0,0.4615384565680474,0,0,0.3214285714285714,0.29999999969999996
6156.png,একজন লোক আগুনের <unk>,0.249999999375,0.14285714265306124,0.1818181768595043,0.1818181768595043,0.0,0.1818181768595043,0,0,0.2222222222222222,0.0999999999
1285.png,অনেকগুলো মানুষ আছে।,0.6666666644444444,0.1999999998,0.3076923036686391,0.3076923036686391,0.0,0.3076923036686391,0,0,0.2777777777777778,0.1999999998
109260218_fca831f933.jpg,একটি গুহায় তিনজন লোক দাঁড়িয়ে আছে,0.6666666655555555,0.6666666655555555,0.6666666605555556,0.6666666605555556,0.19999999460000012,0.4999999941666667,0,0,0.4375,0.49999999937499995
8332.png,পানিতে দুইটি শিশু আছে।,0.7499999981250001,0.7499999981250001,0.7499999931250001,0.7499999931250001,0.0,0.4999999937500001,0,0,0.3076923076923077,0.5999999988
1277743944.jpg,একটি ছেলে একটি <unk>,0.7499999981250001,0.29999999969999996,0.42857142387755104,0.42857142387755104,0.2222222172839507,0.36363635834710756,0,0,0.34615384615384615,0.24999999968749997
6061.png,একজন পুরুষ মানুষ দেখা যাচ্ছে।,0.7999999984,0.571428570612245,0.6666666606944446,0.6666666606944446,0.3999999944,0.6666666606944446,0,0,0.56,0.49999999937499995
2518094853_dfce24ce8c.jpg,একটি বাদামী কুকুর একটি ফ্রিসবি ধরার চেষ্টা করছে,0.49999999937499995,0.49999999937499995,0.49999999437500003,0.49999999437500003,0.42857142295918377,0.49999999437500003,0,0,0.625,0.2727272724793388
6183.png,একজন বাচ্চা মেয়ে কান্না করছেন।,0.1999999996,0.1999999996,0.19999999460000012,0.19999999460000012,0.0,0.19999999460000012,0,0,0.44999999999999996,0.1111111109876543
223299137_b0e81ac145.jpg,একটি নৌকায় কয়েকজন লোক বসে আছে যাতে ৩জন পুরুষ এবং একটি নৌকা চলছে যাতে কিছু নৌকায় করে নৌকা নিয়ে যাচ্ছে এবং একজন পুরুষ এবং একটি নৌকা চলছে যাতে কিছু নৌকায় করে নৌকা নিয়ে যাচ্ছে এবং একজন পুরুষ এবং একটি নৌকা,0.099999999975,0.49999999937499995,0.16666666381944448,0.16666666381944448,0.043478258270321514,0.12499999717013895,0,0,0.21276595744680848,0.19047619038548752
6496.png,একটি নৌকায় একজন লোক বসে আছে।,0.49999999916666665,0.4285714279591837,0.4615384558579882,0.4615384558579882,0.23529411321799312,0.4615384558579882,0,0,0.5925925925925926,0.29999999969999996
955.png,একজন পুরুষ হেঁটে যাচ্ছে।,0.49999999875,0.3999999992,0.4444444385185186,0.4444444385185186,0.28571428000000004,0.4444444385185186,0,0,0.4736842105263158,0.2857142853061225
403523132_73b9a1a4b3.jpg,একটি কুকুর মুখে বল নিয়ে,0.5999999988,0.4285714279591837,0.4999999943055557,0.4999999943055557,0.1999999948000001,0.4999999943055557,0,0,0.4375,0.3333333329629629
1497.png,একটি <unk> একটি <unk>,0.249999999375,0.09090909082644627,0.13333332924444455,0.13333332924444455,0.0,0.13333332924444455,0,0,0.19354838709677424,0.08333333326388888
4119.png,একটি শিশু পায়ে দাড়িয়ে আছে একজন বৃদ্ধ নারী আছে।,0.3333333329629629,0.4285714279591837,0.374999994609375,0.374999994609375,0.0,0.29999999475000005,0,0,0.4,0.23076923059171597
3744832122_2f4febdff6.jpg,বেসবল খেলোয়াড় বল হাতে অন্যকে আঘাত করলো,0.4285714279591837,0.7499999981250001,0.5454545398347109,0.5454545398347109,0.44444443901234576,0.5454545398347109,0,0,0.4642857142857143,0.37499999953124996
9138.png,সূর্যাস্তের সময় একজন পুরুষ সাইকেল চালাচ্ছে।,0.16666666638888888,0.249999999375,0.1999999948000001,0.1999999948000001,0.0,0.1999999948000001,0,0,0.3448275862068966,0.1111111109876543
_MG_3698.JPG,একটি লোক বসে আছে,0.7499999981250001,0.49999999916666665,0.5999999940000001,0.5999999940000001,0.33333332722222225,0.5999999940000001,0,0,0.8333333333333334,0.4285714279591837
2525.png,একজন বাচ্চা মেয়ে বাচ্চা।,0.249999999375,0.16666666638888888,0.1999999948000001,0.1999999948000001,0.0,0.1999999948000001,0,0,0.4285714285714286,0.1111111109876543
3569284680_44fef444ef.jpg,একটি ছোট্ট মেয়ে একটি <unk> পাইরেট টুপি পরে আছে,0.2222222219753086,0.11764705875432525,0.15384614920118356,0.15384614920118356,0.0,0.15384614920118356,0,0,0.3125,0.049999999975
3446586125_cafa0bfd67.jpg,একটি তামাটে কুকুর লম্বা ঘাসের উপর দৌড়াচ্ছে,0.4285714279591837,0.4285714279591837,0.42857142295918377,0.42857142295918377,0.11111110654321005,0.42857142295918377,0,0,0.46808510638297873,0.2727272724793388
1860543210_47e94cf652.jpg,একটি ডানদিকের লোকটি একটি <unk> <unk>,0.16666666638888888,0.0999999999,0.12499999515625017,0.12499999515625017,0.0,0.12499999515625017,0,0,0.25,0.07692307686390532
_MG_3789.JPG,একটা বয়স্ক লোক দাড়িয়ে আছে যার চুল কালো রঙ এর,0.7999999992,0.8888888879012344,0.8421052572853186,0.8421052572853186,0.7058823471280277,0.8421052572853186,0,0,0.8181818181818181,0.7272727266115702
71.png,বালুর উপরে মুখ দেখা যাচ্ছে,0.0,0.0,0.0,0.0,0.0,0.0,0,0,0.37037037037037035,0.0
2062.png,সমুদ্রের পার দিয়ে একজন মানুষ আছে।,0.16666666638888888,0.1999999996,0.1818181765289258,0.1818181765289258,0.0,0.1818181765289258,0,0,0.3913043478260869,0.0999999999
1042590306_95dea0916c.jpg,একজন মহিলা একটি <unk> দেখাচ্ছেন,0.3999999992,0.2222222219753086,0.2857142807142858,0.2857142807142858,0.0,0.2857142807142858,0,0,0.37142857142857144,0.18181818165289254
2844018783_524b08e5aa.jpg,এক ছোট ছেলে ঘরের ভিতরে বার এর উপর বসে আছে,0.1999999998,0.24999999968749997,0.22222221703703712,0.22222221703703712,0.12499999492187522,0.22222221703703712,0,0,0.34375,0.124999999921875
3286822339_5535af6b93.jpg,একটি দোকানের সামনে একটি দোকানের সামনে দাঁড়িয়ে আছে,0.12499999984374999,0.16666666638888888,0.1428571377551022,0.1428571377551022,0.0,0.1428571377551022,0,0,0.40625,0.0999999999
4259.png,একজন নারী আছে।,0.3333333322222222,0.16666666638888888,0.2222222172839507,0.2222222172839507,0.0,0.2222222172839507,0,0,0.3157894736842105,0.12499999984374999
7704.png,কয়েকজন পুরুষ দাড়িয়ে আছে।,0.7499999981250001,0.4285714279591837,0.5454545398347109,0.5454545398347109,0.44444443901234576,0.5454545398347109,0,0,0.4642857142857143,0.37499999953124996
2193223202_4d908c0450.jpg,একটি শিশু একটি লাল জামা পরে একটি লাল জামা পরে একটি লাল জামা পরে একটি লাল জামা পরে একটি লাল জামা পরে একটি লাল জামা পরে একটি লাল জামা পরে একটি লাল জামা পরে একটি লাল জামা পরে একটি লাল,0.07499999998125,0.21428571413265304,0.11111110722908106,0.11111110722908106,0.0,0.11111110722908106,0,0,0.25384615384615383,0.124999999921875
2144050118_3e7d2e05b1.jpg,একটি মেয়ে একটি <unk> <unk> <unk> <unk> <unk> <unk> <unk> <unk> <unk> <unk> <unk> <unk> <unk> <unk> <unk> <unk> <unk> <unk> <unk> <unk> <unk> <unk> <unk> <unk> <unk> <unk> <unk> <unk> <unk> <unk> <unk> <unk> <unk> <unk> <unk> <unk> <unk>,0.07499999998125,0.24999999979166665,0.11538461178994093,0.11538461178994093,0.0,0.11538461178994093,0,0,0.11392405063291144,0.24999999979166665
4075.png,একটি ছোট একটি ছোট একটি ছোট একটি ছোট একটি ছোট একটি ছোট একটি ছোট একটি ছোট একটি ছোট একটি ছোট একটি ছোট একটি ছোট একটি ছোট একটি ছোট একটি ছোট একটি ছোট একটি ছোট একটি ছোট একটি ছোট একটি ছোট,0.0499999999875,0.2857142853061225,0.08510638040742426,0.08510638040742426,0.04444444211358036,0.08510638040742426,0,0,0.1079136690647482,0.2857142853061225
3482062809_3b694322c4.jpg,দুজন লোক একটি কুকুর নিয়ে হেঁটে যাচ্ছে,0.14285714265306124,0.12499999984374999,0.13333332817777796,0.13333332817777796,0.0,0.13333332817777796,0,0,0.33333333333333337,0.07142857137755101
2085557551_7a88d01d4e.jpg,একটি মেয়ে তার মুখে একটি লাঠি হাতে নিয়ে দাঁড়িয়ে আছে,0.29999999969999996,0.2727272724793388,0.28571428045351477,0.28571428045351477,0.0,0.28571428045351477,0,0,0.4375,0.1764705881314879
5473.png,কয়েকজন পুরুষ আছে।,0.6666666644444444,0.33333333277777777,0.44444443901234576,0.44444443901234576,0.0,0.44444443901234576,0,0,0.44999999999999996,0.2857142853061225
136886677.jpg,একটি সংকীর্ণ প্রবাহে দুজন লোক একটি <unk> করছে,0.49999999937499995,0.26666666648888887,0.3478260821172023,0.3478260821172023,0.19047618585034026,0.3478260821172023,0,0,0.5,0.1764705881314879
4576.png,একজন পুরুষ একটি হলুদ ফুলের উপর দিয়ে হেটে যাচ্ছে একজন ছোট ছেলে।,0.08333333326388888,0.14285714265306124,0.1052631531301941,0.1052631531301941,0.0,0.1052631531301941,0,0,0.2666666666666667,0.05882352937716263
512031915_0dd03dcdf9.jpg,একটি কালো কুকুর একটি বল ধরার চেষ্টা করছে।,0.49999999937499995,0.3333333330555555,0.39999999480000004,0.39999999480000004,0.22222221722222232,0.39999999480000004,0,0,0.48571428571428577,0.19999999986666667
2885382946_f541ea5722.jpg,একটি ব্যক্তি একটি হ্রদ উপভোগ করছে,0.33333333277777777,0.1999999998,0.24999999500000003,0.24999999500000003,0.0,0.24999999500000003,0,0,0.38888888888888884,0.15384615372781063
4116.png,একটি শিশু আছে।,0.9999999966666667,0.7499999981250001,0.8571428497959185,0.8571428497959185,0.39999999360000005,0.8571428497959185,0,0,0.6923076923076923,0.7499999981250001
5312.png,একজন লোক একটি কাউন্টারের পিছনে দাঁড়িয়ে আছে।,0.2857142853061225,0.6666666644444444,0.39999999500000005,0.39999999500000005,0.0,0.39999999500000005,0,0,0.3448275862068966,0.24999999968749997
7149.png,একজন মানুষ আছে।,0.6666666644444444,0.33333333277777777,0.44444443901234576,0.44444443901234576,0.0,0.44444443901234576,0,0,0.3913043478260869,0.2857142853061225
5166.png,একটি উচু ঘর আছে।,0.249999999375,0.249999999375,0.2499999943750001,0.2499999943750001,0.0,0.2499999943750001,0,0,0.33333333333333337,0.14285714265306124
166.png,একটি ছোট ছেলে সিঁড়িতে বসে আছে,0.16666666638888888,0.08333333326388888,0.11111110654321005,0.11111110654321005,0.0,0.11111110654321005,0,0,0.2692307692307693,0.0624999999609375
3666169738_a8c74cf745.jpg,একটি শিশু বসে জল ছিটাচ্ছে,0.9999999980000001,0.3846153843195266,0.5555555509259259,0.5555555509259259,0.2499999959375,0.5555555509259259,0,0,0.6666666666666667,0.3846153843195266
1659358141_0433c9bf99.jpg,একটি ধূসর কুকুর একটি টেনিস বল নিয়ে খেলছে।,0.37499999953124996,0.3333333329629629,0.3529411710726644,0.3529411710726644,0.2666666613333334,0.3529411710726644,0,0,0.6,0.23076923059171597
3707738261_777075e885.jpg,একটি মেয়ে দোলনায় উল্টা ঝুলে আছে,0.33333333277777777,0.2857142853061225,0.3076923022485208,0.3076923022485208,0.1818181765289258,0.3076923022485208,0,0,0.33333333333333337,0.18181818165289254
5094.png,একটি রাস্তা দিয়ে একটি রিক্সা যাচ্ছে ও পাহাড় আছে।,0.1111111109876543,0.3333333322222222,0.16666666263888896,0.16666666263888896,0.0,0.16666666263888896,0,0,0.29032258064516125,0.0999999999
2275029674_6d4891c20e.jpg,একটি কুকুর একটি বাটি উচিয়ে আছে,0.49999999916666665,0.149999999925,0.23076922704142017,0.23076922704142017,0.0,0.23076922704142017,0,0,0.33333333333333337,0.14285714265306124
8699.png,একটি নৌকা চালিয়ে যাচ্ছেন একজন পুরুষ।,0.33333333277777777,0.33333333277777777,0.3333333277777778,0.3333333277777778,0.0,0.3333333277777778,0,0,0.45833333333333337,0.1999999998
347.png,একজন মানুষ আছে।,0.6666666644444444,0.33333333277777777,0.44444443901234576,0.44444443901234576,0.0,0.44444443901234576,0,0,0.40909090909090906,0.2857142853061225
8388.png,একজন পুরুষ ও শুয়ে ঘুমাচ্চেন এবং ২ জন বসে আছে।,0.29999999969999996,0.7499999981250001,0.42857142387755104,0.42857142387755104,0.0,0.42857142387755104,0,0,0.4242424242424242,0.2727272724793388
4579.png,একটি ছেলে সৈকতে একটি ঢেউ আছড়ে পড়ছে,0.2857142853061225,0.33333333277777777,0.3076923022485208,0.3076923022485208,0.1818181765289258,0.3076923022485208,0,0,0.48,0.1999999998
37.png,একজন ছোট ছেলে দাড়িয়ে চেয়ে আছেন।,0.49999999916666665,0.11538461534023668,0.18749999683593754,0.18749999683593754,0.06666666384444457,0.18749999683593754,0,0,0.3214285714285714,0.11111111106995884
3405720825_b6991005eb.jpg,একটি বাদামী কুকুর একটি <unk> <unk> <unk> <unk> <unk> <unk> <unk> <unk> <unk> <unk> <unk> <unk> <unk> <unk> <unk> <unk> <unk> <unk> <unk> <unk> <unk> <unk> <unk> <unk> <unk> <unk> <unk> <unk> <unk> <unk> <unk> <unk> <unk> <unk> <unk> <unk>,0.099999999975,0.28571428551020406,0.14814814425240067,0.14814814425240067,0.0,0.07692307334319543,0,0,0.10062893081761004,0.2727272724793388
3295671644_0e10891b6d.jpg,একটি কুকুর লম্বা ঘাসের মধ্যে দৌড়াচ্ছে,0.6666666655555555,0.6666666655555555,0.6666666605555556,0.6666666605555556,0.39999999420000004,0.5454545395041324,0,0,0.7083333333333333,0.49999999937499995
2165677531_e1d5e086f7.jpg,একটি <unk> সবুজ মোটরসাইকেল চালাচ্ছে,0.3999999992,0.24999999968749997,0.3076923024852071,0.3076923024852071,0.0,0.249999995390625,0,0,0.275,0.18181818165289254
4720.png,রাস্তা দিয়ে গাড়ি চলাচল করছে।,0.1999999996,0.249999999375,0.2222222167901236,0.2222222167901236,0.0,0.2222222167901236,0,0,0.38888888888888884,0.12499999984374999
1921.png,একজন পুরুষ কাজ করছে।,0.49999999875,0.16666666652777776,0.2499999959375,0.2499999959375,0.14285713928571436,0.2499999959375,0,0,0.28260869565217395,0.15384615372781063
3669069522_555c97fbfb.jpg,একটি দম্পতি সবুজ ঘাসে নিজেদের ছবি তুলছেন,0.14285714265306124,0.14285714265306124,0.14285713765306143,0.14285713765306143,0.0,0.14285713765306143,0,0,0.3214285714285714,0.08333333326388888
8407.png,একজন লোক খাবার খাচ্ছে।,0.49999999875,0.15384615372781063,0.2352941137716263,0.2352941137716263,0.1333333299555556,0.2352941137716263,0,0,0.2666666666666667,0.13333333324444444
2419221084_01a14176b4.jpg,একটি সাদা কুকুর একটি রাস্তায় খেলে,0.33333333277777777,0.33333333277777777,0.3333333277777778,0.3333333277777778,0.21052631168975072,0.3333333277777778,0,0,0.36363636363636365,0.2222222219753086
8674.png,একজন লোক এবং একটি <unk>,0.1999999996,0.09090909082644627,0.12499999554687513,0.12499999554687513,0.0,0.12499999554687513,0,0,0.30434782608695654,0.06666666662222222
3571193625_835da90c5e.jpg,একটি কুকুর মুখে গাছের গুড়ি নিয়ে দাঁড়িয়ে আছে।,0.24999999968749997,0.24999999968749997,0.24999999468750006,0.24999999468750006,0.13333332817777796,0.24999999468750006,0,0,0.4545454545454546,0.15384615372781063
5057.png,নদীতে নৌকা আছে।,0.6666666644444444,0.6666666644444444,0.6666666594444445,0.6666666594444445,0.4999999925000001,0.6666666594444445,0,0,0.6,0.49999999875
412056525_191724b058.jpg,একটি শিশু তার মুখ <unk> মুখ বানাচ্ছে,0.2857142853061225,0.3999999992,0.33333332791666676,0.33333332791666676,0.0,0.33333332791666676,0,0,0.375,0.24999999968749997
7585.png,সূর্যাস্তের সময় একটা লোক নদী দিয়ে <unk>,0.0,0.0,0.0,0.0,0.0,0.0,0,0,0.25,0.0
478750151_e0adb5030a.jpg,দুটি কুকুর তীব্র স্রোতের কাছে একটি বাদামী কুকুর তীব্র স্রোতের কাছে একটি বাদামী কুকুর তীব্র স্রোতের কাছে একটি বাদামী কুকুর তীব্র স্রোতের কাছে একটি বাদামী কুকুর তীব্র স্রোতের কাছে একটি বাদামী কুকুর তীব্র স্রোতের কাছে একটি বাদামী কুকুর তীব্র স্রোতের,0.07499999998125,0.24999999979166665,0.11538461178994093,0.11538461178994093,0.04651162619794489,0.11538461178994093,0,0,0.23270440251572322,0.1999999998
1505.png,ক্যামেরা নিয়ে বসে একটা লোক ক্যামেরা নিয়ে বসে আছে কিছু মানুষ।,0.18181818165289254,0.2222222219753086,0.19999999485000008,0.19999999485000008,0.0,0.19999999485000008,0,0,0.3421052631578947,0.13333333324444444
6295.png,একজন মহিলা এবং একটি বিশাল মূর্তির সামনে জলদস্যু পোশাক পরে আছে,0.3636363633057851,0.1739130434026465,0.23529411313148793,0.23529411313148793,0.0,0.11764705437716279,0,0,0.2962962962962963,0.159999999936
3628.png,পানিতে ভাসছে যাতে কিছু মানুষ।,0.3999999992,0.15384615372781063,0.22222221796296296,0.22222221796296296,0.0,0.22222221796296296,0,0,0.30434782608695654,0.124999999921875
5498.png,একটি পা দেখা যাচ্ছে।,0.0,0.0,0.0,0.0,0.0,0.0,0,0,0.2777777777777778,0.0
3523819210_99782628fc.jpg,একটি মেয়ে ঠেলাগাড়ি তে,0.249999999375,0.09090909082644627,0.13333332924444455,0.13333332924444455,0.0,0.13333332924444455,0,0,0.31818181818181823,0.07142857137755101
3609032038_005c789f64.jpg,একজন লোক পাহাড়ে চলাচলের উপযোগী বাইক চালাচ্ছে।,0.2857142853061225,0.2857142853061225,0.28571428030612256,0.28571428030612256,0.16666666138888903,0.28571428030612256,0,0,0.59375,0.16666666652777776
1010087179.jpg,মহিলাটি গুলো পানি নিয়ে দাঁড়িয়ে আছে,0.0,0.0,0.0,0.0,0.0,0.0,0,0,0.23529411764705888,0.0
5977.png,একটি ছোট মেয়ে রঙিন পোশাক এবং একটি পতাকার <unk>,0.2222222219753086,0.49999999875,0.3076923029585799,0.3076923029585799,0.0,0.3076923029585799,0,0,0.303030303030303,0.1999999998
4420.png,কয়েকজন পুরুষ দাড়িয়ে আছে।,0.9999999975,0.3999999996,0.5714285665306122,0.5714285665306122,0.16666666263888896,0.42857142387755104,0,0,0.35,0.3999999996
3560771491_2a18b6241e.jpg,জমিতে ধান কাটছে।,0.0,0.0,0.0,0.0,0.0,0.0,0,0,0.20833333333333337,0.0
3286620180_4b00e93e8e.jpg,একটি <unk>,0.0,0.0,0.0,0.0,0.0,0.0,0,0,0.13636363636363635,0.0
2930318834_8366811283.jpg,একজন পুরুষ আছে।,0.3333333322222222,0.16666666638888888,0.2222222172839507,0.2222222172839507,0.0,0.2222222172839507,0,0,0.2592592592592593,0.12499999984374999
3175446111_681a89f873.jpg,একটি বাতি লাগানো একটি দোকানের সামনে একটি দোকানের সামনে দাঁড়িয়ে আছে,0.09090909082644627,0.12499999984374999,0.10526315290858747,0.10526315290858747,0.0,0.10526315290858747,0,0,0.34883720930232553,0.07142857137755101
1019.png,একজন পুরুষ দোকানের সামনে দাঁড়িয়ে আছে,0.0,0.0,0.0,0.0,0.0,0.0,0,0,0.5,0.0
1690.png,কয়েকজন মানুষ আছে।,0.3333333322222222,0.09090909082644627,0.14285713928571436,0.14285713928571436,0.0,0.14285713928571436,0,0,0.21052631578947367,0.07692307686390532
3339140382_2e49bc324a.jpg,একজন লোক দোলনায় দুলছে,0.249999999375,0.12499999984374999,0.16666666194444454,0.16666666194444454,0.0,0.16666666194444454,0,0,0.33333333333333337,0.09090909082644627
2607383384_d9ce9de793.jpg,একটি <unk> <unk> <unk> <unk> <unk> <unk> <unk> <unk> <unk> <unk> <unk> <unk> <unk> <unk> <unk> <unk> <unk> <unk> <unk> <unk> <unk> <unk> <unk> <unk> <unk> <unk> <unk> <unk> <unk> <unk> <unk> <unk> <unk> <unk> <unk> <unk> <unk> <unk> <unk>,0.02499999999375,0.14285714265306124,0.04255318893617037,0.04255318893617037,0.0,0.04255318893617037,0,0,0.08176100628930816,0.12499999984374999
7674.png,একজন পুরুষ বসে আছে।,0.49999999875,0.2222222219753086,0.3076923029585799,0.3076923029585799,0.0,0.3076923029585799,0,0,0.36363636363636365,0.18181818165289254
1381.png,একজন পুরুষ হাতে একটা ব্যাগ নিয়ে আছে।,0.2857142853061225,0.33333333277777777,0.3076923022485208,0.3076923022485208,0.0,0.3076923022485208,0,0,0.36,0.18181818165289254
1820.png,একজন মহিলা রাস্তা দিয়ে হেঁটে যাচ্ছে।,0.49999999916666665,0.23076923059171597,0.31578946903047095,0.31578946903047095,0.11764705453287211,0.31578946903047095,0,0,0.33333333333333337,0.1874999998828125
5931.png,একটি <unk> <unk> ভাঙা <unk> কিনতে,0.16666666638888888,0.12499999984374999,0.1428571377551022,0.1428571377551022,0.0,0.1428571377551022,0,0,0.27586206896551724,0.09090909082644627
4796.png,একটি মসজিদে কয়েকজন কে দেখা যাচ্ছে।,0.16666666638888888,0.249999999375,0.1999999948000001,0.1999999948000001,0.0,0.1999999948000001,0,0,0.30434782608695654,0.12499999984374999
IMG_20220916_174114.jpg,একজন পুরুষ দাড়িয়ে আছে।,0.0,0.0,0.0,0.0,0.0,0.0,0,0,0.6666666666666667,0.0
2040.png,সামনে কয়েকজন মানুষ হেঁটে যাচ্ছে।,0.1999999996,0.14285714265306124,0.16666666152777793,0.16666666152777793,0.0,0.16666666152777793,0,0,0.3846153846153846,0.09090909082644627
3025334206_76888792e5.jpg,একটি কুকুর একটি সাদা কুকুর একটি মাঠে একটি সাদা কুকুর একটি মাঠে একটি সাদা কুকুর একটি মাঠে একটি সাদা কুকুর একটি মাঠে একটি সাদা কুকুর একটি মাঠে একটি সাদা কুকুর একটি মাঠে একটি সাদা কুকুর একটি মাঠে একটি সাদা কুকুর,0.099999999975,0.3636363633057851,0.15686274165321037,0.15686274165321037,0.043478258270321514,0.15686274165321037,0,0,0.20833333333333337,0.2727272724793388
4176.png,একজন মহিলা একটি মাটির বালুর উপরে বসে আছেন।,0.12499999984374999,0.1111111109876543,0.11764705370242234,0.11764705370242234,0.0,0.11764705370242234,0,0,0.37209302325581395,0.0624999999609375
3281611946_f42deed2e1.jpg,একজন লোক ক্যামেরা নিয়ে দাঁড়িয়ে আছে,0.49999999916666665,0.49999999916666665,0.4999999941666667,0.4999999941666667,0.19999999460000012,0.4999999941666667,0,0,0.5454545454545454,0.3333333329629629
1001573224.jpg,একটি ছোট ছেলে একটি <unk> বল নিয়ে মঞ্চে মার্শাল আর্ট করার সময় প্রশস্ত একটি <unk> বল নিয়ে মঞ্চে মার্শাল আর্ট করার সময় প্রশস্ত একটি <unk> বল নিয়ে মঞ্চে মার্শাল আর্ট করার সময় প্রশস্ত একটি <unk> বল নিয়ে মঞ্চে মার্শাল আর্ট,0.0499999999875,0.24999999968749997,0.08333333052083343,0.08333333052083343,0.0,0.08333333052083343,0,0,0.23270440251572322,0.1111111110493827
4664.png,এটি একটি ভবন।,0.3333333322222222,0.3333333322222222,0.33333332722222225,0.33333332722222225,0.0,0.33333332722222225,0,0,0.2727272727272727,0.1999999996
2830.png,শীতকালে একটি রাস্তা দিয়ে একজন মানুষ আছে।,0.4285714279591837,0.37499999953124996,0.3999999944888889,0.3999999944888889,0.3076923022485208,0.3999999944888889,0,0,0.5161290322580645,0.2727272724793388
7173.png,পাহাড়ের উপর কয়েকজন মানুষ আছে।,0.1999999996,0.249999999375,0.2222222167901236,0.2222222167901236,0.0,0.2222222167901236,0,0,0.23809523809523814,0.12499999984374999
7346.png,একজন পুরুষ একটি গাছের নিচে দাড়িয়ে আছে।,0.571428570612245,0.3636363633057851,0.4444444391975309,0.4444444391975309,0.24999999500000003,0.4444444391975309,0,0,0.46153846153846156,0.28571428551020406
4153.png,একটি ছোট ছেলে তার পিছনে একটা বাচ্চা মেয়ে।,0.37499999953124996,0.3333333329629629,0.3529411710726644,0.3529411710726644,0.0,0.23529411238754333,0,0,0.37037037037037035,0.21428571413265304
8128.png,একটি নৌকায় কয়েকজন মানুষ আছে।,0.7999999984,0.9999999975,0.8888888819753088,0.8888888819753088,0.8571428497959185,0.8888888819753088,0,0,0.8,0.7999999984
269.png,একজন লোক একটি কালো এবং কালো এবং কালো এবং কালো এবং কালো এবং কালো এবং কালো এবং কালো এবং কালো এবং কালো এবং কালো এবং কালো এবং কালো এবং কালো এবং কালো এবং কালো এবং কালো এবং কালো এবং কালো,0.0499999999875,0.2222222219753086,0.08163265002915464,0.08163265002915464,0.0,0.08163265002915464,0,0,0.14754098360655743,0.1999999998
3264337159_e1680a35ba.jpg,একটি সাদা কুকুর জলের মধ্যে খেলছে,0.49999999916666665,0.49999999916666665,0.4999999941666667,0.4999999941666667,0.33333332791666676,0.4285714230612245,0,0,0.5862068965517242,0.3333333329629629
343409440_1006333300774451_5704544795196802486_n.jpg,একটি পার্কে একটি লোক শহরের রাস্তায় একটি <unk> <unk> গাছ রয়েছে,0.45454545413223135,0.23809523798185941,0.3124999952929688,0.3124999952929688,0.0,0.24999999533203132,0,0,0.2471910112359551,0.0833333332986111
6541.png,একজন মানুষ আছে।,0.6666666644444444,0.6666666644444444,0.6666666594444445,0.6666666594444445,0.4999999925000001,0.6666666594444445,0,0,0.75,0.49999999875
1285067106_2adc307240.jpg,একজন লোক বেসবল খেলছে,0.49999999875,0.33333333277777777,0.3999999944,0.3999999944,0.24999999468750006,0.3999999944,0,0,0.5217391304347826,0.24999999968749997
7087.png,কয়েকজন নারী ও কয়েকজন লোক মিলে কাদামাটি তুলে দিচ্ছে। পিছনে অনেকগুলো মানুষ আছে।,0.30769230745562126,0.6666666655555555,0.4210526268144044,0.4210526268144044,0.0,0.31578946903047095,0,0,0.3137254901960784,0.28571428551020406
2752043092_f48ebfeaa2.jpg,একটি ছেলে বিছানায় স্ট্রিপ শার্ট পড়ে আছে।,0.14285714265306124,0.16666666638888888,0.15384614863905344,0.15384614863905344,0.0,0.15384614863905344,0,0,0.5384615384615384,0.08333333326388888
3030793171_55cd646eed.jpg,একটি বাদামী কুকুর সবুজ নরম খেলনা নিয়ে দৌড়াচ্ছে,0.49999999937499995,0.7999999984,0.615384609704142,0.615384609704142,0.36363635834710756,0.615384609704142,0,0,0.6129032258064516,0.4444444439506172
7666.png,রাস্তা দিয়ে একজন মানুষ হেঁটে যাচ্ছে।,0.8333333319444445,0.8333333319444445,0.8333333269444445,0.8333333269444445,0.5999999938,0.8333333269444445,0,0,0.9090909090909091,0.7142857132653061
271177682_48da79ab33.jpg,একটি <unk> গাড়ি জমে থাকা <unk> চলছে,0.4285714279591837,0.5999999988,0.4999999943055557,0.4999999943055557,0.1999999948000001,0.4999999943055557,0,0,0.4054054054054054,0.24999999968749997
6019.png,একজন লোক মাথায় গামছা বেঁধে একটা গরু নিয়ে হেটে যাচ্ছেন।,0.1999999998,0.33333333277777777,0.24999999500000003,0.24999999500000003,0.0,0.24999999500000003,0,0,0.5,0.14285714275510203
3681056426_fbd6c0c92c.jpg,একজন লোক একটি ঘোড়া চড়ছে,0.3999999992,0.49999999875,0.4444444385185186,0.4444444385185186,0.0,0.4444444385185186,0,0,0.33333333333333337,0.2857142853061225
pexels-riiyad-14950111.jpg,রাস্তা দিয়ে হেটে যাচ্ছে একজন মানুষ হেঁটে যাচ্ছে।,0.12499999984374999,0.16666666638888888,0.1428571377551022,0.1428571377551022,0.0,0.1428571377551022,0,0,0.4285714285714286,0.07692307686390532
1166.png,একজন পুরুষ আছে।,0.9999999966666667,0.4285714279591837,0.5999999946000001,0.5999999946000001,0.24999999562500003,0.5999999946000001,0,0,0.3666666666666667,0.49999999916666665
1220027979.jpg,তিনটি শিশু একটি <unk>,0.7499999981250001,0.29999999969999996,0.42857142387755104,0.42857142387755104,0.3333333290277778,0.42857142387755104,0,0,0.29729729729729726,0.29999999969999996
6855.png,কিছু ছেলে বসে আছে।,0.249999999375,0.3333333322222222,0.28571428000000004,0.28571428000000004,0.0,0.28571428000000004,0,0,0.41666666666666663,0.16666666638888888
2101128963_fdf8b2a0d7.jpg,লাল রঙের জার্সি পরিহিত একজন বেসবল খেলোয়াড় একটি বেসে স্লাইড করছে।,0.45454545413223135,0.3846153843195266,0.4166666613541667,0.4166666613541667,0.181818176694215,0.4166666613541667,0,0,0.5660377358490566,0.26315789459833794
3711826708_bba64fb1e1.jpg,একটি কুকুর একটি <unk>,0.49999999875,0.3999999992,0.4444444385185186,0.4444444385185186,0.28571428000000004,0.4444444385185186,0,0,0.40740740740740744,0.33333333277777777
469029994_349e138606.jpg,একজন লোক পাহাড়ের মাঝে দাড়িয়ে আছে।,0.49999999916666665,0.2727272724793388,0.3529411714878893,0.3529411714878893,0.13333332871111125,0.3529411714878893,0,0,0.6818181818181819,0.21428571413265304
2780087302_6a77658cbf.jpg,একটি শিশু একটি বিল্ডিংয়ের বাইরে একসাথে জড়ো হয়েছে,0.12499999984374999,0.12499999984374999,0.12499999484375018,0.12499999484375018,0.0,0.12499999484375018,0,0,0.375,0.07142857137755101
5463.png,ব্যস্ত <unk> <unk> বিজ্ঞাপনের দিকে যাচ্ছে,0.0,0.0,0.0,0.0,0.0,0.0,0,0,0.34615384615384615,0.0
7295.png,একটি <unk> পরা একজন লোক একটি <unk> <unk>,0.12499999984374999,0.08333333326388888,0.09999999510000022,0.09999999510000022,0.0,0.09999999510000022,0,0,0.31707317073170727,0.0624999999609375
8283.png,একটি সেতুর উপরে একটি সেতু আছে।,0.33333333277777777,0.16666666652777776,0.22222221753086427,0.22222221753086427,0.0,0.22222221753086427,0,0,0.2857142857142857,0.14285714265306124
143688205_630813a466.jpg,একজন নারী বসে আছেন।,0.249999999375,0.14285714265306124,0.1818181768595043,0.1818181768595043,0.0,0.1818181768595043,0,0,0.3928571428571429,0.0999999999
2307.png,দুটি কুকুর এবং একটি কুকুর খেলছে,0.33333333277777777,0.49999999875,0.3999999944,0.3999999944,0.24999999468750006,0.3999999944,0,0,0.36363636363636365,0.2857142853061225
745563422_f4fa7d9157.jpg,একটি শিশু বসে আছে,0.49999999875,0.15384615372781063,0.2352941137716263,0.2352941137716263,0.0,0.2352941137716263,0,0,0.31999999999999995,0.13333333324444444
3718892835_a3e74a3417.jpg,চারটি শিশু একটি <unk> দৌড়াচ্ছে,0.1999999996,0.08333333326388888,0.11764705453287211,0.11764705453287211,0.0,0.11764705453287211,0,0,0.35,0.0624999999609375
405961988_fcfe97f31e.jpg,একটি লোক রাস্তায় একটি বেসবল <unk> <unk> <unk> <unk> <unk> <unk> <unk> <unk> <unk> <unk> <unk> <unk> <unk> <unk> <unk> <unk> <unk> <unk> <unk> <unk> <unk> <unk> <unk> <unk> <unk> <unk> <unk> <unk> <unk> <unk> <unk> <unk> <unk> <unk> <unk>,0.07499999998125,0.29999999969999996,0.11999999675200007,0.11999999675200007,0.0,0.07999999676800014,0,0,0.09999999999999998,0.16666666652777776
356929855_6bbf33d933.jpg,একটি লোমশ কুকুর মুখে নিয়ে,0.5999999988,0.29999999969999996,0.39999999502222217,0.39999999502222217,0.15384614934911253,0.39999999502222217,0,0,0.4,0.2727272724793388
3377117696_af91f13058.jpg,একজন লোক একটি পাহাড়ে স্কিইং করছে।,0.33333333277777777,0.24999999968749997,0.2857142804081633,0.2857142804081633,0.15384614887573977,0.2857142804081633,0,0,0.5652173913043479,0.16666666652777776
4130.png,একটি শিশু আছে।,0.3333333322222222,0.3333333322222222,0.33333332722222225,0.33333332722222225,0.0,0.33333332722222225,0,0,0.5454545454545454,0.1999999996
450.png,একজন পুরুষ দাড়িয়ে আছে।,0.0,0.0,0.0,0.0,0.0,0.0,0,0,0.29166666666666663,0.0
6979.png,কয়েকজন মানুষ আছে।,0.0,0.0,0.0,0.0,0.0,0.0,0,0,0.30000000000000004,0.0
2433175169_da939372f2.jpg,এক লোক একটি পাথরের উপর থেকে লাফ দিলো,0.49999999937499995,0.3999999996,0.4444444390123457,0.4444444390123457,0.14285713765306143,0.4444444390123457,0,0,0.4358974358974359,0.28571428551020406
8051.png,গরুর জোরে মাটি দিয়ে যাচ্ছে,0.1999999996,0.05882352937716263,0.09090908731404972,0.09090908731404972,0.0,0.09090908731404972,0,0,0.23333333333333328,0.04761904759637188
3969.png,সামনে তিনজন পুরুষ দাড়িয়ে আছে।,0.7999999984,0.571428570612245,0.6666666606944446,0.6666666606944446,0.5999999940000001,0.6666666606944446,0,0,0.6799999999999999,0.571428570612245
1230.png,একটি ছোট ছেলে ঘাস কাটার যন্ত্র দিয়ে বসে আছে।,0.0,0.0,0.0,0.0,0.0,0.0,0,0,0.3666666666666667,0.0
2039.png,বৃষ্টির সময় দোকানে একজন রিকশা রাস্তায় সাইকেল থেকে তুলা হচ্ছে।,0.0,0.0,0.0,0.0,0.0,0.0,0,0,0.29268292682926833,0.0
3320209694_db579cb607.jpg,একজন লোক একটি <unk>,0.49999999875,0.18181818165289254,0.26666666240000003,0.26666666240000003,0.0,0.26666666240000003,0,0,0.38095238095238093,0.16666666652777776
505955292_026f1489f2.jpg,একটি ছেলে একটি ছেলে,0.7499999981250001,0.2727272724793388,0.3999999955555556,0.3999999955555556,0.15384615005917168,0.3999999955555556,0,0,0.4285714285714286,0.1999999998
1164765687_7aca07bbe7.jpg,একটি কালো কুকুর তার খেলনার সাথে ময়লার মধ্যে একটি লাল কম্বলের উপর শুয়ে আছে,0.4285714282653061,0.26086956510396975,0.3243243194448503,0.3243243194448503,0.057142852440816704,0.27027026542001464,0,0,0.3928571428571429,0.19999999993333334
285.png,কয়েকজন মানুষ আছে।,0.3333333322222222,0.14285714265306124,0.1999999954000001,0.1999999954000001,0.0,0.1999999954000001,0,0,0.33333333333333337,0.12499999984374999
5929.png,তিনজন পুরুষ ও তিনজন নারী পাশাপাশি দাড়িয়ে আছে।,0.24999999968749997,0.33333333277777777,0.2857142804081633,0.2857142804081633,0.0,0.2857142804081633,0,0,0.47058823529411764,0.1999999998
8260.png,একজন মানুষ হেঁটে যাচ্ছে।,0.249999999375,0.3333333322222222,0.28571428000000004,0.28571428000000004,0.0,0.28571428000000004,0,0,0.4666666666666667,0.16666666638888888
2225864432_48a24f49a4.jpg,দুটি মেয়ে একে অপরকে আলিঙ্গন করছে,0.16666666638888888,0.1111111109876543,0.13333332835555572,0.13333332835555572,0.0,0.13333332835555572,0,0,0.3589743589743589,0.07142857137755101
3119.png,একটা লোক দাড়িয়ে আছে যার চুল কালো রঙ এর দেয়াল আছে যার চুল কালো রঙ এর দেয়াল আছে যার চুল কালো রঙ এর দেয়াল আছে যার চুল কালো রঙ এর দেয়াল আছে যার চুল কালো রঙ এর দেয়াল আছে যার,0.099999999975,0.1999999999,0.1333333288444446,0.1333333288444446,0.0689655128121287,0.1333333288444446,0,0,0.2777777777777778,0.12499999994791666
8936.png,দূরে একটি গাছ আছে।,0.49999999875,0.24999999968749997,0.33333332833333335,0.33333332833333335,0.1999999954000001,0.33333332833333335,0,0,0.3214285714285714,0.2222222219753086
3658427967_6e2e57458d.jpg,সাঁতার কাটার প্যান্ট পরিহিত ছেলেটি পানিতে ঝাঁপ দিচ্ছে,0.49999999937499995,0.3999999996,0.4444444390123457,0.4444444390123457,0.16666666152777793,0.4444444390123457,0,0,0.6,0.28571428551020406
279.png,একটি লোক দাঁড়িয়ে আছে,0.249999999375,0.0624999999609375,0.0999999967000001,0.0999999967000001,0.0,0.0999999967000001,0,0,0.37037037037037035,0.05882352937716263
2229509318_be3fef006b.jpg,একটি বাদামী কুকুর নিয়ে খেলছে,0.7999999984,0.4444444439506172,0.5714285660204083,0.5714285660204083,0.49999999472222234,0.5714285660204083,0,0,0.5,0.4444444439506172
6664.png,একটি পাখি মুখে ধরে আছে।,0.3999999992,0.49999999875,0.4444444385185186,0.4444444385185186,0.28571428000000004,0.4444444385185186,0,0,0.5333333333333333,0.2857142853061225
1858.png,তিনজন নারী আছে।,0.3333333322222222,0.0999999999,0.15384615005917168,0.15384615005917168,0.0,0.15384615005917168,0,0,0.20588235294117652,0.09090909082644627
2332986053_864db84971.jpg,একজন লোক একটি লাল টুপি পরে একটি লাল টুপি পরে একটি লাল টুপি পরে একটি লাল টুপি পরে একটি লাল টুপি পরে একটি লাল টুপি পরে একটি লাল টুপি পরে একটি লাল টুপি পরে একটি লাল টুপি পরে একটি লাল,0.0499999999875,0.3999999992,0.08888888687407412,0.08888888687407412,0.04651162619794489,0.08888888687407412,0,0,0.19083969465648853,0.2222222219753086
8227.png,একটি হ্রদে একটি হেলিকপ্টার উড়ছে ও লঞ্চ যাচ্ছে।,0.0,0.0,0.0,0.0,0.0,0.0,0,0,0.25,0.0
1260816604_570fc35836.jpg,একটি লাল ট্রাকের পিছনে একটি কালো গাড়ি জমে থাকা একটা কারের সাথে সাথে বাঁধা,0.28571428551020406,0.49999999937499995,0.36363635867768596,0.36363635867768596,0.0999999953500002,0.2727272678512397,0,0,0.375,0.1874999998828125
3498482871_4e02f31c35.jpg,অনেকগুলো পুরুষ দুইটি শিশু আছে।,0.1999999996,0.07692307686390532,0.11111110697530877,0.11111110697530877,0.0,0.11111110697530877,0,0,0.21212121212121215,0.05882352937716263
3308997740_91765ecdcc.jpg,লাল নীল শাল থেকে অনেক মানুষ,0.0,0.0,0.0,0.0,0.0,0.0,0,0,0.26315789473684215,0.0
823675317_b5fbdb17b3.jpg,একটি ছেলে শূন্যে লাফ দিয়েছে,0.3999999992,0.2857142853061225,0.33333332791666676,0.33333332791666676,0.1999999948000001,0.33333332791666676,0,0,0.41666666666666663,0.2222222219753086
429270993_294ba8e64c.jpg,এক বয়স্ক লোক একটি <unk> এর পাশে দাঁড়িয়ে আছে,0.2222222219753086,0.33333333277777777,0.2666666615111111,0.2666666615111111,0.0,0.22222221697530875,0,0,0.32258064516129037,0.15384615372781063
2893515010_4a3d9dcc67.jpg,একজন ফুটবল খেলোয়াড়,0.6666666644444444,0.33333333277777777,0.44444443901234576,0.44444443901234576,0.28571428081632655,0.44444443901234576,0,0,0.4347826086956522,0.2857142853061225
4608.png,তিনজন ছেলে হাতে কাজ করছে।,0.0,0.0,0.0,0.0,0.0,0.0,0,0,0.34782608695652173,0.0
3874.png,একটি মেয়ে একটি চিহ্নের ও মহিলা একটি দীঘির তীরে দাঁড়িয়ে আছে,0.0,0.0,0.0,0.0,0.0,0.0,0,0,0.3023255813953488,0.0
1184440714.jpg,পেছনের <unk> একজন মহিলা তার হাত দিয়ে ঘাসের উপর ঝাঁপিয়ে পড়ে।,0.18181818165289254,0.15384615372781063,0.16666666156250012,0.16666666156250012,0.0,0.16666666156250012,0,0,0.3555555555555555,0.09090909086776859
362316425_bda238b4de.jpg,রঙিন টুপি পরা একদল লোক প্যারেডে দাঁড়িয়ে আছে,0.24999999968749997,0.3999999992,0.3076923024852071,0.3076923024852071,0.0,0.3076923024852071,0,0,0.326530612244898,0.18181818165289254
3081182021_22cfa18dd4.jpg,একটি স্কেটবোর্ড চালক একটি স্কেটবোর্ড ঘসে যাচ্ছে,0.2857142853061225,0.3999999992,0.33333332791666676,0.33333332791666676,0.1999999948000001,0.33333332791666676,0,0,0.4375,0.24999999968749997
6186.png,সাদা পাঞ্জাবি পরা একজন মহিলা একটি মন্দির।,0.2857142853061225,0.2222222219753086,0.24999999476562512,0.24999999476562512,0.0,0.1818181768595043,0,0,0.2777777777777778,0.14285714275510203
4463.png,একজন পুরুষ বসে আছে।,0.9999999975,0.3999999996,0.5714285665306122,0.5714285665306122,0.3333333290277778,0.5714285665306122,0,0,0.3589743589743589,0.3999999996
1165.png,একজন পুরুষ বসে কাজ কামার <unk> দেখছে বসে।,0.12499999984374999,0.1999999996,0.15384614887573977,0.15384614887573977,0.0,0.15384614887573977,0,0,0.3157894736842105,0.08333333326388888
8300.png,সমুদ্রের পারে একজন মানুষ দেখা যাচ্ছে।,0.49999999916666665,0.5999999988,0.5454545395041324,0.5454545395041324,0.2222222167901236,0.5454545395041324,0,0,0.6666666666666667,0.37499999953124996
1122.png,একজন পুরুষ ও একটি লোক একসাথে বসে আছে।,0.49999999937499995,0.571428570612245,0.5333333276444445,0.5333333276444445,0.15384614863905344,0.3999999944888889,0,0,0.5357142857142857,0.3636363633057851
3210705660_2b14b7fb36.jpg,একটি ছেলে একটি মেয়ের ছবি তুলছে।,0.33333333277777777,0.2857142853061225,0.3076923022485208,0.3076923022485208,0.1818181765289258,0.3076923022485208,0,0,0.48,0.1999999998
345785626_9fa59f38ce.jpg,একটি ছেলে এবং একটি হ্রদ এবং সূর্যাস্তের সময় সমুদ্রের <unk> <unk>,0.18181818165289254,0.2222222219753086,0.19999999485000008,0.19999999485000008,0.0,0.19999999485000008,0,0,0.37777777777777777,0.13333333324444444
8454.png,একজন বয়স্ক পুরুষ আছে।,0.7499999981250001,0.9999999966666667,0.8571428497959185,0.8571428497959185,0.39999999360000005,0.8571428497959185,0,0,0.6875,0.7499999981250001
3672109677_8caa992671.jpg,একদল লোক একটি পতাকা বহন করছে,0.33333333277777777,0.18181818165289254,0.2352941128027682,0.2352941128027682,0.0,0.2352941128027682,0,0,0.4347826086956522,0.15384615372781063
3412249548_00820fc4ca.jpg,মুখে <unk> মুখে <unk> মুখে পানীয় নিয়ে বসে আছে,0.3333333329629629,0.2727272724793388,0.29999999475000005,0.29999999475000005,0.0,0.29999999475000005,0,0,0.31034482758620685,0.14285714275510203
3418.png,একজন মহিলা তার চারপাশের বিপরীতে দাঁড়িয়ে আছেন।,0.14285714265306124,0.06666666662222222,0.09090908648760351,0.09090908648760351,0.0,0.09090908648760351,0,0,0.2909090909090909,0.05555555552469135
255330891_86d65dfdbf.jpg,একটি ছোট্ট মেয়ে একটি হাঁটার সময় একটি লাল জামা গায়ে তার হাতে একটি লাল জামা গায়ে তার হাতে একটি লাল জামা গায়ে তার হাতে একটি লাল জামা গায়ে তার হাতে একটি লাল জামা গায়ে তার হাতে একটি লাল জামা গায়ে,0.0499999999875,0.14285714275510203,0.07407407020576152,0.07407407020576152,0.0,0.07407407020576152,0,0,0.2615384615384615,0.09523809519274376
5628.png,একজন পুরুষ আছে।,0.9999999966666667,0.7499999981250001,0.8571428497959185,0.8571428497959185,0.39999999360000005,0.8571428497959185,0,0,0.7333333333333334,0.7499999981250001
488089932_c3a5fa4140.jpg,একটি ডোরাকাটা গেঞ্জি পড়া এক বাচ্চা পার্কিং লটে সাইনবোর্ড যাতে লেখা উপভোগ করেন।,0.15384615372781063,0.09999999995,0.12121211636363656,0.12121211636363656,0.06451612424557787,0.12121211636363656,0,0,0.3137254901960784,0.06666666664444444
5701.png,একটা বাচ্চা হাঁসি মুখে বসে আছে।,0.33333333277777777,0.49999999875,0.3999999944,0.3999999944,0.24999999468750006,0.3999999944,0,0,0.5263157894736843,0.24999999968749997
925491651_57df3a5b36.jpg,একটি কুকুর পানিতে দৌড়াচ্ছে,0.49999999875,0.3999999992,0.4444444385185186,0.4444444385185186,0.28571428000000004,0.4444444385185186,0,0,0.47058823529411764,0.2857142853061225
2970067128_8842ab3603.jpg,একজন সাইকেল চালক একটি কালো পোষাক পড়া একটি কালো পোষাক পড়া একটি কালো পোষাক পড়া একটি কালো পোষাক পড়া একটি কালো পোষাক পড়া একটি কালো পোষাক পড়া একটি কালো পোষাক পড়া একটি কালো পোষাক পড়া একটি কালো পোষাক পড়া একটি,0.07499999998125,0.29999999969999996,0.11999999675200007,0.11999999675200007,0.0,0.11999999675200007,0,0,0.21678321678321677,0.21428571413265304
501520507_c86f805ab8.jpg,এক মহিলা একটি ছবি তুলছেন,0.1999999996,0.16666666638888888,0.1818181765289258,0.1818181765289258,0.0,0.1818181765289258,0,0,0.30434782608695654,0.1111111109876543
5832.png,দুইটি শিশু নগ্ন হয়ে আছে।,0.3999999992,0.49999999875,0.4444444385185186,0.4444444385185186,0.0,0.4444444385185186,0,0,0.5,0.2857142853061225
343419618_1590809361413949_5895706419711225064_n.jpg,তার উপরে মেঘলা সবুজ ঘাস এবং একটি পুরানো রঙের ছাতার নিচে বসে আছে,0.23076923059171597,0.29999999969999996,0.2608695600756144,0.2608695600756144,0.0,0.0999999953500002,0,0,0.33333333333333337,0.149999999925
7690.png,শহীদ মিনারের সামনে টেবিলে বসে আছে,0.0,0.0,0.0,0.0,0.0,0.0,0,0,0.3076923076923077,0.0
2300.png,একটি সুন্দর গ্রাম ও আকাশ দেখা যাচ্ছে,0.14285714265306124,0.14285714265306124,0.14285713765306143,0.14285713765306143,0.0,0.14285713765306143,0,0,0.31999999999999995,0.07692307686390532
4173.png,একজন বয়স্ক লোক একটি পেপার নিয়ে পেপার পড়ছে।,0.49999999937499995,0.7999999984,0.615384609704142,0.615384609704142,0.1818181768595043,0.615384609704142,0,0,0.5161290322580645,0.49999999937499995
IMG_4351.JPG,মহিলা টি শাড়ি পরে আছে,0.9999999980000001,0.8333333319444445,0.909090902479339,0.909090902479339,0.6666666602469137,0.909090902479339,0,0,0.7777777777777778,0.8333333319444445
5590.png,একটি শিশু আছে।,0.3333333322222222,0.249999999375,0.28571428000000004,0.28571428000000004,0.0,0.28571428000000004,0,0,0.4,0.16666666638888888
7238.png,একজন মানুষ বসে আছে।,0.49999999875,0.6666666644444444,0.5714285648979592,0.5714285648979592,0.0,0.5714285648979592,0,0,0.6428571428571428,0.3999999992
700884207_d3ec546494.jpg,নীল রঙের পোশাক পরিহিত মেয়েটি তার মাথার উপরে বসে আছে।,0.1999999998,0.15384615372781063,0.17391303841209843,0.17391303841209843,0.09523809024943336,0.17391303841209843,0,0,0.3846153846153846,0.09523809519274376
985067019_705fe4a4cc.jpg,একটি শিশু চেয়ারে বসে আছে,0.3999999992,0.2857142853061225,0.33333332791666676,0.33333332791666676,0.1999999948000001,0.33333332791666676,0,0,0.44999999999999996,0.2222222219753086
2952320230_26601173be.jpg,একজন টেনিস খেলোয়াড় টেনিস বলের জন্য প্রস্তুত,0.571428570612245,0.49999999937499995,0.5333333276444445,0.5333333276444445,0.3076923022485208,0.5333333276444445,0,0,0.5806451612903225,0.3999999996
3371567346_b6522efdb8.jpg,একটি ধূসর রঙের টি শার্ট পরা একজন বৃদ্ধ মহিলা একটি <unk> কাছে একটি <unk> কাছে একটি <unk> কাছে একটি <unk> কাছে একটি <unk> কাছে একটি <unk> কাছে একটি <unk> কাছে একটি <unk> কাছে একটি <unk> কাছে একটি <unk> কাছে একটি,0.07499999998125,0.29999999969999996,0.11999999675200007,0.11999999675200007,0.04166666360243077,0.11999999675200007,0,0,0.19047619047619047,0.16666666657407406
2315.png,একটি দালানের সামনে একটি লোক একটি ইটের ভবনের সামনে একটি লম্বা স্থাপনার সামনে একটি লম্বা স্থাপনার সামনে একটি লম্বা স্থাপনার সামনে একটি লম্বা স্থাপনার সামনে একটি লম্বা স্থাপনার সামনে একটি লম্বা স্থাপনার সামনে একটি লম্বা স্থাপনার সামনে একটি লম্বা স্থাপনার,0.02499999999375,0.0999999999,0.039999996784000263,0.039999996784000263,0.0,0.039999996784000263,0,0,0.2102272727272727,0.05882352937716263
2612949583_f45b3afe33.jpg,একটি কুকুর একটি ডকের উপর দিয়ে হাঁটছে।,0.14285714265306124,0.14285714265306124,0.14285713765306143,0.14285713765306143,0.0,0.14285713765306143,0,0,0.5384615384615384,0.08333333326388888
3109.png,একজন লোক একটি বড় পাথরে আরোহণ করছে,0.14285714265306124,0.09090909082644627,0.11111110623456812,0.11111110623456812,0.0,0.11111110623456812,0,0,0.275,0.05882352937716263
319185571_56162796da.jpg,একটি কুকুর জলের উপর লাফাচ্ছে,0.5999999988,0.37499999953124996,0.46153845609467453,0.46153845609467453,0.1818181768595043,0.46153845609467453,0,0,0.6206896551724138,0.29999999969999996
557721978_dfde31bc02.jpg,একটি ছোট্ট মেয়ে একটি লাল <unk> ছায়া ফেলছে।,0.37499999953124996,0.2727272724793388,0.31578946847645434,0.31578946847645434,0.16666666152777793,0.2857142804081633,0,0,0.5714285714285714,0.19999999986666667
3135.png,একটি পতাকা বুঝায় করছেন।,0.0,0.0,0.0,0.0,0.0,0.0,0,0,0.26086956521739135,0.0
2424398046_1a55c71376.jpg,একটি বাচ্চা একটি <unk> খাচ্ছে,0.3999999992,0.2857142853061225,0.33333332791666676,0.33333332791666676,0.15384614934911253,0.33333332791666676,0,0,0.46153846153846156,0.1999999998
427167162_2c99779444.jpg,একজন লোক একটি দোকানের জানালার পাশে হেঁটে যাচ্ছে,0.37499999953124996,0.15789473675900276,0.22222221788751717,0.22222221788751717,0.1599999958400001,0.15384614887573977,0,0,0.3548387096774194,0.14285714278911565
2613.png,একজন পুরুষ বসে আছে।,0.49999999875,0.33333333277777777,0.3999999944,0.3999999944,0.24999999468750006,0.3999999944,0,0,0.4545454545454546,0.24999999968749997
3600.png,একজন পুরুষ বসে আছে।,0.7499999981250001,0.7499999981250001,0.7499999931250001,0.7499999931250001,0.0,0.7499999931250001,0,0,0.5625,0.5999999988
2252.png,একজন নারী দাড়িয়ে আছে।,0.49999999875,0.49999999875,0.4999999937500001,0.4999999937500001,0.33333332722222225,0.4999999937500001,0,0,0.6428571428571428,0.33333333277777777
1521623639_4bda3407cc.jpg,একটি কুকুর একটি ভাস্কর্য বেয়ে নিচে নামছে,0.2857142853061225,0.2222222219753086,0.24999999476562512,0.24999999476562512,0.0,0.14285713765306143,0,0,0.33333333333333337,0.15384615372781063
6017.png,সমুদ্রের পারে কয়েকজন মানুষ আছে।,0.7999999984,0.7999999984,0.7999999934,0.7999999934,0.4999999937500001,0.7999999934,0,0,0.8095238095238095,0.6666666655555555
3293751136_b0ce285dc3.jpg,একটি ছেলে রাস্তার মাঝখানে একটি কালো পোশাকের ডোরাকাটা পোশাকের ডোরাকাটা শার্ট পরা একজন মহিলা একটি কালো পোশাকের ডোরাকাটা পোশাকের ডোরাকাটা শার্ট পরা একজন মহিলা একটি কালো পোশাকের ডোরাকাটা পোশাকের ডোরাকাটা শার্ট পরা একজন মহিলা একটি কালো পোশাকের ডোরাকাটা পোশাকের ডোরাকাটা,0.07499999998125,0.23076923059171597,0.11320754342470642,0.11320754342470642,0.0,0.11320754342470642,0,0,0.18023255813953487,0.09523809519274376
103106960.jpg,একটি লাল রঙের একটি লাল রঙের একটি লাল রঙের একটি লাল রঙের একটি লাল রঙের একটি লাল রঙের একটি লাল রঙের একটি লাল রঙের একটি লাল রঙের একটি লাল রঙের একটি লাল রঙের একটি লাল রঙের একটি লাল রঙের একটি,0.099999999975,0.30769230745562126,0.15094339246707023,0.15094339246707023,0.03921568266051552,0.15094339246707023,0,0,0.21232876712328763,0.16666666652777776
_MG_1629.JPG,একজন নারী বসে ফুল দিচ্ছে।,0.3999999992,0.33333333277777777,0.36363635801652905,0.36363635801652905,0.0,0.36363635801652905,0,0,0.47619047619047616,0.2222222219753086
12830823_87d2654e31.jpg,একটি পরিবার একটি ডাইভিং বোর্ডের উপরে একটি পুকুরে লাফ দিচ্ছে,0.0999999999,0.14285714265306124,0.11764705384083066,0.11764705384083066,0.0,0.11764705384083066,0,0,0.32499999999999996,0.07692307686390532
456512643_0aac2fa9ce.jpg,একটি কুকুর একটি ক্ষেতের মধ্য দিয়ে চলেছে।,0.4285714279591837,0.49999999916666665,0.4615384558579882,0.4615384558579882,0.24999999562500003,0.4615384558579882,0,0,0.5925925925925926,0.3333333329629629
3314180199_2121e80368.jpg,এক বাচ্চা ছেলে একটি খেলার মাঠে একটি খেলার মাঠে একটি খেলার মাঠে একটি খেলার মাঠে একটি খেলার মাঠে একটি খেলার মাঠে একটি খেলার মাঠে একটি খেলার মাঠে একটি খেলার মাঠে একটি খেলার মাঠে একটি খেলার মাঠে একটি খেলার মাঠে একটি,0.0499999999875,0.33333333277777777,0.08695651943289232,0.08695651943289232,0.0,0.08695651943289232,0,0,0.26206896551724135,0.1999999998
4646.png,একটি সেতু আছে।,0.6666666644444444,0.6666666644444444,0.6666666594444445,0.6666666594444445,0.4999999925000001,0.6666666594444445,0,0,0.7777777777777778,0.49999999875
2479180530_7ebba2d8bf.jpg,একটি বাদামি কুকুর বালুর মাঠে দৌড়াচ্ছে,0.49999999916666665,0.4285714279591837,0.4615384558579882,0.4615384558579882,0.33333332791666676,0.4615384558579882,0,0,0.6666666666666667,0.29999999969999996
4350.png,মঞ্চের উপর কয়েকজন মানুষ আছে।,0.3999999992,0.33333333277777777,0.36363635801652905,0.36363635801652905,0.0,0.36363635801652905,0,0,0.2727272727272727,0.2222222219753086
1947.png,একটি ব্যানার হাতে লেখা আছে।,0.1999999996,0.16666666638888888,0.1818181765289258,0.1818181765289258,0.0,0.1818181765289258,0,0,0.5,0.0999999999
4013.png,একজন পুরুষ ও একজন নারী দাড়িয়ে আছে।,0.9999999985714286,0.8749999989062499,0.933333327111111,0.933333327111111,0.7692307630769232,0.933333327111111,0,0,0.8333333333333334,0.8571428559183674
3696.png,একটি মেয়ে গাছে গাছের পাশে দাঁড়িয়ে আছে।,0.14285714265306124,0.249999999375,0.1818181768595043,0.1818181768595043,0.0,0.1818181768595043,0,0,0.4782608695652174,0.0999999999
7675.png,একটি শিশু আছে।,0.9999999966666667,0.5999999988,0.7499999934375,0.7499999934375,0.0,0.7499999934375,0,0,0.5625,0.5999999988
367925122_335ed279a8.jpg,এক বাচ্চা মেয়ে একটি গাড়ির হুইলে একটি শিশু।,0.24999999968749997,0.1999999998,0.22222221703703712,0.22222221703703712,0.12499999492187522,0.22222221703703712,0,0,0.41463414634146345,0.13333333324444444
5986.png,তিনজন মানুষ দাড়িয়ে আছেন একজন ছেলে দাড়িয়ে আছে কিছু মানুষ আছে।,0.3636363633057851,0.28571428551020406,0.31999999481600006,0.31999999481600006,0.17391303841209843,0.31999999481600006,0,0,0.39655172413793105,0.1999999998
8893.png,গোলাপি রঙের জামা পরা একটা বাচ্চা মেয়ে হাঁসি মুখে দাঁড়িয়ে আছে।,0.5454545449586776,0.46153846118343195,0.49999999461805567,0.49999999461805567,0.2727272675206612,0.49999999461805567,0,0,0.5,0.3333333331481481
2139.png,একটি মঞ্চে সামনে কয়েকজন মানুষ আছে।,0.0,0.0,0.0,0.0,0.0,0.0,0,0,0.2962962962962963,0.0
534.png,একটি <unk> <unk> সকালের জন্য।,0.0,0.0,0.0,0.0,0.0,0.0,0,0,0.19999999999999996,0.0
3682428916_69ce66d375.jpg,একদল মানুষ একটি <unk>,0.49999999875,0.33333333277777777,0.3999999944,0.3999999944,0.0,0.3999999944,0,0,0.30000000000000004,0.24999999968749997
1507.png,অনেকগুলো মানুষ ও শুয়ে আছে কিছু মানুষ।,0.2857142853061225,0.2222222219753086,0.24999999476562512,0.24999999476562512,0.0,0.22222221722222232,0,0,0.4358974358974359,0.15384615372781063
6646.png,একপাশে সবুজ ঘাসের একটি বট গাছের নিচে ২ জন মানুষ বসে আছে একজন মানুষ হেঁটে যাচ্ছে।,0.124999999921875,0.49999999875,0.1999999966,0.1999999966,0.0,0.1999999966,0,0,0.38596491228070173,0.11764705875432525
411216802_aead9e67e3.jpg,দুটি কুকুর একসাথে খেলছে,0.49999999875,0.6666666644444444,0.5714285648979592,0.5714285648979592,0.24999999468750006,0.5714285648979592,0,0,0.5333333333333333,0.3999999992
8922.png,একজন বাচ্চা মেয়ে বসে আছে।,0.3999999992,0.6666666644444444,0.49999999406250006,0.49999999406250006,0.0,0.49999999406250006,0,0,0.5294117647058824,0.33333333277777777
9084.png,পাঁচজন মানুষ কাজ করছে।,0.0,0.0,0.0,0.0,0.0,0.0,0,0,0.1777777777777778,0.0
2594902417_f65d8866a8.jpg,দুটি কুকুর একটি মাঠে খেলা করছে,0.8333333319444445,0.9999999980000001,0.909090902479339,0.909090902479339,0.6666666602469137,0.909090902479339,0,0,0.8,0.8333333319444445
942399470_6132d3e5d2.jpg,লম্বা টুপি পরিহিত একজন লোক একটি লম্বা আসনে বসে আছে,0.49999999949999996,0.3846153843195266,0.4347826034026465,0.4347826034026465,0.1904761853968255,0.34782608173913043,0,0,0.43243243243243246,0.3124999998046875
3326249355_e7a7c71f06.jpg,একজন লোক একটি বিশাল দড়ি ধরে আছে,0.4285714279591837,0.3333333329629629,0.374999994609375,0.374999994609375,0.2666666615111111,0.374999994609375,0,0,0.4285714285714286,0.23076923059171597
8185.png,একটি পতাকা নিয়ে হাতে ঝুড়ি নিয়ে যাচ্ছে।,0.0,0.0,0.0,0.0,0.0,0.0,0,0,0.32558139534883723,0.0
554774472_b5d165ff69.jpg,একটি ছেলে সুইমিংপুলে ঝাপ দিচ্ছে,0.1999999996,0.14285714265306124,0.16666666152777793,0.16666666152777793,0.0,0.16666666152777793,0,0,0.368421052631579,0.09090909082644627
2618538137_44fffe10c4.jpg,কুকুরটি একটি লাঠি ধরে আছে,0.1999999996,0.14285714265306124,0.16666666152777793,0.16666666152777793,0.0,0.16666666152777793,0,0,0.34375,0.09090909082644627
2968216482_ede65b20a8.jpg,একজন লোক একটি কালো রঙের মোটরসাইকেলে চড়ছে ।,0.24999999968749997,0.2222222219753086,0.23529411238754333,0.23529411238754333,0.13333332817777796,0.23529411238754333,0,0,0.4,0.13333333324444444
4819.png,একটি ব্রীজ একটি সেতু আছে।,0.1999999996,0.3333333322222222,0.24999999468750006,0.24999999468750006,0.0,0.24999999468750006,0,0,0.4117647058823529,0.16666666638888888
2879241506_b421536330.jpg,এক মহিলা হাতের উপর নৃত্য করছে,0.16666666638888888,0.1111111109876543,0.13333332835555572,0.13333332835555572,0.0,0.13333332835555572,0,0,0.2894736842105263,0.07142857137755101
4621.png,৪ জন পুরুষ আছে।,0.49999999875,0.15384615372781063,0.2352941137716263,0.2352941137716263,0.1333333299555556,0.2352941137716263,0,0,0.20408163265306123,0.14285714275510203
20210716_142005.jpg,অনেকগুলো চাকার ফাকে কিছু বাচ্চা মাটির <unk> <unk>,0.0,0.0,0.0,0.0,0.0,0.0,0,0,0.29032258064516125,0.0
2255342813_5b2ac6d633.jpg,একটি লোক একটি <unk> <unk> <unk> <unk> <unk> <unk> <unk> <unk> <unk> <unk> <unk> <unk> <unk> <unk> <unk> <unk> <unk> <unk> <unk> <unk> <unk> <unk> <unk> <unk> <unk> <unk> <unk> <unk> <unk> <unk> <unk> <unk> <unk> <unk> <unk> <unk> <unk>,0.099999999975,0.4444444439506172,0.1632653030570596,0.1632653030570596,0.042553188646446534,0.1632653030570596,0,0,0.120253164556962,0.24999999968749997
7403.png,একটি মেয়ে এবং একটি ছোট মেয়ে একটি মেয়েকে ধরে আছে।,0.0999999999,0.0999999999,0.09999999490000026,0.09999999490000026,0.0,0.09999999490000026,0,0,0.3421052631578947,0.0624999999609375
2419.png,একজন পুরুষ মুখে রঙ মেখে আছে।,0.33333333277777777,0.49999999875,0.3999999944,0.3999999944,0.0,0.3999999944,0,0,0.5,0.24999999968749997
3711.png,কয়েকজন লোক একসাথে দাঁড়িয়ে আছে।,0.1999999996,0.249999999375,0.2222222167901236,0.2222222167901236,0.0,0.2222222167901236,0,0,0.5,0.12499999984374999
2244171992_a4beb04d8e.jpg,একদল লোক ফুটপাতে দাঁড়িয়ে আছে।,0.0,0.0,0.0,0.0,0.0,0.0,0,0,0.26315789473684215,0.0
2579572274_826598b14a.jpg,একটি ছেলে একটি ছোট ছেলে বসে আছে,0.4285714279591837,0.2727272724793388,0.33333332820987654,0.33333332820987654,0.1818181765289258,0.33333332820987654,0,0,0.4545454545454546,0.23076923059171597
3705976184_53ae07e898.jpg,একটি মাঠে তিনটি শিশু গোলাকার দড়ি ধরে রাখে,0.12499999984374999,0.16666666638888888,0.1428571377551022,0.1428571377551022,0.0,0.1428571377551022,0,0,0.33333333333333337,0.07692307686390532
3435653630_3b6cca2c40.jpg,দুজন <unk> পড়া।,0.3333333322222222,0.16666666638888888,0.2222222172839507,0.2222222172839507,0.0,0.2222222172839507,0,0,0.26086956521739135,0.12499999984374999
505.png,কয়েকজন পুরুষ দাড়িয়ে আছে কিছু বিক্রি করছে ২ জন পুরুষ ১ জন পুরুষ দাড়িয়ে আছে কিছু বিক্রি করছে ২ জন পুরুষ ১ জন পুরুষ দাড়িয়ে আছে কিছু বিক্রি করছে ২ জন পুরুষ ১ জন পুরুষ দাড়িয়ে আছে কিছু বিক্রি করছে,0.0499999999875,0.18181818165289254,0.07843136913494825,0.07843136913494825,0.04081632326530638,0.07843136913494825,0,0,0.19259259259259254,0.11764705875432525
7744.png,একজন পুরুষ হাতে ফুল নিয়ে আছে।,0.49999999916666665,0.24999999979166665,0.33333332851851855,0.33333332851851855,0.0,0.33333332851851855,0,0,0.44999999999999996,0.19999999986666667
3248.png,একজন পুরুষ একটি শিশু আছে।,0.3999999992,0.49999999875,0.4444444385185186,0.4444444385185186,0.0,0.4444444385185186,0,0,0.33333333333333337,0.2857142853061225
3522000960_47415c3890.jpg,একজন সার্ফার ঢেউয়ের উপর দিয়ে সাগরে ভাসছে,0.4285714279591837,0.49999999916666665,0.4615384558579882,0.4615384558579882,0.36363635801652905,0.4615384558579882,0,0,0.6896551724137931,0.29999999969999996
2542.png,সাদা শার্ট ও গেঞ্জি পরিহিত একজন পুরুষ ও কয়েকজন পুরুষ দাড়িয়ে আছে।,0.08333333326388888,0.1999999996,0.11764705453287211,0.11764705453287211,0.0,0.11764705453287211,0,0,0.2666666666666667,0.07142857137755101
20210515_184311.jpg,তিনজন ছেলে একসাথে ছবি তুলছে,0.5999999988,0.37499999953124996,0.46153845609467453,0.46153845609467453,0.1818181768595043,0.46153845609467453,0,0,0.3793103448275862,0.29999999969999996
3231596071_f0c522a639.jpg,একজন লোক একটি <unk> এর সামনে দিয়ে রেকর্ড করছে,0.4444444439506172,0.3999999996,0.4210526261495845,0.4210526261495845,0.18181817752066123,0.3076923029585799,0,0,0.38235294117647056,0.26666666648888887
1332492622_8c66992b62.jpg,একটি <unk> উল্টে গেছে,0.49999999875,0.1999999998,0.28571428122448983,0.28571428122448983,0.0,0.15384614934911253,0,0,0.25,0.16666666652777776
8708.png,একজন পুরুষ বসে আছে।,0.7499999981250001,0.7499999981250001,0.7499999931250001,0.7499999931250001,0.33333332722222225,0.7499999931250001,0,0,0.5333333333333333,0.5999999988
7716.png,একটি শিশু পতাকা নিয়ে দাঁড়িয়ে আছে।,0.49999999916666665,0.37499999953124996,0.4285714230612245,0.4285714230612245,0.0,0.4285714230612245,0,0,0.5,0.29999999969999996
2216695423_1362cb25f3.jpg,দুটি কুকুর এবং অন্যটি আরেকটি কুকুর লড়াই করছে,0.12499999984374999,0.249999999375,0.16666666194444454,0.16666666194444454,0.0,0.16666666194444454,0,0,0.3548387096774194,0.0999999999
8244.png,একটি দম্পতি পাহাড়ের ওপরে একটি বৃহত প্রাচীর <unk>,0.0,0.0,0.0,0.0,0.0,0.0,0,0,0.20588235294117652,0.0
2382411771_a16145f345.jpg,দুটি কুকুর ঘাসে দৌড়াচ্ছে,0.49999999875,0.24999999968749997,0.33333332833333335,0.33333332833333335,0.1999999954000001,0.33333332833333335,0,0,0.42307692307692313,0.1999999998
1442.png,কিছু নারী ও পুরুষ আছে।,0.7999999984,0.571428570612245,0.6666666606944446,0.6666666606944446,0.3999999944,0.6666666606944446,0,0,0.48,0.49999999937499995
3341.png,পানির উপর একজন পুরুষ দাড়িয়ে আছে।,0.33333333277777777,0.124999999921875,0.1818181776859505,0.1818181776859505,0.0,0.1818181776859505,0,0,0.30434782608695654,0.11764705875432525
1087539207.jpg,চারটি বাচ্চা একটি ছোট বাচ্চা একটি ছবির জন্য পোজ দিচ্ছে,0.3999999996,0.571428570612245,0.4705882298961938,0.4705882298961938,0.2666666615111111,0.4705882298961938,0,0,0.5135135135135135,0.2727272724793388
3450874870_c4dcf58fb3.jpg,এক তরুণ স্কিয়ার,0.0,0.0,0.0,0.0,0.0,0.0,0,0,0.2777777777777778,0.0
8816.png,একটি ছোট ছেলে মাটি দিয়ে শুয়ে আছে।,0.2857142853061225,0.6666666644444444,0.39999999500000005,0.39999999500000005,0.0,0.39999999500000005,0,0,0.56,0.24999999968749997
5139.png,কয়েকজন ছেলে মিলে একটা গাছের <unk> শরীর থেকে ধান <unk> শরীর থেকে ধান <unk> শরীর থেকে ধান <unk> শরীর থেকে ধান <unk> শরীর থেকে ধান <unk> শরীর থেকে ধান <unk> শরীর থেকে ধান <unk> শরীর থেকে ধান <unk> শরীর থেকে,0.02499999999375,0.14285714265306124,0.04255318893617037,0.04255318893617037,0.0,0.04255318893617037,0,0,0.07746478873239437,0.06666666662222222
5313.png,একদল মোটরসাইকেল চালানোর <unk> একটি মোটরক্রস বাইক চালানোর জামা পরিহিত একজন লোক একটি মোটরসাইকেল আরোহী চড়ছেন।,0.0624999999609375,0.1999999996,0.09523809151927451,0.09523809151927451,0.0,0.09523809151927451,0,0,0.17948717948717952,0.05882352937716263
1679557684_50a206e4a9.jpg,একটি কুকুর একটি ফ্রিসবি তাড়া করে,0.49999999916666665,0.21428571413265304,0.2999999955,0.2999999955,0.13333332871111125,0.2352941128027682,0,0,0.368421052631579,0.14285714275510203
4340.png,একটি শিশু তাকিয়ে আছে।,0.7499999981250001,0.49999999916666665,0.5999999940000001,0.5999999940000001,0.24999999468750006,0.5999999940000001,0,0,0.5789473684210527,0.4285714279591837
2505360288_c972bd29c4.jpg,একটি কুকুর বুদবুদ <unk>,0.7499999981250001,0.4285714279591837,0.5454545398347109,0.5454545398347109,0.44444443901234576,0.5454545398347109,0,0,0.4482758620689655,0.37499999953124996
415793623_6c1225ae27.jpg,একজন লোক পাথুরে দেয়াল আরোহণ করছে,0.6666666655555555,0.4444444439506172,0.5333333278222222,0.5333333278222222,0.3076923024852071,0.5333333278222222,0,0,0.41666666666666663,0.3636363633057851
3274691778_94bb57bba3.jpg,একজন মহিলা একটি উজ্জ্বল আলোকিত করছে,0.16666666638888888,0.249999999375,0.1999999948000001,0.1999999948000001,0.10526315390581731,0.1999999948000001,0,0,0.33333333333333337,0.13333333324444444
487071033_27e460a1b9.jpg,একজন লোক রাস্তায় সাইকেল চালাচ্ছে ।,0.33333333277777777,0.124999999921875,0.1818181776859505,0.1818181776859505,0.09999999615000013,0.1818181776859505,0,0,0.2857142857142857,0.09999999995
3256043809_47258e0b3e.jpg,দুটি কুকুর জলাশয়ের কাছে বরফে দৌড়াচ্ছে,0.16666666638888888,0.16666666638888888,0.16666666138888903,0.16666666138888903,0.0,0.16666666138888903,0,0,0.33333333333333337,0.09090909082644627
3446347599_0ecc49a9d5.jpg,একটি সাদা কুকুর প্যারাসুট ভাঁজ করে একটি কুকুর,0.24999999968749997,0.18181818165289254,0.21052631069252087,0.21052631069252087,0.11764705384083066,0.21052631069252087,0,0,0.34883720930232553,0.13333333324444444
3029.png,একটি পুকুর ও একটি নৌকা ও একটি নৌকা যাচ্ছে।,0.0,0.0,0.0,0.0,0.0,0.0,0,0,0.2857142857142857,0.0
5037.png,চারটি শিশু আছে।,0.3333333322222222,0.249999999375,0.28571428000000004,0.28571428000000004,0.0,0.28571428000000004,0,0,0.5,0.16666666638888888
1445754124_647168f211.jpg,একটি কুকুর ঘাসে ঢাকা একটি বিশাল গাছের পাশে গাছের সামনে গাছের সামনে গাছের সামনে গাছের সামনে গাছের সামনে গাছের সামনে গাছের সামনে গাছের সামনে গাছের সামনে গাছের সামনে গাছের সামনে গাছের সামনে গাছের সামনে গাছের সামনে গাছের সামনে গাছের সামনে,0.12499999996875,0.3333333331111111,0.18181817778512405,0.18181817778512405,0.045454543419421574,0.12499999717013895,0,0,0.20512820512820518,0.2352941175086505
909808296_23c427022d.jpg,একটি কালো কুকুর একটি রাস্তার পাশে দাঁড়িয়ে আছে,0.49999999937499995,0.3333333330555555,0.39999999480000004,0.39999999480000004,0.22222221722222232,0.39999999480000004,0,0,0.4545454545454546,0.24999999979166665
6563.png,একজন পুরুষ একটি নৌকা চালাচ্ছেন।,0.5999999988,0.2727272724793388,0.374999995234375,0.374999995234375,0.14285713857142868,0.374999995234375,0,0,0.37209302325581395,0.24999999979166665
6345.png,একটি ফলের দোকানে দুইজন লোক দাঁড়িয়ে আছে,0.14285714265306124,0.249999999375,0.1818181768595043,0.1818181768595043,0.0,0.1818181768595043,0,0,0.34615384615384615,0.0999999999
6166.png,রেল লাইন ধরে হেটে যাচ্ছে ও কয়েকজন মানুষ দেখা যাচ্ছে।,0.0999999999,0.1999999996,0.13333332871111125,0.13333332871111125,0.0,0.13333332871111125,0,0,0.37142857142857144,0.07142857137755101
7313.png,একটা ছেলে বসে আছে একজন ছেলে।,0.33333333277777777,0.3999999992,0.36363635801652905,0.36363635801652905,0.0,0.24999999500000003,0,0,0.36111111111111116,0.2222222219753086
3506560025_8d0f4f9ac4.jpg,ঘন বাদামী চুল এবং মুখে রঙ এর ভেতর দিয়ে তাকিয়ে হাসছে,0.09090909082644627,0.0999999999,0.09523809015873042,0.09523809015873042,0.0,0.09523809015873042,0,0,0.4444444444444444,0.049999999975
4773.png,একটি দোকানের ভিতর অনেকগুলো মানুষ আছে।,0.33333333277777777,0.6666666644444444,0.44444443901234576,0.44444443901234576,0.28571428081632655,0.44444443901234576,0,0,0.4,0.2857142853061225
4506.png,একজন মহিলা একটি গাছের পাশে দার <unk> কার্ড ধরেছে।,0.1111111109876543,0.16666666638888888,0.13333332835555572,0.13333332835555572,0.0,0.13333332835555572,0,0,0.4117647058823529,0.07142857137755101
7751.png,একজন লোক আরেক ছেলে দাঁড়িয়ে আছে ।,0.14285714265306124,0.08333333326388888,0.1052631531301941,0.1052631531301941,0.0,0.1052631531301941,0,0,0.2666666666666667,0.05555555552469135
1772859261_236c09b861.jpg,পানিতে দুটি কুকুর জলে সাঁতার কাটছে।,0.33333333277777777,0.3999999992,0.36363635801652905,0.36363635801652905,0.0,0.1999999948000001,0,0,0.47619047619047616,0.2222222219753086
9053.png,একজন পুরুষ বসে আছে।,0.249999999375,0.249999999375,0.2499999943750001,0.2499999943750001,0.0,0.2499999943750001,0,0,0.5,0.14285714265306124
2469.png,একজন নারী দাড়িয়ে মিছিল করছে।,0.1999999996,0.12499999984374999,0.15384614887573977,0.15384614887573977,0.0,0.15384614887573977,0,0,0.3548387096774194,0.08333333326388888
1706.png,একজন পুরুষ বসে আছে।,0.7499999981250001,0.3333333329629629,0.4615384565680474,0.4615384565680474,0.18181817752066123,0.4615384565680474,0,0,0.375,0.3333333329629629
2214132302_80064fd79d.jpg,দু'জন পুরুষ এবং একটি রাস্তায় হাঁটছেন।,0.33333333277777777,0.1999999998,0.24999999500000003,0.24999999500000003,0.0,0.12499999515625017,0,0,0.33333333333333337,0.14285714275510203
4940.png,অনেকগুলো মানুষ আছে।,0.9999999966666667,0.49999999916666665,0.6666666607407408,0.6666666607407408,0.28571428081632655,0.6666666607407408,0,0,0.5714285714285714,0.49999999916666665
3559374748_f18c7caa55.jpg,একটি ছোট গ্রেহাউন্ড আগুন <unk> থেকে <unk>,0.14285714265306124,0.14285714265306124,0.14285713765306143,0.14285713765306143,0.0,0.14285713765306143,0,0,0.2857142857142857,0.08333333326388888
1243.png,একজন দোকানদার ২ জন ছোট ছেলে বৃষ্টির মধ্যে একটি সাপ নিয়ে একটি ঝুরিতে তুলে খাবার নিয়ে বসে হাত তুলে দিচ্ছে।,0.149999999925,0.29999999969999996,0.19999999542222233,0.19999999542222233,0.0,0.19999999542222233,0,0,0.352112676056338,0.12499999994791666
2980118787_2099de53ec.jpg,একজন সাইকেল চালক তার সাইকেল দিয়ে বাতাসে লাফিয়ে কসরত দেখাচ্ছেন,0.5999999993999999,0.7499999990624999,0.6666666609876544,0.6666666609876544,0.49999999445312515,0.6666666609876544,0,0,0.7209302325581395,0.5454545449586776
426191845_1e979e9345.jpg,একটি সাদা কুকুর আকাশে উড়ছে,0.3999999992,0.6666666644444444,0.49999999406250006,0.49999999406250006,0.0,0.49999999406250006,0,0,0.5555555555555556,0.33333333277777777
6193.png,একটি শিশু আছে।,0.3333333322222222,0.3333333322222222,0.33333332722222225,0.33333332722222225,0.0,0.33333332722222225,0,0,0.5454545454545454,0.1999999996
3789.png,সামনে তিনজন পুরুষ একসাথে দাড়িয়ে আছে।,0.49999999916666665,0.37499999953124996,0.4285714230612245,0.4285714230612245,0.16666666152777793,0.4285714230612245,0,0,0.3666666666666667,0.2727272724793388
5653.png,কয়েকজন মানুষ হেঁটে যাচ্ছে।,0.249999999375,0.249999999375,0.2499999943750001,0.2499999943750001,0.0,0.2499999943750001,0,0,0.625,0.14285714265306124
6054.png,একজন ছেলে দোলনায় দোল খাচ্ছে একটি গাছ।,0.571428570612245,0.49999999937499995,0.5333333276444445,0.5333333276444445,0.15384614863905344,0.3999999944888889,0,0,0.37037037037037035,0.3636363633057851
3498327617_d2e3db3ee3.jpg,একটি কুকুর পানি থেকে লাফ দেওয়ার সময় ভিজে যাচ্ছে,0.4444444439506172,0.49999999937499995,0.4705882297577854,0.4705882297577854,0.3999999944888889,0.4705882297577854,0,0,0.625,0.30769230745562126
2386.png,একজন পুরুষ মাথায় কিছু গাছের <unk> হাতে <unk> চারপাশে বসে আছে।,0.18181818165289254,0.49999999875,0.26666666240000003,0.26666666240000003,0.09523809015873042,0.26666666240000003,0,0,0.2978723404255319,0.16666666652777776
3522749949_fb615cee47.jpg,সকার খেলোয়াড় বলের জন্য দৌড়াচ্ছে,0.3999999992,0.18181818165289254,0.249999995390625,0.249999995390625,0.0,0.249999995390625,0,0,0.3157894736842105,0.14285714275510203
5909.png,একজন মহিলা একটি সাইকেল চালিয়ে যাচ্ছে।,0.49999999916666665,0.37499999953124996,0.4285714230612245,0.4285714230612245,0.0,0.2857142804081633,0,0,0.52,0.2727272724793388
508958120_afe274f726.jpg,পাথরের উপর এক ব্যক্তি পাথরে লাফ দিচ্ছে,0.2857142853061225,0.24999999968749997,0.2666666613333334,0.2666666613333334,0.15384614863905344,0.2666666613333334,0,0,0.5,0.15384615372781063
2443.png,সামনে একজন পুরুষ দাড়িয়ে আছে।,0.3999999992,0.49999999875,0.4444444385185186,0.4444444385185186,0.0,0.4444444385185186,0,0,0.5263157894736843,0.2857142853061225
2120383553_5825333a3f.jpg,একটি ছোট মেয়ে একটি <unk> ধরে আছে,0.2857142853061225,0.1999999998,0.23529411252595167,0.23529411252595167,0.0,0.23529411252595167,0,0,0.3913043478260869,0.14285714275510203
287001804_535827984641930_3966351733372935358_n.jpg,একটি ছেলে স্কেটবোর্ডিং করছে,0.249999999375,0.3333333322222222,0.28571428000000004,0.28571428000000004,0.0,0.28571428000000004,0,0,0.2941176470588235,0.16666666638888888
2331.png,কিছু ছেলে একসাথে হয়ে দাড়িয়ে ছবি তুলছে যার মাঝে যার মাঝে ৪ জন ছেলে দাড়িয়ে আছে যাদের পিছনে কিছু ছেলে বসে আছে যাদের পিছনে কিছু ছেলে বসে আছে যাদের পিছনে কিছু ছেলে বসে আছে যাদের পিছনে কিছু ছেলে বসে আছে,0.02499999999375,0.16666666638888888,0.04347825858223074,0.04347825858223074,0.0,0.04347825858223074,0,0,0.17557251908396942,0.049999999975
414773731_c3f5bf43d5.jpg,বরফের মধ্যে একটি কুকুর,0.9999999975,0.6666666655555555,0.7999999936,0.7999999936,0.7499999934375,0.7999999936,0,0,0.6666666666666667,0.6666666655555555
1078.png,৪ জন মহিলা বাচ্চা দাড়িয়ে আছে যার মাঝে ১ জন মেয়ে দাড়িয়ে আছে।,0.23076923059171597,0.2727272724793388,0.249999994826389,0.249999994826389,0.0,0.249999994826389,0,0,0.5,0.15789473675900276
2706.png,কয়েকজন পুরুষ একসাথে দাড়িয়ে আছে।,0.5999999988,0.9999999966666667,0.7499999934375,0.7499999934375,0.33333332777777785,0.7499999934375,0,0,0.5714285714285714,0.5999999988
448257345_ce149c2ea6.jpg,একটি ছোট্ট কুকুরছানা একটি <unk>,0.1999999996,0.14285714265306124,0.16666666152777793,0.16666666152777793,0.0,0.16666666152777793,0,0,0.42307692307692313,0.0999999999
2922222717_12195af92d.jpg,একটি কালো কুকুর তার মুখ বের হচ্ছে,0.4285714279591837,0.29999999969999996,0.35294117121107266,0.35294117121107266,0.13333332835555572,0.35294117121107266,0,0,0.4814814814814815,0.23076923059171597
5796.png,একটি শিশু আছে।,0.3333333322222222,0.1999999996,0.24999999468750006,0.24999999468750006,0.0,0.24999999468750006,0,0,0.3157894736842105,0.14285714265306124
3070011270_390e597783.jpg,একটি কালো কুকুর একটি পরিষ্কার করছে।,0.33333333277777777,0.49999999875,0.3999999944,0.3999999944,0.1818181765289258,0.3999999944,0,0,0.5185185185185186,0.2857142853061225
878758390_dd2cdc42f6.jpg,একটি সাদা কুকুর শরীরের নিচের দিকে আসছে,0.4285714279591837,0.5999999988,0.4999999943055557,0.4999999943055557,0.3999999944,0.4999999943055557,0,0,0.6538461538461539,0.3333333329629629
137861003.jpg,পানির উপর দিয়ে এক লোক পানির ভেতর থেকে পানি দেখছে,0.0999999999,0.1111111109876543,0.10526315279778417,0.10526315279778417,0.0,0.10526315279778417,0,0,0.4411764705882353,0.0624999999609375
3758.png,একজন নারী বসে আছে।,0.249999999375,0.16666666638888888,0.1999999948000001,0.1999999948000001,0.0,0.1999999948000001,0,0,0.368421052631579,0.1111111109876543
2644430445_47c985a2ee.jpg,একজন মহিলা এবং একজন মহিলা,0.1999999996,0.249999999375,0.2222222167901236,0.2222222167901236,0.0,0.2222222167901236,0,0,0.5,0.16666666638888888
2356574282_5078f08b58.jpg,কালো কাপড় পরিহিত দুইজন মহিলা একসাথে পোজ দেয়,0.12499999984374999,0.12499999984374999,0.12499999484375018,0.12499999484375018,0.0,0.12499999484375018,0,0,0.2962962962962963,0.06666666662222222
2347921097_f2e35753c0.jpg,কালো কুকুরটি মুখে খেলনা নিয়ে খেলছে,0.33333333277777777,0.18181818165289254,0.2352941128027682,0.2352941128027682,0.0,0.1818181765289258,0,0,0.47619047619047616,0.13333333324444444
3210359094_ee51285301.jpg,একটি শিশু তুষার সরাচ্ছে,0.49999999875,0.49999999875,0.4999999937500001,0.4999999937500001,0.33333332722222225,0.4999999937500001,0,0,0.8,0.33333333277777777
3266406566_d64e57e65a.jpg,একটি মহিলা একটি ছোট বাচ্চা <unk>,0.49999999916666665,0.24999999979166665,0.33333332851851855,0.33333332851851855,0.0,0.33333332851851855,0,0,0.38095238095238093,0.21428571413265304
5894.png,লাল ফুলের <unk> লাল ফুলের <unk> লাল ফুলের <unk> লাল ফুলের <unk> লাল ফুলের <unk> লাল ফুলের <unk> লাল ফুলের <unk> লাল ফুলের <unk> লাল ফুলের <unk> লাল ফুলের <unk> লাল ফুলের <unk> লাল ফুলের <unk> লাল ফুলের <unk> লাল,0.0,0.0,0.0,0.0,0.0,0.0,0,0,0.12413793103448278,0.0
6363.png,নৌকায় তিনজন মানুষ আছে।,0.49999999875,0.33333333277777777,0.3999999944,0.3999999944,0.24999999468750006,0.3999999944,0,0,0.5217391304347826,0.24999999968749997
4930.png,জলাশয়ের ওপাশে সবুজ ধান ক্ষেত আছে।,0.16666666638888888,0.3333333322222222,0.2222222172839507,0.2222222172839507,0.0,0.2222222172839507,0,0,0.21739130434782605,0.12499999984374999
1106.png,একটি ঘোড়ার খুব বড় <unk>,0.1999999996,0.14285714265306124,0.16666666152777793,0.16666666152777793,0.0,0.16666666152777793,0,0,0.26086956521739135,0.09090909082644627
1287475186_2dee85f1a5.jpg,একটি শিশু পানিভর্তি পুলে খেলছে,0.3999999992,0.1999999998,0.2666666618666667,0.2666666618666667,0.0,0.2666666618666667,0,0,0.46153846153846156,0.15384615372781063
4882.png,এটি একটি <unk>,0.0,0.0,0.0,0.0,0.0,0.0,0,0,0.1578947368421053,0.0
920.png,একজন পুরুষ একটি শিশু আছে।,0.3999999992,0.33333333277777777,0.36363635801652905,0.36363635801652905,0.0,0.36363635801652905,0,0,0.33333333333333337,0.2222222219753086
698107542_3aa0ba78b4.jpg,একটি ছোট্ট মেয়ে কারও কাঁধে হাত তুলে দিচ্ছে।,0.37499999953124996,0.24999999979166665,0.2999999949,0.2999999949,0.11111110623456812,0.2999999949,0,0,0.3548387096774194,0.1764705881314879
3431671749_e8e3a449ac.jpg,একটি গাড়ির কাছেই একটি <unk> রাস্তায় রাস্তায় রাস্তায় রাস্তায় রাস্তায় রাস্তায় রাস্তায় রাস্তায় রাস্তায় রাস্তায় রাস্তায় রাস্তায় রাস্তায় রাস্তায় রাস্তায় রাস্তায় রাস্তায় রাস্তায় রাস্তায় রাস্তায় রাস্তায় রাস্তায় রাস্তায় রাস্তায় রাস্তায় রাস্তায় রাস্তায় রাস্তায় রাস্তায় রাস্তায় রাস্তায় রাস্তায় রাস্তায় রাস্তায় রাস্তায়,0.0499999999875,0.24999999968749997,0.08333333052083343,0.08333333052083343,0.0,0.08333333052083343,0,0,0.10824742268041232,0.18181818165289254
751109943_2a7f8e117f.jpg,একটি ছোট্ট মেয়ে একটি নীল রঙের বলের দিকে তাকিয়ে আছে,0.29999999969999996,0.37499999953124996,0.3333333280246914,0.3333333280246914,0.12499999492187522,0.3333333280246914,0,0,0.5428571428571429,0.14285714275510203
2865409854_afedf98860.jpg,মাঠের মধ্যে লোকজন দৌড়াচ্ছে,0.0,0.0,0.0,0.0,0.0,0.0,0,0,0.25,0.0
2936707421_8e629874b8.jpg,একটি লাল নীল রঙের একটি ছোট্ট মেয়ে একটি কুকুর <unk>,0.29999999969999996,0.2727272724793388,0.28571428045351477,0.28571428045351477,0.0,0.19047618530612256,0,0,0.42500000000000004,0.124999999921875
5944.png,একজন পুরুষ চাপকল টিপছে।,0.49999999875,0.2222222219753086,0.3076923029585799,0.3076923029585799,0.18181817752066123,0.3076923029585799,0,0,0.29032258064516125,0.18181818165289254
3047264346_e24601bfbf.jpg,সানগ্লাস পরা লোকটি মুখোশ পরিহিত একজন মহিলা দাঁড়িয়ে আছে,0.3333333329629629,0.2727272724793388,0.29999999475000005,0.29999999475000005,0.22222221703703712,0.29999999475000005,0,0,0.37209302325581395,0.1874999998828125
2124.png,একটি নৌকায় অনেকগুলো মানুষ আছে।,0.1999999996,0.14285714265306124,0.16666666152777793,0.16666666152777793,0.0,0.16666666152777793,0,0,0.28,0.09090909082644627
3587009091_37188fd07e.jpg,একটি কুকুর পানির মধ্যে দিয়ে সাঁতার কাটছে,0.571428570612245,0.571428570612245,0.5714285656122451,0.5714285656122451,0.3333333277777778,0.5714285656122451,0,0,0.6666666666666667,0.3999999996
2374570771_c395fc224a.jpg,পানি থেকে পানি থেকে একটি জলের মধ্য দিয়ে ছুটে চলেছে,0.1999999998,0.33333333277777777,0.24999999500000003,0.24999999500000003,0.0,0.24999999500000003,0,0,0.4242424242424242,0.16666666652777776
3624327440_bef4f33f32.jpg,একজন সার্ফার সমুদ্রের ঢেউয়ে সার্ফিং করছে,0.33333333277777777,0.49999999875,0.3999999944,0.3999999944,0.11111110697530877,0.3999999944,0,0,0.4814814814814815,0.24999999968749997
6780.png,একটি নৌকায় কয়েকজন মানুষ আছে।,0.5999999988,0.5999999988,0.5999999938,0.5999999938,0.2499999943750001,0.5999999938,0,0,0.75,0.4285714279591837
2368266191_87d77750f1.jpg,একটি সাদা কালো কুকুর ঘাসের লনে ঘুরে বেড়াতে কালো কুকুরকে সাথে খেলছে,0.16666666652777776,0.3999999992,0.23529411321799312,0.23529411321799312,0.0,0.23529411321799312,0,0,0.45238095238095233,0.14285714275510203
1470.png,একটি শিশু আছে।,0.9999999966666667,0.49999999916666665,0.6666666607407408,0.6666666607407408,0.5714285657142857,0.6666666607407408,0,0,0.4736842105263158,0.49999999916666665
7338.png,একটি চলন্ত নৌকায় কয়েকজন মানুষ আছে।,0.33333333277777777,0.2222222219753086,0.2666666615111111,0.2666666615111111,0.0,0.2666666615111111,0,0,0.4117647058823529,0.16666666652777776
2050.png,একজন পুরুষ হেঁটে যাচ্ছে।,0.249999999375,0.1999999996,0.2222222167901236,0.2222222167901236,0.0,0.2222222167901236,0,0,0.40909090909090906,0.12499999984374999
390986651_c801db91a0.jpg,একটি মেয়ে একটি <unk>,0.249999999375,0.1999999996,0.2222222167901236,0.2222222167901236,0.0,0.2222222167901236,0,0,0.32258064516129037,0.14285714265306124
4914.png,নদী দিয়ে একটি নৌকা দেখা যাচ্ছে।,0.16666666638888888,0.3333333322222222,0.2222222172839507,0.2222222172839507,0.0,0.2222222172839507,0,0,0.368421052631579,0.12499999984374999
2288.png,সমুদ্রের পারে একজন কাধে একটি লাঠি নিয়ে দাড়িয়ে আছে।,0.2222222219753086,0.6666666644444444,0.3333333290277778,0.3333333290277778,0.0,0.3333333290277778,0,0,0.2727272727272727,0.1999999998
2075321027_c8fcbaf581.jpg,কালো প্যান্ট পরে এক লোক বসে আছে,0.2857142853061225,0.24999999968749997,0.2666666613333334,0.2666666613333334,0.13333332835555572,0.23529411252595167,0,0,0.33333333333333337,0.15384615372781063
3000722396_1ae2e976c2.jpg,একটি কুকুর জলের বল নিয়ে একটি কালো এবং সাদা কুকুর পানি লাফিয়ে।,0.4999999995833333,0.46153846118343195,0.47999999462400006,0.47999999462400006,0.21052631069252087,0.319999994752,0,0,0.4,0.3571428568877551
5420.png,কয়েকজন মানুষ হেঁটে যাচ্ছে।,0.0,0.0,0.0,0.0,0.0,0.0,0,0,0.35,0.0
3251906388_c09d44340e.jpg,বরফে ঢাকা একটি সাদা কুকুর বরফে ঢাকা স্থানে বরফে দাঁড়িয়ে আছে।,0.2727272724793388,0.29999999969999996,0.28571428045351477,0.28571428045351477,0.0,0.19047618530612256,0,0,0.33333333333333337,0.19999999986666667
5284.png,দুজন লোক নৌকা চালাচ্ছে আর একজন মহিলা নৌকা টেনে নিয়ে আরেকটা বাচ্চা,0.24999999979166665,0.4285714279591837,0.31578946869806096,0.31578946869806096,0.0,0.31578946869806096,0,0,0.31818181818181823,0.19999999986666667
562928217_21f967a807.jpg,একটি কুকুর একটি ভলিবল খেলছে,0.7999999984,0.28571428551020406,0.4210526272576178,0.4210526272576178,0.2352941137716263,0.33333332895061735,0,0,0.3793103448275862,0.23076923059171597
2052953131_30834196fb.jpg,লাল রঙের জ্যাকেট পরা একটি লোক তার স্নোবোর্ড দিয়ে লাফাচ্ছে,0.3999999996,0.3999999996,0.3999999946000001,0.3999999946000001,0.11111110598765454,0.3999999946000001,0,0,0.4736842105263158,0.24999999984375
389.png,একজন পুরুষ বসে কাজ করছে।,0.3999999992,0.1999999998,0.2666666618666667,0.2666666618666667,0.0,0.2666666618666667,0,0,0.38888888888888884,0.16666666652777776
2975073156_7543ed326f.jpg,এক মহিলা রাস্তায় গাড়ির সামনে দিয়ে রাস্তায় দাঁড়িয়ে আছে,0.1111111109876543,0.1111111109876543,0.11111110598765454,0.11111110598765454,0.0,0.11111110598765454,0,0,0.35185185185185186,0.0624999999609375
4944.png,একটি মেয়ে বসে আছে আর একটা ছেলে বসে আছে আর একটা ছেলে বসে আছে আর একটা ছেলে বসে আছে আর একটা ছেলে বসে আছে আর একটা ছেলে বসে আছে আর একটা ছেলে বসে আছে আর একটা ছেলে বসে আছে আর,0.0,0.0,0.0,0.0,0.0,0.0,0,0,0.11023622047244097,0.0
3337.png,একজন লোক হাতে <unk>,0.249999999375,0.16666666638888888,0.1999999948000001,0.1999999948000001,0.0,0.1999999948000001,0,0,0.4782608695652174,0.1111111109876543
5764.png,পানিতে একজন মানুষ আছে।,0.9999999975,0.9999999975,0.9999999925,0.9999999925,0.9999999916666666,0.9999999925,1,1,1.0,0.9999999975
4996.png,পুকুরে একটি পুকুরে খেলছে,0.249999999375,0.07692307686390532,0.11764705508650528,0.11764705508650528,0.0,0.11764705508650528,0,0,0.33333333333333337,0.07142857137755101
1527297882_dededc7891.jpg,মাথায় লাল টুপি মাথায় ক্যাপ পরা একজন মানুষ তাকিয়ে আছে।,0.29999999969999996,0.21428571413265304,0.24999999493055564,0.24999999493055564,0.09090908599173579,0.19999999480000014,0,0,0.38888888888888884,0.149999999925
6876.png,একটি সেতুর উপর দিয়ে একজন মহিলা সেই রাস্তার পাশে দাড়িয়ে আছে।,0.3636363633057851,0.26666666648888887,0.3076923025739645,0.3076923025739645,0.1666666616666668,0.3076923025739645,0,0,0.4716981132075472,0.18181818173553718
6436.png,একটি কুকুর একটি মাঠে বসে আছে।,0.0,0.0,0.0,0.0,0.0,0.0,0,0,0.25,0.0
2046222127_a6f300e202.jpg,একটি শিশু একটি থালা ধরে আছে,0.49999999916666665,0.2727272724793388,0.3529411714878893,0.3529411714878893,0.13333332871111125,0.3529411714878893,0,0,0.41666666666666663,0.23076923059171597
5291.png,একজন সান গ্লাস পরা একজন সান গ্লাস পরা একজন সান গ্লাস পরা একজন সান গ্লাস পরা একজন সান গ্লাস পরা একজন সান গ্লাস পরা একজন সান গ্লাস পরা একজন সান গ্লাস পরা একজন সান গ্লাস পরা একজন সান গ্লাস পরা,0.02499999999375,0.09090909082644627,0.03921568287581729,0.03921568287581729,0.0,0.03921568287581729,0,0,0.12751677852348997,0.07142857137755101
2091.png,একটি মঞ্চচে ২ জন পুরুষ বসে আছে।,0.14285714265306124,0.12499999984374999,0.13333332817777796,0.13333332817777796,0.0,0.13333332817777796,0,0,0.3548387096774194,0.07142857137755101
408233586_f2c1be3ce1.jpg,একটি কুকুর পানিতে ভিজে গেলো,0.5999999988,0.7499999981250001,0.6666666602469137,0.6666666602469137,0.5714285648979592,0.6666666602469137,0,0,0.7058823529411764,0.49999999916666665
3172283002_3c0fc624de.jpg,একটি নাচে ক্যামেরার দিকে তাকিয়ে মেকআপ দিয়েছে,0.0,0.0,0.0,0.0,0.0,0.0,0,0,0.2857142857142857,0.0
2991993027_36ac04e9a0.jpg,কয়েকজন লোক একটি <unk> মূর্তির পাশে দাঁড়িয়ে আছে।,0.37499999953124996,0.4285714279591837,0.3999999944888889,0.3999999944888889,0.15384614863905344,0.3999999944888889,0,0,0.4516129032258065,0.24999999979166665
2676764246_c58205a365.jpg,কুকুরের দৌড় প্রতিযোগিতা অনুষ্ঠিত হচ্ছে,0.0,0.0,0.0,0.0,0.0,0.0,0,0,0.3125,0.0
4056.png,একটি মোটরসাইকেলে একলোক ও একটি ছেলে,0.16666666638888888,0.1111111109876543,0.13333332835555572,0.13333332835555572,0.0,0.13333332835555572,0,0,0.40625,0.07692307686390532
2579899436_5086a33c7a.jpg,একটি ছোট ছেলে পানি ছিটাচ্ছে,0.5999999988,0.5999999988,0.5999999938,0.5999999938,0.4999999937500001,0.5999999938,0,0,0.7222222222222222,0.4285714279591837
8487.png,কিছু বাচ্চা একটি মূর্তি নিয়ে হাতে ব্যাগ নিয়ে দাড়িয়ে আছে যার মাঝে একজন পুরুষ দাঁড়িয়ে আছে।,0.0624999999609375,0.12499999984374999,0.08333332881944468,0.08333332881944468,0.0,0.08333332881944468,0,0,0.2857142857142857,0.045454545433884296
2339573065_91f1e3be60.jpg,একটি মেয়ে ধূমপান করছেন।,0.249999999375,0.14285714265306124,0.1818181768595043,0.1818181768595043,0.0,0.1818181768595043,0,0,0.24,0.0999999999
2975253472_0f0c2dea70.jpg,একটি ফুটবল খেলোয়াড় বলের পেছনে দৌড়াচ্ছে,0.49999999916666665,0.49999999916666665,0.4999999941666667,0.4999999941666667,0.39999999420000004,0.4999999941666667,0,0,0.6153846153846154,0.3333333329629629
3207343907_995f7ac1d2.jpg,একদল লোক একটি বরফের পাহাড় হতে স্কি পোল হাতে নিয়ে যাচ্ছে,0.2727272724793388,0.37499999953124996,0.31578946847645434,0.31578946847645434,0.11764705384083066,0.22222221722222232,0,0,0.3589743589743589,0.1874999998828125
2482.png,একজন পুরুষ মানুষ আছে।,0.249999999375,0.16666666638888888,0.1999999948000001,0.1999999948000001,0.0,0.1999999948000001,0,0,0.36,0.12499999984374999
2451285022_59255e7fd9.jpg,একজন পুরুষ একটি কুকুর মুখে একটি বল মারছে,0.12499999984374999,0.0999999999,0.11111110604938293,0.11111110604938293,0.0,0.11111110604938293,0,0,0.41025641025641024,0.0624999999609375
7266.png,একটি রাস্তা দিয়ে একটি বট গাছ আছে।,0.14285714265306124,0.12499999984374999,0.13333332817777796,0.13333332817777796,0.0,0.13333332817777796,0,0,0.3928571428571429,0.08333333326388888
2562463210_d0dfd545ca.jpg,একটি শিশু একটি পুকুরে দাঁড়িয়ে আছে,0.49999999916666665,0.29999999969999996,0.37499999484375,0.37499999484375,0.0,0.37499999484375,0,0,0.3414634146341463,0.24999999979166665
2456030728_d3d147e774.jpg,একটি শিশু তাকিয়ে আছে।,0.249999999375,0.1999999996,0.2222222167901236,0.2222222167901236,0.0,0.2222222167901236,0,0,0.38888888888888884,0.12499999984374999
2321865325_79b0954a5d.jpg,একটি কুকুর একটি <unk> দিকে তাকিয়ে আছে,0.4285714279591837,0.2727272724793388,0.33333332820987654,0.33333332820987654,0.0,0.28571428030612256,0,0,0.41666666666666663,0.1999999998
6433.png,তিনজন পুরুষ আছে।,0.6666666644444444,0.6666666644444444,0.6666666594444445,0.6666666594444445,0.4999999925000001,0.6666666594444445,0,0,0.8181818181818181,0.49999999875
2905942129_2b4bf59bc0.jpg,একটি শিশু দোলনায় চড়ছে,0.7499999981250001,0.5999999988,0.6666666602469137,0.6666666602469137,0.0,0.4444444385185186,0,0,0.5555555555555556,0.49999999916666665
412101267_7257e6d8c0.jpg,দুটি কুকুর তুষারে খেলছে,0.7499999981250001,0.5999999988,0.6666666602469137,0.6666666602469137,0.28571428000000004,0.6666666602469137,0,0,0.736842105263158,0.49999999916666665
6697.png,একজন মানুষ দাড়িয়ে জাল দিয়ে মাছ ধরছে।,0.4285714279591837,0.7499999981250001,0.5454545398347109,0.5454545398347109,0.44444443901234576,0.5454545398347109,0,0,0.56,0.37499999953124996
8374.png,একটি নৌকা ও দুইজন মানুষ হেঁটে যাচ্ছে।,0.2857142853061225,0.16666666652777776,0.2105263109141275,0.2105263109141275,0.0,0.2105263109141275,0,0,0.35416666666666663,0.13333333324444444
524282699_71e678a6bd.jpg,দুটি কুকুর এবং একটি কুকুর দৌড়াচ্ছে,0.6666666655555555,0.3636363633057851,0.47058823017301044,0.47058823017301044,0.2666666618666667,0.47058823017301044,0,0,0.4651162790697675,0.2727272724793388
2857609295_16aaa85293.jpg,একটি সাদা কুকুর একটি ফ্রিসবি ধরার জন্য দৌড়াচ্ছে,0.49999999937499995,0.4444444439506172,0.4705882297577854,0.4705882297577854,0.16666666152777793,0.4705882297577854,0,0,0.5625,0.29999999969999996
1670592963_39731a3dac.jpg,একটি লোমশ কুকুর একটি লাঠি নিয়ে একটি ফ্রিসবি ধরার জন্য লাফ দিচ্ছে,0.24999999979166665,0.49999999916666665,0.33333332851851855,0.33333332851851855,0.12499999554687513,0.33333332851851855,0,0,0.45999999999999996,0.15384615372781063
200708306.jpg.webp,একটি শিশু আছে।,0.0,0.0,0.0,0.0,0.0,0.0,0,0,0.1785714285714286,0.0
3554210976_fbd0ef33a3.jpg,লাল জ্যাকেট পড়া এক মহিলা বরফ ঢাকা পাহাড়ে আরোহণ করছে,0.0999999999,0.1999999996,0.13333332871111125,0.13333332871111125,0.0,0.13333332871111125,0,0,0.39473684210526316,0.07142857137755101
7350.png,একজন নারী আছে।,0.9999999966666667,0.3333333329629629,0.4999999954166666,0.4999999954166666,0.19999999640000002,0.4999999954166666,0,0,0.303030303030303,0.3333333329629629
2741380826_cfe0ddf0a9.jpg,একটি কুকুর একটি ফ্রিসবি ধরার চেষ্টা করছে,0.2857142853061225,0.6666666644444444,0.39999999500000005,0.39999999500000005,0.2857142804081633,0.39999999500000005,0,0,0.5,0.2857142853061225
241347356_8a515555fd.jpg,একজন ফুটবল খেলোয়াড় দৌড়াচ্ছে ।,0.3999999992,0.24999999968749997,0.3076923024852071,0.3076923024852071,0.16666666194444454,0.3076923024852071,0,0,0.4411764705882353,0.18181818165289254
134206.jpg,একটি গোল <unk> <unk> <unk> মাঠে গোল হয়ে বসে একটি গোল <unk> দিকে দৌড়ে যাচ্ছে,0.13333333324444444,0.2857142853061225,0.18181817731404967,0.18181817731404967,0.0,0.18181817731404967,0,0,0.2941176470588235,0.07142857137755101
3402081035_a54cfab1d9.jpg,প্যারাসুট <unk> উপর,0.3333333322222222,0.16666666638888888,0.2222222172839507,0.2222222172839507,0.0,0.2222222172839507,0,0,0.25,0.12499999984374999
313.png,একটি শিশু গোসল করছে।,0.249999999375,0.06666666662222222,0.10526315445983389,0.10526315445983389,0.0,0.10526315445983389,0,0,0.17142857142857137,0.05882352937716263
1193.png,নীল শার্ট ও নীল শার্ট ও নীল শার্ট ও নীল শার্ট ও নীল শার্ট ও নীল শার্ট ও নীল শার্ট ও নীল শার্ট ও নীল শার্ট ও নীল শার্ট ও নীল শার্ট ও নীল শার্ট ও নীল শার্ট ও নীল,0.0,0.0,0.0,0.0,0.0,0.0,0,0,0.12605042016806722,0.0
2894850774_2d530040a1.jpg,একটি লোক একটি লোক একটি লোক একটি লোক একটি লোক একটি লোক একটি লোক একটি লোক একটি লোক একটি লোক একটি লোক একটি লোক একটি লোক একটি লোক একটি লোক একটি লোক একটি লোক একটি লোক একটি লোক একটি লোক,0.02499999999375,0.0999999999,0.039999996784000263,0.039999996784000263,0.0,0.039999996784000263,0,0,0.20143884892086328,0.09090909082644627
2766854400_640e2abe08.jpg,একটি ছেলে একটি শিশু একটি শিশু একটি শিশু একটি শিশু একটি শিশু একটি শিশু একটি শিশু একটি শিশু একটি শিশু একটি শিশু একটি শিশু একটি শিশু একটি শিশু একটি শিশু একটি শিশু একটি শিশু একটি শিশু একটি শিশু একটি শিশু,0.0499999999875,0.2857142853061225,0.08510638040742426,0.08510638040742426,0.04444444211358036,0.08510638040742426,0,0,0.13669064748201443,0.24999999968749997
2084157130_f288e492e4.jpg,একটি কুকুর ঘাসে দৌড়াচ্ছে,0.49999999875,0.49999999875,0.4999999937500001,0.4999999937500001,0.0,0.4999999937500001,0,0,0.7333333333333334,0.33333333277777777
1000366164.jpg,একজন পুরুষ <unk> <unk> অনুশীলন করছে এবং তার ফ্রাইং প্যানে রাতের খাবার নিয়ে পোজ দিচ্ছে,0.19999999986666667,0.3333333329629629,0.2499999951041667,0.2499999951041667,0.09090908619834734,0.2499999951041667,0,0,0.39655172413793105,0.15789473675900276
5957.png,একজন পুরুষ বসে আছে। পিছনে কয়েকজন মানুষ আছে।,0.37499999953124996,0.7499999981250001,0.49999999472222234,0.49999999472222234,0.1999999954000001,0.49999999472222234,0,0,0.4193548387096774,0.37499999953124996
771366843_a66304161b.jpg,এক ব্যাক্তি পাহাড়ের চূড়ায় দাঁড়িয়ে আছে।,0.33333333277777777,0.2222222219753086,0.2666666615111111,0.2666666615111111,0.12499999554687513,0.2666666615111111,0,0,0.4473684210526315,0.16666666652777776
2679851489_a58780291e.jpg,একটি কালো কুকুর একটি কালো কুকুর কে খেলনা নিয়ে খেলা করছে,0.2727272724793388,0.49999999916666665,0.3529411714878893,0.3529411714878893,0.2727272675206612,0.3529411714878893,0,0,0.5306122448979591,0.2727272724793388
109380144.jpg,সোফায় বসে মেয়েটি একটি <unk> বাড়ির পাশে বসে আছে,0.3333333329629629,0.21428571413265304,0.26086956022684316,0.26086956022684316,0.09523809043083924,0.19354838285119674,0,0,0.3157894736842105,0.15789473675900276
8116.png,একটি শিশু আছে।,0.9999999966666667,0.9999999966666667,0.9999999916666666,0.9999999916666666,0.9999999900000001,0.9999999916666666,1,1,1.0,0.9999999966666667
197504190_fd1fc3d4b7.jpg,একটি মাঠে একটি সাদা রঙের জামা কালো শার্টে ছোট ছেলে দৌড়াদৌড়ি করছে,0.16666666652777776,0.33333333277777777,0.22222221753086427,0.22222221753086427,0.0,0.22222221753086427,0,0,0.30952380952380953,0.13333333324444444
3211577298_14296db6fd.jpg,একজন ঢেউ এর উপর সার্ফ করছে,0.6666666655555555,0.3636363633057851,0.47058823017301044,0.47058823017301044,0.14285713806122466,0.47058823017301044,0,0,0.5909090909090908,0.3333333330555555
6741.png,একজন পুরুষ আছে।,0.3333333322222222,0.1999999996,0.24999999468750006,0.24999999468750006,0.0,0.24999999468750006,0,0,0.25,0.14285714265306124
3436063693_15c8d377a2.jpg,একটি ধূসর কুকুর একটি নীল রঙের খেলনা নিয়ে খেলেন।,0.6666666659259258,0.46153846118343195,0.545454540123967,0.545454540123967,0.39999999480000004,0.545454540123967,0,0,0.5416666666666667,0.3571428568877551
1764955991_5e53a28c87.jpg,একটি কুকুর জঙ্গলের রাস্তায় দৌড়াচ্ছে,0.5999999988,0.49999999916666665,0.5454545395041324,0.5454545395041324,0.2222222167901236,0.5454545395041324,0,0,0.6521739130434783,0.37499999953124996
1223.png,একজন নারী মাথায় টুপি পরে বসে আছে একজন শাড়ি পরা একটা ছোট মেয়ে।,0.15384615372781063,0.3999999992,0.22222221796296296,0.22222221796296296,0.0,0.22222221796296296,0,0,0.3793103448275862,0.13333333324444444
2274.png,একটি পুরুষ একটি ট্রাক্টর আসছে,0.0,0.0,0.0,0.0,0.0,0.0,0,0,0.21739130434782605,0.0
3322443827_a04a94bb91.jpg,একজন লোক একটি রেলিংয়ের নিচে তাকাচ্ছে ।,0.2857142853061225,0.3999999992,0.33333332791666676,0.33333332791666676,0.1999999948000001,0.33333332791666676,0,0,0.5,0.1999999998
2277299634_e14bdb7ff7.jpg,একমহিলা হাত ক্রস <unk> দম্পতি শহরের রাস্তায় মিছিল শুরু করছে।,0.0999999999,0.249999999375,0.14285713857142868,0.14285713857142868,0.0,0.14285713857142868,0,0,0.40476190476190477,0.07692307686390532
307301755_48919ef1b2.jpg,একটি ছোট ছেলে হুডি এবং একটি বাচ্চা ছেলে বসে আছে,0.5999999993999999,0.39999999973333333,0.47999999481600003,0.47999999481600003,0.26086956022684316,0.31578946836565097,0,0,0.46875,0.3124999998046875
8653.png,একটি নৌকায় কয়েকজন মানুষ আছে।,0.5999999988,0.4285714279591837,0.4999999943055557,0.4999999943055557,0.0,0.4999999943055557,0,0,0.5925925925925926,0.3333333329629629
559102835_472ff702b5.jpg,সকার স্যুটযুক্ত একটি ছেলে সকার বলে লাথি মারার জন্য,0.2222222219753086,0.1999999998,0.21052631058171756,0.21052631058171756,0.0,0.14285713806122466,0,0,0.34285714285714286,0.13333333324444444
6640.png,সমুদ্র পাড়ে একজন মানুষ দাড়িয়ে আছে।,0.33333333277777777,0.6666666644444444,0.44444443901234576,0.44444443901234576,0.0,0.44444443901234576,0,0,0.3913043478260869,0.2857142853061225
3351360323_91bb341350.jpg,সাদা রঙের জামা পরে একজন বৃদ্ধলোক দাঁড়িয়ে আছেন,0.37499999953124996,0.49999999916666665,0.4285714230612245,0.4285714230612245,0.16666666152777793,0.4285714230612245,0,0,0.46875,0.2727272724793388
346836948_179314678057526_1401882884773561562_n.jpg,একজন মানুষ ও একজন মানুষ আছে।,0.0,0.0,0.0,0.0,0.0,0.0,0,0,0.33333333333333337,0.0
3694064560_467683205b.jpg,কালো রঙের জামা পরে লোকটি কালো স্যুট পরে একটি <unk> পথে দাঁড়িয়ে আছে,0.15384615372781063,0.1999999998,0.17391303841209843,0.17391303841209843,0.0,0.17391303841209843,0,0,0.34090909090909094,0.10526315783933518
3215847501_c723905ba4.jpg,সন্ধ্যাবেলা মাঠে কয়েকজন হেটে যাচ্ছে,0.1999999996,0.07692307686390532,0.11111110697530877,0.11111110697530877,0.0,0.11111110697530877,0,0,0.27586206896551724,0.05882352937716263
IMG_20220915_163027.jpg,সামনে একজন নারী বসে আছে,0.3999999992,0.2857142853061225,0.33333332791666676,0.33333332791666676,0.1999999948000001,0.33333332791666676,0,0,0.4,0.1999999998
3229.png,একজন পুরুষ দাড়িয়ে আছে।,0.7499999981250001,0.7499999981250001,0.7499999931250001,0.7499999931250001,0.6666666594444445,0.7499999931250001,0,0,0.8666666666666667,0.5999999988
69189650_6687da7280.jpg,একটি কুকুর ক্যামেরার দিকে দৌড়ে বেড়াচ্ছে,0.33333333277777777,0.33333333277777777,0.3333333277777778,0.3333333277777778,0.0,0.3333333277777778,0,0,0.5,0.2222222219753086
2955673642_4279b32097.jpg,এক সাদা <unk> অতিক্রম করছে,0.5999999988,0.2727272724793388,0.374999995234375,0.374999995234375,0.14285713857142868,0.3076923024852071,0,0,0.3846153846153846,0.24999999979166665
1417031097_ab656bc4bd.jpg,একটি <unk> একটি জার্মান <unk> এর ভিতর দাঁড়িয়ে আছে,0.2222222219753086,0.15384615372781063,0.18181817681818194,0.18181817681818194,0.0,0.18181817681818194,0,0,0.3529411764705882,0.08333333326388888
2520909293_9bb7f7364e.jpg,এক লোক তার সাইকেল নিয়ে একটি শিলার উপরে <unk>,0.3333333329629629,0.37499999953124996,0.3529411710726644,0.3529411710726644,0.13333332817777796,0.3529411710726644,0,0,0.46153846153846156,0.21428571413265304
1012212859_01547e3f17.jpg,একটি সাদা কুকুর একটি বল নিয়ে দৌড়াচ্ছে,0.8571428559183674,0.5454545449586776,0.6666666611728396,0.6666666611728396,0.4999999946875,0.6666666611728396,0,0,0.6097560975609756,0.45454545413223135
8535.png,সমুদ্র সৈকতে তিনজন মহিলা সৈকতে খেলছে,0.0,0.0,0.0,0.0,0.0,0.0,0,0,0.43999999999999995,0.0
IMG_9568.JPG,একটি মেয়ে টি বুকে চশমা দিয়ে ছবি তুলছে,0.24999999968749997,0.33333333277777777,0.2857142804081633,0.2857142804081633,0.0,0.2857142804081633,0,0,0.48,0.16666666652777776
8130.png,একজন বাচ্চা মেয়ে মাথায় ফুল নিয়ে আছে।,0.571428570612245,0.24999999984375,0.3478260824196598,0.3478260824196598,0.09523809106575981,0.2608695607561437,0,0,0.2545454545454545,0.2222222220987654
1192.png,একজন পুরুষ আছে।,0.9999999966666667,0.21428571413265304,0.3529411731487889,0.3529411731487889,0.13333333084444446,0.3529411731487889,0,0,0.21568627450980393,0.3333333329629629
3638.png,একজন পুরুষ হাসছে।,0.3333333322222222,0.12499999984374999,0.18181817752066123,0.18181817752066123,0.0,0.18181817752066123,0,0,0.31034482758620685,0.0999999999
6735.png,একটি সেতু আছে।,0.0,0.0,0.0,0.0,0.0,0.0,0,0,0.16666666666666663,0.0
300577375_26cc2773a1.jpg,একটি আধুনিক বিল্ডিংয়ের কাছে একটি প্রাচীন ভবন।,0.0,0.0,0.0,0.0,0.0,0.0,0,0,0.33333333333333337,0.0
IMG_0022.JPG,তিনজন মহিলা একজন শাড়ি পরে আছে,0.6666666655555555,0.7999999984,0.7272727209917357,0.7272727209917357,0.4444444385185186,0.7272727209917357,0,0,0.5909090909090908,0.571428570612245
inbound4127243904367353328.jpg,অনেক নারী বসে আছে।,0.49999999875,0.24999999968749997,0.33333332833333335,0.33333332833333335,0.0,0.16666666194444454,0,0,0.28125,0.1999999998
1071201387.jpg,একজন মহিলা একটি মহিলা একটি আসনে বসে আছেন,0.49999999937499995,0.30769230745562126,0.3809523758730159,0.3809523758730159,0.0,0.2857142807256236,0,0,0.4444444444444444,0.26666666648888887
7777.png,তিনটি নৌকা ভর্তি একটা নৌকায় বসে আছে।,0.14285714265306124,0.1999999996,0.16666666152777793,0.16666666152777793,0.0,0.16666666152777793,0,0,0.375,0.09090909082644627
3176131893_7181c733aa.jpg,একদল যুবক একটি ছোট ছেলেকে মারছে,0.16666666638888888,0.14285714265306124,0.15384614863905344,0.15384614863905344,0.0,0.15384614863905344,0,0,0.43999999999999995,0.08333333326388888
4239.png,একজন মানুষ দাড়িয়ে আছে।,0.49999999875,0.2857142853061225,0.36363635834710756,0.36363635834710756,0.2222222172839507,0.36363635834710756,0,0,0.32258064516129037,0.24999999968749997
465.png,একটি বানর,0.999999995,0.18181818165289254,0.3076923046153846,0.3076923046153846,0.18181817983471074,0.3076923046153846,0,0,0.2941176470588235,0.1999999998
3046949818_245b05f507.jpg,ছেলেরা ফুটবল খেলছে,0.3333333322222222,0.0999999999,0.15384615005917168,0.15384615005917168,0.0,0.15384615005917168,0,0,0.25806451612903225,0.08333333326388888
7938.png,রাতে একটি মুখোশ পরা একজন পুরুষ বসে আছে।,0.12499999984374999,0.1999999996,0.15384614887573977,0.15384614887573977,0.0,0.15384614887573977,0,0,0.3571428571428571,0.08333333326388888
3506869953_802f463178.jpg,একজন লোক একটি জাহাজের <unk> আগুনের সান্তা ক্লজের বোতাম লাগানো একটি <unk>,0.3333333330555555,0.3333333330555555,0.3333333280555556,0.3333333280555556,0.09999999495000023,0.2727272675206612,0,0,0.36,0.2222222220987654
8755.png,একটি রেডিও <unk>,0.3333333322222222,0.3333333322222222,0.33333332722222225,0.33333332722222225,0.0,0.33333332722222225,0,0,0.4545454545454546,0.1999999996
3662963630_8f097e38d4.jpg,এক স্কেটবোর্ডার একটি স্কেটবোর্ড কৌশল সম্পন্ন করছে,0.2857142853061225,0.2222222219753086,0.24999999476562512,0.24999999476562512,0.0,0.24999999476562512,0,0,0.4285714285714286,0.16666666652777776
3343311201_eeb1a39def.jpg,একজন মেয়ে তার পিছনে একজন সাদা কালো অফিসার তার পিছনে তার পিছনে একজন সাদা কালো অফিসার তার পিছনে তার পিছনে একজন সাদা কালো অফিসার তার পিছনে তার পিছনে একজন সাদা কালো অফিসার তার পিছনে তার পিছনে একজন সাদা কালো অফিসার,0.02499999999375,0.16666666638888888,0.04347825858223074,0.04347825858223074,0.0,0.04347825858223074,0,0,0.17333333333333334,0.08333333326388888
5611.png,একজন নারী একটি গাছের নিচে শুয়ে আছে।,0.7142857132653061,0.45454545413223135,0.5555555501851852,0.5555555501851852,0.12499999515625017,0.4444444391975309,0,0,0.41666666666666663,0.3846153843195266
2604.png,একজন পুরুষ একটি নৌকা চালিয়ে যাচ্ছে।,0.33333333277777777,0.2857142853061225,0.3076923022485208,0.3076923022485208,0.1818181765289258,0.3076923022485208,0,0,0.31999999999999995,0.18181818165289254
3335097235_538f4777c3.jpg,একটি সাদা কুকুর মুখের মধ্যে একটি বস্তু নিয়ে দৌড়াচ্ছে,0.5555555549382716,0.7142857132653061,0.624999994296875,0.624999994296875,0.16666666194444454,0.624999994296875,0,0,0.5588235294117647,0.49999999949999996
4501.png,একটি শিশু আছে।,0.3333333322222222,0.16666666638888888,0.2222222172839507,0.2222222172839507,0.0,0.2222222172839507,0,0,0.30000000000000004,0.12499999984374999
1473250020_dc829a090f.jpg,হাফপ্যান্ট পরিহিত একজন লোক একটি খাড়া পাথরের উপর দিয়ে হাঁটছে।,0.29999999969999996,0.29999999969999996,0.29999999470000005,0.29999999470000005,0.11111110598765454,0.29999999470000005,0,0,0.5714285714285714,0.1764705881314879
2516.png,শাড়ি পরিহিত একজন নারী একটি পুরনো বাড়ির সামনে দিয়ে একটা মন্দির।,0.18181818165289254,0.2857142853061225,0.22222221722222232,0.22222221722222232,0.0,0.22222221722222232,0,0,0.39534883720930236,0.124999999921875
1191423753.jpg,দুজন বন্ধু একটি দালানের সামনে দাঁড়িয়ে আছে,0.4285714279591837,0.23076923059171597,0.2999999951500001,0.2999999951500001,0.11111110654321005,0.2999999951500001,0,0,0.34615384615384615,0.19999999986666667
3668.png,একজন পুরুষ হেঁটে যাচ্ছে।,0.249999999375,0.249999999375,0.2499999943750001,0.2499999943750001,0.0,0.2499999943750001,0,0,0.625,0.14285714265306124
1956678973_223cb1b847.jpg,একটি ঘাসের মাঠে একদল শিশু ঘাসের উপর খেলছে,0.24999999968749997,0.33333333277777777,0.2857142804081633,0.2857142804081633,0.15384614863905344,0.2857142804081633,0,0,0.5,0.18181818165289254
43.JPG,কিছু মানুষ আছে।,0.0,0.0,0.0,0.0,0.0,0.0,0,0,0.4444444444444444,0.0
2752331711_cb18abba5a.jpg,এক ব্যক্তি একটি পাথরের কিনারায় ।,0.33333333277777777,0.24999999968749997,0.2857142804081633,0.2857142804081633,0.0,0.2857142804081633,0,0,0.34285714285714286,0.16666666652777776
5557.png,মাথায় গামছা বেধে মাথায় গামছা বেধে মাথায় গামছা বেধে তাকিয়ে আছে পিছনে পাঁট শুকাতে দিয়ে মাছ আছে যার চুল অনেক বড় স্থির হয়ে গেছে,0.12499999994791666,0.4285714279591837,0.19354838347554634,0.19354838347554634,0.06896551391200967,0.19354838347554634,0,0,0.20731707317073167,0.14285714278911565
3001612175_53567ffb58.jpg,একটি লোক একটি কালো সাইকেলটি বসে আছে,0.4285714279591837,0.4285714279591837,0.42857142295918377,0.42857142295918377,0.16666666138888903,0.42857142295918377,0,0,0.43333333333333335,0.3333333329629629
725.png,কয়েকজন মানুষ আছে।,0.3333333322222222,0.16666666638888888,0.2222222172839507,0.2222222172839507,0.0,0.2222222172839507,0,0,0.38095238095238093,0.12499999984374999
733964952_69f011a6c4.jpg,একটি দম্পতি প্রাচীন ধাতব পোল গুলো পানির নিচে যাচ্ছে,0.1111111109876543,0.14285714265306124,0.12499999492187522,0.12499999492187522,0.0,0.12499999492187522,0,0,0.2941176470588235,0.06666666662222222
3708266246_97a033fcc7.jpg,একটি কুকুর বাধার উপর দিয়ে লাফ দিচ্ছে,0.571428570612245,0.49999999937499995,0.5333333276444445,0.5333333276444445,0.3076923022485208,0.5333333276444445,0,0,0.6206896551724138,0.3999999996
2737729252_b3fd9c05b1.jpg,একটি কিশোরী মেয়ে <unk> খেলছে,0.1999999996,0.16666666638888888,0.1818181765289258,0.1818181765289258,0.0,0.1818181765289258,0,0,0.42307692307692313,0.0999999999
78984436_ad96eaa802.jpg,একটি কুকুর কাদা দিয়ে চলছে,0.3999999992,0.18181818165289254,0.249999995390625,0.249999995390625,0.0,0.21052631168975072,0,0,0.36363636363636365,0.14285714275510203
8933.png,কয়েকজন মানুষ আছে।,0.6666666644444444,0.49999999875,0.5714285648979592,0.5714285648979592,0.39999999360000005,0.5714285648979592,0,0,0.6875,0.3999999992
1741.png,একদল লোক একটি <unk>,0.249999999375,0.08333333326388888,0.1249999960937501,0.1249999960937501,0.0,0.1249999960937501,0,0,0.25,0.06666666662222222
3387630781_f421a94d9d.jpg,একটি শিশু আছে।,0.6666666644444444,0.2222222219753086,0.3333333290277778,0.3333333290277778,0.19999999640000002,0.3333333290277778,0,0,0.2941176470588235,0.2222222219753086
3167.png,দুইজন মানুষ আছে।,0.9999999966666667,0.9999999966666667,0.9999999916666666,0.9999999916666666,0.9999999900000001,0.9999999916666666,1,1,1.0,0.9999999966666667
5097.png,অনেকগুলো মানুষ আছে।,0.6666666644444444,0.49999999875,0.5714285648979592,0.5714285648979592,0.39999999360000005,0.5714285648979592,0,0,0.75,0.3999999992
465859490_b077219424.jpg,একটি রৌদ্রোজ্জ্বল দিনে কিছু লোক একটি মেয়ে,0.4285714279591837,0.49999999916666665,0.4615384558579882,0.4615384558579882,0.36363635801652905,0.4615384558579882,0,0,0.33333333333333337,0.3333333329629629
3399284917_721aefe2a7.jpg,একটি দোলের ওপরে দোলনায় একটি ছেলে একটি <unk>,0.37499999953124996,0.37499999953124996,0.37499999453125,0.37499999453125,0.0,0.37499999453125,0,0,0.4722222222222222,0.18181818165289254
3619.png,কয়েকজন মানুষ আছে।,0.3333333322222222,0.14285714265306124,0.1999999954000001,0.1999999954000001,0.0,0.1999999954000001,0,0,0.3448275862068966,0.1111111109876543
2660008870_b672a4c76a.jpg,একটি শিশু নীল রঙের সার্ফবোর্ডে চড়ছে,0.33333333277777777,0.24999999968749997,0.2857142804081633,0.2857142804081633,0.16666666152777793,0.2857142804081633,0,0,0.33333333333333337,0.16666666652777776
5888.png,কয়েকজন ছেলে মানুষ আছে।,0.7499999981250001,0.5999999988,0.6666666602469137,0.6666666602469137,0.0,0.6666666602469137,0,0,0.6111111111111112,0.49999999916666665
5436.png,সমুদ্রের পারে তিনজন দাড়িয়ে আছে,0.3999999992,0.16666666652777776,0.23529411321799312,0.23529411321799312,0.13333332924444455,0.23529411321799312,0,0,0.21568627450980393,0.13333333324444444
9145.png,একটি নৌকা চালিয়ে যাচ্ছেন একজন পুরুষ এবং পিছনে নদী দিয়ে।,0.1999999998,0.33333333277777777,0.24999999500000003,0.24999999500000003,0.0,0.24999999500000003,0,0,0.45945945945945943,0.14285714275510203
5272.png,একটি <unk> <unk> সামনে <unk> <unk> সামনে <unk> <unk> সামনে <unk> <unk> সামনে <unk> <unk> সামনে <unk> <unk> সামনে <unk> <unk> সামনে <unk> <unk> সামনে <unk> <unk> সামনে <unk> <unk> সামনে <unk> <unk> সামনে <unk> <unk> সামনে <unk> <unk> সামনে,0.02499999999375,0.3333333322222222,0.04651162658734455,0.04651162658734455,0.0,0.04651162658734455,0,0,0.037735849056603765,0.1999999996
7620.png,একটি শিশু উপরের দিকে তাকিয়ে আছে।,0.33333333277777777,0.3999999992,0.36363635801652905,0.36363635801652905,0.2222222167901236,0.36363635801652905,0,0,0.5185185185185186,0.2222222219753086
5571.png,একটি লোক হাতে <unk> নিয়ে যাচ্ছে।,0.33333333277777777,0.2857142853061225,0.3076923022485208,0.3076923022485208,0.0,0.3076923022485208,0,0,0.33333333333333337,0.18181818165289254
6913.png,একটি ছোট বাচ্চা তার পা তুলে বসে আছে,0.24999999968749997,0.16666666652777776,0.1999999950000001,0.1999999950000001,0.0,0.1999999950000001,0,0,0.3111111111111111,0.11764705875432525
1396703063_e8c3687afe.jpg,একজন লোক মুখোশ পরে আছে,0.7999999984,0.26666666648888887,0.39999999585,0.39999999585,0.2499999943750001,0.39999999585,0,0,0.2857142857142857,0.24999999984375
2899374885_f3b2b1a290.jpg,একটি ছোট্ট শিশু বাচ্চাদের দোলনায় দুলছে,0.33333333277777777,0.24999999968749997,0.2857142804081633,0.2857142804081633,0.0,0.2857142804081633,0,0,0.5,0.16666666652777776
2866.png,দুইজন ছেলে বসে আছে।,0.49999999875,0.24999999968749997,0.33333332833333335,0.33333332833333335,0.1999999954000001,0.33333332833333335,0,0,0.23076923076923073,0.24999999968749997
_MG_1341.JPG,একটি লোক ও নীল রঙের জ্যাকেট পরা এক ব্যাক্তির পাশে দাঁড়িয়ে আছেন।,0.16666666652777776,0.2857142853061225,0.2105263109141275,0.2105263109141275,0.0,0.1999999950000001,0,0,0.34883720930232553,0.11764705875432525
3597715122_45878432ec.jpg,একটি চিহ্ন ঝুলছে এবং একটি পরিবার রেস্তোরার সামনে দাঁড়িয়ে আছেন।,0.1999999998,0.18181818165289254,0.19047618530612256,0.19047618530612256,0.0,0.19047618530612256,0,0,0.34615384615384615,0.07692307686390532
1227655020_b11a1bb112.jpg,একটি কালো কুকুর ঘাসের মধ্যে দিয়ে <unk> করছে,0.49999999937499995,0.49999999937499995,0.49999999437500003,0.49999999437500003,0.19047618585034026,0.49999999437500003,0,0,0.5517241379310345,0.3333333330555555
2260560631_09093be4c6.jpg,একটি <unk> একটি বাঘ দাড়িয়ে আছে।,0.33333333277777777,0.24999999968749997,0.2857142804081633,0.2857142804081633,0.0,0.2857142804081633,0,0,0.3928571428571429,0.09090909082644627
3155501473_510f9c9f6b.jpg,এক যুবতী মহিলা তার বাম হাতে একটি <unk> কোলে দাঁড়িয়ে আছে।,0.18181818165289254,0.24999999968749997,0.21052631069252087,0.21052631069252087,0.0,0.21052631069252087,0,0,0.36170212765957444,0.124999999921875
2516317118_10ae66b87a.jpg,একটি শিশু একটি লাল রঙের পোশাক পরে আছে,0.12499999984374999,0.1111111109876543,0.11764705370242234,0.11764705370242234,0.0,0.11764705370242234,0,0,0.375,0.06666666662222222
3666537170_c4ecda4be8.jpg,একটি ছেলে পানি দিয়ে খেলছে,0.3999999992,0.2222222219753086,0.2857142807142858,0.2857142807142858,0.16666666194444454,0.2857142807142858,0,0,0.3529411764705882,0.18181818165289254
2560.png,একজন পুরুষ দাড়িয়ে আছে।,0.249999999375,0.1111111109876543,0.15384614934911253,0.15384614934911253,0.0,0.15384614934911253,0,0,0.38888888888888884,0.08333333326388888
502884177_25939ac000.jpg,একটি লাল শার্ট পরা একজন মহিলা একটি শিশুর দিকে তাকিয়ে আছে,0.2727272724793388,0.3333333329629629,0.29999999475000005,0.29999999475000005,0.11111110604938293,0.29999999475000005,0,0,0.475,0.1874999998828125
3631023049_8a85bab19f.jpg,এক ছোট বালক একটি দোলনায় দোল দড়ি ধরে ঝুলে আছে,0.0999999999,0.249999999375,0.14285713857142868,0.14285713857142868,0.0,0.14285713857142868,0,0,0.36363636363636365,0.07692307686390532
3044746136_8b89da5f40.jpg,একটি বিশাল <unk> একটি অনুষ্ঠানে অনেক লোক বসে আছে,0.3333333329629629,0.49999999916666665,0.3999999946666667,0.3999999946666667,0.0,0.3076923029585799,0,0,0.38235294117647056,0.29999999969999996
3563673070_71fa0903ed.jpg,একজন লোক নীল রঙের শার্ট পরে বেগুনী শার্ট পরে আছে,0.29999999969999996,0.3333333329629629,0.31578946836565097,0.31578946836565097,0.11764705370242234,0.31578946836565097,0,0,0.5142857142857142,0.21428571413265304
2521983429_33218366bd.jpg,একটি কুকুর সমুদ্রের কাছে একটি সাগরের পাশে দাড়িয়ে আছে,0.4444444439506172,0.3999999996,0.4210526261495845,0.4210526261495845,0.13333332817777796,0.39999999464999997,0,0,0.475,0.28571428551020406
3518334317_bc40bae18d.jpg,একটি কাচের <unk> একটি ভবনে চাইনিজ উঠোনে দাঁড়িয়ে আছে কিছু লোক দাঁড়িয়ে আছে,0.23076923059171597,0.3333333329629629,0.2727272676446281,0.2727272676446281,0.11111110654321005,0.1999999952500001,0,0,0.28,0.124999999921875
7354.png,একটি মহিলার হাতে <unk>,0.249999999375,0.16666666638888888,0.1999999948000001,0.1999999948000001,0.0,0.1999999948000001,0,0,0.2068965517241379,0.1111111109876543
625.png,একটি শিশু দাড়িয়ে আছে।,0.0,0.0,0.0,0.0,0.0,0.0,0,0,0.23076923076923073,0.0
white-bovine-ox-grazing-agricultural-field-goa-india.jpg,সবুজ ঘাসের মাঝে একটি সুন্দর দৃশ্য।,0.49999999916666665,0.3333333329629629,0.3999999946666667,0.3999999946666667,0.3076923024852071,0.3999999946666667,0,0,0.59375,0.24999999979166665
5759.png,একজন পুরুষ মানুষ যার সাথে একটা কুকুর লাফ দিয়েছে।,0.2222222219753086,0.49999999875,0.3076923029585799,0.3076923029585799,0.11764705370242234,0.3076923029585799,0,0,0.4736842105263158,0.18181818165289254
1401961581_76921a75c5.jpg,একজন লোক একটি <unk> একটি <unk> <unk> <unk> <unk> <unk> <unk> <unk> <unk> <unk> <unk> <unk> <unk> <unk> <unk> <unk> <unk> <unk> <unk> <unk> <unk> <unk> <unk> <unk> <unk> <unk> <unk> <unk> <unk> <unk> <unk> <unk> <unk> <unk> <unk> <unk>,0.07499999998125,0.21428571413265304,0.11111110722908106,0.11111110722908106,0.043478258270321514,0.11111110722908106,0,0,0.1383647798742138,0.14285714275510203
293327462_20dee0de56.jpg,দুটি কুকুর খেলছে,0.9999999966666667,0.5999999988,0.7499999934375,0.7499999934375,0.33333332777777785,0.7499999934375,0,0,0.5555555555555556,0.5999999988
1998255400_0cd086908f.jpg,একটি কুকুর একটি কালো কুকুর,0.5999999988,0.24999999979166665,0.3529411719031142,0.3529411719031142,0.1818181768595043,0.3529411719031142,0,0,0.4814814814814815,0.2222222219753086
3408.png,সমুদ্রের পারে কয়েকজন মানুষ আছে।,0.3999999992,0.24999999968749997,0.3076923024852071,0.3076923024852071,0.1818181768595043,0.3076923024852071,0,0,0.3666666666666667,0.1999999998
1876.png,একজন বয়স্ক নারী তাকিয়ে আছে।,0.3999999992,0.3999999992,0.39999999420000004,0.39999999420000004,0.2499999943750001,0.39999999420000004,0,0,0.631578947368421,0.24999999968749997
4803.png,একটি সেতুর উপর দাড়িয়ে আছে।,0.1999999996,0.249999999375,0.2222222167901236,0.2222222167901236,0.0,0.2222222167901236,0,0,0.4444444444444444,0.12499999984374999
399679638_d3036da331.jpg,একটি কুকুর বরফে খেলছে।,0.49999999875,0.49999999875,0.4999999937500001,0.4999999937500001,0.28571428000000004,0.4999999937500001,0,0,0.8666666666666667,0.33333333277777777
408627152_1feaa4b94e.jpg,একটি বাঁধাই করা একটি কুকুর একটি নৌকায় মানুষজন তাদের নৌকায় মানুষজন তাদের নৌকায় মানুষজন তাদের নৌকায় মানুষজন তাদের নৌকায় মানুষজন তাদের নৌকায় মানুষজন তাদের নৌকায় মানুষজন তাদের নৌকায় মানুষজন তাদের নৌকায় মানুষজন তাদের নৌকায় মানুষজন তাদের নৌকায় মানুষজন তাদের নৌকায়,0.07499999998125,0.16666666657407406,0.10344827154577901,0.10344827154577901,0.045454543419421574,0.10344827154577901,0,0,0.25,0.18181818165289254
5558.png,সমুদ্র পাড়ে একজন মানুষ হেঁটে যাচ্ছে।,0.49999999916666665,0.3333333329629629,0.3999999946666667,0.3999999946666667,0.3076923024852071,0.3999999946666667,0,0,0.5277777777777778,0.24999999979166665
2497608431_8dfefc7a1a.jpg,একটি কুকুর একটি লাঠি নিয়ে একটি লাঠি নিয়ে একটি লাঠি নিয়ে একটি লাঠি নিয়ে একটি লাঠি নিয়ে একটি লাঠি নিয়ে একটি লাঠি নিয়ে একটি লাঠি নিয়ে একটি লাঠি নিয়ে একটি লাঠি নিয়ে একটি লাঠি নিয়ে একটি লাঠি নিয়ে একটি লাঠি,0.0499999999875,0.16666666652777776,0.07692307334319543,0.07692307334319543,0.03999999655200029,0.07692307334319543,0,0,0.22388059701492535,0.14285714275510203
3277162496_dff7eeb59e.jpg,দুটি কুকুর খেলছে,0.6666666644444444,0.49999999875,0.5714285648979592,0.5714285648979592,0.0,0.5714285648979592,0,0,0.6428571428571428,0.3999999992
1044.png,পানির উপর অনেকগুলো মানুষ আছে।,0.1999999996,0.249999999375,0.2222222167901236,0.2222222167901236,0.0,0.2222222167901236,0,0,0.25,0.12499999984374999
7829.png,একটি নৌকায় একজন মানুষ আছে।,0.7999999984,0.7999999984,0.7999999934,0.7999999934,0.4999999937500001,0.7999999934,0,0,0.9,0.6666666655555555
5448.png,একটি ভবন আছে।,0.6666666644444444,0.24999999968749997,0.36363635900826446,0.36363635900826446,0.22222221827160496,0.36363635900826446,0,0,0.30000000000000004,0.24999999968749997
2823075967_be4c350e9e.jpg,তিনটি কুকুর তাদের কুকুর বাইরে দাঁড়িয়ে আছে,0.14285714265306124,0.3333333322222222,0.1999999954000001,0.1999999954000001,0.0,0.1999999954000001,0,0,0.46153846153846156,0.12499999984374999
3019986034_7453777274.jpg,লাল রঙের একটি লাল রঙের একটি লাল রঙের <unk> একটি <unk> <unk> বাজাচ্ছে,0.15384615372781063,0.3999999992,0.22222221796296296,0.22222221796296296,0.0,0.22222221796296296,0,0,0.32352941176470584,0.24999999968749997
6799.png,একটি <unk> দিয়ে কয়েকজন মানুষ শরীরে আছে।,0.14285714265306124,0.3333333322222222,0.1999999954000001,0.1999999954000001,0.0,0.1999999954000001,0,0,0.33333333333333337,0.1111111109876543
2924259848_effb4dcb82.jpg,একজন মোটরসাইকেল আরোহী একটি মোটরসাইকেলের উপর দিয়ে চড়লেন,0.37499999953124996,0.37499999953124996,0.37499999453125,0.37499999453125,0.14285713765306143,0.37499999453125,0,0,0.5609756097560976,0.23076923059171597
8915.png,একজন পুরুষ বসে আছে।,0.7499999981250001,0.7499999981250001,0.7499999931250001,0.7499999931250001,0.33333332722222225,0.7499999931250001,0,0,0.7857142857142857,0.5999999988
275516348_cbccebc125.jpg,বাদামি ও তামাটে ও তামাটে ও তামাটে ও তামাটে ও তামাটে ও তামাটে ও তামাটে ও তামাটে ও তামাটে ও তামাটে ও তামাটে ও তামাটে ও তামাটে ও তামাটে ও তামাটে ও তামাটে ও তামাটে ও তামাটে ও তামাটে ও,0.0,0.0,0.0,0.0,0.0,0.0,0,0,0.11764705882352944,0.0
9104.png,একটি ভিজা কাপড় দিয়ে একজন পুরুষ একটি শিশুর উপর দাঁড়িয়ে আছে,0.09090909082644627,0.14285714265306124,0.11111110623456812,0.11111110623456812,0.0,0.11111110623456812,0,0,0.41463414634146345,0.0624999999609375
3532205154_5674b628ea.jpg,কালো পোষাক পরা দুটি মেয়ে কালো পোশাক করা অনুশীলন করছেন।,0.0,0.0,0.0,0.0,0.0,0.0,0,0,0.3055555555555556,0.0
3324.png,তিনটি শিশু আছে।,0.3333333322222222,0.14285714265306124,0.1999999954000001,0.1999999954000001,0.0,0.1999999954000001,0,0,0.19999999999999996,0.1111111109876543
2706023395_ac9eba0e42.jpg,একটি সুন্দর দিনে দু'জন লোক একটি রাস্তায় দাঁড়িয়ে আছে,0.3333333329629629,0.4285714279591837,0.374999994609375,0.374999994609375,0.0,0.374999994609375,0,0,0.47058823529411764,0.24999999979166665
1373.png,একটা মহিলা বসে আছে নীল গেঞ্জি পরে বসে আছে নীল জামা পরে বসে আছে,0.14285714275510203,0.09090909086776859,0.11111110629629649,0.11111110629629649,0.058823524653979616,0.11111110629629649,0,0,0.29032258064516125,0.0833333332986111
340.png,কয়েকজন মানুষ আছে।,0.3333333322222222,0.0624999999609375,0.10526315512465378,0.10526315512465378,0.0,0.10526315512465378,0,0,0.19298245614035092,0.06666666662222222
7526.png,জমির মাঝ দিয়ে একজন নারী সরিষা ক্ষেত আছে।,0.24999999968749997,0.16666666652777776,0.1999999950000001,0.1999999950000001,0.11111110623456812,0.1999999950000001,0,0,0.39534883720930236,0.11764705875432525
2706430695_3b5667741c.jpg,এক ছোট বাচ্চা মেয়ে একটি <unk>,0.49999999916666665,0.2727272724793388,0.3529411714878893,0.3529411714878893,0.0,0.3076923022485208,0,0,0.36111111111111116,0.24999999979166665
7020.png,একজন মানুষ হেঁটে আসছে।,0.249999999375,0.14285714265306124,0.1818181768595043,0.1818181768595043,0.0,0.1818181768595043,0,0,0.3913043478260869,0.0999999999
344841963_8b0fa9784c.jpg,অনেকে বাইরের লোকদের সাথে সাথে কথা বলছে।,0.0,0.0,0.0,0.0,0.0,0.0,0,0,0.2727272727272727,0.0
4220.png,একটি ভাসমান নৌকায় দুইজন মানুষ আছে।,0.33333333277777777,0.49999999875,0.3999999944,0.3999999944,0.0,0.3999999944,0,0,0.29166666666666663,0.24999999968749997
2157173498_2eea42ee38.jpg,একজন লোক একটি বিশাল ঢেউ এর উপর দিয়ে লাফ দিলো,0.1999999998,0.1999999998,0.19999999480000014,0.19999999480000014,0.11111110598765454,0.19999999480000014,0,0,0.33333333333333337,0.11764705875432525
2714878018_1593c38d69.jpg,একটি ছেলে জলের ছিটা দেয়া হচ্ছে,0.33333333277777777,0.15384615372781063,0.21052631124653745,0.21052631124653745,0.11764705453287211,0.21052631124653745,0,0,0.5862068965517242,0.11764705875432525
3926.png,কয়েকজন পুরুষ দাড়িয়ে আছে।,0.0,0.0,0.0,0.0,0.0,0.0,0,0,0.23809523809523814,0.0
IMG_9576.JPG,একটি সাদা রঙের কুকুর একটি <unk>,0.49999999916666665,0.9999999966666667,0.6666666607407408,0.6666666607407408,0.28571428081632655,0.44444443901234576,0,0,0.31818181818181823,0.5999999988
3267644370_f2728d6c7a.jpg,একজন স্কি করার সময় একজন স্কিয়ার একটি স্কি করছে,0.3333333329629629,0.37499999953124996,0.3529411710726644,0.3529411710726644,0.0,0.3529411710726644,0,0,0.4444444444444444,0.24999999979166665
108.png,একটি কালো রঙের গাড়ির ভিতরে অনেক মানুষ,0.14285714265306124,0.12499999984374999,0.13333332817777796,0.13333332817777796,0.0,0.13333332817777796,0,0,0.2142857142857143,0.07692307686390532
6528.png,একজন পুরুষ ও কয়েকজন মানুষ দাড়িয়ে আছে আরও কিছু মানুষ দাড়িয়ে আছে কিছু মানুষ দাড়িয়ে আছে কিছু মানুষ দাড়িয়ে আছে কিছু মানুষ দাড়িয়ে আছে কিছু মানুষ দাড়িয়ে আছে কিছু মানুষ দাড়িয়ে আছে কিছু মানুষ দাড়িয়ে আছে কিছু মানুষ দাড়িয়ে আছে,0.099999999975,0.4444444439506172,0.1632653030570596,0.1632653030570596,0.0851063801177004,0.1632653030570596,0,0,0.2447552447552448,0.28571428551020406
2710280476_dcccb8745a.jpg,একটি সাদা কুকুর একটি হলুদ রঙের একটি হলুদ রঙের একটি কুকুর তা দেখছে,0.30769230745562126,0.15384615378698224,0.20512820057856682,0.20512820057856682,0.054054049642074865,0.20512820057856682,0,0,0.359375,0.1379310344351962
3293596075_973b0bfd08.jpg,একটি কুকুর তুষার দিয়ে চলছে,0.3999999992,0.33333333277777777,0.36363635801652905,0.36363635801652905,0.2222222167901236,0.36363635801652905,0,0,0.44999999999999996,0.2222222219753086
3109268897_d43797fc6a.jpg,নীল শার্ট পরে আছে,0.249999999375,0.14285714265306124,0.1818181768595043,0.1818181768595043,0.0,0.1818181768595043,0,0,0.2857142857142857,0.0999999999
200771289_31902164a7.jpg,দু'জন লোক একটি পুলিশ দাড়িয়ে আছে।,0.33333333277777777,0.1999999998,0.24999999500000003,0.24999999500000003,0.14285713806122466,0.24999999500000003,0,0,0.45833333333333337,0.15384615372781063
3498354674_b636c7992f.jpg,একটি ছেলে একটি <unk> থেকে লাফ দিচ্ছে,0.2857142853061225,0.1999999998,0.23529411252595167,0.23529411252595167,0.0,0.23529411252595167,0,0,0.33333333333333337,0.14285714275510203
525.png,একটি গ্রামে তিনজন লোক বসে আছে আর তাদের পেছনে একটি দেয়ালের পাশে বসে আছে আর তাদের পেছনে একটি দেয়ালের পাশে বসে আছে আর তাদের পেছনে একটি দেয়ালের পাশে বসে আছে আর তাদের পেছনে একটি দেয়ালের পাশে বসে আছে আর তাদের,0.02499999999375,0.12499999984374999,0.04166666387152797,0.04166666387152797,0.0,0.04166666387152797,0,0,0.1597222222222222,0.05555555552469135
3259222690_69737f2a6e.jpg,একটি ছোট্ট মেয়ে একটি বই পড়ছে,0.16666666638888888,0.08333333326388888,0.11111110654321005,0.11111110654321005,0.0,0.11111110654321005,0,0,0.3846153846153846,0.06666666662222222
1528205014_1323aa9dfd.jpg,একজন লোক রাস্তায় দাড়িয়ে আছে,0.3999999992,0.2857142853061225,0.33333332791666676,0.33333332791666676,0.1999999948000001,0.33333332791666676,0,0,0.4285714285714286,0.1999999998
2696060728_3043cfc38c.jpg,একজন লোক পানিতে সার্ফিং করছে,0.3999999992,0.33333333277777777,0.36363635801652905,0.36363635801652905,0.0,0.3076923024852071,0,0,0.43333333333333335,0.2222222219753086
3841.png,একটি শিশু হেঁটে যাচ্ছে।,0.49999999875,0.33333333277777777,0.3999999944,0.3999999944,0.24999999468750006,0.3999999944,0,0,0.35,0.24999999968749997
1810.png,একজন লোক একটি বিশাল দালানের বাইরে দাঁড়িয়ে থাকে।,0.24999999968749997,0.1111111110493827,0.15384614946745573,0.15384614946745573,0.0,0.07692307260355052,0,0,0.3548387096774194,0.0833333332986111
6502.png,একটি নৌকায় কয়েকজন মানুষ আছে।,0.5999999988,0.49999999916666665,0.5454545395041324,0.5454545395041324,0.2222222167901236,0.5454545395041324,0,0,0.6956521739130435,0.37499999953124996
3564385317_1bf5094068.jpg,এক লোক একটি <unk>,0.49999999875,0.2857142853061225,0.36363635834710756,0.36363635834710756,0.2222222172839507,0.36363635834710756,0,0,0.37037037037037035,0.2222222219753086
1121416483_c7902d0d49.jpg,একটি শিশু হাতে দাঁড়িয়ে আছে,0.1999999996,0.16666666638888888,0.1818181765289258,0.1818181765289258,0.0,0.1818181765289258,0,0,0.5,0.0999999999
4407.png,একজন পুরুষ একটি কিনছে।,0.249999999375,0.249999999375,0.2499999943750001,0.2499999943750001,0.0,0.2499999943750001,0,0,0.6875,0.14285714265306124
461.png,দুইটি শিশু তাকিয়ে আছে।,0.49999999875,0.33333333277777777,0.3999999944,0.3999999944,0.24999999468750006,0.3999999944,0,0,0.38095238095238093,0.24999999968749997
8757.png,একটি নৌকায় ৩ টি নৌকা দেখা যাচ্ছে।,0.571428570612245,0.3636363633057851,0.4444444391975309,0.4444444391975309,0.12499999515625017,0.4444444391975309,0,0,0.41025641025641024,0.28571428551020406
3317145805_071b15debb.jpg,একটি কালো কুকুর একটি লাল খেলনা নিয়ে দৌড়াচ্ছে,0.6249999992187499,0.5555555549382716,0.5882352884429066,0.5882352884429066,0.2666666613333334,0.4999999947,0,0,0.5476190476190477,0.3636363633057851
904.png,একজন পুরুষ বসে কাজ করছে।,0.5999999988,0.4285714279591837,0.4999999943055557,0.4999999943055557,0.1999999948000001,0.4999999943055557,0,0,0.5833333333333333,0.37499999953124996
3108732084_565b423162.jpg,একজন স্নোবোর্ডার একটি স্নোবোর্ড দিয়ে ঢাকা পাহাড়ের নিচে স্কি করছে,0.1999999998,0.999999995,0.33333333000000004,0.33333333000000004,0.1999999978,0.33333333000000004,0,0,0.40476190476190477,0.1999999998
3685373706_37f2ced9ff.jpg,নীল হাফপ্যান্ট পরিহিত একজন মহিলা বল <unk> <unk> <unk> <unk> <unk> <unk> <unk> <unk> <unk> <unk> <unk> <unk> <unk> <unk> <unk> <unk> <unk> <unk> <unk> <unk> <unk> <unk> <unk> <unk> <unk> <unk> <unk> <unk> <unk> <unk> <unk> <unk> <unk> <unk>,0.0499999999875,0.1999999998,0.07999999676800014,0.07999999676800014,0.0,0.039999996784000263,0,0,0.12962962962962965,0.13333333324444444
3471841031_a949645ba8.jpg,একজন লোক একটি গাড়িতে বসে আছে,0.6666666655555555,0.21052631567867036,0.319999996096,0.319999996096,0.10526315390581731,0.319999996096,0,0,0.25,0.19047619038548752
IMG_20220921_124603.jpg,একজন লোক,0.4999999975,0.249999999375,0.33333332777777785,0.33333332777777785,0.0,0.33333332777777785,0,0,0.3571428571428571,0.1999999996
3686.png,একজন নারী হেঁটে যাচ্ছে।,0.249999999375,0.249999999375,0.2499999943750001,0.2499999943750001,0.0,0.2499999943750001,0,0,0.4375,0.14285714265306124
2076906555_c20dc082db.jpg,একটি ছেলে <unk> <unk> <unk> <unk> <unk> <unk> <unk> <unk> <unk> <unk> <unk> <unk> <unk> <unk> <unk> <unk> <unk> <unk> <unk> <unk> <unk> <unk> <unk> <unk> <unk> <unk> <unk> <unk> <unk> <unk> <unk> <unk> <unk> <unk> <unk> <unk> <unk> <unk>,0.0499999999875,0.2222222219753086,0.08163265002915464,0.08163265002915464,0.042553188646446534,0.08163265002915464,0,0,0.10126582278481011,0.2222222219753086
2344.png,একজন পুরুষ আছে।,0.6666666644444444,0.24999999968749997,0.36363635900826446,0.36363635900826446,0.22222221827160496,0.36363635900826446,0,0,0.33333333333333337,0.24999999968749997
5808.png,একটি ছেলে একটি কাঠের ওপর বসে আছে,0.2857142853061225,0.18181818165289254,0.22222221722222232,0.22222221722222232,0.12499999515625017,0.22222221722222232,0,0,0.41666666666666663,0.13333333324444444
2867968184_908d87cf2c.jpg,একটি স্কেটবোর্ডার দীর্ঘ দেয়ালে স্কেটবোর্ড দিয়ে লাফ দিচ্ছে ।,0.2222222219753086,0.33333333277777777,0.2666666615111111,0.2666666615111111,0.15384614887573977,0.2666666615111111,0,0,0.41666666666666663,0.15384615372781063
3049649128_d83d847168.jpg,একটি গাছে একটি গাছে ঘেরা একটি গাছে ঘেরা একটি গাছে ঘেরা একটি গাছে চড়তে চাচ্ছে একটি উঁচু জায়গায় দাঁড়িয়ে আছে,0.049999999975,0.1999999996,0.07999999673600013,0.07999999673600013,0.0,0.07999999673600013,0,0,0.2857142857142857,0.07692307686390532
2887750774_920eb171aa.jpg,একটি বাদামী কুকুর পানিতে খেলছে,0.3999999992,0.3999999992,0.39999999420000004,0.39999999420000004,0.2499999943750001,0.39999999420000004,0,0,0.8421052631578947,0.24999999968749997
3069216757_c419b3898e.jpg,একটি মেয়ে দাড়িয়ে আছে,0.49999999875,0.1999999998,0.28571428122448983,0.28571428122448983,0.0,0.28571428122448983,0,0,0.29729729729729726,0.16666666652777776
633456174_b768c1d6cd.jpg,ফ্লিপ ফ্লপ এবং নীল প্যান্ট এবং জিন্স পরা একটি ছেলে তার পাশের একটি বেড়ার উপর দাঁড়িয়ে আছে,0.1764705881314879,0.3333333329629629,0.23076922606508882,0.23076922606508882,0.09523809151927451,0.23076922606508882,0,0,0.29508196721311475,0.10714285710459183
3966.png,দুইজন নারী দাড়িয়ে আছে।,0.9999999975,0.571428570612245,0.7272727213223142,0.7272727213223142,0.44444443901234576,0.7272727213223142,0,0,0.5185185185185186,0.571428570612245
649.png,একজন বালক ঝর্ণার নিচে দাঁড়িয়ে আছেন।,0.16666666638888888,0.249999999375,0.1999999948000001,0.1999999948000001,0.0,0.1999999948000001,0,0,0.45833333333333337,0.1111111109876543
2670.png,একদল লোক একটি নদীতে ফেলে মাছ ধরছে।,0.14285714265306124,0.16666666638888888,0.15384614863905344,0.15384614863905344,0.0,0.15384614863905344,0,0,0.28,0.08333333326388888
1236964638.jpg,একটি ছেলে একটি পুকুরে ঝাঁপ দিচ্ছে,0.49999999916666665,0.49999999916666665,0.4999999941666667,0.4999999941666667,0.3076923024852071,0.4999999941666667,0,0,0.8095238095238095,0.24999999968749997
5795.png,একটি ছেলে একটি পাথরের ওপর বসে আছে,0.14285714265306124,0.0999999999,0.11764705384083066,0.11764705384083066,0.0,0.11764705384083066,0,0,0.36,0.06666666662222222
_MG_2656.JPG,অনেক গুলো মানুষ দাড়িয়ে আছে অনেক মানুষ দাঁড়িয়ে আছে,0.5555555549382716,0.9999999980000001,0.7142857086734694,0.7142857086734694,0.6666666611111112,0.7142857086734694,0,0,0.53125,0.8333333319444445
1038.png,একটি লোক মাটিতে শুয়ে আছে।,0.0,0.0,0.0,0.0,0.0,0.0,0,0,0.4444444444444444,0.0
2939007933_8a6ef2d073.jpg,একটি কালো রঙের একটি কালো রঙের একটি কালো গ্রেহাউন্ড কুকুরটি একটি মোটরসাইকেলে চড়ছে,0.07692307686390532,0.12499999984374999,0.09523809043083924,0.09523809043083924,0.0,0.09523809043083924,0,0,0.375,0.07142857137755101
495340319_705f2e63d6.jpg,দুজন ছেলে একে ওপরের <unk> পার হচ্ছে,0.0,0.0,0.0,0.0,0.0,0.0,0,0,0.31999999999999995,0.0
1552065993_b4dcd2eadf.jpg,একটি বাদামী কুকুর ঘাসের মধ্যে দৌড়াচ্ছে,0.6666666655555555,0.7999999984,0.7272727209917357,0.7272727209917357,0.4999999943055557,0.7272727209917357,0,0,0.75,0.571428570612245
7727.png,একজন বৃদ্ধ নারী আছে।,0.7499999981250001,0.7499999981250001,0.7499999931250001,0.7499999931250001,0.33333332722222225,0.7499999931250001,0,0,0.8666666666666667,0.5999999988
3482787182_a5c6d4b386.jpg,একজন মহিলা সমস্ত ভিড়ের সামনে একটি ভিড়ের সামনে একটি ভিড়ের সামনে একটি ভিড়ের সামনে একটি ভিড়ের সামনে একটি ভিড়ের সামনে একটি ভিড়ের সামনে একটি ভিড়ের সামনে একটি ভিড়ের সামনে একটি ভিড়ের সামনে একটি ভিড়ের সামনে একটি ভিড়ের সামনে একটি ভিড়ের,0.02499999999375,0.1999999996,0.0444444424493828,0.0444444424493828,0.0,0.0444444424493828,0,0,0.11180124223602483,0.0999999999
7825.png,তিনজন মানুষ বসে আছে।,0.49999999875,0.33333333277777777,0.3999999944,0.3999999944,0.0,0.3999999944,0,0,0.26086956521739135,0.24999999968749997
1271960365_e54033f883.jpg,দুটি কালো কুকুর খেলছে,0.7499999981250001,0.7499999981250001,0.7499999931250001,0.7499999931250001,0.6666666594444445,0.7499999931250001,0,0,0.7857142857142857,0.5999999988
3145869775_85dfae43bd.jpg,একটি ছোট্ট একটি বাচ্চা ছেলে ক্যামেরায় তাকিয়ে আছে,0.24999999968749997,0.2857142853061225,0.2666666613333334,0.2666666613333334,0.0,0.2666666613333334,0,0,0.3870967741935484,0.08333333326388888
3614542901_29877fc342.jpg,এক মহিলা স্কার্ট পরা এক মহিলা।,0.16666666638888888,0.14285714265306124,0.15384614863905344,0.15384614863905344,0.0,0.15384614863905344,0,0,0.3793103448275862,0.09090909082644627
599366440_a238e805cf.jpg,একটি কুকুর একটি বাদামী কুকুর,0.7999999984,0.3636363633057851,0.499999995078125,0.499999995078125,0.1999999948000001,0.499999995078125,0,0,0.5,0.29999999969999996
1119418776_58e4b93eac.jpg,একটি কালো এবং কালো এবং কালো এবং কালো এবং কালো এবং কালো এবং কালো এবং কালো এবং কালো এবং কালো এবং কালো এবং কালো এবং কালো এবং কালো এবং কালো এবং কালো এবং কালো এবং কালো এবং কালো এবং কালো,0.07499999998125,0.29999999969999996,0.11999999675200007,0.11999999675200007,0.04166666360243077,0.07999999676800014,0,0,0.15833333333333333,0.29999999969999996
2250.png,একজন লোক হাতে নিয়ে আছে।,0.1999999996,0.16666666638888888,0.1818181765289258,0.1818181765289258,0.0,0.1818181765289258,0,0,0.34782608695652173,0.0999999999
360723732_23199af4bf.jpg,একটি কুকুর খেলনা নিয়ে খেলছে,0.3999999992,0.3999999992,0.39999999420000004,0.39999999420000004,0.10526315445983389,0.39999999420000004,0,0,0.6111111111111112,0.24999999968749997
1380.png,একজন নারী খাতায় কিছু বিক্রি করছেন।,0.33333333277777777,0.1999999998,0.24999999500000003,0.24999999500000003,0.0,0.12499999515625017,0,0,0.3055555555555556,0.14285714275510203
3548191125_514f47e493.jpg,একটি ছোট ছেলে রাস্তায় সাইকেল চালাচ্ছে,0.33333333277777777,0.2857142853061225,0.3076923022485208,0.3076923022485208,0.0,0.3076923022485208,0,0,0.375,0.18181818165289254
6581.png,একজন মানুষ দাড়িয়ে আছে।,0.249999999375,0.14285714265306124,0.1818181768595043,0.1818181768595043,0.0,0.1818181768595043,0,0,0.3846153846153846,0.0999999999
2333584535_1eaf9baf3e.jpg,কিছু <unk> কুকুর একটি স্লেজ টানছে,0.49999999916666665,0.37499999953124996,0.4285714230612245,0.4285714230612245,0.16666666152777793,0.2857142804081633,0,0,0.4516129032258065,0.2727272724793388
7038.png,একটি নৌকা ও অনেকগুলো মানুষ আছে।,0.33333333277777777,0.49999999875,0.3999999944,0.3999999944,0.0,0.3999999944,0,0,0.38095238095238093,0.24999999968749997
IMG_0602.JPG,একটি ছোট ছেলে রাস্তায় দাঁড়িয়ে আছে,0.49999999916666665,0.5999999988,0.5454545395041324,0.5454545395041324,0.2222222167901236,0.5454545395041324,0,0,0.6190476190476191,0.37499999953124996
3610687607_895fdc94bd.jpg,একটি ছেলে একটি পাখি আছে।,0.1999999996,0.1111111109876543,0.14285713806122466,0.14285713806122466,0.0,0.14285713806122466,0,0,0.32352941176470584,0.08333333326388888
7107.png,শহীদ মিনারের সামনে একটি ভবন আছে।,0.16666666638888888,0.249999999375,0.1999999948000001,0.1999999948000001,0.0,0.1999999948000001,0,0,0.3913043478260869,0.1111111109876543
5001.png,জলাশয়ের ওপাশে বাড়ি ও একটি নদী দেখা যাচ্ছে।,0.12499999984374999,0.3333333322222222,0.18181817752066123,0.18181817752066123,0.0,0.18181817752066123,0,0,0.3214285714285714,0.0999999999
1087168168.jpg,একটি মেয়ে জলের পুকুরে ঝুলছে।,0.3999999992,0.33333333277777777,0.36363635801652905,0.36363635801652905,0.1249999960937501,0.36363635801652905,0,0,0.5238095238095238,0.2222222219753086
2991994607_06f24ec7a6.jpg,তিনজন লোক একটি <unk> পাশে দাঁড়িয়ে আছেন।,0.2857142853061225,0.15384615372781063,0.1999999952500001,0.1999999952500001,0.0,0.1999999952500001,0,0,0.38888888888888884,0.124999999921875
2039457436_fc30f5e1ce.jpg,একজন মহিলা হাসছে,0.6666666644444444,0.33333333277777777,0.44444443901234576,0.44444443901234576,0.0,0.44444443901234576,0,0,0.3571428571428571,0.2857142853061225
3178489390_13a6ae7524.jpg,একটি ছেলে মাঠে খেলছে,0.249999999375,0.1111111109876543,0.15384614934911253,0.15384614934911253,0.0,0.15384614934911253,0,0,0.2962962962962963,0.08333333326388888
4270.png,একটি ছোট মেয়েটি তার <unk> চা পাতার ফাঁক দিয়ে হেঁটে যাচ্ছে।,0.18181818165289254,0.33333333277777777,0.2352941128027682,0.2352941128027682,0.0,0.2352941128027682,0,0,0.36111111111111116,0.13333333324444444
3821.png,কয়েকজন মানুষ আছে।,0.3333333322222222,0.14285714265306124,0.1999999954000001,0.1999999954000001,0.0,0.1999999954000001,0,0,0.31999999999999995,0.1111111109876543
374176648_ba4b88c221.jpg,ঘাসের উপর একটি সাদা <unk>,0.3999999992,0.15384615372781063,0.22222221796296296,0.22222221796296296,0.0,0.14285713806122466,0,0,0.2666666666666667,0.124999999921875
520.png,একজন মহিলা এবং তাদের সামনে একটি মনিটর দেখছে,0.24999999968749997,0.16666666652777776,0.1999999950000001,0.1999999950000001,0.0,0.1999999950000001,0,0,0.46153846153846156,0.124999999921875
7371.png,একজন লোক একটা দালানের ভেতর দিয়ে দোল খাচ্ছে,0.12499999984374999,0.14285714265306124,0.13333332817777796,0.13333332817777796,0.0,0.13333332817777796,0,0,0.3666666666666667,0.07692307686390532
2422.png,একটি শিশু আছে।,0.0,0.0,0.0,0.0,0.0,0.0,0,0,0.33333333333333337,0.0
1095590286.jpg,একটি কুকুর একটি গোলাপি রঙের কুকুর দৌড়ে বেড়াচ্ছে,0.49999999937499995,0.3333333330555555,0.39999999480000004,0.39999999480000004,0.16666666152777793,0.39999999480000004,0,0,0.48888888888888893,0.1999999998
IMG_20220916_174500.jpg,একটি লোক একটা রিকশা নিয়ে যাচ্ছে।,0.33333333277777777,0.33333333277777777,0.3333333277777778,0.3333333277777778,0.19999999460000012,0.3333333277777778,0,0,0.5,0.1999999998
3660.png,একজন বৃদ্ধ পুরুষ চশমা পরে আছে।,0.49999999916666665,0.5999999988,0.5454545395041324,0.5454545395041324,0.0,0.5454545395041324,0,0,0.5909090909090908,0.37499999953124996
7764.png,একজন পুরুষ বসে আছে।,0.49999999875,0.1999999998,0.28571428122448983,0.28571428122448983,0.16666666263888896,0.28571428122448983,0,0,0.30434782608695654,0.18181818165289254
3896.png,একটি শিশু আছে।,0.9999999966666667,0.4285714279591837,0.5999999946000001,0.5999999946000001,0.0,0.5999999946000001,0,0,0.375,0.4285714279591837
3560125106_691c292893.jpg,একটি কুকুর একটি <unk> ময়লা রাস্তায় দৌড়াচ্ছে,0.4285714279591837,0.37499999953124996,0.3999999944888889,0.3999999944888889,0.2857142804081633,0.3999999944888889,0,0,0.5161290322580645,0.2727272724793388
441921713_1cafc7d7d2.jpg,এক লোক তার খাতায় কিছু একটা খুঁটিতে কয়েকটা <unk>,0.3333333329629629,0.37499999953124996,0.3529411710726644,0.3529411710726644,0.13333332817777796,0.3529411710726644,0,0,0.4375,0.21428571413265304
4912.png,নারকেল গাছে একটি তাল গাছ।,0.3999999992,0.3999999992,0.39999999420000004,0.39999999420000004,0.2499999943750001,0.39999999420000004,0,0,0.5555555555555556,0.24999999968749997
3440104178_6871a24e13.jpg,একটি ছোটো কুকুরছানা বল নিয়ে খেলা করছে,0.4285714279591837,0.49999999916666665,0.4615384558579882,0.4615384558579882,0.1818181765289258,0.4615384558579882,0,0,0.56,0.29999999969999996
2291485126_b8d41a63f4.jpg,একজন স্কিয়ার একটি বরফের পাহাড়ের উপর দিয়ে স্কাই করছে,0.3333333329629629,0.37499999953124996,0.3529411710726644,0.3529411710726644,0.13333332817777796,0.23529411238754333,0,0,0.3421052631578947,0.21428571413265304
3549006919_3604bc813e.jpg,হেলমেট পরা একজন লোক হেলমেট পরে হেলমেট পরে হেলমেট পরে হেলমেট পরে হেলমেট পরে হেলমেট পরে হেলমেট পরে হেলমেট পরে হেলমেট পরে হেলমেট পরে হেলমেট পরে হেলমেট পরে হেলমেট পরে হেলমেট পরে হেলমেট পরে হেলমেট পরে হেলমেট পরে হেলমেট পরে,0.07499999998125,0.29999999969999996,0.11999999675200007,0.11999999675200007,0.0833333302517362,0.11999999675200007,0,0,0.21383647798742134,0.24999999979166665
3955.png,একজন পুরুষ ও একজন পুরুষ এবং একজন পুরুষ এবং একজন পুরুষ এবং একজন পুরুষ এবং একজন পুরুষ এবং একজন পুরুষ এবং একজন পুরুষ এবং একজন পুরুষ এবং একজন পুরুষ এবং একজন পুরুষ এবং একজন পুরুষ এবং একজন পুরুষ এবং একজন,0.0,0.0,0.0,0.0,0.0,0.0,0,0,0.06289308176100628,0.0
3534668485_6887629ff0.jpg,একজন লোক টাকা দিচ্ছে।,0.0,0.0,0.0,0.0,0.0,0.0,0,0,0.25,0.0
640.png,একটি <unk> একটি খেলার মাঠের বাইরে একটি <unk>,0.0,0.0,0.0,0.0,0.0,0.0,0,0,0.22580645161290325,0.0
2599444370_9e40103027.jpg,একটি বিশাল বাদামি কুকুর পুকুরে সাঁতার কাটছে,0.571428570612245,0.6666666655555555,0.6153846094674558,0.6153846094674558,0.1818181765289258,0.4705882298961938,0,0,0.5925925925925926,0.4444444439506172
56489627_e1de43de34.jpg,পাহাড়ের ওপর তিনজন লোক জড়ো হয়েছে,0.16666666638888888,0.12499999984374999,0.1428571377551022,0.1428571377551022,0.0,0.1428571377551022,0,0,0.34782608695652173,0.07692307686390532
4549.png,দুইজন মানুষ আছে।,0.0,0.0,0.0,0.0,0.0,0.0,0,0,0.4,0.0
7590.png,একজন লোক কাঠের বেঞ্চে বসে আছে।,0.33333333277777777,0.33333333277777777,0.3333333277777778,0.3333333277777778,0.0,0.3333333277777778,0,0,0.375,0.1999999998
attractive-young-female-with-dark-bob-hairstyle-relaxing-her-garden-after-she-took-care-shrubs-trees-smiling-happily-camera-surrounded-with-leaves-gigantic-plant-people-nature.jpg,একজন নারী আছে।,0.6666666644444444,0.18181818165289254,0.2857142819387755,0.2857142819387755,0.0,0.2857142819387755,0,0,0.19999999999999996,0.16666666652777776
8492.png,একজন পুরুষ মাথায় বোঝা নিয়ে যাচ্ছে।,0.33333333277777777,0.10526315783933518,0.15999999622400007,0.15999999622400007,0.0,0.15999999622400007,0,0,0.31818181818181823,0.09090909086776859
3333039854_461329aac2.jpg,কালো শার্ট পরা লোকটি কম্পিউটারে কাজ করছে,0.14285714265306124,0.249999999375,0.1818181768595043,0.1818181768595043,0.0,0.1818181768595043,0,0,0.2962962962962963,0.0999999999
4559.png,একটি শিশু আছে।,0.9999999966666667,0.9999999966666667,0.9999999916666666,0.9999999916666666,0.9999999900000001,0.9999999916666666,1,1,1.0,0.9999999966666667
5710.png,একজন পুরুষ একটি বাচ্চা দাড়িয়ে আছে।,0.16666666638888888,0.3333333322222222,0.2222222172839507,0.2222222172839507,0.0,0.2222222172839507,0,0,0.30434782608695654,0.12499999984374999
7513.png,দুইজন পুরুষ আছে।,0.3333333322222222,0.3333333322222222,0.33333332722222225,0.33333332722222225,0.0,0.33333332722222225,0,0,0.36363636363636365,0.1999999996
8572.png,একটি নৌকায় কয়েকজন মানুষ আছে।,0.5999999988,0.7499999981250001,0.6666666602469137,0.6666666602469137,0.28571428000000004,0.6666666602469137,0,0,0.7,0.49999999916666665
1805.png,একজন নারী একটি গরু নিয়ে দাড়িয়ে আছে।,0.571428570612245,0.4444444439506172,0.49999999445312515,0.49999999445312515,0.1428571377551022,0.374999994609375,0,0,0.3939393939393939,0.3333333330555555
IMG_0666.JPG,একটা লোক বসে আছে,0.49999999875,0.49999999875,0.4999999937500001,0.4999999937500001,0.33333332722222225,0.4999999937500001,0,0,0.5833333333333333,0.33333333277777777
3546891929_f31a99cd0d.jpg,একজন পুলিশ তার পিছনে দাঁড়িয়ে আছে,0.49999999916666665,0.23076923059171597,0.31578946903047095,0.31578946903047095,0.11764705453287211,0.31578946903047095,0,0,0.2857142857142857,0.1874999998828125
7072.png,একজন পুরুষ একটি <unk> ছুড়ছে অরণ্যে এক লোক একটি <unk> পড়া।,0.0,0.0,0.0,0.0,0.0,0.0,0,0,0.26190476190476186,0.0
2729.png,একটি ছোট ছেলেটি তার মুখ <unk> <unk> <unk> <unk>,0.2222222219753086,0.14285714275510203,0.17391303856332715,0.17391303856332715,0.0,0.17391303856332715,0,0,0.28125,0.11764705875432525
2987576188_f82304f394.jpg,পাঁচ জন মানুষ একটি ঐতিহ্যবাহী আরব ঐতিহ্যবাহী আলোর <unk>,0.2222222219753086,0.33333333277777777,0.2666666615111111,0.2666666615111111,0.13333332817777796,0.2666666615111111,0,0,0.33333333333333337,0.16666666652777776
42.JPG,একজন পুরুষ তাকিয়ে আছেন।,0.0,0.0,0.0,0.0,0.0,0.0,0,0,0.5,0.0
6065.png,একজন পুরুষ বসে আছে।,0.249999999375,0.249999999375,0.2499999943750001,0.2499999943750001,0.0,0.2499999943750001,0,0,0.6,0.14285714265306124
3705688385_47651205d3.jpg,সমুদ্রের পারে একজন লোক পানির দিকে ছুটে চলেছে,0.12499999984374999,0.09090909082644627,0.10526315290858747,0.10526315290858747,0.0,0.10526315290858747,0,0,0.3902439024390244,0.05555555552469135
4179.png,একজন নারী ফটকের উপরে,0.249999999375,0.12499999984374999,0.16666666194444454,0.16666666194444454,0.0,0.16666666194444454,0,0,0.32258064516129037,0.0999999999
7698.png,একজন পুরুষ তাকিয়ে আছেন।,0.7499999981250001,0.5999999988,0.6666666602469137,0.6666666602469137,0.28571428000000004,0.6666666602469137,0,0,0.7,0.49999999916666665
3156406419_38fbd52007.jpg,একজন স্কাইয়ার তুষার ঢাকা পাহাড় থেকে তুষার স্কিইং করছে।,0.3333333329629629,0.24999999979166665,0.28571428054421777,0.28571428054421777,0.0,0.28571428054421777,0,0,0.4444444444444444,0.1764705881314879
2663.png,একটি ধূসর রঙের একটি শিশু একটি চাইনিজ ড্রাগনের <unk> সাথে প্যারাগ্লাইডিং করছে।,0.0,0.0,0.0,0.0,0.0,0.0,0,0,0.26415094339622647,0.0
129441311.jpg,পানির পাশে পুরুষ এবং পুরুষ এবং পুরুষ এবং পুরুষ এবং পুরুষ এবং পুরুষ এবং পুরুষ এবং পুরুষ এবং পুরুষ এবং পুরুষ এবং পুরুষ এবং পুরুষ এবং পুরুষ এবং পুরুষ এবং পুরুষ এবং পুরুষ এবং পুরুষ এবং পুরুষ এবং পুরুষ এবং,0.02499999999375,0.0999999999,0.039999996784000263,0.039999996784000263,0.0,0.039999996784000263,0,0,0.12230215827338131,0.07692307686390532
8168.png,একজন পুরুষ গাড়ির ভিতর বসে আছে।,0.16666666638888888,0.4999999975,0.24999999562500003,0.24999999562500003,0.0,0.24999999562500003,0,0,0.3793103448275862,0.14285714265306124
8314.png,একজন পুরুষ মাথায় বোঝা নিয়ে আছে।,0.0,0.0,0.0,0.0,0.0,0.0,0,0,0.21739130434782605,0.0
7608.png,নদীর পাড়ে একটি নৌকায় ২ জন পুরুষ মানুষ।,0.37499999953124996,0.4285714279591837,0.3999999944888889,0.3999999944888889,0.3076923022485208,0.3999999944888889,0,0,0.6296296296296297,0.24999999979166665
5431.png,একটি <unk> <unk>,0.6666666644444444,0.49999999875,0.5714285648979592,0.5714285648979592,0.39999999360000005,0.5714285648979592,0,0,0.5,0.49999999875
2606.png,দুইটি শিশু আছে।,0.3333333322222222,0.14285714265306124,0.1999999954000001,0.1999999954000001,0.0,0.1999999954000001,0,0,0.1724137931034483,0.1111111109876543
6452.png,একটি সবজির দোকানের সামনে দাঁড়িয়ে আছে,0.16666666638888888,0.12499999984374999,0.1428571377551022,0.1428571377551022,0.0,0.1428571377551022,0,0,0.4242424242424242,0.07692307686390532
469969326_4b84073286.jpg,এক লোক একটি <unk> এর কিনারায় লাফ দিচ্ছে,0.24999999968749997,0.15384615372781063,0.1904761855782314,0.1904761855782314,0.0,0.1904761855782314,0,0,0.36170212765957444,0.10526315783933518
3476381830_3751dd9339.jpg,একজন পুরুষ দাড়িয়ে আছে।,0.249999999375,0.16666666638888888,0.1999999948000001,0.1999999948000001,0.0,0.1999999948000001,0,0,0.3125,0.1111111109876543
270816949_ffad112278.jpg,একদল লোক পাহাড়ের দিকে তাকিয়ে আছে।,0.33333333277777777,0.1999999998,0.24999999500000003,0.24999999500000003,0.0,0.15384614863905344,0,0,0.31999999999999995,0.14285714275510203
414568315_5adcfc23c0.jpg,একটি শিশু <unk>,0.6666666644444444,0.6666666644444444,0.6666666594444445,0.6666666594444445,0.4999999925000001,0.6666666594444445,0,0,0.7,0.49999999875
4351.png,চারজন মানুষ কাজ করছে।,0.249999999375,0.14285714265306124,0.1818181768595043,0.1818181768595043,0.0,0.1818181768595043,0,0,0.33333333333333337,0.0999999999
2088460083_42ee8a595a.jpg,একটি সবুজ ট্রাকের সামনে দাঁড়িয়ে আছে,0.16666666638888888,0.14285714265306124,0.15384614863905344,0.15384614863905344,0.0,0.15384614863905344,0,0,0.4,0.09090909082644627
1012212859.jpg,একটি সাদা কুকুর একটি বল নিয়ে দৌড়াচ্ছে,0.571428570612245,0.3636363633057851,0.4444444391975309,0.4444444391975309,0.37499999484375,0.4444444391975309,0,0,0.4651162790697675,0.24999999979166665
4814.png,একটি বাইরের একটি লাল বলের দিকে ছুটে যায়।,0.12499999984374999,0.249999999375,0.16666666194444454,0.16666666194444454,0.0,0.16666666194444454,0,0,0.3214285714285714,0.0999999999
8625.png,একটা মহিলা বসে আছে শাড়ি পরে বসে আছে,0.24999999968749997,0.15384615372781063,0.1904761855782314,0.1904761855782314,0.0,0.1904761855782314,0,0,0.36170212765957444,0.124999999921875
4736.png,একজন মানুষ হেঁটে যাচ্ছে।,0.249999999375,0.09090909082644627,0.13333332924444455,0.13333332924444455,0.0,0.13333332924444455,0,0,0.25,0.07692307686390532
3532539748_795d16ef07.jpg,একটি লোক একটি লাল গাড়ির সামনে দাড়িয়ে আছে,0.49999999937499995,0.4444444439506172,0.4705882297577854,0.4705882297577854,0.2666666613333334,0.4705882297577854,0,0,0.6129032258064516,0.30769230745562126
241346260_f50d57b517.jpg,একজন ফুটবল খেলোয়াড় একটি খেলায় বিরোধী দলের একজন খেলোয়াড় কে মোকাবেলা করছে,0.24999999979166665,0.2727272724793388,0.26086956000000006,0.26086956000000006,0.11111110623456812,0.1999999950000001,0,0,0.43137254901960786,0.15789473675900276
5823.png,সমুদ্রের পাড়ে <unk> সমুদ্রের দিকে বালু নিয়ে সমুদ্রের ধারে দাঁড়িয়ে আছে,0.09090909082644627,0.1999999996,0.12499999554687513,0.12499999554687513,0.0,0.12499999554687513,0,0,0.32558139534883723,0.07692307686390532
8186.png,পানিতে একজন মানুষ একটি নৌকা বাইচে আর সেই ঝুড়ি দেখা যাচ্ছে ও নদীতে একটি নৌকা থেকে পানিতে নেমে আছেন।,0.10526315783933518,0.1999999998,0.13793102986920347,0.13793102986920347,0.0,0.0833333299652779,0,0,0.24242424242424243,0.0833333332986111
8644.png,কয়েকজন শিশু ও অনেকগুলো মানুষ আছে।,0.16666666638888888,0.249999999375,0.1999999948000001,0.1999999948000001,0.0,0.1999999948000001,0,0,0.3793103448275862,0.1111111109876543
3578981202_efef47e264.jpg,দুই বাচ্চা ধরে রয়েছে যিনি স্নানের স্যুটে থাকা এক মহিলা একটি বাচ্চাকে <unk> ধরে আছে,0.19999999986666667,0.37499999953124996,0.26086956045368626,0.26086956045368626,0.09523809070294806,0.26086956045368626,0,0,0.35185185185185186,0.15789473675900276
1169307342_e7a4685a5c.jpg,একটি বাদামী কুকুর একটি লাল ফ্রিসবি ধরার চেষ্টা করছে,0.1111111109876543,0.1999999996,0.14285713806122466,0.14285713806122466,0.0,0.14285713806122466,0,0,0.4358974358974359,0.08333333326388888
3423249426_02bedf9260.jpg,কিছু লোক একটি পাথুরে <unk>,0.1999999996,0.16666666638888888,0.1818181765289258,0.1818181765289258,0.0,0.1818181765289258,0,0,0.36363636363636365,0.0999999999
404850242_3a55a4c874.jpg,ঘন বাদামী চুল বিশিষ্ট একজন মহিলা মাইক্রোফোন নিয়ে দাঁড়িয়ে আছে,0.1999999998,0.3999999992,0.2666666618666667,0.2666666618666667,0.0,0.2666666618666667,0,0,0.30000000000000004,0.15384615372781063
299612419_b55fe32fea.jpg,কিছু লোক এবং পুরুষ এবং একটি লোক পাথরের উপর দাঁড়িয়ে আছে।,0.2727272724793388,0.49999999916666665,0.3529411714878893,0.3529411714878893,0.2666666618666667,0.3529411714878893,0,0,0.4473684210526315,0.24999999979166665
6951.png,জলাশয়ের পারে কয়েকটি নৌকা আছে।,0.1999999996,0.1999999996,0.19999999460000012,0.19999999460000012,0.0,0.19999999460000012,0,0,0.3846153846153846,0.1111111109876543
2477121456_1ac5c6d3e4.jpg,একটি ভেজা কালো কুকুর পানি ছিটাচ্ছে,0.49999999916666665,0.5999999988,0.5454545395041324,0.5454545395041324,0.4444444385185186,0.5454545395041324,0,0,0.8095238095238095,0.37499999953124996
1316.png,পানিতে কয়েকজন পুরুষ আছে।,0.49999999875,0.33333333277777777,0.3999999944,0.3999999944,0.0,0.3999999944,0,0,0.4545454545454546,0.24999999968749997
3354063643_1d8814eb13.jpg,একটি বাদামী এবং সাদা কুকুর তার পোষা কুকুর,0.7499999990624999,0.5999999993999999,0.6666666609876544,0.6666666609876544,0.49999999445312515,0.6666666609876544,0,0,0.6470588235294117,0.5454545449586776
8058.png,একটি শিশু হেঁটে আসছে।,0.49999999875,0.33333333277777777,0.3999999944,0.3999999944,0.24999999468750006,0.3999999944,0,0,0.47619047619047616,0.24999999968749997
6116.png,একজন পুরুষ পানিতে নেমে দাঁড়িয়ে আছে।,0.49999999916666665,0.49999999916666665,0.4999999941666667,0.4999999941666667,0.19999999460000012,0.4999999941666667,0,0,0.4782608695652174,0.3333333329629629
2841449931_84a05850ec.jpg,নীল জামা পরিহিত একজন মহিলা <unk> <unk> ছবি তুলছে,0.2222222219753086,0.2222222219753086,0.22222221697530875,0.22222221697530875,0.12499999484375018,0.22222221697530875,0,0,0.2941176470588235,0.13333333324444444
3562470436_6e193643ce.jpg,কালো কুকুরটি লাফ দিয়ে চলছে,0.1999999996,0.1111111109876543,0.14285713806122466,0.14285713806122466,0.0,0.14285713806122466,0,0,0.4444444444444444,0.07692307686390532
343214015_777760930570327_8708391486485045184_n.jpg,একজন মানুষ হেঁটে যাচ্ছে।,0.249999999375,0.0624999999609375,0.0999999967000001,0.0999999967000001,0.0,0.0999999967000001,0,0,0.19999999999999996,0.05882352937716263
4342.png,একজন মা কোলে বাচ্চা ছবি তুলছে।,0.16666666638888888,0.14285714265306124,0.15384614863905344,0.15384614863905344,0.0,0.15384614863905344,0,0,0.45833333333333337,0.08333333326388888
_MG_2679.JPG,একটা বয়স্ক লোক দাড়িয়ে আছে,0.9999999980000001,0.7142857132653061,0.8333333270833335,0.8333333270833335,0.5999999940000001,0.8333333270833335,0,0,0.72,0.7142857132653061
3258397351_1a70f1993d.jpg,একটি টেবিলে বসা মানুষ চুম্বন করে।,0.33333333277777777,0.2222222219753086,0.2666666615111111,0.2666666615111111,0.0,0.16666666138888903,0,0,0.30000000000000004,0.15384615372781063
4510.png,একজন লোক একটি ভবনের সামনে রাস্তায় দাঁড়িয়ে আছে,0.12499999984374999,0.16666666638888888,0.1428571377551022,0.1428571377551022,0.0,0.1428571377551022,0,0,0.34042553191489366,0.07692307686390532
2222498879_9e82a100ab.jpg,একটি কালো এবং কালো কুকুর ঘাসের উপর খেলছে,0.37499999953124996,0.4285714279591837,0.3999999944888889,0.3999999944888889,0.15384614863905344,0.3999999944888889,0,0,0.4642857142857143,0.2727272724793388
4839.png,কয়েকজন পুরুষ দাড়িয়ে আছে।,0.7499999981250001,0.4285714279591837,0.5454545398347109,0.5454545398347109,0.44444443901234576,0.5454545398347109,0,0,0.52,0.37499999953124996
7160.png,নীল রঙের রোদচশমা পরে আছে,0.1999999996,0.06666666662222222,0.09999999615000013,0.09999999615000013,0.0,0.09999999615000013,0,0,0.33333333333333337,0.05555555552469135
6482.png,একটি শিশু আছে।,0.3333333322222222,0.249999999375,0.28571428000000004,0.28571428000000004,0.0,0.28571428000000004,0,0,0.4,0.16666666638888888
1075867198.jpg,একটি কুকুর সৈকতে খেলছে,0.7499999981250001,0.37499999953124996,0.49999999472222234,0.49999999472222234,0.1111111082098766,0.33333332833333335,0,0,0.36363636363636365,0.37499999953124996
7774.png,একজন পুরুষ বসে আছে।,0.49999999875,0.6666666644444444,0.5714285648979592,0.5714285648979592,0.0,0.5714285648979592,0,0,0.7142857142857143,0.3999999992
4998.png,একটি উচু জায়গা সেখানে একটি উচু করে দাঁড়িয়ে আছে।,0.1111111109876543,0.1999999996,0.14285713806122466,0.14285713806122466,0.0,0.14285713806122466,0,0,0.29032258064516125,0.09090909082644627
341665272_80d4d61376.jpg,একটি কুকুর মুখে নিয়ে দাঁড়িয়ে আছে,0.6666666655555555,0.6666666655555555,0.6666666605555556,0.6666666605555556,0.39999999420000004,0.6666666605555556,0,0,0.6666666666666667,0.49999999937499995
6984.png,কয়েকজন মানুষ আছে।,0.6666666644444444,0.1999999998,0.3076923036686391,0.3076923036686391,0.1818181785123967,0.3076923036686391,0,0,0.28205128205128205,0.1999999998
2772084628_c0ae29d87a.jpg,একটি ছোট্ট ছেলেটি মেয়েটির দিকে হাত ধরে দাঁড়িয়ে আছে,0.2222222219753086,0.33333333277777777,0.2666666615111111,0.2666666615111111,0.15384614887573977,0.2666666615111111,0,0,0.40625,0.15384615372781063
856.png,একজন মহিলা রিক্সা চালিয়ে যাচ্ছে।,0.1999999996,0.3333333322222222,0.24999999468750006,0.24999999468750006,0.0,0.24999999468750006,0,0,0.35,0.14285714265306124
8938.png,একটি ধূসর কালো মানুষ তার পা উপরের দিকে তাকিয়ে আছে,0.0999999999,0.07692307686390532,0.0869565167485825,0.0869565167485825,0.0,0.0869565167485825,0,0,0.4130434782608695,0.04761904759637188
6300.png,দুইটি শিশু আছে।,0.6666666644444444,0.49999999875,0.5714285648979592,0.5714285648979592,0.0,0.5714285648979592,0,0,0.5833333333333333,0.3999999992
8233.png,একটি শিশু হাতে খাবার নিয়ে দাঁড়িয়ে আছে।,0.14285714265306124,0.1111111109876543,0.12499999492187522,0.12499999492187522,0.0,0.12499999492187522,0,0,0.2941176470588235,0.07142857137755101
2794.png,একটি চলন্ত নৌকায় কয়েকজন মানুষ কাজ করছে।,0.4285714279591837,0.49999999916666665,0.4615384558579882,0.4615384558579882,0.1818181765289258,0.4615384558579882,0,0,0.5862068965517242,0.29999999969999996
IMG_4800.JPG,মেয়ে টি দাঁড়িয়ে আছে,0.7499999981250001,0.7499999981250001,0.7499999931250001,0.7499999931250001,0.33333332722222225,0.7499999931250001,0,0,0.7272727272727273,0.5999999988
7609.png,সূর্যাস্তের দিকে একটি ঘোড়ার পিঠে ভর করে দাঁড়িয়ে আছে।,0.2222222219753086,0.2222222219753086,0.22222221697530875,0.22222221697530875,0.0,0.22222221697530875,0,0,0.4545454545454546,0.124999999921875
1592.png,একজন শারি পরা মহিলা টি বসে লিখছে।,0.4285714279591837,0.16666666657407406,0.23999999577600004,0.23999999577600004,0.08695651780718354,0.23999999577600004,0,0,0.32499999999999996,0.13636363630165288
3138746531_f6b816c126.jpg,আগুনের শিখার আগুনের আগুন উপভোগ করছেন,0.16666666638888888,0.16666666638888888,0.16666666138888903,0.16666666138888903,0.0,0.16666666138888903,0,0,0.33333333333333337,0.0999999999
1357689954_72588dfdc4.jpg,এক লোক,0.4999999975,0.14285714265306124,0.22222221827160496,0.22222221827160496,0.0,0.22222221827160496,0,0,0.21739130434782605,0.12499999984374999
3647283075_3005333222.jpg,একটি লাল শার্ট পড়া এক ছোট ছেলে স্কেটবোর্ড জাম্প করে,0.29999999969999996,0.24999999979166665,0.2727272675206612,0.2727272675206612,0.11111110598765454,0.2727272675206612,0,0,0.5,0.15789473675900276
3459419203_cd7c68ce4d.jpg,জলের ডানাযুক্ত একটি শিশু জলের মধ্যে গড়িয়ে নামছে,0.12499999984374999,0.09090909082644627,0.10526315290858747,0.10526315290858747,0.0,0.10526315290858747,0,0,0.34375,0.05882352937716263
2204.png,একজন পুরুষ দাড়িয়ে আছে।,0.249999999375,0.06666666662222222,0.10526315445983389,0.10526315445983389,0.0,0.10526315445983389,0,0,0.3529411764705882,0.05555555552469135
_MG_2022.JPG,মেয়েটির মাথায় গামছা নিয়ে দাড়িয়ে আছে,0.16666666638888888,0.12499999984374999,0.1428571377551022,0.1428571377551022,0.0,0.1428571377551022,0,0,0.40740740740740744,0.08333333326388888
3603870481_1ebc696d91.jpg,একটি কালো কুকুর পানিতে সাঁতার কাটছে,0.6666666655555555,0.4444444439506172,0.5333333278222222,0.5333333278222222,0.46153845609467453,0.5333333278222222,0,0,0.6,0.3999999996
2431470169_0eeba7d602.jpg,বাইরের রেস্তোরাঁয় চেয়ারে বসে এক যুবক,0.49999999916666665,0.5999999988,0.5454545395041324,0.5454545395041324,0.2222222167901236,0.36363635801652905,0,0,0.4375,0.37499999953124996
1611.png,একজন নারী রঙ মেখে আছে।,0.9999999980000001,0.49999999949999996,0.6666666613333334,0.6666666613333334,0.4615384565680474,0.6666666613333334,0,0,0.43243243243243246,0.5555555549382716
2205328215_3ffc094cde.jpg,নীল রঙের একটি লাল রঙের একটি লাল রঙের একটি লাল রঙের একটি লাল রঙের একটি লাল রঙের একটি লাল রঙের একটি লাল রঙের একটি লাল রঙের একটি লাল রঙের একটি লাল রঙের একটি লাল রঙের একটি লাল রঙের একটি লাল,0.02499999999375,0.16666666638888888,0.04347825858223074,0.04347825858223074,0.0,0.04347825858223074,0,0,0.1103448275862069,0.1111111109876543
6347.png,একজন নারী আছে।,0.6666666644444444,0.6666666644444444,0.6666666594444445,0.6666666594444445,0.0,0.6666666594444445,0,0,0.8181818181818181,0.49999999875
7554.png,একজন পুরুষ ও একজন পুরুষ বসে আছে।,0.4285714279591837,0.5999999988,0.4999999943055557,0.4999999943055557,0.1999999948000001,0.4999999943055557,0,0,0.56,0.4285714279591837
7540.png,একজন নারী তাকিয়ে আছে।,0.49999999875,0.6666666644444444,0.5714285648979592,0.5714285648979592,0.39999999360000005,0.5714285648979592,0,0,0.6428571428571428,0.3999999992
2646.png,অনেকগুলো পাখি উড়ছে।,0.0,0.0,0.0,0.0,0.0,0.0,0,0,0.1724137931034483,0.0
1775029934_e1e96038a8.jpg,একজন মহিলা গরুকে খাবার নিয়ে বসে আছে।,0.0,0.0,0.0,0.0,0.0,0.0,0,0,0.32432432432432434,0.0
7882.png,একটি নৌকায় কয়েকজন মানুষ কাজ করছে।,0.0,0.0,0.0,0.0,0.0,0.0,0,0,0.33333333333333337,0.0
6067.png,একটি মেয়ে টি,0.3333333322222222,0.1111111109876543,0.16666666263888896,0.16666666263888896,0.0,0.16666666263888896,0,0,0.4,0.09090909082644627
816.png,একটি লঞ্চ আছে।,0.6666666644444444,0.33333333277777777,0.44444443901234576,0.44444443901234576,0.0,0.44444443901234576,0,0,0.33333333333333337,0.2857142853061225
2381583688_a6dd0a7279.jpg,রোদচশমা ও রোদচশমা ও রোদচশমা ও রোদচশমা পড়া এক লোক বাসে চড়ছে।,0.16666666652777776,0.2222222219753086,0.1904761853968255,0.1904761853968255,0.0,0.09523809024943336,0,0,0.3111111111111111,0.14285714275510203
3701509233_a2275a4e57.jpg,একটি <unk> একটি নৌকা চলে যাচ্ছে।,0.33333333277777777,0.49999999875,0.3999999944,0.3999999944,0.24999999468750006,0.3999999944,0,0,0.47619047619047616,0.2857142853061225
1389323170_d1c81d6b51.jpg,একটি ছেলে একটি চেয়ারে বসে আছে,0.6666666655555555,0.28571428551020406,0.3999999954,0.3999999954,0.11111110697530877,0.3999999954,0,0,0.5,0.19999999986666667
3722.png,অনেকগুলো মানুষ বসে আছে।,0.49999999875,0.14285714275510203,0.22222221851851853,0.22222221851851853,0.0,0.22222221851851853,0,0,0.196078431372549,0.15384615372781063
824123145_59243e504e.jpg,একজন মহিলা একটি মেয়ে,0.49999999875,0.18181818165289254,0.26666666240000003,0.26666666240000003,0.15384615005917168,0.26666666240000003,0,0,0.47058823529411764,0.15384615372781063
3338291921_fe7ae0c8f8.jpg,একটি কুকুর বরফের মধ্যে দিয়ে ঢেকে রেখে তার নাকের উপরে উঠে হাসে,0.24999999979166665,0.37499999953124996,0.2999999949,0.2999999949,0.11111110623456812,0.2999999949,0,0,0.45238095238095233,0.1874999998828125
7594.png,একজন নারী একটি শিশুর চুল এলোমেলো করে তাকিয়ে আছেন।,0.2222222219753086,0.1111111110493827,0.14814814359396444,0.14814814359396444,0.0,0.14814814359396444,0,0,0.33333333333333337,0.0833333332986111
180094434_b0f244832d.jpg,এক বালক একটি দালানের সামনে খেলছে,0.49999999916666665,0.49999999916666665,0.4999999941666667,0.4999999941666667,0.0,0.4285714230612245,0,0,0.5652173913043479,0.3333333329629629
527288854_f26127b770.jpg,লাল শার্ট পরা একটি মেয়ে একটি পাথরে আরোহণ করছে,0.3333333329629629,0.29999999969999996,0.31578946836565097,0.31578946836565097,0.11764705370242234,0.31578946836565097,0,0,0.6046511627906976,0.19999999986666667
3096163135_584901a5ae.jpg,কিছু লোক একটি <unk> <unk> <unk> <unk> <unk> <unk> <unk> <unk> <unk> <unk> <unk> <unk> <unk> <unk> <unk> <unk> <unk> <unk> <unk> <unk> <unk> <unk> <unk> <unk> <unk> <unk> <unk> <unk> <unk> <unk> <unk> <unk> <unk> <unk> <unk> <unk> <unk>,0.0499999999875,0.1999999998,0.07999999676800014,0.07999999676800014,0.0,0.04166666387152797,0,0,0.08917197452229297,0.16666666652777776
2171891283_dedd9cf416.jpg,একটি কুকুর মাঠের মধ্যে খেলা করছে।,0.33333333277777777,0.3999999992,0.36363635801652905,0.36363635801652905,0.0,0.2352941128027682,0,0,0.4,0.2222222219753086
406642021_9ec852eccf.jpg,একজন লোক পাথরের উপর বসে আছে,0.16666666638888888,0.249999999375,0.1999999948000001,0.1999999948000001,0.0,0.1999999948000001,0,0,0.4545454545454546,0.1111111109876543
4054.png,একজন নারী বসে আছে।,0.0,0.0,0.0,0.0,0.0,0.0,0,0,0.4375,0.0
311267421_e204e643cf.jpg,একটি কুকুর ঘাসের মধ্যে দিয়ে ঘাসের মধ্য দিয়ে চলেছে।,0.3333333329629629,0.49999999916666665,0.3999999946666667,0.3999999946666667,0.16666666194444454,0.3999999946666667,0,0,0.5757575757575757,0.29999999969999996
1861.png,এখানে কয়েকজন নারী আছে।,0.249999999375,0.14285714265306124,0.1818181768595043,0.1818181768595043,0.0,0.1818181768595043,0,0,0.31034482758620685,0.0999999999
6685.png,একটি শিশু আছে।,0.3333333322222222,0.12499999984374999,0.18181817752066123,0.18181817752066123,0.0,0.18181817752066123,0,0,0.1785714285714286,0.0999999999
7126.png,কয়েকজন পুরুষ বসে আছে।,0.7499999981250001,0.1764705881314879,0.28571428235827667,0.28571428235827667,0.0,0.28571428000000004,0,0,0.4666666666666667,0.1764705881314879
3333921867_6cc7d7c73d.jpg,দুটি কুকুর একসাথে খেলছে।,0.249999999375,0.1999999996,0.2222222167901236,0.2222222167901236,0.0,0.2222222167901236,0,0,0.4,0.12499999984374999
3025.png,কিছু গাছের নিচে বসে অনেক ছোট ছেলে বসে আনন্দ করছে।,0.3999999996,0.30769230745562126,0.34782608173913043,0.34782608173913043,0.09523809024943336,0.34782608173913043,0,0,0.31818181818181823,0.2222222220987654
3292016893_24d14c8b4f.jpg,দুটি গোল্ডেন রিট্রিভার কুকুর,0.49999999875,0.33333333277777777,0.3999999944,0.3999999944,0.0,0.3999999944,0,0,0.23809523809523814,0.24999999968749997
6740.png,সমুদ্রের পারে দুইটি শিশু খেলছে।,0.1999999996,0.249999999375,0.2222222167901236,0.2222222167901236,0.0,0.2222222167901236,0,0,0.44999999999999996,0.12499999984374999
3692836015_d11180727b.jpg,তিনটি লোক রাস্তায় সাইকেল চালাচ্ছে,0.1999999996,0.12499999984374999,0.15384614887573977,0.15384614887573977,0.0,0.15384614887573977,0,0,0.25,0.08333333326388888
351876121_c7c0221928.jpg,একটি কুকুর একটি সাদা কুকুরের উপর দাঁড়িয়ে আছে।,0.6249999992187499,0.6249999992187499,0.6249999942187501,0.6249999942187501,0.14285713765306143,0.42105262626038775,0,0,0.6333333333333333,0.3999999996
45.png,একটি বড় বড় বড় বড় বড় বড় বড় বড় বড় বড় বড় বড় বড় বড় বড় বড় বড় বড় বড় বড় বড় বড় বড় বড় বড় বড় বড় বড় বড় বড় বড় বড় বড় বড় বড় বড় বড় বড় বড়,0.02499999999375,0.07692307686390532,0.03773584533997901,0.03773584533997901,0.0,0.03773584533997901,0,0,0.1166666666666667,0.07142857137755101
2002.png,একটা ছোট ছেলে একসাথে দাড়িয়ে আছে।,0.16666666638888888,0.1111111109876543,0.13333332835555572,0.13333332835555572,0.0,0.13333332835555572,0,0,0.2432432432432432,0.07692307686390532
619169586_0a13ee7c21.jpg,এক বৃদ্ধ ব্যক্তি একটি পাথরের উপর দাঁড়িয়ে আছে,0.6249999992187499,0.41666666631944443,0.4999999947,0.4999999947,0.22222221722222232,0.4999999947,0,0,0.5,0.3333333331111111
371.png,একজন পুরুষ বসে লিখছে।,0.49999999875,0.16666666652777776,0.2499999959375,0.2499999959375,0.0,0.2499999959375,0,0,0.2727272727272727,0.15384615372781063
1717.png,একটি শিশু হাততালি দিচ্ছে।,0.249999999375,0.1111111109876543,0.15384614934911253,0.15384614934911253,0.0,0.15384614934911253,0,0,0.27586206896551724,0.08333333326388888
1307.png,একটি শিশু আছে।,0.9999999966666667,0.4285714279591837,0.5999999946000001,0.5999999946000001,0.24999999562500003,0.5999999946000001,0,0,0.375,0.4285714279591837
5378.png,একটি কালো চুলওয়ালা একটি কালো পাত্রের দিকে তাকিয়ে আছে,0.0,0.0,0.0,0.0,0.0,0.0,0,0,0.11764705882352944,0.0
217583047_5e93e1e119.jpg,একজন পুরুষ একটি নৌকা চালাচ্ছে।,0.3999999992,0.3999999992,0.39999999420000004,0.39999999420000004,0.0,0.39999999420000004,0,0,0.7,0.24999999968749997
2442.png,রাস্তা দিয়ে রিক্সা দেখা যাচ্ছে।,0.3999999992,0.1999999998,0.2666666618666667,0.2666666618666667,0.0,0.2666666618666667,0,0,0.28260869565217395,0.16666666652777776
537225246_dd0e2158a7.jpg,একটি <unk> মহিলা একটি <unk> চিহ্ন বহন করছে ।,0.1111111109876543,0.16666666638888888,0.13333332835555572,0.13333332835555572,0.0,0.13333332835555572,0,0,0.303030303030303,0.08333333326388888
3511062827_cd87871c67.jpg,একটি কালো রঙের একটি কুকুর একটি কালো কুকুরের মুখে নিয়ে ঘাসের মধ্যে দাঁড়িয়ে আছে,0.28571428551020406,0.571428570612245,0.3809523761451248,0.3809523761451248,0.1904761855782314,0.3809523761451248,0,0,0.47058823529411764,0.28571428551020406
342628272_197346206398382_827924749985975414_n.jpg,একটি চায়ের <unk> <unk> <unk> <unk> <unk> <unk> <unk> <unk> <unk> <unk> <unk> <unk> <unk> <unk> <unk> <unk> <unk> <unk> <unk> <unk> <unk> <unk> <unk> <unk> <unk> <unk> <unk> <unk> <unk> <unk> <unk> <unk> <unk> <unk> <unk> <unk> <unk> <unk>,0.099999999975,0.21052631567867036,0.13559321592645804,0.13559321592645804,0.0,0.13559321592645804,0,0,0.20125786163522008,0.1111111110493827
424869823_7aec015d87.jpg,একটি ছেলে তার পিছনে একটি ছোট মেয়ে একটি মাঠে একটি সুন্দর রঙের।,0.3333333330555555,0.2352941175086505,0.27586206392390017,0.27586206392390017,0.0,0.2499999959375,0,0,0.3650793650793651,0.18181818165289254
7309.png,একজন বৃদ্ধ পুরুষ চশমা পরে চেয়ে আছেন।,0.2857142853061225,0.6666666644444444,0.39999999500000005,0.39999999500000005,0.0,0.39999999500000005,0,0,0.42307692307692313,0.24999999968749997
2206594874_5e0087c6b7.jpg,একটি টেবিলের পিছনে দাঁড়িয়ে আছে,0.1999999996,0.12499999984374999,0.15384614887573977,0.15384614887573977,0.0,0.15384614887573977,0,0,0.33333333333333337,0.08333333326388888
2647.png,ধান ক্ষেতের মাঝ দিয়ে একজন মানুষ হেঁটে যাচ্ছে।,0.12499999984374999,0.0999999999,0.11111110604938293,0.11111110604938293,0.0,0.11111110604938293,0,0,0.21875,0.05882352937716263
695.png,পানিতে কয়েকজন মানুষ আছে।,0.249999999375,0.1999999996,0.2222222167901236,0.2222222167901236,0.0,0.2222222167901236,0,0,0.2702702702702703,0.12499999984374999
3211210739_3dea005fde.jpg,একজন লোক স্কেটবোর্ডে চড়ে কসরত করছে,0.33333333277777777,0.24999999968749997,0.2857142804081633,0.2857142804081633,0.15384614887573977,0.2857142804081633,0,0,0.4482758620689655,0.16666666652777776
345284301_191488953721507_6874014176055751344_n.jpg,সবুজ ঘাস কাটার ট্র্যাকে ল্যান্ডস্কেপ যতদূর চোখ দেখা যাচ্ছে,0.1111111109876543,0.1111111109876543,0.11111110598765454,0.11111110598765454,0.0,0.11111110598765454,0,0,0.3157894736842105,0.0624999999609375
2589.png,একজন নারী তাকিয়ে আছে।,0.249999999375,0.1999999996,0.2222222167901236,0.2222222167901236,0.0,0.2222222167901236,0,0,0.5555555555555556,0.12499999984374999
1278.png,গ্রাসের উপরে একটি শিশু আছে।,0.3999999992,0.1999999998,0.2666666618666667,0.2666666618666667,0.0,0.2666666618666667,0,0,0.33333333333333337,0.16666666652777776
5065.png,একটি শিশু দাড়িয়ে আছে।,0.0,0.0,0.0,0.0,0.0,0.0,0,0,0.2941176470588235,0.0
205682549_713aa6cd88.jpg,একটি পাথুরে পাহাড় থেকে এক লোক প্যারাসুট ভাঁজ করে কংক্রিটের <unk> এর সামনে একটি শিলার উপরে <unk> <unk> <unk> <unk> <unk> <unk> <unk> <unk> <unk> <unk> <unk> <unk> <unk> <unk> <unk> <unk> <unk> <unk> <unk> <unk> <unk> <unk> <unk> <unk>,0.0499999999875,0.18181818165289254,0.07843136913494825,0.07843136913494825,0.0,0.07843136913494825,0,0,0.1273885350318471,0.0833333332986111
3950.png,নদীর পাড়ে নৌকা আছে।,0.49999999875,0.3999999992,0.4444444385185186,0.4444444385185186,0.28571428000000004,0.4444444385185186,0,0,0.5,0.2857142853061225
1130401779_8c30182e3e.jpg,একটি কুকুর জলের মধ্যে একটি ফ্রিসবি ধরছে,0.14285714265306124,0.1999999996,0.16666666152777793,0.16666666152777793,0.0,0.16666666152777793,0,0,0.3571428571428571,0.0999999999
3054200086_657d4398e8.jpg,হকি খেলোয়াড় অন্যরা চলেছেন,0.49999999875,0.33333333277777777,0.3999999944,0.3999999944,0.24999999468750006,0.3999999944,0,0,0.3913043478260869,0.24999999968749997
1461.png,একটি শিশু বসে আছে।,0.49999999875,0.6666666644444444,0.5714285648979592,0.5714285648979592,0.0,0.5714285648979592,0,0,0.41666666666666663,0.3999999992
814.png,একজন পুরুষ একটি পতাকা নিয়ে আছে।,0.0,0.0,0.0,0.0,0.0,0.0,0,0,0.31818181818181823,0.0
2381.png,একজন মানুষ বসে আছে।,0.249999999375,0.1999999996,0.2222222167901236,0.2222222167901236,0.0,0.2222222167901236,0,0,0.35,0.12499999984374999
2206.png,একজন নারী ও একটি শিশু আছে।,0.16666666638888888,0.1999999996,0.1818181765289258,0.1818181765289258,0.0,0.1818181765289258,0,0,0.4736842105263158,0.0999999999
2307118114_c258e3a47e.jpg,একটি লোক একটি <unk> <unk> <unk> <unk> <unk> <unk> <unk> <unk> <unk> <unk> <unk> <unk> <unk> <unk> <unk> <unk> <unk> <unk> <unk> <unk> <unk> <unk> <unk> <unk> <unk> <unk> <unk> <unk> <unk> <unk> <unk> <unk> <unk> <unk> <unk> <unk> <unk>,0.099999999975,0.2222222220987654,0.13793103015457803,0.13793103015457803,0.07142856717474513,0.13793103015457803,0,0,0.15189873417721522,0.21428571413265304
6884.png,একজন পুরুষ আছে।,0.6666666644444444,0.33333333277777777,0.44444443901234576,0.44444443901234576,0.0,0.44444443901234576,0,0,0.40909090909090906,0.2857142853061225
3508051251_82422717b3.jpg,একজন স্কেটবোর্ডার একটি <unk> পথে স্কেটবোর্ডিং করছে,0.2857142853061225,0.3999999992,0.33333332791666676,0.33333332791666676,0.0,0.16666666152777793,0,0,0.3142857142857143,0.1999999998
1562392511_522a26063b.jpg,একটি কুকুর একটি কার্পেট পা ক্রস করে যখন অন্য একটি কুকুর একটি কার্পেট করা লোকের কোলে শুয়ে থাকা কুকুরকে কামরাচ্ছে।,0.09999999995,0.2857142853061225,0.14814814419753095,0.14814814419753095,0.0,0.14814814419753095,0,0,0.35064935064935066,0.09999999995
5746.png,কয়েকজন লোক নৌকা থেকে জাল ফেলছে।,0.16666666638888888,0.07142857137755101,0.09999999570000016,0.09999999570000016,0.0,0.09999999570000016,0,0,0.2325581395348837,0.05263157891966759
4895.png,একটি <unk> ভবনের সামনে ভবনের সামনে ভবনের সামনে ভবনের সামনে ভবনের সামনে ভবনের সামনে ভবনের সামনে ভবনের সামনে ভবনের সামনে ভবনের সামনে ভবনের সামনে ভবনের সামনে ভবনের সামনে ভবনের সামনে ভবনের সামনে ভবনের সামনে ভবনের সামনে ভবনের সামনে ভবনের সামনে,0.0499999999875,0.24999999968749997,0.08333333052083343,0.08333333052083343,0.043478258270321514,0.08333333052083343,0,0,0.0898876404494382,0.2222222219753086
9097.png,একজন লোক হাতে গীটার নিয়ে দাড়িয়ে আছে।,0.4285714279591837,0.24999999979166665,0.31578946869806096,0.31578946869806096,0.11764705411764723,0.31578946869806096,0,0,0.43181818181818177,0.1874999998828125
IMG_1113.JPG,একজন পুরুষ চশমা পরে আছে,0.1999999996,0.3333333322222222,0.24999999468750006,0.24999999468750006,0.0,0.24999999468750006,0,0,0.4444444444444444,0.14285714265306124
6978.png,একজন বৃদ্ধ নারী মুখে কাদা মেখে আছে।,0.14285714265306124,0.249999999375,0.1818181768595043,0.1818181768595043,0.0,0.1818181768595043,0,0,0.4782608695652174,0.0999999999
6712.png,একজন পুরুষ তাকিয়ে আছে।,0.9999999975,0.9999999975,0.9999999925,0.9999999925,0.9999999916666666,0.9999999925,1,1,1.0,0.9999999975
3230132205_dccfafa5ee.jpg,কালো টুপি পরা এক লোক গীটার বাজাচ্ছে,0.571428570612245,0.6666666655555555,0.6153846094674558,0.6153846094674558,0.5454545395041324,0.6153846094674558,0,0,0.7391304347826086,0.4444444439506172
2180886307_5156460b2c.jpg,একটি কুকুর পানি ছিটাচ্ছে।,0.49999999875,0.3999999992,0.4444444385185186,0.4444444385185186,0.28571428000000004,0.4444444385185186,0,0,0.631578947368421,0.2857142853061225
537222436_ab406234ce.jpg,লাল <unk> একটি কালো এবং কালো <unk> কালো <unk> কালো এবং কালো <unk> কালো <unk> কালো এবং কালো <unk> কালো <unk> কালো এবং কালো <unk> কালো <unk> কালো এবং কালো <unk> কালো <unk> কালো এবং কালো <unk> কালো <unk> কালো,0.1499999999625,0.3157894735180055,0.20338982607296763,0.20338982607296763,0.07017543425053889,0.13559321592645804,0,0,0.2706766917293233,0.2777777776234568
2555622234_3e531e4014.jpg,একটি কুকুর পানির ধারে সৈকতে খেলছে,0.49999999916666665,0.7499999981250001,0.5999999940000001,0.5999999940000001,0.24999999468750006,0.5999999940000001,0,0,0.5652173913043479,0.4285714279591837
1127.png,কয়েকজন বালিকা খেলছে।,0.6666666644444444,0.49999999875,0.5714285648979592,0.5714285648979592,0.0,0.5714285648979592,0,0,0.6470588235294117,0.3999999992
8077.png,তিনটি শিশু আছে।,0.0,0.0,0.0,0.0,0.0,0.0,0,0,0.26315789473684215,0.0
3082934678_58534e9d2c.jpg,দুটি কুকুর ঘাসে হাটছে,0.49999999875,0.6666666644444444,0.5714285648979592,0.5714285648979592,0.39999999360000005,0.5714285648979592,0,0,0.625,0.3999999992
6707.png,একজন পুরুষ একটি লাঙ্গল নিয়ে দাড়িয়ে আছে।,0.4285714279591837,0.7499999981250001,0.5454545398347109,0.5454545398347109,0.2222222172839507,0.5454545398347109,0,0,0.4814814814814815,0.37499999953124996
3484365373_98d5304935.jpg,লাল জামা পরিহিত একটি মেয়ে ঘাসের উপর লাফ দিচ্ছে,0.4444444439506172,0.3636363633057851,0.39999999464999997,0.39999999464999997,0.0,0.39999999464999997,0,0,0.6285714285714286,0.24999999984375
IMG_2913.JPG,মহিলা টি বসে আছে,0.7499999981250001,0.5999999988,0.6666666602469137,0.6666666602469137,0.44444443901234576,0.6666666602469137,0,0,0.6,0.49999999916666665
2598.png,একজন মহিলা মাথায় একটি রাস্তা দিয়ে রাস্তা দিয়ে রাস্তা দিয়ে রাস্তা দিয়ে রাস্তা দিয়ে রাস্তা দিয়ে রাস্তা দিয়ে রাস্তা দিয়ে রাস্তা দিয়ে রাস্তা দিয়ে রাস্তা দিয়ে রাস্তা দিয়ে রাস্তা দিয়ে রাস্তা দিয়ে রাস্তা দিয়ে রাস্তা দিয়ে রাস্তা দিয়ে রাস্তা দিয়ে,0.0,0.0,0.0,0.0,0.0,0.0,0,0,0.09859154929577463,0.0
3208987435_780ae35ef0.jpg,একটি মেয়ে এবং একটি মেয়ে হাসছে,0.49999999916666665,0.3333333329629629,0.3999999946666667,0.3999999946666667,0.0,0.3999999946666667,0,0,0.4375,0.1999999998
2156131463_5b53636cf0.jpg,তিনজন মানুষ এবং একটি ছেলে জলের উপর দাড়িয়ে আছে,0.1111111109876543,0.08333333326388888,0.09523809024943336,0.09523809024943336,0.0,0.09523809024943336,0,0,0.33333333333333337,0.049999999975
2972.png,পানিতে একজন পুরুষ পানিতে নেমে গোসল করাচ্ছে।,0.0,0.0,0.0,0.0,0.0,0.0,0,0,0.3571428571428571,0.0
3746.png,তিনজন পুরুষ পাশাপাশি আছে।,0.7499999981250001,0.7499999981250001,0.7499999931250001,0.7499999931250001,0.33333332722222225,0.7499999931250001,0,0,0.75,0.5999999988
3429641260_2f035c1813.jpg,একটি লোক একটি <unk> থেকে একটি <unk> থেকে একটি <unk> থেকে একটি <unk> থেকে একটি <unk> থেকে একটি <unk> থেকে একটি <unk> থেকে একটি <unk> থেকে একটি <unk> থেকে একটি <unk> থেকে একটি <unk> থেকে একটি <unk> থেকে একটি <unk>,0.0499999999875,0.24999999968749997,0.08333333052083343,0.08333333052083343,0.0,0.08333333052083343,0,0,0.14383561643835618,0.1999999998
4610.png,একজন পুরুষ হেঁটে যাচ্ছে।,0.7499999981250001,0.23076923059171597,0.35294117245674744,0.35294117245674744,0.1333333299555556,0.35294117245674744,0,0,0.2549019607843137,0.21428571413265304
2104.png,রেল লাইন ধরে হেটে যাচ্ছে যার ট্রেন যাচ্ছে।,0.12499999984374999,0.07692307686390532,0.09523809043083924,0.09523809043083924,0.0,0.09523809043083924,0,0,0.3191489361702128,0.049999999975
3250076419_eb3de15063.jpg,একটি কালো কুকুর কোনো একজনকে কামড় দিচ্ছে,0.2857142853061225,0.15384615372781063,0.1999999952500001,0.1999999952500001,0.0,0.1818181768595043,0,0,0.40740740740740744,0.1111111110493827
3366.png,একজন পুরুষ দাড়িয়ে আছে।,0.7499999981250001,0.7499999981250001,0.7499999931250001,0.7499999931250001,0.33333332722222225,0.7499999931250001,0,0,0.4666666666666667,0.5999999988
1016887272_03199f49c4.jpg,দু'জন লোক একটি পাথরের মুখে একটি পাথরের উপরে উঠছে,0.2222222219753086,0.2222222219753086,0.22222221697530875,0.22222221697530875,0.0,0.22222221697530875,0,0,0.37142857142857144,0.15384615372781063
1067.png,কয়েকজন মানুষ হেঁটে যাচ্ছে।,0.7499999981250001,0.29999999969999996,0.42857142387755104,0.42857142387755104,0.3333333290277778,0.42857142387755104,0,0,0.35,0.29999999969999996
IMG_20220916_173534.jpg,একটি লোক দাঁড়িয়ে আছে,0.49999999875,0.3999999992,0.4444444385185186,0.4444444385185186,0.0,0.4444444385185186,0,0,0.5,0.2857142853061225
5374.png,একটি <unk> একটি কুকুর একটি <unk>,0.0,0.0,0.0,0.0,0.0,0.0,0,0,0.18518518518518523,0.0
3354200211_35348e47d8.jpg,একদল লোক সারিবদ্ধভাবে দাঁড়িয়ে আছে,0.1999999996,0.1999999996,0.19999999460000012,0.19999999460000012,0.0,0.19999999460000012,0,0,0.4545454545454546,0.1111111109876543
4994.png,একজন পুরুষ চশমা পরে আছে।,0.9999999980000001,0.45454545413223135,0.6249999949218751,0.6249999949218751,0.28571428122448983,0.374999995234375,0,0,0.2894736842105263,0.45454545413223135
253.png,একজন মহিলা একজন মহিলা ১ জন মহিলা একজন মহিলা ১ জন মহিলা একজন মহিলা ১ জন মহিলা একজন মহিলা ১ জন মহিলা একজন মহিলা ১ জন মহিলা একজন মহিলা ১ জন মহিলা একজন মহিলা ১ জন মহিলা একজন মহিলা ১,0.0,0.0,0.0,0.0,0.0,0.0,0,0,0.12413793103448278,0.0
755326139_ee344ece7b.jpg,একটি ছোট্ট মেয়ে সুইমিং পুলে স্লাইড করছে।,0.2857142853061225,0.1999999998,0.23529411252595167,0.23529411252595167,0.0,0.23529411252595167,0,0,0.42307692307692313,0.13333333324444444
2066241589_b80e9f676c.jpg,একটি কুকুর ঘাসের মধ্য দিয়ে চলে।,0.33333333277777777,0.3999999992,0.36363635801652905,0.36363635801652905,0.1818181765289258,0.36363635801652905,0,0,0.43999999999999995,0.2222222219753086
7243.png,একটি লাল রঙের একটি লাল রঙের একটি লাল রঙের একটি শিশু আছে।,0.16666666652777776,0.49999999875,0.2499999959375,0.2499999959375,0.0,0.2499999959375,0,0,0.26190476190476186,0.2857142853061225
4164.png,দুজন লোক তার পাশে বসে আছে,0.16666666638888888,0.0999999999,0.12499999515625017,0.12499999515625017,0.0,0.12499999515625017,0,0,0.303030303030303,0.06666666662222222
346622475_244315994917388_3121666446830098164_n.jpg,একজন লোক একটি <unk> বসে আছে,0.16666666638888888,0.1111111109876543,0.13333332835555572,0.13333332835555572,0.0,0.13333332835555572,0,0,0.26315789473684215,0.07142857137755101
5217.png,একটি ছেলে একটি পাথরের উপর দিয়ে একটি পাথরের উপর দিয়ে একটি পাথরের উপর দিয়ে একটি পাথরের উপর দিয়ে একটি পাথরের উপর দিয়ে একটি পাথরের উপর দিয়ে একটি পাথরের উপর দিয়ে একটি পাথরের উপর দিয়ে একটি পাথরের উপর দিয়ে একটি পাথরের,0.0499999999875,0.33333333277777777,0.08695651943289232,0.08695651943289232,0.045454543419421574,0.08695651943289232,0,0,0.10062893081761004,0.2222222219753086
3254640083_eb34b8edfe.jpg,একটি শিশু আছে।,0.3333333322222222,0.16666666638888888,0.2222222172839507,0.2222222172839507,0.0,0.2222222172839507,0,0,0.2777777777777778,0.12499999984374999
3633.png,অনেকগুলো মানুষ আছে।,0.9999999966666667,0.7499999981250001,0.8571428497959185,0.8571428497959185,0.799999992,0.8571428497959185,0,0,0.8,0.7499999981250001
1677.png,একজন পুরুষ আছে।,0.9999999966666667,0.49999999916666665,0.6666666607407408,0.6666666607407408,0.28571428081632655,0.6666666607407408,0,0,0.45833333333333337,0.49999999916666665
4782.png,একটি উচু জায়গা সেখানে সেখানে একটা ঘর।,0.14285714265306124,0.3333333322222222,0.1999999954000001,0.1999999954000001,0.0,0.1999999954000001,0,0,0.24,0.12499999984374999
963.png,একটি জাহাজ দেখা যাচ্ছে।,0.0,0.0,0.0,0.0,0.0,0.0,0,0,0.25,0.0
2924.png,একজন পুরুষ দাড়িয়ে আছে।,0.7499999981250001,0.9999999966666667,0.8571428497959185,0.8571428497959185,0.39999999360000005,0.8571428497959185,0,0,0.7333333333333334,0.7499999981250001
7424.png,একটি নৌকায় কয়েকজন মানুষ আছে।,0.9999999980000001,0.9999999980000001,0.9999999930000001,0.9999999930000001,0.9999999925,0.9999999930000001,1,1,1.0,0.9999999980000001
3424.png,একজন পুরুষ মোনাজাত করছে।,0.249999999375,0.249999999375,0.2499999943750001,0.2499999943750001,0.0,0.2499999943750001,0,0,0.5294117647058824,0.14285714265306124
3753.png,দূরে একজন মানুষ আছে।,0.49999999875,0.49999999875,0.4999999937500001,0.4999999937500001,0.33333332722222225,0.4999999937500001,0,0,0.4666666666666667,0.33333333277777777
1490213660_9ea45550cf.jpg,একটি ধূসর কুকুর একটি সবুজ ঘাসের মধ্য দিয়ে একটি সবুজ ঘাসের মধ্য দিয়ে একটি সবুজ ঘাসের মধ্য দিয়ে একটি সবুজ ঘাসের মধ্য দিয়ে একটি সবুজ ঘাসের মধ্য দিয়ে একটি সবুজ ঘাসের মধ্য দিয়ে একটি সবুজ ঘাসের মধ্য দিয়ে একটি সবুজ,0.099999999975,0.4444444439506172,0.1632653030570596,0.1632653030570596,0.08888888653827165,0.1632653030570596,0,0,0.17763157894736847,0.3333333330555555
2312984882_bec7849e09.jpg,একটি <unk> বাইরে বসে আছে,0.1999999996,0.12499999984374999,0.15384614887573977,0.15384614887573977,0.0,0.15384614887573977,0,0,0.30434782608695654,0.08333333326388888
8010.png,একটা ছাতার নিচে ২ জন ছাতা ধরে আছে।,0.24999999968749997,0.2222222219753086,0.23529411238754333,0.23529411238754333,0.0,0.23529411238754333,0,0,0.38235294117647056,0.13333333324444444
3688797852_89ed3cb056.jpg,অদ্ভুত টুপি পরা ব্যক্তিটি রঙিন কাপড় বেঁধে দিচ্ছে,0.12499999984374999,0.1111111109876543,0.11764705370242234,0.11764705370242234,0.0,0.11764705370242234,0,0,0.29032258064516125,0.06666666662222222
1777816180_08d7e8063b.jpg,নীল জামা পরিহিত মেয়েটি একটি পাথরের উপরে উঠে যায়।,0.4444444439506172,0.49999999937499995,0.4705882297577854,0.4705882297577854,0.13333332817777796,0.4705882297577854,0,0,0.6363636363636364,0.30769230745562126
544122267_e9e0100bc5.jpg,একটি যুবক দোলের বাইরে দোলনায় দুলছে,0.33333333277777777,0.6666666644444444,0.44444443901234576,0.44444443901234576,0.15384614887573977,0.3999999946666667,0,0,0.36111111111111116,0.2857142853061225
3485486737_953f9d3be2.jpg,একটি <unk> গাড়ী জড়ো হয়ে ছাদে নিচে বসে আছে।,0.2222222219753086,0.13333333324444444,0.1666666618402779,0.1666666618402779,0.0,0.1666666618402779,0,0,0.375,0.09090909086776859
535123126_c06c1ab9bf.jpg,দুটি কুকুর খেলছে,0.9999999966666667,0.2727272724793388,0.42857142459183667,0.42857142459183667,0.16666666361111113,0.42857142459183667,0,0,0.31034482758620685,0.2727272724793388
1355945307_f9e01a9a05.jpg,একটি রেস গাড়ি দাঁড়িয়ে আছে,0.5999999988,0.29999999969999996,0.39999999502222217,0.39999999502222217,0.15384614934911253,0.39999999502222217,0,0,0.3142857142857143,0.2727272724793388
5368.png,ফুল ও একটি পাখি আছে।,0.3999999992,0.49999999875,0.4444444385185186,0.4444444385185186,0.0,0.4444444385185186,0,0,0.3571428571428571,0.2857142853061225
4702.png,এটি একটি রাস্তা।,0.3333333322222222,0.16666666638888888,0.2222222172839507,0.2222222172839507,0.0,0.2222222172839507,0,0,0.25,0.12499999984374999
7140.png,রেল লাইন হয়ে বসে একজন ছেলে এবং পিছনে একজন বৃদ্ধ মহিলা বসে আছেন।,0.23076923059171597,0.29999999969999996,0.2608695600756144,0.2608695600756144,0.09523809024943336,0.2608695600756144,0,0,0.42553191489361697,0.16666666657407406
2910758605_73a3f5a5c2.jpg,নীল রঙের জামা পরিহিত একজন মহিলা দাড়িয়ে আছে আর পেছনে একটি ছেলে দাঁড়িয়ে আছে পিছনে অনেক লোকজন হেটে যাচ্ছে,0.10526315783933518,0.33333333277777777,0.15999999622400007,0.15999999622400007,0.0,0.15999999622400007,0,0,0.295774647887324,0.09090909086776859
5072.png,একজন পুরুষ ও একজন নারী আছে।,0.6666666655555555,0.30769230745562126,0.4210526268144044,0.4210526268144044,0.11764705453287211,0.31578946903047095,0,0,0.39534883720930236,0.30769230745562126
370.png,সমুদ্রের পারে একজন মানুষ আছে।,0.5999999988,0.49999999916666665,0.5454545395041324,0.5454545395041324,0.2222222167901236,0.5454545395041324,0,0,0.7083333333333333,0.37499999953124996
2097403787_77a154f5b9.jpg,বরফে ঢাকা একটি বরফ ও নীল জ্যাকেট পরিহিত একজন লোক একটি বিশাল তুষার দিয়ে ভ্রমণ করছে।,0.1874999998828125,0.37499999953124996,0.24999999534722225,0.24999999534722225,0.09090908648760351,0.23076922585798829,0,0,0.39344262295081966,0.149999999925
3262475923_f1f77fcd9f.jpg,একজন ফুটবল খেলোয়াড় একটি মাটিতে গড়াগড়ি খাচ্ছে,0.14285714265306124,0.16666666638888888,0.15384614863905344,0.15384614863905344,0.0,0.15384614863905344,0,0,0.3548387096774194,0.08333333326388888
1470132731_fa416b7504.jpg,একটি কালো কুকুর পানিতে সাঁতার কাটছে,0.49999999916666665,0.7499999981250001,0.5999999940000001,0.5999999940000001,0.49999999406250006,0.5999999940000001,0,0,0.6956521739130435,0.4285714279591837
7253.png,একটি <unk> পটভূমিতে একটি পাখি বসে আছে।,0.2857142853061225,0.49999999875,0.36363635834710756,0.36363635834710756,0.2222222172839507,0.36363635834710756,0,0,0.3076923076923077,0.24999999968749997
3265578645_4044a7049a.jpg,তিনজন লোক একটি বিনোদন পার্ক এ গাড়ী দেখছেন,0.12499999984374999,0.16666666638888888,0.1428571377551022,0.1428571377551022,0.0,0.1428571377551022,0,0,0.3666666666666667,0.07692307686390532
3456862740_7550bcddc2.jpg,হেলমেট পরা একজন লোক একটি পাহাড়ের নীচে চড়েছে,0.49999999937499995,0.4444444439506172,0.4705882297577854,0.4705882297577854,0.3999999944888889,0.4705882297577854,0,0,0.5405405405405406,0.30769230745562126
IMG_8224.JPG,কিছু মানুষ লাইনে দাঁড়িয়ে আছে,0.1999999996,0.1999999996,0.19999999460000012,0.19999999460000012,0.0,0.19999999460000012,0,0,0.33333333333333337,0.1111111109876543
2696394827_7342ced36f.jpg,পানিতে একটি কুকুর পানিতে খেলা করছে,0.49999999916666665,0.4285714279591837,0.4615384558579882,0.4615384558579882,0.36363635801652905,0.4615384558579882,0,0,0.5925925925925926,0.4285714279591837
2220175999_081aa9cce8.jpg,একটি হ্রদে একটি কুকুর দৌড়াচ্ছে,0.1999999996,0.249999999375,0.2222222167901236,0.2222222167901236,0.0,0.2222222167901236,0,0,0.44999999999999996,0.14285714265306124
7810.png,একটি শিশু আছে।,0.3333333322222222,0.0999999999,0.15384615005917168,0.15384615005917168,0.0,0.15384615005917168,0,0,0.15384615384615385,0.09090909082644627
DSC_9068.JPG,হাতে চুড়ি পরে হাতে চুড়ি পরে হাতে চুড়ি পরে হাতে চুড়ি পরে হাতে চুড়ি পরে হাতে চুড়ি পরে হাতে চুড়ি পরে হাতে চুড়ি পরে হাতে চুড়ি পরে হাতে চুড়ি পরে হাতে চুড়ি পরে হাতে চুড়ি পরে হাতে চুড়ি পরে হাতে,0.0499999999875,0.3999999992,0.08888888687407412,0.08888888687407412,0.04651162619794489,0.08888888687407412,0,0,0.11764705882352944,0.33333333277777777
2278776373_fe499a93be.jpg,একটি কাউবয় টুপি পরিহিত একজন লোক একটি পুরানো বাড়ির সামনে দাঁড়িয়ে আছে,0.16666666652777776,0.1999999998,0.181818176694215,0.181818176694215,0.09999999495000023,0.181818176694215,0,0,0.34042553191489366,0.10526315783933518
3110614694_fecc23ca65.jpg,তুষারের মধ্যে একটি বাদামী কুকুর দৌড়াচ্ছে,0.6666666655555555,0.30769230745562126,0.4210526268144044,0.4210526268144044,0.15384614887573977,0.3999999946666667,0,0,0.4411764705882353,0.28571428551020406
1280147517.jpg,একটি নৌকার সাথে পানিতে ডুবে গেছে,0.33333333277777777,0.33333333277777777,0.3333333277777778,0.3333333277777778,0.19999999460000012,0.3333333277777778,0,0,0.37037037037037035,0.1999999998
inbound4189403605111348304.jpg,একটি বিড়াল আছে।,0.3333333322222222,0.1111111109876543,0.16666666263888896,0.16666666263888896,0.0,0.16666666263888896,0,0,0.22857142857142854,0.09090909082644627
1296770308_3db2022f5a.jpg,রাতে ব্যস্ত ফুটপাতে একটি মেয়ে একটি <unk> <unk> একটি <unk> <unk> একটি <unk> <unk> একটি <unk> <unk> একটি <unk> <unk> একটি <unk> <unk> একটি <unk> <unk> একটি <unk> <unk> একটি <unk> <unk> একটি <unk> <unk> একটি <unk> <unk> একটি <unk>,0.07499999998125,0.49999999916666665,0.1304347802835539,0.1304347802835539,0.045454543419421574,0.1304347802835539,0,0,0.1823899371069182,0.3333333329629629
903.png,একজন নারী ও একজন নারী ও একজন নারী ও একজন নারী ও একজন নারী ও একজন নারী ও একজন নারী ও একজন নারী ও একজন নারী ও একজন নারী ও একজন নারী ও একজন নারী ও একজন নারী ও একজন,0.099999999975,0.571428570612245,0.17021276334993213,0.17021276334993213,0.04444444211358036,0.17021276334993213,0,0,0.16417910447761197,0.49999999916666665
1638.png,শাড়ি পরিহিত তিনজন শাড়ি পরা একজন পুরুষ বসে থেকে আলোর স্তপের উপরে আলোর ভিতর থেকে ফুল দিচ্ছে।,0.05882352937716263,0.0999999999,0.0740740693552815,0.0740740693552815,0.0,0.0740740693552815,0,0,0.296875,0.04347826085066162
1299459550_1fd5594fa2.jpg,পানিতে দুটি শিশু হ্রদে গোসল করছে,0.16666666638888888,0.1111111109876543,0.13333332835555572,0.13333332835555572,0.0,0.13333332835555572,0,0,0.2857142857142857,0.07142857137755101
6543.png,অনেকগুলো শিশু আছে।,0.0,0.0,0.0,0.0,0.0,0.0,0,0,0.21052631578947367,0.0
3415178926_909db9400b.jpg,এক নারী একটি কুকুর নিয়ে একটি কুকুর নিয়ে একটি কুকুর নিয়ে একটি কুকুর নিয়ে একটি কুকুর নিয়ে একটি কুকুর নিয়ে একটি কুকুর নিয়ে একটি কুকুর নিয়ে একটি কুকুর নিয়ে একটি কুকুর নিয়ে একটি কুকুর নিয়ে একটি কুকুর নিয়ে একটি কুকুর,0.07499999998125,0.21428571413265304,0.11111110722908106,0.11111110722908106,0.0,0.11111110722908106,0,0,0.2551724137931034,0.16666666657407406
2559503010_84f20b3bc9.jpg,একটি টেবিলে কিছু লোক একটি মেক্সিকান মহিলা একটি দোকানের চিহ্নের সামনে বাজার অতিক্রম করার জন্য অপেক্ষা করছে,0.29411764688581316,0.45454545413223135,0.357142852117347,0.357142852117347,0.07692307213017781,0.285714280739796,0,0,0.375,0.149999999925
8951.png,কয়েকজন মানুষ আছে।,0.6666666644444444,0.33333333277777777,0.44444443901234576,0.44444443901234576,0.0,0.44444443901234576,0,0,0.5,0.2857142853061225
3187.png,একজন পুরুষ আছে।,0.3333333322222222,0.249999999375,0.28571428000000004,0.28571428000000004,0.0,0.28571428000000004,0,0,0.5714285714285714,0.16666666638888888
452363869_cad37e609f.jpg,একটি কুকুর একটি কালো কুকুর দৌড়াচ্ছে,0.8333333319444445,0.45454545413223135,0.5882352888581315,0.5882352888581315,0.2222222167901236,0.47058823017301044,0,0,0.6521739130434783,0.3999999996
8739.png,একজন বাচ্চা শুয়ে আছে।,0.249999999375,0.3333333322222222,0.28571428000000004,0.28571428000000004,0.0,0.28571428000000004,0,0,0.5,0.16666666638888888
8588.png,একজন কৃষক গরু নিয়ে হেঁটে যাচ্ছে।,0.33333333277777777,0.33333333277777777,0.3333333277777778,0.3333333277777778,0.0,0.16666666138888903,0,0,0.34615384615384615,0.1999999998
5846.png,একটি সেতুর ওপর একজন ছেলে দাড়িয়ে আছে।,0.14285714265306124,0.3333333322222222,0.1999999954000001,0.1999999954000001,0.0,0.1999999954000001,0,0,0.23076923076923073,0.1111111109876543
1164765687.jpg,একটি কালো কুকুর তার খেলনার সাথে ময়লার মধ্যে একটি লাল কম্বলের উপর শুয়ে আছে,0.3571428568877551,0.49999999949999996,0.4166666614583334,0.4166666614583334,0.18181817681818194,0.24999999493055564,0,0,0.38095238095238093,0.2777777776234568
3203872773_6c30f64be3.jpg,একটি ছেলে বাতাসে একটি উঁচু জায়গায় লাফ দিচ্ছে,0.24999999968749997,0.3999999992,0.3076923024852071,0.3076923024852071,0.1818181768595043,0.3076923024852071,0,0,0.48275862068965514,0.1999999998
766.png,একজন ছোট ছেলে হাঁসি মুখে তাকিয়ে আছে।,0.2857142853061225,0.33333333277777777,0.3076923022485208,0.3076923022485208,0.0,0.3076923022485208,0,0,0.4782608695652174,0.18181818165289254
8006.png,নদীতে নৌকা আছে। দূরে কয়েকজন মানুষ আছে।,0.2857142853061225,0.33333333277777777,0.3076923022485208,0.3076923022485208,0.0,0.3076923022485208,0,0,0.4,0.1999999998
786.png,একজন পুরুষ আছে।,0.9999999966666667,0.5999999988,0.7499999934375,0.7499999934375,0.33333332777777785,0.7499999934375,0,0,0.5789473684210527,0.5999999988
5949.png,কয়েকজন ছেলেমেয়ে একসাথে বসে আছে কিছু বাচ্চা বসে আছে কিছু বাচ্চা বসে আছে কিছু বাচ্চা বসে আছে কিছু বাচ্চা বসে আছে কিছু বাচ্চা বসে আছে কিছু বাচ্চা বসে আছে কিছু বাচ্চা বসে আছে কিছু বাচ্চা বসে আছে কিছু বাচ্চা বসে,0.099999999975,0.3999999996,0.15999999673600007,0.15999999673600007,0.04166666360243077,0.11999999675200007,0,0,0.1703703703703704,0.30769230745562126
4343.png,একটি <unk> পাশে দোকানের সামনে একটি খোলা আছে,0.12499999984374999,0.1999999996,0.15384614887573977,0.15384614887573977,0.0,0.15384614887573977,0,0,0.5161290322580645,0.09090909082644627
1563.png,চারজন পুরুষ দাড়িয়ে আছে।,0.7499999981250001,0.3333333329629629,0.4615384565680474,0.4615384565680474,0.36363635900826446,0.4615384565680474,0,0,0.4117647058823529,0.29999999969999996
6083.png,পাহার দিয়ে পানি ঝড়ছে ও ঝর্ণার পানিতে ভিজছে।,0.24999999968749997,0.33333333277777777,0.2857142804081633,0.2857142804081633,0.16666666152777793,0.2857142804081633,0,0,0.25,0.16666666652777776
341.png,একজন শারি পরা মহিলা শারি পরা লোক বসে আছে যার একজন শারি পরা মহিলা বসে আয়না দেখছে যার একজন শারি পরা মহিলা বসে আয়না দেখছে যার একজন শারি পরা মহিলা বসে আয়না দেখছে যার একজন শারি পরা মহিলা বসে আয়না,0.1499999999625,0.2857142855782313,0.1967213068959958,0.1967213068959958,0.10169491073829377,0.1967213068959958,0,0,0.3262411347517731,0.1666666665972222
8399.png,একজন পুরুষ ও একজন পুরুষ বসে আছে। দূরে কিছু মানুষ।,0.29999999969999996,0.2727272724793388,0.28571428045351477,0.28571428045351477,0.10526315279778417,0.28571428045351477,0,0,0.34285714285714286,0.1874999998828125
2378.png,তার পিছনে কয়েকজন মানুষ আছে।,0.1999999996,0.1111111109876543,0.14285713806122466,0.14285713806122466,0.0,0.14285713806122466,0,0,0.3529411764705882,0.07692307686390532
1051.png,একটি পূর্ণ একটি সাদা গাড়িতে একটি রাস্তায় একটি রাস্তায় একটি রাস্তায় একটি রাস্তায় একটি রাস্তায় একটি রাস্তায় একটি রাস্তায় একটি রাস্তায় একটি রাস্তায় একটি রাস্তায় একটি রাস্তায় একটি রাস্তায় একটি রাস্তায় একটি রাস্তায় একটি রাস্তায় একটি রাস্তায় একটি রাস্তায় একটি,0.0499999999875,0.07692307689349112,0.060606055812672546,0.060606055812672546,0.0,0.060606055812672546,0,0,0.26857142857142857,0.06666666662222222
8483.png,পানিতে কয়েকজন মানুষ আছে।,0.7499999981250001,0.7499999981250001,0.7499999931250001,0.7499999931250001,0.33333332722222225,0.7499999931250001,0,0,0.875,0.5999999988
5850.png,একজন নারী একটি শিশু আছে।,0.5999999988,0.7499999981250001,0.6666666602469137,0.6666666602469137,0.28571428000000004,0.6666666602469137,0,0,0.7058823529411764,0.49999999916666665
2226534154_cbcab7ba32.jpg,গোলাপী পোশাকে একদল লোক ছবি তুলছে,0.16666666638888888,0.1999999996,0.1818181765289258,0.1818181765289258,0.0,0.1818181765289258,0,0,0.32352941176470584,0.0999999999
3211199368_ca78387f72.jpg,একটি ইটের ভবনের বাইরে দাঁড়িয়ে আছে,0.49999999916666665,0.3333333329629629,0.3999999946666667,0.3999999946666667,0.15384614887573977,0.2666666615111111,0,0,0.4516129032258065,0.24999999979166665
7933.png,একজন মহিলা বসে আছে।,0.49999999875,0.33333333277777777,0.3999999944,0.3999999944,0.0,0.3999999944,0,0,0.47619047619047616,0.24999999968749997
1008.png,একটি অনুষ্ঠানের খাবারের জন্য বাতাসে উড়ছে,0.16666666638888888,0.16666666638888888,0.16666666138888903,0.16666666138888903,0.0,0.16666666138888903,0,0,0.37037037037037035,0.09090909082644627
340425915_490293058f.jpg,একটি কালো কুকুর বরফে শুয়ে আছে,0.8333333319444445,0.5555555549382716,0.6666666609777778,0.6666666609777778,0.46153845609467453,0.6666666609777778,0,0,0.5454545454545454,0.49999999949999996
5174.png,দূরে কয়েকটি ভবন আছে।,0.249999999375,0.1111111109876543,0.15384614934911253,0.15384614934911253,0.0,0.15384614934911253,0,0,0.22857142857142854,0.0999999999
5218.png,একটি নৌকা চলছে ও একটি ট্রেন আসছে এবং পাশে একটি গাড়ী যাচ্ছে।,0.16666666652777776,0.124999999921875,0.142857137857143,0.142857137857143,0.0,0.142857137857143,0,0,0.3220338983050848,0.0833333332986111
5838.png,একটি <unk> একটি কালো পোশাক পরা একজন লোক সাইকেল নিয়ে যাচ্ছে,0.18181818165289254,0.13333333324444444,0.153846148846154,0.153846148846154,0.0,0.0833333282986114,0,0,0.39583333333333337,0.08695652170132324
IMG_2918.JPG,লোক টি বসে আছে,0.9999999975,0.9999999975,0.9999999925,0.9999999925,0.9999999916666666,0.9999999925,1,1,1.0,0.9999999975
437054333_5c2761b8cd.jpg,দু'জন লোক একটি <unk> মতো অবস্থান করছে,0.2857142853061225,0.33333333277777777,0.3076923022485208,0.3076923022485208,0.0,0.1818181768595043,0,0,0.4,0.1999999998
2502782508_2c8211cd6b.jpg,এক বৃদ্ধ লোক বেঞ্চে বসে আছেন।,0.49999999916666665,0.4285714279591837,0.4615384558579882,0.4615384558579882,0.36363635801652905,0.4615384558579882,0,0,0.43999999999999995,0.29999999969999996
2937697444_2367ff0e28.jpg,একজন লোক একটি <unk>,0.49999999875,0.2222222219753086,0.3076923029585799,0.3076923029585799,0.18181817752066123,0.3076923029585799,0,0,0.38095238095238093,0.18181818165289254
5017.png,কয়েকজন পুরুষ আছে। পিছনে কয়েকজন পুরুষ আছে। পিছনে কয়েকজন পুরুষ আছে। পিছনে কয়েকজন পুরুষ আছে। পিছনে কয়েকজন পুরুষ আছে। পিছনে কয়েকজন পুরুষ আছে। পিছনে কয়েকজন পুরুষ আছে। পিছনে কয়েকজন পুরুষ আছে। পিছনে কয়েকজন পুরুষ আছে। পিছনে কয়েকজন পুরুষ আছে। পিছনে,0.02499999999375,0.249999999375,0.04545454378099179,0.04545454378099179,0.0,0.04545454378099179,0,0,0.1301775147928994,0.14285714265306124
3927.png,একটি শিশু আছে।,0.6666666644444444,0.2857142853061225,0.39999999500000005,0.39999999500000005,0.0,0.39999999500000005,0,0,0.3076923076923077,0.24999999968749997
4353.png,একটি মেয়ে সবুজাভ নীল রঙের পোশাক পরে আছে,0.12499999984374999,0.249999999375,0.16666666194444454,0.16666666194444454,0.0,0.16666666194444454,0,0,0.3928571428571429,0.09090909082644627
2453990033_df53f0d8c8.jpg,লাল রঙের জামা পড়া এক মেয়ে ফুটপাতে দৌড়াচ্ছে,0.37499999953124996,0.3333333329629629,0.3529411710726644,0.3529411710726644,0.13333332817777796,0.3529411710726644,0,0,0.5357142857142857,0.21428571413265304
3572144280_ea42bbd927.jpg,এক ছোট বালক একটি মাটির রাস্তায় শুয়ে আছে।,0.12499999984374999,0.249999999375,0.16666666194444454,0.16666666194444454,0.0,0.16666666194444454,0,0,0.5714285714285714,0.09090909082644627
412082368_371df946b3.jpg,একটি ছেলে আরেকটা ছেলে তা দেখছে,0.33333333277777777,0.49999999875,0.3999999944,0.3999999944,0.0,0.3999999944,0,0,0.55,0.2857142853061225
1215334959_b1970965f7.jpg,একটি পরিবার সমুদ্র সৈকতে <unk>,0.3999999992,0.2857142853061225,0.33333332791666676,0.33333332791666676,0.1999999948000001,0.33333332791666676,0,0,0.31999999999999995,0.1999999998
IMG_9572.JPG,তিনটি বাচ্চা দাঁড়িয়ে আছে,0.49999999875,0.49999999875,0.4999999937500001,0.4999999937500001,0.33333332722222225,0.4999999937500001,0,0,0.5714285714285714,0.33333333277777777
6045.png,পানিতে একজন মানুষ আছে।,0.249999999375,0.16666666638888888,0.1999999948000001,0.1999999948000001,0.0,0.1999999948000001,0,0,0.23809523809523814,0.1111111109876543
3487131146_9d3aca387a.jpg,একটি ছোট ছেলে তার <unk> গাড়ী চালাচ্ছে,0.2857142853061225,0.2857142853061225,0.28571428030612256,0.28571428030612256,0.0,0.28571428030612256,0,0,0.41666666666666663,0.16666666652777776
5810.png,একজন বয়স্ক নারী ও একজন মহিলা একটি শিশু বসে আছে।,0.29999999969999996,0.37499999953124996,0.3333333280246914,0.3333333280246914,0.0,0.3333333280246914,0,0,0.4444444444444444,0.21428571413265304
1786425974_c7c5ad6aa1.jpg,দুটি কুকুর একসাথে খেলছে,0.249999999375,0.07142857137755101,0.1111111075308643,0.1111111075308643,0.0,0.1111111075308643,0,0,0.375,0.07142857137755101
1259936608_e3f0064f23.jpg,একটি স্প্রিংকলার পার্কে একটি ছোট্ট মেয়ে অস্ত্র ফোয়ারায় খেলছে,0.3333333329629629,0.2727272724793388,0.29999999475000005,0.29999999475000005,0.0,0.29999999475000005,0,0,0.4871794871794872,0.1874999998828125
3681575323_433d007650.jpg,একটি ছেলে একটি ছোট মেয়ে,0.1999999996,0.1999999996,0.19999999460000012,0.19999999460000012,0.09523809206349215,0.19999999460000012,0,0,0.2941176470588235,0.12499999984374999
316833109_6500b526dc.jpg,একটি কুকুর লম্বা ঘাসের উপর দিয়ে দৌড়াচ্ছে,0.571428570612245,0.4444444439506172,0.49999999445312515,0.49999999445312515,0.1428571377551022,0.49999999445312515,0,0,0.5294117647058824,0.3636363633057851
3486135177_772628d034.jpg,একজন স্কেটবোর্ড আরোহী,0.3333333322222222,0.05882352937716263,0.09999999735000006,0.09999999735000006,0.0,0.09999999735000006,0,0,0.34782608695652173,0.05263157891966759
2453318633_550228acd4.jpg,একজন মানুষ হেঁটে যাচ্ছে।,0.249999999375,0.09090909082644627,0.13333332924444455,0.13333332924444455,0.0,0.13333332924444455,0,0,0.27586206896551724,0.08333333326388888
8636.png,একটি শিশু খালি <unk> <unk>,0.0,0.0,0.0,0.0,0.0,0.0,0,0,0.23529411764705888,0.0
3589267801_5a222e3a60.jpg,দুটি কুকুর একটি ফ্রিসবি ধরে আছে,0.33333333277777777,0.3999999992,0.36363635801652905,0.36363635801652905,0.0,0.2857142804081633,0,0,0.40625,0.2222222219753086
7768.png,একটি নদীর পানিতে কয়েকজন মানুষ দেখা যাচ্ছে।,0.14285714265306124,0.16666666638888888,0.15384614863905344,0.15384614863905344,0.0,0.15384614863905344,0,0,0.5357142857142857,0.08333333326388888
3506096155_13632955e8.jpg,একটি ডার্ট বাইক চালানোর জামা পরে একজন লোক একটি পাহাড়ে চড়েছেন যখন অন্যরা দেখছে,0.21428571413265304,0.4285714279591837,0.28571428099773244,0.28571428099773244,0.1538461487278108,0.21428570913265316,0,0,0.4464285714285714,0.1764705881314879
1182733666.jpg,চারজন পুরুষ ও দুইটি শিশু আছে।,0.33333333277777777,0.15384615372781063,0.21052631124653745,0.21052631124653745,0.11764705453287211,0.21052631124653745,0,0,0.2545454545454545,0.11764705875432525
3168796547_0c14b368f9.jpg,একটি ছেলে একটি বেড়ার উপর দিয়ে যাচ্ছে,0.4285714279591837,0.3333333329629629,0.374999994609375,0.374999994609375,0.0,0.374999994609375,0,0,0.48,0.16666666652777776
3119887967_271a097464.jpg,তিনজন রেললাইনেড় পাশে দাঁড়িয়ে,0.0,0.0,0.0,0.0,0.0,0.0,0,0,0.19999999999999996,0.0
7073.png,একটি ছোট্ট ছেলেটি দোলনায় দুলছে,0.1999999996,0.1111111109876543,0.14285713806122466,0.14285713806122466,0.0,0.14285713806122466,0,0,0.33333333333333337,0.08333333326388888
7888.png,একটি ইন্ডিয়ান মহিলা একটি পতাকা ধরে আছে,0.14285714265306124,0.07142857137755101,0.09523809070294806,0.09523809070294806,0.0,0.09523809070294806,0,0,0.37037037037037035,0.05263157891966759
2096771662_984441d20d.jpg,একটি চিত্রগ্রাহক পাহাড়ের সামনে দাঁড়িয়ে আছে।,0.0,0.0,0.0,0.0,0.0,0.0,0,0,0.40740740740740744,0.0
2657.png,একটি <unk> কাজ করছে।,0.249999999375,0.1999999996,0.2222222167901236,0.2222222167901236,0.0,0.2222222167901236,0,0,0.4117647058823529,0.12499999984374999
5020.png,সূর্যের আলো দেখা যাচ্ছে।,0.49999999875,0.2857142853061225,0.36363635834710756,0.36363635834710756,0.2222222172839507,0.36363635834710756,0,0,0.375,0.2222222219753086
2079152458_40712c3b40.jpg,মুখে একটি কুকুর মুখে বল নিয়ে ঘাসে দৌড়াচ্ছে,0.49999999937499995,0.6666666655555555,0.5714285657142858,0.5714285657142858,0.3076923022485208,0.5714285657142858,0,0,0.5185185185185186,0.4444444439506172
6597.png,সমুদ্রের পারে একজন মানুষ আছে।,0.3999999992,0.49999999875,0.4444444385185186,0.4444444385185186,0.0,0.4444444385185186,0,0,0.4375,0.2857142853061225
3767.png,একসাথে বসে একসাথে বসে আছে।,0.3999999992,0.49999999875,0.4444444385185186,0.4444444385185186,0.0,0.4444444385185186,0,0,0.5,0.3999999992
3723903586_e98d3d8ec7.jpg,বাঁকে ঘোড়ায় চড়ে একটি <unk> দৌড়াচ্ছে,0.33333333277777777,0.13333333324444444,0.19047618621315202,0.19047618621315202,0.0,0.1818181765289258,0,0,0.3023255813953488,0.1111111110493827
_MG_1883.JPG,একটা ছেলে,0.0,0.0,0.0,0.0,0.0,0.0,0,0,0.3157894736842105,0.0
7114.png,একটি ছেলে ক্যামেরার দিকে তাকিয়ে আছে,0.33333333277777777,0.33333333277777777,0.3333333277777778,0.3333333277777778,0.0,0.3333333277777778,0,0,0.5909090909090908,0.1999999998
3396817186_b299ee0531.jpg,একটি কুকুর ঘাসে ঢাকা গাছের সামনে দাঁড়িয়ে আছে,0.24999999968749997,0.2857142853061225,0.2666666613333334,0.2666666613333334,0.0,0.2666666613333334,0,0,0.3870967741935484,0.15384615372781063
3476709230_6439305bf2.jpg,দুই ছোট বাচ্চারা পার্কে খেলছে,0.1999999996,0.14285714265306124,0.16666666152777793,0.16666666152777793,0.0,0.16666666152777793,0,0,0.375,0.09090909082644627
3652572138_34d6b72999.jpg,একদল ছোট মেয়ে হাত রেখেছে,0.3999999992,0.2222222219753086,0.2857142807142858,0.2857142807142858,0.0,0.2857142807142858,0,0,0.38888888888888884,0.16666666652777776
7491.png,একজন নারী ও দুইটি শিশু বসে আছে।,0.571428570612245,0.9999999975,0.7272727213223142,0.7272727213223142,0.6666666607407408,0.7272727213223142,0,0,0.5454545454545454,0.571428570612245
3698.png,একটা ছোট ছেলে উপরে লাফ দিয়েছে।,0.16666666638888888,0.1111111109876543,0.13333332835555572,0.13333332835555572,0.0,0.13333332835555572,0,0,0.37037037037037035,0.07142857137755101
6188.png,একটি শিশু তাকিয়ে আছেন।,0.7499999981250001,0.7499999981250001,0.7499999931250001,0.7499999931250001,0.6666666594444445,0.7499999931250001,0,0,0.9285714285714286,0.5999999988
543.png,একজন নারী দাড়িয়ে আছে।,0.249999999375,0.249999999375,0.2499999943750001,0.2499999943750001,0.0,0.2499999943750001,0,0,0.5333333333333333,0.14285714265306124
IMG_20220921_123204.jpg,শরীরে একজন লোক তার মাথার উপরে একটি বলের জন্য তার মাথার উপরে একটি বলের জন্য তার মাথার উপরে একটি বলের জন্য তার মাথার উপরে একটি বলের জন্য তার মাথার উপরে একটি বলের জন্য তার মাথার উপরে একটি বলের জন্য তার,0.02499999999375,0.1999999996,0.0444444424493828,0.0444444424493828,0.0,0.0444444424493828,0,0,0.19736842105263153,0.07692307686390532
843616798_5ab0ecb525.jpg,দুটি কুকুর এবং একটি কালো কুকুর এবং একটি কালো কুকুর এবং একটি কালো কুকুর এবং একটি কালো কুকুর এবং একটি কালো কুকুর এবং একটি কালো কুকুর এবং একটি কালো কুকুর এবং একটি কালো কুকুর এবং একটি কালো কুকুর এবং একটি,0.099999999975,0.3636363633057851,0.15686274165321037,0.15686274165321037,0.043478258270321514,0.15686274165321037,0,0,0.20143884892086328,0.3333333330555555
2114.png,পানিতে দুইজন মানুষ আছে।,0.249999999375,0.1999999996,0.2222222167901236,0.2222222167901236,0.0,0.2222222167901236,0,0,0.3157894736842105,0.12499999984374999
3342855466_44038a8aa3.jpg,একজন স্কেটবোর্ডার শহরের পার্কে একটি ছেলে দৌড়াচ্ছে,0.14285714265306124,0.1999999996,0.16666666152777793,0.16666666152777793,0.0,0.16666666152777793,0,0,0.4545454545454546,0.09090909082644627
5131.png,একটি <unk> <unk>,0.3333333322222222,0.1111111109876543,0.16666666263888896,0.16666666263888896,0.0,0.16666666263888896,0,0,0.16666666666666663,0.0999999999
inbound1443164387657121842.jpg,কয়েকজন মানুষ আছে।,0.0,0.0,0.0,0.0,0.0,0.0,0,0,0.14814814814814814,0.0
2407.png,কয়েকজন মানুষ আছে।,0.9999999966666667,0.37499999953124996,0.5454545404958677,0.5454545404958677,0.22222221827160496,0.5454545404958677,0,0,0.3529411764705882,0.37499999953124996
2501968935_02f2cd8079.jpg,একদল লোক একটি ভবনের পাশে বসে আছেন।,0.2857142853061225,0.1111111110493827,0.1599999958400001,0.1599999958400001,0.0,0.09523809070294806,0,0,0.34375,0.09090909086776859
3611.png,একসাথে দর্শকরা দেখছে,0.0,0.0,0.0,0.0,0.0,0.0,0,0,0.31818181818181823,0.0
8462.png,একটি দেয়ালের সামনে কয়েকজন মানুষ শুয়ে আছে।,0.14285714265306124,0.249999999375,0.1818181768595043,0.1818181768595043,0.0,0.1818181768595043,0,0,0.3571428571428571,0.0999999999
2842439618_fb20fe2215.jpg,একটি সার্ফার একটি সার্ফার,0.249999999375,0.08333333326388888,0.1249999960937501,0.1249999960937501,0.0,0.1249999960937501,0,0,0.4782608695652174,0.07692307686390532
475042270_719ebe6c48.jpg,দুটি কুকুর বল নিয়ে খেলছে,0.5999999988,0.9999999966666667,0.7499999934375,0.7499999934375,0.33333332777777785,0.7499999934375,0,0,0.625,0.5999999988
3607405494_0df89110a6.jpg,একটি কালো রঙের কুকুর একটি কালো কুকুর,0.2857142853061225,0.24999999968749997,0.2666666613333334,0.2666666613333334,0.15384614863905344,0.2666666613333334,0,0,0.3548387096774194,0.1999999998
2226440063_c085b30558.jpg,দুটি কুকুর জলের ফোয়ারা দিয়ে হাটে,0.16666666638888888,0.249999999375,0.1999999948000001,0.1999999948000001,0.0,0.1999999948000001,0,0,0.4782608695652174,0.1111111109876543
2816.png,একটি শিশু বসে আছে।,0.9999999975,0.9999999975,0.9999999925,0.9999999925,0.9999999916666666,0.9999999925,1,1,1.0,0.9999999975
HK7A9362.JPG,একটি খেলার মধ্যে তিনজন লোক হাতে নিয়ে দাঁড়িয়ে আছে,0.2222222219753086,0.49999999875,0.3076923029585799,0.3076923029585799,0.0,0.3076923029585799,0,0,0.4375,0.18181818165289254
IMG_20220915_162943.jpg,একজন পুরুষ একটি বাড়ির পাশে দাঁড়িয়ে আছে ও একজন লোক গাড়ির কাছে দাঁড়িয়ে আছে ও একজন লোক গাড়ির কাছে দাঁড়িয়ে আছে ও একজন লোক গাড়ির কাছে দাঁড়িয়ে আছে ও একজন লোক গাড়ির কাছে দাঁড়িয়ে আছে ও একজন লোক গাড়ির কাছে,0.17499999995624999,0.6999999992999999,0.279999996688,0.279999996688,0.16666666355034723,0.279999996688,0,0,0.2302158273381295,0.4285714282653061
327997381_55f90dc834.jpg,একজন লোক একটি পালঙ্কে বিশ্রাম নিচ্ছে।,0.16666666638888888,0.14285714265306124,0.15384614863905344,0.15384614863905344,0.0,0.15384614863905344,0,0,0.4,0.08333333326388888
5110.png,একটি পাহাড়ের চূড়ায় এক লোক দাঁড়িয়ে আছে,0.2857142853061225,0.2857142853061225,0.28571428030612256,0.28571428030612256,0.0,0.28571428030612256,0,0,0.28,0.16666666652777776
707972553_36816e53a2.jpg,একটি শিশু আছে।,0.6666666644444444,0.1999999998,0.3076923036686391,0.3076923036686391,0.0,0.3076923036686391,0,0,0.22857142857142854,0.18181818165289254
4436.png,মেঘলা এই এই এই এই এই এই এই এই এই এই এই এই এই এই এই এই এই এই এই এই এই এই এই এই এই এই এই এই এই এই এই এই এই এই এই এই এই এই এই,0.0,0.0,0.0,0.0,0.0,0.0,0,0,0.08333333333333337,0.0
172092464_d9eb4f4f2f.jpg,একটি ছেলে পানিতে ভিজে গেলো,0.3999999992,0.2857142853061225,0.33333332791666676,0.33333332791666676,0.0,0.33333332791666676,0,0,0.44999999999999996,0.1999999998
8337.png,মাটির কাজ করছে। পাশে ভেতরে কাজ করছে।,0.2857142853061225,0.49999999875,0.36363635834710756,0.36363635834710756,0.2222222172839507,0.36363635834710756,0,0,0.45833333333333337,0.2857142853061225
599.png,একজন মহিলা একটি সাইকেল চালিয়ে যাচ্ছে।,0.33333333277777777,0.24999999968749997,0.2857142804081633,0.2857142804081633,0.0,0.2857142804081633,0,0,0.4117647058823529,0.18181818165289254
8665.png,একজন ছোট ছেলে এবং একজন ছোট ছেলে এবং একজন ছোট ছেলে এবং একজন ছোট ছেলে এবং একজন ছোট ছেলে এবং একজন ছোট ছেলে এবং একজন ছোট ছেলে এবং একজন ছোট ছেলে এবং একজন ছোট ছেলে এবং একজন ছোট ছেলে এবং,0.0499999999875,0.2857142853061225,0.08510638040742426,0.08510638040742426,0.0,0.08510638040742426,0,0,0.1294964028776978,0.2222222219753086
3193335577_9bdbaf9f70.jpg,একটি শিশু পাহাড়ে উঠছে।,0.249999999375,0.0999999999,0.14285713857142868,0.14285713857142868,0.0,0.14285713857142868,0,0,0.2592592592592593,0.07692307686390532
288880576_818b6ecfef.jpg,এক লোক একটি পাথরে ঘেরা একটি পাথরের উপরে উঠেছেন।,0.3333333329629629,0.37499999953124996,0.3529411710726644,0.3529411710726644,0.13333332817777796,0.23529411238754333,0,0,0.5,0.1874999998828125
383223174_7165a54c30.jpg,একটি বাদামী কুকুর <unk> খেলছে,0.5999999988,0.5999999988,0.5999999938,0.5999999938,0.36363635834710756,0.5999999938,0,0,0.6,0.4285714279591837
1629.png,একটি ফলের দোকানে বসে আছে।,0.7999999984,0.4444444439506172,0.5714285660204083,0.5714285660204083,0.49999999472222234,0.5714285660204083,0,0,0.5,0.3999999996
3330675488_8692476a4a.jpg,তুষার <unk> বরফ স্কি স্যুট <unk> স্কি করছে,0.12499999984374999,0.06666666662222222,0.0869565171266543,0.0869565171266543,0.0,0.0869565171266543,0,0,0.2571428571428571,0.05555555552469135
2452238877_2340609c6e.jpg,একটি কুকুর বল ধরছে,0.49999999875,0.2222222219753086,0.3076923029585799,0.3076923029585799,0.0,0.3076923029585799,0,0,0.41666666666666663,0.18181818165289254
5572.png,কয়েকজন ছেলে ছেলে মাঠে খেলছে।,0.3999999992,0.6666666644444444,0.49999999406250006,0.49999999406250006,0.0,0.49999999406250006,0,0,0.5555555555555556,0.3999999992
637.png,কয়েকজন মানুষ কাজ করছে।,0.249999999375,0.14285714265306124,0.1818181768595043,0.1818181768595043,0.0,0.1818181768595043,0,0,0.30000000000000004,0.0999999999
6200.png,একজন নারী বসে আছে।,0.9999999975,0.4444444439506172,0.6153846101775148,0.6153846101775148,0.36363635900826446,0.6153846101775148,0,0,0.4,0.571428570612245
DSC_9198.JPG,একজন নারী ও একজন আরেকজনের ঘাড়ে হাত দিয়ে দাড়িয়ে আছে যার একজন একসাথে দাড়িয়ে আছে যার একজন একসাথে দাড়িয়ে আছে যার একজন একসাথে দাড়িয়ে আছে যার একজন একসাথে দাড়িয়ে আছে যার একজন একসাথে দাড়িয়ে আছে যার একজন একসাথে দাড়িয়ে আছে,0.07499999998125,0.37499999953124996,0.12499999717013895,0.12499999717013895,0.0,0.12499999717013895,0,0,0.14012738853503182,0.19999999986666667
7497.png,সমুদ্র পাড়ে একজন পুরুষ আছে।,0.1999999996,0.3333333322222222,0.24999999468750006,0.24999999468750006,0.0,0.24999999468750006,0,0,0.26315789473684215,0.14285714265306124
6416.png,একটি বাদামি কুকুর বাগানে দৌড়াচ্ছে,0.3999999992,0.33333333277777777,0.36363635801652905,0.36363635801652905,0.0,0.36363635801652905,0,0,0.4,0.24999999968749997
2880.png,একজন লোক নিচে তাকাচ্ছে ।,0.0,0.0,0.0,0.0,0.0,0.0,0,0,0.20454545454545459,0.0
2967630001_cdc5560c0b.jpg,একটি সাদা কুকুর সমুদ্রের দিকে যাচ্ছে,0.33333333277777777,0.3999999992,0.36363635801652905,0.36363635801652905,0.0,0.36363635801652905,0,0,0.5652173913043479,0.2222222219753086
3478591390_b526580644.jpg,একটি মহিলা দাঁড়িয়ে আছে,0.249999999375,0.12499999984374999,0.16666666194444454,0.16666666194444454,0.0,0.16666666194444454,0,0,0.34615384615384615,0.09090909082644627
3154293126_e52bd07524.jpg,একজন লোক একটি স্নোবোর্ডার।,0.249999999375,0.3333333322222222,0.28571428000000004,0.28571428000000004,0.0,0.28571428000000004,0,0,0.33333333333333337,0.16666666638888888
374828031_9d087da5cf.jpg,এক লোক পাথুরে পাহাড়ে আরোহণ করছে,0.33333333277777777,0.49999999875,0.3999999944,0.3999999944,0.24999999468750006,0.3999999944,0,0,0.56,0.24999999968749997
2301379282_5fbcf230d1.jpg,একটি ছোট ছেলে একটি <unk> অনুশীলন করছে,0.2857142853061225,0.2857142853061225,0.28571428030612256,0.28571428030612256,0.0,0.28571428030612256,0,0,0.40740740740740744,0.09090909082644627
9140.png,একজন ছোট ছেলে বসে আছেন।,0.0,0.0,0.0,0.0,0.0,0.0,0,0,0.33333333333333337,0.0
6785.png,একটি শিশু তাকিয়ে আছে।,0.9999999975,0.6666666655555555,0.7999999936,0.7999999936,0.49999999406250006,0.7999999936,0,0,0.6842105263157895,0.6666666655555555
4904.png,একজন পুরুষ দাড়িয়ে আছেন।,0.49999999875,0.49999999875,0.4999999937500001,0.4999999937500001,0.33333332722222225,0.4999999937500001,0,0,0.8125,0.33333333277777777
4372.png,একজন পুরুষ একটি বিল্ডিং এর ঝুলানো আছে।,0.14285714265306124,0.16666666638888888,0.15384614863905344,0.15384614863905344,0.0,0.15384614863905344,0,0,0.3846153846153846,0.08333333326388888
5202.png,পাশাপাশি তিনটি গাছ আছে।,0.249999999375,0.249999999375,0.2499999943750001,0.2499999943750001,0.0,0.2499999943750001,0,0,0.375,0.14285714265306124
4257.png,কয়েকজন পুরুষ ও একজন পুরুষ দাড়িয়ে আছে।,0.14285714265306124,0.1999999996,0.16666666152777793,0.16666666152777793,0.0,0.16666666152777793,0,0,0.4444444444444444,0.0999999999
2467803152_70eeca1334.jpg,দুটি ধূসর কুকুর একটি অপরটির সাথে খেলছে,0.4285714279591837,0.4285714279591837,0.42857142295918377,0.42857142295918377,0.0,0.42857142295918377,0,0,0.33333333333333337,0.2727272724793388
1740.png,তিনজন পুরুষ দাড়িয়ে আছে।,0.249999999375,0.16666666638888888,0.1999999948000001,0.1999999948000001,0.0,0.1999999948000001,0,0,0.2857142857142857,0.1111111109876543
343612980_798755741681638_3570085702151337461_n.jpg,নদীর পাড়ে কিছু মানুষ দেখা যাচ্ছে।,0.16666666638888888,0.07692307686390532,0.10526315346260404,0.10526315346260404,0.0,0.10526315346260404,0,0,0.32608695652173914,0.05882352937716263
3638577494_fe55f7b4cb.jpg,দুটি কুকুর একটি <unk> থেকে পড়ে যখন একটি কুকুর,0.4444444439506172,0.3636363633057851,0.39999999464999997,0.39999999464999997,0.13333332817777796,0.31578946836565097,0,0,0.4390243902439024,0.15384615372781063
162743064_bb242faa31.jpg,একটি কুকুর তার আঙ্গুল দিয়ে দৌড়াচ্ছে,0.33333333277777777,0.2857142853061225,0.3076923022485208,0.3076923022485208,0.1818181765289258,0.3076923022485208,0,0,0.41666666666666663,0.1999999998
8198.png,পানিতে কয়েকজন মানুষ আছে।,0.9999999975,0.9999999975,0.9999999925,0.9999999925,0.9999999916666666,0.9999999925,1,1,1.0,0.9999999975
IMG_2728.JPG,কপালে কালো টিপ পরে আছে মহিলাটি তাকিয়ে আছে,0.37499999953124996,0.9999999966666667,0.5454545404958677,0.5454545404958677,0.44444444000000005,0.5454545404958677,0,0,0.40740740740740744,0.4285714279591837
8464.png,নদীতে নৌকা আছে।,0.3333333322222222,0.1999999996,0.24999999468750006,0.24999999468750006,0.0,0.24999999468750006,0,0,0.30000000000000004,0.14285714265306124
IMG_8327.JPG,লোক টি শাড়ি পরে আছে,0.7999999984,0.6666666655555555,0.7272727209917357,0.7272727209917357,0.4444444385185186,0.6666666602469137,0,0,0.6153846153846154,0.571428570612245
2088120475_d6318364f5.jpg,একদল মানুষ একটি বিশাল অদ্ভুত চেহারা নিয়ে দাঁড়িয়ে আছে।,0.1111111109876543,0.14285714265306124,0.12499999492187522,0.12499999492187522,0.0,0.12499999492187522,0,0,0.3142857142857143,0.06666666662222222
IMG_0640.JPG,চেয়ারের উপরে বসে আছে কিছু একটা দাঁড়িয়ে আছে,0.24999999968749997,0.49999999875,0.33333332833333335,0.33333332833333335,0.1999999954000001,0.33333332833333335,0,0,0.3928571428571429,0.2222222219753086
3710674892_857b8056f7.jpg,একটি শিশু একটি খেলনা নিয়ে হাসতে হাসতে হাসতে হাসতে হাসতে হাসতে হাসতে হাসতে হাসতে হাসতে হাসতে হাসতে হাসতে হাসতে হাসতে হাসতে হাসতে হাসতে হাসতে হাসতে হাসতে হাসতে হাসতে হাসতে হাসতে হাসতে হাসতে হাসতে হাসতে হাসতে হাসতে হাসতে হাসতে হাসতে হাসতে,0.07499999998125,0.29999999969999996,0.11999999675200007,0.11999999675200007,0.04166666360243077,0.11999999675200007,0,0,0.07643312101910826,0.16666666652777776
895502702_5170ada2ee.jpg,একটি কালো কুকুর মাঠের মধ্য দিয়ে দৌড়াচ্ছে,0.7142857132653061,0.45454545413223135,0.5555555501851852,0.5555555501851852,0.24999999500000003,0.5555555501851852,0,0,0.5714285714285714,0.45454545413223135
3549464203_8ab9c6160b.jpg,গোলাপি শাড়ি পরে আছে মহিলা টি বসে আছে,0.0,0.0,0.0,0.0,0.0,0.0,0,0,0.2682926829268293,0.0
256283122_a4ef4a17cb.jpg,একটি ছেলে একটি বেসবল প্লেয়ার,0.3999999992,0.1999999998,0.2666666618666667,0.2666666618666667,0.0,0.2666666618666667,0,0,0.33333333333333337,0.08333333326388888
287999021_998c2eeb91.jpg,একজন লোক একটি খাড়া পাহাড়ের কিনারায় বসে আছে,0.37499999953124996,0.49999999916666665,0.4285714230612245,0.4285714230612245,0.23529411252595167,0.42105262626038775,0,0,0.5,0.2727272724793388
6539.png,একজন কাঁদছে।,0.4999999975,0.249999999375,0.33333332777777785,0.33333332777777785,0.0,0.33333332777777785,0,0,0.3529411764705882,0.1999999996
122634567.jpg,একটি লোক একটি দোকানের সামনে দাঁড়িয়ে আছে,0.4285714279591837,0.14285714278911565,0.21428571038265312,0.21428571038265312,0.0,0.21428571038265312,0,0,0.3620689655172413,0.149999999925
7031.png,একজন নারী বসে আছে।,0.7499999981250001,0.49999999916666665,0.5999999940000001,0.5999999940000001,0.49999999406250006,0.5999999940000001,0,0,0.5217391304347826,0.4285714279591837
3021.png,ধান ক্ষেতের মাঝ দিয়ে একজন পাঞ্জাবী প্যান্ট পরে জমির মাঝের রাস্তা দিয়ে মাথায় গোল <unk> মাঝ দিয়ে মাথায় গোল <unk> মাঝ দিয়ে মাথায় গোল <unk> মাঝ দিয়ে মাথায় গোল <unk> মাঝ দিয়ে মাথায় গোল <unk> মাঝ দিয়ে মাথায় গোল <unk>,0.0499999999875,0.2857142853061225,0.08510638040742426,0.08510638040742426,0.0,0.08510638040742426,0,0,0.15492957746478875,0.10526315783933518
495.png,লোক টির নাকে নাকফুল,0.0,0.0,0.0,0.0,0.0,0.0,0,0,0.29166666666666663,0.0
1980882959_9a161f3469.jpg,বাইকের পাশে হাঁটার পথ ধরে আছে,0.0,0.0,0.0,0.0,0.0,0.0,0,0,0.33333333333333337,0.0
6291.png,একটা ছোট ছেলে পাহাড়ের উপর লাফ দিচ্ছে।,0.0,0.0,0.0,0.0,0.0,0.0,0,0,0.2068965517241379,0.0
1159574340_99ba8c3c59.jpg,একজন মহিলা একটি লাল প্যান্ট পরে হাঁটু পর্যন্ত বহন করে,0.0999999999,0.08333333326388888,0.09090908586776886,0.09090908586776886,0.0,0.09090908586776886,0,0,0.2564102564102564,0.05263157891966759
8254.png,লাল <unk> একটি শিশু বেগুনি রঙের সরু রাস্তা দিয়ে যাচ্ছে,0.1999999998,0.124999999921875,0.15384614899408297,0.15384614899408297,0.0,0.15384614899408297,0,0,0.3090909090909091,0.0833333332986111
320093980_5388cb3733.jpg,লাল চুলের এক লোক তার কালো রঙের একটি লাল <unk> <unk>,0.18181818165289254,0.24999999968749997,0.21052631069252087,0.21052631069252087,0.11764705384083066,0.21052631069252087,0,0,0.3783783783783784,0.11764705875432525
3550763985_800cfee7e4.jpg,একটি শিশু একটি রেলের ট্র্যাক ধরে আছে।,0.2857142853061225,0.33333333277777777,0.3076923022485208,0.3076923022485208,0.0,0.3076923022485208,0,0,0.34615384615384615,0.0999999999
2268601066_b018b124fd.jpg,সাদা রঙের জামা পরিহিত লোকটি একটি সংবাদপত্র পড়ছে,0.49999999937499995,0.2352941175086505,0.319999995392,0.319999995392,0.1739130390926277,0.319999995392,0,0,0.36363636363636365,0.1999999999
3275527950_41aca690a1.jpg,কয়েকজন মানুষ আছে।,0.0,0.0,0.0,0.0,0.0,0.0,0,0,0.33333333333333337,0.0
6157.png,পাথরের <unk> একটি খাল শিশু গোছল করছে।,0.14285714265306124,0.0624999999609375,0.08695651742911174,0.08695651742911174,0.0,0.08695651742911174,0,0,0.2692307692307693,0.04761904759637188
1782.png,একটি ছেলে একটি পথ দিয়ে হেটে যাচ্ছে,0.571428570612245,0.3333333330555555,0.42105262648199443,0.42105262648199443,0.2352941128027682,0.42105262648199443,0,0,0.5217391304347826,0.28571428551020406
3091338773_9cf10467b4.jpg,একটি কুকুর একটি লাঠি কামড়াচ্ছে,0.3999999992,0.33333333277777777,0.36363635801652905,0.36363635801652905,0.2222222167901236,0.36363635801652905,0,0,0.6363636363636364,0.24999999968749997
8825.png,পানিতে একজন মানুষ হেঁটে যাচ্ছে।,0.3999999992,0.3999999992,0.39999999420000004,0.39999999420000004,0.2499999943750001,0.39999999420000004,0,0,0.368421052631579,0.24999999968749997
IMG_0720.JPG,কিছু ছেলে শিশু দাড়িয়ে আছে।,0.0,0.0,0.0,0.0,0.0,0.0,0,0,0.6,0.0
6632.png,রাস্তা দিয়ে তিনজন মানুষ সাইকেল চালিয়ে যাচ্ছে।,0.2857142853061225,0.1999999998,0.23529411252595167,0.23529411252595167,0.13333332835555572,0.23529411252595167,0,0,0.3214285714285714,0.13333333324444444
3004291289_c4892898ae.jpg,লাল কাঁকড়া সহ একজন লোক ও এক লোক ছবি তুলছে,0.0999999999,0.14285714265306124,0.11764705384083066,0.11764705384083066,0.0,0.11764705384083066,0,0,0.25,0.06666666662222222
2649406158_ded6be38de.jpg,একটি কুকুর একটি জায়গায় দৌড়াচ্ছে,0.3999999992,0.18181818165289254,0.249999995390625,0.249999995390625,0.0,0.249999995390625,0,0,0.34375,0.13333333324444444
1806580620_a8fe0fb9f8.jpg,নীল শার্ট পরা একজন মহিলা তার পেটের উপর দিয়ে চুম্বন করে।,0.18181818165289254,0.33333333277777777,0.2352941128027682,0.2352941128027682,0.0,0.2352941128027682,0,0,0.34883720930232553,0.13333333324444444
1007320043_627395c3d8.jpg,একটি শিশু একটি লাল হেলমেট পরে,0.49999999916666665,0.29999999969999996,0.37499999484375,0.37499999484375,0.16666666152777793,0.37499999484375,0,0,0.42307692307692313,0.24999999979166665
3266399073_40820596d5.jpg,একটি টেবিলে বসে আছেন।,0.7499999981250001,0.49999999916666665,0.5999999940000001,0.5999999940000001,0.49999999406250006,0.5999999940000001,0,0,0.5454545454545454,0.4285714279591837
8673.png,তিনজন পুরুষ দাড়িয়ে আছে।,0.249999999375,0.3333333322222222,0.28571428000000004,0.28571428000000004,0.0,0.28571428000000004,0,0,0.3548387096774194,0.16666666638888888
958.png,একটি শিশু আছে।,0.3333333322222222,0.1999999996,0.24999999468750006,0.24999999468750006,0.0,0.24999999468750006,0,0,0.2222222222222222,0.14285714265306124
4524.png,তিনটি শিশু আছে।,0.3333333322222222,0.14285714265306124,0.1999999954000001,0.1999999954000001,0.0,0.1999999954000001,0,0,0.24,0.1111111109876543
2733659177_d74a00995b.jpg,একটি ছেলে দাঁড়ায় আছে,0.7499999981250001,0.4285714279591837,0.5454545398347109,0.5454545398347109,0.2222222172839507,0.5454545398347109,0,0,0.5217391304347826,0.4285714279591837
2164363131_6930455d45.jpg,একটি সাদা কুকুর একটি সৈকতে দৌড়াচ্ছে,0.49999999916666665,0.3333333329629629,0.3999999946666667,0.3999999946666667,0.15384614887573977,0.3999999946666667,0,0,0.4545454545454546,0.1999999998
3934.png,একজন পুরুষ দাড়িয়ে আছে।,0.249999999375,0.12499999984374999,0.16666666194444454,0.16666666194444454,0.0,0.16666666194444454,0,0,0.29032258064516125,0.09090909082644627
294353408_d459bdaa68.jpg,একটি কুকুর তার মুখে একটি বোতল থেকে উড়াল দিচ্ছে,0.4444444439506172,0.571428570612245,0.49999999445312515,0.49999999445312515,0.1428571377551022,0.49999999445312515,0,0,0.5625,0.2727272724793388
2269795781_46a296aa21.jpg,একজন টেনিস খেলোয়াড় বলে আঘাত করার চেষ্টা করছে,0.37499999953124996,0.3333333329629629,0.3529411710726644,0.3529411710726644,0.11764705384083066,0.31578946847645434,0,0,0.5625,0.21428571413265304
2891162278_fbf96be4f4.jpg,একটি শিশু বাতাসে লাফাচ্ছে,0.0,0.0,0.0,0.0,0.0,0.0,0,0,0.28125,0.0
3569406219_f37ebf7b92.jpg,একটি লাল শার্ট পড়া দুই লোক একটি নীল রঙের একটি ছেলে দাড়িয়ে আছে,0.07692307686390532,0.16666666638888888,0.10526315346260404,0.10526315346260404,0.0,0.10526315346260404,0,0,0.31818181818181823,0.0624999999609375
6559.png,সমুদ্রের পারে দুইটি নৌকা আছে।,0.1999999996,0.249999999375,0.2222222167901236,0.2222222167901236,0.0,0.2222222167901236,0,0,0.2777777777777778,0.12499999984374999
2716903793_fb7a3d8ba6.jpg,একটি ছেলে একটি পুরুষের দিকে তাকিয়ে আছে,0.4285714279591837,0.2727272724793388,0.33333332820987654,0.33333332820987654,0.0,0.33333332820987654,0,0,0.36,0.2222222219753086
2865376471_43c5e6b941.jpg,দুজন লোক একটি ফ্রিসবি ধরে আছে,0.33333333277777777,0.13333333324444444,0.19047618621315202,0.19047618621315202,0.0,0.13333332835555572,0,0,0.3783783783783784,0.1111111110493827
3218861747_5c5c547b66.jpg,একটি ছেলে একটি <unk>,0.49999999875,0.2857142853061225,0.36363635834710756,0.36363635834710756,0.0,0.36363635834710756,0,0,0.3214285714285714,0.12499999984374999
5638.png,একটি লোক চেয়ার এর উপর বসে আছে,0.14285714265306124,0.05263157891966759,0.07692307292899428,0.07692307292899428,0.0,0.07692307292899428,0,0,0.26086956521739135,0.04347826085066162
3376898612_41c91de476.jpg,একটি শিশু একটি <unk> খেলছে।,0.3999999992,0.1999999998,0.2666666618666667,0.2666666618666667,0.0,0.2666666618666667,0,0,0.3076923076923077,0.18181818165289254
3399618896_9ef60cd32c.jpg,কালো প্যান্ট পরে আছে,0.249999999375,0.14285714265306124,0.1818181768595043,0.1818181768595043,0.0,0.1818181768595043,0,0,0.34782608695652173,0.0999999999
95734035_84732a92c1.jpg,একটি ছেলে সাইকেল চালিয়ে যাচ্ছে।,0.1999999996,0.1111111109876543,0.14285713806122466,0.14285713806122466,0.0,0.14285713806122466,0,0,0.4,0.07692307686390532
8731.png,সাতজন পুরুষ ও বসে আছে অনেক মানুষ।,0.14285714265306124,0.249999999375,0.1818181768595043,0.1818181768595043,0.0,0.1818181768595043,0,0,0.29166666666666663,0.0999999999
5634.png,গ্রামের রাস্তা দিয়ে একজন মানুষ হেঁটে যাচ্ছে।,0.14285714265306124,0.249999999375,0.1818181768595043,0.1818181768595043,0.0,0.1818181768595043,0,0,0.30612244897959184,0.0999999999
913.png,৪ জন ছোট ছেলে যাদের পাশে একটি দেয়ালের সামনে দাড়িয়ে আছে।,0.18181818165289254,0.33333333277777777,0.2352941128027682,0.2352941128027682,0.13333332871111125,0.2352941128027682,0,0,0.32432432432432434,0.13333333324444444
IMG_0618.JPG,রঙিন পোশাক পরে আছে দুটি মহিলা,0.49999999916666665,0.5999999988,0.5454545395041324,0.5454545395041324,0.2222222167901236,0.36363635801652905,0,0,0.47619047619047616,0.37499999953124996
5294.png,রাস্তা দিয়ে একটি রাস্তা ও পাহাড় আছে।,0.2857142853061225,0.33333333277777777,0.3076923022485208,0.3076923022485208,0.1818181765289258,0.3076923022485208,0,0,0.3913043478260869,0.1999999998
5935.png,সমুদ্র পাড়ে একজন লোক মিলে একটা লোক,0.14285714265306124,0.3333333322222222,0.1999999954000001,0.1999999954000001,0.0,0.1999999954000001,0,0,0.2727272727272727,0.12499999984374999
242064301_a9d12f1754.jpg,কালো চুলের একটি ছেলে নীল রঙের,0.33333333277777777,0.2222222219753086,0.2666666615111111,0.2666666615111111,0.0,0.24999999500000003,0,0,0.4242424242424242,0.15384615372781063
2308978137_bfe776d541.jpg,কিছু মানুষ হেঁটে যাচ্ছে।,0.0,0.0,0.0,0.0,0.0,0.0,0,0,0.33333333333333337,0.0
152029243_b3582c36fa.jpg,একজন লোক একটি পাথুরে পাহাড় বাইছে,0.49999999916666665,0.2727272724793388,0.3529411714878893,0.3529411714878893,0.0,0.2857142804081633,0,0,0.4864864864864865,0.21428571413265304
4027.png,তিনজন ছেলে বসে আছে।,0.7499999981250001,0.4285714279591837,0.5454545398347109,0.5454545398347109,0.2222222172839507,0.5454545398347109,0,0,0.3913043478260869,0.37499999953124996
2908466042_bf07cb52c7.jpg,একটি ছোট কুকুরছানা একটি ছোট কুকুরের সাথে খেলতে খেলতে <unk> নিয়ে খেলছে,0.16666666652777776,0.2222222219753086,0.1904761853968255,0.1904761853968255,0.0,0.1904761853968255,0,0,0.34782608695652173,0.124999999921875
5767.png,সমুদ্রের ধারে অনেকগুলো মানুষ আছে।,0.3999999992,0.33333333277777777,0.36363635801652905,0.36363635801652905,0.2222222167901236,0.36363635801652905,0,0,0.5,0.2222222219753086
3218481970_1fa627b3da.jpg,একজন বাস্কেটবল খেলোয়াড় বাস্কেটবল খেলায় <unk>,0.49999999916666665,0.49999999916666665,0.4999999941666667,0.4999999941666667,0.39999999420000004,0.4999999941666667,0,0,0.6451612903225806,0.37499999953124996
4110.png,কয়েকজন মানুষ আছে।,0.3333333322222222,0.09090909082644627,0.14285713928571436,0.14285713928571436,0.0,0.14285713928571436,0,0,0.2857142857142857,0.09090909082644627
6679.png,একটি ভবন আছে।,0.6666666644444444,0.49999999875,0.5714285648979592,0.5714285648979592,0.0,0.5714285648979592,0,0,0.5714285714285714,0.3999999992
5408.png,জলাশয়ে একজন মানুষ দাড়িয়ে পানি জমে থাকা একজন গোসল করছে।,0.1999999998,0.1999999998,0.19999999480000014,0.19999999480000014,0.11111110598765454,0.19999999480000014,0,0,0.3589743589743589,0.124999999921875
5269.png,একটি ভবন দেখা যাচ্ছে।,0.249999999375,0.3333333322222222,0.28571428000000004,0.28571428000000004,0.0,0.28571428000000004,0,0,0.4285714285714286,0.16666666638888888
300.png,একজন পুরুষ বসে আছে।,0.249999999375,0.04761904759637188,0.07999999724800008,0.07999999724800008,0.0,0.07999999724800008,0,0,0.25,0.04347826085066162
1476.png,চারজন পুরুষ পাশাপাশি দাড়িয়ে আছে।,0.3999999992,0.24999999968749997,0.3076923024852071,0.3076923024852071,0.0,0.3076923024852071,0,0,0.2962962962962963,0.18181818165289254
3086790344_9487c58624.jpg,একটি মেয়ে পানিতে ভেসে থাকার সরঞ্জাম নিয়ে পানিতে ডুবে আছে,0.0999999999,0.16666666638888888,0.12499999515625017,0.12499999515625017,0.0,0.12499999515625017,0,0,0.36111111111111116,0.07142857137755101
747921928_48eb02aab2.jpg,একটি বিশাল কালো রঙের একটি বিশাল কালো রঙের একটি বিশাল কালো রঙের একটি বিশাল কালো রঙের একটি বিশাল কালো রঙের একটি বিশাল কালো রঙের একটি বিশাল কালো রঙের একটি বিশাল কালো রঙের একটি বিশাল কালো রঙের একটি বিশাল কালো রঙের,0.02499999999375,0.16666666638888888,0.04347825858223074,0.04347825858223074,0.0,0.04347825858223074,0,0,0.14093959731543626,0.1111111109876543
2892395757_0a1b0eedd2.jpg,একটি <unk> একটি লোক একটি ডার্ট বাইকিং,0.2857142853061225,0.33333333277777777,0.3076923022485208,0.3076923022485208,0.1818181765289258,0.3076923022485208,0,0,0.42307692307692313,0.2222222219753086
4743.png,একজন লোক একটি বড় কাগজে স্বাক্ষর দিতে দিচ্ছেন।,0.24999999968749997,0.24999999968749997,0.24999999468750006,0.24999999468750006,0.0,0.12499999484375018,0,0,0.46875,0.15384615372781063
3558796959_fc4450be56.jpg,কমলা জামা পরা ছেলেটি টেনিস বলকে মারতে নিচ্ছে ।,0.1111111109876543,0.1999999996,0.14285713806122466,0.14285713806122466,0.0,0.14285713806122466,0,0,0.3783783783783784,0.07692307686390532
1396064003_3fd949c9dd.jpg,কেউ একজন লোক সার্ফিং করছেন,0.3999999992,0.2857142853061225,0.33333332791666676,0.33333332791666676,0.1999999948000001,0.33333332791666676,0,0,0.2941176470588235,0.1999999998
808245064_8a7971fc5b.jpg,একজন লোক কাঁধে হাত রেখে দাড়িয়ে আছে পিছনে অনেক মানুষের সাথে কয়েকটা হাড়ি নিয়ে দাড়িয়ে আছে পিছনে অনেক মানুষের হাত <unk> <unk> <unk> <unk>,0.0833333332986111,0.33333333277777777,0.1333333300444445,0.1333333300444445,0.07142856844387767,0.1333333300444445,0,0,0.2471910112359551,0.10526315783933518
3223055565_68973f5d20.jpg,একটি কালো কুকুর লাফ দিচ্ছে,0.3999999992,0.14285714275510203,0.21052631168975072,0.21052631168975072,0.11764705508650528,0.21052631168975072,0,0,0.4117647058823529,0.11764705875432525
929679367_ff8c7df2ee.jpg,একটি কালো এবং সাদা কালো এবং সাদা কালো এবং সাদা কুকুর একটি বলের দিকে তাকিয়ে আছে,0.1874999998828125,0.2727272724793388,0.222222217229081,0.222222217229081,0.0,0.222222217229081,0,0,0.3846153846153846,0.15384615372781063
6354.png,একটি গরুর ফাকে অনেক মানুষ দেখা যাচ্ছে।,0.0,0.0,0.0,0.0,0.0,0.0,0,0,0.33333333333333337,0.0
IMG_2242.JPG,একটা লোক ও মেয়ে টির হাতে চুড়ি আছে,0.37499999953124996,0.49999999916666665,0.4285714230612245,0.4285714230612245,0.0,0.4285714230612245,0,0,0.5217391304347826,0.2727272724793388
1424237335_b3be9920ba.jpg,দুটি শিশু লাইনে দাঁড়িয়ে আছে,0.5999999988,0.2727272724793388,0.374999995234375,0.374999995234375,0.14285713857142868,0.374999995234375,0,0,0.36363636363636365,0.23076923059171597
5568.png,একটি শিশু হেঁটে যাচ্ছে।,0.49999999875,0.6666666644444444,0.5714285648979592,0.5714285648979592,0.39999999360000005,0.5714285648979592,0,0,0.6153846153846154,0.3999999992
346891387_1219679685581860_7056564485612599010_n.jpg,একজন পুরুষ মাথায় কিছু <unk> করছে।,0.16666666638888888,0.12499999984374999,0.1428571377551022,0.1428571377551022,0.0,0.1428571377551022,0,0,0.3783783783783784,0.07692307686390532
1292.png,একদল লোক একটি <unk> <unk> করছে,0.0,0.0,0.0,0.0,0.0,0.0,0,0,0.18604651162790697,0.0
3593.png,একজন বালক লাফ দিচ্ছে।,0.0,0.0,0.0,0.0,0.0,0.0,0,0,0.42307692307692313,0.0
3286017638_c688c83e3d.jpg,নীল রঙের নির্দিষ্ট পোশাক পরিহিত একজন বালক একটি ফুটবল খেলছে,0.29999999969999996,0.4285714279591837,0.35294117121107266,0.35294117121107266,0.09090908599173579,0.35294117121107266,0,0,0.4418604651162791,0.21428571413265304
506738508_327efdf9c3.jpg,কালো জামা পরে একজন মহিলা মার্শাল আর্ট অনুশীলন করছেন।,0.1111111109876543,0.1111111109876543,0.11111110598765454,0.11111110598765454,0.0,0.11111110598765454,0,0,0.2465753424657534,0.05882352937716263
2796801478_8ebd7e550b.jpg,একজন স্কেটবোর্ডার একটি কৌশল করছে,0.7999999984,0.3999999996,0.5333333281777778,0.5333333281777778,0.15384614934911253,0.39999999502222217,0,0,0.76,0.3636363633057851
2747436384_9470c56cb9.jpg,পাঁচজন মানুষ একটি ঢেউ এর উপর দাঁড়িয়ে আছে,0.37499999953124996,0.3333333329629629,0.3529411710726644,0.3529411710726644,0.16666666152777793,0.3529411710726644,0,0,0.3793103448275862,0.21428571413265304
IMG_2277.JPG,মহিলা টি বসে আছে,0.9999999975,0.9999999975,0.9999999925,0.9999999925,0.9999999916666666,0.9999999925,1,1,1.0,0.9999999975
94232465_a135df2711.jpg,একটি শিশু একটি স্লেজে চড়ছে,0.3999999992,0.18181818165289254,0.249999995390625,0.249999995390625,0.0,0.249999995390625,0,0,0.28205128205128205,0.08333333326388888
465994762_1760e83c5d.jpg,একটি কুকুর একটি লাঠি বহন করে আছে,0.2857142853061225,0.49999999875,0.36363635834710756,0.36363635834710756,0.2222222172839507,0.36363635834710756,0,0,0.45833333333333337,0.24999999968749997
3907.png,তরমুজের স্তূপের উপর একটি প্রাণী রাখে।,0.16666666638888888,0.14285714265306124,0.15384614863905344,0.15384614863905344,0.0,0.15384614863905344,0,0,0.19999999999999996,0.08333333326388888
822836318_21544f0f78.jpg,তুষার <unk> একটি শিশু তুষারের মধ্যে দিয়ে ঢেকে রাখেন,0.2222222219753086,0.49999999875,0.3076923029585799,0.3076923029585799,0.09999999510000022,0.3076923029585799,0,0,0.38888888888888884,0.18181818165289254
2368.png,একজন পুরুষ ও অনেকগুলো নারী বসে আছে।,0.14285714265306124,0.1999999996,0.16666666152777793,0.16666666152777793,0.0,0.16666666152777793,0,0,0.28,0.09090909082644627
899.png,একজন পুরুষ বসে কাজ করছে।,0.1999999996,0.16666666638888888,0.1818181765289258,0.1818181765289258,0.0,0.1818181765289258,0,0,0.28,0.0999999999
7611.png,একজন পুরুষ বসে কাজ করছে।,0.5999999988,0.37499999953124996,0.46153845609467453,0.46153845609467453,0.36363635834710756,0.46153845609467453,0,0,0.5483870967741935,0.37499999953124996
6815.png,একজন পুরুষ ও একজন নারী আছে।,0.33333333277777777,0.6666666644444444,0.44444443901234576,0.44444443901234576,0.0,0.44444443901234576,0,0,0.4285714285714286,0.33333333277777777
2984174290_a915748d77.jpg,একটি লোক পানিতে সার্ফিং করছে,0.5999999988,0.49999999916666665,0.5454545395041324,0.5454545395041324,0.2222222167901236,0.5454545395041324,0,0,0.4347826086956522,0.37499999953124996
2279945145_8815c59217.jpg,একটি কুকুর একটি <unk> নিয়ে খেলা করছে,0.2857142853061225,0.33333333277777777,0.3076923022485208,0.3076923022485208,0.16666666138888903,0.3076923022485208,0,0,0.52,0.1999999998
3637966641_1b108a35ba.jpg,দুজন <unk> বল ধরার জন্য অপেক্ষা করছে এবং তাদের কুকুর এর পাশে দাঁড়িয়ে আছে,0.21428571413265304,0.21428571413265304,0.21428570913265316,0.21428570913265316,0.0,0.21428570913265316,0,0,0.36363636363636365,0.119999999952
107582366_d86f2d3347.jpg,একজন পুরুষ ও একজন পুরুষ ও একজন পুরুষ ও একজন পুরুষ ও একজন পুরুষ ও একজন পুরুষ ও একজন পুরুষ ও একজন পুরুষ ও একজন পুরুষ ও একজন পুরুষ ও একজন পুরুষ ও একজন পুরুষ ও একজন পুরুষ ও একজন,0.0,0.0,0.0,0.0,0.0,0.0,0,0,0.1496598639455783,0.0
8581.png,একজন বালক দাড়িয়ে আছে।,0.249999999375,0.249999999375,0.2499999943750001,0.2499999943750001,0.0,0.2499999943750001,0,0,0.3448275862068966,0.14285714265306124
2045928594_92510c1c2a.jpg,একটি লাল রঙের জ্যাকেট পরা একটি লাল রঙের স্কেটবোর্ড নিয়ে এক লোক একা একা স্কাইয়ার।,0.13333333324444444,0.18181818165289254,0.153846148846154,0.153846148846154,0.0,0.153846148846154,0,0,0.33333333333333337,0.09999999995
2044063458_fcc76a7636.jpg,একটি কালো কুকুর একটি বহু রঙের <unk> <unk>,0.37499999953124996,0.29999999969999996,0.3333333280246914,0.3333333280246914,0.14285713765306143,0.24999999468750006,0,0,0.48275862068965514,0.23076923059171597
2839789830_89668775a4.jpg,একটি কুকুর বল নিয়ে দৌড়াচ্ছে,0.3999999992,0.33333333277777777,0.36363635801652905,0.36363635801652905,0.2222222167901236,0.36363635801652905,0,0,0.4545454545454546,0.2222222219753086
_MG_1856.JPG,রেল স্টেশনে করে একজন লোক দাড়িয়ে আছে রেল লাইনের উপর বসে আছে।,0.08333333326388888,0.1999999996,0.11764705453287211,0.11764705453287211,0.0,0.11764705453287211,0,0,0.34883720930232553,0.06666666662222222
9038.png,পাহাড়ের পাশে কয়েকজন মানুষ আছে।,0.1999999996,0.249999999375,0.2222222167901236,0.2222222167901236,0.0,0.2222222167901236,0,0,0.25,0.12499999984374999
4861.png,একটি শিশু আছে।,0.3333333322222222,0.3333333322222222,0.33333332722222225,0.33333332722222225,0.0,0.33333332722222225,0,0,0.33333333333333337,0.1999999996
2918769188_565dd48060.jpg,একটি ছেলে পানিতে সাঁতার কাটার জন্য পানিতে সাঁতার কাটার জন্য পানিতে সাঁতার কাটার জন্য পানিতে সাঁতার কাটার জন্য পানিতে সাঁতার কাটার জন্য পানিতে সাঁতার কাটার জন্য পানিতে সাঁতার কাটার জন্য পানিতে সাঁতার কাটার জন্য পানিতে সাঁতার কাটার জন্য পানিতে সাঁতার,0.0499999999875,0.24999999968749997,0.08333333052083343,0.08333333052083343,0.0,0.08333333052083343,0,0,0.2215189873417721,0.0999999999
2339.png,দুইটি শিশু আছে।,0.3333333322222222,0.1999999996,0.24999999468750006,0.24999999468750006,0.0,0.24999999468750006,0,0,0.26315789473684215,0.14285714265306124
535309053_ec737abde8.jpg,একটি আবর্জনার <unk> নৌকা পার্ক করে ছাতার নিচে <unk>,0.3333333329629629,0.49999999916666665,0.3999999946666667,0.3999999946666667,0.0,0.2666666615111111,0,0,0.37142857142857144,0.1999999998
3153067758_53f003b1df.jpg,একটি পাখির ভাঙা <unk> রাইড চড়ছেন,0.33333333277777777,0.2857142853061225,0.3076923022485208,0.3076923022485208,0.0,0.3076923022485208,0,0,0.3125,0.18181818165289254
3518126579_e70e0cbb2b.jpg,একটি ছেলে রাস্তায় <unk> করছে।,0.1999999996,0.0999999999,0.13333332871111125,0.13333332871111125,0.0,0.13333332871111125,0,0,0.34782608695652173,0.07142857137755101
6881.png,একজন লোক সাইকেল চালাচ্ছে,0.49999999875,0.49999999875,0.4999999937500001,0.4999999937500001,0.0,0.4999999937500001,0,0,0.7894736842105263,0.33333333277777777
8282.png,একজন নারী আছে।,0.3333333322222222,0.3333333322222222,0.33333332722222225,0.33333332722222225,0.0,0.33333332722222225,0,0,0.6,0.1999999996
3363750526_efcedc47a9.jpg,একটি কুকুর বালিতে চলছে,0.7499999981250001,0.37499999953124996,0.49999999472222234,0.49999999472222234,0.39999999500000005,0.49999999472222234,0,0,0.6875,0.3333333329629629
3110649716_c17e14670e.jpg,কিছু লোক একটি ছেলেকে নিয়ে হাঁটছে,0.33333333277777777,0.18181818165289254,0.2352941128027682,0.2352941128027682,0.0,0.12499999515625017,0,0,0.3666666666666667,0.13333333324444444
6397.png,দুইজন মানুষ আছে।,0.6666666644444444,0.6666666644444444,0.6666666594444445,0.6666666594444445,0.4999999925000001,0.6666666594444445,0,0,0.8181818181818181,0.49999999875
4639.png,লোকেরা পানির কাছে <unk> কাছে ধরেছে ।,0.0,0.0,0.0,0.0,0.0,0.0,0,0,0.2857142857142857,0.0
3362805914_72f60ee8cb.jpg,একটি ছোট মেয়ে ঘাসের মধ্যে <unk> পাইপ,0.4285714279591837,0.49999999916666665,0.4615384558579882,0.4615384558579882,0.2857142804081633,0.4615384558579882,0,0,0.48,0.29999999969999996
3247423890_163f00a2cb.jpg,একজন লোক একটি বল নিয়ে দাড়িয়ে আছে যারা বল নিয়ে দাড়িয়ে আছে যারা বল নিয়ে দাড়িয়ে আছে যারা বল নিয়ে দাড়িয়ে আছে যারা বল নিয়ে দাড়িয়ে আছে যারা বল নিয়ে দাড়িয়ে আছে যারা বল নিয়ে দাড়িয়ে আছে যারা বল নিয়ে,0.099999999975,0.4444444439506172,0.1632653030570596,0.1632653030570596,0.0851063801177004,0.1632653030570596,0,0,0.1937984496124031,0.30769230745562126
1150.png,কয়েকজন নারী আছে।,0.6666666644444444,0.2857142853061225,0.39999999500000005,0.39999999500000005,0.0,0.39999999500000005,0,0,0.31999999999999995,0.24999999968749997
7640.png,একটি শিশু আছে।,0.9999999966666667,0.37499999953124996,0.5454545404958677,0.5454545404958677,0.22222221827160496,0.36363635900826446,0,0,0.3076923076923077,0.4285714279591837
2414986483_004936f84b.jpg,একটি মেয়ে রাস্তায় দাঁড়িয়ে আছে,0.3999999992,0.2857142853061225,0.33333332791666676,0.33333332791666676,0.0,0.33333332791666676,0,0,0.375,0.1999999998
3109704348_c6416244ce.jpg,একটি সাদা ও সাদা ও সাদা ও সাদা ও সাদা ও সাদা ও সাদা ও সাদা ও সাদা ও সাদা ও সাদা ও সাদা ও সাদা ও সাদা ও সাদা ও সাদা ও সাদা ও সাদা ও সাদা ও সাদা,0.02499999999375,0.16666666638888888,0.04347825858223074,0.04347825858223074,0.0,0.04347825858223074,0,0,0.12871287128712872,0.12499999984374999
7604.png,সমুদ্রের পারে একজন মানুষ আছে।,0.3999999992,0.6666666644444444,0.49999999406250006,0.49999999406250006,0.33333332777777785,0.49999999406250006,0,0,0.5,0.33333333277777777
4322.png,রাস্তা দিয়ে রিক্সা যাচ্ছে।,0.0,0.0,0.0,0.0,0.0,0.0,0,0,0.42105263157894735,0.0
3690431163_1d81e19549.jpg,দুইজন বয়স্ক পুরুষ,0.0,0.0,0.0,0.0,0.0,0.0,0,0,0.1707317073170732,0.0
IMG_9585.JPG,সাদা কাথা সেলাই আইটেম রাখা আছে,0.33333333277777777,0.3999999992,0.36363635801652905,0.36363635801652905,0.2222222167901236,0.36363635801652905,0,0,0.44999999999999996,0.2222222219753086
7387.png,রাস্তা দিয়ে সাইকেলে করে একজন পুরুষ যার মাঝে একজন পুরুষ যার পাশে একজন পুরুষ যার মাঝে একজন পুরুষ যার পাশে একজন পুরুষ যার মাঝে একজন পুরুষ যার পাশে একজন পুরুষ যার মাঝে একজন পুরুষ যার পাশে একজন পুরুষ যার মাঝে,0.02499999999375,0.1111111109876543,0.04081632351520222,0.04081632351520222,0.0,0.04081632351520222,0,0,0.1476510067114094,0.0624999999609375
8836.png,একটি নৌকায় তিনজন মানুষ আছে।,0.5999999988,0.4285714279591837,0.4999999943055557,0.4999999943055557,0.1999999948000001,0.4999999943055557,0,0,0.6153846153846154,0.3333333329629629
3170110692_d1e0e66cee.jpg,একটি নকল চোখ নিবদ্ধ,0.49999999875,0.2222222219753086,0.3076923029585799,0.3076923029585799,0.0,0.3076923029585799,0,0,0.3142857142857143,0.18181818165289254
8365.png,একজন বৃদ্ধ পুরুষ বসে আছে।,0.5999999988,0.7499999981250001,0.6666666602469137,0.6666666602469137,0.5714285648979592,0.6666666602469137,0,0,0.6666666666666667,0.49999999916666665
3316.png,কয়েকজন মানুষ আছে।,0.6666666644444444,0.33333333277777777,0.44444443901234576,0.44444443901234576,0.0,0.44444443901234576,0,0,0.4545454545454546,0.2857142853061225
4429.png,একজন বয়স্ক নারী আছে।,0.249999999375,0.1999999996,0.2222222167901236,0.2222222167901236,0.0,0.2222222167901236,0,0,0.33333333333333337,0.12499999984374999
7075.png,একটি নৌকায় মানুষ আছে।,0.9999999975,0.3999999996,0.5714285665306122,0.5714285665306122,0.3333333290277778,0.5714285665306122,0,0,0.35,0.49999999937499995
2615.png,একটি ছোট মেয়ে হাঁসি মুখে দাঁড়িয়ে আছে।,0.14285714265306124,0.14285714265306124,0.14285713765306143,0.14285713765306143,0.0,0.14285713765306143,0,0,0.37037037037037035,0.07692307686390532
7363.png,একটি লোক একটি <unk> বিক্রি করছেন এবং পিছনে আরেকজন লোক বসে আছে।,0.16666666652777776,0.33333333277777777,0.22222221753086427,0.22222221753086427,0.0,0.22222221753086427,0,0,0.15555555555555556,0.15384615372781063
2315418282_80bd0bb1c0.jpg,একটি সাদা কুকুর বরফে বসে আছে,0.49999999916666665,0.29999999969999996,0.37499999484375,0.37499999484375,0.2857142807142858,0.37499999484375,0,0,0.4473684210526315,0.23076923059171597
2522540026_6ee8ab4c6a.jpg,একটি সাদা রঙের একটি নীল রঙের অগ্নি নির্বাপণকারী পানি পান করছে।,0.2727272724793388,0.29999999969999996,0.28571428045351477,0.28571428045351477,0.10526315279778417,0.19047618530612256,0,0,0.37209302325581395,0.1874999998828125
644.png,লোক টি নীল রঙের,0.0,0.0,0.0,0.0,0.0,0.0,0,0,0.19999999999999996,0.0
642987597_03b21a1437.jpg,একটি ছোট ছেলে একটি বড় কাঠের পুরানো কাঠের <unk> থেকে একটি বড় কাঠের পুরানো কাঠের <unk> থেকে একটি বড় কাঠের পুরানো কাঠের <unk> থেকে একটি বড় কাঠের পুরানো কাঠের <unk> থেকে একটি বড় কাঠের পুরানো কাঠের <unk> থেকে একটি বড়,0.02499999999375,0.3333333322222222,0.04651162658734455,0.04651162658734455,0.0,0.04651162658734455,0,0,0.09589041095890416,0.0999999999
3399798295_a452963365.jpg,একটি মেয়ে এবং ক্যামেরার বিপরীতে ছবি তুলছে,0.14285714265306124,0.16666666638888888,0.15384614863905344,0.15384614863905344,0.0,0.15384614863905344,0,0,0.38888888888888884,0.08333333326388888
6472.png,একটি শিশু একটি পুরনো লাঠি নিয়ে দাড়িয়ে আছে যার পাশে একটি শিশু আছে।,0.23076923059171597,0.49999999916666665,0.31578946903047095,0.31578946903047095,0.0,0.31578946903047095,0,0,0.2790697674418605,0.23076923059171597
374567836_3ae12ecffb.jpg,একটি কুকুর মুখে একটি লাঠি নিয়ে খেলছে।,0.2857142853061225,0.49999999875,0.36363635834710756,0.36363635834710756,0.2222222172839507,0.36363635834710756,0,0,0.45833333333333337,0.24999999968749997
583087629_a09334e1fb.jpg,একটি ছোট ছেলে দৌড়াচ্ছে,0.49999999875,0.2222222219753086,0.3076923029585799,0.3076923029585799,0.0,0.1818181768595043,0,0,0.4347826086956522,0.18181818165289254
2679926555_b11cf45595.jpg,একটি ছোট্ট মেয়ে তার লাল রঙের চাকতি ঘুরিয়ে পৌঁছেছে।,0.2222222219753086,0.2857142853061225,0.24999999476562512,0.24999999476562512,0.11764705370242234,0.24999999476562512,0,0,0.36363636363636365,0.14285714275510203
1620.png,একজন পুরুষ একটি শিশু কোলে নিয়ে দাঁড়িয়ে আছে।,0.49999999937499995,0.28571428551020406,0.36363635867768596,0.36363635867768596,0.0999999953500002,0.2727272678512397,0,0,0.3571428571428571,0.2222222220987654
3937.png,একটি নৌকায় কয়েকজন মানুষ আছে।,0.1999999996,0.249999999375,0.2222222167901236,0.2222222167901236,0.0,0.2222222167901236,0,0,0.30000000000000004,0.12499999984374999
3063544435_10516c6937.jpg,একজন লোক পানির উপরে পরিস্কার করছেন,0.16666666638888888,0.16666666638888888,0.16666666138888903,0.16666666138888903,0.0,0.16666666138888903,0,0,0.3846153846153846,0.09090909082644627
3352871762_c9e88592d3.jpg,দুই মহিলা এবং একটি নীল এবং গগলস পরা এবং একজন মহিলা ক্যামেরার জন্য হাসছেন।,0.3571428568877551,0.249999999875,0.2941176420415226,0.2941176420415226,0.09523809043083924,0.28571428051020414,0,0,0.4444444444444444,0.20833333324652778
7586.png,বাসের ভেতর এক মহিলা জানালার সামনে বসে ছবি তুলছে।,0.0,0.0,0.0,0.0,0.0,0.0,0,0,0.34615384615384615,0.0
58.png,একজন নারী বসে আছে।,0.49999999875,0.24999999968749997,0.33333332833333335,0.33333332833333335,0.0,0.16666666194444454,0,0,0.23333333333333328,0.1999999998
2709648336_15455e60b2.jpg,একটি কুকুর একটি <unk>,0.7499999981250001,0.4285714279591837,0.5454545398347109,0.5454545398347109,0.24999999468750006,0.5454545398347109,0,0,0.4285714285714286,0.2857142853061225
2319197581_94f807b204.jpg,সাদা <unk> সাদা কুকুর কিছুটা বরফে ঢাকা পাহাড়ের কিনারায়,0.3333333329629629,0.5999999988,0.42857142336734694,0.42857142336734694,0.16666666194444454,0.42857142336734694,0,0,0.38235294117647056,0.29999999969999996
3144705706_391d7b77c7.jpg,দুটি শিশু তুষারের মধ্যে খেলছে,0.3999999992,0.2857142853061225,0.33333332791666676,0.33333332791666676,0.0,0.33333332791666676,0,0,0.5,0.2222222219753086
3717845800_ab45e255b8.jpg,একটি <unk> <unk> থাকা একটি বলের পেছনে যান,0.12499999984374999,0.14285714265306124,0.13333332817777796,0.13333332817777796,0.0,0.13333332817777796,0,0,0.28260869565217395,0.08333333326388888
2208310655_a3d83080c5.jpg,একটি ছোট মেয়ে এবং একজন মহিলা ছবি তুলছে,0.24999999968749997,0.15384615372781063,0.1904761855782314,0.1904761855782314,0.0,0.1904761855782314,0,0,0.34285714285714286,0.1111111110493827
3405942945_f4af2934a6.jpg,একটি শিশু একটি রাস্তা দিয়ে চলেছে।,0.16666666638888888,0.16666666638888888,0.16666666138888903,0.16666666138888903,0.0,0.16666666138888903,0,0,0.4444444444444444,0.0999999999
2960759328_2d31e4af9b.jpg,কুকুরের দৌড় প্রতিযোগিতা অনুষ্ঠিত হচ্ছে,0.0,0.0,0.0,0.0,0.0,0.0,0,0,0.25,0.0
3273625566_2454f1556b.jpg,কুকুরের দৌড় প্রতিযোগিতা অনুষ্ঠিত হচ্ছে,0.9999999980000001,0.9999999980000001,0.9999999930000001,0.9999999930000001,0.9999999925,0.9999999930000001,1,1,1.0,0.9999999980000001
1504.png,কয়েকজন মানুষ তা দেখছে।,0.49999999875,0.13333333324444444,0.21052631224376733,0.21052631224376733,0.0,0.21052631224376733,0,0,0.22807017543859653,0.124999999921875
240696675_7d05193aa0.jpg,ঘাসের পাশে ঘাসের মাঠে একটি কুকুর ঘুরে বেড়াচ্ছে,0.37499999953124996,0.49999999916666665,0.4285714230612245,0.4285714230612245,0.16666666152777793,0.4285714230612245,0,0,0.5862068965517242,0.29999999969999996
3496983524_b21ecdb0c7.jpg,একটি শিশু আছে।,0.3333333322222222,0.249999999375,0.28571428000000004,0.28571428000000004,0.0,0.28571428000000004,0,0,0.46153846153846156,0.16666666638888888
283.png,একজন পুরুষ চাদর পরা পুরুষ আবর্জনার <unk>,0.2857142853061225,0.09090909086776859,0.1379310307253271,0.1379310307253271,0.0,0.1379310307253271,0,0,0.2666666666666667,0.079999999968
2922.png,একজন মানুষ পতাকা নিয়ে যাচ্ছে।,0.5999999988,0.37499999953124996,0.46153845609467453,0.46153845609467453,0.1818181768595043,0.46153845609467453,0,0,0.48275862068965514,0.29999999969999996
3453313865_1ebff5393c.jpg,রাস্তার পাশে এক বাচ্চা দৌড়াচ্ছে,0.1999999996,0.12499999984374999,0.15384614887573977,0.15384614887573977,0.0,0.15384614887573977,0,0,0.33333333333333337,0.08333333326388888
3537400880_8f410d747d.jpg,একটি মেয়ে একটি <unk> লাফ দিচ্ছে,0.33333333277777777,0.33333333277777777,0.3333333277777778,0.3333333277777778,0.19999999460000012,0.3333333277777778,0,0,0.4444444444444444,0.2222222219753086
1335.png,কয়েকজন লোক একসাথে দাঁড়িয়ে আছে।,0.1999999996,0.14285714265306124,0.16666666152777793,0.16666666152777793,0.0,0.16666666152777793,0,0,0.3846153846153846,0.09090909082644627
3793.png,একটি নৌকায় একজন মহিলা বসে আছে।,0.16666666638888888,0.12499999984374999,0.1428571377551022,0.1428571377551022,0.0,0.1428571377551022,0,0,0.25806451612903225,0.08333333326388888
inbound4643021152316756623.jpg,কয়েকজন মানুষ আছে।,0.3333333322222222,0.1999999996,0.24999999468750006,0.24999999468750006,0.0,0.24999999468750006,0,0,0.2142857142857143,0.14285714265306124
inbound414927263478164719.jpg,একটি পাখি আছে।,0.6666666644444444,0.18181818165289254,0.2857142819387755,0.2857142819387755,0.0,0.2857142819387755,0,0,0.23529411764705888,0.18181818165289254
1330.png,একটি গাছের সারি আর তার পেছনে গাছ আছে।,0.12499999984374999,0.249999999375,0.16666666194444454,0.16666666194444454,0.0,0.16666666194444454,0,0,0.36363636363636365,0.09090909082644627
709.png,একজন নারী আছে।,0.0,0.0,0.0,0.0,0.0,0.0,0,0,0.23809523809523814,0.0
6146.png,কয়েকজন মানুষ কাজ করছেন।,0.49999999875,0.33333333277777777,0.3999999944,0.3999999944,0.24999999468750006,0.3999999944,0,0,0.4,0.24999999968749997
1136.png,একজন বয়স্ক পুরুষ দাড়িয়ে আছে।,0.7999999984,0.3636363633057851,0.499999995078125,0.499999995078125,0.14285713857142868,0.499999995078125,0,0,0.36585365853658536,0.3999999996
3220151692_d398ef9779.jpg,একটি ছেলে একটি ফুটবল খেলছে,0.1999999996,0.14285714265306124,0.16666666152777793,0.16666666152777793,0.0,0.16666666152777793,0,0,0.33333333333333337,0.0999999999
3845.png,কিছু মানুষ কবরে বসে আছে এবং পাশে একজন মহিলা বসে কাজ করছে।,0.24999999979166665,0.24999999979166665,0.24999999479166674,0.24999999479166674,0.0,0.16666666152777793,0,0,0.31818181818181823,0.11764705875432525
3901.png,একটি <unk> <unk> <unk> <unk> <unk> <unk> <unk> <unk> <unk> <unk> <unk> <unk> <unk> <unk> <unk> <unk> <unk> <unk> <unk> <unk> <unk> <unk> <unk> <unk> <unk> <unk> <unk> <unk> <unk> <unk> <unk> <unk> <unk> <unk> <unk> <unk> <unk> <unk> <unk>,0.02499999999375,0.12499999984374999,0.04166666387152797,0.04166666387152797,0.0,0.04166666387152797,0,0,0.06289308176100628,0.1111111109876543
1714316707_8bbaa2a2ba.jpg,একটি শিশু দাড়িয়ে আছে।,0.49999999875,0.15384615372781063,0.2352941137716263,0.2352941137716263,0.1333333299555556,0.2352941137716263,0,0,0.33333333333333337,0.15384615372781063
3271252073_0a1b9525fc.jpg,একটি <unk> পোশাকে একদল লোক দাঁড়িয়ে আছে,0.2857142853061225,0.2222222219753086,0.24999999476562512,0.24999999476562512,0.0,0.24999999476562512,0,0,0.3529411764705882,0.14285714275510203
8068.png,একজন নারী দাড়িয়ে আছে।,0.7499999981250001,0.4285714279591837,0.5454545398347109,0.5454545398347109,0.2222222172839507,0.5454545398347109,0,0,0.5217391304347826,0.37499999953124996
2192131110_8a40e7c028.jpg,একজন লোক দড়ির সাহায্যে বাতাসে ভাসছে,0.33333333277777777,0.3999999992,0.36363635801652905,0.36363635801652905,0.2222222167901236,0.36363635801652905,0,0,0.5416666666666667,0.2222222219753086
6382.png,একটি মেয়ে সরিষা ক্ষেতের মধ্যে গাছের সামনে দাড়িয়ে আছে।,0.2222222219753086,0.18181818165289254,0.19999999485000008,0.19999999485000008,0.0,0.19999999485000008,0,0,0.3783783783783784,0.1111111110493827
2257798999_d9d1b9a45a.jpg,একটি কুকুর ঘাসে খেলছে,0.7499999981250001,0.5999999988,0.6666666602469137,0.6666666602469137,0.28571428000000004,0.6666666602469137,0,0,0.7058823529411764,0.49999999916666665
1954.png,সমুদ্রের পারে কয়েকজন মানুষ আছে।,0.1999999996,0.16666666638888888,0.1818181765289258,0.1818181765289258,0.0,0.1818181765289258,0,0,0.4285714285714286,0.0999999999
2903617548_d3e38d7f88.jpg,একটি ছোট্ট মেয়ে একটি ফুটবলের সাথে খেলছে,0.2857142853061225,0.2222222219753086,0.24999999476562512,0.24999999476562512,0.0,0.24999999476562512,0,0,0.5,0.15384615372781063
3592.png,একজন পুরুষ মাছ ধরছে।,0.249999999375,0.12499999984374999,0.16666666194444454,0.16666666194444454,0.0,0.16666666194444454,0,0,0.30000000000000004,0.09090909082644627
6084.png,পানিতে একজন গোসল করছে।,0.49999999875,0.49999999875,0.4999999937500001,0.4999999937500001,0.33333332722222225,0.4999999937500001,0,0,0.6875,0.33333333277777777
8155.png,একজন ছোট ছেলে মাথায় ঝুড়ি নিয়ে যাচ্ছে।,0.14285714265306124,0.16666666638888888,0.15384614863905344,0.15384614863905344,0.0,0.15384614863905344,0,0,0.45833333333333337,0.08333333326388888
7256.png,কয়েকজন মানুষ আছে।,0.6666666644444444,0.3999999992,0.49999999406250006,0.49999999406250006,0.33333332777777785,0.49999999406250006,0,0,0.5789473684210527,0.33333333277777777
6194.png,একটি ছেলে চেয়ে আছে।,0.49999999875,0.24999999968749997,0.33333332833333335,0.33333332833333335,0.0,0.33333332833333335,0,0,0.6,0.1999999998
3370085095_6abbb67c1d.jpg,এক বৃদ্ধ লোকের কাছ থেকে দেখাচ্ছে,0.16666666638888888,0.12499999984374999,0.1428571377551022,0.1428571377551022,0.0,0.1428571377551022,0,0,0.33333333333333337,0.07692307686390532
ob_1718260802.jpg,সামনে চারটি শিশু আছে।,0.0,0.0,0.0,0.0,0.0,0.0,0,0,0.3529411764705882,0.0
2603334363_cfa32c4482.jpg,তিনটি শিশু একটি ট্রাইসাইকেল চালাচ্ছে ।,0.49999999916666665,0.37499999953124996,0.4285714230612245,0.4285714230612245,0.33333332791666676,0.4285714230612245,0,0,0.5405405405405406,0.29999999969999996
3675825945_96b2916959.jpg,একজন স্কেট বোর্ডার কলা কৌশল দেখাচ্ছে আর আরেকজন পুরুষ আছে।,0.0999999999,0.1111111109876543,0.10526315279778417,0.10526315279778417,0.0,0.10526315279778417,0,0,0.4347826086956522,0.0624999999609375
3025315215_a5d367971a.jpg,একটি কালো কুকুর খেলনার প্লাস্টিক এর উপর শুয়ে আছে,0.3333333329629629,0.3333333329629629,0.333333327962963,0.333333327962963,0.24999999468750006,0.333333327962963,0,0,0.47058823529411764,0.21428571413265304
4344.png,একজন পুরুষ একজন পুরুষ মানুষ।,0.3999999992,0.33333333277777777,0.36363635801652905,0.36363635801652905,0.2222222167901236,0.36363635801652905,0,0,0.47619047619047616,0.2857142853061225
3552.png,আগুনের শিখার আগুন জ্বলছে,0.0,0.0,0.0,0.0,0.0,0.0,0,0,0.33333333333333337,0.0
3707.png,একটি বিজ্ঞাপনের পাশের লোকটি বাইরে দাঁড়িয়ে আছে।,0.0,0.0,0.0,0.0,0.0,0.0,0,0,0.3793103448275862,0.0
319847643_df7c2a1d25.jpg,একটি শিশু একটি বড় বড় মাথা নিচে নেমে ভিজছে,0.2222222219753086,0.24999999968749997,0.23529411238754333,0.23529411238754333,0.0,0.23529411238754333,0,0,0.4482758620689655,0.14285714275510203
2822891602_ff61df2ece.jpg,একটি শিশু পানিতে গড়িয়ে পানির নিচে সাঁতার কাটছে,0.6249999992187499,0.49999999949999996,0.5555555500000001,0.5555555500000001,0.374999994609375,0.5555555500000001,0,0,0.5675675675675675,0.3846153843195266
1318.png,একজন মহিলা একটি শান্তির প্রতীক তৈরি করছে,0.2857142853061225,0.2857142853061225,0.28571428030612256,0.28571428030612256,0.0,0.28571428030612256,0,0,0.5517241379310345,0.16666666652777776
1747.png,একটি শিশু তাকিয়ে আছে।,0.49999999875,0.49999999875,0.4999999937500001,0.4999999937500001,0.0,0.4999999937500001,0,0,0.46153846153846156,0.33333333277777777
3296150666_aae2f64348.jpg,একটি ছেলে ময়লা বৃষ্টির মধ্যে দিয়ে লাফ দিচ্ছে,0.24999999968749997,0.3999999992,0.3076923024852071,0.3076923024852071,0.0,0.3076923024852071,0,0,0.4545454545454546,0.18181818165289254
_MG_2334.JPG,একটা লোক বসে আছে,0.9999999975,0.9999999975,0.9999999925,0.9999999925,0.9999999916666666,0.9999999925,1,1,1.0,0.9999999975
3325974730_3ee192e4ff.jpg,একজন লোক তার স্নোবোর্ড দিয়ে রীতিমতো হাওয়ায় ভাসছে,0.24999999968749997,0.2222222219753086,0.23529411238754333,0.23529411238754333,0.13333332817777796,0.23529411238754333,0,0,0.42500000000000004,0.13333333324444444
4139.png,একটি চলন্ত একটি রেল লাইন ধরে দাড়িয়ে আছে ও দুইজন পুরুষ মানুষ।,0.08333333326388888,0.16666666638888888,0.11111110654321005,0.11111110654321005,0.0,0.11111110654321005,0,0,0.31818181818181823,0.0624999999609375
3154693053_cfcd05c226.jpg,একজন লোক বাস্কেটবল খেলছে,0.49999999875,0.6666666644444444,0.5714285648979592,0.5714285648979592,0.0,0.5714285648979592,0,0,0.7222222222222222,0.3999999992
2147.png,একজন নারী তাকিয়ে আছে একজন পুরুষ।,0.16666666638888888,0.07692307686390532,0.10526315346260404,0.10526315346260404,0.0,0.10526315346260404,0,0,0.26086956521739135,0.05882352937716263
3721799573_2f470950e0.jpg,একজন মহিলা এবং ক্যামেরার দিকে তাকিয়ে হাসছে,0.2857142853061225,0.3999999992,0.33333332791666676,0.33333332791666676,0.0,0.33333332791666676,0,0,0.6071428571428572,0.1999999998
_MG_1776.JPG,একটি ট্রেন এর একটা ট্রেন আছে যার পিছনে ট্রেন যাচ্ছে,0.1999999998,0.6666666644444444,0.3076923036686391,0.3076923036686391,0.1818181785123967,0.3076923036686391,0,0,0.33333333333333337,0.2222222219753086
1032460886.jpg,অতি উচ্চ <unk> দালানের সামনে দাঁড়িয়ে এক লোক,0.49999999937499995,0.49999999937499995,0.49999999437500003,0.49999999437500003,0.14285713765306143,0.37499999453125,0,0,0.4,0.3333333330555555
3726076549_0efb38854b.jpg,একজন লোক তার সাইকেলটি লাফিয়ে।,0.5999999988,0.1764705881314879,0.27272726896694216,0.27272726896694216,0.0999999967000001,0.27272726896694216,0,0,0.4,0.1874999998828125
743571049_68080e8751.jpg,একটি শিশু একটি <unk>,0.7499999981250001,0.3333333329629629,0.4615384565680474,0.4615384565680474,0.2222222172839507,0.4615384565680474,0,0,0.4285714285714286,0.24999999968749997
2951750234_a4741f708b.jpg,একটি কালো কুকুর প্রতিযোগিতায় দৌড়াচ্ছে,0.3999999992,0.15384615372781063,0.22222221796296296,0.22222221796296296,0.0,0.14285713806122466,0,0,0.30434782608695654,0.124999999921875
4345.png,একটা বাচ্চা ছেলে মানুষ।,0.0,0.0,0.0,0.0,0.0,0.0,0,0,0.3571428571428571,0.0
6721.png,একজন নগ্ন একটা ছোট ছেলে টায়ারের ভিতর থেকে একজন মানুষ আছে।,0.18181818165289254,0.3999999992,0.249999995390625,0.249999995390625,0.14285713857142868,0.249999995390625,0,0,0.30952380952380953,0.15384615372781063
3700.png,একজন শারি পরা পুরুষ বসে কাজ করছে।,0.571428570612245,0.6666666655555555,0.6153846094674558,0.6153846094674558,0.36363635801652905,0.6153846094674558,0,0,0.7083333333333333,0.4444444439506172
156.png,একটি পার্কে একটি ছেলে একটি <unk> একটি <unk> <unk> <unk>,0.1999999998,0.11764705875432525,0.14814814337448576,0.14814814337448576,0.0,0.14814814337448576,0,0,0.2931034482758621,0.05263157891966759
7027.png,একটি পাতাল ট্রেনের ট্রেনের ট্রেনের সামনে দিয়ে হেঁটে যাচ্ছে।,0.1111111109876543,0.16666666638888888,0.13333332835555572,0.13333332835555572,0.0,0.13333332835555572,0,0,0.3055555555555556,0.08333333326388888
2265367960_7928c5642f.jpg,একটি ছেলে একটি <unk> <unk> বসে আছে,0.2857142853061225,0.33333333277777777,0.3076923022485208,0.3076923022485208,0.0,0.3076923022485208,0,0,0.45833333333333337,0.2222222219753086
2910.png,একজন মহিলা একটি ঝর্ণা থেকে পানি থেকে পানিতে ঝাঁপ দিচ্ছে।,0.29999999969999996,0.5999999988,0.39999999502222217,0.39999999502222217,0.0,0.39999999502222217,0,0,0.4444444444444444,0.2727272724793388
5941.png,পানিতে একজন মানুষ আছে।,0.7499999981250001,0.37499999953124996,0.49999999472222234,0.49999999472222234,0.0,0.37499999578125004,0,0,0.27586206896551724,0.3333333329629629
2377.png,একজন পুরুষ মঞ্চে দাঁড়িয়ে আছে।,0.3999999992,0.1999999998,0.2666666618666667,0.2666666618666667,0.15384614934911253,0.2666666618666667,0,0,0.36111111111111116,0.15384615372781063
4836.png,কয়েকজন পুরুষ গোছল করছে।,0.49999999875,0.33333333277777777,0.3999999944,0.3999999944,0.24999999468750006,0.3999999944,0,0,0.5769230769230769,0.24999999968749997
3099504809_565e17e49d.jpg,একজন লোক পাহাড়ে উঠছে।,0.249999999375,0.16666666638888888,0.1999999948000001,0.1999999948000001,0.0,0.1999999948000001,0,0,0.4,0.12499999984374999
5685.png,একজন নারী আছে।,0.3333333322222222,0.1999999996,0.24999999468750006,0.24999999468750006,0.0,0.24999999468750006,0,0,0.25,0.14285714265306124
632251903_b36701a5e9.jpg,এক ছোট বালক অগভীর জলের পুকুরে লাফ দিচ্ছে,0.37499999953124996,0.37499999953124996,0.37499999453125,0.37499999453125,0.14285713765306143,0.37499999453125,0,0,0.4137931034482759,0.23076923059171597
5966.png,একজন নারী উপরের দিকে হাতে ফুল নিয়ে দাড়িয়ে আছে।,0.3333333329629629,0.4285714279591837,0.374999994609375,0.374999994609375,0.1428571377551022,0.374999994609375,0,0,0.4193548387096774,0.23076923059171597
535399240_0714a6e950.jpg,একটি ছোট মেয়ে একটি বার ধরে,0.33333333277777777,0.18181818165289254,0.2352941128027682,0.2352941128027682,0.0,0.2352941128027682,0,0,0.34285714285714286,0.07692307686390532
7129.png,একটি নৌকা আছে।,0.6666666644444444,0.3999999992,0.49999999406250006,0.49999999406250006,0.33333332777777785,0.49999999406250006,0,0,0.4,0.33333333277777777
3417662443_2eaea88977.jpg,একজন পুরুষ ও একজন পুরুষ তাকিয়ে আছে।,0.14285714265306124,0.12499999984374999,0.13333332817777796,0.13333332817777796,0.0,0.13333332817777796,0,0,0.3870967741935484,0.08333333326388888
2251992614_0c601fae2c.jpg,কালো রঙের জামা এবং কালো রঙের জামা এবং কালো রঙের জামা এবং কালো রঙের জামা এবং কালো রঙের জামা এবং কালো রঙের জামা এবং কালো রঙের জামা এবং কালো রঙের জামা এবং কালো রঙের জামা এবং কালো রঙের জামা এবং,0.0,0.0,0.0,0.0,0.0,0.0,0,0,0.18604651162790697,0.0
3458.png,একজন পুরুষ রাস্তা দিয়ে বৃষ্টির মাঝে রাস্তা দিয়ে রাস্তা দিয়ে রাস্তা দিয়ে রাস্তা দিয়ে রাস্তা দিয়ে রাস্তা দিয়ে রাস্তা দিয়ে রাস্তা দিয়ে রাস্তা দিয়ে রাস্তা দিয়ে রাস্তা দিয়ে রাস্তা দিয়ে রাস্তা দিয়ে রাস্তা দিয়ে রাস্তা দিয়ে রাস্তা দিয়ে রাস্তা দিয়ে,0.099999999975,0.28571428551020406,0.14814814425240067,0.14814814425240067,0.0769230731434913,0.07407407020576152,0,0,0.21126760563380287,0.24999999984375
3122888809_9ae9b4b9b2.jpg,একটি কালো কুকুর একটি কালো কুকুর দৌড়ে বেড়াচ্ছে,0.6249999992187499,0.41666666631944443,0.4999999947,0.4999999947,0.22222221722222232,0.4999999947,0,0,0.5111111111111111,0.2727272724793388
3644.png,তিনজন পুরুষ পাশাপাশি দাড়িয়ে আছে।,0.3999999992,0.24999999968749997,0.3076923024852071,0.3076923024852071,0.1818181768595043,0.3076923024852071,0,0,0.56,0.1999999998
5791.png,একটা লোক নীল শার্ট পরে দাড়িয়ে আছে কিছু বাদ্যযন্ত্র <unk>,0.0,0.0,0.0,0.0,0.0,0.0,0,0,0.3125,0.0
2130.png,একজন লোক একটি <unk>,0.249999999375,0.07142857137755101,0.1111111075308643,0.1111111075308643,0.0,0.1111111075308643,0,0,0.25,0.05882352937716263
3526150930_580908dab6.jpg,গোলাপি রঙের জামা পরিহিত দুইটি শিশু একটি ফুল ধরে আছে,0.1999999998,0.11764705875432525,0.14814814337448576,0.14814814337448576,0.0,0.14814814337448576,0,0,0.34285714285714286,0.08695652170132324
2765029348_667111fc30.jpg,একজন লোক তার সাইকেলটি লাফিয়ে।,0.3999999992,0.24999999968749997,0.3076923024852071,0.3076923024852071,0.1818181768595043,0.3076923024852071,0,0,0.4444444444444444,0.18181818165289254
128404184.jpg,একটি শিশু একটি ছোট বাচ্চার কাছে দাঁড়িয়ে আছে।,0.24999999968749997,0.16666666652777776,0.1999999950000001,0.1999999950000001,0.0,0.1904761855782314,0,0,0.38636363636363635,0.124999999921875
5655.png,একটি <unk> সাথে পানিতে জাল থেকে পানিতে জাল ফেলে মাছ ধরছে।,0.18181818165289254,0.1111111110493827,0.13793102967895376,0.13793102967895376,0.0,0.13793102967895376,0,0,0.2941176470588235,0.08695652170132324
3362592729_893e26b806.jpg,কালো রঙের পোশাক পরা এক লোক একটি <unk> <unk> <unk> <unk> <unk> <unk> <unk> <unk> <unk> <unk> <unk> <unk> <unk> <unk> <unk> <unk> <unk> <unk> <unk> <unk> <unk> <unk> <unk> <unk> <unk> <unk> <unk> <unk> <unk> <unk> <unk> <unk> <unk>,0.0499999999875,0.2222222219753086,0.08163265002915464,0.08163265002915464,0.04081632326530638,0.08163265002915464,0,0,0.10967741935483866,0.13333333324444444
2494.png,একটি শিশু হেঁটে যাচ্ছে।,0.0,0.0,0.0,0.0,0.0,0.0,0,0,0.15555555555555556,0.0
8247.png,রেললাইনের উপর দাঁড়িয়ে আছে,0.0,0.0,0.0,0.0,0.0,0.0,0,0,0.32499999999999996,0.0
3346614841_698f9aa486.jpg,একটি লোক চশমা পরে,0.249999999375,0.249999999375,0.2499999943750001,0.2499999943750001,0.0,0.2499999943750001,0,0,0.5333333333333333,0.14285714265306124
2629346153_155ba73ae9.jpg,একটি কুকুর একটি ফ্রিসবি ধরতে লাফ দিচ্ছে,0.4285714279591837,0.3333333329629629,0.374999994609375,0.374999994609375,0.1428571377551022,0.374999994609375,0,0,0.4516129032258065,0.16666666652777776
1094606832.jpg,এক মহিলা একটি <unk> যন্ত্রের কাছে বসে আছেন।,0.24999999968749997,0.24999999968749997,0.24999999468750006,0.24999999468750006,0.0,0.24999999468750006,0,0,0.375,0.14285714275510203
590.png,একজন ছোট ছেলে একটি <unk>,0.3999999992,0.16666666652777776,0.23529411321799312,0.23529411321799312,0.0,0.23529411321799312,0,0,0.2777777777777778,0.16666666652777776
757133580_ba974ef649.jpg,লাল ও লাল রঙের কাপড় পরে একটা মেয়ে শিশু,0.2222222219753086,0.2222222219753086,0.22222221697530875,0.22222221697530875,0.0,0.22222221697530875,0,0,0.2941176470588235,0.13333333324444444
2070.png,একদল বাচ্চা একটি <unk>,0.249999999375,0.1999999996,0.2222222167901236,0.2222222167901236,0.0,0.2222222167901236,0,0,0.25,0.12499999984374999
ob_1716989674.jpg,একজন পুরুষ দাড়িয়ে আছে।,0.0,0.0,0.0,0.0,0.0,0.0,0,0,0.19999999999999996,0.0
3264.png,একটি গাছ ও একটি বট গাছ দেখা যাচ্ছে।,0.12499999984374999,0.07142857137755101,0.09090908619834734,0.09090908619834734,0.0,0.09090908619834734,0,0,0.2941176470588235,0.05555555552469135
3069037969_bb7319e0dc.jpg,একটি কালো কুকুর সুইমিংপুলে লাফ দিচ্ছে,0.6666666655555555,0.3333333330555555,0.4444444395061729,0.4444444395061729,0.16666666152777793,0.4444444395061729,0,0,0.5161290322580645,0.30769230745562126
7469.png,এটি একটি টায়ার এর গাড়ি ভাসছে।,0.16666666638888888,0.16666666638888888,0.16666666138888903,0.16666666138888903,0.0,0.16666666138888903,0,0,0.35,0.09090909082644627
3327.png,অনেকগুলো পুরুষ মানুষ আছে।,0.7499999981250001,0.37499999953124996,0.49999999472222234,0.49999999472222234,0.1999999954000001,0.49999999472222234,0,0,0.3870967741935484,0.4285714279591837
1358089136_976e3d2e30.jpg,একজন লোক একটি বরফের পাহাড় দিয়ে ঢাকা পাহাড়ের উপর দিয়ে উড়ছে,0.45454545413223135,0.6249999992187499,0.5263157840443214,0.5263157840443214,0.23529411252595167,0.42105262626038775,0,0,0.4285714285714286,0.3571428568877551
2467850190_07a74d89b7.jpg,একটি কালো কুকুর একটি কালো রঙ এর পাশে বসে আছে,0.3999999996,0.49999999937499995,0.4444444390123457,0.4444444390123457,0.0,0.4444444390123457,0,0,0.46875,0.24999999979166665
2029.png,নদীর ঘাটে কয়েকটা লঞ্চ আছে।,0.1999999996,0.07142857137755101,0.10526315390581731,0.10526315390581731,0.0,0.10526315390581731,0,0,0.2222222222222222,0.05555555552469135
4806.png,একটি শিশু আছে।,0.3333333322222222,0.3333333322222222,0.33333332722222225,0.33333332722222225,0.0,0.33333332722222225,0,0,0.30000000000000004,0.1999999996
245.png,পানিতে একজন মানুষ আছে।,0.49999999875,0.2222222219753086,0.3076923029585799,0.3076923029585799,0.18181817752066123,0.3076923029585799,0,0,0.375,0.18181818165289254
3634400263_c6fcaa48e1.jpg,একটি ছেলে সাইকেল দিয়ে বাতাসে একটি কৌশল সম্পন্ন সাইকেল দিয়ে বাতাসে একটি কৌশল সম্পন্ন সাইকেল দিয়ে বাতাসে একটি কৌশল সম্পন্ন সাইকেল দিয়ে বাতাসে একটি কৌশল সম্পন্ন সাইকেল দিয়ে বাতাসে একটি কৌশল সম্পন্ন সাইকেল দিয়ে বাতাসে একটি কৌশল সম্পন্ন সাইকেল দিয়ে,0.07499999998125,0.4285714279591837,0.12765957187867819,0.12765957187867819,0.08888888653827165,0.12765957187867819,0,0,0.18823529411764706,0.2727272724793388
2844.png,একটি শিশু পানিতে জাল ছুড়ে মারছেন একজন ছোট ছেলে একটি শিশুকে ধরে।,0.08333333326388888,0.09090909082644627,0.08695651667296815,0.08695651667296815,0.0,0.08695651667296815,0,0,0.2790697674418605,0.049999999975
1213336750_2269b51397.jpg,একজন লোক একটি শিশুকে ধাক্কা দিচ্ছে,0.33333333277777777,0.24999999968749997,0.2857142804081633,0.2857142804081633,0.0,0.2857142804081633,0,0,0.3939393939393939,0.16666666652777776
469259974_bb03c15c42.jpg,কালো রঙের শার্ট,0.0,0.0,0.0,0.0,0.0,0.0,0,0,0.33333333333333337,0.0
3486538055_bcf4d3dfda.jpg,একটি কালো কুকুর ঘাসের উপর দিয়ে চলছে,0.7142857132653061,0.41666666631944443,0.5263157842659281,0.5263157842659281,0.3529411714878893,0.5263157842659281,0,0,0.4516129032258065,0.41666666631944443
8480.png,একটি শিশু দাড়িয়ে আছে।,0.249999999375,0.3333333322222222,0.28571428000000004,0.28571428000000004,0.0,0.28571428000000004,0,0,0.3076923076923077,0.16666666638888888
339350939_6643bfb270.jpg,সমুদ্র সৈকতে দুটি কুকুর সমুদ্রের ধারে সৈকতে দাঁড়িয়ে আছে।,0.3333333329629629,0.3333333329629629,0.333333327962963,0.333333327962963,0.13333332817777796,0.23529411238754333,0,0,0.5142857142857142,0.21428571413265304
3610.png,একজন পুরুষ হাতে <unk> আঁকা দেয়ালের উপর দিয়ে হেঁটে যাচ্ছে।,0.3999999996,0.3333333330555555,0.3636363583471074,0.3636363583471074,0.13333332835555572,0.3636363583471074,0,0,0.45945945945945943,0.2222222220987654
8173.png,টিনের ঘর।,0.0,0.0,0.0,0.0,0.0,0.0,0,0,0.1428571428571429,0.0
412.png,একজন বৃদ্ধ নারী বসে আছে।,0.5999999988,0.37499999953124996,0.46153845609467453,0.46153845609467453,0.0,0.46153845609467453,0,0,0.4285714285714286,0.3333333329629629
3045613316_4e88862836.jpg,একজন লোক একটি <unk> <unk> <unk> <unk> <unk> <unk> <unk> <unk> <unk> <unk> <unk> <unk> <unk> <unk> <unk> <unk> <unk> <unk> <unk> <unk> <unk> <unk> <unk> <unk> <unk> <unk> <unk> <unk> <unk> <unk> <unk> <unk> <unk> <unk> <unk> <unk> <unk>,0.0499999999875,0.2857142853061225,0.08510638040742426,0.08510638040742426,0.04444444211358036,0.08510638040742426,0,0,0.08176100628930816,0.2222222219753086
7078.png,নদীতে একটি নৌকা আছে।,0.7499999981250001,0.49999999916666665,0.5999999940000001,0.5999999940000001,0.49999999406250006,0.5999999940000001,0,0,0.55,0.4285714279591837
6358.png,একটি সেতুর উপরে উঠছেন ২ জন পুরুষ যার পাশে একটা সেতু পার হচ্ছে।,0.15384615372781063,0.24999999968749997,0.1904761855782314,0.1904761855782314,0.0,0.1904761855782314,0,0,0.3555555555555555,0.10526315783933518
1517.png,শহীদ মিনারের সামনে একজন পুরুষ আছে।,0.49999999916666665,0.3333333329629629,0.3999999946666667,0.3999999946666667,0.0,0.3999999946666667,0,0,0.33333333333333337,0.24999999979166665
7063.png,কয়েকজন নারী ও কয়েকজন পুরুষ দাড়িয়ে আছে।,0.571428570612245,0.9999999975,0.7272727213223142,0.7272727213223142,0.6666666607407408,0.7272727213223142,0,0,0.5925925925925926,0.6666666655555555
1865.png,একজন পুরুষ দাড়িয়ে আছে।,0.7499999981250001,0.4285714279591837,0.5454545398347109,0.5454545398347109,0.2222222172839507,0.5454545398347109,0,0,0.3928571428571429,0.37499999953124996
5959.png,নদীর পাড়ে অনেক মানুষ লঞ্ছ থেমে আছে।,0.2857142853061225,0.2857142853061225,0.28571428030612256,0.28571428030612256,0.0,0.28571428030612256,0,0,0.30000000000000004,0.16666666652777776
8067.png,একটি শিশু আছে।,0.9999999966666667,0.5999999988,0.7499999934375,0.7499999934375,0.33333332777777785,0.7499999934375,0,0,0.5294117647058824,0.5999999988
3079787482_0757e9d167.jpg,একটি শিশু,0.4999999975,0.16666666638888888,0.24999999562500003,0.24999999562500003,0.0,0.24999999562500003,0,0,0.16666666666666663,0.14285714265306124
1912.png,একজন নারী সাইকেল চালাচ্ছে।,0.7499999981250001,0.37499999953124996,0.49999999472222234,0.49999999472222234,0.1999999954000001,0.49999999472222234,0,0,0.41666666666666663,0.4285714279591837
3799.png,একজন মহিলা কালো গরুকে খাবার নিয়ে আছে।,0.2857142853061225,0.33333333277777777,0.3076923022485208,0.3076923022485208,0.0,0.3076923022485208,0,0,0.52,0.18181818165289254
3174228611_6cf9d2266b.jpg,সাদা রঙের জার্সি পড়া এক সাদা পোশাকের একজন বাস্কেটবল খেলোয়াড় বল ড্রিবল করে।,0.23076923059171597,0.4285714279591837,0.2999999951500001,0.2999999951500001,0.11111110654321005,0.2999999951500001,0,0,0.4807692307692307,0.1874999998828125
3174.png,গাছের পাতার ভিতর দিয়ে একটা গাছের নিচে গাছের নিচে গাছের নিচে গাছের নিচে গাছের নিচে গাছের নিচে গাছের নিচে গাছের নিচে গাছের নিচে গাছের নিচে গাছের নিচে গাছের নিচে গাছের নিচে গাছের নিচে গাছের নিচে গাছের নিচে গাছের নিচে গাছের,0.0499999999875,0.33333333277777777,0.08695651943289232,0.08695651943289232,0.0,0.08695651943289232,0,0,0.14184397163120566,0.1999999998
7320.png,একটি রেলস্টেশনে একটি হেলিকপ্টার সহ একটি হলুদ স্যুট পড়ে,0.1111111109876543,0.07142857137755101,0.08695651689981122,0.08695651689981122,0.0,0.08695651689981122,0,0,0.2941176470588235,0.05263157891966759
7091.png,একজন পুরুষ মানুষ কাজ করছে।,0.1999999996,0.1111111109876543,0.14285713806122466,0.14285713806122466,0.0,0.14285713806122466,0,0,0.32432432432432434,0.08333333326388888
515335111_c4afd5b903.jpg,একটি নৌকার উপর একজন লোক নৌকা বাইচে।,0.4285714279591837,0.3333333329629629,0.374999994609375,0.374999994609375,0.1428571377551022,0.374999994609375,0,0,0.4545454545454546,0.24999999979166665
3010.png,কয়েকজন মানুষ দাড়িয়ে আছে।,0.7499999981250001,0.9999999966666667,0.8571428497959185,0.8571428497959185,0.39999999360000005,0.8571428497959185,0,0,0.75,0.7499999981250001
670.png,একটি উচু জায়গা অনেক গাছ ও বড় গাছ ও বড় গাছের নিচে একটি রাস্তা দিয়ে একজন মানুষ সাইকেল চালিয়ে যাচ্ছে,0.29999999985,0.4999999995833333,0.374999995078125,0.374999995078125,0.3333333284666667,0.374999995078125,0,0,0.3142857142857143,0.29999999985
7081.png,একজন মেয়ে দাড়িয়ে তাকিয়ে আছে।,0.3999999992,0.2857142853061225,0.33333332791666676,0.33333332791666676,0.0,0.33333332791666676,0,0,0.41666666666666663,0.2222222219753086
3204.png,একজন ছোট ছেলে অ একটা বাচ্চা দাড়িয়ে আছে।,0.12499999984374999,0.3333333322222222,0.18181817752066123,0.18181817752066123,0.0,0.18181817752066123,0,0,0.2222222222222222,0.0999999999
535.png,একজন মহিলা বেলচা দিয়ে পানি ছিটিয়ে ময়লার স্তপের উপরে উঠছে।,0.0999999999,0.16666666638888888,0.12499999515625017,0.12499999515625017,0.0,0.12499999515625017,0,0,0.35,0.06666666662222222
3547600292_6f8aac7f2e.jpg,একটি পাখি উড়ছে ।,0.49999999875,0.3999999992,0.4444444385185186,0.4444444385185186,0.28571428000000004,0.4444444385185186,0,0,0.2727272727272727,0.2857142853061225
2086678529_b3301c2d71.jpg,একটি মেয়ে একটি <unk> <unk>,0.3999999992,0.3999999992,0.39999999420000004,0.39999999420000004,0.2499999943750001,0.39999999420000004,0,0,0.5,0.33333333277777777
3485657956_7481582565.jpg,একটি কালো কুকুর ঘাসে দৌড়াচ্ছে,0.3999999992,0.2857142853061225,0.33333332791666676,0.33333332791666676,0.1818181768595043,0.3076923024852071,0,0,0.5789473684210527,0.1999999998
7348.png,একজন ছোট ছেলে নদীতে জাল দিয়ে মাছ ধরছে।,0.24999999968749997,0.24999999968749997,0.24999999468750006,0.24999999468750006,0.0,0.24999999468750006,0,0,0.34285714285714286,0.14285714275510203
3687.png,একজন নারী মাথায় কিছু গাছের নিচে বসে আছে।,0.37499999953124996,0.9999999966666667,0.5454545404958677,0.5454545404958677,0.22222221827160496,0.5454545404958677,0,0,0.38636363636363635,0.37499999953124996
6237.png,পানিতে ডুবে আছে ও একটি নৌকা এবং পানিতে নেমে <unk> করছে।,0.2727272724793388,0.24999999979166665,0.26086956000000006,0.26086956000000006,0.0,0.26086956000000006,0,0,0.2777777777777778,0.16666666657407406
595.png,কিছু ছোট ছেলে মানুষ খাতায় কিছু পুলিশ।,0.14285714265306124,0.249999999375,0.1818181768595043,0.1818181768595043,0.0,0.1818181768595043,0,0,0.34782608695652173,0.1111111109876543
2957071266_1b40ec7d96.jpg,একটি কালো কুকুর একটি মাঠে দৌড়াচ্ছে,0.9999999983333333,0.4999999995833333,0.6666666614814816,0.6666666614814816,0.374999995234375,0.5555555504938272,0,0,0.5428571428571429,0.5555555549382716
8220.png,একজন পুরুষ মাথায় ইট নিচ্ছে।,0.3999999992,0.49999999875,0.4444444385185186,0.4444444385185186,0.28571428000000004,0.4444444385185186,0,0,0.5789473684210527,0.2857142853061225
5532.png,একজন ছোট মেয়ে শিশু আছে।,0.3999999992,0.6666666644444444,0.49999999406250006,0.49999999406250006,0.0,0.49999999406250006,0,0,0.5,0.33333333277777777
3765.png,কয়েকজন নারী ও শিশু কোমড় পানিতে নেমে ভিজছে।,0.37499999953124996,0.4285714279591837,0.3999999944888889,0.3999999944888889,0.3076923022485208,0.3999999944888889,0,0,0.3214285714285714,0.24999999979166665
2496370758_a3fbc49837.jpg,দুটি কুকুর দৌড়াচ্ছে,0.6666666644444444,0.3999999992,0.49999999406250006,0.49999999406250006,0.33333332777777785,0.49999999406250006,0,0,0.5294117647058824,0.33333333277777777
2916009941_34a0013803.jpg,একজন বাচ্চা একটি <unk> ধরে আছে,0.6666666655555555,0.3636363633057851,0.47058823017301044,0.47058823017301044,0.0,0.47058823017301044,0,0,0.40476190476190477,0.30769230745562126
7444.png,পানিতে কয়েকজন মানুষ আছে।,0.49999999875,0.24999999968749997,0.33333332833333335,0.33333332833333335,0.0,0.33333332833333335,0,0,0.4285714285714286,0.1999999998
IMG_0322.JPG,একটি মহিলা বসে আছে,0.7499999981250001,0.7499999981250001,0.7499999931250001,0.7499999931250001,0.6666666594444445,0.7499999931250001,0,1,1.0,0.5999999988
7322.png,একজন পুরুষ একটি রাস্তা দিয়ে হেঁটে যাচ্ছে।,0.4285714279591837,0.7499999981250001,0.5454545398347109,0.5454545398347109,0.2222222172839507,0.5454545398347109,0,0,0.5,0.37499999953124996
436013859_793d870b6f.jpg,পেছনের <unk> হওয়ার সময় লোকজন কে লাঠি হাতে দাঁড়িয়ে আছে।,0.0,0.0,0.0,0.0,0.0,0.0,0,0,0.29729729729729726,0.0
3433.png,একজন পুরুষ নৌকা চালাচ্ছে।,0.9999999975,0.7999999984,0.8888888819753088,0.8888888819753088,0.5714285648979592,0.8888888819753088,0,0,0.8,0.7999999984
907.png,একটি পুরাতন একটি পুকুর পাড়ে।,0.1999999996,0.14285714265306124,0.16666666152777793,0.16666666152777793,0.0,0.16666666152777793,0,0,0.4,0.0999999999
531261613_f1a045cd75.jpg,রাস্তা দিয়ে হেটে যাচ্ছে একজন পুরুষ হেঁটে যাচ্ছে।,0.12499999984374999,0.14285714265306124,0.13333332817777796,0.13333332817777796,0.0,0.13333332817777796,0,0,0.33333333333333337,0.07142857137755101
2994.png,একজন বৃদ্ধ নারী বসে আছে।,0.0,0.0,0.0,0.0,0.0,0.0,0,0,0.3529411764705882,0.0
1554.png,কিছু নারী বসে আছে।,0.49999999875,0.49999999875,0.4999999937500001,0.4999999937500001,0.33333332722222225,0.4999999937500001,0,0,0.6,0.33333333277777777
5195.png,সামনে একজন পুরুষ আছে।,0.7499999981250001,0.37499999953124996,0.49999999472222234,0.49999999472222234,0.39999999500000005,0.49999999472222234,0,0,0.375,0.37499999953124996
1260.png,একজন পুরুষ দাড়িয়ে আছে।,0.7499999981250001,0.29999999969999996,0.42857142387755104,0.42857142387755104,0.0,0.28571428122448983,0,0,0.2894736842105263,0.3333333329629629
3544233095_4bca71df1d.jpg,একটি শিশু সৈকতে দৌড়াচ্ছে,0.49999999875,0.33333333277777777,0.3999999944,0.3999999944,0.24999999468750006,0.3999999944,0,0,0.5217391304347826,0.24999999968749997
493542985_c85ad29ebe.jpg,একটি ছেলে ডকের উপর একটি পুকুরে লাফ দিচ্ছে,0.37499999953124996,0.24999999979166665,0.2999999949,0.2999999949,0.0,0.1999999950000001,0,0,0.40816326530612246,0.124999999921875
7351.png,একটি ছোট্ট মেয়ে হাসছে,0.249999999375,0.16666666638888888,0.1999999948000001,0.1999999948000001,0.0,0.1999999948000001,0,0,0.35,0.1111111109876543
6864.png,দুইজন পুরুষ হেঁটে যাচ্ছে।,0.0,0.0,0.0,0.0,0.0,0.0,0,0,0.22580645161290325,0.0
4185.png,একজন ছোট মেয়ে হাঁসি হাঁসি দিয়ে দাঁড়িয়ে আছে।,0.24999999968749997,0.3999999992,0.3076923024852071,0.3076923024852071,0.0,0.3076923024852071,0,0,0.46153846153846156,0.1999999998
1249.png,একজন পুরুষ একটি শিশুর হাত দিয়ে তাকিয়ে আছে।,0.24999999968749997,0.16666666652777776,0.1999999950000001,0.1999999950000001,0.0,0.16666666194444454,0,0,0.3448275862068966,0.1111111110493827
8597.png,তিনটি শিশু একটি <unk> টুপি পরে এবং একজন মহিলা এবং একজন মহিলা এবং একজন মহিলা এবং একজন মহিলা এবং একজন মহিলা এবং একজন মহিলা এবং একজন মহিলা এবং একজন মহিলা এবং একজন মহিলা এবং একজন মহিলা এবং একজন মহিলা এবং,0.02499999999375,0.249999999375,0.04545454378099179,0.04545454378099179,0.0,0.04545454378099179,0,0,0.16774193548387095,0.08333333326388888
4043.png,একজন লোক দেয়ালে লাগানো আছে,0.1999999996,0.14285714265306124,0.16666666152777793,0.16666666152777793,0.0,0.16666666152777793,0,0,0.375,0.09090909082644627
86542183_5e312ae4d4.jpg,তুষার হকি পোষাক পরিহিত একজন বালক তুষার স্তূপের উপর স্কি করছে,0.09090909082644627,0.1999999996,0.12499999554687513,0.12499999554687513,0.0,0.12499999554687513,0,0,0.2727272727272727,0.07142857137755101
345897245_1894017154315894_6837571183850247667_n.jpg,একজন মেয়ে বসে আছে একজন পুরুষ আছে।,0.14285714265306124,0.06666666662222222,0.09090908648760351,0.09090908648760351,0.0,0.09090908648760351,0,0,0.31034482758620685,0.05882352937716263
3343.png,একজন মহিলা কাখে কলসি নিয়ে আছে।,0.33333333277777777,0.1999999998,0.24999999500000003,0.24999999500000003,0.0,0.24999999500000003,0,0,0.46875,0.14285714275510203
4699.png,একটি শিশু আছে।,0.9999999966666667,0.9999999966666667,0.9999999916666666,0.9999999916666666,0.9999999900000001,0.9999999916666666,1,1,1.0,0.9999999966666667
3397228832_8ce5b1c26f.jpg,একজন লোক পানিতে ডিঙি নৌকা চালাচ্ছেন।,0.33333333277777777,0.33333333277777777,0.3333333277777778,0.3333333277777778,0.19999999460000012,0.3333333277777778,0,0,0.42307692307692313,0.1999999998
2715035273_8fc8b1291c.jpg,কালো রঙের পোশাক পরা লোক টির পোশাক পরা লোক রাস্তায় হাঁটছে।,0.0,0.0,0.0,0.0,0.0,0.0,0,0,0.42105263157894735,0.0
2892995070_39f3c9a56e.jpg,সমুদ্র সৈকতে একটি কুকুর সৈকতে দৌড়াচ্ছে,0.49999999916666665,0.29999999969999996,0.37499999484375,0.37499999484375,0.14285713806122466,0.37499999484375,0,0,0.3783783783783784,0.2727272724793388
4710.png,রাস্তা দিয়ে অনেক গাড়ি নিয়ে দাড়িয়ে আছে যার সামনে আগুন জ্বলছে।,0.18181818165289254,0.24999999968749997,0.21052631069252087,0.21052631069252087,0.0,0.10526315290858747,0,0,0.28205128205128205,0.11764705875432525
2746072388_b127f8259b.jpg,নীল জামা পরা ছেলেটি ক্যামেরার দিকে শুয়ে আছে।,0.12499999984374999,0.12499999984374999,0.12499999484375018,0.12499999484375018,0.0,0.12499999484375018,0,0,0.33333333333333337,0.07142857137755101
1329.png,একজন বালক হাসছে।,0.3333333322222222,0.249999999375,0.28571428000000004,0.28571428000000004,0.0,0.28571428000000004,0,0,0.6666666666666667,0.16666666638888888
7623.png,একজন নারী ও একজন নারী আছে।,0.16666666638888888,0.3333333322222222,0.2222222172839507,0.2222222172839507,0.0,0.2222222172839507,0,0,0.25,0.16666666638888888
8848.png,একজন বয়স্ক নারী আছে।,0.249999999375,0.3333333322222222,0.28571428000000004,0.28571428000000004,0.0,0.28571428000000004,0,0,0.4,0.16666666638888888
2187503678_fd743e0a00.jpg,একটি মন্দির <unk> গাছ ও একটি লাল গাছ ও একটি সাদা কুকুর একটি তৃণভূমিতে একটি <unk>,0.24999999984375,0.30769230745562126,0.2758620638287753,0.2758620638287753,0.13793102939357924,0.2758620638287753,0,0,0.43103448275862066,0.24999999979166665
3719461451_07de35af3a.jpg,একটি সাদা পাখিটি মুখে একটি টেনিস বল নিয়ে দাড়িয়ে আছে,0.1999999998,0.2857142853061225,0.23529411252595167,0.23529411252595167,0.13333332835555572,0.23529411252595167,0,0,0.4117647058823529,0.14285714275510203
3377570617_d2f2225a74.jpg,একজন বয়স্ক মহিলা এবং ক্যামেরার জন্য পোজ দিচ্ছেন।,0.37499999953124996,0.49999999916666665,0.4285714230612245,0.4285714230612245,0.16666666152777793,0.4285714230612245,0,0,0.5882352941176471,0.2727272724793388
3342.png,একটি রাস্তায় একটি শিশু পার্কে বসে আছে,0.7142857132653061,0.3846153843195266,0.4999999949499999,0.4999999949499999,0.11111110654321005,0.39999999505,0,0,0.43999999999999995,0.28571428551020406
6079.png,একটি ছেলে রাস্তার মাঝখানে দাঁড়িয়ে আছে,0.33333333277777777,0.18181818165289254,0.2352941128027682,0.2352941128027682,0.0,0.2352941128027682,0,0,0.41025641025641024,0.13333333324444444
3484832904_08619300d9.jpg,বেসবল খেলোয়াড় বল নিক্ষেপের জন্য অপেক্ষা করে যখন ব্যাটার বেসে দিয়ে বেসবল খেলছে,0.15384615372781063,0.49999999875,0.2352941137716263,0.2352941137716263,0.1333333299555556,0.2352941137716263,0,0,0.33333333333333337,0.14285714275510203
3526805681_38461c0d5d.jpg,একটি কুকুর একটি কুকুর নিয়ে দাড়িয়ে আছে,0.4285714279591837,0.29999999969999996,0.35294117121107266,0.35294117121107266,0.08333332951388904,0.35294117121107266,0,0,0.5517241379310345,0.16666666652777776
3115.png,বনের পাশে কয়েকজন মানুষ আছে।,0.1999999996,0.1999999996,0.19999999460000012,0.19999999460000012,0.0,0.19999999460000012,0,0,0.24242424242424243,0.1111111109876543
3328247381_a9f7fb4898.jpg,একটি ছোট ছেলে নদীতে একটি ছোট ছেলে পানিতে পড়ে আছে।,0.29999999969999996,0.21428571413265304,0.24999999493055564,0.24999999493055564,0.0,0.19999999480000014,0,0,0.48484848484848486,0.13333333324444444
4682.png,একটি নৌকা আছে। দূরে নদীতে নৌকা আছে। দূরে নদীতে নৌকা আছে। দূরে নদীতে নৌকা আছে। দূরে নদীতে নৌকা আছে। দূরে নদীতে নৌকা আছে। দূরে নদীতে নৌকা আছে। দূরে নদীতে নৌকা আছে। দূরে নদীতে নৌকা আছে। দূরে নদীতে নৌকা আছে। দূরে,0.0499999999875,0.6666666644444444,0.09302325447268796,0.09302325447268796,0.04878048685306366,0.09302325447268796,0,0,0.06201550387596899,0.33333333277777777
5295.png,ধান ক্ষেত।,0.999999995,0.6666666644444444,0.799999992,0.799999992,0.6666666577777778,0.799999992,0,0,0.6,0.6666666644444444
3627076769_3b71e73018.jpg,একজন লোক একটি <unk> স্পর্শ করার সময় দুটি <unk> স্পর্শ করার সময় দুটি <unk> স্পর্শ করার সময় দুটি <unk> স্পর্শ করার সময় দুটি <unk> স্পর্শ করার সময় দুটি <unk> স্পর্শ করার সময় দুটি <unk> স্পর্শ করার সময় দুটি <unk> স্পর্শ,0.0499999999875,0.16666666652777776,0.07692307334319543,0.07692307334319543,0.0,0.07692307334319543,0,0,0.19374999999999998,0.11764705875432525
1659358133_95cd1027bd.jpg,একটি লেজ কাটা পা দিয়ে <unk> উপর লাফ দিচ্ছে,0.2222222219753086,0.33333333277777777,0.2666666615111111,0.2666666615111111,0.0,0.2666666615111111,0,0,0.48275862068965514,0.15384615372781063
5137.png,পানিতে একজন ছেলে হাঁসি মুখে দাঁড়িয়ে আছে।,0.2857142853061225,0.33333333277777777,0.3076923022485208,0.3076923022485208,0.0,0.3076923022485208,0,0,0.45833333333333337,0.1999999998
3563871276_c8b2a00df5.jpg,একটি লোক চলন্ত নৌকায় কিছু মানুষ ।,0.2857142853061225,0.33333333277777777,0.3076923022485208,0.3076923022485208,0.0,0.3076923022485208,0,0,0.40909090909090906,0.18181818165289254
_MG_1790.JPG,মেয়ে টির পোশাক কালো রঙের,0.1999999996,0.1999999996,0.19999999460000012,0.19999999460000012,0.0,0.19999999460000012,0,0,0.4375,0.1111111109876543
435827376_4384c3005a.jpg,একটি ভ্রাম্যমাণ বাড়ি দেখা যাচ্ছে,0.3999999992,0.2222222219753086,0.2857142807142858,0.2857142807142858,0.0,0.2857142807142858,0,0,0.375,0.16666666652777776
2635905544_dbc65d0622.jpg,একটি কুকুর একটি ফুটবল নিয়ে খেলছে,0.8333333319444445,0.7142857132653061,0.7692307630769232,0.7692307630769232,0.7272727209917357,0.7692307630769232,0,0,0.7692307692307692,0.7142857132653061
4323.png,একটি নৌকার উপর কয়েকজন মানুষ আছে।,0.33333333277777777,0.24999999968749997,0.2857142804081633,0.2857142804081633,0.16666666152777793,0.2857142804081633,0,0,0.4838709677419355,0.16666666652777776
8250.png,একটি গ্রাফিতিতে আবৃত করে কিছু <unk>,0.0,0.0,0.0,0.0,0.0,0.0,0,0,0.14814814814814814,0.0
258476074_f28f4a1ae6.jpg,একটি <unk> একটি <unk> চড়ছে,0.1999999996,0.09090909082644627,0.12499999554687513,0.12499999554687513,0.0,0.12499999554687513,0,0,0.30434782608695654,0.07692307686390532
6007.png,জানালা দিয়ে একজন বাচ্চা মেয়ে।,0.5999999988,0.3333333329629629,0.42857142336734694,0.42857142336734694,0.2222222167901236,0.36363635801652905,0,0,0.55,0.2727272724793388
20220909_134408.jpg,কয়েকজন মানুষ আছে।,0.3333333322222222,0.16666666638888888,0.2222222172839507,0.2222222172839507,0.0,0.2222222172839507,0,0,0.4545454545454546,0.12499999984374999
9128.png,একজন বাচ্চা ছেলে পানিতে দাড়িয়ে আছে।,0.33333333277777777,0.2857142853061225,0.3076923022485208,0.3076923022485208,0.0,0.3076923022485208,0,0,0.6086956521739131,0.18181818165289254
inbound609042146108403498.jpg,একটি পাখি জলের মধ্যে দৌড়াচ্ছে,0.3999999992,0.18181818165289254,0.249999995390625,0.249999995390625,0.0,0.249999995390625,0,0,0.32499999999999996,0.14285714275510203
2082005167_a0d6a70020.jpg,একটি কালো কুকুর একটি লাঠি নিয়ে একটি কুকুর,0.37499999953124996,0.49999999916666665,0.4285714230612245,0.4285714230612245,0.33333332791666676,0.4285714230612245,0,0,0.5,0.37499999953124996
2262.png,একজন বৃদ্ধ নারী বসে আছে।,0.5999999988,0.2727272724793388,0.374999995234375,0.374999995234375,0.0,0.374999995234375,0,0,0.29268292682926833,0.23076923059171597
3383545083_1d7c95b003.jpg,একটি কালো কুকুর খেলনা নিয়ে খেলছে,0.8333333319444445,0.6249999992187499,0.7142857083673471,0.7142857083673471,0.33333332791666676,0.7142857083673471,0,0,0.6428571428571428,0.6249999992187499
3184891327_8785194e3c.jpg,একটি খেলার দল একটি খেলার মাঠে খেলছে,0.14285714265306124,0.3333333322222222,0.1999999954000001,0.1999999954000001,0.0,0.1999999954000001,0,0,0.3928571428571429,0.14285714265306124
236730743_0d4fd8de5a.jpg,একজন লোক পানির দিকে তাকিয়ে আছে,0.16666666638888888,0.0999999999,0.12499999515625017,0.12499999515625017,0.0,0.12499999515625017,0,0,0.4285714285714286,0.06666666662222222
3173461705_b5cdeef1eb.jpg,দুটি কুকুর আরেকটা কুকুরের সাথে খেলছে,0.49999999916666665,0.5999999988,0.5454545395041324,0.5454545395041324,0.28571428081632655,0.5454545395041324,0,0,0.6363636363636364,0.37499999953124996
1052.png,কয়েকজন মানুষ আছে।,0.3333333322222222,0.12499999984374999,0.18181817752066123,0.18181817752066123,0.0,0.18181817752066123,0,0,0.33333333333333337,0.1111111109876543
2842.png,শিল্পী ও চোখে চশমা পরিহিত দুইজন পুরুষ আছে।,0.37499999953124996,0.37499999953124996,0.37499999453125,0.37499999453125,0.14285713765306143,0.37499999453125,0,0,0.3448275862068966,0.23076923059171597
3957.png,সবুজ রঙের শাড়ি পরে আছে,0.0,0.0,0.0,0.0,0.0,0.0,0,0,0.2592592592592593,0.0
1045.png,একটি <unk> গাছের মধ্যে একটা গাছের পাশে দাড়িয়ে আছে।,0.0,0.0,0.0,0.0,0.0,0.0,0,0,0.303030303030303,0.0
2278.png,নদীর পাড়ে একটি নৌকা দেখা যাচ্ছে।,0.0,0.0,0.0,0.0,0.0,0.0,0,0,0.2894736842105263,0.0
6856.png,একটি ছেলে চেয়ে আছেন।,0.249999999375,0.249999999375,0.2499999943750001,0.2499999943750001,0.0,0.2499999943750001,0,0,0.46153846153846156,0.14285714265306124
2760371526_63f3d01760.jpg,একটি ছেলে পানি ছিটাচ্ছে,0.49999999875,0.3999999992,0.4444444385185186,0.4444444385185186,0.28571428000000004,0.4444444385185186,0,0,0.5882352941176471,0.2857142853061225
953941506_5082c9160c.jpg,একটি কুকুর এবং একটি কুকুর দৌড়াচ্ছে,0.33333333277777777,0.33333333277777777,0.3333333277777778,0.3333333277777778,0.0,0.3333333277777778,0,0,0.4347826086956522,0.24999999968749997
2218843713_cf28ea319e.jpg,একটি <unk> পানিতে একটি নদী পার হয়ে নদীর পানিতে,0.2222222219753086,0.1999999998,0.21052631058171756,0.21052631058171756,0.11764705370242234,0.21052631058171756,0,0,0.34042553191489366,0.13333333324444444
6408.png,একটি শিশু আছে।,0.6666666644444444,0.49999999875,0.5714285648979592,0.5714285648979592,0.39999999360000005,0.5714285648979592,0,0,0.5833333333333333,0.3999999992
5624.png,একটি ধূসর সোয়েটার পরা একজন লোক কাঠের তৈরি দুতলা বার হচ্ছে।,0.18181818165289254,0.24999999968749997,0.21052631069252087,0.21052631069252087,0.0,0.14814814320987668,0,0,0.38983050847457623,0.11764705875432525
5844.png,একটি দম্পতি জলের ধারে ডকে বালতি নিয়ে খেলছে,0.0,0.0,0.0,0.0,0.0,0.0,0,0,0.31034482758620685,0.0
162.png,দুইজন পুরুষ ও মহিলা বসে আছে,0.33333333277777777,0.18181818165289254,0.2352941128027682,0.2352941128027682,0.0,0.11764705411764723,0,0,0.3076923076923077,0.13333333324444444
4018.png,একটি পরিবার একটি ছবির জন্য পোজ দিচ্ছে,0.0,0.0,0.0,0.0,0.0,0.0,0,0,0.30000000000000004,0.0
8315.png,সমুদ্রের পারে কয়েকজন পুরুষ এবং দূরে কিছু মানুষ বসে আছে।,0.0,0.0,0.0,0.0,0.0,0.0,0,0,0.3589743589743589,0.0
2404520067_87798dbaee.jpg,একটি কালো কুকুর লাঠি বহন করে ঘাসের মধ্যে দিয়ে হাঁটছে,0.29999999969999996,0.49999999916666665,0.37499999484375,0.37499999484375,0.0,0.37499999484375,0,0,0.4571428571428572,0.23076923059171597
2864.png,ছয়জন মানুষ একটি পথ ধরে রেখেছে,0.0,0.0,0.0,0.0,0.0,0.0,0,0,0.33333333333333337,0.0
1348113612_5bfc5f429e.jpg,একটি কালো কুকুর পুকুরে সাঁতার কাটছে,0.6666666655555555,0.3999999996,0.4999999946875,0.4999999946875,0.39999999502222217,0.4999999946875,0,0,0.6363636363636364,0.3333333330555555
7561.png,পানিতে জাল লাগানো জাল দিয়ে মাছ ধরছে।,0.4285714279591837,0.5999999988,0.4999999943055557,0.4999999943055557,0.2857142804081633,0.4999999943055557,0,0,0.47058823529411764,0.37499999953124996
3143953179_1c08c023a5.jpg,একটি দালানের সামনের পাঁচজন লোক একটি দালানের সামনে দাঁড়িয়ে আছে।,0.1999999998,0.2222222219753086,0.21052631058171756,0.21052631058171756,0.0,0.12499999515625017,0,0,0.41463414634146345,0.13333333324444444
300222673_573fd4044b.jpg,একটি দম্পতি একটি সাদা বালিশে ঘুমাচ্ছে,0.33333333277777777,0.18181818165289254,0.2352941128027682,0.2352941128027682,0.0,0.2352941128027682,0,0,0.375,0.07692307686390532
2528552898_9e49a7033f.jpg,একটি <unk> গাড়ী চালাচ্ছে,0.249999999375,0.16666666638888888,0.1999999948000001,0.1999999948000001,0.0,0.1999999948000001,0,0,0.44999999999999996,0.1111111109876543
3123463486_f5b36a3624.jpg,দুটি কুকুর খেলছে,0.3333333322222222,0.1999999996,0.24999999468750006,0.24999999468750006,0.0,0.24999999468750006,0,0,0.36363636363636365,0.14285714265306124
1143882946.jpg,একজন লোক একটি হলুদ রঙের একটি হলুদ রঙের একটি হলুদ রঙের একটি হলুদ রঙের একটি হলুদ রঙের একটি হলুদ রঙের একটি হলুদ রঙের একটি হলুদ রঙের একটি হলুদ রঙের একটি হলুদ রঙের একটি হলুদ রঙের একটি হলুদ রঙের একটি হলুদ,0.07499999998125,0.24999999979166665,0.11538461178994093,0.11538461178994093,0.0,0.07999999676800014,0,0,0.23270440251572322,0.15384615372781063
3381584882_341ee3092f.jpg,একজন লোক একটি পাহাড়ের উপর লাফ দিচ্ছে,0.571428570612245,0.571428570612245,0.5714285656122451,0.5714285656122451,0.3333333277777778,0.5714285656122451,0,0,0.6896551724137931,0.4444444439506172
7337.png,একজন পুরুষ বসে কাজ করছে।,0.5999999988,0.5999999988,0.5999999938,0.5999999938,0.4999999937500001,0.5999999938,0,0,0.6842105263157895,0.4285714279591837
3252588185_3210fe94be.jpg,একজন পুরুষ দাড়িয়ে আছে।,0.249999999375,0.12499999984374999,0.16666666194444454,0.16666666194444454,0.0,0.16666666194444454,0,0,0.31818181818181823,0.09090909082644627
7213.png,একজন পুরুষ ও একজন পুরুষ বসে আছে।,0.14285714265306124,0.3333333322222222,0.1999999954000001,0.1999999954000001,0.0,0.1999999954000001,0,0,0.30000000000000004,0.14285714265306124
5569.png,একজন লোক একটি জমাট বাঁধা পার হচ্ছে সূর্যের আলোর প্রশিক্ষণ দিচ্ছে।,0.09090909082644627,0.1999999996,0.12499999554687513,0.12499999554687513,0.0,0.12499999554687513,0,0,0.37777777777777777,0.06666666662222222
1174629344_a2e1a2bdbf.jpg,গ্রীষ্মের পোশাক পরিহিত একজন মহিলা উষ্ণ আবহাওয়ায় শহরের রাস্তায় হাঁটছে।,0.3999999996,0.4444444439506172,0.4210526261495845,0.4210526261495845,0.23529411238754333,0.4210526261495845,0,0,0.5,0.26666666648888887
3665987581_5e6b0a65f2.jpg,একটি বাদামী কুকুর পাথরের দেয়াল বাইছে,0.49999999916666665,0.3333333329629629,0.3999999946666667,0.3999999946666667,0.0,0.3999999946666667,0,0,0.4285714285714286,0.2727272724793388
2933.png,সামনে তিনজন নারী দাড়িয়ে আছে।,0.5999999988,0.7499999981250001,0.6666666602469137,0.6666666602469137,0.5714285648979592,0.6666666602469137,0,0,0.6666666666666667,0.49999999916666665
3474958471_9106beb07f.jpg,একজন স্কিয়ার শূন্যে ভাসছে,0.49999999875,0.1999999998,0.28571428122448983,0.28571428122448983,0.0,0.28571428122448983,0,0,0.36585365853658536,0.16666666652777776
3503544012_1771be9d3a.jpg,দৌড়ানোর ঝাপসা ছবি তুলছেন,0.0,0.0,0.0,0.0,0.0,0.0,0,0,0.2727272727272727,0.0
346620288_911969649912436_8809766019913583813_n.jpg,একটি ছেলে একটি দালানের সামনে দাঁড়িয়ে আছে।,0.14285714265306124,0.12499999984374999,0.13333332817777796,0.13333332817777796,0.0,0.13333332817777796,0,0,0.5,0.07692307686390532
8565.png,৪ জন ছোট ছেলে শিশু কোলে নিয়ে আছে।,0.24999999968749997,0.18181818165289254,0.21052631069252087,0.21052631069252087,0.0,0.21052631069252087,0,0,0.30952380952380953,0.11764705875432525
1124.png,একজন মহিলা তার গালে আঁকছে।,0.3999999992,0.24999999968749997,0.3076923024852071,0.3076923024852071,0.0,0.3076923024852071,0,0,0.5,0.18181818165289254
2341254813_c53a5ef27a.jpg,একটি শিশু একটি স্কেটবোর্ডে চড়ে।,0.3999999992,0.24999999968749997,0.3076923024852071,0.3076923024852071,0.1818181768595043,0.3076923024852071,0,0,0.37037037037037035,0.1999999998
3546.png,একজন নারী কলশী নিয়ে হেটে যাচ্ছে একজন মহিলা।,0.24999999968749997,0.33333333277777777,0.2857142804081633,0.2857142804081633,0.16666666152777793,0.2857142804081633,0,0,0.43333333333333335,0.18181818165289254
5125.png,একজন বৃদ্ধ লোক বসে আছে।,0.3999999992,0.24999999968749997,0.3076923024852071,0.3076923024852071,0.0,0.3076923024852071,0,0,0.34615384615384615,0.18181818165289254
8954.png,একটি পাখি আছে।,0.9999999966666667,0.9999999966666667,0.9999999916666666,0.9999999916666666,0.9999999900000001,0.9999999916666666,1,1,1.0,0.9999999966666667
5034.png,রাস্তার পাশ দিয়ে অনেকগুলো রিক্সা ও কয়েকজন মানুষ আছে।,0.5555555549382716,0.7142857132653061,0.624999994296875,0.624999994296875,0.4285714230612245,0.374999994609375,0,0,0.3142857142857143,0.49999999949999996
2417.png,একজন পুরুষ ও একটি মহিলা উরনা পরে এবং মুখের চারপাশে কিছু মানুষের সামনে দিয়ে মাথা <unk>,0.0624999999609375,0.1999999996,0.09523809151927451,0.09523809151927451,0.0,0.09523809151927451,0,0,0.23728813559322037,0.049999999975
1856.png,একটি ছোট ছেলে <unk>,0.0,0.0,0.0,0.0,0.0,0.0,0,0,0.2941176470588235,0.0
1819261140_6c022f4b1d.jpg,একটি লোক ট্রেনে বসে আছেন।,0.5999999988,0.3333333329629629,0.42857142336734694,0.42857142336734694,0.0,0.42857142336734694,0,0,0.5,0.2727272724793388
3004823335_9b82cbd8a7.jpg,একটি কালো কুকুরটি ঘাসের উপর বসে আছে,0.571428570612245,0.6666666655555555,0.6153846094674558,0.6153846094674558,0.36363635801652905,0.6153846094674558,0,0,0.6799999999999999,0.4444444439506172
8448.png,দুইজন মানুষ আছে।,0.3333333322222222,0.14285714265306124,0.1999999954000001,0.1999999954000001,0.0,0.1999999954000001,0,0,0.28,0.1111111109876543
7743.png,একজন পুরুষ হাতে লিখছে।,0.49999999875,0.49999999875,0.4999999937500001,0.4999999937500001,0.33333332722222225,0.4999999937500001,0,0,0.7333333333333334,0.33333333277777777
3134.png,একটি শিশু আছে।,0.3333333322222222,0.07692307686390532,0.12499999679687505,0.12499999679687505,0.0,0.12499999679687505,0,0,0.33333333333333337,0.06666666662222222
IMG_0607.JPG,একটি শিশু হেঁটে যাচ্ছে।,0.0,0.0,0.0,0.0,0.0,0.0,0,0,0.47058823529411764,0.0
2199250692_a16b0c2ae1.jpg,একজন মহিলা একটি হুইল চেয়ার এর মাঝে হেটে যাচ্ছে আর তার মুখ দেখা যাচ্ছে।,0.07142857137755101,0.16666666638888888,0.09999999570000016,0.09999999570000016,0.0,0.09999999570000016,0,0,0.2857142857142857,0.05263157891966759
2222186636_85e03e0b75.jpg,এক দম্পতি চুম্বন করছে,0.249999999375,0.12499999984374999,0.16666666194444454,0.16666666194444454,0.0,0.16666666194444454,0,0,0.29032258064516125,0.09090909082644627
3846.png,দূরে অনেকগুলো মানুষ দেখা যাচ্ছে।,0.3999999992,0.2857142853061225,0.33333332791666676,0.33333332791666676,0.0,0.33333332791666676,0,0,0.5416666666666667,0.1999999998
3606909929_90a1a072b7.jpg,ভেজা রাস্তায় গাড়ি রেসিং গাড়ি রেসিং করছে,0.14285714265306124,0.05882352937716263,0.08333332913194465,0.08333332913194465,0.0,0.08333332913194465,0,0,0.30434782608695654,0.04761904759637188
7413.png,একজন লোক গাছে উঠছে,0.249999999375,0.16666666638888888,0.1999999948000001,0.1999999948000001,0.0,0.1999999948000001,0,0,0.5,0.1111111109876543
3488512097_e500cb499f.jpg,একজন মোটরসাইকেল চালক বাঁক নিচ্ছে,0.1999999996,0.14285714265306124,0.16666666152777793,0.16666666152777793,0.0,0.16666666152777793,0,0,0.43333333333333335,0.0999999999
7715.png,একজন বাচ্চা মেয়ে খেড়ের উপর বসে আছেন।,0.2857142853061225,0.2222222219753086,0.24999999476562512,0.24999999476562512,0.1428571377551022,0.24999999476562512,0,0,0.38235294117647056,0.14285714275510203
5085.png,একটি পরিবার জমা হয়ে আছে।,0.1999999996,0.3333333322222222,0.24999999468750006,0.24999999468750006,0.0,0.24999999468750006,0,0,0.34782608695652173,0.14285714265306124
3249125548_700d874380.jpg,দুজন সাইকেল চালক তাদের সাইকেল চালাচ্ছে,0.33333333277777777,0.15384615372781063,0.21052631124653745,0.21052631124653745,0.11764705453287211,0.21052631124653745,0,0,0.4838709677419355,0.124999999921875
3272541970_ac0f1de274.jpg,একজন লোক স্কেটিং করছে,0.7499999981250001,0.49999999916666665,0.5999999940000001,0.5999999940000001,0.24999999468750006,0.5999999940000001,0,0,0.5454545454545454,0.4285714279591837
8471.png,কয়েকটি শিশু পানিতে আতশবাজি পরিস্কার করছেন,0.0,0.0,0.0,0.0,0.0,0.0,0,0,0.2666666666666667,0.0
2978394277_4572967b97.jpg,এক লোক একটি ছেলে শূন্যে লাফ দিচ্ছে,0.2857142853061225,0.16666666652777776,0.2105263109141275,0.2105263109141275,0.0,0.2105263109141275,0,0,0.3214285714285714,0.11764705875432525
2119660490_ce0d4d1f73.jpg,একটি তামাটে কুকুর খেলনা নিয়ে খেলছে,0.33333333277777777,0.3999999992,0.36363635801652905,0.36363635801652905,0.0,0.36363635801652905,0,0,0.40740740740740744,0.2222222219753086
7833.png,একজন বাচ্চা ছেলে বাচ্চা।,0.249999999375,0.09090909082644627,0.13333332924444455,0.13333332924444455,0.0,0.13333332924444455,0,0,0.20512820512820518,0.07142857137755101
5434.png,একটি শিশু আছে।,0.9999999966666667,0.9999999966666667,0.9999999916666666,0.9999999916666666,0.9999999900000001,0.9999999916666666,1,1,1.0,0.9999999966666667
5019.png,সূর্যের আলো পানিতে সূর্যের আলো দেখা যাচ্ছে।,0.0,0.0,0.0,0.0,0.0,0.0,0,0,0.15384615384615385,0.0
2351762979_0941aecced.jpg,একটি ছেলে একটি টুলের উপর দাঁড়িয়ে আছে,0.14285714265306124,0.249999999375,0.1818181768595043,0.1818181768595043,0.0,0.1818181768595043,0,0,0.48,0.1111111109876543
2709359730_13bca100af.jpg,দুটি কুকুর একসাথে খেলছে,0.249999999375,0.249999999375,0.2499999943750001,0.2499999943750001,0.0,0.2499999943750001,0,0,0.4,0.14285714265306124
3524612244_64f00afec5.jpg,তিনজন মহিলা বসে আছে।,0.249999999375,0.16666666638888888,0.1999999948000001,0.1999999948000001,0.0,0.1999999948000001,0,0,0.28,0.1111111109876543
1010673430.jpg,এক বাচ্চা ছেলে হাসছে,0.249999999375,0.16666666638888888,0.1999999948000001,0.1999999948000001,0.0,0.1999999948000001,0,0,0.31034482758620685,0.1111111109876543
440737340_5af34ca9cf.jpg,একজন মহিলা একটি ছোট কালো এবং একটি ছোট কালো এবং একটি ছোট কালো এবং একটি ছোট কালো এবং একটি ছোট কালো এবং একটি ছোট কালো এবং একটি ছোট কালো এবং একটি ছোট কালো এবং একটি ছোট কালো এবং একটি ছোট,0.07499999998125,0.3333333329629629,0.1224489765431071,0.1224489765431071,0.0,0.1224489765431071,0,0,0.2272727272727273,0.2727272724793388
3159424456_f316bdc1d5.jpg,একটি ছোট ছেলে একটি শিশুকে ধরে।,0.33333333277777777,0.2222222219753086,0.2666666615111111,0.2666666615111111,0.15384614887573977,0.2666666615111111,0,0,0.5161290322580645,0.16666666652777776
1432.png,একজন নারী আছে।,0.3333333322222222,0.05263157891966759,0.09090908847107444,0.09090908847107444,0.0,0.09090908847107444,0,0,0.21052631578947367,0.049999999975
1000268201_693b08cb0e.jpg,একজন মহিলা একটি <unk> ডগ বানাচ্ছে।,0.16666666638888888,0.14285714265306124,0.15384614863905344,0.15384614863905344,0.0,0.15384614863905344,0,0,0.43999999999999995,0.09090909082644627
3323661814_1e8e1ae88c.jpg,তিন বাচ্চা মেয়ে,0.3333333322222222,0.1999999996,0.24999999468750006,0.24999999468750006,0.0,0.24999999468750006,0,0,0.35,0.14285714265306124
3336682980_1082a66878.jpg,তিন শিশু একসাথে ছবি তুলছে,0.1999999996,0.14285714265306124,0.16666666152777793,0.16666666152777793,0.0,0.16666666152777793,0,0,0.33333333333333337,0.09090909082644627
531152619_6db02a7ed9.jpg,একটি বাদামী কুকুর বরফে খেলছে,0.3999999992,0.3999999992,0.39999999420000004,0.39999999420000004,0.2499999943750001,0.39999999420000004,0,0,0.5789473684210527,0.24999999968749997
4988.png,বিকিনি পরা পাঁচ জন মহিলা একসাথে দাঁড়িয়ে আছে,0.0,0.0,0.0,0.0,0.0,0.0,0,0,0.4285714285714286,0.0
3595643050_d312e4b652.jpg,একটি কুকুর বার টেনে নিয়ে উঠানে রাখা স্থানে একটি বলের উপর উবু হয়ে ক্যাচ খেলছে।,0.19999999986666667,0.5999999988,0.29999999595000004,0.29999999595000004,0.1111111075308643,0.29999999595000004,0,0,0.3584905660377359,0.12499999994791666
5306.png,একটি পুরাতন একটি পরিবার পানি থেকে কিছু বাড়ি দেখা যাচ্ছে।,0.1999999998,0.49999999875,0.28571428122448983,0.28571428122448983,0.0,0.28571428122448983,0,0,0.33333333333333337,0.18181818165289254
1506.png,ফসলের ক্ষেতের মাঝ দিয়ে একজন পুরুষ মানুষ।,0.14285714265306124,0.14285714265306124,0.14285713765306143,0.14285713765306143,0.0,0.14285713765306143,0,0,0.4285714285714286,0.07692307686390532
5989.png,একজন পুরুষ আছে।,0.9999999966666667,0.7499999981250001,0.8571428497959185,0.8571428497959185,0.39999999360000005,0.8571428497959185,0,0,0.6875,0.7499999981250001
2737759676_4bc9be2daf.jpg,একটি টুপি ও মাথায় টুপি এবং সানগ্লাসের একটি টুপি ও মাথায় টুপি এবং সানগ্লাসের একটি টুপি ও মাথায় টুপি এবং সানগ্লাসের একটি টুপি ও মাথায় টুপি এবং সানগ্লাসের একটি টুপি ও মাথায় টুপি এবং সানগ্লাসের একটি টুপি ও মাথায় টুপি,0.0499999999875,0.2857142853061225,0.08510638040742426,0.08510638040742426,0.04444444211358036,0.08510638040742426,0,0,0.1724137931034483,0.18181818165289254
3360730513_211e1a4db6.jpg,একদল যুবক একটি উচ্চ <unk> উপভোগ করছে,0.2857142853061225,0.2222222219753086,0.24999999476562512,0.24999999476562512,0.0,0.24999999476562512,0,0,0.3783783783783784,0.15384615372781063
1707.png,রাস্তা ফাকা গাছে একটি ডাব গাছ ও গাছ ও একটি বট গাছের নিচে ঘাস,0.21428571413265304,0.16666666657407406,0.1874999949609376,0.1874999949609376,0.0,0.12499999500000018,0,0,0.29230769230769227,0.11538461534023668
4091.png,কয়েকজন মানুষ হেঁটে যাচ্ছে।,0.49999999875,0.2857142853061225,0.36363635834710756,0.36363635834710756,0.0,0.36363635834710756,0,0,0.55,0.2222222219753086
2269021076_cefc9af989.jpg,একটি ছেলে সাইকেল চালাচ্ছে,0.49999999875,0.2222222219753086,0.3076923029585799,0.3076923029585799,0.18181817752066123,0.3076923029585799,0,0,0.4,0.18181818165289254
8284.png,একজন পুরুষ মাথায় গামছা পেঁচিয়ে একটা লোক মাথায় ঝুড়ি নিয়ে যাচ্ছে।,0.3636363633057851,0.3999999996,0.38095237560090706,0.38095237560090706,0.15384615005917168,0.38095237560090706,0,0,0.4390243902439024,0.24999999984375
254527963_3f5824b0e8.jpg,একটি কালো কুকুর সমুদ্রের ধারে একটি সৈকতে একটি কালো কুকুর,0.3999999996,0.6666666655555555,0.4999999946875,0.4999999946875,0.2857142807142858,0.4999999946875,0,0,0.4736842105263158,0.49999999937499995
8990.png,ছয়জন পুরুষ ও একজন পুরুষ হেঁটে যাচ্ছে।,0.0,0.0,0.0,0.0,0.0,0.0,0,0,0.3214285714285714,0.0
3133403457_95dfe11da1.jpg,একটি শিশু একটি ঘরের ভিতরে খেলছে,0.33333333277777777,0.2222222219753086,0.2666666615111111,0.2666666615111111,0.15384614887573977,0.2666666615111111,0,0,0.4193548387096774,0.16666666652777776
1865794069_6e3a1e57bb.jpg,একটি শিশু একটি ফুটবলের পোশাক পরে আছে,0.2857142853061225,0.16666666652777776,0.2105263109141275,0.2105263109141275,0.0,0.2105263109141275,0,0,0.3846153846153846,0.09999999995
2419797375_553f867472.jpg,সানগ্লাস পরা এক দম্পতি ক্যামেরার দিকে তাকিয়ে আছে,0.24999999968749997,0.1999999998,0.22222221703703712,0.22222221703703712,0.0,0.22222221703703712,0,0,0.3023255813953488,0.124999999921875
7054.png,একটি ছেলে পানিতে ভিজে গেলো,0.3999999992,0.18181818165289254,0.249999995390625,0.249999995390625,0.0,0.249999995390625,0,0,0.25,0.14285714275510203
745880539_cd3f948837.jpg,একটি কুকুর একটি ঠেলা বাঁধা,0.5999999988,0.2727272724793388,0.374999995234375,0.374999995234375,0.1818181768595043,0.374999995234375,0,0,0.4285714285714286,0.1999999998
3119875880_22f9129a1c.jpg,একজন লোক পাথরে আরোহণ করতে <unk> পাশে দাঁড়িয়ে আছে।,0.1111111109876543,0.249999999375,0.15384614934911253,0.15384614934911253,0.0,0.15384614934911253,0,0,0.32352941176470584,0.08333333326388888
487487795_54705c406e.jpg,একটি কুকুর একটি কালো কুকুর,0.7999999984,0.24999999984375,0.3809523769614513,0.3809523769614513,0.10526315445983389,0.28571428181405895,0,0,0.42105263157894735,0.24999999979166665
3105315670_5f86f73753.jpg,একজন লোক একটি উঠান এবং একটি দম্পতি বেড়ার পাশ দিয়ে হেঁটে যাচ্ছে,0.41666666631944443,0.3124999998046875,0.35714285198979595,0.35714285198979595,0.10526315290858747,0.35714285198979595,0,0,0.5087719298245614,0.249999999875
6357.png,একজন পুরুষ বসে আছে।,0.7499999981250001,0.37499999953124996,0.49999999472222234,0.49999999472222234,0.0,0.49999999472222234,0,0,0.34375,0.3333333329629629
2613993276_3c365cca12.jpg,দুটি কুকুর ঘাসের উপর দৌড়াচ্ছে,0.3999999992,0.2222222219753086,0.2857142807142858,0.2857142807142858,0.0,0.2222222167901236,0,0,0.5172413793103448,0.18181818165289254
2602.png,একজন বয়স্ক নারী আছে।,0.249999999375,0.3333333322222222,0.28571428000000004,0.28571428000000004,0.0,0.28571428000000004,0,0,0.2666666666666667,0.16666666638888888
8643.png,একজন পুরুষ ২ টি গরু নিয়ে জমিতে দুইটা গরু নিয়ে জমিতে দুইটা গরু নিয়ে জমিতে দুইটা গরু নিয়ে জমিতে দুইটা গরু নিয়ে জমিতে দুইটা গরু নিয়ে জমিতে দুইটা গরু নিয়ে জমিতে দুইটা গরু নিয়ে জমিতে দুইটা গরু নিয়ে জমিতে দুইটা,0.099999999975,0.4444444439506172,0.1632653030570596,0.1632653030570596,0.042553188646446534,0.1632653030570596,0,0,0.16666666666666663,0.30769230745562126
3425069551_aba046a1b6.jpg,একজন টেনিস খেলোয়াড় বলে আঘাত <unk> ধরে রেখেছে,0.37499999953124996,0.37499999953124996,0.37499999453125,0.37499999453125,0.14285713765306143,0.37499999453125,0,0,0.4516129032258065,0.23076923059171597
241345811_46b5f157d4.jpg,সাদা ও সাদা ও সাদা ও সাদা ও সাদা ও সাদা ও সাদা ও সাদা ও সাদা ও সাদা ও সাদা ও সাদা ও সাদা ও সাদা ও সাদা ও সাদা ও সাদা ও সাদা ও সাদা ও সাদা ও,0.0499999999875,0.1999999998,0.07999999676800014,0.07999999676800014,0.04166666360243077,0.07999999676800014,0,0,0.1515151515151515,0.1999999998
8865.png,একটি নৌকায় কয়েকজন মানুষ আছে।,0.7999999984,0.3636363633057851,0.499999995078125,0.499999995078125,0.14285713857142868,0.499999995078125,0,0,0.44999999999999996,0.3636363633057851
1499495021_d295ce577c.jpg,সাঁতারের কোট পরা একজন মহিলা এবং একটি দম্পতি দাঁড়িয়ে আছে,0.29999999969999996,0.4285714279591837,0.35294117121107266,0.35294117121107266,0.09523809024943336,0.2608695600756144,0,0,0.40909090909090906,0.21428571413265304
2176.png,একজন পুরুষ একটি শিশু কোলে নিয়ে দাড়িয়ে আছে।,0.24999999968749997,0.49999999875,0.33333332833333335,0.33333332833333335,0.1999999954000001,0.33333332833333335,0,0,0.3571428571428571,0.1999999998
4623.png,কয়েকজন মানুষ দাড়িয়ে আছে।,0.7499999981250001,0.4285714279591837,0.5454545398347109,0.5454545398347109,0.2222222172839507,0.5454545398347109,0,0,0.5384615384615384,0.37499999953124996
8222.png,একজন পুরুষ বসে আছে।,0.49999999875,0.33333333277777777,0.3999999944,0.3999999944,0.24999999468750006,0.3999999944,0,0,0.5217391304347826,0.24999999968749997
3059.png,একজন ছোট ছেলে মাটি থেকে বালু নিয়ে আছে।,0.24999999968749997,0.49999999875,0.33333332833333335,0.33333332833333335,0.0,0.33333332833333335,0,0,0.4,0.1999999998
3389448506_7025e7cc12.jpg,একটি কুকুর একটি টেনিস বল নিয়ে দৌড়াচ্ছে,0.2857142853061225,0.3999999992,0.33333332791666676,0.33333332791666676,0.1999999948000001,0.33333332791666676,0,0,0.46153846153846156,0.2222222219753086
7613.png,একটি শিশু তাকিয়ে আছে।,0.9999999975,0.6666666655555555,0.7999999936,0.7999999936,0.49999999406250006,0.7999999936,0,0,0.65,0.6666666655555555
3226796100_08c49cfa5c.jpg,একটি ছেলে একটি <unk>,0.49999999875,0.33333333277777777,0.3999999944,0.3999999944,0.0,0.3999999944,0,0,0.41666666666666663,0.2857142853061225
3747.png,একজন বাচ্চা মেয়ে দাড়িয়ে হাসছে।,0.5999999988,0.2727272724793388,0.374999995234375,0.374999995234375,0.14285713857142868,0.374999995234375,0,0,0.39473684210526316,0.23076923059171597
2233426944_0959835ced.jpg,কালো কুকুরটি কালো কুকুর তাড়া করছে,0.16666666638888888,0.1999999996,0.1818181765289258,0.1818181765289258,0.0,0.1818181765289258,0,0,0.4285714285714286,0.1111111109876543
20201221_201223.jpg,টাক মাথার স্কার্ফ পড়া একজন পুরুষ এবং একজন লোক,0.0,0.0,0.0,0.0,0.0,0.0,0,0,0.23529411764705888,0.0
6557.png,একটি শিশু আছে।,0.9999999966666667,0.7499999981250001,0.8571428497959185,0.8571428497959185,0.39999999360000005,0.8571428497959185,0,0,0.6923076923076923,0.7499999981250001
8746.png,একদল লোক আগুনের পাশে বসে আছেন।,0.33333333277777777,0.15384615372781063,0.21052631124653745,0.21052631124653745,0.0,0.21052631124653745,0,0,0.3548387096774194,0.11764705875432525
964.png,একটি <unk> একটি <unk>,0.249999999375,0.14285714265306124,0.1818181768595043,0.1818181768595043,0.0,0.1818181768595043,0,0,0.16000000000000003,0.12499999984374999
1052358063.jpg,একটি ছেলে স্কেটবোর্ডিং করছে,0.7499999981250001,0.21428571413265304,0.33333332950617284,0.33333332950617284,0.1333333299555556,0.33333332950617284,0,0,0.47058823529411764,0.23076923059171597
351.png,একজন মানুষ হেঁটে যাচ্ছে।,0.49999999875,0.24999999968749997,0.33333332833333335,0.33333332833333335,0.1999999954000001,0.33333332833333335,0,0,0.36363636363636365,0.1999999998
3294964868_16f4f9fa9d.jpg,একজন স্কি চলছে,0.6666666644444444,0.3999999992,0.49999999406250006,0.49999999406250006,0.0,0.49999999406250006,0,0,0.44999999999999996,0.33333333277777777
605.png,একটি নৌকা ও কয়েকজন মানুষ আছে।,0.6666666655555555,0.3636363633057851,0.47058823017301044,0.47058823017301044,0.2666666618666667,0.3529411714878893,0,0,0.275,0.30769230745562126
1883.png,একজন পুরুষ ও একজন নারী দাড়িয়ে আছে।,0.2857142853061225,0.24999999968749997,0.2666666613333334,0.2666666613333334,0.0,0.2666666613333334,0,0,0.4285714285714286,0.16666666652777776
8894.png,নদীতে নৌকা ও কয়েকজন মানুষ আছে।,0.6666666655555555,0.6666666655555555,0.6666666605555556,0.6666666605555556,0.0,0.3333333277777778,0,0,0.4285714285714286,0.49999999937499995
4541.png,একটি ছোট ছেলে একটি নীল রঙের দালানের পাশে,0.0,0.0,0.0,0.0,0.0,0.0,0,0,0.3214285714285714,0.0
1790.png,একটি মঞ্চে কিছু ছেলেমেয়ে এবং বসে আছে।,0.7142857132653061,0.23809523798185941,0.3571428531377551,0.3571428531377551,0.15384614863905344,0.2857142817602041,0,0,0.4482758620689655,0.21739130425330813
3287549827_04dec6fb6e.jpg,এক লোক বরফের দিনে একটি রেলিংয়ের নিচে নামছে,0.24999999968749997,0.49999999875,0.33333332833333335,0.33333332833333335,0.15384614863905344,0.2857142804081633,0,0,0.4482758620689655,0.1999999998
1343426964_cde3fb54e8.jpg,একটি ভাসমান কমলা রঙের জামা পরিহিত বালকটি হাসছে,0.24999999968749997,0.1999999998,0.22222221703703712,0.22222221703703712,0.0,0.22222221703703712,0,0,0.3939393939393939,0.124999999921875
3280644151_3d89cb1e0e.jpg,এক ব্যক্তি একটি চিহ্নের সামনে দাঁড়িয়ে আছে,0.14285714265306124,0.14285714265306124,0.14285713765306143,0.14285713765306143,0.0,0.14285713765306143,0,0,0.37037037037037035,0.07692307686390532
3120266797_47e7d91614.jpg,একজন লোক গ্রামীণ রাস্তায় দৌড়াচ্ছে,0.3999999992,0.16666666652777776,0.23529411321799312,0.23529411321799312,0.0,0.23529411321799312,0,0,0.4444444444444444,0.14285714275510203
3537474810_cf676b3259.jpg,দুজন খেলোয়াড় বল লাথি মারলো,0.3999999992,0.2222222219753086,0.2857142807142858,0.2857142807142858,0.16666666194444454,0.2857142807142858,0,0,0.43333333333333335,0.16666666652777776
20220909_132450.jpg,একটি লাল জ্যাকেট পরিহিত একজন লোক একটি <unk> একটি লাল জ্যাকেট পরে একটি ছোট ছেলে একটি <unk> একটি লাল জ্যাকেট পরে একটি ছোট ছেলে একটি <unk> একটি লাল জ্যাকেট পরে একটি ছোট ছেলে একটি <unk> একটি লাল জ্যাকেট পরে একটি,0.02499999999375,0.09090909082644627,0.03921568287581729,0.03921568287581729,0.0,0.03921568287581729,0,0,0.16666666666666663,0.05263157891966759
4455.png,কালো কোট পরা এক লোক একটি <unk> সময় <unk> <unk> সময় <unk> <unk> সময় <unk> <unk> সময় <unk> <unk> সময় <unk> <unk> সময় <unk> <unk> সময় <unk> <unk> সময় <unk> <unk> সময় <unk> <unk> সময় <unk> <unk> সময় <unk> <unk>,0.02499999999375,0.16666666638888888,0.04347825858223074,0.04347825858223074,0.0,0.04347825858223074,0,0,0.13636363636363635,0.07692307686390532
342204631_146602491711125_3676620178136048845_n.jpg,সূর্য দূরত্বে এলাকা মানুষজন দেখা যাচ্ছে,0.0,0.0,0.0,0.0,0.0,0.0,0,0,0.24,0.0
1788.png,একজন শারি পরা মহিলা বসে আছে।,0.33333333277777777,0.18181818165289254,0.2352941128027682,0.2352941128027682,0.0,0.2352941128027682,0,0,0.3414634146341463,0.13333333324444444
2661567396_cbe4c2e5be.jpg,একটি সোনার বাড়ি চেয়ার এর উপরে আছে,0.2857142853061225,0.1999999998,0.23529411252595167,0.23529411252595167,0.0,0.23529411252595167,0,0,0.36111111111111116,0.14285714275510203
2856080862_95d793fa9d.jpg,একদল যুবক একটি ফুটবল খেলছে।,0.3999999992,0.3999999992,0.39999999420000004,0.39999999420000004,0.0,0.39999999420000004,0,0,0.5238095238095238,0.24999999968749997
624058168_f1c5e87e59.jpg,একটি কালো কুকুরটি লাফ দিচ্ছে,0.3999999992,0.33333333277777777,0.36363635801652905,0.36363635801652905,0.15384614934911253,0.36363635801652905,0,0,0.6956521739130435,0.2222222219753086
1978.png,একজন পুরুষ আছে।,0.6666666644444444,0.24999999968749997,0.36363635900826446,0.36363635900826446,0.0,0.36363635900826446,0,0,0.30000000000000004,0.2222222219753086
7086.png,একটি <unk> দল লোক দেখেন।,0.1999999996,0.05555555552469135,0.0869565182608697,0.0869565182608697,0.0,0.0869565182608697,0,0,0.17460317460317465,0.045454545433884296
3325129757_7a1979ac11.jpg,একটি শিশু তুষারের মধ্যে পিছলে পরে একটি বরফঘেরা পাহাড়ের ওপরে একটি বরফের পাহাড়ের ওপরে একটি বরফের পাহাড়ের ওপরে একটি বরফের পাহাড়ের ওপরে একটি বরফের পাহাড়ের ওপরে একটি বরফের পাহাড়ের ওপরে একটি বরফের পাহাড়ের ওপরে একটি বরফের পাহাড়ের ওপরে একটি বরফের,0.0499999999875,0.1999999998,0.07999999676800014,0.07999999676800014,0.0,0.07999999676800014,0,0,0.23863636363636365,0.05555555552469135
7670.png,ধান ক্ষেতের মাঝ দিয়ে বসে আছে।,0.6666666655555555,0.3636363633057851,0.47058823017301044,0.47058823017301044,0.39999999502222217,0.47058823017301044,0,0,0.41025641025641024,0.30769230745562126
5960.png,একজন কৃষক দুইটি গরু আছে।,0.7999999984,0.6666666655555555,0.7272727209917357,0.7272727209917357,0.4444444385185186,0.7272727209917357,0,0,0.8,0.571428570612245
1235681222_819231767a.jpg,এক পরিবার একটি <unk> তে মানুষজন তাদের <unk> তে মানুষজন তাদের <unk> তে মানুষজন তাদের <unk> তে মানুষজন তাদের <unk> তে মানুষজন তাদের <unk> তে মানুষজন তাদের <unk> তে মানুষজন তাদের <unk> তে মানুষজন তাদের <unk> তে মানুষজন তাদের <unk>,0.0499999999875,0.14285714275510203,0.07407407020576152,0.07407407020576152,0.0,0.04347825858223074,0,0,0.16981132075471694,0.124999999921875
2154.png,একটি নৌকায় কয়েকজন মানুষ আছে।,0.3999999992,0.1999999998,0.2666666618666667,0.2666666618666667,0.0,0.2666666618666667,0,0,0.33333333333333337,0.15384615372781063
3620.png,একটি শিশু আছে।,0.6666666644444444,0.49999999875,0.5714285648979592,0.5714285648979592,0.39999999360000005,0.5714285648979592,0,0,0.5714285714285714,0.3999999992
31.png,একটি রিক্সায় একজন পুরুষ একটি রিক্সায় দুইটি মোটর সাইকেল চালক তার <unk>,0.3333333330555555,0.2352941175086505,0.27586206392390017,0.27586206392390017,0.0,0.20689654673008334,0,0,0.328125,0.18181818173553718
5087.png,একজন বৃদ্ধ নারী কাজ করছে।,0.1999999996,0.1999999996,0.19999999460000012,0.19999999460000012,0.0,0.19999999460000012,0,0,0.5,0.1111111109876543
5731.png,একজন পুরুষ ও একজন বাচ্চা মেয়েকে চুমু খাচ্ছে,0.24999999968749997,0.18181818165289254,0.21052631069252087,0.21052631069252087,0.0,0.21052631069252087,0,0,0.3157894736842105,0.124999999921875
2051194177_fbeee211e3.jpg,একটি কুকুর পানির কিনারায় খেলতে নেমে গোসল করছে,0.24999999968749997,0.24999999968749997,0.24999999468750006,0.24999999468750006,0.14285713765306143,0.24999999468750006,0,0,0.5161290322580645,0.14285714275510203
1035.png,একজন পুরুষ মানুষ আছে।,0.7499999981250001,0.4285714279591837,0.5454545398347109,0.5454545398347109,0.44444443901234576,0.5454545398347109,0,0,0.5384615384615384,0.37499999953124996
5402.png,কয়েকজন পুরুষ গোছল করছে।,0.249999999375,0.3333333322222222,0.28571428000000004,0.28571428000000004,0.0,0.28571428000000004,0,0,0.5294117647058824,0.16666666638888888
3547313700_39368b9a2f.jpg,একটি কুকুর একটি বাদামী কুকুরকে শুকছে।,0.33333333277777777,0.18181818165289254,0.2352941128027682,0.2352941128027682,0.0,0.2352941128027682,0,0,0.41666666666666663,0.14285714275510203
1057.png,একটি ঘর ও ঘর ও ঘর ও ঘর ও ঘর ও ঘর ও ঘর ও ঘর ও ঘর ও ঘর ও ঘর ও ঘর ও ঘর ও ঘর ও ঘর ও ঘর ও ঘর ও ঘর ও ঘর ও ঘর,0.02499999999375,0.03571428570153061,0.029411759852941973,0.029411759852941973,0.0,0.029411759852941973,0,0,0.27722772277227725,0.039999999984
2404.png,একজন মহিলা হাতে ফোন দিয়ে দাঁড়িয়ে আছে।,0.14285714265306124,0.1999999996,0.16666666152777793,0.16666666152777793,0.0,0.16666666152777793,0,0,0.375,0.09090909082644627
5225.png,গাছের মাঝে একটি ছেলে বাশের সাকু দিয়ে গাছ কেটে রাখা একটি গাছের নিচে <unk> গাছের নিচে <unk> গাছের নিচে <unk> গাছের নিচে <unk> গাছের নিচে <unk> গাছের নিচে <unk> গাছের নিচে <unk> গাছের নিচে <unk> গাছের নিচে <unk> গাছের নিচে,0.02499999999375,0.09090909082644627,0.03921568287581729,0.03921568287581729,0.0,0.03921568287581729,0,0,0.14084507042253525,0.04761904759637188
4534.png,একজন মহিলা একটা বাচ্চাকে কোলে নিয়ে আছে।,0.14285714265306124,0.1999999996,0.16666666152777793,0.16666666152777793,0.0,0.16666666152777793,0,0,0.46153846153846156,0.09090909082644627
3686078365_9e655e238f.jpg,পরিচ্ছদ পড়ে এক মহিলা রাস্তায় দাঁড়িয়ে আছেন।,0.4285714279591837,0.2727272724793388,0.33333332820987654,0.33333332820987654,0.12499999515625017,0.33333332820987654,0,0,0.4347826086956522,0.19999999986666667
3096918227_f9d26a7db2.jpg,একটি সুইমসুটে একটি শিশু শূন্যে রয়েছে,0.33333333277777777,0.3999999992,0.36363635801652905,0.36363635801652905,0.0,0.36363635801652905,0,0,0.5,0.24999999968749997
4619.png,একটি রেস্তোরার বাইরে একটি মন্দির।,0.1999999996,0.16666666638888888,0.1818181765289258,0.1818181765289258,0.0,0.1818181765289258,0,0,0.31818181818181823,0.1111111109876543
101669240_b2d3e7f17b.jpg,একটি শিশু স্কি করছে,0.49999999875,0.16666666652777776,0.2499999959375,0.2499999959375,0.0,0.2499999959375,0,0,0.21212121212121215,0.14285714275510203
2636514498_01fcc5f501.jpg,একটি ছোট বাচ্চা মেয়ে ফুটপাতে তার খেলনা নিয়ে ফুটপাতে তার খেলনা নিয়ে ফুটপাতে তার খেলনা নিয়ে ফুটপাতে তার খেলনা নিয়ে ফুটপাতে তার খেলনা নিয়ে ফুটপাতে তার খেলনা নিয়ে ফুটপাতে তার খেলনা নিয়ে ফুটপাতে তার খেলনা নিয়ে ফুটপাতে তার খেলনা নিয়ে,0.07499999998125,0.24999999979166665,0.11538461178994093,0.11538461178994093,0.07999999653600014,0.11538461178994093,0,0,0.20945945945945943,0.21428571413265304
3209523192_05a4cef844.jpg,একজন স্কিয়ার তুষারাবৃত পাহাড়ে স্কি করছে,0.49999999916666665,0.3333333329629629,0.3999999946666667,0.3999999946666667,0.15384614887573977,0.3999999946666667,0,0,0.42307692307692313,0.24999999979166665
5323.png,একজন মহিলা এবং তার পাশে একটি ব্যাগ নিয়ে রাস্তায় দাড়িয়ে আছে,0.18181818165289254,0.49999999875,0.26666666240000003,0.26666666240000003,0.0,0.26666666240000003,0,0,0.35,0.15384615372781063
2748435417_ea7bbcc17c.jpg,একজন লোক একটি লাল রঙের সুতা দিয়ে সজ্জিত জানালার কাছে কেউ বাদ্যযন্ত্র সহ একটি আসনে একা বসে ট্রাফিক <unk> খাচ্ছেন,0.09999999995,0.18181818165289254,0.1290322534027057,0.1290322534027057,0.0,0.1290322534027057,0,0,0.3417721518987342,0.07142857140306122
7800.png,একজন পুরুষ বসে রান্না করছে একটি চায়ের দোকানে বসে রান্না করছে একটি চায়ের দোকানে বসে রান্না করছে একটি চায়ের দোকানে বসে রান্না করছে একটি চায়ের দোকানে বসে রান্না করছে একটি চায়ের দোকানে বসে রান্না করছে একটি চায়ের দোকানে বসে রান্না,0.07499999998125,0.5999999988,0.13333333129876546,0.13333333129876546,0.04651162619794489,0.13333333129876546,0,0,0.11111111111111116,0.29999999969999996
2206403470_8c25aa3cf8.jpg,একটি ছেলে রাস্তায় খেলছে,0.49999999875,0.1999999998,0.28571428122448983,0.28571428122448983,0.16666666263888896,0.28571428122448983,0,0,0.30000000000000004,0.16666666652777776
7999.png,রাস্তার ওপর ওপর একটি মহিলা একটি ভবনে জানালা দিয়ে ঘুমাচ্ছে এবং পাশে একটি লাল সাদা জামা পরে একটি লাল হলুদ জামা পরে রাস্তার পাশে বসে আছে,0.0,0.0,0.0,0.0,0.0,0.0,0,0,0.30107526881720426,0.0
4656.png,রাস্তা দিয়ে মানুষ দেখা যাচ্ছে।,0.1999999996,0.1999999996,0.19999999460000012,0.19999999460000012,0.0,0.19999999460000012,0,0,0.47058823529411764,0.1111111109876543
2285152690_3fb93f65f1.jpg,একজন বাস্কেটবল খেলোয়াড় বল হাতে নিয়ে কোটে দিয়ে দৌড়ে যাচ্ছে,0.29999999969999996,0.4285714279591837,0.35294117121107266,0.35294117121107266,0.2666666615111111,0.35294117121107266,0,0,0.5789473684210527,0.21428571413265304
3763.png,একজন নারী হেঁটে আসছে।,0.49999999875,0.49999999875,0.4999999937500001,0.4999999937500001,0.33333332722222225,0.4999999937500001,0,0,0.6666666666666667,0.33333333277777777
1236951314_0308dc4138.jpg,একটি ছেলে একটি পুকুরে ঝাঁপ দিচ্ছে,0.49999999916666665,0.29999999969999996,0.37499999484375,0.37499999484375,0.2857142807142858,0.37499999484375,0,0,0.4358974358974359,0.24999999979166665
3264937930_9623496b64.jpg,একটি <unk> উপর দাঁড়িয়ে আছে,0.1999999996,0.16666666638888888,0.1818181765289258,0.1818181765289258,0.0,0.1818181765289258,0,0,0.375,0.0999999999
477254932_56b48d775d.jpg,একটি ছেলে একটি পুকুরে লাফ দিচ্ছে,0.49999999916666665,0.24999999979166665,0.33333332851851855,0.33333332851851855,0.12499999554687513,0.33333332851851855,0,0,0.47619047619047616,0.21428571413265304
8682.png,একটি নৌকায় কিছু মানুষ,0.49999999875,0.2222222219753086,0.3076923029585799,0.3076923029585799,0.0,0.3076923029585799,0,0,0.375,0.1999999998
2687529141_edee32649e.jpg,একজন লোক একটি পার্কে দর্শকদের সামনে একটি পার্কে একটি পার্কে একটি পার্কে একটি পার্কে একটি পার্কে একটি পার্কে একটি পার্কে একটি পার্কে একটি পার্কে একটি পার্কে একটি পার্কে একটি পার্কে একটি পার্কে একটি পার্কে একটি পার্কে একটি পার্কে একটি পার্কে,0.02499999999375,0.1999999996,0.0444444424493828,0.0444444424493828,0.0,0.0444444424493828,0,0,0.154320987654321,0.0999999999
4294.png,কয়েকজন পুরুষ আছে। পিছনে কয়েকজন পুরুষ আছে।,0.571428570612245,0.3333333330555555,0.42105262648199443,0.42105262648199443,0.11764705411764723,0.42105262648199443,0,0,0.4545454545454546,0.24999999979166665
3364258732_9942c557e5.jpg,ছোট বাচ্চা <unk> দাঁড়িয়ে আছে,0.1999999996,0.249999999375,0.2222222167901236,0.2222222167901236,0.0,0.2222222167901236,0,0,0.23529411764705888,0.12499999984374999
4248.png,একটি শিশু আছে।,0.9999999966666667,0.49999999916666665,0.6666666607407408,0.6666666607407408,0.28571428081632655,0.6666666607407408,0,0,0.4285714285714286,0.49999999916666665
145.png,একটা পাকা <unk>,0.3333333322222222,0.039999999984,0.07142856946428576,0.07142856946428576,0.0,0.07142856946428576,0,0,0.33333333333333337,0.04347826085066162
7855.png,কয়েকজন মানুষ আছে।,0.6666666644444444,0.49999999875,0.5714285648979592,0.5714285648979592,0.39999999360000005,0.5714285648979592,0,0,0.5714285714285714,0.3999999992
3336065481_2c21e622c8.jpg,একটি শিশু একটি জায়গায় খেলছে,0.3999999992,0.14285714275510203,0.21052631168975072,0.21052631168975072,0.0,0.21052631168975072,0,0,0.42105263157894735,0.12499999984374999
inbound755042063650565929.jpg,একটি পাখি আছে।,0.3333333322222222,0.16666666638888888,0.2222222172839507,0.2222222172839507,0.0,0.2222222172839507,0,0,0.24,0.12499999984374999
8632.png,একটা মেয়ে বসে আছে যার চুল কালো রঙ এর একটা বাচ্চা দু হাতে একটা বাচ্চাকে সাথে বেধে রেখেছে মহিলা বসে আছে যার চুল কালো রঙ এর একটা বাচ্চা দু হাতে একটা বাচ্চাকে সাথে বেধে রেখেছে মহিলা বসে আছে যার চুল,0.0499999999875,0.16666666652777776,0.07692307334319543,0.07692307334319543,0.03999999655200029,0.07692307334319543,0,0,0.19696969696969702,0.07407407404663922
1609.png,একজন ছোট ছেলে বাচ্চা।,0.0,0.0,0.0,0.0,0.0,0.0,0,0,0.25806451612903225,0.0
311619377_2ba3b36675.jpg,একজন লোক ট্রেনে শুয়ে ঘুমাচ্ছে,0.1999999996,0.16666666638888888,0.1818181765289258,0.1818181765289258,0.0,0.1818181765289258,0,0,0.3548387096774194,0.0999999999
209605542_ca9cc52e7b.jpg,এক ব্যক্তি একটি পাথরের উপর থেকে লাফাচ্ছেন,0.14285714265306124,0.16666666638888888,0.15384614863905344,0.15384614863905344,0.0,0.15384614863905344,0,0,0.48275862068965514,0.09090909082644627
528500099_7be78a0ca5.jpg,একজন পুরুষ,0.4999999975,0.1111111109876543,0.1818181785123967,0.1818181785123967,0.0,0.1818181785123967,0,0,0.21052631578947367,0.0999999999
472661386_723aae880b.jpg,একদল লোক একসাথে ছবি তুলছে,0.1999999996,0.1999999996,0.19999999460000012,0.19999999460000012,0.0,0.19999999460000012,0,0,0.4,0.1111111109876543
5656.png,একটি পাহাড়ি ঘরের সামনে একজন পুরুষ আছে।,0.2857142853061225,0.2222222219753086,0.24999999476562512,0.24999999476562512,0.0,0.24999999476562512,0,0,0.38235294117647056,0.15384615372781063
5151.png,অনেকগুলো মানুষ বসে আছে।,0.49999999875,0.24999999968749997,0.33333332833333335,0.33333332833333335,0.18181817752066123,0.33333332833333335,0,0,0.303030303030303,0.2222222219753086
IMG-20220513-WA0071.jpg,কয়েকজন মানুষ আছে।,0.0,0.0,0.0,0.0,0.0,0.0,0,0,0.3076923076923077,0.0
501.png,রাস্তায় অনেক লোকজন দেখা যাচ্ছে।,0.1999999996,0.07692307686390532,0.11111110697530877,0.11111110697530877,0.0,0.11111110697530877,0,0,0.31818181818181823,0.0624999999609375
2206960564_325ed0c7ae.jpg,একটি সাদা কুকুর তার মুখে একটি লাঠি নিয়ে একটি সাদা কুকুর কে শুকছে,0.07692307686390532,0.16666666638888888,0.10526315346260404,0.10526315346260404,0.0,0.10526315346260404,0,0,0.34883720930232553,0.07142857137755101
3409326324_a704565e8f.jpg,একটি <unk> <unk> থেকে লাফ দিচ্ছে,0.33333333277777777,0.3999999992,0.36363635801652905,0.36363635801652905,0.2222222167901236,0.36363635801652905,0,0,0.3571428571428571,0.12499999984374999
2019.png,কয়েকজন মানুষ আছে।,0.3333333322222222,0.07142857137755101,0.11764705577854677,0.11764705577854677,0.0,0.11764705577854677,0,0,0.18181818181818177,0.07692307686390532
3545586120_283d728a97.jpg,একটি ছেলে একটি <unk>,0.249999999375,0.06666666662222222,0.10526315445983389,0.10526315445983389,0.0,0.10526315445983389,0,0,0.2857142857142857,0.05882352937716263
5230.png,একটি রাস্তা আর দূরে একজন মানুষ দেখা যাচ্ছে।,0.37499999953124996,0.2727272724793388,0.31578946847645434,0.31578946847645434,0.11764705384083066,0.31578946847645434,0,0,0.5,0.19999999986666667
2587017287_888c811b5a.jpg,মুখে লাঠি নিয়ে পানিতে হাঁটার সময় মুখে একটি লাঠি নিয়ে পানিতে হাঁটার সময় মুখে একটি লাঠি নিয়ে পানিতে হাঁটার সময় মুখে একটি লাঠি নিয়ে পানিতে হাঁটার সময় মুখে একটি লাঠি নিয়ে পানিতে হাঁটার সময় মুখে একটি লাঠি নিয়ে পানিতে হাঁটার,0.0499999999875,0.3999999992,0.08888888687407412,0.08888888687407412,0.0,0.08888888687407412,0,0,0.14893617021276595,0.1999999998
6176.png,একটি পাল বোট আছে।,0.0,0.0,0.0,0.0,0.0,0.0,0,0,0.3125,0.0
3866.png,একটি কুকুর দোলনায় বসে আছে।,0.3999999992,0.3999999992,0.39999999420000004,0.39999999420000004,0.0,0.39999999420000004,0,0,0.5,0.24999999968749997
3403797144_53e49412ec.jpg,একজন ঢেউ এর উপর সার্ফ করছে,0.49999999916666665,0.3333333329629629,0.3999999946666667,0.3999999946666667,0.15384614887573977,0.3999999946666667,0,0,0.6818181818181819,0.24999999979166665
4603.png,রাতে একটি ব্রীজ দেখা যাচ্ছে।,0.3999999992,0.3999999992,0.39999999420000004,0.39999999420000004,0.2499999943750001,0.39999999420000004,0,0,0.5454545454545454,0.24999999968749997
2114126343_a0f74ff63b.jpg,দু'জন লোক ও একটি মেয়ে একটি সুইমিং স্যুট পরা একটি মেয়ে একটি সুইমিং স্যুট পরা একটি মেয়ে একটি সুইমিং স্যুট পরা একটি মেয়ে একটি সুইমিং স্যুট পরা একটি মেয়ে একটি সুইমিং স্যুট পরা একটি মেয়ে একটি সুইমিং স্যুট পরা একটি,0.02499999999375,0.14285714265306124,0.04255318893617037,0.04255318893617037,0.0,0.04255318893617037,0,0,0.18055555555555558,0.07142857137755101
2073964624_52da3a0fc4.jpg,হেলমেট পড়া এক মহিলা সাইকেল চালাচ্ছে,0.49999999916666665,0.37499999953124996,0.4285714230612245,0.4285714230612245,0.33333332791666676,0.4285714230612245,0,0,0.7096774193548387,0.2727272724793388
3537201804_ce07aff237.jpg,চারটি শিশু বসে আছে।,0.49999999875,0.1999999998,0.28571428122448983,0.28571428122448983,0.0,0.28571428122448983,0,0,0.29166666666666663,0.16666666652777776
8237.png,একজন পুরুষ মাথার উপর দিয়ে যাচ্ছে ও মাঝখানে রাস্তা দিয়ে একজন পুরুষ মানুষ।,0.0,0.0,0.0,0.0,0.0,0.0,0,0,0.26,0.0
47.png,এক অর্ধনগ্ন ব্যক্তি ও এক লোক হেঁটে যাচ্ছে,0.12499999984374999,0.08333333326388888,0.09999999510000022,0.09999999510000022,0.0,0.09999999510000022,0,0,0.32608695652173914,0.0624999999609375
2496399593_a24954a5ca.jpg,কালো পোশাক পরিহিত একজন মহিলা এবং একটি যুবতী।,0.37499999953124996,0.29999999969999996,0.3333333280246914,0.3333333280246914,0.0,0.3333333280246914,0,0,0.4,0.19999999986666667
3096.png,<unk> <unk> <unk> <unk> <unk> <unk> নতুন জিনিস দেখছে,0.0,0.0,0.0,0.0,0.0,0.0,0,0,0.25,0.0
9067.png,একটি শিশু আছে।,0.9999999966666667,0.7499999981250001,0.8571428497959185,0.8571428497959185,0.39999999360000005,0.8571428497959185,0,0,0.6923076923076923,0.7499999981250001
2673148534_8daf0de833.jpg,একটি কালো কুকুর এবং একটি কুকুর যোগাযোগ করে।,0.49999999937499995,0.571428570612245,0.5333333276444445,0.5333333276444445,0.3076923022485208,0.5333333276444445,0,0,0.5517241379310345,0.3333333329629629
1282392036.jpg,একটি <unk> <unk> একটি <unk> একটি <unk> একটি <unk> একটি <unk> একটি <unk> একটি <unk> একটি <unk> একটি <unk> একটি <unk> একটি <unk> একটি <unk> একটি <unk> একটি <unk> একটি <unk> একটি <unk> একটি <unk> একটি <unk> একটি <unk> একটি,0.07499999998125,0.19999999986666667,0.10909090508429765,0.10909090508429765,0.037735845154859775,0.10909090508429765,0,0,0.1572327044025157,0.14285714275510203
2999162229_80d17099b6.jpg,একটি শিশু হাতে ফুল নিয়ে দাঁড়িয়ে আছে।,0.14285714265306124,0.12499999984374999,0.13333332817777796,0.13333332817777796,0.0,0.13333332817777796,0,0,0.3448275862068966,0.07142857137755101
3192.png,একজন পুরুষ মানুষ আছে।,0.249999999375,0.05555555552469135,0.09090908785123977,0.09090908785123977,0.0,0.09090908785123977,0,0,0.4,0.04761904759637188
7056.png,একজন মহিলা তার মাথাই তুপি দিয়ে ছবি এঁকে দিচ্ছেন মহিলাটি হাতে একটি গোলাপ মুখের মধ্যে একজন নারীর পেছনের <unk> <unk> <unk> <unk> <unk> জড়িয়ে ধরেছে। পিছনে একজন মহিলা কালো কাপড় দিয়ে হেঁটে যাচ্ছে।,0.030303030293847566,0.249999999375,0.054054052096420814,0.054054052096420814,0.0,0.054054052096420814,0,0,0.2265625,0.03571428570153061
3159092624_66af4e207e.jpg,একটি ছোট ছেলে একটি গাছের পাশে দাঁড়িয়ে আছে।,0.37499999953124996,0.24999999979166665,0.2999999949,0.2999999949,0.15384614863905344,0.2999999949,0,0,0.5555555555555556,0.1874999998828125
2762702644_2aa3bf9680.jpg,একজন লোক একটি <unk> <unk> তার ঘরের বাইরে বেরিয়ে যাচ্ছে,0.1999999998,0.124999999921875,0.15384614899408297,0.15384614899408297,0.0,0.15384614899408297,0,0,0.2941176470588235,0.09090909086776859
3102204862_f1d220230b.jpg,ভলিবল পরিবেশন এর বাইরে দুজন মহিলা একটি বারে লড়াই করছে,0.29999999969999996,0.4285714279591837,0.35294117121107266,0.35294117121107266,0.0,0.35294117121107266,0,0,0.30000000000000004,0.21428571413265304
289616152_012a9f16c6.jpg,একজন লোক একটি লাল ইটের ভবনের সামনে একটি <unk> উপরে একটি <unk> উপরে একটি <unk> উপরে একটি <unk> উপরে একটি <unk> উপরে একটি <unk> উপরে একটি <unk> উপরে একটি <unk> উপরে একটি <unk> উপরে একটি <unk> উপরে একটি <unk> উপরে,0.0499999999875,0.33333333277777777,0.08695651943289232,0.08695651943289232,0.0,0.07999999676800014,0,0,0.15094339622641506,0.15384615372781063
3070713991_8696796937.jpg,এক ব্যক্তি পার্কের একটি <unk> গাছের উপর দাঁড়িয়ে আছে।,0.3333333329629629,0.23076923059171597,0.2727272676446281,0.2727272676446281,0.12499999484375018,0.22222221697530875,0,0,0.34285714285714286,0.15789473675900276
6808.png,তিনজন ছেলে এবং পিছনে একজন পুরুষ দাড়িয়ে আছে।,0.6249999992187499,0.5555555549382716,0.5882352884429066,0.5882352884429066,0.15384614863905344,0.4705882297577854,0,0,0.5333333333333333,0.49999999949999996
7196.png,একটি শিশু উপরের দিকে তাকিয়ে আছে।,0.33333333277777777,0.3999999992,0.36363635801652905,0.36363635801652905,0.2222222167901236,0.36363635801652905,0,0,0.5238095238095238,0.2222222219753086
6313.png,আলো অন্ধকারে আলো পড়ছে,0.0,0.0,0.0,0.0,0.0,0.0,0,0,0.2777777777777778,0.0
4783.png,একটি ছোট ছেলে দৌড়ে যাচ্ছে।,0.3999999992,0.33333333277777777,0.36363635801652905,0.36363635801652905,0.0,0.36363635801652905,0,0,0.5,0.2222222219753086
2789238858_14261dd25a.jpg,দুটি কুকুর রাতে একটি ট্র্যাকের উপর দৌড়াচ্ছে,0.4285714279591837,0.49999999916666665,0.4615384558579882,0.4615384558579882,0.0,0.4615384558579882,0,0,0.5714285714285714,0.3333333329629629
2068465241_3bcabacfd7.jpg,একটি শিশু একটি জিনিস ধরে রেখে দাঁড়িয়ে আছে,0.24999999968749997,0.2222222219753086,0.23529411238754333,0.23529411238754333,0.13333332817777796,0.23529411238754333,0,0,0.46875,0.14285714275510203
121551810.jpg,একটি লোক তার সাইকেল চালাচ্ছে,0.1999999996,0.14285714265306124,0.16666666152777793,0.16666666152777793,0.0,0.16666666152777793,0,0,0.28,0.09090909082644627
3756.png,একজন পুরুষ ও একজন মহিলা একটা মোবাইলের জানালার সামনে দাঁড়িয়ে আছে।,0.18181818165289254,0.2857142853061225,0.22222221722222232,0.22222221722222232,0.0,0.22222221722222232,0,0,0.4222222222222223,0.13333333324444444
2282895743_f803f1cf01.jpg,কোট পরা একটি মেয়ে এবং একটি মেয়ে ক্যামেরার দিকে তাকিয়ে আছে,0.2727272724793388,0.3333333329629629,0.29999999475000005,0.29999999475000005,0.0,0.29999999475000005,0,0,0.42105263157894735,0.13333333324444444
3280672302_2967177653.jpg,একটি কালো রঙের পোশাক পরিহিত একটি মেয়ে একটি পথে পিছলে লাইনের মধ্য দিয়ে হেঁটে যাচ্ছে,0.06666666662222222,0.14285714265306124,0.09090908648760351,0.09090908648760351,0.0,0.09090908648760351,0,0,0.3928571428571429,0.05555555552469135
2239938351_43c73c887c.jpg,দুটি কুকুর একটি অপরটির সাথে খেলছে,0.6666666655555555,0.49999999937499995,0.5714285657142858,0.5714285657142858,0.33333332791666676,0.5714285657142858,0,0,0.7083333333333333,0.3999999996
8251.png,মসজিদে কয়েকজন মানুষ আছে।,0.49999999875,0.49999999875,0.4999999937500001,0.4999999937500001,0.33333332722222225,0.4999999937500001,0,0,0.6470588235294117,0.33333333277777777
1395.png,কয়েকজন পুরুষ মানুষ দাড়িয়ে আছে ৭ জন পুরুষ বাদ্যযন্ত্র বাজাচ্ছে।,0.3999999996,0.4444444439506172,0.4210526261495845,0.4210526261495845,0.11764705370242234,0.21052631058171756,0,0,0.5,0.21428571413265304
4505.png,দুইজন মানুষ শুয়ে আছে।,0.0,0.0,0.0,0.0,0.0,0.0,0,0,0.4666666666666667,0.0
1130369873_d80a1aa59c.jpg,একটি কুকুর একটি সবুজ রঙের ন্যস্ত পোশাক পরিহিত একটি কুকুর একটি সবুজ রঙের ন্যস্ত পোশাক পরিহিত একটি কুকুর একটি সবুজ রঙের ন্যস্ত পোশাক পরিহিত একটি কুকুর একটি সবুজ রঙের ন্যস্ত পোশাক পরিহিত একটি কুকুর একটি সবুজ রঙের ন্যস্ত পোশাক পরিহিত,0.0499999999875,0.2222222219753086,0.08163265002915464,0.08163265002915464,0.0,0.08163265002915464,0,0,0.1597633136094675,0.14285714275510203
_MG_2288.JPG,একটি দোকানের সামনে একটি মনিটর দেখছে,0.49999999916666665,0.4285714279591837,0.4615384558579882,0.4615384558579882,0.36363635801652905,0.4615384558579882,0,0,0.64,0.3333333329629629
189.png,একজন পুরুষ ও পিছনে ২ জন পুরুষ যাদের পিছনে ২ জন পুরুষ যাদের পিছনে ২ জন পুরুষ যাদের পিছনে ২ জন পুরুষ যাদের পিছনে ২ জন পুরুষ যাদের পিছনে ২ জন পুরুষ যাদের পিছনে ২ জন পুরুষ যাদের পিছনে ২,0.0499999999875,0.16666666652777776,0.07692307334319543,0.07692307334319543,0.0,0.07692307334319543,0,0,0.23703703703703705,0.11764705875432525
3602838407_bf13e49243.jpg,একটি কালো কুকুর পানিতে লাফ দিচ্ছে,0.49999999916666665,0.49999999916666665,0.4999999941666667,0.4999999941666667,0.2857142807142858,0.4999999941666667,0,0,0.5454545454545454,0.3333333329629629
3273325447_81c94000da.jpg,একজন লোক তার পিছনে পড়ে গেছে,0.16666666638888888,0.1999999996,0.1818181765289258,0.1818181765289258,0.0,0.1818181765289258,0,0,0.31999999999999995,0.0999999999
4863.png,সূর্যাস্তের সময় একটা ছোট ছেলে নদীর পানিতে নেমে একটা টায়ার নিয়ে দাঁড়িয়ে আছে।,0.07692307686390532,0.14285714265306124,0.0999999953500002,0.0999999953500002,0.0,0.0999999953500002,0,0,0.36734693877551017,0.05555555552469135
2423292784_166ee54e0b.jpg,একটি ছোট ছেলে <unk> <unk> ধরে আছে।,0.571428570612245,0.49999999937499995,0.5333333276444445,0.5333333276444445,0.3076923022485208,0.5333333276444445,0,0,0.6538461538461539,0.3999999996
2113530024_5bc6a90e42.jpg,কিছু লোক ফুটবল খেলছে,0.249999999375,0.1999999996,0.2222222167901236,0.2222222167901236,0.0,0.2222222167901236,0,0,0.6,0.12499999984374999
8564.png,একজন নারী বসে কাজ করছে।,0.0,0.0,0.0,0.0,0.0,0.0,0,0,0.38095238095238093,0.0
3189.png,একজন পুরুষ বসে আছে।,0.9999999975,0.4444444439506172,0.6153846101775148,0.6153846101775148,0.5454545404958677,0.6153846101775148,0,0,0.4117647058823529,0.49999999937499995
4090.png,একটি নৌকায় তিনজন মানুষ আছে।,0.3999999992,0.16666666652777776,0.23529411321799312,0.23529411321799312,0.0,0.23529411321799312,0,0,0.3421052631578947,0.13333333324444444
133.png,একটা ছেলে নদীতে একটি মাছ ধরছে।,0.16666666638888888,0.12499999984374999,0.1428571377551022,0.1428571377551022,0.0,0.1428571377551022,0,0,0.3928571428571429,0.07692307686390532
1980.png,একজন পুরুষ বসে আছে আর তার পাশ দিয়ে একজন পুরুষ বসে আছে আর তার পাশ দিয়ে একজন পুরুষ বসে আছে আর তার পাশ দিয়ে একজন পুরুষ বসে আছে আর তার পাশ দিয়ে একজন পুরুষ বসে আছে আর তার পাশ দিয়ে,0.0499999999875,0.14285714275510203,0.07407407020576152,0.07407407020576152,0.0,0.07407407020576152,0,0,0.23880597014925375,0.09999999995
8925.png,একজন বৃদ্ধ নারী তাকিয়ে আছে।,0.3999999992,0.49999999875,0.4444444385185186,0.4444444385185186,0.0,0.4444444385185186,0,0,0.5555555555555556,0.2857142853061225
2362481035_a7600875d0.jpg,একটি বাচ্চা একটি টায়ারের দোলনায় দোলছে।,0.33333333277777777,0.2857142853061225,0.3076923022485208,0.3076923022485208,0.0,0.3076923022485208,0,0,0.5384615384615384,0.1999999998
20210824_073557.jpg,একটি কুকুর সৈকতের দিকে ছুটে যায়।,0.16666666638888888,0.14285714265306124,0.15384614863905344,0.15384614863905344,0.0,0.15384614863905344,0,0,0.3928571428571429,0.08333333326388888
7069.png,একটি সাদা রঙের পোশাক পরা ছোট মেয়ে দৌড়াচ্ছে,0.24999999968749997,0.15384615372781063,0.1904761855782314,0.1904761855782314,0.0,0.1904761855782314,0,0,0.5,0.10526315783933518
2760.png,কয়েকজন মানুষ আছে।,0.9999999966666667,0.9999999966666667,0.9999999916666666,0.9999999916666666,0.9999999900000001,0.9999999916666666,1,1,1.0,0.9999999966666667
1863.png,সামনে একজন পুরুষ ও কয়েকজন মানুষ আছে। পিছনে কয়েকজন মানুষ আছে। পিছনে কয়েকজন মানুষ আছে। পিছনে কয়েকজন মানুষ আছে। পিছনে কয়েকজন মানুষ আছে। পিছনে কয়েকজন মানুষ আছে। পিছনে কয়েকজন মানুষ আছে। পিছনে কয়েকজন মানুষ আছে। পিছনে কয়েকজন মানুষ আছে। পিছনে,0.12499999996875,0.6249999992187499,0.20833333046875002,0.20833333046875002,0.08695651912098307,0.20833333046875002,0,0,0.20958083832335328,0.3636363633057851
3529721084_4b405baf54.jpg,একটি কালো এবং কালো ও কালো ও কালো ও কালো ও কালো ও কালো ও কালো ও কালো ও কালো ও কালো ও কালো ও কালো ও কালো ও কালো ও কালো ও কালো ও কালো ও কালো ও কালো,0.02499999999375,0.05882352937716263,0.03508771510003128,0.03508771510003128,0.0,0.03508771510003128,0,0,0.2647058823529411,0.05263157891966759
2316.png,অনেকগুলো মানুষ আছে।,0.0,0.0,0.0,0.0,0.0,0.0,0,0,0.2727272727272727,0.0
8477.png,একজন ছোট একটি গাছের নীচ এ দুইটি পাখি আছে।,0.1111111109876543,0.3333333322222222,0.16666666263888896,0.16666666263888896,0.0,0.16666666263888896,0,0,0.34782608695652173,0.09090909082644627
1220401002_3f44b1f3f7.jpg,একটি ছোট ছেলে ঘাসে একটি ছোট ছেলে পার্কে ঘাসের উপর থাকা একটি ছেলে একটি ছোট ছেলে পার্কে ঘাসের উপর থাকা একটি ছেলে একটি ছোট ছেলে পার্কে ঘাসের উপর থাকা একটি ছেলে একটি ছোট ছেলে পার্কে ঘাসের উপর থাকা একটি ছেলে,0.0499999999875,0.3999999992,0.08888888687407412,0.08888888687407412,0.04651162619794489,0.08888888687407412,0,0,0.16428571428571426,0.18181818165289254
1463732130_a754441289.jpg,ট্রাম্পোলিনে দুটি মেয়ে বেড়ার উপর লাফাচ্ছে,0.33333333277777777,0.49999999875,0.3999999944,0.3999999944,0.0,0.3999999944,0,0,0.4,0.24999999968749997
3229282764_a4a515f4e2.jpg,একটি মেয়ে একে অপরের হাত ধরে পানিতে লাফালাফি করছে,0.2222222219753086,0.49999999875,0.3076923029585799,0.3076923029585799,0.18181817752066123,0.3076923029585799,0,0,0.36363636363636365,0.18181818165289254
7212.png,একটি শিশু আছে।,0.9999999966666667,0.5999999988,0.7499999934375,0.7499999934375,0.0,0.7499999934375,0,0,0.6,0.5999999988
1026.png,সরিষা ক্ষেতের মাঝে একটি শিশু সরিষা ক্ষেতের মাঝ দিয়ে মাথায় কিছু দরি প্যাঁচানো দেখা যাচ্ছে।,0.3333333331111111,0.5555555549382716,0.4166666616319445,0.4166666616319445,0.2727272678512397,0.4166666616319445,0,0,0.4181818181818182,0.29411764688581316
3774.png,একজন পুরুষ আছে।,0.9999999966666667,0.4285714279591837,0.5999999946000001,0.5999999946000001,0.24999999562500003,0.5999999946000001,0,0,0.3928571428571429,0.4285714279591837
2110.png,একটি <unk> শহুরে রাস্তায় হাটছে,0.0,0.0,0.0,0.0,0.0,0.0,0,0,0.2222222222222222,0.0
3154.png,একজন মেয়ে মঞ্চে দাড়িয়ে আছে একটি মঞ্চে নাচ দেখছে।,0.4444444439506172,0.2222222220987654,0.2962962916323731,0.2962962916323731,0.07999999558400024,0.22222221761316877,0,0,0.31666666666666665,0.18181818173553718
10.png,একজন মহিলা মাথায় কাপড় দিয়ে হেঁটে যাচ্ছে।,0.571428570612245,0.1999999999,0.2962962922359397,0.2962962922359397,0.07999999628800017,0.2962962922359397,0,0,0.42105263157894735,0.1999999999
2955985301_e4139bc772.jpg,একটি কালো রঙের,0.3333333322222222,0.14285714265306124,0.1999999954000001,0.1999999954000001,0.0,0.1999999954000001,0,0,0.3076923076923077,0.12499999984374999
6509.png,একজন বৃদ্ধ নারী আছে।,0.49999999875,0.49999999875,0.4999999937500001,0.4999999937500001,0.0,0.4999999937500001,0,0,0.6875,0.33333333277777777
6334.png,রাস্তা দিয়ে অনেকগুলো মানুষ আছে।,0.3999999992,0.6666666644444444,0.49999999406250006,0.49999999406250006,0.33333332777777785,0.49999999406250006,0,0,0.4736842105263158,0.33333333277777777
3427852996_d383abd819.jpg,একজন লোক তার সাইকেল <unk> সাইকেলের উপর দিয়ে চড়ে।,0.2222222219753086,0.2222222219753086,0.22222221697530875,0.22222221697530875,0.10526315290858747,0.22222221697530875,0,0,0.3421052631578947,0.124999999921875
4203.png,একজন পুরুষ বসে আছে।,0.9999999975,0.6666666655555555,0.7999999936,0.7999999936,0.7499999934375,0.7999999936,0,0,0.6363636363636364,0.6666666655555555
2387197355_237f6f41ee.jpg,মোটরসাইকেলে থাকা একজন লোক একটি মোটরসাইকেলে চড়ে বসেছে,0.24999999968749997,0.2857142853061225,0.2666666613333334,0.2666666613333334,0.15384614863905344,0.2666666613333334,0,0,0.30952380952380953,0.16666666652777776
3718964174_cb2dc1615e.jpg,মাথায় স্কার্ফ পরা মহিলা মাথায় কাপড় দিয়ে হাতে একটি <unk> গহনা ধরে হাঁটছে।,0.30769230745562126,0.3333333330555555,0.319999994752,0.319999994752,0.08695651667296815,0.23999999481600012,0,0,0.35416666666666663,0.2222222220987654
2931950813_93145c4746.jpg,একটি ছোট কালো পোশাকের এক ছোট ছেলে একটি ছোট ছেলে,0.29999999969999996,0.37499999953124996,0.3333333280246914,0.3333333280246914,0.12499999492187522,0.3333333280246914,0,0,0.475,0.18181818165289254
390360326_26f5936189.jpg,দুটি কুকুর একসাথে তীরের দিকে ছুটে যায়।,0.2857142853061225,0.1999999998,0.23529411252595167,0.23529411252595167,0.0,0.23529411252595167,0,0,0.4054054054054054,0.14285714275510203
3138.png,৪ জন ছেলে দাড়িয়ে আছে যাদের সামনে চেয়ে আছেন যাদের সামনে চেয়ে আছেন যাদের সামনে চেয়ে আছেন যাদের সামনে চেয়ে আছেন যাদের সামনে চেয়ে আছেন যাদের সামনে চেয়ে আছেন যাদের সামনে চেয়ে আছেন যাদের সামনে চেয়ে আছেন যাদের সামনে চেয়ে,0.12499999996875,0.3124999998046875,0.1785714244260205,0.1785714244260205,0.07407407003429377,0.14285713872448993,0,0,0.26206896551724135,0.2777777776234568
118939861.jpg,লোকটি তার বাহু তুলছে,0.249999999375,0.07142857137755101,0.1111111075308643,0.1111111075308643,0.0,0.1111111075308643,0,0,0.25,0.05882352937716263
_MG_2298.JPG,একটি লোক হাতে একটা লিখছে।,0.5999999988,0.49999999916666665,0.5454545395041324,0.5454545395041324,0.0,0.36363635801652905,0,0,0.5882352941176471,0.37499999953124996
6652.png,তিনটা টিনের <unk> <unk> করছে।,0.0,0.0,0.0,0.0,0.0,0.0,0,0,0.2727272727272727,0.0
8009.png,একটি সেতু আছে।,0.0,0.0,0.0,0.0,0.0,0.0,0,0,0.17647058823529416,0.0
1387785218_cee67735f5.jpg,একটি ছোট ছেলে ট্রাইসাইকেল চালাচ্ছে।,0.3999999992,0.18181818165289254,0.249999995390625,0.249999995390625,0.0,0.15384614887573977,0,0,0.4411764705882353,0.14285714275510203
635.png,একজন বয়স্ক নারী একটি শিশু কোলে নিয়ে হেঁটে যাচ্ছে।,0.2222222219753086,0.33333333277777777,0.2666666615111111,0.2666666615111111,0.0,0.2666666615111111,0,0,0.40625,0.16666666652777776
3202.png,একজন পুরুষ জাল বিক্রি করছেন এবং ১ জন পুরুষ মানুষ।,0.1999999998,0.33333333277777777,0.24999999500000003,0.24999999500000003,0.14285713806122466,0.24999999500000003,0,0,0.3055555555555556,0.15384615372781063
5594.png,২ জন পুরুষ হেঁটে যাচ্ছে।,0.3999999992,0.14285714275510203,0.21052631168975072,0.21052631168975072,0.0,0.10526315390581731,0,0,0.19999999999999996,0.11764705875432525
2285741931_07159a21f2.jpg,একটি শিশু একটি লাল রঙের খেলনা নিয়ে রাস্তায় একটি লাল সাদা লাল রঙের খেলনা নিয়ে রাস্তায় একটি লাল সাদা লাল রঙের খেলনা নিয়ে রাস্তায় একটি লাল সাদা লাল রঙের খেলনা নিয়ে রাস্তায় একটি লাল সাদা লাল রঙের খেলনা নিয়ে রাস্তায়,0.0499999999875,0.2222222219753086,0.08163265002915464,0.08163265002915464,0.0,0.08163265002915464,0,0,0.2068965517241379,0.14285714275510203
3329169877_175cb16845.jpg,একজন লোক একটি ধূসর আগুনের <unk> সাইকেলের <unk> থেকে ঝাঁপিয়ে পড়ে।,0.18181818165289254,0.16666666652777776,0.17391303833648408,0.17391303833648408,0.09523809015873042,0.17391303833648408,0,0,0.2954545454545454,0.09999999995
2704257993_d485058a5f.jpg,একটি ছোট ছেলেটি কারাতে অনুশীলন করছে,0.33333333277777777,0.1999999998,0.24999999500000003,0.24999999500000003,0.0,0.24999999500000003,0,0,0.33333333333333337,0.15384615372781063
2978271431_f6a7f19825.jpg,একটি সাদা গাড়ী নুড়ি পাথরের কাছে চলেছে একাকী <unk>,0.1111111109876543,0.0999999999,0.10526315279778417,0.10526315279778417,0.0,0.10526315279778417,0,0,0.32432432432432434,0.05555555552469135
2839038702_e168128665.jpg,একটি গ্রামীণ অঞ্চলে একটি কুকুর দৌড়াচ্ছে,0.49999999916666665,0.29999999969999996,0.37499999484375,0.37499999484375,0.19999999460000012,0.3333333277777778,0,0,0.4545454545454546,0.2222222219753086
558.png,রাতের বেলায় একজন পুরুষ বসে আছে।,0.0,0.0,0.0,0.0,0.0,0.0,0,0,0.31818181818181823,0.0
5675.png,একজন লোক তার মাথার উপর দিয়ে পানি নিয়ে দাঁড়িয়ে আছে।,0.0999999999,0.249999999375,0.14285713857142868,0.14285713857142868,0.0,0.14285713857142868,0,0,0.2941176470588235,0.07692307686390532
327.png,একটি শিশু তাকিয়ে আছে যার পরনে শাড়ি পরে একজন নারী আছে।,0.2727272724793388,0.7499999981250001,0.3999999955555556,0.3999999955555556,0.0,0.26666666240000003,0,0,0.359375,0.24999999979166665
_MG_1797.JPG,লোক টির হাতে চুড়ি নিয়ে যাচ্ছে,0.49999999916666665,0.4285714279591837,0.4615384558579882,0.4615384558579882,0.0,0.4615384558579882,0,0,0.4,0.29999999969999996
4402.png,রাস্তার দুইপাশে নদী পাড়ে কাঁদার মাঝে দাড়িয়ে আছে একজন ছোট ছেলে।,0.2727272724793388,0.5999999988,0.374999995234375,0.374999995234375,0.0,0.249999995390625,0,0,0.30000000000000004,0.23076923059171597
7101.png,দুইজন পুরুষ আছে।,0.9999999966666667,0.49999999916666665,0.6666666607407408,0.6666666607407408,0.28571428081632655,0.6666666607407408,0,0,0.5238095238095238,0.49999999916666665
_MG_2278.JPG,দোকানে একজন পুরুষ দোকানের বুক এর সামনে দাড়িয়ে আছে আর একজন পুরুষ দোকানের বুক এর সামনে দাড়িয়ে আছে আর একজন পুরুষ দোকানের বুক এর সামনে দাড়িয়ে আছে আর একজন পুরুষ দোকানের বুক এর সামনে দাড়িয়ে আছে আর একজন পুরুষ দোকানের,0.07499999998125,0.4285714279591837,0.12765957187867819,0.12765957187867819,0.0,0.12765957187867819,0,0,0.14379084967320266,0.21428571413265304
363.png,একজন পুরুষ বসে কাজ করছে।,0.0,0.0,0.0,0.0,0.0,0.0,0,0,0.3571428571428571,0.0
5587.png,একটি নৌকায় একজন মানুষ আছে।,0.5999999988,0.5999999988,0.5999999938,0.5999999938,0.2499999943750001,0.5999999938,0,0,0.7894736842105263,0.4285714279591837
_MG_1217.JPG,চশমা পরিহিত একজন লোক চেয়ারে বসে আছে,0.2857142853061225,0.3999999992,0.33333332791666676,0.33333332791666676,0.0,0.33333332791666676,0,0,0.34615384615384615,0.1999999998
5998.png,সমুদ্রের পারে দুইজন মানুষ আছে।,0.7999999984,0.7999999984,0.7999999934,0.7999999934,0.4999999937500001,0.7999999934,0,0,0.8571428571428572,0.6666666655555555
1308.png,একজন বয়স্ক নারী মাথায় ছাতা মাথায় বেধে বৃষ্টির মধ্যে একটা কালো চাদর গায়ে দিয়ে মাথা বালু দিয়ে মাথা বালু দিয়ে মাথা বালু দিয়ে মাথা বালু দিয়ে মাথা বালু দিয়ে মাথা বালু দিয়ে মাথা বালু দিয়ে মাথা বালু দিয়ে মাথা বালু,0.02499999999375,0.12499999984374999,0.04166666387152797,0.04166666387152797,0.0,0.04166666387152797,0,0,0.15384615384615385,0.045454545433884296
179009558_69be522c63.jpg,একটি শিশু একটি কাঠের পথের নিচে নেমে আসছে।,0.24999999968749997,0.15384615372781063,0.1904761855782314,0.1904761855782314,0.0,0.1904761855782314,0,0,0.33333333333333337,0.05882352937716263
6205.png,একজন পুরুষ রঙ দিচ্ছে।,0.49999999875,0.1999999998,0.28571428122448983,0.28571428122448983,0.16666666263888896,0.28571428122448983,0,0,0.5,0.18181818165289254
3525841965_7814484515.jpg,কিছু ছোট মেয়ে আনন্দ করছে।,0.1999999996,0.16666666638888888,0.1818181765289258,0.1818181765289258,0.0,0.1818181765289258,0,0,0.36363636363636365,0.0999999999
195.png,বৃষ্টির সময় একজন পুরুষ ও হলুদ জামা পরা পুরুষ।,0.0,0.0,0.0,0.0,0.0,0.0,0,0,0.19999999999999996,0.0
6266.png,তিনজন নারী আছে।,0.3333333322222222,0.249999999375,0.28571428000000004,0.28571428000000004,0.0,0.28571428000000004,0,0,0.2857142857142857,0.16666666638888888
8149.png,পানিতে একজন লোক পানিতে নেমে দাঁড়িয়ে আছে।,0.14285714265306124,0.3333333322222222,0.1999999954000001,0.1999999954000001,0.0,0.1999999954000001,0,0,0.32258064516129037,0.12499999984374999
3604928725_58147c87cd.jpg,একটি ছেলে একটি কুকুরের খেলনা নিয়ে খেলছে,0.2857142853061225,0.16666666652777776,0.2105263109141275,0.2105263109141275,0.0,0.2105263109141275,0,0,0.4545454545454546,0.124999999921875
6442.png,একটি ছেলে মাথায় গোল হয়ে বসে আছে।,0.14285714265306124,0.1999999996,0.16666666152777793,0.16666666152777793,0.0,0.16666666152777793,0,0,0.31818181818181823,0.09090909082644627
113637264.jpg,একটি লোক একটি <unk> থেকে লাফ দিচ্ছে,0.2857142853061225,0.3999999992,0.33333332791666676,0.33333332791666676,0.1999999948000001,0.33333332791666676,0,0,0.41666666666666663,0.2222222219753086
2637.png,একজন মহিলা রান্না করছে।,0.0,0.0,0.0,0.0,0.0,0.0,0,0,0.375,0.0
219301555_17883a51bd.jpg,একটি মেয়ে একটি ঝর্ণার সামনে দাঁড়িয়ে আছে।,0.2857142853061225,0.2857142853061225,0.28571428030612256,0.28571428030612256,0.16666666138888903,0.28571428030612256,0,0,0.3035714285714286,0.18181818165289254
241347580_a1e20321d3.jpg,শিশুরা লাইনে দাঁড়িয়ে আছে।,0.49999999875,0.14285714275510203,0.22222221851851853,0.22222221851851853,0.12499999679687505,0.22222221851851853,0,0,0.2142857142857143,0.124999999921875
3640104986_5d8c9a9948.jpg,একটি টেবিলে এক লোক,0.49999999875,0.24999999968749997,0.33333332833333335,0.33333332833333335,0.0,0.33333332833333335,0,0,0.25,0.2222222219753086
1384292980.jpg,দুজন শিক্ষার্থী <unk> ব্যাকপ্যাক নিয়ে হাঁটছে,0.0,0.0,0.0,0.0,0.0,0.0,0,0,0.28205128205128205,0.0
539667015_fd0a3bea07.jpg,একটি ছেলে হাসছে এবং মেয়ে,0.1999999996,0.12499999984374999,0.15384614887573977,0.15384614887573977,0.0,0.15384614887573977,0,0,0.31034482758620685,0.08333333326388888
6046.png,একটি নৌকায় কয়েকজন মানুষ আছে।,0.1999999996,0.16666666638888888,0.1818181765289258,0.1818181765289258,0.0,0.1818181765289258,0,0,0.31999999999999995,0.0999999999
2150.png,শাড়ি পরিহিত একজন পুরুষ একটি শিশু বেলুন নিয়ে ঘুমাচ্ছে।,0.2222222219753086,0.33333333277777777,0.2666666615111111,0.2666666615111111,0.15384614887573977,0.2666666615111111,0,0,0.4285714285714286,0.15384615372781063
2675.png,অনেকগুলো মানুষ আছে।,0.3333333322222222,0.16666666638888888,0.2222222172839507,0.2222222172839507,0.0,0.2222222172839507,0,0,0.2857142857142857,0.12499999984374999
350443876_c9769f5734.jpg,এক বয়স্ক ছেলে একটি <unk> দিয়ে একটি <unk> দিয়ে একটি <unk> দিয়ে একটি <unk> দিয়ে একটি <unk> দিয়ে একটি <unk> দিয়ে একটি <unk> দিয়ে একটি <unk> দিয়ে একটি <unk> দিয়ে একটি <unk> দিয়ে একটি <unk> দিয়ে একটি <unk> দিয়ে একটি,0.0499999999875,0.33333333277777777,0.08695651943289232,0.08695651943289232,0.0,0.08695651943289232,0,0,0.17808219178082196,0.13333333324444444
8474.png,একজন মহিলা খাবার রান্না হচ্ছে,0.1999999996,0.3333333322222222,0.24999999468750006,0.24999999468750006,0.0,0.24999999468750006,0,0,0.44999999999999996,0.14285714265306124
3286406057_a1668655af.jpg,একজন নারী তার চারপাশের বিপরীতে বসেছে এবং একজন মহিলা চুম্বন করছে,0.2727272724793388,0.149999999925,0.19354838239334032,0.19354838239334032,0.0,0.1290322534027057,0,0,0.26582278481012656,0.079999999968
2205088706_d7e633e00d.jpg,এক ছেলে একটি মাটির রাস্তায় হাটছে ।,0.14285714265306124,0.16666666638888888,0.15384614863905344,0.15384614863905344,0.0,0.15384614863905344,0,0,0.3846153846153846,0.08333333326388888
8919.png,একজন নারী ও একজন শারি পরে একজন লুঙ্গী পরে আছে,0.1999999998,0.49999999875,0.28571428122448983,0.28571428122448983,0.16666666263888896,0.28571428122448983,0,0,0.3142857142857143,0.2222222219753086
3334.png,একজন লোক বসে আছেন।,0.49999999875,0.3999999992,0.4444444385185186,0.4444444385185186,0.0,0.4444444385185186,0,0,0.5294117647058824,0.2857142853061225
2698666984_13e17236ae.jpg,একটি শিশু বৃষ্টিতে ভিজে গেলো,0.3999999992,0.24999999968749997,0.3076923024852071,0.3076923024852071,0.16666666194444454,0.2857142807142858,0,0,0.36363636363636365,0.18181818165289254
272940778_a184dbea42.jpg,দুটি কুকুর একটি কালো রঙের বল নিয়ে দৌড়াচ্ছে,0.49999999937499995,0.6666666655555555,0.5714285657142858,0.5714285657142858,0.33333332791666676,0.5714285657142858,0,0,0.6785714285714286,0.3999999996
p987.jpg,একজন বাচ্চা মেয়ে সেজেগুজে হাতে একটা বাচ্চাকে কোলে নিয়ে আছে।,0.1999999998,0.49999999875,0.28571428122448983,0.28571428122448983,0.0,0.23529411252595167,0,0,0.4054054054054054,0.16666666652777776
7505.png,একজন পুরুষ নৌকা চালাচ্ছে।,0.249999999375,0.12499999984374999,0.16666666194444454,0.16666666194444454,0.0,0.16666666194444454,0,0,0.3793103448275862,0.0999999999
3375014075_157388f8a9.jpg,একটি কুকুর একটি কালো কুকুরের সাথে সাথে সাথে সাথে সাথে সাথে সাথে সাথে সাথে সাথে সাথে সাথে সাথে সাথে সাথে সাথে সাথে সাথে সাথে সাথে সাথে সাথে সাথে সাথে সাথে সাথে সাথে সাথে সাথে সাথে সাথে সাথে সাথে সাথে সাথে,0.099999999975,0.2222222220987654,0.13793103015457803,0.13793103015457803,0.045454543419421574,0.11320754342470642,0,0,0.20967741935483875,0.2222222219753086
797.png,একজন নারী বসে থেকে কয়লা তুলছে একজন বাচ্চা।,0.0,0.0,0.0,0.0,0.0,0.0,0,0,0.23333333333333328,0.0
3571.png,একটি পতাকা লাগানো জানালা দিয়ে হেঁটে যাচ্ছে।,0.14285714265306124,0.249999999375,0.1818181768595043,0.1818181768595043,0.0,0.1818181768595043,0,0,0.43999999999999995,0.0999999999
4986.png,কয়েকজন মানুষ আছে।,0.6666666644444444,0.49999999875,0.5714285648979592,0.5714285648979592,0.39999999360000005,0.5714285648979592,0,0,0.6875,0.3999999992
2553619107_d382a820f9.jpg,একজন লোক তীব্র স্রোতের মাঝে নৌকা চালাচ্ছে,0.571428570612245,0.571428570612245,0.5714285656122451,0.5714285656122451,0.16666666138888903,0.42857142295918377,0,0,0.4444444444444444,0.3999999996
2549.png,একটি ছেলে ও একটি কুকুর একটি গাছের উপরে ছাতা নিয়ে দাড়িয়ে আছে,0.24999999979166665,0.23076923059171597,0.23999999481600012,0.23999999481600012,0.0,0.15999999488000013,0,0,0.3414634146341463,0.149999999925
2277081067_d2b4c98bce.jpg,একটি ছোট ছেলে সাগরের পানিতে লাফ দিচ্ছে,0.2857142853061225,0.3999999992,0.33333332791666676,0.33333332791666676,0.1999999948000001,0.33333332791666676,0,0,0.52,0.1999999998
1014.png,সমুদ্রের পারে কয়েকজন মানুষ আছে।,0.5999999988,0.49999999916666665,0.5454545395041324,0.5454545395041324,0.2222222167901236,0.5454545395041324,0,0,0.64,0.37499999953124996
3566.png,একটি পাহাড়ি রাস্তার পাশে একটি ছেলে মেয়ে একসাথে বসে আছে।,0.0999999999,0.12499999984374999,0.11111110604938293,0.11111110604938293,0.0,0.11111110604938293,0,0,0.3055555555555556,0.0624999999609375
4990.png,অনেকগুলো নারী ও অনেকগুলো পুরুষ একসাথে বসে আছে।,0.49999999937499995,0.49999999937499995,0.49999999437500003,0.49999999437500003,0.28571428030612256,0.37499999453125,0,0,0.4193548387096774,0.4444444439506172
3399944164_ec24123945.jpg,এক নারী <unk> শুয়ে আছে।,0.5999999988,0.24999999979166665,0.3529411719031142,0.3529411719031142,0.13333332924444455,0.3529411719031142,0,0,0.32258064516129037,0.23076923059171597
9135.png,একটি লোক একটা ব্যাগ নিয়ে বসে আছে।,0.14285714265306124,0.249999999375,0.1818181768595043,0.1818181768595043,0.0,0.1818181768595043,0,0,0.34782608695652173,0.0999999999
3284460070_6805990149.jpg,লাল হেলমেট পরিহিত একজন সাইকেল আরোহী বাশের ঝরে পড়া গাছের চারপাশে কমলা রঙের <unk> সাইকেল নিয়ে একটি লাল ইটের লাল সাইকেল নিয়ে একটি লাল ইটের লাল সাইকেল নিয়ে একটি লাল ইটের লাল সাইকেল নিয়ে একটি লাল ইটের লাল সাইকেল নিয়ে,0.099999999975,0.4444444439506172,0.1632653030570596,0.1632653030570596,0.0,0.1224489765431071,0,0,0.18300653594771243,0.18181818173553718
2403078014_4b1d6f8bde.jpg,একটি ছেলে সাইকেল চালাচ্ছে।,0.49999999875,0.33333333277777777,0.3999999944,0.3999999944,0.0,0.3999999944,0,0,0.5357142857142857,0.24999999968749997
2739332078_13d9acce59.jpg,নীল রঙের হাতকাটা জামা পরা একটি মহিলা একটি পোস্টার ধরে আছে।,0.2727272724793388,0.4285714279591837,0.33333332820987654,0.33333332820987654,0.12499999515625017,0.33333332820987654,0,0,0.42500000000000004,0.21428571413265304
244571201_0339d8e8d1.jpg,তিনটি ছেলে একটি <unk> পুকুরে লাফ দিচ্ছে,0.2857142853061225,0.2222222219753086,0.24999999476562512,0.24999999476562512,0.0,0.24999999476562512,0,0,0.36,0.14285714275510203
2261962622_e9318a95eb.jpg,একজন তরুণী <unk> অনুশীলন করছেন,0.1999999996,0.12499999984374999,0.15384614887573977,0.15384614887573977,0.0,0.15384614887573977,0,0,0.34375,0.08333333326388888
3148571800_c5515e6c3d.jpg,একজন লোক আগুনের মধ্যে দিয়ে হেঁটে যাচ্ছে,0.2857142853061225,0.24999999968749997,0.2666666613333334,0.2666666613333334,0.15384614863905344,0.2666666613333334,0,0,0.43333333333333335,0.15384615372781063
773.png,একটি শিশু আছে।,0.3333333322222222,0.249999999375,0.28571428000000004,0.28571428000000004,0.0,0.28571428000000004,0,0,0.4285714285714286,0.16666666638888888
4742.png,একটি সাইন নিয়ে কয়েকজন মানুষ দাঁড়িয়ে আছে।,0.4285714279591837,0.23076923059171597,0.2999999951500001,0.2999999951500001,0.11111110654321005,0.2999999951500001,0,0,0.37254901960784315,0.19999999986666667
990890291_afc72be141.jpg,একজন লোক তার সাইকেল চালাচ্ছে,0.3999999992,0.33333333277777777,0.36363635801652905,0.36363635801652905,0.2222222167901236,0.36363635801652905,0,0,0.6,0.2222222219753086
3480052428_c034b98a08.jpg,একটি পুরনো ঘরের ভিতর বসে আছে,0.16666666638888888,0.249999999375,0.1999999948000001,0.1999999948000001,0.0,0.1999999948000001,0,0,0.34375,0.1111111109876543
2594.png,খালি শরীরে একজন পুরুষ আছে।,0.1999999996,0.16666666638888888,0.1818181765289258,0.1818181765289258,0.0,0.1818181765289258,0,0,0.33333333333333337,0.0999999999
6517.png,একজন পুরুষ ও পাশের পাকা রাস্তা দিয়ে তিনজন নারী ও পাশের পাকা রাস্তা দিয়ে তিনজন নারী ও পাশের পাকা রাস্তা দিয়ে তিনজন নারী ও পাশের পাকা রাস্তা দিয়ে তিনজন নারী ও পাশের পাকা রাস্তা দিয়ে তিনজন নারী ও পাশের পাকা,0.07499999998125,0.4285714279591837,0.12765957187867819,0.12765957187867819,0.08888888653827165,0.12765957187867819,0,0,0.26277372262773724,0.24999999979166665
6998.png,গরুর গাড়ি ও গরু আছে।,0.1999999996,0.0999999999,0.13333332871111125,0.13333332871111125,0.0,0.13333332871111125,0,0,0.22857142857142854,0.07142857137755101
3579842996_3a62ec1bc7.jpg,এক লোক একটি <unk>,0.49999999875,0.3999999992,0.4444444385185186,0.4444444385185186,0.18181817752066123,0.4444444385185186,0,0,0.41666666666666663,0.2857142853061225
20220602_171836.jpg,ঘরের সামনে দুইজন মানুষ দাড়িয়ে আছে।,0.33333333277777777,0.33333333277777777,0.3333333277777778,0.3333333277777778,0.0,0.3333333277777778,0,0,0.782608695652174,0.1999999998
3658.png,তিনজন পুরুষ পাশাপাশি দাড়িয়ে আছে।,0.3999999992,0.6666666644444444,0.49999999406250006,0.49999999406250006,0.0,0.49999999406250006,0,0,0.44999999999999996,0.33333333277777777
2278110011_ba846e7795.jpg,লাল জামা পরা একটি ছোট শিশু ঘাসের উপর শুয়ে <unk>,0.29999999969999996,0.3333333329629629,0.31578946836565097,0.31578946836565097,0.13333332835555572,0.28571428122448983,0,0,0.33333333333333337,0.1874999998828125
8174.png,একজন লোক একটি লাল ইটের <unk> <unk> <unk> <unk> <unk> <unk> <unk> <unk> <unk> <unk> <unk> <unk> <unk> <unk> <unk> <unk> <unk> <unk> <unk> <unk> <unk> <unk> <unk> <unk> <unk> <unk> <unk> <unk> <unk> <unk> <unk> <unk> <unk> <unk> <unk>,0.02499999999375,0.1999999996,0.0444444424493828,0.0444444424493828,0.0,0.0444444424493828,0,0,0.07594936708860756,0.0999999999
224.png,একজন পুরুষ একটি টিনের ঘর দেখা যাচ্ছে।,0.2857142853061225,0.16666666652777776,0.2105263109141275,0.2105263109141275,0.0,0.2105263109141275,0,0,0.30952380952380953,0.11764705875432525
460195978_fc522a4979.jpg,একটি কুকুর একটি কালো কুকুর একটি কালো কুকুর কে তাড়া করছে,0.3636363633057851,0.49999999937499995,0.42105262626038775,0.42105262626038775,0.23529411252595167,0.42105262626038775,0,0,0.5,0.19999999986666667
8842.png,একজন স্কেটবোর্ডার একটি <unk> উপরে <unk> উপরে <unk> উপরে <unk> উপরে <unk> উপরে <unk> উপরে <unk> উপরে <unk> উপরে <unk> উপরে <unk> উপরে <unk> উপরে <unk> উপরে <unk> উপরে <unk> উপরে <unk> উপরে <unk> উপরে <unk> উপরে <unk> উপরে <unk>,0.02499999999375,0.3333333322222222,0.04651162658734455,0.04651162658734455,0.0,0.04651162658734455,0,0,0.1097560975609756,0.14285714265306124
3193.png,একজন পুরুষ মাথায় করে আছে।,0.3999999992,0.6666666644444444,0.49999999406250006,0.49999999406250006,0.0,0.49999999406250006,0,0,0.5,0.33333333277777777
5285.png,একটি ভবন আছে।,0.6666666644444444,0.24999999968749997,0.36363635900826446,0.36363635900826446,0.0,0.36363635900826446,0,0,0.2666666666666667,0.2222222219753086
6307.png,একজন লোক একটি ছাতা ধরে আছে।,0.49999999916666665,0.5999999988,0.5454545395041324,0.5454545395041324,0.13333332871111125,0.5454545395041324,0,0,0.6,0.37499999953124996
6066.png,একটি নৌকায় কয়েকজন মানুষ আছে।,0.3999999992,0.6666666644444444,0.49999999406250006,0.49999999406250006,0.33333332777777785,0.49999999406250006,0,0,0.44999999999999996,0.33333333277777777
504904434_889f426c6e.jpg,একটি লোক একটি ভবনের বাইরে একটি বাড়ির বাইরে একটি বাড়ির বাইরে একটি বাড়ির বাইরে একটি বাড়ির বাইরে একটি বাড়ির বাইরে একটি বাড়ির বাইরে একটি বাড়ির বাইরে একটি বাড়ির বাইরে একটি বাড়ির বাইরে একটি বাড়ির বাইরে একটি বাড়ির বাইরে একটি বাড়ির,0.07499999998125,0.24999999979166665,0.11538461178994093,0.11538461178994093,0.03999999655200029,0.11538461178994093,0,0,0.1572327044025157,0.14285714275510203
3609952704_3719ab0524.jpg,একটি শিশু একটি লাল রঙের একটি লাল রঙের একটি লাল রঙের একটি লাল রঙের একটি লাল রঙের একটি লাল রঙের একটি লাল রঙের একটি লাল রঙের একটি লাল রঙের একটি লাল রঙের একটি লাল রঙের একটি লাল রঙের একটি লাল,0.07499999998125,0.24999999979166665,0.11538461178994093,0.11538461178994093,0.03999999655200029,0.11538461178994093,0,0,0.21379310344827585,0.15384615372781063
4730.png,একটি ট্রেন যাচ্ছে রেল লাইনের উপর দিয়ে হেঁটে যাচ্ছে।,0.1111111109876543,0.4999999975,0.1818181785123967,0.1818181785123967,0.0,0.1818181785123967,0,0,0.303030303030303,0.0999999999
2529205842_bdcb49d65b.jpg,<unk> <unk> বিরুদ্ধে বল নিয়ে খেলছে,0.16666666638888888,0.3333333322222222,0.2222222172839507,0.2222222172839507,0.0,0.2222222172839507,0,0,0.36363636363636365,0.14285714265306124
3181409177_edb09c2718.jpg,একজন লোক বাইসাইকেলে চড়ে শূন্যে ভাসছে,0.16666666638888888,0.1999999996,0.1818181765289258,0.1818181765289258,0.09523809151927451,0.1818181765289258,0,0,0.3448275862068966,0.09999999995
735787579_617b047319.jpg,দুটি শিশু একটি <unk> হাতে দাঁড়িয়ে আছে,0.2857142853061225,0.2857142853061225,0.28571428030612256,0.28571428030612256,0.0909090868595043,0.28571428030612256,0,0,0.40740740740740744,0.16666666652777776
1288.png,একদল লোক গুলো মানুষ নিয়ে যাচ্ছে।,0.16666666638888888,0.1111111109876543,0.13333332835555572,0.13333332835555572,0.0,0.13333332835555572,0,0,0.3125,0.07142857137755101
358559906_d5f3f584f4.jpg,একটি ছেলে পানি ছিটানো হচ্ছে,0.1999999996,0.14285714265306124,0.16666666152777793,0.16666666152777793,0.0,0.16666666152777793,0,0,0.3846153846153846,0.09090909082644627
261.png,একজন মানুষ হেঁটে যাচ্ছে।,0.49999999875,0.14285714275510203,0.22222221851851853,0.22222221851851853,0.12499999679687505,0.22222221851851853,0,0,0.27083333333333337,0.15384615372781063
3544312930_3a0b8d70c1.jpg,এক মহিলা তার মুখ সরিয়ে নিয়ে দাঁড়িয়ে আছে,0.24999999968749997,0.2857142853061225,0.2666666613333334,0.2666666613333334,0.0,0.2666666613333334,0,0,0.3846153846153846,0.15384615372781063
8117.png,কয়েকজন লোক বসে আছে,0.0,0.0,0.0,0.0,0.0,0.0,0,0,0.36,0.0
5222.png,একটি <unk> একটি সেতু আছে।,0.3999999992,0.33333333277777777,0.36363635801652905,0.36363635801652905,0.0,0.36363635801652905,0,0,0.47619047619047616,0.24999999968749997
8798.png,নদীতে নৌকা বাধা আছে একজন পুরুষ।,0.49999999916666665,0.37499999953124996,0.4285714230612245,0.4285714230612245,0.0,0.2857142804081633,0,0,0.3793103448275862,0.2727272724793388
2565657591_6c1cdfc092.jpg,একজন লোক একটি <unk> <unk> <unk> <unk> <unk> <unk> <unk> <unk> <unk> <unk> <unk> <unk> <unk> <unk> <unk> <unk> <unk> <unk> <unk> <unk> <unk> <unk> <unk> <unk> <unk> <unk> <unk> <unk> <unk> <unk> <unk> <unk> <unk> <unk> <unk> <unk> <unk>,0.02499999999375,0.1999999996,0.0444444424493828,0.0444444424493828,0.0,0.0444444424493828,0,0,0.0691823899371069,0.12499999984374999
3189002057_3ef61b803e.jpg,দুজন লোক একটি সৈকতে ছুটে চলেছে,0.33333333277777777,0.2222222219753086,0.2666666615111111,0.2666666615111111,0.0,0.2666666615111111,0,0,0.3214285714285714,0.15384615372781063
7188.png,কয়েকজন লোক বসে আছে।,0.249999999375,0.3333333322222222,0.28571428000000004,0.28571428000000004,0.1333333299555556,0.28571428000000004,0,0,0.3571428571428571,0.16666666638888888
7128.png,গাছের সারির মাঝে একটা গাছের সামনে দাঁড়িয়ে আছে।,0.12499999984374999,0.3333333322222222,0.18181817752066123,0.18181817752066123,0.0,0.18181817752066123,0,0,0.24137931034482762,0.1111111109876543
2951092164_4940b9a517.jpg,একটি ছোট্ট মেয়ে একটি <unk> খেলছে,0.33333333277777777,0.16666666652777776,0.22222221753086427,0.22222221753086427,0.0,0.22222221753086427,0,0,0.33333333333333337,0.07692307686390532
2472.png,কয়েকজন পুরুষ দাড়িয়ে আছে।,0.249999999375,0.0624999999609375,0.0999999967000001,0.0999999967000001,0.0,0.0999999967000001,0,0,0.25,0.05263157891966759
3660361818_e05367693f.jpg,একজন লোক একটি ধূসর সিঁড়ি দিয়ে একটি চলমান স্তরে স্লাইড করে একটি বিল্ডিংয়ের বিপরীতে সিঁড়ির উপর দিয়ে একটি চলমান স্তরে স্লাইড করে একটি বিল্ডিংয়ের বিপরীতে সিঁড়ির উপর দিয়ে একটি চলমান স্তরে স্লাইড করে একটি বিল্ডিংয়ের বিপরীতে সিঁড়ির উপর দিয়ে একটি,0.0499999999875,0.2222222219753086,0.08163265002915464,0.08163265002915464,0.0,0.08163265002915464,0,0,0.18674698795180722,0.09523809519274376
3117562746_62f57a02b5.jpg,একটি বাদামি কুকুর তুষার দিয়ে চলছে,0.49999999916666665,0.37499999953124996,0.4285714230612245,0.4285714230612245,0.16666666152777793,0.4285714230612245,0,0,0.5384615384615384,0.2727272724793388
8689.png,একজন লোক পানির উপরে একটি মাছ ধরার জাল দিয়ে মাছ ধরার জাল দিয়ে মাছ ধরার জাল দিয়ে মাছ ধরার জাল দিয়ে মাছ ধরার জাল দিয়ে মাছ ধরার জাল দিয়ে মাছ ধরার জাল দিয়ে মাছ ধরার জাল দিয়ে মাছ ধরার জাল,0.0499999999875,0.24999999968749997,0.08333333052083343,0.08333333052083343,0.043478258270321514,0.08333333052083343,0,0,0.17293233082706772,0.13333333324444444
6821.png,সমুদ্র পাড়ে একটি ছেলে সাইকেল চালাচ্ছে।,0.6666666655555555,0.3333333330555555,0.4444444395061729,0.4444444395061729,0.12499999554687513,0.22222221753086427,0,0,0.2325581395348837,0.28571428551020406
267836606_bbea2267c8.jpg,একটি কালো কুকুর একটি কালো কুকুর,0.49999999916666665,0.49999999916666665,0.4999999941666667,0.4999999941666667,0.39999999420000004,0.4999999941666667,0,0,0.6666666666666667,0.5999999988
629.png,একজন পুরুষ পানিতে নেমে গোসল করছে।,0.33333333277777777,0.3999999992,0.36363635801652905,0.36363635801652905,0.0,0.36363635801652905,0,0,0.5652173913043479,0.2222222219753086
8592.png,কিছু মানুষ একটি সিঁড়ির উপরে।,0.0,0.0,0.0,0.0,0.0,0.0,0,0,0.16666666666666663,0.0
7621.png,একটি ছোট মেয়ে একটি <unk> বানাচ্ছে।,0.16666666638888888,0.14285714265306124,0.15384614863905344,0.15384614863905344,0.0,0.15384614863905344,0,0,0.4545454545454546,0.09090909082644627
2786299623_a3c48bd318.jpg,এক মহিলা এবং একটি মহিলা এবং একটি মহিলা এবং একটি মহিলা এবং একটি মহিলা এবং একটি মহিলা এবং একটি মহিলা এবং একটি মহিলা এবং একটি মহিলা এবং একটি মহিলা এবং একটি মহিলা এবং একটি মহিলা এবং একটি মহিলা এবং একটি,0.0499999999875,0.3999999992,0.08888888687407412,0.08888888687407412,0.04651162619794489,0.08888888687407412,0,0,0.16551724137931034,0.2857142853061225
1265.png,কিছু ছোট মেয়ে সেজেগুজে একসাথে হয়ে দাড়িয়ে আছে সেজেগুজে একসাথে হয়ে দাড়িয়ে আছে সেজেগুজে একসাথে হয়ে দাড়িয়ে আছে সেজেগুজে একসাথে হয়ে দাড়িয়ে আছে সেজেগুজে একসাথে হয়ে দাড়িয়ে আছে সেজেগুজে একসাথে হয়ে দাড়িয়ে আছে সেজেগুজে একসাথে হয়ে দাড়িয়ে আছে সেজেগুজে একসাথে,0.02499999999375,0.16666666638888888,0.04347825858223074,0.04347825858223074,0.0,0.04347825858223074,0,0,0.17721518987341767,0.07692307686390532
5938.png,একজন পুরুষ বালতি নিয়ে খেলা করছে।,0.16666666638888888,0.249999999375,0.1999999948000001,0.1999999948000001,0.0,0.1999999948000001,0,0,0.4545454545454546,0.1111111109876543
315880837_90db309bab.jpg,বরফে একদল কুকুর দৌড়ে বেড়াচ্ছে,0.3999999992,0.33333333277777777,0.36363635801652905,0.36363635801652905,0.0,0.1818181765289258,0,0,0.3214285714285714,0.2222222219753086
inbound96910276058087115.jpg,একটি বিড়াল আছে।,0.3333333322222222,0.0999999999,0.15384615005917168,0.15384615005917168,0.0,0.15384615005917168,0,0,0.31818181818181823,0.09090909082644627
4540.png,একজন পুরুষ পানিতে জাল ফেলছে।,0.1999999996,0.1999999996,0.19999999460000012,0.19999999460000012,0.0,0.19999999460000012,0,0,0.42105263157894735,0.1111111109876543
3641456303_c50c33337b.jpg,একটি লম্বা আসনে একজন মহিলা একটি পার্কে বসে আছে যাদের পিছনে অনেক মানুষ যাদের বেশিরভাগ লাল ইটের ভবনের সামনে সিমেন্টের বেঞ্চে বসে ভূট্টা খাচ্ছে ।,0.19999999992,0.45454545413223135,0.27777777337962967,0.27777777337962967,0.11764705460207626,0.22222221785493831,0,0,0.30927835051546393,0.18518518511659807
1474474514_b3eb492722.jpg,একটি শিশু একটি <unk> একটি <unk> একটি <unk> একটি <unk> একটি <unk> একটি <unk> একটি <unk> একটি <unk> একটি <unk> একটি <unk> একটি <unk> একটি <unk> একটি <unk> একটি <unk> একটি <unk> একটি <unk> একটি <unk> একটি <unk> একটি <unk>,0.0499999999875,0.49999999875,0.09090908921487605,0.09090908921487605,0.0476190462698413,0.09090908921487605,0,0,0.08227848101265822,0.3999999992
537758332_8beb9cf522.jpg,একটি ছেলে একটি <unk> স্লাইড করে,0.49999999916666665,0.29999999969999996,0.37499999484375,0.37499999484375,0.0,0.3333333277777778,0,0,0.4193548387096774,0.24999999979166665
3495453699_1c9faedf3c.jpg,একটি মহিলা রাস্তা দিয়ে হেঁটে যাচ্ছে,0.16666666638888888,0.0999999999,0.12499999515625017,0.12499999515625017,0.0,0.12499999515625017,0,0,0.38095238095238093,0.07142857137755101
7418.png,কিছু মানুষ আছে।,0.6666666644444444,0.33333333277777777,0.44444443901234576,0.44444443901234576,0.28571428081632655,0.44444443901234576,0,0,0.38095238095238093,0.2857142853061225
7479.png,পানিতে দুইটি শিশু আছে।,0.49999999875,0.3999999992,0.4444444385185186,0.4444444385185186,0.0,0.4444444385185186,0,0,0.5,0.2857142853061225
3087.png,একজন পুরুষ একটি টাওয়ার আছে।,0.1999999996,0.3333333322222222,0.24999999468750006,0.24999999468750006,0.0,0.24999999468750006,0,0,0.35,0.14285714265306124
1579287915_4257c54451.jpg,এক ব্যক্তি পাথরের উপর থেকে নিচে পাথরের উপর থেকে নিচে পাথরের উপর থেকে নিচে পাথরের উপর থেকে নিচে পাথরের উপর থেকে নিচে পাথরের উপর থেকে নিচে পাথরের উপর থেকে নিচে পাথরের উপর থেকে নিচে পাথরের উপর থেকে নিচে পাথরের উপর,0.07499999998125,0.21428571413265304,0.11111110722908106,0.11111110722908106,0.043478258270321514,0.11111110722908106,0,0,0.17880794701986757,0.1764705881314879
IMG_2217.JPG,লোক টির মুখে কালো চশমা,0.3999999992,0.33333333277777777,0.36363635801652905,0.36363635801652905,0.1999999948000001,0.33333332791666676,0,0,0.4347826086956522,0.2222222219753086
7739.png,একটি রোদ চশমা পরে আছে,0.1999999996,0.1999999996,0.19999999460000012,0.19999999460000012,0.0,0.19999999460000012,0,0,0.4137931034482759,0.1111111109876543
3084011028_d1e2c40d7d.jpg,কয়েকজন একসাথে ছবি তুলছে,0.7499999981250001,0.5999999988,0.6666666602469137,0.6666666602469137,0.5714285648979592,0.6666666602469137,0,0,0.7058823529411764,0.49999999916666665
6861.png,একজন মানুষ দাড়িয়ে আছে।,0.7499999981250001,0.7499999981250001,0.7499999931250001,0.7499999931250001,0.33333332722222225,0.7499999931250001,0,0,0.8666666666666667,0.5999999988
4896.png,এটি একটি রাস্তা।,0.0,0.0,0.0,0.0,0.0,0.0,0,0,0.19999999999999996,0.0
1446933195_8fe9725d62.jpg,একটি কালো কুকুর একটি লাল ফিতা নিয়ে একটি খেলনার দিকে তাকিয়ে আছে,0.24999999979166665,0.2727272724793388,0.26086956000000006,0.26086956000000006,0.09523809015873042,0.26086956000000006,0,0,0.40476190476190477,0.14285714275510203
7461.png,কয়েকজন মানুষ দাড়িয়ে আছে।,0.49999999875,0.33333333277777777,0.3999999944,0.3999999944,0.0,0.3999999944,0,0,0.4545454545454546,0.24999999968749997
IMG_8202.JPG,একটা মহিলা বসে আছে,0.7499999981250001,0.7499999981250001,0.7499999931250001,0.7499999931250001,0.33333332722222225,0.7499999931250001,0,0,0.5384615384615384,0.5999999988
2260.png,একজন পুরুষ এবং একজন মহিলা একটি <unk> ভাব দেখিয়ে দাঁড়িয়ে আছে,0.3636363633057851,0.3333333330555555,0.3478260816635161,0.3478260816635161,0.09523809015873042,0.17391303833648408,0,0,0.26190476190476186,0.2352941175086505
3261.png,একজন দাড়িয়ে আছে যার চুল কালো,0.6666666655555555,0.3333333330555555,0.4444444395061729,0.4444444395061729,0.12499999554687513,0.4444444395061729,0,0,0.4285714285714286,0.28571428551020406
5528.png,একজন পুরুষ দাড়িয়ে আছে যার চুল কালো রঙ দিয়ে কাজ করছে।,0.3636363633057851,0.9999999975,0.533333328711111,0.533333328711111,0.3076923036686391,0.533333328711111,0,0,0.4054054054054054,0.3636363633057851
697582336_601462e052.jpg,একটি কালো কুকুর ঘাসের উপর দৌড়াচ্ছে,0.8333333319444445,0.7142857132653061,0.7692307630769232,0.7692307630769232,0.36363635801652905,0.4615384558579882,0,0,0.5454545454545454,0.6249999992187499
5370.png,তিনটি প্রাপ্তবয়স্ক একটি ছেলে জঙ্গল দিয়ে দাড়িয়ে আছে।,0.37499999953124996,0.7499999981250001,0.49999999472222234,0.49999999472222234,0.1999999954000001,0.49999999472222234,0,0,0.2941176470588235,0.3333333329629629
3041487045_b48ac7ed08.jpg,একটি কুকুর ঘাসের মধ্যে দিয়ে লাফ দিচ্ছে,0.4285714279591837,0.5999999988,0.4999999943055557,0.4999999943055557,0.1999999948000001,0.4999999943055557,0,0,0.6799999999999999,0.3333333329629629
9045.png,একটি শিশু একটি পুরনো দেয়ালের উপর বসে আছে,0.24999999968749997,0.18181818165289254,0.21052631069252087,0.21052631069252087,0.11764705384083066,0.21052631069252087,0,0,0.4482758620689655,0.124999999921875
3090957866_f1b2b7f214.jpg,একজন লোক একটি বাইসাইকেলের পাশে দাঁড়িয়ে আছে,0.14285714265306124,0.09090909082644627,0.11111110623456812,0.11111110623456812,0.0,0.11111110623456812,0,0,0.38636363636363635,0.05882352937716263
3090398639_68c0dfa9a5.jpg,একটি সাইকেল আরোহী তার মাউন্টেন বাইক চালাচ্ছে,0.4285714279591837,0.4285714279591837,0.42857142295918377,0.42857142295918377,0.0,0.3076923022485208,0,0,0.4117647058823529,0.2727272724793388
6423.png,একজন নারী আছে।,0.3333333322222222,0.249999999375,0.28571428000000004,0.28571428000000004,0.0,0.28571428000000004,0,0,0.46153846153846156,0.16666666638888888
_MG_3607.JPG,একটা ছেলে বসে আছে,0.7499999981250001,0.7499999981250001,0.7499999931250001,0.7499999931250001,0.6666666607407408,0.7499999931250001,0,1,1.0,0.5999999988
1379.png,একটি শিশু বসে কাজ করছে।,0.5999999988,0.5999999988,0.5999999938,0.5999999938,0.4999999937500001,0.5999999938,0,0,0.7222222222222222,0.4285714279591837
2452686995_621878f561.jpg,একটি রাস্তা দিয়ে পানি জমে থাকা পুরুষ।,0.4285714279591837,0.23076923059171597,0.2999999951500001,0.2999999951500001,0.11111110654321005,0.2999999951500001,0,0,0.375,0.1764705881314879
5301.png,পানিতে কয়েকজন মানুষ আছে।,0.7499999981250001,0.37499999953124996,0.49999999472222234,0.49999999472222234,0.1999999954000001,0.49999999472222234,0,0,0.43333333333333335,0.37499999953124996
2447284966_d6bbdb4b6e.jpg,একটা ছেলে একটি <unk>,0.7499999981250001,0.1874999998828125,0.29999999650000003,0.29999999650000003,0.1111111082098766,0.29999999650000003,0,0,0.2941176470588235,0.23076923059171597
8304.png,পাঁচজন ছেলে পানি দিয়ে পানি দিয়ে মাথা ভাসিয়ে চেয়ে আছেন।,0.0999999999,0.08333333326388888,0.09090908586776886,0.09090908586776886,0.0,0.09090908586776886,0,0,0.26190476190476186,0.05263157891966759
2838.png,কয়েকজন পুরুষ দাড়িয়ে আছে।,0.9999999975,0.7999999984,0.8888888819753088,0.8888888819753088,0.8571428497959185,0.8888888819753088,0,0,0.7619047619047619,0.7999999984
2226.png,একটি নৌকায় একজন মানুষ আছে।,0.1999999996,0.12499999984374999,0.15384614887573977,0.15384614887573977,0.0,0.15384614887573977,0,0,0.33333333333333337,0.08333333326388888
1116.png,রাস্তার পাশে একটি উষ্ণ আলো ফেলে,0.0,0.0,0.0,0.0,0.0,0.0,0,0,0.21875,0.0
5883.png,কয়েকজন মানুষ কাজ করছে।,0.49999999875,0.10526315783933518,0.17391304045368622,0.17391304045368622,0.09523809269841275,0.17391304045368622,0,0,0.4285714285714286,0.11764705875432525
2338627102_6708a9b4fd.jpg,একজন লোক পাথুরে <unk> সামনে দাঁড়িয়ে আছে।,0.2857142853061225,0.2222222219753086,0.24999999476562512,0.24999999476562512,0.0,0.24999999476562512,0,0,0.48571428571428577,0.14285714275510203
2704934519_457dc38986.jpg,একটি শিশু হ্রদে একটি ফ্রিসবি ধরছে,0.49999999916666665,0.2727272724793388,0.3529411714878893,0.3529411714878893,0.0,0.2666666615111111,0,0,0.4347826086956522,0.16666666652777776
3516825206_5750824874.jpg,এক মহিলা সৈকতে বসে আছে,0.5999999988,0.2727272724793388,0.374999995234375,0.374999995234375,0.14285713857142868,0.374999995234375,0,0,0.33333333333333337,0.24999999979166665
3354883962_170d19bfe4.jpg,একটি সাদা ভেজা কুকুর একটি সাদা পুরু বরফের উপর দিয়ে দৌড়ায়,0.3636363633057851,0.3999999996,0.38095237560090706,0.38095237560090706,0.11764705384083066,0.38095237560090706,0,0,0.46153846153846156,0.2727272724793388
2058124718_89822bc96e.jpg,ধুসর ধুসর ধুসর কুকুর নিজের শরীর থেকে দূরে সরে যায়।,0.0999999999,0.249999999375,0.14285713857142868,0.14285713857142868,0.0,0.14285713857142868,0,0,0.2931034482758621,0.09090909082644627
8634.png,দুইজন নারী বসে আলো ছায়ার মাঝে রাখা আছে,0.24999999968749997,0.33333333277777777,0.2857142804081633,0.2857142804081633,0.16666666152777793,0.2857142804081633,0,0,0.5,0.16666666652777776
4738.png,একটি উচু জমি থেকে একজন পুরুষ দাড়িয়ে আছে একজন পুরুষ দাড়িয়ে আছে একজন পুরুষ দাড়িয়ে আছে একজন পুরুষ দাড়িয়ে আছে একজন পুরুষ দাড়িয়ে আছে একজন পুরুষ দাড়িয়ে আছে একজন পুরুষ দাড়িয়ে আছে একজন পুরুষ দাড়িয়ে আছে একজন পুরুষ দাড়িয়ে আছে,0.0,0.0,0.0,0.0,0.0,0.0,0,0,0.08333333333333337,0.0
3275704430_a75828048f.jpg,একজন মহিলা একটি <unk>,0.49999999875,0.2857142853061225,0.36363635834710756,0.36363635834710756,0.0,0.36363635834710756,0,0,0.40909090909090906,0.2222222219753086
1578.png,একজন পুরুষ আছে।,0.3333333322222222,0.09090909082644627,0.14285713928571436,0.14285713928571436,0.0,0.14285713928571436,0,0,0.21621621621621623,0.09090909082644627
539744890_85e63f5854.jpg,একটি ছেলে একটি খুঁটিতে দুলছে,0.5999999988,0.21428571413265304,0.3157894694736842,0.3157894694736842,0.2352941137716263,0.3157894694736842,0,0,0.32499999999999996,0.13333333324444444
1196602179.jpg,একটি মহিলা একটি উচু পোল দেখছে,0.49999999916666665,0.23076923059171597,0.31578946903047095,0.31578946903047095,0.11764705453287211,0.31578946903047095,0,0,0.3513513513513513,0.13333333324444444
498.png,অনেকগুলো শিশু ও শিশু আছে।,0.3999999992,0.33333333277777777,0.36363635801652905,0.36363635801652905,0.0,0.36363635801652905,0,0,0.38095238095238093,0.24999999968749997
6762.png,একটি লোক ফল বিক্রি করছে,0.1999999996,0.12499999984374999,0.15384614887573977,0.15384614887573977,0.0,0.15384614887573977,0,0,0.4444444444444444,0.08333333326388888
1989.png,একটি শিশু বসে আছে।,0.249999999375,0.16666666638888888,0.1999999948000001,0.1999999948000001,0.0,0.1999999948000001,0,0,0.31818181818181823,0.1111111109876543
3195040792_a03954a19f.jpg,তিনটি কুকুর বরফে দাঁড়িয়ে আছে,0.3999999992,0.6666666644444444,0.49999999406250006,0.49999999406250006,0.33333332777777785,0.49999999406250006,0,0,0.7142857142857143,0.33333333277777777
1273001772_1585562051.jpg,সাঁতারের কাপড় পরে একদল শিশু একটি অফ ক্যামেরা হাতে নিয়ে খেলছে,0.18181818165289254,0.3999999992,0.249999995390625,0.249999995390625,0.14285713857142868,0.249999995390625,0,0,0.36585365853658536,0.14285714275510203
4891.png,জলাশয়ের পাশে একটি নৌকা দেখা যাচ্ছে।,0.16666666638888888,0.249999999375,0.1999999948000001,0.1999999948000001,0.0,0.1999999948000001,0,0,0.31818181818181823,0.1111111109876543
8788.png,একটি শিশু আছে।,0.9999999966666667,0.7499999981250001,0.8571428497959185,0.8571428497959185,0.39999999360000005,0.8571428497959185,0,0,0.6923076923076923,0.7499999981250001
4209.png,এক ছোট মেয়ে তার পিছনে অন্যান্য বারে রয়েছে,0.24999999968749997,0.2222222219753086,0.23529411238754333,0.23529411238754333,0.0,0.23529411238754333,0,0,0.4666666666666667,0.13333333324444444
2219.png,কয়েকজন ছেলে একসাথে দাড়িয়ে আছে।,0.1999999996,0.1111111109876543,0.14285713806122466,0.14285713806122466,0.0,0.14285713806122466,0,0,0.3513513513513513,0.07692307686390532
IMG_8289.JPG,মহিলা টি শাড়ি পরে আছে,0.9999999980000001,0.8333333319444445,0.909090902479339,0.909090902479339,0.6666666602469137,0.909090902479339,0,0,0.7777777777777778,0.8333333319444445
3393394134_0caac47e1c.jpg,একটি সাদা কুকুরছানা তার কুকুরের কামড় দেয়।,0.2857142853061225,0.2857142853061225,0.28571428030612256,0.28571428030612256,0.0,0.28571428030612256,0,0,0.375,0.16666666652777776
3636543173_15f56515e5.jpg,এক পুরুষ এবং <unk> হাত বাড়িয়ে দিচ্ছে।,0.14285714265306124,0.08333333326388888,0.1052631531301941,0.1052631531301941,0.0,0.1052631531301941,0,0,0.2978723404255319,0.05555555552469135
3391209042_d2de8a8978.jpg,একটি এশিয়ান মহিলা তার মুখ ঢেকে রেখেছে।,0.14285714265306124,0.1111111109876543,0.12499999492187522,0.12499999492187522,0.0,0.12499999492187522,0,0,0.2558139534883721,0.06666666662222222
6708.png,একটি কারখানায় বসে কাজ করছে।,0.1999999996,0.249999999375,0.2222222167901236,0.2222222167901236,0.0,0.2222222167901236,0,0,0.42105263157894735,0.12499999984374999
3548.png,তিনজন পুরুষ বসে আছে।,0.9999999975,0.4444444439506172,0.6153846101775148,0.6153846101775148,0.36363635900826446,0.6153846101775148,0,0,0.4117647058823529,0.49999999937499995
7936.png,একজন পুরুষ বসে কাজ করছে।,0.1999999996,0.249999999375,0.2222222167901236,0.2222222167901236,0.0,0.2222222167901236,0,0,0.5,0.12499999984374999
2052202553_373dad145b.jpg,কুকুরটি পানির কাছে একটি কুকুর নিয়ে একটি কুকুর,0.49999999937499995,0.3636363633057851,0.42105262626038775,0.42105262626038775,0.14285713765306143,0.3333333280246914,0,0,0.38888888888888884,0.23076923059171597
3392.png,একজন মহিলা বসে আছে,0.7499999981250001,0.23076923059171597,0.35294117245674744,0.35294117245674744,0.1333333299555556,0.2352941137716263,0,0,0.4285714285714286,0.23076923059171597
760180310_3c6bd4fd1f.jpg,একটি কুকুরছানা একটি <unk>,0.7499999981250001,0.2727272724793388,0.3999999955555556,0.3999999955555556,0.12499999679687505,0.3999999955555556,0,0,0.33333333333333337,0.18181818165289254
530454257_66d58b49ee.jpg,একটি শিশু একটি চাইনিজ ঘুড়ি নিয়ে দাঁড়িয়ে আছে।,0.24999999968749997,0.13333333324444444,0.17391303879017025,0.17391303879017025,0.0,0.17391303879017025,0,0,0.37142857142857144,0.06666666662222222
7921.png,একটি মসজিদ ও একজন লোক একটি বিশাল <unk> দিকে তাকিয়ে আছে।,0.0,0.0,0.0,0.0,0.0,0.0,0,0,0.25,0.0
381052465_722e00807b.jpg,একটি <unk> ভবন থেকে আগুন বের হচ্ছে।,0.2857142853061225,0.49999999875,0.36363635834710756,0.36363635834710756,0.0,0.33333332820987654,0,0,0.3913043478260869,0.2222222219753086
343571247_549607250634340_8226430945829526946_n.jpg,সবুজ ঘাস কাটার ট্র্যাকে একে অপরের সাথে,0.2857142853061225,0.14285714275510203,0.19047618585034026,0.19047618585034026,0.10526315346260404,0.19047618585034026,0,0,0.28301886792452835,0.10526315783933518
3190.png,একজন মহিলা একটি পতাকার সামনে দাঁড়িয়ে আছে,0.7142857132653061,0.3333333331111111,0.45454544979338846,0.45454544979338846,0.09999999570000016,0.2727272681404959,0,0,0.3214285714285714,0.29411764688581316
3651476768_2bae721a6b.jpg,দু'জন বয়স্ক ছেলে হুডি এবং একজন লোক বসে আছে,0.2222222219753086,0.2222222219753086,0.22222221697530875,0.22222221697530875,0.12499999484375018,0.22222221697530875,0,0,0.3555555555555555,0.13333333324444444
594.png,একটি নৌকা আছে।,0.6666666644444444,0.2222222219753086,0.3333333290277778,0.3333333290277778,0.19999999640000002,0.3333333290277778,0,0,0.2666666666666667,0.1999999998
1600208439_e94527b80f.jpg,একটি কালো কুকুর গভীর ঘাসের মধ্য দিয়ে চলছে,0.24999999968749997,0.49999999875,0.33333332833333335,0.33333332833333335,0.0,0.33333332833333335,0,0,0.5263157894736843,0.1999999998
3085226474_62aba51179.jpg,একটি <unk> একটি দল একটি <unk>,0.16666666638888888,0.14285714265306124,0.15384614863905344,0.15384614863905344,0.0,0.15384614863905344,0,0,0.2727272727272727,0.1111111109876543
1884.png,সামনের সাড়িতে কয়েকজন মিছিল করছে।,0.5999999988,0.29999999969999996,0.39999999502222217,0.39999999502222217,0.3076923029585799,0.39999999502222217,0,0,0.46341463414634143,0.29999999969999996
3322.png,একটি নৌকায় একজন মানুষ আছে।,0.5999999988,0.5999999988,0.5999999938,0.5999999938,0.2499999943750001,0.39999999420000004,0,0,0.4,0.4285714279591837
6576.png,একজন বালক মুখে অদ্ভুত করে।,0.3999999992,0.49999999875,0.4444444385185186,0.4444444385185186,0.28571428000000004,0.4444444385185186,0,0,0.5263157894736843,0.2857142853061225
7287.png,চারজন মানুষ আছে।,0.6666666644444444,0.33333333277777777,0.44444443901234576,0.44444443901234576,0.28571428081632655,0.44444443901234576,0,0,0.41666666666666663,0.2857142853061225
4150.png,একজন বয়স্ক নারী মুখে রঙ মেখে বসে আছে।,0.24999999968749997,0.3999999992,0.3076923024852071,0.3076923024852071,0.0,0.3076923024852071,0,0,0.4814814814814815,0.18181818165289254
3478176372_7c510a0cef.jpg,দুজন সকার খেলোয়াড় বলের জন্য লড়াই করছে,0.14285714265306124,0.12499999984374999,0.13333332817777796,0.13333332817777796,0.0,0.13333332817777796,0,0,0.3783783783783784,0.07142857137755101
659.png,দুইটি শিশু বসে ভাত খাচ্ছে বসে।,0.16666666638888888,0.1999999996,0.1818181765289258,0.1818181765289258,0.0,0.1818181765289258,0,0,0.3157894736842105,0.0999999999
7627.png,একজন মানুষ একটি মাটির পাতিল নিয়ে বসে আছে।,0.24999999968749997,0.6666666644444444,0.36363635900826446,0.36363635900826446,0.0,0.36363635900826446,0,0,0.48275862068965514,0.2222222219753086
2744600462_5804577296.jpg,একজন লোক সাইকেল চালাচ্ছে,0.7499999981250001,0.49999999916666665,0.5999999940000001,0.5999999940000001,0.24999999468750006,0.5999999940000001,0,0,0.625,0.4285714279591837
2573667207_a1bf49befc.jpg,একজন লোক একটি বেলচা বসে আছে,0.49999999916666665,0.37499999953124996,0.4285714230612245,0.4285714230612245,0.15384614887573977,0.3999999946666667,0,0,0.34042553191489366,0.2727272724793388
1624.png,৪ জন মানুষ আছে।,0.0,0.0,0.0,0.0,0.0,0.0,0,0,0.20833333333333337,0.0
1836.png,তিনজন পুরুষ দাড়িয়ে আছে।,0.7499999981250001,0.4285714279591837,0.5454545398347109,0.5454545398347109,0.2222222172839507,0.5454545398347109,0,0,0.52,0.37499999953124996
199.png,একজন লোক রাস্তায় বসে আছে,0.0,0.0,0.0,0.0,0.0,0.0,0,0,0.2777777777777778,0.0
IMG_0326.JPG,একটি মেয়ে দাড়িয়ে আছে,0.7499999981250001,0.7499999981250001,0.7499999931250001,0.7499999931250001,0.6666666594444445,0.7499999931250001,0,1,1.0,0.5999999988
3452341579_0147d2199b.jpg,এক বাইকার <unk> চড়ে ট্র্যাক থেকে দেখছে,0.2857142853061225,0.10526315783933518,0.1538461497928995,0.1538461497928995,0.0,0.1538461497928995,0,0,0.32608695652173914,0.0833333332986111
3275.png,৪ জন ছোট ছেলে বসে আছে।,0.6666666655555555,0.3333333330555555,0.4444444395061729,0.4444444395061729,0.12499999554687513,0.4444444395061729,0,0,0.375,0.30769230745562126
10863862.jpg,তিন লোক সাইকেল চালাচ্ছে,0.249999999375,0.14285714265306124,0.1818181768595043,0.1818181768595043,0.0,0.1818181768595043,0,0,0.31999999999999995,0.0999999999
1286408831_05282582ed.jpg,একটি শিশু একটি গোল রেলের উপর বসে আছে,0.24999999968749997,0.15384615372781063,0.1904761855782314,0.1904761855782314,0.0,0.1904761855782314,0,0,0.4444444444444444,0.1111111110493827
1360.png,একটি নৌকা বাধা আছে একজন পুরুষ মানুষ।,0.2857142853061225,0.49999999875,0.36363635834710756,0.36363635834710756,0.0,0.36363635834710756,0,0,0.31999999999999995,0.2222222219753086
2580.png,একটি বহিরঙ্গন রাস্তা দিয়ে হেটে যাচ্ছে কিছু মানুষ।,0.0,0.0,0.0,0.0,0.0,0.0,0,0,0.32432432432432434,0.0
7432.png,পানিতে একজন ছোট ছেলে পানিতে লাফ দিয়ে পানিতে লাফ দিচ্ছে।,0.1999999998,0.49999999875,0.28571428122448983,0.28571428122448983,0.16666666263888896,0.28571428122448983,0,0,0.34285714285714286,0.2222222219753086
2970461648_fe14ba0359.jpg,একটি ছেলে একটি শহর উপভোগ করেন।,0.33333333277777777,0.1999999998,0.24999999500000003,0.24999999500000003,0.0,0.24999999500000003,0,0,0.30000000000000004,0.0999999999
713.png,একজন পুরুষ মাথায় বোঝা নিয়ে আছে।,0.49999999916666665,0.37499999953124996,0.4285714230612245,0.4285714230612245,0.16666666152777793,0.4285714230612245,0,0,0.5357142857142857,0.2727272724793388
110201971.jpg,ঘরের সামনে একটি কুকুর একটি <unk>,0.49999999916666665,0.23076923059171597,0.31578946903047095,0.31578946903047095,0.0,0.31578946903047095,0,0,0.3142857142857143,0.15384615372781063
2603125422_659391f961.jpg,একটি বড় মানুষ বসে আছে,0.1999999996,0.14285714265306124,0.16666666152777793,0.16666666152777793,0.0,0.16666666152777793,0,0,0.36363636363636365,0.09090909082644627
1115565519_d976d4b1f1.jpg,রোদ রোদ রোদ রোদ সাদা রঙের জামা পরিহিত একজন মহিলা মাটিতে শুয়ে আছে।,0.07692307686390532,0.12499999984374999,0.09523809043083924,0.09523809043083924,0.0,0.09523809043083924,0,0,0.28888888888888886,0.05882352937716263
3454.png,কয়েকজন পুরুষ দাড়িয়ে আছে।,0.7499999981250001,0.37499999953124996,0.49999999472222234,0.49999999472222234,0.39999999500000005,0.49999999472222234,0,0,0.4666666666666667,0.3333333329629629
6005.png,একজন বাচ্চা হাঁসি মুখে দাড়িয়ে আছে।,0.33333333277777777,0.49999999875,0.3999999944,0.3999999944,0.0,0.3999999944,0,0,0.5238095238095238,0.24999999968749997
3372.png,কয়েকজন মানুষ দাড়িয়ে আছে।,0.49999999875,0.49999999875,0.4999999937500001,0.4999999937500001,0.33333332722222225,0.4999999937500001,0,0,0.75,0.33333333277777777
7534.png,কয়েকজন মানুষ আছে।,0.9999999966666667,0.29999999969999996,0.46153845727810655,0.46153845727810655,0.36363636,0.3076923036686391,0,0,0.2558139534883721,0.3333333329629629
2125626631_a4b63af97e.jpg,একটি সাদা কুকুর দৌড়াচ্ছে,0.49999999875,0.3999999992,0.4444444385185186,0.4444444385185186,0.0,0.4444444385185186,0,0,0.35,0.2857142853061225
3348.png,একটি রাস্তা দিয়ে একজন মানুষ।,0.7999999984,0.28571428551020406,0.4210526272576178,0.4210526272576178,0.11764705508650528,0.4210526272576178,0,0,0.3090909090909091,0.26666666648888887
9141.png,একজন পুরুষ মাথায় গোল হয়ে বসে আছে।,0.2857142853061225,0.33333333277777777,0.3076923022485208,0.3076923022485208,0.0,0.3076923022485208,0,0,0.5,0.18181818165289254
3053916979_848d32261b.jpg,কিছু মানুষ উল্লাস করছে,0.249999999375,0.16666666638888888,0.1999999948000001,0.1999999948000001,0.0,0.1999999948000001,0,0,0.29166666666666663,0.1111111109876543
3702038926_966fdaa311.jpg,একটি কিশোরী পার্কে বিয়ার পান করতে প্রস্তুত,0.14285714265306124,0.12499999984374999,0.13333332817777796,0.13333332817777796,0.0,0.13333332817777796,0,0,0.2857142857142857,0.07692307686390532
3405011838_f81117c99f.jpg,লোকজন একটি ছোট্ট দল দাঁড়িয়ে আছে,0.33333333277777777,0.1999999998,0.24999999500000003,0.24999999500000003,0.0,0.24999999500000003,0,0,0.29032258064516125,0.14285714275510203
3136674757_57406c305c.jpg,দুটি বাচ্চা একজন লোকের গালে চুমু খাচ্ছে,0.14285714265306124,0.1111111109876543,0.12499999492187522,0.12499999492187522,0.0,0.12499999492187522,0,0,0.3157894736842105,0.06666666662222222
1081595465.jpg,লোকজন একটি <unk>,0.3333333322222222,0.06666666662222222,0.1111111082098766,0.1111111082098766,0.0,0.1111111082098766,0,0,0.17948717948717952,0.05882352937716263
3597146852_3d000a5d5f.jpg,একটি স্কেটবোর্ডার ঢালু কাঠামোর উপর দিয়ে যাচ্ছে,0.2857142853061225,0.1999999998,0.23529411252595167,0.23529411252595167,0.0,0.23529411252595167,0,0,0.4,0.14285714275510203
1842.png,একজন পুরুষ লাটি দিয়ে খেলছে।,0.0,0.0,0.0,0.0,0.0,0.0,0,0,0.4444444444444444,0.0
3399906919_bc8562b257.jpg,একটি মহিলা একটি চেয়ারে বসে আছেন,0.33333333277777777,0.18181818165289254,0.2352941128027682,0.2352941128027682,0.0,0.2352941128027682,0,0,0.3513513513513513,0.11764705875432525
5379.png,ব্রীজ ও সবুজ গাছপালা দেখা যাচ্ছে।,0.16666666638888888,0.16666666638888888,0.16666666138888903,0.16666666138888903,0.0,0.16666666138888903,0,0,0.33333333333333337,0.09090909082644627
2292406847_f366350600.jpg,একটি নৌকায় কয়েকজন মানুষ আছে।,0.1999999996,0.249999999375,0.2222222167901236,0.2222222167901236,0.0,0.2222222167901236,0,0,0.5,0.12499999984374999
1801.png,তিনজন নারী বসে আছে।,0.49999999875,0.14285714275510203,0.22222221851851853,0.22222221851851853,0.0,0.22222221851851853,0,0,0.21739130434782605,0.18181818165289254
5316.png,একটি সাইন বোর্ড এর ছবি তুলছে।,0.16666666638888888,0.3333333322222222,0.2222222172839507,0.2222222172839507,0.0,0.2222222172839507,0,0,0.38095238095238093,0.12499999984374999
35506150_cbdb630f4f.jpg,এক বয়স্ক লোকটি কাঠের সান্তা পাইপের উপর দিয়ে একটি খেলনা ধরতে লাফ দিচ্ছে,0.15384615372781063,0.15384615372781063,0.1538461487278108,0.1538461487278108,0.0,0.1538461487278108,0,0,0.36,0.0833333332986111
1982.png,একজন লোক মাথায় একটি মাছ ধরছে,0.16666666638888888,0.12499999984374999,0.1428571377551022,0.1428571377551022,0.0,0.1428571377551022,0,0,0.33333333333333337,0.08333333326388888
3229519418_040f05ced1.jpg,একজন পুরুষ দাড়িয়ে আছে।,0.49999999875,0.124999999921875,0.1999999966,0.1999999966,0.0,0.1999999966,0,0,0.28125,0.1111111110493827
542269487_5d77b363eb.jpg,একটি মেয়ে এবং একটি মেয়ে লাফাচ্ছে,0.16666666638888888,0.07692307686390532,0.10526315346260404,0.10526315346260404,0.0,0.10526315346260404,0,0,0.2692307692307693,0.06666666662222222
3033612929_764d977bd5.jpg,দুটি কুকুর এবং একটি বলের পাশে খেলছে।,0.2857142853061225,0.6666666644444444,0.39999999500000005,0.39999999500000005,0.24999999562500003,0.39999999500000005,0,0,0.5,0.24999999968749997
IMG_0712.JPG,একটি পরিবার বসে আছে,0.49999999875,0.33333333277777777,0.3999999944,0.3999999944,0.2222222172839507,0.3999999944,0,0,0.5714285714285714,0.24999999968749997
3171451305_f87b9e09ee.jpg,তিনজন লোক একসাথে ছবি তুলছে,0.3999999992,0.24999999968749997,0.3076923024852071,0.3076923024852071,0.1818181768595043,0.3076923024852071,0,0,0.3666666666666667,0.18181818165289254
3473264983_67917a931f.jpg,একজন <unk> একটি সাদা ঘোড়ায় চড়ে,0.33333333277777777,0.33333333277777777,0.3333333277777778,0.3333333277777778,0.0,0.16666666138888903,0,0,0.31818181818181823,0.1999999998
1035019794.jpg,কমলা জামা পরা ছেলেটি বেসবল মারলো,0.33333333277777777,0.13333333324444444,0.19047618621315202,0.19047618621315202,0.0,0.19047618621315202,0,0,0.33333333333333337,0.1111111110493827
8838.png,একটি মহিলা একটি <unk>,0.0,0.0,0.0,0.0,0.0,0.0,0,0,0.26315789473684215,0.0
6676.png,কয়েকজন মানুষ আছে।,0.6666666644444444,0.6666666644444444,0.6666666594444445,0.6666666594444445,0.4999999925000001,0.6666666594444445,0,0,0.6666666666666667,0.49999999875
532457586_bddfc5251d.jpg,একটি দম্পতি বসে আছে,0.49999999875,0.09523809519274376,0.15999999718400001,0.15999999718400001,0.0,0.15999999718400001,0,0,0.25,0.09523809519274376
2609836649_b55831ed41.jpg,একটি কুকুর মুখে একটি নীল বল কামড়ে ধরে আছে।,0.2222222219753086,0.3999999992,0.2857142807142858,0.2857142807142858,0.16666666194444454,0.2857142807142858,0,0,0.4666666666666667,0.18181818165289254
4865.png,সরিষা ক্ষেতের মাঝ দিয়ে তিনটি গরু আছে।,0.571428570612245,0.4444444439506172,0.49999999445312515,0.49999999445312515,0.4285714230612245,0.49999999445312515,0,0,0.5277777777777778,0.3333333330555555
118187095.jpg,শিশুরা দৌড় প্রতিযোগিতায় অংশ নিচ্ছে,0.0,0.0,0.0,0.0,0.0,0.0,0,0,0.2727272727272727,0.0
3519155763_045a6a55e2.jpg,একটি কুকুর বল ধরার জন্য দৌড়াচ্ছে,0.33333333277777777,0.3999999992,0.36363635801652905,0.36363635801652905,0.2222222167901236,0.36363635801652905,0,0,0.5217391304347826,0.23076923059171597
4187.png,একজন পুরুষ মাথায় বোঝা নিয়ে হেঁটে আসছে।,0.4285714279591837,0.4285714279591837,0.42857142295918377,0.42857142295918377,0.16666666138888903,0.42857142295918377,0,0,0.6,0.2727272724793388
3708.png,কিছু ছেলে একসাথে একটি বিল্ডিং এর সাদের উপর দিয়ে হেঁটে যাচ্ছে।,0.0,0.0,0.0,0.0,0.0,0.0,0,0,0.2564102564102564,0.0
8969.png,সাইকেল এর দৌড় প্রতিযোগিতা অনুষ্ঠিত হচ্ছে,0.16666666638888888,0.1999999996,0.1818181765289258,0.1818181765289258,0.0,0.1818181765289258,0,0,0.2592592592592593,0.0999999999
6727.png,একজন পুরুষ ও একটি শিশু বসে কাজ করছে।,0.37499999953124996,0.37499999953124996,0.37499999453125,0.37499999453125,0.14285713765306143,0.37499999453125,0,0,0.4482758620689655,0.24999999979166665
3461106572_920c8c0112.jpg,একটি দেয়ালের সামনে কিছু ঘর দেখা যাচ্ছে।,0.2857142853061225,0.14285714275510203,0.19047618585034026,0.19047618585034026,0.0,0.19047618585034026,0,0,0.3513513513513513,0.1111111110493827
822.png,একজন বয়স্ক নারী বসে আছে।,0.1999999996,0.249999999375,0.2222222167901236,0.2222222167901236,0.0,0.2222222167901236,0,0,0.4444444444444444,0.12499999984374999
111419142.jpg,একদল বয়স্ক মহিলা একটি <unk> একটি <unk> দেখছে,0.24999999968749997,0.16666666652777776,0.1999999950000001,0.1999999950000001,0.0,0.1999999950000001,0,0,0.28888888888888886,0.124999999921875
2178095150_436b035741.jpg,কুকুরের দৌড় প্রতিযোগিতা অনুষ্ঠিত হচ্ছে,0.9999999980000001,0.9999999980000001,0.9999999930000001,0.9999999930000001,0.9999999925,0.9999999930000001,1,1,1.0,0.9999999980000001
3228960484_9aab98b91a.jpg,একজন মহিলা পার্কিং এ একটি উদ্যানের মধ্য দিয়ে যাচ্ছেন।,0.1111111109876543,0.12499999984374999,0.11764705370242234,0.11764705370242234,0.0,0.11764705370242234,0,0,0.36111111111111116,0.0624999999609375
103031977.jpg,বাচ্চারা বাইরে সিঁড়িতে বসে আছে,0.5999999988,0.2727272724793388,0.374999995234375,0.374999995234375,0.1818181768595043,0.374999995234375,0,0,0.42105263157894735,0.24999999979166665
3396275223_ee080df8b5.jpg,কয়েকজন নারী ও কয়েকজন পুরুষ দাড়িয়ে আছে।,0.0,0.0,0.0,0.0,0.0,0.0,0,0,0.375,0.0
1408958345_68eea9a4e4.jpg,একটি ছোট্ট মেয়ে সৈকতে খেলছে,0.7999999984,0.6666666655555555,0.7272727209917357,0.7272727209917357,0.4444444385185186,0.5454545395041324,0,0,0.6190476190476191,0.571428570612245
8507.png,একটি দোকানের বাইরে দু'জন লোক বসে আছে,0.4285714279591837,0.2727272724793388,0.33333332820987654,0.33333332820987654,0.12499999515625017,0.33333332820987654,0,0,0.46341463414634143,0.19999999986666667
IMG_20220915_163343.jpg,একটি লোক দোলনায় বসে আছে।,0.1999999996,0.249999999375,0.2222222167901236,0.2222222167901236,0.0,0.2222222167901236,0,0,0.5882352941176471,0.12499999984374999
2924483864_cfdb900a13.jpg,কুকুরের প্রতিযোগিতায় অংশ নিচ্ছে,0.249999999375,0.09090909082644627,0.13333332924444455,0.13333332924444455,0.0,0.13333332924444455,0,0,0.2727272727272727,0.07142857137755101
2189.png,একটি নৌকায় একজন মানুষ দেখা যাচ্ছে।,0.0,0.0,0.0,0.0,0.0,0.0,0,0,0.33333333333333337,0.0
inbound234575385126653505.jpg,একটি স্কুল দেখা যাচ্ছে।,0.0,0.0,0.0,0.0,0.0,0.0,0,0,0.19999999999999996,0.0
2907244809_07ab2c6b6c.jpg,এক লোক তার স্কেটবোর্ড কৌশল দেখাচ্ছে,0.6666666655555555,0.6666666655555555,0.6666666605555556,0.6666666605555556,0.19999999460000012,0.4999999941666667,0,0,0.5925925925925926,0.49999999937499995
8099.png,পাঁচজন শিশু বসে আছে।,0.7499999981250001,0.49999999916666665,0.5999999940000001,0.5999999940000001,0.49999999406250006,0.5999999940000001,0,0,0.4782608695652174,0.4285714279591837
1691573772_1adef8e40e.jpg,একজন মহিলা সাইকেল চালাচ্ছে ।,0.3999999992,0.3999999992,0.39999999420000004,0.39999999420000004,0.2499999943750001,0.39999999420000004,0,0,0.7619047619047619,0.24999999968749997
5702.png,কিছু ছেলেমেয়ে বসে আছে।,0.49999999875,0.3999999992,0.4444444385185186,0.4444444385185186,0.28571428000000004,0.4444444385185186,0,0,0.5,0.2857142853061225
475816542_f5c2736815.jpg,দুটি কুকুর একটি ছোট কুকুরের সাথে খেলছে,0.2857142853061225,0.6666666644444444,0.39999999500000005,0.39999999500000005,0.24999999562500003,0.39999999500000005,0,0,0.4516129032258065,0.24999999968749997
5175.png,একটি সেতু আছে।,0.3333333322222222,0.3333333322222222,0.33333332722222225,0.33333332722222225,0.0,0.33333332722222225,0,0,0.33333333333333337,0.1999999996
5099.png,দূরে একজন মানুষ দেখা যাচ্ছে।,0.0,0.0,0.0,0.0,0.0,0.0,0,0,0.2222222222222222,0.0
3188036349_8e4e2d6ca8.jpg,এক বাচ্চা দুলছে,0.6666666644444444,0.2857142853061225,0.39999999500000005,0.39999999500000005,0.24999999562500003,0.39999999500000005,0,0,0.36,0.24999999968749997
3650111717_346804ec2f.jpg,একটি কুকুর ঢেউয়ের জন্য শূন্যে লাফ দিয়ে দৌড়াচ্ছে,0.6249999992187499,0.45454545413223135,0.5263157840443214,0.5263157840443214,0.23529411252595167,0.5263157840443214,0,0,0.5,0.3846153843195266
3312.png,লুঙ্গি ও লুঙ্গি ও লুঙ্গি ও লুঙ্গি ও লুঙ্গি ও লুঙ্গি ও লুঙ্গি ও লুঙ্গি ও লুঙ্গি ও লুঙ্গি ও লুঙ্গি ও লুঙ্গি ও লুঙ্গি ও লুঙ্গি ও লুঙ্গি ও লুঙ্গি ও লুঙ্গি ও লুঙ্গি ও লুঙ্গি ও লুঙ্গি ও,0.02499999999375,0.12499999984374999,0.04166666387152797,0.04166666387152797,0.0,0.04166666387152797,0,0,0.12605042016806722,0.14285714265306124
7430.png,একজন নারী বসে কাজ করছে।,0.1999999996,0.1999999996,0.19999999460000012,0.19999999460000012,0.0,0.19999999460000012,0,0,0.16666666666666663,0.1111111109876543
4878.png,একটি কক্ষে কয়েকজন মানুষ দাড়িয়ে আছে।,0.33333333277777777,0.49999999875,0.3999999944,0.3999999944,0.24999999468750006,0.3999999944,0,0,0.5,0.24999999968749997
8364.png,একটি পার্কে একজন লোক হেঁটে যাচ্ছে।,0.16666666638888888,0.1999999996,0.1818181765289258,0.1818181765289258,0.0,0.1818181765289258,0,0,0.31818181818181823,0.0999999999
8245.png,অনেকগুলো মানুষ কাজ করছে।,0.0,0.0,0.0,0.0,0.0,0.0,0,0,0.25,0.0
5865.png,একটি কুকুর একটি <unk> দিকে তাকিয়ে আছে,0.2857142853061225,0.6666666644444444,0.39999999500000005,0.39999999500000005,0.24999999562500003,0.39999999500000005,0,0,0.4,0.2857142853061225
IMG_2727.JPG,একটি <unk> একটি রাস্তায় একদল লোক জড়ো হয়েছিল।,0.24999999968749997,0.33333333277777777,0.2857142804081633,0.2857142804081633,0.0,0.2857142804081633,0,0,0.375,0.18181818165289254
4039.png,একটি শিশু আছে।,0.3333333322222222,0.249999999375,0.28571428000000004,0.28571428000000004,0.0,0.28571428000000004,0,0,0.4,0.16666666638888888
3325497914_f9014d615b.jpg,একটি মেয়ে একটি <unk> পরে একটি <unk> উপর বসে আছে,0.29999999969999996,0.29999999969999996,0.29999999470000005,0.29999999470000005,0.0,0.29999999470000005,0,0,0.4571428571428572,0.14285714275510203
DSC_1095.JPG,তিনজন মানুষ দাড়িয়ে আছে,0.49999999875,0.33333333277777777,0.3999999944,0.3999999944,0.24999999468750006,0.3999999944,0,0,0.4666666666666667,0.24999999968749997
4221.png,একটি শিশু হাসছে,0.6666666644444444,0.3999999992,0.49999999406250006,0.49999999406250006,0.0,0.49999999406250006,0,0,0.5,0.33333333277777777
5875.png,একটি ছেলে রাস্তায় হেঁটে যাচ্ছে,0.1999999996,0.0624999999609375,0.09523809151927451,0.09523809151927451,0.0,0.09523809151927451,0,0,0.24590163934426235,0.05555555552469135
3536.png,একজন বাচ্চা মেয়ে হাতে একটি বস্তা নিয়ে আছে।,0.37499999953124996,0.4285714279591837,0.3999999944888889,0.3999999944888889,0.15384614863905344,0.3999999944888889,0,0,0.4285714285714286,0.2727272724793388
5190.png,একটি <unk> তিনটি চায়ের দোকানে গাছের নিচে পানিতে নেমে আসা একটি পাথুরে <unk> হচ্ছে।,0.14285714275510203,0.24999999968749997,0.1818181770247935,0.1818181770247935,0.0,0.1818181770247935,0,0,0.2692307692307693,0.1111111110493827
5783.png,একটি পুরনো বাড়ির সামনে ইট সিঁড়িতে কয়েকজন লোক দাঁড়িয়ে আছে।,0.29999999969999996,0.2727272724793388,0.28571428045351477,0.28571428045351477,0.21052631058171756,0.28571428045351477,0,0,0.4666666666666667,0.1764705881314879
7005.png,একজন পুরুষ বসে কাজ করছে।,0.5999999988,0.16666666657407406,0.2608695615879017,0.2608695615879017,0.0,0.19999999460000012,0,0,0.3157894736842105,0.15789473675900276
2486.png,অনেকগুলো নৌকা আছে।,0.3333333322222222,0.1111111109876543,0.16666666263888896,0.16666666263888896,0.0,0.16666666263888896,0,0,0.21212121212121215,0.0999999999
IMG_20220921_125719.jpg,একজন পুরুষ একটি মাটির রাস্তায় রাখা <unk>,0.14285714265306124,0.1111111109876543,0.12499999492187522,0.12499999492187522,0.0,0.12499999492187522,0,0,0.3214285714285714,0.06666666662222222
6062.png,কয়েকজন পুরুষ দাড়িয়ে আছে।,0.49999999875,0.49999999875,0.4999999937500001,0.4999999937500001,0.0,0.4999999937500001,0,0,0.375,0.33333333277777777
8654.png,একজন পুরুষ একটি নৌকা চালাচ্ছে।,0.3999999992,0.24999999968749997,0.3076923024852071,0.3076923024852071,0.1818181768595043,0.3076923024852071,0,0,0.4642857142857143,0.18181818165289254
2656.png,সমুদ্রের পাড়ে একজন মানুষ দাড়িয়ে আছে।,0.33333333277777777,0.18181818165289254,0.2352941128027682,0.2352941128027682,0.0,0.2352941128027682,0,0,0.41025641025641024,0.15384615372781063
8554.png,একজন পুরুষ দাড়িয়ে আছে।,0.0,0.0,0.0,0.0,0.0,0.0,0,0,0.42105263157894735,0.0
4232.png,এক লোক এক হাতে চক দিয়ে চক দিয়ে চক দিয়ে চক দিয়ে চক দিয়ে চক দিয়ে চক দিয়ে চক দিয়ে চক দিয়ে চক দিয়ে চক দিয়ে চক দিয়ে চক দিয়ে চক দিয়ে চক দিয়ে চক দিয়ে চক দিয়ে চক দিয়ে,0.0499999999875,0.18181818165289254,0.07843136913494825,0.07843136913494825,0.0,0.07843136913494825,0,0,0.17647058823529416,0.07692307686390532
3143980056_7a64a94b58.jpg,তিনটি ছেলে হাসছে,0.0,0.0,0.0,0.0,0.0,0.0,0,0,0.26315789473684215,0.0
1547883892_e29b3db42e.jpg,একজন মহিলা একটি <unk> কাটছে,0.5999999988,0.7499999981250001,0.6666666602469137,0.6666666602469137,0.28571428000000004,0.6666666602469137,0,0,0.7,0.49999999916666665
4000.png,একটি ছোট মেয়েটি হাসছে যখন সে তার হাতে একটি লাল আইসক্রিম খাচ্ছে,0.16666666652777776,0.24999999968749997,0.1999999950000001,0.1999999950000001,0.0,0.1999999950000001,0,0,0.5454545454545454,0.11764705875432525
347793778_804434861028582_2795420169027079545_n.jpg,কয়েকজন পুরুষ দাড়িয়ে আছে।,0.0,0.0,0.0,0.0,0.0,0.0,0,0,0.24444444444444446,0.0
3547.png,একটি শিশু আছে।,0.9999999966666667,0.4285714279591837,0.5999999946000001,0.5999999946000001,0.24999999562500003,0.5999999946000001,0,0,0.375,0.4285714279591837
8252.png,একটি ছেলে একটি গাছের নীচে ছুটে চলেছে,0.0,0.0,0.0,0.0,0.0,0.0,0,0,0.29166666666666663,0.0
3227148358_f152303584.jpg,একটি সাদা বক উড়াল দিচ্ছে,0.3999999992,0.24999999968749997,0.3076923024852071,0.3076923024852071,0.16666666194444454,0.3076923024852071,0,0,0.4285714285714286,0.18181818165289254
5522.png,সূর্য,0.0,0.0,0.0,0.0,0.0,0.0,0,0,0.03448275862068961,0.0
2529.png,একজন বৃদ্ধ লোক কাঠের বেড়ার উপর দিয়ে গাছ বেয়ে নিচে,0.0999999999,0.12499999984374999,0.11111110604938293,0.11111110604938293,0.0,0.11111110604938293,0,0,0.375,0.05882352937716263
1389.png,সামনে তিন নারী কালো কোর্ট পরা,0.49999999916666665,0.14285714278911565,0.2222222186008231,0.2222222186008231,0.15999999667200002,0.2222222186008231,0,0,0.326530612244898,0.13043478255198487
3263946591_a1558b77d3.jpg,একজন লোক কাদার মধ্যে মোটর বাইক চালাচ্ছে,0.4285714279591837,0.49999999916666665,0.4615384558579882,0.4615384558579882,0.36363635801652905,0.4615384558579882,0,0,0.7142857142857143,0.29999999969999996
4437.png,একটি খালি কাঠি ঝুলানো একটি <unk> বিক্রি করছে,0.12499999984374999,0.249999999375,0.16666666194444454,0.16666666194444454,0.0,0.16666666194444454,0,0,0.3448275862068966,0.0999999999
3350785999_462f333c44.jpg,অনেকগুলো নারী ও অনেকগুলো নারী আছে।,0.16666666638888888,0.16666666638888888,0.16666666138888903,0.16666666138888903,0.0,0.16666666138888903,0,0,0.3548387096774194,0.1111111109876543
IMG_9579.JPG,একটা ছেলে হাতে দাড়িয়ে আছে,0.3999999992,0.33333333277777777,0.36363635801652905,0.36363635801652905,0.0,0.36363635801652905,0,0,0.5,0.2222222219753086
3650986674_3e101c606b.jpg,একটি কুকুর একটি পুকুরের সামনে দৌড়াচ্ছে,0.6666666655555555,0.4444444439506172,0.5333333278222222,0.5333333278222222,0.0,0.5333333278222222,0,0,0.6285714285714286,0.3333333329629629
2927878881_90b42fc444.jpg,একজন লোক তীরে একটি সৈকতে একটি সৈকতে একটি সৈকতে একটি সৈকতে একটি সৈকতে একটি সৈকতে একটি সৈকতে একটি সৈকতে একটি সৈকতে একটি সৈকতে একটি সৈকতে একটি সৈকতে একটি সৈকতে একটি সৈকতে একটি সৈকতে একটি সৈকতে একটি সৈকতে একটি সৈকতে একটি,0.07499999998125,0.4285714279591837,0.12765957187867819,0.12765957187867819,0.04444444211358036,0.12765957187867819,0,0,0.18354430379746833,0.3333333329629629
3348208268_6d97d951eb.jpg,এক লোক একটি <unk> <unk> <unk> <unk> <unk> <unk> <unk> <unk> <unk> <unk> <unk> <unk> <unk> <unk> <unk> <unk> <unk> <unk> <unk> <unk> <unk> <unk> <unk> <unk> <unk> <unk> <unk> <unk> <unk> <unk> <unk> <unk> <unk> <unk> <unk> <unk> <unk>,0.07499999998125,0.19999999986666667,0.10909090508429765,0.10909090508429765,0.0,0.0727272687338845,0,0,0.13375796178343946,0.21428571413265304
3396.png,একজন মানুষ ও গরু নিয়ে হেঁটে যাচ্ছে।,0.4285714279591837,0.5999999988,0.4999999943055557,0.4999999943055557,0.1999999948000001,0.4999999943055557,0,0,0.5652173913043479,0.3333333329629629
8736.png,একটি <unk>,0.0,0.0,0.0,0.0,0.0,0.0,0,0,0.13636363636363635,0.0
1814.png,একজন বালিকা সাইকেল চালাচ্ছে ১ জন হেটে যাচ্ছে।,0.37499999953124996,0.29999999969999996,0.3333333280246914,0.3333333280246914,0.0,0.2857142804081633,0,0,0.5,0.19999999986666667
265223847_636ba039c1.jpg,সন্ধ্যাবেলা কয়েকজন মানুষ আছে।,0.0,0.0,0.0,0.0,0.0,0.0,0,0,0.2272727272727273,0.0
483136916_16976f4902.jpg,একটি কুকুর জঙ্গলে দাঁড়িয়ে আছে,0.5999999988,0.4285714279591837,0.4999999943055557,0.4999999943055557,0.1999999948000001,0.4999999943055557,0,0,0.5714285714285714,0.3333333329629629
4733.png,কয়েকজন বন্ধু একসাথে দাঁড়িয়ে আছে,0.3999999992,0.15384615372781063,0.22222221796296296,0.22222221796296296,0.0,0.22222221796296296,0,0,0.36,0.13333333324444444
9004.png,সরিষা ক্ষেতের মাঝখানের রাস্তা দিয়ে তিনজন মানুষ আছে।,0.24999999968749997,0.6666666644444444,0.36363635900826446,0.36363635900826446,0.1379310307253271,0.36363635900826446,0,0,0.2790697674418605,0.2222222219753086
8614.png,একজন পুরুষ ও একজন পুরুষ আছে।,0.49999999916666665,0.23076923059171597,0.31578946903047095,0.31578946903047095,0.0,0.31578946903047095,0,0,0.40909090909090906,0.23076923059171597
661749711_6f408dad62.jpg,একটি কুকুর সবুজ ঘাসে দৌড়াচ্ছে,0.3999999992,0.2222222219753086,0.2857142807142858,0.2857142807142858,0.16666666194444454,0.2857142807142858,0,0,0.3548387096774194,0.18181818165289254
1180.png,একদল লোক ভীড় করছে যার মাঝে ২১ হয়ে দাড়িয়ে আছে ও বোরখা পরিহিত কয়েকজন মানুষ কাজ করছে।,0.11764705875432525,0.33333333277777777,0.17391303947069953,0.17391303947069953,0.09523809151927451,0.17391303947069953,0,0,0.360655737704918,0.09523809519274376
3640407952_bb38fb9d55.jpg,একটি পুতুল নিয়ে যাচ্ছে এবং পিছনে কিছু মানুষ বসে আছে।,0.0999999999,0.0624999999609375,0.07692307213017781,0.07692307213017781,0.0,0.07692307213017781,0,0,0.2941176470588235,0.039999999984
1030.png,একজন মহিলা মানুষ কাজ করছে।,0.3999999992,0.2222222219753086,0.2857142807142858,0.2857142807142858,0.16666666194444454,0.2857142807142858,0,0,0.4516129032258065,0.18181818165289254
8239.png,একজন মানুষ ছাতা নিয়ে যাচ্ছে।,0.5999999988,0.19999999986666667,0.29999999595000004,0.29999999595000004,0.0,0.29999999595000004,0,0,0.4444444444444444,0.1874999998828125
229951087_4c20600c32.jpg,একজন মহিলা কাটা মহিলা,0.249999999375,0.16666666638888888,0.1999999948000001,0.1999999948000001,0.0,0.1999999948000001,0,0,0.36,0.12499999984374999
2933643390_1c6086684b.jpg,একজন ফুটবল খেলোয়াড় একটি খেলায় খেলে।,0.49999999916666665,0.7499999981250001,0.5999999940000001,0.5999999940000001,0.13333332871111125,0.3999999944,0,0,0.52,0.4285714279591837
3033825101_44a4390f16.jpg,একজন খেলোয়াড় বল ধরার জন্য অপেক্ষা করে,0.2857142853061225,0.49999999875,0.36363635834710756,0.36363635834710756,0.1818181765289258,0.36363635834710756,0,0,0.5714285714285714,0.2222222219753086
3497106366_d1a256e723.jpg,একটি সার্ফার একটি সার্ফার,0.7499999981250001,0.3333333329629629,0.4615384565680474,0.4615384565680474,0.18181817752066123,0.3076923029585799,0,0,0.41666666666666663,0.24999999968749997
1199.png,একজন পুরুষ মানুষ বসে আছে।,0.9999999980000001,0.3124999998046875,0.4761904721088436,0.4761904721088436,0.31578947002770086,0.4761904721088436,0,0,0.37777777777777777,0.3636363633057851
8767.png,কয়েকটি নৌকা আছে।,0.3333333322222222,0.3333333322222222,0.33333332722222225,0.33333332722222225,0.0,0.33333332722222225,0,0,0.4545454545454546,0.1999999996
2914800692_0c512d27b8.jpg,হেলমেট পরিহিত একজন লোক তার সাইকেল দিয়ে বাতাসে লাফিয়ে কসরত দেখাচ্ছেন,0.2727272724793388,0.37499999953124996,0.31578946847645434,0.31578946847645434,0.24999999493055564,0.31578946847645434,0,0,0.4893617021276596,0.1999999999
5915.png,একটি মেয়ে ঠেলাগাড়ি চালিয়ে নিয়ে রিক্সা চলছে ও রিক্সা চলছে ও একটি শিশু আছে।,0.07142857137755101,0.14285714265306124,0.09523809070294806,0.09523809070294806,0.0,0.09523809070294806,0,0,0.3125,0.0624999999609375
2466420387_86fe77c966.jpg,একজন মহিলা প্রতিযোগী <unk> <unk> <unk> <unk> <unk> <unk> <unk> <unk> <unk> <unk> <unk> <unk> <unk> <unk> <unk> <unk> <unk> <unk> <unk> <unk> <unk> <unk> <unk> <unk> <unk> <unk> <unk> <unk> <unk> <unk> <unk> <unk> <unk> <unk> <unk> <unk> <unk>,0.0499999999875,0.124999999921875,0.07142856732142881,0.07142856732142881,0.03703703301097437,0.07142856732142881,0,0,0.11728395061728392,0.1111111110493827
3204712107_5a06a81002.jpg,দুই মহিলা একটি লাল ইটের তৈরি একটি লাল ইটের তৈরি একটি লাল ইটের তৈরি একটি লাল গাড়ির কাছে একটি লাল ইটের তৈরি একটি লাল ইটের তৈরি একটি লাল ইটের তৈরি একটি লাল গাড়ির কাছে একটি লাল ইটের তৈরি একটি লাল,0.0499999999875,0.2857142853061225,0.08510638040742426,0.08510638040742426,0.0,0.08510638040742426,0,0,0.15107913669064743,0.13333333324444444
3384.png,একটি মেয়ে একে অপরকে জড়িয়ে ধরেছে,0.16666666638888888,0.08333333326388888,0.11111110654321005,0.11111110654321005,0.0,0.11111110654321005,0,0,0.33333333333333337,0.05882352937716263
528.png,একজন পুরুষ ও পুরুষ ও পুরুষ ও পুরুষ ও পুরুষ ও পুরুষ ও পুরুষ ও পুরুষ ও পুরুষ ও পুরুষ ও পুরুষ ও পুরুষ ও পুরুষ ও পুরুষ ও পুরুষ ও পুরুষ ও পুরুষ ও পুরুষ ও পুরুষ ও পুরুষ,0.02499999999375,0.249999999375,0.04545454378099179,0.04545454378099179,0.0,0.04545454378099179,0,0,0.06557377049180324,0.16666666638888888
93922153_8d831f7f01.jpg,এক অর্ধনগ্ন ব্যক্তি একটি চূড়ার মাপ নিচ্ছে,0.2857142853061225,0.33333333277777777,0.3076923022485208,0.3076923022485208,0.0,0.3076923022485208,0,0,0.3448275862068966,0.18181818165289254
2252403744_148fc11f68.jpg,দুটি শিশু হাসছে,0.6666666644444444,0.33333333277777777,0.44444443901234576,0.44444443901234576,0.28571428081632655,0.44444443901234576,0,0,0.368421052631579,0.2857142853061225
6832.png,একটি হ্রদে একটি বিমান দেখাচ্ছেন।,0.1999999996,0.16666666638888888,0.1818181765289258,0.1818181765289258,0.0,0.1818181765289258,0,0,0.36363636363636365,0.1111111109876543
2410399168_1462c422d4.jpg,দুটি কুকুর মাঠে খেলছে,0.7499999981250001,0.9999999966666667,0.8571428497959185,0.8571428497959185,0.39999999360000005,0.8571428497959185,0,0,0.7692307692307692,0.7499999981250001
8876.png,একটি নৌকায় একজন মানুষ আছে।,0.5999999988,0.7499999981250001,0.6666666602469137,0.6666666602469137,0.28571428000000004,0.6666666602469137,0,0,0.6842105263157895,0.49999999916666665
young-stylish-woman-walking-with-smartphone-listening-music-headphones-summer-vacation.jpg,একটি মেয়ে হাসছে,0.3333333322222222,0.0999999999,0.15384615005917168,0.15384615005917168,0.0,0.15384615005917168,0,0,0.2564102564102564,0.08333333326388888
107985741.jpg,একদল লোক বাইরে ছবি তুলছে ।,0.33333333277777777,0.33333333277777777,0.3333333277777778,0.3333333277777778,0.19999999460000012,0.3333333277777778,0,0,0.375,0.1999999998
1002.png,একজন পুরুষ মাংকি টুপি পরে চায়ের পাত্র হাতে দাঁড়িয়ে আছে আর একজন লোক দাঁড়িয়ে আছে আর একজন লোক দাঁড়িয়ে আছে আর একজন লোক দাঁড়িয়ে আছে আর একজন লোক দাঁড়িয়ে আছে আর একজন লোক দাঁড়িয়ে আছে আর একজন লোক দাঁড়িয়ে আছে,0.0,0.0,0.0,0.0,0.0,0.0,0,0,0.11888111888111885,0.0
437917001_ae1106f34e.jpg,একটি ছেলে খেলার মাঠে রেলিঙে করে খেলার মাঠের উপর পা উচু করে পার্কিং করা এক পা উচু করে পার্কিং করা এক পা উচু করে পার্কিং করা এক পা উচু করে পার্কিং করা এক পা উচু করে পার্কিং করা এক পা,0.0499999999875,0.124999999921875,0.07142856732142881,0.07142856732142881,0.0,0.07142856732142881,0,0,0.2661290322580645,0.07407407404663922
1995.png,একটি ছেলে সৈকতে পানির দিকে তাকিয়ে আছে,0.0,0.0,0.0,0.0,0.0,0.0,0,0,0.37209302325581395,0.0
4673.png,অনেকগুলো মানুষ আছে।,0.6666666644444444,0.3999999992,0.49999999406250006,0.49999999406250006,0.0,0.49999999406250006,0,0,0.5,0.33333333277777777
5756.png,একজন পুরুষ দাড়িয়ে আছে। পিছনে অনেকগুলো মানুষ আছে।,0.8749999989062499,0.8749999989062499,0.8749999939062499,0.8749999939062499,0.7142857082653062,0.8749999939062499,0,0,0.875,0.7499999990624999
1426014905_da60d72957.jpg,এক ব্যক্তি একটি রেলিং এর উপর দাঁড়িয়ে আছে,0.6249999992187499,0.41666666631944443,0.4999999947,0.4999999947,0.22222221722222232,0.4999999947,0,0,0.5714285714285714,0.3333333331111111
8837.png,একটি শিশু পানির সামনে দাঁড়িয়ে আছে।,0.33333333277777777,0.1999999998,0.24999999500000003,0.24999999500000003,0.14285713806122466,0.24999999500000003,0,0,0.4411764705882353,0.14285714275510203
2353119813_685bace18e.jpg,একটি কালো তামাটে কুকুর একটি ফুটবল ছুঁড়ে ফেলছে।,0.37499999953124996,0.4285714279591837,0.3999999944888889,0.3999999944888889,0.0,0.3999999944888889,0,0,0.5333333333333333,0.2222222219753086
1513.png,অনেকগুলো মানুষ আছে।,0.3333333322222222,0.14285714265306124,0.1999999954000001,0.1999999954000001,0.0,0.1999999954000001,0,0,0.2727272727272727,0.1111111109876543
5135.png,<unk> <unk> গাড়িতে দুইজন লোক সারিতে মোটরসাইকেল চালাচ্ছে,0.12499999984374999,0.249999999375,0.16666666194444454,0.16666666194444454,0.0,0.16666666194444454,0,0,0.25,0.0999999999
8021.png,সমুদ্রের পারে একজন পুরুষ দাড়িয়ে আছে।,0.33333333277777777,0.33333333277777777,0.3333333277777778,0.3333333277777778,0.0,0.3333333277777778,0,0,0.33333333333333337,0.1999999998
6977.png,সূর্যমুখী বাগানের মাঝ দিয়ে দাঁড়িয়ে আছেন কিছু দরি প্যাঁচানো আঁকা পাকা চশমা পরে আছে।,0.07142857137755101,0.3333333322222222,0.11764705577854677,0.11764705577854677,0.0,0.11764705577854677,0,0,0.27450980392156865,0.0624999999609375
8707.png,একটি নৌকায় দাড়িয়ে আছে একজন পুরুষ মানুষ।,0.2857142853061225,0.2222222219753086,0.24999999476562512,0.24999999476562512,0.0,0.24999999476562512,0,0,0.40740740740740744,0.14285714275510203
2592711202_55f8c64495.jpg,বেগুনি রঙের জামা পরা একটি মেয়ে তার <unk> <unk>,0.4444444439506172,0.3999999996,0.4210526261495845,0.4210526261495845,0.11764705370242234,0.4210526261495845,0,0,0.3783783783783784,0.28571428551020406
5077.png,কয়েকজন মানুষ আছে।,0.6666666644444444,0.3999999992,0.49999999406250006,0.49999999406250006,0.0,0.49999999406250006,0,0,0.5,0.33333333277777777
2834752476_3177e617f1.jpg,একজন পুরুষ রঙ মেখে আছে।,0.0,0.0,0.0,0.0,0.0,0.0,0,0,0.38095238095238093,0.0
369.png,কয়েকজন মানুষ আছে।,0.3333333322222222,0.1999999996,0.24999999468750006,0.24999999468750006,0.0,0.24999999468750006,0,0,0.4285714285714286,0.14285714265306124
6488.png,একটি ইন্ডিয়ান মেয়ের হাতে কাপড় বেধে রং করছেন।,0.12499999984374999,0.1999999996,0.15384614887573977,0.15384614887573977,0.0,0.15384614887573977,0,0,0.3125,0.08333333326388888
6933.png,একটি গাড়ি চলাচল করছে।,0.249999999375,0.16666666638888888,0.1999999948000001,0.1999999948000001,0.0,0.1999999948000001,0,0,0.37037037037037035,0.1111111109876543
7748.png,একজন নারী পতাকা দেখা যাচ্ছে।,0.1999999996,0.14285714265306124,0.16666666152777793,0.16666666152777793,0.0,0.16666666152777793,0,0,0.375,0.09090909082644627
90011335_cfdf9674c2.jpg,সমুদ্রে একজন মহিলা,0.0,0.0,0.0,0.0,0.0,0.0,0,0,0.2142857142857143,0.0
3905.png,কয়েকজন পুরুষ একসাথে দাড়িয়ে আছে।,0.5999999988,0.5999999988,0.5999999938,0.5999999938,0.2499999943750001,0.5999999938,0,0,0.4285714285714286,0.4285714279591837
6745.png,একটি ছেলে পানিতে নেমে মাছ ধরছে।,0.16666666638888888,0.08333333326388888,0.11111110654321005,0.11111110654321005,0.0,0.11111110654321005,0,0,0.32558139534883723,0.05882352937716263
2595.png,পানিতে কয়েকজন গোসল করছে ২ জন পুরুষ পানিতে নেমে গোসল করছে।,0.2727272724793388,0.37499999953124996,0.31578946847645434,0.31578946847645434,0.09999999490000026,0.31578946847645434,0,0,0.4390243902439024,0.21428571413265304
271770120_880e8d8e52.jpg,একটি কালো কুকুর ঘাসের উপর দৌড়াচ্ছে,0.49999999916666665,0.37499999953124996,0.4285714230612245,0.4285714230612245,0.2222222167901236,0.36363635801652905,0,0,0.4782608695652174,0.2727272724793388
7176.png,সাদা রঙের জামা পরা একটা মহিলা বসে আছে সাদা রঙের,0.0999999999,0.249999999375,0.14285713857142868,0.14285713857142868,0.0,0.14285713857142868,0,0,0.303030303030303,0.09090909082644627
1917203130_fcaff8b10e.jpg,একটি মেয়ে একটি রেলিংয়ের পাশে দাঁড়িয়ে আছে,0.2857142853061225,0.49999999875,0.36363635834710756,0.36363635834710756,0.0,0.36363635834710756,0,0,0.43243243243243246,0.14285714275510203
4973.png,একজন পুরুষ আছে।,0.9999999966666667,0.7499999981250001,0.8571428497959185,0.8571428497959185,0.39999999360000005,0.8571428497959185,0,0,0.7333333333333334,0.7499999981250001
20200807_184812.jpg,একজন পুরুষ বসে কাজ করছে।,0.1999999996,0.249999999375,0.2222222167901236,0.2222222167901236,0.0,0.2222222167901236,0,0,0.33333333333333337,0.12499999984374999
5064.png,একটি শিশু আছে।,0.6666666644444444,0.3999999992,0.49999999406250006,0.49999999406250006,0.0,0.49999999406250006,0,0,0.4117647058823529,0.33333333277777777
2911658792_6a6ef07e3a.jpg,একটি শিশু গাছের কাছে তার স্কেটবোর্ডে চড়ে কসরত দেখাচ্ছেন,0.2222222219753086,0.2222222219753086,0.22222221697530875,0.22222221697530875,0.12499999484375018,0.22222221697530875,0,0,0.3783783783783784,0.124999999921875
3917.png,একজন পুরুষ ও একজন পুরুষ ও একজন পুরুষ ও একজন পুরুষ ও একজন পুরুষ ও একজন পুরুষ ও একজন পুরুষ ও একজন পুরুষ ও একজন পুরুষ ও একজন পুরুষ ও একজন পুরুষ ও একজন পুরুষ ও একজন পুরুষ ও একজন,0.0,0.0,0.0,0.0,0.0,0.0,0,0,0.061224489795918324,0.0
1507563902_6ec8d5d822.jpg,একটি মেয়ে একটি পানির নিচে নামছে,0.16666666638888888,0.14285714265306124,0.15384614863905344,0.15384614863905344,0.0,0.15384614863905344,0,0,0.3846153846153846,0.0999999999
4468.png,একটি শিশু আছে।,0.9999999966666667,0.5999999988,0.7499999934375,0.7499999934375,0.33333332777777785,0.7499999934375,0,0,0.6,0.5999999988
2009.png,একটি নৌকায় একজন মানুষ আছে।,0.1999999996,0.07692307686390532,0.11111110697530877,0.11111110697530877,0.0,0.11111110697530877,0,0,0.2545454545454545,0.06666666662222222
8598.png,একটি নৌকায় কয়েকজন মানুষ আছে।,0.7999999984,0.7999999984,0.7999999934,0.7999999934,0.4999999937500001,0.7999999934,0,0,0.9,0.6666666655555555
3265.png,একজন পুরুষ ও একজন মহিলা দারিয়ে আছে।,0.2857142853061225,0.33333333277777777,0.3076923022485208,0.3076923022485208,0.0,0.3076923022485208,0,0,0.5,0.1999999998
_MG_1973.JPG,লোক টির হাতে মাক্স আছে,0.3999999992,0.49999999875,0.4444444385185186,0.4444444385185186,0.28571428000000004,0.4444444385185186,0,0,0.5333333333333333,0.2857142853061225
2616.png,তিনজন পুরুষ পাশাপাশি দাড়িয়ে আছে।,0.0,0.0,0.0,0.0,0.0,0.0,0,0,0.35,0.0
2339516180_12493e8ecf.jpg,একটি ছেলে তার কুকুরকে নিয়ে যাচ্ছে,0.16666666638888888,0.12499999984374999,0.1428571377551022,0.1428571377551022,0.0,0.1428571377551022,0,0,0.48484848484848486,0.07692307686390532
448658518_eec0b648a6.jpg,একটি <unk> একটি দড়ি থেকে একটি <unk> চড়ছে,0.12499999984374999,0.1111111109876543,0.11764705370242234,0.11764705370242234,0.0,0.11764705370242234,0,0,0.3448275862068966,0.07692307686390532
7148.png,একজন বালক বসে আছে।,0.249999999375,0.1999999996,0.2222222167901236,0.2222222167901236,0.0,0.2222222167901236,0,0,0.4193548387096774,0.12499999984374999
2540203582_9a9ac92a5d.jpg,একটি শিশু হাত তালি দিচ্ছে,0.3999999992,0.24999999968749997,0.3076923024852071,0.3076923024852071,0.1818181768595043,0.3076923024852071,0,0,0.47619047619047616,0.1999999998
2682194299_92005b26c6.jpg,একটি কালো কুকুর একটি লাল সাদা বেড়ার উপর দিয়ে লাফ দিচ্ছে,0.45454545413223135,0.41666666631944443,0.4347826033270321,0.4347826033270321,0.11764705384083066,0.4347826033270321,0,0,0.5263157894736843,0.3124999998046875
3222250187_ef610f267e.jpg,কিছু কিশোর ছেলে ভলিবল খেলোয়ার সামনে <unk> খেলছে।,0.12499999984374999,0.249999999375,0.16666666194444454,0.16666666194444454,0.0,0.16666666194444454,0,0,0.3548387096774194,0.09090909082644627
2754271176_4a2cda8c15.jpg,একজন লোক একটি ইটের প্রাচীর চারপাশে বসে আছেন।,0.37499999953124996,0.3333333329629629,0.3529411710726644,0.3529411710726644,0.2666666613333334,0.3529411710726644,0,0,0.38235294117647056,0.21428571413265304
4210.png,একজন ছোট ছেলে হাতে একটা নিয়ে একটি <unk> হাতে নিয়ে কসরত করছে,0.08333333326388888,0.16666666638888888,0.11111110654321005,0.11111110654321005,0.0,0.11111110654321005,0,0,0.32558139534883723,0.06666666662222222
1245194315.jpg,একটি কাচের দালানের বাইরের একটি কাচের বাহিরে একটি দালানের সামনে দাঁড়িয়ে আছে,0.16666666652777776,0.1999999998,0.181818176694215,0.181818176694215,0.0,0.181818176694215,0,0,0.4285714285714286,0.124999999921875
3619232550_0b1e1fd4e4.jpg,একজন পুরুষ এবং একজন লোক এবং প্যাক ম্যান ভিডিও ধারণ করছেন,0.09090909082644627,0.16666666638888888,0.11764705411764723,0.11764705411764723,0.0,0.11764705411764723,0,0,0.32558139534883723,0.07142857137755101
5705.png,দূরে অনেকগুলো মানুষ আছে।,0.49999999875,0.6666666644444444,0.5714285648979592,0.5714285648979592,0.39999999360000005,0.5714285648979592,0,0,0.5333333333333333,0.3999999992
3151860914_46e30cd5ea.jpg,একজন লোক তার কুকুর নিয়ে দাঁড়িয়ে আছে।,0.2857142853061225,0.24999999968749997,0.2666666613333334,0.2666666613333334,0.0,0.2666666613333334,0,0,0.4482758620689655,0.16666666652777776
2602258549_7401a3cdae.jpg,একজন পুরুষ এবং মহিলা ক্যামেরার দিকে তাকিয়ে আছে,0.37499999953124996,0.23076923059171597,0.2857142807256236,0.2857142807256236,0.0,0.2857142807256236,0,0,0.4130434782608695,0.1764705881314879
186890605_ddff5b694e.jpg,এক লোক একটি লেকের কিনারায় খেলতে চলেছে,0.4285714279591837,0.4285714279591837,0.42857142295918377,0.42857142295918377,0.0,0.28571428030612256,0,0,0.5,0.2727272724793388
5780.png,একজন পুরুষ বসে আছে,0.49999999875,0.2857142853061225,0.36363635834710756,0.36363635834710756,0.2222222172839507,0.36363635834710756,0,0,0.4444444444444444,0.24999999968749997
606.png,একটি নৌকা দেখা যাচ্ছে।,0.49999999875,0.2857142853061225,0.36363635834710756,0.36363635834710756,0.2222222172839507,0.36363635834710756,0,0,0.31999999999999995,0.2222222219753086
6366.png,একজন বয়স্ক নারী তাকিয়ে আছে।,0.7999999984,0.9999999975,0.8888888819753088,0.8888888819753088,0.5714285648979592,0.8888888819753088,0,0,0.736842105263158,0.7999999984
8826.png,লোক গুলোর পিছনে কালো রঙ এর,0.16666666638888888,0.1111111109876543,0.13333332835555572,0.13333332835555572,0.0,0.13333332835555572,0,0,0.2727272727272727,0.07142857137755101
2760716468_b541e9fd0f.jpg,দুজন বৃদ্ধ লোক বসে আছে,0.7999999984,0.6666666655555555,0.7272727209917357,0.7272727209917357,0.6666666602469137,0.7272727209917357,0,0,0.6842105263157895,0.571428570612245
6593.png,<unk> <unk> <unk> খাওয়ার দিচ্ছে।,0.1999999996,0.12499999984374999,0.15384614887573977,0.15384614887573977,0.0,0.15384614887573977,0,0,0.15000000000000002,0.1111111109876543
3681172959_6674c118d2.jpg,রাস্তায় দাঁড়িয়ে থাকা এক মহিলা রাস্তায় বাইক তারা নির্দেশ করছে,0.1999999998,0.24999999968749997,0.22222221703703712,0.22222221703703712,0.0,0.22222221703703712,0,0,0.33333333333333337,0.13333333324444444
6498.png,সমুদ্রের পারে কয়েকজন মানুষ আছে।,0.7999999984,0.6666666655555555,0.7272727209917357,0.7272727209917357,0.6666666602469137,0.7272727209917357,0,0,0.8,0.571428570612245
7673.png,কিছু ছোট ছেলে দাড়িয়ে আছে।,0.0,0.0,0.0,0.0,0.0,0.0,0,0,0.17948717948717952,0.0
2574194729_1f099647ee.jpg,মুখে একটি সাদা কুকুর দৌড়াচ্ছে,0.5999999988,0.5999999988,0.5999999938,0.5999999938,0.3999999944,0.5999999938,0,0,0.5,0.4285714279591837
7476.png,একটি নৌকায় কয়েকজন লোক বৈঠা নিয়ে মাঝি নৌকা বাইচে।,0.2222222219753086,0.33333333277777777,0.2666666615111111,0.2666666615111111,0.09523809043083924,0.2666666615111111,0,0,0.34375,0.15384615372781063
1110208841_5bb6806afe.jpg,একটি কালো কুকুরটি একটি প্রতিযোগিতায় সবার সামনে থাকা এক লোক দ্বারা তার পিছনে পড়ে থাকা এক লোক দ্বারা তার পিছনে পড়ে থাকা এক লোক দ্বারা তার পিছনে পড়ে থাকা এক লোক দ্বারা তার পিছনে পড়ে থাকা এক লোক দ্বারা তার,0.099999999975,0.3333333330555555,0.15384615023668646,0.15384615023668646,0.03999999655200029,0.11538461178994093,0,0,0.2230215827338129,0.19047619038548752
512026551_ba63ddbd31.jpg,একটি কুকুর পানিতে সাঁতার কাটছে।,0.3999999992,0.24999999968749997,0.3076923024852071,0.3076923024852071,0.1818181768595043,0.3076923024852071,0,0,0.4642857142857143,0.18181818165289254
5127.png,ধান ক্ষেতের পাড়ে জমির উপরে।,0.1999999996,0.249999999375,0.2222222167901236,0.2222222167901236,0.0,0.2222222167901236,0,0,0.2222222222222222,0.12499999984374999
3125041578_c1f2d73b6d.jpg,একজন আইস হকি গোলরক্ষক পরে আছে,0.33333333277777777,0.2857142853061225,0.3076923022485208,0.3076923022485208,0.1818181765289258,0.3076923022485208,0,0,0.5,0.18181818165289254
345908027_2564875103669439_2159177169263922977_n.jpg,<unk> <unk> <unk> সাথে রাস্তায় সাইকেল চালাচ্ছে,0.571428570612245,0.21052631567867036,0.3076923035207101,0.3076923035207101,0.0,0.2666666613333334,0,0,0.41666666666666663,0.18181818165289254
6006.png,একজন মানুষ দাড়িয়ে আছে।,0.0,0.0,0.0,0.0,0.0,0.0,0,0,0.31999999999999995,0.0
482047956_9a29e9cee6.jpg,একটি <unk> পরা দুটি মেয়ে একটি <unk> ডগ খাচ্ছেন,0.2222222219753086,0.2857142853061225,0.24999999476562512,0.24999999476562512,0.1428571377551022,0.24999999476562512,0,0,0.3142857142857143,0.16666666652777776
3278.png,দুইজন শিশু আছে।,0.6666666644444444,0.6666666644444444,0.6666666594444445,0.6666666594444445,0.4999999925000001,0.6666666594444445,0,0,0.8,0.49999999875
345885287_1398081547656319_4679718544674903276_n.jpg,তার <unk> <unk> <unk>,0.7499999981250001,0.21428571413265304,0.33333332950617284,0.33333332950617284,0.0,0.33333332950617284,0,0,0.22807017543859653,0.07692307686390532
3319020762_d429d56a69.jpg,একটি ছোট ছেলে পানিতে প্রচণ্ড আলোড়ন সৃষ্টি করছে।,0.24999999968749997,0.2857142853061225,0.2666666613333334,0.2666666613333334,0.0,0.2666666613333334,0,0,0.375,0.15384615372781063
3597354819_0069aaf16e.jpg,দুইটি শিশু আছে।,0.0,0.0,0.0,0.0,0.0,0.0,0,0,0.26315789473684215,0.0
3490736665_38710f4b91.jpg,একটি কালো কুকুর একটি বল ধরার জন্য লাফ দিলো,0.3333333329629629,0.49999999916666665,0.3999999946666667,0.3999999946666667,0.07999999558400024,0.3999999946666667,0,0,0.4516129032258065,0.2727272724793388
3421177332_a05741cfa4.jpg,একজন তরুণী একই কাপড় পরে ট্রাফিক জ্যামে আছে,0.12499999984374999,0.1999999996,0.15384614887573977,0.15384614887573977,0.0,0.15384614887573977,0,0,0.29729729729729726,0.08333333326388888
792362827_5ab5281b99.jpg,একদল লোক বাইরে শিশুরা তাদেরকে দেখছে,0.16666666638888888,0.0999999999,0.12499999515625017,0.12499999515625017,0.0,0.12499999515625017,0,0,0.2727272727272727,0.06666666662222222
1152.png,একজন পুরুষ ও দুইজন পুরুষ আছে।,0.0,0.0,0.0,0.0,0.0,0.0,0,0,0.33333333333333337,0.0
7989.png,একটি <unk> দোকানে ২ জন হিজাব পড়া লোক।,0.12499999984374999,0.14285714265306124,0.13333332817777796,0.13333332817777796,0.0,0.13333332817777796,0,0,0.2962962962962963,0.07142857137755101
2059616165_b7c99c1009.jpg,একটি কুকুর মুখে একটি লাঠি নিয়ে ঘাসের উপর থেকে দৌড়ে বেড়াচ্ছে,0.3636363633057851,0.7999999984,0.499999995078125,0.499999995078125,0.14285713857142868,0.2857142819387755,0,0,0.3846153846153846,0.3636363633057851
3453544202_3855ab34b6.jpg,একটি লাল এবং কালো এবং কালো এবং সাদা মোটরসাইকেল আরোহী,0.3999999996,0.571428570612245,0.4705882298961938,0.4705882298961938,0.15384614934911253,0.35294117121107266,0,0,0.5555555555555556,0.3999999996
2752175795_c9def67895.jpg,একজন লোক একটি <unk> কাছে একটি <unk> কাছে একটি <unk> কাছে একটি <unk> কাছে একটি <unk> কাছে একটি <unk> কাছে একটি <unk> কাছে একটি <unk> কাছে একটি <unk> কাছে একটি <unk> কাছে একটি <unk> কাছে একটি <unk> কাছে একটি <unk>,0.07499999998125,0.21428571413265304,0.11111110722908106,0.11111110722908106,0.04444444211358036,0.11111110722908106,0,0,0.19047619047619047,0.1999999998
512634877_d7ad8c8329.jpg,ঘাসের উপর একটি কুকুর একটি লাল রঙের,0.7142857132653061,0.3846153843195266,0.4999999949499999,0.4999999949499999,0.33333332851851855,0.4999999949499999,0,0,0.4444444444444444,0.3333333329629629
4799.png,একজন নারী ও একজন নারী আছে।,0.8333333319444445,0.7142857132653061,0.7692307630769232,0.7692307630769232,0.36363635801652905,0.7692307630769232,0,0,0.7916666666666666,0.6666666655555555
8555.png,চারজন শিশু আছে।,0.3333333322222222,0.3333333322222222,0.33333332722222225,0.33333332722222225,0.0,0.33333332722222225,0,0,0.4,0.1999999996
4726.png,একটি নৌকায় ২ জন পুরুষ মানুষ।,0.16666666638888888,0.1999999996,0.1818181765289258,0.1818181765289258,0.0,0.1818181765289258,0,0,0.30000000000000004,0.0999999999
3086526292_f799d237c7.jpg,একদল লোক বাইরে স্প্রে করছে,0.3999999992,0.2222222219753086,0.2857142807142858,0.2857142807142858,0.0,0.1818181765289258,0,0,0.31818181818181823,0.16666666652777776
3726170067_094cc1b7e5.jpg,একজন লোক একটি <unk> <unk> <unk> <unk> <unk> <unk> <unk> <unk> <unk> <unk> <unk> <unk> <unk> <unk> <unk> <unk> <unk> <unk> <unk> <unk> <unk> <unk> <unk> <unk> <unk> <unk> <unk> <unk> <unk> <unk> <unk> <unk> <unk> <unk> <unk> <unk> <unk>,0.07499999998125,0.24999999979166665,0.11538461178994093,0.11538461178994093,0.03999999655200029,0.11538461178994093,0,0,0.0691823899371069,0.2857142853061225
562588230_edb2c071c8.jpg,একটি ছেলে খেলনা চড়ছে,0.249999999375,0.1999999996,0.2222222167901236,0.2222222167901236,0.0,0.2222222167901236,0,0,0.5,0.12499999984374999
480283163_660508409664239_5696440675217695690_n.jpg,শাড়ি পরিহিত দুইজন নারী আছে।,0.0,0.0,0.0,0.0,0.0,0.0,0,0,0.23333333333333328,0.0
3152317129_177b4678b7.jpg,একটি সুইমিং পুলে এক বাচ্চা সুইমিংপুলে সাঁতার কাটছে,0.49999999937499995,0.49999999937499995,0.49999999437500003,0.49999999437500003,0.28571428030612256,0.49999999437500003,0,0,0.4516129032258065,0.3636363633057851
3229442620_fd47d01b59.jpg,একটি পাখি খোলা,0.6666666644444444,0.33333333277777777,0.44444443901234576,0.44444443901234576,0.28571428081632655,0.44444443901234576,0,0,0.33333333333333337,0.2857142853061225
2488.png,নদীতে একটি নৌকা দেখা যাচ্ছে।,0.1999999996,0.16666666638888888,0.1818181765289258,0.1818181765289258,0.0,0.1818181765289258,0,0,0.2777777777777778,0.0999999999
2363419943_717e6b119d.jpg,এক মহিলা ফুটপাতে দাঁড়িয়ে আছে,0.3999999992,0.1999999998,0.2666666618666667,0.2666666618666667,0.0,0.2666666618666667,0,0,0.33333333333333337,0.15384615372781063
2623930900_b9df917b82.jpg,একজন বয়স্ক পুরুষ চোখ বন্ধ করে এক ছেলে,0.12499999984374999,0.14285714265306124,0.13333332817777796,0.13333332817777796,0.0,0.13333332817777796,0,0,0.31034482758620685,0.08333333326388888
3295452057_0c987f895f.jpg,একটি কুকুর একটি বেসবল ধাওয়া করছে,0.33333333277777777,0.18181818165289254,0.2352941128027682,0.2352941128027682,0.0,0.2352941128027682,0,0,0.4285714285714286,0.14285714265306124
inbound1536357592172230642.jpg,একটি <unk>,0.4999999975,0.12499999984374999,0.19999999640000002,0.19999999640000002,0.0,0.19999999640000002,0,0,0.18181818181818177,0.12499999984374999
542405691_0594b1ce72.jpg,একটি মেঝেতে দুইটি ছোট খেলনার জন্য লড়ছে।,0.2857142853061225,0.15384615372781063,0.1999999952500001,0.1999999952500001,0.0,0.16666666152777793,0,0,0.43333333333333335,0.1111111110493827
5596.png,একটি নৌকায় কয়েকজন মানুষ আছে।,0.1999999996,0.07692307686390532,0.11111110697530877,0.11111110697530877,0.0,0.11111110697530877,0,0,0.30952380952380953,0.06666666662222222
357725852_6f55cb9abc.jpg,একটি কুকুর পানির দিকে তাকিয়ে আছে,0.49999999916666665,0.3333333329629629,0.3999999946666667,0.3999999946666667,0.3076923024852071,0.3999999946666667,0,0,0.5,0.24999999979166665
3187492926_8aa85f80c6.jpg,গগলস পরিহিত একজন বালক সুইমিংপুলের পানিতে সাঁতার কাটছে,0.24999999968749997,0.2857142853061225,0.2666666613333334,0.2666666613333334,0.0,0.2666666613333334,0,0,0.3513513513513513,0.15384615372781063
2092.png,তাদের মাথায় একটি মোটর সাইকেল এর পাশে,0.0,0.0,0.0,0.0,0.0,0.0,0,0,0.23684210526315785,0.0
7710.png,একটি মহিলা একটি পাখির খাচার <unk> করছেন কিছু একটা মসজিদের সামনে দাড়িয়ে আছে।,0.15384615372781063,0.1999999998,0.17391303841209843,0.17391303841209843,0.0,0.17391303841209843,0,0,0.3846153846153846,0.10526315783933518
2170222061_e8bce4a32d.jpg,একটি কালো কুকুর একটি কালো কুকুর দৌড়াচ্ছে,0.4285714279591837,0.3333333329629629,0.374999994609375,0.374999994609375,0.1428571377551022,0.374999994609375,0,0,0.5882352941176471,0.24999999968749997
3998.png,একজন নারী মাথায় বস্তা নিয়ে পানিতে নেমে বৃষ্টিতে ভিজে মজা করছে।,0.09090909082644627,0.249999999375,0.13333332924444455,0.13333332924444455,0.0,0.13333332924444455,0,0,0.30000000000000004,0.07142857137755101
1716445442_9cf3528342.jpg,একটি দম্পতি একটি পাথরের উপর দিয়ে পাথরে হাটছে ।,0.1111111109876543,0.1999999996,0.14285713806122466,0.14285713806122466,0.0,0.14285713806122466,0,0,0.38888888888888884,0.08333333326388888
428.png,এক মহিলা একটি <unk> দ্বারা পূর্ণ জল সংগ্রহ করছে,0.2222222219753086,0.14285714275510203,0.17391303856332715,0.17391303856332715,0.0,0.17391303856332715,0,0,0.35416666666666663,0.09523809519274376
3052.png,একজন পুরুষ পানিতে গোছল করছে।,0.3999999992,0.2222222219753086,0.2857142807142858,0.2857142807142858,0.0,0.2857142807142858,0,0,0.4642857142857143,0.16666666652777776
3695.png,একটি বট গাছ ও আকাশ মেঘলা আকাশের নীচে বসে আছে আর নদীর ধারে দুইটা নৌকা দেখা যাচ্ছে।,0.11764705875432525,0.24999999968749997,0.1599999955200001,0.1599999955200001,0.0,0.1599999955200001,0,0,0.29824561403508776,0.08695652170132324
232193739_ed5f348c7a.jpg,একটি ছেলে একটি দড়ি রয়েছে।,0.1999999996,0.16666666638888888,0.1818181765289258,0.1818181765289258,0.0,0.1818181765289258,0,0,0.375,0.1111111109876543
2255685792_f70474c6db.jpg,একজন স্কিয়ার দাঁড়িয়ে আছে,0.49999999875,0.16666666652777776,0.2499999959375,0.2499999959375,0.14285713928571436,0.2499999959375,0,0,0.368421052631579,0.14285714275510203
inbound1169727335265747590.jpg,একটা টিয়া কাক জানলায় বসে আছে।,0.16666666638888888,0.14285714265306124,0.15384614863905344,0.15384614863905344,0.0,0.15384614863905344,0,0,0.41666666666666663,0.09090909082644627
716.png,অনেকগুলো শিশু একসাথে বসে আছে এবং কিছু মানুষ জড়ো হয়ে নদীর পানিতে খেলে,0.23076923059171597,0.4285714279591837,0.2999999951500001,0.2999999951500001,0.1249999960937501,0.2999999951500001,0,0,0.21739130434782605,0.1764705881314879
5805.png,একটি নৌকায় কয়েকজন মানুষ আছে।,0.5999999988,0.7499999981250001,0.6666666602469137,0.6666666602469137,0.28571428000000004,0.6666666602469137,0,0,0.6,0.49999999916666665
2272548482_0b4aec5cdd.jpg,একজন বাস্কেটবল খেলোয়াড় বল হাতে তুলে দিচ্ছে।,0.2857142853061225,0.33333333277777777,0.3076923022485208,0.3076923022485208,0.0,0.28571428030612256,0,0,0.3448275862068966,0.18181818165289254
2600.png,একজন লোক একটি পতাকা নিয়ে দাড়িয়ে আছে।,0.2857142853061225,0.24999999968749997,0.2666666613333334,0.2666666613333334,0.0,0.2666666613333334,0,0,0.40740740740740744,0.16666666652777776
6486.png,একজন পুরুষ আছে।,0.6666666644444444,0.49999999875,0.5714285648979592,0.5714285648979592,0.0,0.5714285648979592,0,0,0.6923076923076923,0.3999999992
3081.png,সন্ধ্যার সময় সূর্যের আলো পানিতে সূর্যের আলো পানিতে সূর্যের আলো পানিতে সূর্যের আলো পানিতে সূর্যের আলো পানিতে সূর্যের আলো পানিতে সূর্যের আলো পানিতে সূর্যের আলো পানিতে সূর্যের আলো পানিতে সূর্যের আলো পানিতে সূর্যের আলো পানিতে সূর্যের আলো পানিতে সূর্যের আলো,0.0,0.0,0.0,0.0,0.0,0.0,0,0,0.1428571428571429,0.0
7145.png,কয়েকজন মানুষ হেঁটে যাচ্ছে।,0.49999999875,0.1999999998,0.28571428122448983,0.28571428122448983,0.16666666263888896,0.28571428122448983,0,0,0.33333333333333337,0.18181818165289254
3607.png,একটি শিশু তাকিয়ে আছে।,0.7499999981250001,0.9999999966666667,0.8571428497959185,0.8571428497959185,0.39999999360000005,0.8571428497959185,0,0,0.6923076923076923,0.7499999981250001
3187117682_986ffd6b67.jpg,একটি বাদামী কুকুর পানি পান করছে।,0.49999999916666665,0.24999999979166665,0.33333332851851855,0.33333332851851855,0.12499999554687513,0.33333332851851855,0,0,0.38095238095238093,0.19999999986666667
7394.png,রাতের অন্ধকারে পানির রাতে বন্দুক নিয়ে যাচ্ছে।,0.0,0.0,0.0,0.0,0.0,0.0,0,0,0.2142857142857143,0.0
277.png,একজন পুরুষ হেঁটে যাচ্ছে।,0.249999999375,0.249999999375,0.2499999943750001,0.2499999943750001,0.0,0.2499999943750001,0,0,0.4736842105263158,0.14285714265306124
317.png,বৃষ্টির মাঝে ছাতা নিয়ে হেটে যাচ্ছে ২ জন মানুষ আছে।,0.5999999993999999,0.3333333331481481,0.42857142367346934,0.42857142367346934,0.23076922606508882,0.39999999502222217,0,0,0.40625,0.2857142855782313
3119903318_d032141839.jpg,একটি ছোট ছেলে একটি <unk> আগুন জ্বালিয়ে তার <unk> আগুন জ্বালিয়ে তার <unk> আগুন জ্বালিয়ে তার <unk> আগুন জ্বালিয়ে তার <unk> আগুন জ্বালিয়ে তার <unk> আগুন জ্বালিয়ে তার <unk> আগুন জ্বালিয়ে তার <unk> আগুন জ্বালিয়ে তার <unk> আগুন জ্বালিয়ে তার,0.0499999999875,0.24999999968749997,0.08333333052083343,0.08333333052083343,0.0,0.04166666387152797,0,0,0.15286624203821653,0.15384615372781063
944.png,একজন পুরুষ কাজ করছে।,0.9999999975,0.7999999984,0.8888888819753088,0.8888888819753088,0.5714285648979592,0.8888888819753088,0,0,0.7894736842105263,0.7999999984
3346.png,সরিষার ক্ষেত দিয়ে একজন মানুষ মাথার উপর বোঝা বহন করার সাথে মাথায় বোঝা নিয়ে যাচ্ছে।,0.19999999986666667,0.37499999953124996,0.26086956045368626,0.26086956045368626,0.0,0.26086956045368626,0,0,0.3392857142857143,0.15789473675900276
Shifting-trend-in-material-use-for-rural-dwelling-units-of-Bangladesh.png,একটি পর্যটন এলাকায় একটি বাঘ আছে।,0.0,0.0,0.0,0.0,0.0,0.0,0,0,0.29166666666666663,0.0
8446.png,চারটি শিশু হাসছে।,0.6666666644444444,0.49999999875,0.5714285648979592,0.5714285648979592,0.39999999360000005,0.5714285648979592,0,0,0.5,0.3999999992
3742.png,একজন পুরুষ মাথায় বোঝা নিয়ে যাচ্ছে।,0.49999999916666665,0.3333333329629629,0.3999999946666667,0.3999999946666667,0.0,0.3999999946666667,0,0,0.4838709677419355,0.24999999979166665
411863595_d77156687e.jpg,একটি দম্পতি একটি <unk> কামড় দেওয়ার যন্ত্রপাতি নিয়ে ঘুরতে করে।,0.29999999969999996,0.24999999979166665,0.2727272675206612,0.2727272675206612,0.0,0.2727272675206612,0,0,0.3571428571428571,0.1111111110493827
8661.png,একটা মূর্তির দোকানে একজন বৃদ্ধ নারী কাজ করছে।,0.0,0.0,0.0,0.0,0.0,0.0,0,0,0.3870967741935484,0.0
2631625732_75b714e685.jpg,বেশ কয়েকটি লোক পানির মাঝে পাড় হচ্ছে আর নদীতে জাহাজ <unk> পাড় হচ্ছে আর নদীতে জাহাজ <unk> পাড় হচ্ছে আর নদীতে জাহাজ <unk> পাড় হচ্ছে আর নদীতে জাহাজ <unk> পাড় হচ্ছে আর নদীতে জাহাজ <unk> পাড় হচ্ছে আর নদীতে জাহাজ,0.02499999999375,0.16666666638888888,0.04347825858223074,0.04347825858223074,0.0,0.04347825858223074,0,0,0.15172413793103445,0.0624999999609375
138718600_f430ebca17.jpg,একজন লোক একটা সাইকেল চালাচ্ছে একজন লোক সাইকেল চালাচ্ছে,0.2222222219753086,0.14285714275510203,0.17391303856332715,0.17391303856332715,0.0,0.17391303856332715,0,0,0.3589743589743589,0.11764705875432525
3111502208_71e2a414f5.jpg,ছেলেরা রাগবি খেলছে,0.0,0.0,0.0,0.0,0.0,0.0,0,0,0.26086956521739135,0.0
5910.png,একটি গরু আছে।,0.3333333322222222,0.3333333322222222,0.33333332722222225,0.33333332722222225,0.0,0.33333332722222225,0,0,0.4,0.1999999996
3029463004_c2d2c8f404.jpg,একটি লোক পানিতে ভাসছে,0.249999999375,0.16666666638888888,0.1999999948000001,0.1999999948000001,0.0,0.1999999948000001,0,0,0.3571428571428571,0.1111111109876543
2436081047_bca044c1d3.jpg,এক যুবক একটি স্কেটবোর্ড চালাচ্ছে,0.3999999992,0.15384615372781063,0.22222221796296296,0.22222221796296296,0.0,0.22222221796296296,0,0,0.30434782608695654,0.124999999921875
IMG_20220915_163442.jpg,দুইজন পুরুষ ও একটি শিশু দাড়িয়ে আছে।,0.2857142853061225,0.16666666652777776,0.2105263109141275,0.2105263109141275,0.0,0.2105263109141275,0,0,0.375,0.124999999921875
4734.png,একটি পূর্ণ ঘাসে একদল লোক একা দাঁড়িয়ে আছে,0.12499999984374999,0.16666666638888888,0.1428571377551022,0.1428571377551022,0.0,0.1428571377551022,0,0,0.3571428571428571,0.07692307686390532
2522809984_2e8a7df4fb.jpg,একটি ভেজা কুকুর পানিতে দৌড়াচ্ছে,0.5999999988,0.49999999916666665,0.5454545395041324,0.5454545395041324,0.2222222167901236,0.5454545395041324,0,0,0.6363636363636364,0.37499999953124996
2893476169_f38dd32051.jpg,একজন লোক একটি ভবনের সামনে উড়ছে,0.33333333277777777,0.2857142853061225,0.3076923022485208,0.3076923022485208,0.1818181765289258,0.3076923022485208,0,0,0.5,0.18181818165289254
8931.png,একটি পানির নিচে শিশুরা পানি দিয়ে দাঁড়িয়ে আছে।,0.24999999968749997,0.13333333324444444,0.17391303879017025,0.17391303879017025,0.09523809070294806,0.17391303879017025,0,0,0.33333333333333337,0.09999999995
3762.png,একটি শিশু ও কয়েকটি পাখি দেখা যাচ্ছে।,0.571428570612245,0.6666666655555555,0.6153846094674558,0.6153846094674558,0.5454545395041324,0.6153846094674558,0,0,0.6956521739130435,0.4444444439506172
2890731828_8a7032503a.jpg,ধোঁয়া বের হলো এবং গাড়ী থেকে বের হচ্ছে।,0.12499999984374999,0.16666666638888888,0.1428571377551022,0.1428571377551022,0.0,0.1428571377551022,0,0,0.30000000000000004,0.08333333326388888
7070.png,মহিলা টি বসে আছে মহিলা টি,0.0,0.0,0.0,0.0,0.0,0.0,0,0,0.2222222222222222,0.0
2949.png,একজন পুরুষ মানুষ আছে।,0.7499999981250001,0.37499999953124996,0.49999999472222234,0.49999999472222234,0.1999999954000001,0.49999999472222234,0,0,0.40625,0.37499999953124996
664.png,দু'জন লোক পানিতে ভিজে গেলো,0.0,0.0,0.0,0.0,0.0,0.0,0,0,0.46153846153846156,0.0
3568505408_4e30def669.jpg,একটি ঘোড়ার দৌড়ে এবং ঘোড়া এবং ঘোড়া এবং ঘোড়া এবং ঘোড়া এবং ঘোড়া এবং ঘোড়া এবং ঘোড়া এবং ঘোড়া এবং ঘোড়া এবং ঘোড়া এবং ঘোড়া এবং ঘোড়া এবং ঘোড়া এবং ঘোড়া এবং ঘোড়া এবং ঘোড়া এবং ঘোড়া এবং ঘোড়া এবং,0.0499999999875,0.24999999968749997,0.08333333052083343,0.08333333052083343,0.0,0.04166666387152797,0,0,0.17355371900826444,0.18181818165289254
2757779501_c41c86a595.jpg,দু'জন লোক একটি শিলা মধ্য দিয়ে বেড়াচ্ছে।,0.4285714279591837,0.4285714279591837,0.42857142295918377,0.42857142295918377,0.3333333277777778,0.42857142295918377,0,0,0.5357142857142857,0.2727272724793388
3616771728_2c16bf8d85.jpg,একটি ঘোড়ায় চড়ে বসেছে এবং কালো ঘোড়া জোরে দৌড়াচ্ছে,0.2222222219753086,0.124999999921875,0.15999999526400013,0.15999999526400013,0.0,0.15999999526400013,0,0,0.3870967741935484,0.10526315783933518
4679.png,একটি সেতুর উপরে দাড়িয়ে আছে যার পরনে হাফ প্যান্ট পরে আছে।,0.2727272724793388,0.2727272724793388,0.2727272674793389,0.2727272674793389,0.07999999513600028,0.2727272674793389,0,0,0.45614035087719296,0.16666666657407406
110695011.jpg,শহরের রাস্তায় এক লোক রাস্তায় সাইকেল চালাচ্ছেন,0.14285714265306124,0.0999999999,0.11764705384083066,0.11764705384083066,0.0,0.11764705384083066,0,0,0.2790697674418605,0.06666666662222222
6053.png,একটি নৌকায় একজন পুরুষ আছে।,0.5999999988,0.4285714279591837,0.4999999943055557,0.4999999943055557,0.0,0.4999999943055557,0,0,0.5925925925925926,0.3333333329629629
1332823164_c70a5d930e.jpg,সমুদ্রের ঢেউয়ে এক ছোট ঢেউয়ের মধ্যে দৌড়াচ্ছে,0.4285714279591837,0.49999999916666665,0.4615384558579882,0.4615384558579882,0.1818181765289258,0.3076923022485208,0,0,0.48275862068965514,0.29999999969999996
5636.png,কয়েকজন মানুষ আছে।,0.3333333322222222,0.14285714265306124,0.1999999954000001,0.1999999954000001,0.0,0.1999999954000001,0,0,0.28,0.12499999984374999
3177.png,টুপি পরে লোকটি টুপি পরে আছে,0.33333333277777777,0.11764705875432525,0.17391303947069953,0.17391303947069953,0.0,0.17391303947069953,0,0,0.33333333333333337,0.1111111110493827
343218198_1ca90e0734.jpg,একটি কালো কুকুর ঘাসে হাটছে,0.5999999988,0.5999999988,0.5999999938,0.5999999938,0.4999999937500001,0.5999999938,0,0,0.5263157894736843,0.4285714279591837
1029802110.jpg,ছোট বাচ্চা মেয়ে রাস্তায় দাড়িয়ে আছে,0.0,0.0,0.0,0.0,0.0,0.0,0,0,0.2647058823529411,0.0
2707969386_94dde00ce4.jpg,একটি কুকুর একটি কুকুর দৌড়াচ্ছে,0.3999999992,0.33333333277777777,0.36363635801652905,0.36363635801652905,0.2222222167901236,0.36363635801652905,0,0,0.6086956521739131,0.2857142853061225
2591486448_48d5438343.jpg,একটি কুকুর তার মুখে একটি কালো বাদামী কুকুর দেখছেন,0.3333333329629629,0.4285714279591837,0.374999994609375,0.374999994609375,0.1428571377551022,0.374999994609375,0,0,0.4473684210526315,0.2727272724793388
8101.png,রাতের বেলা রাতের বেলা রেল লাইন স্টেশনে কয়েকজন মানুষ দাড়িয়ে আছে পিছনে অনেক মানুষ,0.0,0.0,0.0,0.0,0.0,0.0,0,0,0.2592592592592593,0.0
1262077938_8b9516c273.jpg,এক মহিলা সবুজ বেঞ্চে বসে আছে,0.49999999916666665,0.37499999953124996,0.4285714230612245,0.4285714230612245,0.16666666152777793,0.4285714230612245,0,0,0.5666666666666667,0.2727272724793388
3051754615_3d6494c2ae.jpg,একদল লোক নৌকার সাথে নিয়ে নদীতে স্প্ল্যাশ তৈরি করছে।,0.3333333329629629,0.49999999916666665,0.3999999946666667,0.3999999946666667,0.15384614887573977,0.3999999946666667,0,0,0.47058823529411764,0.24999999979166665
3367851138_757d6bd2ef.jpg,একটি কালো কুকুর একটি <unk> দেখছে,0.49999999916666665,0.37499999953124996,0.4285714230612245,0.4285714230612245,0.13333332871111125,0.3529411714878893,0,0,0.43333333333333335,0.1999999998
_MG_2689.JPG,রেললাইনের পাশে দিয়ে ট্রেন লাইন এর উপর,0.571428570612245,0.571428570612245,0.5714285656122451,0.5714285656122451,0.3333333277777778,0.5714285656122451,0,0,0.5555555555555556,0.3999999996
7426.png,একটি লোক সাদা জুতা পরে বসে আছে আর তার পাশে একটি লোক দাঁড়িয়ে আছে,0.07142857137755101,0.1999999996,0.10526315390581731,0.10526315390581731,0.0,0.10526315390581731,0,0,0.31818181818181823,0.06666666662222222
3000428313_8a1e65e20e.jpg,এক ছোট্ট শিশু একটি নীল রঙের সার্ফবোর্ডে চড়ছে,0.37499999953124996,0.37499999953124996,0.37499999453125,0.37499999453125,0.0,0.37499999453125,0,0,0.6363636363636364,0.24999999979166665
837.png,একজন পুরুষ বসে আছে।,0.49999999875,0.49999999875,0.4999999937500001,0.4999999937500001,0.33333332722222225,0.4999999937500001,0,0,0.7142857142857143,0.33333333277777777
468310111_d9396abcbd.jpg,একটি মাঠে অনেকগুলো গরু ঘাস খাচ্ছে অনেক ঘাসের জমিতে হাঁটছে।,0.1999999998,0.24999999968749997,0.22222221703703712,0.22222221703703712,0.0,0.22222221703703712,0,0,0.368421052631579,0.124999999921875
3407584080_c6abf71ae3.jpg,বরফের মধ্যে এক লোক তুষারপূর্ণ পাহাড় থেকে তুষার ঢাকা পাহাড়ের নিচে ভাসছে,0.24999999979166665,0.49999999916666665,0.33333332851851855,0.33333332851851855,0.0,0.22222221753086427,0,0,0.2978723404255319,0.19999999986666667
1801663973_5ad393caeb.jpg,একটি ছেলে একটি ছোট ছেলেকে একটি ঘাসের উপর শুয়ে আছে,0.3999999996,0.26666666648888887,0.319999994944,0.319999994944,0.11764705370242234,0.23999999500800004,0,0,0.40816326530612246,0.16666666657407406
3436418401_b00ceb27c0.jpg,একটি ছেলে সৈকতে দৌড়াচ্ছে,0.7499999981250001,0.2727272724793388,0.3999999955555556,0.3999999955555556,0.0,0.3999999955555556,0,0,0.5714285714285714,0.24999999979166665
4317.png,একটি নৌকায় একজন মানুষ আছে।,0.5999999988,0.4285714279591837,0.4999999943055557,0.4999999943055557,0.1999999948000001,0.4999999943055557,0,0,0.5714285714285714,0.3333333329629629
1664.png,একটি শিশু দাড়িয়ে আছে।,0.249999999375,0.1999999996,0.2222222167901236,0.2222222167901236,0.0,0.2222222167901236,0,0,0.4285714285714286,0.12499999984374999
7011.png,একটি নৌকায় একজন লোক নৌকার উপর দিয়ে নৌকায় বসে আছে।,0.3999999996,0.6666666655555555,0.4999999946875,0.4999999946875,0.2857142807142858,0.4999999946875,0,0,0.5,0.3636363633057851
3215081286_d55541aa6b.jpg,রাতে একটি <unk> একটি ব্যস্ত সড়কে দাঁড়িয়ে আছে,0.12499999984374999,0.14285714265306124,0.13333332817777796,0.13333332817777796,0.0,0.13333332817777796,0,0,0.34375,0.07692307686390532
6902.png,একটি নৌকার ভিতর কয়েকজন মানুষ আছে।,0.33333333277777777,0.2222222219753086,0.2666666615111111,0.2666666615111111,0.0,0.2666666615111111,0,0,0.43243243243243246,0.15384615372781063
2030.png,কয়েকজন মানুষ দেখা যাচ্ছে।,0.249999999375,0.1999999996,0.2222222167901236,0.2222222167901236,0.0,0.2222222167901236,0,0,0.47058823529411764,0.12499999984374999
3474999131_788cbf253f.jpg,একটি কুকুর পাইপ ব্যবহার করছেন।,0.3999999992,0.33333333277777777,0.36363635801652905,0.36363635801652905,0.2222222167901236,0.36363635801652905,0,0,0.4347826086956522,0.2222222219753086
7893.png,একজন মহিলা ইটের তৈরি করে হাসছে,0.16666666638888888,0.16666666638888888,0.16666666138888903,0.16666666138888903,0.0,0.16666666138888903,0,0,0.30434782608695654,0.09090909082644627
9034.png,একটা মহিলা একটি বার করে আছে।,0.16666666638888888,0.0999999999,0.12499999515625017,0.12499999515625017,0.0,0.12499999515625017,0,0,0.35,0.07142857137755101
8391.png,জলাশয়ের পারে একটি শিশু আছে।,0.3999999992,0.33333333277777777,0.36363635801652905,0.36363635801652905,0.0,0.36363635801652905,0,0,0.5,0.2222222219753086
1264.png,৪ জন পুরুষ ৩ জন পুরুষ।,0.49999999916666665,0.19999999986666667,0.2857142813605443,0.2857142813605443,0.21052631168975072,0.19047618621315202,0,0,0.42307692307692313,0.1874999998828125
820169182_f5e78d7d19.jpg,একটি শিশু একটি নীল রঙের কুকুরছানাকে কয়েকটি রঙিন টিউবের উপর বসে আছে,0.08333333326388888,0.16666666638888888,0.11111110654321005,0.11111110654321005,0.0,0.11111110654321005,0,0,0.29166666666666663,0.0624999999609375
7864.png,পানির উপর কয়েকজন মানুষ আছে।,0.3999999992,0.3999999992,0.39999999420000004,0.39999999420000004,0.2499999943750001,0.39999999420000004,0,0,0.55,0.24999999968749997
8421.png,দুইটি শিশু আছে।,0.6666666644444444,0.49999999875,0.5714285648979592,0.5714285648979592,0.0,0.5714285648979592,0,0,0.5833333333333333,0.3999999992
3547524138_4157f660b0.jpg,রঙিন পোশাক পরিহিত একদল মহিলা একটি <unk> <unk>,0.24999999968749997,0.33333333277777777,0.2857142804081633,0.2857142804081633,0.0,0.2857142804081633,0,0,0.31707317073170727,0.18181818165289254
3259579174_30a8a27058.jpg,এক ছোট ছেলে পটভূমিতে একটি ঢেউ এ চড়ছে,0.24999999968749997,0.1999999998,0.22222221703703712,0.22222221703703712,0.0,0.15384614887573977,0,0,0.42105263157894735,0.13333333324444444
870.png,একটি শিশু আছে।,0.9999999966666667,0.4285714279591837,0.5999999946000001,0.5999999946000001,0.24999999562500003,0.5999999946000001,0,0,0.375,0.4285714279591837
3509.png,একজন পুরুষ দাড়িয়ে আছে।,0.49999999875,0.6666666644444444,0.5714285648979592,0.5714285648979592,0.0,0.5714285648979592,0,0,0.6,0.3999999992
2602679255_785b851b46.jpg,একজন মহিলা একটি সাইকেল চালানো হচ্ছে।,0.49999999916666665,0.37499999953124996,0.4285714230612245,0.4285714230612245,0.22222221796296296,0.4285714230612245,0,0,0.47058823529411764,0.2727272724793388
3351586010_7ffaa90ea8.jpg,একটি পার্কের রাস্তায় একটি শিশু সিমেন্টের পথ দিয়ে একটি লাল পাজামা পরে রাস্তায় সাইকেল চালাচ্ছে,0.13333333324444444,0.24999999968749997,0.17391303879017025,0.17391303879017025,0.0,0.17391303879017025,0,0,0.360655737704918,0.1111111110493827
6500.png,একজন মেয়ে হাঁসি মুখে বসে আছে।,0.33333333277777777,0.49999999875,0.3999999944,0.3999999944,0.0,0.3999999944,0,0,0.4736842105263158,0.24999999968749997
5975.png,রাস্তা দিয়ে গাড়ি ও অনেকগুলো মানুষ আছে।,0.14285714265306124,0.249999999375,0.1818181768595043,0.1818181768595043,0.0,0.1818181768595043,0,0,0.20833333333333337,0.0999999999
6015.png,পাঁচজন মানুষ আছে।,0.3333333322222222,0.14285714265306124,0.1999999954000001,0.1999999954000001,0.0,0.1999999954000001,0,0,0.3076923076923077,0.1111111109876543
1509786421_f03158adfc.jpg,একজন মহিলা একটি সাদা এবং একটি ছোট একটি সাদা এবং একটি ছোট একটি সাদা এবং একটি ছোট একটি সাদা এবং একটি ছোট একটি সাদা এবং একটি ছোট একটি সাদা এবং একটি ছোট একটি সাদা এবং একটি ছোট একটি সাদা এবং,0.02499999999375,0.0999999999,0.039999996784000263,0.039999996784000263,0.0,0.039999996784000263,0,0,0.21167883211678828,0.06666666662222222
203114209_e4cd71a6b7.jpg,দুই শিশু একটি <unk> পানির মধ্যে নৌকা চালাচ্ছে,0.37499999953124996,0.21428571413265304,0.2727272678512397,0.2727272678512397,0.0999999953500002,0.2727272678512397,0,0,0.40625,0.15789473675900276
315021440_122d56ebd7.jpg,একটি কুকুর একটি ছোট কুকুর দৌড়াচ্ছে,0.49999999916666665,0.4285714279591837,0.4615384558579882,0.4615384558579882,0.1818181765289258,0.4615384558579882,0,0,0.5862068965517242,0.37499999953124996
1579198375_84b18e003a.jpg,একজন মহিলা তার পেছনে একজন লোক,0.6666666655555555,0.3999999996,0.4999999946875,0.4999999946875,0.24999999468750006,0.4999999946875,0,0,0.525,0.2857142853061225
3315323307_bd148a8964.jpg,একটি কুকুর তুষার এর পথ ধরে একটি কুকুর,0.24999999968749997,0.33333333277777777,0.2857142804081633,0.2857142804081633,0.16666666152777793,0.2857142804081633,0,0,0.4285714285714286,0.1999999998
488590040_35a3e96c89.jpg,একজন লোক একটি দড়ি ধরে আছে,0.49999999916666665,0.37499999953124996,0.4285714230612245,0.4285714230612245,0.16666666152777793,0.4285714230612245,0,0,0.46153846153846156,0.2727272724793388
4879.png,একটি নৌকা আছে।,0.3333333322222222,0.1111111109876543,0.16666666263888896,0.16666666263888896,0.0,0.16666666263888896,0,0,0.2727272727272727,0.09090909082644627
143688895_e837c3bc76.jpg,একজন লোক একটি পাথরে আরোহণ করছে ।,0.571428570612245,0.4444444439506172,0.49999999445312515,0.49999999445312515,0.16666666138888903,0.42857142295918377,0,0,0.5862068965517242,0.3333333330555555
3227594168_3351722aae.jpg,ঘাসের উপর বসে থাকা একটি ছোট্ট ছেলে এবং একটি ছোট ছেলেকে আদর করছে,0.30769230745562126,0.3333333330555555,0.319999994752,0.319999994752,0.17391303833648408,0.319999994752,0,0,0.3695652173913043,0.1999999999
3423.png,একজন নারী বসে আছে।,0.249999999375,0.14285714265306124,0.1818181768595043,0.1818181768595043,0.0,0.1818181768595043,0,0,0.375,0.0999999999
1033767085.jpg,একটি শিশু একটি চেয়ার থেকে একটি বল নিয়ে খেলছে।,0.5555555549382716,0.29411764688581316,0.38461537979289945,0.38461537979289945,0.08333332881944468,0.3076923029289941,0,0,0.41666666666666663,0.18181818165289254
2795287622_da187a3e86.jpg,একটি পুলে এক ছেলে সুইমিংপুলে লাফ দিচ্ছে,0.571428570612245,0.4444444439506172,0.49999999445312515,0.49999999445312515,0.1428571377551022,0.49999999445312515,0,0,0.56,0.3333333330555555
3192069971_83c5a90b4c.jpg,একটি শিশু একটি মোটরসাইকেলে চড়ে প্রতিযোগিতা করছে,0.14285714265306124,0.1111111109876543,0.12499999492187522,0.12499999492187522,0.0,0.12499999492187522,0,0,0.3829787234042553,0.07142857137755101
3724759125_2dc0e1f4a3.jpg,একটি শিশু একটি ছোট ছেলেকে আদর করছে,0.2857142853061225,0.2222222219753086,0.24999999476562512,0.24999999476562512,0.0,0.24999999476562512,0,0,0.37142857142857144,0.11764705875432525
2998861375_02817e0147.jpg,কালো পুলিশ প্রশিক্ষণ দিচ্ছে,0.249999999375,0.1999999996,0.2222222167901236,0.2222222167901236,0.0,0.2222222167901236,0,0,0.48,0.12499999984374999
3203742047_6a55065411.jpg,বরফে স্লেজিং করছে হেলমেট পরা এক লোক বরফে স্লেজে বসে আছে,0.2727272724793388,0.37499999953124996,0.31578946847645434,0.31578946847645434,0.11764705384083066,0.31578946847645434,0,0,0.3589743589743589,0.19999999986666667
7570.png,একজন ছোট মেয়ে সেজেগুজে হাতে বেলুন ধরে আছে।,0.37499999953124996,0.4285714279591837,0.3999999944888889,0.3999999944888889,0.15384614863905344,0.3999999944888889,0,0,0.4285714285714286,0.24999999979166665
1098.png,কয়েকজন মানুষ বসে লিখছে।,0.49999999875,0.2222222219753086,0.3076923029585799,0.3076923029585799,0.18181817752066123,0.3076923029585799,0,0,0.2571428571428571,0.18181818165289254
3406409018_03de95181e.jpg,গোলের সামনে হকি খেলোয়াড় গোল রক্ষা করতে নিচ্ছে,0.24999999968749997,0.1999999998,0.22222221703703712,0.22222221703703712,0.0,0.22222221703703712,0,0,0.39473684210526316,0.124999999921875
7602.png,একজন মানুষ দেখা যাচ্ছে।,0.49999999875,0.33333333277777777,0.3999999944,0.3999999944,0.24999999468750006,0.3999999944,0,0,0.4782608695652174,0.24999999968749997
4094.png,কয়েকজন পুরুষ মানুষ।,0.3333333322222222,0.1111111109876543,0.16666666263888896,0.16666666263888896,0.0,0.16666666263888896,0,0,0.20588235294117652,0.09090909082644627
2568417021_afa68423e5.jpg,একটি <unk> এক লোক একটি <unk>,0.49999999916666665,0.24999999979166665,0.33333332851851855,0.33333332851851855,0.19999999460000012,0.33333332851851855,0,0,0.3829787234042553,0.24999999968749997
312156254_ef31dca5ed.jpg,একটি কালো কুকুর একটি কালো কুকুর,0.49999999916666665,0.37499999953124996,0.4285714230612245,0.4285714230612245,0.33333332791666676,0.4285714230612245,0,0,0.5,0.37499999953124996
3522989916_f20319cc59.jpg,দুটি কুকুর ঘাসে লড়াই করছে,0.3999999992,0.3999999992,0.39999999420000004,0.39999999420000004,0.2499999943750001,0.39999999420000004,0,0,0.6666666666666667,0.24999999968749997
2053006423_6adf69ca67.jpg,এক লোক পাথরের উপর থেকে পুরো ইশারা করছেন।,0.24999999968749997,0.1999999998,0.22222221703703712,0.22222221703703712,0.11764705384083066,0.22222221703703712,0,0,0.4418604651162791,0.124999999921875
3302.png,একটি নৌকায় কয়েকজন মানুষ আছে।,0.7999999984,0.3636363633057851,0.499999995078125,0.499999995078125,0.14285713857142868,0.499999995078125,0,0,0.475,0.3999999996
1394368714_3bc7c19969.jpg,একজন লোক শপিং ব্যাগ নিয়ে দাঁড়িয়ে আছে।,0.2857142853061225,0.2222222219753086,0.24999999476562512,0.24999999476562512,0.1428571377551022,0.24999999476562512,0,0,0.4117647058823529,0.14285714275510203
9052.png,সূর্যের আলোতে একজন লোক বসে আছে।,0.16666666638888888,0.249999999375,0.1999999948000001,0.1999999948000001,0.0,0.1999999948000001,0,0,0.31818181818181823,0.1111111109876543
2934801096_230ae78d7e.jpg,নীল এবং হলুদ জ্যাকেট পরা একজন লোক একটি <unk> সাহায্যে বাইরের একটি সাইন ধরে হাঁটছে।,0.19999999986666667,0.24999999979166665,0.22222221711934168,0.22222221711934168,0.0,0.14814814310013733,0,0,0.3620689655172413,0.08695652170132324
210686241_b8e069fff3.jpg,একজন বালক উপরের দিকে তাকিয়ে আছে,0.16666666638888888,0.07692307686390532,0.10526315346260404,0.10526315346260404,0.0,0.10526315346260404,0,0,0.34782608695652173,0.0624999999609375
3591462960_86045906bd.jpg,একটি <unk> মানুষ একটি বার নিয়ে যাচ্ছে,0.2857142853061225,0.11764705875432525,0.16666666239583344,0.16666666239583344,0.0,0.16666666239583344,0,0,0.4545454545454546,0.09523809519274376
IMG_2416.JPG,লোক টি বসে আছে,0.49999999875,0.49999999875,0.4999999937500001,0.4999999937500001,0.0,0.4999999937500001,0,0,0.5833333333333333,0.33333333277777777
3530342993_a4a1f0e516.jpg,এক লোক একটি ঢালু পথ থেকে ঝাঁপিয়ে পড়ে।,0.37499999953124996,0.21428571413265304,0.2727272678512397,0.2727272678512397,0.13333332817777796,0.2727272678512397,0,0,0.37142857142857144,0.15789473675900276
460350019_af60511a3b.jpg,একটি কালো কুকুর লাফ দেওয়ার চেষ্টা করছে যা কালো কুকুর নিয়ে খেলেন।,0.3333333330555555,0.26666666648888887,0.29629629113854594,0.29629629113854594,0.15999999494400013,0.29629629113854594,0,0,0.40476190476190477,0.1999999999
2272426567_9e9fb79db0.jpg,একটি কুকুর তুষার দিয়ে ঢাকা একটি তুষারাবৃত মাঠে দৌড়াচ্ছে,0.3333333329629629,0.5999999988,0.42857142336734694,0.42857142336734694,0.33333332833333335,0.42857142336734694,0,0,0.4285714285714286,0.29999999969999996
2720.png,একজন মেয়ে শিশু কোলে নিয়ে দাড়িয়ে আছে।,0.2857142853061225,0.33333333277777777,0.3076923022485208,0.3076923022485208,0.0,0.3076923022485208,0,0,0.34782608695652173,0.18181818165289254
2907073768_08fd7bdf60.jpg,একজন সাইকেল চালক একটি কৌশল করছে,0.6666666655555555,0.3999999996,0.4999999946875,0.4999999946875,0.14285713806122466,0.4999999946875,0,0,0.5714285714285714,0.3333333330555555
5803.png,একজন মানুষ ছাতা নিয়ে হেটে আসছে ১ জন পুরুষ ১ জন পুরুষ ১ জন পুরুষ ১ জন পুরুষ ১ জন পুরুষ ১ জন পুরুষ ১ জন পুরুষ ১ জন পুরুষ ১ জন পুরুষ ১ জন পুরুষ ১ জন পুরুষ ১,0.099999999975,0.26666666648888887,0.14545454143471084,0.14545454143471084,0.0,0.10909090508429765,0,0,0.23770491803278693,0.1999999999
2378149488_648e5deeac.jpg,একটি পতাকা বিক্রি করছে।,0.249999999375,0.1111111109876543,0.15384614934911253,0.15384614934911253,0.0,0.15384614934911253,0,0,0.40625,0.08333333326388888
2502835694_4fe121bbea.jpg,একটি দালানের সামনে কিছু লোক জড়ো হয়েছে,0.2857142853061225,0.2857142853061225,0.28571428030612256,0.28571428030612256,0.0,0.14285713765306143,0,0,0.5,0.16666666652777776
2739331794_4ae78f69a0.jpg,একজন মোটরসাইকেল চালক বাঁক নিচ্ছে,0.3999999992,0.3999999992,0.39999999420000004,0.39999999420000004,0.2499999943750001,0.39999999420000004,0,0,0.7391304347826086,0.24999999968749997
2751.png,দুজন লোক সাদা কাগজ ধরে আছে,0.0,0.0,0.0,0.0,0.0,0.0,0,0,0.368421052631579,0.0
5565.png,একটি মেয়ে শিশু আছে।,0.249999999375,0.249999999375,0.2499999943750001,0.2499999943750001,0.0,0.2499999943750001,0,0,0.5,0.14285714265306124
1718.png,একজন মহিলা একটি শিশু বই নিয়ে বসে স্লেট নিয়ে দাড়িয়ে বাহিরে দেয়াল গেসে চেয়ার এ বসে খাতায় লিখছে এবং ১ জন মেয়ে বসে খাতায় লিখছে এবং মেয়ে শিশু বই নিয়ে বসে স্লেট নিয়ে দাড়িয়ে বাহিরে দেয়াল গেসে চেয়ার এ বসে,0.17499999995624999,0.4117647056401384,0.2456140308156356,0.2456140308156356,0.03636363222479386,0.17543859224376743,0,0,0.28358208955223885,0.19999999993333334
14.png,একজন নারী ফল বিক্রি করছেন,0.3999999992,0.124999999921875,0.1904761866666667,0.1904761866666667,0.0,0.1904761866666667,0,0,0.25806451612903225,0.124999999921875
5979.png,বাচ্চারা পানিতে দৌড়াচ্ছে যে জল দিয়ে ছুটে চলেছে।,0.0,0.0,0.0,0.0,0.0,0.0,0,0,0.2857142857142857,0.0
7889.png,একজন মানুষ হেঁটে আসছে।,0.249999999375,0.07692307686390532,0.11764705508650528,0.11764705508650528,0.0,0.11764705508650528,0,0,0.21568627450980393,0.07142857137755101
1379026456_153fd8b51b.jpg,একজন লোক ধূসর রঙের চামচ দিয়ে ল্যাপটপ নিয়ে,0.24999999968749997,0.2857142853061225,0.2666666613333334,0.2666666613333334,0.0,0.2666666613333334,0,0,0.32258064516129037,0.15384615372781063
3014546644_d53db746ec.jpg,একটি কালো কুকুর ঘাসের মধ্য দিয়ে চলছে,0.571428570612245,0.49999999937499995,0.5333333276444445,0.5333333276444445,0.15384614863905344,0.4615384558579882,0,0,0.6,0.3636363633057851
3784.png,একটি ঘাসের উপর একটি শিশু বসে আছে।,0.4285714279591837,0.29999999969999996,0.35294117121107266,0.35294117121107266,0.13333332835555572,0.35294117121107266,0,0,0.34375,0.23076923059171597
3268191118_ba25fabab6.jpg,এক লোক তার স্কেটবোর্ড দিয়ে স্টান্ট চেষ্টা করছে,0.37499999953124996,0.49999999916666665,0.4285714230612245,0.4285714230612245,0.16666666152777793,0.4285714230612245,0,0,0.4516129032258065,0.2727272724793388
5261.png,মহিলা টির হাতে সাদা রঙের,0.0,0.0,0.0,0.0,0.0,0.0,0,0,0.22499999999999998,0.0
5083.png,রেল লাইন ধরে একটি রেল লাইনের উপর দিয়ে দাঁড়াই আছে,0.0999999999,0.3333333322222222,0.15384615005917168,0.15384615005917168,0.0,0.15384615005917168,0,0,0.2857142857142857,0.09090909082644627
1394927474_0afdd82fc4.jpg,একটি স্তম্ভের সামনে এক লোক একটি <unk> সামনে একটি বড় বড় স্থাপনার সামনে একটি <unk> সামনে একটি বড় বড় স্থাপনার সামনে একটি <unk> সামনে একটি বড় বড় স্থাপনার সামনে একটি <unk> সামনে একটি বড় বড় স্থাপনার সামনে একটি <unk> সামনে,0.1499999999625,0.46153846118343195,0.22641509055179784,0.22641509055179784,0.07843136891964646,0.22641509055179784,0,0,0.2515723270440252,0.3333333331111111
1804.png,একটি শিশু আছে।,0.3333333322222222,0.09090909082644627,0.14285713928571436,0.14285713928571436,0.0,0.14285713928571436,0,0,0.1707317073170732,0.0999999999
2735979477_eef7c680f9.jpg,একটি বাদামী কুকুর একটি বাদামী বর্ণের রঙের খেলনা নিয়ে মাঠে খেলছে,0.18181818165289254,0.3999999992,0.249999995390625,0.249999995390625,0.0,0.249999995390625,0,0,0.33333333333333337,0.16666666652777776
2971211296_2587c3924d.jpg,এক ফুটবলার সোনার স্টিক ছুড়ছে,0.1999999996,0.1999999996,0.19999999460000012,0.19999999460000012,0.0,0.19999999460000012,0,0,0.4,0.1111111109876543
3036.png,একজন নারী আছে। পিছনে একজন নারী আছে। পিছনে একজন নারী আছে। পিছনে একজন নারী আছে। পিছনে একজন নারী আছে। পিছনে একজন নারী আছে। পিছনে একজন নারী আছে। পিছনে একজন নারী আছে। পিছনে একজন নারী আছে। পিছনে একজন নারী আছে। পিছনে,0.07499999998125,0.49999999916666665,0.1304347802835539,0.1304347802835539,0.045454543419421574,0.1304347802835539,0,0,0.17449664429530198,0.4285714279591837
3963.png,একজন মহিলা তার <unk> দিকে তাকিয়ে আছে,0.14285714265306124,0.249999999375,0.1818181768595043,0.1818181768595043,0.0,0.1818181768595043,0,0,0.4,0.0999999999
123997871_6a9ca987b1.jpg,নীল জামা পরা সকার খেলোয়াড় বল হাতে নিয়ে দৌড়াচ্ছে যখন সে তাকে মাটিতে পরে আছে,0.13333333324444444,0.1999999998,0.15999999507200013,0.15999999507200013,0.0,0.15999999507200013,0,0,0.31999999999999995,0.08695652170132324
6512.png,একটি শিশু তাকিয়ে আছে।,0.7499999981250001,0.9999999966666667,0.8571428497959185,0.8571428497959185,0.39999999360000005,0.8571428497959185,0,0,0.6923076923076923,0.7499999981250001
4197.png,একজন মহিলা হাতে একটা ব্যাগ নিয়ে দাড়িয়ে আছে।,0.49999999937499995,0.3999999996,0.4444444390123457,0.4444444390123457,0.0,0.4444444390123457,0,0,0.4137931034482759,0.28571428551020406
3674565156_14d3b41450.jpg,একজন মহিলা,0.4999999975,0.16666666638888888,0.24999999562500003,0.24999999562500003,0.0,0.24999999562500003,0,0,0.31818181818181823,0.14285714265306124
1188.png,একজন পুরুষ দাড়িয়ে আছে।,0.7499999981250001,0.3333333329629629,0.4615384565680474,0.4615384565680474,0.18181817752066123,0.4615384565680474,0,0,0.4,0.3333333329629629
3225310099_d8e419ba56.jpg,একটি নৌকায় কয়েকজন লোক দাড়িয়ে আছে।,0.49999999916666665,0.149999999925,0.23076922704142017,0.23076922704142017,0.0,0.15384615017751488,0,0,0.3666666666666667,0.14285714278911565
1985.png,নদীর পাড়ে কাঁদার উপরে দারিয়ে আছে এবং উপরে দারিয়ে আছে এবং উপরে দারিয়ে আছে এবং উপরে দারিয়ে আছে এবং উপরে দারিয়ে আছে এবং উপরে দারিয়ে আছে এবং উপরে দারিয়ে আছে এবং উপরে দারিয়ে আছে এবং উপরে দারিয়ে আছে এবং উপরে,0.02499999999375,0.07692307686390532,0.03773584533997901,0.03773584533997901,0.0,0.03773584533997901,0,0,0.19999999999999996,0.05263157891966759
2866093652_aa717eb9ce.jpg,ছেলেরা ফুটবল খেলায় অংশ নিচ্ছে,0.0,0.0,0.0,0.0,0.0,0.0,0,0,0.368421052631579,0.0
2935986346_29df6cf692.jpg,দুটি কুকুর একটি খেলনা নিয়ে দাড়িয়ে আছে,0.2857142853061225,0.3999999992,0.33333332791666676,0.33333332791666676,0.0,0.16666666152777793,0,0,0.375,0.1999999998
916.png,একটি মাঠে অনেক মানুষ আছে।,0.3999999992,0.49999999875,0.4444444385185186,0.4444444385185186,0.28571428000000004,0.4444444385185186,0,0,0.3529411764705882,0.2857142853061225
8397.png,একজন নারী একটি শিশু আছে।,0.1999999996,0.16666666638888888,0.1818181765289258,0.1818181765289258,0.0,0.1818181765289258,0,0,0.30434782608695654,0.0999999999
2662.png,কয়েকজন পুরুষ দাড়িয়ে আছে।,0.49999999875,0.3999999992,0.4444444385185186,0.4444444385185186,0.0,0.4444444385185186,0,0,0.5,0.2857142853061225
608257195_6ec6f48e37.jpg,একজন লোক পাহাড়ে চলাচলের উপযোগী সাইকেলে চড়ে পাহাড়ি বন্ধুর পথে ঝাঁপিয়ে পড়েছিল।,0.08333333326388888,0.16666666638888888,0.11111110654321005,0.11111110654321005,0.0,0.11111110654321005,0,0,0.3137254901960784,0.05882352937716263
2930622766_fa8f84deb1.jpg,একটি দল,0.4999999975,0.09090909082644627,0.15384615100591717,0.15384615100591717,0.0,0.15384615100591717,0,0,0.1428571428571429,0.08333333326388888
2689.png,একটি <unk> <unk> হাতে লাল ফুল তুলছে। পিছনে শহীদ মিনারের সামনে দাড়িয়ে আছে।,0.07692307686390532,0.12499999984374999,0.09523809043083924,0.09523809043083924,0.0,0.09523809043083924,0,0,0.3125,0.05263157891966759
949.png,একজন মানুষ আছে।,0.0,0.0,0.0,0.0,0.0,0.0,0,0,0.2857142857142857,0.0
5486.png,গেঞ্জি প্যান্ট গেঞ্জি প্যান্ট গেঞ্জি প্যান্ট গেঞ্জি প্যান্ট গেঞ্জি প্যান্ট গেঞ্জি প্যান্ট গেঞ্জি প্যান্ট গেঞ্জি প্যান্ট গেঞ্জি প্যান্ট গেঞ্জি প্যান্ট গেঞ্জি প্যান্ট গেঞ্জি প্যান্ট গেঞ্জি প্যান্ট গেঞ্জি প্যান্ট গেঞ্জি প্যান্ট গেঞ্জি প্যান্ট গেঞ্জি প্যান্ট গেঞ্জি প্যান্ট গেঞ্জি প্যান্ট গেঞ্জি প্যান্ট,0.0,0.0,0.0,0.0,0.0,0.0,0,0,0.04469273743016755,0.0
2187904131_96ea83b9b5.jpg,একদল লোক স্কি করে,0.49999999875,0.3999999992,0.4444444385185186,0.4444444385185186,0.0,0.4444444385185186,0,0,0.47058823529411764,0.2857142853061225
7237.png,একটি শিশু দাড়িয়ে আছে।,0.49999999875,0.14285714275510203,0.22222221851851853,0.22222221851851853,0.0,0.22222221851851853,0,0,0.38095238095238093,0.124999999921875
4837.png,একটি জলাশয় আছে।,0.0,0.0,0.0,0.0,0.0,0.0,0,0,0.17647058823529416,0.0
6282.png,একজন ছোট ছেলে মাথায় কাপড় দিয়ে হাঁসি দিয়ে হাঁসি মুখে তাকিয়ে আছে।,0.3333333330555555,0.3636363633057851,0.3478260816635161,0.3478260816635161,0.09523809015873042,0.3478260816635161,0,0,0.6,0.2352941175086505
3697378565_7060d9281a.jpg,কিছু মানুষ পতাকা নিয়ে চাতালে কাজ করছে।,0.0,0.0,0.0,0.0,0.0,0.0,0,0,0.32258064516129037,0.0
9041.png,ধান ক্ষেতের পথ ধরে হেটে যাচ্ছে।,0.16666666638888888,0.0999999999,0.12499999515625017,0.12499999515625017,0.0,0.12499999515625017,0,0,0.33333333333333337,0.06666666662222222
3198231851_6b1727482b.jpg,একটি কালো কুকুর একটি ফুটবল নিয়ে খেলছে,0.2857142853061225,0.33333333277777777,0.3076923022485208,0.3076923022485208,0.0,0.3076923022485208,0,0,0.3846153846153846,0.1999999998
9026.png,জমিতে কয়েকটি গরু নিয়ে হেটে যাচ্ছে কাঁদার মধ্য দিয়ে হেটে যাচ্ছে কাঁদার মধ্য দিয়ে হেটে যাচ্ছে কাঁদার মধ্য দিয়ে হেটে যাচ্ছে কাঁদার মধ্য দিয়ে হেটে যাচ্ছে কাঁদার মধ্য দিয়ে হেটে যাচ্ছে কাঁদার মধ্য দিয়ে হেটে যাচ্ছে কাঁদার মধ্য দিয়ে হেটে,0.0499999999875,0.1999999998,0.07999999676800014,0.07999999676800014,0.0,0.039999996784000263,0,0,0.15384615384615385,0.11764705875432525
3421480658_b3518b6819.jpg,এক বাচ্চা বসে আছে,0.49999999875,0.2857142853061225,0.36363635834710756,0.36363635834710756,0.2222222172839507,0.36363635834710756,0,0,0.37037037037037035,0.2222222219753086
538.png,একজন পুরুষ কাজ করছে।,0.7499999981250001,0.7499999981250001,0.7499999931250001,0.7499999931250001,0.33333332722222225,0.7499999931250001,0,0,0.8666666666666667,0.5999999988
2956895529_ec6275060e.jpg,একটি ছেলে তার সাইকেল দিয়ে লাফিয়ে কসরত দেখাচ্ছে,0.24999999968749997,0.3999999992,0.3076923024852071,0.3076923024852071,0.1818181768595043,0.3076923024852071,0,0,0.5483870967741935,0.18181818165289254
6658.png,৮ জন ছেলে রাস্তার পাশে দাড়িয়ে আছে যাদের মধ্যে ৮ জন ছেলে ১ জন ছেলে ১ জন ছেলে ১ জন ছেলে ১ জন ছেলে ১ জন ছেলে ১ জন ছেলে ১ জন ছেলে ১ জন ছেলে ১ জন ছেলে ১,0.0499999999875,0.2222222219753086,0.08163265002915464,0.08163265002915464,0.0,0.08163265002915464,0,0,0.1339285714285714,0.11764705875432525
431.png,কয়েকজন মহিলা দোকানে দোকানে বসে আছে ৩ মুরগি কথা বলছে।,0.0999999999,0.14285714265306124,0.11764705384083066,0.11764705384083066,0.0,0.11764705384083066,0,0,0.3571428571428571,0.06666666662222222
3085667865_fa001816be.jpg,এক লোক পানির উপর লাফ দিচ্ছে,0.33333333277777777,0.33333333277777777,0.3333333277777778,0.3333333277777778,0.19999999460000012,0.3333333277777778,0,0,0.5454545454545454,0.1999999998
2592019072_a6c0090da4.jpg,একটি ছোট্ট মেয়ে এবং সাদা স্কার্ট পরা একটি মেয়ে তার মায়ের হাত দিয়ে হাঁটছে,0.28571428551020406,0.3999999996,0.33333332819444444,0.33333332819444444,0.10526315346260404,0.28571428099773244,0,0,0.39583333333333337,0.1764705881314879
434792818_56375e203f.jpg,এক ব্যক্তি একটি লাল রঙের একটি বৃহত বড় গোলাকার চাকতি ধরে,0.3636363633057851,0.4444444439506172,0.39999999464999997,0.39999999464999997,0.22222221703703712,0.29999999475000005,0,0,0.4878048780487805,0.19999999986666667
5496.png,একজন পুরুষ হাতে ক্যামেরা দিয়ে আছে।,0.33333333277777777,0.24999999968749997,0.2857142804081633,0.2857142804081633,0.0,0.2857142804081633,0,0,0.32258064516129037,0.16666666652777776
5543.png,কিছু ছেলেমেয়ে একসাথে দাড়িয়ে আছে।,0.5999999988,0.2727272724793388,0.374999995234375,0.374999995234375,0.14285713857142868,0.374999995234375,0,0,0.43243243243243246,0.23076923059171597
640203018_c0e7175831.jpg,একটি সাইকেল চালক একটি শহরের রাস্তায় সাইকেল চালাচ্ছে ।,0.3333333329629629,0.2727272724793388,0.29999999475000005,0.29999999475000005,0.11111110604938293,0.29999999475000005,0,0,0.4871794871794872,0.14285714275510203
2949014128_0d96196261.jpg,দুজন ছেলে একটি খেলার মাঠে ফুটবল খেলছে,0.2857142853061225,0.16666666652777776,0.2105263109141275,0.2105263109141275,0.0,0.2105263109141275,0,0,0.3846153846153846,0.11764705875432525
3155451946_c0862c70cb.jpg,একজন বাস্কেটবল খেলোয়াড় বল ছুড়ছেন,0.5999999988,0.3333333329629629,0.42857142336734694,0.42857142336734694,0.16666666194444454,0.42857142336734694,0,0,0.5,0.2727272724793388
6035.png,একজন নারী কোমরে কলশী নিয়ে হেঁটে যাচ্ছে।,0.2857142853061225,0.2857142853061225,0.28571428030612256,0.28571428030612256,0.16666666138888903,0.28571428030612256,0,0,0.5625,0.16666666652777776
7111.png,একটি শিশু বসে আছে।,0.49999999875,0.2222222219753086,0.3076923029585799,0.3076923029585799,0.18181817752066123,0.3076923029585799,0,0,0.2571428571428571,0.1999999998
370713359_7560808550.jpg,একটি টেবিলে একদল লোক।,0.249999999375,0.249999999375,0.2499999943750001,0.2499999943750001,0.0,0.2499999943750001,0,0,0.3125,0.14285714265306124
5617.png,পানিতে একজন গোসল করছে।,0.249999999375,0.0999999999,0.14285713857142868,0.14285713857142868,0.0,0.14285713857142868,0,0,0.25,0.07692307686390532
1418266617_b32143275b.jpg,কুকুরটি মুখে নিয়ে একটি কুকুর,0.3999999992,0.2222222219753086,0.2857142807142858,0.2857142807142858,0.0,0.2857142807142858,0,0,0.2857142857142857,0.16666666652777776
3189964753_a95536ced9.jpg,বিকিনি পড়া কয়েকজন মানুষ,0.249999999375,0.08333333326388888,0.1249999960937501,0.1249999960937501,0.0,0.1249999960937501,0,0,0.4,0.06666666662222222
4638.png,একটি উচু জায়গা ও ধান ক্ষেত আছে।,0.14285714265306124,0.14285714265306124,0.14285713765306143,0.14285713765306143,0.0,0.14285713765306143,0,0,0.3846153846153846,0.08333333326388888
8869.png,একটি সেতু আছে।,0.3333333322222222,0.1999999996,0.24999999468750006,0.24999999468750006,0.0,0.24999999468750006,0,0,0.33333333333333337,0.14285714265306124
6546.png,একটি শিশু দাড়িয়ে আছে।,0.49999999875,0.49999999875,0.4999999937500001,0.4999999937500001,0.33333332722222225,0.4999999937500001,0,0,0.6153846153846154,0.33333333277777777
1248953128_24c9f8d924.jpg,একটি শিশু একটি ফুটবল খেলছে,0.3999999992,0.24999999968749997,0.3076923024852071,0.3076923024852071,0.1818181768595043,0.3076923024852071,0,0,0.4666666666666667,0.1999999998
3522349685_f046f0e250.jpg,একজন মহিলা এবং মহিলা একটি বড় বাদামি কুকুরের দিকে তাকিয়ে আছে,0.09090909082644627,0.1999999996,0.12499999554687513,0.12499999554687513,0.0,0.12499999554687513,0,0,0.31707317073170727,0.07142857137755101
191003285_edd8d0cf58.jpg,একটি ইটের মেঝেতে বসে থাকা লোকের হাতে নিয়ে দুজন বসে আছেন।,0.18181818165289254,0.24999999968749997,0.21052631069252087,0.21052631069252087,0.0,0.21052631069252087,0,0,0.3157894736842105,0.124999999921875
5812.png,তিনজন পুরুষ আছে।,0.9999999966666667,0.49999999916666665,0.6666666607407408,0.6666666607407408,0.28571428081632655,0.6666666607407408,0,0,0.5,0.49999999916666665
5847.png,একজন পুরুষ বসে আছে আর একজন লোক দড়ি খেলতে দেখছে।,0.29999999969999996,0.37499999953124996,0.3333333280246914,0.3333333280246914,0.24999999476562512,0.3333333280246914,0,0,0.5,0.21428571413265304
381976882_0063d16d88.jpg,একটি পুলিশ একটি কুকুর একটি কুকুরকে ধরে রাখার <unk> একটি কুকুর একটি কুকুরকে ধরে রাখার <unk> একটি কুকুর একটি কুকুরকে ধরে রাখার <unk> একটি কুকুর একটি কুকুরকে ধরে রাখার <unk> একটি কুকুর একটি কুকুরকে ধরে রাখার <unk> একটি কুকুর একটি,0.0499999999875,0.2857142853061225,0.08510638040742426,0.08510638040742426,0.043478258270321514,0.08510638040742426,0,0,0.12578616352201255,0.16666666652777776
8451.png,তিনজন পুরুষ দাড়িয়ে আছে।,0.7499999981250001,0.9999999966666667,0.8571428497959185,0.8571428497959185,0.39999999360000005,0.8571428497959185,0,0,0.7333333333333334,0.7499999981250001
8630.png,একজন পুরুষ ও একজন পুরুষ ও একজন পুরুষ ও একজন পুরুষ ও একজন পুরুষ ও একজন পুরুষ ও একজন পুরুষ ও একজন পুরুষ ও একজন পুরুষ ও একজন পুরুষ ও একজন পুরুষ ও একজন পুরুষ ও একজন পুরুষ ও একজন,0.0499999999875,0.33333333277777777,0.08695651943289232,0.08695651943289232,0.045454543419421574,0.08695651943289232,0,0,0.12925170068027214,0.2857142853061225
5698.png,একটি শিশু দাড়িয়ে আছে।,0.49999999875,0.49999999875,0.4999999937500001,0.4999999937500001,0.33333332722222225,0.4999999937500001,0,0,0.6923076923076923,0.33333333277777777
146.png,একজন পুরুষ বসে আছে।,0.7499999981250001,0.49999999916666665,0.5999999940000001,0.5999999940000001,0.24999999468750006,0.5999999940000001,0,0,0.5217391304347826,0.4285714279591837
6107.png,দূরে লঞ্চ দেখা যাচ্ছে।,0.0,0.0,0.0,0.0,0.0,0.0,0,0,0.25,0.0
2836325261_a3bf5c59be.jpg,একজন মহিলা একটি সেলাই করছে।,0.5999999988,0.2727272724793388,0.374999995234375,0.374999995234375,0.28571428122448983,0.374999995234375,0,0,0.33999999999999997,0.23076923059171597
3357.png,রাস্তা দিয়ে কয়েকজন মানুষ হেঁটে যাচ্ছে।,0.33333333277777777,0.49999999875,0.3999999944,0.3999999944,0.24999999468750006,0.3999999944,0,0,0.4782608695652174,0.24999999968749997
1067180831.jpg,কুকুরটি একটি ফ্রিসবি ধরছে,0.49999999875,0.2222222219753086,0.3076923029585799,0.3076923029585799,0.0,0.3076923029585799,0,0,0.36,0.18181818165289254
3616846215_d61881b60f.jpg,একজন পুরুষ দাড়িয়ে আছে।,0.249999999375,0.09090909082644627,0.13333332924444455,0.13333332924444455,0.0,0.13333332924444455,0,0,0.3157894736842105,0.07142857137755101
2711720095_0b98426d3c.jpg,একজন লোক হাতে ক্যামেরা নিয়ে দাঁড়িয়ে আছে,0.9999999985714286,0.5833333328472222,0.7368420998337951,0.7368420998337951,0.3529411714878893,0.6315789420498615,0,0,0.5111111111111111,0.5833333328472222
3222842866_cb85243ce4.jpg,একটি কুকুর একটি কুকুরকে বরফের উপর দিয়ে একটি সৈকতে একটি লাল খেলনা ধরার চেষ্টা করছে,0.13333333324444444,0.3999999992,0.19999999605000005,0.19999999605000005,0.0,0.19999999605000005,0,0,0.27118644067796616,0.13333333324444444
3496028495_431cfdc042.jpg,মুখে একটি ভেজা লাঠি নিয়ে সাঁতার কাটছে,0.571428570612245,0.4444444439506172,0.49999999445312515,0.49999999445312515,0.1428571377551022,0.49999999445312515,0,0,0.4375,0.3333333330555555
3595398879_13e33b8916.jpg,একটি ছেলে রাস্তায় দাঁড়িয়ে আছে।,0.3999999992,0.2222222219753086,0.2857142807142858,0.2857142807142858,0.0,0.2857142807142858,0,0,0.43333333333333335,0.16666666652777776
6374.png,একটি শিশু আছে।,0.6666666644444444,0.49999999875,0.5714285648979592,0.5714285648979592,0.39999999360000005,0.5714285648979592,0,0,0.5,0.3999999992
3498240367_cbd8c6efbf.jpg,একজন লোক ছবির দিকে তাকিয়ে আছে,0.16666666638888888,0.14285714265306124,0.15384614863905344,0.15384614863905344,0.0,0.15384614863905344,0,0,0.3913043478260869,0.08333333326388888
3259757648_71edb4347b.jpg,একটি ধূসর কুকুর একটি ফ্রিসবি ধরার জন্য একটি ফ্রিসবি ধরার জন্য একটি ফ্রিসবি ধরার জন্য একটি ফ্রিসবি ধরার জন্য একটি ফ্রিসবি ধরার জন্য একটি ফ্রিসবি ধরার জন্য একটি ফ্রিসবি ধরার জন্য একটি ফ্রিসবি ধরার জন্য একটি ফ্রিসবি ধরার জন্য একটি,0.07499999998125,0.4285714279591837,0.12765957187867819,0.12765957187867819,0.04444444211358036,0.12765957187867819,0,0,0.1964285714285714,0.1999999998
5096.png,অনেকগুলো মানুষ একসাথে বসে আছে।,0.7999999984,0.9999999975,0.8888888819753088,0.8888888819753088,0.28571428000000004,0.6666666602469137,0,0,0.35,0.7999999984
965.png,একটি ছোট ছেলে নিচে নেমে গোসল করাচ্ছে।,0.14285714265306124,0.16666666638888888,0.15384614863905344,0.15384614863905344,0.0,0.15384614863905344,0,0,0.29166666666666663,0.08333333326388888
6694.png,একজন লোক একটি <unk>,0.249999999375,0.14285714265306124,0.1818181768595043,0.1818181768595043,0.0,0.1818181768595043,0,0,0.3214285714285714,0.0999999999
9080.png,একজন পুরুষ মানুষ হাঁটছে।,0.0,0.0,0.0,0.0,0.0,0.0,0,0,0.3125,0.0
8106.png,একজন নারী বসে আছে।,0.49999999875,0.49999999875,0.4999999937500001,0.4999999937500001,0.33333332722222225,0.4999999937500001,0,0,0.5384615384615384,0.33333333277777777
5779.png,সূর্যাস্তের সময় একজন পুরুষ দাড়িয়ে আছে।,0.33333333277777777,0.33333333277777777,0.3333333277777778,0.3333333277777778,0.19999999460000012,0.3333333277777778,0,0,0.5769230769230769,0.1999999998
3288839246_fdb00395ae.jpg,লাল রঙের জামা পরে এক মহিলা একটি পাহাড়ের উপরে উঠে যায়,0.18181818165289254,0.15384615372781063,0.16666666156250012,0.16666666156250012,0.0,0.16666666156250012,0,0,0.3846153846153846,0.09523809519274376
3519.png,একজন মহিলা বসে <unk> বিক্রি করছেন।,0.16666666638888888,0.1999999996,0.1818181765289258,0.1818181765289258,0.0,0.1818181765289258,0,0,0.5,0.0999999999
2925577165_b83d31a7f6.jpg,রাতের বেলা একটি শিশু পানির দিকে এগিয়ে যাচ্ছে,0.37499999953124996,0.24999999979166665,0.2999999949,0.2999999949,0.22222221722222232,0.2999999949,0,0,0.4545454545454546,0.1764705881314879
7926.png,একটি গাছের নিচে একজন মানুষ আছে।,0.49999999916666665,0.5999999988,0.5454545395041324,0.5454545395041324,0.2222222167901236,0.5454545395041324,0,0,0.6363636363636364,0.37499999953124996
3423509305_e399d005db.jpg,মুখে একটি কুকুর দৌড়াচ্ছে,0.49999999875,0.2857142853061225,0.36363635834710756,0.36363635834710756,0.2222222172839507,0.36363635834710756,0,0,0.5,0.24999999968749997
617.png,একজন নারী মাথায় বস্তা নিয়ে যাচ্ছে।,0.16666666638888888,0.1999999996,0.1818181765289258,0.1818181765289258,0.0,0.1818181765289258,0,0,0.4545454545454546,0.0999999999
569.png,একজন মহিলা সাইকেল চালিয়ে যাচ্ছে।,0.1999999996,0.249999999375,0.2222222167901236,0.2222222167901236,0.0,0.2222222167901236,0,0,0.5714285714285714,0.12499999984374999
8558.png,একটি হ্রদে এক লোক একসাথে <unk>,0.16666666638888888,0.0999999999,0.12499999515625017,0.12499999515625017,0.0,0.12499999515625017,0,0,0.34285714285714286,0.06666666662222222
3389.png,অনেকগুলো মানুষ দেখা যাচ্ছে।,0.7499999981250001,0.5999999988,0.6666666602469137,0.6666666602469137,0.28571428000000004,0.6666666602469137,0,0,0.7272727272727273,0.49999999916666665
IMG_5079.JPG,একটি মেয়ে দাড়িয়ে আছে,0.249999999375,0.1999999996,0.2222222167901236,0.2222222167901236,0.0,0.2222222167901236,0,0,0.38888888888888884,0.12499999984374999
_MG_3770.JPG,নীল রঙের শার্ট পরে আছে,0.3999999992,0.6666666644444444,0.49999999406250006,0.49999999406250006,0.33333332777777785,0.49999999406250006,0,0,0.5625,0.33333333277777777
1968.png,চারজন পুরুষ কাজ করছে।,0.249999999375,0.249999999375,0.2499999943750001,0.2499999943750001,0.09999999735000006,0.2499999943750001,0,0,0.6,0.14285714265306124
564.png,জলাশয়ে দুইটি গরু নিয়ে আসছে যার মাঝে ২ টি গরু নিয়ে আসছে যার মাঝে ২ টি গরু নিয়ে আসছে যার মাঝে ২ টি গরু নিয়ে আসছে যার মাঝে ২ টি গরু নিয়ে আসছে যার মাঝে ২ টি গরু নিয়ে আসছে,0.0,0.0,0.0,0.0,0.0,0.0,0,0,0.1610169491525424,0.0
2632111399_b3c1630f8e.jpg,এক খেলোয়াড়কে <unk> পরা বেসবল খেলোয়াড় বল ধরার চেষ্টা করছে,0.29999999969999996,0.4285714279591837,0.35294117121107266,0.35294117121107266,0.13333332835555572,0.35294117121107266,0,0,0.4,0.21428571413265304
2381102729_12fc4d4c76.jpg,একটি কুকুর জলে খেলে,0.49999999875,0.2222222219753086,0.3076923029585799,0.3076923029585799,0.1333333299555556,0.3076923029585799,0,0,0.3793103448275862,0.18181818165289254
1312227131_771b5ed201.jpg,একজন মানুষ আছে।,0.0,0.0,0.0,0.0,0.0,0.0,0,0,0.2272727272727273,0.0
2151056407_c9c09b0a02.jpg,দুটি সাদা কুকুর খেলছে,0.7499999981250001,0.37499999953124996,0.49999999472222234,0.49999999472222234,0.1999999954000001,0.33333332833333335,0,0,0.33333333333333337,0.3333333329629629
342203384_736946961437121_699889236294303292_n.jpg,তার চুলগুলি একটি গাছ।,0.249999999375,0.1999999996,0.2222222167901236,0.2222222167901236,0.0,0.2222222167901236,0,0,0.2941176470588235,0.12499999984374999
40.JPG,চশমা পরিহিত একজন পুরুষ তাকিয়ে আছে।,0.16666666638888888,0.249999999375,0.1999999948000001,0.1999999948000001,0.0,0.1999999948000001,0,0,0.33333333333333337,0.1111111109876543
3919.png,একজন নারী আছে।,0.9999999966666667,0.5999999988,0.7499999934375,0.7499999934375,0.33333332777777785,0.7499999934375,0,0,0.5263157894736843,0.5999999988
3353950389_1153d5e452.jpg,ব্যস্ত ঘড়ি,0.0,0.0,0.0,0.0,0.0,0.0,0,0,0.15000000000000002,0.0
3368671163_0171259581.jpg,একটি কুকুর একটি বেড়ার পাশে দৌড়াচ্ছে,0.49999999916666665,0.2727272724793388,0.3529411714878893,0.3529411714878893,0.15384614887573977,0.3529411714878893,0,0,0.4347826086956522,0.16666666652777776
1685990174_09c4fb7df8.jpg,কিছু লোক একটি ধূসর কুকুর দৌড়াচ্ছে,0.16666666638888888,0.1999999996,0.1818181765289258,0.1818181765289258,0.0,0.1818181765289258,0,0,0.52,0.0999999999
130211457_be3f6b335d.jpg,মহিলারা একটি ছাতার নিচে বসে আছে,0.33333333277777777,0.16666666652777776,0.22222221753086427,0.22222221753086427,0.12499999554687513,0.22222221753086427,0,0,0.3793103448275862,0.124999999921875
2315867011_fc5fc9fa6d.jpg,কালো শার্টে ছোট ছেলে একটি লাল রঙের জামা পরে একটি ছোট ছেলে একটি লাল রঙের জামা পরে একটি ছোট ছেলে একটি লাল রঙের জামা পরে একটি ছোট ছেলে একটি লাল রঙের জামা পরে একটি ছোট ছেলে একটি লাল রঙের জামা,0.02499999999375,0.1111111109876543,0.04081632351520222,0.04081632351520222,0.0,0.04081632351520222,0,0,0.17164179104477617,0.05882352937716263
2654.png,একজন ছোট ছেলে হাসি লেগে আছে,0.16666666638888888,0.14285714265306124,0.15384614863905344,0.15384614863905344,0.0,0.15384614863905344,0,0,0.40740740740740744,0.08333333326388888
4423.png,একটি <unk> গাড়ী চড়ছে,0.249999999375,0.1111111109876543,0.15384614934911253,0.15384614934911253,0.0,0.15384614934911253,0,0,0.35,0.08333333326388888
6530.png,সূর্যাস্তের সময় সমুদ্রের পারে কয়েকজন মানুষকে দেখা যাচ্ছে।,0.12499999984374999,0.249999999375,0.16666666194444454,0.16666666194444454,0.0,0.16666666194444454,0,0,0.32432432432432434,0.09090909082644627
7895.png,একজন পুরুষ ও একজন মহিলা বসে আছে আর পাশে একজন পুরুষ ও একজন পুরুষ ও একজন পুরুষ ও একজন পুরুষ ও একজন পুরুষ ও একজন পুরুষ ও একজন পুরুষ ও একজন পুরুষ ও একজন পুরুষ ও একজন পুরুষ ও একজন,0.12499999996875,0.3124999998046875,0.1785714244260205,0.1785714244260205,0.09090908885330583,0.1785714244260205,0,0,0.2465753424657534,0.2727272724793388
6605.png,দুইজন বয়স্ক লোক,0.0,0.0,0.0,0.0,0.0,0.0,0,0,0.18918918918918914,0.0
3179.png,কয়েকজন মানুষ আছে।,0.6666666644444444,0.2857142853061225,0.39999999500000005,0.39999999500000005,0.24999999562500003,0.39999999500000005,0,0,0.46153846153846156,0.24999999968749997
9039.png,সমুদ্রের পারে একজন মানুষ আছে।,0.5999999988,0.5999999988,0.5999999938,0.5999999938,0.2499999943750001,0.5999999938,0,0,0.75,0.4285714279591837
5669.png,তিনজন পুরুষ পাশাপাশি দাড়িয়ে আছে এবং একজন পুরুষ একসাথে দাঁড়িয়ে আছে,0.2727272724793388,0.7499999981250001,0.3999999955555556,0.3999999955555556,0.15384615005917168,0.3999999955555556,0,0,0.34090909090909094,0.29999999969999996
3324746155_71e14f60ce.jpg,একটি শিশু ফুটবল খেলা চলাকালীন একটি গোল দিচ্ছে,0.24999999968749997,0.14285714275510203,0.1818181770247935,0.1818181770247935,0.0,0.1818181770247935,0,0,0.2777777777777778,0.10526315783933518
894.png,কয়েকজন মানুষ আছে।,0.6666666644444444,0.124999999921875,0.21052631290858725,0.21052631290858725,0.0,0.21052631290858725,0,0,0.2222222222222222,0.124999999921875
6226.png,একটি শিশু হেঁটে যাচ্ছে।,0.249999999375,0.12499999984374999,0.16666666194444454,0.16666666194444454,0.0,0.16666666194444454,0,0,0.25806451612903225,0.09090909082644627
1244306891_8e78ae1620.jpg,সাঁতারের স্যুটে পাঁচ বালিকা সাঁতারের স্যুটে পাঁচটি ছেলে সাঁতারের পোশাক পরিহিত মেয়েরা সাঁতারের পোশাক পরিহিত মেয়েরা সাঁতারের পোশাক পরিহিত মেয়েরা সাঁতারের পোশাক পরিহিত মেয়েরা সাঁতারের পোশাক পরিহিত মেয়েরা সাঁতারের পোশাক পরিহিত মেয়েরা সাঁতারের পোশাক পরিহিত মেয়েরা সাঁতারের পোশাক পরিহিত মেয়েরা,0.0499999999875,0.2857142853061225,0.08510638040742426,0.08510638040742426,0.04444444211358036,0.08510638040742426,0,0,0.1428571428571429,0.14285714275510203
6945.png,একজন বাচ্চা ছেলে ধাক্কা দিচ্ছে।,0.3999999992,0.1999999998,0.2666666618666667,0.2666666618666667,0.15384614934911253,0.2666666618666667,0,0,0.38888888888888884,0.15384615372781063
1363843090_9425d93064.jpg,একটি কালো কুকুর একটি ছোট সাদা কুকুরের সাথে খেলছে।,0.4444444439506172,0.3999999996,0.4210526261495845,0.4210526261495845,0.23529411238754333,0.4210526261495845,0,0,0.42500000000000004,0.23076923059171597
4012.png,একটা ছেলে একটি সাপ ধরে রেখেছে,0.33333333277777777,0.2857142853061225,0.3076923022485208,0.3076923022485208,0.0,0.15384614863905344,0,0,0.5,0.18181818165289254
2244613488_4d1f9edb33.jpg,একদল লোক পর্বতের ভ্রমণ করছে।,0.1999999996,0.16666666638888888,0.1818181765289258,0.1818181765289258,0.0,0.1818181765289258,0,0,0.3125,0.0999999999
6072.png,বনের সবুজ গাছপালা দেখা যাচ্ছে ও কয়েকজন মানুষ আছে।,0.4444444439506172,0.6666666655555555,0.5333333278222222,0.5333333278222222,0.46153845609467453,0.5333333278222222,0,0,0.47058823529411764,0.3636363633057851
3395173129_f0ac0a1ed4.jpg,দুজন লোক একটি দম্পতি হাত রেখে দাঁড়িয়ে আছে,0.49999999937499995,0.571428570612245,0.5333333276444445,0.5333333276444445,0.3076923022485208,0.5333333276444445,0,0,0.5714285714285714,0.3636363633057851
1798209205_77dbf525b0.jpg,একজন মহিলা একটি টেবিলে বসে আছে,0.33333333277777777,0.3999999992,0.36363635801652905,0.36363635801652905,0.2222222167901236,0.36363635801652905,0,0,0.40909090909090906,0.2222222219753086
5661.png,একটি দোকানের ভিতর একজন লোক দাঁড়িয়ে আছে,0.14285714265306124,0.12499999984374999,0.13333332817777796,0.13333332817777796,0.0,0.13333332817777796,0,0,0.2592592592592593,0.07142857137755101
2613920405_e91e6ebd7a.jpg,একজন লোক ছাতা ধরে রেখেছে,0.5999999988,0.29999999969999996,0.39999999502222217,0.39999999502222217,0.1818181768595043,0.39999999502222217,0,0,0.4193548387096774,0.24999999979166665
7940.png,দূরে একটি গাড়ি দেখা যাচ্ছে।,0.1999999996,0.07692307686390532,0.11111110697530877,0.11111110697530877,0.0,0.11111110697530877,0,0,0.30000000000000004,0.0624999999609375
4074.png,একটি ছোট ছেলে তার মুখ ভাসিয়ে আছে,0.2857142853061225,0.2857142853061225,0.28571428030612256,0.28571428030612256,0.0,0.28571428030612256,0,0,0.43999999999999995,0.16666666652777776
808.png,একজন নারী বসে আছে।,0.49999999875,0.33333333277777777,0.3999999944,0.3999999944,0.0,0.3999999944,0,0,0.4736842105263158,0.24999999968749997
8737.png,একটি <unk> একটি বড় ভিড়ের মধ্যে দাঁড়িয়ে আছে।,0.0,0.0,0.0,0.0,0.0,0.0,0,0,0.31034482758620685,0.0
536537638_f5ee42410b.jpg,একটি বিশাল <unk> <unk> <unk> <unk> <unk>,0.14285714265306124,0.14285714265306124,0.14285713765306143,0.14285713765306143,0.0,0.14285713765306143,0,0,0.33333333333333337,0.1111111109876543
3068735836_872fba3068.jpg,একদল লোক উষ্ণ রয়েছে যেখানে লেখা রয়েছে যেখানে স্টান্ট করছে।,0.1999999998,0.1999999998,0.19999999480000014,0.19999999480000014,0.11111110598765454,0.19999999480000014,0,0,0.3846153846153846,0.124999999921875
6695.png,একটি দালানের সামনে একটি <unk> বাইরের এলাকা দিয়ে একটি দালানের সামনে একটি দালানের সামনে একটি দালানের সামনে একটি দালানের সামনে একটি দালানের সামনে একটি দালানের সামনে একটি দালানের সামনে একটি দালানের সামনে একটি দালানের সামনে একটি দালানের সামনে একটি দালানের,0.0499999999875,0.1111111110493827,0.06896551293698006,0.06896551293698006,0.0,0.06896551293698006,0,0,0.26315789473684215,0.09999999995
1633.png,দুইজন নারী ও একজন নারী ও একটি মহিলা যাত্রী নিয়ে যাচ্ছে।,0.18181818165289254,0.49999999875,0.26666666240000003,0.26666666240000003,0.15384615005917168,0.26666666240000003,0,0,0.3157894736842105,0.18181818165289254
3164347907_2813f8ff0b.jpg,এক মহিলা একটি ক্যামেরা হাতে দাঁড়িয়ে আছে,0.0,0.0,0.0,0.0,0.0,0.0,0,0,0.2857142857142857,0.0
2578.png,একজন মানুষ কাজ করছে।,0.249999999375,0.16666666638888888,0.1999999948000001,0.1999999948000001,0.0,0.1999999948000001,0,0,0.5,0.1111111109876543
3237760601_5334f3f3b5.jpg,একজন ওয়েকবোর্ডার বাতাসে ভাসছে,0.49999999875,0.6666666644444444,0.5714285648979592,0.5714285648979592,0.0,0.5714285648979592,0,0,0.55,0.3999999992
541.png,দুইটি শিশু আছে।,0.6666666644444444,0.14285714275510203,0.2352941144636678,0.2352941144636678,0.0,0.2352941144636678,0,0,0.14583333333333337,0.14285714275510203
4118.png,একজন বাচ্চা মেয়ে শাড়ি পরে আছে,0.33333333277777777,0.1999999998,0.24999999500000003,0.24999999500000003,0.0,0.24999999500000003,0,0,0.40909090909090906,0.14285714275510203
460478198_83039f2593.jpg,একটি কুকুর পানির পাশে সমুদ্র সৈকতে বালির উপর দিয়ে ঝাঁপ দিচ্ছে,0.18181818165289254,0.3999999992,0.249999995390625,0.249999995390625,0.14285713857142868,0.249999995390625,0,0,0.4390243902439024,0.14285714275510203
741.png,একটি বয়স্ক লোক চেয়ারে বসে আছে,0.16666666638888888,0.14285714265306124,0.15384614863905344,0.15384614863905344,0.0,0.15384614863905344,0,0,0.4782608695652174,0.08333333326388888
2183227136_8bb657846b.jpg,একজন লোক সৈকতে <unk>,0.249999999375,0.16666666638888888,0.1999999948000001,0.1999999948000001,0.0,0.1999999948000001,0,0,0.28,0.1111111109876543
5405.png,রাস্তা দিয়ে একজন পুরুষ হেঁটে যাচ্ছে।,0.49999999916666665,0.29999999969999996,0.37499999484375,0.37499999484375,0.19999999460000012,0.37499999484375,0,0,0.6,0.23076923059171597
6930.png,একজন মহিলা শারি পরে আছে।,0.3999999992,0.33333333277777777,0.36363635801652905,0.36363635801652905,0.0,0.36363635801652905,0,0,0.5238095238095238,0.24999999968749997
374103842_17873ce505.jpg,একজন লোক একটি <unk> সামনে দাঁড়িয়ে আছে,0.4285714279591837,0.2727272724793388,0.33333332820987654,0.33333332820987654,0.24999999500000003,0.33333332820987654,0,0,0.46153846153846156,0.19999999986666667
2865564810_5c63328cd4.jpg,এক স্কেটবোর্ডার ঢালু কাঠামোর উপর লাফ দিচ্ছে,0.2857142853061225,0.24999999968749997,0.2666666613333334,0.2666666613333334,0.0,0.2666666613333334,0,0,0.37142857142857144,0.15384615372781063
172092461_a9a9762e13.jpg,একজন লোক পানিতে বোর্ডিং করছে,0.3999999992,0.24999999968749997,0.3076923024852071,0.3076923024852071,0.1818181768595043,0.3076923024852071,0,0,0.5789473684210527,0.18181818165289254
468102269_135938e209.jpg,দুজন মহিলা ছবি তুলছেন,0.249999999375,0.3333333322222222,0.28571428000000004,0.28571428000000004,0.0,0.28571428000000004,0,0,0.4,0.16666666638888888
7226.png,একটি শিশু বসে আছে।,0.7499999981250001,0.4285714279591837,0.5454545398347109,0.5454545398347109,0.33333332722222225,0.5454545398347109,0,0,0.5333333333333333,0.37499999953124996
3159641529_c2c74f3eaf.jpg,একটি সাদা কুকুর ঘাসের মধ্যে দৌড়াচ্ছে,0.6666666655555555,0.4444444439506172,0.5333333278222222,0.5333333278222222,0.3076923024852071,0.5333333278222222,0,0,0.59375,0.3636363633057851
2171576939_d1e72daab2.jpg,একটি ছোট্ট মেয়েটি বাইরে একটি <unk> ধরে আছে,0.37499999953124996,0.3333333329629629,0.3529411710726644,0.3529411710726644,0.0,0.2857142804081633,0,0,0.31034482758620685,0.24999999979166665
3188044631_ca3a9cc737.jpg,একটি বিশাল কক্ষে একদল লোক একটি বৃহত কাঠের দোকানের সামনে দাঁড়িয়ে আছে,0.3333333330555555,0.3999999996,0.3636363583471074,0.3636363583471074,0.10526315290858747,0.3636363583471074,0,0,0.46808510638297873,0.1764705881314879
5744.png,পানিতে একজন পুরুষ আছে।,0.49999999875,0.1999999998,0.28571428122448983,0.28571428122448983,0.0,0.28571428122448983,0,0,0.4,0.16666666652777776
380034515_4fbdfa6b26.jpg,একটি কুকুর একটি নীল রঙের কুকুর ধরে আছে,0.24999999968749997,0.6666666644444444,0.36363635900826446,0.36363635900826446,0.22222221827160496,0.36363635900826446,0,0,0.4285714285714286,0.2857142853061225
3622929632_26fb800000.jpg,একটি কুকুর একটি লাঠি ব্যবহার করে দাঁড়িয়ে আছে,0.49999999937499995,0.49999999937499995,0.49999999437500003,0.49999999437500003,0.14285713765306143,0.49999999437500003,0,0,0.4666666666666667,0.2727272724793388
7239.png,একটি নৌকা দিয়ে নৌকা থেকে নামছে।,0.16666666638888888,0.0999999999,0.12499999515625017,0.12499999515625017,0.0,0.12499999515625017,0,0,0.368421052631579,0.07692307686390532
1689.png,৪ জন পুরুষ আছে।,0.49999999875,0.1999999998,0.28571428122448983,0.28571428122448983,0.1333333299555556,0.28571428122448983,0,0,0.26315789473684215,0.1999999998
1565.png,একটি দালানের বাইরে একটি দালানের সামনে দাড়িয়ে আছে।,0.12499999984374999,0.08333333326388888,0.09999999510000022,0.09999999510000022,0.0,0.09999999510000022,0,0,0.34375,0.0624999999609375
2533424347_cf2f84872b.jpg,একটি রেস গাড়ি রাস্তায়।,0.7499999981250001,0.37499999953124996,0.49999999472222234,0.49999999472222234,0.39999999500000005,0.49999999472222234,0,0,0.375,0.37499999953124996
7523.png,একটি মাঠে অনেক লোকজন দেখছে,0.0,0.0,0.0,0.0,0.0,0.0,0,0,0.26315789473684215,0.0
8455.png,সূর্যাস্তের আলোয় আলোকিত একটি <unk>,0.1999999996,0.1999999996,0.19999999460000012,0.19999999460000012,0.0,0.19999999460000012,0,0,0.5,0.1111111109876543
6371.png,সমুদ্রের পারে একজন পুরুষ দাড়িয়ে আছে একজন পুরুষ দাড়িয়ে আছে একজন পুরুষ দাড়িয়ে আছে একজন পুরুষ দাড়িয়ে আছে একজন পুরুষ দাড়িয়ে আছে একজন পুরুষ দাড়িয়ে আছে একজন পুরুষ দাড়িয়ে আছে একজন পুরুষ দাড়িয়ে আছে একজন পুরুষ দাড়িয়ে আছে একজন পুরুষ,0.0499999999875,0.13333333324444444,0.0727272687338845,0.0727272687338845,0.0,0.0727272687338845,0,0,0.24844720496894412,0.1111111110493827
3024172109_a10198e1dd.jpg,এক স্কেটবোর্ডার একটি পার্কিং এ <unk> উপরে ঝাঁপিয়ে পড়ে।,0.2222222219753086,0.18181818165289254,0.19999999485000008,0.19999999485000008,0.0,0.19999999485000008,0,0,0.39534883720930236,0.124999999921875
799486353_f665d7b0f0.jpg,একটি মেয়ে সমুদ্রের ধারে একটি ছোট ছেলেকে নিয়ে দাঁড়িয়ে আছে,0.29999999969999996,0.23076923059171597,0.2608695600756144,0.2608695600756144,0.0,0.19999999480000014,0,0,0.38,0.15789473675900276
DSC_1209.JPG,একটি লাল শার্ট পরা পাঁচ জন ছেলে বসে আছে।,0.2222222219753086,0.3999999992,0.2857142807142858,0.2857142807142858,0.0,0.2857142807142858,0,0,0.4482758620689655,0.16666666652777776
7838.png,একটি নৌকায় দুইজন মানুষ আছে।,0.5999999988,0.2727272724793388,0.374999995234375,0.374999995234375,0.14285713857142868,0.374999995234375,0,0,0.4,0.2727272724793388
181777261_84c48b31cb.jpg,সমুদ্র পাড়ে অনেক মানুষ বসে আছে।,0.49999999916666665,0.2727272724793388,0.3529411714878893,0.3529411714878893,0.19999999460000012,0.3333333277777778,0,0,0.5357142857142857,0.21428571413265304
211981411_e88b8043c2.jpg,একটি স্বর্ণকেশী বালক একটি পুকুরের পাশে জলে ডুবে যাচ্ছে,0.2222222219753086,0.24999999968749997,0.23529411238754333,0.23529411238754333,0.0,0.23529411238754333,0,0,0.41666666666666663,0.14285714275510203
5510.png,সমুদ্র সৈকতে পানির মাঝে দাড়িয়ে আছে।,0.16666666638888888,0.16666666638888888,0.16666666138888903,0.16666666138888903,0.0,0.16666666138888903,0,0,0.2727272727272727,0.09090909082644627
976392326_082dafc3c5.jpg,একজন লোক একটি শিলার চূড়ায় দাঁড়িয়ে আছে,0.2857142853061225,0.24999999968749997,0.2666666613333334,0.2666666613333334,0.15384614863905344,0.2666666613333334,0,0,0.5,0.15384615372781063
5794.png,লোক টি হাত তুলে দিচ্ছে।,0.0,0.0,0.0,0.0,0.0,0.0,0,0,0.27586206896551724,0.0
119082045.jpg,দোকানের জানালার <unk> দোকানের বাইরে দাঁড়িয়ে আছেন।,0.2857142853061225,0.16666666652777776,0.2105263109141275,0.2105263109141275,0.11764705411764723,0.2105263109141275,0,0,0.34090909090909094,0.124999999921875
3794.png,একজন লোক মুখোশ পড়ে আছে,0.1999999996,0.16666666638888888,0.1818181765289258,0.1818181765289258,0.0,0.1818181765289258,0,0,0.47619047619047616,0.0999999999
8570.png,একজন মানুষ ও ভবন আছে।,0.1999999996,0.249999999375,0.2222222167901236,0.2222222167901236,0.0,0.2222222167901236,0,0,0.3529411764705882,0.12499999984374999
3341782693_426bf7139b.jpg,একটি ছেলে জলের মধ্যে দৌড়াচ্ছে,0.1999999996,0.16666666638888888,0.1818181765289258,0.1818181765289258,0.0,0.1818181765289258,0,0,0.40909090909090906,0.0999999999
3647693147_0d0434351b.jpg,একটি শিশু আছে।,0.3333333322222222,0.16666666638888888,0.2222222172839507,0.2222222172839507,0.0,0.2222222172839507,0,0,0.30000000000000004,0.12499999984374999
1540631615_8b42c1b160.jpg,একটি হকি খেলোয়াড় একটি লাল রঙের <unk>,0.4285714279591837,0.2727272724793388,0.33333332820987654,0.33333332820987654,0.0,0.22222221722222232,0,0,0.25,0.14285714275510203
165.png,একটি শিশু খালি গায়ে দিয়ে ছবি তুলছে।,0.2857142853061225,0.18181818165289254,0.22222221722222232,0.22222221722222232,0.0,0.22222221722222232,0,0,0.368421052631579,0.13333333324444444
780.png,একটি টেবিলে অনেক মানুষ এলোমেলো করে যাচ্ছে।,0.14285714265306124,0.1111111109876543,0.12499999492187522,0.12499999492187522,0.0,0.12499999492187522,0,0,0.2962962962962963,0.06666666662222222
2081615901_13092cac56.jpg,দুই বাচ্চা ছেলে খেলছে,0.249999999375,0.1999999996,0.2222222167901236,0.2222222167901236,0.0,0.2222222167901236,0,0,0.33333333333333337,0.12499999984374999
4898.png,জলাশয়ের পারে কয়েকটি ভবন দেখা যাচ্ছে।,0.0,0.0,0.0,0.0,0.0,0.0,0,0,0.20833333333333337,0.0
1259627071.jpg,কিছু শিশু পতাকা <unk>,0.249999999375,0.09090909082644627,0.13333332924444455,0.13333332924444455,0.0,0.13333332924444455,0,0,0.2142857142857143,0.07142857137755101
4780.png,একটি <unk> <unk> বিক্রি করছে,0.1999999996,0.1999999996,0.19999999460000012,0.19999999460000012,0.0,0.19999999460000012,0,0,0.43999999999999995,0.12499999984374999
90.png,একটি নৌকায় কয়েকজন মানুষ আছে।,0.3999999992,0.1999999998,0.2666666618666667,0.2666666618666667,0.0,0.2666666618666667,0,0,0.2702702702702703,0.15384615372781063
815.png,কয়েকজন মানুষ আছে।,0.6666666644444444,0.3999999992,0.49999999406250006,0.49999999406250006,0.0,0.49999999406250006,0,0,0.5882352941176471,0.33333333277777777
2219805677_7b7cc188c7.jpg,একটি কুকুর পানিতে লাফ দিয়েছে,0.5999999988,0.37499999953124996,0.46153845609467453,0.46153845609467453,0.2222222167901236,0.46153845609467453,0,0,0.5909090909090908,0.29999999969999996
1674612291_7154c5ab61.jpg,একটি কুকুর একটি টেনিস বল নিয়ে দৌড়াচ্ছে,0.4285714279591837,0.3333333329629629,0.374999994609375,0.374999994609375,0.22222221753086427,0.374999994609375,0,0,0.46153846153846156,0.1999999998
427683329_95d510a087.jpg,সানগ্লাসের একটি লোক চশমা এবং রোদ চশমা পরা একজন লোক চুম্বন করে আছে,0.23076923059171597,0.5999999988,0.33333332895061735,0.33333332895061735,0.2499999959375,0.33333332895061735,0,0,0.4590163934426229,0.23076923059171597
7849.png,সমুদ্রের পারে কয়েকজন ছেলে টায়ার কাঁধে ছেলেকে নিয়ে পানিতে খেলছে।,0.1999999998,0.16666666652777776,0.181818176694215,0.181818176694215,0.0,0.181818176694215,0,0,0.2142857142857143,0.09999999995
2215.png,একজন পুরুষ মাথায় বস্তা দিয়ে আছে।,0.33333333277777777,0.3999999992,0.36363635801652905,0.36363635801652905,0.0,0.36363635801652905,0,0,0.5,0.2222222219753086
4108.png,দুইজন লোক চশমা,0.3333333322222222,0.16666666638888888,0.2222222172839507,0.2222222172839507,0.0,0.2222222172839507,0,0,0.16666666666666663,0.12499999984374999
5182.png,একটি ছেলে দাঁড়াই আছে,0.49999999875,0.2857142853061225,0.36363635834710756,0.36363635834710756,0.2222222172839507,0.36363635834710756,0,0,0.5454545454545454,0.2222222219753086
1623.png,কয়েকজন পুরুষ আছে।,0.3333333322222222,0.09090909082644627,0.14285713928571436,0.14285713928571436,0.0,0.14285713928571436,0,0,0.2571428571428571,0.07692307686390532
6381.png,একজন লোক হাতে সাইনবোর্ড নিয়ে দাড়িয়ে আছে।,0.14285714265306124,0.3333333322222222,0.1999999954000001,0.1999999954000001,0.0,0.1999999954000001,0,0,0.2592592592592593,0.1111111109876543
2049646140_d0de01e3c4.jpg,একটি শিশু একটি <unk> একটি স্টান্ট উপভোগ করছে,0.37499999953124996,0.7499999981250001,0.49999999472222234,0.49999999472222234,0.1999999954000001,0.49999999472222234,0,0,0.34375,0.4285714279591837
360.png,একজন পুরুষ হেঁটে যাচ্ছে।,0.249999999375,0.1999999996,0.2222222167901236,0.2222222167901236,0.0,0.2222222167901236,0,0,0.5555555555555556,0.12499999984374999
7929.png,১ জন মহিলা বসে আছে আর একজন নারী বসে আছে।,0.0999999999,0.249999999375,0.14285713857142868,0.14285713857142868,0.0,0.14285713857142868,0,0,0.25806451612903225,0.08333333326388888
3611603026_9112b0c53f.jpg,এক মহিলা একটি শপিং ব্যাগ বহন করছে,0.4285714279591837,0.29999999969999996,0.35294117121107266,0.35294117121107266,0.1428571377551022,0.24999999476562512,0,0,0.3870967741935484,0.21428571413265304
2094323311_27d58b1513.jpg,একটি কুকুর তার কুকুরের সাথে খেলছে,0.33333333277777777,0.24999999968749997,0.2857142804081633,0.2857142804081633,0.16666666152777793,0.2857142804081633,0,0,0.5357142857142857,0.16666666652777776
2887614578_ed7ba21775.jpg,একটি কুকুর ঘাসের উপর দৌড়াচ্ছে,0.5999999988,0.5999999988,0.5999999938,0.5999999938,0.4999999937500001,0.5999999938,0,0,0.75,0.4285714279591837
6136.png,একজন পুরুষ একটি শিশু কোলে নিয়ে আছে।,0.571428570612245,0.571428570612245,0.5714285656122451,0.5714285656122451,0.16666666138888903,0.5714285656122451,0,0,0.7083333333333333,0.3999999996
4792.png,তিনজন পুরুষ আছে।,0.6666666644444444,0.3999999992,0.49999999406250006,0.49999999406250006,0.0,0.49999999406250006,0,0,0.44999999999999996,0.33333333277777777
3050650135_23f9d9d2f8.jpg,একটি মেয়ে একটি গেম চলাকালীন ছেলেটির দিকে ছুড়ে মারছে,0.1111111109876543,0.09090909082644627,0.09999999495000023,0.09999999495000023,0.0,0.09999999495000023,0,0,0.37209302325581395,0.0624999999609375
486720042_b785e7f88c.jpg,একটি কালো কুকুর মাঠে একটি কালো কুকুর,0.571428570612245,0.3333333330555555,0.42105262648199443,0.42105262648199443,0.0,0.42105262648199443,0,0,0.3913043478260869,0.2857142853061225
2302516347_26054442f9.jpg,একজন মহিলা একটি <unk> এর সামনে দাঁড়িয়ে আছে।,0.49999999937499995,0.30769230745562126,0.3809523758730159,0.3809523758730159,0.14285713765306143,0.31578946847645434,0,0,0.4363636363636364,0.24999999984375
4696.png,একটি পাহাড়ি রাস্তার ধারে একটি রাস্তায় পাহারে রাস্তায় একটি মেয়ে পাহারে বসে আছে,0.07692307686390532,0.249999999375,0.11764705508650528,0.11764705508650528,0.0,0.11764705508650528,0,0,0.19999999999999996,0.08333333326388888
2273591668_069dcb4641.jpg,দুটি ধূসর কুকুর ঘাসে খেলছে,0.7999999984,0.4444444439506172,0.5714285660204083,0.5714285660204083,0.16666666194444454,0.5714285660204083,0,0,0.46153846153846156,0.3999999996
2732625904_4fbb653434.jpg,একজন লোক রাস্তায় সাইকেল চালাচ্ছে,0.3999999992,0.33333333277777777,0.36363635801652905,0.36363635801652905,0.2222222167901236,0.36363635801652905,0,0,0.5454545454545454,0.2222222219753086
2873837796_543e415e98.jpg,কালো কুকুর তার <unk> কামড়াচ্ছে,0.3999999992,0.3999999992,0.39999999420000004,0.39999999420000004,0.2499999943750001,0.39999999420000004,0,0,0.5909090909090908,0.24999999968749997
950273886_88c324e663.jpg,এক লোক একটি পাথরের উপর আরোহণ করছে,0.4285714279591837,0.3333333329629629,0.374999994609375,0.374999994609375,0.2857142804081633,0.374999994609375,0,0,0.4814814814814815,0.23076923059171597
812.png,কয়েকজন লোক হাতে নিয়ে দাঁড়িয়ে আছে।,0.16666666638888888,0.249999999375,0.1999999948000001,0.1999999948000001,0.0,0.1999999948000001,0,0,0.47619047619047616,0.1111111109876543
1797507760_384744fb34.jpg,তিনজন লোক একটি শিশু।,0.49999999875,0.24999999968749997,0.33333332833333335,0.33333332833333335,0.1999999954000001,0.33333332833333335,0,0,0.33333333333333337,0.1999999998
1248940539_46d33ed487.jpg,এক ছোট মেয়ে সৈকতে খেলছে,0.3999999992,0.3999999992,0.39999999420000004,0.39999999420000004,0.2499999943750001,0.39999999420000004,0,0,0.47058823529411764,0.24999999968749997
3666188047_e81e1d97a7.jpg,একটি ছোট ছেলে একটি <unk> খাচ্ছে,0.6666666655555555,0.49999999937499995,0.5714285657142858,0.5714285657142858,0.4999999943055557,0.5714285657142858,0,0,0.6296296296296297,0.3333333329629629
3048.png,একজন পুরুষ দুইটি গরু দিয়ে জমিতে কাজ করছে।,0.6249999992187499,0.7142857132653061,0.6666666608,0.6666666608,0.6153846094674558,0.6666666608,0,0,0.7241379310344828,0.49999999949999996
242.png,একটি নৌকায় কয়েকজন মানুষ আছে।,0.0,0.0,0.0,0.0,0.0,0.0,0,0,0.2857142857142857,0.0
3370.png,একজন মানুষ কাজ করছে।,0.0,0.0,0.0,0.0,0.0,0.0,0,0,0.33333333333333337,0.0
516725192_c9cdd63878.jpg,একজন লোক সমুদ্রের পাশের একটি পাখি নিয়ে,0.14285714265306124,0.14285714265306124,0.14285713765306143,0.14285713765306143,0.0,0.14285713765306143,0,0,0.4545454545454546,0.07692307686390532
107318069_e9f2ef32de.jpg,লাল <unk> বেলুন রাখে,0.249999999375,0.3333333322222222,0.28571428000000004,0.28571428000000004,0.0,0.28571428000000004,0,0,0.3913043478260869,0.16666666638888888
2173677067_9d0732bcc2.jpg,একটি ছোট্ট মেয়ে দড়িলাফ দিচ্ছে,0.3999999992,0.2222222219753086,0.2857142807142858,0.2857142807142858,0.14285713857142868,0.2857142807142858,0,0,0.375,0.16666666652777776
5438.png,একটি <unk> একটি <unk>,0.0,0.0,0.0,0.0,0.0,0.0,0,0,0.19999999999999996,0.0
_MG_2020.JPG,একটি লোক দাড়িয়ে আছে যার চুল কালো চশমা,0.24999999968749997,0.3999999992,0.3076923024852071,0.3076923024852071,0.1818181768595043,0.3076923024852071,0,0,0.34615384615384615,0.18181818165289254
7747.png,একটি শিশু আছে।,0.9999999966666667,0.9999999966666667,0.9999999916666666,0.9999999916666666,0.9999999900000001,0.9999999916666666,1,1,1.0,0.9999999966666667
806.png,একজন পুরুষ মানুষ আছে।,0.249999999375,0.16666666638888888,0.1999999948000001,0.1999999948000001,0.0,0.1999999948000001,0,0,0.4545454545454546,0.1111111109876543
3662406028_29b9e46a6f.jpg,টুপি পরিহিত একজন লোক এবং <unk> কার্ড নিয়ে ছবি তুলছে।,0.5999999993999999,0.29999999985,0.3999999952888889,0.3999999952888889,0.21428570977040823,0.3333333286666667,0,0,0.39655172413793105,0.26086956510396975
6213.png,একজন পুরুষ বসে আছে।,0.49999999875,0.6666666644444444,0.5714285648979592,0.5714285648979592,0.16666666263888896,0.5714285648979592,0,0,0.6428571428571428,0.3999999992
2921094201_2ed70a7963.jpg,একজন মহিলা একটি সাদা চেয়ারে বসে আছে,0.571428570612245,0.3636363633057851,0.4444444391975309,0.4444444391975309,0.12499999515625017,0.33333332820987654,0,0,0.3589743589743589,0.28571428551020406
5321.png,রাস্তা দিয়ে কয়েকজন মানুষ আছে।,0.1999999996,0.249999999375,0.2222222167901236,0.2222222167901236,0.0,0.2222222167901236,0,0,0.47619047619047616,0.12499999984374999
2125.png,১ জন ছেলে ১ জন পুরুষ ১ জন পুরুষ ১ জন পুরুষ ১ জন পুরুষ ১ জন পুরুষ ১ জন পুরুষ ১ জন পুরুষ ১ জন পুরুষ ১ জন পুরুষ ১ জন পুরুষ ১ জন পুরুষ ১ জন পুরুষ ১,0.0,0.0,0.0,0.0,0.0,0.0,0,0,0.11111111111111116,0.0
50.png,একজন শাড়ি পরা মহিলা একটা বাচ্চাকে ধরে দাড়িয়ে আছে।,0.4444444439506172,0.4444444439506172,0.4444444389506173,0.4444444389506173,0.0,0.333333327962963,0,0,0.3939393939393939,0.28571428551020406
2909875716_25c8652614.jpg,একটি মেয়ে ফুল ধরে আছে,0.3999999992,0.15384615372781063,0.22222221796296296,0.22222221796296296,0.0,0.22222221796296296,0,0,0.29032258064516125,0.124999999921875
2675685200_0913d84d9b.jpg,একটি ছোট ছেলে বসে আছে,0.7999999984,0.3999999996,0.5333333281777778,0.5333333281777778,0.3076923029585799,0.5333333281777778,0,0,0.5333333333333333,0.3999999996
5233.png,দুইজন মানুষ হেঁটে যাচ্ছে।,0.7499999981250001,0.3333333329629629,0.4615384565680474,0.4615384565680474,0.36363635900826446,0.4615384565680474,0,0,0.37142857142857144,0.29999999969999996
2072.png,একজন পুরুষ বসে আছে।,0.7499999981250001,0.7499999981250001,0.7499999931250001,0.7499999931250001,0.33333332722222225,0.7499999931250001,0,0,0.8571428571428572,0.5999999988
9070.png,কয়েকজন মানুষ আছে।,0.0,0.0,0.0,0.0,0.0,0.0,0,0,0.31818181818181823,0.0
2517284816_9b8fd3c6b6.jpg,একসাথে অনেকগুলো মানুষ একসাথে হয়ে একসাথে জড়ো হয়ে দাড়িয়ে আছে।,0.0999999999,0.16666666638888888,0.12499999515625017,0.12499999515625017,0.0,0.12499999515625017,0,0,0.35,0.08333333326388888
572.png,একজন বৃদ্ধ নারী আছে।,0.7499999981250001,0.29999999969999996,0.42857142387755104,0.42857142387755104,0.24999999468750006,0.42857142387755104,0,0,0.4782608695652174,0.3333333329629629
8525.png,একটি নৌকায় কয়েকজন মানুষ আছে।,0.7999999984,0.7999999984,0.7999999934,0.7999999934,0.4999999937500001,0.7999999934,0,0,0.9,0.6666666655555555
940973925_a2e6d7951c.jpg,একজন লোক একটি বিল্ডিং থেকে হাঁটু গেড়ে বসেছে,0.12499999984374999,0.14285714265306124,0.13333332817777796,0.13333332817777796,0.0,0.13333332817777796,0,0,0.326530612244898,0.07142857137755101
6151.png,একটি বিজ্ঞাপনের সাদের উপর একটি শিশু আছে।,0.4285714279591837,0.7499999981250001,0.5454545398347109,0.5454545398347109,0.2222222172839507,0.5454545398347109,0,0,0.3214285714285714,0.4285714279591837
2070831523_5035d5537e.jpg,একজন সাইকেল চালক বনের মধ্যে বাইক চালাচ্ছেন।,0.2857142853061225,0.33333333277777777,0.3076923022485208,0.3076923022485208,0.0,0.3076923022485208,0,0,0.38888888888888884,0.18181818165289254
7112.png,একটি সেতুর উপর দিয়ে যাচ্ছে ও মেয়েরা হেটে যাচ্ছে।,0.4444444439506172,0.26666666648888887,0.33333332836805557,0.33333332836805557,0.1818181770247935,0.33333332836805557,0,0,0.4363636363636364,0.21052631567867036
2815.png,সূর্যের আলো পানিতে একজন মানুষ আছে।,0.49999999916666665,0.5999999988,0.5454545395041324,0.5454545395041324,0.2222222167901236,0.36363635801652905,0,0,0.3157894736842105,0.37499999953124996
468.png,একটি ছেলে বালতি দিয়ে খেলছে,0.1999999996,0.07142857137755101,0.10526315390581731,0.10526315390581731,0.0,0.10526315390581731,0,0,0.26,0.05882352937716263
2456907314_49bc4591c4.jpg,একটি ছেলে ডকের উপর দাঁড়িয়ে আছে,0.16666666638888888,0.0999999999,0.12499999515625017,0.12499999515625017,0.0,0.12499999515625017,0,0,0.38095238095238093,0.06666666662222222
IMG_2758.JPG,একটা লোক বসে আছে,0.49999999875,0.49999999875,0.4999999937500001,0.4999999937500001,0.0,0.4999999937500001,0,0,0.41666666666666663,0.33333333277777777
3259228898_cefd04580b.jpg,একজন লোক এবং অন্যরা তাদের <unk> দেখছে,0.4285714279591837,0.4285714279591837,0.42857142295918377,0.42857142295918377,0.16666666138888903,0.42857142295918377,0,0,0.4814814814814815,0.2727272724793388
1074.png,কতগুলো মেয়ে একসাথে দাড়িয়ে আছে যার মাঝে একজন নারী আছে।,0.3999999996,0.2352941175086505,0.29629629141289443,0.29629629141289443,0.15384614934911253,0.29629629141289443,0,0,0.41666666666666663,0.1739130434026465
476.png,একটি ব্যানের উপরে কিছু মানুষ দেখা যাচ্ছে।,0.4285714279591837,0.4285714279591837,0.42857142295918377,0.42857142295918377,0.16666666138888903,0.42857142295918377,0,0,0.4444444444444444,0.2727272724793388
2570559405_dc93007f76.jpg,একটি কুকুর একটি রিং থেকে একটি রিং থেকে একটি রিং থেকে একটি রিং থেকে একটি রিং থেকে একটি রিং থেকে একটি রিং থেকে একটি রিং থেকে একটি রিং থেকে একটি রিং থেকে একটি রিং থেকে একটি রিং থেকে একটি রিং,0.0499999999875,0.2857142853061225,0.08510638040742426,0.08510638040742426,0.04444444211358036,0.08510638040742426,0,0,0.14876033057851235,0.2222222219753086
406901451_7eafd7568a.jpg,একটি কুকুর একটি অপরটির সাথে খেলছে,0.49999999916666665,0.49999999916666665,0.4999999941666667,0.4999999941666667,0.2222222167901236,0.4999999941666667,0,0,0.5833333333333333,0.37499999953124996
580.png,একজন পুরুষ বসে আছে।,0.9999999975,0.3636363633057851,0.533333328711111,0.533333328711111,0.3076923036686391,0.533333328711111,0,0,0.31818181818181823,0.3999999996
366713533_bd6d48cf02.jpg,একদল মানুষ বাইরে দাঁড়িয়ে আছেন।,0.1999999996,0.249999999375,0.2222222167901236,0.2222222167901236,0.0,0.2222222167901236,0,0,0.30000000000000004,0.12499999984374999
2763.png,একটি ছোট মেয়ে একটি পথ থেকে দেখছে।,0.2857142853061225,0.2222222219753086,0.24999999476562512,0.24999999476562512,0.0,0.24999999476562512,0,0,0.4782608695652174,0.09090909082644627
1569687608_0e3b3ad044.jpg,একটি ছেলে এবং বাদামী চুল এবং বাদামী চুল এবং বাদামী চুল এবং বাদামী চুল এবং বাদামী চুল এবং বাদামী চুল এবং বাদামী চুল এবং বাদামী চুল এবং বাদামী চুল এবং বাদামী চুল এবং বাদামী চুল এবং বাদামী চুল এবং বাদামী,0.02499999999375,0.12499999984374999,0.04166666387152797,0.04166666387152797,0.0,0.04166666387152797,0,0,0.12030075187969924,0.08333333326388888
2067.png,একটি স্কুলের <unk>,0.0,0.0,0.0,0.0,0.0,0.0,0,0,0.19999999999999996,0.0
8849.png,সাঁকোর উপর দিয়ে পানি ঝরছে আর সেই পুকুরে মাছ ধরার ট্রলার থেকে পড়ছে।,0.30769230745562126,0.24999999984375,0.2758620638287753,0.2758620638287753,0.0,0.13793102944114166,0,0,0.35593220338983056,0.1666666665972222
5633.png,একজন বয়স্ক পুরুষ বসে লিখছে।,0.3999999992,0.3999999992,0.39999999420000004,0.39999999420000004,0.07999999724800008,0.39999999420000004,0,0,0.6,0.24999999968749997
1721.png,একজন পুরুষ বসে আছে।,0.249999999375,0.249999999375,0.2499999943750001,0.2499999943750001,0.0,0.2499999943750001,0,0,0.6,0.14285714265306124
397815951_3b02090324.jpg,কালো কুকুরটি একটি বল নিয়ে লাফ দিচ্ছে,0.14285714265306124,0.16666666638888888,0.15384614863905344,0.15384614863905344,0.0,0.15384614863905344,0,0,0.38888888888888884,0.08333333326388888
2337809114_899ba61330.jpg,একটি ছোট মেয়ে একটি শিশুকে ধরে আছে,0.4285714279591837,0.19999999986666667,0.2727272681404959,0.2727272681404959,0.09999999570000016,0.2727272681404959,0,0,0.33333333333333337,0.124999999921875
2804851816_9aae9071ca.jpg,একটি খয়েরি কুকুর একটি ঘাসের মধ্য দিয়ে চলছে,0.24999999968749997,0.33333333277777777,0.2857142804081633,0.2857142804081633,0.0,0.2857142804081633,0,0,0.6333333333333333,0.18181818165289254
268365231_a0acecdc45.jpg,কালো প্যান্ট এবং কালো জামায় একটি দম্পতি,0.4285714279591837,0.2727272724793388,0.33333332820987654,0.33333332820987654,0.12499999515625017,0.33333332820987654,0,0,0.32499999999999996,0.23076923059171597
6772.png,একজন মানুষ আছে।,0.6666666644444444,0.6666666644444444,0.6666666594444445,0.6666666594444445,0.4999999925000001,0.6666666594444445,0,0,0.8181818181818181,0.49999999875
3371533654_73a12a35a4.jpg,একটি ছেলে একটি ঢালু কাঠামোর উপর দাঁড়িয়ে আছে,0.24999999968749997,0.1999999998,0.22222221703703712,0.22222221703703712,0.0,0.22222221703703712,0,0,0.36585365853658536,0.06666666662222222
4388.png,একজন পুরুষ আছে।,0.9999999966666667,0.49999999916666665,0.6666666607407408,0.6666666607407408,0.5714285657142857,0.6666666607407408,0,0,0.45833333333333337,0.49999999916666665
2419186511_f0ce5f9685.jpg,একটি শিশু একটি বড় গোলাকার বস্তু ধরে আছে,0.37499999953124996,0.29999999969999996,0.3333333280246914,0.3333333280246914,0.15384614863905344,0.3333333280246914,0,0,0.5357142857142857,0.16666666652777776
3120648767_812c72eabe.jpg,একজন লোক তার সাইকেল চালিয়ে কসরত দেখাচ্ছে,0.14285714265306124,0.3333333322222222,0.1999999954000001,0.1999999954000001,0.0,0.1999999954000001,0,0,0.41666666666666663,0.1111111109876543
3973.png,একজন পুরুষ দাড়িয়ে আছে।,0.49999999875,0.2222222219753086,0.3076923029585799,0.3076923029585799,0.18181817752066123,0.3076923029585799,0,0,0.2777777777777778,0.1999999998
7701.png,একটি লাল রঙের তাবুর নিচে একটি পাল তোলা ছবি তুলছে।,0.0,0.0,0.0,0.0,0.0,0.0,0,0,0.3529411764705882,0.0
464527562_a18f095225.jpg,একটি কুকুর একটি লাল ফ্রিসবি ধরার চেষ্টা করছে,0.37499999953124996,0.49999999916666665,0.4285714230612245,0.4285714230612245,0.16666666152777793,0.2857142804081633,0,0,0.4222222222222223,0.29999999969999996
8794.png,বৃষ্টির পানিতে নেমে ছাতা নিয়ে যাচ্ছে আর একজন লোক হেঁটে যাচ্ছে।,0.3636363633057851,0.28571428551020406,0.31999999481600006,0.31999999481600006,0.14285713857142868,0.249999995390625,0,0,0.2564102564102564,0.1999999999
5226.png,দুরে একটি রেললাইন ও দুরে অনেকগুলো গাড়ী যাচ্ছে।,0.24999999968749997,0.2222222219753086,0.23529411238754333,0.23529411238754333,0.0,0.1428571377551022,0,0,0.4,0.14285714275510203
img-20211205-wa0002.jpg,টিনের ঘরের সামনে একটি টিনের ঘরের সামনে একটি টিনের ঘরের সামনে একটি টিনের ঘরের সামনে একটি টিনের ঘরের সামনে একটি টিনের ঘরের সামনে একটি টিনের ঘরের সামনে একটি টিনের ঘরের সামনে একটি টিনের ঘরের সামনে একটি টিনের ঘরের সামনে একটি,0.02499999999375,0.1111111109876543,0.04081632351520222,0.04081632351520222,0.0,0.04081632351520222,0,0,0.1132075471698113,0.08333333326388888
345906597_1290292371895717_1418973623691667358_n.jpg,একজন ছোট মেয়ে যার পাশ দিয়ে হেঁটে যাচ্ছে।,0.12499999984374999,0.0624999999609375,0.08333332881944468,0.08333332881944468,0.0,0.08333332881944468,0,0,0.30000000000000004,0.04347826085066162
1300.png,কয়েকজন নারী আছে।,0.3333333322222222,0.08333333326388888,0.1333333299555556,0.1333333299555556,0.0,0.1333333299555556,0,0,0.21739130434782605,0.08333333326388888
2635.png,৪ জন ছোট ছেলে।,0.0,0.0,0.0,0.0,0.0,0.0,0,0,0.2272727272727273,0.0
5921.png,একটি শিশু আছে।,0.3333333322222222,0.12499999984374999,0.18181817752066123,0.18181817752066123,0.0,0.18181817752066123,0,0,0.19999999999999996,0.0999999999
9122.png,একজন নারী আছে।,0.9999999966666667,0.4285714279591837,0.5999999946000001,0.5999999946000001,0.24999999562500003,0.5999999946000001,0,0,0.4347826086956522,0.4285714279591837
5754.png,কয়েকজন মানুষ আছে।,0.3333333322222222,0.3333333322222222,0.33333332722222225,0.33333332722222225,0.0,0.33333332722222225,0,0,0.6666666666666667,0.1999999996
1262583859_653f1469a9.jpg,সবুজ শার্ট পরা একজন আফ্রো আমেরিকান লোক হেলমেট পরে সাইকেল চালাচ্ছে,0.3636363633057851,0.28571428551020406,0.31999999481600006,0.31999999481600006,0.09090908586776886,0.2727272674793389,0,0,0.3913043478260869,0.19047619038548752
2465497494_43d74df57c.jpg,নীল জ্যাকেট পরিহিত একজন বাচ্চা তার হাতে একটি শিশু ঘাসে বসে একটি শিশু হাতে একটি শিশু হাতে একটি শিশু হাতে একটি শিশু হাতে একটি শিশু হাতে একটি শিশু হাতে একটি শিশু হাতে একটি শিশু হাতে একটি শিশু হাতে একটি শিশু,0.07499999998125,0.23076923059171597,0.11320754342470642,0.11320754342470642,0.0,0.11320754342470642,0,0,0.1897810218978102,0.11764705875432525
241347204_007d83e252.jpg,লাল ফুটবল দলটি লাল জামা পরে আছে,0.2857142853061225,0.2222222219753086,0.24999999476562512,0.24999999476562512,0.0,0.24999999476562512,0,0,0.4137931034482759,0.15384615372781063
2330536645_2d36b516e1.jpg,দু'জন লোক পানিতে খেলছে।,0.249999999375,0.3333333322222222,0.28571428000000004,0.28571428000000004,0.0,0.28571428000000004,0,0,0.6428571428571428,0.16666666638888888
2089442007_6fc798548c.jpg,একটি কুকুর এবং একটি বাদামী কুকুরের দিকে তাকিয়ে আছে,0.2222222219753086,0.49999999875,0.3076923029585799,0.3076923029585799,0.18181817752066123,0.3076923029585799,0,0,0.3939393939393939,0.1999999998
1860.png,সামনে চারজন পুরুষ দাড়িয়ে আছে।,0.5999999988,0.3333333329629629,0.42857142336734694,0.42857142336734694,0.16666666194444454,0.42857142336734694,0,0,0.4117647058823529,0.29999999969999996
5063.png,একটি দালানে একজন মহিলা একটি <unk>,0.16666666638888888,0.16666666638888888,0.16666666138888903,0.16666666138888903,0.0,0.16666666138888903,0,0,0.33333333333333337,0.0999999999
421153376_d1d325568f.jpg,একটি সাদা কুকুর একটি জলের মধ্য দিয়ে দৌড়ে বের করে একটি জলের মধ্য দিয়ে দৌড়ে বের করে একটি জলের মধ্য দিয়ে দৌড়ে বের করে একটি জলের মধ্য দিয়ে দৌড়ে বের করে একটি জলের মধ্য দিয়ে দৌড়ে বের করে একটি জলের,0.07499999998125,0.3333333329629629,0.1224489765431071,0.1224489765431071,0.045454543419421574,0.1224489765431071,0,0,0.19565217391304346,0.19999999986666667
2337.png,একজন পুরুষ জাল নিয়ে আছে।,0.1999999996,0.249999999375,0.2222222167901236,0.2222222167901236,0.0,0.2222222167901236,0,0,0.2941176470588235,0.12499999984374999
1287073593_f3d2a62455.jpg,এক লোক স্লেজ গাড়ী টেনে নিয়ে যাচ্ছে,0.2857142853061225,0.16666666652777776,0.2105263109141275,0.2105263109141275,0.0,0.15384614863905344,0,0,0.3846153846153846,0.11764705875432525
2543589122_ec3e55f434.jpg,বরফের মধ্যে দুটি কুকুর তুষার দিয়ে লাফিয়ে ওঠে।,0.12499999984374999,0.249999999375,0.16666666194444454,0.16666666194444454,0.0,0.16666666194444454,0,0,0.5,0.09090909082644627
424307754_1e2f44d265.jpg,এক লোক একটি কুকুর নিয়ে ঘাসে ঢাকা একটি লাঠি ধরে রেখেছে।,0.2727272724793388,0.49999999916666665,0.3529411714878893,0.3529411714878893,0.2666666618666667,0.3529411714878893,0,0,0.5,0.23076923059171597
2860872588_f2c7b30e1a.jpg,দুটি কুকুর রাস্তায় শুয়ে আছে,0.3999999992,0.6666666644444444,0.49999999406250006,0.49999999406250006,0.33333332777777785,0.49999999406250006,0,0,0.5294117647058824,0.33333333277777777
3549408779_4d453db080.jpg,একটি কালো কুকুর জলের মধ্যে সাঁতার কাটছে,0.7142857132653061,0.8333333319444445,0.7692307630769232,0.7692307630769232,0.36363635801652905,0.7692307630769232,0,0,0.6538461538461539,0.6249999992187499
3455419642_894d03f153.jpg,একজন মহিলা একটি কালো জার্সি সহ একটি কালো এবং কালো কুকুর বল তাড়া করে খেলাধুলার জন্য বল ধরছে,0.3333333331481481,0.5999999993999999,0.42857142367346934,0.42857142367346934,0.15384614920118356,0.3571428522959184,0,0,0.4461538461538461,0.3333333331481481
3368207495_1e2dbd6d3f.jpg,একটি কুকুর একটি কালো কুকুর দৌড়াচ্ছে,0.49999999916666665,0.49999999916666665,0.4999999941666667,0.4999999941666667,0.36363635801652905,0.4999999941666667,0,0,0.6956521739130435,0.4285714279591837
7633.png,একটি সেতু আছে।,0.3333333322222222,0.3333333322222222,0.33333332722222225,0.33333332722222225,0.0,0.33333332722222225,0,0,0.36363636363636365,0.1999999996
5864.png,একজন মানুষ ছাতা নিয়ে আছে।,0.3999999992,0.6666666644444444,0.49999999406250006,0.49999999406250006,0.0,0.49999999406250006,0,0,0.5294117647058824,0.33333333277777777
2765747519_2b851e01d6.jpg,একজন মহিলা তাকিয়ে আছে,0.249999999375,0.12499999984374999,0.16666666194444454,0.16666666194444454,0.0,0.16666666194444454,0,0,0.3666666666666667,0.0999999999
7434.png,একজন নারী বসে কাজ করছে।,0.1999999996,0.0999999999,0.13333332871111125,0.13333332871111125,0.0,0.13333332871111125,0,0,0.275,0.09090909082644627
3346040664_5b584e6133.jpg,একজন ফুটবল খেলোয়াড় বল ড্রিবল করছে,0.33333333277777777,0.2222222219753086,0.2666666615111111,0.2666666615111111,0.0,0.2666666615111111,0,0,0.5,0.15384615372781063
972381743_5677b420ab.jpg,এক মেয়ে ছাতার নিচে ছাতা নিয়ে রাস্তায় দাঁড়িয়ে আছে,0.2222222219753086,0.09090909086776859,0.12903225386056202,0.12903225386056202,0.0,0.09523809024943336,0,0,0.38888888888888884,0.0833333332986111
3116.png,৪ জন পুরুষ দাড়িয়ে আছে যার মাঝে ২ জন কোর্ট পরা এবং একজন বয়স্ক লোক দাড়িয়ে আছে যার মাঝে ২ জন কোর্ট পরা এবং একজন বয়স্ক লোক দাড়িয়ে আছে যার মাঝে ২ জন কোর্ট পরা এবং একজন বয়স্ক লোক দাড়িয়ে,0.2499999999375,0.49999999975,0.3333333287777778,0.3333333287777778,0.13793103002972665,0.2999999954555556,0,0,0.3037037037037037,0.3333333331944444
8566.png,গলায় কালো মালা,0.0,0.0,0.0,0.0,0.0,0.0,0,0,0.19999999999999996,0.0
3334953664_a669038795.jpg,একজন বেসবল ছেলে মানুষ আছে।,0.3999999992,0.33333333277777777,0.36363635801652905,0.36363635801652905,0.2222222167901236,0.36363635801652905,0,0,0.5833333333333333,0.2222222219753086
4832.png,ধান ক্ষেত আছে।,0.3333333322222222,0.3333333322222222,0.33333332722222225,0.33333332722222225,0.0,0.33333332722222225,0,0,0.30000000000000004,0.1999999996
1516714577_7d1c35a8d8.jpg,বাচ্চারা হাসছে,0.0,0.0,0.0,0.0,0.0,0.0,0,0,0.13043478260869568,0.0
765298136_7805fbb079.jpg,একটি লাল রঙের পোশাক পরিহিত একজন লোক পানির ছিটা তৈরি বড়শি দিয়ে মাছ ধরার চেষ্টা করছে।,0.24999999984375,0.3636363633057851,0.2962962912482853,0.2962962912482853,0.15999999507200013,0.2608695607561437,0,0,0.4576271186440678,0.19047619038548752
3872.png,একটি মাছ আছে,0.6666666644444444,0.18181818165289254,0.2857142819387755,0.2857142819387755,0.0,0.2857142819387755,0,0,0.21621621621621623,0.1999999998
1466307489_cb8a74de09.jpg,একটি দল একটি জঞ্জাল সার্কিটের <unk>,0.33333333277777777,0.13333333324444444,0.19047618621315202,0.19047618621315202,0.0,0.19047618621315202,0,0,0.29032258064516125,0.1111111110493827
3344.png,একজন লোক <unk> <unk> <unk> <unk> <unk> <unk> <unk> <unk> <unk> <unk> <unk> <unk> <unk> <unk> <unk> <unk> <unk> <unk> <unk> <unk> <unk> <unk> <unk> <unk> <unk> <unk> <unk> <unk> <unk> <unk> <unk> <unk> <unk> <unk> <unk> <unk> <unk> <unk>,0.02499999999375,0.16666666638888888,0.04347825858223074,0.04347825858223074,0.0,0.04347825858223074,0,0,0.07547169811320753,0.12499999984374999
8873.png,একজন মহিলা একটি <unk>,0.249999999375,0.1111111109876543,0.15384614934911253,0.15384614934911253,0.0,0.15384614934911253,0,0,0.21621621621621623,0.08333333326388888
5029.png,একজন লোক একটি <unk> <unk> সামনে একটি <unk> <unk> সামনে একটি <unk> <unk> সামনে একটি <unk> <unk> সামনে একটি <unk> <unk> সামনে একটি <unk> <unk> সামনে একটি <unk> <unk> সামনে একটি <unk> <unk> সামনে একটি <unk> <unk> সামনে একটি <unk>,0.0499999999875,0.49999999875,0.09090908921487605,0.09090908921487605,0.0,0.04545454378099179,0,0,0.05031446540880502,0.2857142853061225
8917.png,একজন বৃদ্ধ নারী তাকিয়ে আছে।,0.3999999992,0.24999999968749997,0.3076923024852071,0.3076923024852071,0.1818181768595043,0.3076923024852071,0,0,0.4666666666666667,0.1999999998
3543294190_0037c59607.jpg,এক লোক একটি সাইকেল চালাচ্ছে,0.1999999996,0.12499999984374999,0.15384614887573977,0.15384614887573977,0.0,0.15384614887573977,0,0,0.33333333333333337,0.08333333326388888
5787.png,সূর্যাস্তের সময় সমুদ্রের পারে একটি শিশু দাড়িয়ে আছে।,0.37499999953124996,0.5999999988,0.46153845609467453,0.46153845609467453,0.1818181768595043,0.46153845609467453,0,0,0.4242424242424242,0.29999999969999996
3673032164_6c6843de87.jpg,বিয়ের পোশাক পরা একটি ছেলে একটি ছবির জন্য পোজ দিচ্ছে,0.0,0.0,0.0,0.0,0.0,0.0,0,0,0.34782608695652173,0.0
3323498985_fd9d2803fd.jpg,এক ছোট ছেলে সাগরের পানিতে লাফাচ্ছে,0.33333333277777777,0.2857142853061225,0.3076923022485208,0.3076923022485208,0.0,0.3076923022485208,0,0,0.40909090909090906,0.18181818165289254
4080.png,মাথায় মাফলার দিয়ে মাথায় ঘোমটা দেওয়া,0.16666666638888888,0.0999999999,0.12499999515625017,0.12499999515625017,0.0,0.12499999515625017,0,0,0.2777777777777778,0.07142857137755101
4950.png,কুয়াশার সময় একজন লোক একটা গাছের উপর দিয়ে একটি ছেলে নদীতে দুইটা বাচ্চা ছেলে গাছের উপর দিয়ে একটি ছেলে নদীতে দুইটা বাচ্চা ছেলে গাছের উপর দিয়ে একটি ছেলে নদীতে দুইটা বাচ্চা ছেলে গাছের উপর দিয়ে একটি ছেলে নদীতে দুইটা বাচ্চা,0.02499999999375,0.249999999375,0.04545454378099179,0.04545454378099179,0.0,0.04545454378099179,0,0,0.11409395973154357,0.0624999999609375
1319.png,একজন নারী ও একজন নারী ও একজন নারী ও একজন নারী ও একজন নারী ও একজন নারী ও একজন নারী ও একজন নারী ও একজন নারী ও একজন নারী ও একজন নারী ও একজন নারী ও একজন নারী ও একজন,0.07499999998125,0.37499999953124996,0.12499999717013895,0.12499999717013895,0.043478258270321514,0.12499999717013895,0,0,0.25373134328358204,0.37499999953124996
2230.png,একটি শিশু আছে।,0.3333333322222222,0.12499999984374999,0.18181817752066123,0.18181817752066123,0.0,0.18181817752066123,0,0,0.2666666666666667,0.0999999999
4571.png,একটি পুকুর ও একটি পুকুর ও আলো ছায়ার মাঝে কিছু মানুষ বসে আছে আর তার নিচে ২ টি <unk>,0.0,0.0,0.0,0.0,0.0,0.0,0,0,0.15254237288135597,0.0
2546.png,এক লোক পানির ছিটা তৈরি উপর দিয়ে পানি ছিটানো হচ্ছে।,0.0,0.0,0.0,0.0,0.0,0.0,0,0,0.36363636363636365,0.0
1296412797_85b6d2f8d6.jpg,এক লোক বাতাসে হাত পা শুন্যে থাকা একটি <unk>,0.3333333329629629,0.3333333329629629,0.333333327962963,0.333333327962963,0.0,0.1904761853968255,0,0,0.368421052631579,0.19999999986666667
3341077091_7ca0833373.jpg,এক ব্যাক্তি স্কেটবোর্ড কৌশল দেখাচ্ছে,0.3999999992,0.33333333277777777,0.36363635801652905,0.36363635801652905,0.2222222167901236,0.36363635801652905,0,0,0.6,0.2222222219753086
8695.png,একজন নারী দাড়িয়ে আছে একজন মহিলা বসে আছে একটি মাঠে বসে আছে একটি মাঠে বসে আছে একটি মাঠে বসে আছে একটি মাঠে বসে আছে একটি মাঠে বসে আছে একটি মাঠে বসে আছে একটি মাঠে বসে আছে একটি মাঠে বসে আছে,0.02499999999375,0.16666666638888888,0.04347825858223074,0.04347825858223074,0.0,0.04347825858223074,0,0,0.1428571428571429,0.08333333326388888
1287704027.jpg,একটি <unk> দোকানে একটি টিভি মনিটর দেখছে,0.2857142853061225,0.1111111110493827,0.1599999958400001,0.1599999958400001,0.0,0.1599999958400001,0,0,0.3157894736842105,0.04761904759637188
4135.png,অনেকগুলো মানুষ আছে।,0.9999999966666667,0.49999999916666665,0.6666666607407408,0.6666666607407408,0.28571428081632655,0.6666666607407408,0,0,0.5,0.49999999916666665
3085357792_efcf297c71.jpg,রাস্তার দুইপাশে গাছপালার মাঝখান দিয়ে একটি কুকুর,0.14285714265306124,0.0999999999,0.11764705384083066,0.11764705384083066,0.0,0.11764705384083066,0,0,0.25806451612903225,0.0624999999609375
2661138991_d55aa0e5dc.jpg,একজন লোক একটি বাদামী সোফায় বিশ্রাম নিচ্ছে।,0.4285714279591837,0.49999999916666665,0.4615384558579882,0.4615384558579882,0.0,0.4615384558579882,0,0,0.7241379310344828,0.29999999969999996
3574627719_790325430e.jpg,একজন লোক গিটার <unk> মুখে হাসি মুখে রঙ মেখে আছে।,0.1999999998,0.33333333277777777,0.24999999500000003,0.24999999500000003,0.14285713806122466,0.24999999500000003,0,0,0.4545454545454546,0.15384615372781063
1810651611_35aae644fb.jpg,একটি ছোট বাচ্চা খেলছে,0.249999999375,0.14285714265306124,0.1818181768595043,0.1818181768595043,0.0,0.1818181768595043,0,0,0.4285714285714286,0.0999999999
3208571574_6dc1a461c5.jpg,দুজন লোক,0.4999999975,0.14285714265306124,0.22222221827160496,0.22222221827160496,0.0,0.22222221827160496,0,0,0.33333333333333337,0.12499999984374999
IMG_2909.JPG,লোক টি বসে আছে,0.9999999975,0.9999999975,0.9999999925,0.9999999925,0.9999999916666666,0.9999999925,1,1,1.0,0.9999999975
3550276904_19de3561c5.jpg,একজন বৃদ্ধ মহিলা একটি শিশুকে একসাথে বসে আছেন,0.6249999992187499,0.41666666631944443,0.4999999947,0.4999999947,0.33333332820987654,0.4999999947,0,0,0.5777777777777777,0.3333333331111111
177.png,একটা মহিলা বসে আছে,0.0,0.0,0.0,0.0,0.0,0.0,0,0,0.31999999999999995,0.0
6027.png,একটা লোক দাড়িয়ে আছে যার পিছনে কালো রঙের শার্ট পরে আছে।,0.18181818165289254,0.18181818165289254,0.18181817665289268,0.18181817665289268,0.0,0.18181817665289268,0,0,0.36585365853658536,0.09999999995
3523471597_87e0bf3b21.jpg,একটি ব্যস্ত রাস্তায় একটি ভবনের সামনে দাঁড়িয়ে আছে,0.49999999937499995,0.28571428551020406,0.36363635867768596,0.36363635867768596,0.0999999953500002,0.2727272678512397,0,0,0.3939393939393939,0.1764705881314879
check-62a87bb8527e1_600.webp,একটি শিশু দাড়িয়ে আছে।,0.249999999375,0.1999999996,0.2222222167901236,0.2222222167901236,0.0,0.2222222167901236,0,0,0.31818181818181823,0.12499999984374999
5993.png,চারজন পুরুষ আছে।,0.3333333322222222,0.249999999375,0.28571428000000004,0.28571428000000004,0.0,0.28571428000000004,0,0,0.6,0.16666666638888888
466956209_2ffcea3941.jpg,একজন লোক একটি উঁচু জায়গায় ঝুলছে,0.49999999916666665,0.3333333329629629,0.3999999946666667,0.3999999946666667,0.15384614887573977,0.3999999946666667,0,0,0.4545454545454546,0.24999999979166665
1244140539.jpg,একটি ছোট বাদামি সাদা কুকুর শুয়ে আছে,0.571428570612245,0.571428570612245,0.5714285656122451,0.5714285656122451,0.16666666138888903,0.4444444391975309,0,0,0.6666666666666667,0.3999999996
3597.png,একজন পুরুষ কাজ করছে।,0.9999999975,0.9999999975,0.9999999925,0.9999999925,0.9999999916666666,0.9999999925,1,1,1.0,0.9999999975
2363540508_9dd1ccf7c7.jpg,একটি শিশু আছে।,0.3333333322222222,0.16666666638888888,0.2222222172839507,0.2222222172839507,0.0,0.2222222172839507,0,0,0.2272727272727273,0.14285714265306124
149.png,বৃষ্টির মাঝে একজন পুরুষ বসে আছে।,0.16666666638888888,0.14285714265306124,0.15384614863905344,0.15384614863905344,0.0,0.15384614863905344,0,0,0.2857142857142857,0.08333333326388888
428796930_476a3d6395.jpg,একটি কালো কুকুর একটি কালো রঙের বল নিয়ে খেলছে,0.6666666659259258,0.7499999990624999,0.7058823471280277,0.7058823471280277,0.5333333276444445,0.7058823471280277,0,0,0.7419354838709677,0.5555555549382716
8279.png,একজন পুরুষ মাথায় গোল টুপি পরে দাড়িয়ে চেয়ে আছেন।,0.2222222219753086,0.49999999875,0.3076923029585799,0.3076923029585799,0.0,0.3076923029585799,0,0,0.375,0.18181818165289254
6841.png,একজন ছোট ছেলে হাতে একটি চেয়ার এর ভিতর দিয়ে একজন ছোট ছেলে হাতে একটি চেয়ার এর ভিতর দিয়ে একজন ছোট ছেলে হাতে একটি চেয়ার এর ভিতর দিয়ে একজন ছোট ছেলে হাতে একটি চেয়ার এর ভিতর দিয়ে একজন ছোট ছেলে হাতে,0.0499999999875,0.1999999998,0.07999999676800014,0.07999999676800014,0.0,0.07999999676800014,0,0,0.19148936170212771,0.11764705875432525
118647903.jpg,ছেলেরা ফুটবল খেলছে,0.3333333322222222,0.12499999984374999,0.18181817752066123,0.18181817752066123,0.0,0.18181817752066123,0,0,0.25806451612903225,0.0999999999
413.png,অনেকগুলো মানুষ ও সবজির মুরগির দোকানে বসে থেকে রান্না করছে।,0.3999999996,0.571428570612245,0.4705882298961938,0.4705882298961938,0.13333332835555572,0.4705882298961938,0,0,0.3846153846153846,0.30769230745562126
6585.png,সূর্যের আলো দেখা যাচ্ছে।,0.249999999375,0.1111111109876543,0.15384614934911253,0.15384614934911253,0.0,0.15384614934911253,0,0,0.2857142857142857,0.08333333326388888
468930779_8008d90e10.jpg,দুটি কুকুর পানিতে সাঁতার কাটছে,0.7999999984,0.4444444439506172,0.5714285660204083,0.5714285660204083,0.33333332833333335,0.5714285660204083,0,0,0.625,0.3999999996
533713007_bf9f3e25b4.jpg,একটি টেবিলে বসে টেবিলে বসে টেবিলে বসে টেবিলে বসে টেবিলে বসে টেবিলে বসে টেবিলে বসে টেবিলে বসে টেবিলে বসে টেবিলে বসে টেবিলে বসে টেবিলে বসে টেবিলে বসে টেবিলে বসে টেবিলে বসে টেবিলে বসে টেবিলে বসে টেবিলে বসে টেবিলে বসে টেবিলে,0.07499999998125,0.24999999979166665,0.11538461178994093,0.11538461178994093,0.04166666360243077,0.11538461178994093,0,0,0.17142857142857137,0.33333333277777777
2354540393_a149722680.jpg,ফুলেল শার্ট পরা মেয়েটি একটি সাদা রঙের শার্ট এবং একটি ছোট্ট ছেলে।,0.08333333326388888,0.1999999996,0.11764705453287211,0.11764705453287211,0.0,0.11764705453287211,0,0,0.2790697674418605,0.07142857137755101
2699.png,শাড়ি পরা একটা লোক মাইক নিয়ে দাঁড়িয়ে আছে,0.12499999984374999,0.0624999999609375,0.08333332881944468,0.08333332881944468,0.0,0.08333332881944468,0,0,0.34615384615384615,0.045454545433884296
454.png,রঙিন কাপড় পরে একটি শিশু দাড়িয়ে আছে।,0.2857142853061225,0.11764705875432525,0.16666666239583344,0.16666666239583344,0.0,0.16666666239583344,0,0,0.375,0.09523809519274376
344863961_189328100645338_2244274616637855776_n.jpg,তার পরনে সাদা শার্ট ও সূর্য উপরে দাঁড়িয়ে আছে,0.5555555549382716,0.49999999949999996,0.5263157839335181,0.5263157839335181,0.4705882297577854,0.5263157839335181,0,0,0.6060606060606061,0.3571428568877551
4346.png,একজন লোক হাতে নিয়ে রাস্তা দিয়ে হেঁটে যাচ্ছে,0.24999999968749997,0.2857142853061225,0.2666666613333334,0.2666666613333334,0.0,0.2666666613333334,0,0,0.5185185185185186,0.15384615372781063
2148991939_3b9fd6c439.jpg,একটি কালো কুকুর পানি থেকে উঠে,0.49999999916666665,0.49999999916666665,0.4999999941666667,0.4999999941666667,0.39999999420000004,0.4999999941666667,0,0,0.6842105263157895,0.3333333329629629
455.png,একটি লাল রঙের উইগ পরা একজন ছোট মেয়ে লাল গোলাপ মুখের সামনে তিনটা ছবি আঁকা চেয়ে আছে যার মুখ ভাসিয়ে চেয়ে আছে যার মুখ ভাসিয়ে চেয়ে আছে যার মুখ ভাসিয়ে চেয়ে আছে যার মুখ ভাসিয়ে চেয়ে আছে যার মুখ ভাসিয়ে,0.0499999999875,0.2857142853061225,0.08510638040742426,0.08510638040742426,0.0,0.08510638040742426,0,0,0.13533834586466165,0.0833333332986111
781387473_208ba152b3.jpg,এক মহিলা একটি দোকানের সামনে,0.1999999996,0.09090909082644627,0.12499999554687513,0.12499999554687513,0.0,0.12499999554687513,0,0,0.31818181818181823,0.07142857137755101
3331797838_b3e33dbe17.jpg,এক লোক সাইকেলে চড়ে ঢালু কাঠামো থেকে নামছে,0.12499999984374999,0.1999999996,0.15384614887573977,0.15384614887573977,0.0,0.15384614887573977,0,0,0.37037037037037035,0.08333333326388888
2811.png,একটি শিশু আছে।,0.9999999966666667,0.49999999916666665,0.6666666607407408,0.6666666607407408,0.28571428081632655,0.6666666607407408,0,0,0.4285714285714286,0.49999999916666665
8159.png,সমুদ্রের পারে একজন মানুষ আছে।,0.5999999988,0.4285714279591837,0.4999999943055557,0.4999999943055557,0.1999999948000001,0.4999999943055557,0,0,0.7037037037037037,0.3333333329629629
278.png,একজন বয়স্ক নারী তাকিয়ে আছে।,0.1999999996,0.16666666638888888,0.1818181765289258,0.1818181765289258,0.0,0.1818181765289258,0,0,0.31999999999999995,0.0999999999
2861100960_457ceda7fa.jpg,টুপি ও মাথায় একটি ফলের হাসিতে যাচ্ছে,0.14285714265306124,0.1999999996,0.16666666152777793,0.16666666152777793,0.0,0.16666666152777793,0,0,0.375,0.09090909082644627
8659.png,একজন পুরুষ মাথায় বোঝা নিয়ে আছে।,0.16666666638888888,0.249999999375,0.1999999948000001,0.1999999948000001,0.0,0.1999999948000001,0,0,0.30000000000000004,0.1111111109876543
3224560800_8fefd52510.jpg,একটি <unk> আলোয় আলোকিত <unk> বিচারকের মতো পোশাক পরে আগুনের লাঠি হাতে নিয়ে ভেলকি <unk>,0.13333333324444444,0.33333333277777777,0.19047618621315202,0.19047618621315202,0.09999999570000016,0.19047618621315202,0,0,0.3448275862068966,0.11764705875432525
336460583_6c8ccb7188.jpg,একটি কুকুর ঘাসের উপর দৌড়াচ্ছে,0.7999999984,0.7999999984,0.7999999934,0.7999999934,0.7499999931250001,0.7999999934,0,1,1.0,0.6666666655555555
5447.png,একটি সাদা রঙের হাতির উপরে ধরে আছে এবং একজন পুরুষ মানুষ।,0.09090909082644627,0.16666666638888888,0.11764705411764723,0.11764705411764723,0.0,0.11764705411764723,0,0,0.30000000000000004,0.0624999999609375
inbound413747284593859205.jpg,একটি কালো রঙের পাখি আছে।,0.1999999996,0.16666666638888888,0.1818181765289258,0.1818181765289258,0.0,0.1818181765289258,0,0,0.31999999999999995,0.0999999999
IMG_0741.JPG,কয়েকজন লোক দাড়িয়ে আছে এলোমেলো দাড়িয়ে আছে এলোমেলো দাড়িয়ে আছে এলোমেলো দাড়িয়ে আছে এলোমেলো দাড়িয়ে আছে এলোমেলো দাড়িয়ে আছে এলোমেলো দাড়িয়ে আছে এলোমেলো দাড়িয়ে আছে এলোমেলো দাড়িয়ে আছে এলোমেলো দাড়িয়ে আছে এলোমেলো দাড়িয়ে আছে এলোমেলো দাড়িয়ে আছে এলোমেলো দাড়িয়ে আছে,0.0499999999875,0.49999999875,0.09090908921487605,0.09090908921487605,0.0,0.09090908921487605,0,0,0.0691823899371069,0.2857142853061225
2080.png,কয়েকজন পুরুষ বসে আছে।,0.249999999375,0.16666666638888888,0.1999999948000001,0.1999999948000001,0.0,0.1999999948000001,0,0,0.4545454545454546,0.1111111109876543
5160.png,একটি পুরাতন <unk>,0.0,0.0,0.0,0.0,0.0,0.0,0,0,0.21052631578947367,0.0
2700147489_f1664f2b61.jpg,এক লোক তার পা উপরে দাঁড়িয়ে আছে,0.14285714265306124,0.16666666638888888,0.15384614863905344,0.15384614863905344,0.0,0.15384614863905344,0,0,0.4137931034482759,0.08333333326388888
2670637584_d96efb8afa.jpg,এক ব্যক্তি একটি গাছের নিচে ঘাসের উপর দাঁড়িয়ে আছে,0.1111111109876543,0.12499999984374999,0.11764705370242234,0.11764705370242234,0.0,0.11764705370242234,0,0,0.3589743589743589,0.06666666662222222
7665.png,একজন রোলার <unk> একটি <unk> <unk> ভিতর থেকে টাকা ধরে আছে,0.0,0.0,0.0,0.0,0.0,0.0,0,0,0.25,0.0
3726120436_740bda8416.jpg,একজন লোক একটি পুরানো গাড়ি থেকে নেমে আসছে,0.37499999953124996,0.23076923059171597,0.2857142807256236,0.2857142807256236,0.12499999492187522,0.2857142807256236,0,0,0.41666666666666663,0.1764705881314879
3108.png,একজন পুরুষ পাশাপাশি দাঁড়িয়ে আছে,0.3999999992,0.49999999875,0.4444444385185186,0.4444444385185186,0.28571428000000004,0.4444444385185186,0,0,0.7,0.2857142853061225
5307.png,রাস্তা দিয়ে একটা রাস্তা দিয়ে হেটে যাচ্ছে যার পিছনে কিছু মানুষ যার হাতে কিছু নিয়ে যাচ্ছে।,0.1874999998828125,0.4285714279591837,0.2608695607561437,0.2608695607561437,0.19047618621315202,0.2608695607561437,0,0,0.2592592592592593,0.1874999998828125
1181.png,গোলাপী পোশাকে একটি শিশু হাত উঁচু করে আনন্দ প্রকাশ করছে।,0.0999999999,0.1111111109876543,0.10526315279778417,0.10526315279778417,0.0,0.10526315279778417,0,0,0.29729729729729726,0.05555555552469135
5839.png,সমুদ্রের পারে কয়েকজন মানুষ ।,0.5999999988,0.3333333329629629,0.42857142336734694,0.42857142336734694,0.16666666194444454,0.42857142336734694,0,0,0.43243243243243246,0.2727272724793388
3640443200_b8066f37f6.jpg,বিয়ের অনুষ্ঠানে লাল পোশাকে মিশে লাল এবং লাল রঙের সুসজ্জিত একজন লাল ফুলের তোরা অনুশীলন করছে,0.124999999921875,0.13333333324444444,0.1290322529864726,0.1290322529864726,0.0,0.07999999532800026,0,0,0.2698412698412699,0.079999999968
8913.png,একজন পুরুষ মানুষ আছে।,0.49999999875,0.2222222219753086,0.3076923029585799,0.3076923029585799,0.18181817752066123,0.3076923029585799,0,0,0.375,0.1999999998
875.png,একটি শিশু দাড়িয়ে আছে।,0.49999999875,0.33333333277777777,0.3999999944,0.3999999944,0.24999999468750006,0.3999999944,0,0,0.4285714285714286,0.24999999968749997
4101.png,একজন পুরুষ একজন শাড়ি পরা মহিলা বসে আছে আর একজন পুরুষ ১ জন মহিলা ১ জন মহিলা ১ জন মহিলা ১ জন মহিলা ১ জন মহিলা ১ জন মহিলা ১ জন মহিলা ১ জন মহিলা ১ জন মহিলা ১ জন,0.07499999998125,0.4285714279591837,0.12765957187867819,0.12765957187867819,0.0,0.12765957187867819,0,0,0.1417322834645669,0.14285714275510203
3349309109_4024a09a17.jpg,দুইজন বালিকা একটি উটের উপর বসে আছে,0.2857142853061225,0.3999999992,0.33333332791666676,0.33333332791666676,0.1999999948000001,0.33333332791666676,0,0,0.5,0.2222222219753086
8967.png,একজন পুরুষ মাথার উপর ছাতা নিয়ে হেঁটে যাচ্ছে।,0.12499999984374999,0.14285714265306124,0.13333332817777796,0.13333332817777796,0.0,0.13333332817777796,0,0,0.3448275862068966,0.07692307686390532
597.png,একজন পুরুষ বসে আছে।,0.49999999875,0.3999999992,0.4444444385185186,0.4444444385185186,0.0,0.4444444385185186,0,0,0.5294117647058824,0.2857142853061225
496555371_3e1ee0d97d.jpg,দুটি কুকুর একসাথে বালিতে চলছে,0.5999999988,0.2727272724793388,0.374999995234375,0.374999995234375,0.0,0.374999995234375,0,0,0.3846153846153846,0.2727272724793388
4591.png,একটি নকশা <unk> <unk> একটি <unk> <unk> <unk> <unk> <unk> <unk> <unk> <unk> <unk> <unk> <unk> <unk> <unk> <unk> <unk> <unk> <unk> <unk> <unk> <unk> <unk> <unk> <unk> <unk> <unk> <unk> <unk> <unk> <unk> <unk> <unk> <unk> <unk> <unk> <unk>,0.02499999999375,0.3333333322222222,0.04651162658734455,0.04651162658734455,0.0,0.04651162658734455,0,0,0.10062893081761004,0.1999999996
1715.png,একজন পুরুষ আছে।,0.3333333322222222,0.249999999375,0.28571428000000004,0.28571428000000004,0.0,0.28571428000000004,0,0,0.5714285714285714,0.16666666638888888
3030294889_78b2ccbe51.jpg,একটি সুইমিং স্যুট পরা ওয়াটার পার্কে সার্ফবোর্ডে চড়ে শূন্যে লাফ দিচ্ছে,0.18181818165289254,0.3999999992,0.249999995390625,0.249999995390625,0.14285713857142868,0.249999995390625,0,0,0.31818181818181823,0.14285714275510203
1517807181_ca6588f2a0.jpg,একজন বাচ্চা ছেলে হেটে যাচ্ছে এবং একজন ছোট ছেলে মাঠে বসে আছে,0.08333333326388888,0.249999999375,0.1249999960937501,0.1249999960937501,0.0,0.1249999960937501,0,0,0.31707317073170727,0.07692307686390532
9035.png,আগুন জ্বলছে। কয়েকজন মানুষ দাড়িয়ে আছে।,0.49999999916666665,0.9999999966666667,0.6666666607407408,0.6666666607407408,0.28571428081632655,0.6666666607407408,0,0,0.48,0.49999999916666665
8119.png,একটি দালান সহ একটি ভবনের সামনে একজন লোক ছাতা ও একটি ভবনের সামনে দিয়ে একটি মোটর সাইকেল চালক তার পিছনে কিছু মানুষ দেখা যাচ্ছে।,0.1666666665972222,0.2222222220987654,0.19047618548752845,0.19047618548752845,0.04999999508750048,0.14285713789115664,0,0,0.3111111111111111,0.12121212117539026
2715337869_e4fe36db50.jpg,একটি মেয়ে হ্রদে একে অপরকে লাথি মারছে।,0.2857142853061225,0.33333333277777777,0.3076923022485208,0.3076923022485208,0.1818181765289258,0.3076923022485208,0,0,0.48,0.18181818165289254
3231237864_8cb1c6d863.jpg,একজন লোক হাতে একজন ছোট ছেলে পিছনে ২ জন গোল থেকে নিচে বসে আছে।,0.14285714275510203,0.1999999998,0.1666666616666668,0.1666666616666668,0.09090908599173579,0.1666666616666668,0,0,0.37777777777777777,0.09523809519274376
3757.png,একদল লোক ঘাসের মধ্যে বসে আছেন।,0.16666666638888888,0.0999999999,0.12499999515625017,0.12499999515625017,0.0,0.12499999515625017,0,0,0.2978723404255319,0.06666666662222222
3513.png,কয়েকটি পাখি দেখা যাচ্ছে।,0.49999999875,0.49999999875,0.4999999937500001,0.4999999937500001,0.33333332722222225,0.4999999937500001,0,0,0.4,0.33333333277777777
1408.png,একটি শিশু আছে।,0.3333333322222222,0.1999999996,0.24999999468750006,0.24999999468750006,0.0,0.24999999468750006,0,0,0.42105263157894735,0.14285714265306124
2124040721_bffc0a091a.jpg,টুপি পরা একজন লোক একটি <unk> <unk> <unk> <unk> <unk> <unk> <unk> <unk> <unk> <unk> <unk> <unk> <unk> <unk> <unk> <unk> <unk> <unk> <unk> <unk> <unk> <unk> <unk> <unk> <unk> <unk> <unk> <unk> <unk> <unk> <unk> <unk> <unk> <unk> <unk>,0.0499999999875,0.2857142853061225,0.08510638040742426,0.08510638040742426,0.0,0.08163265002915464,0,0,0.07643312101910826,0.18181818165289254
2255.png,শাড়ি পরিহিত দুইজন নারী তাকিয়ে আছে।,0.16666666638888888,0.12499999984374999,0.1428571377551022,0.1428571377551022,0.0,0.1428571377551022,0,0,0.30000000000000004,0.07692307686390532
2041867793_552819a40b.jpg,একটি স্বর্ণকেশী মহিলা একটি টেবিলে বসে আছেন।,0.571428570612245,0.28571428551020406,0.3809523761451248,0.3809523761451248,0.10526315346260404,0.28571428099773244,0,0,0.3793103448275862,0.19999999986666667
444057017_f1e0fcaef7.jpg,একটি মেয়ে তার দড়ি বাধা দড়ি ধরে ঝুলে আছে,0.2222222219753086,0.49999999875,0.3076923029585799,0.3076923029585799,0.0,0.3076923029585799,0,0,0.33333333333333337,0.18181818165289254
5728.png,একটি রেললাইন একটি ব্রীজ দেখা যাচ্ছে ও কয়েকজন মানুষ আছে।,0.29999999969999996,0.5999999988,0.39999999502222217,0.39999999502222217,0.3076923029585799,0.39999999502222217,0,0,0.4358974358974359,0.2727272724793388
444481722_690d0cadcf.jpg,এক মহিলা এক মহিলা একটি মহিলা একটি মহিলা একটি মহিলা একটি মহিলা একটি মহিলা একটি মহিলা একটি মহিলা একটি মহিলা একটি মহিলা একটি মহিলা একটি মহিলা একটি মহিলা একটি মহিলা একটি মহিলা একটি মহিলা একটি মহিলা একটি মহিলা একটি মহিলা,0.099999999975,0.3333333330555555,0.15384615023668646,0.15384615023668646,0.07999999653600014,0.15384615023668646,0,0,0.17834394904458595,0.18181818165289254
697.png,একজন পুরুষ ও একজন নারী ও দুইটি শিশু আছে।,0.2222222219753086,0.24999999968749997,0.23529411238754333,0.23529411238754333,0.13333332817777796,0.23529411238754333,0,0,0.43333333333333335,0.15384615372781063
inbound362938418199018836.jpg,কয়েকটি পাখি আছে।,0.6666666644444444,0.2857142853061225,0.39999999500000005,0.39999999500000005,0.0,0.39999999500000005,0,0,0.23076923076923073,0.24999999968749997
299178969_5ca1de8e40.jpg,একটি ছেলে হাসছে,0.9999999966666667,0.37499999953124996,0.5454545404958677,0.5454545404958677,0.0,0.5454545404958677,0,0,0.3571428571428571,0.37499999953124996
8190.png,একজন পুরুষ বসে আছে।,0.7499999981250001,0.3333333329629629,0.4615384565680474,0.4615384565680474,0.0,0.3076923029585799,0,0,0.3125,0.29999999969999996
2286.png,অনেকগুলো শিশু একটি মেশিন দিয়ে কাজ করছে।,0.14285714265306124,0.16666666638888888,0.15384614863905344,0.15384614863905344,0.0,0.15384614863905344,0,0,0.34615384615384615,0.08333333326388888
1173.png,একজন নারী আছে। পিছনে কয়েকজন মানুষ আছে।,0.4285714279591837,0.49999999916666665,0.4615384558579882,0.4615384558579882,0.1818181765289258,0.4615384558579882,0,0,0.5185185185185186,0.3333333329629629
5992.png,একটি ছেলে একটি থলে দিয়ে দাঁড়িয়ে আছে,0.14285714265306124,0.14285714265306124,0.14285713765306143,0.14285713765306143,0.0,0.14285713765306143,0,0,0.5416666666666667,0.08333333326388888
2790.png,একটি ঝুলন্ত একটি ছেলে দাড়িয়ে আছে।,0.33333333277777777,0.1999999998,0.24999999500000003,0.24999999500000003,0.0,0.12499999515625017,0,0,0.31818181818181823,0.15384615372781063
8916.png,পানিতে একটি নৌকা ও কয়েকজন মানুষ আছে।,0.4285714279591837,0.7499999981250001,0.5454545398347109,0.5454545398347109,0.2222222172839507,0.5454545398347109,0,0,0.6,0.37499999953124996
5433.png,বট গাছ ও সূর্য অস্ত যাচ্ছে ও সূর্য আছে।,0.4444444439506172,0.6666666655555555,0.5333333278222222,0.5333333278222222,0.3076923024852071,0.5333333278222222,0,0,0.4285714285714286,0.4444444439506172
547.png,একজন পুরুষ একজন ছোট ছেলে নৌকায় একজন মহিলা ১ জন ছোট ছেলে নৌকায় একজন মহিলা ১ জন ছোট ছেলে নৌকায় একজন মহিলা ১ জন ছোট ছেলে নৌকায় একজন মহিলা ১ জন ছোট ছেলে নৌকায় একজন মহিলা ১ জন ছোট ছেলে,0.0499999999875,0.1999999998,0.07999999676800014,0.07999999676800014,0.04166666360243077,0.07999999676800014,0,0,0.18705035971223016,0.124999999921875
274.png,একজন পুরুষ বসে আছে।,0.7499999981250001,0.24999999979166665,0.37499999578125004,0.37499999578125004,0.14285713928571436,0.37499999578125004,0,0,0.2727272727272727,0.23076923059171597
3388094307_5a83be64a5.jpg,একজন তরুণী টেনিস খেলছে,0.49999999875,0.2857142853061225,0.36363635834710756,0.36363635834710756,0.0,0.36363635834710756,0,0,0.4814814814814815,0.2222222219753086
4992.png,একজন পুরুষ ও একটি মসজিদ।,0.1999999996,0.14285714265306124,0.16666666152777793,0.16666666152777793,0.0,0.16666666152777793,0,0,0.24,0.09090909082644627
3857.png,একটি দম্পতি একটি দোকানের সামনে দাঁড়িয়ে আছে,0.14285714265306124,0.09090909082644627,0.11111110623456812,0.11111110623456812,0.0,0.11111110623456812,0,0,0.32692307692307687,0.0624999999609375
1697.png,কিছু মানুষ আছে।,0.3333333322222222,0.08333333326388888,0.1333333299555556,0.1333333299555556,0.0,0.1333333299555556,0,0,0.19999999999999996,0.08333333326388888
630476551_2ee7399f77.jpg,একটি ছোট ছেলে পানিতে ভিজে গেলো,0.33333333277777777,0.1999999998,0.24999999500000003,0.24999999500000003,0.14285713806122466,0.24999999500000003,0,0,0.43999999999999995,0.14285714275510203
141755290_4b954529f3.jpg,এক ব্যক্তি একটি লাল এবং লাল এবং লাল এবং লাল এবং লাল এবং লাল এবং লাল এবং লাল এবং লাল এবং লাল এবং লাল এবং লাল এবং লাল এবং লাল এবং লাল এবং লাল এবং লাল এবং লাল এবং লাল,0.0499999999875,0.13333333324444444,0.0727272687338845,0.0727272687338845,0.037735845154859775,0.0727272687338845,0,0,0.180327868852459,0.1111111110493827
2922807898_b5a06d5c70.jpg,একটি সাদা কুকুর দৌড়াচ্ছে,0.7499999981250001,0.24999999979166665,0.37499999578125004,0.37499999578125004,0.14285713928571436,0.37499999578125004,0,0,0.42307692307692313,0.24999999979166665
8805.png,একজন পুরুষ একটি ফাঁকা জায়গায় দাড়িয়ে আছে রাস্তা পার হচ্ছে,0.0999999999,0.14285714265306124,0.11764705384083066,0.11764705384083066,0.0,0.11764705384083066,0,0,0.35,0.0624999999609375
343487759_287037936983498_8779235962694618402_n.jpg,তার পরনে একটি ক্যামেরা দিয়ে মাথা ঢেকে আছে,0.24999999968749997,0.33333333277777777,0.2857142804081633,0.2857142804081633,0.16666666152777793,0.2857142804081633,0,0,0.40740740740740744,0.16666666652777776
4598.png,একজন পুরুষ হাতে পায়ে দাঁড়িয়ে আছে।,0.49999999916666665,0.7499999981250001,0.5999999940000001,0.5999999940000001,0.24999999468750006,0.5999999940000001,0,0,0.7142857142857143,0.4285714279591837
7519.png,একজন পুরুষ আছে।,0.9999999966666667,0.4285714279591837,0.5999999946000001,0.5999999946000001,0.24999999562500003,0.5999999946000001,0,0,0.43999999999999995,0.4285714279591837
5048.png,একটি শিশু আছে।,0.3333333322222222,0.3333333322222222,0.33333332722222225,0.33333332722222225,0.0,0.33333332722222225,0,0,0.2727272727272727,0.1999999996
3706.png,একজন বৃদ্ধ পুরুষ মাথায় টুপি শার্ট পরে চেয়ে আছেন।,0.5555555549382716,0.5555555549382716,0.5555555499382716,0.5555555499382716,0.12499999484375018,0.4444444389506173,0,0,0.48484848484848486,0.3846153843195266
7297.png,পানিতে ডুবে আছে পাড়ে কিছু নৌকা আছে।,0.4285714279591837,0.16666666657407406,0.23999999577600004,0.23999999577600004,0.0,0.1999999954000001,0,0,0.23809523809523814,0.13636363630165288
2068960566_21e85ae0dc.jpg,একটি ছোট মেয়ে পার্কে বাতাসে উঠে যায়।,0.0,0.0,0.0,0.0,0.0,0.0,0,0,0.28,0.0
4547.png,একটি শিশু আছে।,0.6666666644444444,0.33333333277777777,0.44444443901234576,0.44444443901234576,0.0,0.44444443901234576,0,0,0.38095238095238093,0.2857142853061225
1204996216_71d7519d9a.jpg,একটি ছেলে পিকনিক টেবিলের বেঞ্চে শুয়ে আছে।,0.8571428559183674,0.7499999990624999,0.7999999939555555,0.7999999939555555,0.4615384558579882,0.7999999939555555,0,0,0.8571428571428572,0.6666666659259258
116457850.jpg,শিশুরা খেলা করছে,0.3333333322222222,0.08333333326388888,0.1333333299555556,0.1333333299555556,0.0,0.1333333299555556,0,0,0.16666666666666663,0.07142857137755101
1777.png,জলাশয়ে অনেকগুলো মানুষ আছে।,0.7499999981250001,0.29999999969999996,0.42857142387755104,0.42857142387755104,0.16666666263888896,0.42857142387755104,0,0,0.31707317073170727,0.2727272724793388
2464259416_238ef13a2e.jpg,একটি কালো কুকুর এবং একটি কালো কুকুর এবং একটি কালো কুকুর এবং একটি কালো কুকুর এবং একটি কালো কুকুর এবং একটি কালো কুকুর এবং একটি কালো কুকুর এবং একটি কালো কুকুর এবং একটি কালো কুকুর এবং একটি কালো কুকুর এবং,0.0499999999875,0.2857142853061225,0.08510638040742426,0.08510638040742426,0.0,0.08510638040742426,0,0,0.14388489208633093,0.2222222219753086
481887827_f8975dabf1.jpg,একটি বহিরঙ্গন পরিবেশে কিছু এলোমেলো বসে আছে।,0.2857142853061225,0.24999999968749997,0.2666666613333334,0.2666666613333334,0.0,0.2666666613333334,0,0,0.3448275862068966,0.15384615372781063
468911753_cc595f5da0.jpg,একটি কুকুর ঘাসের মধ্যে দিয়ে বাতাস দিয়ে দৌড়াচ্ছে,0.37499999953124996,0.4285714279591837,0.3999999944888889,0.3999999944888889,0.16666666152777793,0.3999999944888889,0,0,0.5666666666666667,0.24999999984375
314603661_51e05e0e24.jpg,একটি কুকুর একটি <unk> সামনে দাঁড়িয়ে আছে,0.571428570612245,0.4444444439506172,0.49999999445312515,0.49999999445312515,0.1428571377551022,0.49999999445312515,0,0,0.47058823529411764,0.2727272724793388
2025.png,একজন পুরুষ একটি শিশু কোলে নিয়ে দৌড়াচ্ছে।,0.14285714265306124,0.1111111109876543,0.12499999492187522,0.12499999492187522,0.0,0.12499999492187522,0,0,0.33333333333333337,0.06666666662222222
4481.png,কয়েকজন মানুষ বসে আছে।,0.49999999875,0.33333333277777777,0.3999999944,0.3999999944,0.24999999468750006,0.3999999944,0,0,0.4285714285714286,0.24999999968749997
3191805046_77c334b506.jpg,একজন লোক স্কেটিং করছে,0.7499999981250001,0.5999999988,0.6666666602469137,0.6666666602469137,0.44444443901234576,0.6666666602469137,0,0,0.65,0.49999999916666665
4205.png,একটি শিশু তাকিয়ে আছে।,0.9999999975,0.6666666655555555,0.7999999936,0.7999999936,0.7499999934375,0.7999999936,0,0,0.6842105263157895,0.6666666655555555
3368819708_0bfa0808f8.jpg,একজন নারী শুয়ে আছে।,0.249999999375,0.249999999375,0.2499999943750001,0.2499999943750001,0.0,0.2499999943750001,0,0,0.5555555555555556,0.14285714265306124
3637013_c675de7705.jpg,লেকের পারে তিনটি শিশু হেঁটে যাচ্ছে।,0.0,0.0,0.0,0.0,0.0,0.0,0,0,0.3448275862068966,0.0
2102315758_a9148a842f.jpg,সৈকতে দুই বাচ্চা বালিতে খেলছে,0.3999999992,0.2222222219753086,0.2857142807142858,0.2857142807142858,0.0,0.2222222167901236,0,0,0.38888888888888884,0.16666666652777776
2793.png,তিনজন মানুষ ভ্যান চালিয়ে যাচ্ছে।,0.0,0.0,0.0,0.0,0.0,0.0,0,0,0.35,0.0
6078.png,একজন বাচ্চা মেয়ে বাচ্চাকে কুলে নিয়ে চেয়ে আছেন।,0.37499999953124996,0.29999999969999996,0.3333333280246914,0.3333333280246914,0.12499999492187522,0.3333333280246914,0,0,0.5,0.19999999986666667
8383.png,একজন মানুষ আছে।,0.6666666644444444,0.49999999875,0.5714285648979592,0.5714285648979592,0.39999999360000005,0.5714285648979592,0,0,0.6666666666666667,0.3999999992
6335.png,পাড়ে বাধা একটি নৌকা পাড়ের কাছে বসে আছে।,0.24999999968749997,0.3999999992,0.3076923024852071,0.3076923024852071,0.1818181768595043,0.3076923024852071,0,0,0.32352941176470584,0.18181818165289254
1904.png,একটি মহিলা একটি সাদা রঙের,0.1999999996,0.06666666662222222,0.09999999615000013,0.09999999615000013,0.0,0.09999999615000013,0,0,0.31818181818181823,0.05555555552469135
95734036_bef6d1a871.jpg,এক ব্যক্তি পাহাড়ের উপর ফুটপাথ দিয়ে ঘেরা রাস্তায় সাইকেল নিয়ে যাচ্ছে,0.18181818165289254,0.33333333277777777,0.2352941128027682,0.2352941128027682,0.0,0.2352941128027682,0,0,0.34090909090909094,0.13333333324444444
4781.png,কয়েকজন মানুষ আছে।,0.6666666644444444,0.2222222219753086,0.3333333290277778,0.3333333290277778,0.0,0.3333333290277778,0,0,0.3548387096774194,0.1999999998
3136043366_b3f8607a0e.jpg,দুজন মিলে একজন খেলোয়াড় রা ফুটবল নিয়ে খেলোয়াড়কে <unk>,0.2222222219753086,0.14285714275510203,0.17391303856332715,0.17391303856332715,0.0,0.17391303856332715,0,0,0.38888888888888884,0.09523809519274376
7532.png,একটি শিশু <unk>,0.0,0.0,0.0,0.0,0.0,0.0,0,0,0.1470588235294118,0.0
2380765956_6313d8cae3.jpg,একজন পুরুষ দাড়িয়ে আছে।,0.0,0.0,0.0,0.0,0.0,0.0,0,0,0.23684210526315785,0.0
893.png,একটা লোক একটা নেট <unk>,0.0,0.0,0.0,0.0,0.0,0.0,0,0,0.23529411764705888,0.0
4928.png,একটি নদী ও পানি আছে।,0.3999999992,0.16666666652777776,0.23529411321799312,0.23529411321799312,0.0,0.23529411321799312,0,0,0.375,0.16666666652777776
2657484284_daa07a3a1b.jpg,তিনটি লোক বনের মধ্যে দিয়ে একটি নদীতে <unk> একটি বন্য এলাকায় তিনটি লোক।,0.23076923059171597,0.19999999986666667,0.2142857091581634,0.2142857091581634,0.11764705453287211,0.2142857091581634,0,0,0.3207547169811321,0.13333333324444444
3591458156_f1a9a33918.jpg,একটি ঘোড়ায় চড়ে দুজন মহিলা একটি <unk>,0.2857142853061225,0.1999999998,0.23529411252595167,0.23529411252595167,0.0,0.23529411252595167,0,0,0.32352941176470584,0.07142857137755101
3323076458_3ce72a1dae.jpg,একটি কুকুর একটি ময়লার উপর দিয়ে লাফাচ্ছে,0.2857142853061225,0.33333333277777777,0.3076923022485208,0.3076923022485208,0.1818181765289258,0.3076923022485208,0,0,0.5714285714285714,0.1999999998
3570800810_978c993133.jpg,এক মহিলা একটি বেলচা বসে আছে।,0.33333333277777777,0.1999999998,0.24999999500000003,0.24999999500000003,0.0,0.24999999500000003,0,0,0.30952380952380953,0.14285714275510203
132489044_3be606baf7.jpg,একজন লোক তার বাহু খোলার অপেক্ষায় আছে,0.14285714265306124,0.16666666638888888,0.15384614863905344,0.15384614863905344,0.0,0.15384614863905344,0,0,0.42307692307692313,0.08333333326388888
2521213787_ca9b5a1758.jpg,একটি কার আসা একটি লাল রেস গাড়ি চালায়।,0.37499999953124996,0.37499999953124996,0.37499999453125,0.37499999453125,0.0,0.2666666613333334,0,0,0.5714285714285714,0.1764705881314879
1191.png,একজন মেয়ে হাতে চুড়ি খুলে রেখেছে আর মাথায় গোল মগ দিয়ে দাঁড়িয়ে আছে।,0.30769230745562126,0.3636363633057851,0.33333332809027777,0.33333332809027777,0.181818176694215,0.33333332809027777,0,0,0.5813953488372092,0.1999999999
2921578694_a46ae0d313.jpg,সমুদ্রের ঢেউয়ে এক লোক উইন্ডসার্ফিং করছে,0.33333333277777777,0.2222222219753086,0.2666666615111111,0.2666666615111111,0.0,0.2666666615111111,0,0,0.35,0.15384615372781063
7692.png,দূরে একজন মানুষ দেখা যাচ্ছে।,0.5999999988,0.29999999969999996,0.39999999502222217,0.39999999502222217,0.15384614934911253,0.39999999502222217,0,0,0.2702702702702703,0.29999999969999996
7676.png,একটি কুকুর তার <unk>,0.49999999875,0.6666666644444444,0.5714285648979592,0.5714285648979592,0.39999999360000005,0.5714285648979592,0,0,0.5714285714285714,0.3999999992
DSC_1088.JPG,লোক টি দাঁড়িয়ে আছে,0.249999999375,0.249999999375,0.2499999943750001,0.2499999943750001,0.0,0.2499999943750001,0,0,0.6923076923076923,0.14285714265306124
1818403842_553a2a392c.jpg,একটি কালো কুকুর পুকুরে খেলছে,0.7999999984,0.49999999937499995,0.615384609704142,0.615384609704142,0.4444444385185186,0.5454545395041324,0,0,0.631578947368421,0.4444444439506172
3890.png,একজন পুরুষ বসে আছে।,0.9999999975,0.4444444439506172,0.6153846101775148,0.6153846101775148,0.5454545404958677,0.6153846101775148,0,0,0.4117647058823529,0.4444444439506172
3251234434_d01e25a50a.jpg,বরফের মধ্যে এক ব্যক্তি বরফের উপরে উঠে,0.14285714265306124,0.07692307686390532,0.0999999953500002,0.0999999953500002,0.0,0.0999999953500002,0,0,0.30000000000000004,0.05555555552469135
1087168168_70280d024a.jpg,একটি মেয়ে জলের পুকুরে ঝুলছে।,0.1999999996,0.12499999984374999,0.15384614887573977,0.15384614887573977,0.0,0.15384614887573977,0,0,0.33333333333333337,0.09090909082644627
IMG_0122.JPG,মহিলা টি কাজ করছে,0.49999999875,0.3999999992,0.4444444385185186,0.4444444385185186,0.28571428000000004,0.4444444385185186,0,0,0.6428571428571428,0.2857142853061225
8638.png,একজন পুরুষ একটি লাটি দিয়ে হেঁটে যাচ্ছে।,0.14285714265306124,0.3333333322222222,0.1999999954000001,0.1999999954000001,0.0,0.1999999954000001,0,0,0.30434782608695654,0.1111111109876543
7982.png,একজন লোক একটি মোটর বাইক নিয়ে যাচ্ছে।,0.14285714265306124,0.05882352937716263,0.08333332913194465,0.08333332913194465,0.0,0.08333332913194465,0,0,0.2692307692307693,0.04347826085066162
2543247940_083f1b7969.jpg,একটি সাদা কুকুর ঘাসের উপর দৌড়াচ্ছে,0.8333333319444445,0.45454545413223135,0.5882352888581315,0.5882352888581315,0.39999999502222217,0.5882352888581315,0,0,0.4871794871794872,0.41666666631944443
1897025969_0c41688fa6.jpg,একটি কালো কুকুর এবং একটি বাড়ির ভিতরে একে অপরের সাথে খেলছে,0.5454545449586776,0.7499999990624999,0.6315789418282548,0.6315789418282548,0.35294117121107266,0.42105262626038775,0,0,0.475,0.41666666631944443
6521.png,একজন মানুষ আছে।,0.9999999966666667,0.9999999966666667,0.9999999916666666,0.9999999916666666,0.9999999900000001,0.9999999916666666,1,1,1.0,0.9999999966666667
269898095_d00ac7d7a4.jpg,রাস্তার পাশে একটি কুকুর একটি রাস্তায় চলছে,0.2857142853061225,0.16666666652777776,0.2105263109141275,0.2105263109141275,0.0,0.2105263109141275,0,0,0.3571428571428571,0.08333333326388888
181103691_fb2f956abd.jpg,একটি বিশাল জনতা জ্বলন্ত মূর্তির সামনে একটি বিশাল মূর্তির সামনে একটি পানির ফোয়ারার সামনে জল পটভূমি হতে সাহায্য করছে,0.15789473675900276,0.2727272724793388,0.19999999522222228,0.19999999522222228,0.07142856678571458,0.19999999522222228,0,0,0.3375,0.14285714278911565
2704362232_7d84503433.jpg,একটি ছেলে পানি ছিটাচ্ছে,0.7499999981250001,0.3333333329629629,0.4615384565680474,0.4615384565680474,0.18181817752066123,0.4615384565680474,0,0,0.3939393939393939,0.3333333329629629
767.png,ঘাসের উপর একজন বৃদ্ধ মহিলা একটি ছোট ছেলের মাথায় হাত তুলে দিচ্ছে।,0.08333333326388888,0.12499999984374999,0.09999999510000022,0.09999999510000022,0.0,0.09999999510000022,0,0,0.33333333333333337,0.05555555552469135
2884301336_dc8e974431.jpg,একটি কালো ছেলে পানিতে ভাসছে,0.3999999992,0.18181818165289254,0.249999995390625,0.249999995390625,0.0,0.16666666152777793,0,0,0.5217391304347826,0.15384615372781063
3198.png,সূর্যাস্তের সময় নদীতে একটা নৌকায় একজন মানুষ আছে।,0.37499999953124996,0.5999999988,0.46153845609467453,0.46153845609467453,0.1818181768595043,0.46153845609467453,0,0,0.5,0.29999999969999996
20220909_134416.jpg,একটি দোকানে বসে আছে এবং পিছনে কয়েকটি বাড়ী দেখা যাচ্ছে।,0.3999999996,0.4444444439506172,0.4210526261495845,0.4210526261495845,0.11764705370242234,0.4210526261495845,0,0,0.4651162790697675,0.28571428551020406
382701159_f98c1988cd.jpg,সমুদ্রের মধ্যে একজন লোক,0.49999999875,0.3999999992,0.4444444385185186,0.4444444385185186,0.28571428000000004,0.4444444385185186,0,0,0.19999999999999996,0.2857142853061225
225909073_25c3c33a29.jpg,একটি কুকুর পাথুরে সৈকতে পানির মধ্যে দৌড়াচ্ছে,0.4285714279591837,0.3333333329629629,0.374999994609375,0.374999994609375,0.16666666138888903,0.374999994609375,0,0,0.53125,0.24999999979166665
3660826540_481d25fbb0.jpg,একটি শিশু দাঁড়িয়ে আছে।,0.249999999375,0.1999999996,0.2222222167901236,0.2222222167901236,0.0,0.2222222167901236,0,0,0.21052631578947367,0.12499999984374999
2347.png,রাতের বেলা লোকজন একটি <unk>,0.0,0.0,0.0,0.0,0.0,0.0,0,0,0.2068965517241379,0.0
3825.png,সরিষা ক্ষেতের পাশে একটি টাওয়ার আছে।,0.33333333277777777,0.2222222219753086,0.2666666615111111,0.2666666615111111,0.15384614887573977,0.2666666615111111,0,0,0.4722222222222222,0.15384615372781063
1211196579.jpg,একজন লোক পাহাড়ে বসে আছে,0.3999999992,0.1999999998,0.2666666618666667,0.2666666618666667,0.15384614934911253,0.2666666618666667,0,0,0.3846153846153846,0.15384615372781063
1397923690_d3bf1f799e.jpg,একজন লোক একটি বরফের পাহাড়ে দাঁড়িয়ে আছে,0.2857142853061225,0.24999999968749997,0.2666666613333334,0.2666666613333334,0.0,0.2666666613333334,0,0,0.4814814814814815,0.15384615372781063
386470686_1ae9242878.jpg,একটি ছেলে একটি গাছের বিশাল গাছে ঘেরা স্থান থেকে দেখছে,0.29999999969999996,0.4285714279591837,0.35294117121107266,0.35294117121107266,0.09523809024943336,0.35294117121107266,0,0,0.4736842105263158,0.15384615372781063
3721.png,একজন বয়স্ক নারী আছে।,0.249999999375,0.249999999375,0.2499999943750001,0.2499999943750001,0.0,0.2499999943750001,0,0,0.4666666666666667,0.14285714265306124
349.png,একজন ছেলে লাফ দিচ্ছে।,0.249999999375,0.0999999999,0.14285713857142868,0.14285713857142868,0.0,0.14285713857142868,0,0,0.25,0.08333333326388888
IMG_2771.JPG,একটা লোক টি বসে আছে,0.7999999984,0.7999999984,0.7999999934,0.7999999934,0.6666666602469137,0.7999999934,0,0,0.6875,0.6666666655555555
6601.png,কয়েকজন মানুষ আছে।,0.9999999966666667,0.49999999916666665,0.6666666607407408,0.6666666607407408,0.28571428081632655,0.6666666607407408,0,0,0.5454545454545454,0.49999999916666665
831.png,একটা ছোট ছেলে পাথরের দেয়ালের সামনে বসে আছে আর তার পাশে কিছু মানুষ দাড়িয়ে আছে।,0.26666666648888887,0.24999999984375,0.25806451096774197,0.25806451096774197,0.13793102939357924,0.25806451096774197,0,0,0.4137931034482759,0.19047619038548752
2686.png,কুয়াশার মাঝে একটি সেতু আছে।,0.0,0.0,0.0,0.0,0.0,0.0,0,0,0.2941176470588235,0.0
3076052114_233f42ae5b.jpg,একটি কালো কুকুর একটি বল নিয়ে ঘাসে ঢাকা মাঠে একটি বল নিয়ে ঘাসে ঢাকা মাঠে একটি বল নিয়ে ঘাসে ঢাকা মাঠে একটি বল নিয়ে ঘাসে ঢাকা মাঠে একটি বল নিয়ে ঘাসে ঢাকা মাঠে একটি বল নিয়ে ঘাসে ঢাকা মাঠে একটি,0.0499999999875,0.3999999992,0.08888888687407412,0.08888888687407412,0.0,0.08888888687407412,0,0,0.2109375,0.18181818165289254
6533.png,একজন পুরুষ একটি বাচ্চা নিয়ে যাচ্ছে ও কয়েকজন মানুষ আসছে।,0.29999999969999996,0.16666666657407406,0.21428570954081638,0.21428570954081638,0.0,0.14285713857142868,0,0,0.32352941176470584,0.12499999994791666
3358558292_6ab14193ed.jpg,তিনজন মহিলা এবং একজন মহিলা ছবি তুলছেন,0.2857142853061225,0.16666666652777776,0.2105263109141275,0.2105263109141275,0.0,0.2105263109141275,0,0,0.3111111111111111,0.13333333324444444
3386.png,একজন লোক বসে পত্রিকা পড়ছে।,0.3999999992,0.2222222219753086,0.2857142807142858,0.2857142807142858,0.0,0.2857142807142858,0,0,0.38235294117647056,0.16666666652777776
3323419265_7fefaa9d5d.jpg,একটি ছেলে কেকের উপর বসে আছে,0.33333333277777777,0.3999999992,0.36363635801652905,0.36363635801652905,0.2222222167901236,0.36363635801652905,0,0,0.44999999999999996,0.2222222219753086
1969.png,লাল নীল রঙের পোশাক পরিহিত একজন মহিলা একটি <unk>,0.0,0.0,0.0,0.0,0.0,0.0,0,0,0.21153846153846156,0.0
3618525295_d32d634b2e.jpg,একটি টেবিলে একদল লোক বসে আছে,0.6666666655555555,0.3636363633057851,0.47058823017301044,0.47058823017301044,0.13333332871111125,0.47058823017301044,0,0,0.41666666666666663,0.30769230745562126
3164328039_2c56acf594.jpg,একটি সাদা কালো কুকুর বল <unk>,0.6666666655555555,0.571428570612245,0.6153846094674558,0.6153846094674558,0.0,0.3999999946666667,0,0,0.43333333333333335,0.4444444439506172
623A0159.JPG,কপালে কালো টিপ,0.3333333322222222,0.249999999375,0.28571428000000004,0.28571428000000004,0.0,0.28571428000000004,0,0,0.3125,0.16666666638888888
7139.png,একজন মহিলা মানুষ বসে কাজ করছে।,0.16666666638888888,0.3333333322222222,0.2222222172839507,0.2222222172839507,0.0,0.2222222172839507,0,0,0.4411764705882353,0.12499999984374999
2783620390_02c166c733.jpg,একজন মোটরসাইকেল আরোহী বাইকের উপরে <unk>,0.8333333319444445,0.3124999998046875,0.45454545016528936,0.45454545016528936,0.29999999595000004,0.45454545016528936,0,0,0.5135135135135135,0.3124999998046875
2745.png,কয়েকজন মানুষ আছে।,0.9999999966666667,0.3333333329629629,0.4999999954166666,0.4999999954166666,0.19999999640000002,0.3333333290277778,0,0,0.3055555555555556,0.3333333329629629
3860.png,একটি লোহার গেট এর মাঝে একজন পুরুষ দাড়িয়ে আছে।,0.1111111109876543,0.09090909082644627,0.09999999495000023,0.09999999495000023,0.0,0.09999999495000023,0,0,0.32499999999999996,0.05555555552469135
3070130228_67dcfee9ae.jpg,খেলার সময় একজন ফুটবল খেলোয়াড় খেলার সময় পরবর্তী খেলার মাঠের কাজ করছে,0.24999999979166665,0.37499999953124996,0.2999999949,0.2999999949,0.11111110623456812,0.1999999950000001,0,0,0.43137254901960786,0.21428571413265304
2209888959_d636b1be0b.jpg,একটি মেয়ে একটি লাল কাদা লেগে রয়েছে,0.2857142853061225,0.33333333277777777,0.3076923022485208,0.3076923022485208,0.0,0.3076923022485208,0,0,0.5652173913043479,0.0999999999
8034.png,কয়েকজন মানুষ কাজ করছে।,0.0,0.0,0.0,0.0,0.0,0.0,0,0,0.30000000000000004,0.0
693785581_68bec8312a.jpg,একটি ছেলে একটি বলকে বাধা দেওয়ার জন্য লাফ দিচ্ছে,0.3333333329629629,0.2727272724793388,0.29999999475000005,0.29999999475000005,0.12499999484375018,0.29999999475000005,0,0,0.3939393939393939,0.13333333324444444
2259203920_6b93b721ce.jpg,কুকুরটি ফ্রিসবিটি ধরে,0.3333333322222222,0.09090909082644627,0.14285713928571436,0.14285713928571436,0.0,0.14285713928571436,0,0,0.27586206896551724,0.07692307686390532
2892989340_bb7e0e5548.jpg,একজন ঢেউ এর উপর সার্ফ এ সার্ফ এ করে,0.1111111109876543,0.249999999375,0.15384614934911253,0.15384614934911253,0.0,0.15384614934911253,0,0,0.4482758620689655,0.0999999999
241346317_be3f07bd2e.jpg,অনেকগুলো মানুষের কোলাহল দেখা যাচ্ছে।,0.0,0.0,0.0,0.0,0.0,0.0,0,0,0.2962962962962963,0.0
8340.png,একটি লোক এবং একজন লোক সাঁতার কাটছে,0.14285714265306124,0.14285714265306124,0.14285713765306143,0.14285713765306143,0.0,0.14285713765306143,0,0,0.42307692307692313,0.08333333326388888
3590739067_58baffb3a7.jpg,একটি লম্বা চুল <unk>,0.49999999875,0.2222222219753086,0.3076923029585799,0.3076923029585799,0.0,0.3076923029585799,0,0,0.22857142857142854,0.1999999998
169.png,একজন বৃদ্ধ লোক বসে আছেন।,0.0,0.0,0.0,0.0,0.0,0.0,0,0,0.2592592592592593,0.0
241346402_5c070a0c6d.jpg,এক লোক একটি বোর্ডে কিছু লিখছে।,0.33333333277777777,0.15384615372781063,0.21052631124653745,0.21052631124653745,0.0,0.13333332835555572,0,0,0.3513513513513513,0.11764705875432525
1289142574_2bd6a082dd.jpg,একটি ছেলে একটি খেলার মাঠে লাফ দিচ্ছে,0.4285714279591837,0.37499999953124996,0.3999999944888889,0.3999999944888889,0.15384614863905344,0.3999999944888889,0,0,0.5,0.2727272724793388
8743.png,সমুদ্রের পারে দুইজন মানুষ আছে।,0.3999999992,0.6666666644444444,0.49999999406250006,0.49999999406250006,0.33333332777777785,0.49999999406250006,0,0,0.44999999999999996,0.33333333277777777
1508269285_6c5723f67d.jpg,একটি কুকুর একটি বিশাল বস্তু বহন করছে,0.2857142853061225,0.2222222219753086,0.24999999476562512,0.24999999476562512,0.0,0.24999999476562512,0,0,0.375,0.15384615372781063
951.png,একটি শিশু মাথায় কলশী নিয়ে দাড়িয়ে তাকিয়ে আছে।,0.24999999968749997,0.49999999875,0.33333332833333335,0.33333332833333335,0.1999999954000001,0.33333332833333335,0,0,0.3214285714285714,0.1999999998
6101.png,একটি সাদা রঙের পোশাক পরিহিত একজন লোক একটি বিশাল গর্তে পড়ে উপরের দিকে তাকিয়ে আছে যার পাশে একজন লোক,0.15789473675900276,0.24999999979166665,0.19354838222684712,0.19354838222684712,0.0,0.19354838222684712,0,0,0.3661971830985915,0.119999999952
2692.png,একটি <unk> সামনে দিয়ে অনেক বড় <unk> <unk> <unk> <unk> <unk> <unk> <unk> <unk> <unk> <unk> <unk> <unk> <unk> <unk> <unk> <unk> <unk> <unk> <unk> <unk> <unk> <unk> <unk> <unk> <unk> <unk> <unk> <unk> <unk> <unk> <unk> <unk> <unk> <unk>,0.02499999999375,0.12499999984374999,0.04166666387152797,0.04166666387152797,0.0,0.04166666387152797,0,0,0.07643312101910826,0.07692307686390532
1794.png,একটি শিশু আছে।,0.9999999966666667,0.37499999953124996,0.5454545404958677,0.5454545404958677,0.22222221827160496,0.5454545404958677,0,0,0.31034482758620685,0.4285714279591837
3625.png,কিছু ছেলে বসে আছে।,0.7499999981250001,0.19999999986666667,0.31578947002770086,0.31578947002770086,0.11764705577854677,0.31578947002770086,0,0,0.2727272727272727,0.19999999986666667
3317073508_7e13565c1b.jpg,লাল রঙের জার্সি পড়া এক ফুটবল খেলোয়াড় বল লাথি দিচ্ছে,0.3999999996,0.3333333330555555,0.3636363583471074,0.3636363583471074,0.09999999495000023,0.2727272675206612,0,0,0.3055555555555556,0.2222222220987654
8369.png,একটি পুরাতন একটি উড়ছে।,0.0,0.0,0.0,0.0,0.0,0.0,0,0,0.1875,0.0
6982.png,একজন লোক সাইকেল চালাচ্ছে আর একজন পুরুষ ভ্যান চালাচ্ছে।,0.2222222219753086,0.24999999968749997,0.23529411238754333,0.23529411238754333,0.0,0.23529411238754333,0,0,0.368421052631579,0.14285714275510203
6777.png,একজন পুরুষ ও একজন পুরুষ কাজ করছে।,0.2857142853061225,0.6666666644444444,0.39999999500000005,0.39999999500000005,0.24999999562500003,0.39999999500000005,0,0,0.5517241379310345,0.33333333277777777
6857.png,একটি ছেলে একটি গাছে উঠতে <unk>,0.16666666638888888,0.1111111109876543,0.13333332835555572,0.13333332835555572,0.0,0.13333332835555572,0,0,0.28125,0.07692307686390532
314904143_5a216a192b.jpg,একজন লোক একটি পাথরের উপরে উঠে যায়,0.2857142853061225,0.24999999968749997,0.2666666613333334,0.2666666613333334,0.1428571377551022,0.2666666613333334,0,0,0.5,0.15384615372781063
7538.png,৩ জন ছোট ছেলে মানুষ।,0.0,0.0,0.0,0.0,0.0,0.0,0,0,0.20588235294117652,0.0
2833582518_074bef3ed6.jpg,একটি গ্রেহাউন্ড কুকুর দৌড়াচ্ছে,0.9999999975,0.571428570612245,0.7272727213223142,0.7272727213223142,0.44444443901234576,0.7272727213223142,0,0,0.6333333333333333,0.571428570612245
4355.png,একটি নৌকায় কয়েকজন মানুষ আছে।,0.5999999988,0.23076923059171597,0.33333332895061735,0.33333332895061735,0.1249999960937501,0.33333332895061735,0,0,0.41666666666666663,0.21428571413265304
2423894412_d952d5d103.jpg,একজন নারী বসে আছে।,0.249999999375,0.14285714265306124,0.1818181768595043,0.1818181768595043,0.0,0.1818181768595043,0,0,0.34615384615384615,0.0999999999
2921670682_6a77a6c3e9.jpg,এক ব্যাক্তি নীল সাইকেল দিয়ে সাইকেল নিয়ে নামছে,0.24999999968749997,0.33333333277777777,0.2857142804081633,0.2857142804081633,0.0,0.15384614887573977,0,0,0.3666666666666667,0.18181818165289254
8020.png,সমুদ্রের পারে কয়েকজন মানুষ আছে।,0.3999999992,0.49999999875,0.4444444385185186,0.4444444385185186,0.0,0.4444444385185186,0,0,0.2777777777777778,0.2857142853061225
3211437611_bd4af3730b.jpg,বিয়ের পোশাক পরা একজন কনে এবং একটি বিয়ের অনুষ্ঠানে একটি বিয়ের অনুষ্ঠানে একটি বিয়ের অনুষ্ঠানে একটি বিয়ের অনুষ্ঠানে একটি বিয়ের অনুষ্ঠানে একটি বিয়ের অনুষ্ঠানে একটি বিয়ের অনুষ্ঠানে একটি বিয়ের অনুষ্ঠানে একটি বিয়ের অনুষ্ঠানে একটি বিয়ের অনুষ্ঠানে একটি বিয়ের অনুষ্ঠানে একটি,0.07499999998125,0.37499999953124996,0.12499999717013895,0.12499999717013895,0.0,0.08333333052083343,0,0,0.14525139664804465,0.15384615372781063
3592992234_6d3fe58a70.jpg,একটি শিশু পতাকা নিয়ে যাচ্ছে।,0.3999999992,0.2222222219753086,0.2857142807142858,0.2857142807142858,0.0,0.2857142807142858,0,0,0.43333333333333335,0.16666666652777776
526.png,এক মহিলা একটি কালো কোট পরে সিগারেট পান করছে,0.2222222219753086,0.2857142853061225,0.24999999476562512,0.24999999476562512,0.1428571377551022,0.24999999476562512,0,0,0.4193548387096774,0.14285714275510203
8664.png,একটি পুকুর দেখা যাচ্ছে।,0.0,0.0,0.0,0.0,0.0,0.0,0,0,0.3125,0.0
3463268965_f22884fc69.jpg,একজন লোক একটি রাস্তায় হাঁটছেন।,0.3999999992,0.2857142853061225,0.33333332791666676,0.33333332791666676,0.1999999948000001,0.33333332791666676,0,0,0.4516129032258065,0.1999999998
2331510788_986809bbb4.jpg,একটি বাদামী কুকুর একটি গাছের ভিতর লাফিয়ে বেড়াচ্ছে,0.37499999953124996,0.37499999953124996,0.37499999453125,0.37499999453125,0.28571428030612256,0.37499999453125,0,0,0.53125,0.24999999979166665
8754.png,একজন লোক হাতে একটা ব্যাগ নিয়ে যাচ্ছে।,0.4285714279591837,0.2727272724793388,0.33333332820987654,0.33333332820987654,0.12499999515625017,0.33333332820987654,0,0,0.3513513513513513,0.19999999986666667
2940594396_20c40947b0.jpg,হেলমেট পরে ছেলেটি দৌড় করছে,0.0,0.0,0.0,0.0,0.0,0.0,0,0,0.33333333333333337,0.0
2248487950_c62d0c81a9.jpg,একজন লোক একটি ইটের ভবনের সামনে দাড়িয়ে আছে,0.24999999968749997,0.14285714275510203,0.1818181770247935,0.1818181770247935,0.0,0.1818181770247935,0,0,0.3548387096774194,0.09999999995
4947.png,শহীদ মিনার।,0.0,0.0,0.0,0.0,0.0,0.0,0,0,0.1875,0.0
3091580843_178042c50b.jpg,একটি দোকানের সামনে দোকানের বাইরে দাঁড়িয়ে আছে,0.4285714279591837,0.29999999969999996,0.35294117121107266,0.35294117121107266,0.2666666615111111,0.35294117121107266,0,0,0.4,0.23076923059171597
345290432_629788248643423_8548931692453873638_n.jpg,একজন লোক তার সামনে ইট ভিক্ষা করছে,0.2857142853061225,0.3999999992,0.33333332791666676,0.33333332791666676,0.1999999948000001,0.33333332791666676,0,0,0.38235294117647056,0.1999999998
8200.png,একজন নারী আছে।,0.9999999966666667,0.37499999953124996,0.5454545404958677,0.5454545404958677,0.22222221827160496,0.5454545404958677,0,0,0.37037037037037035,0.4285714279591837
6907.png,সমুদ্র পাড়ে কিছু মানুষ আছে।,0.0,0.0,0.0,0.0,0.0,0.0,0,0,0.26315789473684215,0.0
4168.png,কিছু ছেলেমেয়ে একসাথে দাড়িয়ে আছে কিছু ছেলেমেয়ে একসাথে দাড়িয়ে আছে কিছু ছেলেমেয়ে একসাথে দাড়িয়ে আছে কিছু ছেলেমেয়ে একসাথে দাড়িয়ে আছে কিছু ছেলেমেয়ে একসাথে দাড়িয়ে আছে কিছু ছেলেমেয়ে একসাথে দাড়িয়ে আছে কিছু ছেলেমেয়ে একসাথে দাড়িয়ে আছে কিছু ছেলেমেয়ে একসাথে দাড়িয়ে আছে,0.0499999999875,0.15384615372781063,0.07547169438234266,0.07547169438234266,0.0,0.07547169438234266,0,0,0.19496855345911945,0.124999999921875
IMG_2826.JPG,মহিলা টি শাড়ি পরে আছে,0.9999999980000001,0.9999999980000001,0.9999999930000001,0.9999999930000001,0.9999999925,0.9999999930000001,1,1,1.0,0.9999999980000001
3400041870_4e7732b40f.jpg,চারটি শিশু পাশাপাশি দাড়িয়ে আছে।,0.0,0.0,0.0,0.0,0.0,0.0,0,0,0.2222222222222222,0.0
7333.png,একজন নারী আছে।,0.3333333322222222,0.1999999996,0.24999999468750006,0.24999999468750006,0.0,0.24999999468750006,0,0,0.23529411764705888,0.14285714265306124
62.png,একটি হরিণ দাড়িয়ে আছে।,0.249999999375,0.16666666638888888,0.1999999948000001,0.1999999948000001,0.0,0.1999999948000001,0,0,0.26086956521739135,0.1111111109876543
IMG_2339.JPG,হাতে চুড়ি পরে আছে,0.249999999375,0.249999999375,0.2499999943750001,0.2499999943750001,0.0,0.2499999943750001,0,0,0.4545454545454546,0.14285714265306124
3116039960_54d1d68145.jpg,নীল রঙের বিভিন্ন রঙের বিভিন্ন রঙের বিভিন্ন রঙের বিভিন্ন রঙের বিভিন্ন রঙের বিভিন্ন রঙের বিভিন্ন রঙের বিভিন্ন রঙের বিভিন্ন রঙের বিভিন্ন রঙের বিভিন্ন রঙের বিভিন্ন রঙের বিভিন্ন রঙের বিভিন্ন রঙের বিভিন্ন রঙের বিভিন্ন রঙের বিভিন্ন রঙের বিভিন্ন রঙের বিভিন্ন রঙের,0.0499999999875,0.1999999998,0.07999999676800014,0.07999999676800014,0.04166666360243077,0.07999999676800014,0,0,0.10169491525423724,0.1999999998
7998.png,একজন লোক পানির ভেতর থেকে <unk>,0.33333333277777777,0.11764705875432525,0.17391303947069953,0.17391303947069953,0.09523809151927451,0.17391303947069953,0,0,0.23404255319148937,0.09999999995
929.png,ঘরের সামনে একজন নারী ও তিনজন নারী ও তিনজন নারী ও তিনজন নারী ও তিনজন নারী ও তিনজন নারী ও তিনজন নারী ও তিনজন নারী ও তিনজন নারী ও তিনজন নারী ও তিনজন নারী ও তিনজন নারী ও তিনজন নারী,0.099999999975,0.6666666655555555,0.17391304113421555,0.17391304113421555,0.13636363428719006,0.17391304113421555,0,0,0.11851851851851847,0.37499999953124996
4464.png,একজন পুরুষ হেঁটে যাচ্ছে।,0.9999999975,0.6666666655555555,0.7999999936,0.7999999936,0.49999999406250006,0.7999999936,0,0,0.6818181818181819,0.6666666655555555
6834.png,একজন লোক একটি বরফঘেরা পাহাড়ের সামনে দাঁড়িয়ে আছে।,0.24999999968749997,0.49999999875,0.33333332833333335,0.33333332833333335,0.0,0.33333332833333335,0,0,0.37681159420289856,0.1999999998
8510.png,একজন পুরুষ দাড়িয়ে আছে।,0.7499999981250001,0.37499999953124996,0.49999999472222234,0.49999999472222234,0.1999999954000001,0.49999999472222234,0,0,0.4285714285714286,0.37499999953124996
110595925_f3395c8bd6.jpg,সাইকেল এবং সাদা সাইকেল চালক রাস্তায় সাইকেল চালাচ্ছেন।,0.49999999937499995,0.49999999937499995,0.49999999437500003,0.49999999437500003,0.28571428030612256,0.49999999437500003,0,0,0.5135135135135135,0.29999999969999996
7557.png,একটি মোটরসাইকেল আরোহী,0.0,0.0,0.0,0.0,0.0,0.0,0,0,0.20588235294117652,0.0
3042679440_010b2c596c.jpg,লোকজন একটি <unk> একটি ইটের দালানের ভেতর মুঠোফোনে কথা বলতে বলতে বলতে বলতে বলতে বলতে বলতে বলতে বলতে বলতে বলতে বলতে বলতে বলতে বলতে বলতে বলতে বলতে বলতে বলতে বলতে বলতে বলতে বলতে বলতে বলতে বলতে বলতে বলতে বলতে বলতে,0.02499999999375,0.249999999375,0.04545454378099179,0.04545454378099179,0.0,0.04545454378099179,0,0,0.0993788819875776,0.08333333326388888
200710224.jpg.webp,একজন ছোট মেয়ে গালে হাত রেখে চেয়ে আছেন।,0.0,0.0,0.0,0.0,0.0,0.0,0,0,0.28888888888888886,0.0
8478.png,একটি ছেলে একটি গাছের পাশে দাঁড়িয়ে আছে,0.2857142853061225,0.18181818165289254,0.22222221722222232,0.22222221722222232,0.0,0.22222221722222232,0,0,0.5833333333333333,0.13333333324444444
5553.png,একটি পুরানো বাড়ি আর মসজিদের বিল্ডিং এ একটি মন্দির।,0.2222222219753086,0.1999999998,0.21052631058171756,0.21052631058171756,0.0,0.21052631058171756,0,0,0.36111111111111116,0.124999999921875
3016759846_062663f8ab.jpg,লাল রঙের একটি মেয়ে <unk> <unk> সামনে দাঁড়িয়ে আছেন।,0.2222222219753086,0.24999999968749997,0.23529411238754333,0.23529411238754333,0.0,0.23529411238754333,0,0,0.303030303030303,0.14285714275510203
7965.png,রঙিন কাপড় পরা একটি <unk> পোশাকে পোশাকে একটি মহিলা।,0.1111111109876543,0.0624999999609375,0.07999999532800026,0.07999999532800026,0.0,0.07999999532800026,0,0,0.32499999999999996,0.05263157891966759
3439.png,সানগ্লাস পরা একজন মহিলা এবং মহিলা এবং মহিলা এবং মহিলা এবং মহিলা এবং মহিলা এবং মহিলা এবং মহিলা এবং মহিলা এবং মহিলা এবং মহিলা এবং মহিলা এবং মহিলা এবং মহিলা এবং মহিলা এবং মহিলা এবং মহিলা এবং মহিলা এবং মহিলা,0.02499999999375,0.1111111109876543,0.04081632351520222,0.04081632351520222,0.0,0.04081632351520222,0,0,0.13286713286713292,0.08333333326388888
708945669_08e7ffb9a7.jpg,একজন লোক একটি ছবির জন্য পোজ দিচ্ছে,0.571428570612245,0.4444444439506172,0.49999999445312515,0.49999999445312515,0.2857142804081633,0.49999999445312515,0,0,0.6875,0.3333333330555555
8202.png,একটি নৌকায় দুইজন মানুষ দাড়িয়ে আছেন এবং উপরে সূর্য ডুবছেন।,0.1999999998,0.49999999875,0.28571428122448983,0.28571428122448983,0.16666666263888896,0.28571428122448983,0,0,0.32499999999999996,0.16666666652777776
6651.png,পানিতে দাড়িয়ে আছে একজন ছোট ছেলে।,0.16666666638888888,0.1999999996,0.1818181765289258,0.1818181765289258,0.0,0.1818181765289258,0,0,0.2222222222222222,0.0999999999
6219.png,কয়েকজন মানুষ আছে।,0.3333333322222222,0.16666666638888888,0.2222222172839507,0.2222222172839507,0.0,0.2222222172839507,0,0,0.26315789473684215,0.12499999984374999
5647.png,একজন বুড়ো মহিলা মাথায় ঘোমটা দেওয়া,0.33333333277777777,0.15384615372781063,0.21052631124653745,0.21052631124653745,0.0,0.21052631124653745,0,0,0.4782608695652174,0.11764705875432525
347410789_635498211778311_7617224015997252371_n.jpg,একটি ছেলে ভাঙ্গা হাত প্রসারিত করে দড়ি ধরে দাঁড়িয়ে আছে,0.1999999998,0.1999999998,0.19999999480000014,0.19999999480000014,0.0,0.19999999480000014,0,0,0.42105263157894735,0.1111111110493827
2970.png,একটি নৌকার উপর একজন পুরুষ দাড়িয়ে আছে।,0.571428570612245,0.3333333330555555,0.42105262648199443,0.42105262648199443,0.0,0.31578946869806096,0,0,0.3829787234042553,0.3333333330555555
3621329299_6fb3f2935c.jpg,একটি বাইক চালক ময়লার সাইকেল চালাচ্ছে,0.33333333277777777,0.1999999998,0.24999999500000003,0.24999999500000003,0.0,0.24999999500000003,0,0,0.40740740740740744,0.14285714275510203
5362.png,দূরে একজন পুরুষ মানুষ।,0.0,0.0,0.0,0.0,0.0,0.0,0,0,0.33333333333333337,0.0
3695517194_2a6b604cb2.jpg,একজন লোক একটি ফুটবল ধরে রেখেছে,0.33333333277777777,0.3999999992,0.36363635801652905,0.36363635801652905,0.0,0.36363635801652905,0,0,0.34782608695652173,0.2222222219753086
1557838421_a33f2a4911.jpg,দুটি কুকুর একটি <unk>,0.49999999875,0.6666666644444444,0.5714285648979592,0.5714285648979592,0.39999999360000005,0.5714285648979592,0,0,0.5,0.3999999992
6493.png,একজন বয়স্ক নারী তাকিয়ে আছে।,0.9999999980000001,0.9999999980000001,0.9999999930000001,0.9999999930000001,0.9999999925,0.9999999930000001,1,1,1.0,0.9999999980000001
3584196366_a4b43d6644.jpg,সমুদ্রের পারে অনেকগুলো মানুষ আছে।,0.1999999996,0.07692307686390532,0.11111110697530877,0.11111110697530877,0.0,0.11111110697530877,0,0,0.2857142857142857,0.0624999999609375
236476706_175081ce18.jpg,শিশুরা একটি যুবতী রাস্তায় হাঁটছে,0.3999999992,0.16666666652777776,0.23529411321799312,0.23529411321799312,0.0,0.23529411321799312,0,0,0.34782608695652173,0.13333333324444444
160805827_5e6646b753.jpg,একজন পুরুষ একটি নৌকা দেখা যাচ্ছে।,0.16666666638888888,0.16666666638888888,0.16666666138888903,0.16666666138888903,0.0,0.16666666138888903,0,0,0.34285714285714286,0.09090909082644627
1943.png,রাস্তা দিয়ে হেটে যাচ্ছে একজন মহিলা।,0.33333333277777777,0.15384615372781063,0.21052631124653745,0.21052631124653745,0.0,0.21052631124653745,0,0,0.276595744680851,0.124999999921875
6126.png,একজন লোক বনের মধ্যে <unk>,0.1999999996,0.12499999984374999,0.15384614887573977,0.15384614887573977,0.0,0.15384614887573977,0,0,0.3666666666666667,0.08333333326388888
7319.png,একজন পুরুষ একটি নৌকা চালাচ্ছেন।,0.3999999992,0.3999999992,0.39999999420000004,0.39999999420000004,0.1111111075308643,0.19999999605000005,0,0,0.38095238095238093,0.24999999968749997
IMG_8241.JPG,একটা লোক ও কালো পোশাক পরে,0.16666666638888888,0.249999999375,0.1999999948000001,0.1999999948000001,0.0,0.1999999948000001,0,0,0.2777777777777778,0.1111111109876543
243.png,পানিতে কয়েকজন মানুষ আছে।,0.49999999875,0.2222222219753086,0.3076923029585799,0.3076923029585799,0.18181817752066123,0.3076923029585799,0,0,0.29032258064516125,0.1999999998
8713.png,একজন পুরুষ হাতে আকাশী চশমা আছে পিছনে একটা বাচ্চা দাড়িয়ে আছে।,0.18181818165289254,0.6666666644444444,0.2857142819387755,0.2857142819387755,0.0,0.2857142819387755,0,0,0.24390243902439024,0.16666666652777776
7441.png,একটি শিশু সাইকেল চালিয়ে যাচ্ছে।,0.1999999996,0.0999999999,0.13333332871111125,0.13333332871111125,0.0,0.13333332871111125,0,0,0.30000000000000004,0.07142857137755101
3527261343_efa07ea596.jpg,একজন মোটরসাইকেল আরোহী একটি পথ ধরে,0.16666666638888888,0.0999999999,0.12499999515625017,0.12499999515625017,0.0,0.12499999515625017,0,0,0.4390243902439024,0.06666666662222222
3639845565_be547c38ba.jpg,একটি লোক ডকের উপর বসে আছে,0.49999999916666665,0.3333333329629629,0.3999999946666667,0.3999999946666667,0.0,0.2857142804081633,0,0,0.41666666666666663,0.24999999979166665
2862469183_a4334b904a.jpg,একটি কুকুর ঘাসের মধ্যে গর্ত খুঁড়ছে,0.33333333277777777,0.24999999968749997,0.2857142804081633,0.2857142804081633,0.0,0.24999999500000003,0,0,0.40625,0.16666666652777776
7937.png,একজন পুরুষ আরেকজন পুরুষকে জড়িয়ে পরিষ্কার করছে।,0.4285714279591837,0.3333333329629629,0.374999994609375,0.374999994609375,0.2857142804081633,0.374999994609375,0,0,0.5897435897435898,0.23076923059171597
2445654384_4ee3e486e1.jpg,একটি মেয়ে একটি স্লাইড থেকে পিছলে পড়ছে,0.2857142853061225,0.1999999998,0.23529411252595167,0.23529411252595167,0.0,0.23529411252595167,0,0,0.41025641025641024,0.14285714275510203
2922981282_203f04bf9b.jpg,এক বৃদ্ধ লোক একটি নীল কম্বলের নিচে মাটিতে শুয়ে আছে,0.29999999969999996,0.49999999916666665,0.37499999484375,0.37499999484375,0.14285713806122466,0.37499999484375,0,0,0.42553191489361697,0.23076923059171597
1056249424_ef2a2e041c.jpg,একদল লোক একটি ছেলে মেয়ে মাঠে দৌর দিয়ে দৌড়ে যাচ্ছে এবং তাদের পেছনে কিছু মানুষ।,0.13333333324444444,0.2857142853061225,0.18181817731404967,0.18181817731404967,0.0,0.09090908648760351,0,0,0.33333333333333337,0.09999999995
5350.png,৪ জন ছেলে একসাথে দাড়িয়ে আছে।,0.33333333277777777,0.24999999968749997,0.2857142804081633,0.2857142804081633,0.0,0.2857142804081633,0,0,0.4642857142857143,0.16666666652777776
1161.png,একজন বয়স্ক পুরুষ দাড়িয়ে আছে।,0.5999999988,0.2727272724793388,0.374999995234375,0.374999995234375,0.14285713857142868,0.374999995234375,0,0,0.42105263157894735,0.23076923059171597
5629.png,একটি মেয়ে একটি রংধনু দেখছেন।,0.1999999996,0.3333333322222222,0.24999999468750006,0.24999999468750006,0.0,0.24999999468750006,0,0,0.33333333333333337,0.16666666638888888
3157622277_9f59b4f62f.jpg,একটি লাল রঙের একটি ছেলে একটি গোলের সামনে বরফের উপর কসরত দেখাচ্ছে,0.08333333326388888,0.3333333322222222,0.1333333299555556,0.1333333299555556,0.0,0.1333333299555556,0,0,0.33333333333333337,0.08333333326388888
3393343330_b13df4d8ec.jpg,দোকানের সামনে কালো শার্ট পরা একটা টেবিলের দোকানের সামনে দাঁড়িয়ে আছে,0.09090909082644627,0.12499999984374999,0.10526315290858747,0.10526315290858747,0.0,0.10526315290858747,0,0,0.39534883720930236,0.0624999999609375
3685.png,একটি <unk> কয়েকজন মানুষ ভিড় করেছে দেখা যাচ্ছে।,0.24999999968749997,0.3999999992,0.3076923024852071,0.3076923024852071,0.1818181768595043,0.3076923024852071,0,0,0.4193548387096774,0.18181818165289254
1124448967_2221af8dc5.jpg,একটি লোক রাস্তার পাশে বসে আছে,0.49999999916666665,0.23076923059171597,0.31578946903047095,0.31578946903047095,0.0,0.21052631124653745,0,0,0.38095238095238093,0.19999999986666667
2557922709_24d2a9655a.jpg,একজন মেয়ে হাতের একটি ছবির জন্য ভঙ্গি করছে,0.24999999968749997,0.2857142853061225,0.2666666613333334,0.2666666613333334,0.11764705384083066,0.21052631069252087,0,0,0.32352941176470584,0.15384615372781063
242559369_9ae90ed0b4.jpg,এক লোক পাথরের উপরে পাথরের উপরে পাথরের মধ্যে দাঁড়িয়ে নিচের দিকে নামছে,0.16666666652777776,0.16666666652777776,0.16666666152777793,0.16666666152777793,0.0,0.16666666152777793,0,0,0.34042553191489366,0.10526315783933518
86.png,রিক্সার পিছনে কয়েকজন মানুষ রিক্সায় বসে আছে একজন মহিলা।,0.2222222219753086,0.15384615372781063,0.18181817681818194,0.18181817681818194,0.0,0.18181817681818194,0,0,0.30434782608695654,0.09999999995
517.png,একটি শিশু খেলছে।,0.3333333322222222,0.249999999375,0.28571428000000004,0.28571428000000004,0.0,0.28571428000000004,0,0,0.4,0.16666666638888888
134724228_30408cd77f.jpg,একটি ছেলে মাথায় গোল টুপি পরে দাড়িয়ে আছে,0.12499999984374999,0.1111111109876543,0.11764705370242234,0.11764705370242234,0.0,0.11764705370242234,0,0,0.33333333333333337,0.0624999999609375
6663.png,মাটির রাস্তা দিয়ে কয়েকজন মানুষ হেঁটে যাচ্ছে।,0.2857142853061225,0.6666666644444444,0.39999999500000005,0.39999999500000005,0.24999999562500003,0.39999999500000005,0,0,0.40740740740740744,0.24999999968749997
3556598205_86c180769d.jpg,একটি লোক একটি ডার্ট বাইক নিয়ে একটি ডার্ট বাইক নিয়ে একটি ডার্ট বাইক নিয়ে একটি ডার্ট বাইক নিয়ে একটি ডার্ট বাইক নিয়ে একটি ডার্ট বাইক নিয়ে একটি ডার্ট বাইক নিয়ে একটি ডার্ট বাইক নিয়ে একটি ডার্ট বাইক নিয়ে একটি ডার্ট,0.0499999999875,0.2222222219753086,0.08163265002915464,0.08163265002915464,0.0,0.08163265002915464,0,0,0.16778523489932884,0.16666666652777776
5157.png,একটি ধান ক্ষেত আছে।,0.249999999375,0.249999999375,0.2499999943750001,0.2499999943750001,0.0,0.2499999943750001,0,0,0.5,0.14285714265306124
2483792149_a9b4ffecec.jpg,একজন পুরুষ মাথায় <unk> কাজ করছে।,0.16666666638888888,0.1111111109876543,0.13333332835555572,0.13333332835555572,0.0,0.13333332835555572,0,0,0.3913043478260869,0.07142857137755101
248.png,একজন পুরুষ বসে আছে।,0.7499999981250001,0.29999999969999996,0.42857142387755104,0.42857142387755104,0.0,0.42857142387755104,0,0,0.38888888888888884,0.2727272724793388
20220910_135736.jpg,একটি <unk> একটি পিস <unk> একটি গাড়ি ঠিক আগে <unk> থেকে বাইরে রাখা <unk> থেকে বাইরে রাখা <unk> থেকে বাইরে রাখা আছে,0.09090909086776859,0.18181818165289254,0.12121211669421504,0.12121211669421504,0.0,0.12121211669421504,0,0,0.3026315789473685,0.10526315783933518
8909.png,একজন নারী আছে।,0.9999999966666667,0.9999999966666667,0.9999999916666666,0.9999999916666666,0.9999999900000001,0.9999999916666666,1,1,1.0,0.9999999966666667
3716244806_97d5a1fb61.jpg,পাথরের উপর বসে পাথরের উপর বসে আছে।,0.4285714279591837,0.49999999916666665,0.4615384558579882,0.4615384558579882,0.2666666615111111,0.4615384558579882,0,0,0.44999999999999996,0.4285714279591837
7123.png,একজন মানুষ ছাতা নিয়ে আছে।,0.1999999996,0.249999999375,0.2222222167901236,0.2222222167901236,0.0,0.2222222167901236,0,0,0.5882352941176471,0.12499999984374999
8930.png,একজন বৃদ্ধ নারী কলশী নিয়ে বসে আছে।,0.2857142853061225,0.49999999875,0.36363635834710756,0.36363635834710756,0.0,0.36363635834710756,0,0,0.45833333333333337,0.2222222219753086
3387542157_81bfd00072.jpg,এশিয়ান মেয়ে হাতে একটি বল নিয়ে দাঁড়িয়ে আছে,0.12499999984374999,0.1999999996,0.15384614887573977,0.15384614887573977,0.0,0.15384614887573977,0,0,0.40740740740740744,0.08333333326388888
2672445419_251ce9419a.jpg,একটি বাচ্চা ছেলে,0.6666666644444444,0.3999999992,0.49999999406250006,0.49999999406250006,0.0,0.49999999406250006,0,0,0.3529411764705882,0.33333333277777777
2579268572_d78f8436cb.jpg,একজন লোক একটা ট্রাকে অপেক্ষারত,0.1999999996,0.16666666638888888,0.1818181765289258,0.1818181765289258,0.0,0.1818181765289258,0,0,0.5,0.0999999999
5631.png,ধান ক্ষেতের মাঝে একজন পুরুষ হাতে একটা শাপলা নিয়ে যাচ্ছে।,0.1999999998,0.49999999875,0.28571428122448983,0.28571428122448983,0.16666666263888896,0.28571428122448983,0,0,0.32432432432432434,0.16666666652777776
6589.png,একজন বয়স্ক নারী বসে আছে।,0.5999999988,0.7499999981250001,0.6666666602469137,0.6666666602469137,0.28571428000000004,0.6666666602469137,0,0,0.6111111111111112,0.49999999916666665
4557.png,কয়েকজন পুরুষ আছে।,0.6666666644444444,0.33333333277777777,0.44444443901234576,0.44444443901234576,0.0,0.44444443901234576,0,0,0.5,0.2857142853061225
3043908909_bb54d2c08e.jpg,একদল লোক বসে আছেন।,0.7499999981250001,0.5999999988,0.6666666602469137,0.6666666602469137,0.28571428000000004,0.6666666602469137,0,0,0.6363636363636364,0.49999999916666665
2976684095_ce7ccfd423.jpg,একটি ছেলে একটি লাল জামা পরে একটি লাল জামা পরে একটি লাল জামা পরে একটি লাল জামা পরে একটি লাল জামা পরে একটি লাল জামা পরে একটি লাল জামা পরে একটি লাল জামা পরে একটি লাল জামা পরে একটি লাল,0.0499999999875,0.33333333277777777,0.08695651943289232,0.08695651943289232,0.045454543419421574,0.08695651943289232,0,0,0.17692307692307696,0.2222222219753086
5325.png,একজন লোক জন পুরুষ একটি ব্যানের দোকানের সামনে একটি ব্যানের <unk>,0.0,0.0,0.0,0.0,0.0,0.0,0,0,0.2666666666666667,0.0
1789.png,অনেকগুলো নারী ও পুরুষ আছে।,0.5999999988,0.23076923059171597,0.33333332895061735,0.33333332895061735,0.11764705508650528,0.3157894694736842,0,0,0.26530612244897955,0.21428571413265304
2761.png,একজন বয়স্ক পুরুষ দাড়িয়ে চেয়ে আছে যার চুল দাড়িগোঁফ লম্বা সাদা শার্ট পরে দাড়িয়ে আছে যার চুল ও ডানপাশের জন পুরুষ তাকিয়ে আছে।,0.3043478259546314,0.5384615380473372,0.38888888405864197,0.38888888405864197,0.14285713938775518,0.3333333285339506,0,0,0.3493975903614458,0.2916666665451389
7516.png,পাঁচজন শিশু আছে।,0.6666666644444444,0.49999999875,0.5714285648979592,0.5714285648979592,0.39999999360000005,0.5714285648979592,0,0,0.5384615384615384,0.3999999992
1066.png,একটি সুন্দর সবুজ লনে একটি বেগুনী ফুলের উপর দিয়ে রীতিমতো শূন্যে ফুলের উপর দিয়ে নিচে,0.13333333324444444,0.14285714275510203,0.13793102939357924,0.13793102939357924,0.0,0.13793102939357924,0,0,0.33333333333333337,0.04761904759637188
7712.png,একজন পুরুষ দাড়িয়ে আছে।,0.7499999981250001,0.7499999981250001,0.7499999931250001,0.7499999931250001,0.33333332722222225,0.7499999931250001,0,0,0.8666666666666667,0.5999999988
1075867198_27ca2e7efe.jpg,একটি কুকুর সৈকতে খেলছে,0.49999999875,0.33333333277777777,0.3999999944,0.3999999944,0.0,0.3999999944,0,0,0.46153846153846156,0.24999999968749997
2414397449_2ac3b78e0d.jpg,একটি কুকুর একটি বাদামী কুকুর দৌড়ে বেড়াচ্ছে,0.4285714279591837,0.1764705881314879,0.24999999565972228,0.24999999565972228,0.13333332835555572,0.24999999565972228,0,0,0.5526315789473684,0.15384615372781063
1271210445_7f7ecf3791.jpg,একটি <unk> পৌঁছেছে লাল রঙের পোশাক পরিধান করেছে।,0.24999999968749997,0.16666666652777776,0.1999999950000001,0.1999999950000001,0.11111110623456812,0.1999999950000001,0,0,0.29166666666666663,0.1111111110493827
180506881_de0f59770f.jpg,একজন পুরুষ দাড়িয়ে আছে।,0.249999999375,0.16666666638888888,0.1999999948000001,0.1999999948000001,0.0,0.1999999948000001,0,0,0.33333333333333337,0.1111111109876543
3005126574_49c28ffbee.jpg,লোকটি <unk> বসে আছে,0.249999999375,0.249999999375,0.2499999943750001,0.2499999943750001,0.0,0.2499999943750001,0,0,0.3571428571428571,0.14285714265306124
2851931813_eaf8ed7be3.jpg,একটি ছোট মেয়ে দড়িলাফ দিচ্ছে,0.5999999988,0.5999999988,0.5999999938,0.5999999938,0.4999999937500001,0.5999999938,0,0,0.6666666666666667,0.4285714279591837
307321761_606fc91673.jpg,একদল শিশু একটি পার্কে বসে আছে,0.33333333277777777,0.2857142853061225,0.3076923022485208,0.3076923022485208,0.0,0.3076923022485208,0,0,0.3939393939393939,0.18181818165289254
6962.png,একটি টিনের ঘরের সামনে একটি টিনের <unk>,0.14285714265306124,0.07692307686390532,0.0999999953500002,0.0999999953500002,0.0,0.0999999953500002,0,0,0.326530612244898,0.05882352937716263
3507.png,একটি গাড়ির আয়না ধরে গাড়ি চালাচ্ছে।,0.16666666638888888,0.3333333322222222,0.2222222172839507,0.2222222172839507,0.0,0.2222222172839507,0,0,0.4545454545454546,0.12499999984374999
2714220101_c31db50b10.jpg,সাদা বাঁধাই ধারে ছোট সাদা কুকুর বাইসাইকেলের কাছে থেকে দৌড়ে বেড়াচ্ছে,0.18181818165289254,0.3999999992,0.249999995390625,0.249999995390625,0.14285713857142868,0.249999995390625,0,0,0.36585365853658536,0.15384615372781063
3512791890_eb065b460a.jpg,এক বাচ্চা মেয়ে একটি ছবির জন্য হাসছে।,0.4285714279591837,0.29999999969999996,0.35294117121107266,0.35294117121107266,0.13333332835555572,0.35294117121107266,0,0,0.42105263157894735,0.21428571413265304
8262.png,একটি কালো প্রাণী দুটি আঙুল দিয়ে মুখে আঙুল দিয়ে রুটি নিয়ে দাঁড়িয়ে আছে।,0.15384615372781063,0.2857142853061225,0.1999999952500001,0.1999999952500001,0.0,0.1999999952500001,0,0,0.39583333333333337,0.14285714275510203
3552796830_2dd2aa9c2c.jpg,একজন লোক পার্কিং লটে দড়ি ধরে আছে,0.14285714265306124,0.12499999984374999,0.13333332817777796,0.13333332817777796,0.0,0.13333332817777796,0,0,0.39473684210526316,0.07142857137755101
1416.png,একটি গ্রামে তিনজন লোক বসে আছে আর তাদের পেছনে একটি দেয়ালের পাশে বসে আছে আর তাদের পেছনে একটি দেয়ালের পাশে বসে আছে আর তাদের পেছনে একটি দেয়ালের পাশে বসে আছে আর তাদের পেছনে একটি দেয়ালের পাশে বসে আছে আর তাদের,0.07499999998125,0.19999999986666667,0.10909090508429765,0.10909090508429765,0.0,0.10909090508429765,0,0,0.2222222222222222,0.13636363630165288
7591.png,রঙিন <unk> একটি শিশু আছে।,0.0,0.0,0.0,0.0,0.0,0.0,0,0,0.30000000000000004,0.0
8561.png,একজন পুরুষ হেঁটে যাচ্ছে।,0.249999999375,0.3333333322222222,0.28571428000000004,0.28571428000000004,0.0,0.28571428000000004,0,0,0.5333333333333333,0.16666666638888888
237953705_cfe6999307.jpg,একটি ছোট শিশু একটি ফ্রিসবি নিয়ে খেলছে।,0.2857142853061225,0.2857142853061225,0.28571428030612256,0.28571428030612256,0.0,0.28571428030612256,0,0,0.5,0.18181818165289254
8373.png,একজন পুরুষ আছে।,0.9999999966666667,0.9999999966666667,0.9999999916666666,0.9999999916666666,0.9999999900000001,0.9999999916666666,1,1,1.0,0.9999999966666667
3042483842_beb23828b9.jpg,চশমা পরা একজন লোক একটি কালো চশমা পরা একজন মহিলার সাথে ছবি তুলছে,0.30769230745562126,0.4444444439506172,0.3636363584710744,0.3636363584710744,0.09999999510000022,0.2727272676446281,0,0,0.4375,0.26666666648888887
4971.png,দূরে একজন মানুষ আছে।,0.49999999875,0.24999999968749997,0.33333332833333335,0.33333332833333335,0.0,0.33333332833333335,0,0,0.25806451612903225,0.1999999998
2561481438_447b852e4d.jpg,একটি কুকুর ঘাসের মধ্যে দৌড়াচ্ছে,0.5999999988,0.37499999953124996,0.46153845609467453,0.46153845609467453,0.1818181768595043,0.46153845609467453,0,0,0.5172413793103448,0.29999999969999996
2272491304_cb7c7ed16f.jpg,একদল লোক পাহাড় বেয়ে উঠতে <unk> <unk> <unk> <unk> <unk> <unk> <unk> <unk> <unk> <unk> <unk> <unk> <unk> <unk> <unk> <unk> <unk> <unk> <unk> <unk> <unk> <unk> <unk> <unk> <unk> <unk> <unk> <unk> <unk> <unk> <unk> <unk> <unk> <unk> <unk>,0.0499999999875,0.3999999992,0.08888888687407412,0.08888888687407412,0.0,0.08888888687407412,0,0,0.08860759493670889,0.1111111109876543
1459.png,একজন পুরুষ বসে আছে যার দু পাশে একজন অন্ধ পুরুষ দাড়িয়ে আছে যার দু পাশে একজন অন্ধ পুরুষ দাড়িয়ে আছে যার দু পাশে একজন অন্ধ পুরুষ দাড়িয়ে আছে যার দু পাশে একজন অন্ধ পুরুষ দাড়িয়ে আছে যার দু পাশে একজন,0.17499999995624999,0.46666666635555554,0.2545454504859504,0.2545454504859504,0.11320754323958716,0.2545454504859504,0,0,0.3093525179856115,0.4117647056401384
2326879311_555ebef188.jpg,রাস্তায় পা দিয়ে বসে ভিক্ষা করছে,0.16666666638888888,0.249999999375,0.1999999948000001,0.1999999948000001,0.0,0.1999999948000001,0,0,0.2941176470588235,0.1111111109876543
3520869880_2e8b7d7842.jpg,একজন নারী বসে আছে।,0.0,0.0,0.0,0.0,0.0,0.0,0,0,0.31818181818181823,0.0
535249787_0fcaa613a0.jpg,একটি ছোট ছেলে খেলার মাঠে দোল উপভোগ করছে,0.49999999937499995,0.49999999937499995,0.49999999437500003,0.49999999437500003,0.28571428030612256,0.49999999437500003,0,0,0.6071428571428572,0.3333333330555555
2109.png,এখানে কয়েকজন পুরুষ পাশাপাশি দাড়িয়ে আছে।,0.16666666638888888,0.16666666638888888,0.16666666138888903,0.16666666138888903,0.0,0.16666666138888903,0,0,0.4,0.09090909082644627
2141065212_463a6997e1.jpg,একজন বেসবল খেলোয়াড় মুখে বেসবল ছুঁড়ে দেওয়ার চেষ্টা করছে,0.1111111109876543,0.1999999996,0.14285713806122466,0.14285713806122466,0.0,0.14285713806122466,0,0,0.34883720930232553,0.08333333326388888
11391827.jpg,একটি ধূসর রঙের পোশাক পরিহিত একটি ধূসর রঙের পোশাক পরিহিত একটি ধূসর রঙের পোশাক পরিহিত একটি ধূসর রঙের পোশাক পরিহিত একটি ধূসর রঙের পোশাক পরিহিত একটি ধূসর রঙের পোশাক পরিহিত একটি ধূসর রঙের পোশাক পরিহিত একটি ধূসর রঙের পোশাক পরিহিত,0.0499999999875,0.13333333324444444,0.0727272687338845,0.0727272687338845,0.0,0.0727272687338845,0,0,0.22155688622754488,0.07142857137755101
7216.png,একজন নারী আছে।,0.9999999966666667,0.4285714279591837,0.5999999946000001,0.5999999946000001,0.24999999562500003,0.5999999946000001,0,0,0.41666666666666663,0.49999999916666665
378170167_9b5119d918.jpg,একটি কুকুর গ্রামীণ এলাকায় <unk> দিয়ে লাফিয়ে দৌড়ে যাচ্ছে,0.3333333329629629,0.49999999916666665,0.3999999946666667,0.3999999946666667,0.18181817752066123,0.3999999946666667,0,0,0.4285714285714286,0.24999999979166665
1799271536_6e69c8f1dc.jpg,একটি কুকুর একটি ফ্রিসবি ধরার চেষ্টা করছে,0.4285714279591837,0.37499999953124996,0.3999999944888889,0.3999999944888889,0.0,0.3999999944888889,0,0,0.4375,0.2727272724793388
102.png,একটি শিশু তাকিয়ে আছে।,0.49999999875,0.1111111110493827,0.181818178677686,0.181818178677686,0.0,0.181818178677686,0,0,0.1428571428571429,0.10526315783933518
421730441_6b2267fd31.jpg,একটি দালানের নিচে একটি কক্ষে একজন গান গাচ্ছে।,0.24999999968749997,0.14285714275510203,0.1818181770247935,0.1818181770247935,0.0,0.1428571377551022,0,0,0.3548387096774194,0.10526315783933518
IMG_9840.JPG,মহিলা টি শাড়ি পরে আছে,0.9999999980000001,0.9999999980000001,0.9999999930000001,0.9999999930000001,0.9999999925,0.9999999930000001,1,1,1.0,0.9999999980000001
7846.png,একজন বাচ্চা মেয়ে হাঁসি মুখে দাঁড়িয়ে আছে।,0.2857142853061225,0.33333333277777777,0.3076923022485208,0.3076923022485208,0.0,0.3076923022485208,0,0,0.45833333333333337,0.18181818165289254
1745110280_0cbff5e273.jpg,একটি কুকুর লম্বা ঘাসের মধ্যে বসে আছে,0.571428570612245,0.7999999984,0.6666666606944446,0.6666666606944446,0.3999999944,0.6666666606944446,0,0,0.6799999999999999,0.49999999937499995
7316.png,একটি নৌকায় কয়েকজন মানুষ আছে।,0.7999999984,0.7999999984,0.7999999934,0.7999999934,0.4999999937500001,0.7999999934,0,0,0.85,0.6666666655555555
6903.png,একজন পুরুষ একটি হাড়ি নিয়ে দাড়িয়ে আছে যার মাঝে একজন পুরুষ মানুষ কাজ করছে।,0.14285714275510203,0.13333333324444444,0.13793102939357924,0.13793102939357924,0.0,0.13793102939357924,0,0,0.32727272727272727,0.079999999968
1698.png,কিছু মেয়ে শিশু আছে।,0.49999999875,0.3999999992,0.4444444385185186,0.4444444385185186,0.28571428000000004,0.4444444385185186,0,0,0.5,0.2857142853061225
IMG_0028.JPG,একটা লোক দাঁড়িয়ে আছে ও একটি বাসার ভেতর রং নিল,0.29999999969999996,0.7499999981250001,0.42857142387755104,0.42857142387755104,0.16666666263888896,0.42857142387755104,0,0,0.5625,0.2727272724793388
4826.png,একটি রাস্তা দিয়ে একজন মানুষ দেখা যাচ্ছে।,0.4285714279591837,0.5999999988,0.4999999943055557,0.4999999943055557,0.1999999948000001,0.4999999943055557,0,0,0.46153846153846156,0.3333333329629629
2822290399_97c809d43b.jpg,একটি কুকুর একটি কালো কুকুর ছানা দৌড়াচ্ছে যেখানে সাদা কুকুর একটি কালো কুকুর ছানা দৌড়াচ্ছে যেখানে সাদা কুকুর একটি কালো কুকুর ছানা দৌড়াচ্ছে যেখানে সাদা কুকুর একটি কালো কুকুর ছানা দৌড়াচ্ছে যেখানে সাদা কুকুর একটি কালো কুকুর ছানা দৌড়াচ্ছে যেখানে,0.099999999975,0.4444444439506172,0.1632653030570596,0.1632653030570596,0.0851063801177004,0.1632653030570596,0,0,0.2466666666666667,0.2727272724793388
1073.png,একজন বালিকা বসে আছে।,0.49999999875,0.15384615372781063,0.2352941137716263,0.2352941137716263,0.0,0.2352941137716263,0,0,0.25531914893617025,0.13333333324444444
1827560917_c8d3c5627f.jpg,একটি কালো কুকুর একটি লাঠি নিয়ে খেলছে,0.4285714279591837,0.3333333329629629,0.374999994609375,0.374999994609375,0.1428571377551022,0.374999994609375,0,0,0.46875,0.24999999979166665
1952.png,একজন মহিলা বাচ্চা মেয়ে যার একজন মহিলা একটি গরু নিয়ে যাচ্ছে।,0.18181818165289254,0.07142857140306122,0.1025640984615386,0.1025640984615386,0.0,0.1025640984615386,0,0,0.26732673267326734,0.0322580645057232
263522013_d118d46b2d.jpg,একটি কুকুর পানির মধ্যে খেলা করছে,0.33333333277777777,0.49999999875,0.3999999944,0.3999999944,0.24999999468750006,0.3999999944,0,0,0.6363636363636364,0.24999999968749997
2938875913_0ed920a6be.jpg,নীল জামা পরিহিত একজন ফুটবল খেলোয়াড় বলের জন্য লড়াই করতে প্রস্তুত,0.2727272724793388,0.4285714279591837,0.33333332820987654,0.33333332820987654,0.24999999500000003,0.33333332820987654,0,0,0.44680851063829785,0.19999999986666667
10815824_2997e03d76.jpg,একটি ঘোড়া এবং একটি ব্যারেলের আগুনের কাছে দাঁড়িয়ে আছে,0.5555555549382716,0.6249999992187499,0.5882352884429066,0.5882352884429066,0.2666666613333334,0.4705882297577854,0,0,0.417910447761194,0.45454545413223135
4657.png,নদীতে নৌকা ও কয়েকজন মানুষ আছে।,0.16666666638888888,0.14285714265306124,0.15384614863905344,0.15384614863905344,0.0,0.15384614863905344,0,0,0.34615384615384615,0.09090909082644627
2801851082_8c3c480c0f.jpg,একটি মেয়ে একটি স্লাইড করছে।,0.3999999992,0.2857142853061225,0.33333332791666676,0.33333332791666676,0.0,0.33333332791666676,0,0,0.48,0.1111111109876543
3204525212_d548c7fca7.jpg,একটি কুকুর একটি <unk> দিকে তাকিয়ে আছে,0.7142857132653061,0.3571428568877551,0.47619047129251707,0.47619047129251707,0.09523809106575981,0.3809523761451248,0,0,0.3913043478260869,0.28571428551020406
3282925526_535ff9f2b2.jpg,কালো প্যান্টের একটি লোক শুয়ে ভিক্ষা চাচ্ছে,0.2857142853061225,0.1999999998,0.23529411252595167,0.23529411252595167,0.0,0.23529411252595167,0,0,0.3448275862068966,0.13333333324444444
2885912662_a3a2dfde45.jpg,একটি ছোট ছেলে <unk> <unk> <unk> <unk> <unk> <unk> <unk> <unk> <unk> <unk> <unk> <unk> <unk> <unk> <unk> <unk> <unk> <unk> <unk> <unk> <unk> <unk> <unk> <unk> <unk> <unk> <unk> <unk> <unk> <unk> <unk> <unk> <unk> <unk> <unk> <unk> <unk>,0.0499999999875,0.24999999968749997,0.08333333052083343,0.08333333052083343,0.043478258270321514,0.08333333052083343,0,0,0.09554140127388533,0.2222222219753086
5366.png,একটি হেলিকপ্টার আছে।,0.3333333322222222,0.249999999375,0.28571428000000004,0.28571428000000004,0.0,0.28571428000000004,0,0,0.33333333333333337,0.16666666638888888
3208032657_27b9d6c4f3.jpg,একটি লোক একটি বেঞ্চে স্কেটবোর্ড চালাচ্ছে ।,0.2857142853061225,0.2857142853061225,0.28571428030612256,0.28571428030612256,0.16666666138888903,0.28571428030612256,0,0,0.48275862068965514,0.18181818165289254
20220909_133111.jpg,কয়েকজন মানুষ বসে আছে।।,0.49999999875,0.33333333277777777,0.3999999944,0.3999999944,0.0,0.3999999944,0,0,0.40909090909090906,0.24999999968749997
1803.png,একজন পুরুষ ও একজন মহিলা ১ জন পুলিশ দাড়িয়ে আছে।,0.1999999998,0.16666666652777776,0.181818176694215,0.181818176694215,0.0,0.181818176694215,0,0,0.39534883720930236,0.1111111110493827
2103568100_5d018c495b.jpg,একটি কুকুর পানির মধ্য দিয়ে চলেছে।,0.6666666655555555,0.30769230745562126,0.4210526268144044,0.4210526268144044,0.15384614887573977,0.4210526268144044,0,0,0.5,0.30769230745562126
4769.png,পুরাতন বাড়ী।,0.4999999975,0.3333333322222222,0.39999999360000005,0.39999999360000005,0.0,0.39999999360000005,0,0,0.3846153846153846,0.249999999375
3724487641_d2096f10e5.jpg,একজন বালক এবং তাদের পেছনে একটি <unk>,0.0,0.0,0.0,0.0,0.0,0.0,0,0,0.2592592592592593,0.0
2508918369_2659db1cb6.jpg,চশমা পরা একজন বালক সাঁতার কাটছে,0.16666666638888888,0.1999999996,0.1818181765289258,0.1818181765289258,0.0,0.1818181765289258,0,0,0.3448275862068966,0.0999999999
5471.png,অনেক মানুষ একটি মসজিদের সামনে অনেক মানুষ।,0.14285714265306124,0.249999999375,0.1818181768595043,0.1818181768595043,0.0,0.1818181768595043,0,0,0.31034482758620685,0.1111111109876543
3823.png,জলাশয়ের পারে একটি শিশু আছে।,0.0,0.0,0.0,0.0,0.0,0.0,0,0,0.23404255319148937,0.0
7272.png,একটি শিশু একটি জায়গায় দাড়িয়ে আছে যার একজন ছোট ছেলে দৌড়ে যাচ্ছে,0.08333333326388888,0.249999999375,0.1249999960937501,0.1249999960937501,0.0,0.1249999960937501,0,0,0.2558139534883721,0.07142857137755101
1302.png,একটা মহিলা গরুর গাড়িতে করে একটা গরুকে খাবার নিয়ে যাচ্ছে।,0.1999999998,0.16666666652777776,0.181818176694215,0.181818176694215,0.0,0.181818176694215,0,0,0.4054054054054054,0.10526315783933518
3404552106_f516df0f5b.jpg,একটি শিশু ও পিছনে কয়েকজন মানুষ আছে।,0.2857142853061225,0.15384615372781063,0.1999999952500001,0.1999999952500001,0.11111110654321005,0.1999999952500001,0,0,0.2790697674418605,0.11764705875432525
4140.png,একজন মানুষ আছে।,0.9999999966666667,0.49999999916666665,0.6666666607407408,0.6666666607407408,0.28571428081632655,0.6666666607407408,0,0,0.45833333333333337,0.49999999916666665
5119.png,একটি <unk>,0.999999995,0.6666666644444444,0.799999992,0.799999992,0.6666666577777778,0.799999992,0,0,0.6363636363636364,0.999999995
386.png,একজন পুরুষ বসে আছে।,0.9999999975,0.49999999937499995,0.6666666611111112,0.6666666611111112,0.39999999500000005,0.6666666611111112,0,0,0.5,0.49999999937499995
2903469015_a1e7d969c2.jpg,কুকুরের দৌড় প্রতিযোগিতা অনুষ্ঠিত হচ্ছে,0.0,0.0,0.0,0.0,0.0,0.0,0,0,0.34042553191489366,0.0
2048.png,একজন নারী ও একজন নারী পাশাপাশি বসে আছে।,0.12499999984374999,0.16666666638888888,0.1428571377551022,0.1428571377551022,0.0,0.1428571377551022,0,0,0.3529411764705882,0.09090909082644627
1202.png,একজন ছোট মেয়ে শিশু আছে।,0.1999999996,0.16666666638888888,0.1818181765289258,0.1818181765289258,0.0,0.1818181765289258,0,0,0.5,0.0999999999
347003820_1459342507937686_7845772507901901708_n.jpg,কয়েকজন নারী ও পুরুষ দাড়িয়ে আছে।,0.0,0.0,0.0,0.0,0.0,0.0,0,0,0.43999999999999995,0.0
6095.png,একটি শিশু আছে।,0.9999999966666667,0.7499999981250001,0.8571428497959185,0.8571428497959185,0.39999999360000005,0.8571428497959185,0,0,0.6923076923076923,0.7499999981250001
3649224118_abe73c672c.jpg,সৈকতে এক মহিলা,0.3333333322222222,0.1999999996,0.24999999468750006,0.24999999468750006,0.0,0.24999999468750006,0,0,0.31999999999999995,0.14285714265306124
3337332770_5eda5cceb7.jpg,একটি কুকুর বরফের মধ্যে দৌড়াচ্ছে,0.5999999988,0.5999999988,0.5999999938,0.5999999938,0.4999999937500001,0.5999999938,0,0,0.7619047619047619,0.4285714279591837
1348891916_ebd4413033.jpg,একটি কুকুর পানিতে লাফ দিল,0.5999999988,0.5999999988,0.5999999938,0.5999999938,0.2499999943750001,0.46153845609467453,0,0,0.4444444444444444,0.4285714279591837
8958.png,রাস্তা আছে। রাস্তা আছে। রাস্তা আছে। রাস্তা আছে। রাস্তা আছে। রাস্তা আছে। রাস্তা আছে। রাস্তা আছে। রাস্তা আছে। রাস্তা আছে। রাস্তা আছে। রাস্তা আছে। রাস্তা আছে। রাস্তা আছে। রাস্তা আছে। রাস্তা আছে। রাস্তা আছে। রাস্তা আছে। রাস্তা আছে। রাস্তা আছে।,0.02499999999375,0.1999999996,0.0444444424493828,0.0444444424493828,0.0,0.0444444424493828,0,0,0.16546762589928055,0.16666666638888888
1880.png,একজন নারী ও একটি শিশু আছে।,0.8333333319444445,0.7142857132653061,0.7692307630769232,0.7692307630769232,0.36363635801652905,0.7692307630769232,0,0,0.6521739130434783,0.6249999992187499
6173.png,লুঙ্গি পরা একটা ছাতা ধরে হেটে যাচ্ছে একজন লুঙ্গী শার্ট লুঙ্গী শার্ট লুঙ্গী শার্ট লুঙ্গী শার্ট লুঙ্গী শার্ট লুঙ্গী শার্ট লুঙ্গী শার্ট লুঙ্গী শার্ট লুঙ্গী শার্ট লুঙ্গী শার্ট লুঙ্গী শার্ট লুঙ্গী শার্ট লুঙ্গী শার্ট লুঙ্গী শার্ট লুঙ্গী শার্ট লুঙ্গী শার্ট,0.0499999999875,0.16666666652777776,0.07692307334319543,0.07692307334319543,0.0,0.04347825858223074,0,0,0.1217948717948718,0.10526315783933518
3366571152_20afb88ac1.jpg,একটি টেবিলের চারপাশে অনেক মানুষ,0.1999999996,0.249999999375,0.2222222167901236,0.2222222167901236,0.0,0.2222222167901236,0,0,0.4285714285714286,0.12499999984374999
993.png,কয়েকজন মানুষ বসে আছে।,0.9999999975,0.9999999975,0.9999999925,0.9999999925,0.9999999916666666,0.9999999925,1,1,1.0,0.9999999975
20220909_134104.jpg,একজন পুরুষ বসে কাজ করছে।,0.0,0.0,0.0,0.0,0.0,0.0,0,0,0.38888888888888884,0.0
3008370541_ce29ce49f0.jpg,একটি কালো কুকুর পানিতে ঝাপ দিচ্ছে,0.8333333319444445,0.9999999980000001,0.909090902479339,0.909090902479339,0.6666666602469137,0.909090902479339,0,0,0.8571428571428572,0.8333333319444445
3429351222_17ae744daf.jpg,সমুদ্র সৈকতে একটি পরিবার হেঁটে যাচ্ছে,0.49999999916666665,0.4285714279591837,0.4615384558579882,0.4615384558579882,0.1818181765289258,0.4615384558579882,0,0,0.43333333333333335,0.3333333329629629
2393298349_e659308218.jpg,একজন লোক ও একটি কুকুর কাছাকাছি দাঁড়িয়ে আছে যখন একজন মহিলা ও একটি কুকুর কাছাকাছি দাঁড়িয়ে আছে যখন একজন মহিলা ও একটি কুকুর কাছাকাছি দাঁড়িয়ে আছে যখন একজন মহিলা ও একটি কুকুর কাছাকাছি দাঁড়িয়ে আছে যখন একজন মহিলা ও একটি,0.099999999975,0.3333333330555555,0.15384615023668646,0.15384615023668646,0.07999999653600014,0.15384615023668646,0,0,0.2679738562091504,0.21052631567867036
136693284.jpg,লাল রঙের জামা পরা একটি শিশু লাল রঙের জামা পরে আছে,0.18181818165289254,0.2857142853061225,0.22222221722222232,0.22222221722222232,0.10526315279778417,0.22222221722222232,0,0,0.3421052631578947,0.16666666652777776
6144.png,একজন সেজে হাত দিয়ে আছে।,0.3999999992,0.6666666644444444,0.49999999406250006,0.49999999406250006,0.0,0.49999999406250006,0,0,0.5,0.33333333277777777
7786.png,তিনটি ছেলে খালি গায়ে পানি নিয়ে আছে।,0.14285714265306124,0.14285714265306124,0.14285713765306143,0.14285713765306143,0.0,0.14285713765306143,0,0,0.38095238095238093,0.07692307686390532
391324644_d23fdf06cb.jpg,একজন স্কেটার একটি লাল রেলের উপর দিয়ে লাফ দিচ্ছে,0.4444444439506172,0.3999999996,0.4210526261495845,0.4210526261495845,0.1428571377551022,0.31578946836565097,0,0,0.5,0.26666666648888887
2384.png,একটি নৌকায় দুইজন মানুষ আছে।,0.3999999992,0.49999999875,0.4444444385185186,0.4444444385185186,0.0,0.4444444385185186,0,0,0.42105263157894735,0.2857142853061225
2994104606_bc2df6c1f4.jpg,একটি কুকুর একটি মাঠে খেলছে।,0.3999999992,0.49999999875,0.4444444385185186,0.4444444385185186,0.28571428000000004,0.4444444385185186,0,0,0.33333333333333337,0.33333333277777777
7088.png,একটি ছেলে পানিতে জাল দিয়ে আছেন।,0.16666666638888888,0.049999999975,0.07692307331360963,0.07692307331360963,0.0,0.07692307331360963,0,0,0.4,0.039999999984
15.png,একজন পুরুষ একটি টিনের ঘরের উপরে উঠছে,0.2857142853061225,0.13333333324444444,0.18181817731404967,0.18181817731404967,0.0,0.18181817731404967,0,0,0.2909090909090909,0.10526315783933518
7402.png,সামনে অনেক রকমের খাবার নিয়ে বাজার এবং সামনে অনেক মসজিদের বিল্ডিং দিচ্ছে।,0.08333333326388888,0.12499999984374999,0.09999999510000022,0.09999999510000022,0.0,0.09999999510000022,0,0,0.3125,0.05882352937716263
3524436870_7670df68e8.jpg,একটি কুকুর ঘাসের উপর দৌড়াচ্ছে,0.5999999988,0.49999999916666665,0.5454545395041324,0.5454545395041324,0.2499999943750001,0.39999999420000004,0,0,0.44999999999999996,0.37499999953124996
2014.png,একজন মহিলা মাথায় ঝুড়ি থেকে ধরে আছে তার পরনে কালো পোশাক পরা এক ব্যক্তি তার হাতে একটি <unk> ঢাকা,0.05263157891966759,0.08333333326388888,0.06451612424557787,0.06451612424557787,0.0,0.06451612424557787,0,0,0.303030303030303,0.03703703702331961
3495.png,একজন নারী তাকিয়ে আছে।,0.7499999981250001,0.7499999981250001,0.7499999931250001,0.7499999931250001,0.33333332722222225,0.7499999931250001,0,0,0.8,0.5999999988
3342487512_fd33971dea.jpg,একজন স্নোবোর্ডার একটি লাফ দিলো আর চারজন লোক লাফ দেয়,0.1999999998,0.33333333277777777,0.24999999500000003,0.24999999500000003,0.09090908599173579,0.19999999480000014,0,0,0.4629629629629629,0.15384615372781063
2261169495_98254e2e66.jpg,একজন মহিলা একটি <unk> মাধ্যমে উদযাপন করছে এবং একজনের হাতে অস্ত্র নিয়ে দাড়িয়ে আছে এবং একজনের হাতে অস্ত্র নিয়ে দাড়িয়ে আছে এবং একজনের হাতে অস্ত্র নিয়ে দাড়িয়ে আছে এবং একজনের হাতে অস্ত্র নিয়ে দাড়িয়ে আছে এবং একজনের হাতে অস্ত্র নিয়ে,0.099999999975,0.30769230745562126,0.15094339246707023,0.15094339246707023,0.042553188646446534,0.11320754342470642,0,0,0.21383647798742134,0.1739130434026465
3290465391_258429e2f9.jpg,লোকজন একটি বিশাল <unk> দেখছে,0.3999999992,0.33333333277777777,0.36363635801652905,0.36363635801652905,0.0,0.36363635801652905,0,0,0.56,0.2222222219753086
2994107810_af56326389.jpg,একজন <unk> বাস্কেটবল খেলোয়াড় বল হাতে নিয়ে কোটে হাত উচু করে বাস্কেটবল খেলায় অংশগ্রহণ করছে,0.26666666648888887,0.4444444439506172,0.33333332836805557,0.33333332836805557,0.09090908619834734,0.27586206378121286,0,0,0.40625,0.21052631567867036
3559781965_d4ec00e506.jpg,একটি বাদামী কুকুর ঘাসের উপর দৌড়াচ্ছে,0.8333333319444445,0.5555555549382716,0.6666666609777778,0.6666666609777778,0.46153845609467453,0.6666666609777778,0,0,0.6666666666666667,0.49999999949999996
1973.png,একজন পুরুষ তাকিয়ে আছে।,0.49999999875,0.49999999875,0.4999999937500001,0.4999999937500001,0.33333332722222225,0.4999999937500001,0,0,0.6470588235294117,0.33333333277777777
3097171315_0ba7d283b1.jpg,একটি কক্ষে এক লোক একটি সাদা কম্বলের উপর বসে আছে,0.3999999996,0.3999999996,0.3999999946000001,0.3999999946000001,0.11111110598765454,0.31578946836565097,0,0,0.3783783783783784,0.19999999986666667
7695.png,একজন বয়স্ক মহিলার সাথে একটি <unk> <unk> <unk> <unk> <unk> <unk> <unk> <unk> <unk> <unk> <unk> <unk> <unk> <unk> <unk> <unk> <unk> <unk> <unk> <unk> <unk> <unk> <unk> <unk> <unk> <unk> <unk> <unk> <unk> <unk> <unk> <unk> <unk> <unk> <unk>,0.02499999999375,0.1111111109876543,0.04081632351520222,0.04081632351520222,0.0,0.04081632351520222,0,0,0.09316770186335399,0.07692307686390532
5493.png,একদল লোক চেয়ারে বসে আছে,0.1999999996,0.09090909082644627,0.12499999554687513,0.12499999554687513,0.0,0.12499999554687513,0,0,0.29268292682926833,0.07692307686390532
5398.png,একজন পুরুষ হাতে একটা ব্যাগ নিয়ে হেঁটে যাচ্ছে।,0.37499999953124996,0.29999999969999996,0.3333333280246914,0.3333333280246914,0.0,0.3333333280246914,0,0,0.46875,0.21428571413265304
513269597_c38308feaf.jpg,একটি কালো কুকুর মুখে নিয়ে ঘাসের মধ্য দিয়ে চলছে,0.4444444439506172,0.4444444439506172,0.4444444389506173,0.4444444389506173,0.1428571377551022,0.39999999464999997,0,0,0.5405405405405406,0.28571428551020406
9030.png,দুইজন ছেলে মেয়ে বসে আছে।,0.5999999988,0.49999999916666665,0.5454545395041324,0.5454545395041324,0.2222222167901236,0.5454545395041324,0,0,0.5625,0.37499999953124996
3468130925_2b1489d19a.jpg,একজন রাগবি খেলোয়াড় বল নিয়ে দৌড়াচ্ছে,0.6666666655555555,0.2222222220987654,0.33333332930555554,0.33333332930555554,0.1818181781404959,0.33333332930555554,0,0,0.45833333333333337,0.2222222220987654
2960.png,একটি বড় গাছ এবং একটি বড় গাছ।,0.14285714265306124,0.08333333326388888,0.1052631531301941,0.1052631531301941,0.0,0.1052631531301941,0,0,0.25531914893617025,0.0624999999609375
3426144752_28d63615ca.jpg,একটি শিশু <unk>,0.6666666644444444,0.24999999968749997,0.36363635900826446,0.36363635900826446,0.0,0.1999999954000001,0,0,0.34615384615384615,0.2222222219753086
3484019369_354e0b88c0.jpg,একজন আইস হকি খেলোয়াড় আরেকজনকে ধরে আছে,0.14285714265306124,0.249999999375,0.1818181768595043,0.1818181768595043,0.0,0.1818181768595043,0,0,0.4482758620689655,0.0999999999
3547647914_4dd56a8c1b.jpg,বিভিন্ন বয়সের <unk> বাইরে একদল লোক ফুটপাতে দাঁড়িয়ে আছেন।,0.2222222219753086,0.3999999992,0.2857142807142858,0.2857142807142858,0.16666666194444454,0.2857142807142858,0,0,0.39473684210526316,0.16666666652777776
2137.png,একটি নৌকায় কয়েকজন মানুষ আছে।,0.1999999996,0.12499999984374999,0.15384614887573977,0.15384614887573977,0.0,0.15384614887573977,0,0,0.3548387096774194,0.09090909082644627
1594038143_57f299aa8a.jpg,একজন নারী আছে।,0.0,0.0,0.0,0.0,0.0,0.0,0,0,0.1923076923076923,0.0
1174525839_7c1e6cfa86.jpg,একজন মহিলা সাগরের পানিতে তার পিছনে তাড়া করে।,0.12499999984374999,0.07692307686390532,0.09523809043083924,0.09523809043083924,0.0,0.09523809043083924,0,0,0.23333333333333328,0.049999999975
347375312_1283645985559368_3766867741936536733_n.jpg,একটি মহিলা এবং একজন লোক কে <unk>,0.2857142853061225,0.33333333277777777,0.3076923022485208,0.3076923022485208,0.0,0.2666666613333334,0,0,0.303030303030303,0.18181818165289254
20220909_134236.jpg,একটি শিশু বসে আছেন।,0.249999999375,0.14285714265306124,0.1818181768595043,0.1818181768595043,0.0,0.1818181768595043,0,0,0.40909090909090906,0.0999999999
2356.png,দূরে একজন মানুষ হেঁটে যাচ্ছে।,0.1999999996,0.16666666638888888,0.1818181765289258,0.1818181765289258,0.0,0.1818181765289258,0,0,0.4347826086956522,0.0999999999
8703.png,একটি বাসের ভিতর একটা বাসের ভিতর একটা বাসের ভিতর একটা বাসের ভিতর একটা বাসের ভিতর একটা বাসের ভিতর একটা বাসের ভিতর একটা বাসের ভিতর একটা বাসের ভিতর একটা বাসের ভিতর একটা বাসের ভিতর একটা বাসের ভিতর একটা বাসের ভিতর একটা,0.0,0.0,0.0,0.0,0.0,0.0,0,0,0.13207547169811318,0.0
1225443522_1633e7121f.jpg,এক মহিলা একটি কুকুরকে অনুসরণ করছে,0.49999999916666665,0.19999999986666667,0.2857142813605443,0.2857142813605443,0.10526315390581731,0.2857142813605443,0,0,0.38888888888888884,0.1764705881314879
3146232740_df3da0163b.jpg,একটি কালো এবং সাদা কালো এবং সাদা কালো এবং সাদা কালো এবং সাদা কালো এবং সাদা কালো এবং সাদা কালো এবং সাদা কালো এবং সাদা কালো এবং সাদা কালো এবং সাদা কালো এবং সাদা কালো এবং সাদা কালো এবং সাদা,0.099999999975,0.3636363633057851,0.15686274165321037,0.15686274165321037,0.12244897629321125,0.15686274165321037,0,0,0.2583333333333333,0.3636363633057851
8851.png,একজন পুরুষ ও কয়েকটি নৌকা আছে।,0.33333333277777777,0.49999999875,0.3999999944,0.3999999944,0.0,0.3999999944,0,0,0.5238095238095238,0.24999999968749997
3247341210_5d1e50df23.jpg,বাচ্চারা যখন দর্শক তিনটি সরিয়ে নিয়ে খেলছে,0.0,0.0,0.0,0.0,0.0,0.0,0,0,0.3214285714285714,0.0
3198237818_cb5eb302f0.jpg,সৈকতে দুজন মহিলা বিকিনি পরে আছে,0.49999999916666665,0.37499999953124996,0.4285714230612245,0.4285714230612245,0.16666666152777793,0.2857142804081633,0,0,0.3870967741935484,0.2727272724793388
3475.png,সমুদ্রের পারে কয়েকজন মানুষ আছে।,0.3999999992,0.24999999968749997,0.3076923024852071,0.3076923024852071,0.1818181768595043,0.3076923024852071,0,0,0.4,0.2222222219753086
3074842262_62b1b2168c.jpg,একটি ছোট্ট ছেলে একটি মাঠে খেলছে।,0.33333333277777777,0.24999999968749997,0.2857142804081633,0.2857142804081633,0.0,0.2857142804081633,0,0,0.34615384615384615,0.18181818165289254
1376.png,কয়েকজন পুরুষ দাড়িয়ে ফিতা ধরে দাড়িয়ে আছে কিছু মানুষ দাড়িয়ে আছে।,0.2727272724793388,0.23076923059171597,0.249999994826389,0.249999994826389,0.11764705384083066,0.249999994826389,0,0,0.4666666666666667,0.1764705881314879
11.png,একটি সবজির দোকান।,0.3333333322222222,0.07142857137755101,0.11764705577854677,0.11764705577854677,0.0,0.11764705577854677,0,0,0.20408163265306123,0.06666666662222222
7912.png,একজন মহিলা মাথায় কালো শারি পরা মহিলা একটি ময়লার স্তপের উপরে তুলে নাচ করছে।,0.3571428568877551,0.3333333331111111,0.34482758097502975,0.34482758097502975,0.07407406902606344,0.34482758097502975,0,0,0.4098360655737705,0.23809523798185941
5976.png,একজন পুরুষ আছে।,0.9999999966666667,0.7499999981250001,0.8571428497959185,0.8571428497959185,0.39999999360000005,0.8571428497959185,0,0,0.7333333333333334,0.7499999981250001
9113.png,টুপি পরা লোক একটি রাস্তা।,0.3999999992,0.15384615372781063,0.22222221796296296,0.22222221796296296,0.1249999960937501,0.22222221796296296,0,0,0.2272727272727273,0.124999999921875
7907.png,একজন নারী বসে একজন পুরুষ বসে একজন পুরুষ বসে একজন পুরুষ বসে একজন পুরুষ বসে একজন পুরুষ বসে একজন পুরুষ বসে একজন পুরুষ বসে একজন পুরুষ বসে একজন পুরুষ বসে একজন পুরুষ বসে একজন পুরুষ বসে একজন পুরুষ বসে একজন,0.07499999998125,0.49999999916666665,0.1304347802835539,0.1304347802835539,0.045454543419421574,0.1304347802835539,0,0,0.12578616352201255,0.4285714279591837
2317714088_bcd081f926.jpg,দুজন <unk> একটি বাড়ীর পাশে দাঁড়িয়ে আছে,0.4285714279591837,0.37499999953124996,0.3999999944888889,0.3999999944888889,0.15384614863905344,0.3999999944888889,0,0,0.56,0.24999999979166665
800.png,একজন পুরুষ তাকিয়ে আছেন।,0.7499999981250001,0.7499999981250001,0.7499999931250001,0.7499999931250001,0.6666666594444445,0.7499999931250001,0,0,0.9375,0.5999999988
6568.png,একটি নৌকায় একজন মানুষ আছে।,0.7999999984,0.9999999975,0.8888888819753088,0.8888888819753088,0.5714285648979592,0.8888888819753088,0,0,0.736842105263158,0.7999999984
1663.png,বৃষ্টির ভেতর একজন পুরুষ একটি হুইল চেয়ারে বসে আছে যার পাশে কিছু মানুষ দেখা যাচ্ছে।,0.13333333324444444,0.124999999921875,0.1290322529864726,0.1290322529864726,0.0,0.09523809106575981,0,0,0.4137931034482759,0.07142857140306122
8591.png,কয়েকজন মানুষ কাজ করছে।,0.249999999375,0.14285714265306124,0.1818181768595043,0.1818181768595043,0.0,0.1818181768595043,0,0,0.3793103448275862,0.0999999999
2920.png,রাস্তা দিয়ে একজন লোক সাইকেল চালিয়ে যাচ্ছে।,0.14285714265306124,0.249999999375,0.1818181768595043,0.1818181768595043,0.0,0.1818181768595043,0,0,0.33333333333333337,0.0999999999
3269380710_9161b0bd00.jpg,একটি লোক একটা বেঞ্চের সামনে দাড়িয়ে আছে,0.4285714279591837,0.2727272724793388,0.33333332820987654,0.33333332820987654,0.0,0.22222221722222232,0,0,0.40909090909090906,0.19999999986666667
1281282435.jpg,দু'জন লোক ডকের উপর দিয়ে হেঁটে যাচ্ছে।,0.2857142853061225,0.1999999998,0.23529411252595167,0.23529411252595167,0.0,0.23529411252595167,0,0,0.4193548387096774,0.13333333324444444
2404692474_37da774368.jpg,একটি কুকুর বল নিয়ে দৌড়াচ্ছে,0.5999999988,0.37499999953124996,0.46153845609467453,0.46153845609467453,0.15384614934911253,0.39999999502222217,0,0,0.4,0.29999999969999996
947.png,সামনে একজন নারী ও একজন নারী বসে আছে।,0.49999999937499995,0.571428570612245,0.5333333276444445,0.5333333276444445,0.3076923022485208,0.5333333276444445,0,0,0.6296296296296297,0.4444444439506172
6995.png,একটি রাস্তা দিয়ে একটি ভবন আছে।,0.16666666638888888,0.12499999984374999,0.1428571377551022,0.1428571377551022,0.0,0.1428571377551022,0,0,0.3548387096774194,0.08333333326388888
1417637704_572b4d6557.jpg,একটি ছোট ছেলে একটি গাড়িতে বসে আছে,0.4285714279591837,0.37499999953124996,0.3999999944888889,0.3999999944888889,0.1999999948000001,0.3999999944888889,0,0,0.5217391304347826,0.2727272724793388
3107368071_724613fc4f.jpg,একজন লোক হাতে <unk>,0.249999999375,0.07692307686390532,0.11764705508650528,0.11764705508650528,0.0,0.11764705508650528,0,0,0.2592592592592593,0.06666666662222222
3210.png,একজন নারী একটি শিশু কোলে নিয়ে হাঁসিমুখে দাঁড়িয়ে আছে,0.2222222219753086,0.33333333277777777,0.2666666615111111,0.2666666615111111,0.15384614887573977,0.2666666615111111,0,0,0.46875,0.15384615372781063
3476237185_9389c536a3.jpg,কালো কুকুরটি ঘাসের উপর খেলছে,0.3999999992,0.24999999968749997,0.3076923024852071,0.3076923024852071,0.1818181768595043,0.3076923024852071,0,0,0.5263157894736843,0.1999999998
2358561039_e215a8d6cd.jpg,এক <unk> এক লোককে টেনে নিয়ে যাচ্ছে,0.4285714279591837,0.4285714279591837,0.42857142295918377,0.42857142295918377,0.3333333277777778,0.42857142295918377,0,0,0.6799999999999999,0.29999999969999996
5581.png,একটি নৌকায় ২ টি নৌকা চালাচ্ছে।,0.16666666638888888,0.16666666638888888,0.16666666138888903,0.16666666138888903,0.0,0.16666666138888903,0,0,0.4782608695652174,0.09090909082644627
4860.png,রাস্তা দিয়ে একজন মানুষ হেঁটে যাচ্ছে।,0.49999999916666665,0.49999999916666665,0.4999999941666667,0.4999999941666667,0.19999999460000012,0.4999999941666667,0,0,0.45833333333333337,0.37499999953124996
6492.png,অনেকগুলো মানুষ দাড়িয়ে আছে।,0.49999999875,0.33333333277777777,0.3999999944,0.3999999944,0.0,0.3999999944,0,0,0.31818181818181823,0.24999999968749997
8504.png,একজন পুরুষ আছে।,0.3333333322222222,0.14285714265306124,0.1999999954000001,0.1999999954000001,0.0,0.1999999954000001,0,0,0.36363636363636365,0.1111111109876543
217838128_1f0a84ddc1.jpg,একটি নৌকায় একজন মানুষ আছে।,0.3999999992,0.24999999968749997,0.3076923024852071,0.3076923024852071,0.0,0.16666666152777793,0,0,0.42307692307692313,0.18181818165289254
3043904009_3b5e0412cd.jpg,একজন পুরুষ এবং মহিলা একটি ছবির জন্য অঙ্গভঙ্গি করেন,0.1111111109876543,0.14285714265306124,0.12499999492187522,0.12499999492187522,0.0,0.12499999492187522,0,0,0.30612244897959184,0.06666666662222222
6809.png,সামনে একজন নারী ও পিছনের সারিতে বসে আছে।,0.24999999968749997,0.24999999968749997,0.24999999468750006,0.24999999468750006,0.14285713765306143,0.24999999468750006,0,0,0.43333333333333335,0.14285714275510203
3259110412_9908c45144.jpg,একজন স্কিচালক পাহাড়ের উপর দাঁড়িয়ে আছে।,0.16666666638888888,0.14285714265306124,0.15384614863905344,0.15384614863905344,0.0,0.15384614863905344,0,0,0.34615384615384615,0.08333333326388888
2114355355_9d7e2d8178.jpg,একটি সাদা কুকুর পানির উপর দিয়ে যাত্রা শুরু করছে।,0.3333333329629629,0.3333333329629629,0.333333327962963,0.333333327962963,0.0,0.333333327962963,0,0,0.48571428571428577,0.21428571413265304
4763.png,নদীর পাড়ে রেললাইনের পাশে পাড়ে অনেক গাছ আছে।,0.12499999984374999,0.1999999996,0.15384614887573977,0.15384614887573977,0.0,0.15384614887573977,0,0,0.31034482758620685,0.09090909082644627
3315616181_15dd137e27.jpg,একজন লোক স্কেটবোর্ডে চড়ে একটি উচু পোল হাতে নিয়ে লাফাচ্ছে,0.1999999998,0.24999999968749997,0.22222221703703712,0.22222221703703712,0.11764705370242234,0.22222221703703712,0,0,0.368421052631579,0.13333333324444444
2434.png,কালো রঙের একটা কালো রঙের একটা কালো রঙের একটা কালো রঙের একটা কালো রঙের একটা কালো রঙের একটা কালো রঙের একটা কালো রঙের একটা কালো রঙের একটা কালো রঙের একটা কালো রঙের একটা কালো রঙের একটা কালো রঙের একটা কালো,0.0,0.0,0.0,0.0,0.0,0.0,0,0,0.11724137931034484,0.0
4776.png,একজন ছেলে রেল লাইন ধরে বসে আছে।,0.4285714279591837,0.37499999953124996,0.3999999944888889,0.3999999944888889,0.0,0.3999999944888889,0,0,0.4642857142857143,0.2727272724793388
245252561_4f20f1c89e.jpg,একটি কুকুর একটি কালো কুকুর,0.9999999980000001,0.45454545413223135,0.6249999949218751,0.6249999949218751,0.36363635834710756,0.615384609704142,0,0,0.5357142857142857,0.4285714279591837
3222041930_f642f49d28.jpg,একজন লোক একটি কালো স্যুট পরে একজন লোক আলোচনা করছে,0.29999999969999996,0.2727272724793388,0.28571428045351477,0.28571428045351477,0.11764705370242234,0.28571428045351477,0,0,0.38636363636363635,0.1874999998828125
1919.png,একজন পুরুষ মাথায় করে আছে।,0.3999999992,0.33333333277777777,0.36363635801652905,0.36363635801652905,0.0,0.36363635801652905,0,0,0.38095238095238093,0.2222222219753086
100577935.jpg,একজন লোক একটি <unk> <unk> <unk> <unk> <unk> <unk> <unk> <unk> <unk> <unk> <unk> <unk> <unk> <unk> <unk> <unk> <unk> <unk> <unk> <unk> <unk> <unk> <unk> <unk> <unk> <unk> <unk> <unk> <unk> <unk> <unk> <unk> <unk> <unk> <unk> <unk> <unk>,0.07499999998125,0.4285714279591837,0.12765957187867819,0.12765957187867819,0.045454543419421574,0.12765957187867819,0,0,0.16352201257861632,0.37499999953124996
2532.png,কয়েকজন মানুষ আছে।,0.3333333322222222,0.249999999375,0.28571428000000004,0.28571428000000004,0.0,0.28571428000000004,0,0,0.5,0.16666666638888888
3679502342_7fe6ef8a36.jpg,একটি লোক একটি দালানের সামনে দাড়িয়ে আছে,0.2857142853061225,0.2222222219753086,0.24999999476562512,0.24999999476562512,0.0,0.24999999476562512,0,0,0.5,0.15384615372781063
2959941749_fa99097463.jpg,দুজন আইস হকি খেলা একটি আইস হকি খেলোয়াড় গোল ব্লক করার চেষ্টা করছেন,0.23076923059171597,0.7499999981250001,0.35294117245674744,0.35294117245674744,0.1333333299555556,0.35294117245674744,0,0,0.36734693877551017,0.24999999979166665
396.png,একজন নারী হেঁটে যাচ্ছে।,0.7499999981250001,0.37499999953124996,0.49999999472222234,0.49999999472222234,0.1999999954000001,0.49999999472222234,0,0,0.48275862068965514,0.3333333329629629
3247500085_c4f641aa84.jpg,দুটি মূর্তি রয়েছে,0.0,0.0,0.0,0.0,0.0,0.0,0,0,0.2857142857142857,0.0
2059842472_f4fb61ea08.jpg,একটি ছোট্ট ছেলে ক্যামেরার দিকে তাকিয়ে আছে,0.2857142853061225,0.2222222219753086,0.24999999476562512,0.24999999476562512,0.1428571377551022,0.24999999476562512,0,0,0.4117647058823529,0.14285714275510203
5583.png,মেলায় একটি শিশু খেলছে।,0.249999999375,0.3333333322222222,0.28571428000000004,0.28571428000000004,0.0,0.28571428000000004,0,0,0.3571428571428571,0.16666666638888888
1921398767_771743bf4e.jpg,সমুদ্র <unk> একটি কুকুর সমুদ্রের ফেনার উপর দিয়ে চলছে,0.3333333329629629,0.49999999916666665,0.3999999946666667,0.3999999946666667,0.16666666194444454,0.2857142807142858,0,0,0.3513513513513513,0.2727272724793388
8924.png,সমুদ্র সৈকতে একটি ছেলে সৈকতে বালুতে দৌড়াচ্ছে।,0.14285714265306124,0.1111111109876543,0.12499999492187522,0.12499999492187522,0.0,0.12499999492187522,0,0,0.5,0.07142857137755101
979.png,৪ জন ছেলে একজন হাতে মাইক্রোফোন নিয়ে আছে।,0.12499999984374999,0.1999999996,0.15384614887573977,0.15384614887573977,0.0,0.15384614887573977,0,0,0.3125,0.08333333326388888
3433470650_a8b1c27173.jpg,ফুটপাতে লোকজন বাইরে ফুটপাতে ফুটপাতে দাঁড়িয়ে আছে।,0.0,0.0,0.0,0.0,0.0,0.0,0,0,0.26190476190476186,0.0
2988439935_7cea05bc48.jpg,লাল রঙের জার্সি পরিহিত একজন খেলোয়াড় বল লাথি দিচ্ছে,0.5555555549382716,0.6249999992187499,0.5882352884429066,0.5882352884429066,0.2666666613333334,0.5882352884429066,0,0,0.8,0.41666666631944443
2077.png,এটি একটি ব্রীজ দেখা যাচ্ছে।,0.0,0.0,0.0,0.0,0.0,0.0,0,0,0.23529411764705888,0.0
1022454428_b6b660a67b.jpg,একজন পুরুষ একটি গাড়ির পাশে একটি ছেলেকে গাড়ির পাশে বসে আছে,0.5454545449586776,0.29999999985,0.38709676936524445,0.38709676936524445,0.13793102986920347,0.33333332809027777,0,0,0.4285714285714286,0.22727272716942148
3462.png,একটি বাঘ আছে।,0.3333333322222222,0.249999999375,0.28571428000000004,0.28571428000000004,0.0,0.28571428000000004,0,0,0.3571428571428571,0.16666666638888888
6811.png,নৌকার উপর একজন পুরুষ বসে আছে,0.33333333277777777,0.2222222219753086,0.2666666615111111,0.2666666615111111,0.0,0.2666666615111111,0,0,0.368421052631579,0.15384615372781063
2308271254_27fb466eb4.jpg,একটি কুকুর পানিতে সাঁতার কাটছে,0.3999999992,0.33333333277777777,0.36363635801652905,0.36363635801652905,0.0,0.36363635801652905,0,0,0.6842105263157895,0.2222222219753086
5534.png,রাস্তার উপর একটি ছাতার নিচে বসে আছে।,0.2857142853061225,0.49999999875,0.36363635834710756,0.36363635834710756,0.2222222172839507,0.36363635834710756,0,0,0.36363636363636365,0.2222222219753086
1631.png,একজন নারী বসে আছে।,0.49999999875,0.3999999992,0.4444444385185186,0.4444444385185186,0.28571428000000004,0.4444444385185186,0,0,0.6,0.2857142853061225
1552.png,কয়েকজন মানুষ দাড়িয়ে আছে যার মাঝে একজনের হাতে কিছু বিক্রি করছে যার মাঝে একজনের হাতে কিছু বিক্রি করছে যার মাঝে একজনের হাতে কিছু বিক্রি করছে যার মাঝে একজনের হাতে কিছু বিক্রি করছে যার মাঝে একজনের হাতে কিছু বিক্রি করছে যার,0.0499999999875,0.09999999995,0.0666666622000003,0.0666666622000003,0.034482754203329934,0.0666666622000003,0,0,0.30201342281879195,0.07692307686390532
1027.png,কিছু নৌকা থেকে পানিতে নেমে গোসল করছে।,0.2857142853061225,0.2222222219753086,0.24999999476562512,0.24999999476562512,0.0,0.24999999476562512,0,0,0.4193548387096774,0.16666666652777776
2946016853_ceca4f5a07.jpg,একটি কুকুর একটি লাল রঙের খেলানার উপর দিয়ে বাতাসে লাফ দিচ্ছে,0.18181818165289254,0.1999999998,0.19047618530612256,0.19047618530612256,0.10526315279778417,0.19047618530612256,0,0,0.46341463414634143,0.1111111110493827
4868.png,একটি রাস্তার পাশ দিয়ে একটি শিশু খেলছে। পাশে একটি রাস্তার পাশে বসে আছে।,0.15384615372781063,0.6666666644444444,0.24999999664062497,0.24999999664062497,0.0,0.24999999664062497,0,0,0.17391304347826086,0.1999999998
7227.png,রাস্তা দিয়ে একজন মানুষ দেখা যাচ্ছে।,0.49999999916666665,0.7499999981250001,0.5999999940000001,0.5999999940000001,0.24999999468750006,0.5999999940000001,0,0,0.5909090909090908,0.4285714279591837
536.png,দুইটি শিশু আছে।,0.6666666644444444,0.2857142853061225,0.39999999500000005,0.39999999500000005,0.0,0.39999999500000005,0,0,0.29166666666666663,0.24999999968749997
3266.png,একজন নারী একটি শিশু কোলে নিয়ে আছে।,0.2857142853061225,0.18181818165289254,0.22222221722222232,0.22222221722222232,0.0,0.22222221722222232,0,0,0.3913043478260869,0.124999999921875
3410.png,একজন নারী আছে।,0.6666666644444444,0.3999999992,0.49999999406250006,0.49999999406250006,0.0,0.49999999406250006,0,0,0.5,0.33333333277777777
3069786374_804e1123ac.jpg,একজন বাস্কেটবল খেলোয়াড় বল মারছে,0.0,0.0,0.0,0.0,0.0,0.0,0,0,0.303030303030303,0.0
8801.png,প্রকৃতির কোলে একটি মেয়ে গ্রামের পরিবেশে একটা গাছের সামনে হাসি আর একটা কাঠের গাছ <unk>,0.06666666662222222,0.0999999999,0.07999999513600028,0.07999999513600028,0.0,0.07999999513600028,0,0,0.31034482758620685,0.04347826085066162
346641231_599560082134013_8971390440590816718_n.jpg,তার পরনে একজোড়া কালো কুকুর এর সামনে দাঁড়িয়ে আছে যা তার উষ্ণ আলো দেখা যাচ্ছে।,0.13333333324444444,0.18181818165289254,0.153846148846154,0.153846148846154,0.08333332840277806,0.153846148846154,0,0,0.3137254901960784,0.08695652170132324
