image,pred,precision,recall,f1,r1_f1,r2_f1,rl_f1,exact_match,normalized_exact_match,char_lev_ratio,token_jaccard
636.png,একজন পুরুষ ও একজন নারী ও একজন নারী ও একজন নারী ও একজন নারী ও একজন নারী ও একজন নারী ও একজন নারী ও একজন নারী ও একজন নারী ও একজন নারী ও একজন নারী ও একজন নারী ও একজন,0.099999999975,0.4444444439506172,0.1632653030570596,0.1632653030570596,0.0851063801177004,0.1632653030570596,0,0,0.1777777777777778,0.3333333329629629
1393.png,কয়েকজন মানুষ দাড়িয়ে আছে।,0.7499999981250001,0.4285714279591837,0.5454545398347109,0.5454545398347109,0.2222222172839507,0.5454545398347109,0,0,0.4285714285714286,0.37499999953124996
8985.png,দূরে একজন মানুষ হেঁটে যাচ্ছে।,0.1999999996,0.3333333322222222,0.24999999468750006,0.24999999468750006,0.0,0.24999999468750006,0,0,0.2777777777777778,0.14285714265306124
8975.png,একজন পুরুষ বসে আছে।,0.0,0.0,0.0,0.0,0.0,0.0,0,0,0.33333333333333337,0.0
5627.png,কয়েকজন মানুষ দাড়িয়ে আছে।,0.49999999875,0.49999999875,0.4999999937500001,0.4999999937500001,0.33333332722222225,0.4999999937500001,0,0,0.6875,0.33333333277777777
IMG_20220921_123453.jpg,একজন লোক মঞ্চের উপর একটি মেয়ে একটি <unk> ডাইভিং সরঞ্জামের কাছে একটি <unk> ডাইভিং সরঞ্জামের কাছে একটি <unk> ডাইভিং সরঞ্জামের কাছে একটি <unk> ডাইভিং সরঞ্জামের কাছে একটি <unk> ডাইভিং সরঞ্জামের কাছে একটি <unk> ডাইভিং সরঞ্জামের কাছে একটি <unk> ডাইভিং সরঞ্জামের,0.0499999999875,0.1999999998,0.07999999676800014,0.07999999676800014,0.0,0.07999999676800014,0,0,0.15517241379310343,0.11764705875432525
2374652725_32f90fa15c.jpg,একটি কালো কুকুর একটি বরফের মধ্যে দাঁড়িয়ে আছে।,0.6249999992187499,0.3846153843195266,0.4761904710204082,0.4761904710204082,0.374999994609375,0.3809523758730159,0,0,0.6,0.28571428551020406
1613.png,কয়েকজন মানুষ দাড়িয়ে আছে।,0.49999999875,0.49999999875,0.4999999937500001,0.4999999937500001,0.0,0.4999999937500001,0,0,0.5625,0.33333333277777777
7353.png,একজন পুরুষ মাথায় ইট নিয়ে দাড়িয়ে আছে।,0.4285714279591837,0.4285714279591837,0.42857142295918377,0.42857142295918377,0.0,0.42857142295918377,0,0,0.31999999999999995,0.2727272724793388
1134.png,৪ জন বাচ্চা মেয়ে পিঠে <unk> সাহায্য নিচ্ছে এবং ৪ জন বাচ্চা ভিক্ষুক এবং ৪ জন বাচ্চা ভিক্ষুক এবং ৪ জন বাচ্চা ভিক্ষুক এবং ৪ জন বাচ্চা ভিক্ষুক এবং ৪ জন বাচ্চা ভিক্ষুক এবং ৪ জন বাচ্চা ভিক্ষুক এবং ৪,0.12499999996875,0.3571428568877551,0.18518518127572023,0.18518518127572023,0.0769230731434913,0.14814814425240067,0,0,0.22388059701492535,0.21052631567867036
3125309108_1011486589.jpg,একজন ফুটবল খেলোয়াড় বল হাতে নিয়ে খেলা খেলছে।,0.24999999968749997,0.2222222219753086,0.23529411238754333,0.23529411238754333,0.0,0.11764705370242234,0,0,0.35,0.13333333324444444
2371749487_d80195a2e7.jpg,একটি <unk> চার চাকার গাড়িতে একটি <unk> চার চাকার গাড়িতে করে,0.2727272724793388,0.2727272724793388,0.2727272674793389,0.2727272674793389,0.09999999490000026,0.2727272674793389,0,0,0.30000000000000004,0.15384615372781063
634.png,একজন পুরুষ মাথায় গোল হওয়া ভিক্ষা চাচ্ছে,0.2857142853061225,0.2857142853061225,0.28571428030612256,0.28571428030612256,0.0,0.28571428030612256,0,0,0.40740740740740744,0.16666666652777776
3180.png,একজন পুরুষ ও একজন নারী দাড়িয়ে আছে।,0.571428570612245,0.6666666655555555,0.6153846094674558,0.6153846094674558,0.0,0.3076923022485208,0,0,0.56,0.49999999937499995
5999.png,একটি <unk>,0.0,0.0,0.0,0.0,0.0,0.0,0,0,0.2727272727272727,0.0
502671104_b2114246c7.jpg,একটি শিশু একটি ছোট বাচ্চা সাঁতার কাটছে,0.2857142853061225,0.2222222219753086,0.24999999476562512,0.24999999476562512,0.1428571377551022,0.24999999476562512,0,0,0.4054054054054054,0.15384615372781063
6214.png,একটি <unk> একটি মন্দির।,0.7499999981250001,0.1874999998828125,0.29999999650000003,0.29999999650000003,0.1111111082098766,0.29999999650000003,0,0,0.25,0.13333333324444444
2877088081_7ca408cb25.jpg,একজন স্কেটবোর্ডার একটি বাঁকে ঘুরছে,0.5999999988,0.4285714279591837,0.4999999943055557,0.4999999943055557,0.3999999944,0.4999999943055557,0,0,0.6896551724137931,0.3333333329629629
3352791995_8db4979aca.jpg,একজন মহিলা একটি ছোট ছেলেকে জড়িয়ে আছে,0.2857142853061225,0.24999999968749997,0.2666666613333334,0.2666666613333334,0.0,0.2666666613333334,0,0,0.5,0.16666666652777776
3336759846_5220e27deb.jpg,একজন মহিলা এক নারীর পাশ দিয়ে ছবি তুলছে,0.37499999953124996,0.37499999953124996,0.37499999453125,0.37499999453125,0.14285713765306143,0.37499999453125,0,0,0.5,0.23076923059171597
514222285_aa0c8d05b7.jpg,একজন লোক একটি বরফের পাহাড়ে স্কি করছে,0.2857142853061225,0.24999999968749997,0.2666666613333334,0.2666666613333334,0.0,0.2666666613333334,0,0,0.5,0.16666666652777776
8281.png,একটি শিশু পানিতে সাঁতার কাটছে,0.5999999988,0.7499999981250001,0.6666666602469137,0.6666666602469137,0.28571428000000004,0.4444444385185186,0,0,0.3939393939393939,0.49999999916666665
690.png,একজন নারী তাকিয়ে আছে।,0.7499999981250001,0.4285714279591837,0.5454545398347109,0.5454545398347109,0.2222222172839507,0.5454545398347109,0,0,0.5416666666666667,0.37499999953124996
IMG_20220915_163434.jpg,একটি শিশু বেলুন নিয়ে দাঁড়িয়ে আছে।,0.16666666638888888,0.16666666638888888,0.16666666138888903,0.16666666138888903,0.0,0.16666666138888903,0,0,0.25806451612903225,0.09090909082644627
1170586898.jpg,একটি শিশু সৈকতে খেলছে,0.249999999375,0.07692307686390532,0.11764705508650528,0.11764705508650528,0.0,0.11764705508650528,0,0,0.23404255319148937,0.0624999999609375
4802.png,একজন নারী বসে আছে।,0.249999999375,0.3333333322222222,0.28571428000000004,0.28571428000000004,0.0,0.28571428000000004,0,0,0.3846153846153846,0.16666666638888888
7408.png,একজন নারী আছে।,0.9999999966666667,0.5999999988,0.7499999934375,0.7499999934375,0.6666666600000001,0.7499999934375,0,0,0.5882352941176471,0.5999999988
2555.png,একজন বৃদ্ধ নারী তাকিয়ে আছে।,0.5999999988,0.2727272724793388,0.374999995234375,0.374999995234375,0.0,0.374999995234375,0,0,0.31707317073170727,0.23076923059171597
5898.png,একজন নারী একটি গাড়ির দরজায় ছাতা ধরে হেটে যাচ্ছে,0.1111111109876543,0.12499999984374999,0.11764705370242234,0.11764705370242234,0.0,0.11764705370242234,0,0,0.36363636363636365,0.0624999999609375
_MG_1672.JPG,একজন লোক একটি <unk>,0.249999999375,0.249999999375,0.2499999943750001,0.2499999943750001,0.0,0.2499999943750001,0,0,0.4,0.14285714265306124
IMG_0606.JPG,একজন পুরুষ ও দুইটি শিশু দাড়িয়ে আছে।,0.0,0.0,0.0,0.0,0.0,0.0,0,0,0.45833333333333337,0.0
3442.png,দূরে কয়েকজন মানুষ হেঁটে যাচ্ছে।,0.7999999984,0.3999999996,0.5333333281777778,0.5333333281777778,0.4615384565680474,0.5333333281777778,0,0,0.44999999999999996,0.4444444439506172
8585.png,একজন পুরুষ ও দুইটি শিশু আছে।,0.16666666638888888,0.249999999375,0.1999999948000001,0.1999999948000001,0.0,0.1999999948000001,0,0,0.34615384615384615,0.1111111109876543
5454.png,কয়েকজন পুরুষ বসে আছে।,0.249999999375,0.249999999375,0.2499999943750001,0.2499999943750001,0.0,0.2499999943750001,0,0,0.31034482758620685,0.14285714265306124
2663794355_e726ec7e05.jpg,একজন মহিলা একটি পাথরের উপর বসে আছে,0.4285714279591837,0.3333333329629629,0.374999994609375,0.374999994609375,0.16666666138888903,0.374999994609375,0,0,0.5161290322580645,0.23076923059171597
1357.png,একজন পুরুষ বসে আছে।,0.49999999875,0.13333333324444444,0.21052631224376733,0.21052631224376733,0.0,0.21052631224376733,0,0,0.18867924528301883,0.14285714275510203
2563578471_9a4e4c2ecc.jpg,একটি ছেলে সৈকতে খেলছে,0.49999999875,0.2857142853061225,0.36363635834710756,0.36363635834710756,0.0,0.36363635834710756,0,0,0.5217391304347826,0.2222222219753086
peakpx.jpg,একজন নারী আছে।,0.3333333322222222,0.16666666638888888,0.2222222172839507,0.2222222172839507,0.0,0.2222222172839507,0,0,0.33333333333333337,0.12499999984374999
566794440_f9ec673a2f.jpg,একজন বেসবল খেলোয়াড় একটি বেসবল খেলছে,0.33333333277777777,0.16666666652777776,0.22222221753086427,0.22222221753086427,0.0,0.22222221753086427,0,0,0.4,0.14285714265306124
9100.png,একটি শিশু আছে।,0.9999999966666667,0.5999999988,0.7499999934375,0.7499999934375,0.6666666600000001,0.7499999934375,0,0,0.5625,0.5999999988
2490863987_715383944a.jpg,একজন লোক একটি <unk> <unk> <unk>,0.6666666655555555,0.4444444439506172,0.5333333278222222,0.5333333278222222,0.15384614887573977,0.3999999946666667,0,0,0.4242424242424242,0.4444444439506172
pexels-niaz-sumon-103839943-10126101.jpg,একটি শিশু দাড়িয়ে আছে।,0.0,0.0,0.0,0.0,0.0,0.0,0,0,0.25,0.0
8425.png,একজন পুরুষ বসে কাজ করছে।,0.1999999996,0.3333333322222222,0.24999999468750006,0.24999999468750006,0.0,0.24999999468750006,0,0,0.4444444444444444,0.14285714265306124
7489.png,একটি কুকুর একটি পাখি নিয়ে দাড়িয়ে আছে।,0.2857142853061225,0.33333333277777777,0.3076923022485208,0.3076923022485208,0.0,0.3076923022485208,0,0,0.45833333333333337,0.1999999998
2271671533_7538ccd556.jpg,একজন স্নোবোর্ডার একটি হ্রদ সহ বরফের পাহাড়ে চড়ে বরফের পাহাড়ে চড়ে বরফের পাহাড়ে চড়ে বরফের পাহাড়ে চড়ে বরফের পাহাড়ে চড়ে বরফের পাহাড়ে চড়ে বরফের পাহাড়ে চড়ে বরফের পাহাড়ে চড়ে বরফের পাহাড়ে চড়ে বরফের পাহাড়ে চড়ে বরফের পাহাড়ে চড়ে বরফের পাহাড়ে,0.0499999999875,0.2857142853061225,0.08510638040742426,0.08510638040742426,0.0,0.04255318893617037,0,0,0.12269938650306744,0.15384615372781063
314685044_da4390728e.jpg,একটি দম্পতি একটি ভ্রাম্যমাণ আনন্দমেলায় একটি <unk> থেকে বিরতি নিলো,0.1999999998,0.2222222219753086,0.21052631058171756,0.21052631058171756,0.11764705370242234,0.21052631058171756,0,0,0.3555555555555555,0.13333333324444444
5334.png,পাহার দিয়ে পানি ঝড়ছে কয়েকজন মানুষ গোছল করছে।,0.49999999937499995,0.7999999984,0.615384609704142,0.615384609704142,0.36363635834710756,0.615384609704142,0,0,0.78125,0.4444444439506172
3435233065_3411f2d29d.jpg,একটি শিশু গাছের পাশে সাইকেল চালাচ্ছে,0.33333333277777777,0.33333333277777777,0.3333333277777778,0.3333333277777778,0.19999999460000012,0.3333333277777778,0,0,0.5925925925925926,0.1999999998
6424.png,দুইজন পুরুষ ও দুইটি শিশু দাড়িয়ে আছে।,0.0,0.0,0.0,0.0,0.0,0.0,0,0,0.25,0.0
1355703632_5683a4b6fb.jpg,একটি ছেলে একটি গেম চলাকালীন সময়ে সময়ে <unk>,0.24999999968749997,0.24999999968749997,0.24999999468750006,0.24999999468750006,0.0,0.15384614887573977,0,0,0.2941176470588235,0.16666666652777776
6949.png,একটি রাস্তা দিয়ে একটি সেতু আছে।,0.16666666638888888,0.249999999375,0.1999999948000001,0.1999999948000001,0.0,0.1999999948000001,0,0,0.3571428571428571,0.12499999984374999
2403.png,একটি নৌকায় একজন মানুষ আছে।,0.0,0.0,0.0,0.0,0.0,0.0,0,0,0.23529411764705888,0.0
2512682478_b67cc525c7.jpg,একটি শিশু একটি ফুটবল খেলছে,0.1999999996,0.16666666638888888,0.1818181765289258,0.1818181765289258,0.0,0.1818181765289258,0,0,0.46153846153846156,0.1111111109876543
2084.png,একজন পুরুষ বসে আছে।,0.7499999981250001,0.37499999953124996,0.49999999472222234,0.49999999472222234,0.1999999954000001,0.49999999472222234,0,0,0.3939393939393939,0.3333333329629629
401476986_73918145a3.jpg,একটি কুকুর একটি বাদামী কুকুর দৌড়াচ্ছে,0.6666666655555555,0.30769230745562126,0.4210526268144044,0.4210526268144044,0.19999999460000012,0.3333333277777778,0,0,0.5416666666666667,0.24999999968749997
3778.png,একটি উজ্জ্বল রঙের জামা পরা মহিলা একটি <unk>,0.12499999984374999,0.1111111109876543,0.11764705370242234,0.11764705370242234,0.0,0.11764705370242234,0,0,0.22580645161290325,0.07142857137755101
7201.png,কয়েকজন মানুষ হেঁটে যাচ্ছে।,0.49999999875,0.49999999875,0.4999999937500001,0.4999999937500001,0.0,0.4999999937500001,0,0,0.625,0.33333333277777777
4897.png,একজন মানুষ আছে।,0.3333333322222222,0.1999999996,0.24999999468750006,0.24999999468750006,0.0,0.24999999468750006,0,0,0.26315789473684215,0.14285714265306124
3016178284_ec50a09e8c.jpg,সাইকেল চালক প্রতিযোগিতা করছে,0.49999999875,0.2857142853061225,0.36363635834710756,0.36363635834710756,0.2222222172839507,0.36363635834710756,0,0,0.43333333333333335,0.24999999968749997
3518.png,একটি শিশু গাছে ধাক্কা দিচ্ছে।,0.1999999996,0.0999999999,0.13333332871111125,0.13333332871111125,0.0,0.13333332871111125,0,0,0.2941176470588235,0.07142857137755101
2856252334_1b1a230e70.jpg,একটি ছেলে টিনের ঘর আছে।,0.3999999992,0.2857142853061225,0.33333332791666676,0.33333332791666676,0.1999999948000001,0.33333332791666676,0,0,0.48,0.1999999998
3330654550_3efe9a71af.jpg,দুই লোক একটি <unk> রাস্তায় সাইকেল নিয়ে সাইকেল নিয়ে সাইকেল নিয়ে সাইকেল নিয়ে সাইকেল নিয়ে সাইকেল নিয়ে সাইকেল নিয়ে সাইকেল নিয়ে সাইকেল নিয়ে সাইকেল নিয়ে সাইকেল নিয়ে সাইকেল নিয়ে সাইকেল নিয়ে সাইকেল নিয়ে সাইকেল নিয়ে সাইকেল নিয়ে সাইকেল নিয়ে সাইকেল,0.07499999998125,0.3333333329629629,0.1224489765431071,0.1224489765431071,0.0,0.08163265002915464,0,0,0.13207547169811318,0.1999999998
1466479163_439db855af.jpg,একটি কুকুর একটি ফ্রিসবি ধরার জন্য একটি কুকুর দৌড়াচ্ছে,0.3333333329629629,0.49999999916666665,0.3999999946666667,0.3999999946666667,0.15384614887573977,0.3999999946666667,0,0,0.4864864864864865,0.3333333329629629
3436.png,অনেকগুলো মানুষ আছে।,0.6666666644444444,0.24999999968749997,0.36363635900826446,0.36363635900826446,0.0,0.36363635900826446,0,0,0.3666666666666667,0.2222222219753086
3441145615_b4fcd9eea0.jpg,একটি <unk> <unk>,0.3333333322222222,0.16666666638888888,0.2222222172839507,0.2222222172839507,0.0,0.2222222172839507,0,0,0.18518518518518523,0.14285714265306124
1171.png,একজন নারী ও একজন নারী দাড়িয়ে আছে।,0.4285714279591837,0.49999999916666665,0.4615384558579882,0.4615384558579882,0.1818181765289258,0.4615384558579882,0,0,0.5416666666666667,0.37499999953124996
2895700779_fac1d9d278.jpg,একটি শিশু আছে।,0.3333333322222222,0.14285714265306124,0.1999999954000001,0.1999999954000001,0.0,0.1999999954000001,0,0,0.19999999999999996,0.1111111109876543
2747714500_49476225c6.jpg,দুইজন মেয়ে শিশু আছে।,0.249999999375,0.1999999996,0.2222222167901236,0.2222222167901236,0.0,0.2222222167901236,0,0,0.38095238095238093,0.12499999984374999
7969.png,একজন নারী আছে।,0.3333333322222222,0.3333333322222222,0.33333332722222225,0.33333332722222225,0.0,0.33333332722222225,0,0,0.6,0.1999999996
2257099774_37d0d3aa9a.jpg,একটি দম্পতি রেস্টুরেন্টের সামনে একটি মদের দোকানে বাজার <unk> দোকানের ভিতর আবর্জনা দিয়ে বিয়ার হাতে খাবার ঝুলছে,0.1764705881314879,0.29999999969999996,0.22222221739369005,0.22222221739369005,0.0,0.16666666239583344,0,0,0.3287671232876712,0.13043478255198487
_MG_3151.JPG,একটা ছেলে দাড়িয়ে আছে,0.49999999875,0.49999999875,0.4999999937500001,0.4999999937500001,0.0,0.4999999937500001,0,0,0.6153846153846154,0.33333333277777777
1263126002_881ebd7ac9.jpg,একটি শিশু একটি <unk>,0.7499999981250001,0.4285714279591837,0.5454545398347109,0.5454545398347109,0.2222222172839507,0.36363635834710756,0,0,0.4,0.2857142853061225
5862.png,একটি <unk> একটি শিশু দাড়িয়ে আছে।,0.49999999916666665,0.29999999969999996,0.37499999484375,0.37499999484375,0.0,0.37499999484375,0,0,0.3076923076923077,0.16666666652777776
3208074567_ac44aeb3f3.jpg,এক ব্যক্তি তার হাত দিয়ে একটি ছোট ছেলে পানি ছিটাচ্ছে,0.1999999998,0.33333333277777777,0.24999999500000003,0.24999999500000003,0.0,0.24999999500000003,0,0,0.3529411764705882,0.14285714275510203
2974.png,অনেকগুলো মানুষ আছে।,0.3333333322222222,0.14285714265306124,0.1999999954000001,0.1999999954000001,0.0,0.1999999954000001,0,0,0.21212121212121215,0.1111111109876543
247097023_e656d5854d.jpg,একজন পুরুষ মাথায় <unk>,0.49999999875,0.14285714275510203,0.22222221851851853,0.22222221851851853,0.0,0.1999999948000001,0,0,0.30000000000000004,0.124999999921875
3751594676_edfbfa0688.jpg,একটি শিশু একটি <unk>,0.249999999375,0.249999999375,0.2499999943750001,0.2499999943750001,0.1111111082098766,0.2499999943750001,0,0,0.4285714285714286,0.16666666638888888
1375.png,একটি মুরগি ও একটি গরু আছে।,0.0,0.0,0.0,0.0,0.0,0.0,0,0,0.31034482758620685,0.0
2648165716_02e2e74fd6.jpg,একটি শিশু একটি <unk> <unk>,0.3999999992,0.2857142853061225,0.33333332791666676,0.33333332791666676,0.1999999948000001,0.33333332791666676,0,0,0.3666666666666667,0.24999999968749997
3484.png,একজন পুরুষ দাড়িয়ে আছে।,0.9999999975,0.4444444439506172,0.6153846101775148,0.6153846101775148,0.5454545404958677,0.6153846101775148,0,0,0.41666666666666663,0.49999999937499995
3585123310_9a8e94bd2b.jpg,একটি কুকুর একটি ফ্রিসবি ধরার চেষ্টা করছে,0.14285714265306124,0.1999999996,0.16666666152777793,0.16666666152777793,0.0,0.16666666152777793,0,0,0.41025641025641024,0.0999999999
2869.png,একজন পুরুষ ও একজন নারী ও একজন নারী ও একজন নারী ও একজন নারী ও একজন নারী ও একজন নারী ও একজন নারী ও একজন নারী ও একজন নারী ও একজন নারী ও একজন নারী ও একজন নারী ও একজন,0.0,0.0,0.0,0.0,0.0,0.0,0,0,0.15555555555555556,0.0
2148695079_9ae6a9b1c7.jpg,একটি সাদা কুকুর একটি বরফের উপর দৌড়াচ্ছে,0.571428570612245,0.3999999996,0.4705882298961938,0.4705882298961938,0.3333333277777778,0.4705882298961938,0,0,0.5714285714285714,0.3333333330555555
1663454406_5e2cf8c5bb.jpg,একজন লোক একটি <unk> অতিক্রম করার চেষ্টা করছে,0.24999999968749997,0.33333333277777777,0.2857142804081633,0.2857142804081633,0.16666666152777793,0.2857142804081633,0,0,0.3939393939393939,0.16666666652777776
3511890331_6163612bb9.jpg,একটি ঘোড়া একটি বাদামী ঘোড়া এবং একটি ঘোড়া চালাচ্ছে,0.4444444439506172,0.30769230745562126,0.3636363584710744,0.3636363584710744,0.09999999510000022,0.2727272676446281,0,0,0.4,0.13333333324444444
244368383_e90b6b2f20.jpg,কিছু শিশু আইসক্রিম খাচ্ছে।,0.0,0.0,0.0,0.0,0.0,0.0,0,0,0.25,0.0
252802010_3d47bee500.jpg,দুটি কুকুর ঘাসের উপর দৌড়াচ্ছে,0.5999999988,0.5999999988,0.5999999938,0.5999999938,0.4999999937500001,0.5999999938,0,0,0.6842105263157895,0.4285714279591837
2839807428_efe42423f2.jpg,একজন লোক একটি বল মারতে লাফ দিচ্ছে,0.4285714279591837,0.24999999979166665,0.31578946869806096,0.31578946869806096,0.0,0.23529411252595167,0,0,0.43333333333333335,0.1874999998828125
3304556387_203b9d4db0.jpg,একটি কুকুর একটি কুকুর একটি লাঠি হাতে নিয়ে খেলা করছে,0.1999999998,0.13333333324444444,0.15999999507200013,0.15999999507200013,0.0,0.15999999507200013,0,0,0.4,0.09999999995
7887.png,একটি নৌকা চালিয়ে যাচ্ছেন একজন পুরুষ মানুষ।,0.571428570612245,0.571428570612245,0.5714285656122451,0.5714285656122451,0.1999999948000001,0.42857142295918377,0,0,0.3928571428571429,0.3999999996
5950.png,একজন পুরুষ বসে আছে।,0.9999999975,0.4444444439506172,0.6153846101775148,0.6153846101775148,0.5454545404958677,0.6153846101775148,0,0,0.4242424242424242,0.4444444439506172
8992.png,একজন লোক একটি <unk> আগুন জ্বলছে এবং তার পিছনের লোকজন দেখছে,0.18181818165289254,0.1999999998,0.19047618530612256,0.19047618530612256,0.09090908586776886,0.19047618530612256,0,0,0.31818181818181823,0.1111111110493827
8225.png,একজন নারী দাড়িয়ে আছে।,0.249999999375,0.249999999375,0.2499999943750001,0.2499999943750001,0.0,0.2499999943750001,0,0,0.5714285714285714,0.14285714265306124
364213568_7f83e7d144.jpg,দুটি কুকুর পানিতে খেলছে,0.49999999875,0.3999999992,0.4444444385185186,0.4444444385185186,0.28571428000000004,0.4444444385185186,0,0,0.2894736842105263,0.2857142853061225
278608022_4175813019.jpg,একটি ছেলে একটি ফুটবলে লাথি মারার জন্য ঐ লোকের সামনের দিকে দৌড়ে সামনের দিকে দৌড়ে সামনের দিকে দৌড়ে সামনের দিকে দৌড়ে সামনের দিকে দৌড়ে সামনের দিকে দৌড়ে সামনের দিকে দৌড়ে সামনের দিকে দৌড়ে সামনের দিকে দৌড়ে সামনের দিকে দৌড়ে সামনের,0.07499999998125,0.29999999969999996,0.11999999675200007,0.11999999675200007,0.0,0.11999999675200007,0,0,0.11564625850340138,0.1111111110493827
3702436188_2c26192fd0.jpg,একজন লোক একটি স্কেটবোর্ডে চড়ে একটি বাঁকে স্কেটবোর্ডে চড়ে একটি বাঁকে স্কেটবোর্ডে চড়ে একটি বাঁকে স্কেটবোর্ডে চড়ে একটি বাঁকে স্কেটবোর্ডে চড়ে একটি বাঁকে স্কেটবোর্ডে চড়ে একটি বাঁকে স্কেটবোর্ডে চড়ে একটি বাঁকে স্কেটবোর্ডে চড়ে একটি বাঁকে স্কেটবোর্ডে চড়ে একটি বাঁকে স্কেটবোর্ডে,0.07499999998125,0.9999999966666667,0.13953488235803138,0.13953488235803138,0.04878048685306366,0.09302325447268796,0,0,0.18128654970760238,0.49999999916666665
3320356356_1497e53f80.jpg,একজন পুরুষ দাড়িয়ে আছে।,0.249999999375,0.1999999996,0.2222222167901236,0.2222222167901236,0.0,0.2222222167901236,0,0,0.5,0.12499999984374999
3124549928_10904a5a83.jpg,একটি ছোট বাচ্চা মেয়ে দাঁড়িয়ে আছে,0.33333333277777777,0.18181818165289254,0.2352941128027682,0.2352941128027682,0.0,0.2352941128027682,0,0,0.3571428571428571,0.13333333324444444
2445442929_8c81d42460.jpg,একজন পুরুষ দাড়িয়ে আছে।,0.249999999375,0.1111111109876543,0.15384614934911253,0.15384614934911253,0.0,0.15384614934911253,0,0,0.3571428571428571,0.08333333326388888
7813.png,একজন পুরুষ ও হাতে একটি শিশু কোলে নিয়ে দাড়িয়ে আছে।,0.29999999969999996,0.5999999988,0.39999999502222217,0.39999999502222217,0.15384614934911253,0.39999999502222217,0,0,0.4545454545454546,0.24999999979166665
694496803_f2a05869cf.jpg,এক ব্যক্তি একটি <unk>,0.249999999375,0.0999999999,0.14285713857142868,0.14285713857142868,0.0,0.14285713857142868,0,0,0.2564102564102564,0.08333333326388888
6723.png,কয়েকজন পুরুষ বসে আছে।,0.7499999981250001,0.49999999916666665,0.5999999940000001,0.5999999940000001,0.24999999468750006,0.5999999940000001,0,0,0.40909090909090906,0.4285714279591837
2359.png,একটি ছোট বাচ্চা বনের মধ্যে দিয়ে মোড়ানো একটি বড় গাছের পাশে দাঁড়িয়ে আছে,0.15384615372781063,0.14285714275510203,0.14814814304526766,0.14814814304526766,0.0,0.14814814304526766,0,0,0.3191489361702128,0.0833333332986111
2608.png,একজন পুরুষ দাড়িয়ে আছে।,0.49999999875,0.2857142853061225,0.36363635834710756,0.36363635834710756,0.0,0.36363635834710756,0,0,0.45833333333333337,0.2222222219753086
4564.png,৪ জন পুরুষ দাড়িয়ে আছে।,0.5999999988,0.37499999953124996,0.46153845609467453,0.46153845609467453,0.1818181768595043,0.46153845609467453,0,0,0.4516129032258065,0.29999999969999996
3616638478_641d02183d.jpg,দু'জন মহিলা একটি <unk> <unk> অনুশীলন করছে,0.2857142853061225,0.16666666652777776,0.2105263109141275,0.2105263109141275,0.0,0.14285713765306143,0,0,0.303030303030303,0.14285714275510203
3477672764_7f07657a26.jpg,ছেলেরা ফুটবল খেলছে,0.3333333322222222,0.14285714265306124,0.1999999954000001,0.1999999954000001,0.0,0.1999999954000001,0,0,0.2777777777777778,0.1111111109876543
3139895886_5a6d495b13.jpg,একটি কুকুর একটি ফ্রিসবি ধরার চেষ্টা করছে,0.2857142853061225,0.33333333277777777,0.3076923022485208,0.3076923022485208,0.1818181765289258,0.3076923022485208,0,0,0.5,0.1999999998
3206058778_7053ee6b52.jpg,একজন মহিলা একটি <unk>,0.49999999875,0.2222222219753086,0.3076923029585799,0.3076923029585799,0.0,0.3076923029585799,0,0,0.25,0.18181818165289254
844.png,৪ জন শারি পরা এবং ২ জন ছোট ছেলে ১ জন ছোট ছেলে ১ জন ছোট ছেলে ১ জন ছোট ছেলে ১ জন ছোট ছেলে ১ জন ছোট ছেলে ১ জন ছোট ছেলে ১ জন ছোট ছেলে ১ জন ছোট,0.02499999999375,0.1111111109876543,0.04081632351520222,0.04081632351520222,0.0,0.04081632351520222,0,0,0.14678899082568808,0.05882352937716263
343942396_206148098835090_237545729238315663_n.jpg,একটি শিশু দাড়িয়ে আছে।,0.249999999375,0.08333333326388888,0.1249999960937501,0.1249999960937501,0.0,0.1249999960937501,0,0,0.2857142857142857,0.07142857137755101
4745.png,একটি নৌকায় একজন মানুষ আছে।,0.1999999996,0.3333333322222222,0.24999999468750006,0.24999999468750006,0.0,0.24999999468750006,0,0,0.3157894736842105,0.14285714265306124
3189307452_aebc12380b.jpg,একটি সাদা কুকুর একটি ফ্রিসবি নিয়ে খেলছে,0.4285714279591837,0.4285714279591837,0.42857142295918377,0.42857142295918377,0.24999999500000003,0.42857142295918377,0,0,0.5,0.29999999969999996
526955751_f519d62b58.jpg,একটি শিশু পানিতে খেলছে।,0.249999999375,0.0999999999,0.14285713857142868,0.14285713857142868,0.0,0.14285713857142868,0,0,0.21739130434782605,0.07692307686390532
5537.png,একটি পরিবার একটি মঞ্চে দাঁড়িয়ে আছে,0.16666666638888888,0.0999999999,0.12499999515625017,0.12499999515625017,0.0,0.12499999515625017,0,0,0.32352941176470584,0.07142857137755101
5251.png,কয়েকজন পুরুষ দাড়িয়ে আছে।,0.7499999981250001,0.49999999916666665,0.5999999940000001,0.5999999940000001,0.24999999468750006,0.5999999940000001,0,0,0.4666666666666667,0.4285714279591837
7535.png,একটি শিশু তাকিয়ে আছে।,0.9999999975,0.9999999975,0.9999999925,0.9999999925,0.9999999916666666,0.9999999925,1,1,1.0,0.9999999975
3625519177_4c2bb9e7f0.jpg,একজন লোক একটি <unk> উপর দিয়ে লাফ দিচ্ছে,0.37499999953124996,0.37499999953124996,0.37499999453125,0.37499999453125,0.16666666152777793,0.2857142804081633,0,0,0.4516129032258065,0.23076923059171597
818340833_7b963c0ee3.jpg,একটি সাদা কুকুর একটি পাখি নিয়ে যাচ্ছে।,0.571428570612245,0.3636363633057851,0.4444444391975309,0.4444444391975309,0.24999999500000003,0.4444444391975309,0,0,0.5945945945945945,0.24999999979166665
3000.png,সূর্য ডুবা দেখা যাচ্ছে।,0.0,0.0,0.0,0.0,0.0,0.0,0,0,0.24,0.0
3452.png,একজন বৃদ্ধ নারী কলশী নিয়ে বসে ঝুরিতে তুলে ঝুরিতে তুলে ঝুরিতে তুলে ঝুরিতে তুলে ঝুরিতে তুলে ঝুরিতে তুলে ঝুরিতে তুলে ঝুরিতে তুলে ঝুরিতে তুলে ঝুরিতে তুলে ঝুরিতে তুলে ঝুরিতে তুলে ঝুরিতে তুলে ঝুরিতে তুলে ঝুরিতে তুলে ঝুরিতে তুলে ঝুরিতে তুলে,0.07499999998125,0.49999999916666665,0.1304347802835539,0.1304347802835539,0.0,0.1304347802835539,0,0,0.1428571428571429,0.2727272724793388
5243.png,একজন পুরুষ মানুষ দাড়িয়ে আছে।,0.3999999992,0.6666666644444444,0.49999999406250006,0.49999999406250006,0.0,0.49999999406250006,0,0,0.42105263157894735,0.33333333277777777
8523.png,একটি নৌকায় দুইজন মানুষ দাড়িয়ে আছে।,0.33333333277777777,0.3999999992,0.36363635801652905,0.36363635801652905,0.0,0.1818181765289258,0,0,0.30434782608695654,0.2222222219753086
3074617663_2f2634081d.jpg,একটি কুকুর একটি টেনিস বল নিয়ে খেলছে,0.4285714279591837,0.2727272724793388,0.33333332820987654,0.33333332820987654,0.1999999948000001,0.33333332820987654,0,0,0.52,0.2222222219753086
2809793070_1a3387cd6e.jpg,একটি কালো কুকুর পানি ঝারছে,0.3999999992,0.3999999992,0.39999999420000004,0.39999999420000004,0.2499999943750001,0.39999999420000004,0,0,0.6111111111111112,0.24999999968749997
50030244_02cd4de372.jpg,দুটি কুকুর ঘাসের মধ্যে খেলছে,0.1999999996,0.14285714265306124,0.16666666152777793,0.16666666152777793,0.0,0.16666666152777793,0,0,0.4,0.09090909082644627
3392293702_ccb0599857.jpg,তিনটি কুকুর বরফের মধ্যে একটি বরফের মধ্যে একটি বরফের মধ্যে একটি বরফের মধ্যে একটি বরফের মধ্যে একটি বরফের মধ্যে একটি বরফের মধ্যে একটি বরফের মধ্যে একটি বরফের মধ্যে একটি বরফের মধ্যে একটি বরফের মধ্যে একটি বরফের মধ্যে একটি বরফের মধ্যে,0.099999999975,0.49999999937499995,0.16666666381944448,0.16666666381944448,0.043478258270321514,0.12499999717013895,0,0,0.15116279069767447,0.3333333329629629
8899.png,একজন পুরুষ ও দুইটি শিশু দাড়িয়ে আছে।,0.571428570612245,0.571428570612245,0.5714285656122451,0.5714285656122451,0.3333333277777778,0.5714285656122451,0,0,0.7083333333333333,0.3999999996
1015584366_dfcec3c85a.jpg,একটি কুকুর বনের মধ্যে দিয়ে ছবি তুলছে,0.4285714279591837,0.2727272724793388,0.33333332820987654,0.33333332820987654,0.0909090868595043,0.33333332820987654,0,0,0.4444444444444444,0.21428571413265304
6114.png,নদীতে একটা ছেলে মিলে নৌকা নিয়ে যাচ্ছে।,0.14285714265306124,0.249999999375,0.1818181768595043,0.1818181768595043,0.0,0.1818181768595043,0,0,0.3913043478260869,0.0999999999
5012.png,পাঁচজন পুরুষ বসে আছে।,0.9999999975,0.9999999975,0.9999999925,0.9999999925,0.9999999916666666,0.9999999925,1,1,1.0,0.9999999975
7307.png,একজন মানুষ হেঁটে যাচ্ছে।,0.249999999375,0.3333333322222222,0.28571428000000004,0.28571428000000004,0.0,0.28571428000000004,0,0,0.5333333333333333,0.16666666638888888
2752926645_801a198ff6.jpg,লোক টির হাতে একটি ঘড়ি,0.5999999988,0.3333333329629629,0.42857142336734694,0.42857142336734694,0.0,0.2857142807142858,0,0,0.33333333333333337,0.2727272724793388
2363100645_c3423a0433.jpg,একটি মেয়ে একটি <unk> <unk>,0.3999999992,0.2857142853061225,0.33333332791666676,0.33333332791666676,0.0,0.33333332791666676,0,0,0.34615384615384615,0.24999999968749997
390992388_d74daee638.jpg,একজন স্কিয়ার একটি পর্বতে স্কিয়িং করে নামছে ।,0.24999999968749997,0.2857142853061225,0.2666666613333334,0.2666666613333334,0.0,0.2666666613333334,0,0,0.5483870967741935,0.15384615372781063
542179694_e170e9e465.jpg,একটি দম্পতি একটি <unk>,0.7499999981250001,0.19999999986666667,0.31578947002770086,0.31578947002770086,0.16666666263888896,0.31578947002770086,0,0,0.3846153846153846,0.18181818165289254
2908.png,৪ জন ছেলে একসাথে দাড়িয়ে আছে।,0.49999999916666665,0.37499999953124996,0.4285714230612245,0.4285714230612245,0.16666666152777793,0.4285714230612245,0,0,0.5769230769230769,0.2727272724793388
3064716525_b8418d4946.jpg,একটি কুকুর একটি সাদা কালো এবং সাদা কালো এবং সাদা কালো এবং সাদা কালো এবং সাদা কালো এবং সাদা কালো এবং সাদা কালো এবং সাদা কালো এবং সাদা কালো এবং সাদা কালো এবং সাদা কালো এবং সাদা কালো এবং সাদা,0.12499999996875,0.49999999949999996,0.19999999672000002,0.19999999672000002,0.12499999690104173,0.13333333129876546,0,0,0.20491803278688525,0.6666666655555555
7146.png,একটি শিশু ট্রেন এর দোকানে দুইটা আইসক্রিম খাচ্ছে একজন পুরুষ একটি শিশু দাড়িয়ে আছে একজন মেয়ে একটা মেয়ে একটা মেয়ে একটা মেয়ে একটা মেয়ে একটা মেয়ে একটা মেয়ে একটা মেয়ে একটা মেয়ে একটা মেয়ে একটা মেয়ে একটা মেয়ে একটা মেয়ে,0.07499999998125,0.37499999953124996,0.12499999717013895,0.12499999717013895,0.04878048685306366,0.12499999717013895,0,0,0.12244897959183676,0.15789473675900276
3715559023_70c41b31c7.jpg,একটি শিশু ঝর্ণার পানিতে গোসল করছে।,0.33333333277777777,0.1999999998,0.24999999500000003,0.24999999500000003,0.0,0.24999999500000003,0,0,0.4285714285714286,0.14285714275510203
3214573346_d3a57f0328.jpg,একটি কুকুর একটি সাদা কুকুর একটি সাদা কুকুর একটি সাদা কুকুর একটি সাদা কুকুর একটি সাদা কুকুর একটি সাদা কুকুর একটি সাদা কুকুর একটি সাদা কুকুর একটি সাদা কুকুর একটি সাদা কুকুর একটি সাদা কুকুর একটি সাদা কুকুর একটি সাদা,0.099999999975,0.30769230745562126,0.15094339246707023,0.15094339246707023,0.043478258270321514,0.15094339246707023,0,0,0.2465753424657534,0.24999999979166665
178.png,একজন পুরুষ ও কয়েকজন মানুষ কাজ করছে।,0.2857142853061225,0.33333333277777777,0.3076923022485208,0.3076923022485208,0.0,0.3076923022485208,0,0,0.37037037037037035,0.18181818165289254
8679.png,পানিতে কয়েকজন লোক একা দাঁড়িয়ে আছে।,0.16666666638888888,0.16666666638888888,0.16666666138888903,0.16666666138888903,0.0,0.16666666138888903,0,0,0.31818181818181823,0.09090909082644627
3944.png,একজন পুরুষ ও একজন পুরুষ বসে আছে।,0.2857142853061225,0.2857142853061225,0.28571428030612256,0.28571428030612256,0.0,0.28571428030612256,0,0,0.48,0.2222222219753086
3403263046_3cc701a07a.jpg,একজন মেয়ে বাস্কেটবল হাতে নিয়ে খেলোয়াড়ের কাছ থেকে বাস্কেটবল হাতে নিয়ে খেলোয়াড়ের কাছ থেকে বাস্কেটবল হাতে নিয়ে খেলোয়াড়ের কাছ থেকে বাস্কেটবল হাতে নিয়ে খেলোয়াড়ের কাছ থেকে বাস্কেটবল হাতে নিয়ে খেলোয়াড়ের কাছ থেকে বাস্কেটবল হাতে নিয়ে খেলোয়াড়ের কাছ থেকে বাস্কেটবল হাতে,0.099999999975,0.4444444439506172,0.1632653030570596,0.1632653030570596,0.07843136891964646,0.1632653030570596,0,0,0.27544910179640714,0.30769230745562126
2468.png,একজন পুরুষ ও কয়েকজন পুরুষ মানুষ।,0.16666666638888888,0.14285714265306124,0.15384614863905344,0.15384614863905344,0.0,0.15384614863905344,0,0,0.28,0.09090909082644627
2839532455_36a7dc4758.jpg,একটি কুকুর বল নিয়ে হাঁটছে,0.7999999984,0.49999999937499995,0.615384609704142,0.615384609704142,0.1818181768595043,0.615384609704142,0,0,0.5555555555555556,0.49999999937499995
6797.png,একজন পুরুষ একটি বাচ্চা নিয়ে দাড়িয়ে আছে।,0.14285714265306124,0.3333333322222222,0.1999999954000001,0.1999999954000001,0.0,0.1999999954000001,0,0,0.3142857142857143,0.1111111109876543
1814391289_83a1eb71d3.jpg,এক নারী একটি বার কে <unk> <unk> উপর বসে আছে,0.1999999998,0.24999999968749997,0.22222221703703712,0.22222221703703712,0.0,0.22222221703703712,0,0,0.29268292682926833,0.13333333324444444
194.png,নদীর পাড়ে কিছু মানুষ আছে।,0.1999999996,0.1111111109876543,0.14285713806122466,0.14285713806122466,0.0,0.14285713806122466,0,0,0.32258064516129037,0.07692307686390532
4234.png,একটি মুরগি আছে।,0.3333333322222222,0.16666666638888888,0.2222222172839507,0.2222222172839507,0.0,0.2222222172839507,0,0,0.33333333333333337,0.12499999984374999
7752.png,সরিষা ক্ষেতের মাঝে একজন পুরুষ মাথায় দিয়ে মাথায় বোঝা নিয়ে হেটে যাচ্ছে একজন ছোট ছেলে।,0.46666666635555554,0.6363636357851239,0.5384615331656805,0.5384615331656805,0.24999999493055564,0.4615384563017752,0,0,0.49090909090909096,0.4117647056401384
6637.png,একজন পুরুষ আছে।,0.3333333322222222,0.249999999375,0.28571428000000004,0.28571428000000004,0.0,0.28571428000000004,0,0,0.4285714285714286,0.16666666638888888
3491.png,একজন পুরুষ একটি নৌকা বাইচে।,0.3999999992,0.16666666652777776,0.23529411321799312,0.23529411321799312,0.13333332924444455,0.23529411321799312,0,0,0.3846153846153846,0.13333333324444444
8108.png,একজন নারী আছে।,0.9999999966666667,0.7499999981250001,0.8571428497959185,0.8571428497959185,0.39999999360000005,0.8571428497959185,0,0,0.7142857142857143,0.7499999981250001
3437.png,একজন বয়স্ক নারী বসে কাজ করছে।,0.16666666638888888,0.1999999996,0.1818181765289258,0.1818181765289258,0.0,0.1818181765289258,0,0,0.4545454545454546,0.0999999999
1148238960_f8cacec2fc.jpg,একটি <unk> একটি <unk> একটি <unk> একটি <unk> একটি <unk> একটি <unk> একটি <unk> একটি <unk> একটি <unk> একটি <unk> একটি <unk> একটি <unk> একটি <unk> একটি <unk> একটি <unk> একটি <unk> একটি <unk> একটি <unk> একটি <unk> একটি <unk>,0.07499999998125,0.49999999916666665,0.1304347802835539,0.1304347802835539,0.09090908885330583,0.1304347802835539,0,0,0.09433962264150941,0.3999999992
2944836001_b38b516286.jpg,একজন লোক একটি <unk>,0.249999999375,0.1999999996,0.2222222167901236,0.2222222167901236,0.0,0.2222222167901236,0,0,0.35,0.12499999984374999
103625356.jpg,একজন লোক একটি <unk> একটি <unk> একটি <unk> একটি <unk> একটি <unk> একটি <unk> একটি <unk> একটি <unk> একটি <unk> একটি <unk> একটি <unk> একটি <unk> একটি <unk> একটি <unk> একটি <unk> একটি <unk> একটি <unk> একটি <unk> একটি <unk>,0.12499999996875,0.3846153843195266,0.188679241509434,0.188679241509434,0.07843136891964646,0.188679241509434,0,0,0.24528301886792447,0.3333333330555555
IMG_9893.JPG,একজন পুরুষ ও একজন পুরুষ ও একজন পুরুষ ও একজন পুরুষ ও একজন পুরুষ ও একজন পুরুষ ও একজন পুরুষ ও একজন পুরুষ ও একজন পুরুষ ও একজন পুরুষ ও একজন পুরুষ ও একজন পুরুষ ও একজন পুরুষ ও একজন,0.0,0.0,0.0,0.0,0.0,0.0,0,0,0.07482993197278909,0.0
850.png,অনেকগুলো মানুষ আছে।,0.6666666644444444,0.1999999998,0.3076923036686391,0.3076923036686391,0.0,0.3076923036686391,0,0,0.28,0.1999999998
3488.png,একজন পুরুষ নৌকা নিয়ে দাড়িয়ে আছে।,0.6666666655555555,0.571428570612245,0.6153846094674558,0.6153846094674558,0.36363635801652905,0.6153846094674558,0,0,0.7037037037037037,0.4444444439506172
660.png,একটি নৌকায় একজন লোক দাঁড়িয়ে আছে।,0.33333333277777777,0.3999999992,0.36363635801652905,0.36363635801652905,0.0,0.36363635801652905,0,0,0.4545454545454546,0.2222222219753086
7815.png,একটি শিশু একটি শিশু দাড়িয়ে আছে।,0.16666666638888888,0.07142857137755101,0.09999999570000016,0.09999999570000016,0.0,0.09999999570000016,0,0,0.30000000000000004,0.0624999999609375
3851.png,একটি <unk> <unk>,0.3333333322222222,0.16666666638888888,0.2222222172839507,0.2222222172839507,0.0,0.2222222172839507,0,0,0.21739130434782605,0.14285714265306124
109.png,একটি শিশু আছে।,0.3333333322222222,0.0999999999,0.15384615005917168,0.15384615005917168,0.0,0.15384615005917168,0,0,0.1842105263157895,0.0999999999
4537.png,একজন বাচ্চা মেয়ে বসে আছে।,0.3999999992,0.24999999968749997,0.3076923024852071,0.3076923024852071,0.0,0.3076923024852071,0,0,0.40740740740740744,0.18181818165289254
1280147517_98767ca3b3.jpg,একটি নৌকার ডেকের উপর উপুড় হয়ে আছে,0.2857142853061225,0.49999999875,0.36363635834710756,0.36363635834710756,0.1428571377551022,0.24999999476562512,0,0,0.4,0.2222222219753086
2584487952_f70e5aa9bf.jpg,একটি কুকুর ঘাসের মধ্যে দিয়ে চলে।,0.49999999916666665,0.37499999953124996,0.4285714230612245,0.4285714230612245,0.1818181765289258,0.4285714230612245,0,0,0.5454545454545454,0.2727272724793388
3411393875_a9ff73c67a.jpg,কালো শার্ট পরা একটি ছেলে হাসছে,0.33333333277777777,0.16666666652777776,0.22222221753086427,0.22222221753086427,0.12499999554687513,0.22222221753086427,0,0,0.32558139534883723,0.13333333324444444
3616525288_9c19223de6.jpg,ঘোড়ার দৌড়ে যাচ্ছে,0.3333333322222222,0.249999999375,0.28571428000000004,0.28571428000000004,0.0,0.28571428000000004,0,0,0.6,0.16666666638888888
8141.png,একজন পুরুষ ও একজন পুরুষ দাড়িয়ে আছে।,0.571428570612245,0.6666666655555555,0.6153846094674558,0.6153846094674558,0.36363635801652905,0.6153846094674558,0,0,0.5769230769230769,0.571428570612245
5240.png,একটি পুকুর ও ভবন আছে।,0.5999999988,0.4285714279591837,0.4999999943055557,0.4999999943055557,0.3999999944,0.4999999943055557,0,0,0.52,0.3333333329629629
6999.png,একটি <unk> সামনে অনেকগুলো মানুষ একটি হেলিকপ্টার আছে।,0.0,0.0,0.0,0.0,0.0,0.0,0,0,0.19999999999999996,0.0
2553.png,কয়েকজন মানুষ আছে।,0.3333333322222222,0.14285714265306124,0.1999999954000001,0.1999999954000001,0.0,0.1999999954000001,0,0,0.23076923076923073,0.1111111109876543
_MG_1225.JPG,কিছু মানুষ একটি পোস্টার ধরে দাড়িয়ে আছে।,0.14285714265306124,0.1999999996,0.16666666152777793,0.16666666152777793,0.0,0.16666666152777793,0,0,0.4,0.09090909082644627
350529848_9569a3bcbc.jpg,দুটি কুকুর একটি লাল রঙের কুকুর একসাথে ঢেউ ধাক্কা দিচ্ছে,0.49999999949999996,0.41666666631944443,0.4545454491735537,0.4545454491735537,0.19999999485000008,0.4545454491735537,0,0,0.47619047619047616,0.3124999998046875
387078972_514a38dc33.jpg,একটি সাদা কুকুর একটি বল ধরার চেষ্টা করছে।,0.49999999937499995,0.49999999937499995,0.49999999437500003,0.49999999437500003,0.36363635834710756,0.49999999437500003,0,0,0.5517241379310345,0.3333333329629629
6793.png,একজন বয়স্ক নারী একটি শিশু বসে আছে।,0.14285714265306124,0.16666666638888888,0.15384614863905344,0.15384614863905344,0.0,0.15384614863905344,0,0,0.34615384615384615,0.08333333326388888
4903.png,রেল লাইনের উপর দিয়ে একজন মানুষ দেখা যাচ্ছে।,0.0,0.0,0.0,0.0,0.0,0.0,0,0,0.23333333333333328,0.0
426920445_d07d1fd0f7.jpg,একটি কুকুর একটি ফ্রিসবি ধরার চেষ্টা করছে,0.2857142853061225,0.6666666644444444,0.39999999500000005,0.39999999500000005,0.24999999562500003,0.39999999500000005,0,0,0.47058823529411764,0.2857142853061225
3573.png,একটি বড় একটি কুকুর দাড়িয়ে আছে।,0.16666666638888888,0.3333333322222222,0.2222222172839507,0.2222222172839507,0.0,0.2222222172839507,0,0,0.31999999999999995,0.14285714265306124
IMG_2134.JPG,একটি লোক হাতে একটি লাল ইটের ভবনের সামনে দাড়িয়ে আছে,0.0999999999,0.14285714265306124,0.11764705384083066,0.11764705384083066,0.0,0.11764705384083066,0,0,0.2777777777777778,0.06666666662222222
6455.png,তিনটি শিশু আছে।,0.3333333322222222,0.3333333322222222,0.33333332722222225,0.33333332722222225,0.0,0.33333332722222225,0,0,0.36363636363636365,0.1999999996
1357724865_4faf4e1418.jpg,একজন পুরুষ ঝর্ণার পানিতে লাফ দিচ্ছে,0.16666666638888888,0.14285714265306124,0.15384614863905344,0.15384614863905344,0.0,0.15384614863905344,0,0,0.42307692307692313,0.08333333326388888
4750.png,দূরে পাহাড় দেখা যাচ্ছে।,0.249999999375,0.12499999984374999,0.16666666194444454,0.16666666194444454,0.0,0.16666666194444454,0,0,0.2692307692307693,0.09090909082644627
IMG_8186.JPG,একটি ঝুড়ি নিয়ে বসে আছে মহিলা টি বসে আছে,0.6666666659259258,0.8571428559183674,0.749999994140625,0.749999994140625,0.5714285657142858,0.5333333278222222,0,0,0.5185185185185186,0.7499999990624999
4311.png,একজন পুরুষ একটি দেয়ালের সামনে দাড়িয়ে আছে যার একজন পুরুষ মানুষ।,0.09090909082644627,0.1999999996,0.12499999554687513,0.12499999554687513,0.0,0.12499999554687513,0,0,0.31818181818181823,0.07692307686390532
2923497185_c64004ff2d.jpg,কুকুরটি একটি কুকুর লাফ দিচ্ছে,0.3999999992,0.1999999998,0.2666666618666667,0.2666666618666667,0.15384614934911253,0.2666666618666667,0,0,0.40625,0.15384615372781063
3255732353_fbc487aefc.jpg,একটি শিশু একটি পথ ধরে হাঁটছে,0.33333333277777777,0.13333333324444444,0.19047618621315202,0.19047618621315202,0.0,0.19047618621315202,0,0,0.5,0.13333333324444444
2056377805_e9a9b3bcf0.jpg,একদল লোক বিকিনি পরে একটি মেয়ে একটি <unk> <unk> <unk> <unk> <unk> <unk> <unk> <unk> <unk> <unk> <unk> <unk> <unk> <unk> <unk> <unk> <unk> <unk> <unk> <unk> <unk> <unk> <unk> <unk> <unk> <unk> <unk> <unk> <unk> <unk> <unk> <unk> <unk>,0.0499999999875,0.3999999992,0.08888888687407412,0.08888888687407412,0.04651162619794489,0.08888888687407412,0,0,0.13375796178343946,0.1999999998
3432730942_4dc4685277.jpg,একটি <unk> একটি <unk> একটি <unk> একটি লোক একটি সাদা রঙের পোশাক পরে একটি সাদা রঙের পোশাক পরে একটি সাদা রঙের পোশাক পরে একটি সাদা রঙের পোশাক পরে একটি সাদা রঙের পোশাক পরে একটি সাদা রঙের পোশাক পরে একটি সাদা,0.0499999999875,0.24999999968749997,0.08333333052083343,0.08333333052083343,0.0,0.08333333052083343,0,0,0.19999999999999996,0.15384615372781063
3046.png,একজন বৃদ্ধ লোক সিগারেট নিয়ে আছে।,0.16666666638888888,0.249999999375,0.1999999948000001,0.1999999948000001,0.0,0.1999999948000001,0,0,0.40909090909090906,0.1111111109876543
1431.png,একটি শিশু একটি বাঘ দেখছে।,0.3999999992,0.14285714275510203,0.21052631168975072,0.21052631168975072,0.0,0.21052631168975072,0,0,0.3448275862068966,0.0999999999
8753.png,একজন পুরুষ মাথায় ইট নিয়ে যাচ্ছে।,0.33333333277777777,0.3999999992,0.36363635801652905,0.36363635801652905,0.0,0.36363635801652905,0,0,0.5,0.2222222219753086
2868.png,একটি শিশু আছে।,0.9999999966666667,0.9999999966666667,0.9999999916666666,0.9999999916666666,0.9999999900000001,0.9999999916666666,1,1,1.0,0.9999999966666667
3536561454_e75993d903.jpg,একজন লোক তার সাইকেল চালাচ্ছে,0.3999999992,0.2857142853061225,0.33333332791666676,0.33333332791666676,0.0,0.33333332791666676,0,0,0.31034482758620685,0.1999999998
418357172_bdddf71d32.jpg,দুটি কুকুর তীরে দাঁড়িয়ে আছে,0.1999999996,0.3333333322222222,0.24999999468750006,0.24999999468750006,0.0,0.24999999468750006,0,0,0.5,0.14285714265306124
5711.png,একটি পুরাতন <unk> একটি <unk> <unk> <unk>,0.14285714265306124,0.07692307686390532,0.0999999953500002,0.0999999953500002,0.0,0.0999999953500002,0,0,0.25,0.06666666662222222
3442622076_c3abe955e5.jpg,একজন পুরুষ এবং একজন মহিলা ছবি তুলছে,0.14285714265306124,0.0999999999,0.11764705384083066,0.11764705384083066,0.0,0.11764705384083066,0,0,0.37037037037037035,0.06666666662222222
2614.png,একজন পুরুষ হেঁটে যাচ্ছে।,0.249999999375,0.12499999984374999,0.16666666194444454,0.16666666194444454,0.0,0.16666666194444454,0,0,0.2857142857142857,0.0999999999
Girl_with_Smile_-_Sylhet_-_Bangladesh_(13008203954).jpg,একজন বাচ্চা মেয়ে গালে হাত দিয়ে চেয়ে আছেন।,0.12499999984374999,0.16666666638888888,0.1428571377551022,0.1428571377551022,0.0,0.1428571377551022,0,0,0.36363636363636365,0.09090909082644627
1184.png,একটি শিশু দাড়িয়ে আছে।,0.249999999375,0.0999999999,0.14285713857142868,0.14285713857142868,0.0,0.14285713857142868,0,0,0.33333333333333337,0.07692307686390532
5353.png,এটি একটি মসজিদ।,0.6666666644444444,0.999999995,0.799999992,0.799999992,0.6666666577777778,0.799999992,0,0,0.7272727272727273,0.6666666644444444
3879.png,একটি শিশু আছে।,0.6666666644444444,0.2222222219753086,0.3333333290277778,0.3333333290277778,0.0,0.3333333290277778,0,0,0.46153846153846156,0.24999999968749997
3173215794_6bdd1f72d4.jpg,একটি <unk> <unk> <unk> <unk> <unk> <unk> <unk> <unk> <unk> <unk> <unk> <unk> <unk> <unk> <unk> <unk> <unk> <unk> <unk> <unk> <unk> <unk> <unk> <unk> <unk> <unk> <unk> <unk> <unk> <unk> <unk> <unk> <unk> <unk> <unk> <unk> <unk> <unk> <unk>,0.02499999999375,0.14285714265306124,0.04255318893617037,0.04255318893617037,0.0,0.04255318893617037,0,0,0.07547169811320753,0.12499999984374999
6344.png,একজন বাচ্চা মেয়ে হাঁসি মুখে তাকিয়ে আছে।,0.4285714279591837,0.5999999988,0.4999999943055557,0.4999999943055557,0.3999999944,0.4999999943055557,0,0,0.625,0.3333333329629629
2860202109_97b2b22652.jpg,একজন নারী চশমা পরে আছে,0.7999999984,0.3636363633057851,0.499999995078125,0.499999995078125,0.28571428122448983,0.499999995078125,0,0,0.5185185185185186,0.3333333330555555
3976.png,নদীতে একটা লোক ছাতা ধরে নিয়ে যাচ্ছে।,0.2857142853061225,0.2222222219753086,0.24999999476562512,0.24999999476562512,0.0,0.24999999476562512,0,0,0.4137931034482759,0.14285714275510203
3555573680_41c1540a86.jpg,একটি ছেলে একটি নদীর পাড়ে শুয়ে আছে।,0.2857142853061225,0.24999999968749997,0.2666666613333334,0.2666666613333334,0.0,0.2666666613333334,0,0,0.46875,0.08333333326388888
1459250022_bf1eddad11.jpg,একজন লোক একটি সাদা রঙের <unk> একটি <unk> <unk> <unk> বাজাচ্ছে,0.2727272724793388,0.7499999981250001,0.3999999955555556,0.3999999955555556,0.15384615005917168,0.3999999955555556,0,0,0.32558139534883723,0.37499999953124996
930.png,ধান ক্ষেতের মাঝ দিয়ে একজন পুরুষ দাড়িয়ে আছে কিছু মানুষ।,0.1999999998,0.24999999968749997,0.22222221703703712,0.22222221703703712,0.0,0.13333332871111125,0,0,0.3055555555555556,0.124999999921875
2996.png,দুইজন পুরুষ আছে।,0.6666666644444444,0.49999999875,0.5714285648979592,0.5714285648979592,0.39999999360000005,0.5714285648979592,0,0,0.5625,0.3999999992
416106657_cab2a107a5.jpg,একটি সাদা কুকুর একটি লাঠি নিয়ে একটি লাঠি মুখে একটি লাঠি নিয়ে দৌড়াচ্ছে,0.23076923059171597,0.7499999981250001,0.35294117245674744,0.35294117245674744,0.23529411321799312,0.35294117245674744,0,0,0.43999999999999995,0.3333333329629629
20201222_134354.jpg,একজন পুরুষ বসে আছে।,0.249999999375,0.14285714265306124,0.1818181768595043,0.1818181768595043,0.0,0.1818181768595043,0,0,0.4,0.0999999999
292780636_72e1968949.jpg,একটি ইটের ভবনের পাশে দাঁড়িয়ে একটি ইটের ভবনের বাইরে বসে আছে,0.2727272724793388,0.3333333329629629,0.29999999475000005,0.29999999475000005,0.11111110604938293,0.29999999475000005,0,0,0.5454545454545454,0.21428571413265304
254901702_67ada9867c.jpg,একজন পুরুষ দাড়িয়ে আছে একজন পুরুষ দাড়িয়ে আছে একজন পুরুষ দাড়িয়ে আছে একজন পুরুষ দাড়িয়ে আছে একজন পুরুষ দাড়িয়ে আছে একজন পুরুষ দাড়িয়ে আছে একজন পুরুষ দাড়িয়ে আছে একজন পুরুষ দাড়িয়ে আছে একজন পুরুষ দাড়িয়ে আছে একজন পুরুষ দাড়িয়ে আছে,0.02499999999375,0.1999999996,0.0444444424493828,0.0444444424493828,0.0,0.0444444424493828,0,0,0.16352201257861632,0.12499999984374999
3187395715_f2940c2b72.jpg,বাচ্চারা দৌড়াচ্ছে,0.0,0.0,0.0,0.0,0.0,0.0,0,0,0.23529411764705888,0.0
3016708786_3591106cca.jpg,একটি ছোট বাচ্চা একটি <unk>,0.3999999992,0.16666666652777776,0.23529411321799312,0.23529411321799312,0.0,0.23529411321799312,0,0,0.2222222222222222,0.15384615372781063
2608289957_044849f73e.jpg,একটি ছোট ছেলে একটি <unk>,0.5999999988,0.37499999953124996,0.46153845609467453,0.46153845609467453,0.1818181768595043,0.46153845609467453,0,0,0.4444444444444444,0.2222222219753086
1146.png,একজন নারী একটি শিশু কোলে নিয়ে বসে আছে।,0.49999999937499995,0.49999999937499995,0.49999999437500003,0.49999999437500003,0.14285713765306143,0.49999999437500003,0,0,0.5,0.3333333330555555
3044536048_e615466e7f.jpg,একটি <unk> একটি কুকুর পানিতে নেমে আসছে,0.4285714279591837,0.29999999969999996,0.35294117121107266,0.35294117121107266,0.16666666138888903,0.28571428030612256,0,0,0.5,0.18181818165289254
347250381_1407041270060310_3300822586950256229_n.jpg,একটি ছেলে একটি সাইকেল চালাচ্ছে।,0.1999999996,0.249999999375,0.2222222167901236,0.2222222167901236,0.0,0.2222222167901236,0,0,0.42307692307692313,0.14285714265306124
47.JPG,একজন পুরুষ ও কয়েকজন মানুষ দাড়িয়ে আছে।,0.0,0.0,0.0,0.0,0.0,0.0,0,0,0.2592592592592593,0.0
3150252702_828a570d46.jpg,একজন লোক পর্বতের চূড়ায় দাড়িয়ে আছে,0.33333333277777777,0.2222222219753086,0.2666666615111111,0.2666666615111111,0.15384614887573977,0.2666666615111111,0,0,0.48571428571428577,0.15384615372781063
5035.png,পাহার দিয়ে পানি ঝড়ছে।,0.49999999875,0.2222222219753086,0.3076923029585799,0.3076923029585799,0.0,0.15384614934911253,0,0,0.2777777777777778,0.18181818165289254
2930580341_d36eec8e3c.jpg,এক ছোট বালক পুলে ঝাঁপিয়ে পড়ে।,0.33333333277777777,0.49999999875,0.3999999944,0.3999999944,0.0,0.3999999944,0,0,0.368421052631579,0.24999999968749997
IMG_0018.JPG,একটা মহিলা বসে আছে,0.9999999975,0.9999999975,0.9999999925,0.9999999925,0.9999999916666666,0.9999999925,1,1,1.0,0.9999999975
2958.png,একজন লোক দেয়ালে লাগানো ছবি তুলছে।,0.33333333277777777,0.18181818165289254,0.2352941128027682,0.2352941128027682,0.0,0.2352941128027682,0,0,0.36363636363636365,0.13333333324444444
4301.png,একজন পুরুষ ও একজন নারী আছে।,0.8333333319444445,0.8333333319444445,0.8333333269444445,0.8333333269444445,0.19999999460000012,0.4999999941666667,0,0,0.7142857142857143,0.8333333319444445
6051.png,একটি শিশু একটি গোল হওয়া <unk> ধরে আছে,0.24999999968749997,0.1999999998,0.22222221703703712,0.22222221703703712,0.12499999492187522,0.22222221703703712,0,0,0.23809523809523814,0.13333333324444444
2396669903_5217a83641.jpg,একজন লোক একটি <unk> <unk> পাশে দাঁড়িয়ে আছে,0.37499999953124996,0.19999999986666667,0.26086956045368626,0.26086956045368626,0.0,0.21052631069252087,0,0,0.34545454545454546,0.15789473675900276
1287064529_aa4e4f3c31.jpg,একটি কুকুর একটি <unk>,0.7499999981250001,0.3333333329629629,0.4615384565680474,0.4615384565680474,0.18181817752066123,0.33333332833333335,0,0,0.2857142857142857,0.3333333329629629
5906.png,একটি মেয়ে শিশু কোলে নিয়ে দাড়িয়ে তাকিয়ে হাসছে,0.37499999953124996,0.7499999981250001,0.49999999472222234,0.49999999472222234,0.39999999500000005,0.49999999472222234,0,0,0.40740740740740744,0.3333333329629629
5270.png,ভবন আছে। ভবন দেখা যাচ্ছে।,0.5999999988,0.7499999981250001,0.6666666602469137,0.6666666602469137,0.5714285648979592,0.6666666602469137,0,0,0.6470588235294117,0.5999999988
989851184_9ef368e520.jpg,একটি কালো কুকুর একটি কালো কুকুরের দিকে তাকিয়ে আছে,0.4444444439506172,0.571428570612245,0.49999999445312515,0.49999999445312515,0.2857142804081633,0.45454544929752067,0,0,0.5319148936170213,0.29999999969999996
436009777_440c7679a1.jpg,এক ব্যক্তি একটি ইটের ভবনের পাশে একটি ইটের ভবনের পাশে একটি ইটের ভবনের পাশে একটি ইটের ভবনের পাশে একটি ইটের ভবনের পাশে একটি ইটের ভবনের পাশে একটি ইটের ভবনের পাশে একটি ইটের ভবনের পাশে একটি ইটের ভবনের পাশে একটি ইটের,0.0499999999875,0.2222222219753086,0.08163265002915464,0.08163265002915464,0.0,0.08163265002915464,0,0,0.19496855345911945,0.07692307686390532
3529.png,৪ জন ছেলে দাড়িয়ে আছে।,0.7999999984,0.28571428551020406,0.4210526272576178,0.4210526272576178,0.2499999943750001,0.4210526272576178,0,0,0.5,0.28571428551020406
3354489242_dd529ffa1f.jpg,একজন হকি খেলোয়াড়,0.6666666644444444,0.1999999998,0.3076923036686391,0.3076923036686391,0.0,0.3076923036686391,0,0,0.5,0.18181818165289254
309430053_cc58bcc36a.jpg,একটি নৌকায় দুইজন মানুষ আছে।,0.1999999996,0.249999999375,0.2222222167901236,0.2222222167901236,0.0,0.2222222167901236,0,0,0.4736842105263158,0.12499999984374999
1201.png,কয়েকজন নারী আছে।,0.6666666644444444,0.2857142853061225,0.39999999500000005,0.39999999500000005,0.0,0.39999999500000005,0,0,0.31999999999999995,0.24999999968749997
4827.png,একটি <unk> একটি পুরানো একটি পুরানো একটি পুরানো <unk> এর সামনে দাড়িয়ে আছে।,0.15384615372781063,0.49999999875,0.2352941137716263,0.2352941137716263,0.1333333299555556,0.2352941137716263,0,0,0.22448979591836737,0.2222222219753086
3055716848_b253324afc.jpg,একজন লোক একটি লাফ দিচ্ছে,0.3999999992,0.1999999998,0.2666666618666667,0.2666666618666667,0.15384614934911253,0.2666666618666667,0,0,0.5555555555555556,0.15384615372781063
513116697_ad0f4dc800.jpg,একজন লোক পর্বতের চূড়ায় শূন্যে ভাসছে,0.49999999916666665,0.3333333329629629,0.3999999946666667,0.3999999946666667,0.0,0.3999999946666667,0,0,0.46153846153846156,0.24999999979166665
567.png,একজন পুরুষ দাড়িয়ে আছে।,0.7499999981250001,0.37499999953124996,0.49999999472222234,0.49999999472222234,0.1999999954000001,0.49999999472222234,0,0,0.4666666666666667,0.3333333329629629
5947.png,একজন লোক একটি <unk> দিকে তাকিয়ে আছে,0.14285714265306124,0.249999999375,0.1818181768595043,0.1818181768595043,0.0,0.1818181768595043,0,0,0.43999999999999995,0.0999999999
6278.png,একটি শিশু আছে।,0.6666666644444444,0.6666666644444444,0.6666666594444445,0.6666666594444445,0.0,0.6666666594444445,0,0,0.7777777777777778,0.49999999875
IMG_20220916_181034.jpg,একটি পুরুষ ও মানুষ বসে আছে।,0.33333333277777777,0.13333333324444444,0.19047618621315202,0.19047618621315202,0.0,0.19047618621315202,0,0,0.42105263157894735,0.10526315783933518
2201951969_0d7520d648.jpg,একটি ছেলে তার বোর্ডে থাকা ব্যক্তির পা তুলে আনছে,0.1111111109876543,0.07692307686390532,0.09090908599173579,0.09090908599173579,0.0,0.09090908599173579,0,0,0.32258064516129037,0.04761904759637188
7762.png,একজন পুরুষ বসে কাজ করছে।,0.5999999988,0.149999999925,0.239999996608,0.239999996608,0.1249999960937501,0.239999996608,0,0,0.30612244897959184,0.15789473675900276
3626964430_cb5c7e5acc.jpg,কিছু মানুষ একটি মাঠে দাড়িয়ে,0.3999999992,0.2857142853061225,0.33333332791666676,0.33333332791666676,0.0,0.19999999460000012,0,0,0.44999999999999996,0.1999999998
1030985833.jpg,একটি কালো কুকুর একটি কালো বস্তুটি ধরে ফেলে।,0.49999999937499995,0.30769230745562126,0.3809523758730159,0.3809523758730159,0.31578946869806096,0.3809523758730159,0,0,0.45833333333333337,0.23076923059171597
6470.png,একজন পুরুষ ও শুয়ে ঘুমাচ্ছে।,0.3999999992,0.3999999992,0.39999999420000004,0.39999999420000004,0.15384614934911253,0.39999999420000004,0,0,0.368421052631579,0.24999999968749997
1286.png,একজন পুরুষ ও একজন পুরুষ দাড়িয়ে আছে।,0.4285714279591837,0.49999999916666665,0.4615384558579882,0.4615384558579882,0.36363635801652905,0.4615384558579882,0,0,0.6153846153846154,0.37499999953124996
6822.png,৪ জন মহিলা একটি পুরনো বাড়ির সামনে দাড়িয়ে আছে যার একজন নারী দাড়িয়ে আছে।,0.28571428551020406,0.3999999996,0.33333332819444444,0.33333332819444444,0.18181817681818194,0.33333332819444444,0,0,0.4693877551020408,0.21052631567867036
1092.png,একজন মেয়ে শিশু কোলে একটি শিশু কোলে একটি শিশু কোলে একটি শিশু কোলে একটি শিশু কোলে একটি শিশু কোলে একটি শিশু কোলে একটি শিশু কোলে একটি শিশু কোলে একটি শিশু কোলে একটি শিশু কোলে একটি শিশু কোলে একটি শিশু কোলে,0.0499999999875,0.18181818165289254,0.07843136913494825,0.07843136913494825,0.04081632326530638,0.07843136913494825,0,0,0.16541353383458646,0.14285714275510203
294549892_babb130543.jpg,একজন লোক একটি হ্রদ উপেক্ষা করছে।,0.16666666638888888,0.14285714265306124,0.15384614863905344,0.15384614863905344,0.0,0.15384614863905344,0,0,0.43999999999999995,0.08333333326388888
6140.png,একটি শিশু তাকিয়ে আছে।,0.49999999875,0.49999999875,0.4999999937500001,0.4999999937500001,0.33333332722222225,0.4999999937500001,0,0,0.6666666666666667,0.33333333277777777
3724.png,একজন পুরুষ পানিতে নেমে গোসল করছে।,0.33333333277777777,0.2222222219753086,0.2666666615111111,0.2666666615111111,0.15384614887573977,0.2666666615111111,0,0,0.4814814814814815,0.15384615372781063
5346.png,একটি সেতুর উপরে সূর্য অস্ত যাচ্ছে।,0.16666666638888888,0.1999999996,0.1818181765289258,0.1818181765289258,0.0,0.1818181765289258,0,0,0.5217391304347826,0.0999999999
3630991662_990f397f7c.jpg,একজন লোক একটি <unk>,0.49999999875,0.11764705875432525,0.19047618721088438,0.19047618721088438,0.0,0.19047618721088438,0,0,0.20454545454545459,0.10526315783933518
3741462565_cc35966b7a.jpg,একটি শিশু আছে।,0.3333333322222222,0.1999999996,0.24999999468750006,0.24999999468750006,0.0,0.24999999468750006,0,0,0.4666666666666667,0.14285714265306124
3692593096_fbaea67476.jpg,একজন লোক একটি বিশাল ঘাসযুক্ত পাহাড়ে হাঁটছে,0.14285714265306124,0.12499999984374999,0.13333332817777796,0.13333332817777796,0.0,0.13333332817777796,0,0,0.3529411764705882,0.07142857137755101
408748500_e8dc8c0c4f.jpg,একজন বাচ্চা মেয়ে দাড়িয়ে আছে,0.3999999992,0.33333333277777777,0.36363635801652905,0.36363635801652905,0.0,0.36363635801652905,0,0,0.5238095238095238,0.2222222219753086
3257277774_aba333a94c.jpg,একটি সাদা কুকুর বরফের মধ্যদিয়ে ছুটছে,0.49999999916666665,0.49999999916666665,0.4999999941666667,0.4999999941666667,0.16666666152777793,0.4285714230612245,0,0,0.5172413793103448,0.3333333329629629
3358380484_b99b48f0c9.jpg,একটি বাদামী কুকুর একটি লাঠি ধরে আছে,0.4285714279591837,0.5999999988,0.4999999943055557,0.4999999943055557,0.1999999948000001,0.4999999943055557,0,0,0.5,0.37499999953124996
5345.png,সামনে কয়েকজন মানুষ দাড়িয়ে আছে।,0.5999999988,0.5999999988,0.5999999938,0.5999999938,0.2499999943750001,0.5999999938,0,0,0.44999999999999996,0.4285714279591837
2448793019_5881c025f9.jpg,একটি শিশু একটি নীল রঙের স্লাইডে নীচে শুয়ে আছে।,0.2222222219753086,0.2222222219753086,0.22222221697530875,0.22222221697530875,0.12499999484375018,0.22222221697530875,0,0,0.4571428571428572,0.14285714275510203
7289.png,সমুদ্রের পারে কয়েকজন মানুষ দাড়িয়ে আছে।,0.33333333277777777,0.6666666644444444,0.44444443901234576,0.44444443901234576,0.10526315390581731,0.44444443901234576,0,0,0.4,0.2857142853061225
4954.png,কয়েকজন মানুষ হেঁটে যাচ্ছে।,0.49999999875,0.3999999992,0.4444444385185186,0.4444444385185186,0.28571428000000004,0.4444444385185186,0,0,0.4736842105263158,0.2857142853061225
4705.png,একজন পুরুষ বসে আছে।,0.249999999375,0.14285714265306124,0.1818181768595043,0.1818181768595043,0.0,0.1818181768595043,0,0,0.2857142857142857,0.1111111109876543
2712.png,একটি সাদা পাখি উড়ে আসা একটি পাখি উড়ে যাচ্ছে,0.4444444439506172,0.19047619038548752,0.26666666228888897,0.26666666228888897,0.07142856729591861,0.26666666228888897,0,0,0.4482758620689655,0.18181818165289254
4546.png,একজন ছোট ছেলে একজন ছোট মেয়ে একজন ছোট মেয়ে একজন ছোট মেয়ে একজন ছোট মেয়ে একজন ছোট মেয়ে একজন ছোট মেয়ে একজন ছোট মেয়ে একজন ছোট মেয়ে একজন ছোট মেয়ে একজন ছোট মেয়ে একজন ছোট মেয়ে একজন ছোট মেয়ে একজন,0.02499999999375,0.16666666638888888,0.04347825858223074,0.04347825858223074,0.0,0.04347825858223074,0,0,0.12925170068027214,0.1111111109876543
4739.png,একটি <unk> <unk> <unk> <unk> <unk> <unk>,0.4285714279591837,0.37499999953124996,0.3999999944888889,0.3999999944888889,0.0,0.3999999944888889,0,0,0.5185185185185186,0.2857142853061225
3258391809_38fc6211f7.jpg,একজন মহিলা তার ক্যামেরা হাতে নিয়ে দাঁড়িয়ে আছে,0.37499999953124996,0.3333333329629629,0.3529411710726644,0.3529411710726644,0.13333332817777796,0.3529411710726644,0,0,0.3793103448275862,0.23076923059171597
111.png,সমুদ্রের পাড়ে একজন মানুষ হেঁটে যাচ্ছে।,0.16666666638888888,0.249999999375,0.1999999948000001,0.1999999948000001,0.0,0.1999999948000001,0,0,0.33333333333333337,0.1111111109876543
2831672255_d779807c14.jpg,একটি কুকুর একটি বাধার উপর দিয়ে লাফ দিচ্ছে,0.37499999953124996,0.23076923059171597,0.2857142807256236,0.2857142807256236,0.15384614863905344,0.2857142807256236,0,0,0.5517241379310345,0.16666666652777776
2214.png,একজন পুরুষ একটি বালতিতে করে নিয়ে যাচ্ছে।,0.14285714265306124,0.1111111109876543,0.12499999492187522,0.12499999492187522,0.0,0.12499999492187522,0,0,0.4545454545454546,0.07142857137755101
8658.png,একজন পুরুষ মানুষ কাজ করছে।,0.1999999996,0.249999999375,0.2222222167901236,0.2222222167901236,0.0,0.2222222167901236,0,0,0.5263157894736843,0.12499999984374999
2473791980_805c819bd4.jpg,একজন লোক পানিতে একটি ঢেউ এর উপর দিয়ে একটি বড় ঢেউ এর উপর দিয়ে একটি বড় ঢেউ এর উপর দিয়ে একটি বড় ঢেউ এর উপর দিয়ে একটি বড় ঢেউ এর উপর দিয়ে একটি বড় ঢেউ এর উপর দিয়ে একটি বড়,0.07499999998125,0.3333333329629629,0.1224489765431071,0.1224489765431071,0.04444444211358036,0.08888888687407412,0,0,0.22962962962962963,0.19999999986666667
6918.png,একটি বানর আছে।,0.9999999966666667,0.4285714279591837,0.5999999946000001,0.5999999946000001,0.24999999562500003,0.5999999946000001,0,0,0.4347826086956522,0.4285714279591837
1282.png,একজন পুরুষ দাড়িয়ে আছে।,0.7499999981250001,0.21428571413265304,0.33333332950617284,0.33333332950617284,0.12499999679687505,0.33333332950617284,0,0,0.28,0.23076923059171597
3326454455_960e5442e9.jpg,একজন লোক একটি ফুটবল খেলছে,0.5999999988,0.2727272724793388,0.374999995234375,0.374999995234375,0.1999999948000001,0.33333332791666676,0,0,0.3055555555555556,0.23076923059171597
813.png,জলাশয়ের পারে কয়েকটি ভবন আছে।,0.1999999996,0.1999999996,0.19999999460000012,0.19999999460000012,0.0,0.19999999460000012,0,0,0.5,0.1111111109876543
3624076529_9793655a21.jpg,একটি কুকুর মুখে নিয়ে একটি লাঠি নিয়ে জলাশয়ে দৌড়াচ্ছে,0.5555555549382716,0.7142857132653061,0.624999994296875,0.624999994296875,0.4285714230612245,0.624999994296875,0,0,0.5757575757575757,0.5555555549382716
3208188198_2b271d2a2e.jpg,এক মেয়ে রাস্তায় একটি ছোট কুকুরকে <unk> <unk> <unk> <unk> <unk> <unk> <unk> <unk> <unk> <unk> <unk> <unk> <unk> <unk> <unk> <unk> <unk> <unk> <unk> <unk> <unk> <unk> <unk> <unk> <unk> <unk> <unk> <unk> <unk> <unk> <unk> <unk> <unk> <unk>,0.0499999999875,0.24999999968749997,0.08333333052083343,0.08333333052083343,0.043478258270321514,0.08333333052083343,0,0,0.10759493670886078,0.0999999999
1112.png,একজন বৃদ্ধ পুরুষ কাজ করছে।,0.5999999988,0.3333333329629629,0.42857142336734694,0.42857142336734694,0.16666666194444454,0.42857142336734694,0,0,0.3055555555555556,0.29999999969999996
3256272547_5ae6c66293.jpg,আগুন জ্বলছে এবং আগুন জ্বলছে এবং একজন পুরুষ আগুন নিয়ে আগুন লাগা আগুন লাগা বাচ্চাদের আগুন জ্বলছে এবং একজন পুরুষ আগুন নিয়ে আগুন লাগা আগুন লাগা বাচ্চাদের আগুন জ্বলছে এবং একজন পুরুষ আগুন নিয়ে আগুন লাগা আগুন লাগা বাচ্চাদের আগুন,0.0499999999875,0.3999999992,0.08888888687407412,0.08888888687407412,0.0,0.08888888687407412,0,0,0.18867924528301883,0.18181818165289254
3049.png,একজন পুরুষ আছে।,0.6666666644444444,0.49999999875,0.5714285648979592,0.5714285648979592,0.39999999360000005,0.5714285648979592,0,0,0.6666666666666667,0.3999999992
3090386315_87ed417814.jpg,একটি কুকুর হলুদ ফুলের দিকে চলে।,0.49999999916666665,0.49999999916666665,0.4999999941666667,0.4999999941666667,0.2222222167901236,0.36363635801652905,0,0,0.6190476190476191,0.3333333329629629
135.png,একজন পুরুষ হেঁটে যাচ্ছে।,0.249999999375,0.16666666638888888,0.1999999948000001,0.1999999948000001,0.0,0.1999999948000001,0,0,0.2272727272727273,0.1111111109876543
7890.png,একজন লোক একটি <unk> পরে একটি <unk> পরে একটি <unk> পরে একটি <unk> পরে একটি <unk> পরে একটি <unk> পরে একটি <unk> পরে একটি <unk> পরে একটি <unk> পরে একটি <unk> পরে একটি <unk> পরে একটি <unk> পরে একটি <unk>,0.02499999999375,0.249999999375,0.04545454378099179,0.04545454378099179,0.0,0.04545454378099179,0,0,0.061224489795918324,0.12499999984374999
3242088278_43eea5d17e.jpg,একটি কুকুর জলের উপর দিয়ে লাফ দিচ্ছে,0.14285714265306124,0.249999999375,0.1818181768595043,0.1818181768595043,0.0,0.1818181768595043,0,0,0.52,0.0999999999
77.png,নদীর ঘাটে অনেক লঞ্ছ ঘাটে বসে আছে।,0.2857142853061225,0.3999999992,0.33333332791666676,0.33333332791666676,0.1999999948000001,0.33333332791666676,0,0,0.34782608695652173,0.2222222219753086
3721881082_afe9fc734e.jpg,একটি টেবিলের পাশে বসে আছে,0.5999999988,0.29999999969999996,0.39999999502222217,0.39999999502222217,0.15384614934911253,0.39999999502222217,0,0,0.4,0.24999999979166665
2460.png,একজন পুরুষ দাড়িয়ে ছবি তোলার জন্য।,0.33333333277777777,0.1111111110493827,0.16666666277777784,0.16666666277777784,0.09090908731404972,0.16666666277777784,0,0,0.2535211267605634,0.1111111110493827
4042.png,একজন লোক <unk> <unk>,0.249999999375,0.249999999375,0.2499999943750001,0.2499999943750001,0.0,0.2499999943750001,0,0,0.38888888888888884,0.16666666638888888
4770.png,একজন পুরুষ একটি পতাকা দেখা যাচ্ছে।,0.16666666638888888,0.249999999375,0.1999999948000001,0.1999999948000001,0.0,0.1999999948000001,0,0,0.3913043478260869,0.1111111109876543
233.png,একটি শিশু হাতে নিয়ে দাড়িয়ে আছে একজন মহিলা।,0.49999999937499995,0.1739130434026465,0.2580645121331946,0.2580645121331946,0.0,0.23529411238754333,0,0,0.40625,0.159999999936
2565685680_c30972455d.jpg,একটি কালো কুকুর পানিতে দৌড়াচ্ছে,0.5999999988,0.4285714279591837,0.4999999943055557,0.4999999943055557,0.3999999944,0.4999999943055557,0,0,0.5,0.3333333329629629
4001.png,একজন পুরুষ দাড়িয়ে আছে।,0.49999999875,0.6666666644444444,0.5714285648979592,0.5714285648979592,0.0,0.5714285648979592,0,0,0.6,0.3999999992
496606439_9333831e73.jpg,একজন মহিলা তার মুখে একটি <unk> ধরে আছে,0.24999999968749997,0.49999999875,0.33333332833333335,0.33333332833333335,0.0,0.33333332833333335,0,0,0.4285714285714286,0.1999999998
6927.png,একজন পুরুষ মাথায় ইট নিচ্ছে।,0.3999999992,0.3999999992,0.39999999420000004,0.39999999420000004,0.2499999943750001,0.39999999420000004,0,0,0.6190476190476191,0.24999999968749997
442594271_2c3dd38483.jpg,সমুদ্রের পারে অনেকগুলো মানুষ দাড়িয়ে আছে।,0.33333333277777777,0.2857142853061225,0.3076923022485208,0.3076923022485208,0.0,0.3076923022485208,0,0,0.48,0.18181818165289254
1564614124_0ee6799935.jpg,একটি মেয়ে সাবানের বেলুন উড়িয়ে দাঁড়িয়ে আছে,0.4285714279591837,0.49999999916666665,0.4615384558579882,0.4615384558579882,0.1818181765289258,0.4615384558579882,0,0,0.6153846153846154,0.29999999969999996
6174.png,একজন পুরুষ দাড়িয়ে আছে।,0.49999999875,0.3999999992,0.4444444385185186,0.4444444385185186,0.0,0.4444444385185186,0,0,0.6666666666666667,0.2857142853061225
4486.png,রেল লাইন ধরে একজন পুরুষ হেঁটে যাচ্ছে।,0.14285714265306124,0.16666666638888888,0.15384614863905344,0.15384614863905344,0.0,0.15384614863905344,0,0,0.36,0.08333333326388888
7693.png,কয়েকজন মানুষ কাজ করছে।,0.49999999875,0.1999999998,0.28571428122448983,0.28571428122448983,0.16666666263888896,0.28571428122448983,0,0,0.2564102564102564,0.16666666652777776
330325191_63e11d9c93.jpg,একজন লোক পাহাড়ের চূড়ায় দাড়িয়ে আছে,0.6666666655555555,0.6666666655555555,0.6666666605555556,0.6666666605555556,0.19999999460000012,0.4999999941666667,0,0,0.9130434782608696,0.49999999937499995
4665.png,একটি মুরগি আছে।,0.3333333322222222,0.3333333322222222,0.33333332722222225,0.33333332722222225,0.0,0.33333332722222225,0,0,0.6,0.1999999996
7942.png,কিছু মানুষ দাড়িয়ে আছে।,0.49999999875,0.49999999875,0.4999999937500001,0.4999999937500001,0.0,0.4999999937500001,0,0,0.375,0.33333333277777777
1321723162.jpg,একজন লোক একটি <unk> <unk> <unk> <unk> <unk> <unk> <unk> <unk> <unk> <unk> <unk> <unk> <unk> <unk> <unk> <unk> <unk> <unk> <unk> <unk> <unk> <unk> <unk> <unk> <unk> <unk> <unk> <unk> <unk> <unk> <unk> <unk> <unk> <unk> <unk> <unk> <unk>,0.0499999999875,0.24999999968749997,0.08333333052083343,0.08333333052083343,0.043478258270321514,0.08333333052083343,0,0,0.09433962264150941,0.1999999998
7891.png,একজন পুরুষ বসে কাজ করছে।,0.5999999988,0.5999999988,0.5999999938,0.5999999938,0.4999999937500001,0.5999999938,0,0,0.7777777777777778,0.4285714279591837
1837.png,একজন নারী দাড়িয়ে আছে।,0.7499999981250001,0.37499999953124996,0.49999999472222234,0.49999999472222234,0.1999999954000001,0.49999999472222234,0,0,0.3928571428571429,0.3333333329629629
96420612_feb18fc6c6.jpg,এক ব্যক্তি একটি স্কেটবোর্ডে চড়ে শূন্যে লাফ দিচ্ছে,0.37499999953124996,0.2727272724793388,0.31578946847645434,0.31578946847645434,0.23529411252595167,0.31578946847645434,0,0,0.4871794871794872,0.1874999998828125
424416723_19c56cb365.jpg,একটি কুকুর একটি কালো রঙের কুকুর,0.6666666655555555,0.7999999984,0.7272727209917357,0.7272727209917357,0.4444444385185186,0.5454545395041324,0,0,0.4545454545454546,0.7999999984
3639684919_cb6fbf5638.jpg,একজন লোক তাদের মাথার উপরে তুলে দাঁড়িয়ে আছে,0.0,0.0,0.0,0.0,0.0,0.0,0,0,0.31034482758620685,0.0
5141.png,রেল লাইনের পাশ দিয়ে একজন লোক হেঁটে যাচ্ছে।,0.12499999984374999,0.09090909082644627,0.10526315290858747,0.10526315290858747,0.0,0.10526315290858747,0,0,0.41025641025641024,0.05882352937716263
1155.png,অনেকগুলো মানুষ দেখা যাচ্ছে।,0.249999999375,0.14285714265306124,0.1818181768595043,0.1818181768595043,0.0,0.1818181768595043,0,0,0.34375,0.0999999999
118309463.jpg,একটি শিশু হাতে একটি <unk>,0.1999999996,0.16666666638888888,0.1818181765289258,0.1818181765289258,0.0,0.1818181765289258,0,0,0.23333333333333328,0.1111111109876543
1979.png,জলাশয় এর পাশে একটি সেতু আছে।,0.16666666638888888,0.05882352937716263,0.08695651780718354,0.08695651780718354,0.0,0.08695651780718354,0,0,0.25,0.045454545433884296
6714.png,একজন পুরুষ বসে আছে।,0.49999999875,0.18181818165289254,0.26666666240000003,0.26666666240000003,0.0,0.26666666240000003,0,0,0.375,0.15384615372781063
3467073304_aefe553c4d.jpg,একজন মহিলা একটি ভলিবল খেলেন।,0.5999999988,0.7499999981250001,0.6666666602469137,0.6666666602469137,0.28571428000000004,0.6666666602469137,0,0,0.7619047619047619,0.49999999916666665
3590593467_be497a6139.jpg,একজন লোক একটি জাম্পিং স্টান্ট করছেন,0.33333333277777777,0.15384615372781063,0.21052631124653745,0.21052631124653745,0.11764705453287211,0.21052631124653745,0,0,0.28,0.13333333324444444
2918.png,কয়েকজন পুরুষ দাড়িয়ে আছে।,0.249999999375,0.12499999984374999,0.16666666194444454,0.16666666194444454,0.0,0.16666666194444454,0,0,0.303030303030303,0.09090909082644627
9101.png,একজন পুরুষ একটি গাছের সারির সামনে দাড়িয়ে আছে।,0.12499999984374999,0.16666666638888888,0.1428571377551022,0.1428571377551022,0.0,0.1428571377551022,0,0,0.32258064516129037,0.07692307686390532
440190907_bf8b7ba8ef.jpg,একটি বারে একজন লোক একটি রেস্টুরেন্টের ভিতরে দোকানের সামনে দাঁড়িয়ে আছে,0.18181818165289254,0.3999999992,0.249999995390625,0.249999995390625,0.0,0.249999995390625,0,0,0.34782608695652173,0.15384615372781063
2531942624_c3c072064e.jpg,একজন লোক বালুতে ছুটছে।,0.249999999375,0.1999999996,0.2222222167901236,0.2222222167901236,0.0,0.2222222167901236,0,0,0.5294117647058824,0.12499999984374999
7851.png,একটি নৌকায় একজন পুরুষ দাড়িয়ে আছে।,0.8333333319444445,0.49999999949999996,0.62499999453125,0.62499999453125,0.2857142807142858,0.4999999946875,0,0,0.4137931034482759,0.49999999949999996
3350260112_fcb47ff6b2.jpg,সমুদ্র পাড়ে অনেক মানুষ দেখা যাচ্ছে।,0.33333333277777777,0.49999999875,0.3999999944,0.3999999944,0.24999999468750006,0.3999999944,0,0,0.48571428571428577,0.24999999968749997
530950375_eea665583f.jpg,একজন লোক একটি <unk> <unk> <unk>,0.49999999916666665,0.3333333329629629,0.3999999946666667,0.3999999946666667,0.0,0.2666666615111111,0,0,0.34375,0.29999999969999996
7776.png,একজন পুরুষ মাথায় ছাতা ধরে চেয়ে আছে যার চুল কালো রঙ মেখে আছে।,0.30769230745562126,0.4444444439506172,0.3636363584710744,0.3636363584710744,0.1333333299555556,0.35294117245674744,0,0,0.33333333333333337,0.2222222220987654
414.png,একজন বৃদ্ধ নারী বসে আছে।,0.3999999992,0.15384615372781063,0.22222221796296296,0.22222221796296296,0.0,0.22222221796296296,0,0,0.26086956521739135,0.124999999921875
8587.png,একটি শিশু একটি গাছের নিচে দাড়িয়ে আছে।,0.14285714265306124,0.07142857137755101,0.09523809070294806,0.09523809070294806,0.0,0.09523809070294806,0,0,0.25,0.05882352937716263
2699426519_228719b1db.jpg,একটি বাদামী কুকুর ঘাসের উপর দৌড়াচ্ছে,0.9999999983333333,0.5999999993999999,0.7499999943750001,0.7499999943750001,0.42857142336734694,0.7499999943750001,0,0,0.7241379310344828,0.5999999993999999
6700.png,সূর্যাস্তের সময় একটি নৌকা দেখা যাচ্ছে।,0.33333333277777777,0.18181818165289254,0.2352941128027682,0.2352941128027682,0.13333332871111125,0.2352941128027682,0,0,0.25,0.13333333324444444
423066487_07757b2b49.jpg,একজন বৃদ্ধ লোক রান্না করতে হবে,0.16666666638888888,0.16666666638888888,0.16666666138888903,0.16666666138888903,0.0,0.16666666138888903,0,0,0.41666666666666663,0.09090909082644627
8430.png,এটি একটি নৌকা আছে।,0.49999999875,0.1999999998,0.28571428122448983,0.28571428122448983,0.0,0.28571428122448983,0,0,0.2564102564102564,0.2222222219753086
2842865689_e37256d9ce.jpg,একজন পুরুষ বসে আছে।,0.7499999981250001,0.21428571413265304,0.33333332950617284,0.33333332950617284,0.12499999679687505,0.33333332950617284,0,0,0.37037037037037035,0.23076923059171597
6395.png,একজন পুরুষ আছে।,0.0,0.0,0.0,0.0,0.0,0.0,0,0,0.19999999999999996,0.0
DSC_9075.JPG,একজন পুরুষ এবং ২ জন মেয়ে দাড়িয়ে আছে যার মাঝে একজন মেয়ে দাড়িয়ে আছে যার মাঝে একজন মেয়ে দাড়িয়ে আছে যার মাঝে একজন মেয়ে দাড়িয়ে আছে যার মাঝে একজন মেয়ে দাড়িয়ে আছে যার মাঝে একজন মেয়ে দাড়িয়ে আছে যার মাঝে,0.07499999998125,0.3333333329629629,0.1224489765431071,0.1224489765431071,0.0851063801177004,0.1224489765431071,0,0,0.16058394160583944,0.1874999998828125
2245.png,একজন পুরুষ হেঁটে যাচ্ছে।,0.0,0.0,0.0,0.0,0.0,0.0,0,0,0.16666666666666663,0.0
516648762_0cff84ea97.jpg,একটি <unk> একটি কুকুর মুখে একটি বল ধরে রেখেছে।,0.3333333329629629,0.19999999986666667,0.2499999951041667,0.2499999951041667,0.2666666613333334,0.23529411238754333,0,0,0.4375,0.16666666652777776
2372572028_53b76104a9.jpg,একটি ছেলে একটি ছোট ছেলে একটি ছোট ছেলে একটি ছোট ছেলে একটি ছোট ছেলে একটি ছোট ছেলে একটি ছোট ছেলে একটি ছোট ছেলে একটি ছোট ছেলে একটি ছোট ছেলে একটি ছোট ছেলে একটি ছোট ছেলে একটি ছোট ছেলে একটি ছোট,0.0499999999875,0.33333333277777777,0.08695651943289232,0.08695651943289232,0.045454543419421574,0.08695651943289232,0,0,0.18796992481203012,0.2857142853061225
1893.png,একজন শারি পরা মহিলা একটি শিশু কোলে নিয়ে দাড়িয়ে আছে।,0.29999999969999996,0.4285714279591837,0.35294117121107266,0.35294117121107266,0.13333332835555572,0.35294117121107266,0,0,0.4411764705882353,0.21428571413265304
1309.png,ছয়জন পুরুষ মানুষ আছে।,0.49999999875,0.2222222219753086,0.3076923029585799,0.3076923029585799,0.0,0.3076923029585799,0,0,0.375,0.18181818165289254
IMG_0056.JPG,লোক টি দাঁড়িয়ে আছে,0.7499999981250001,0.7499999981250001,0.7499999931250001,0.7499999931250001,0.5999999946000001,0.7499999931250001,0,0,0.7272727272727273,0.5999999988
707941195_4386109029.jpg,একটি কালো কুকুর একটি কালো কুকুর দৌড়াচ্ছে,0.571428570612245,0.4444444439506172,0.49999999445312515,0.49999999445312515,0.4285714230612245,0.49999999445312515,0,0,0.5384615384615384,0.3333333329629629
IMG_2503.JPG,কপালে কালো মালা আছে,0.7499999981250001,0.49999999916666665,0.5999999940000001,0.5999999940000001,0.49999999406250006,0.5999999940000001,0,0,0.6,0.4285714279591837
5713.png,রাতের বেলা সূর্য আছে।,0.49999999875,0.18181818165289254,0.26666666240000003,0.26666666240000003,0.15384615005917168,0.26666666240000003,0,0,0.2564102564102564,0.15384615372781063
7913.png,একটি শিশু কাদাজলের মধ্যদিয়ে হাটছে।,0.1999999996,0.3333333322222222,0.24999999468750006,0.24999999468750006,0.0,0.24999999468750006,0,0,0.2727272727272727,0.14285714265306124
7573.png,একটি কুকুর একটি পুকুর থেকে উঠে আছে,0.0,0.0,0.0,0.0,0.0,0.0,0,0,0.33333333333333337,0.0
3559993787_c49644dcc5.jpg,এক লোক বাইসাইকেলে চড়ে শূন্যে লাফ দিচ্ছে,0.7142857132653061,0.49999999949999996,0.5882352885813149,0.5882352885813149,0.2666666615111111,0.5882352885813149,0,0,0.5641025641025641,0.41666666631944443
8712.png,একজন পুরুষ ও একটি শিশু খেলছে।,0.16666666638888888,0.1999999996,0.1818181765289258,0.1818181765289258,0.0,0.1818181765289258,0,0,0.4285714285714286,0.0999999999
8540.png,একজন ছোট ছেলে হাসি মুখে কিছু বেধে দাঁত বের করে আছে একজন ছোট মেয়ে।,0.14285714275510203,0.16666666652777776,0.15384614875739658,0.15384614875739658,0.0833333282986114,0.15384614875739658,0,0,0.4222222222222223,0.09090909086776859
3731.png,একটি শিশু আছে।,0.9999999966666667,0.4285714279591837,0.5999999946000001,0.5999999946000001,0.24999999562500003,0.5999999946000001,0,0,0.375,0.4285714279591837
3335885203_a3fe8e541f.jpg,একজন ফুটবল খেলা হচ্ছে।,0.249999999375,0.249999999375,0.2499999943750001,0.2499999943750001,0.0,0.2499999943750001,0,0,0.5,0.14285714265306124
DSC_9293.JPG,একজন নারী নৃত্য করছে।,0.0,0.0,0.0,0.0,0.0,0.0,0,0,0.4,0.0
3349258288_5300c40430.jpg,একটি ছেলে একটি ইটের ভবনের বাইরে একটি উঁচু জায়গায় দৌড়াচ্ছে,0.29999999969999996,0.29999999969999996,0.29999999470000005,0.29999999470000005,0.0,0.29999999470000005,0,0,0.4,0.06666666662222222
1449.png,একজন পুরুষ হাতে একটি বই ধরে দাড়িয়ে আছে এবং পিছনে একজন পুরুষ আছে।,0.15384615372781063,0.3999999992,0.22222221796296296,0.22222221796296296,0.0,0.22222221796296296,0,0,0.2978723404255319,0.14285714275510203
7009.png,একটি পুরনো বাড়ির সামনে কয়েকজন মানুষ হেঁটে যাচ্ছে।,0.24999999968749997,0.49999999875,0.33333332833333335,0.33333332833333335,0.0,0.33333332833333335,0,0,0.375,0.1999999998
2376694294_9a4ecc3b90.jpg,সাঁতার পোশাক পরা একটি শিশু সুইমিংপুলে সাঁতার কাটছে,0.12499999984374999,0.12499999984374999,0.12499999484375018,0.12499999484375018,0.0,0.12499999484375018,0,0,0.3870967741935484,0.07142857137755101
3328646934_5cca4cebce.jpg,একজন লোক একটি স্নোবোর্ডার।,0.49999999875,0.24999999968749997,0.33333332833333335,0.33333332833333335,0.0,0.33333332833333335,0,0,0.3448275862068966,0.1999999998
3518755601_cebf11e515.jpg,সমুদ্র সৈকতে বালির উপরে একটি মেয়ে সৈকতে বালুতে গড়াগড়ি খাচ্ছে,0.0999999999,0.1111111109876543,0.10526315279778417,0.10526315279778417,0.0,0.10526315279778417,0,0,0.32499999999999996,0.05882352937716263
3640329164_20cb245fd5.jpg,একটি ছেলে এবং একটি ছোট বালক সুইমিংপুলে সাঁতার কাটার সময় মাথা নিচে সাতার কাটছে,0.21428571413265304,0.2727272724793388,0.23999999488000007,0.23999999488000007,0.0,0.23999999488000007,0,0,0.3076923076923077,0.09999999995
337647771_3b819feaba.jpg,একটি কুকুর একটি নীল রঙের একটি নীল রঙের একটি নীল রঙের একটি নীল রঙের একটি নীল রঙের একটি নীল রঙের একটি নীল রঙের একটি নীল রঙের একটি নীল রঙের একটি নীল রঙের একটি নীল রঙের একটি নীল রঙের একটি নীল,0.07499999998125,0.49999999916666665,0.1304347802835539,0.1304347802835539,0.09090908885330583,0.1304347802835539,0,0,0.18493150684931503,0.2857142853061225
3265964840_5374ed9c53.jpg,একজন লোক একটি স্লেজে লাফ দিচ্ছে,0.6666666655555555,0.30769230745562126,0.4210526268144044,0.4210526268144044,0.23529411321799312,0.4210526268144044,0,0,0.5,0.28571428551020406
3889.png,একজন নারী ও একজন নারী আছে।,0.49999999916666665,0.37499999953124996,0.4285714230612245,0.4285714230612245,0.0,0.4285714230612245,0,0,0.5172413793103448,0.3333333329629629
8309.png,একজন নারী মাথায় টুপি পরা লোক ও একটি শিশু মাথায় টুপি পরা লোক ও একটি শিশু মাথায় টুপি পরা লোক ও একটি শিশু মাথায় টুপি পরা লোক ও একটি শিশু মাথায় টুপি পরা লোক ও একটি শিশু মাথায় টুপি পরা,0.02499999999375,0.249999999375,0.04545454378099179,0.04545454378099179,0.0,0.04545454378099179,0,0,0.1417322834645669,0.08333333326388888
6091.png,একটি শিশু তাকিয়ে আছে।,0.9999999975,0.7999999984,0.8888888819753088,0.8888888819753088,0.5714285648979592,0.8888888819753088,0,0,0.8125,0.7999999984
village-house-design-ideas.jpg,একটি পুরাতন <unk>,0.6666666644444444,0.3999999992,0.49999999406250006,0.49999999406250006,0.0,0.49999999406250006,0,0,0.29166666666666663,0.33333333277777777
cow-4684904.jpg,একজন পুরুষ দুইটি গরু নিয়ে যাচ্ছে।,0.0,0.0,0.0,0.0,0.0,0.0,0,0,0.3846153846153846,0.0
3698607223_22fe09763a.jpg,একজন স্নোবোর্ডার একটি বরফের পাহাড়ে স্কিইং করছে,0.2857142853061225,0.18181818165289254,0.22222221722222232,0.22222221722222232,0.0,0.22222221722222232,0,0,0.4444444444444444,0.124999999921875
2108799322_e25aa6e185.jpg,একটি কালো কুকুর মুখে কিছু একটা গাছের পাশে মুখে একটি মৃত পাখি বহন করছে।,0.21428571413265304,0.5999999988,0.3157894694736842,0.3157894694736842,0.2352941137716263,0.3157894694736842,0,0,0.3125,0.21428571413265304
3591170729_406fdb74e5.jpg,একজন বৃদ্ধ লোক শুয়ে আছে।,0.3999999992,0.15384615372781063,0.22222221796296296,0.22222221796296296,0.0,0.22222221796296296,0,0,0.29268292682926833,0.13333333324444444
346095804_1259484421628369_2439464680215441902_n.jpg,একটি শিশু দাড়িয়ে আছে।,0.249999999375,0.0999999999,0.14285713857142868,0.14285713857142868,0.0,0.14285713857142868,0,0,0.23809523809523814,0.07692307686390532
3368.png,একজন নারী হাতে <unk> সে মাছ হাতে মাছ নিয়ে আছে।,0.0999999999,0.249999999375,0.14285713857142868,0.14285713857142868,0.0,0.14285713857142868,0,0,0.32258064516129037,0.09090909082644627
3370308329_7f2de5bb58.jpg,একজন লোক একটি বরফের মধ্যে একটি বরফের মধ্যে একটি বরফের মধ্যে একটি বরফের মধ্যে একটি বরফের মধ্যে একটি বরফের মধ্যে একটি বরফের মধ্যে একটি বরফের মধ্যে একটি বরফের মধ্যে একটি বরফের মধ্যে একটি বরফের মধ্যে একটি বরফের মধ্যে একটি বরফের,0.0499999999875,0.33333333277777777,0.08695651943289232,0.08695651943289232,0.045454543419421574,0.08695651943289232,0,0,0.12790697674418605,0.2222222219753086
457945610_1a23b9ced0.jpg,একটি মেয়ে জলের উপর দিয়ে বায়ুবাহিত হচ্ছে।,0.2857142853061225,0.24999999968749997,0.2666666613333334,0.2666666613333334,0.0,0.2666666613333334,0,0,0.40740740740740744,0.15384615372781063
3058627443_1d57ff0a2c.jpg,এক লোক একটি ঢেউ আছড়ে পড়ছে,0.33333333277777777,0.2222222219753086,0.2666666615111111,0.2666666615111111,0.15384614887573977,0.2666666615111111,0,0,0.37037037037037035,0.15384615372781063
338.png,একজন নারী হেঁটে যাচ্ছে।,0.7499999981250001,0.4285714279591837,0.5454545398347109,0.5454545398347109,0.44444443901234576,0.5454545398347109,0,0,0.48,0.37499999953124996
3697.png,একটি চলন্ত নৌকায় কয়েকজন মানুষ আছে।,0.8333333319444445,0.8333333319444445,0.8333333269444445,0.8333333269444445,0.39999999420000004,0.8333333269444445,0,0,0.6799999999999999,0.7142857132653061
3512.png,একজন পুরুষ হাতে ফুল নিয়ে আছে।,0.49999999916666665,0.3333333329629629,0.3999999946666667,0.3999999946666667,0.0,0.3999999946666667,0,0,0.41666666666666663,0.24999999979166665
3591.png,একটি শিশু বসে আছে।,0.249999999375,0.14285714265306124,0.1818181768595043,0.1818181768595043,0.0,0.1818181768595043,0,0,0.2962962962962963,0.0999999999
632.png,একজন পুরুষ একটি উঠুনে বসে।,0.3999999992,0.1999999998,0.2666666618666667,0.2666666618666667,0.0,0.14285713806122466,0,0,0.3142857142857143,0.15384615372781063
2753531542_ace2c870b7.jpg,একজন লোক একটি শিলার চূড়ায় দাঁড়িয়ে আছে,0.4285714279591837,0.24999999979166665,0.31578946869806096,0.31578946869806096,0.11764705411764723,0.31578946869806096,0,0,0.42307692307692313,0.1874999998828125
1603.png,কয়েকজন পুরুষ আছে।,0.9999999966666667,0.5999999988,0.7499999934375,0.7499999934375,0.6666666600000001,0.7499999934375,0,0,0.631578947368421,0.5999999988
3570.png,একটি ভাসমান একটি হ্রদ থেকে পানিতে ভাসছে,0.14285714265306124,0.16666666638888888,0.15384614863905344,0.15384614863905344,0.0,0.15384614863905344,0,0,0.37037037037037035,0.09090909082644627
3291587911_81fc33300e.jpg,একটি শিশু একটি কুকুর নিয়ে একটি কুকুর নিয়ে একটি কুকুর নিয়ে একটি কুকুর নিয়ে একটি কুকুর নিয়ে একটি কুকুর নিয়ে একটি কুকুর নিয়ে একটি কুকুর নিয়ে একটি কুকুর নিয়ে একটি কুকুর নিয়ে একটি কুকুর নিয়ে একটি কুকুর নিয়ে একটি কুকুর,0.0499999999875,0.124999999921875,0.07142856732142881,0.07142856732142881,0.0,0.07142856732142881,0,0,0.21232876712328763,0.11764705875432525
975131015_9acd25db9c.jpg,একটি বাঘ একসাথে বসে আছে।,0.3999999992,0.33333333277777777,0.36363635801652905,0.36363635801652905,0.0,0.36363635801652905,0,0,0.4545454545454546,0.24999999968749997
6287.png,একজন পুরুষ আছে।,0.9999999966666667,0.37499999953124996,0.5454545404958677,0.5454545404958677,0.22222221827160496,0.5454545404958677,0,0,0.42307692307692313,0.37499999953124996
4023.png,একজন বাচ্চা মেয়ে মাথায় কাপড় দিয়ে চেয়ে আছেন।,0.12499999984374999,0.0999999999,0.11111110604938293,0.11111110604938293,0.0,0.11111110604938293,0,0,0.303030303030303,0.05882352937716263
5996.png,একটি ছেলে কাঁদে একটি গাছের পাশ দিয়ে হেটে যাচ্ছে একজন পুরুষ আছে।,0.16666666652777776,0.6666666644444444,0.2666666631111111,0.2666666631111111,0.15384615100591717,0.2666666631111111,0,0,0.2142857142857143,0.16666666652777776
717.png,একজন পুরুষ ছাতা নিয়ে যাচ্ছে।,0.3999999992,0.2857142853061225,0.33333332791666676,0.33333332791666676,0.0,0.33333332791666676,0,0,0.5,0.1999999998
5837.png,একটি শিশু আছে।,0.6666666644444444,0.33333333277777777,0.44444443901234576,0.44444443901234576,0.28571428081632655,0.44444443901234576,0,0,0.42105263157894735,0.2857142853061225
3561433412_3985208d53.jpg,একটি কুকুর একটি বাদামী কুকুর একটি বাদামী এবং একটি বাদামী কুকুর একটি বাদামী এবং একটি বাদামী কুকুর একটি বাদামী এবং একটি বাদামী কুকুর একটি বাদামী এবং একটি বাদামী কুকুর একটি বাদামী এবং একটি বাদামী কুকুর একটি বাদামী এবং একটি বাদামী,0.07499999998125,0.3333333329629629,0.1224489765431071,0.1224489765431071,0.0833333302517362,0.1224489765431071,0,0,0.18300653594771243,0.24999999968749997
3589052481_059e5e2c37.jpg,একজন পুরুষ চশমা পরে আছে।,0.3999999992,0.14285714275510203,0.21052631168975072,0.21052631168975072,0.11764705508650528,0.21052631168975072,0,0,0.34375,0.13333333324444444
3444974984_963fb441a0.jpg,একজন মহিলা একটি <unk> করছে।,0.5999999988,0.37499999953124996,0.46153845609467453,0.46153845609467453,0.1818181768595043,0.46153845609467453,0,0,0.48571428571428577,0.3333333329629629
4086.png,রাস্তা দিয়ে গাড়ি দেখা যাচ্ছে।,0.1999999996,0.09090909082644627,0.12499999554687513,0.12499999554687513,0.0,0.12499999554687513,0,0,0.23809523809523814,0.06666666662222222
2436.png,কয়েকজন পুরুষ দাড়িয়ে আছে।,0.249999999375,0.16666666638888888,0.1999999948000001,0.1999999948000001,0.0,0.1999999948000001,0,0,0.30000000000000004,0.1111111109876543
5093.png,একটি ব্রীজ দেখা যাচ্ছে ও খাল দিয়ে গাছ আছে।,0.3333333329629629,0.4285714279591837,0.374999994609375,0.374999994609375,0.0,0.14285713806122466,0,0,0.3571428571428571,0.23076923059171597
472860064_a96a228796.jpg,একটি কুকুর একটি ফ্রিসবি ধরার চেষ্টা করছে,0.571428570612245,0.3333333330555555,0.42105262648199443,0.42105262648199443,0.2352941128027682,0.42105262648199443,0,0,0.4642857142857143,0.23076923059171597
3213395965_2a823c6865.jpg,এক মহিলা তার মুখের সামনে একটি চিহ্ন হাতে নিয়ে দাঁড়িয়ে আছে,0.18181818165289254,0.24999999968749997,0.21052631069252087,0.21052631069252087,0.11764705384083066,0.21052631069252087,0,0,0.368421052631579,0.11764705875432525
3026102616_3cf350af9e.jpg,একটি সাদা রঙের একটি সাদা রঙের কুকুর একটি সাদা কুকুরটি লাফ দিচ্ছে,0.16666666652777776,0.2222222219753086,0.1904761853968255,0.1904761853968255,0.0,0.1904761853968255,0,0,0.36363636363636365,0.15384615372781063
3604384157_99241be16e.jpg,একজন লোক একটি <unk>,0.249999999375,0.1111111109876543,0.15384614934911253,0.15384614934911253,0.0,0.15384614934911253,0,0,0.375,0.08333333326388888
7356.png,একজন নারী মাথায় একটি ঘুড়ি নিয়ে দাঁড়িয়ে আছে।,0.37499999953124996,0.49999999916666665,0.4285714230612245,0.4285714230612245,0.0,0.4285714230612245,0,0,0.6666666666666667,0.2727272724793388
6390.png,একজন পুরুষ মাথায় বোঝা নিয়ে দাড়িয়ে আছে।,0.4285714279591837,0.49999999916666665,0.4615384558579882,0.4615384558579882,0.1818181765289258,0.4615384558579882,0,0,0.6799999999999999,0.29999999969999996
2417341107_97dbab9c5e.jpg,এক মহিলা সমুদ্রের দিকে আসছে,0.1999999996,0.1999999996,0.19999999460000012,0.19999999460000012,0.0,0.19999999460000012,0,0,0.34782608695652173,0.1111111109876543
2928835996_88b9f9503d.jpg,একজন পুরুষ ও পুরুষ দাড়িয়ে আছে।,0.0,0.0,0.0,0.0,0.0,0.0,0,0,0.38095238095238093,0.0
758.png,একজন বৃদ্ধ লোক একটি <unk> একটি <unk> একটি <unk> একটি <unk> একটি <unk> একটি <unk> একটি <unk> একটি <unk> একটি <unk> একটি <unk> একটি <unk> একটি <unk> একটি <unk> একটি <unk> একটি <unk> একটি <unk> একটি <unk> একটি <unk> একটি,0.07499999998125,0.21428571413265304,0.11111110722908106,0.11111110722908106,0.0,0.07407407020576152,0,0,0.14465408805031443,0.124999999921875
3039675864_0b7961844d.jpg,একটি <unk> একটি লোক একটি <unk> রাস্তা দিয়ে যাচ্ছে,0.3333333329629629,0.2727272724793388,0.29999999475000005,0.29999999475000005,0.0,0.19999999485000008,0,0,0.33333333333333337,0.14285714275510203
6487.png,কয়েকজন পুরুষ আছে।,0.0,0.0,0.0,0.0,0.0,0.0,0,0,0.23529411764705888,0.0
388.png,একজন পুরুষ হেঁটে যাচ্ছে।,0.49999999875,0.1999999998,0.28571428122448983,0.28571428122448983,0.0,0.28571428122448983,0,0,0.4137931034482759,0.18181818165289254
954.png,একজন নারী একটি শিশু আছে।,0.7999999984,0.6666666655555555,0.7272727209917357,0.7272727209917357,0.4444444385185186,0.7272727209917357,0,0,0.7894736842105263,0.571428570612245
639.png,একটি শিশু দাড়িয়ে আছে ও কয়েকজন মানুষ দাড়িয়ে আছে।,0.2222222219753086,0.33333333277777777,0.2666666615111111,0.2666666615111111,0.0,0.2666666615111111,0,0,0.375,0.16666666652777776
7015.png,একটি বানর আছে।,0.9999999966666667,0.4285714279591837,0.5999999946000001,0.5999999946000001,0.24999999562500003,0.5999999946000001,0,0,0.4347826086956522,0.5999999988
7945.png,একজন বালক একটি ঝুড়ি থেকে পানি দিচ্ছে।,0.14285714265306124,0.249999999375,0.1818181768595043,0.1818181768595043,0.0,0.1818181768595043,0,0,0.4,0.0999999999
IMG_4884.JPG,গোলাপি শাড়ি পরে আছে,0.7499999981250001,0.49999999916666665,0.5999999940000001,0.5999999940000001,0.49999999406250006,0.5999999940000001,0,0,0.5555555555555556,0.4285714279591837
6422.png,নীল শার্ট পরা একটি ছেলে তাকিয়ে আছে।,0.2857142853061225,0.49999999875,0.36363635834710756,0.36363635834710756,0.2222222172839507,0.36363635834710756,0,0,0.4347826086956522,0.2222222219753086
1676601498_7d59327523.jpg,একজন লোক একটি <unk> করছে।,0.3999999992,0.1999999998,0.2666666618666667,0.2666666618666667,0.14285713857142868,0.249999995390625,0,0,0.2941176470588235,0.15384615372781063
3463.png,একটি চলন্ত নৌকায় কয়েকজন মানুষ আছে।,0.6666666655555555,0.6666666655555555,0.6666666605555556,0.6666666605555556,0.0,0.6666666605555556,0,0,0.6,0.49999999937499995
516394876_8b9b8021bc.jpg,একজন লোক <unk> <unk> জন্য অপেক্ষা করছে,0.571428570612245,0.3636363633057851,0.4444444391975309,0.4444444391975309,0.15384614863905344,0.33333332820987654,0,0,0.29166666666666663,0.24999999979166665
3103340819_46de7954a9.jpg,একজন পুরুষ বসে আছে।,0.249999999375,0.07692307686390532,0.11764705508650528,0.11764705508650528,0.0,0.11764705508650528,0,0,0.22857142857142854,0.0624999999609375
3530502404_f8c3a3f61c.jpg,একজন মোটরসাইকেল চালক একটি মোটরসাইকেলে চড়ে মোটরসাইকেলে চড়ে ভেলকি করছে,0.29999999969999996,0.24999999979166665,0.2727272675206612,0.2727272675206612,0.0,0.181818176694215,0,0,0.33999999999999997,0.1764705881314879
3530087422_7eb2b2c289.jpg,হেলমেট পরা একজন লোক একটি <unk> থেকে নেমে এসেছে,0.2222222219753086,0.16666666652777776,0.1904761853968255,0.1904761853968255,0.10526315290858747,0.1904761853968255,0,0,0.3829787234042553,0.10526315783933518
4443.png,একটি রিক্সা ও কয়েকজন মানুষ কাজ করছে।,0.14285714265306124,0.1111111109876543,0.12499999492187522,0.12499999492187522,0.0,0.12499999492187522,0,0,0.22580645161290325,0.06666666662222222
2587818583_4aa8e7b174.jpg,একটি ছেলে একটি ছোট বাচ্চা খেলছে,0.16666666638888888,0.1999999996,0.1818181765289258,0.1818181765289258,0.0,0.1818181765289258,0,0,0.47619047619047616,0.1111111109876543
1215.png,একজন বৃদ্ধ লোক হাতে লাঠি হাতে লাঠি হাতে লাঠি হাতে লাঠি হাতে লাঠি হাতে লাঠি হাতে লাঠি হাতে লাঠি হাতে লাঠি হাতে লাঠি হাতে লাঠি হাতে লাঠি হাতে লাঠি হাতে লাঠি হাতে লাঠি হাতে লাঠি হাতে লাঠি হাতে লাঠি হাতে,0.0499999999875,0.09999999995,0.0666666622000003,0.0666666622000003,0.0,0.0666666622000003,0,0,0.24590163934426235,0.08695652170132324
3433259846_800a6079f0.jpg,এক মেয়ে কারাতে অনুশীলন করছে,0.5999999988,0.49999999916666665,0.5454545395041324,0.5454545395041324,0.2222222167901236,0.5454545395041324,0,0,0.6086956521739131,0.37499999953124996
2428086758_bce4733f7e.jpg,একটি কুকুর একটি ফ্রিসবি ধরছে,0.5999999988,0.3333333329629629,0.42857142336734694,0.42857142336734694,0.16666666194444454,0.42857142336734694,0,0,0.4117647058823529,0.1999999998
7467.png,একটি মাঠে একটি কুকুর হেঁটে যাচ্ছে।,0.0,0.0,0.0,0.0,0.0,0.0,0,0,0.2647058823529411,0.0
3690189273_927d42ff43.jpg,একজন লোক এবং একজন লোক,0.3999999992,0.24999999968749997,0.3076923024852071,0.3076923024852071,0.0,0.3076923024852071,0,0,0.3513513513513513,0.2222222219753086
6198.png,একজন নারী হেঁটে যাচ্ছে।,0.249999999375,0.249999999375,0.2499999943750001,0.2499999943750001,0.0,0.2499999943750001,0,0,0.5714285714285714,0.14285714265306124
7575.png,দুইজন নারী নৃত্য করছে।,0.0,0.0,0.0,0.0,0.0,0.0,0,0,0.3076923076923077,0.0
5521.png,একজন পুরুষ আছে।,0.9999999966666667,0.7499999981250001,0.8571428497959185,0.8571428497959185,0.39999999360000005,0.8571428497959185,0,0,0.7333333333333334,0.7499999981250001
8302.png,একজন মানুষ দেখা যাচ্ছে।,0.49999999875,0.49999999875,0.4999999937500001,0.4999999937500001,0.33333332722222225,0.4999999937500001,0,0,0.47058823529411764,0.33333333277777777
7705.png,একজন পুরুষ একটি মাটির রাস্তা দিয়ে সাইকেল চালিয়ে যাচ্ছে।,0.0,0.0,0.0,0.0,0.0,0.0,0,0,0.3055555555555556,0.0
3603116579_4a28a932e2.jpg,একজন বেসবল খেলোয়াড় বেসে পৌঁছানোর চেষ্টা করছে,0.571428570612245,0.3636363633057851,0.4444444391975309,0.4444444391975309,0.19999999560000006,0.4444444391975309,0,0,0.5333333333333333,0.28571428551020406
1024138940_f1fefbdce1.jpg,দুটি কুকুর একটি সাদা বল নিয়ে খেলছে,0.4285714279591837,0.4285714279591837,0.42857142295918377,0.42857142295918377,0.1999999948000001,0.42857142295918377,0,0,0.56,0.2727272724793388
3004.png,একজন পুরুষ একটি শিশু কোলে নিয়ে আছে।,0.2857142853061225,0.49999999875,0.36363635834710756,0.36363635834710756,0.2222222172839507,0.36363635834710756,0,0,0.375,0.2222222219753086
448590900_db83c42006.jpg,একটি কালো কুকুর একটি মাঠে হাঁটছে,0.49999999916666665,0.5999999988,0.5454545395041324,0.5454545395041324,0.16666666152777793,0.5454545395041324,0,0,0.5238095238095238,0.4285714279591837
2748729903_3c7c920c4d.jpg,একটি নৌকা দিয়ে একটি নৌকা চালিয়ে যাচ্ছে।,0.14285714265306124,0.14285714265306124,0.14285713765306143,0.14285713765306143,0.0,0.14285713765306143,0,0,0.4814814814814815,0.09090909082644627
3268443910_b36dbc1e5c.jpg,একজন লোক একটি টেনিস খেলোয়াড় বল আঘাত করছেন,0.49999999937499995,0.6666666655555555,0.5714285657142858,0.5714285657142858,0.16666666152777793,0.5714285657142858,0,0,0.78125,0.3999999996
8888.png,একটি শিশু খাতায় লিখছে বা <unk>,0.0,0.0,0.0,0.0,0.0,0.0,0,0,0.25,0.0
inbound334067910418498238.jpg,কয়েকজন পুরুষ আছে। পিছনে কয়েকজন পুরুষ আছে। পিছনে কয়েকজন পুরুষ আছে। পিছনে কয়েকজন পুরুষ আছে। পিছনে কয়েকজন পুরুষ আছে। পিছনে কয়েকজন পুরুষ আছে। পিছনে কয়েকজন পুরুষ আছে। পিছনে কয়েকজন পুরুষ আছে। পিছনে কয়েকজন পুরুষ আছে। পিছনে কয়েকজন পুরুষ আছে। পিছনে,0.0,0.0,0.0,0.0,0.0,0.0,0,0,0.09467455621301779,0.0
2759.png,দুইজন পুরুষ আছে।,0.6666666644444444,0.6666666644444444,0.6666666594444445,0.6666666594444445,0.4999999925000001,0.6666666594444445,0,0,0.8181818181818181,0.49999999875
2283.png,একজন নারী নৃত্য করছে।,0.0,0.0,0.0,0.0,0.0,0.0,0,0,0.4666666666666667,0.0
7548.png,একটি পরিবার একটি <unk> <unk> <unk> <unk> <unk> <unk> <unk> <unk> <unk> <unk> <unk> <unk> <unk> <unk> <unk> <unk> <unk> <unk> <unk> <unk> <unk> <unk> <unk> <unk> <unk> <unk> <unk> <unk> <unk> <unk> <unk> <unk> <unk> <unk> <unk> <unk> <unk>,0.0,0.0,0.0,0.0,0.0,0.0,0,0,0.0625,0.0
3197917064_e679a44b8e.jpg,একটি সাদা কুকুর একটি কুকুর দৌড়ে বেড়াচ্ছে,0.4285714279591837,0.3333333329629629,0.374999994609375,0.374999994609375,0.2857142804081633,0.374999994609375,0,0,0.59375,0.2727272724793388
7285.png,একদল লোক একটি <unk> <unk> <unk> <unk> <unk> <unk> <unk> <unk> <unk> <unk> <unk> <unk> <unk> <unk> <unk> <unk> <unk> <unk> <unk> <unk> <unk> <unk> <unk> <unk> <unk> <unk> <unk> <unk> <unk> <unk> <unk> <unk> <unk> <unk> <unk> <unk> <unk>,0.0,0.0,0.0,0.0,0.0,0.0,0,0,0.07547169811320753,0.0
2512876666_9da03f9589.jpg,একজন লোক পাহাড়ের চূড়ায় দাঁড়িয়ে আছে।,0.33333333277777777,0.33333333277777777,0.3333333277777778,0.3333333277777778,0.19999999460000012,0.3333333277777778,0,0,0.45238095238095233,0.1999999998
3126773489_7ae425af17.jpg,একজন মেয়ে বাস্কেটবল খেলছে,0.49999999875,0.3999999992,0.4444444385185186,0.4444444385185186,0.0,0.4444444385185186,0,0,0.6111111111111112,0.2857142853061225
1498.png,একজন বয়স্ক নারী বসে আছে।,0.3999999992,0.24999999968749997,0.3076923024852071,0.3076923024852071,0.0,0.3076923024852071,0,0,0.4482758620689655,0.1999999998
522.png,৩ জন মহিলা শারি পরা মহিলা কুলে একটি শিশু আছে।,0.29999999969999996,0.3333333329629629,0.31578946836565097,0.31578946836565097,0.0,0.31578946836565097,0,0,0.5151515151515151,0.14285714275510203
3254662117_b2e7dede6e.jpg,একটি কালো রঙের জ্যাকেট পরা একটি মেয়ে এবং একটি মেয়ে ক্যামেরার দিকে তাকিয়ে আছে,0.07142857137755101,0.12499999984374999,0.09090908619834734,0.09090908619834734,0.0,0.09090908619834734,0,0,0.27450980392156865,0.05555555552469135
3458434150_2b0d619244.jpg,একজন লোক পাহাড়ে উঠার চেষ্টা করছে,0.49999999916666665,0.37499999953124996,0.4285714230612245,0.4285714230612245,0.19999999460000012,0.4285714230612245,0,0,0.5652173913043479,0.2727272724793388
6329.png,একজন পুরুষ একটি শিশু দাড়িয়ে আছে।,0.16666666638888888,0.0999999999,0.12499999515625017,0.12499999515625017,0.0,0.12499999515625017,0,0,0.31818181818181823,0.06666666662222222
3523559027_a65619a34b.jpg,অনেকগুলো মানুষ আছে।,0.3333333322222222,0.0999999999,0.15384615005917168,0.15384615005917168,0.0,0.15384615005917168,0,0,0.375,0.09090909082644627
3232470286_903a61ea16.jpg,একটি সাদা রঙের জামা পরা একজন লোক একটি <unk>,0.5555555549382716,0.49999999949999996,0.5263157839335181,0.5263157839335181,0.11764705370242234,0.5263157839335181,0,0,0.5,0.30769230745562126
7847.png,এক বয়স্ক দম্পতি হাত ধরে হাঁটছেন।,0.0,0.0,0.0,0.0,0.0,0.0,0,0,0.2682926829268293,0.0
1813597483_3f09d2a020.jpg,একটি কালো কুকুর একটি বেড়ার উপর দিয়ে লাফ দিচ্ছে,0.7777777769135802,0.5384615380473372,0.6363636309504133,0.6363636309504133,0.22222221703703712,0.5999999944500001,0,0,0.675,0.4285714282653061
2923475135_a6b6e13d26.jpg,একজন লোক একটি <unk> <unk>,0.5999999988,0.23076923059171597,0.33333332895061735,0.33333332895061735,0.1249999960937501,0.33333332895061735,0,0,0.36111111111111116,0.21428571413265304
4841.png,একটি প্ল্যাটফর্মে দাঁড়িয়ে আছে এবং কিছু মানুষ হেঁটে যাচ্ছে।,0.1111111109876543,0.3333333322222222,0.16666666263888896,0.16666666263888896,0.0,0.16666666263888896,0,0,0.22857142857142854,0.09090909082644627
1131340021_83f46b150a.jpg,একটি ছোট ছেলে একটি <unk> উপর দাঁড়িয়ে আছে,0.37499999953124996,0.24999999979166665,0.2999999949,0.2999999949,0.0,0.2999999949,0,0,0.3928571428571429,0.1874999998828125
3648988742_888a16f600.jpg,একজন মহিলা তার <unk> বহন করছে,0.33333333277777777,0.14285714275510203,0.19999999560000006,0.19999999560000006,0.0,0.11111110654321005,0,0,0.34782608695652173,0.1111111110493827
IMG_20220915_165948.jpg,একজন পুরুষ বসে আছে।,0.249999999375,0.16666666638888888,0.1999999948000001,0.1999999948000001,0.0,0.1999999948000001,0,0,0.4782608695652174,0.1111111109876543
2255332561_3375897ff0.jpg,একজন লোক একটি পাহাড়ের উপরে উঠার চেষ্টা করছে,0.37499999953124996,0.3333333329629629,0.3529411710726644,0.3529411710726644,0.2666666613333334,0.3529411710726644,0,0,0.5428571428571429,0.23076923059171597
2800934095_b84a5009dd.jpg,একটি কুকুর একটি <unk>,0.9999999975,0.4444444439506172,0.6153846101775148,0.6153846101775148,0.24999999468750006,0.4615384565680474,0,0,0.4285714285714286,0.37499999953124996
2502079538_10ef2e976b.jpg,দুই তরুণী উটের উপর বসে আছে,0.33333333277777777,0.16666666652777776,0.22222221753086427,0.22222221753086427,0.0,0.22222221753086427,0,0,0.3023255813953488,0.13333333324444444
337.png,একটি লোক বসে আছে ও একজন নারী বসে আছে।,0.4444444439506172,0.28571428551020406,0.3478260818903592,0.3478260818903592,0.09523809043083924,0.26086956022684316,0,0,0.37254901960784315,0.2352941175086505
892340814_bdd61e10a4.jpg,একজন লোক পাথরে ঝুলে আছে,0.3999999992,0.2222222219753086,0.2857142807142858,0.2857142807142858,0.16666666194444454,0.2857142807142858,0,0,0.37142857142857144,0.16666666652777776
7601.png,এটি একটি রাস্তা।,0.3333333322222222,0.0624999999609375,0.10526315512465378,0.10526315512465378,0.0,0.10526315512465378,0,0,0.13207547169811318,0.0624999999609375
5360.png,একটি নৌকায় কয়েকজন মানুষ আছে।,0.1999999996,0.16666666638888888,0.1818181765289258,0.1818181765289258,0.0,0.1818181765289258,0,0,0.375,0.0999999999
1634.png,কয়েকজন মানুষ আছে।,0.9999999966666667,0.29999999969999996,0.46153845727810655,0.46153845727810655,0.1818181785123967,0.46153845727810655,0,0,0.29268292682926833,0.37499999953124996
7455.png,একটি ছেলে একটি বড় বড় বড় বড় বড় বড় বড় বড় বড় বড় বড় বড় বড় বড় বড় বড় বড় বড় বড় বড় বড় বড় বড় বড় বড় বড় বড় বড় বড় বড় বড় বড় বড় বড় বড় বড় বড়,0.0,0.0,0.0,0.0,0.0,0.0,0,0,0.14876033057851235,0.0
130151401.jpg,একজন পুরুষ বাদ্যযন্ত্র বাজাচ্ছে।,0.49999999875,0.2857142853061225,0.36363635834710756,0.36363635834710756,0.0,0.36363635834710756,0,0,0.3666666666666667,0.2222222219753086
9146.png,একজন মানুষ দেখা যাচ্ছে।,0.49999999875,0.33333333277777777,0.3999999944,0.3999999944,0.24999999468750006,0.3999999944,0,0,0.4545454545454546,0.24999999968749997
5914.png,একটি শিশু মাথায় করে নিয়ে দাড়িয়ে আছে।,0.2857142853061225,0.1999999998,0.23529411252595167,0.23529411252595167,0.0,0.1999999954000001,0,0,0.4571428571428572,0.13333333324444444
244870123_dcb6e53643.jpg,একটি বাদামি কুকুর একটি বাদামী কুকুরকে তাড়া করছে,0.24999999968749997,0.3999999992,0.3076923024852071,0.3076923024852071,0.1818181768595043,0.3076923024852071,0,0,0.4516129032258065,0.1999999998
3640.png,রাস্তা দিয়ে সাইকেল চালিয়ে যাচ্ছে একজন মহিলা।,0.4285714279591837,0.29999999969999996,0.35294117121107266,0.35294117121107266,0.2666666615111111,0.35294117121107266,0,0,0.45945945945945943,0.21428571413265304
1427.png,একটি দালানের বাইরের <unk> একটি দালানের বাইরের <unk> একটি দালানের বাইরের <unk> একটি দালানের বাইরের <unk> একটি দালানের বাইরের <unk> একটি দালানের বাইরের <unk> একটি দালানের বাইরের <unk> একটি দালানের বাইরের <unk> একটি দালানের বাইরের <unk> একটি দালানের বাইরের <unk>,0.0,0.0,0.0,0.0,0.0,0.0,0,0,0.16759776536312854,0.0
4753.png,কয়েকজন মানুষ আছে।,0.3333333322222222,0.12499999984374999,0.18181817752066123,0.18181817752066123,0.0,0.18181817752066123,0,0,0.2222222222222222,0.0999999999
2073105823_6dacade004.jpg,একজন লোক একটি সিমেন্টের সিঁড়িতে বসে আছে,0.2857142853061225,0.33333333277777777,0.3076923022485208,0.3076923022485208,0.0,0.3076923022485208,0,0,0.3928571428571429,0.18181818165289254
3728695560_00ec1ca492.jpg,একটি শিশু বসে খাবার খাচ্ছে।,0.3999999992,0.2222222219753086,0.2857142807142858,0.2857142807142858,0.13333332924444455,0.2857142807142858,0,0,0.32352941176470584,0.18181818165289254
6077.png,একজন ছোট ছেলে মাথা রেখে বসে আছে।,0.2857142853061225,0.2857142853061225,0.28571428030612256,0.28571428030612256,0.0,0.28571428030612256,0,0,0.5,0.16666666652777776
539750844_02a07ec524.jpg,একটি কুকুর একটি বল নিয়ে একটি কুকুর একটি বল নিয়ে একটি কুকুর একটি বল নিয়ে একটি কুকুর একটি বল নিয়ে একটি কুকুর একটি বল নিয়ে একটি কুকুর একটি বল নিয়ে একটি কুকুর একটি বল নিয়ে একটি কুকুর একটি বল নিয়ে,0.099999999975,0.571428570612245,0.17021276334993213,0.17021276334993213,0.08888888653827165,0.17021276334993213,0,0,0.2517482517482518,0.4285714279591837
2510197716_fddca0ac75.jpg,একজন লোক একটি সুইং সেট থেকে একটি সুইং সেট থেকে একটি সুইং সেট থেকে একটি সুইং সেট থেকে একটি সুইং সেট থেকে একটি সুইং সেট থেকে একটি সুইং সেট থেকে একটি সুইং সেট থেকে একটি সুইং সেট থেকে একটি সুইং,0.0499999999875,0.2222222219753086,0.08163265002915464,0.08163265002915464,0.0,0.08163265002915464,0,0,0.13740458015267176,0.15384615372781063
1645.png,কয়েকজন মানুষ আছে।,0.6666666644444444,0.2857142853061225,0.39999999500000005,0.39999999500000005,0.24999999562500003,0.39999999500000005,0,0,0.2962962962962963,0.2857142853061225
1433142189_cda8652603.jpg,দুই বালিকা একটি মাঠে দাড়িয়ে আছে,0.16666666638888888,0.12499999984374999,0.1428571377551022,0.1428571377551022,0.0,0.1428571377551022,0,0,0.3125,0.07692307686390532
6761.png,সমুদ্র দিয়ে একজন পুরুষ দাড়িয়ে আছে।,0.49999999916666665,0.3333333329629629,0.3999999946666667,0.3999999946666667,0.0,0.3999999946666667,0,0,0.3529411764705882,0.24999999979166665
150.png,একজন লোক একটি বিশাল শহর কর্মী স্কুল ড্রেস পরে একটি <unk> একটি বিশাল শহর কর্মী স্কুল ড্রেস পরে একটি <unk> একটি বিশাল শহর কর্মী স্কুল ড্রেস পরে একটি <unk> একটি বিশাল শহর কর্মী স্কুল ড্রেস পরে একটি <unk> একটি বিশাল,0.07499999998125,0.1764705881314879,0.10526315367189922,0.10526315367189922,0.0,0.10526315367189922,0,0,0.2451612903225806,0.0833333332986111
1187593464_ce862352c6.jpg,একটি কুকুর ঝোপের মধ্য দিয়ে দৌড়ে যাচ্ছে।,0.2857142853061225,0.2857142853061225,0.28571428030612256,0.28571428030612256,0.16666666138888903,0.28571428030612256,0,0,0.64,0.16666666652777776
3180806542_49b6de312d.jpg,একজন লোক একটি হ্রদ দেখা যাচ্ছে,0.16666666638888888,0.1999999996,0.1818181765289258,0.1818181765289258,0.0,0.1818181765289258,0,0,0.375,0.1111111109876543
2446601467_a35841cb1d.jpg,একটি শিশু কাঁদছে,0.6666666644444444,0.24999999968749997,0.36363635900826446,0.36363635900826446,0.19999999640000002,0.36363635900826446,0,0,0.4375,0.2222222219753086
6929.png,একজন পুরুষ গরু নিয়ে হেঁটে আসছে।,0.49999999916666665,0.2727272724793388,0.3529411714878893,0.3529411714878893,0.16666666152777793,0.3529411714878893,0,0,0.5172413793103448,0.21428571413265304
8172.png,একজন পুরুষ বসে আছে।,0.7499999981250001,0.9999999966666667,0.8571428497959185,0.8571428497959185,0.39999999360000005,0.8571428497959185,0,0,0.7857142857142857,0.7499999981250001
3514297698_0512623955.jpg,একটি কুকুর জলের মধ্যে মাড়াই করে,0.33333333277777777,0.2857142853061225,0.3076923022485208,0.3076923022485208,0.1818181765289258,0.3076923022485208,0,0,0.42105263157894735,0.18181818165289254
3431860810_44277cd360.jpg,একটি কুকুর একটি ফ্রিসবি নিয়ে দৌড়াচ্ছে,0.49999999916666665,0.24999999979166665,0.33333332851851855,0.33333332851851855,0.0,0.33333332851851855,0,0,0.368421052631579,0.16666666652777776
8860.png,কয়েকজন মানুষ আছে।,0.3333333322222222,0.09090909082644627,0.14285713928571436,0.14285713928571436,0.0,0.14285713928571436,0,0,0.24390243902439024,0.07692307686390532
442918418_0f29c97fa9.jpg,একটি কুকুর বনের রাস্তা দিয়ে হাটছে,0.49999999916666665,0.7499999981250001,0.5999999940000001,0.5999999940000001,0.24999999468750006,0.3999999944,0,0,0.375,0.4285714279591837
8112.png,একজন পুরুষ আছে।,0.3333333322222222,0.14285714265306124,0.1999999954000001,0.1999999954000001,0.0,0.1999999954000001,0,0,0.36,0.1111111109876543
1654.png,৪ জন মহিলা ১ জন কালো কোর্ট পরে আছে।,0.1111111109876543,0.12499999984374999,0.11764705370242234,0.11764705370242234,0.0,0.11764705370242234,0,0,0.4516129032258065,0.06666666662222222
1469.png,একজন বালক বই পড়ছে।,0.249999999375,0.05263157891966759,0.08695651879017023,0.08695651879017023,0.0,0.08695651879017023,0,0,0.33333333333333337,0.045454545433884296
2953.png,একজন পুরুষ হেঁটে যাচ্ছে।,0.49999999875,0.2222222219753086,0.3076923029585799,0.3076923029585799,0.18181817752066123,0.3076923029585799,0,0,0.37037037037037035,0.18181818165289254
1378557186.jpg,একজন লোক একটি কুকুর দেখছে,0.5999999988,0.29999999969999996,0.39999999502222217,0.39999999502222217,0.15384614934911253,0.39999999502222217,0,0,0.4642857142857143,0.2727272724793388
3258472448_75cfab5e6f.jpg,একটি বিশাল <unk> একটি <unk> একটি <unk> কাছে একটি <unk> একটি <unk> কাছে একটি <unk> একটি <unk> কাছে একটি <unk> একটি <unk> কাছে একটি <unk> একটি <unk> কাছে একটি <unk> একটি <unk> কাছে একটি <unk> একটি <unk> কাছে একটি <unk>,0.0,0.0,0.0,0.0,0.0,0.0,0,0,0.1578947368421053,0.0
2620113705_a8fa89b8f6.jpg,দুটি কুকুর বনের মধ্যে দিয়ে ছুটে চলেছে,0.14285714265306124,0.1999999996,0.16666666152777793,0.16666666152777793,0.0,0.16666666152777793,0,0,0.375,0.09090909082644627
6604.png,দুইটি শিশু আছে।,0.6666666644444444,0.6666666644444444,0.6666666594444445,0.6666666594444445,0.4999999925000001,0.6666666594444445,0,0,0.7777777777777778,0.49999999875
7477.png,একজন পুরুষ মাথা কাপড় পরে আছে।,0.49999999916666665,0.37499999953124996,0.4285714230612245,0.4285714230612245,0.0,0.4285714230612245,0,0,0.5806451612903225,0.2727272724793388
1527.png,৪ জন স্কুল ড্রেস পরা মহিল একজন ছোট মেয়ে দাড়িয়ে আছে।,0.45454545413223135,0.45454545413223135,0.4545454491322314,0.4545454491322314,0.09999999490000026,0.3636363583057851,0,0,0.47619047619047616,0.29411764688581316
957230475_48f4285ffe.jpg,একটি শিশু তাকিয়ে আছে।,0.49999999875,0.1999999998,0.28571428122448983,0.28571428122448983,0.16666666263888896,0.28571428122448983,0,0,0.23076923076923073,0.16666666652777776
5817.png,একজন পুরুষ একটি শিশু কোলে নিয়ে লিখছে একজন মহিলা ভিক্ষুক।,0.1999999998,0.16666666652777776,0.181818176694215,0.181818176694215,0.0,0.181818176694215,0,0,0.2790697674418605,0.10526315783933518
8499.png,একজন লোক একটি কাঠের অবয়ব থেকে লাফ দিয়েছে।,0.24999999968749997,0.1999999998,0.22222221703703712,0.22222221703703712,0.12499999492187522,0.22222221703703712,0,0,0.4473684210526315,0.124999999921875
496129405_b9feeda1ab.jpg,একটি কুকুর একটি কালো কুকুর,0.1999999996,0.249999999375,0.2222222167901236,0.2222222167901236,0.0,0.2222222167901236,0,0,0.631578947368421,0.16666666638888888
1566117559_f5d98fbeb0.jpg,একটি কুকুর একটি লাঠি ধরে দাঁড়িয়ে আছে,0.571428570612245,0.7999999984,0.6666666606944446,0.6666666606944446,0.3999999944,0.6666666606944446,0,0,0.625,0.571428570612245
3132832452_c354c6396c.jpg,একটি দম্পতি একটি পালঙ্কে বসে।,0.3999999992,0.1999999998,0.2666666618666667,0.2666666618666667,0.0,0.2666666618666667,0,0,0.2894736842105263,0.08333333326388888
IMG_20220921_124946.jpg,একজন পুরুষ হাতে ক্যামেরা নিয়ে দাড়িয়ে ছবি তুলছে,0.24999999968749997,0.6666666644444444,0.36363635900826446,0.36363635900826446,0.0,0.36363635900826446,0,0,0.4,0.2222222219753086
3139.png,একজন পুরুষ ঝর্ণার পানিতে গোসল করছে।,0.33333333277777777,0.3999999992,0.36363635801652905,0.36363635801652905,0.0,0.36363635801652905,0,0,0.6,0.2222222219753086
285586547_c81f8905a1.jpg,একজন লোক একটি মোটরসাইকেলে চড়ে আছে,0.33333333277777777,0.24999999968749997,0.2857142804081633,0.2857142804081633,0.16666666152777793,0.2857142804081633,0,0,0.5757575757575757,0.16666666652777776
2056.png,লোক টি <unk>,0.3333333322222222,0.05263157891966759,0.09090908847107444,0.09090908847107444,0.0,0.09090908847107444,0,0,0.16666666666666663,0.049999999975
1394396709_65040d97ab.jpg,একটি কুকুর পানিতে ভিজে গেলো,0.5999999988,0.2727272724793388,0.374999995234375,0.374999995234375,0.1818181768595043,0.374999995234375,0,0,0.4642857142857143,0.24999999979166665
IMG_2762.JPG,চশমা পরা একজন পুরুষ আছে।,0.1999999996,0.249999999375,0.2222222167901236,0.2222222167901236,0.0,0.2222222167901236,0,0,0.38888888888888884,0.12499999984374999
143.png,একজন মানুষ একটি বোর্ডওয়াক ধরে রেললাইনের উপর দাঁড়িয়ে আছে,0.3333333329629629,0.37499999953124996,0.3529411710726644,0.3529411710726644,0.13333332817777796,0.23529411238754333,0,0,0.288135593220339,0.21428571413265304
2634.png,কয়েকজন মানুষ হেঁটে যাচ্ছে।,0.0,0.0,0.0,0.0,0.0,0.0,0,0,0.20833333333333337,0.0
7850.png,একটি লোক সৈকতে তার পায়ের ছাপ রেখে সৈকতে তার <unk>,0.0,0.0,0.0,0.0,0.0,0.0,0,0,0.23529411764705888,0.0
_MG_1961.JPG,হলুদ রঙের পোশাক সাদা রঙের ট্রেন লাইন এর উপর দিয়ে যাচ্ছে,0.2727272724793388,0.5999999988,0.374999995234375,0.374999995234375,0.28571428122448983,0.374999995234375,0,0,0.35,0.24999999979166665
2831656774_36982aafdb.jpg,একটি সাদা কুকুর একটি বলকে ধরার চেষ্টা করছে,0.49999999937499995,0.49999999937499995,0.49999999437500003,0.49999999437500003,0.0,0.37499999453125,0,0,0.4,0.2727272724793388
145721496_687af9bb18.jpg,একটি বড় বড় ধূসর পাখি জল <unk>,0.4285714279591837,0.21428571413265304,0.28571428099773244,0.28571428099773244,0.0,0.28571428030612256,0,0,0.36363636363636365,0.1874999998828125
3315726723_64c9b0a945.jpg,একটি ছোট ছেলে একটি ফুটবল খেলছে,0.16666666638888888,0.249999999375,0.1999999948000001,0.1999999948000001,0.0,0.1999999948000001,0,0,0.31818181818181823,0.12499999984374999
2984.png,কয়েকজন মানুষ হেঁটে যাচ্ছে।,0.9999999975,0.9999999975,0.9999999925,0.9999999925,0.9999999916666666,0.9999999925,1,1,1.0,0.9999999975
150582765_bad8dec237.jpg,একজন মহিলা তার ক্যামেরা দিয়ে ছবি তুলছে,0.571428570612245,0.571428570612245,0.5714285656122451,0.5714285656122451,0.3333333277777778,0.5714285656122451,0,0,0.42307692307692313,0.3999999996
2826647354_650ff5eb03.jpg,একটি শিশু একটি <unk> দেখাচ্ছে,0.1999999996,0.1999999996,0.19999999460000012,0.19999999460000012,0.0,0.19999999460000012,0,0,0.42105263157894735,0.12499999984374999
7512.png,একটি শিশু দাড়িয়ে আছে।,0.7499999981250001,0.7499999981250001,0.7499999931250001,0.7499999931250001,0.33333332722222225,0.7499999931250001,0,0,0.3571428571428571,0.5999999988
2534194182_ac53035cf4.jpg,একটি <unk> জাতের স্কুল ছাত্রী একটি স্কুলের অনুস্তানের মাঝে সামনের দিকে তাকিয়ে আছে।,0.15384615372781063,0.2857142853061225,0.1999999952500001,0.1999999952500001,0.0,0.1999999952500001,0,0,0.3207547169811321,0.11764705875432525
7332.png,একজন পুরুষ দাড়িয়ে কাজ করছে।,0.5999999988,0.5999999988,0.5999999938,0.5999999938,0.4999999937500001,0.5999999938,0,0,0.5263157894736843,0.4285714279591837
1295669416_21cabf594d.jpg,একটি দম্পতি একটি ইটের ভবনের সামনে একটি সিমেন্টের দেওয়ালের উপর দাড়িয়ে আছে,0.24999999979166665,0.21428571413265304,0.23076922562130187,0.23076922562130187,0.0,0.23076922562130187,0,0,0.46153846153846156,0.14285714278911565
1685463722_55843b6d3c.jpg,একটি মেয়ে রাস্তায় একটি রাস্তায় চলছে,0.16666666638888888,0.14285714265306124,0.15384614863905344,0.15384614863905344,0.0,0.15384614863905344,0,0,0.47058823529411764,0.09090909082644627
633.png,একজন পুরুষ দাড়িয়ে আছে।,0.7499999981250001,0.49999999916666665,0.5999999940000001,0.5999999940000001,0.49999999406250006,0.5999999940000001,0,0,0.5384615384615384,0.4285714279591837
2872.png,একজন পুরুষ একটি নৌকা থেকে জাল দিয়ে মাছ ধরছেন।,0.1111111109876543,0.3333333322222222,0.16666666263888896,0.16666666263888896,0.0,0.16666666263888896,0,0,0.2857142857142857,0.09090909082644627
3594029059_cee1f4c59a.jpg,একটি রাজহাঁস জলের উপরে লাফ দিচ্ছে,0.16666666638888888,0.1999999996,0.1818181765289258,0.1818181765289258,0.0,0.1818181765289258,0,0,0.4347826086956522,0.0999999999
222.png,একজন পুরুষ আছে।,0.3333333322222222,0.0999999999,0.15384615005917168,0.15384615005917168,0.0,0.15384615005917168,0,0,0.21212121212121215,0.09090909082644627
4586.png,একটি শিশু একটি পতাকা হাতে নিয়ে দাঁড়িয়ে আছে,0.0,0.0,0.0,0.0,0.0,0.0,0,0,0.2592592592592593,0.0
3801.png,একজন পুরুষ পাশাপাশি দাড়িয়ে আছে।,0.5999999988,0.7499999981250001,0.6666666602469137,0.6666666602469137,0.0,0.4444444385185186,0,0,0.30000000000000004,0.49999999916666665
4888.png,<unk> খানি।,0.0,0.0,0.0,0.0,0.0,0.0,0,0,0.05882352941176472,0.0
618292739_0fdc2ccab0.jpg,এক মহিলা একটি শিশু,0.49999999875,0.24999999968749997,0.33333332833333335,0.33333332833333335,0.1999999954000001,0.33333332833333335,0,0,0.3448275862068966,0.2222222219753086
4774.png,এটি একটি মাঠে পতাকা নিয়ে হেঁটে যাচ্ছে।,0.14285714265306124,0.14285714265306124,0.14285713765306143,0.14285713765306143,0.0,0.14285713765306143,0,0,0.24,0.08333333326388888
7644.png,একজন পুরুষ মাথায় বস্তা নিয়ে দাড়িয়ে আছে।,0.4285714279591837,0.3333333329629629,0.374999994609375,0.374999994609375,0.1428571377551022,0.374999994609375,0,0,0.40816326530612246,0.23076923059171597
480505313_2dc686e5db.jpg,একজন লোক একটি ঝর্নার সামনে দাঁড়িয়ে আছে,0.4285714279591837,0.24999999979166665,0.31578946869806096,0.31578946869806096,0.15384614863905344,0.31578946869806096,0,0,0.44680851063829785,0.19999999986666667
3430526230_234b3550f6.jpg,একটি কালো কুকুর একটি জলাধারের পাশে ঘাসের মাঠে দৌড়াচ্ছে,0.2222222219753086,0.1999999998,0.21052631058171756,0.21052631058171756,0.0,0.21052631058171756,0,0,0.34285714285714286,0.124999999921875
4686.png,কয়েকজন মানুষ গোছল করছে।,0.7499999981250001,0.49999999916666665,0.5999999940000001,0.5999999940000001,0.24999999468750006,0.5999999940000001,0,0,0.5769230769230769,0.4285714279591837
2573.png,একটি মাঠে কয়েকজন মানুষ দাড়িয়ে আছে।,0.33333333277777777,0.24999999968749997,0.2857142804081633,0.2857142804081633,0.0,0.2857142804081633,0,0,0.40740740740740744,0.16666666652777776
3759.png,তিনজন পুরুষ পাশাপাশি দাড়িয়ে আছে।,0.5999999988,0.37499999953124996,0.46153845609467453,0.46153845609467453,0.0,0.3076923024852071,0,0,0.36363636363636365,0.3333333329629629
2211.png,একজন বৃদ্ধ পুরুষ আছে।,0.0,0.0,0.0,0.0,0.0,0.0,0,0,0.30434782608695654,0.0
347282286_168299646194618_7963948990199803197_n.jpg,একজন পুরুষ একটি গাছের পাশে একটি গাছের গুড়ির উপর দিয়ে একজন পুরুষ আছে।,0.07692307686390532,0.14285714265306124,0.0999999953500002,0.0999999953500002,0.0,0.0999999953500002,0,0,0.33999999999999997,0.06666666662222222
3123526484_02952e40fc.jpg,একজন পুরুষ এবং একজন পুরুষ এবং একজন পুরুষ এবং একজন পুরুষ এবং একজন পুরুষ এবং একজন পুরুষ এবং একজন পুরুষ এবং একজন পুরুষ এবং একজন পুরুষ এবং একজন পুরুষ এবং একজন পুরুষ এবং একজন পুরুষ এবং একজন পুরুষ এবং একজন,0.07499999998125,0.2727272724793388,0.11764705539407928,0.11764705539407928,0.04081632326530638,0.11764705539407928,0,0,0.17500000000000004,0.3333333329629629
485921585_1974b1577a.jpg,একজন সাইকেল চালক কলা কৌশল দেখাচ্ছে,0.33333333277777777,0.2857142853061225,0.3076923022485208,0.3076923022485208,0.1818181765289258,0.3076923022485208,0,0,0.52,0.18181818165289254
20201222_134232.jpg,একটি ছেলে একটি ছেলে দাড়িয়ে আছে।,0.0,0.0,0.0,0.0,0.0,0.0,0,0,0.40909090909090906,0.0
487074671_66db20bf47.jpg,একজন লোক একটি <unk> বসে আছে।,0.49999999916666665,0.4285714279591837,0.4615384558579882,0.4615384558579882,0.36363635801652905,0.4615384558579882,0,0,0.5384615384615384,0.29999999969999996
3638992163_a085cc0c24.jpg,কুকুরটি একটি বাধা উপর দিয়ে দৌড়াচ্ছে,0.33333333277777777,0.24999999968749997,0.2857142804081633,0.2857142804081633,0.15384614887573977,0.2857142804081633,0,0,0.48484848484848486,0.18181818165289254
3423802527_94bd2b23b0.jpg,একজন পুলিশ একটি <unk>,0.49999999875,0.33333333277777777,0.3999999944,0.3999999944,0.0,0.1999999948000001,0,0,0.24,0.24999999968749997
7437.png,একজন পুরুষ একটি শিশু কোলে নিয়ে আছে।,0.571428570612245,0.571428570612245,0.5714285656122451,0.5714285656122451,0.16666666138888903,0.5714285656122451,0,0,0.6,0.4444444439506172
8733.png,টিনের ঘরের জানালা দিয়ে দরজা দেখা যাচ্ছে,0.4285714279591837,0.49999999916666665,0.4615384558579882,0.4615384558579882,0.24999999500000003,0.4615384558579882,0,0,0.43999999999999995,0.30769230745562126
2764178773_d63b502812.jpg,একজন লোক একটি পাহাড়ের উপরে একটি পাহাড়ের উপরে একটি পাহাড়ের উপরে একটি পাহাড়ের উপরে একটি পাহাড়ের উপরে একটি পাহাড়ের উপরে একটি পাহাড়ের উপরে একটি পাহাড়ের উপরে একটি পাহাড়ের উপরে একটি পাহাড়ের উপরে একটি পাহাড়ের উপরে একটি পাহাড়ের উপরে একটি পাহাড়ের,0.07499999998125,0.4285714279591837,0.12765957187867819,0.12765957187867819,0.08888888653827165,0.12765957187867819,0,0,0.15116279069767447,0.3333333329629629
9151.png,চারটি মেয়ে হলুদ রঙের নৌকা চালাচ্ছে,0.33333333277777777,0.24999999968749997,0.2857142804081633,0.2857142804081633,0.0,0.2857142804081633,0,0,0.5,0.16666666652777776
2281.png,একজন বয়স্ক মহিলা,0.3333333322222222,0.12499999984374999,0.18181817752066123,0.18181817752066123,0.0,0.18181817752066123,0,0,0.31034482758620685,0.1111111109876543
2310233145_910cb5b4c8.jpg,একটি শিশু দাড়িয়ে আছে।,0.49999999875,0.18181818165289254,0.26666666240000003,0.26666666240000003,0.15384615005917168,0.26666666240000003,0,0,0.24,0.15384615372781063
3162045919_c2decbb69b.jpg,একজন লোক একটি বিশাল ঢেউয়ের মধ্যে এগিয়ে যাচ্ছে,0.37499999953124996,0.29999999969999996,0.3333333280246914,0.3333333280246914,0.24999999476562512,0.3333333280246914,0,0,0.36111111111111116,0.19999999986666667
3198962089_e647d1b0cd.jpg,একটি <unk> একটি <unk> বরফ দ্বারা <unk>,0.14285714265306124,0.12499999984374999,0.13333332817777796,0.13333332817777796,0.0,0.13333332817777796,0,0,0.37142857142857144,0.09090909082644627
3472364264_dbde5a8d0a.jpg,একটি কালো কুকুর সৈকতে বালুতে হাটছে।,0.49999999916666665,0.7499999981250001,0.5999999940000001,0.5999999940000001,0.24999999468750006,0.5999999940000001,0,0,0.6363636363636364,0.4285714279591837
2929006980_9f9f8f3d21.jpg,একটি ছোট শিশু একটি <unk>,0.5999999988,0.4285714279591837,0.4999999943055557,0.4999999943055557,0.0,0.4999999943055557,0,0,0.4642857142857143,0.24999999968749997
574274795_57e0834e7d.jpg,একজন পুরুষ একটি বট গাছের নিচে দাড়িয়ে আছে।,0.12499999984374999,0.1111111109876543,0.11764705370242234,0.11764705370242234,0.0,0.11764705370242234,0,0,0.38235294117647056,0.06666666662222222
1616.png,সামনে একজন পুরুষ দাড়িয়ে আছে।,0.5999999988,0.4285714279591837,0.4999999943055557,0.4999999943055557,0.1999999948000001,0.4999999943055557,0,0,0.48275862068965514,0.3333333329629629
7567.png,একজন পুরুষ সাইকেল চালিয়ে যাচ্ছে।,0.0,0.0,0.0,0.0,0.0,0.0,0,0,0.32258064516129037,0.0
6510.png,একজন পুরুষ একটি পাখি দেখা যাচ্ছে।,0.33333333277777777,0.49999999875,0.3999999944,0.3999999944,0.24999999468750006,0.3999999944,0,0,0.5,0.24999999968749997
252504549_135b0db5a3.jpg,একটি ছোট কুকুর একটি বাদামী কুকুর দৌড়াচ্ছে,0.571428570612245,0.3999999996,0.4705882298961938,0.4705882298961938,0.3999999946666667,0.4705882298961938,0,0,0.5925925925925926,0.3333333329629629
2676937700_456134c7b5.jpg,একটি দম্পতি একটি ছবির জন্য পোজ দিচ্ছে,0.2857142853061225,0.24999999968749997,0.2666666613333334,0.2666666613333334,0.0,0.2666666613333334,0,0,0.40740740740740744,0.08333333326388888
9062.png,দূরে একজন লোক ছাতা নিয়ে হেটে যাচ্ছে এবং উপরে আকাশ দেখা যাচ্ছে।,0.08333333326388888,0.0999999999,0.09090908586776886,0.09090908586776886,0.0,0.09090908586776886,0,0,0.2195121951219512,0.04761904759637188
1693.png,একজন নারী বসে ভিক্ষা করছে,0.3999999992,0.2222222219753086,0.2857142807142858,0.2857142807142858,0.0,0.2857142807142858,0,0,0.3035714285714286,0.16666666652777776
6791.png,একটি নৌকায় কয়েকজন মানুষ আছে।,0.7999999984,0.3999999996,0.5333333281777778,0.5333333281777778,0.3076923029585799,0.5333333281777778,0,0,0.4871794871794872,0.4444444439506172
2089542487_b4c1ee7025.jpg,একজন লোক একটি কুকুর একটি রাস্তায় বাইক চালাচ্ছে,0.24999999968749997,0.10526315783933518,0.14814814386831288,0.14814814386831288,0.0,0.14814814386831288,0,0,0.41666666666666663,0.06666666662222222
6763.png,একজন পুরুষ কাজ করছে।,0.7499999981250001,0.29999999969999996,0.42857142387755104,0.42857142387755104,0.16666666263888896,0.42857142387755104,0,0,0.32432432432432434,0.29999999969999996
3320411267_df70b90501.jpg,একজন লোক একটি গাছের পাশে দাঁড়িয়ে আছে,0.2857142853061225,0.33333333277777777,0.3076923022485208,0.3076923022485208,0.0,0.3076923022485208,0,0,0.4137931034482759,0.18181818165289254
2623982903_58ec7c5026.jpg,কুকুরের দৌড় প্রতিযোগিতা অনুষ্ঠিত হচ্ছে,0.9999999980000001,0.9999999980000001,0.9999999930000001,0.9999999930000001,0.9999999925,0.9999999930000001,1,1,1.0,0.9999999980000001
5482.png,একজন পুরুষ একটি রাস্তার পাশে দাড়িয়ে আছে।,0.4285714279591837,0.7499999981250001,0.5454545398347109,0.5454545398347109,0.2222222172839507,0.5454545398347109,0,0,0.4814814814814815,0.37499999953124996
9123.png,জলাশয়ের ওপাশে কয়েকটি ভবন আছে।,0.0,0.0,0.0,0.0,0.0,0.0,0,0,0.25,0.0
3728164558_52729baefa.jpg,একজন লোক একটি <unk> একটি <unk> একটি <unk> একটি <unk> একটি <unk> একটি <unk> একটি <unk> একটি <unk> একটি <unk> একটি <unk> একটি <unk> একটি <unk> একটি <unk> একটি <unk> একটি <unk> একটি <unk> একটি <unk> একটি <unk> একটি <unk>,0.0499999999875,0.18181818165289254,0.07843136913494825,0.07843136913494825,0.04081632326530638,0.07843136913494825,0,0,0.10691823899371067,0.15384615372781063
2272.png,একজন পুরুষ দাড়িয়ে আছে।,0.49999999875,0.2222222219753086,0.3076923029585799,0.3076923029585799,0.0,0.3076923029585799,0,0,0.3666666666666667,0.1999999998
2813033949_e19fa08805.jpg,একটি কালো কুকুর একটি ফ্রিসবি ধরার জন্য লাফ দিচ্ছে,0.6666666659259258,0.5454545449586776,0.5999999944500001,0.5999999944500001,0.22222221703703712,0.49999999455000005,0,0,0.5,0.46153846118343195
Football_in_the_village_of_Bangladesh.jpg,কয়েকজন মানুষ দাড়িয়ে আছে।,0.0,0.0,0.0,0.0,0.0,0.0,0,0,0.25,0.0
2795.png,একজন পুরুষ দাড়িয়ে আছে একজন পুরুষ একটি শিশু একটি সেতু আছে।,0.45454545413223135,0.6249999992187499,0.5263157840443214,0.5263157840443214,0.24999999493055564,0.42105262626038775,0,0,0.4642857142857143,0.45454545413223135
2968.png,একজন পুরুষ ধূমপান করছে।,0.49999999875,0.6666666644444444,0.5714285648979592,0.5714285648979592,0.39999999360000005,0.5714285648979592,0,0,0.5882352941176471,0.3999999992
1399.png,একজন বৃদ্ধ নারী বসে আছে।,0.7999999984,0.24999999984375,0.3809523769614513,0.3809523769614513,0.10526315445983389,0.3809523769614513,0,0,0.26086956521739135,0.3636363633057851
3551170666_01df31412d.jpg,একটি কুকুর একটি বিশাল <unk>,0.5999999988,0.3333333329629629,0.42857142336734694,0.42857142336734694,0.16666666194444454,0.42857142336734694,0,0,0.36363636363636365,0.29999999969999996
6156.png,একজন লোক পাইপ দিয়ে আগুন বের হচ্ছে,0.14285714265306124,0.14285714265306124,0.14285713765306143,0.14285713765306143,0.0,0.14285713765306143,0,0,0.2962962962962963,0.07692307686390532
1285.png,কয়েকজন মানুষ আছে।,0.3333333322222222,0.0999999999,0.15384615005917168,0.15384615005917168,0.0,0.15384615005917168,0,0,0.2222222222222222,0.09090909082644627
109260218_fca831f933.jpg,একটি গুহায় তিনজন লোক দাঁড়িয়ে আছে,0.6666666655555555,0.6666666655555555,0.6666666605555556,0.6666666605555556,0.19999999460000012,0.4999999941666667,0,0,0.4375,0.49999999937499995
8332.png,পানিতে একজন পুরুষ পানিতে লাফ দিচ্ছে।,0.33333333277777777,0.2857142853061225,0.3076923022485208,0.3076923022485208,0.0,0.3076923022485208,0,0,0.3913043478260869,0.1999999998
1277743944.jpg,একটি ছেলে একটি ছোট ছেলে,0.5999999988,0.29999999969999996,0.39999999502222217,0.39999999502222217,0.1999999948000001,0.39999999502222217,0,0,0.34615384615384615,0.24999999968749997
6061.png,একজন পুরুষ মানুষ দেখা যাচ্ছে।,0.7999999984,0.571428570612245,0.6666666606944446,0.6666666606944446,0.3999999944,0.6666666606944446,0,0,0.56,0.49999999937499995
2518094853_dfce24ce8c.jpg,একটি বাদামী কুকুর ঘাসের উপর দৌড়াচ্ছে,0.6666666655555555,0.571428570612245,0.6153846094674558,0.6153846094674558,0.33333332791666676,0.5454545395041324,0,0,0.625,0.4444444439506172
6183.png,একজন বাচ্চা মেয়ে গালে হাত দিয়ে চেয়ে আছেন।,0.24999999968749997,0.2222222219753086,0.23529411238754333,0.23529411238754333,0.0,0.23529411238754333,0,0,0.4814814814814815,0.13333333324444444
223299137_b0e81ac145.jpg,একটি নৌকায় কয়েকজন মানুষ বসে আছে এবং একজন পুরুষ এবং উপরে সূর্য হলুদ নৌকা চালিয়ে যাচ্ছে।,0.1874999998828125,0.37499999953124996,0.24999999534722225,0.24999999534722225,0.09090908648760351,0.24999999534722225,0,0,0.34426229508196726,0.149999999925
6496.png,একটি নৌকায় একজন লোক বসে আছে।,0.49999999916666665,0.4285714279591837,0.4615384558579882,0.4615384558579882,0.23529411321799312,0.4615384558579882,0,0,0.5925925925925926,0.29999999969999996
955.png,একজন পুরুষ দাড়িয়ে আছে একজন পুরুষ দাড়িয়ে আছে একজন পুরুষ দাড়িয়ে আছে একজন পুরুষ দাড়িয়ে আছে একজন পুরুষ দাড়িয়ে আছে একজন পুরুষ দাড়িয়ে আছে একজন পুরুষ দাড়িয়ে আছে একজন পুরুষ দাড়িয়ে আছে একজন পুরুষ দাড়িয়ে আছে একজন পুরুষ দাড়িয়ে আছে,0.0,0.0,0.0,0.0,0.0,0.0,0,0,0.08805031446540879,0.0
403523132_73b9a1a4b3.jpg,একটি কুকুর মুখে টেনিস বল ধরার চেষ্টা করছে,0.49999999937499995,0.3333333330555555,0.39999999480000004,0.39999999480000004,0.22222221722222232,0.39999999480000004,0,0,0.42553191489361697,0.26666666648888887
1497.png,একটি জাহাজ ঘাটে দাড়িয়ে আছে,0.1999999996,0.12499999984374999,0.15384614887573977,0.15384614887573977,0.0,0.15384614887573977,0,0,0.3548387096774194,0.09090909082644627
4119.png,একজন পুরুষ মাথায় টুপি পরা একটা ছেলে মাথায় একটি শিশু মাথায় টুপি পরা একটা ছেলে মাথায় একটি শিশু মাথায় টুপি পরা একটা ছেলে মাথায় একটি শিশু মাথায় টুপি পরা একটা ছেলে মাথায় একটি শিশু মাথায় টুপি পরা একটা ছেলে মাথায়,0.0499999999875,0.2857142853061225,0.08510638040742426,0.08510638040742426,0.04444444211358036,0.08510638040742426,0,0,0.19148936170212771,0.14285714275510203
3744832122_2f4febdff6.jpg,একজন বেসবল খেলোয়াড় বল হাতে দাঁড়িয়ে আছে,0.571428570612245,0.7999999984,0.6666666606944446,0.6666666606944446,0.5999999940000001,0.6666666606944446,0,0,0.7037037037037037,0.49999999937499995
9138.png,দুইজন মানুষ আছে।,0.3333333322222222,0.249999999375,0.28571428000000004,0.28571428000000004,0.0,0.28571428000000004,0,0,0.5333333333333333,0.16666666638888888
_MG_3698.JPG,দুজন লোক বসে আছে,0.7499999981250001,0.49999999916666665,0.5999999940000001,0.5999999940000001,0.33333332722222225,0.5999999940000001,0,0,0.5833333333333333,0.4285714279591837
2525.png,একজন পুরুষ মাথায় কাপড় দিয়ে দাড়িয়ে আছে।,0.4285714279591837,0.49999999916666665,0.4615384558579882,0.4615384558579882,0.0,0.4615384558579882,0,0,0.5769230769230769,0.29999999969999996
3569284680_44fef444ef.jpg,এক বাচ্চা,0.4999999975,0.1999999996,0.28571428081632655,0.28571428081632655,0.0,0.28571428081632655,0,0,0.25,0.16666666638888888
3446586125_cafa0bfd67.jpg,একটি তামাটে কুকুর ঘাসের মধ্য দিয়ে চলে।,0.4285714279591837,0.23076923059171597,0.2999999951500001,0.2999999951500001,0.0,0.2999999951500001,0,0,0.3829787234042553,0.1764705881314879
1860543210_47e94cf652.jpg,একজন পুরুষ এবং একটি <unk> <unk>,0.33333333277777777,0.09999999995,0.15384615017751488,0.15384615017751488,0.0,0.12499999515625017,0,0,0.25,0.08695652170132324
_MG_3789.JPG,একজন পুরুষ দাড়িয়ে আছে।,0.249999999375,0.249999999375,0.2499999943750001,0.2499999943750001,0.0,0.2499999943750001,0,0,0.6666666666666667,0.14285714265306124
71.png,একটি শিশু একটি গর্তের ভেতর থেকে মাছ ধরার জাল ফেলে দেওয়ার চেষ্টা করছে,0.07692307686390532,0.12499999984374999,0.09523809043083924,0.09523809043083924,0.0,0.09523809043083924,0,0,0.2530120481927711,0.05263157891966759
2062.png,সন্ধ্যাবেলা সমুদ্রের পারে একজন মানুষ হেঁটে যাচ্ছে।,0.0,0.0,0.0,0.0,0.0,0.0,0,0,0.29032258064516125,0.0
1042590306_95dea0916c.jpg,একজন মহিলা একটি ছবির জন্য পোজ দিচ্ছে,0.571428570612245,0.4444444439506172,0.49999999445312515,0.49999999445312515,0.4285714230612245,0.49999999445312515,0,0,0.6571428571428571,0.3636363633057851
2844018783_524b08e5aa.jpg,একটি ছোট বালক একটি কাঠের মেঝেতে।,0.6666666655555555,0.30769230745562126,0.4210526268144044,0.4210526268144044,0.11764705453287211,0.31578946903047095,0,0,0.46875,0.3333333330555555
3286822339_5535af6b93.jpg,একটি এশিয়ান মানুষ একটি দোকানের সামনে দাঁড়িয়ে আছে,0.24999999968749997,0.24999999968749997,0.24999999468750006,0.24999999468750006,0.0,0.24999999468750006,0,0,0.375,0.15384615372781063
4259.png,একজন নারী আছে।,0.3333333322222222,0.16666666638888888,0.2222222172839507,0.2222222172839507,0.0,0.2222222172839507,0,0,0.3157894736842105,0.12499999984374999
7704.png,কয়েকজন পুরুষ দাড়িয়ে আছে।,0.7499999981250001,0.4285714279591837,0.5454545398347109,0.5454545398347109,0.44444443901234576,0.5454545398347109,0,0,0.4642857142857143,0.37499999953124996
2193223202_4d908c0450.jpg,একটি ছোট ছেলে একটি ছোট ছেলে একটি ছোট ছেলে একটি ছোট ছেলে একটি ছোট ছেলে একটি ছোট ছেলে একটি ছোট ছেলে একটি ছোট ছেলে একটি ছোট ছেলে একটি ছোট ছেলে একটি ছোট ছেলে একটি ছোট ছেলে একটি ছোট ছেলে একটি,0.07499999998125,0.21428571413265304,0.11111110722908106,0.11111110722908106,0.03846153469674592,0.11111110722908106,0,0,0.24060150375939848,0.14285714275510203
2144050118_3e7d2e05b1.jpg,একটি মেয়ে একটি <unk> কোলে একটু ছোট শিশুর ছবি তুলছে,0.3999999996,0.3333333330555555,0.3636363583471074,0.3636363583471074,0.0,0.2727272675206612,0,0,0.4545454545454546,0.2352941175086505
4075.png,একটি ছোট ছেলে একটি বই পড়ছে আর তার পিছনে একজন পুরুষ বসে আছে।,0.23076923059171597,0.5999999988,0.33333332895061735,0.33333332895061735,0.0,0.33333332895061735,0,0,0.37777777777777777,0.21428571413265304
3482062809_3b694322c4.jpg,একজন লোক একটি <unk>,0.49999999875,0.124999999921875,0.1999999966,0.1999999966,0.0,0.1999999966,0,0,0.2692307692307693,0.124999999921875
2085557551_7a88d01d4e.jpg,একটি মেয়ে একটি বাচ্চা হাতে লাঠি নিয়ে দাঁড়িয়ে আছে।,0.4444444439506172,0.2222222220987654,0.2962962916323731,0.2962962916323731,0.0,0.22222221761316877,0,0,0.40625,0.2222222220987654
5473.png,কয়েকজন পুরুষ একটি মাটির রাস্তায় শুয়ে আছে।,0.4285714279591837,0.49999999916666665,0.4615384558579882,0.4615384558579882,0.0,0.4615384558579882,0,0,0.5,0.29999999969999996
136886677.jpg,দু'জন লোক একটি নৌকা চালাচ্ছে,0.5999999988,0.37499999953124996,0.46153845609467453,0.46153845609467453,0.1818181768595043,0.3076923024852071,0,0,0.3928571428571429,0.29999999969999996
4576.png,একজন পুরুষ একটি নৌকা নিয়ে হেটে যাচ্ছে একজন ছোট ছেলে।,0.0999999999,0.14285714265306124,0.11764705384083066,0.11764705384083066,0.0,0.11764705384083066,0,0,0.36111111111111116,0.06666666662222222
512031915_0dd03dcdf9.jpg,একটি কালো কুকুর একটি বল ধরার চেষ্টা করছে,0.49999999937499995,0.3333333330555555,0.39999999480000004,0.39999999480000004,0.22222221722222232,0.39999999480000004,0,0,0.48571428571428577,0.19999999986666667
2885382946_f541ea5722.jpg,একটি দম্পতি পানির দিকে তাকিয়ে আছে।,0.16666666638888888,0.12499999984374999,0.1428571377551022,0.1428571377551022,0.0,0.1428571377551022,0,0,0.4,0.07692307686390532
4116.png,একটি শিশু দাড়িয়ে আছে।,0.9999999975,0.9999999975,0.9999999925,0.9999999925,0.9999999916666666,0.9999999925,1,1,1.0,0.9999999975
5312.png,একজন লোক একটি <unk> খাচ্ছে,0.3999999992,0.33333333277777777,0.36363635801652905,0.36363635801652905,0.0,0.36363635801652905,0,0,0.368421052631579,0.2222222219753086
7149.png,একজন মানুষ দাড়িয়ে আছে।,0.7499999981250001,0.49999999916666665,0.5999999940000001,0.5999999940000001,0.24999999468750006,0.5999999940000001,0,0,0.5652173913043479,0.4285714279591837
5166.png,একটি পুরাতন <unk>,0.6666666644444444,0.33333333277777777,0.44444443901234576,0.44444443901234576,0.28571428081632655,0.44444443901234576,0,0,0.19999999999999996,0.2857142853061225
166.png,একটি ছোট ছেলে একটি ছোট ইটের দালানের পাশে বসে আছে,0.1999999998,0.16666666652777776,0.181818176694215,0.181818176694215,0.0,0.181818176694215,0,0,0.2941176470588235,0.07142857137755101
3666169738_a8c74cf745.jpg,একটি শিশু একটি ছোট ছেলে একটি <unk>,0.4285714279591837,0.29999999969999996,0.35294117121107266,0.35294117121107266,0.1999999948000001,0.35294117121107266,0,0,0.3939393939393939,0.24999999968749997
1659358141_0433c9bf99.jpg,একটি ধূসর কুকুর একটি টেনিস বল নিয়ে খেলা করছে,0.3333333329629629,0.3333333329629629,0.333333327962963,0.333333327962963,0.24999999468750006,0.333333327962963,0,0,0.53125,0.21428571413265304
3707738261_777075e885.jpg,একটি শিশু একটি শিশু দাড়িয়ে আছে।,0.33333333277777777,0.1999999998,0.24999999500000003,0.24999999500000003,0.0,0.24999999500000003,0,0,0.4,0.0999999999
5094.png,দূরে একজন মানুষ হেঁটে যাচ্ছে।,0.0,0.0,0.0,0.0,0.0,0.0,0,0,0.2777777777777778,0.0
2275029674_6d4891c20e.jpg,একটি কুকুর একটি সাদা কুকুর একটি সংবাদপত্র বহন করছে,0.5555555549382716,0.249999999875,0.3448275816884661,0.3448275816884661,0.16666666194444454,0.3448275816884661,0,0,0.43243243243243246,0.2222222219753086
8699.png,একজন পুরুষ নৌকা চালিয়ে যাচ্ছে।,0.1999999996,0.16666666638888888,0.1818181765289258,0.1818181765289258,0.0,0.1818181765289258,0,0,0.3913043478260869,0.0999999999
347.png,একজন পুরুষ বসে কাজ করছে।,0.3999999992,0.33333333277777777,0.36363635801652905,0.36363635801652905,0.2222222167901236,0.36363635801652905,0,0,0.5454545454545454,0.2222222219753086
8388.png,একজন পুরুষ ও একটি শিশু আছে।,0.33333333277777777,0.49999999875,0.3999999944,0.3999999944,0.0,0.3999999944,0,0,0.55,0.24999999968749997
4579.png,একজন পুরুষ এবং তার বাবা তার পায়ের ছাপ উপরে একটি ছোট বালিকা সমুদ্রের ধারে ঢেউ এর উপরে একটি ঢেউ পেরিয়ে যাচ্ছে,0.19047619038548752,0.571428570612245,0.2857142817602041,0.2857142817602041,0.07692307331360963,0.21428571038265312,0,0,0.23684210526315785,0.1999999999
37.png,একজন পুরুষ হাতে একটি টাকার থলে নিয়ে দাড়িয়ে চেয়ে আছেন।,0.29999999969999996,0.11538461534023668,0.1666666625617285,0.1666666625617285,0.0,0.1666666625617285,0,0,0.36111111111111116,0.09677419351716961
3405720825_b6991005eb.jpg,একটি কুকুর একটি ছোট কুকুরের দিকে তাকিয়ে আছে,0.37499999953124996,0.24999999979166665,0.2999999949,0.2999999949,0.0999999953500002,0.2999999949,0,0,0.4,0.14285714275510203
3295671644_0e10891b6d.jpg,একটি কুকুর লম্বা ঘাসের মধ্যে দৌড়াচ্ছে,0.6666666655555555,0.6666666655555555,0.6666666605555556,0.6666666605555556,0.39999999420000004,0.5454545395041324,0,0,0.7083333333333333,0.49999999937499995
2165677531_e1d5e086f7.jpg,একটি পূর্ণ একটি স্নোবোর্ডার।,0.249999999375,0.12499999984374999,0.16666666194444454,0.16666666194444454,0.0,0.16666666194444454,0,0,0.3214285714285714,0.0999999999
4720.png,রাস্তা দিয়ে গাড়ি চলাচল করছে।,0.1999999996,0.249999999375,0.2222222167901236,0.2222222167901236,0.0,0.2222222167901236,0,0,0.38888888888888884,0.12499999984374999
1921.png,একজন পুরুষ দাড়িয়ে আছে।,0.9999999975,0.3333333330555555,0.49999999562499997,0.49999999562499997,0.2857142819387755,0.49999999562499997,0,0,0.32608695652173914,0.3636363633057851
3669069522_555c97fbfb.jpg,একটি দম্পতি একটি ছবির জন্য পোজ দিচ্ছে,0.2857142853061225,0.2857142853061225,0.28571428030612256,0.28571428030612256,0.0,0.28571428030612256,0,0,0.4814814814814815,0.09090909082644627
8407.png,একজন পুরুষ কাজ করছে।,0.249999999375,0.07692307686390532,0.11764705508650528,0.11764705508650528,0.0,0.11764705508650528,0,0,0.2666666666666667,0.0624999999609375
2419221084_01a14176b4.jpg,তিনটি সাদা কুকুর একটি <unk> উঠানে খেলা করছে,0.37499999953124996,0.49999999916666665,0.4285714230612245,0.4285714230612245,0.16666666152777793,0.4285714230612245,0,0,0.4482758620689655,0.2727272724793388
8674.png,একজন পুরুষ এবং নিচে একজন পুরুষ মানুষ।,0.14285714265306124,0.16666666638888888,0.15384614863905344,0.15384614863905344,0.0,0.15384614863905344,0,0,0.4444444444444444,0.0999999999
3571193625_835da90c5e.jpg,একটি কুকুর মুখে গাছের গুড়ি নিয়ে দাঁড়িয়ে আছে।,0.24999999968749997,0.24999999968749997,0.24999999468750006,0.24999999468750006,0.13333332817777796,0.24999999468750006,0,0,0.4545454545454546,0.15384615372781063
5057.png,একটি নৌকা আছে।,0.6666666644444444,0.6666666644444444,0.6666666594444445,0.6666666594444445,0.4999999925000001,0.6666666594444445,0,0,0.6,0.49999999875
412056525_191724b058.jpg,একজন বাচ্চা ছেলে একটা বাচ্চাকে কোলে নিয়ে আছে।,0.24999999968749997,0.11764705875432525,0.1599999955200001,0.1599999955200001,0.0,0.1599999955200001,0,0,0.4137931034482759,0.08695652170132324
7585.png,একজন মানুষ আছে।,0.3333333322222222,0.12499999984374999,0.18181817752066123,0.18181817752066123,0.0,0.18181817752066123,0,0,0.27586206896551724,0.0999999999
478750151_e0adb5030a.jpg,দুটি কুকুর একটি বাদামী কুকুর একটি বাদামী কুকুর একটি বাদামী কুকুর একটি বাদামী কুকুর একটি বাদামী কুকুর একটি বাদামী কুকুর একটি বাদামী কুকুর একটি বাদামী কুকুর একটি বাদামী কুকুর একটি বাদামী কুকুর একটি বাদামী কুকুর একটি বাদামী কুকুর একটি বাদামী,0.07499999998125,0.24999999979166665,0.11538461178994093,0.11538461178994093,0.04651162619794489,0.11538461178994093,0,0,0.2215189873417721,0.2857142853061225
1505.png,একটি হল রুম এর পাশে দাড়িয়ে আছে যার মাঝে একজন পুরুষ দাড়িয়ে আছে।,0.15384615372781063,0.2857142853061225,0.1999999952500001,0.1999999952500001,0.0,0.1999999952500001,0,0,0.34090909090909094,0.11764705875432525
6295.png,একজন লোক একটি <unk>,0.249999999375,0.14285714265306124,0.1818181768595043,0.1818181768595043,0.0,0.1818181768595043,0,0,0.20833333333333337,0.1111111109876543
3628.png,একজন মানুষ আছে।,0.6666666644444444,0.33333333277777777,0.44444443901234576,0.44444443901234576,0.28571428081632655,0.44444443901234576,0,0,0.4782608695652174,0.2857142853061225
5498.png,একটি পা দেখা যাচ্ছে।,0.0,0.0,0.0,0.0,0.0,0.0,0,0,0.2777777777777778,0.0
3523819210_99782628fc.jpg,লোক টি তাকিয়ে আছে,0.49999999875,0.2857142853061225,0.36363635834710756,0.36363635834710756,0.0,0.36363635834710756,0,0,0.36363636363636365,0.2222222219753086
3609032038_005c789f64.jpg,একজন লোক পাহাড়ে চলাচলের উপযোগী বাইক চালাচ্ছেন।,0.2857142853061225,0.2857142853061225,0.28571428030612256,0.28571428030612256,0.16666666138888903,0.28571428030612256,0,0,0.5625,0.16666666652777776
1010087179.jpg,একজন লোক পানির ফোয়ারায় খেলছে,0.3999999992,0.24999999968749997,0.3076923024852071,0.3076923024852071,0.1818181768595043,0.3076923024852071,0,0,0.2647058823529411,0.18181818165289254
5977.png,একটি ছোট মেয়ে রঙিন পোশাক এবং একটি ছোট শিশুর ছবি তুলছেন,0.18181818165289254,0.49999999875,0.26666666240000003,0.26666666240000003,0.0,0.26666666240000003,0,0,0.41025641025641024,0.18181818165289254
4420.png,কয়েকজন পুরুষ দাড়িয়ে আছে।,0.9999999975,0.3999999996,0.5714285665306122,0.5714285665306122,0.16666666263888896,0.42857142387755104,0,0,0.35,0.3999999996
3560771491_2a18b6241e.jpg,একজন পুরুষ দাড়িয়ে আছে।,0.0,0.0,0.0,0.0,0.0,0.0,0,0,0.375,0.0
3286620180_4b00e93e8e.jpg,একটি বিশাল দল জমকালো <unk> <unk>,0.0,0.0,0.0,0.0,0.0,0.0,0,0,0.21739130434782605,0.0
2930318834_8366811283.jpg,একজন পুরুষ আছে।,0.3333333322222222,0.16666666638888888,0.2222222172839507,0.2222222172839507,0.0,0.2222222172839507,0,0,0.2592592592592593,0.12499999984374999
3175446111_681a89f873.jpg,একটি <unk> দোকানে একজন পুরুষ একটি মার্কেটের ভিতরে।,0.24999999968749997,0.2222222219753086,0.23529411238754333,0.23529411238754333,0.0,0.23529411238754333,0,0,0.3529411764705882,0.14285714275510203
1019.png,একটি শিশু একটি দোকানের সামনে দাঁড়িয়ে আছে,0.0,0.0,0.0,0.0,0.0,0.0,0,0,0.3846153846153846,0.0
1690.png,কয়েকজন মানুষ আছে।,0.3333333322222222,0.09090909082644627,0.14285713928571436,0.14285713928571436,0.0,0.14285713928571436,0,0,0.21052631578947367,0.07692307686390532
3339140382_2e49bc324a.jpg,একজন লোক একটি জাম্পিং ট্রিক বাইকে লাফ দিলো,0.12499999984374999,0.12499999984374999,0.12499999484375018,0.12499999484375018,0.0,0.12499999484375018,0,0,0.3414634146341463,0.06666666662222222
2607383384_d9ce9de793.jpg,একজন মহিলা একটি সাদা পোশাকে তিনজন যুবক এবং একজন মহিলা একটি <unk> <unk> <unk> <unk> <unk> <unk> <unk> <unk> <unk> <unk> <unk> <unk> <unk> <unk> <unk> <unk> <unk> <unk> <unk> <unk> <unk> <unk> <unk> <unk> <unk> <unk> <unk> <unk> <unk>,0.0499999999875,0.2857142853061225,0.08510638040742426,0.08510638040742426,0.0,0.07843136913494825,0,0,0.11875000000000002,0.14285714275510203
7674.png,একজন পুরুষ বসে আছে।,0.49999999875,0.2222222219753086,0.3076923029585799,0.3076923029585799,0.0,0.3076923029585799,0,0,0.36363636363636365,0.18181818165289254
1381.png,একজন পুরুষ ও পিছনে কয়েকজন পুরুষ মানুষ।,0.14285714265306124,0.16666666638888888,0.15384614863905344,0.15384614863905344,0.0,0.15384614863905344,0,0,0.3571428571428571,0.09090909082644627
1820.png,একজন পুরুষ একটি শিশু দাড়িয়ে আছে।,0.8333333319444445,0.3846153843195266,0.5263157845983379,0.5263157845983379,0.3529411719031142,0.5263157845983379,0,0,0.4444444444444444,0.3571428568877551
5931.png,একটি <unk> <unk>,0.3333333322222222,0.12499999984374999,0.18181817752066123,0.18181817752066123,0.0,0.18181817752066123,0,0,0.1724137931034483,0.1111111109876543
4796.png,একটি পুরাতন মসজিদ।,0.3333333322222222,0.249999999375,0.28571428000000004,0.28571428000000004,0.0,0.28571428000000004,0,0,0.2857142857142857,0.1999999996
IMG_20220916_174114.jpg,একজন পুরুষ মাথায় বস্তা নিয়ে দাড়িয়ে আছে।,0.0,0.0,0.0,0.0,0.0,0.0,0,0,0.46153846153846156,0.0
2040.png,একটি গ্রামের রাস্তা দিয়ে হেঁটে যাচ্ছে।,0.16666666638888888,0.14285714265306124,0.15384614863905344,0.15384614863905344,0.0,0.15384614863905344,0,0,0.34615384615384615,0.08333333326388888
3025334206_76888792e5.jpg,একটি কুকুর একটি সাদা কুকুর একটি মাঠে একটি সাদা কুকুর একটি মাঠে একটি সাদা কুকুর একটি মাঠে একটি সাদা কুকুর একটি মাঠে একটি সাদা কুকুর একটি মাঠে একটি সাদা কুকুর একটি মাঠে একটি সাদা কুকুর একটি মাঠে একটি সাদা কুকুর,0.099999999975,0.3636363633057851,0.15686274165321037,0.15686274165321037,0.043478258270321514,0.15686274165321037,0,0,0.20833333333333337,0.2727272724793388
4176.png,একজন মহিলা একটি শিশু আছে।,0.3999999992,0.2222222219753086,0.2857142807142858,0.2857142807142858,0.0,0.2857142807142858,0,0,0.29032258064516125,0.16666666652777776
3281611946_f42deed2e1.jpg,একজন লোক একটি <unk> সামনে দাঁড়িয়ে আছে,0.4285714279591837,0.49999999916666665,0.4615384558579882,0.4615384558579882,0.1818181765289258,0.4615384558579882,0,0,0.46153846153846156,0.29999999969999996
1001573224.jpg,একজন বালক লাফ দিয়ে লাফ দিচ্ছে,0.16666666638888888,0.09090909082644627,0.11764705411764723,0.11764705411764723,0.0,0.11764705411764723,0,0,0.3548387096774194,0.06666666662222222
4664.png,একটি পুরাতন মসজিদ।,0.3333333322222222,0.3333333322222222,0.33333332722222225,0.33333332722222225,0.0,0.33333332722222225,0,0,0.3846153846153846,0.1999999996
2830.png,একজন পুরুষ ছাতা মাথায় করে নিয়ে হেটে যাচ্ছেন।,0.37499999953124996,0.29999999969999996,0.3333333280246914,0.3333333280246914,0.12499999492187522,0.22222221703703712,0,0,0.4193548387096774,0.19999999986666667
7173.png,কয়েকজন মানুষ আছে।,0.3333333322222222,0.249999999375,0.28571428000000004,0.28571428000000004,0.0,0.28571428000000004,0,0,0.23076923076923073,0.16666666638888888
7346.png,একজন পুরুষ দাড়িয়ে আছে।,0.49999999875,0.6666666644444444,0.5714285648979592,0.5714285648979592,0.15384615005917168,0.5714285648979592,0,0,0.6,0.3999999992
4153.png,একটি ছোট ছেলে একটি বার নিয়ে হাঁসি মুখে দাঁড়িয়ে আছে।,0.1999999998,0.33333333277777777,0.24999999500000003,0.24999999500000003,0.0,0.24999999500000003,0,0,0.375,0.15384615372781063
8128.png,একটি নৌকায় কয়েকজন মানুষ আছে।,0.7999999984,0.9999999975,0.8888888819753088,0.8888888819753088,0.8571428497959185,0.8888888819753088,0,0,0.8,0.7999999984
269.png,একজন লোক একটি কালো এবং কালো এবং কালো এবং কালো এবং কালো এবং কালো এবং কালো এবং কালো এবং কালো এবং কালো এবং কালো এবং কালো এবং কালো এবং কালো এবং কালো এবং কালো এবং কালো এবং কালো এবং কালো,0.0499999999875,0.2222222219753086,0.08163265002915464,0.08163265002915464,0.0,0.08163265002915464,0,0,0.14754098360655743,0.1999999998
3264337159_e1680a35ba.jpg,একটি সাদা কুকুর জলের মধ্যে দিয়ে লাফ দিচ্ছে,0.37499999953124996,0.49999999916666665,0.4285714230612245,0.4285714230612245,0.28571428030612256,0.37499999453125,0,0,0.5862068965517242,0.2727272724793388
343409440_1006333300774451_5704544795196802486_n.jpg,একটি শিশু একটি <unk>,0.7499999981250001,0.14285714278911565,0.23999999712,0.23999999712,0.0,0.23999999712,0,0,0.18518518518518523,0.10526315783933518
6541.png,একজন মানুষ আছে।,0.6666666644444444,0.6666666644444444,0.6666666594444445,0.6666666594444445,0.4999999925000001,0.6666666594444445,0,0,0.75,0.49999999875
1285067106_2adc307240.jpg,একজন লোক একটি বল ছুড়ে মারলো,0.16666666638888888,0.12499999984374999,0.1428571377551022,0.1428571377551022,0.0,0.1428571377551022,0,0,0.29032258064516125,0.07692307686390532
7087.png,কয়েকজন নারী ও কয়েকজন নারী নৃত্য করছে।,0.2857142853061225,0.33333333277777777,0.3076923022485208,0.3076923022485208,0.0,0.3076923022485208,0,0,0.4444444444444444,0.2222222219753086
2752043092_f48ebfeaa2.jpg,একটি ছেলে বিছানায় স্ট্রিপ শার্ট ও একটি ছেলে বিছানায় স্ট্রিপ শার্ট পরে বিছানায় স্ট্রিপ শার্ট পরে বিছানায় স্ট্রিপ শার্ট পরে বিছানায় স্ট্রিপ শার্ট পরে বিছানায় স্ট্রিপ শার্ট পরে বিছানায় স্ট্রিপ শার্ট পরে বিছানায় স্ট্রিপ শার্ট পরে বিছানায় স্ট্রিপ শার্ট পরে,0.0499999999875,0.33333333277777777,0.08695651943289232,0.08695651943289232,0.0,0.08695651943289232,0,0,0.19999999999999996,0.18181818165289254
3030793171_55cd646eed.jpg,একটি বাদামী কুকুর ঘাসের উপর দৌড়াচ্ছে,0.8333333319444445,0.9999999980000001,0.909090902479339,0.909090902479339,0.6666666602469137,0.909090902479339,0,0,0.8333333333333334,0.8333333319444445
7666.png,রাস্তা দিয়ে একজন মানুষ হেঁটে যাচ্ছে।,0.8333333319444445,0.8333333319444445,0.8333333269444445,0.8333333269444445,0.5999999938,0.8333333269444445,0,0,0.9090909090909091,0.7142857132653061
271177682_48da79ab33.jpg,একটি গাড় সোনালি রঙের গাড়ি চলছে,0.33333333277777777,0.24999999968749997,0.2857142804081633,0.2857142804081633,0.0,0.2857142804081633,0,0,0.36363636363636365,0.16666666652777776
6019.png,একজন পুরুষ ছাতা নিয়ে হেটে যাচ্ছে কিছু গরু নিয়ে হেটে যাচ্ছে একজন পুরুষ ছাতা নিয়ে হেটে যাচ্ছে কিছু গরু নিয়ে হেটে যাচ্ছে একজন পুরুষ ছাতা নিয়ে হেটে যাচ্ছে কিছু গরু নিয়ে হেটে যাচ্ছে একজন পুরুষ ছাতা নিয়ে হেটে যাচ্ছে কিছু,0.07499999998125,0.37499999953124996,0.12499999717013895,0.12499999717013895,0.043478258270321514,0.12499999717013895,0,0,0.1811594202898551,0.23076923059171597
3681056426_fbd6c0c92c.jpg,একজন লোক একটি <unk> একটি <unk> একটি <unk> একটি <unk> একটি <unk> একটি <unk> একটি <unk> একটি <unk> একটি <unk> একটি <unk> একটি <unk> একটি <unk> একটি <unk> একটি <unk> একটি <unk> একটি <unk> একটি <unk> একটি <unk> একটি <unk>,0.0499999999875,0.49999999875,0.09090908921487605,0.09090908921487605,0.0476190462698413,0.09090908921487605,0,0,0.11949685534591192,0.33333333277777777
pexels-riiyad-14950111.jpg,একজন পুরুষ হেঁটে যাচ্ছে।,0.249999999375,0.16666666638888888,0.1999999948000001,0.1999999948000001,0.0,0.1999999948000001,0,0,0.375,0.1111111109876543
1166.png,একজন পুরুষ দাড়িয়ে আছে।,0.7499999981250001,0.4285714279591837,0.5454545398347109,0.5454545398347109,0.2222222172839507,0.5454545398347109,0,0,0.4,0.4285714279591837
1220027979.jpg,তিনটি শিশু একটি <unk>,0.7499999981250001,0.29999999969999996,0.42857142387755104,0.42857142387755104,0.3333333290277778,0.42857142387755104,0,0,0.29729729729729726,0.29999999969999996
6855.png,একটি শিশু বসে আছে।,0.249999999375,0.3333333322222222,0.28571428000000004,0.28571428000000004,0.0,0.28571428000000004,0,0,0.33333333333333337,0.16666666638888888
2101128963_fdf8b2a0d7.jpg,একজন বেসবল খেলোয়াড় একটি বেসে স্লাইড করছে।,0.4285714279591837,0.7499999981250001,0.5454545398347109,0.5454545398347109,0.2222222172839507,0.36363635834710756,0,0,0.6,0.37499999953124996
3711826708_bba64fb1e1.jpg,একটি কুকুর একটি <unk>,0.49999999875,0.3999999992,0.4444444385185186,0.4444444385185186,0.28571428000000004,0.4444444385185186,0,0,0.40740740740740744,0.33333333277777777
469029994_349e138606.jpg,একজন লোক পাহাড়ের সামনে দাড়িয়ে আছে।,0.49999999916666665,0.2727272724793388,0.3529411714878893,0.3529411714878893,0.13333332871111125,0.3529411714878893,0,0,0.6551724137931034,0.21428571413265304
2780087302_6a77658cbf.jpg,একটি পরিবার একটি <unk>,0.249999999375,0.0999999999,0.14285713857142868,0.14285713857142868,0.0,0.14285713857142868,0,0,0.2941176470588235,0.08333333326388888
5463.png,একটি <unk> দোকানের ভিতর তিনজন লোক দোকানের সামনে দাঁড়িয়ে আছে,0.0999999999,0.16666666638888888,0.12499999515625017,0.12499999515625017,0.0,0.12499999515625017,0,0,0.375,0.07142857137755101
7295.png,একটি <unk> পরা একজন মহিলা।,0.1999999996,0.08333333326388888,0.11764705453287211,0.11764705453287211,0.0,0.11764705453287211,0,0,0.375,0.0624999999609375
8283.png,সেতুর উপর দিয়ে একজন পুরুষ হেটে যাচ্ছেন।,0.2857142853061225,0.16666666652777776,0.2105263109141275,0.2105263109141275,0.0,0.1999999954000001,0,0,0.3111111111111111,0.11764705875432525
143688205_630813a466.jpg,একজন নারী বসে আছে।,0.249999999375,0.14285714265306124,0.1818181768595043,0.1818181768595043,0.0,0.1818181768595043,0,0,0.368421052631579,0.0999999999
2307.png,একটি কুকুর একটি <unk>,0.49999999875,0.49999999875,0.4999999937500001,0.4999999937500001,0.33333332722222225,0.4999999937500001,0,0,0.6,0.3999999992
745563422_f4fa7d9157.jpg,একটি বারে একজন মহিলা একটি বিশাল দল।,0.2857142853061225,0.33333333277777777,0.3076923022485208,0.3076923022485208,0.1818181765289258,0.3076923022485208,0,0,0.4117647058823529,0.1999999998
3718892835_a3e74a3417.jpg,তিনটি শিশু একটি <unk> <unk>,0.1999999996,0.08333333326388888,0.11764705453287211,0.11764705453287211,0.0,0.11764705453287211,0,0,0.26086956521739135,0.06666666662222222
405961988_fcfe97f31e.jpg,একজন পুরুষ একটি হুইল চেয়ারে বসে আছে,0.14285714265306124,0.16666666638888888,0.15384614863905344,0.15384614863905344,0.0,0.15384614863905344,0,0,0.3783783783783784,0.08333333326388888
356929855_6bbf33d933.jpg,একটি লোমশ কুকুর একটি লাঠি নিয়ে একটি লাঠি নিয়ে একটি লাঠি নিয়ে একটি লাঠি নিয়ে একটি লাঠি নিয়ে একটি লাঠি নিয়ে একটি লাঠি নিয়ে একটি লাঠি নিয়ে একটি লাঠি নিয়ে একটি লাঠি নিয়ে একটি লাঠি নিয়ে একটি লাঠি নিয়ে একটি,0.099999999975,0.3999999996,0.15999999673600007,0.15999999673600007,0.04166666360243077,0.15999999673600007,0,0,0.18518518518518523,0.2727272724793388
3377117696_af91f13058.jpg,একজন লোক একটি পাহাড়ে স্কিইং করছে,0.33333333277777777,0.3999999992,0.36363635801652905,0.36363635801652905,0.15384614887573977,0.36363635801652905,0,0,0.5652173913043479,0.2222222219753086
4130.png,একটি শিশু তাকিয়ে আছে।,0.249999999375,0.3333333322222222,0.28571428000000004,0.28571428000000004,0.0,0.28571428000000004,0,0,0.46153846153846156,0.16666666638888888
450.png,একজন পুরুষ দাড়িয়ে আছে।,0.0,0.0,0.0,0.0,0.0,0.0,0,0,0.29166666666666663,0.0
6979.png,কয়েকজন মানুষ আছে।,0.0,0.0,0.0,0.0,0.0,0.0,0,0,0.30000000000000004,0.0
2433175169_da939372f2.jpg,এক লোক একটি <unk> <unk>,0.3999999992,0.1999999998,0.2666666618666667,0.2666666618666667,0.15384614934911253,0.2666666618666667,0,0,0.2272727272727273,0.16666666652777776
8051.png,গরুর গাড়ি যাচ্ছে।,0.6666666644444444,0.11764705875432525,0.19999999725000003,0.19999999725000003,0.0,0.19999999725000003,0,0,0.19999999999999996,0.1111111110493827
3969.png,দুইজন নারী ও চারজন পুরুষ দাড়িয়ে আছে।,0.7142857132653061,0.7142857132653061,0.7142857082653062,0.7142857082653062,0.4999999941666667,0.7142857082653062,0,0,0.84,0.6249999992187499
1230.png,একটি ছোট ছেলে শুয়ে আছে।,0.0,0.0,0.0,0.0,0.0,0.0,0,0,0.34782608695652173,0.0
2039.png,একটি রিক্সা দেখা যাচ্ছে।,0.0,0.0,0.0,0.0,0.0,0.0,0,0,0.28,0.0
3320209694_db579cb607.jpg,একজন লোক একটি <unk> <unk> <unk> <unk> <unk> <unk> <unk> <unk> <unk> <unk> <unk> <unk> <unk> <unk> <unk> <unk> <unk> <unk> <unk> <unk> <unk> <unk> <unk> <unk> <unk> <unk> <unk> <unk> <unk> <unk> <unk> <unk> <unk> <unk> <unk> <unk> <unk>,0.0499999999875,0.18181818165289254,0.07843136913494825,0.07843136913494825,0.0,0.07843136913494825,0,0,0.10062893081761004,0.16666666652777776
505955292_026f1489f2.jpg,একটি ছেলে একটি ছেলে একটি গাছের উপর বসে আছে,0.3333333329629629,0.2727272724793388,0.29999999475000005,0.29999999475000005,0.11111110604938293,0.29999999475000005,0,0,0.4285714285714286,0.14285714275510203
1164765687_7aca07bbe7.jpg,একটি কালো কুকুর একটি লাল কম্বলের উপর শুয়ে আছে,0.6666666659259258,0.26086956510396975,0.37499999572265624,0.37499999572265624,0.06666666271111132,0.3124999957617188,0,0,0.30952380952380953,0.239999999904
285.png,কয়েকজন মানুষ আছে।,0.3333333322222222,0.14285714265306124,0.1999999954000001,0.1999999954000001,0.0,0.1999999954000001,0,0,0.33333333333333337,0.12499999984374999
5929.png,তিনজন পুরুষ ও একজন নারী ও একজন নারী ও একজন নারী ও একজন নারী ও একজন নারী ও একজন নারী ও একজন নারী ও একজন নারী ও একজন নারী ও একজন নারী ও একজন নারী ও একজন নারী ও একজন,0.02499999999375,0.16666666638888888,0.04347825858223074,0.04347825858223074,0.0,0.04347825858223074,0,0,0.14074074074074072,0.1111111109876543
8260.png,একজন পুরুষ মানুষ আছে।,0.49999999875,0.6666666644444444,0.5714285648979592,0.5714285648979592,0.0,0.5714285648979592,0,0,0.5333333333333333,0.3999999992
2225864432_48a24f49a4.jpg,দুটি মেয়ে একে অপরকে আলিঙ্গন করছে,0.16666666638888888,0.1111111109876543,0.13333332835555572,0.13333332835555572,0.0,0.13333332835555572,0,0,0.3589743589743589,0.07142857137755101
3119.png,একটা লোক দাড়িয়ে আছে যার মাঝে একজনের কাঁধে একটি পুরনো বাড়ির সামনে দাড়িয়ে আছে যার মাঝে একজনের কাঁধে ব্যাগ নিয়ে দাড়িয়ে আছে।,0.27272727260330576,0.29999999985,0.2857142805895692,0.2857142805895692,0.14999999493750016,0.23809523299319738,0,0,0.4375,0.18518518511659807
8936.png,দূরে একজন মানুষ হেঁটে যাচ্ছে।,0.3999999992,0.24999999968749997,0.3076923024852071,0.3076923024852071,0.1818181768595043,0.3076923024852071,0,0,0.3214285714285714,0.1999999998
3658427967_6e2e57458d.jpg,একটি ছেলে অন্তর্বাস পরে আছে,0.3999999992,0.3999999992,0.39999999420000004,0.39999999420000004,0.2499999943750001,0.39999999420000004,0,0,0.5263157894736843,0.24999999968749997
279.png,একজন পুরুষ দাড়িয়ে আছে।,0.49999999875,0.2857142853061225,0.36363635834710756,0.36363635834710756,0.0,0.36363635834710756,0,0,0.40740740740740744,0.2222222219753086
2229509318_be3fef006b.jpg,একটি বাদামী কুকুর একটি লাঠি হাতে নিয়ে দাঁড়িয়ে আছে,0.6666666659259258,0.6666666659259258,0.666666660925926,0.666666660925926,0.37499999453125,0.5555555499382716,0,0,0.5,0.45454545413223135
6664.png,একটি পাখি মুখে নিয়ে আছে।,0.3999999992,0.49999999875,0.4444444385185186,0.4444444385185186,0.28571428000000004,0.4444444385185186,0,0,0.5333333333333333,0.2857142853061225
1858.png,তিনজন নারী আছে।,0.3333333322222222,0.0999999999,0.15384615005917168,0.15384615005917168,0.0,0.15384615005917168,0,0,0.20588235294117652,0.09090909082644627
2332986053_864db84971.jpg,একজন লোক একটি লাল টুপি পরে একটি লাল টুপি পরে একটি লাল টুপি পরে একটি লাল টুপি পরে একটি লাল টুপি পরে একটি লাল টুপি পরে একটি লাল টুপি পরে একটি লাল টুপি পরে একটি লাল টুপি পরে একটি লাল,0.0499999999875,0.3999999992,0.08888888687407412,0.08888888687407412,0.04651162619794489,0.08888888687407412,0,0,0.19083969465648853,0.2222222219753086
8227.png,একজন পুরুষ পানিতে নেমে আছে।,0.3999999992,0.49999999875,0.4444444385185186,0.4444444385185186,0.0,0.4444444385185186,0,0,0.4347826086956522,0.2857142853061225
1260816604_570fc35836.jpg,একটি পুরাতন <unk> গাড়ি,0.49999999875,0.24999999968749997,0.33333332833333335,0.33333332833333335,0.0,0.33333332833333335,0,0,0.3076923076923077,0.2222222219753086
3498482871_4e02f31c35.jpg,একজন পুরুষ দুইটি গরু নিয়ে যাচ্ছে।,0.49999999916666665,0.23076923059171597,0.31578946903047095,0.31578946903047095,0.0,0.21052631124653745,0,0,0.2941176470588235,0.1874999998828125
3308997740_91765ecdcc.jpg,একজন নারী,0.0,0.0,0.0,0.0,0.0,0.0,0,0,0.16666666666666663,0.0
823675317_b5fbdb17b3.jpg,একটি ছেলে সৈকতে ভলিবল খেলার জন্য নিচু করে যখন সে একটি ভলিবল খেলার জন্য নিচু করে যখন সে একটি ভলিবল খেলার জন্য নিচু করে যখন সে একটি ভলিবল খেলার জন্য নিচু করে যখন সে একটি ভলিবল খেলার জন্য নিচু করে,0.099999999975,0.571428570612245,0.17021276334993213,0.17021276334993213,0.04444444211358036,0.17021276334993213,0,0,0.26206896551724135,0.23076923059171597
429270993_294ba8e64c.jpg,একজন লোক একটি <unk> <unk> <unk> নিয়ে দাঁড়িয়ে আছে,0.2222222219753086,0.33333333277777777,0.2666666615111111,0.2666666615111111,0.07407406984910861,0.22222221697530875,0,0,0.36363636363636365,0.18181818165289254
2893515010_4a3d9dcc67.jpg,একজন ফুটবল খেলোয়াড় বল হাতে নিয়ে আসার সময় একজন ফুটবল খেলছে,0.2727272724793388,0.37499999953124996,0.31578946847645434,0.31578946847645434,0.13333332871111125,0.3076923025739645,0,0,0.5111111111111111,0.21428571413265304
4608.png,একজন পুরুষ মাথায় ইট নিচ্ছে।,0.0,0.0,0.0,0.0,0.0,0.0,0,0,0.368421052631579,0.0
3874.png,একজন নারী ও একজন মেয়ে দাড়িয়ে আছে।,0.14285714265306124,0.14285714265306124,0.14285713765306143,0.14285713765306143,0.0,0.14285713765306143,0,0,0.37037037037037035,0.08333333326388888
1184440714.jpg,এক নারী বাইরে একটি বল হাতে নিয়ে দৌড়াচ্ছে,0.12499999984374999,0.07692307686390532,0.09523809043083924,0.09523809043083924,0.0,0.09523809043083924,0,0,0.37037037037037035,0.05263157891966759
362316425_bda238b4de.jpg,একদল লোক দর্শকদের সামনে দাঁড়িয়ে আছে,0.33333333277777777,0.24999999968749997,0.2857142804081633,0.2857142804081633,0.0,0.2857142804081633,0,0,0.46875,0.16666666652777776
3081182021_22cfa18dd4.jpg,একটি স্কেটবোর্ড চালক একটি স্কেটবোর্ড চালাচ্ছে,0.33333333277777777,0.3999999992,0.36363635801652905,0.36363635801652905,0.2222222167901236,0.36363635801652905,0,0,0.4666666666666667,0.2857142853061225
6186.png,একজন পুরুষ দাড়িয়ে আছে।,0.9999999975,0.9999999975,0.9999999925,0.9999999925,0.9999999916666666,0.9999999925,1,1,1.0,0.9999999975
4463.png,একজন পুরুষ একটি <unk>,0.49999999875,0.1999999998,0.28571428122448983,0.28571428122448983,0.16666666263888896,0.28571428122448983,0,0,0.28205128205128205,0.16666666652777776
1165.png,একজন পুরুষ বসে কাজ করছে।,0.1999999996,0.1999999996,0.19999999460000012,0.19999999460000012,0.0,0.19999999460000012,0,0,0.38888888888888884,0.1111111109876543
8300.png,একজন মানুষ একটি নৌকা বাধা আছে,0.33333333277777777,0.3999999992,0.36363635801652905,0.36363635801652905,0.2222222167901236,0.36363635801652905,0,0,0.4285714285714286,0.2222222219753086
1122.png,দুইজন পুরুষ পাশাপাশি দাড়িয়ে আছে।,0.7999999984,0.571428570612245,0.6666666606944446,0.6666666606944446,0.3999999944,0.6666666606944446,0,0,0.64,0.49999999937499995
3210705660_2b14b7fb36.jpg,একটি শিশু একটি <unk>,0.49999999875,0.16666666652777776,0.2499999959375,0.2499999959375,0.0,0.2499999959375,0,0,0.31999999999999995,0.15384615372781063
345785626_9fa59f38ce.jpg,একটি দম্পতি পানির কিনারায় কেউ,0.1999999996,0.14285714265306124,0.16666666152777793,0.16666666152777793,0.0,0.16666666152777793,0,0,0.3529411764705882,0.09090909082644627
8454.png,একজন বয়স্ক নারী তাকিয়ে আছে।,0.3999999992,0.6666666644444444,0.49999999406250006,0.49999999406250006,0.0,0.49999999406250006,0,0,0.4736842105263158,0.33333333277777777
3672109677_8caa992671.jpg,একদল লোক একটি <unk> পতাকা হাতে নিয়ে দাঁড়িয়ে আছে,0.2222222219753086,0.18181818165289254,0.19999999485000008,0.19999999485000008,0.0,0.19999999485000008,0,0,0.3125,0.124999999921875
3412249548_00820fc4ca.jpg,একটি লোক <unk> <unk> দৃষ্টিতে তাকিয়ে আছে,0.571428570612245,0.3636363633057851,0.4444444391975309,0.4444444391975309,0.12499999515625017,0.4444444391975309,0,0,0.32352941176470584,0.23076923059171597
3418.png,একজন মহিলা এবং একজন মহিলা এবং একজন মহিলা এবং একজন মহিলা এবং একজন মহিলা এবং একজন মহিলা এবং একজন মহিলা এবং একজন মহিলা এবং একজন মহিলা এবং একজন মহিলা এবং একজন মহিলা এবং একজন মহিলা এবং একজন মহিলা এবং একজন,0.099999999975,0.24999999984375,0.14285713872448993,0.14285713872448993,0.03703703301097437,0.14285713872448993,0,0,0.26875000000000004,0.13333333324444444
255330891_86d65dfdbf.jpg,একটি ছোট্ট মেয়ে একটি ছোট মেয়ে রাস্তায় দৌড়াচ্ছে,0.12499999984374999,0.12499999984374999,0.12499999484375018,0.12499999484375018,0.0,0.12499999484375018,0,0,0.40476190476190477,0.07692307686390532
5628.png,একজন পুরুষ আছে।,0.9999999966666667,0.7499999981250001,0.8571428497959185,0.8571428497959185,0.39999999360000005,0.8571428497959185,0,0,0.7333333333333334,0.7499999981250001
488089932_c3a5fa4140.jpg,একটি ডোরাকাটা শার্ট পরা একটি মেয়ে একটি মেলায় <unk> অতিক্রম করার জন্য অপেক্ষা করছে,0.21428571413265304,0.29999999969999996,0.24999999493055564,0.24999999493055564,0.0869565167485825,0.17391303856332715,0,0,0.42105263157894735,0.15789473675900276
5701.png,একজন বাচ্চা শিশু হাতে একটি শিশু হাতে একটি শিশু হাতে একটি শিশু হাতে একটি শিশু হাতে একটি শিশু হাতে একটি শিশু হাতে একটি শিশু হাতে একটি শিশু হাতে একটি শিশু হাতে একটি শিশু হাতে একটি শিশু হাতে একটি শিশু হাতে,0.07499999998125,0.37499999953124996,0.12499999717013895,0.12499999717013895,0.0476190462698413,0.12499999717013895,0,0,0.12686567164179108,0.29999999969999996
925491651_57df3a5b36.jpg,একটি কুকুর পানিতে দৌড়াচ্ছে,0.49999999875,0.3999999992,0.4444444385185186,0.4444444385185186,0.28571428000000004,0.4444444385185186,0,0,0.47058823529411764,0.2857142853061225
2970067128_8842ab3603.jpg,একজন সাইকেল চালক একটি কালো রঙের বাইকে করে একটি কালো রঙের বাইকে করে একটি কালো রঙের বাইকে করে একটি কালো রঙের বাইকে করে একটি কালো রঙের বাইকে করে একটি কালো রঙের বাইকে করে একটি কালো রঙের বাইকে করে একটি কালো,0.07499999998125,0.29999999969999996,0.11999999675200007,0.11999999675200007,0.0,0.11999999675200007,0,0,0.2191780821917808,0.19999999986666667
501520507_c86f805ab8.jpg,এক মহিলা একটি হলের মধ্যে দাঁড়িয়ে আছে,0.14285714265306124,0.16666666638888888,0.15384614863905344,0.15384614863905344,0.0,0.15384614863905344,0,0,0.4814814814814815,0.09090909082644627
5832.png,পানিতে কয়েকজন মানুষ আছে।,0.249999999375,0.249999999375,0.2499999943750001,0.2499999943750001,0.0,0.2499999943750001,0,0,0.375,0.14285714265306124
343419618_1590809361413949_5895706419711225064_n.jpg,একটি শিশু দাড়িয়ে আছে।,0.249999999375,0.14285714265306124,0.1818181768595043,0.1818181768595043,0.0,0.1818181768595043,0,0,0.21875,0.0999999999
7690.png,পুরাতন <unk> কবরে বসে আছে।,0.0,0.0,0.0,0.0,0.0,0.0,0,0,0.23076923076923073,0.0
2300.png,একটি বড় গাছ ও আকাশ দেখা যাচ্ছে,0.14285714265306124,0.14285714265306124,0.14285713765306143,0.14285713765306143,0.0,0.14285713765306143,0,0,0.36,0.07692307686390532
4173.png,একজন পুরুষ একটি বাচ্চাকে ধরে দাড়িয়ে আছে একজন অন্ধ পুরুষ।,0.1999999998,0.49999999875,0.28571428122448983,0.28571428122448983,0.16666666263888896,0.28571428122448983,0,0,0.32499999999999996,0.18181818165289254
IMG_4351.JPG,মহিলা টি কালো টিপ আছে,0.5999999988,0.7499999981250001,0.6666666602469137,0.6666666602469137,0.28571428000000004,0.6666666602469137,0,0,0.6428571428571428,0.49999999916666665
5590.png,একটি শিশু দাড়িয়ে আছে।,0.249999999375,0.249999999375,0.2499999943750001,0.2499999943750001,0.0,0.2499999943750001,0,0,0.33333333333333337,0.14285714265306124
7238.png,একজন পুরুষ বসে কাজ করছে।,0.3999999992,0.6666666644444444,0.49999999406250006,0.49999999406250006,0.33333332777777785,0.49999999406250006,0,0,0.5555555555555556,0.33333333277777777
700884207_d3ec546494.jpg,একটি শিশু একটি সাদা বালিশে চাপ <unk> বসে আছে।,0.2222222219753086,0.24999999968749997,0.23529411238754333,0.23529411238754333,0.0,0.23529411238754333,0,0,0.37209302325581395,0.124999999921875
985067019_705fe4a4cc.jpg,একটি শিশু একটি বাতাসভর্তি খেলনায় শুয়ে আছে।,0.4285714279591837,0.4285714279591837,0.42857142295918377,0.42857142295918377,0.3333333277777778,0.42857142295918377,0,0,0.5161290322580645,0.1999999998
2952320230_26601173be.jpg,একজন টেনিস খেলোয়াড় টেনিস খেলছে,0.3999999992,0.33333333277777777,0.36363635801652905,0.36363635801652905,0.2222222167901236,0.36363635801652905,0,0,0.5,0.24999999968749997
3371567346_b6522efdb8.jpg,একটি <unk> একটি <unk> একটি <unk> একটি <unk> একটি <unk> একটি <unk> একটি <unk> একটি <unk> একটি <unk> একটি <unk> একটি <unk> একটি <unk> একটি <unk> একটি <unk> একটি <unk> একটি <unk> একটি <unk> একটি <unk> একটি <unk> একটি <unk>,0.0499999999875,0.1999999998,0.07999999676800014,0.07999999676800014,0.04166666360243077,0.07999999676800014,0,0,0.1383647798742138,0.1999999998
2315.png,একজন লোক একটি ইটের ভবনের সামনে দাঁড়িয়ে আছে,0.12499999984374999,0.0999999999,0.11111110604938293,0.11111110604938293,0.0,0.11111110604938293,0,0,0.29729729729729726,0.05882352937716263
2612949583_f45b3afe33.jpg,একটি কুকুর একটি <unk>,0.249999999375,0.14285714265306124,0.1818181768595043,0.1818181768595043,0.0,0.1818181768595043,0,0,0.33333333333333337,0.1111111109876543
3109.png,একজন লোক একটি দড়ি ধরে আছে,0.16666666638888888,0.09090909082644627,0.11764705411764723,0.11764705411764723,0.0,0.11764705411764723,0,0,0.3571428571428571,0.0624999999609375
319185571_56162796da.jpg,একটি কুকুর জলের ধারে দৌড়াচ্ছে,0.3999999992,0.24999999968749997,0.3076923024852071,0.3076923024852071,0.1818181768595043,0.3076923024852071,0,0,0.5172413793103448,0.18181818165289254
557721978_dfde31bc02.jpg,একটি ছোট্ট মেয়ে একটি ছোট ভেজা রাস্তায় দৌড়াচ্ছে,0.49999999937499995,0.3636363633057851,0.42105262626038775,0.42105262626038775,0.16666666152777793,0.31578946847645434,0,0,0.5666666666666667,0.28571428551020406
3135.png,একজন লোক হলুদ ফুলের রাস্তা দিয়ে <unk> দিয়ে যাচ্ছে।,0.3333333329629629,0.3333333329629629,0.333333327962963,0.333333327962963,0.0,0.22222221697530875,0,0,0.21212121212121215,0.21428571413265304
2424398046_1a55c71376.jpg,একটি শিশু একটি <unk> খাচ্ছে,0.3999999992,0.2857142853061225,0.33333332791666676,0.33333332791666676,0.0,0.33333332791666676,0,0,0.46153846153846156,0.1999999998
427167162_2c99779444.jpg,একজন লোক একটি দোকানের সামনে দাঁড়িয়ে আছে,0.571428570612245,0.21052631567867036,0.3076923035207101,0.3076923035207101,0.16666666277777784,0.28571428030612256,0,0,0.5185185185185186,0.21052631567867036
2613.png,একজন পুরুষ একটি পাইপ এবং একজন লোককে দেখা যাচ্ছে।,0.0,0.0,0.0,0.0,0.0,0.0,0,0,0.34285714285714286,0.0
3600.png,একজন পুরুষ বসে আছে।,0.7499999981250001,0.7499999981250001,0.7499999931250001,0.7499999931250001,0.0,0.7499999931250001,0,0,0.5625,0.5999999988
2252.png,একজন পুরুষ একটি শিশু কোলে নিয়ে দাড়িয়ে আছে।,0.12499999984374999,0.249999999375,0.16666666194444454,0.16666666194444454,0.0,0.16666666194444454,0,0,0.3928571428571429,0.09090909082644627
1521623639_4bda3407cc.jpg,একটি <unk> একটি ভাস্কর্য বেয়ে নিচে নামছে,0.2857142853061225,0.2222222219753086,0.24999999476562512,0.24999999476562512,0.0,0.14285713765306143,0,0,0.33333333333333337,0.15384615372781063
6017.png,সমুদ্রের পারে কয়েকজন মানুষ দাড়িয়ে আছে।,0.6666666655555555,0.7999999984,0.7272727209917357,0.7272727209917357,0.2222222167901236,0.7272727209917357,0,0,0.6799999999999999,0.571428570612245
3293751136_b0ce285dc3.jpg,এক ছেলে একটি বেসবল খেলার মাঠে একটি ভলিবল খেলার মাঠে একটি ভলিবল খেলার মাঠে একটি ভলিবল খেলার মাঠে একটি ভলিবল খেলার মাঠে একটি ভলিবল খেলার মাঠে একটি ভলিবল খেলার মাঠে একটি ভলিবল খেলার মাঠে একটি ভলিবল খেলার মাঠে একটি ভলিবল,0.0499999999875,0.2222222219753086,0.08163265002915464,0.08163265002915464,0.0,0.08163265002915464,0,0,0.2088607594936709,0.14285714275510203
103106960.jpg,একজন মেয়ে হকি খেলছে,0.49999999875,0.24999999968749997,0.33333332833333335,0.33333332833333335,0.1333333299555556,0.33333332833333335,0,0,0.30000000000000004,0.2222222219753086
_MG_1629.JPG,একজন নারী বসে ফুল দিয়ে মাছ বিক্রি করছেন।,0.24999999968749997,0.33333333277777777,0.2857142804081633,0.2857142804081633,0.0,0.2857142804081633,0,0,0.4642857142857143,0.16666666652777776
12830823_87d2654e31.jpg,একটি ছেলে একটি পুলে লাফ দিচ্ছে,0.16666666638888888,0.16666666638888888,0.16666666138888903,0.16666666138888903,0.0,0.16666666138888903,0,0,0.5,0.0999999999
456512643_0aac2fa9ce.jpg,একটি বাদামী কুকুর একটি ক্ষেতের মধ্য দিয়ে লাফিয়ে।,0.49999999937499995,0.4444444439506172,0.4705882297577854,0.4705882297577854,0.13333332817777796,0.36363635900826446,0,0,0.4193548387096774,0.3333333330555555
3314180199_2121e80368.jpg,একটি ছেলে একটি <unk>,0.49999999875,0.2857142853061225,0.36363635834710756,0.36363635834710756,0.0,0.36363635834710756,0,0,0.4,0.24999999968749997
4646.png,দুরে একটি সেতু আছে।,0.49999999875,0.6666666644444444,0.5714285648979592,0.5714285648979592,0.39999999360000005,0.5714285648979592,0,0,0.6666666666666667,0.3999999992
2479180530_7ebba2d8bf.jpg,একটি বাদামী কুকুর বালির উপর দাঁড়িয়ে আছে,0.7142857132653061,0.6249999992187499,0.6666666608,0.6666666608,0.4615384558579882,0.6666666608,0,0,0.6896551724137931,0.49999999949999996
4350.png,একটা মেয়ে একটি মঞ্চে দাড়িয়ে এবং বসে এবং বসে এবং বসে এবং বসে এবং বসে এবং বসে এবং বসে এবং বসে এবং বসে এবং বসে এবং বসে এবং বসে এবং বসে এবং বসে এবং বসে এবং বসে এবং বসে এবং,0.02499999999375,0.0999999999,0.039999996784000263,0.039999996784000263,0.0,0.039999996784000263,0,0,0.11382113821138207,0.0624999999609375
1947.png,একটি ব্যানার নিয়ে কয়েকজন মানুষ দাড়িয়ে আছে।,0.14285714265306124,0.16666666638888888,0.15384614863905344,0.15384614863905344,0.0,0.15384614863905344,0,0,0.3571428571428571,0.08333333326388888
4013.png,একজন পুরুষ ও একজন নারী দাড়িয়ে আছে।,0.9999999985714286,0.8749999989062499,0.933333327111111,0.933333327111111,0.7692307630769232,0.933333327111111,0,0,0.8333333333333334,0.8571428559183674
3696.png,একটি মেয়ে গাছের পাশে দাঁড়িয়ে আছে।,0.16666666638888888,0.249999999375,0.1999999948000001,0.1999999948000001,0.0,0.1999999948000001,0,0,0.55,0.1111111109876543
7675.png,একজন বালিকা তাকিয়ে আছেন।,0.49999999875,0.2222222219753086,0.3076923029585799,0.3076923029585799,0.0,0.3076923029585799,0,0,0.5,0.18181818165289254
367925122_335ed279a8.jpg,এক বাচ্চা মেয়ে একটি ছোট শিশু একটি ছোট শিশু একটি ছোট শিশু একটি ছোট শিশু একটি ছোট শিশু একটি ছোট শিশু একটি ছোট শিশু একটি ছোট শিশু একটি ছোট শিশু একটি ছোট শিশু একটি ছোট শিশু একটি ছোট শিশু একটি,0.0499999999875,0.2857142853061225,0.08510638040742426,0.08510638040742426,0.04166666360243077,0.08510638040742426,0,0,0.15037593984962405,0.18181818165289254
5986.png,কয়েকজন মানুষ দাড়িয়ে আছে।,0.7499999981250001,0.9999999966666667,0.8571428497959185,0.8571428497959185,0.39999999360000005,0.8571428497959185,0,0,0.75,0.7499999981250001
8893.png,একটি শিশু মাথায় পাতলা টুপি পরে আছে।,0.4285714279591837,0.9999999966666667,0.5999999946000001,0.5999999946000001,0.24999999562500003,0.5999999946000001,0,0,0.3913043478260869,0.4285714279591837
2139.png,ব্যানার হাতে <unk> <unk> <unk> <unk> <unk> <unk> <unk> <unk> <unk> <unk> <unk> <unk> <unk> <unk> <unk> <unk> <unk> <unk> <unk> <unk> <unk> <unk> <unk> <unk> <unk> <unk> <unk> <unk> <unk> <unk> <unk> <unk> <unk> <unk> <unk> <unk> <unk> <unk>,0.0,0.0,0.0,0.0,0.0,0.0,0,0,0.10062893081761004,0.0
534.png,একটি <unk> <unk> সকালের <unk>,0.0,0.0,0.0,0.0,0.0,0.0,0,0,0.16000000000000003,0.0
3682428916_69ce66d375.jpg,একটি সাদা রঙের ন্যস্ত করা তিনটি কুকুর একটি <unk>,0.2222222219753086,0.33333333277777777,0.2666666615111111,0.2666666615111111,0.0,0.2666666615111111,0,0,0.375,0.16666666652777776
1507.png,অনেকগুলো মানুষ আছে।,0.6666666644444444,0.2222222219753086,0.3333333290277778,0.3333333290277778,0.0,0.3333333290277778,0,0,0.32258064516129037,0.2222222219753086
6646.png,একজন মানুষ হেঁটে যাচ্ছে।,0.49999999875,0.49999999875,0.4999999937500001,0.4999999937500001,0.0,0.4999999937500001,0,0,0.6,0.33333333277777777
411216802_aead9e67e3.jpg,দুটি কুকুর একসাথে খেলছে,0.49999999875,0.6666666644444444,0.5714285648979592,0.5714285648979592,0.24999999468750006,0.5714285648979592,0,0,0.5333333333333333,0.3999999992
8922.png,একজন বাচ্চা মেয়ে বসে আছে।,0.3999999992,0.6666666644444444,0.49999999406250006,0.49999999406250006,0.0,0.49999999406250006,0,0,0.5294117647058824,0.33333333277777777
9084.png,পাঁচজন শিশু আছে।,0.3333333322222222,0.07692307686390532,0.12499999679687505,0.12499999679687505,0.0,0.12499999679687505,0,0,0.15555555555555556,0.09090909082644627
2594902417_f65d8866a8.jpg,দুটি কুকুর একটি মাঠে খেলা করছে,0.8333333319444445,0.9999999980000001,0.909090902479339,0.909090902479339,0.6666666602469137,0.909090902479339,0,0,0.8,0.8333333319444445
942399470_6132d3e5d2.jpg,একজন লোক একটি <unk>,0.7499999981250001,0.1874999998828125,0.29999999650000003,0.29999999650000003,0.1333333299555556,0.29999999650000003,0,0,0.24242424242424243,0.19999999986666667
3326249355_e7a7c71f06.jpg,একজন লোক একটি বিশাল <unk>,0.5999999988,0.3333333329629629,0.42857142336734694,0.42857142336734694,0.3076923029585799,0.42857142336734694,0,0,0.4,0.2727272724793388
8185.png,একজন পুরুষ হাতে মাছ নিয়ে আছে।,0.33333333277777777,0.2857142853061225,0.3076923022485208,0.3076923022485208,0.1818181765289258,0.3076923022485208,0,0,0.43999999999999995,0.1999999998
554774472_b5d165ff69.jpg,এক বালক সুইমিংপুলে সাঁতার কাটতে থাকা পুলে লাফ দিচ্ছে,0.1111111109876543,0.1999999996,0.14285713806122466,0.14285713806122466,0.0,0.14285713806122466,0,0,0.3939393939393939,0.07692307686390532
2618538137_44fffe10c4.jpg,একটি কুকুর একটি লাঠি ধরে আছে,0.49999999916666665,0.29999999969999996,0.37499999484375,0.37499999484375,0.14285713806122466,0.37499999484375,0,0,0.43243243243243246,0.16666666652777776
2968216482_ede65b20a8.jpg,একজন লোক একটি কালো এবং একজন লোক একটি <unk> চালাচ্ছে,0.1999999998,0.2222222219753086,0.21052631058171756,0.21052631058171756,0.11764705370242234,0.21052631058171756,0,0,0.39473684210526316,0.14285714275510203
4819.png,একটি ব্রীজ দেখা যাচ্ছে একজন লোক হেঁটে যাচ্ছে।,0.24999999968749997,0.6666666644444444,0.36363635900826446,0.36363635900826446,0.0,0.36363635900826446,0,0,0.3448275862068966,0.2222222219753086
2879241506_b421536330.jpg,এক মেয়ে আয়নার সামনে দাঁড়িয়ে আছে,0.33333333277777777,0.2222222219753086,0.2666666615111111,0.2666666615111111,0.11111110697530877,0.19999999560000006,0,0,0.3035714285714286,0.15384615372781063
4621.png,একজন পুরুষ গোসল করছে।,0.49999999875,0.16666666652777776,0.2499999959375,0.2499999959375,0.14285713928571436,0.2499999959375,0,0,0.2954545454545454,0.14285714275510203
20210716_142005.jpg,অনেকগুলো চাকার ভিতর অনেকগুলো মুদ্রা আছে।,0.0,0.0,0.0,0.0,0.0,0.0,0,0,0.42307692307692313,0.0
2255342813_5b2ac6d633.jpg,একজন পুরুষ দাড়িয়ে আছে।,0.249999999375,0.1111111109876543,0.15384614934911253,0.15384614934911253,0.0,0.15384614934911253,0,0,0.36111111111111116,0.08333333326388888
7403.png,একটি মেয়ে এবং একটি ছোট মেয়ে এবং একটি ছোট মেয়ে একটি ছোট মেয়ে একটি ছোট ছেলেকে নিয়ে দাড়িয়ে আছে।,0.10526315783933518,0.1999999998,0.13793102986920347,0.13793102986920347,0.0740740695747602,0.13793102986920347,0,0,0.2857142857142857,0.13333333324444444
2419.png,একজন বয়স্ক পুরুষ আছে।,0.49999999875,0.49999999875,0.4999999937500001,0.4999999937500001,0.0,0.4999999937500001,0,0,0.6875,0.33333333277777777
3711.png,কয়েকজন পুরুষ দাড়িয়ে আছে।,0.49999999875,0.49999999875,0.4999999937500001,0.4999999937500001,0.33333332722222225,0.4999999937500001,0,0,0.625,0.33333333277777777
2244171992_a4beb04d8e.jpg,একদল লোক ফুটপাতে দাঁড়িয়ে আছে,0.0,0.0,0.0,0.0,0.0,0.0,0,0,0.26315789473684215,0.0
2579572274_826598b14a.jpg,একটি ছেলে একটি ছোট ছেলে বিছানায় বসে আছে,0.37499999953124996,0.2727272724793388,0.31578946847645434,0.31578946847645434,0.16666666152777793,0.31578946847645434,0,0,0.4117647058823529,0.21428571413265304
3705976184_53ae07e898.jpg,একটি শিশু একটি <unk>,0.249999999375,0.16666666638888888,0.1999999948000001,0.1999999948000001,0.0,0.1999999948000001,0,0,0.38095238095238093,0.12499999984374999
3435653630_3b6cca2c40.jpg,একদল লোক বাস্কেটবল খেলোয়াড়।,0.249999999375,0.249999999375,0.2499999943750001,0.2499999943750001,0.0,0.2499999943750001,0,0,0.36363636363636365,0.14285714265306124
505.png,কয়েকজন পুরুষ দাড়িয়ে আছে।,0.49999999875,0.49999999875,0.4999999937500001,0.4999999937500001,0.33333332722222225,0.4999999937500001,0,0,0.625,0.33333333277777777
7744.png,একজন পুরুষ হাতে ফুল নিয়ে আছে।,0.49999999916666665,0.24999999979166665,0.33333332851851855,0.33333332851851855,0.0,0.33333332851851855,0,0,0.44999999999999996,0.19999999986666667
3248.png,একজন পুরুষ একটি শিশু দাড়িয়ে আছে।,0.33333333277777777,0.49999999875,0.3999999944,0.3999999944,0.0,0.3999999944,0,0,0.40909090909090906,0.24999999968749997
3522000960_47415c3890.jpg,একজন সার্ফার তরঙ্গে আটকা পড়েছে ।,0.33333333277777777,0.33333333277777777,0.3333333277777778,0.3333333277777778,0.19999999460000012,0.3333333277777778,0,0,0.5384615384615384,0.1999999998
2542.png,কয়েকজন পুরুষ দাড়িয়ে আছে।,0.249999999375,0.1999999996,0.2222222167901236,0.2222222167901236,0.0,0.2222222167901236,0,0,0.30000000000000004,0.12499999984374999
20210515_184311.jpg,কয়েকজন পুরুষ একসাথে দাড়িয়ে ছবি তুলছে,0.33333333277777777,0.24999999968749997,0.2857142804081633,0.2857142804081633,0.16666666152777793,0.2857142804081633,0,0,0.48275862068965514,0.16666666652777776
3231596071_f0c522a639.jpg,একজন লোক একটি <unk> <unk> <unk> <unk> <unk> <unk> <unk> <unk> <unk> <unk> <unk> <unk> <unk> <unk> <unk> <unk> <unk> <unk> <unk> <unk> <unk> <unk> <unk> <unk> <unk> <unk> <unk> <unk> <unk> <unk> <unk> <unk> <unk> <unk> <unk> <unk> <unk>,0.07499999998125,0.29999999969999996,0.11999999675200007,0.11999999675200007,0.0476190462698413,0.09090908921487605,0,0,0.07547169811320753,0.33333333277777777
1332492622_8c66992b62.jpg,একটি ফটক আছে।,0.3333333322222222,0.0999999999,0.15384615005917168,0.15384615005917168,0.0,0.15384615005917168,0,0,0.2272727272727273,0.08333333326388888
8708.png,একজন পুরুষ হেঁটে যাচ্ছে।,0.49999999875,0.49999999875,0.4999999937500001,0.4999999937500001,0.33333332722222225,0.4999999937500001,0,0,0.4,0.33333333277777777
7716.png,একটি শিশু পতাকা নিয়ে আছে।,0.5999999988,0.37499999953124996,0.46153845609467453,0.46153845609467453,0.1818181768595043,0.46153845609467453,0,0,0.5555555555555556,0.3333333329629629
2216695423_1362cb25f3.jpg,দুটি কুকুর এবং দুটি কুকুর লড়াই করছে,0.14285714265306124,0.249999999375,0.1818181768595043,0.1818181768595043,0.0,0.1818181768595043,0,0,0.375,0.12499999984374999
8244.png,একজন লোক একটি বৃহত কাঠের উঁচু পাহাড়ের উপরে লাফ দিচ্ছে,0.0999999999,0.3333333322222222,0.15384615005917168,0.15384615005917168,0.0,0.15384615005917168,0,0,0.2894736842105263,0.08333333326388888
2382411771_a16145f345.jpg,দুটি কুকুর একটি বাদামী এবং সাদা কুকুর একটি বাদামী এবং সাদা কুকুর একটি বাদামী এবং সাদা কুকুর একটি বাদামী এবং সাদা কুকুর একটি বাদামী এবং সাদা কুকুর একটি বাদামী এবং সাদা কুকুর একটি বাদামী এবং সাদা কুকুর একটি বাদামী এবং,0.12499999996875,0.5555555549382716,0.2040816295710121,0.2040816295710121,0.12499999690104173,0.2040816295710121,0,0,0.23776223776223782,0.3636363633057851
1442.png,কিছু মানুষ একটি শিশু আছে।,0.1999999996,0.14285714265306124,0.16666666152777793,0.16666666152777793,0.0,0.16666666152777793,0,0,0.28,0.09090909082644627
3341.png,একটি ব্যানের মাঝে দাড়িয়ে আছে একজন পুরুষ দাড়িয়ে আছে।,0.5555555549382716,0.3124999998046875,0.399999995072,0.399999995072,0.17391303879017025,0.399999995072,0,0,0.3728813559322034,0.2352941175086505
1087539207.jpg,একটি <unk> সিটে একটি ছোট বাচ্চা একটি ছবির জন্য পোজ দিচ্ছে,0.2727272724793388,0.4285714279591837,0.33333332820987654,0.33333332820987654,0.12499999515625017,0.31578946847645434,0,0,0.44999999999999996,0.15384615372781063
3450874870_c4dcf58fb3.jpg,একজন স্কি রশি বেয়ে উঠতে সাহায্য করছেন,0.2857142853061225,0.24999999968749997,0.2666666613333334,0.2666666613333334,0.0,0.2666666613333334,0,0,0.4444444444444444,0.15384615372781063
8816.png,একটি শিশু আছে।,0.6666666644444444,0.6666666644444444,0.6666666594444445,0.6666666594444445,0.0,0.6666666594444445,0,0,0.7777777777777778,0.49999999875
5139.png,দুইটি শিশু দৌড় দিচ্ছে।,0.249999999375,0.14285714265306124,0.1818181768595043,0.1818181768595043,0.0,0.1818181768595043,0,0,0.33333333333333337,0.0999999999
5313.png,একদল লোক একটি মোটরসাইকেল আরোহী চড়ছেন।,0.0,0.0,0.0,0.0,0.0,0.0,0,0,0.3928571428571429,0.0
1679557684_50a206e4a9.jpg,একটি কুকুর একটি কুকুরকে তাড়া করছে,0.49999999916666665,0.21428571413265304,0.2999999955,0.2999999955,0.13333332871111125,0.2352941128027682,0,0,0.3421052631578947,0.14285714275510203
4340.png,একটি শিশু আছে।,0.9999999966666667,0.49999999916666665,0.6666666607407408,0.6666666607407408,0.28571428081632655,0.6666666607407408,0,0,0.4736842105263158,0.49999999916666665
2505360288_c972bd29c4.jpg,একটি কুকুর একটি <unk>,0.7499999981250001,0.3333333329629629,0.4615384565680474,0.4615384565680474,0.2222222172839507,0.4615384565680474,0,0,0.3793103448275862,0.3333333329629629
415793623_6c1225ae27.jpg,একজন লোক পাহাড়ে বেয়ে উঠছে,0.3999999992,0.2222222219753086,0.2857142807142858,0.2857142807142858,0.16666666194444454,0.2857142807142858,0,0,0.5,0.16666666652777776
3274691778_94bb57bba3.jpg,একজন মহিলা একটি আলোর প্রতিকির দিকে তাকিয়ে আছে,0.24999999968749997,0.2857142853061225,0.2666666613333334,0.2666666613333334,0.09523809070294806,0.2666666613333334,0,0,0.46875,0.15384615372781063
487071033_27e460a1b9.jpg,একজন স্কেটবোর্ডার একটি <unk> তার সাইকেল চালাচ্ছে,0.571428570612245,0.3999999996,0.4705882298961938,0.4705882298961938,0.3999999946666667,0.4705882298961938,0,0,0.5531914893617021,0.3333333330555555
3256043809_47258e0b3e.jpg,দুটি কুকুর জলাশয়ের কাছে একটি বাদামী এবং একটি কুকুর দৌড়াচ্ছে,0.3999999996,0.3999999996,0.3999999946000001,0.3999999946000001,0.23529411238754333,0.3999999946000001,0,0,0.3589743589743589,0.28571428551020406
3446347599_0ecc49a9d5.jpg,একটি <unk>,0.999999995,0.18181818165289254,0.3076923046153846,0.3076923046153846,0.18181817983471074,0.3076923046153846,0,0,0.18518518518518523,0.18181818165289254
3029.png,একটি নৌকায় একজন মানুষ দাড়িয়ে আছে।,0.6666666655555555,0.49999999937499995,0.5714285657142858,0.5714285657142858,0.4999999943055557,0.5714285657142858,0,0,0.5,0.49999999937499995
5037.png,কয়েকজন শিশু আছে।,0.3333333322222222,0.249999999375,0.28571428000000004,0.28571428000000004,0.0,0.28571428000000004,0,0,0.4285714285714286,0.16666666638888888
1445754124_647168f211.jpg,একটি কুকুর একটি গাছের পাশে দাঁড়িয়ে আছে,0.4285714279591837,0.37499999953124996,0.3999999944888889,0.3999999944888889,0.1818181765289258,0.3999999944888889,0,0,0.52,0.1999999998
909808296_23c427022d.jpg,একটি কুকুর একটি বাদামী কুকুর হাঁটছে,0.8333333319444445,0.45454545413223135,0.5882352888581315,0.5882352888581315,0.23529411321799312,0.47058823017301044,0,0,0.4444444444444444,0.29999999969999996
6563.png,একজন পুরুষ একটি নৌকা চালাচ্ছে।,0.5999999988,0.2727272724793388,0.374999995234375,0.374999995234375,0.14285713857142868,0.374999995234375,0,0,0.39473684210526316,0.24999999979166665
6345.png,একটি ফলের দোকানে দুইটা <unk> দোকানে দুইটা <unk> ফলের দোকানের সামনে দাড়িয়ে আছে,0.15384615372781063,0.49999999875,0.2352941137716263,0.2352941137716263,0.0,0.2352941137716263,0,0,0.2549019607843137,0.18181818165289254
6166.png,রেলগাড়ির দরজায় একজন মানুষ হেঁটে যাচ্ছে।,0.33333333277777777,0.3999999992,0.36363635801652905,0.36363635801652905,0.0,0.36363635801652905,0,0,0.5,0.2222222219753086
7313.png,একটি মহিলা বসে আছে।,0.49999999875,0.3999999992,0.4444444385185186,0.4444444385185186,0.28571428000000004,0.4444444385185186,0,0,0.4736842105263158,0.2857142853061225
3506560025_8d0f4f9ac4.jpg,এক ছোট ছেলে একটি <unk> <unk> <unk> <unk> <unk> <unk> <unk> <unk> <unk> <unk> <unk> <unk> <unk> <unk> <unk> <unk> <unk> <unk> <unk> <unk> <unk> <unk> <unk> <unk> <unk> <unk> <unk> <unk> <unk> <unk> <unk> <unk> <unk> <unk> <unk> <unk>,0.02499999999375,0.0999999999,0.039999996784000263,0.039999996784000263,0.0,0.039999996784000263,0,0,0.08333333333333337,0.07142857137755101
4773.png,একটি দোকানের ভিতর একজন পুরুষ দোকানের ভিতর দাড়িয়ে আছে আর সেই দোকানের ভিতর একজন পুরুষ দোকানের ভিতর দাড়িয়ে আছে আর সেই দোকানের ভিতর একজন পুরুষ দোকানের ভিতর দাড়িয়ে আছে আর সেই দোকানের ভিতর একজন পুরুষ দোকানের ভিতর দাড়িয়ে আছে আর,0.02499999999375,0.14285714265306124,0.04255318893617037,0.04255318893617037,0.0,0.04255318893617037,0,0,0.10624999999999996,0.06666666662222222
4506.png,একজন নারী তাকিয়ে আছেন।,0.249999999375,0.1999999996,0.2222222167901236,0.2222222167901236,0.0,0.2222222167901236,0,0,0.4736842105263158,0.12499999984374999
7751.png,একজন লোক একটি শিশু দাড়িয়ে আছে।,0.33333333277777777,0.16666666652777776,0.22222221753086427,0.22222221753086427,0.12499999554687513,0.22222221753086427,0,0,0.3111111111111111,0.124999999921875
1772859261_236c09b861.jpg,একটি সাদা কুকুর পানি ছিটাচ্ছে,0.5999999988,0.49999999916666665,0.5454545395041324,0.5454545395041324,0.2222222167901236,0.5454545395041324,0,0,0.736842105263158,0.37499999953124996
9053.png,একজন পুরুষ বসে আছে।,0.249999999375,0.249999999375,0.2499999943750001,0.2499999943750001,0.0,0.2499999943750001,0,0,0.5,0.14285714265306124
2469.png,একজন পুরুষ মানুষ আছে।,0.49999999875,0.24999999968749997,0.33333332833333335,0.33333332833333335,0.0,0.16666666194444454,0,0,0.32258064516129037,0.1999999998
1706.png,একজন পুরুষ ও একজন পুরুষ বসে আছে।,0.7142857132653061,0.5555555549382716,0.624999994296875,0.624999994296875,0.2857142804081633,0.624999994296875,0,0,0.625,0.4444444439506172
2214132302_80064fd79d.jpg,এক মেয়ে হেলমেট পরেছেন।,0.249999999375,0.16666666638888888,0.1999999948000001,0.1999999948000001,0.0,0.1999999948000001,0,0,0.5,0.1111111109876543
4940.png,অনেকগুলো মানুষ দাড়িয়ে আছে।,0.7499999981250001,0.49999999916666665,0.5999999940000001,0.5999999940000001,0.24999999468750006,0.5999999940000001,0,0,0.6666666666666667,0.4285714279591837
3559374748_f18c7caa55.jpg,একটি ছোট শিশু একটি <unk> থেকে বের হচ্ছে,0.12499999984374999,0.14285714265306124,0.13333332817777796,0.13333332817777796,0.0,0.13333332817777796,0,0,0.40740740740740744,0.07692307686390532
1243.png,একজন নারী কলশী নিয়ে দাড়িয়ে আছে।,0.33333333277777777,0.33333333277777777,0.3333333277777778,0.3333333277777778,0.19999999460000012,0.3333333277777778,0,0,0.5,0.1999999998
2980118787_2099de53ec.jpg,একজন সাইকেল আরোহী তার সাইকেল দিয়ে বাতাসে লাফিয়ে কসরত দেখাচ্ছেন,0.5999999993999999,0.7499999990624999,0.6666666609876544,0.6666666609876544,0.49999999445312515,0.6666666609876544,0,0,0.6976744186046512,0.5454545449586776
426191845_1e979e9345.jpg,একটি সাদা কুকুর পাহাড়ের উপর দিয়ে চলছে,0.2857142853061225,0.6666666644444444,0.39999999500000005,0.39999999500000005,0.0,0.39999999500000005,0,0,0.46153846153846156,0.24999999968749997
6193.png,একটি শিশু আছে।,0.3333333322222222,0.3333333322222222,0.33333332722222225,0.33333332722222225,0.0,0.33333332722222225,0,0,0.5454545454545454,0.1999999996
3789.png,একটি মেয়ে একসাথে দাড়িয়ে ছবি তুলছে,0.16666666638888888,0.12499999984374999,0.1428571377551022,0.1428571377551022,0.0,0.1428571377551022,0,0,0.30000000000000004,0.07692307686390532
5653.png,একজন পুরুষ হেঁটে যাচ্ছে।,0.7499999981250001,0.7499999981250001,0.7499999931250001,0.7499999931250001,0.6666666594444445,0.7499999931250001,0,0,0.8666666666666667,0.5999999988
6054.png,একজন বাচ্চা ছেলে বসে আছে।,0.3999999992,0.24999999968749997,0.3076923024852071,0.3076923024852071,0.0,0.2222222167901236,0,0,0.40740740740740744,0.18181818165289254
3498327617_d2e3db3ee3.jpg,একটি কুকুর পানিতে ঝাপ দিচ্ছে,0.5999999988,0.3333333329629629,0.42857142336734694,0.42857142336734694,0.1999999948000001,0.42857142336734694,0,0,0.5384615384615384,0.2727272724793388
2386.png,একজন পুরুষ মাথায় কিছু মানুষ বসে আছে।,0.4285714279591837,0.7499999981250001,0.5454545398347109,0.5454545398347109,0.11764705411764723,0.5454545398347109,0,0,0.36,0.37499999953124996
3522749949_fb615cee47.jpg,একটি ছেলে একটি ফুটবলে লাথি মারার জন্য দৌড়াচ্ছে,0.37499999953124996,0.23076923059171597,0.2857142807256236,0.2857142807256236,0.0,0.2857142807256236,0,0,0.3870967741935484,0.16666666652777776
5909.png,একজন পুরুষ ভ্যান নিয়ে যাচ্ছে।,0.3999999992,0.49999999875,0.4444444385185186,0.4444444385185186,0.28571428000000004,0.4444444385185186,0,0,0.631578947368421,0.2857142853061225
508958120_afe274f726.jpg,এক ব্যক্তি একটি পাথরের উপর লাফ দিচ্ছে,0.2857142853061225,0.24999999968749997,0.2666666613333334,0.2666666613333334,0.15384614863905344,0.2666666613333334,0,0,0.4,0.15384615372781063
2443.png,সামনে একজন পুরুষ দাড়িয়ে আছে।,0.3999999992,0.49999999875,0.4444444385185186,0.4444444385185186,0.0,0.4444444385185186,0,0,0.5263157894736843,0.2857142853061225
2120383553_5825333a3f.jpg,এক মেয়ে একটি <unk> ধরে আছে,0.33333333277777777,0.3999999992,0.36363635801652905,0.36363635801652905,0.0,0.24999999500000003,0,0,0.33333333333333337,0.2222222219753086
287001804_535827984641930_3966351733372935358_n.jpg,একটি <unk> একটি দালানের সামনে একটি দালানের সামনে একটি <unk>,0.1999999998,0.6666666644444444,0.3076923036686391,0.3076923036686391,0.1818181785123967,0.3076923036686391,0,0,0.24390243902439024,0.3999999992
2331.png,কয়েকজন পুরুষ আছে।,0.3333333322222222,0.16666666638888888,0.2222222172839507,0.2222222172839507,0.0,0.2222222172839507,0,0,0.33333333333333337,0.12499999984374999
414773731_c3f5bf43d5.jpg,একটি কুকুর একটি <unk>,0.49999999875,0.3999999992,0.4444444385185186,0.4444444385185186,0.28571428000000004,0.4444444385185186,0,0,0.6,0.33333333277777777
1078.png,৪ জন ছোট মেয়ে দাড়িয়ে আছে।,0.49999999916666665,0.2727272724793388,0.3529411714878893,0.3529411714878893,0.0,0.3529411714878893,0,0,0.3529411764705882,0.21428571413265304
2706.png,কয়েকজন পুরুষ একসাথে দাড়িয়ে তাকিয়ে আছে।,0.49999999916666665,0.9999999966666667,0.6666666607407408,0.6666666607407408,0.28571428081632655,0.6666666607407408,0,0,0.48,0.49999999916666665
448257345_ce149c2ea6.jpg,একটি ছোট্ট কুকুরছানা একটি <unk>,0.1999999996,0.14285714265306124,0.16666666152777793,0.16666666152777793,0.0,0.16666666152777793,0,0,0.42307692307692313,0.0999999999
2922222717_12195af92d.jpg,একটি কালো কুকুর একটি <unk>,0.7999999984,0.3999999996,0.5333333281777778,0.5333333281777778,0.3076923029585799,0.5333333281777778,0,0,0.38636363636363635,0.3636363633057851
5796.png,একটি শিশু আছে।,0.3333333322222222,0.1999999996,0.24999999468750006,0.24999999468750006,0.0,0.24999999468750006,0,0,0.3157894736842105,0.14285714265306124
3070011270_390e597783.jpg,একটি কালো কুকুর একটি লাঠি নিয়ে খেলছে,0.2857142853061225,0.49999999875,0.36363635834710756,0.36363635834710756,0.16666666138888903,0.36363635834710756,0,0,0.45833333333333337,0.24999999968749997
878758390_dd2cdc42f6.jpg,একটি সাদা কুকুর বালুতে হাটছে,0.5999999988,0.5999999988,0.5999999938,0.5999999938,0.4999999937500001,0.5999999938,0,0,0.8333333333333334,0.4285714279591837
137861003.jpg,একটি পুকুর দিয়ে এক দম্পতি যোগব্যায়াম করছে,0.14285714265306124,0.1999999996,0.16666666152777793,0.16666666152777793,0.0,0.16666666152777793,0,0,0.41860465116279066,0.0999999999
3758.png,একজন নারী খাতায় লিখছে বা <unk> <unk>,0.0,0.0,0.0,0.0,0.0,0.0,0,0,0.24,0.0
2644430445_47c985a2ee.jpg,একজন মহিলা এবং একজন মহিলা,0.1999999996,0.249999999375,0.2222222167901236,0.2222222167901236,0.0,0.2222222167901236,0,0,0.5,0.16666666638888888
2356574282_5078f08b58.jpg,কালো পোশাক পরিহিত দুইজন নারী দাড়িয়ে আছে,0.571428570612245,0.28571428551020406,0.3809523761451248,0.3809523761451248,0.10526315346260404,0.3809523761451248,0,0,0.4285714285714286,0.2352941175086505
2347921097_f2e35753c0.jpg,একটি কুকুর একটি কালো কুকুর,0.7999999984,0.28571428551020406,0.4210526272576178,0.4210526272576178,0.13333332924444455,0.3157894694736842,0,0,0.35,0.24999999979166665
3210359094_ee51285301.jpg,একটি শিশু একটি বরফে খোদাই <unk>,0.33333333277777777,0.49999999875,0.3999999944,0.3999999944,0.24999999468750006,0.3999999944,0,0,0.4545454545454546,0.2857142853061225
3266406566_d64e57e65a.jpg,একজন নারী ও একজন নারী ও একজন নারী ও একজন নারী ও একজন নারী ও একজন নারী ও একজন নারী ও একজন নারী ও একজন নারী ও একজন নারী ও একজন নারী ও একজন নারী ও একজন নারী ও একজন,0.02499999999375,0.09090909082644627,0.03921568287581729,0.03921568287581729,0.0,0.03921568287581729,0,0,0.14179104477611937,0.08333333326388888
5894.png,একটি শিশু আছে।,0.9999999966666667,0.49999999916666665,0.6666666607407408,0.6666666607407408,0.28571428081632655,0.6666666607407408,0,0,0.5,0.49999999916666665
6363.png,একজন পুরুষ একটি নৌকা চালাচ্ছে।,0.1999999996,0.16666666638888888,0.1818181765289258,0.1818181765289258,0.0,0.1818181765289258,0,0,0.34782608695652173,0.0999999999
4930.png,একটি নৌকায় একজন মানুষ আছে।,0.3999999992,0.6666666644444444,0.49999999406250006,0.49999999406250006,0.0,0.49999999406250006,0,0,0.42105263157894735,0.33333333277777777
1106.png,একটি <unk> একটি কুকুর একটি <unk>,0.16666666638888888,0.14285714265306124,0.15384614863905344,0.15384614863905344,0.0,0.15384614863905344,0,0,0.3913043478260869,0.1111111109876543
1287475186_2dee85f1a5.jpg,একটি শিশু জল স্প্রে করছে,0.1999999996,0.1999999996,0.19999999460000012,0.19999999460000012,0.0,0.19999999460000012,0,0,0.3846153846153846,0.1111111109876543
4882.png,একটি পুরাতন বাড়ী দেখা যাচ্ছে।,0.5999999988,0.49999999916666665,0.5454545395041324,0.5454545395041324,0.4444444385185186,0.5454545395041324,0,0,0.5263157894736843,0.37499999953124996
920.png,একজন পুরুষ একটি শিশু আছে।,0.3999999992,0.33333333277777777,0.36363635801652905,0.36363635801652905,0.0,0.36363635801652905,0,0,0.33333333333333337,0.2222222219753086
698107542_3aa0ba78b4.jpg,একটি ছোট্ট মেয়ে একটি <unk> এর উপরে চেয়ে আছে একজন পুরুষ দাড়িয়ে আছে।,0.15384615372781063,0.2857142853061225,0.1999999952500001,0.1999999952500001,0.0,0.1999999952500001,0,0,0.276595744680851,0.11764705875432525
3431671749_e8e3a449ac.jpg,একটি সাদা <unk> আগুন পাইপ থেকে বের হচ্ছে।,0.6249999992187499,0.45454545413223135,0.5263157840443214,0.5263157840443214,0.11764705384083066,0.42105262626038775,0,0,0.45945945945945943,0.3571428568877551
751109943_2a7f8e117f.jpg,একটি সুন্দরী বাচ্চা মেয়ে,0.249999999375,0.14285714265306124,0.1818181768595043,0.1818181768595043,0.0,0.1818181768595043,0,0,0.29166666666666663,0.0999999999
2865409854_afedf98860.jpg,একটি <unk>,0.4999999975,0.16666666638888888,0.24999999562500003,0.24999999562500003,0.0,0.24999999562500003,0,0,0.20833333333333337,0.14285714265306124
2936707421_8e629874b8.jpg,দুই ছোট মেয়ে একটি <unk> <unk>,0.33333333277777777,0.24999999968749997,0.2857142804081633,0.2857142804081633,0.0,0.2857142804081633,0,0,0.275,0.18181818165289254
5944.png,একজন পুরুষ চাপকল টিপছে।,0.49999999875,0.2222222219753086,0.3076923029585799,0.3076923029585799,0.18181817752066123,0.3076923029585799,0,0,0.29032258064516125,0.18181818165289254
3047264346_e24601bfbf.jpg,দুজন পুরুষ এবং একজন পুরুষ এবং একজন পুরুষ এবং একজন পুরুষ এবং একজন পুরুষ এবং একজন পুরুষ এবং একজন পুরুষ এবং একজন পুরুষ এবং একজন পুরুষ এবং একজন পুরুষ এবং একজন পুরুষ এবং একজন পুরুষ এবং একজন পুরুষ এবং একজন,0.0499999999875,0.33333333277777777,0.08695651943289232,0.08695651943289232,0.045454543419421574,0.08695651943289232,0,0,0.19496855345911945,0.24999999968749997
2124.png,একটি নৌকায় কয়েকজন মানুষ আছে।,0.1999999996,0.14285714265306124,0.16666666152777793,0.16666666152777793,0.0,0.16666666152777793,0,0,0.36,0.09090909082644627
3587009091_37188fd07e.jpg,একটি পুকুর দিয়ে একটি বিশাল স্প্ল্যাশ <unk>,0.2857142853061225,0.2222222219753086,0.24999999476562512,0.24999999476562512,0.0,0.24999999476562512,0,0,0.4285714285714286,0.16666666652777776
2374570771_c395fc224a.jpg,একটি সাদা কুকুর পানিতে খেলে,0.5999999988,0.37499999953124996,0.46153845609467453,0.46153845609467453,0.1818181768595043,0.46153845609467453,0,0,0.3870967741935484,0.29999999969999996
3624327440_bef4f33f32.jpg,একজন লোক সমুদ্রের ঢেউয়ে সার্ফিং করছেন,0.33333333277777777,0.14285714275510203,0.19999999560000006,0.19999999560000006,0.11111110697530877,0.19999999560000006,0,0,0.42307692307692313,0.1111111110493827
6780.png,একটি ভাসমান বাজার দিয়ে একটি নৌকা চালিয়ে যাচ্ছে।,0.0,0.0,0.0,0.0,0.0,0.0,0,0,0.30000000000000004,0.0
2368266191_87d77750f1.jpg,একটি সাদা কালো কুকুর একটি কালো কুকুর একটি কালো কুকুর একটি কালো কুকুর একটি কালো কুকুর একটি কালো কুকুর একটি কালো কুকুর একটি কালো কুকুর একটি কালো কুকুর একটি কালো কুকুর একটি কালো কুকুর একটি কালো কুকুর একটি কালো কুকুর,0.07499999998125,0.3333333329629629,0.1224489765431071,0.1224489765431071,0.0,0.1224489765431071,0,0,0.17931034482758623,0.1999999998
1470.png,একজন নারী ও একটি শিশু তাকিয়ে আছে।,0.8571428559183674,0.9999999983333333,0.9230769166863906,0.9230769166863906,0.7272727209917357,0.9230769166863906,0,0,0.8260869565217391,0.8571428559183674
7338.png,একটি চলন্ত নৌকায় কয়েকজন মানুষ আছে।,0.33333333277777777,0.2222222219753086,0.2666666615111111,0.2666666615111111,0.0,0.2666666615111111,0,0,0.4117647058823529,0.16666666652777776
2050.png,একজন পুরুষ দাড়িয়ে আছে।,0.0,0.0,0.0,0.0,0.0,0.0,0,0,0.2727272727272727,0.0
390986651_c801db91a0.jpg,একটি শিশু একটি <unk> ট্রাকের সামনে দাঁড়িয়ে আছে,0.12499999984374999,0.1999999996,0.15384614887573977,0.15384614887573977,0.0,0.15384614887573977,0,0,0.4,0.09090909082644627
4914.png,নদী দিয়ে একটি নৌকা দেখা যাচ্ছে।,0.16666666638888888,0.3333333322222222,0.2222222172839507,0.2222222172839507,0.0,0.2222222172839507,0,0,0.368421052631579,0.12499999984374999
2288.png,একটি শিশু দাড়িয়ে আছে।,0.249999999375,0.3333333322222222,0.28571428000000004,0.28571428000000004,0.0,0.28571428000000004,0,0,0.46153846153846156,0.16666666638888888
2075321027_c8fcbaf581.jpg,একজন লোক একটি ইটের ভবনের পাশে বসে আছে,0.24999999968749997,0.24999999968749997,0.24999999468750006,0.24999999468750006,0.14285713765306143,0.24999999468750006,0,0,0.4,0.14285714275510203
3000722396_1ae2e976c2.jpg,একটি কালো এবং সাদা কুকুর একটি লাল বল নিয়ে খেলছে,0.5999999993999999,0.6666666659259258,0.6315789417174515,0.6315789417174515,0.4705882297577854,0.6315789417174515,0,0,0.6666666666666667,0.4999999995833333
5420.png,কয়েকজন পুরুষ দাড়িয়ে আছে।,0.7499999981250001,0.37499999953124996,0.49999999472222234,0.49999999472222234,0.39999999500000005,0.49999999472222234,0,0,0.4666666666666667,0.4285714279591837
3251906388_c09d44340e.jpg,একটি সাদা কুকুর বরফে খেলছে,0.7999999984,0.3999999996,0.5333333281777778,0.5333333281777778,0.0,0.39999999502222217,0,0,0.5263157894736843,0.3636363633057851
5284.png,একজন পুরুষ একটি নৌকা চালাচ্ছে আর একজন পুরুষ বসে আছে এবং একজন পুরুষ বসে আছে এবং একজন পুরুষ বসে আছে এবং একজন পুরুষ বসে আছে এবং একজন পুরুষ বসে আছে এবং একজন পুরুষ বসে আছে এবং একজন পুরুষ বসে আছে,0.07499999998125,0.5999999988,0.13333333129876546,0.13333333129876546,0.04651162619794489,0.13333333129876546,0,0,0.12328767123287676,0.2727272724793388
562928217_21f967a807.jpg,একটি বিশাল কুকুর একটি ভলিবল খেলছে,0.6666666655555555,0.28571428551020406,0.3999999954,0.3999999954,0.13333332871111125,0.31578946903047095,0,0,0.375,0.21428571413265304
2052953131_30834196fb.jpg,একজন লোক একটি হ্রদ সহ একটি হ্রদ সহ একটি হ্রদ সহ একটি হ্রদ সহ একটি হ্রদ সহ একটি হ্রদ সহ একটি হ্রদ সহ একটি হ্রদ সহ একটি হ্রদ সহ একটি হ্রদ সহ একটি হ্রদ সহ একটি হ্রদ সহ একটি হ্রদ,0.0499999999875,0.2857142853061225,0.08510638040742426,0.08510638040742426,0.04444444211358036,0.08510638040742426,0,0,0.16326530612244894,0.1999999998
389.png,একজন পুরুষ বসে কাজ করছে।,0.3999999992,0.1999999998,0.2666666618666667,0.2666666618666667,0.0,0.2666666618666667,0,0,0.38888888888888884,0.16666666652777776
2975073156_7543ed326f.jpg,এক মহিলা একটি <unk> গাড়ির পাশে দাঁড়িয়ে আছে,0.24999999968749997,0.2222222219753086,0.23529411238754333,0.23529411238754333,0.0,0.23529411238754333,0,0,0.3191489361702128,0.13333333324444444
4944.png,একজন নারী ও একজন নারী আছে। পিছনে একজন নারী আছে। পিছনে একজন নারী আছে। পিছনে একজন নারী আছে। পিছনে একজন নারী আছে। পিছনে একজন নারী আছে। পিছনে একজন নারী আছে। পিছনে একজন নারী আছে। পিছনে একজন নারী আছে। পিছনে একজন,0.099999999975,0.571428570612245,0.17021276334993213,0.17021276334993213,0.04444444211358036,0.17021276334993213,0,0,0.13422818791946312,0.49999999937499995
3337.png,একজন লোক হাতে ভর দিয়ে মাথা নিচে নামার অপেক্ষা করছে।,0.1999999998,0.33333333277777777,0.24999999500000003,0.24999999500000003,0.0,0.24999999500000003,0,0,0.48571428571428577,0.14285714275510203
5764.png,একজন পুরুষ জাল নিয়ে যাচ্ছে।,0.5999999988,0.37499999953124996,0.46153845609467453,0.46153845609467453,0.1818181768595043,0.46153845609467453,0,0,0.4137931034482759,0.29999999969999996
4996.png,একটি পুকুরে একটি <unk>,0.49999999875,0.15384615372781063,0.2352941137716263,0.2352941137716263,0.0,0.2352941137716263,0,0,0.2727272727272727,0.07142857137755101
1527297882_dededc7891.jpg,একজন পুরুষ মাথায় একটা মসজিদের <unk>,0.33333333277777777,0.14285714275510203,0.19999999560000006,0.19999999560000006,0.0,0.19999999560000006,0,0,0.38095238095238093,0.1111111110493827
6876.png,একটি সেতু দিয়ে একজন পুরুষ হেঁটে যাচ্ছে।,0.4285714279591837,0.7499999981250001,0.5454545398347109,0.5454545398347109,0.44444443901234576,0.5454545398347109,0,0,0.52,0.37499999953124996
6436.png,একজন পুরুষ ও একজন পুরুষ দাড়িয়ে আছে।,0.14285714265306124,0.14285714265306124,0.14285713765306143,0.14285713765306143,0.0,0.14285713765306143,0,0,0.4285714285714286,0.09090909082644627
2046222127_a6f300e202.jpg,একটি ছোট ছেলে একটি ছোট ছেলে একটি <unk> উপর দাঁড়িয়ে আছে,0.18181818165289254,0.2857142853061225,0.22222221722222232,0.22222221722222232,0.0,0.22222221722222232,0,0,0.42105263157894735,0.16666666652777776
5291.png,একজন পুরুষ চশমা পরে আছে।,0.9999999980000001,0.45454545413223135,0.6249999949218751,0.6249999949218751,0.28571428122448983,0.374999995234375,0,0,0.33333333333333337,0.45454545413223135
2091.png,একজন পুরুষ ও অনেকগুলো মানুষ দাড়িয়ে আছে।,0.4285714279591837,0.37499999953124996,0.3999999944888889,0.3999999944888889,0.15384614863905344,0.3999999944888889,0,0,0.5161290322580645,0.24999999979166665
408233586_f2c1be3ce1.jpg,একটি কুকুর পানিতে সাঁতার কাটছে,0.5999999988,0.7499999981250001,0.6666666602469137,0.6666666602469137,0.5714285648979592,0.6666666602469137,0,0,0.6842105263157895,0.49999999916666665
3172283002_3c0fc624de.jpg,চারজন নারী এবং মহিলা ছবি তোলার জন্য পোজ দিচ্ছে,0.3333333329629629,0.5999999988,0.42857142336734694,0.42857142336734694,0.16666666194444454,0.42857142336734694,0,0,0.59375,0.2727272724793388
2991993027_36ac04e9a0.jpg,একজন লোক একটি <unk> সামনে দাঁড়িয়ে আছে।,0.4285714279591837,0.4285714279591837,0.42857142295918377,0.42857142295918377,0.16666666138888903,0.42857142295918377,0,0,0.3846153846153846,0.2727272724793388
2676764246_c58205a365.jpg,একটি কুকুর একটি বালুর মাঠে একটি অনুর্বর ভূমি দিয়ে দৌড়াচ্ছে,0.1999999998,0.33333333277777777,0.24999999500000003,0.24999999500000003,0.14285713806122466,0.24999999500000003,0,0,0.4871794871794872,0.16666666652777776
4056.png,একজন লোক মোটরসাইকেলে চড়ছে,0.249999999375,0.249999999375,0.2499999943750001,0.2499999943750001,0.0,0.2499999943750001,0,0,0.7619047619047619,0.14285714265306124
2579899436_5086a33c7a.jpg,এক ছোট ছেলে পানিতে ভিজে গেলো,0.33333333277777777,0.3999999992,0.36363635801652905,0.36363635801652905,0.2222222167901236,0.36363635801652905,0,0,0.5,0.2222222219753086
8487.png,কয়েকজন মানুষ দাড়িয়ে আছে।,0.249999999375,0.249999999375,0.2499999943750001,0.2499999943750001,0.0,0.2499999943750001,0,0,0.4444444444444444,0.14285714265306124
2339573065_91f1e3be60.jpg,একটি মেয়ে একটি <unk> মহিলা চুমু খাচ্ছে,0.2857142853061225,0.14285714275510203,0.19047618585034026,0.19047618585034026,0.0,0.19047618585034026,0,0,0.36111111111111116,0.1111111110493827
2975253472_0f0c2dea70.jpg,একজন ফুটবল খেলোয়াড় বলের জন্য লড়াই করছে,0.571428570612245,0.6666666655555555,0.6153846094674558,0.6153846094674558,0.5454545395041324,0.6153846094674558,0,0,0.6333333333333333,0.4444444439506172
3207343907_995f7ac1d2.jpg,একদল লোক একটি বরফের পাহাড়ে স্কিইং করছে,0.4285714279591837,0.37499999953124996,0.3999999944888889,0.3999999944888889,0.15384614863905344,0.33333332791666676,0,0,0.4482758620689655,0.24999999979166665
2482.png,একটি ঘর দেখা যাচ্ছে।,0.0,0.0,0.0,0.0,0.0,0.0,0,0,0.24,0.0
2451285022_59255e7fd9.jpg,একজন পুরুষ একটি গাড়ির পিছনে দাড়িয়ে আছে একজন পুরুষ একটি কুকুর একটি বল হাতে নিয়ে দাঁড়িয়ে আছে,0.1764705881314879,0.29999999969999996,0.22222221739369005,0.22222221739369005,0.07999999532800026,0.22222221739369005,0,0,0.359375,0.15789473675900276
7266.png,একটি শিশু হেঁটে যাচ্ছে।,0.249999999375,0.12499999984374999,0.16666666194444454,0.16666666194444454,0.0,0.16666666194444454,0,0,0.25,0.0999999999
2562463210_d0dfd545ca.jpg,একটি শিশু পানিতে সাঁতার কাটছে,0.1999999996,0.12499999984374999,0.15384614887573977,0.15384614887573977,0.0,0.15384614887573977,0,0,0.2941176470588235,0.08333333326388888
2456030728_d3d147e774.jpg,একটি শিশু তাকিয়ে আছে।,0.249999999375,0.1999999996,0.2222222167901236,0.2222222167901236,0.0,0.2222222167901236,0,0,0.38888888888888884,0.12499999984374999
2321865325_79b0954a5d.jpg,একটি কুকুর একটি অপরটির সাথে একটি <unk>,0.4285714279591837,0.2727272724793388,0.33333332820987654,0.33333332820987654,0.0,0.28571428030612256,0,0,0.4285714285714286,0.2222222219753086
6433.png,৪ জন ছেলে দাড়িয়ে আছে।,0.1999999996,0.3333333322222222,0.24999999468750006,0.24999999468750006,0.0,0.24999999468750006,0,0,0.4285714285714286,0.14285714265306124
2905942129_2b4bf59bc0.jpg,একটি শিশু প্লে গ্রাউন্ডে ঝুলছে,0.3999999992,0.3999999992,0.39999999420000004,0.39999999420000004,0.0,0.19999999460000012,0,0,0.4736842105263158,0.24999999968749997
412101267_7257e6d8c0.jpg,একটি কালো কুকুর একটি কালো কুকুর খেলছে,0.4285714279591837,0.37499999953124996,0.3999999944888889,0.3999999944888889,0.1999999948000001,0.3999999944888889,0,0,0.56,0.3333333329629629
6697.png,একজন মানুষ দাড়িয়ে আছে।,0.9999999975,0.9999999975,0.9999999925,0.9999999925,0.9999999916666666,0.9999999925,1,1,1.0,0.9999999975
8374.png,একটি নৌকা ও একজন মানুষ আছে।,0.6666666655555555,0.3333333330555555,0.4444444395061729,0.4444444395061729,0.0,0.4444444395061729,0,0,0.375,0.3333333330555555
524282699_71e678a6bd.jpg,দুটি কুকুর একটি টেনিস বলের পিছনে ছুটছে ।,0.49999999937499995,0.7999999984,0.615384609704142,0.615384609704142,0.36363635834710756,0.615384609704142,0,0,0.5,0.4444444439506172
2857609295_16aaa85293.jpg,একটি সাদা কুকুর একটি ফ্রিসবি ধরার জন্য দৌড়াচ্ছে,0.49999999937499995,0.4444444439506172,0.4705882297577854,0.4705882297577854,0.16666666152777793,0.4705882297577854,0,0,0.5625,0.29999999969999996
1670592963_39731a3dac.jpg,একটি কুকুর একটি ফ্রিসবি ধরার চেষ্টা করছে।,0.4285714279591837,0.49999999916666665,0.4615384558579882,0.4615384558579882,0.36363635801652905,0.4615384558579882,0,0,0.5714285714285714,0.2222222219753086
200708306.jpg.webp,একজন বাচ্চা ছেলে দাড়িয়ে আছে,0.1999999996,0.09090909082644627,0.12499999554687513,0.12499999554687513,0.0,0.12499999554687513,0,0,0.3023255813953488,0.07142857137755101
3554210976_fbd0ef33a3.jpg,এক নারী বরফ ঢাকা পাহাড় বেয়ে উঠছে,0.14285714265306124,0.1999999996,0.16666666152777793,0.16666666152777793,0.0,0.16666666152777793,0,0,0.368421052631579,0.09090909082644627
7350.png,একজন নারী আছে।,0.9999999966666667,0.3333333329629629,0.4999999954166666,0.4999999954166666,0.19999999640000002,0.4999999954166666,0,0,0.303030303030303,0.3333333329629629
2741380826_cfe0ddf0a9.jpg,একটি কুকুর একটি ফ্রিসবি ধরার চেষ্টা করছে,0.2857142853061225,0.6666666644444444,0.39999999500000005,0.39999999500000005,0.2857142804081633,0.39999999500000005,0,0,0.5,0.2857142853061225
241347356_8a515555fd.jpg,একজন ফুটবল খেলোয়াড় বল লাথি মারার জন্য প্রস্তুত,0.24999999968749997,0.24999999968749997,0.24999999468750006,0.24999999468750006,0.13333332817777796,0.24999999468750006,0,0,0.37209302325581395,0.14285714275510203
134206.jpg,একজন ফুটবল খেলোয়াড় একটি বলে লাথি দিচ্ছে একজন গোল হয়ে বসে একটি বলে লাথি দিচ্ছে একজন গোল হয়ে বসে একটি বলে লাথি দিচ্ছে একজন গোল হয়ে বসে একটি বলে লাথি দিচ্ছে একজন গোল হয়ে বসে একটি বলে লাথি দিচ্ছে একজন,0.0499999999875,0.2857142853061225,0.08510638040742426,0.08510638040742426,0.0,0.08510638040742426,0,0,0.18620689655172418,0.06666666662222222
3402081035_a54cfab1d9.jpg,সন্ধ্যাবেলা দুই লোক প্যারাসুট নিয়ে ভেলকি দেখাচ্ছে,0.2857142853061225,0.24999999968749997,0.2666666613333334,0.2666666613333334,0.0,0.23529411252595167,0,0,0.4,0.15384615372781063
313.png,একটি শিশু আছে।,0.3333333322222222,0.06666666662222222,0.1111111082098766,0.1111111082098766,0.0,0.1111111082098766,0,0,0.1428571428571429,0.0624999999609375
1193.png,একজন ছেলে বাদিকে তাকিয়ে আছে।,0.5999999988,0.7499999981250001,0.6666666602469137,0.6666666602469137,0.28571428000000004,0.6666666602469137,0,0,0.7777777777777778,0.49999999916666665
2894850774_2d530040a1.jpg,একজন লোক একটি লোক একটি লোক একটি লোক একটি লোক একটি লোক একটি লোক একটি লোক একটি লোক একটি লোক একটি লোক একটি লোক একটি লোক একটি লোক একটি লোক একটি লোক একটি লোক একটি লোক একটি লোক একটি লোক,0.02499999999375,0.0999999999,0.039999996784000263,0.039999996784000263,0.0,0.039999996784000263,0,0,0.2142857142857143,0.08333333326388888
2766854400_640e2abe08.jpg,একটি শিশু একটি নীল চেয়ারে বসে একটি শিশু একটি শিশু একটি নীল চেয়ারে বসে একটি শিশু একটি শিশু একটি নীল চেয়ারে বসে একটি শিশু একটি শিশু একটি নীল চেয়ারে বসে একটি শিশু একটি শিশু একটি নীল চেয়ারে বসে একটি শিশু,0.02499999999375,0.14285714265306124,0.04255318893617037,0.04255318893617037,0.0,0.04255318893617037,0,0,0.18705035971223016,0.09090909082644627
2084157130_f288e492e4.jpg,একটি কুকুর ঘাসে খেলছে,0.49999999875,0.33333333277777777,0.3999999944,0.3999999944,0.0,0.2499999943750001,0,0,0.5,0.24999999968749997
1000366164.jpg,একজন পুরুষ এবং একজন লোকের গালে চুমু খাচ্ছে,0.24999999968749997,0.14285714275510203,0.1818181770247935,0.1818181770247935,0.0,0.1818181770247935,0,0,0.3584905660377359,0.07142857137755101
5957.png,একজন পুরুষ ও একজন নারী দাড়িয়ে আছে।,0.571428570612245,0.9999999975,0.7272727213223142,0.7272727213223142,0.44444443901234576,0.7272727213223142,0,0,0.6,0.6666666655555555
771366843_a66304161b.jpg,এক ব্যক্তি একটি হ্রদ উপেক্ষা করে।,0.16666666638888888,0.1111111109876543,0.13333332835555572,0.13333332835555572,0.0,0.13333332835555572,0,0,0.23684210526315785,0.07692307686390532
2679851489_a58780291e.jpg,একটি কালো কুকুর একটি কালো কুকুর খেলছে,0.4285714279591837,0.49999999916666665,0.4615384558579882,0.4615384558579882,0.36363635801652905,0.4615384558579882,0,0,0.6,0.4285714279591837
109380144.jpg,একটি ছোট ছেলে একটি পালঙ্কে হাসছে,0.33333333277777777,0.16666666652777776,0.22222221753086427,0.22222221753086427,0.0,0.22222221753086427,0,0,0.3076923076923077,0.06666666662222222
8116.png,একজন নারী তাকিয়ে আছে।,0.249999999375,0.3333333322222222,0.28571428000000004,0.28571428000000004,0.0,0.28571428000000004,0,0,0.4285714285714286,0.16666666638888888
197504190_fd1fc3d4b7.jpg,একটি সাদা জামা পরে দুটি শিশু একটি গাছের নিচে একটি ছোট মেয়ে একটি গাছের নিচে একটি ছোট মেয়ে একটি গাছের নিচে একটি ছোট মেয়ে একটি গাছের নিচে একটি ছোট মেয়ে একটি গাছের নিচে একটি ছোট মেয়ে একটি গাছের নিচে একটি,0.0499999999875,0.3999999992,0.08888888687407412,0.08888888687407412,0.04651162619794489,0.08888888687407412,0,0,0.10869565217391308,0.15384615372781063
3211577298_14296db6fd.jpg,একজন বালক সার্ফ করছে,0.7499999981250001,0.2727272724793388,0.3999999955555556,0.3999999955555556,0.16666666263888896,0.3999999955555556,0,0,0.6470588235294117,0.2727272724793388
6741.png,একজন পুরুষ আছে।,0.3333333322222222,0.1999999996,0.24999999468750006,0.24999999468750006,0.0,0.24999999468750006,0,0,0.25,0.14285714265306124
3436063693_15c8d377a2.jpg,একটি ধূসর কুকুর একটি <unk> একটি <unk>,0.7142857132653061,0.3846153843195266,0.4999999949499999,0.4999999949499999,0.33333332851851855,0.4999999949499999,0,0,0.47916666666666663,0.3636363633057851
1764955991_5e53a28c87.jpg,একটি কুকুর একটি বাদামী কুকুর দৌড়াচ্ছে,0.49999999916666665,0.49999999916666665,0.4999999941666667,0.4999999941666667,0.22222221796296296,0.4999999941666667,0,0,0.6666666666666667,0.4285714279591837
1223.png,একজন নারী মাথায় কলশী নিয়ে দাড়িয়ে আছে।,0.2857142853061225,0.3999999992,0.33333332791666676,0.33333332791666676,0.0,0.33333332791666676,0,0,0.4,0.1999999998
2274.png,একজন পুরুষ মাথায় অনেকগুলো পুরুষ একটি বুঝায় করে তিনজন পুরুষ একটি ব্যানের মাঝে একটি <unk> একটি <unk> একটি <unk> একটি <unk> একটি <unk> একটি <unk> একটি <unk> একটি <unk> একটি <unk> একটি <unk> একটি <unk> একটি <unk> একটি <unk> একটি,0.02499999999375,0.07692307686390532,0.03773584533997901,0.03773584533997901,0.0,0.03773584533997901,0,0,0.13580246913580252,0.04347826085066162
3322443827_a04a94bb91.jpg,একজন লোক একটি <unk> <unk> বসে আছেন,0.2857142853061225,0.3999999992,0.33333332791666676,0.33333332791666676,0.1999999948000001,0.33333332791666676,0,0,0.3846153846153846,0.2222222219753086
2277299634_e14bdb7ff7.jpg,একজন লোক একটি ব্যস্ত শহরে একজন লোক একটি ব্যস্ত শহরে একটি ব্যস্ত শহরে একটি ব্যস্ত শহরে একটি ব্যস্ত শহরে একটি ব্যস্ত শহরে একটি ব্যস্ত শহরে একটি ব্যস্ত শহরে একটি ব্যস্ত শহরে একটি ব্যস্ত শহরে একটি ব্যস্ত শহরে একটি ব্যস্ত শহরে,0.0499999999875,0.49999999875,0.09090908921487605,0.09090908921487605,0.04651162619794489,0.09090908921487605,0,0,0.14035087719298245,0.2857142853061225
307301755_48919ef1b2.jpg,একটি ছোট ছেলে একটি <unk> বালিতে বসে আছে,0.6249999992187499,0.3333333331111111,0.43478260378071826,0.43478260378071826,0.19047618585034026,0.3529411710726644,0,0,0.4444444444444444,0.24999999984375
8653.png,একটি নৌকায় কয়েকজন মানুষ আছে।,0.5999999988,0.4285714279591837,0.4999999943055557,0.4999999943055557,0.0,0.4999999943055557,0,0,0.5925925925925926,0.3333333329629629
559102835_472ff702b5.jpg,একটি ছেলে একটি ফুটবলে লাথি মারার জন্য,0.4285714279591837,0.29999999969999996,0.35294117121107266,0.35294117121107266,0.13333332835555572,0.23529411252595167,0,0,0.4285714285714286,0.15384615372781063
6640.png,সমুদ্রের পারে একজন মানুষ দাড়িয়ে আছে।,0.33333333277777777,0.6666666644444444,0.44444443901234576,0.44444443901234576,0.0,0.44444443901234576,0,0,0.375,0.2857142853061225
3351360323_91bb341350.jpg,সাদা শার্ট এবং সাদা শার্ট এবং সাদা শার্ট এবং সাদা শার্ট এবং সাদা শার্ট এবং সাদা শার্ট এবং সাদা শার্ট এবং সাদা শার্ট এবং সাদা শার্ট এবং সাদা শার্ট এবং সাদা শার্ট এবং সাদা শার্ট এবং সাদা শার্ট এবং সাদা,0.0499999999875,0.2857142853061225,0.08510638040742426,0.08510638040742426,0.04444444211358036,0.08510638040742426,0,0,0.19696969696969702,0.24999999968749997
346836948_179314678057526_1401882884773561562_n.jpg,একজন পুরুষ দুইটি গরু নিয়ে আছে।,0.16666666638888888,0.14285714265306124,0.15384614863905344,0.15384614863905344,0.0,0.15384614863905344,0,0,0.37037037037037035,0.08333333326388888
3694064560_467683205b.jpg,একজন লোক একটি কাঠের মেঝেতে বসে আছে,0.4285714279591837,0.4285714279591837,0.42857142295918377,0.42857142295918377,0.3333333277777778,0.42857142295918377,0,0,0.6153846153846154,0.2727272724793388
3215847501_c723905ba4.jpg,সন্ধ্যাবেলা মাঠে কয়েকজন হেটে যাচ্ছে,0.1999999996,0.07692307686390532,0.11111110697530877,0.11111110697530877,0.0,0.11111110697530877,0,0,0.27586206896551724,0.05882352937716263
IMG_20220915_163027.jpg,একটি লোক একটি সাইকেল চালাচ্ছে,0.1999999996,0.14285714265306124,0.16666666152777793,0.16666666152777793,0.0,0.16666666152777793,0,0,0.43999999999999995,0.0999999999
3229.png,একজন পুরুষ দাড়িয়ে আছে।,0.7499999981250001,0.7499999981250001,0.7499999931250001,0.7499999931250001,0.6666666594444445,0.7499999931250001,0,0,0.8666666666666667,0.5999999988
69189650_6687da7280.jpg,একটি কুকুর একটি ফ্রিসবি ধরার চেষ্টা করছে,0.2857142853061225,0.33333333277777777,0.3076923022485208,0.3076923022485208,0.0,0.3076923022485208,0,0,0.4,0.2222222219753086
2955673642_4279b32097.jpg,এক সাদা <unk> একটি কারের পাশে একটি <unk> দিকে তাকিয়ে আছে।,0.3636363633057851,0.3636363633057851,0.3636363583057851,0.3636363583057851,0.09999999490000026,0.2727272674793389,0,0,0.42105263157894735,0.26666666648888887
1417031097_ab656bc4bd.jpg,একজন লোক একটি মসজিদ।,0.49999999875,0.2857142853061225,0.36363635834710756,0.36363635834710756,0.0,0.1999999948000001,0,0,0.38095238095238093,0.2222222219753086
2520909293_9bb7f7364e.jpg,এক লোক একটি পাথরে চড়ছে,0.3999999992,0.24999999968749997,0.3076923024852071,0.3076923024852071,0.1818181768595043,0.3076923024852071,0,0,0.34375,0.18181818165289254
1012212859_01547e3f17.jpg,একটি কুকুর একটি বল নিয়ে দৌড়াচ্ছে,0.8333333319444445,0.45454545413223135,0.5882352888581315,0.5882352888581315,0.2666666618666667,0.5882352888581315,0,0,0.5365853658536586,0.3636363633057851
8535.png,সমুদ্রের পারে কয়েকজন মানুষ একটি মাঠে একে অপরকে জড়িয়ে ধরে রাখে,0.2727272724793388,0.5999999988,0.374999995234375,0.374999995234375,0.14285713857142868,0.374999995234375,0,0,0.37209302325581395,0.23076923059171597
IMG_9568.JPG,একটি মেয়ে টি দাঁড়িয়ে আছে,0.7999999984,0.6666666655555555,0.7272727209917357,0.7272727209917357,0.5714285648979592,0.7272727209917357,0,0,0.6,0.571428570612245
8130.png,একজন মেয়ে শিশু হাতে একটা বাচ্চাকে হাতে নিয়ে দাড়িয়ে আছে।,0.1999999998,0.6666666644444444,0.3076923036686391,0.3076923036686391,0.0,0.3076923036686391,0,0,0.36363636363636365,0.1999999998
1192.png,৩ জন পুরুষ আছে।,0.9999999975,0.1999999999,0.33333333027777784,0.33333333027777784,0.1818181792975207,0.2499999970138889,0,0,0.196078431372549,0.24999999984375
3638.png,একজন পুরুষ মাথায় টুপি পরে আছে।,0.6666666655555555,0.6666666655555555,0.6666666605555556,0.6666666605555556,0.5999999938,0.6666666605555556,0,0,0.7619047619047619,0.49999999937499995
6735.png,একটি ব্রীজ দেখা যাচ্ছে কিছু মানুষ দেখা যাচ্ছে।,0.12499999984374999,0.0624999999609375,0.08333332881944468,0.08333332881944468,0.0,0.08333332881944468,0,0,0.29166666666666663,0.04761904759637188
300577375_26cc2773a1.jpg,একটি <unk> একটি <unk> কাছে একটি <unk> কাছে একটি <unk> কাছে একটি <unk> কাছে একটি <unk> কাছে একটি <unk> কাছে একটি <unk> কাছে একটি <unk> কাছে একটি <unk> কাছে একটি <unk> কাছে একটি <unk> কাছে একটি <unk> কাছে একটি <unk>,0.02499999999375,0.16666666638888888,0.04347825858223074,0.04347825858223074,0.0,0.04347825858223074,0,0,0.07482993197278909,0.12499999984374999
IMG_0022.JPG,তিনজন নারী ও একজন নারী ও একজন নারী ও একজন নারী ও একজন নারী ও একজন নারী ও একজন নারী ও একজন নারী ও একজন নারী ও একজন নারী ও একজন নারী ও একজন নারী ও একজন নারী ও একজন,0.02499999999375,0.3333333322222222,0.04651162658734455,0.04651162658734455,0.0,0.04651162658734455,0,0,0.09701492537313428,0.16666666638888888
inbound4127243904367353328.jpg,কিছু ছোট বাচ্চারা আইসক্রিম খাচ্ছে।,0.0,0.0,0.0,0.0,0.0,0.0,0,0,0.2142857142857143,0.0
1071201387.jpg,একজন মহিলা একটি মহিলা একটি মহিলা একটি মহিলা একটি মহিলা একটি মহিলা একটি মহিলা একটি মহিলা একটি মহিলা একটি মহিলা একটি মহিলা একটি মহিলা একটি মহিলা একটি মহিলা একটি মহিলা একটি মহিলা একটি মহিলা একটি মহিলা একটি মহিলা একটি মহিলা,0.0499999999875,0.1999999998,0.07999999676800014,0.07999999676800014,0.0,0.07999999676800014,0,0,0.1875,0.18181818165289254
7777.png,৩ টি নৌকা নিয়ে যাচ্ছে।,0.3999999992,0.1999999998,0.2666666618666667,0.2666666618666667,0.15384614934911253,0.2666666618666667,0,0,0.3666666666666667,0.16666666652777776
3176131893_7181c733aa.jpg,একদল পুরুষ এবং একজন মহিলা বসে আছে,0.4285714279591837,0.4285714279591837,0.42857142295918377,0.42857142295918377,0.1999999948000001,0.42857142295918377,0,0,0.5384615384615384,0.2727272724793388
4239.png,একজন মানুষ দাড়িয়ে আছে।,0.49999999875,0.2857142853061225,0.36363635834710756,0.36363635834710756,0.2222222172839507,0.36363635834710756,0,0,0.32258064516129037,0.24999999968749997
465.png,একটি বানর ও একটি মুরগীর ছানা <unk>,0.4285714279591837,0.2727272724793388,0.33333332820987654,0.33333332820987654,0.12499999515625017,0.33333332820987654,0,0,0.42500000000000004,0.14285714275510203
3046949818_245b05f507.jpg,ছেলেরা ফুটবল খেলছে,0.3333333322222222,0.0999999999,0.15384615005917168,0.15384615005917168,0.0,0.15384615005917168,0,0,0.25806451612903225,0.08333333326388888
7938.png,একজন পুরুষ একটি জ্বলন্ত মোমবাতি আছে।,0.16666666638888888,0.1999999996,0.1818181765289258,0.1818181765289258,0.0,0.1818181765289258,0,0,0.2692307692307693,0.0999999999
3506869953_802f463178.jpg,একজন লোক একটি <unk>,0.9999999975,0.3333333330555555,0.49999999562499997,0.49999999562499997,0.16666666263888896,0.31578947002770086,0,0,0.26315789473684215,0.3333333330555555
8755.png,একটি রেডিও <unk>,0.3333333322222222,0.3333333322222222,0.33333332722222225,0.33333332722222225,0.0,0.33333332722222225,0,0,0.4545454545454546,0.1999999996
3662963630_8f097e38d4.jpg,একজন স্কেটবোর্ডার একটি স্কেটবোর্ড চালাচ্ছে,0.3999999992,0.16666666652777776,0.23529411321799312,0.23529411321799312,0.0,0.23529411321799312,0,0,0.4411764705882353,0.13333333324444444
3343311201_eeb1a39def.jpg,একজন মেয়ে তার পিছনে একজন লোক তার পিছনে একজন লোক তার পিছনে একজন লোক তার পিছনে একজন লোক তার পিছনে একজন লোক তার পিছনে একজন লোক তার পিছনে একজন লোক তার পিছনে একজন লোক তার পিছনে একজন লোক তার পিছনে,0.02499999999375,0.16666666638888888,0.04347825858223074,0.04347825858223074,0.0,0.04347825858223074,0,0,0.17449664429530198,0.0999999999
5611.png,একজন নারী বসে আছে।,0.49999999875,0.3999999992,0.4444444385185186,0.4444444385185186,0.0,0.4444444385185186,0,0,0.6666666666666667,0.2857142853061225
2604.png,একজন পুরুষ একটি নৌকা চালিয়ে যাচ্ছে।,0.33333333277777777,0.2857142853061225,0.3076923022485208,0.3076923022485208,0.1818181765289258,0.3076923022485208,0,0,0.31999999999999995,0.18181818165289254
3335097235_538f4777c3.jpg,একটি সাদা কুকুর মুখের মধ্যে একটি লাঠি নিয়ে দৌড়াচ্ছে,0.5555555549382716,0.7142857132653061,0.624999994296875,0.624999994296875,0.16666666194444454,0.624999994296875,0,0,0.5757575757575757,0.49999999949999996
4501.png,একজন বালক একটি শিশু কোলে নিয়ে দাঁড়িয়ে আছে।,0.37499999953124996,0.49999999916666665,0.4285714230612245,0.4285714230612245,0.16666666152777793,0.4285714230612245,0,0,0.4285714285714286,0.2727272724793388
1473250020_dc829a090f.jpg,একজন লোক একটি পাথরের উপর দিয়ে একটি পাথরের উপর দিয়ে একটি পাথরের উপর দিয়ে একটি পাথরের উপর দিয়ে একটি পাথরের উপর দিয়ে একটি পাথরের উপর দিয়ে একটি পাথরের উপর দিয়ে একটি পাথরের উপর দিয়ে একটি পাথরের উপর দিয়ে একটি পাথরের,0.099999999975,0.3636363633057851,0.15686274165321037,0.15686274165321037,0.04166666360243077,0.15686274165321037,0,0,0.17500000000000004,0.23076923059171597
2516.png,একজন নারী একটি শিশু আছে।,0.1999999996,0.14285714265306124,0.16666666152777793,0.16666666152777793,0.0,0.16666666152777793,0,0,0.42307692307692313,0.09090909082644627
1191423753.jpg,দুজন লোক একটি দালানের সামনে দাঁড়িয়ে আছে,0.2857142853061225,0.15384615372781063,0.1999999952500001,0.1999999952500001,0.08333332951388904,0.1999999952500001,0,0,0.3653846153846154,0.124999999921875
3668.png,একজন পুরুষ একটি গাছের নিচে ঝারু দিচ্ছেন।,0.0,0.0,0.0,0.0,0.0,0.0,0,0,0.2962962962962963,0.0
1956678973_223cb1b847.jpg,একটি ছোট বাচ্চারা খেলছে,0.249999999375,0.14285714265306124,0.1818181768595043,0.1818181768595043,0.0,0.1818181768595043,0,0,0.31999999999999995,0.0999999999
43.JPG,কিছু মানুষ আছে।,0.0,0.0,0.0,0.0,0.0,0.0,0,0,0.4444444444444444,0.0
2752331711_cb18abba5a.jpg,একজন লোক একটি খাড়া পাহাড় বেয়ে উঠছে,0.4285714279591837,0.3333333329629629,0.374999994609375,0.374999994609375,0.2857142804081633,0.374999994609375,0,0,0.48571428571428577,0.23076923059171597
5557.png,৩ জন ছেলে দাড়িয়ে আছে যার চুল কালো রঙ দিয়ে ডাকা।,0.09090909082644627,0.14285714265306124,0.11111110623456812,0.11111110623456812,0.0,0.11111110623456812,0,0,0.28125,0.05882352937716263
3001612175_53567ffb58.jpg,একজন লোক একটি কালো রঙের পোশাক পরিহিত একজন লোক একটি <unk> থেকে নিচে নামছে ।,0.26666666648888887,0.26666666648888887,0.26666666148888896,0.26666666148888896,0.09090908619834734,0.2499999951041667,0,0,0.39622641509433965,0.16666666657407406
725.png,একজন পুরুষ হেঁটে যাচ্ছে।,0.49999999875,0.24999999968749997,0.33333332833333335,0.33333332833333335,0.1999999954000001,0.33333332833333335,0,0,0.38095238095238093,0.1999999998
733964952_69f011a6c4.jpg,একজন লোক একটি <unk> তার <unk> বাজাচ্ছে,0.571428570612245,0.28571428551020406,0.3809523761451248,0.3809523761451248,0.10526315346260404,0.3809523761451248,0,0,0.3921568627450981,0.19999999986666667
3708266246_97a033fcc7.jpg,একটি কুকুর একটি পোলের উপর দিয়ে লাফ দিচ্ছে,0.6249999992187499,0.6249999992187499,0.6249999942187501,0.6249999942187501,0.42857142295918377,0.6249999942187501,0,0,0.71875,0.3999999996
2737729252_b3fd9c05b1.jpg,একটি মেয়ে একটি মেয়ে দাঁড়িয়ে আছে,0.33333333277777777,0.33333333277777777,0.3333333277777778,0.3333333277777778,0.19999999460000012,0.3333333277777778,0,0,0.5384615384615384,0.24999999968749997
78984436_ad96eaa802.jpg,একটি কুকুর কাদা দিয়ে চলছে,0.3999999992,0.18181818165289254,0.249999995390625,0.249999995390625,0.0,0.21052631168975072,0,0,0.36363636363636365,0.14285714275510203
8933.png,কয়েকজন মানুষ আছে।,0.6666666644444444,0.49999999875,0.5714285648979592,0.5714285648979592,0.39999999360000005,0.5714285648979592,0,0,0.6875,0.3999999992
1741.png,একদল লোক একটি <unk> বসে আছে,0.49999999916666665,0.24999999979166665,0.33333332851851855,0.33333332851851855,0.12499999554687513,0.33333332851851855,0,0,0.4285714285714286,0.19999999986666667
3387630781_f421a94d9d.jpg,একটি শিশু আছে।,0.6666666644444444,0.2222222219753086,0.3333333290277778,0.3333333290277778,0.19999999640000002,0.3333333290277778,0,0,0.2941176470588235,0.2222222219753086
3167.png,একজন মানুষ আছে।,0.6666666644444444,0.6666666644444444,0.6666666594444445,0.6666666594444445,0.4999999925000001,0.6666666594444445,0,0,0.8181818181818181,0.49999999875
5097.png,কয়েকজন মানুষ দাড়িয়ে আছে।,0.249999999375,0.249999999375,0.2499999943750001,0.2499999943750001,0.0,0.2499999943750001,0,0,0.5,0.14285714265306124
465859490_b077219424.jpg,একটি দম্পতি একটি মেয়ে একটি মেয়ে একটি মেয়ে একটি মেয়ে একটি মেয়ে একটি মেয়ে একটি মেয়ে একটি মেয়ে একটি মেয়ে একটি মেয়ে একটি মেয়ে একটি মেয়ে একটি মেয়ে একটি মেয়ে একটি মেয়ে একটি মেয়ে একটি মেয়ে একটি মেয়ে একটি মেয়ে,0.0499999999875,0.09999999995,0.0666666622000003,0.0666666622000003,0.0,0.0666666622000003,0,0,0.2907801418439716,0.12499999984374999
3399284917_721aefe2a7.jpg,একটি শিশু একটি গোল হওয়া একটি <unk>,0.2857142853061225,0.24999999968749997,0.2666666613333334,0.2666666613333334,0.0,0.2666666613333334,0,0,0.33333333333333337,0.09090909082644627
3619.png,একটি সেতু আছে।,0.0,0.0,0.0,0.0,0.0,0.0,0,0,0.1724137931034483,0.0
2660008870_b672a4c76a.jpg,একটি শিশু সুইমিংপুলে সাঁতার কাটছে,0.3999999992,0.3999999992,0.39999999420000004,0.39999999420000004,0.1818181768595043,0.39999999420000004,0,0,0.31818181818181823,0.24999999968749997
5888.png,কয়েকজন মানুষ আছে।,0.9999999966666667,0.5999999988,0.7499999934375,0.7499999934375,0.33333332777777785,0.7499999934375,0,0,0.6666666666666667,0.5999999988
5436.png,সমুদ্রের পারে তিনজন পুরুষ মানুষ।,0.1999999996,0.07692307686390532,0.11111110697530877,0.11111110697530877,0.0,0.11111110697530877,0,0,0.21568627450980393,0.0624999999609375
9145.png,একটি নৌকায় একজন মানুষ বসে আছে।,0.9999999983333333,0.9999999983333333,0.9999999933333332,0.9999999933333332,0.9999999930000001,0.9999999933333332,1,1,1.0,0.9999999983333333
5272.png,একটি <unk> <unk>,0.3333333322222222,0.3333333322222222,0.33333332722222225,0.33333332722222225,0.0,0.33333332722222225,0,0,0.4545454545454546,0.249999999375
7620.png,একজন ছোট ছেলে তাকিয়ে আছে।,0.5999999988,0.5999999988,0.5999999938,0.5999999938,0.2499999943750001,0.5999999938,0,0,0.65,0.4285714279591837
5571.png,একজন পুরুষ একটি <unk>,0.249999999375,0.16666666638888888,0.1999999948000001,0.1999999948000001,0.0,0.1999999948000001,0,0,0.33333333333333337,0.1111111109876543
6913.png,একটি পাখি দেখা যাচ্ছে।,0.249999999375,0.3333333322222222,0.28571428000000004,0.28571428000000004,0.0,0.28571428000000004,0,0,0.46153846153846156,0.16666666638888888
1396703063_e8c3687afe.jpg,একজন লোক একটি <unk> টুপি পরে আছে।,0.8571428559183674,0.39999999973333333,0.5454545406198348,0.5454545406198348,0.2999999955,0.5454545406198348,0,0,0.4285714285714286,0.374999999765625
2899374885_f3b2b1a290.jpg,একটি ছোট্ট মেয়ে সাবানের বেলুন ফুলাচ্ছে।,0.16666666638888888,0.14285714265306124,0.15384614863905344,0.15384614863905344,0.0,0.15384614863905344,0,0,0.42307692307692313,0.09090909082644627
2866.png,দুইজন মানুষ বসে আছে।,0.49999999875,0.24999999968749997,0.33333332833333335,0.33333332833333335,0.1999999954000001,0.33333332833333335,0,0,0.1923076923076923,0.24999999968749997
_MG_1341.JPG,একটি লোক ও একজন পুরুষ দাড়িয়ে আছে।,0.2857142853061225,0.2857142853061225,0.28571428030612256,0.28571428030612256,0.0,0.2666666613333334,0,0,0.3846153846153846,0.16666666652777776
3597715122_45878432ec.jpg,একটি <unk> দোকানের সামনে দাঁড়িয়ে একদল লোক ছবির জন্য অংগভংগি করছেন,0.18181818165289254,0.33333333277777777,0.2352941128027682,0.2352941128027682,0.0,0.2352941128027682,0,0,0.3653846153846154,0.13333333324444444
1227655020_b11a1bb112.jpg,দুটি কুকুর ঘাসের মধ্যে দাঁড়িয়ে আছে,0.6666666655555555,0.49999999937499995,0.5714285657142858,0.5714285657142858,0.33333332791666676,0.5714285657142858,0,0,0.6923076923076923,0.3999999996
2260560631_09093be4c6.jpg,একটি <unk>,0.4999999975,0.12499999984374999,0.19999999640000002,0.19999999640000002,0.0,0.19999999640000002,0,0,0.1428571428571429,0.12499999984374999
3155501473_510f9c9f6b.jpg,এক নারী তার বাম হাতে একটি দেওয়ার জন্য ভঙ্গি করছে,0.29999999969999996,0.24999999979166665,0.2727272675206612,0.2727272675206612,0.0,0.181818176694215,0,0,0.40476190476190477,0.15789473675900276
2516317118_10ae66b87a.jpg,একটি শিশু একটি <unk>,0.49999999875,0.18181818165289254,0.26666666240000003,0.26666666240000003,0.0,0.26666666240000003,0,0,0.275,0.18181818165289254
3666537170_c4ecda4be8.jpg,একটি ছেলে এবং তার চারপাশে ছড়িয়ে দিচ্ছে।,0.4285714279591837,0.21428571413265304,0.28571428099773244,0.28571428099773244,0.1428571377551022,0.24999999476562512,0,0,0.3589743589743589,0.1764705881314879
2560.png,একজন পুরুষ দাড়িয়ে আছে।,0.249999999375,0.1111111109876543,0.15384614934911253,0.15384614934911253,0.0,0.15384614934911253,0,0,0.38888888888888884,0.08333333326388888
502884177_25939ac000.jpg,এক মহিলা একটি ছোট মেয়ে একটি <unk> তার <unk> তার <unk> তার <unk> তার <unk> তার <unk> তার <unk> তার <unk> তার <unk> তার <unk> তার <unk> তার <unk> তার <unk> তার <unk> তার <unk> তার <unk> তার <unk> তার,0.099999999975,0.49999999937499995,0.16666666381944448,0.16666666381944448,0.043478258270321514,0.1224489765431071,0,0,0.16546762589928055,0.2727272724793388
3631023049_8a85bab19f.jpg,একটি শিশু দোলনায় দোল খাওয়ার চেষ্টা করছে,0.2857142853061225,0.2222222219753086,0.24999999476562512,0.24999999476562512,0.0,0.1818181768595043,0,0,0.38888888888888884,0.14285714275510203
3044746136_8b89da5f40.jpg,একটি বিশাল একদল লোক একটি বিশাল <unk> বসে আছে,0.4444444439506172,0.6666666655555555,0.5333333278222222,0.5333333278222222,0.3076923024852071,0.5333333278222222,0,0,0.5454545454545454,0.49999999937499995
3563673070_71fa0903ed.jpg,একজন লোক বাদামি রঙের পোশাক পরে আছে,0.4285714279591837,0.3333333329629629,0.374999994609375,0.374999994609375,0.1428571377551022,0.374999994609375,0,0,0.5161290322580645,0.23076923059171597
2521983429_33218366bd.jpg,একটি দম্পতি সমুদ্রের ধারে হাঁটছে,0.1999999996,0.14285714265306124,0.16666666152777793,0.16666666152777793,0.0,0.16666666152777793,0,0,0.3214285714285714,0.09090909082644627
3518334317_bc40bae18d.jpg,একটি <unk> একটি <unk> একটি <unk> একটি <unk> একটি <unk> একটি <unk> একটি <unk> একটি <unk> একটি <unk> একটি <unk> একটি <unk> একটি <unk> একটি <unk> একটি <unk> একটি <unk> একটি <unk> একটি <unk> একটি <unk> একটি <unk> একটি <unk>,0.0499999999875,0.2222222219753086,0.08163265002915464,0.08163265002915464,0.0,0.08163265002915464,0,0,0.13207547169811318,0.1111111109876543
7354.png,একজন পুরুষ আছে।,0.3333333322222222,0.16666666638888888,0.2222222172839507,0.2222222172839507,0.0,0.2222222172839507,0,0,0.33333333333333337,0.12499999984374999
625.png,একটি শিশু দাড়িয়ে আছে।,0.0,0.0,0.0,0.0,0.0,0.0,0,0,0.23076923076923073,0.0
white-bovine-ox-grazing-agricultural-field-goa-india.jpg,সবুজ ঘাসের মাঝে একটি সুন্দর দৃশ্য।,0.49999999916666665,0.3333333329629629,0.3999999946666667,0.3999999946666667,0.3076923024852071,0.3999999946666667,0,0,0.59375,0.24999999979166665
5759.png,একজন পুরুষ ছাতা নিয়ে হেঁটে যাচ্ছে।,0.33333333277777777,0.49999999875,0.3999999944,0.3999999944,0.14285713806122466,0.3999999944,0,0,0.5238095238095238,0.24999999968749997
1401961581_76921a75c5.jpg,একজন লোক একটি <unk> <unk> <unk> <unk> <unk> <unk> <unk> <unk> <unk> <unk> <unk> <unk> <unk> <unk> <unk> <unk> <unk> <unk> <unk> <unk> <unk> <unk> <unk> <unk> <unk> <unk> <unk> <unk> <unk> <unk> <unk> <unk> <unk> <unk> <unk> <unk> <unk>,0.07499999998125,0.21428571413265304,0.11111110722908106,0.11111110722908106,0.043478258270321514,0.11111110722908106,0,0,0.1383647798742138,0.14285714275510203
293327462_20dee0de56.jpg,দুটি কুকুর একটি অপরটির সাথে খেলাচ্ছে,0.49999999916666665,0.37499999953124996,0.4285714230612245,0.4285714230612245,0.33333332791666676,0.4285714230612245,0,0,0.5833333333333333,0.2727272724793388
1998255400_0cd086908f.jpg,একটি কুকুর একটি কুকুর,0.7499999981250001,0.24999999979166665,0.37499999578125004,0.37499999578125004,0.1999999954000001,0.37499999578125004,0,0,0.44999999999999996,0.24999999968749997
3408.png,সমুদ্রের পারে একজন পুরুষ দাড়িয়ে আছে।,0.33333333277777777,0.24999999968749997,0.2857142804081633,0.2857142804081633,0.0,0.2857142804081633,0,0,0.2666666666666667,0.18181818165289254
1876.png,একজন বয়স্ক নারী আছে।,0.249999999375,0.1999999996,0.2222222167901236,0.2222222167901236,0.0,0.2222222167901236,0,0,0.4375,0.12499999984374999
4803.png,একজন পুরুষ দাড়িয়ে আছে।,0.0,0.0,0.0,0.0,0.0,0.0,0,0,0.4,0.0
399679638_d3036da331.jpg,একটি কুকুর বরফে খেলছে,0.7499999981250001,0.5999999988,0.6666666602469137,0.6666666602469137,0.5714285648979592,0.6666666602469137,0,0,0.8666666666666667,0.49999999916666665
408627152_1feaa4b94e.jpg,একটি সাদা কুকুর একটি নৌকায় একটি নৌকায় একটি নৌকায় একটি নৌকায় একটি নৌকায় একটি নৌকায় একটি নৌকায় একটি নৌকায় একটি নৌকায় একটি নৌকায় একটি নৌকায় একটি নৌকায় একটি নৌকায় একটি নৌকায় একটি নৌকায় একটি নৌকায় একটি নৌকায় একটি নৌকায় একটি,0.07499999998125,0.2727272724793388,0.11764705539407928,0.11764705539407928,0.04081632326530638,0.11764705539407928,0,0,0.240506329113924,0.24999999979166665
5558.png,সমুদ্রের পারে একজন মানুষ দাড়িয়ে আছে।,0.49999999916666665,0.7499999981250001,0.5999999940000001,0.5999999940000001,0.24999999468750006,0.5999999940000001,0,0,0.5416666666666667,0.4285714279591837
2497608431_8dfefc7a1a.jpg,একটি কুকুর একটি লাঠি নিয়ে একটি লাঠি নিয়ে একটি লাঠি নিয়ে একটি লাঠি নিয়ে একটি লাঠি নিয়ে একটি লাঠি নিয়ে একটি লাঠি নিয়ে একটি লাঠি নিয়ে একটি লাঠি নিয়ে একটি লাঠি নিয়ে একটি লাঠি নিয়ে একটি লাঠি নিয়ে একটি লাঠি,0.0499999999875,0.16666666652777776,0.07692307334319543,0.07692307334319543,0.03999999655200029,0.07692307334319543,0,0,0.22388059701492535,0.14285714275510203
3277162496_dff7eeb59e.jpg,দুটি কুকুর খেলছে,0.6666666644444444,0.49999999875,0.5714285648979592,0.5714285648979592,0.0,0.5714285648979592,0,0,0.6428571428571428,0.3999999992
1044.png,একটি পিলারের পাশে কিছু মানুষ কাজ করছে।,0.571428570612245,0.9999999975,0.7272727213223142,0.7272727213223142,0.6666666607407408,0.7272727213223142,0,0,0.52,0.571428570612245
7829.png,একটি নৌকায় একজন মানুষ আছে।,0.7999999984,0.7999999984,0.7999999934,0.7999999934,0.4999999937500001,0.7999999934,0,0,0.9,0.6666666655555555
5448.png,একটি মাঠে একটি মাঠে বসে আছে।,0.33333333277777777,0.24999999968749997,0.2857142804081633,0.2857142804081633,0.0,0.2857142804081633,0,0,0.368421052631579,0.2222222219753086
2823075967_be4c350e9e.jpg,দুটি কুকুর একটি বাদামী কুকুর একটি বাদামী কুকুর একটি বাদামী কুকুর একটি বাদামী কুকুর একটি বাদামী কুকুর একটি বাদামী কুকুর একটি বাদামী কুকুর একটি বাদামী কুকুর একটি বাদামী কুকুর একটি বাদামী কুকুর একটি বাদামী কুকুর একটি বাদামী কুকুর একটি বাদামী,0.07499999998125,0.29999999969999996,0.11999999675200007,0.11999999675200007,0.04878048685306366,0.11999999675200007,0,0,0.16455696202531644,0.3999999992
3019986034_7453777274.jpg,এক ব্যক্তি একটি <unk> একটি <unk> তার <unk> তার <unk> তার <unk> তার <unk> তার <unk> তার <unk> তার <unk> তার <unk> তার <unk> তার <unk> তার <unk> তার <unk> তার <unk> তার <unk> তার <unk> তার <unk> তার <unk>,0.0499999999875,0.3999999992,0.08888888687407412,0.08888888687407412,0.0,0.08888888687407412,0,0,0.16901408450704225,0.24999999968749997
6799.png,একটি শিশু হাতে একটা বাসের ভিতর দিয়ে গাড়ি অনেকগুলো মানুষ আছে।,0.09090909082644627,0.3333333322222222,0.14285713928571436,0.14285713928571436,0.0,0.14285713928571436,0,0,0.19999999999999996,0.07692307686390532
2924259848_effb4dcb82.jpg,একজন লোক একটি মোটরসাইকেল আরোহী,0.5999999988,0.5999999988,0.5999999938,0.5999999938,0.4999999937500001,0.5999999938,0,0,0.6086956521739131,0.4285714279591837
8915.png,একজন পুরুষ হাতে কিছু নিয়ে দাড়িয়ে আছে।,0.2857142853061225,0.49999999875,0.36363635834710756,0.36363635834710756,0.0,0.36363635834710756,0,0,0.41666666666666663,0.2222222219753086
275516348_cbccebc125.jpg,একটি কুকুর একটি লাঠি নিয়ে ছুটে চলেছে,0.4285714279591837,0.29999999969999996,0.35294117121107266,0.35294117121107266,0.16666666138888903,0.35294117121107266,0,0,0.5833333333333333,0.18181818165289254
9104.png,একজন মেয়ে হাতে একটা ঘুড়ি উড়াচ্ছে,0.33333333277777777,0.2222222219753086,0.2666666615111111,0.2666666615111111,0.0,0.15384614863905344,0,0,0.36,0.16666666652777776
3532205154_5674b628ea.jpg,একজন মহিলা এবং একজন মহিলা এবং একজন মহিলা এবং একজন মহিলা এবং একজন মহিলা এবং একজন মহিলা এবং একজন মহিলা এবং একজন মহিলা এবং একজন মহিলা এবং একজন মহিলা এবং একজন মহিলা এবং একজন মহিলা এবং একজন মহিলা এবং একজন,0.0499999999875,0.24999999968749997,0.08333333052083343,0.08333333052083343,0.03636363222479386,0.08333333052083343,0,0,0.21250000000000002,0.124999999921875
3324.png,তিনটি শিশু দাড়িয়ে আছে।,0.249999999375,0.14285714265306124,0.1818181768595043,0.1818181768595043,0.0,0.1818181768595043,0,0,0.19999999999999996,0.0999999999
2706023395_ac9eba0e42.jpg,একটি সাদা রঙের ব্যাকপ্যাক নিয়ে এক লোক দাঁড়িয়ে আছে,0.3333333329629629,0.4285714279591837,0.374999994609375,0.374999994609375,0.0,0.374999994609375,0,0,0.5151515151515151,0.23076923059171597
1373.png,একজন শারি পরা লোক বসে আছে,0.16666666638888888,0.14285714265306124,0.15384614863905344,0.15384614863905344,0.07692307375739657,0.15384614863905344,0,0,0.5454545454545454,0.09090909086776859
340.png,কয়েকজন মানুষ আছে।,0.3333333322222222,0.0624999999609375,0.10526315512465378,0.10526315512465378,0.0,0.10526315512465378,0,0,0.19298245614035092,0.06666666662222222
7526.png,জমির মাঝ দিয়ে একজন নারী কোমরে হাত রেখে দাড়িয়ে আছে একজন মহিলা জমির উপরে।,0.21428571413265304,0.24999999979166665,0.23076922562130187,0.23076922562130187,0.0833333282986114,0.23076922562130187,0,0,0.4509803921568627,0.09523809519274376
2706430695_3b5667741c.jpg,এক ছোট মেয়ে একটি ছোট মেয়ে খেলছে,0.4285714279591837,0.2727272724793388,0.33333332820987654,0.33333332820987654,0.12499999515625017,0.33333332820987654,0,0,0.5555555555555556,0.2727272724793388
7020.png,একজন পুরুষ হেঁটে যাচ্ছে।,0.249999999375,0.14285714265306124,0.1818181768595043,0.1818181768595043,0.0,0.1818181768595043,0,0,0.4347826086956522,0.0999999999
344841963_8b0fa9784c.jpg,একটি ছাতার নিচে একটি <unk> একটি <unk> একটি <unk> একটি <unk> একটি <unk> একটি <unk> একটি <unk> একটি <unk> একটি <unk> একটি <unk> একটি <unk> একটি <unk> একটি <unk> একটি <unk> একটি <unk> একটি <unk> একটি <unk> একটি <unk> একটি,0.0499999999875,0.2222222219753086,0.08163265002915464,0.08163265002915464,0.042553188646446534,0.08163265002915464,0,0,0.24683544303797467,0.18181818165289254
4220.png,একটি চলন্ত নৌকায় ২ জন মানুষ আছে।,0.2857142853061225,0.49999999875,0.36363635834710756,0.36363635834710756,0.0,0.36363635834710756,0,0,0.375,0.2222222219753086
2157173498_2eea42ee38.jpg,একজন লোক একটি বিশাল ঢেউয়ের উপর দিয়ে লাফ দিলো,0.2222222219753086,0.1999999998,0.21052631058171756,0.21052631058171756,0.11764705370242234,0.21052631058171756,0,0,0.36111111111111116,0.124999999921875
2714878018_1593c38d69.jpg,এক ছোট ছেলে জল ছিটানো হচ্ছে,0.49999999916666665,0.37499999953124996,0.4285714230612245,0.4285714230612245,0.33333332791666676,0.4285714230612245,0,0,0.5172413793103448,0.2727272724793388
3926.png,কয়েকজন পুরুষ হেঁটে যাচ্ছে।,0.0,0.0,0.0,0.0,0.0,0.0,0,0,0.2857142857142857,0.0
IMG_9576.JPG,একটি সাদা রঙের একটি কুকুর একটি পাখির খাচার পাশে দাঁড়িয়ে আছে,0.3636363633057851,0.571428570612245,0.4444444391975309,0.4444444391975309,0.16666666361111113,0.33333332820987654,0,0,0.375,0.3333333330555555
3267644370_f2728d6c7a.jpg,একজন স্কিয়ার একটি হ্রদ সহ একটি বিশাল <unk> এর উপর দাঁড়িয়ে আছে,0.3333333330555555,0.3333333330555555,0.3333333280555556,0.3333333280555556,0.0,0.2999999949,0,0,0.5217391304347826,0.21052631567867036
108.png,একটি লোক একটি <unk> উপর দিয়ে বেলন দেখা যাচ্ছে,0.3333333329629629,0.11111111106995884,0.16666666282407414,0.16666666282407414,0.0,0.16666666282407414,0,0,0.2471910112359551,0.079999999968
6528.png,একজন পুরুষ ও কয়েকজন মানুষ দাড়িয়ে আছে।,0.7142857132653061,0.5555555549382716,0.624999994296875,0.624999994296875,0.2857142804081633,0.49999999445312515,0,0,0.6111111111111112,0.45454545413223135
2710280476_dcccb8745a.jpg,একটি সাদা কুকুর একটি বল ধরে আছে,0.571428570612245,0.15384615378698224,0.24242423893480256,0.24242423893480256,0.06451612586888672,0.24242423893480256,0,0,0.34782608695652173,0.14285714280612244
3293596075_973b0bfd08.jpg,একটি কুকুর তুষার দিয়ে চলছে,0.3999999992,0.33333333277777777,0.36363635801652905,0.36363635801652905,0.2222222167901236,0.36363635801652905,0,0,0.44999999999999996,0.2222222219753086
3109268897_d43797fc6a.jpg,একটি লোক একটি <unk> <unk> <unk> <unk> <unk> <unk> <unk> <unk> <unk> <unk> <unk> <unk> <unk> <unk> <unk> <unk> <unk> <unk> <unk> <unk> <unk> <unk> <unk> <unk> <unk> <unk> <unk> <unk> <unk> <unk> <unk> <unk> <unk> <unk> <unk> <unk> <unk>,0.07499999998125,0.23076923059171597,0.11320754342470642,0.11320754342470642,0.03921568266051552,0.07547169438234266,0,0,0.09493670886075944,0.23076923059171597
200771289_31902164a7.jpg,এক পুরুষ এবং একজন পুরুষ,0.0,0.0,0.0,0.0,0.0,0.0,0,0,0.30434782608695654,0.0
3498354674_b636c7992f.jpg,একজন স্কেটবোর্ডার একটি স্কেটবোর্ড দিয়ে স্কেটিং করছে,0.571428570612245,0.3999999996,0.4705882298961938,0.4705882298961938,0.3076923022485208,0.4705882298961938,0,0,0.6216216216216216,0.30769230745562126
525.png,একজন নারী বসে আছে।,0.7499999981250001,0.3333333329629629,0.4615384565680474,0.4615384565680474,0.18181817752066123,0.4615384565680474,0,0,0.34375,0.29999999969999996
3259222690_69737f2a6e.jpg,একটি ছোট ছেলে ক্যামেরা ধরে আছে,0.33333333277777777,0.16666666652777776,0.22222221753086427,0.22222221753086427,0.0,0.22222221753086427,0,0,0.4242424242424242,0.13333333324444444
1528205014_1323aa9dfd.jpg,একজন লোক রাস্তায় দাড়িয়ে আছে,0.3999999992,0.2857142853061225,0.33333332791666676,0.33333332791666676,0.1999999948000001,0.33333332791666676,0,0,0.4285714285714286,0.1999999998
2696060728_3043cfc38c.jpg,একজন লোক একটি সাদা সার্ফবোর্ডে চড়ে ঢেউয়ের সাহায্যে সার্ফিং করছে,0.29999999969999996,0.49999999916666665,0.37499999484375,0.37499999484375,0.0,0.31578946836565097,0,0,0.5,0.23076923059171597
3841.png,একটি শিশু দাড়িয়ে আছে।,0.7499999981250001,0.49999999916666665,0.5999999940000001,0.5999999940000001,0.24999999468750006,0.5999999940000001,0,0,0.35,0.4285714279591837
1810.png,একজন লোক একটি <unk> দেখছে,0.3999999992,0.1111111110493827,0.17391303992438567,0.17391303992438567,0.0,0.0869565182608697,0,0,0.3913043478260869,0.09523809519274376
6502.png,একটি চলন্ত নৌকায় কয়েকজন মানুষ আছে।,0.49999999916666665,0.49999999916666665,0.4999999941666667,0.4999999941666667,0.19999999460000012,0.4999999941666667,0,0,0.6,0.3333333329629629
3564385317_1bf5094068.jpg,একজন লোক একটি <unk>,0.7499999981250001,0.4285714279591837,0.5454545398347109,0.5454545398347109,0.44444443901234576,0.5454545398347109,0,0,0.4444444444444444,0.37499999953124996
1121416483_c7902d0d49.jpg,একটি শিশু একটি ঘরের ভিতর ঝাঁপ দিচ্ছে,0.14285714265306124,0.1111111109876543,0.12499999492187522,0.12499999492187522,0.0,0.12499999492187522,0,0,0.31999999999999995,0.07142857137755101
4407.png,একজন পুরুষ ও একজন পুরুষ দাড়িয়ে আছে।,0.14285714265306124,0.249999999375,0.1818181768595043,0.1818181768595043,0.0,0.1818181768595043,0,0,0.46153846153846156,0.12499999984374999
461.png,একজন পুরুষ ও তিনটি শিশু তাকিয়ে আছে।,0.4285714279591837,0.49999999916666665,0.4615384558579882,0.4615384558579882,0.1818181765289258,0.4615384558579882,0,0,0.625,0.29999999969999996
8757.png,একটি নৌকায় ৩ টি নৌকা দেখা যাচ্ছে।,0.571428570612245,0.3636363633057851,0.4444444391975309,0.4444444391975309,0.12499999515625017,0.4444444391975309,0,0,0.41025641025641024,0.28571428551020406
3317145805_071b15debb.jpg,একটি কালো কুকুর একটি লাল রঙের কুকুরের সাথে খেলছে,0.5555555549382716,0.49999999949999996,0.5263157839335181,0.5263157839335181,0.24999999468750006,0.5263157839335181,0,0,0.5,0.3846153843195266
904.png,একজন পুরুষ বসে কাজ করছে।,0.5999999988,0.4285714279591837,0.4999999943055557,0.4999999943055557,0.1999999948000001,0.4999999943055557,0,0,0.5833333333333333,0.37499999953124996
3108732084_565b423162.jpg,একজন স্নোবোর্ডার একটি বরফের পাহাড় থেকে লাফ দিচ্ছে,0.24999999968749997,0.999999995,0.399999996,0.399999996,0.24999999718750004,0.399999996,0,0,0.38235294117647056,0.24999999968749997
3685373706_37f2ced9ff.jpg,একজন লোক ভলিবল খেলেন।,0.49999999875,0.1111111110493827,0.181818178677686,0.181818178677686,0.09999999735000006,0.181818178677686,0,0,0.2962962962962963,0.09999999995
3471841031_a949645ba8.jpg,একজন লোক একটি <unk> ডগ নিয়ে একটি <unk> ডগ নিয়ে একটি <unk> ডগ নিয়ে একটি <unk> ডগ নিয়ে একটি <unk> ডগ নিয়ে একটি <unk> ডগ নিয়ে একটি <unk> ডগ নিয়ে একটি <unk> ডগ নিয়ে একটি <unk> ডগ নিয়ে একটি <unk>,0.07499999998125,0.19999999986666667,0.10909090508429765,0.10909090508429765,0.0,0.10909090508429765,0,0,0.24822695035460995,0.1111111110493827
IMG_20220921_124603.jpg,একজন পুরুষ এবং পিছনে কিছু বলছে।,0.16666666638888888,0.14285714265306124,0.15384614863905344,0.15384614863905344,0.0,0.15384614863905344,0,0,0.3846153846153846,0.08333333326388888
3686.png,একজন পুরুষ হাতে কাঁচি নিয়ে দাঁড়িয়ে আছে।,0.4285714279591837,0.7499999981250001,0.5454545398347109,0.5454545398347109,0.0,0.5454545398347109,0,0,0.41666666666666663,0.37499999953124996
2076906555_c20dc082db.jpg,একজন পুরুষ আছে।,0.3333333322222222,0.1111111109876543,0.16666666263888896,0.16666666263888896,0.0,0.16666666263888896,0,0,0.23333333333333328,0.0999999999
2344.png,একজন পুরুষ আছে।,0.6666666644444444,0.24999999968749997,0.36363635900826446,0.36363635900826446,0.22222221827160496,0.36363635900826446,0,0,0.33333333333333337,0.24999999968749997
5808.png,একটি ছেলে একটি গাছের নিচে বসে আছে,0.2857142853061225,0.18181818165289254,0.22222221722222232,0.22222221722222232,0.12499999515625017,0.22222221722222232,0,0,0.4347826086956522,0.13333333324444444
2867968184_908d87cf2c.jpg,একজন স্কেটবোর্ডার দীর্ঘ লম্বা রেলিং এর উপর দিয়ে লাফ দিচ্ছে,0.1999999998,0.33333333277777777,0.24999999500000003,0.24999999500000003,0.0,0.24999999500000003,0,0,0.375,0.14285714275510203
3049649128_d83d847168.jpg,একটি <unk> <unk> <unk> পাতা গাছের ডাল আছে,0.24999999968749997,0.18181818165289254,0.21052631069252087,0.21052631069252087,0.0,0.21052631069252087,0,0,0.3928571428571429,0.13333333324444444
2887750774_920eb171aa.jpg,একটি বাদামী কুকুর পানিতে সাঁতার কাটছে,0.33333333277777777,0.3999999992,0.36363635801652905,0.36363635801652905,0.2222222167901236,0.36363635801652905,0,0,0.7391304347826086,0.2222222219753086
3069216757_c419b3898e.jpg,একটি মেয়ে একটি ছোট বাচ্চা দাঁড়িয়ে আছে,0.4285714279591837,0.29999999969999996,0.35294117121107266,0.35294117121107266,0.13333332835555572,0.35294117121107266,0,0,0.4390243902439024,0.23076923059171597
633456174_b768c1d6cd.jpg,একটি ছেলে একটি বার এর উপর দাঁড়িয়ে আছে,0.37499999953124996,0.3333333329629629,0.3529411710726644,0.3529411710726644,0.16666666152777793,0.3529411710726644,0,0,0.4545454545454546,0.18181818165289254
3966.png,দুইজন পুরুষ দাড়িয়ে আছে।,0.7499999981250001,0.4285714279591837,0.5454545398347109,0.5454545398347109,0.2222222172839507,0.5454545398347109,0,0,0.4814814814814815,0.37499999953124996
649.png,একজন পুরুষ ঝর্ণার পানিতে লাফ দিচ্ছে,0.16666666638888888,0.249999999375,0.1999999948000001,0.1999999948000001,0.0,0.1999999948000001,0,0,0.41666666666666663,0.1111111109876543
2670.png,একটি জলাশয়ে পাঁচজন লোক বসে আছে,0.16666666638888888,0.16666666638888888,0.16666666138888903,0.16666666138888903,0.0,0.16666666138888903,0,0,0.40909090909090906,0.09090909082644627
1236964638.jpg,একটি ছেলে একটি পুকুরে ঝাঁপ দিচ্ছে,0.49999999916666665,0.49999999916666665,0.4999999941666667,0.4999999941666667,0.3076923024852071,0.4999999941666667,0,0,0.8095238095238095,0.24999999968749997
5795.png,একজন পুরুষ একটি গাছের পাশে একটি <unk>,0.2857142853061225,0.49999999875,0.36363635834710756,0.36363635834710756,0.2222222172839507,0.36363635834710756,0,0,0.40740740740740744,0.24999999968749997
_MG_2656.JPG,কয়েকজন মানুষ দাড়িয়ে আছে।,0.249999999375,0.1999999996,0.2222222167901236,0.2222222167901236,0.0,0.2222222167901236,0,0,0.7058823529411764,0.12499999984374999
1038.png,একজন পুরুষ ক্যামেরা নিয়ে আছে।,0.1999999996,0.1999999996,0.19999999460000012,0.19999999460000012,0.0,0.19999999460000012,0,0,0.5263157894736843,0.1111111109876543
2939007933_8a6ef2d073.jpg,একজন লোক একটি কালো মোটরসাইকেল আরোহী একটি মোটরসাইকেলে চড়ে একটি মোটরসাইকেলে চড়ে একটি মোটরসাইকেলে চড়ে একটি মোটরসাইকেলে চড়ে একটি মোটরসাইকেলে চড়ে একটি মোটরসাইকেলে চড়ে একটি মোটরসাইকেলে চড়ে একটি মোটরসাইকেলে চড়ে একটি মোটরসাইকেলে চড়ে একটি মোটরসাইকেলে চড়ে একটি মোটরসাইকেলে চড়ে একটি,0.07499999998125,0.37499999953124996,0.12499999717013895,0.12499999717013895,0.0,0.12499999717013895,0,0,0.15384615384615385,0.23076923059171597
495340319_705f2e63d6.jpg,দুজন মেয়ে মাঠে দৌড়াচ্ছে,0.249999999375,0.0624999999609375,0.0999999967000001,0.0999999967000001,0.0,0.0999999967000001,0,0,0.303030303030303,0.0624999999609375
1552065993_b4dcd2eadf.jpg,একটি কুকুর একটি সাদা টেনিস বল নিয়ে দৌড়াচ্ছে,0.37499999953124996,0.5999999988,0.46153845609467453,0.46153845609467453,0.1818181768595043,0.46153845609467453,0,0,0.5862068965517242,0.3333333329629629
7727.png,একজন বৃদ্ধ নারী আছে।,0.7499999981250001,0.7499999981250001,0.7499999931250001,0.7499999931250001,0.33333332722222225,0.7499999931250001,0,0,0.8666666666666667,0.5999999988
3482787182_a5c6d4b386.jpg,একজন মহিলা বাস্কেটবল খেলছে,0.249999999375,0.1999999996,0.2222222167901236,0.2222222167901236,0.0,0.2222222167901236,0,0,0.38095238095238093,0.12499999984374999
7825.png,কয়েকজন মানুষ দাড়িয়ে আছে।,0.7499999981250001,0.49999999916666665,0.5999999940000001,0.5999999940000001,0.24999999468750006,0.5999999940000001,0,0,0.34782608695652173,0.4285714279591837
1271960365_e54033f883.jpg,দুটি কুকুর একটি বাদামী কুকুর একটি সৈকতে খেলছে,0.37499999953124996,0.37499999953124996,0.37499999453125,0.37499999453125,0.14285713765306143,0.37499999453125,0,0,0.4516129032258065,0.2727272724793388
3145869775_85dfae43bd.jpg,একটি মেয়ে একটি ছোট ছেলেকে নিয়ে দাঁড়িয়ে আছে,0.24999999968749997,0.2857142853061225,0.2666666613333334,0.2666666613333334,0.0,0.2666666613333334,0,0,0.33333333333333337,0.08333333326388888
3614542901_29877fc342.jpg,এক মহিলা একটি <unk> ছবি তুলছে,0.33333333277777777,0.2857142853061225,0.3076923022485208,0.3076923022485208,0.0,0.3076923022485208,0,0,0.3793103448275862,0.18181818165289254
599366440_a238e805cf.jpg,একটি কুকুর একটি <unk> উপর হাঁটছে,0.49999999916666665,0.4285714279591837,0.4615384558579882,0.4615384558579882,0.1818181765289258,0.4615384558579882,0,0,0.56,0.3333333329629629
1119418776_58e4b93eac.jpg,একটি কালো কুকুর ঘাসে দৌড়াচ্ছে,0.5999999988,0.37499999953124996,0.46153845609467453,0.46153845609467453,0.0,0.46153845609467453,0,0,0.7222222222222222,0.29999999969999996
2250.png,একজন পুরুষ আছে।,0.3333333322222222,0.16666666638888888,0.2222222172839507,0.2222222172839507,0.0,0.2222222172839507,0,0,0.34782608695652173,0.12499999984374999
360723732_23199af4bf.jpg,একটি সাদা কুকুর একটি বল নিয়ে খেলছে,0.4285714279591837,0.23076923059171597,0.2999999951500001,0.2999999951500001,0.0,0.2999999951500001,0,0,0.5,0.149999999925
1380.png,একজন নারী খাতায় কিছু বিক্রি করছেন।,0.33333333277777777,0.1999999998,0.24999999500000003,0.24999999500000003,0.0,0.12499999515625017,0,0,0.3055555555555556,0.14285714275510203
3548191125_514f47e493.jpg,এক ছোট ছেলে একটি <unk> পরে একটি <unk> অতিক্রম করছে,0.1999999998,0.2857142853061225,0.23529411252595167,0.23529411252595167,0.0,0.11764705384083066,0,0,0.29729729729729726,0.15384615372781063
6581.png,একজন পুরুষ মানুষ দেখা যাচ্ছে।,0.1999999996,0.14285714265306124,0.16666666152777793,0.16666666152777793,0.0,0.16666666152777793,0,0,0.3846153846153846,0.09090909082644627
2333584535_1eaf9baf3e.jpg,কিছু <unk> কুকুর একটি স্লেজ কুকুর,0.49999999916666665,0.37499999953124996,0.4285714230612245,0.4285714230612245,0.33333332791666676,0.2857142804081633,0,0,0.4516129032258065,0.29999999969999996
7038.png,সমুদ্রের পারে অনেকগুলো মানুষ দাড়িয়ে আছে।,0.49999999916666665,0.7499999981250001,0.5999999940000001,0.5999999940000001,0.49999999406250006,0.5999999940000001,0,0,0.48,0.4285714279591837
IMG_0602.JPG,একটি ছোট ছেলে রাস্তায় একটি ছোট ছেলে একটি <unk>,0.2222222219753086,0.3999999992,0.2857142807142858,0.2857142807142858,0.16666666194444454,0.2857142807142858,0,0,0.40625,0.24999999968749997
3610687607_895fdc94bd.jpg,একজন পুরুষ দাড়িয়ে আছে।,0.249999999375,0.1111111109876543,0.15384614934911253,0.15384614934911253,0.0,0.15384614934911253,0,0,0.2941176470588235,0.08333333326388888
7107.png,একটি শিশু দাড়িয়ে আছে।,0.249999999375,0.249999999375,0.2499999943750001,0.2499999943750001,0.0,0.2499999943750001,0,0,0.4285714285714286,0.14285714265306124
5001.png,একটি নদী ও একটি নদী দেখা যাচ্ছে।,0.14285714265306124,0.3333333322222222,0.1999999954000001,0.1999999954000001,0.0,0.1999999954000001,0,0,0.31818181818181823,0.14285714265306124
1087168168.jpg,একটি ছেলে একটি পুকুরে পড়লো,0.5999999988,0.37499999953124996,0.46153845609467453,0.46153845609467453,0.2499999959375,0.46153845609467453,0,0,0.4666666666666667,0.24999999968749997
2991994607_06f24ec7a6.jpg,একজন লোক একটি <unk> <unk>,0.5999999988,0.23076923059171597,0.33333332895061735,0.33333332895061735,0.1818181768595043,0.3076923024852071,0,0,0.38888888888888884,0.15384615372781063
2039457436_fc30f5e1ce.jpg,এক মেয়ে রাস্তায় দাঁড়িয়ে আছে,0.1999999996,0.1111111109876543,0.14285713806122466,0.14285713806122466,0.0,0.14285713806122466,0,0,0.34375,0.07692307686390532
3178489390_13a6ae7524.jpg,একটি ছেলে একটি <unk> <unk> <unk> <unk> <unk> <unk> <unk> <unk> <unk> <unk> <unk> <unk> <unk> <unk> <unk> <unk> <unk> <unk> <unk> <unk> <unk> <unk> <unk> <unk> <unk> <unk> <unk> <unk> <unk> <unk> <unk> <unk> <unk> <unk> <unk> <unk> <unk>,0.0499999999875,0.1999999998,0.07999999676800014,0.07999999676800014,0.0,0.07999999676800014,0,0,0.09493670886075944,0.18181818165289254
4270.png,একজন নারী মাথায় ফুল নিয়ে আছে।,0.16666666638888888,0.16666666638888888,0.16666666138888903,0.16666666138888903,0.0,0.16666666138888903,0,0,0.4782608695652174,0.09090909082644627
3821.png,অনেকগুলো মানুষ আছে।,0.6666666644444444,0.2857142853061225,0.39999999500000005,0.39999999500000005,0.0,0.39999999500000005,0,0,0.4,0.24999999968749997
374176648_ba4b88c221.jpg,একজন লোক একটি ঘাসযুক্ত পাহাড়ে <unk>,0.33333333277777777,0.2222222219753086,0.2666666615111111,0.2666666615111111,0.0,0.2666666615111111,0,0,0.4,0.16666666652777776
520.png,একটি মহিলা একটি <unk>,0.7499999981250001,0.24999999979166665,0.37499999578125004,0.37499999578125004,0.0,0.2499999959375,0,0,0.23076923076923073,0.18181818165289254
7371.png,একজন পুরুষ একটি মন্দির।,0.49999999875,0.18181818165289254,0.26666666240000003,0.26666666240000003,0.0,0.1818181768595043,0,0,0.3846153846153846,0.15384615372781063
2422.png,একজন বাচ্চা মেয়ে বাচ্চা যার পাশে একটি শিশু আছে।,0.1111111109876543,0.249999999375,0.15384614934911253,0.15384614934911253,0.0,0.15384614934911253,0,0,0.3870967741935484,0.09090909082644627
1095590286.jpg,একটি কুকুর একটি বাদামী কুকুরটি দৌড়াচ্ছে,0.49999999916666665,0.24999999979166665,0.33333332851851855,0.33333332851851855,0.19999999460000012,0.33333332851851855,0,0,0.6,0.2222222219753086
IMG_20220916_174500.jpg,একজন পুরুষ একটি রিক্সায় উল্টা দেখা যাচ্ছে।,0.14285714265306124,0.16666666638888888,0.15384614863905344,0.15384614863905344,0.0,0.15384614863905344,0,0,0.3928571428571429,0.08333333326388888
3660.png,একজন বৃদ্ধ পুরুষ আছে।,0.7499999981250001,0.5999999988,0.6666666602469137,0.6666666602469137,0.0,0.6666666602469137,0,0,0.65,0.49999999916666665
7764.png,একজন পুরুষ একটি শিশু বসে আছে।,0.33333333277777777,0.1999999998,0.24999999500000003,0.24999999500000003,0.14285713806122466,0.24999999500000003,0,0,0.3846153846153846,0.15384615372781063
3896.png,একটি শিশু তাকিয়ে আছে।,0.9999999975,0.571428570612245,0.7272727213223142,0.7272727213223142,0.2222222172839507,0.7272727213223142,0,0,0.5416666666666667,0.571428570612245
3560125106_691c292893.jpg,একটি কুকুর একটি <unk> থেকে বিরতি নিচ্ছে,0.4285714279591837,0.37499999953124996,0.3999999944888889,0.3999999944888889,0.2857142804081633,0.3999999944888889,0,0,0.5161290322580645,0.2727272724793388
441921713_1cafc7d7d2.jpg,একজন লোক একটি বিল্ডিংয়ের দিকে তাকিয়ে আছে।,0.4285714279591837,0.37499999953124996,0.3999999944888889,0.3999999944888889,0.16666666138888903,0.3999999944888889,0,0,0.5185185185185186,0.24999999979166665
4912.png,নারকেল গাছে একটি ডাব গাছ দেখা যাচ্ছে।,0.4285714279591837,0.7499999981250001,0.5454545398347109,0.5454545398347109,0.44444443901234576,0.5454545398347109,0,0,0.45833333333333337,0.37499999953124996
3440104178_6871a24e13.jpg,একটি ছোট্ট কুকুরছানা একটি বল নিয়ে দৌড়াচ্ছে,0.571428570612245,0.6666666655555555,0.6153846094674558,0.6153846094674558,0.36363635801652905,0.6153846094674558,0,0,0.6785714285714286,0.49999999937499995
2291485126_b8d41a63f4.jpg,একজন স্কিয়ার একটি বরফের পাহাড়ে নেমে আসছে,0.4285714279591837,0.37499999953124996,0.3999999944888889,0.3999999944888889,0.15384614863905344,0.374999994609375,0,0,0.43243243243243246,0.24999999979166665
3549006919_3604bc813e.jpg,একজন লোক একটি পাথরের উপর বসে আছে,0.571428570612245,0.3999999996,0.4705882298961938,0.4705882298961938,0.3999999946666667,0.4705882298961938,0,0,0.5,0.30769230745562126
3955.png,একজন পুরুষ হেঁটে যাচ্ছে।,0.0,0.0,0.0,0.0,0.0,0.0,0,0,0.33333333333333337,0.0
3534668485_6887629ff0.jpg,একজন লোক সিগারেট ধরাচ্ছে,0.0,0.0,0.0,0.0,0.0,0.0,0,0,0.25,0.0
640.png,একটি <unk> একটি <unk> একটি <unk> একটি <unk> একটি <unk> একটি <unk> একটি <unk> একটি <unk> একটি <unk> একটি <unk> একটি <unk> একটি <unk> একটি <unk> একটি <unk> একটি <unk> একটি <unk> একটি <unk> একটি <unk> একটি <unk> একটি <unk>,0.0,0.0,0.0,0.0,0.0,0.0,0,0,0.05031446540880502,0.0
2599444370_9e40103027.jpg,একটি পুকুরে একটি কুকুর পুকুরে সাঁতার কাটছে,0.571428570612245,0.6666666655555555,0.6153846094674558,0.6153846094674558,0.1818181765289258,0.4705882298961938,0,0,0.7407407407407407,0.571428570612245
56489627_e1de43de34.jpg,একদল লোক একটি <unk> দল পাহাড়ের সামনে বিশ্রাম নিচ্ছে,0.2222222219753086,0.16666666652777776,0.1904761853968255,0.1904761853968255,0.0,0.1904761853968255,0,0,0.42553191489361697,0.1111111110493827
4549.png,দুইজন পুরুষ মাথা নিচু করে দাঁড়িয়ে আছে,0.14285714265306124,0.249999999375,0.1818181768595043,0.1818181768595043,0.0,0.1818181768595043,0,0,0.45833333333333337,0.0999999999
7590.png,একজন লোক একটি কাঠের কাঠামোর উপর বসে আছে।,0.24999999968749997,0.33333333277777777,0.2857142804081633,0.2857142804081633,0.0,0.2857142804081633,0,0,0.3666666666666667,0.16666666652777776
attractive-young-female-with-dark-bob-hairstyle-relaxing-her-garden-after-she-took-care-shrubs-trees-smiling-happily-camera-surrounded-with-leaves-gigantic-plant-people-nature.jpg,একজন নারী আছে।,0.6666666644444444,0.18181818165289254,0.2857142819387755,0.2857142819387755,0.0,0.2857142819387755,0,0,0.19999999999999996,0.16666666652777776
8492.png,একজন পুরুষ মাথায় বোঝা নিয়ে যাচ্ছে।,0.33333333277777777,0.10526315783933518,0.15999999622400007,0.15999999622400007,0.0,0.15999999622400007,0,0,0.31818181818181823,0.09090909086776859
3333039854_461329aac2.jpg,একজন লোক একটি সাদা শার্ট পরা একজন লোক একটি সাদা শার্ট পরা একজন লোক একটি সাদা শার্ট পরা একজন লোক একটি সাদা শার্ট পরা একজন লোক একটি সাদা শার্ট পরা একজন লোক একটি সাদা শার্ট পরা একজন লোক একটি সাদা,0.02499999999375,0.249999999375,0.04545454378099179,0.04545454378099179,0.0,0.04545454378099179,0,0,0.13013698630136983,0.1111111109876543
4559.png,একটি শিশু আছে।,0.9999999966666667,0.9999999966666667,0.9999999916666666,0.9999999916666666,0.9999999900000001,0.9999999916666666,1,1,1.0,0.9999999966666667
5710.png,৩ জন পুরুষ ১ জন পুরুষ ১ জন পুরুষ ১ জন পুরুষ ১ জন পুরুষ ১ জন পুরুষ ১ জন পুরুষ ১ জন পুরুষ ১ জন পুরুষ ১ জন পুরুষ ১ জন পুরুষ ১ জন পুরুষ ১ জন পুরুষ ১,0.0,0.0,0.0,0.0,0.0,0.0,0,0,0.11864406779661019,0.0
7513.png,একজন পুরুষ ও একজন পুরুষ আছে।,0.16666666638888888,0.3333333322222222,0.2222222172839507,0.2222222172839507,0.0,0.2222222172839507,0,0,0.28260869565217395,0.16666666638888888
8572.png,একটি নৌকায় কয়েকজন মানুষ আছে।,0.5999999988,0.7499999981250001,0.6666666602469137,0.6666666602469137,0.28571428000000004,0.6666666602469137,0,0,0.7,0.49999999916666665
1805.png,একটি শিশু দাড়িয়ে আছে।,0.7499999981250001,0.3333333329629629,0.4615384565680474,0.4615384565680474,0.18181817752066123,0.3076923029585799,0,0,0.303030303030303,0.29999999969999996
IMG_0666.JPG,একজন লোক ক্যামেরা দিয়ে কাজ করছে।,0.0,0.0,0.0,0.0,0.0,0.0,0,0,0.2272727272727273,0.0
3546891929_f31a99cd0d.jpg,একজন লোক একটি <unk> <unk>,0.3999999992,0.33333333277777777,0.36363635801652905,0.36363635801652905,0.2222222167901236,0.36363635801652905,0,0,0.26086956521739135,0.24999999968749997
7072.png,একজন পুরুষ একটি <unk> <unk> <unk> <unk> <unk> <unk> <unk> <unk> <unk> <unk> <unk> <unk> <unk> <unk> <unk> <unk> <unk> <unk> <unk> <unk> <unk> <unk> <unk> <unk> <unk> <unk> <unk> <unk> <unk> <unk> <unk> <unk> <unk> <unk> <unk> <unk> <unk>,0.0,0.0,0.0,0.0,0.0,0.0,0,0,0.05625000000000002,0.0
2729.png,একটি ছোট ছেলে তার পিছনে আরও একটি শিশু একটি লাল প্লাস্টিকের টিনের একটি লাল রঙের একটি ছোট ছেলে তার পিছনে আরও একটি শিশু একটি লাল প্লাস্টিকের টিনের একটি লাল রঙের একটি ছোট ছেলে তার পিছনে আরও একটি শিশু একটি লাল,0.099999999975,0.28571428551020406,0.14814814425240067,0.14814814425240067,0.04651162619794489,0.14814814425240067,0,0,0.19594594594594594,0.14285714278911565
2987576188_f82304f394.jpg,একদল লোক একটি মসজিদ।,0.7499999981250001,0.5999999988,0.6666666602469137,0.6666666602469137,0.5714285648979592,0.6666666602469137,0,0,0.5217391304347826,0.49999999916666665
42.JPG,একজন পুরুষ তাকিয়ে আছে।,0.0,0.0,0.0,0.0,0.0,0.0,0,0,0.4666666666666667,0.0
6065.png,একজন পুরুষ বসে আছে।,0.249999999375,0.249999999375,0.2499999943750001,0.2499999943750001,0.0,0.2499999943750001,0,0,0.6,0.14285714265306124
3705688385_47651205d3.jpg,একজন পুরুষ পানির দিকে যাচ্ছে,0.1999999996,0.09090909082644627,0.12499999554687513,0.12499999554687513,0.0,0.12499999554687513,0,0,0.4736842105263158,0.06666666662222222
4179.png,একজন নারী ও একজন নারী দাড়িয়ে আছে।,0.571428570612245,0.49999999937499995,0.5333333276444445,0.5333333276444445,0.15384614863905344,0.5333333276444445,0,0,0.6774193548387097,0.3333333329629629
7698.png,একজন পুরুষ তাকিয়ে আছেন।,0.7499999981250001,0.5999999988,0.6666666602469137,0.6666666602469137,0.28571428000000004,0.6666666602469137,0,0,0.7,0.49999999916666665
3156406419_38fbd52007.jpg,একজন স্কাইয়ার তুষার ঢাকা পাহাড় পেরিয়ে যাচ্ছে,0.2857142853061225,0.16666666652777776,0.2105263109141275,0.2105263109141275,0.0,0.2105263109141275,0,0,0.5517241379310345,0.11764705875432525
2663.png,একটি শিশু একটি চাইনিজ ড্রাগনের <unk>,0.0,0.0,0.0,0.0,0.0,0.0,0,0,0.26415094339622647,0.0
129441311.jpg,একজন মহিলা পানির পাশে দাঁড়িয়ে জলের ধারে বসে আছেন,0.5555555549382716,0.45454545413223135,0.49999999455000005,0.49999999455000005,0.22222221703703712,0.49999999455000005,0,0,0.631578947368421,0.3333333331111111
8168.png,একজন পুরুষ বসে আছে।,0.249999999375,0.4999999975,0.33333332777777785,0.33333332777777785,0.0,0.33333332777777785,0,0,0.31034482758620685,0.1999999996
8314.png,একজন পুরুষ মাথায় বস্তা নিয়ে হেঁটে যাচ্ছে।,0.2857142853061225,0.33333333277777777,0.3076923022485208,0.3076923022485208,0.1818181765289258,0.3076923022485208,0,0,0.42307692307692313,0.18181818165289254
7608.png,একটি নৌকায় কয়েকজন মানুষ আছে।,0.5999999988,0.4285714279591837,0.4999999943055557,0.4999999943055557,0.1999999948000001,0.4999999943055557,0,0,0.5384615384615384,0.3333333329629629
5431.png,একটি <unk> একটি <unk>,0.49999999875,0.49999999875,0.4999999937500001,0.4999999937500001,0.33333332722222225,0.4999999937500001,0,0,0.5625,0.49999999875
2606.png,একটি শিশু আছে।,0.3333333322222222,0.14285714265306124,0.1999999954000001,0.1999999954000001,0.0,0.1999999954000001,0,0,0.25,0.1111111109876543
6452.png,মদের দোকানে দাড়িয়ে আছে,0.249999999375,0.12499999984374999,0.16666666194444454,0.16666666194444454,0.0,0.16666666194444454,0,0,0.30434782608695654,0.09090909082644627
469969326_4b84073286.jpg,একজন লোক একটি হ্রদ দেখছে,0.3999999992,0.15384615372781063,0.22222221796296296,0.22222221796296296,0.0,0.22222221796296296,0,0,0.2978723404255319,0.124999999921875
3476381830_3751dd9339.jpg,একজন পুরুষ দাড়িয়ে আছে।,0.249999999375,0.16666666638888888,0.1999999948000001,0.1999999948000001,0.0,0.1999999948000001,0,0,0.3125,0.1111111109876543
270816949_ffad112278.jpg,একটি উজ্জ্বল রঙের ব্যাকপ্যাক সহ একটি হ্রদ সহ একটি হ্রদ সহ একটি হ্রদ সহ একটি হ্রদ সহ একটি হ্রদ সহ একটি হ্রদ সহ একটি হ্রদ সহ একটি হ্রদ সহ একটি হ্রদ সহ একটি হ্রদ সহ একটি হ্রদ সহ একটি হ্রদ,0.0499999999875,0.2222222219753086,0.08163265002915464,0.08163265002915464,0.0,0.08163265002915464,0,0,0.15131578947368418,0.08333333326388888
414568315_5adcfc23c0.jpg,একটি শিশু একটি ছোট বাচ্চা মেয়ে একটি ছোট বাচ্চা মেয়ে একটি ছোট বাচ্চা মেয়ে একটি ছোট বাচ্চা মেয়ে একটি ছোট বাচ্চা মেয়ে একটি ছোট বাচ্চা মেয়ে একটি ছোট বাচ্চা মেয়ে একটি ছোট বাচ্চা মেয়ে একটি ছোট বাচ্চা মেয়ে একটি ছোট,0.0499999999875,0.6666666644444444,0.09302325447268796,0.09302325447268796,0.04878048685306366,0.09302325447268796,0,0,0.26618705035971224,0.33333333277777777
4351.png,রাস্তা দিয়ে একজন মানুষ কাজ করছে।,0.33333333277777777,0.2857142853061225,0.3076923022485208,0.3076923022485208,0.1818181765289258,0.3076923022485208,0,0,0.28,0.18181818165289254
2088460083_42ee8a595a.jpg,একজন লোক একটি ট্রাকের সামনে দাঁড়িয়ে আছে,0.14285714265306124,0.14285714265306124,0.14285713765306143,0.14285713765306143,0.0,0.14285713765306143,0,0,0.4444444444444444,0.08333333326388888
1012212859.jpg,একটি কুকুর একটি বল নিয়ে দৌড়াচ্ছে,0.6666666655555555,0.3636363633057851,0.47058823017301044,0.47058823017301044,0.13333332871111125,0.47058823017301044,0,0,0.39534883720930236,0.24999999979166665
4814.png,একটি বাইরের একটি হলুদ রঙের একটি হলুদ রঙের একটি হলুদ রঙের একটি হলুদ রঙের একটি হলুদ রঙের একটি হলুদ রঙের একটি হলুদ রঙের একটি হলুদ রঙের একটি হলুদ রঙের একটি হলুদ রঙের একটি হলুদ রঙের একটি হলুদ রঙের একটি হলুদ,0.02499999999375,0.249999999375,0.04545454378099179,0.04545454378099179,0.0,0.04545454378099179,0,0,0.05625000000000002,0.14285714265306124
8625.png,একটা মহিলা বসে আছে শাড়ি পরে আছে,0.2857142853061225,0.15384615372781063,0.1999999952500001,0.1999999952500001,0.0,0.1999999952500001,0,0,0.2978723404255319,0.124999999921875
4736.png,একজন মানুষ হেঁটে যাচ্ছে।,0.249999999375,0.09090909082644627,0.13333332924444455,0.13333332924444455,0.0,0.13333332924444455,0,0,0.25,0.07692307686390532
3532539748_795d16ef07.jpg,একটি ছেলে একটি <unk> <unk> <unk> করছে,0.2857142853061225,0.2222222219753086,0.24999999476562512,0.24999999476562512,0.13333332835555572,0.24999999476562512,0,0,0.38235294117647056,0.16666666652777776
241346260_f50d57b517.jpg,একজন ফুটবল খেলোয়াড় রা ফুটবল খেলছে,0.33333333277777777,0.49999999875,0.3999999944,0.3999999944,0.24999999468750006,0.3999999944,0,0,0.5151515151515151,0.2857142853061225
5823.png,সমুদ্রের পারে একজন পুরুষ দাড়িয়ে আছে।,0.49999999916666665,0.5999999988,0.5454545395041324,0.5454545395041324,0.2222222167901236,0.5454545395041324,0,0,0.625,0.37499999953124996
8186.png,পানিতে একজন মানুষ আছে।,0.49999999875,0.3999999992,0.4444444385185186,0.4444444385185186,0.28571428000000004,0.4444444385185186,0,0,0.6,0.2857142853061225
8644.png,কয়েকজন শিশু ও শিশু একটি <unk> করছে।,0.14285714265306124,0.14285714265306124,0.14285713765306143,0.14285713765306143,0.0,0.14285713765306143,0,0,0.4137931034482759,0.08333333326388888
3578981202_efef47e264.jpg,দুই বাচ্চা মেয়ে আয়নার সামনে ছবি তুলছে,0.0,0.0,0.0,0.0,0.0,0.0,0,0,0.28125,0.0
1169307342_e7a4685a5c.jpg,একটি বাদামী কুকুর একটি বাদামী কুকুরের সাথে খেলছে,0.49999999937499995,0.49999999937499995,0.49999999437500003,0.49999999437500003,0.14285713765306143,0.49999999437500003,0,0,0.7741935483870968,0.29999999969999996
3423249426_02bedf9260.jpg,কিছু মানুষ একটি গাছের নিচে শুয়ে আছে।,0.14285714265306124,0.16666666638888888,0.15384614863905344,0.15384614863905344,0.0,0.15384614863905344,0,0,0.34782608695652173,0.08333333326388888
404850242_3a55a4c874.jpg,একজন লোক কে দূরে তাকিয়ে আছে,0.16666666638888888,0.1999999996,0.1818181765289258,0.1818181765289258,0.0,0.1818181765289258,0,0,0.4285714285714286,0.0999999999
299612419_b55fe32fea.jpg,কিছু লোক একটি পাথরের উপর বসে আছে,0.7142857132653061,0.8333333319444445,0.7692307630769232,0.7692307630769232,0.5454545395041324,0.7692307630769232,0,0,0.75,0.6249999992187499
6951.png,একটি নৌকায় দুইজন মানুষ দাড়িয়ে আছে।,0.6666666655555555,0.7999999984,0.7272727209917357,0.7272727209917357,0.2222222167901236,0.7272727209917357,0,0,0.7391304347826086,0.571428570612245
2477121456_1ac5c6d3e4.jpg,একটি ভেজা কালো কুকুর পানিতে দৌড়াচ্ছে,0.6666666655555555,0.7999999984,0.7272727209917357,0.7272727209917357,0.4444444385185186,0.7272727209917357,0,0,0.7272727272727273,0.571428570612245
1316.png,পানিতে কয়েকজন পুরুষ আছে।,0.49999999875,0.33333333277777777,0.3999999944,0.3999999944,0.0,0.3999999944,0,0,0.4545454545454546,0.24999999968749997
3354063643_1d8814eb13.jpg,একটি কুকুর বরফে খেলছে,0.7499999981250001,0.3333333329629629,0.4615384565680474,0.4615384565680474,0.2222222172839507,0.4615384565680474,0,0,0.45833333333333337,0.29999999969999996
8058.png,রাস্তা দিয়ে একজন পুরুষ হেঁটে আসছে।,0.8333333319444445,0.8333333319444445,0.8333333269444445,0.8333333269444445,0.39999999420000004,0.6666666605555556,0,0,0.40909090909090906,0.7142857132653061
6116.png,একজন পুরুষ একটি নৌকা চালিয়ে যাচ্ছে।,0.6666666655555555,0.3999999996,0.4999999946875,0.4999999946875,0.19999999460000012,0.3333333277777778,0,0,0.3913043478260869,0.3333333330555555
2841449931_84a05850ec.jpg,এক মহিলা এবং চশমা পরা একজন মহিলা ক্যামেরার দিকে তাকিয়ে আছে,0.2727272724793388,0.3333333329629629,0.29999999475000005,0.29999999475000005,0.0,0.29999999475000005,0,0,0.36585365853658536,0.1874999998828125
3562470436_6e193643ce.jpg,কালো কুকুরটি কালো কুকুর একটি কালো কুকুর একটি কালো কুকুর একটি কালো কুকুর একটি কালো কুকুর একটি কালো কুকুর একটি কালো কুকুর একটি কালো কুকুর একটি কালো কুকুর একটি কালো কুকুর একটি কালো কুকুর একটি কালো কুকুর একটি কালো কুকুর,0.07499999998125,0.3333333329629629,0.1224489765431071,0.1224489765431071,0.0851063801177004,0.1224489765431071,0,0,0.15753424657534243,0.29999999969999996
343214015_777760930570327_8708391486485045184_n.jpg,একজন পুরুষ দাড়িয়ে আছে।,0.0,0.0,0.0,0.0,0.0,0.0,0,0,0.19999999999999996,0.0
4342.png,একজন নারী ও গালে হাত রেখে চেয়ে আছেন।,0.12499999984374999,0.14285714265306124,0.13333332817777796,0.13333332817777796,0.0,0.13333332817777796,0,0,0.48,0.07142857137755101
_MG_2679.JPG,কমলা রঙের শার্ট পরেছেন,0.7499999981250001,0.7499999981250001,0.7499999931250001,0.7499999931250001,0.6666666594444445,0.7499999931250001,0,0,0.875,0.5999999988
3258397351_1a70f1993d.jpg,একদল লোক একটি <unk> <unk> <unk> <unk> <unk> <unk> <unk> <unk> <unk> <unk> <unk> <unk> <unk> <unk> <unk> <unk> <unk> <unk> <unk> <unk> <unk> <unk> <unk> <unk> <unk> <unk> <unk> <unk> <unk> <unk> <unk> <unk> <unk> <unk> <unk> <unk> <unk>,0.07499999998125,0.37499999953124996,0.12499999717013895,0.12499999717013895,0.0,0.08333333052083343,0,0,0.09433962264150941,0.3333333329629629
4510.png,একজন লোক তার পিছনে লোকজন হেটে যাচ্ছে ছবি তুলছে যার পিছনে অনেক মানুষ দাড়িয়ে আছে।,0.26666666648888887,0.30769230745562126,0.28571428053571435,0.28571428053571435,0.0,0.2142857091581634,0,0,0.49090909090909096,0.1739130434026465
2222498879_9e82a100ab.jpg,একটি কালো কুকুর ঘাসের উপর দৌড়াচ্ছে,0.49999999916666665,0.7499999981250001,0.5999999940000001,0.5999999940000001,0.1818181765289258,0.5999999940000001,0,0,0.5,0.4285714279591837
4839.png,কয়েকজন পুরুষ দাড়িয়ে আছে।,0.7499999981250001,0.4285714279591837,0.5454545398347109,0.5454545398347109,0.44444443901234576,0.5454545398347109,0,0,0.52,0.37499999953124996
7160.png,একজন বৃদ্ধ নারী তাকিয়ে আছে,0.1999999996,0.249999999375,0.2222222167901236,0.2222222167901236,0.0,0.2222222167901236,0,0,0.5555555555555556,0.12499999984374999
6482.png,একজন পুরুষ দাড়িয়ে আছে।,0.9999999975,0.9999999975,0.9999999925,0.9999999925,0.9999999916666666,0.9999999925,1,1,1.0,0.9999999975
1075867198.jpg,একটি কুকুর সৈকতে ভলিবল খেলছে,0.5999999988,0.37499999953124996,0.46153845609467453,0.46153845609467453,0.0,0.3076923024852071,0,0,0.3548387096774194,0.3333333329629629
7774.png,একজন পুরুষ বসে আছে।,0.49999999875,0.6666666644444444,0.5714285648979592,0.5714285648979592,0.0,0.5714285648979592,0,0,0.7142857142857143,0.3999999992
4998.png,একটি <unk> <unk>,0.3333333322222222,0.14285714265306124,0.1999999954000001,0.1999999954000001,0.0,0.1999999954000001,0,0,0.20833333333333337,0.12499999984374999
341665272_80d4d61376.jpg,একটি কুকুর মুখে একটি লাঠি নিয়ে একটি কুকুর দৌড়াচ্ছে,0.3333333329629629,0.49999999916666665,0.3999999946666667,0.3999999946666667,0.3076923024852071,0.3999999946666667,0,0,0.5111111111111111,0.3333333329629629
6984.png,কয়েকজন মানুষ আছে।,0.6666666644444444,0.1999999998,0.3076923036686391,0.3076923036686391,0.1818181785123967,0.3076923036686391,0,0,0.28205128205128205,0.1999999998
2772084628_c0ae29d87a.jpg,একটি ছোট বাচ্চা এক লোক দাঁড়িয়ে আছে,0.2857142853061225,0.24999999968749997,0.2666666613333334,0.2666666613333334,0.0,0.1999999954000001,0,0,0.43999999999999995,0.15384615372781063
856.png,একজন পুরুষ বসে আছে।,0.249999999375,0.12499999984374999,0.16666666194444454,0.16666666194444454,0.0,0.16666666194444454,0,0,0.3571428571428571,0.09090909082644627
8938.png,একটি ধূসর এবং কালো লোক একটি <unk>,0.14285714265306124,0.07692307686390532,0.0999999953500002,0.0999999953500002,0.0,0.0999999953500002,0,0,0.23913043478260865,0.05882352937716263
6300.png,দুইটি শিশু বসে আছে।,0.7499999981250001,0.7499999981250001,0.7499999931250001,0.7499999931250001,0.6666666594444445,0.7499999931250001,0,0,0.8333333333333334,0.5999999988
8233.png,একটি শিশু হাতে খাবার নিয়ে দাঁড়িয়ে আছে।,0.14285714265306124,0.1111111109876543,0.12499999492187522,0.12499999492187522,0.0,0.12499999492187522,0,0,0.2941176470588235,0.07142857137755101
2794.png,একটি চলন্ত নৌকায় ৩ টি নৌকা যাচ্ছে।,0.14285714265306124,0.16666666638888888,0.15384614863905344,0.15384614863905344,0.0,0.15384614863905344,0,0,0.33333333333333337,0.08695652170132324
IMG_4800.JPG,মেয়ে টি দাঁড়িয়ে আছে,0.7499999981250001,0.7499999981250001,0.7499999931250001,0.7499999931250001,0.33333332722222225,0.7499999931250001,0,0,0.7272727272727273,0.5999999988
7609.png,একটি শিশু দাড়িয়ে আছে।,0.7499999981250001,0.3333333329629629,0.4615384565680474,0.4615384565680474,0.18181817752066123,0.4615384565680474,0,0,0.33333333333333337,0.29999999969999996
1592.png,একজন শারি পরা মহিলা একজন বালিকাকে পড়াচ্ছে। পিছনে কিছু দিন খাচ্ছে।,0.3636363633057851,0.2222222220987654,0.2758620640665874,0.2758620640665874,0.0740740693552815,0.2758620640665874,0,0,0.39344262295081966,0.1666666665972222
3138746531_f6b816c126.jpg,আগুনের বিস্ফারণ বের হচ্ছে,0.249999999375,0.0999999999,0.14285713857142868,0.14285713857142868,0.0,0.14285713857142868,0,0,0.28,0.07692307686390532
1357689954_72588dfdc4.jpg,একজন লোক একটি <unk> দেখছে,0.3999999992,0.18181818165289254,0.249999995390625,0.249999995390625,0.14285713857142868,0.249999995390625,0,0,0.3913043478260869,0.15384615372781063
3647283075_3005333222.jpg,একটি লাল শার্ট পরা একটি ছেলে একটি স্কেটবোর্ড জাম্প করছে,0.29999999969999996,0.29999999969999996,0.29999999470000005,0.29999999470000005,0.11111110598765454,0.24999999493055564,0,0,0.6086956521739131,0.15789473675900276
3459419203_cd7c68ce4d.jpg,এক মেয়ে অন্তর্বাস পরে পানিতে গড়িয়ে নেমে ভিজছে,0.24999999968749997,0.3999999992,0.3076923024852071,0.3076923024852071,0.0,0.3076923024852071,0,0,0.33333333333333337,0.18181818165289254
2204.png,একজন পুরুষ দাড়িয়ে আছে।,0.249999999375,0.06666666662222222,0.10526315445983389,0.10526315445983389,0.0,0.10526315445983389,0,0,0.3529411764705882,0.05555555552469135
_MG_2022.JPG,মেয়েটির মাথায় ঘোমটা দেওয়া,0.0,0.0,0.0,0.0,0.0,0.0,0,0,0.375,0.0
3603870481_1ebc696d91.jpg,একটি কালো কুকুর পানিতে সাঁতার কাটছে,0.6666666655555555,0.4444444439506172,0.5333333278222222,0.5333333278222222,0.46153845609467453,0.5333333278222222,0,0,0.6,0.3999999996
2431470169_0eeba7d602.jpg,একজন লোক একটি <unk>,0.249999999375,0.1999999996,0.2222222167901236,0.2222222167901236,0.0,0.2222222167901236,0,0,0.3125,0.12499999984374999
1611.png,একজন বয়স্ক নারী আছে।,0.7499999981250001,0.29999999969999996,0.42857142387755104,0.42857142387755104,0.0,0.42857142387755104,0,0,0.3076923076923077,0.29999999969999996
2205328215_3ffc094cde.jpg,নীল রঙের জামা পরা একজন লোক সাইকেল চালায়,0.24999999968749997,0.2222222219753086,0.23529411238754333,0.23529411238754333,0.13333332817777796,0.23529411238754333,0,0,0.4117647058823529,0.13333333324444444
6347.png,একজন পুরুষ ও একটি শিশু দাড়িয়ে আছে।,0.4285714279591837,0.9999999966666667,0.5999999946000001,0.5999999946000001,0.24999999562500003,0.5999999946000001,0,0,0.45833333333333337,0.4285714279591837
7554.png,একজন পুরুষ ও একজন পুরুষ বসে আছে।,0.4285714279591837,0.5999999988,0.4999999943055557,0.4999999943055557,0.1999999948000001,0.4999999943055557,0,0,0.56,0.4285714279591837
7540.png,একজন নারী তাকিয়ে আছে।,0.49999999875,0.6666666644444444,0.5714285648979592,0.5714285648979592,0.39999999360000005,0.5714285648979592,0,0,0.6428571428571428,0.3999999992
2646.png,অনেকগুলো পাখি উড়ছে।,0.0,0.0,0.0,0.0,0.0,0.0,0,0,0.1724137931034483,0.0
1775029934_e1e96038a8.jpg,একটি হরিণ আছে।,0.3333333322222222,0.249999999375,0.28571428000000004,0.28571428000000004,0.0,0.28571428000000004,0,0,0.4,0.16666666638888888
7882.png,একজন লোক নৌকা চালাচ্ছে,0.249999999375,0.3333333322222222,0.28571428000000004,0.28571428000000004,0.0,0.28571428000000004,0,0,0.4666666666666667,0.16666666638888888
6067.png,মেয়ে টি দাঁড়িয়ে আছে,0.249999999375,0.1111111109876543,0.15384614934911253,0.15384614934911253,0.0,0.15384614934911253,0,0,0.36363636363636365,0.08333333326388888
816.png,একটি ব্রীজ দেখা যাচ্ছে।,0.249999999375,0.16666666638888888,0.1999999948000001,0.1999999948000001,0.0,0.1999999948000001,0,0,0.33333333333333337,0.1111111109876543
2381583688_a6dd0a7279.jpg,একটি লোক বাসে চড়ছে।,0.249999999375,0.07692307686390532,0.11764705508650528,0.11764705508650528,0.0,0.11764705508650528,0,0,0.2666666666666667,0.0624999999609375
3701509233_a2275a4e57.jpg,একটি <unk> একটি নৌকা আছে।,0.3999999992,0.49999999875,0.4444444385185186,0.4444444385185186,0.28571428000000004,0.4444444385185186,0,0,0.4117647058823529,0.33333333277777777
1389323170_d1c81d6b51.jpg,একটি ছোট ছেলে একটি কাঠের মেঝেতে বসে আছে,0.49999999937499995,0.28571428551020406,0.36363635867768596,0.36363635867768596,0.0999999953500002,0.36363635867768596,0,0,0.4444444444444444,0.1764705881314879
3722.png,একটি <unk> <unk> <unk>,0.249999999375,0.07692307686390532,0.11764705508650528,0.11764705508650528,0.0,0.11764705508650528,0,0,0.11764705882352944,0.07692307686390532
824123145_59243e504e.jpg,একজন লোক একটি <unk> <unk> <unk> <unk> <unk> <unk> <unk> <unk> <unk> <unk> <unk> <unk> <unk> <unk> <unk> <unk> <unk> <unk> <unk> <unk> <unk> <unk> <unk> <unk> <unk> <unk> <unk> <unk> <unk> <unk> <unk> <unk> <unk> <unk> <unk> <unk> <unk>,0.0499999999875,0.24999999968749997,0.08333333052083343,0.08333333052083343,0.0,0.08333333052083343,0,0,0.08176100628930816,0.1999999998
3338291921_fe7ae0c8f8.jpg,একটি কুকুর বরফে ঢাকা একটি কুকুর মুখ ঢুকিয়ে রেখে দাঁড়িয়ে আছে,0.3636363633057851,0.30769230745562126,0.33333332809027777,0.33333332809027777,0.11764705384083066,0.33333332809027777,0,0,0.4693877551020408,0.21428571413265304
7594.png,একজন নারী একটি শিশু কোলে নিয়ে বসে আছে।,0.24999999968749997,0.1999999998,0.22222221703703712,0.22222221703703712,0.0,0.22222221703703712,0,0,0.29268292682926833,0.14285714275510203
180094434_b0f244832d.jpg,এক লোক একটি <unk> সাথে খেলছে।,0.33333333277777777,0.24999999968749997,0.2857142804081633,0.2857142804081633,0.16666666152777793,0.2857142804081633,0,0,0.4782608695652174,0.16666666652777776
527288854_f26127b770.jpg,একজন লোক একটি খাড়া পাহাড়ে চড়ছেন,0.33333333277777777,0.1999999998,0.24999999500000003,0.24999999500000003,0.0,0.24999999500000003,0,0,0.33333333333333337,0.14285714275510203
3096163135_584901a5ae.jpg,কিছু লোক একটি <unk> <unk> <unk> <unk> <unk> <unk> <unk> <unk> <unk> <unk> <unk> <unk> <unk> <unk> <unk> <unk> <unk> <unk> <unk> <unk> <unk> <unk> <unk> <unk> <unk> <unk> <unk> <unk> <unk> <unk> <unk> <unk> <unk> <unk> <unk> <unk> <unk>,0.0499999999875,0.1999999998,0.07999999676800014,0.07999999676800014,0.0,0.04166666387152797,0,0,0.08917197452229297,0.16666666652777776
2171891283_dedd9cf416.jpg,একটি কুকুর একটি ঘাসযুক্ত অঞ্চলে দৌড়াচ্ছে,0.49999999916666665,0.2727272724793388,0.3529411714878893,0.3529411714878893,0.13333332871111125,0.3529411714878893,0,0,0.46153846153846156,0.23076923059171597
406642021_9ec852eccf.jpg,একজন লোক একটি পাথুরে পাহাড়ে আরোহণ করছে,0.571428570612245,0.3333333330555555,0.42105262648199443,0.42105262648199443,0.11764705411764723,0.42105262648199443,0,0,0.4358974358974359,0.26666666648888887
4054.png,একজন পুরুষ একটি শিশু কোলে একটি টেবিল এ বসে খাতায় লিখছে আর তার পাশে একটি <unk> <unk> <unk> <unk> <unk> <unk> <unk> <unk> <unk> <unk> <unk> <unk> <unk> <unk> <unk> <unk> <unk> <unk> <unk> <unk> <unk> <unk> <unk> <unk> <unk>,0.0499999999875,0.3999999992,0.08888888687407412,0.08888888687407412,0.0,0.08888888687407412,0,0,0.07236842105263153,0.11764705875432525
311267421_e204e643cf.jpg,একটি কুকুর একটি জমিতে হাল চাষ করছে।,0.2857142853061225,0.33333333277777777,0.3076923022485208,0.3076923022485208,0.1818181765289258,0.3076923022485208,0,0,0.52,0.1999999998
1861.png,সামনে একজন নারী ও দুইটি শিশু আছে।,0.2857142853061225,0.2857142853061225,0.28571428030612256,0.28571428030612256,0.0,0.28571428030612256,0,0,0.24137931034482762,0.16666666652777776
6685.png,একজন পুরুষ একটি শিশু কোলে নিয়ে দাড়িয়ে আছে।,0.37499999953124996,0.37499999953124996,0.37499999453125,0.37499999453125,0.14285713765306143,0.24999999468750006,0,0,0.32258064516129037,0.23076923059171597
7126.png,কয়েকজন পুরুষ কাজ করছে।,0.249999999375,0.05882352937716263,0.09523809206349215,0.09523809206349215,0.0,0.09523809206349215,0,0,0.375,0.05263157891966759
3333921867_6cc7d7c73d.jpg,দুটি কুকুর একটি মাঠে দৌড়াচ্ছে,0.3999999992,0.3999999992,0.39999999420000004,0.39999999420000004,0.14285713857142868,0.39999999420000004,0,0,0.65,0.24999999968749997
3025.png,কিছু গাছের নিচে বসে আনন্দ করছে।,0.49999999916666665,0.23076923059171597,0.31578946903047095,0.31578946903047095,0.11764705453287211,0.31578946903047095,0,0,0.36363636363636365,0.1874999998828125
3292016893_24d14c8b4f.jpg,দুটি কুকুর একটি হলুদ রঙের কুকুর,0.49999999916666665,0.49999999916666665,0.4999999941666667,0.4999999941666667,0.39999999420000004,0.4999999941666667,0,0,0.5909090909090908,0.37499999953124996
6740.png,একজন মানুষ আছে।,0.3333333322222222,0.1999999996,0.24999999468750006,0.24999999468750006,0.0,0.24999999468750006,0,0,0.35,0.14285714265306124
3692836015_d11180727b.jpg,একটি সাইকেল আরোহী ঠেলাগাড়ি চালিয়ে যাচ্ছে,0.33333333277777777,0.16666666652777776,0.22222221753086427,0.22222221753086427,0.0,0.22222221753086427,0,0,0.2857142857142857,0.124999999921875
351876121_c7c0221928.jpg,একটি কুকুর একটি সাদা কুকুরটি,0.7999999984,0.3636363633057851,0.499999995078125,0.499999995078125,0.1818181768595043,0.499999995078125,0,0,0.48275862068965514,0.2727272724793388
45.png,একটি বড় বড় বড় বড় বড় বড় বড় বড় বড় বড় বড় বড় বড় বড় বড় বড় বড় বড় বড় বড় বড় বড় বড় বড় বড় বড় বড় বড় বড় বড় বড় বড় বড় বড় বড় বড় বড় বড় বড়,0.02499999999375,0.07692307686390532,0.03773584533997901,0.03773584533997901,0.0,0.03773584533997901,0,0,0.1166666666666667,0.07142857137755101
2002.png,কয়েকজন মানুষ দাড়িয়ে আছে।,0.49999999875,0.2222222219753086,0.3076923029585799,0.3076923029585799,0.0,0.3076923029585799,0,0,0.2702702702702703,0.1999999998
619169586_0a13ee7c21.jpg,এক ব্যক্তি একটি পাহাড়ের চূড়ায় দাঁড়িয়ে আছে,0.4285714279591837,0.4285714279591837,0.42857142295918377,0.42857142295918377,0.16666666138888903,0.42857142295918377,0,0,0.5185185185185186,0.2727272724793388
371.png,একজন পুরুষ <unk> বিক্রি করছে আর তার পাশে একজন পুরুষ বসে আছে।,0.3333333330555555,0.28571428551020406,0.30769230248520707,0.30769230248520707,0.0,0.24999999479166674,0,0,0.4130434782608695,0.16666666657407406
1717.png,৪ জন মেয়ে এবং ২ জন মেয়ে দাড়িয়ে আছে।,0.2222222219753086,0.3999999992,0.2857142807142858,0.2857142807142858,0.16666666194444454,0.2857142807142858,0,0,0.43999999999999995,0.1999999998
1307.png,দুটি শিশু একটি বস্তা নিয়ে দাড়িয়ে আছে।,0.571428570612245,0.571428570612245,0.5714285656122451,0.5714285656122451,0.0,0.42857142295918377,0,0,0.5416666666666667,0.3999999996
5378.png,একটি <unk> একটি <unk> থেকে খাবার নিয়ে দাড়িয়ে আছে,0.2222222219753086,0.6666666644444444,0.3333333290277778,0.3333333290277778,0.0,0.3333333290277778,0,0,0.25,0.12499999984374999
217583047_5e93e1e119.jpg,একজন পুরুষ একটি নৌকা চালাচ্ছেন।,0.3999999992,0.3999999992,0.39999999420000004,0.39999999420000004,0.0,0.39999999420000004,0,0,0.6666666666666667,0.24999999968749997
2442.png,দুইজন মানুষ আছে।,0.3333333322222222,0.0999999999,0.15384615005917168,0.15384615005917168,0.0,0.15384615005917168,0,0,0.17500000000000004,0.09090909082644627
537225246_dd0e2158a7.jpg,একজন লোক একটি <unk> <unk>,0.1999999996,0.16666666638888888,0.1818181765289258,0.1818181765289258,0.0,0.1818181765289258,0,0,0.31818181818181823,0.1111111109876543
3511062827_cd87871c67.jpg,একটি কালো কুকুর একটি বিশাল রঙ্গিন খেলনা নিয়ে খেলছে,0.4444444439506172,0.6666666655555555,0.5333333278222222,0.5333333278222222,0.37499999453125,0.5333333278222222,0,0,0.6764705882352942,0.3999999996
342628272_197346206398382_827924749985975414_n.jpg,একটি চায়ের দোকানে অনেক খুব বড় <unk>,0.2857142853061225,0.15384615372781063,0.1999999952500001,0.1999999952500001,0.0,0.1999999952500001,0,0,0.25531914893617025,0.1111111110493827
424869823_7aec015d87.jpg,একটি ছেলে বালির পাহাড় চড়ছে,0.1999999996,0.249999999375,0.2222222167901236,0.2222222167901236,0.0,0.2222222167901236,0,0,0.38888888888888884,0.12499999984374999
7309.png,একজন বৃদ্ধ পুরুষ তাকিয়ে আছে।,0.5999999988,0.9999999966666667,0.7499999934375,0.7499999934375,0.0,0.7499999934375,0,0,0.5789473684210527,0.5999999988
2206594874_5e0087c6b7.jpg,একটি টেবিলের পিছনে দাঁড়িয়ে আছে,0.1999999996,0.12499999984374999,0.15384614887573977,0.15384614887573977,0.0,0.15384614887573977,0,0,0.33333333333333337,0.08333333326388888
2647.png,ফসলের ক্ষেতে একজন পুরুষ মাথায় ব্যান্ড বেধে মাথায় বোঝা নিয়ে দাড়িয়ে আছে।,0.08333333326388888,0.0999999999,0.09090908586776886,0.09090908586776886,0.0,0.09090908586776886,0,0,0.3913043478260869,0.049999999975
695.png,একজন পুরুষ পানিতে নেমে যাচ্ছে।,0.0,0.0,0.0,0.0,0.0,0.0,0,0,0.368421052631579,0.0
3211210739_3dea005fde.jpg,একজন লোক একটি <unk> সামনে একটি <unk> সামনে একটি <unk> সামনে একটি <unk> সামনে একটি <unk> সামনে একটি <unk> সামনে একটি <unk> সামনে একটি <unk> সামনে একটি <unk> সামনে একটি <unk> সামনে একটি <unk> সামনে একটি <unk> সামনে একটি <unk>,0.07499999998125,0.49999999916666665,0.1304347802835539,0.1304347802835539,0.042553188646446534,0.1304347802835539,0,0,0.12578616352201255,0.29999999969999996
345284301_191488953721507_6874014176055751344_n.jpg,সূর্য উজ্জ্বলভাবে জ্বলছে এবং পিছনে একটি শিশু হেঁটে যাচ্ছে।,0.5555555549382716,0.3333333331111111,0.4166666616319445,0.4166666616319445,0.2727272678512397,0.4166666616319445,0,0,0.44999999999999996,0.26315789459833794
2589.png,একজন নারী তাকিয়ে আছে।,0.249999999375,0.1999999996,0.2222222167901236,0.2222222167901236,0.0,0.2222222167901236,0,0,0.5555555555555556,0.12499999984374999
1278.png,গ্রাসের উপরে কিছু ছোট ছেলে বসে আছে একজন মহিলা বসে আছে।,0.45454545413223135,0.3846153843195266,0.4166666613541667,0.4166666613541667,0.10526315279778417,0.28571428045351477,0,0,0.34042553191489366,0.2777777776234568
5065.png,একটি শিশু দাড়িয়ে আছে।,0.0,0.0,0.0,0.0,0.0,0.0,0,0,0.2941176470588235,0.0
205682549_713aa6cd88.jpg,একটি বিশাল পাথর ঘেরা একটি বিশাল পাথর ঘেরা একটি বিশাল পাথর ঘেরা একটি বিশাল পাথর ঘেরা একটি বিশাল পাথর ঘেরা একটি বিশাল পাথর ঘেরা একটি বিশাল পাথর ঘেরা একটি বিশাল পাথর ঘেরা একটি বিশাল পাথর ঘেরা একটি বিশাল পাথর ঘেরা,0.0,0.0,0.0,0.0,0.0,0.0,0,0,0.1610738255033557,0.0
3950.png,নদীর ঘাটে কয়েকটা নৌকা দেখা যাচ্ছে।,0.33333333277777777,0.16666666652777776,0.22222221753086427,0.22222221753086427,0.0,0.22222221753086427,0,0,0.5238095238095238,0.14285714275510203
1130401779_8c30182e3e.jpg,একটি কুকুর জলের মধ্যে দৌড়াচ্ছে,0.3999999992,0.3999999992,0.39999999420000004,0.39999999420000004,0.0,0.39999999420000004,0,0,0.65,0.24999999968749997
3054200086_657d4398e8.jpg,একজন হকি খেলোয়াড় বলে আঘাত করছেন,0.49999999916666665,0.2727272724793388,0.3529411714878893,0.3529411714878893,0.19999999460000012,0.3529411714878893,0,0,0.6666666666666667,0.23076923059171597
1461.png,একটি শিশু খাতায় লিখছে ৩ টি বাচ্চা নিয়ে বসে আছে।,0.1999999998,0.6666666644444444,0.3076923036686391,0.3076923036686391,0.0,0.3076923036686391,0,0,0.3548387096774194,0.18181818165289254
814.png,কয়েকজন মানুষ আছে।,0.3333333322222222,0.249999999375,0.28571428000000004,0.28571428000000004,0.0,0.28571428000000004,0,0,0.368421052631579,0.16666666638888888
2381.png,একজন পুরুষ একটি <unk> আগুন <unk>,0.0,0.0,0.0,0.0,0.0,0.0,0,0,0.25,0.0
2206.png,একজন নারী একটি শিশু কোলে নিয়ে বসে আছে।,0.24999999968749997,0.3999999992,0.3076923024852071,0.3076923024852071,0.0,0.3076923024852071,0,0,0.42307692307692313,0.18181818165289254
2307118114_c258e3a47e.jpg,একজন পুরুষ একটি বই ও একটি বই ও একটি বই ও একটি বই ও একটি বই ও একটি বই ও একটি বই ও একটি বই ও একটি বই ও একটি বই ও একটি বই ও একটি বই ও একটি বই,0.07499999998125,0.16666666657407406,0.10344827154577901,0.10344827154577901,0.0,0.10344827154577901,0,0,0.2845528455284553,0.09090909082644627
6884.png,একজন নারী দাড়িয়ে আছে।,0.7499999981250001,0.49999999916666665,0.5999999940000001,0.5999999940000001,0.24999999468750006,0.5999999940000001,0,0,0.5454545454545454,0.4285714279591837
3508051251_82422717b3.jpg,একজন লোক একটি <unk> লাফ দিচ্ছে,0.49999999916666665,0.5999999988,0.5454545395041324,0.5454545395041324,0.2222222167901236,0.36363635801652905,0,0,0.4117647058823529,0.37499999953124996
1562392511_522a26063b.jpg,একটি কুকুর একটি কার্পেট পা ক্রস করে,0.2857142853061225,0.2857142853061225,0.28571428030612256,0.28571428030612256,0.0,0.28571428030612256,0,0,0.37209302325581395,0.18181818165289254
5746.png,কয়েকজন লোক নৌকা থেকে নেমে ধর্মজাল দিয়ে মাছ ধরছেন।,0.1111111109876543,0.07142857137755101,0.08695651689981122,0.08695651689981122,0.0,0.08695651689981122,0,0,0.2647058823529411,0.045454545433884296
4895.png,একটি ব্রীজ দেখা যাচ্ছে।,0.7499999981250001,0.29999999969999996,0.42857142387755104,0.42857142387755104,0.16666666263888896,0.42857142387755104,0,0,0.3142857142857143,0.29999999969999996
9097.png,একজন পুরুষ দাড়িয়ে আছে।,0.49999999875,0.33333333277777777,0.3999999944,0.3999999944,0.24999999468750006,0.3999999944,0,0,0.5217391304347826,0.24999999968749997
IMG_1113.JPG,একজন পুরুষ চশমা পরে আছে,0.1999999996,0.3333333322222222,0.24999999468750006,0.24999999468750006,0.0,0.24999999468750006,0,0,0.4444444444444444,0.14285714265306124
6978.png,একজন বৃদ্ধ লোক হাতে হাড়ি বানাচ্ছে।,0.16666666638888888,0.249999999375,0.1999999948000001,0.1999999948000001,0.0,0.1999999948000001,0,0,0.40909090909090906,0.1111111109876543
6712.png,একজন পুরুষ তাকিয়ে আছে।,0.9999999975,0.9999999975,0.9999999925,0.9999999925,0.9999999916666666,0.9999999925,1,1,1.0,0.9999999975
3230132205_dccfafa5ee.jpg,একজন লোক একটি <unk> <unk> দেখছে,0.33333333277777777,0.18181818165289254,0.2352941128027682,0.2352941128027682,0.13333332871111125,0.2352941128027682,0,0,0.30434782608695654,0.14285714275510203
2180886307_5156460b2c.jpg,এক লোক সাঁতার কাটছে,0.49999999875,0.3999999992,0.4444444385185186,0.4444444385185186,0.28571428000000004,0.4444444385185186,0,0,0.631578947368421,0.2857142853061225
537222436_ab406234ce.jpg,এক মেয়ে রাস্তায় দৌড়াচ্ছে,0.249999999375,0.1999999996,0.2222222167901236,0.2222222167901236,0.0,0.2222222167901236,0,0,0.21052631578947367,0.12499999984374999
2555622234_3e531e4014.jpg,একটি কুকুর পানির ধারে দাঁড়িয়ে আছে,0.33333333277777777,0.49999999875,0.3999999944,0.3999999944,0.24999999468750006,0.3999999944,0,0,0.5714285714285714,0.24999999968749997
1127.png,দুইটি শিশু দাড়িয়ে আছে।,0.0,0.0,0.0,0.0,0.0,0.0,0,0,0.23529411764705888,0.0
8077.png,পানিতে দুইজন মানুষ আছে।,0.49999999875,0.3999999992,0.4444444385185186,0.4444444385185186,0.0,0.2222222167901236,0,0,0.26315789473684215,0.2857142853061225
3082934678_58534e9d2c.jpg,দুটি কুকুর ঘাসে দৌড়াচ্ছে,0.7499999981250001,0.9999999966666667,0.8571428497959185,0.8571428497959185,0.39999999360000005,0.8571428497959185,0,0,0.8125,0.7499999981250001
6707.png,একজন পুরুষ দাড়িয়ে আছে।,0.7499999981250001,0.7499999981250001,0.7499999931250001,0.7499999931250001,0.33333332722222225,0.7499999931250001,0,0,0.8666666666666667,0.5999999988
3484365373_98d5304935.jpg,এক বাচ্চা মেয়ে একটি <unk> <unk>,0.33333333277777777,0.33333333277777777,0.3333333277777778,0.3333333277777778,0.0,0.3333333277777778,0,0,0.38095238095238093,0.2222222219753086
IMG_2913.JPG,লোক টি বসে আছে,0.9999999975,0.571428570612245,0.7272727213223142,0.7272727213223142,0.6666666607407408,0.7272727213223142,0,0,0.6428571428571428,0.571428570612245
2598.png,একজন পুরুষ হাতে বেলচা নিয়ে আছে।,0.33333333277777777,0.3999999992,0.36363635801652905,0.36363635801652905,0.0,0.36363635801652905,0,0,0.4285714285714286,0.2222222219753086
3208987435_780ae35ef0.jpg,একটি শিশু একটি ছোট মেয়ের সাথে ছবি তুলছেন,0.24999999968749997,0.2222222219753086,0.23529411238754333,0.23529411238754333,0.0,0.23529411238754333,0,0,0.40625,0.07142857137755101
2156131463_5b53636cf0.jpg,দু'জন পুরুষ এবং একজন পুরুষ এবং একজন পুরুষ এবং একজন পুরুষ এবং একজন পুরুষ এবং একজন পুরুষ এবং একজন পুরুষ এবং একজন পুরুষ এবং একজন পুরুষ এবং একজন পুরুষ এবং একজন পুরুষ এবং একজন পুরুষ এবং একজন পুরুষ এবং একজন,0.02499999999375,0.14285714265306124,0.04255318893617037,0.04255318893617037,0.0,0.04255318893617037,0,0,0.17610062893081757,0.0999999999
2972.png,পানিতে দুইজন মানুষ আছে।,0.249999999375,0.14285714265306124,0.1818181768595043,0.1818181768595043,0.0,0.1818181768595043,0,0,0.23076923076923073,0.0999999999
3746.png,তিনজন পুরুষ ও তিনজন পুরুষ দাড়িয়ে আছে।,0.4285714279591837,0.7499999981250001,0.5454545398347109,0.5454545398347109,0.2222222172839507,0.5454545398347109,0,0,0.46153846153846156,0.49999999916666665
3429641260_2f035c1813.jpg,একজন লোক একটি <unk> <unk> <unk> <unk> <unk> <unk> <unk> <unk> <unk> <unk> <unk> <unk> <unk> <unk> <unk> <unk> <unk> <unk> <unk> <unk> <unk> <unk> <unk> <unk> <unk> <unk> <unk> <unk> <unk> <unk> <unk> <unk> <unk> <unk> <unk> <unk> <unk>,0.0499999999875,0.16666666652777776,0.07692307334319543,0.07692307334319543,0.0,0.07692307334319543,0,0,0.09433962264150941,0.14285714275510203
4610.png,একজন পুরুষ মাথায় টুপি পরা মহিলা এবং পাশে একজন পুরুষ বসে আছে।,0.24999999979166665,0.23076923059171597,0.23999999481600012,0.23999999481600012,0.17391303833648408,0.23999999481600012,0,0,0.4901960784313726,0.149999999925
2104.png,রেল লাইনের পাশে কয়েকজন মানুষ হেঁটে যাচ্ছে।,0.2857142853061225,0.3999999992,0.33333332791666676,0.33333332791666676,0.1999999948000001,0.33333332791666676,0,0,0.4814814814814815,0.1999999998
3250076419_eb3de15063.jpg,একটি কুকুরছানা একটি কালো কুকুরের সাথে ময়লার মধ্যে দাঁড়িয়ে আছে,0.29999999969999996,0.29999999969999996,0.29999999470000005,0.29999999470000005,0.11111110598765454,0.29999999470000005,0,0,0.44999999999999996,0.1874999998828125
3366.png,একজন পুরুষ দাড়িয়ে আছে।,0.7499999981250001,0.7499999981250001,0.7499999931250001,0.7499999931250001,0.33333332722222225,0.7499999931250001,0,0,0.4666666666666667,0.5999999988
1016887272_03199f49c4.jpg,একজন লোক একটি পাথরের গুহার ভিতরে একটি পাথরের গুহার ভিতরে একটি পাথরের গুহার ভিতরে একটি পাথরের গুহার ভিতরে একটি পাথরের গুহার ভিতরে একটি পাথরের গুহার ভিতরে একটি পাথরের গুহার ভিতরে একটি পাথরের গুহার ভিতরে একটি পাথরের গুহার ভিতরে একটি পাথরের,0.0499999999875,0.2222222219753086,0.08163265002915464,0.08163265002915464,0.04081632326530638,0.08163265002915464,0,0,0.23668639053254437,0.15384615372781063
1067.png,একটি <unk> এর পাশে একটি রাস্তার পাশে দাড়িয়ে আছে এবং পিছনে আরও কিছু মানুষ।,0.07142857137755101,0.0999999999,0.08333332840277806,0.08333332840277806,0.0,0.08333332840277806,0,0,0.30000000000000004,0.049999999975
IMG_20220916_173534.jpg,একজন লোক দাঁড়িয়ে আছে,0.249999999375,0.1999999996,0.2222222167901236,0.2222222167901236,0.0,0.2222222167901236,0,0,0.375,0.12499999984374999
5374.png,একটি দম্পতি নদীর পাশে বসে আছে,0.0,0.0,0.0,0.0,0.0,0.0,0,0,0.33333333333333337,0.0
3354200211_35348e47d8.jpg,একদল লোক একটি <unk>,0.249999999375,0.1999999996,0.2222222167901236,0.2222222167901236,0.0,0.2222222167901236,0,0,0.35,0.12499999984374999
4994.png,একজন পুরুষ চশমা পরে আছে।,0.9999999980000001,0.45454545413223135,0.6249999949218751,0.6249999949218751,0.28571428122448983,0.374999995234375,0,0,0.2894736842105263,0.45454545413223135
253.png,একজন মহিলা ২ টি গরু নিয়ে দাড়িয়ে আছে।,0.12499999984374999,0.16666666638888888,0.1428571377551022,0.1428571377551022,0.0,0.1428571377551022,0,0,0.4,0.07692307686390532
755326139_ee344ece7b.jpg,একটি মেয়ে পুলে সাঁতার কাটতে হাসতে পুলে সাঁতার কাটতে হাসতে পুলে সাঁতার কাটতে হাসতে পুলে সাঁতার কাটতে হাসতে পুলে সাঁতার কাটতে হাসতে পুলে সাঁতার কাটতে হাসতে পুলে সাঁতার কাটতে হাসতে পুলে সাঁতার কাটতে হাসতে পুলে সাঁতার কাটতে হাসতে পুলে সাঁতার,0.07499999998125,0.29999999969999996,0.11999999675200007,0.11999999675200007,0.0,0.07999999676800014,0,0,0.25,0.23076923059171597
2066241589_b80e9f676c.jpg,একটি কুকুর ঘাসের মধ্য দিয়ে চলে।,0.33333333277777777,0.3999999992,0.36363635801652905,0.36363635801652905,0.1818181765289258,0.36363635801652905,0,0,0.43999999999999995,0.2222222219753086
7243.png,একটি শিশু আছে।,0.6666666644444444,0.49999999875,0.5714285648979592,0.5714285648979592,0.0,0.5714285648979592,0,0,0.5833333333333333,0.3999999992
4164.png,দুজন লোক বসে আছে,0.249999999375,0.0999999999,0.14285713857142868,0.14285713857142868,0.0,0.14285713857142868,0,0,0.24242424242424243,0.07692307686390532
346622475_244315994917388_3121666446830098164_n.jpg,একজন লোক একটি <unk> বসে আছে,0.16666666638888888,0.1111111109876543,0.13333332835555572,0.13333332835555572,0.0,0.13333332835555572,0,0,0.26315789473684215,0.07142857137755101
5217.png,একটি ছেলে একটি পাথুরে অঞ্চলে নিচে নামছে,0.2857142853061225,0.33333333277777777,0.3076923022485208,0.3076923022485208,0.1818181765289258,0.3076923022485208,0,0,0.42307692307692313,0.1999999998
3254640083_eb34b8edfe.jpg,একটি শিশু আছে।,0.3333333322222222,0.16666666638888888,0.2222222172839507,0.2222222172839507,0.0,0.2222222172839507,0,0,0.2777777777777778,0.12499999984374999
3633.png,অনেকগুলো মানুষ আছে।,0.9999999966666667,0.7499999981250001,0.8571428497959185,0.8571428497959185,0.799999992,0.8571428497959185,0,0,0.8,0.7499999981250001
1677.png,একজন পুরুষ দাড়িয়ে আছে।,0.9999999975,0.6666666655555555,0.7999999936,0.7999999936,0.7499999934375,0.7999999936,0,0,0.625,0.6666666655555555
4782.png,একটি উচু জায়গা সেখানে একটি সেতু আছে।,0.2857142853061225,0.6666666644444444,0.39999999500000005,0.39999999500000005,0.0,0.39999999500000005,0,0,0.33333333333333337,0.2857142853061225
963.png,একটি জাহাজ ও একটি সেতু তৈরির কাজ করছে।,0.0,0.0,0.0,0.0,0.0,0.0,0,0,0.2222222222222222,0.0
2924.png,একজন পুরুষ দাড়িয়ে আছে।,0.7499999981250001,0.9999999966666667,0.8571428497959185,0.8571428497959185,0.39999999360000005,0.8571428497959185,0,0,0.7333333333333334,0.7499999981250001
7424.png,একটি নৌকায় কয়েকজন মানুষ আছে।,0.9999999980000001,0.9999999980000001,0.9999999930000001,0.9999999930000001,0.9999999925,0.9999999930000001,1,1,1.0,0.9999999980000001
3424.png,একজন পুরুষ দাড়িয়ে আছে।,0.7499999981250001,0.7499999981250001,0.7499999931250001,0.7499999931250001,0.33333332722222225,0.7499999931250001,0,0,0.8666666666666667,0.5999999988
3753.png,দূরে একজন মানুষ হেঁটে যাচ্ছে।,0.3999999992,0.49999999875,0.4444444385185186,0.4444444385185186,0.28571428000000004,0.4444444385185186,0,0,0.6111111111111112,0.2857142853061225
1490213660_9ea45550cf.jpg,একটি ধূসর কুকুর পানির মধ্যদিয়ে ছুটছে ।,0.7142857132653061,0.7142857132653061,0.7142857082653062,0.7142857082653062,0.4999999941666667,0.7142857082653062,0,0,0.76,0.5555555549382716
2312984882_bec7849e09.jpg,একটি টেবিলের চারপাশে অনেক মানুষ একটি টেবিলে বসে আছে,0.1111111109876543,0.12499999984374999,0.11764705370242234,0.11764705370242234,0.0,0.11764705370242234,0,0,0.31818181818181823,0.06666666662222222
8010.png,একটা লোক ছাতা মাথায় দিয়ে ছাতা নিয়ে যাচ্ছে।,0.7499999990624999,0.3529411762629758,0.4799999952640001,0.4799999952640001,0.1739130390926277,0.319999995392,0,0,0.32352941176470584,0.3333333331481481
3688797852_89ed3cb056.jpg,অদ্ভুত টুপি পরা ব্যক্তিটি চশমা পরে আছে।,0.14285714265306124,0.1111111109876543,0.12499999492187522,0.12499999492187522,0.0,0.12499999492187522,0,0,0.34285714285714286,0.07142857137755101
1777816180_08d7e8063b.jpg,একটি শিশু একটি পাথুরে <unk>,0.3999999992,0.24999999968749997,0.3076923024852071,0.3076923024852071,0.1818181768595043,0.3076923024852071,0,0,0.3571428571428571,0.1999999998
544122267_e9e0100bc5.jpg,একটি ছোট বাচ্চা দোলনায় দুলছে,0.3999999992,0.6666666644444444,0.49999999406250006,0.49999999406250006,0.16666666194444454,0.4444444385185186,0,0,0.368421052631579,0.33333333277777777
3485486737_953f9d3be2.jpg,একটি গাড়ির পাশে একটি গাড়ির ভিতরে বসে আছে।,0.24999999968749997,0.18181818165289254,0.21052631069252087,0.21052631069252087,0.11764705384083066,0.21052631069252087,0,0,0.4130434782608695,0.13333333324444444
535123126_c06c1ab9bf.jpg,দুটি কুকুর খেলছে,0.9999999966666667,0.2727272724793388,0.42857142459183667,0.42857142459183667,0.16666666361111113,0.42857142459183667,0,0,0.31034482758620685,0.2727272724793388
1355945307_f9e01a9a05.jpg,একটি <unk> লাইনটি অতিক্রম করছে,0.1999999996,0.1111111109876543,0.14285713806122466,0.14285713806122466,0.0,0.14285713806122466,0,0,0.3076923076923077,0.07692307686390532
5368.png,একটি পাখি আছে।,0.3333333322222222,0.3333333322222222,0.33333332722222225,0.33333332722222225,0.0,0.33333332722222225,0,0,0.6,0.1999999996
4702.png,এটি একটি রাস্তা।,0.3333333322222222,0.16666666638888888,0.2222222172839507,0.2222222172839507,0.0,0.2222222172839507,0,0,0.25,0.12499999984374999
7140.png,একজন পুরুষ দুইটি শিশু কোলে নিয়ে হেঁটে যাচ্ছে।,0.37499999953124996,0.7499999981250001,0.49999999472222234,0.49999999472222234,0.1999999954000001,0.49999999472222234,0,0,0.4642857142857143,0.3333333329629629
2910758605_73a3f5a5c2.jpg,একজন পুরুষ মাথায় একটা ছেলেকে হাতে একটা ছেলেকে হাতে একটা ছেলেকে হাতে একটা ছেলেকে হাতে একটা ছেলেকে হাতে একটা ছেলেকে হাতে একটা ছেলেকে হাতে একটা ছেলেকে হাতে একটা ছেলেকে হাতে একটা ছেলেকে হাতে একটা ছেলেকে হাতে একটা ছেলেকে হাতে একটা,0.02499999999375,0.12499999984374999,0.04166666387152797,0.04166666387152797,0.0,0.04166666387152797,0,0,0.20945945945945943,0.07692307686390532
5072.png,দুইজন পুরুষ আছে।,0.3333333322222222,0.07692307686390532,0.12499999679687505,0.12499999679687505,0.0,0.12499999679687505,0,0,0.2325581395348837,0.07142857137755101
370.png,একজন পুরুষ ও একজন মানুষ আছে।,0.33333333277777777,0.33333333277777777,0.3333333277777778,0.3333333277777778,0.19999999460000012,0.3333333277777778,0,0,0.41666666666666663,0.2222222219753086
2097403787_77a154f5b9.jpg,এক ব্যক্তি একটি হ্রদ সহ একটি পাথুরে সৈকতে দাঁড়িয়ে আছে।,0.1999999998,0.24999999968749997,0.22222221703703712,0.22222221703703712,0.0,0.22222221703703712,0,0,0.5135135135135135,0.13333333324444444
3262475923_f1f77fcd9f.jpg,একজন ফুটবল খেলোয়াড় একটি সফটবল খেলায় অংশগ্রহণ করেছে,0.12499999984374999,0.16666666638888888,0.1428571377551022,0.1428571377551022,0.0,0.1428571377551022,0,0,0.33333333333333337,0.07692307686390532
1470132731_fa416b7504.jpg,একটি কালো কুকুর পানিতে সাঁতার কাটছে,0.49999999916666665,0.7499999981250001,0.5999999940000001,0.5999999940000001,0.49999999406250006,0.5999999940000001,0,0,0.6956521739130435,0.4285714279591837
7253.png,একটি শিশু একটি <unk> বসে আছে।,0.33333333277777777,0.49999999875,0.3999999944,0.3999999944,0.24999999468750006,0.3999999944,0,0,0.35,0.2857142853061225
3265578645_4044a7049a.jpg,তিনজন লোক একটি গাড়ির সামনে দাঁড়িয়ে আছে,0.571428570612245,0.571428570612245,0.5714285656122451,0.5714285656122451,0.16666666138888903,0.4615384558579882,0,0,0.6923076923076923,0.3999999996
3456862740_7550bcddc2.jpg,একজন লোক একটি মোটরসাইকেল নিয়ে বাইক চালাচ্ছে,0.7142857132653061,0.5555555549382716,0.624999994296875,0.624999994296875,0.4285714230612245,0.624999994296875,0,0,0.5806451612903225,0.45454545413223135
IMG_8224.JPG,কিছু মহিলা ও একজন পুরুষ ও একজন পুরুষ ও একজন পুরুষ ও একজন পুরুষ ও একজন পুরুষ ও একজন পুরুষ ও একজন পুরুষ ও একজন পুরুষ ও একজন পুরুষ ও একজন পুরুষ ও একজন পুরুষ ও একজন পুরুষ ও একজন,0.0,0.0,0.0,0.0,0.0,0.0,0,0,0.07586206896551728,0.0
2696394827_7342ced36f.jpg,একটি কুকুর পানিতে একটি পানির মধ্যে খেলা করছে,0.49999999937499995,0.571428570612245,0.5333333276444445,0.5333333276444445,0.3076923022485208,0.4285714230612245,0,0,0.5333333333333333,0.3333333329629629
2220175999_081aa9cce8.jpg,একটি কুকুর পানিতে দৌড়াচ্ছে,0.49999999875,0.49999999875,0.4999999937500001,0.4999999937500001,0.33333332722222225,0.4999999937500001,0,0,0.6875,0.33333333277777777
7810.png,একজন পুরুষ মাথায় গোল টুপি পরে দাড়িয়ে আছে।,0.24999999968749997,0.1999999998,0.22222221703703712,0.22222221703703712,0.0,0.22222221703703712,0,0,0.41025641025641024,0.13333333324444444
DSC_9068.JPG,একজন নারী একটি শিশু দাড়িয়ে আছে।,0.16666666638888888,0.249999999375,0.1999999948000001,0.1999999948000001,0.0,0.1999999948000001,0,0,0.5238095238095238,0.1111111109876543
2278776373_fe499a93be.jpg,একজন লোক একটি <unk> থেকে বের করে,0.2857142853061225,0.1999999998,0.23529411252595167,0.23529411252595167,0.13333332835555572,0.23529411252595167,0,0,0.28,0.13333333324444444
3110614694_fecc23ca65.jpg,একটি কুকুর বরফের মধ্যে দৌঁড়াচ্ছে,0.7999999984,0.4444444439506172,0.5714285660204083,0.5714285660204083,0.33333332833333335,0.4444444399382716,0,0,0.4411764705882353,0.4444444439506172
1280147517.jpg,একটি নৌকার ডেকের উপর উপুড় হয়ে আছে,0.2857142853061225,0.33333333277777777,0.3076923022485208,0.3076923022485208,0.1818181765289258,0.3076923022485208,0,0,0.3928571428571429,0.18181818165289254
inbound4189403605111348304.jpg,একটি কুকুর একটি <unk>,0.49999999875,0.2222222219753086,0.3076923029585799,0.3076923029585799,0.0,0.3076923029585799,0,0,0.34285714285714286,0.1999999998
1296770308_3db2022f5a.jpg,একজন লোক একটি <unk> ছবি তুলছে,0.33333333277777777,0.33333333277777777,0.3333333277777778,0.3333333277777778,0.0,0.3333333277777778,0,0,0.375,0.21428571413265304
903.png,একজন পুরুষ ও দুইটি শিশু আছে।,0.6666666655555555,0.571428570612245,0.6153846094674558,0.6153846094674558,0.36363635801652905,0.6153846094674558,0,0,0.45945945945945943,0.49999999937499995
1638.png,একজন নারী বসে থেকে কিছু <unk> <unk> <unk> <unk> <unk> <unk> <unk> <unk> <unk> <unk> <unk> <unk> <unk> <unk> <unk> <unk> <unk> <unk> <unk> <unk> <unk> <unk> <unk> <unk> <unk> <unk> <unk> <unk> <unk> <unk> <unk> <unk> <unk> <unk> <unk>,0.02499999999375,0.0999999999,0.039999996784000263,0.039999996784000263,0.0,0.039999996784000263,0,0,0.1217948717948718,0.06666666662222222
1299459550_1fd5594fa2.jpg,এক মেয়ে অন্তর্বাস পরা একটি মেয়ে অন্তর্বাস পরে পানিতে ভিজে নিজেদের ছবি তুলছে,0.15384615372781063,0.3999999992,0.22222221796296296,0.22222221796296296,0.1249999960937501,0.22222221796296296,0,0,0.3137254901960784,0.14285714275510203
6543.png,অনেকগুলো মানুষ দাড়িয়ে আছে।,0.249999999375,0.1999999996,0.2222222167901236,0.2222222167901236,0.0,0.2222222167901236,0,0,0.42105263157894735,0.12499999984374999
3415178926_909db9400b.jpg,একজন লোক ও একটি কুকুর নিয়ে একটি কুকুর নিয়ে হাঁটছে,0.3999999996,0.26666666648888887,0.319999994944,0.319999994944,0.12499999492187522,0.23999999500800004,0,0,0.48571428571428577,0.2222222220987654
2559503010_84f20b3bc9.jpg,একটি <unk> দোকানের বাইরে মার্কেটে শপিং ব্যাগ নিয়ে বাজার দোকানের সামনে দাঁড়িয়ে আছে।,0.23076923059171597,0.2727272724793388,0.249999994826389,0.249999994826389,0.09090908586776886,0.249999994826389,0,0,0.5294117647058824,0.1764705881314879
8951.png,কয়েকজন মানুষ আছে।,0.6666666644444444,0.33333333277777777,0.44444443901234576,0.44444443901234576,0.0,0.44444443901234576,0,0,0.5,0.2857142853061225
3187.png,একজন পুরুষ আছে।,0.3333333322222222,0.249999999375,0.28571428000000004,0.28571428000000004,0.0,0.28571428000000004,0,0,0.5714285714285714,0.16666666638888888
452363869_cad37e609f.jpg,একটি কুকুর একটি কালো কুকুর লাফ দিলো,0.571428570612245,0.3636363633057851,0.4444444391975309,0.4444444391975309,0.1999999948000001,0.3999999944888889,0,0,0.5,0.24999999979166665
8739.png,একজন বাচ্চা একটি শিশু আছে।,0.5999999988,0.9999999966666667,0.7499999934375,0.7499999934375,0.6666666600000001,0.7499999934375,0,0,0.5,0.5999999988
8588.png,একজন পুরুষ গরু নিয়ে হেঁটে যাচ্ছে।,0.33333333277777777,0.33333333277777777,0.3333333277777778,0.3333333277777778,0.0,0.16666666138888903,0,0,0.34615384615384615,0.1999999998
5846.png,একজন পুরুষ মানুষ দাড়িয়ে আছে।,0.3999999992,0.6666666644444444,0.49999999406250006,0.49999999406250006,0.1999999966,0.49999999406250006,0,0,0.4736842105263158,0.33333333277777777
1164765687.jpg,একটি কালো কুকুর একটি লাল কম্বলের উপর শুয়ে আছে,0.4444444439506172,0.3999999996,0.4210526261495845,0.4210526261495845,0.23529411238754333,0.25806451184183143,0,0,0.36585365853658536,0.28571428551020406
3203872773_6c30f64be3.jpg,একজন লোক একটি <unk> থেকে লাফ দিচ্ছে,0.571428570612245,0.7999999984,0.6666666606944446,0.6666666606944446,0.3999999944,0.6666666606944446,0,0,0.6,0.49999999937499995
766.png,একজন পুরুষ আছে।,0.6666666644444444,0.33333333277777777,0.44444443901234576,0.44444443901234576,0.0,0.44444443901234576,0,0,0.4736842105263158,0.2857142853061225
8006.png,নদীতে নৌকা আছে।,0.6666666644444444,0.15384615372781063,0.24999999664062497,0.24999999664062497,0.0,0.24999999664062497,0,0,0.26086956521739135,0.15384615372781063
786.png,একজন পুরুষ একটি মুরগীর বাচ্চা দাড়িয়ে আছে একজন পুরুষ দাড়িয়ে আছে একজন পুরুষ দাড়িয়ে আছে একজন পুরুষ দাড়িয়ে আছে একজন পুরুষ দাড়িয়ে আছে একজন পুরুষ দাড়িয়ে আছে একজন পুরুষ দাড়িয়ে আছে একজন পুরুষ দাড়িয়ে আছে একজন পুরুষ দাড়িয়ে আছে একজন,0.07499999998125,0.49999999916666665,0.1304347802835539,0.1304347802835539,0.09090908885330583,0.1304347802835539,0,0,0.12422360248447206,0.29999999969999996
5949.png,কয়েকজন পুরুষ ও একজন পুরুষ ও একজন পুরুষ ও একজন পুরুষ ও একজন পুরুষ ও একজন পুরুষ ও একজন পুরুষ ও একজন পুরুষ ও একজন পুরুষ ও একজন পুরুষ ও একজন পুরুষ ও একজন পুরুষ ও একজন পুরুষ ও একজন,0.02499999999375,0.249999999375,0.04545454378099179,0.04545454378099179,0.0,0.04545454378099179,0,0,0.10810810810810811,0.14285714265306124
4343.png,একটি <unk> একটি <unk> <unk> <unk> <unk> <unk> <unk> <unk> <unk> <unk> <unk> <unk> <unk> <unk> <unk> <unk> <unk> <unk> <unk> <unk> <unk> <unk> <unk> <unk> <unk> <unk> <unk> <unk> <unk> <unk> <unk> <unk> <unk> <unk> <unk> <unk> <unk> <unk>,0.02499999999375,0.1999999996,0.0444444424493828,0.0444444424493828,0.0,0.0444444424493828,0,0,0.0691823899371069,0.16666666638888888
1563.png,কয়েকজন মানুষ দাড়িয়ে আছে।,0.49999999875,0.2222222219753086,0.3076923029585799,0.3076923029585799,0.18181817752066123,0.3076923029585799,0,0,0.4117647058823529,0.18181818165289254
6083.png,পাহার দিয়ে একটি সেতু আছে।,0.1999999996,0.249999999375,0.2222222167901236,0.2222222167901236,0.0,0.2222222167901236,0,0,0.2941176470588235,0.12499999984374999
341.png,একজন নারী ও একজন নারী বসে লিখছে।,0.2857142853061225,0.24999999968749997,0.2666666613333334,0.2666666613333334,0.15384614863905344,0.2666666613333334,0,0,0.48275862068965514,0.18181818165289254
8399.png,কয়েকজন মানুষ দাড়িয়ে আছে।,0.7499999981250001,0.5999999988,0.6666666602469137,0.6666666602469137,0.28571428000000004,0.6666666602469137,0,0,0.4,0.49999999916666665
2378.png,একটি শিশু পতাকা দেখা যাচ্ছে।,0.0,0.0,0.0,0.0,0.0,0.0,0,0,0.23529411764705888,0.0
1051.png,একটি সাদা রঙের একটি সাদা রঙের একটি সাদা রঙের একটি সাদা রঙের একটি সাদা রঙের একটি সাদা রঙের একটি সাদা রঙের একটি সাদা রঙের একটি সাদা রঙের একটি সাদা রঙের একটি সাদা রঙের একটি সাদা রঙের একটি সাদা রঙের একটি,0.0499999999875,0.07692307689349112,0.060606055812672546,0.060606055812672546,0.0,0.060606055812672546,0,0,0.31506849315068497,0.07692307686390532
8483.png,পানিতে কয়েকজন মানুষ আছে।,0.7499999981250001,0.7499999981250001,0.7499999931250001,0.7499999931250001,0.33333332722222225,0.7499999931250001,0,0,0.875,0.5999999988
5850.png,একজন নারী তাকিয়ে আছে একজন ছোট ছেলে শুয়ে আছে।,0.4444444439506172,0.9999999975,0.6153846101775148,0.6153846101775148,0.36363635900826446,0.6153846101775148,0,0,0.4516129032258065,0.49999999937499995
2226534154_cbcab7ba32.jpg,গোলাপী শার্ট পরা একদল লোক ছবি তুলছে,0.14285714265306124,0.1999999996,0.16666666152777793,0.16666666152777793,0.0,0.16666666152777793,0,0,0.32352941176470584,0.09090909082644627
3211199368_ca78387f72.jpg,একজন লোক একটি চেকার পতাকা হাতে নিয়ে দাঁড়িয়ে আছে,0.3333333329629629,0.3333333329629629,0.333333327962963,0.333333327962963,0.12499999484375018,0.22222221697530875,0,0,0.40625,0.19999999986666667
7933.png,একজন নারী আছে।,0.9999999966666667,0.49999999916666665,0.6666666607407408,0.6666666607407408,0.28571428081632655,0.6666666607407408,0,0,0.47619047619047616,0.49999999916666665
1008.png,একজন পুরুষ একটি বুজা নিয়ে দাড়িয়ে আছে।,0.4285714279591837,0.49999999916666665,0.4615384558579882,0.4615384558579882,0.0,0.4615384558579882,0,0,0.6799999999999999,0.29999999969999996
340425915_490293058f.jpg,একটি কুকুর বরফে শুয়ে আছে,0.9999999980000001,0.5555555549382716,0.7142857086734694,0.7142857086734694,0.6666666611111112,0.7142857086734694,0,0,0.5151515151515151,0.5555555549382716
5174.png,একটি ভবন আছে।,0.3333333322222222,0.1111111109876543,0.16666666263888896,0.16666666263888896,0.0,0.16666666263888896,0,0,0.19999999999999996,0.1111111109876543
5218.png,একটি চলন্ত একটি শিশু আছে।,0.3999999992,0.3999999992,0.39999999420000004,0.39999999420000004,0.0,0.39999999420000004,0,0,0.44999999999999996,0.2857142853061225
5838.png,একটি গাড়ি ও কালো রঙের পোশাক পরা একজন লোক সাইকেল চালাচ্ছে,0.18181818165289254,0.13333333324444444,0.153846148846154,0.153846148846154,0.0,0.0833333282986114,0,0,0.33333333333333337,0.0833333332986111
IMG_2918.JPG,লোক টি বসে আছে,0.9999999975,0.9999999975,0.9999999925,0.9999999925,0.9999999916666666,0.9999999925,1,1,1.0,0.9999999975
437054333_5c2761b8cd.jpg,দু'জন লোক একটি <unk> মতো পোশাক পরে আছে,0.24999999968749997,0.33333333277777777,0.2857142804081633,0.2857142804081633,0.0,0.16666666194444454,0,0,0.34285714285714286,0.18181818165289254
2502782508_2c8211cd6b.jpg,একজন লোক একটি বেঞ্চে বসে আছেন।,0.8333333319444445,0.7142857132653061,0.7692307630769232,0.7692307630769232,0.36363635801652905,0.6153846094674558,0,0,0.5862068965517242,0.6249999992187499
2937697444_2367ff0e28.jpg,একজন লোক একটি বিশাল ঢেউ এর উপর দিয়ে যাচ্ছে,0.2222222219753086,0.2222222219753086,0.22222221697530875,0.22222221697530875,0.12499999484375018,0.22222221697530875,0,0,0.4375,0.124999999921875
5017.png,সামনে শহীদ মিনারের সামনে ৩ জন পুরুষ আছে।,0.12499999984374999,0.249999999375,0.16666666194444454,0.16666666194444454,0.0,0.16666666194444454,0,0,0.29729729729729726,0.0999999999
3927.png,একজন পুরুষ একটি শিশু আছে।,0.3999999992,0.2857142853061225,0.33333332791666676,0.33333332791666676,0.0,0.33333332791666676,0,0,0.3846153846153846,0.1999999998
4353.png,একটি মেয়ে একটি <unk> চড়ছে,0.3999999992,0.49999999875,0.4444444385185186,0.4444444385185186,0.28571428000000004,0.4444444385185186,0,0,0.5555555555555556,0.33333333277777777
2453990033_df53f0d8c8.jpg,একটি শিশু ফুটপাতে দৌড়াচ্ছে,0.249999999375,0.0624999999609375,0.0999999967000001,0.0999999967000001,0.0,0.0999999967000001,0,0,0.2592592592592593,0.0624999999609375
3572144280_ea42bbd927.jpg,এক ব্যক্তি একটি <unk> <unk> <unk> <unk> <unk> <unk> <unk> <unk> <unk> <unk> <unk> <unk> <unk> <unk> <unk> <unk> <unk> <unk> <unk> <unk> <unk> <unk> <unk> <unk> <unk> <unk> <unk> <unk> <unk> <unk> <unk> <unk> <unk> <unk> <unk> <unk> <unk>,0.0499999999875,0.2857142853061225,0.08510638040742426,0.08510638040742426,0.04444444211358036,0.08510638040742426,0,0,0.06289308176100628,0.2222222219753086
412082368_371df946b3.jpg,একটি ছেলে একটি লাল জামা পরে একটি লাল জামা পরে একটি লাল জামা পরে একটি লাল জামা পরে একটি লাল জামা পরে একটি লাল জামা পরে একটি লাল জামা পরে একটি লাল জামা পরে একটি লাল জামা পরে একটি লাল,0.099999999975,0.28571428551020406,0.14814814425240067,0.14814814425240067,0.03846153469674592,0.14814814425240067,0,0,0.3307692307692308,0.2857142853061225
1215334959_b1970965f7.jpg,একটি পরিবার একটি বিল্ডিংয়ের পাশে দাঁড়িয়ে আছে,0.571428570612245,0.3999999996,0.4705882298961938,0.4705882298961938,0.16666666138888903,0.42857142295918377,0,0,0.36585365853658536,0.3333333330555555
IMG_9572.JPG,একটি <unk>,0.0,0.0,0.0,0.0,0.0,0.0,0,0,0.18181818181818177,0.0
6045.png,দূরে একজন মানুষ আছে।,0.249999999375,0.16666666638888888,0.1999999948000001,0.1999999948000001,0.0,0.1999999948000001,0,0,0.23809523809523814,0.1111111109876543
3487131146_9d3aca387a.jpg,একটি ছোট ছেলে একটি <unk> গাড়ী চালাচ্ছে,0.4285714279591837,0.24999999979166665,0.31578946869806096,0.31578946869806096,0.0,0.31578946869806096,0,0,0.43999999999999995,0.18181818165289254
5810.png,একজন পুরুষ একটি শিশু আছে।,0.3999999992,0.6666666644444444,0.49999999406250006,0.49999999406250006,0.0,0.49999999406250006,0,0,0.48275862068965514,0.33333333277777777
1786425974_c7c5ad6aa1.jpg,দুটি কুকুর একটি বাদামী কুকুরের সাথে খেলছে,0.2857142853061225,0.14285714275510203,0.19047618585034026,0.19047618585034026,0.0,0.19047618585034026,0,0,0.5384615384615384,0.124999999921875
1259936608_e3f0064f23.jpg,এক মেয়ে ফোয়ারায় খেলছে।,0.249999999375,0.14285714265306124,0.1818181768595043,0.1818181768595043,0.0,0.1818181768595043,0,0,0.4642857142857143,0.0999999999
3681575323_433d007650.jpg,একটি ছোট মেয়ে এবং একটি মেয়ে একটি ছোট মেয়ে এবং একটি মেয়ে একটি ছোট মেয়ে এবং একটি মেয়ে একটি ছোট মেয়ে এবং একটি মেয়ে একটি ছোট মেয়ে এবং একটি মেয়ে একটি ছোট মেয়ে এবং একটি মেয়ে একটি ছোট মেয়ে এবং,0.07499999998125,0.16666666657407406,0.10344827154577901,0.10344827154577901,0.0,0.10344827154577901,0,0,0.26515151515151514,0.16666666657407406
316833109_6500b526dc.jpg,একটি কুকুর একটি ফ্রিসবি ধরছে,0.5999999988,0.37499999953124996,0.46153845609467453,0.46153845609467453,0.1818181768595043,0.46153845609467453,0,0,0.5161290322580645,0.2222222219753086
3486135177_772628d034.jpg,একজন স্কেটবোর্ডার একটি স্কেটবোর্ডিং করছে,0.3999999992,0.33333333277777777,0.36363635801652905,0.36363635801652905,0.0,0.27272726896694216,0,0,0.5925925925925926,0.2222222219753086
2453318633_550228acd4.jpg,একজন লোক একটি ফ্রিসবি ধরতে লাফ দিচ্ছে,0.4285714279591837,0.3333333329629629,0.374999994609375,0.374999994609375,0.1428571377551022,0.374999994609375,0,0,0.4722222222222222,0.23076923059171597
8636.png,একজন পুরুষ মাথায় একটি <unk>,0.3999999992,0.6666666644444444,0.49999999406250006,0.49999999406250006,0.33333332777777785,0.49999999406250006,0,0,0.44999999999999996,0.33333333277777777
3589267801_5a222e3a60.jpg,একটি কুকুর একটি ফ্রিসবি ধরে আছে,0.49999999916666665,0.37499999953124996,0.4285714230612245,0.4285714230612245,0.16666666152777793,0.4285714230612245,0,0,0.46875,0.24999999968749997
7768.png,একটি পুকুর ও ভবন দেখা যাচ্ছে।,0.16666666638888888,0.08333333326388888,0.11111110654321005,0.11111110654321005,0.0,0.11111110654321005,0,0,0.31818181818181823,0.05882352937716263
3506096155_13632955e8.jpg,একজন লোক একটি পাহাড়ে চড়ে একটি পাথুরে পাহাড় বেয়ে উপরে উঠছে,0.2727272724793388,0.21428571413265304,0.23999999488000007,0.23999999488000007,0.17391303841209843,0.23999999488000007,0,0,0.4390243902439024,0.14285714278911565
1182733666.jpg,কয়েকজন মানুষ কাজ করছে।,0.249999999375,0.09090909082644627,0.13333332924444455,0.13333332924444455,0.0,0.13333332924444455,0,0,0.23913043478260865,0.07142857137755101
3168796547_0c14b368f9.jpg,একটি ছেলে একটি কুকুর দেখছে,0.3999999992,0.2222222219753086,0.2857142807142858,0.2857142807142858,0.0,0.2857142807142858,0,0,0.4,0.0999999999
3119887967_271a097464.jpg,তিনজন রেললাইনেড় পাশে ছবি তুলছে,0.1999999996,0.14285714265306124,0.16666666152777793,0.16666666152777793,0.0,0.16666666152777793,0,0,0.4,0.09090909082644627
7073.png,একটি ছোট বাচ্চা দোলনায় দুলছে,0.3999999992,0.13333333324444444,0.19999999605000005,0.19999999605000005,0.0,0.19999999605000005,0,0,0.33333333333333337,0.1111111110493827
7888.png,একজন পুরুষ <unk> দোকানে।,0.249999999375,0.16666666638888888,0.1999999948000001,0.1999999948000001,0.0,0.1999999948000001,0,0,0.4,0.1111111109876543
2096771662_984441d20d.jpg,একজন লোক একটি ছবির জন্য ছবি তুলছে,0.2857142853061225,0.18181818165289254,0.22222221722222232,0.22222221722222232,0.0,0.16666666152777793,0,0,0.4482758620689655,0.124999999921875
2657.png,একজন মানুষ আছে।,0.3333333322222222,0.09090909082644627,0.14285713928571436,0.14285713928571436,0.0,0.14285713928571436,0,0,0.3529411764705882,0.07692307686390532
5020.png,একটি পুরাতন মসজিদ।,0.3333333322222222,0.14285714265306124,0.1999999954000001,0.1999999954000001,0.0,0.1999999954000001,0,0,0.375,0.1111111109876543
2079152458_40712c3b40.jpg,মুখে একটি কুকুর দৌড়াচ্ছে,0.7499999981250001,0.4285714279591837,0.5454545398347109,0.5454545398347109,0.2222222172839507,0.3999999944,0,0,0.5454545454545454,0.37499999953124996
6597.png,একজন পুরুষ দাড়িয়ে আছে।,0.9999999975,0.9999999975,0.9999999925,0.9999999925,0.9999999916666666,0.9999999925,1,1,1.0,0.9999999975
3767.png,একসাথে কয়েকজন পুরুষ দাড়িয়ে তাকিয়ে আছে,0.33333333277777777,0.49999999875,0.3999999944,0.3999999944,0.0,0.3999999944,0,0,0.52,0.24999999968749997
3723903586_e98d3d8ec7.jpg,একটি দৌড়ের <unk> একটি ঘোড়া <unk>,0.33333333277777777,0.13333333324444444,0.19047618621315202,0.19047618621315202,0.0,0.19047618621315202,0,0,0.36363636363636365,0.124999999921875
_MG_1883.JPG,একটা লোক দাড়িয়ে আছে,0.249999999375,0.249999999375,0.2499999943750001,0.2499999943750001,0.0,0.2499999943750001,0,0,0.5263157894736843,0.14285714265306124
7114.png,একটি ছেলে ক্যামেরার দিকে তাকিয়ে আছে,0.33333333277777777,0.33333333277777777,0.3333333277777778,0.3333333277777778,0.0,0.3333333277777778,0,0,0.5909090909090908,0.1999999998
3396817186_b299ee0531.jpg,একটি কুকুর একটি মাঠে দৌড়াচ্ছে,0.5999999988,0.23076923059171597,0.33333332895061735,0.33333332895061735,0.1249999960937501,0.33333332895061735,0,0,0.41666666666666663,0.2222222219753086
3476709230_6439305bf2.jpg,একটি ছোট বাচ্চারা একটি <unk>,0.1999999996,0.14285714265306124,0.16666666152777793,0.16666666152777793,0.0,0.16666666152777793,0,0,0.42307692307692313,0.0999999999
3652572138_34d6b72999.jpg,একদল লোক তার হাত তুলছে,0.1999999996,0.1111111109876543,0.14285713806122466,0.14285713806122466,0.0,0.14285713806122466,0,0,0.33333333333333337,0.07692307686390532
7491.png,একটি শিশু দাড়িয়ে আছে।,0.49999999875,0.49999999875,0.4999999937500001,0.4999999937500001,0.0,0.4999999937500001,0,0,0.6153846153846154,0.33333333277777777
3698.png,একটা ছোট ছেলে উপরে লাফ দিয়েছে।,0.16666666638888888,0.1111111109876543,0.13333332835555572,0.13333332835555572,0.0,0.13333332835555572,0,0,0.37037037037037035,0.07142857137755101
6188.png,একটি শিশু তাকিয়ে আছেন।,0.7499999981250001,0.7499999981250001,0.7499999931250001,0.7499999931250001,0.6666666594444445,0.7499999931250001,0,0,0.9285714285714286,0.5999999988
543.png,কয়েকজন মানুষ আছে।,0.3333333322222222,0.0999999999,0.15384615005917168,0.15384615005917168,0.0,0.15384615005917168,0,0,0.4,0.08333333326388888
IMG_20220921_123204.jpg,একটি মেয়ে একটি ভলিবল খেলছে,0.1999999996,0.1999999996,0.19999999460000012,0.19999999460000012,0.0,0.19999999460000012,0,0,0.42105263157894735,0.12499999984374999
843616798_5ab0ecb525.jpg,দুটি কুকুর একটি সাদা এবং সাদা কুকুর একটি সাদা এবং সাদা কুকুর একটি সাদা এবং সাদা কুকুর একটি সাদা এবং সাদা কুকুর একটি সাদা এবং সাদা কুকুর একটি সাদা এবং সাদা কুকুর একটি সাদা এবং সাদা কুকুর একটি সাদা এবং,0.099999999975,0.49999999937499995,0.16666666381944448,0.16666666381944448,0.08163264977925878,0.16666666381944448,0,0,0.2148148148148148,0.3333333330555555
2114.png,একজন পুরুষ পানিতে নেমে আছে।,0.5999999988,0.5999999988,0.5999999938,0.5999999938,0.2499999943750001,0.5999999938,0,0,0.736842105263158,0.4285714279591837
3342855466_44038a8aa3.jpg,একজন স্কেটবোর্ডার একটি রেলের চড়ে একটি বিল্ডিংয়ের বিপরীতে স্কেটবোর্ডে চড়ে একটি রেলের চড়ে একটি বিল্ডিংয়ের বিপরীতে স্কেটবোর্ডে চড়ে একটি রেলের চড়ে একটি বিল্ডিংয়ের বিপরীতে স্কেটবোর্ডে চড়ে একটি রেলের চড়ে একটি বিল্ডিংয়ের বিপরীতে স্কেটবোর্ডে চড়ে একটি রেলের চড়ে একটি বিল্ডিংয়ের বিপরীতে,0.0499999999875,0.2222222219753086,0.08163265002915464,0.08163265002915464,0.0,0.08163265002915464,0,0,0.1648351648351648,0.124999999921875
5131.png,একটি সেতুর উপর দিয়ে একটি লঞ্ছ থেকে মাছ ধরার চেষ্টা করছে।,0.18181818165289254,0.2222222219753086,0.19999999485000008,0.19999999485000008,0.0,0.19999999485000008,0,0,0.25,0.11764705875432525
inbound1443164387657121842.jpg,৫ জন পুরুষ দাড়িয়ে আছে।,0.0,0.0,0.0,0.0,0.0,0.0,0,0,0.2666666666666667,0.0
2407.png,কয়েকজন মানুষ আছে।,0.9999999966666667,0.37499999953124996,0.5454545404958677,0.5454545404958677,0.22222221827160496,0.5454545404958677,0,0,0.3529411764705882,0.37499999953124996
2501968935_02f2cd8079.jpg,একটি টুপি পরা দুই লোক ফুটপাতে বসে আছে,0.24999999968749997,0.14285714275510203,0.1818181770247935,0.1818181770247935,0.0,0.1818181770247935,0,0,0.28125,0.09999999995
3611.png,কয়েকজন পুরুষ দাড়িয়ে আছে।,0.49999999875,0.33333333277777777,0.3999999944,0.3999999944,0.0,0.3999999944,0,0,0.36363636363636365,0.24999999968749997
8462.png,একজন পুরুষ বসে আছে।,0.9999999975,0.9999999975,0.9999999925,0.9999999925,0.9999999916666666,0.9999999925,1,1,1.0,0.9999999975
2842439618_fb20fe2215.jpg,একজন সার্ফার একটি ঢেউ এর উপর চড়ছে,0.4285714279591837,0.37499999953124996,0.3999999944888889,0.3999999944888889,0.3076923022485208,0.3999999944888889,0,0,0.7241379310344828,0.24999999979166665
475042270_719ebe6c48.jpg,দুটি কুকুর একটি অপরটির সাথে খেলছে,0.49999999916666665,0.9999999966666667,0.6666666607407408,0.6666666607407408,0.28571428081632655,0.6666666607407408,0,0,0.4347826086956522,0.49999999916666665
3607405494_0df89110a6.jpg,দুটি কুকুর একটি কালো কুকুর একটি কালো কুকুর একটি কালো কুকুর একটি কালো কুকুর একটি কালো কুকুর একটি কালো কুকুর একটি কালো কুকুর একটি কালো কুকুর একটি কালো কুকুর একটি কালো কুকুর একটি কালো কুকুর একটি কালো কুকুর একটি কালো,0.0499999999875,0.24999999968749997,0.08333333052083343,0.08333333052083343,0.043478258270321514,0.08333333052083343,0,0,0.11724137931034484,0.1999999998
2226440063_c085b30558.jpg,দুটি কুকুর জলের ফোয়ারায় তার <unk> উপর বসে আছে,0.2222222219753086,0.24999999968749997,0.23529411238754333,0.23529411238754333,0.0,0.23529411238754333,0,0,0.4375,0.13333333324444444
2816.png,একটি শিশু বসে আছে।,0.9999999975,0.9999999975,0.9999999925,0.9999999925,0.9999999916666666,0.9999999925,1,1,1.0,0.9999999975
HK7A9362.JPG,একটি <unk> <unk> একটি দল একটি <unk> <unk> <unk> <unk> <unk> <unk> <unk> <unk> <unk> <unk> <unk> <unk> <unk> <unk> <unk> <unk> <unk> <unk> <unk> <unk> <unk> <unk> <unk> <unk> <unk> <unk> <unk> <unk> <unk> <unk> <unk> <unk> <unk> <unk>,0.02499999999375,0.1999999996,0.0444444424493828,0.0444444424493828,0.0,0.0444444424493828,0,0,0.07594936708860756,0.14285714265306124
IMG_20220915_162943.jpg,একজন পুরুষ একটি গাড়ির উপর বসে আছে।,0.4285714279591837,0.2727272724793388,0.33333332820987654,0.33333332820987654,0.24999999500000003,0.33333332820987654,0,0,0.5142857142857142,0.23076923059171597
327997381_55f90dc834.jpg,একজন লোক একটি পালঙ্কে বিশ্রাম নিচ্ছে,0.16666666638888888,0.14285714265306124,0.15384614863905344,0.15384614863905344,0.0,0.15384614863905344,0,0,0.4,0.08333333326388888
5110.png,একজন পুরুষ হেঁটে যাচ্ছে।,0.7499999981250001,0.7499999981250001,0.7499999931250001,0.7499999931250001,0.6666666594444445,0.7499999931250001,0,0,0.8666666666666667,0.5999999988
707972553_36816e53a2.jpg,একটি শিশু আছে।,0.6666666644444444,0.1999999998,0.3076923036686391,0.3076923036686391,0.0,0.3076923036686391,0,0,0.22857142857142854,0.18181818165289254
4436.png,একজন পুরুষ শুয়ে ঘুমাচ্ছে।,0.249999999375,0.1111111109876543,0.15384614934911253,0.15384614934911253,0.0,0.15384614934911253,0,0,0.3125,0.08333333326388888
172092464_d9eb4f4f2f.jpg,একজন লোক একটি <unk>,0.49999999875,0.2857142853061225,0.36363635834710756,0.36363635834710756,0.0,0.1999999948000001,0,0,0.34615384615384615,0.2222222219753086
8337.png,মাটির কাজ করছে।,0.6666666644444444,0.49999999875,0.5714285648979592,0.5714285648979592,0.39999999360000005,0.5714285648979592,0,0,0.5333333333333333,0.3999999992
599.png,একজন নারী একটি শিশু কোলে নিয়ে দাড়িয়ে আছে যার মাঝে কিছু এলোমেলো করে একজন মহিলা।,0.13333333324444444,0.124999999921875,0.1290322529864726,0.1290322529864726,0.0,0.1290322529864726,0,0,0.30188679245283023,0.07692307689349112
8665.png,একজন ছোট ছেলে এবং একজন ছোট ছেলে এবং একজন ছোট ছেলে এবং একজন ছোট ছেলে এবং একজন ছোট ছেলে এবং একজন ছোট ছেলে এবং একজন ছোট ছেলে এবং একজন ছোট ছেলে এবং একজন ছোট ছেলে এবং একজন ছোট ছেলে এবং,0.0499999999875,0.2857142853061225,0.08510638040742426,0.08510638040742426,0.0,0.08510638040742426,0,0,0.1294964028776978,0.2222222219753086
3193335577_9bdbaf9f70.jpg,একটি শিশু পাহাড়ে উঠার চেষ্টা করছে,0.16666666638888888,0.0999999999,0.12499999515625017,0.12499999515625017,0.0,0.12499999515625017,0,0,0.3846153846153846,0.06666666662222222
288880576_818b6ecfef.jpg,এক লোক একটি হ্রদ দেখছেন।,0.3999999992,0.24999999968749997,0.3076923024852071,0.3076923024852071,0.1818181768595043,0.3076923024852071,0,0,0.3928571428571429,0.1999999998
383223174_7165a54c30.jpg,একটি বাদামী কুকুর একটি বলের পিছনে ছুটছে,0.4285714279591837,0.37499999953124996,0.3999999944888889,0.3999999944888889,0.3076923022485208,0.3999999944888889,0,0,0.6206896551724138,0.2727272724793388
1629.png,একটি শিশু আছে।,0.3333333322222222,0.1111111109876543,0.16666666263888896,0.16666666263888896,0.0,0.16666666263888896,0,0,0.20588235294117652,0.09090909082644627
3330675488_8692476a4a.jpg,একটি <unk> স্কিয়ার একটি স্লেজে চড়ছে,0.33333333277777777,0.49999999875,0.3999999944,0.3999999944,0.24999999468750006,0.3999999944,0,0,0.375,0.2857142853061225
2452238877_2340609c6e.jpg,একটি কুকুর বল ধরার চেষ্টা করছে,0.33333333277777777,0.2222222219753086,0.2666666615111111,0.2666666615111111,0.0,0.2666666615111111,0,0,0.43333333333333335,0.15384615372781063
5572.png,কয়েকজন মানুষ আছে।,0.3333333322222222,0.3333333322222222,0.33333332722222225,0.33333332722222225,0.0,0.33333332722222225,0,0,0.5833333333333333,0.1999999996
637.png,কয়েকজন মানুষ কাজ করছে।,0.249999999375,0.14285714265306124,0.1818181768595043,0.1818181768595043,0.0,0.1818181768595043,0,0,0.30000000000000004,0.0999999999
6200.png,একজন নারী বসে আছে।,0.9999999975,0.4444444439506172,0.6153846101775148,0.6153846101775148,0.36363635900826446,0.6153846101775148,0,0,0.4,0.571428570612245
DSC_9198.JPG,একজন পুরুষ ও একজন পুরুষ দাড়িয়ে আছে।,0.14285714265306124,0.12499999984374999,0.13333332817777796,0.13333332817777796,0.0,0.13333332817777796,0,0,0.5,0.09090909082644627
7497.png,সমুদ্রের পারে একজন পুরুষ ও একজন পুরুষ এবং একজন পুরুষ দাড়িয়ে আছে।,0.16666666652777776,0.13333333324444444,0.14814814310013733,0.14814814310013733,0.0,0.14814814310013733,0,0,0.38983050847457623,0.0999999999
6416.png,একটি বাদামি কুকুর ঘাসের মধ্যে দিয়ে দৌড়ে যাচ্ছে,0.24999999968749997,0.33333333277777777,0.2857142804081633,0.2857142804081633,0.0,0.2857142804081633,0,0,0.4137931034482759,0.18181818165289254
2880.png,একজন লোক নিচে নামার জন্য অপেক্ষা করছে,0.0,0.0,0.0,0.0,0.0,0.0,0,0,0.2857142857142857,0.0
2967630001_cdc5560c0b.jpg,একটি সাদা কুকুর সমুদ্রের ঢেউ থেকে দূরে সরে যাচ্ছে,0.2222222219753086,0.3999999992,0.2857142807142858,0.2857142807142858,0.0,0.2857142807142858,0,0,0.53125,0.16666666652777776
3478591390_b526580644.jpg,একজন পুরুষ আছে।,0.3333333322222222,0.1111111109876543,0.16666666263888896,0.16666666263888896,0.0,0.16666666263888896,0,0,0.2692307692307693,0.09090909082644627
3154293126_e52bd07524.jpg,একজন লোক একটি হ্রদ সহ একটি স্নোবোর্ডার।,0.14285714265306124,0.3333333322222222,0.1999999954000001,0.1999999954000001,0.0,0.1999999954000001,0,0,0.375,0.12499999984374999
374828031_9d087da5cf.jpg,এক ব্যক্তি একটি পাথরের উপর দিয়ে একটি পাথরের উপর দিয়ে একটি পাথরের উপর দিয়ে একটি পাথরের উপর দিয়ে একটি পাথরের উপর দিয়ে একটি পাথরের উপর দিয়ে একটি পাথরের উপর দিয়ে একটি পাথরের উপর দিয়ে একটি পাথরের উপর দিয়ে একটি পাথরের,0.02499999999375,0.249999999375,0.04545454378099179,0.04545454378099179,0.0,0.04545454378099179,0,0,0.13749999999999996,0.1111111109876543
2301379282_5fbcf230d1.jpg,একটি মেয়ে একটি <unk>,0.49999999875,0.2857142853061225,0.36363635834710756,0.36363635834710756,0.0,0.36363635834710756,0,0,0.36,0.12499999984374999
9140.png,একজন পুরুষ ও একজন বাচ্চা মেয়ে খাবার খাচ্ছে।,0.12499999984374999,0.16666666638888888,0.1428571377551022,0.1428571377551022,0.0,0.1428571377551022,0,0,0.4,0.08333333326388888
6785.png,একটি শিশু তাকিয়ে আছে।,0.9999999975,0.6666666655555555,0.7999999936,0.7999999936,0.49999999406250006,0.7999999936,0,0,0.6842105263157895,0.6666666655555555
4904.png,একজন পুরুষ দাড়িয়ে আছেন।,0.49999999875,0.49999999875,0.4999999937500001,0.4999999937500001,0.33333332722222225,0.4999999937500001,0,0,0.8125,0.33333333277777777
4372.png,একজন পুরুষ আছে।,0.3333333322222222,0.16666666638888888,0.2222222172839507,0.2222222172839507,0.0,0.2222222172839507,0,0,0.30000000000000004,0.12499999984374999
5202.png,একটি বাঘ পুকুরে মাছ ধরার চেষ্টা করছে।,0.14285714265306124,0.09090909082644627,0.11111110623456812,0.11111110623456812,0.0,0.11111110623456812,0,0,0.35,0.0624999999609375
4257.png,কয়েকজন পুরুষ দাড়িয়ে আছে।,0.249999999375,0.1999999996,0.2222222167901236,0.2222222167901236,0.0,0.2222222167901236,0,0,0.55,0.12499999984374999
2467803152_70eeca1334.jpg,দুটি ধূসর কুকুর ঘাসে খেলে,0.3999999992,0.2857142853061225,0.33333332791666676,0.33333332791666676,0.0,0.33333332791666676,0,0,0.34615384615384615,0.1999999998
1740.png,কয়েকজন পুরুষ পুলিশ লাইন হয়ে দাড়িয়ে আছে যার মাঝে কিছু পুলিশ এবং পিছনে আরও কয়েকজন পুরুষ পুলিশ লাইন হয়ে দাড়িয়ে আছে যার মাঝে কিছু পুলিশ এবং পিছনে আরও কয়েকজন পুরুষ পুলিশ লাইন হয়ে দাড়িয়ে আছে যার মাঝে কিছু পুলিশ এবং,0.07499999998125,0.24999999979166665,0.11538461178994093,0.11538461178994093,0.0,0.11538461178994093,0,0,0.17006802721088432,0.13636363630165288
343612980_798755741681638_3570085702151337461_n.jpg,নদীর পাড়ে কিছু মানুষ দেখা যাচ্ছে।,0.16666666638888888,0.07692307686390532,0.10526315346260404,0.10526315346260404,0.0,0.10526315346260404,0,0,0.32608695652173914,0.05882352937716263
3638577494_fe55f7b4cb.jpg,একটি কুকুর একটি <unk> উপর দিয়ে লাফ দিচ্ছে,0.37499999953124996,0.29999999969999996,0.3333333280246914,0.3333333280246914,0.11764705384083066,0.31578946847645434,0,0,0.4137931034482759,0.14285714275510203
162743064_bb242faa31.jpg,একটি কুকুর একটি গাছের সামনে একটি কুকুর দৌড়াচ্ছে,0.37499999953124996,0.4285714279591837,0.3999999944888889,0.3999999944888889,0.15384614863905344,0.3999999944888889,0,0,0.46875,0.2222222219753086
8198.png,একজন পুরুষ ও একজন পুরুষ আছে।,0.16666666638888888,0.249999999375,0.1999999948000001,0.1999999948000001,0.0,0.1999999948000001,0,0,0.4545454545454546,0.14285714265306124
IMG_2728.JPG,কপালে কালো টিপ পরে আছে,0.5999999988,0.9999999966666667,0.7499999934375,0.7499999934375,0.6666666600000001,0.7499999934375,0,0,0.6,0.5999999988
8464.png,একটি নৌকায় কয়েকজন মানুষ আছে।,0.9999999980000001,0.9999999980000001,0.9999999930000001,0.9999999930000001,0.9999999925,0.9999999930000001,1,1,1.0,0.9999999980000001
IMG_8327.JPG,লোক টি বসে আছে,0.9999999975,0.9999999975,0.9999999925,0.9999999925,0.9999999916666666,0.9999999925,1,1,1.0,0.9999999975
2088120475_d6318364f5.jpg,একদল মানুষ একটি কুচকাওয়াজে হাঁটছে।,0.1999999996,0.14285714265306124,0.16666666152777793,0.16666666152777793,0.0,0.16666666152777793,0,0,0.3666666666666667,0.09090909082644627
IMG_0640.JPG,একটি শিশু বসে আছে।,0.249999999375,0.249999999375,0.2499999943750001,0.2499999943750001,0.0,0.2499999943750001,0,0,0.5384615384615384,0.14285714265306124
3710674892_857b8056f7.jpg,একটি শিশু একটি খেলনা নিয়ে দাঁড়িয়ে আছে,0.4285714279591837,0.29999999969999996,0.35294117121107266,0.35294117121107266,0.13333332835555572,0.35294117121107266,0,0,0.3529411764705882,0.15384615372781063
895502702_5170ada2ee.jpg,একটি কালো কুকুর একটি কালো কুকুর দৌড়াচ্ছে,0.4285714279591837,0.4285714279591837,0.42857142295918377,0.42857142295918377,0.16666666138888903,0.42857142295918377,0,0,0.5769230769230769,0.29999999969999996
3549464203_8ab9c6160b.jpg,গোলাপি শাড়ি পরিহিত মেয়েটি টি,0.0,0.0,0.0,0.0,0.0,0.0,0,0,0.21052631578947367,0.0
256283122_a4ef4a17cb.jpg,একটি ফুটবল খেলোয়াড় একটি বেসবল প্লেয়ার একটি ফুটবল খেলোয়াড় একটি বেসবল প্লেয়ার একটি ফুটবল খেলোয়াড় একটি বেসবল প্লেয়ার একটি ফুটবল খেলোয়াড় একটি বেসবল প্লেয়ার একটি ফুটবল খেলোয়াড় একটি বেসবল প্লেয়ার একটি ফুটবল খেলোয়াড় একটি বেসবল প্লেয়ার একটি ফুটবল খেলোয়াড় একটি,0.0499999999875,0.1999999998,0.07999999676800014,0.07999999676800014,0.0,0.07999999676800014,0,0,0.22162162162162158,0.07142857137755101
287999021_998c2eeb91.jpg,একজন লোক একটি খাড়া পাহাড়ের কিনারায় উঠার চেষ্টা করছে,0.2222222219753086,0.33333333277777777,0.2666666615111111,0.2666666615111111,0.11111110604938293,0.22222221761316877,0,0,0.41666666666666663,0.15384615372781063
6539.png,একজন পুরুষ মাইক হাতে নিয়ে দাড়িয়ে আছে।,0.2857142853061225,0.49999999875,0.36363635834710756,0.36363635834710756,0.0,0.36363635834710756,0,0,0.5405405405405406,0.2222222219753086
122634567.jpg,একটি লোক একটি মার্কেটের ভিতরে।,0.3999999992,0.15384615372781063,0.22222221796296296,0.22222221796296296,0.0,0.22222221796296296,0,0,0.2586206896551724,0.10526315783933518
7031.png,একজন নারী একটি শিশু কোলে নিয়ে দাড়িয়ে আছে।,0.24999999968749997,0.33333333277777777,0.2857142804081633,0.2857142804081633,0.16666666152777793,0.2857142804081633,0,0,0.4444444444444444,0.16666666652777776
3021.png,ফসলের মাঠ দিয়ে একজন পুরুষ মাথায় <unk> নিয়ে যাচ্ছে।,0.3333333329629629,0.4285714279591837,0.374999994609375,0.374999994609375,0.0,0.374999994609375,0,0,0.47058823529411764,0.23076923059171597
495.png,লোক টি কালো টিপ পরে আছে,0.0,0.0,0.0,0.0,0.0,0.0,0,0,0.375,0.0
1980882959_9a161f3469.jpg,এক ব্যক্তি একটি সাইকেল চালিয়ে যাচ্ছে,0.33333333277777777,0.24999999968749997,0.2857142804081633,0.2857142804081633,0.0,0.2857142804081633,0,0,0.4285714285714286,0.16666666652777776
6291.png,একজন পুরুষ একটি বস্তা উঠাচ্ছে।,0.1999999996,0.1111111109876543,0.14285713806122466,0.14285713806122466,0.0,0.14285713806122466,0,0,0.3448275862068966,0.08333333326388888
1159574340_99ba8c3c59.jpg,একজন লোক একটি লাল টুপি পরে একজন লোক একটি <unk> <unk> <unk> <unk> <unk> <unk> <unk> <unk> <unk> <unk> <unk> <unk> <unk> <unk> <unk> <unk> <unk> <unk> <unk> <unk> <unk> <unk> <unk> <unk> <unk> <unk> <unk> <unk> <unk> <unk> <unk>,0.0499999999875,0.16666666652777776,0.07692307334319543,0.07692307334319543,0.0,0.07692307334319543,0,0,0.11538461538461542,0.09090909082644627
8254.png,লাল <unk> একটি শিশু লাল গোলাপ ধরে আছে।,0.24999999968749997,0.124999999921875,0.16666666208333344,0.16666666208333344,0.0,0.16666666208333344,0,0,0.3846153846153846,0.09523809519274376
320093980_5388cb3733.jpg,একজন লোক একটি কালো রঙের একটি লাল রঙের একটি লাল রঙের একটি লাল রঙের একটি লাল রঙের একটি লাল রঙের একটি লাল রঙের একটি লাল রঙের একটি লাল রঙের একটি লাল রঙের একটি লাল রঙের একটি লাল রঙের একটি লাল,0.02499999999375,0.1111111109876543,0.04081632351520222,0.04081632351520222,0.0,0.04081632351520222,0,0,0.15753424657534243,0.07142857137755101
3550763985_800cfee7e4.jpg,একটি শিশু একটি <unk> উপর দাঁড়িয়ে আছে,0.2857142853061225,0.33333333277777777,0.3076923022485208,0.3076923022485208,0.0,0.3076923022485208,0,0,0.36170212765957444,0.13333333324444444
2268601066_b018b124fd.jpg,একজন লোক একটি সাদা শার্ট পরা লোক একটি <unk> <unk> <unk> <unk> <unk> <unk> <unk> <unk> <unk> <unk> <unk> <unk> <unk> <unk> <unk> <unk> <unk> <unk> <unk> <unk> <unk> <unk> <unk> <unk> <unk> <unk> <unk> <unk> <unk> <unk> <unk> <unk>,0.0499999999875,0.13333333324444444,0.0727272687338845,0.0727272687338845,0.0,0.0727272687338845,0,0,0.13461538461538458,0.10526315783933518
3275527950_41aca690a1.jpg,কয়েকজন মানুষ আছে।,0.0,0.0,0.0,0.0,0.0,0.0,0,0,0.33333333333333337,0.0
6157.png,একটি গুহায় তিনজন লোক গাছের মাঝে একটি খাল বয়ে খেলছে।,0.0999999999,0.0624999999609375,0.07692307213017781,0.07692307213017781,0.0,0.07692307213017781,0,0,0.28301886792452835,0.04347826085066162
1782.png,একজন পুরুষ দাড়িয়ে আছে।,0.49999999875,0.33333333277777777,0.3999999944,0.3999999944,0.24999999468750006,0.3999999944,0,0,0.4545454545454546,0.24999999968749997
3091338773_9cf10467b4.jpg,একটি কুকুর একটি লাঠি কামড়াচ্ছে,0.3999999992,0.33333333277777777,0.36363635801652905,0.36363635801652905,0.2222222167901236,0.36363635801652905,0,0,0.6363636363636364,0.24999999968749997
8825.png,একটি পুকুর ও একজন মানুষ হেঁটে যাচ্ছে।,0.2857142853061225,0.3999999992,0.33333332791666676,0.33333332791666676,0.1999999948000001,0.33333332791666676,0,0,0.31999999999999995,0.1999999998
IMG_0720.JPG,কিছু মানুষ দাড়িয়ে আছে।,0.249999999375,0.1999999996,0.2222222167901236,0.2222222167901236,0.0,0.2222222167901236,0,0,0.7058823529411764,0.12499999984374999
6632.png,একজন পুরুষ সাইকেল চালিয়ে যাচ্ছে।,0.3999999992,0.49999999875,0.4444444385185186,0.4444444385185186,0.0,0.4444444385185186,0,0,0.5238095238095238,0.2857142853061225
3004291289_c4892898ae.jpg,একজন লোক ও এক মহিলা,0.3999999992,0.2857142853061225,0.33333332791666676,0.33333332791666676,0.1818181768595043,0.33333332791666676,0,0,0.40740740740740744,0.1999999998
2649406158_ded6be38de.jpg,একটি কুকুর একটি জায়গায় দৌড়াচ্ছে,0.3999999992,0.18181818165289254,0.249999995390625,0.249999995390625,0.0,0.249999995390625,0,0,0.34375,0.13333333324444444
1806580620_a8fe0fb9f8.jpg,একটি মেয়ে একটি ক্যামেরা দিয়ে ছবি তুলছে,0.14285714265306124,0.16666666638888888,0.15384614863905344,0.15384614863905344,0.0,0.15384614863905344,0,0,0.33333333333333337,0.09090909082644627
1007320043_627395c3d8.jpg,একটি শিশু একটি লাল এবং একটি <unk> <unk>,0.37499999953124996,0.29999999969999996,0.3333333280246914,0.3333333280246914,0.14285713765306143,0.3333333280246914,0,0,0.40625,0.24999999979166665
3266399073_40820596d5.jpg,একটি টেবিলে বসে ছবি তুলছে,0.5999999988,0.49999999916666665,0.5454545395041324,0.5454545395041324,0.4444444385185186,0.5454545395041324,0,0,0.36363636363636365,0.37499999953124996
8673.png,তিনজন পুরুষ দাড়িয়ে আছে।,0.249999999375,0.3333333322222222,0.28571428000000004,0.28571428000000004,0.0,0.28571428000000004,0,0,0.3548387096774194,0.16666666638888888
958.png,একটি শিশু আছে।,0.3333333322222222,0.1999999996,0.24999999468750006,0.24999999468750006,0.0,0.24999999468750006,0,0,0.2222222222222222,0.14285714265306124
4524.png,কয়েকজন মানুষ আছে।,0.0,0.0,0.0,0.0,0.0,0.0,0,0,0.25,0.0
2733659177_d74a00995b.jpg,একটি ছেলে একটি গাছের নিচে গাছে উঠছে।,0.571428570612245,0.571428570612245,0.5714285656122451,0.5714285656122451,0.4999999941666667,0.5714285656122451,0,0,0.75,0.3333333329629629
2164363131_6930455d45.jpg,একটি সাদা কুকুর একটি <unk> দৌড়াচ্ছে,0.6666666655555555,0.30769230745562126,0.4210526268144044,0.4210526268144044,0.15384614887573977,0.3999999946666667,0,0,0.4545454545454546,0.21428571413265304
3934.png,একজন পুরুষ একটি <unk>,0.249999999375,0.12499999984374999,0.16666666194444454,0.16666666194444454,0.0,0.16666666194444454,0,0,0.25806451612903225,0.09090909082644627
294353408_d459bdaa68.jpg,একটি কুকুর একটি সাদা কুকুরের সাথে খেলছে।,0.4285714279591837,0.4285714279591837,0.42857142295918377,0.42857142295918377,0.3333333277777778,0.42857142295918377,0,0,0.5769230769230769,0.1999999998
2269795781_46a296aa21.jpg,একজন টেনিস খেলোয়াড় বলে আঘাত করছেন,0.49999999916666665,0.3333333329629629,0.3999999946666667,0.3999999946666667,0.13333332871111125,0.3529411714878893,0,0,0.72,0.24999999979166665
2891162278_fbf96be4f4.jpg,একটি শিশু লাফ দিচ্ছে,0.49999999875,0.24999999968749997,0.33333332833333335,0.33333332833333335,0.1999999954000001,0.33333332833333335,0,0,0.3793103448275862,0.1999999998
3569406219_f37ebf7b92.jpg,একটি লোক একটি <unk>,0.249999999375,0.16666666638888888,0.1999999948000001,0.1999999948000001,0.0,0.1999999948000001,0,0,0.21875,0.12499999984374999
6559.png,সমুদ্রের পারে নৌকা আছে।,0.249999999375,0.249999999375,0.2499999943750001,0.2499999943750001,0.0,0.2499999943750001,0,0,0.33333333333333337,0.14285714265306124
2716903793_fb7a3d8ba6.jpg,একটি ছেলে একটি পুরুষের সাথে ছবি তুলছে,0.4285714279591837,0.2727272724793388,0.33333332820987654,0.33333332820987654,0.0,0.33333332820987654,0,0,0.31999999999999995,0.2222222219753086
2865376471_43c5e6b941.jpg,দুটি কুকুর একটি ফ্রিসবি ধরে আছে,0.33333333277777777,0.3999999992,0.36363635801652905,0.36363635801652905,0.2222222167901236,0.36363635801652905,0,0,0.47619047619047616,0.2222222219753086
3218861747_5c5c547b66.jpg,একটি শিশু একটি <unk>,0.49999999875,0.2857142853061225,0.36363635834710756,0.36363635834710756,0.0,0.36363635834710756,0,0,0.3214285714285714,0.12499999984374999
5638.png,একটি লোক গান করছে,0.49999999875,0.10526315783933518,0.17391304045368622,0.17391304045368622,0.0,0.08695651879017023,0,0,0.19999999999999996,0.10526315783933518
3376898612_41c91de476.jpg,এক লোক একটি <unk> খেলছে।,0.5999999988,0.29999999969999996,0.39999999502222217,0.39999999502222217,0.15384614934911253,0.39999999502222217,0,0,0.3589743589743589,0.2727272724793388
3399618896_9ef60cd32c.jpg,একজন পুরুষ এবং একজন পুরুষ বসে আছে।,0.14285714265306124,0.1111111109876543,0.12499999492187522,0.12499999492187522,0.0,0.12499999492187522,0,0,0.38235294117647056,0.07692307686390532
95734035_84732a92c1.jpg,একজন পুরুষ বক্তৃতা দিচ্ছে।,0.249999999375,0.12499999984374999,0.16666666194444454,0.16666666194444454,0.0,0.16666666194444454,0,0,0.2727272727272727,0.09090909082644627
8731.png,কিছু মানুষ দাড়িয়ে আছে।,0.49999999875,0.49999999875,0.4999999937500001,0.4999999937500001,0.33333332722222225,0.4999999937500001,0,0,0.625,0.33333333277777777
5634.png,একজন পুরুষ হেঁটে যাচ্ছে।,0.249999999375,0.249999999375,0.2499999943750001,0.2499999943750001,0.0,0.2499999943750001,0,0,0.5333333333333333,0.14285714265306124
913.png,৪ জন মহিলা একসাথে দাড়িয়ে আছে।,0.33333333277777777,0.33333333277777777,0.3333333277777778,0.3333333277777778,0.19999999460000012,0.3333333277777778,0,0,0.5,0.1999999998
IMG_0618.JPG,একটি মহিলা যার পিছনে একজন মহিলা ভিক্ষুক।,0.2857142853061225,0.33333333277777777,0.3076923022485208,0.3076923022485208,0.0,0.16666666152777793,0,0,0.4285714285714286,0.1999999998
5294.png,রাস্তা দিয়ে একটি রাস্তা দিয়ে সাইকেল চালিয়ে যাচ্ছে।,0.24999999968749997,0.33333333277777777,0.2857142804081633,0.2857142804081633,0.16666666152777793,0.2857142804081633,0,0,0.4,0.1999999998
5935.png,একজন পুরুষ আছে।,0.9999999966666667,0.9999999966666667,0.9999999916666666,0.9999999916666666,0.9999999900000001,0.9999999916666666,1,1,1.0,0.9999999966666667
242064301_a9d12f1754.jpg,একজন পুরুষ একটি সাদা শার্ট পরে দাড়িয়ে আছে,0.37499999953124996,0.29999999969999996,0.3333333280246914,0.3333333280246914,0.0,0.23529411238754333,0,0,0.5,0.19999999986666667
2308978137_bfe776d541.jpg,কয়েকজন পুরুষ দাড়িয়ে আছে।,0.0,0.0,0.0,0.0,0.0,0.0,0,0,0.28125,0.0
152029243_b3582c36fa.jpg,একজন লোক একটি পাথুরে পাহাড় বেয়ে উঠছে,0.4285714279591837,0.2727272724793388,0.33333332820987654,0.33333332820987654,0.0,0.2666666613333334,0,0,0.5135135135135135,0.19999999986666667
4027.png,একটি শিশু দাড়িয়ে আছে।,0.7499999981250001,0.4285714279591837,0.5454545398347109,0.5454545398347109,0.0,0.5454545398347109,0,0,0.3913043478260869,0.37499999953124996
2908466042_bf07cb52c7.jpg,একটি কুকুর একটি ছোট কুকুরের সাথে খেলছে।,0.2857142853061225,0.2857142853061225,0.28571428030612256,0.28571428030612256,0.16666666138888903,0.28571428030612256,0,0,0.5,0.18181818165289254
5767.png,একটি <unk> তিনটি নৌকা দেখা যাচ্ছে।,0.33333333277777777,0.24999999968749997,0.2857142804081633,0.2857142804081633,0.0,0.2857142804081633,0,0,0.375,0.16666666652777776
3218481970_1fa627b3da.jpg,একজন বাস্কেটবল খেলোয়াড় বল হাতে নিয়ে কসরত দেখাচ্ছে,0.37499999953124996,0.49999999916666665,0.4285714230612245,0.4285714230612245,0.33333332791666676,0.4285714230612245,0,0,0.6571428571428571,0.2727272724793388
4110.png,কয়েকজন মানুষ আছে।,0.3333333322222222,0.09090909082644627,0.14285713928571436,0.14285713928571436,0.0,0.14285713928571436,0,0,0.2857142857142857,0.09090909082644627
6679.png,গাছের নিচে একটি ডাব গাছ আছে।,0.33333333277777777,0.49999999875,0.3999999944,0.3999999944,0.0,0.3999999944,0,0,0.368421052631579,0.24999999968749997
5408.png,একজন পুরুষ ঝর্ণার পানিতে নেমে আসছেন।,0.49999999916666665,0.5999999988,0.5454545395041324,0.5454545395041324,0.2222222167901236,0.5454545395041324,0,0,0.6,0.37499999953124996
5269.png,একজন মানুষ উপরে আকাশের নিচে নামার প্রস্তুতি নিচ্ছে,0.0,0.0,0.0,0.0,0.0,0.0,0,0,0.17647058823529416,0.0
300.png,একজন বৃদ্ধ নারী বসে কাজ করছে।,0.16666666638888888,0.04761904759637188,0.07407407056241444,0.07407407056241444,0.0,0.07407407056241444,0,0,0.2857142857142857,0.039999999984
1476.png,৪ জন ছেলে দাড়িয়ে চেয়ে আছে।,0.33333333277777777,0.14285714275510203,0.19999999560000006,0.19999999560000006,0.0,0.1428571377551022,0,0,0.2592592592592593,0.11764705875432525
3086790344_9487c58624.jpg,এক বালিকা সাঁতার কাটছে,0.49999999875,0.33333333277777777,0.3999999944,0.3999999944,0.24999999468750006,0.3999999944,0,0,0.5714285714285714,0.24999999968749997
747921928_48eb02aab2.jpg,একটি বিশাল লোমশ কুকুর পানি থেকে লাফ দিচ্ছে,0.12499999984374999,0.16666666638888888,0.1428571377551022,0.1428571377551022,0.0,0.1428571377551022,0,0,0.3928571428571429,0.07692307686390532
2892395757_0a1b0eedd2.jpg,একটি <unk> একটি <unk> একটি <unk>,0.33333333277777777,0.33333333277777777,0.3333333277777778,0.3333333277777778,0.19999999460000012,0.3333333277777778,0,0,0.41666666666666663,0.33333333277777777
4743.png,একজন লোক একটি বড় কাগজে স্বাক্ষর দিতে সাহায্য করছেন৷,0.2222222219753086,0.24999999968749997,0.23529411238754333,0.23529411238754333,0.0,0.11764705370242234,0,0,0.4473684210526315,0.14285714275510203
3558796959_fc4450be56.jpg,একজন টেনিস ব্যাট হাতে টেনিস খেলোয়াড় বলে আঘাত করছেন,0.3333333329629629,0.37499999953124996,0.3529411710726644,0.3529411710726644,0.24999999468750006,0.3529411710726644,0,0,0.46341463414634143,0.23076923059171597
1396064003_3fd949c9dd.jpg,একজন লোক একটি সার্ফবোর্ডে চড়ে শূন্যে লাফ দিচ্ছে,0.24999999968749997,0.2857142853061225,0.2666666613333334,0.2666666613333334,0.15384614863905344,0.2666666613333334,0,0,0.46875,0.15384615372781063
808245064_8a7971fc5b.jpg,একজন লোক কাঁধে হাত রেখে দাড়িয়ে আছে একজন অন্ধ পুরুষ।,0.1999999998,0.33333333277777777,0.24999999500000003,0.24999999500000003,0.14285713806122466,0.24999999500000003,0,0,0.41666666666666663,0.15384615372781063
3223055565_68973f5d20.jpg,একটি কালো কুকুর একটি কালো কুকুর লাফ দিচ্ছে,0.24999999968749997,0.14285714275510203,0.1818181770247935,0.1818181770247935,0.0999999953500002,0.1818181770247935,0,0,0.5,0.11764705875432525
929679367_ff8c7df2ee.jpg,একটি কালো এবং সাদা কালো এবং সাদা কালো এবং সাদা কালো এবং সাদা কালো এবং সাদা কালো এবং সাদা কালো এবং সাদা কালো এবং সাদা কালো এবং সাদা কালো এবং সাদা কালো এবং সাদা কালো এবং সাদা কালো এবং সাদা,0.0499999999875,0.18181818165289254,0.07843136913494825,0.07843136913494825,0.0,0.07843136913494825,0,0,0.19999999999999996,0.16666666652777776
6354.png,একজন পুরুষ বসে আছে।,0.49999999875,0.49999999875,0.4999999937500001,0.4999999937500001,0.0,0.4999999937500001,0,0,0.7142857142857143,0.33333333277777777
IMG_2242.JPG,একটা লোক টি,0.6666666644444444,0.33333333277777777,0.44444443901234576,0.44444443901234576,0.28571428081632655,0.44444443901234576,0,0,0.2727272727272727,0.2857142853061225
1424237335_b3be9920ba.jpg,দুটি শিশু দুটি শিশু একটি <unk> উপর দিয়ে খেলছে।,0.3333333329629629,0.3333333329629629,0.333333327962963,0.333333327962963,0.22222221703703712,0.333333327962963,0,0,0.4242424242424242,0.23076923059171597
5568.png,একটি শিশু হেঁটে যাচ্ছে।,0.49999999875,0.6666666644444444,0.5714285648979592,0.5714285648979592,0.39999999360000005,0.5714285648979592,0,0,0.6153846153846154,0.3999999992
346891387_1219679685581860_7056564485612599010_n.jpg,একজন পুরুষ মাথায় কিছু মানুষ বসে কাজ করছে।,0.24999999968749997,0.16666666652777776,0.1999999950000001,0.1999999950000001,0.0,0.1999999950000001,0,0,0.39583333333333337,0.11764705875432525
1292.png,একদল লোক হাত তুলে দিচ্ছে।,0.0,0.0,0.0,0.0,0.0,0.0,0,0,0.2093023255813954,0.0
3593.png,একজন মানুষ লাফ দিচ্ছে।,0.0,0.0,0.0,0.0,0.0,0.0,0,0,0.34615384615384615,0.0
3286017638_c688c83e3d.jpg,একটি ফুটবল খেলা চলাকালীন একজন ফুটবল খেলছে,0.4285714279591837,0.21428571413265304,0.28571428099773244,0.28571428099773244,0.10526315346260404,0.19047618585034026,0,0,0.3584905660377359,0.1874999998828125
506738508_327efdf9c3.jpg,একজন লোক একটি তলোয়ার হাতে নিয়ে দাঁড়িয়ে আছে,0.37499999953124996,0.16666666657407406,0.23076922633136102,0.23076922633136102,0.11111110623456812,0.1999999950000001,0,0,0.30434782608695654,0.13636363630165288
2796801478_8ebd7e550b.jpg,একজন স্কেটবোর্ডার একটি স্কেটবোর্ডে চড়ে শূন্যে ভাসছে,0.4285714279591837,0.29999999969999996,0.35294117121107266,0.35294117121107266,0.13333332835555572,0.23529411252595167,0,0,0.5,0.21428571413265304
2747436384_9470c56cb9.jpg,পাঁচজন মানুষ একটি ঢেউ আসার জন্য একটি ঢেউ আসার জন্য একটি ঢেউ আসার জন্য একটি ঢেউ আসার জন্য একটি ঢেউ আসার জন্য একটি ঢেউ আসার জন্য একটি ঢেউ আসার জন্য একটি ঢেউ আসার জন্য একটি ঢেউ আসার জন্য একটি ঢেউ,0.02499999999375,0.16666666638888888,0.04347825858223074,0.04347825858223074,0.0,0.04347825858223074,0,0,0.16666666666666663,0.09090909082644627
IMG_2277.JPG,লোক টি বসে আছে,0.9999999975,0.7999999984,0.8888888819753088,0.8888888819753088,0.6666666594444445,0.8888888819753088,0,0,0.7692307692307692,0.7999999984
94232465_a135df2711.jpg,একটি শিশু একটি ছোট বালক একটি ছোট বালক একটি ছোট বালক একটি ছোট বালক একটি ছোট বালক একটি ছোট বালক একটি ছোট বালক একটি ছোট বালক একটি ছোট বালক একটি ছোট বালক একটি ছোট বালক একটি ছোট বালক একটি ছোট,0.07499999998125,0.23076923059171597,0.11320754342470642,0.11320754342470642,0.03921568266051552,0.11320754342470642,0,0,0.19999999999999996,0.14285714275510203
465994762_1760e83c5d.jpg,একটি কুকুর একটি লাঠি বহন করে আছে,0.2857142853061225,0.49999999875,0.36363635834710756,0.36363635834710756,0.2222222172839507,0.36363635834710756,0,0,0.45833333333333337,0.24999999968749997
3907.png,একটি কুকুর ছবি তুলছে।,0.249999999375,0.14285714265306124,0.1818181768595043,0.1818181768595043,0.0,0.1818181768595043,0,0,0.4,0.0999999999
822836318_21544f0f78.jpg,তুষার আবৃত পৃষ্ঠের উপর একটি শিশু তুষারের মধ্যে দিয়ে ঢেকে রাখেন,0.18181818165289254,0.49999999875,0.26666666240000003,0.26666666240000003,0.09090908586776886,0.26666666240000003,0,0,0.33333333333333337,0.15789473675900276
2368.png,একজন পুরুষ ও একজন নারী ও একজন নারী ও একজন নারী ও একজন নারী ও একজন নারী ও একজন নারী ও একজন নারী ও একজন নারী ও একজন নারী ও একজন নারী ও একজন নারী ও একজন নারী ও একজন,0.0,0.0,0.0,0.0,0.0,0.0,0,0,0.0888888888888889,0.0
899.png,একজন পুরুষ একটি <unk> <unk> <unk> <unk> <unk> <unk> <unk> <unk> <unk> <unk> <unk> <unk> <unk> <unk> <unk> <unk> <unk> <unk> <unk> <unk> <unk> <unk> <unk> <unk> <unk> <unk> <unk> <unk> <unk> <unk> <unk> <unk> <unk> <unk> <unk> <unk> <unk>,0.0,0.0,0.0,0.0,0.0,0.0,0,0,0.050000000000000044,0.0
7611.png,একজন পুরুষ বসে কাজ করছে।,0.5999999988,0.37499999953124996,0.46153845609467453,0.46153845609467453,0.36363635834710756,0.46153845609467453,0,0,0.5483870967741935,0.37499999953124996
6815.png,একজন পুরুষ ও একজন নারী দাড়িয়ে আছে।,0.2857142853061225,0.6666666644444444,0.39999999500000005,0.39999999500000005,0.0,0.39999999500000005,0,0,0.36,0.2857142853061225
2984174290_a915748d77.jpg,একজন লোক একটি ঢেউ এর উপর দিয়ে একটি ঢেউ সার্ফ করছে,0.18181818165289254,0.33333333277777777,0.2352941128027682,0.2352941128027682,0.0,0.2352941128027682,0,0,0.41025641025641024,0.15384615372781063
2279945145_8815c59217.jpg,একটি কুকুর একটি বাদামী কুকুরের সাথে খেলা করছে,0.37499999953124996,0.4285714279591837,0.3999999944888889,0.3999999944888889,0.15384614863905344,0.2857142804081633,0,0,0.5333333333333333,0.2727272724793388
3637966641_1b108a35ba.jpg,দুজন বেসবল খেলোয়াড় একটি বল ধরার চেষ্টা করছে,0.49999999937499995,0.28571428551020406,0.36363635867768596,0.36363635867768596,0.1999999952500001,0.36363635867768596,0,0,0.46875,0.2222222220987654
107582366_d86f2d3347.jpg,একজন পুরুষ ও একজন নারী দাড়িয়ে আছে।,0.14285714265306124,0.12499999984374999,0.13333332817777796,0.13333332817777796,0.0,0.13333332817777796,0,0,0.31034482758620685,0.07692307686390532
8581.png,একজন বালক একটি <unk>,0.249999999375,0.249999999375,0.2499999943750001,0.2499999943750001,0.0,0.2499999943750001,0,0,0.25,0.14285714265306124
2045928594_92510c1c2a.jpg,একটি লাল রঙের জামা পরে ছেলেটি স্কেটবোর্ডিং করছে,0.24999999968749997,0.14285714275510203,0.1818181770247935,0.1818181770247935,0.0,0.12499999484375018,0,0,0.3076923076923077,0.09999999995
2044063458_fcc76a7636.jpg,একটি কালো <unk> বল ধরার চেষ্টা করছে দুটি কুকুর একটি বল ধরার চেষ্টা করছে,0.28571428551020406,0.49999999937499995,0.36363635867768596,0.36363635867768596,0.11111110697530877,0.36363635867768596,0,0,0.3921568627450981,0.30769230745562126
2839789830_89668775a4.jpg,একটি কুকুর একটি ফ্রিসবি নিয়ে দৌড়াচ্ছে,0.49999999916666665,0.49999999916666665,0.4999999941666667,0.4999999941666667,0.19999999460000012,0.4999999941666667,0,0,0.5,0.37499999953124996
_MG_1856.JPG,রেল স্টেশনে একটি ট্রেন ট্রেন লাইনের উপর ট্রেন লাইনের উপর বসে আছে।,0.16666666652777776,0.3999999992,0.23529411321799312,0.23529411321799312,0.0,0.23529411321799312,0,0,0.276595744680851,0.18181818165289254
9038.png,কয়েকজন মানুষ দাড়িয়ে আছে।,0.249999999375,0.249999999375,0.2499999943750001,0.2499999943750001,0.0,0.2499999943750001,0,0,0.5625,0.14285714265306124
4861.png,দূরে একজন মানুষ হেঁটে যাচ্ছে।,0.0,0.0,0.0,0.0,0.0,0.0,0,0,0.2777777777777778,0.0
2918769188_565dd48060.jpg,একটি শিশু পানিতে সাঁতার কাটছে,0.3999999992,0.3999999992,0.39999999420000004,0.39999999420000004,0.2499999943750001,0.39999999420000004,0,0,0.6,0.24999999968749997
2339.png,পাঁচজন মানুষ আছে।,0.3333333322222222,0.1999999996,0.24999999468750006,0.24999999468750006,0.0,0.24999999468750006,0,0,0.3157894736842105,0.14285714265306124
535309053_ec737abde8.jpg,একটি ছাতার ছায়ায় বসে আছে,0.1999999996,0.16666666638888888,0.1818181765289258,0.1818181765289258,0.0,0.1818181765289258,0,0,0.2941176470588235,0.12499999984374999
3153067758_53f003b1df.jpg,একজন লোক একটি <unk> <unk> <unk> <unk> <unk> <unk> <unk> <unk> <unk> <unk> <unk> <unk> <unk> <unk> <unk> <unk> <unk> <unk> <unk> <unk> <unk> <unk> <unk> <unk> <unk> <unk> <unk> <unk> <unk> <unk> <unk> <unk> <unk> <unk> <unk> <unk> <unk>,0.0499999999875,0.2857142853061225,0.08510638040742426,0.08510638040742426,0.0,0.08510638040742426,0,0,0.08176100628930816,0.2222222219753086
3518126579_e70e0cbb2b.jpg,এক স্কেটবোর্ডার একটি <unk> একটি <unk> <unk> করছে,0.12499999984374999,0.16666666638888888,0.1428571377551022,0.1428571377551022,0.0,0.1428571377551022,0,0,0.32352941176470584,0.0999999999
6881.png,একজন লোক সাইকেল চালাচ্ছে,0.49999999875,0.49999999875,0.4999999937500001,0.4999999937500001,0.0,0.4999999937500001,0,0,0.7894736842105263,0.33333333277777777
8282.png,একজন নারী আছে।,0.3333333322222222,0.3333333322222222,0.33333332722222225,0.33333332722222225,0.0,0.33333332722222225,0,0,0.6,0.1999999996
3363750526_efcedc47a9.jpg,একটি কুকুর একটি সৈকতে দৌড়াচ্ছে,0.5999999988,0.7499999981250001,0.6666666602469137,0.6666666602469137,0.28571428000000004,0.6666666602469137,0,0,0.8,0.5999999988
3110649716_c17e14670e.jpg,একজন পুরুষ হাতে মোবাইল হাতে নিয়ে দাড়িয়ে আছে,0.24999999968749997,0.1999999998,0.22222221703703712,0.22222221703703712,0.0,0.22222221703703712,0,0,0.36585365853658536,0.13333333324444444
6397.png,একজন পুরুষ হেঁটে যাচ্ছে।,0.0,0.0,0.0,0.0,0.0,0.0,0,0,0.4,0.0
4639.png,কয়েকজন মানুষ আছে।,0.6666666644444444,0.3999999992,0.49999999406250006,0.49999999406250006,0.0,0.49999999406250006,0,0,0.4736842105263158,0.33333333277777777
3362805914_72f60ee8cb.jpg,একটি ছোট মেয়ে ঘাসের মধ্যে তার হাতে একটি লাঠি হাতে নিয়ে ঘাসে বসে আছে,0.28571428551020406,0.4444444439506172,0.3478260818903592,0.3478260818903592,0.1904761855782314,0.33333332819444444,0,0,0.48888888888888893,0.2352941175086505
3247423890_163f00a2cb.jpg,একজন লোক একটি বল নিয়ে দাড়িয়ে আছে একজন পুরুষ একটি বল নিয়ে দাড়িয়ে আছে একজন পুরুষ একটি বল নিয়ে দাড়িয়ে আছে একজন পুরুষ একটি বল নিয়ে দাড়িয়ে আছে একজন পুরুষ একটি বল নিয়ে দাড়িয়ে আছে একজন পুরুষ একটি বল নিয়ে,0.099999999975,0.4444444439506172,0.1632653030570596,0.1632653030570596,0.0851063801177004,0.1632653030570596,0,0,0.19047619047619047,0.30769230745562126
1150.png,কয়েকজন নারী আছে।,0.6666666644444444,0.2857142853061225,0.39999999500000005,0.39999999500000005,0.0,0.39999999500000005,0,0,0.31999999999999995,0.24999999968749997
7640.png,একজন পুরুষ একটি শিশু আছে।,0.5999999988,0.37499999953124996,0.46153845609467453,0.46153845609467453,0.1818181768595043,0.3076923024852071,0,0,0.3846153846153846,0.3333333329629629
2414986483_004936f84b.jpg,একজন মেয়ে একটি <unk> একটি <unk> <unk> করছে,0.37499999953124996,0.4285714279591837,0.3999999944888889,0.3999999944888889,0.0,0.13333332817777796,0,0,0.3548387096774194,0.3333333329629629
3109704348_c6416244ce.jpg,একজন ফুটবল খেলা খেলছেন যাদের একজন ফুটবল খেলা থেকে নেমে এসেছে,0.09090909082644627,0.3333333322222222,0.14285713928571436,0.14285713928571436,0.0,0.14285713928571436,0,0,0.4042553191489362,0.0999999999
7604.png,সমুদ্রের পারে একজন মানুষ দাড়িয়ে আছে।,0.33333333277777777,0.6666666644444444,0.44444443901234576,0.44444443901234576,0.0,0.44444443901234576,0,0,0.5128205128205128,0.2857142853061225
4322.png,রাস্তা দিয়ে গাড়ি যাচ্ছে।,0.249999999375,0.1999999996,0.2222222167901236,0.2222222167901236,0.0,0.2222222167901236,0,0,0.4736842105263158,0.12499999984374999
3690431163_1d81e19549.jpg,দুইজন পুরুষ আছে।,0.0,0.0,0.0,0.0,0.0,0.0,0,0,0.1707317073170732,0.0
IMG_9585.JPG,একজন মহিলা বসে আছে,0.49999999875,0.24999999968749997,0.33333332833333335,0.33333332833333335,0.0,0.2222222167901236,0,0,0.3125,0.1999999998
7387.png,একজন পুরুষ সাইকেল চালিয়ে যাচ্ছে।,0.0,0.0,0.0,0.0,0.0,0.0,0,0,0.2727272727272727,0.0
8836.png,একটি নৌকায় কয়েকজন মানুষ আছে।,0.5999999988,0.4285714279591837,0.4999999943055557,0.4999999943055557,0.1999999948000001,0.4999999943055557,0,0,0.6153846153846154,0.3333333329629629
3170110692_d1e0e66cee.jpg,একজন পুরুষ ও এক লোক বসে আছে,0.4285714279591837,0.24999999979166665,0.31578946869806096,0.31578946869806096,0.1818181765289258,0.3076923022485208,0,0,0.5454545454545454,0.1874999998828125
8365.png,একজন বৃদ্ধ পুরুষ বসে আছে।,0.5999999988,0.7499999981250001,0.6666666602469137,0.6666666602469137,0.5714285648979592,0.6666666602469137,0,0,0.6666666666666667,0.49999999916666665
3316.png,কয়েকজন মানুষ আছে।,0.6666666644444444,0.33333333277777777,0.44444443901234576,0.44444443901234576,0.0,0.44444443901234576,0,0,0.4545454545454546,0.2857142853061225
4429.png,একজন পুরুষ বসে আছে।,0.249999999375,0.1999999996,0.2222222167901236,0.2222222167901236,0.0,0.2222222167901236,0,0,0.33333333333333337,0.12499999984374999
7075.png,একটি নৌকায় কয়েকজন মানুষ আছে।,0.9999999980000001,0.49999999949999996,0.6666666613333334,0.6666666613333334,0.6153846101775148,0.6666666613333334,0,0,0.5,0.6249999992187499
2615.png,একটি শিশু আছে।,0.0,0.0,0.0,0.0,0.0,0.0,0,0,0.18518518518518523,0.0
7363.png,একজন পুরুষ একটি মাছ বিক্রি করছে,0.16666666638888888,0.16666666638888888,0.16666666138888903,0.16666666138888903,0.0,0.16666666138888903,0,0,0.34782608695652173,0.0999999999
2315418282_80bd0bb1c0.jpg,একটি সাদা কুকুর বরফে খেলছে,0.5999999988,0.29999999969999996,0.39999999502222217,0.39999999502222217,0.3076923029585799,0.39999999502222217,0,0,0.4473684210526315,0.24999999979166665
2522540026_6ee8ab4c6a.jpg,একটি <unk> একটি <unk> থেকে একটি লাল <unk> থেকে একটি লাল <unk> থেকে একটি লাল <unk> থেকে একটি লাল <unk> থেকে একটি লাল <unk> থেকে একটি লাল <unk> থেকে একটি লাল <unk> থেকে একটি লাল <unk> থেকে একটি লাল <unk>,0.0499999999875,0.16666666652777776,0.07692307334319543,0.07692307334319543,0.0,0.07692307334319543,0,0,0.16312056737588654,0.14285714275510203
644.png,লোক টি কালো রঙ এর,0.0,0.0,0.0,0.0,0.0,0.0,0,0,0.23333333333333328,0.0
642987597_03b21a1437.jpg,একটি ছোট ছেলে একটি বড় গাছের উপরে উঠে একটি বড় গাছের উপরে উঠে একটি বড় গাছের উপরে উঠে একটি বড় গাছের উপরে উঠে একটি বড় গাছের উপরে উঠে একটি বড় গাছের উপরে উঠে একটি বড় গাছের উপরে উঠে একটি বড়,0.02499999999375,0.3333333322222222,0.04651162658734455,0.04651162658734455,0.0,0.04651162658734455,0,0,0.10563380281690138,0.1111111109876543
3399798295_a452963365.jpg,এক নারী এবং পুরুষ এবং পুরুষ এবং পুরুষ এবং পুরুষ এবং পুরুষ এবং পুরুষ এবং পুরুষ এবং পুরুষ এবং পুরুষ এবং পুরুষ এবং পুরুষ এবং পুরুষ এবং পুরুষ এবং পুরুষ এবং পুরুষ এবং পুরুষ এবং পুরুষ এবং পুরুষ এবং পুরুষ,0.02499999999375,0.16666666638888888,0.04347825858223074,0.04347825858223074,0.0,0.04347825858223074,0,0,0.13043478260869568,0.1111111109876543
6472.png,একজন পুরুষ হাতে একটা সিগারেট টানছে একজন বাচ্চাকে কোলে নিয়ে আছে।,0.18181818165289254,0.18181818165289254,0.18181817665289268,0.18181817665289268,0.0,0.18181817665289268,0,0,0.37209302325581395,0.10526315783933518
374567836_3ae12ecffb.jpg,একটি কুকুর মুখে একটি ফ্রিসবি নিয়ে খেলছে,0.571428570612245,0.3333333330555555,0.42105262648199443,0.42105262648199443,0.2222222172839507,0.42105262648199443,0,0,0.46153846153846156,0.24999999968749997
583087629_a09334e1fb.jpg,একটি ছোট ছেলে একটি লাল <unk> পোশাক পরে একটি লাল <unk> পোশাক পরে একটি লাল <unk> পোশাক পরে একটি লাল <unk> পোশাক পরে একটি লাল <unk> পোশাক পরে একটি লাল <unk> পোশাক পরে একটি লাল <unk> পোশাক পরে একটি লাল,0.0499999999875,0.2222222219753086,0.08163265002915464,0.08163265002915464,0.0,0.08163265002915464,0,0,0.147887323943662,0.14285714275510203
2679926555_b11cf45595.jpg,একটি ছোট্ট মেয়ে তার মুখ মুছছে তার হাতে একটি লাল সাদা রঙের পোশাক পরে একটি সাদা রঙের পোশাক পরে একটি সাদা রঙের পোশাক পরে একটি সাদা রঙের পোশাক পরে একটি সাদা রঙের পোশাক পরে একটি সাদা রঙের পোশাক পরে একটি,0.07499999998125,0.29999999969999996,0.11999999675200007,0.11999999675200007,0.04166666360243077,0.08510638040742426,0,0,0.18439716312056742,0.11764705875432525
1620.png,একজন পুরুষ একটি শিশু কোলে নিয়ে দাঁড়িয়ে আছে।,0.49999999937499995,0.28571428551020406,0.36363635867768596,0.36363635867768596,0.0999999953500002,0.2727272678512397,0,0,0.3571428571428571,0.2222222220987654
3937.png,একটি নৌকায় কয়েকজন মানুষ আছে।,0.1999999996,0.249999999375,0.2222222167901236,0.2222222167901236,0.0,0.2222222167901236,0,0,0.30000000000000004,0.12499999984374999
3063544435_10516c6937.jpg,একজন লোক পানির ছিটার তৈরি করছে,0.16666666638888888,0.16666666638888888,0.16666666138888903,0.16666666138888903,0.0,0.16666666138888903,0,0,0.40909090909090906,0.09090909082644627
3352871762_c9e88592d3.jpg,একজন মহিলা এবং একজন মহিলা এবং একজন মহিলা এবং একজন মহিলা এবং একজন মহিলা এবং একজন মহিলা এবং একজন মহিলা এবং একজন মহিলা এবং একজন মহিলা এবং একজন মহিলা এবং একজন মহিলা এবং একজন মহিলা এবং একজন মহিলা এবং একজন,0.07499999998125,0.3333333329629629,0.1224489765431071,0.1224489765431071,0.042553188646446534,0.1224489765431071,0,0,0.26875000000000004,0.2222222219753086
7586.png,ট্রেনের ভেতর একজন মহিলা ট্রেনের জানালা দিয়ে ছবি তুলছে।,0.2222222219753086,0.13333333324444444,0.1666666618402779,0.1666666618402779,0.0,0.1666666618402779,0,0,0.3653846153846154,0.09999999995
58.png,একজন নারী আছে।,0.6666666644444444,0.24999999968749997,0.36363635900826446,0.36363635900826446,0.0,0.18181817752066123,0,0,0.23333333333333328,0.2222222219753086
2709648336_15455e60b2.jpg,একটি কুকুর একটি ফ্রিসবি ধরার চেষ্টা করছে,0.571428570612245,0.571428570612245,0.5714285656122451,0.5714285656122451,0.1818181765289258,0.5714285656122451,0,0,0.6071428571428572,0.3333333329629629
2319197581_94f807b204.jpg,সাদা <unk> একটি সাদা সাদা কুকুর একটি বিশাল সাদা সাদা কুকুর একটি বিশাল সাদা সাদা কুকুর একটি বিশাল সাদা সাদা কুকুর একটি বিশাল সাদা সাদা কুকুর একটি বিশাল সাদা সাদা কুকুর একটি বিশাল সাদা সাদা কুকুর একটি বিশাল সাদা সাদা,0.099999999975,0.3333333330555555,0.15384615023668646,0.15384615023668646,0.09302325408328828,0.15384615023668646,0,0,0.204225352112676,0.4285714279591837
3144705706_391d7b77c7.jpg,দুটি শিশু একটি শিশুকে নিয়ে খেলছে।,0.16666666638888888,0.14285714265306124,0.15384614863905344,0.15384614863905344,0.0,0.15384614863905344,0,0,0.4137931034482759,0.09090909082644627
3717845800_ab45e255b8.jpg,একটি ফুটবল খেলা খেলছে,0.249999999375,0.3333333322222222,0.28571428000000004,0.28571428000000004,0.0,0.28571428000000004,0,0,0.4,0.16666666638888888
2208310655_a3d83080c5.jpg,এক বাচ্চা মেয়ে ছবি তুলছে,0.3999999992,0.2857142853061225,0.33333332791666676,0.33333332791666676,0.0,0.33333332791666676,0,0,0.34782608695652173,0.1999999998
3405942945_f4af2934a6.jpg,একটি শিশু একটি ছোট ছেলে একটি নীল রঙের একটি ছোট ছেলে একটি বাদামী জ্যাকেট পরা একটি শিশু একটি ছোট ছেলে একটি নীল রঙের একটি ছোট ছেলে একটি বাদামী জ্যাকেট পরা একটি শিশু একটি ছোট ছেলে একটি নীল রঙের একটি ছোট,0.07499999998125,0.29999999969999996,0.11999999675200007,0.11999999675200007,0.07843136891964646,0.11999999675200007,0,0,0.22535211267605637,0.1874999998828125
2960759328_2d31e4af9b.jpg,কুকুরগুলো একটি সাদা কালো এবং সাদা ও মুখবন্ধ কুকুরগুলো একটি সাদা কালো এবং সাদা ও মুখবন্ধ কুকুরগুলো একটি সাদা কালো এবং সাদা ও মুখবন্ধ কুকুরগুলো একটি সাদা কালো এবং সাদা ও মুখবন্ধ কুকুরগুলো একটি সাদা কালো এবং সাদা ও মুখবন্ধ,0.02499999999375,0.09090909082644627,0.03921568287581729,0.03921568287581729,0.0,0.03921568287581729,0,0,0.18120805369127513,0.05882352937716263
3273625566_2454f1556b.jpg,একটি সাদা এবং তামাটে ও তামাটে ও তামাটে ও তামাটে ও তামাটে ও তামাটে ও তামাটে ও তামাটে ও তামাটে ও তামাটে ও তামাটে ও তামাটে ও তামাটে ও তামাটে ও তামাটে ও তামাটে ও তামাটে ও তামাটে ও তামাটে,0.07499999998125,0.149999999925,0.09999999552222243,0.09999999552222243,0.0689655128121287,0.0666666622000003,0,0,0.2148760330578512,0.1874999998828125
1504.png,কয়েকজন মানুষ দাড়িয়ে আছে।,0.49999999875,0.18181818165289254,0.26666666240000003,0.26666666240000003,0.0,0.26666666240000003,0,0,0.22807017543859653,0.16666666652777776
240696675_7d05193aa0.jpg,একটি কুকুর ঘাসের উপর দাড়িয়ে আছে।,0.49999999916666665,0.49999999916666665,0.4999999941666667,0.4999999941666667,0.19999999460000012,0.3333333277777778,0,0,0.5,0.3333333329629629
3496983524_b21ecdb0c7.jpg,একজন ছোট ছেলে মানুষ।,0.49999999875,0.2222222219753086,0.3076923029585799,0.3076923029585799,0.18181817752066123,0.3076923029585799,0,0,0.4285714285714286,0.1999999998
283.png,একজন পুরুষ বসে আছে।,0.49999999875,0.33333333277777777,0.3999999944,0.3999999944,0.24999999468750006,0.3999999944,0,0,0.44999999999999996,0.24999999968749997
2922.png,একজন পুরুষ একটি শিশু আছে।,0.1999999996,0.05882352937716263,0.09090908731404972,0.09090908731404972,0.0,0.09090908731404972,0,0,0.24137931034482762,0.05263157891966759
3453313865_1ebff5393c.jpg,একজন লোক ফুটপাতে তার <unk> রাস্তায় স্কেটবোর্ড চালাচ্ছে ।,0.3333333329629629,0.29999999969999996,0.31578946836565097,0.31578946836565097,0.12499999484375018,0.31578946836565097,0,0,0.5277777777777778,0.1874999998828125
3537400880_8f410d747d.jpg,একটি মেয়ে একটি <unk> লাফ দিচ্ছে,0.33333333277777777,0.33333333277777777,0.3333333277777778,0.3333333277777778,0.19999999460000012,0.3333333277777778,0,0,0.4444444444444444,0.2222222219753086
1335.png,কয়েকজন পুরুষ দাড়িয়ে আছে।,0.7499999981250001,0.4285714279591837,0.5454545398347109,0.5454545398347109,0.2222222172839507,0.5454545398347109,0,0,0.46153846153846156,0.37499999953124996
3793.png,একটি নৌকায় কয়েকজন মানুষ আছে।,0.5999999988,0.37499999953124996,0.46153845609467453,0.46153845609467453,0.36363635834710756,0.46153845609467453,0,0,0.4838709677419355,0.3333333329629629
inbound4643021152316756623.jpg,কয়েকজন মানুষ দাড়িয়ে আছে।,0.249999999375,0.1999999996,0.2222222167901236,0.2222222167901236,0.0,0.2222222167901236,0,0,0.25,0.12499999984374999
inbound414927263478164719.jpg,একটি পাখি আছে।,0.6666666644444444,0.18181818165289254,0.2857142819387755,0.2857142819387755,0.0,0.2857142819387755,0,0,0.23529411764705888,0.18181818165289254
1330.png,একটি মেয়ে শিশু হেঁটে আসছে।,0.0,0.0,0.0,0.0,0.0,0.0,0,0,0.375,0.0
709.png,একজন নারী আছে।,0.0,0.0,0.0,0.0,0.0,0.0,0,0,0.23809523809523814,0.0
6146.png,কয়েকজন মানুষ হেঁটে যাচ্ছে।,0.49999999875,0.33333333277777777,0.3999999944,0.3999999944,0.24999999468750006,0.3999999944,0,0,0.43999999999999995,0.24999999968749997
1136.png,একজন বয়স্ক নারী দাড়িয়ে আছে।,0.7999999984,0.3636363633057851,0.499999995078125,0.499999995078125,0.14285713857142868,0.499999995078125,0,0,0.3902439024390244,0.3999999996
3220151692_d398ef9779.jpg,একজন মহিলা একটি ফুটবল খেলছে,0.1999999996,0.14285714265306124,0.16666666152777793,0.16666666152777793,0.0,0.16666666152777793,0,0,0.37037037037037035,0.09090909082644627
3845.png,কিছু মানুষ ও একজন পুরুষ ও একজন পুরুষ ও একজন পুরুষ ও একজন পুরুষ ও একজন পুরুষ ও একজন পুরুষ ও একজন পুরুষ ও একজন পুরুষ ও একজন পুরুষ ও একজন পুরুষ ও একজন পুরুষ ও একজন পুরুষ ও একজন,0.07499999998125,0.24999999979166665,0.11538461178994093,0.11538461178994093,0.0,0.11538461178994093,0,0,0.19310344827586212,0.18181818165289254
3901.png,একটি লোক একটি <unk> গাড়ির কাছে বসে আছে,0.12499999984374999,0.12499999984374999,0.12499999484375018,0.12499999484375018,0.0,0.12499999484375018,0,0,0.33333333333333337,0.07142857137755101
1714316707_8bbaa2a2ba.jpg,একজন নারী ও একটি শিশু দাড়িয়ে আছে।,0.2857142853061225,0.15384615372781063,0.1999999952500001,0.1999999952500001,0.11111110654321005,0.1999999952500001,0,0,0.4814814814814815,0.124999999921875
3271252073_0a1b9525fc.jpg,একদল লোক একসাথে ছবি তুলছে,0.0,0.0,0.0,0.0,0.0,0.0,0,0,0.42105263157894735,0.0
8068.png,একজন নারী দাড়িয়ে আছে।,0.7499999981250001,0.4285714279591837,0.5454545398347109,0.5454545398347109,0.2222222172839507,0.5454545398347109,0,0,0.5217391304347826,0.37499999953124996
2192131110_8a40e7c028.jpg,একজন লোক একটি দড়ি ধরে উপরে উঠেছে,0.2857142853061225,0.3999999992,0.33333332791666676,0.33333332791666676,0.1999999948000001,0.33333332791666676,0,0,0.48,0.1999999998
6382.png,একজন মেয়ে সরিষা ফুল লাগিয়ে আছে।,0.33333333277777777,0.6666666644444444,0.44444443901234576,0.44444443901234576,0.13333332871111125,0.44444443901234576,0,0,0.4285714285714286,0.2857142853061225
2257798999_d9d1b9a45a.jpg,দুটি কুকুর ঘাসে একে অপরের দিকে দাঁত দেখিয়ে খেলা করছে,0.1999999998,0.3999999992,0.2666666618666667,0.2666666618666667,0.15384614934911253,0.2666666618666667,0,0,0.38235294117647056,0.15384615372781063
1954.png,সমুদ্রের পারে কয়েকজন মানুষ আছে।,0.1999999996,0.16666666638888888,0.1818181765289258,0.1818181765289258,0.0,0.1818181765289258,0,0,0.4285714285714286,0.0999999999
2903617548_d3e38d7f88.jpg,একটি ছোট মেয়ে একটি <unk> থেকে দেখছে,0.2857142853061225,0.3999999992,0.33333332791666676,0.33333332791666676,0.0,0.33333332791666676,0,0,0.5416666666666667,0.2222222219753086
3592.png,একজন পুরুষ একটি জাল ফেলছে।,0.1999999996,0.12499999984374999,0.15384614887573977,0.15384614887573977,0.0,0.15384614887573977,0,0,0.30000000000000004,0.08333333326388888
6084.png,পানিতে একজন পুরুষ পানিতে নেমে গোসল করছে।,0.4285714279591837,0.7499999981250001,0.5454545398347109,0.5454545398347109,0.44444443901234576,0.5454545398347109,0,0,0.5185185185185186,0.4285714279591837
8155.png,একজন মানুষ বেলচা নিয়ে হেটে যাচ্ছে একজন ছোট ছেলে।,0.1111111109876543,0.16666666638888888,0.13333332835555572,0.13333332835555572,0.0,0.13333332835555572,0,0,0.36363636363636365,0.07692307686390532
7256.png,কয়েকজন মানুষ আছে।,0.6666666644444444,0.3999999992,0.49999999406250006,0.49999999406250006,0.33333332777777785,0.49999999406250006,0,0,0.5789473684210527,0.33333333277777777
6194.png,একটি ছেলে চেয়ে আছেন।,0.49999999875,0.24999999968749997,0.33333332833333335,0.33333332833333335,0.0,0.33333332833333335,0,0,0.5333333333333333,0.1999999998
3370085095_6abbb67c1d.jpg,একজন বয়স্ক লোক একটি <unk>,0.3999999992,0.24999999968749997,0.3076923024852071,0.3076923024852071,0.0,0.2222222167901236,0,0,0.4,0.18181818165289254
ob_1718260802.jpg,সামনে একজন ছোট ছেলে বাচ্চা নিয়ে দাড়িয়ে আছে।,0.0,0.0,0.0,0.0,0.0,0.0,0,0,0.25,0.0
2603334363_cfa32c4482.jpg,এক বাচ্চা মেয়েটি বাঁধানো পথে ট্রাইসাইকেলে দাঁড়িয়ে আছে।,0.12499999984374999,0.1111111109876543,0.11764705370242234,0.11764705370242234,0.0,0.11764705370242234,0,0,0.41666666666666663,0.0624999999609375
3675825945_96b2916959.jpg,একজন স্কেটবোর্ডার ঢালু তল বেয়ে উপরে লাফ দিচ্ছে,0.37499999953124996,0.2727272724793388,0.31578946847645434,0.31578946847645434,0.11764705384083066,0.31578946847645434,0,0,0.4347826086956522,0.1874999998828125
3025315215_a5d367971a.jpg,একটি কালো কুকুর একটি রঙিন কাপড়ের সুড়ঙ্গের ভেতর বসে আছে,0.3999999996,0.4444444439506172,0.4210526261495845,0.4210526261495845,0.3529411710726644,0.4210526261495845,0,0,0.5384615384615384,0.21428571413265304
4344.png,একজন পুরুষ দাড়িয়ে আছে।,0.7499999981250001,0.49999999916666665,0.5999999940000001,0.5999999940000001,0.24999999468750006,0.5999999940000001,0,0,0.65,0.4285714279591837
3552.png,আগুনের পাশে আগুন জ্বলছে,0.0,0.0,0.0,0.0,0.0,0.0,0,0,0.33333333333333337,0.0
3707.png,এক লোক একটি <unk>,0.0,0.0,0.0,0.0,0.0,0.0,0,0,0.33333333333333337,0.0
319847643_df7c2a1d25.jpg,একটি শিশু একটি বড় খোদাই করে নেমে আসা একটি স্কি করে নেমে আসা একটি স্কি করে নেমে আসা একটি স্কি করে নেমে আসা একটি স্কি করে নেমে আসা একটি স্কি করে নেমে আসা একটি স্কি করে নেমে আসা একটি স্কি,0.0499999999875,0.24999999968749997,0.08333333052083343,0.08333333052083343,0.0,0.08333333052083343,0,0,0.1937984496124031,0.07142857137755101
2822891602_ff61df2ece.jpg,একটি শিশু সাঁতার কাটছে,0.7499999981250001,0.29999999969999996,0.42857142387755104,0.42857142387755104,0.1999999954000001,0.42857142387755104,0,0,0.3513513513513513,0.2727272724793388
1318.png,একজন নারী ও একজন নারী আছে।,0.49999999916666665,0.4285714279591837,0.4615384558579882,0.4615384558579882,0.1818181765289258,0.4615384558579882,0,0,0.5833333333333333,0.37499999953124996
1747.png,একটি শিশু তাকিয়ে আছে।,0.49999999875,0.49999999875,0.4999999937500001,0.4999999937500001,0.0,0.4999999937500001,0,0,0.46153846153846156,0.33333333277777777
3296150666_aae2f64348.jpg,একটি নীল রঙের গাড়ি চালাচ্ছে,0.3999999992,0.3999999992,0.39999999420000004,0.39999999420000004,0.0,0.39999999420000004,0,0,0.5555555555555556,0.24999999968749997
_MG_2334.JPG,লোক টি লাল শার্ট পরে,0.5999999988,0.4285714279591837,0.4999999943055557,0.4999999943055557,0.1999999948000001,0.4999999943055557,0,0,0.5,0.3333333329629629
3325974730_3ee192e4ff.jpg,একজন স্কি করছে,0.6666666644444444,0.2222222219753086,0.3333333290277778,0.3333333290277778,0.0,0.3333333290277778,0,0,0.275,0.1999999998
4139.png,রেল লাইনের পাশ দিয়ে একজন পুরুষ দাড়িয়ে আছে।,0.37499999953124996,0.21428571413265304,0.2727272678512397,0.2727272678512397,0.0,0.1818181770247935,0,0,0.2857142857142857,0.15789473675900276
3154693053_cfcd05c226.jpg,একজন লোক বাস্কেটবল খেলছে,0.49999999875,0.6666666644444444,0.5714285648979592,0.5714285648979592,0.0,0.5714285648979592,0,0,0.7222222222222222,0.3999999992
2147.png,একজন পুরুষ মাথায় ক্যাপ পরে।,0.1999999996,0.07692307686390532,0.11111110697530877,0.11111110697530877,0.0,0.11111110697530877,0,0,0.3157894736842105,0.05882352937716263
3721799573_2f470950e0.jpg,একজন পুরুষ এবং একজন মহিলা,0.1999999996,0.1999999996,0.19999999460000012,0.19999999460000012,0.0,0.19999999460000012,0,0,0.30434782608695654,0.12499999984374999
_MG_1776.JPG,একজন পুরুষ আছে।,0.0,0.0,0.0,0.0,0.0,0.0,0,0,0.5454545454545454,0.0
1032460886.jpg,একজন লোক একটি মসজিদ।,0.7499999981250001,0.2727272724793388,0.3999999955555556,0.3999999955555556,0.1999999954000001,0.33333332833333335,0,0,0.37142857142857144,0.24999999979166665
3726076549_0efb38854b.jpg,একজন লোক তার সাইকেল চালাচ্ছে,0.5999999988,0.4285714279591837,0.4999999943055557,0.4999999943055557,0.1999999948000001,0.4999999943055557,0,0,0.56,0.3333333329629629
743571049_68080e8751.jpg,একটি শিশু একটি বড় ভবনের সামনে একটি <unk>,0.37499999953124996,0.3333333329629629,0.3529411710726644,0.3529411710726644,0.15384614863905344,0.3529411710726644,0,0,0.3666666666666667,0.18181818165289254
2951750234_a4741f708b.jpg,একটি বাদামী কুকুর একটি বার অতিক্রম করে,0.4285714279591837,0.21428571413265304,0.28571428099773244,0.28571428099773244,0.10526315346260404,0.24999999476562512,0,0,0.4545454545454546,0.11764705875432525
4345.png,একজন ছোট ছেলে হাঁসি মুখে তাকিয়ে আছে।,0.2857142853061225,0.3999999992,0.33333332791666676,0.33333332791666676,0.0,0.33333332791666676,0,0,0.5217391304347826,0.1999999998
6721.png,একজন পুরুষ কাজ করছে।,0.49999999875,0.3999999992,0.4444444385185186,0.4444444385185186,0.0,0.4444444385185186,0,0,0.5789473684210527,0.2857142853061225
3700.png,একজন শারি পরা মহিলা।,0.249999999375,0.16666666638888888,0.1999999948000001,0.1999999948000001,0.0,0.1999999948000001,0,0,0.3666666666666667,0.1111111109876543
156.png,একজন লোক একটি <unk> <unk> <unk> <unk> <unk> <unk> <unk> <unk> <unk> <unk> <unk> <unk> <unk> <unk> <unk> <unk> <unk> <unk> <unk> <unk> <unk> <unk> <unk> <unk> <unk> <unk> <unk> <unk> <unk> <unk> <unk> <unk> <unk> <unk> <unk> <unk> <unk>,0.02499999999375,0.16666666638888888,0.04347825858223074,0.04347825858223074,0.0,0.04347825858223074,0,0,0.11949685534591192,0.1111111109876543
7027.png,একজন লোক ট্রেনের ভিতর বসে আছে।,0.16666666638888888,0.16666666638888888,0.16666666138888903,0.16666666138888903,0.0,0.16666666138888903,0,0,0.30434782608695654,0.09523809519274376
2265367960_7928c5642f.jpg,একজন লোক একটি <unk> <unk>,0.1999999996,0.16666666638888888,0.1818181765289258,0.1818181765289258,0.0,0.1818181765289258,0,0,0.34782608695652173,0.1111111109876543
2910.png,একজন পুরুষ ঝর্ণার পানিতে ঝাঁপ দিচ্ছে।,0.49999999916666665,0.5999999988,0.5454545395041324,0.5454545395041324,0.14285713806122466,0.5454545395041324,0,0,0.625,0.37499999953124996
5941.png,নদীতে নৌকা আছে।,0.3333333322222222,0.12499999984374999,0.18181817752066123,0.18181817752066123,0.0,0.18181817752066123,0,0,0.24137931034482762,0.0999999999
2377.png,একজন পুরুষ ও কয়েকজন পুরুষ দাড়িয়ে আছে।,0.2857142853061225,0.1999999998,0.23529411252595167,0.23529411252595167,0.13333332835555572,0.23529411252595167,0,0,0.38888888888888884,0.14285714275510203
4836.png,কয়েকজন পুরুষ গোছল করছে।,0.49999999875,0.33333333277777777,0.3999999944,0.3999999944,0.24999999468750006,0.3999999944,0,0,0.5769230769230769,0.24999999968749997
3099504809_565e17e49d.jpg,একজন লোক পাহাড়ে উঠছে,0.249999999375,0.16666666638888888,0.1999999948000001,0.1999999948000001,0.0,0.1999999948000001,0,0,0.4,0.12499999984374999
5685.png,একজন নারী দাড়িয়ে আছে।,0.249999999375,0.1999999996,0.2222222167901236,0.2222222167901236,0.0,0.2222222167901236,0,0,0.375,0.12499999984374999
632251903_b36701a5e9.jpg,এক ছোট বালক একটি ছেলেকে উপরে উঠার চেষ্টা করছে,0.2222222219753086,0.18181818165289254,0.19999999485000008,0.19999999485000008,0.0,0.1379310301070156,0,0,0.3939393939393939,0.1111111110493827
5966.png,একজন নারী আছে।,0.9999999966666667,0.4285714279591837,0.5999999946000001,0.5999999946000001,0.49999999500000003,0.5999999946000001,0,0,0.3448275862068966,0.4285714279591837
535399240_0714a6e950.jpg,একটি ছোট মেয়ে একটি বার ধরে আছে,0.2857142853061225,0.18181818165289254,0.22222221722222232,0.22222221722222232,0.0,0.22222221722222232,0,0,0.36363636363636365,0.13333333324444444
7129.png,একটি শিশু মাথায় কিছু নিয়ে যাচ্ছে।,0.16666666638888888,0.1999999996,0.1818181765289258,0.1818181765289258,0.0,0.1818181765289258,0,0,0.44999999999999996,0.0999999999
3417662443_2eaea88977.jpg,একজন পুরুষ ও একজন পুরুষ মানুষ।,0.16666666638888888,0.12499999984374999,0.1428571377551022,0.1428571377551022,0.0,0.1428571377551022,0,0,0.3548387096774194,0.09090909082644627
2251992614_0c601fae2c.jpg,এক যুবক যুবতী আকর্ষণীয় <unk> বহন করছে,0.2857142853061225,0.24999999968749997,0.2666666613333334,0.2666666613333334,0.0,0.2666666613333334,0,0,0.33333333333333337,0.15384615372781063
3458.png,একজন পুরুষ রাস্তা দিয়ে রাস্তা দিয়ে রাস্তা দিয়ে রাস্তা দিয়ে রাস্তা দিয়ে রাস্তা দিয়ে রাস্তা দিয়ে রাস্তা দিয়ে রাস্তা দিয়ে রাস্তা দিয়ে রাস্তা দিয়ে রাস্তা দিয়ে রাস্তা দিয়ে রাস্তা দিয়ে রাস্তা দিয়ে রাস্তা দিয়ে রাস্তা দিয়ে রাস্তা দিয়ে রাস্তা দিয়ে,0.099999999975,0.28571428551020406,0.14814814425240067,0.14814814425240067,0.0769230731434913,0.07407407020576152,0,0,0.21276595744680848,0.28571428551020406
3122888809_9ae9b4b9b2.jpg,দুটি কুকুর একটি কালো কুকুরের সাথে খেলছে।,0.4285714279591837,0.37499999953124996,0.3999999944888889,0.3999999944888889,0.3076923022485208,0.3999999944888889,0,0,0.5666666666666667,0.24999999979166665
3644.png,একজন পুরুষ ও একজন পুরুষ আছে।,0.8333333319444445,0.6249999992187499,0.7142857083673471,0.7142857083673471,0.16666666152777793,0.5714285657142858,0,0,0.5714285714285714,0.571428570612245
5791.png,একজন পুরুষ বসে আছে একটি টেবিল এর পাশে কিছু মানুষ দাঁড়িয়ে আছে,0.16666666652777776,0.49999999875,0.2499999959375,0.2499999959375,0.14285713928571436,0.2499999959375,0,0,0.375,0.15384615372781063
2130.png,একজন লোক একটি <unk>,0.249999999375,0.07142857137755101,0.1111111075308643,0.1111111075308643,0.0,0.1111111075308643,0,0,0.25,0.05882352937716263
3526150930_580908dab6.jpg,দুটি ছোট মেয়ে একটি ফুল ধরে হাসছে,0.2857142853061225,0.16666666652777776,0.2105263109141275,0.2105263109141275,0.0,0.16666666239583344,0,0,0.36,0.124999999921875
2765029348_667111fc30.jpg,একজন লোক একটি পাহাড়ের উপরে একটি পাহাড়ের উপরে একটি পাহাড়ের উপরে একটি পাহাড়ের উপরে একটি পাহাড়ের উপরে একটি পাহাড়ের উপরে একটি পাহাড়ের উপরে একটি পাহাড়ের উপরে একটি পাহাড়ের উপরে একটি পাহাড়ের উপরে একটি পাহাড়ের উপরে একটি পাহাড়ের উপরে একটি পাহাড়ের,0.0499999999875,0.2222222219753086,0.08163265002915464,0.08163265002915464,0.0,0.08163265002915464,0,0,0.14534883720930236,0.16666666652777776
128404184.jpg,দুই মেয়ে একটি ছোট বাচ্চার কাছে দাঁড়িয়ে আছে।,0.24999999968749997,0.16666666652777776,0.1999999950000001,0.1999999950000001,0.0,0.1904761855782314,0,0,0.38636363636363635,0.11764705875432525
5655.png,একটি <unk> সমুদ্রে নদীতে নৌকা দেখা যাচ্ছে।,0.2857142853061225,0.1111111110493827,0.1599999958400001,0.1599999958400001,0.0,0.1599999958400001,0,0,0.2647058823529411,0.09523809519274376
3362592729_893e26b806.jpg,একজন লোক একটি <unk> <unk> <unk> <unk> <unk> <unk> <unk> <unk> <unk> <unk> <unk> <unk> <unk> <unk> <unk> <unk> <unk> <unk> <unk> <unk> <unk> <unk> <unk> <unk> <unk> <unk> <unk> <unk> <unk> <unk> <unk> <unk> <unk> <unk> <unk> <unk> <unk>,0.0,0.0,0.0,0.0,0.0,0.0,0,0,0.07547169811320753,0.0
2494.png,একজন নারী ও একজন নারী দাড়িয়ে আছে।,0.7142857132653061,0.41666666631944443,0.5263157842659281,0.5263157842659281,0.2352941128027682,0.5263157842659281,0,0,0.4444444444444444,0.3636363633057851
8247.png,ইট ধরে দাড়িয়ে আছে,0.0,0.0,0.0,0.0,0.0,0.0,0,0,0.25,0.0
3346614841_698f9aa486.jpg,একজন পুরুষ,0.4999999975,0.1999999996,0.28571428081632655,0.28571428081632655,0.0,0.28571428081632655,0,0,0.33333333333333337,0.16666666638888888
2629346153_155ba73ae9.jpg,একটি কুকুর একটি ফ্রিসবি ধরার চেষ্টা করছে,0.4285714279591837,0.3333333329629629,0.374999994609375,0.374999994609375,0.1428571377551022,0.374999994609375,0,0,0.4193548387096774,0.16666666652777776
1094606832.jpg,একজন লোক একটি <unk> রান্নাঘরে তারা টেবিলের চারপাশে খাবার রান্না করছেন।,0.18181818165289254,0.24999999968749997,0.21052631069252087,0.21052631069252087,0.0,0.10526315290858747,0,0,0.2978723404255319,0.11764705875432525
590.png,একজন ছোট ছেলে মাথায় <unk>,0.3999999992,0.16666666652777776,0.23529411321799312,0.23529411321799312,0.0,0.23529411321799312,0,0,0.33333333333333337,0.16666666652777776
757133580_ba974ef649.jpg,লাল ও সাদা জামা পরা একটা মেয়ে শিশু পতাকা নিয়ে যাচ্ছে।,0.18181818165289254,0.2222222219753086,0.19999999485000008,0.19999999485000008,0.0,0.19999999485000008,0,0,0.3529411764705882,0.1111111110493827
2070.png,একদল বাচ্চা একটি <unk>,0.249999999375,0.1999999996,0.2222222167901236,0.2222222167901236,0.0,0.2222222167901236,0,0,0.25,0.12499999984374999
ob_1716989674.jpg,একজন পুরুষ দাড়িয়ে আছে।,0.0,0.0,0.0,0.0,0.0,0.0,0,0,0.19999999999999996,0.0
3264.png,একটি রাস্তা দিয়ে একজন মানুষ হেঁটে যাচ্ছে।,0.2857142853061225,0.6666666644444444,0.39999999500000005,0.39999999500000005,0.24999999562500003,0.39999999500000005,0,0,0.3846153846153846,0.24999999984375
3069037969_bb7319e0dc.jpg,একটি কালো কুকুর পুলে সাঁতার কাটছে,0.6666666655555555,0.9999999975,0.7999999936,0.7999999936,0.24999999468750006,0.7999999936,0,0,0.7142857142857143,0.6666666655555555
7469.png,একটি ট্রেন এর সামনে অনেক মানুষ দেখা যাচ্ছে।,0.24999999968749997,0.15384615372781063,0.1904761855782314,0.1904761855782314,0.0,0.1904761855782314,0,0,0.3793103448275862,0.11764705875432525
3327.png,অনেকগুলো মানুষ দাড়িয়ে আছে।,0.7499999981250001,0.37499999953124996,0.49999999472222234,0.49999999472222234,0.1999999954000001,0.33333332833333335,0,0,0.32258064516129037,0.4285714279591837
1358089136_976e3d2e30.jpg,একজন লোক একটি বরফের পাহাড়ে আরোহণ করছে,0.4285714279591837,0.37499999953124996,0.3999999944888889,0.3999999944888889,0.0,0.2666666613333334,0,0,0.4666666666666667,0.24999999979166665
2467850190_07a74d89b7.jpg,একটি কালো কুকুর একটি কালো রঙ এর পাশে বসে আছে,0.3999999996,0.49999999937499995,0.4444444390123457,0.4444444390123457,0.0,0.4444444390123457,0,0,0.46875,0.24999999979166665
2029.png,নদীর ঘাটে কয়েকটা নৌকা দেখা যাচ্ছে।,0.0,0.0,0.0,0.0,0.0,0.0,0,0,0.33333333333333337,0.0
4806.png,একটি শিশু আছে।,0.3333333322222222,0.3333333322222222,0.33333332722222225,0.33333332722222225,0.0,0.33333332722222225,0,0,0.30000000000000004,0.1999999996
245.png,একটি নৌকায় কয়েকজন মানুষ আছে।,0.1999999996,0.1111111109876543,0.14285713806122466,0.14285713806122466,0.0,0.14285713806122466,0,0,0.375,0.07692307686390532
3634400263_c6fcaa48e1.jpg,একটি ছেলে সাইকেল দিয়ে বাতাসে লাফিয়ে কসরত দেখাচ্ছেন,0.24999999968749997,0.2857142853061225,0.2666666613333334,0.2666666613333334,0.0,0.13333332817777796,0,0,0.4242424242424242,0.15384615372781063
2844.png,একজন পুরুষ দাড়িয়ে আছে।,0.9999999975,0.3636363633057851,0.533333328711111,0.533333328711111,0.42857142459183667,0.533333328711111,0,0,0.375,0.3999999996
1213336750_2269b51397.jpg,একজন লোক একটি <unk> ছবি তুলছে,0.6666666655555555,0.3999999996,0.4999999946875,0.4999999946875,0.15384614887573977,0.4285714230612245,0,0,0.4545454545454546,0.3333333330555555
469259974_bb03c15c42.jpg,একজন পুরুষ এবং একজন লোক বসে আছে,0.4285714279591837,0.4285714279591837,0.42857142295918377,0.42857142295918377,0.16666666138888903,0.3076923022485208,0,0,0.3846153846153846,0.29999999969999996
3486538055_bcf4d3dfda.jpg,একটি কুকুর একটি বাদামী কুকুরকে তাড়া করছে,0.7142857132653061,0.6249999992187499,0.6666666608,0.6666666608,0.3076923022485208,0.5333333276444445,0,0,0.6451612903225806,0.4444444439506172
8480.png,কয়েকজন মানুষ আছে।,0.6666666644444444,0.6666666644444444,0.6666666594444445,0.6666666594444445,0.4999999925000001,0.6666666594444445,0,0,0.75,0.49999999875
339350939_6643bfb270.jpg,সমুদ্রের তীরে একটি কুকুর সৈকতে দাঁড়িয়ে আছে,0.571428570612245,0.4444444439506172,0.49999999445312515,0.49999999445312515,0.2222222172839507,0.36363635834710756,0,0,0.5517241379310345,0.3333333330555555
3610.png,একজন পুরুষ হাতে নিয়ে দাড়িয়ে আছে তার পাশে দেয়ালে লাগানো থাকে তার পাশে দেয়ালে লাগানো থাকে,0.1874999998828125,0.4285714279591837,0.2608695607561437,0.2608695607561437,0.09523809106575981,0.2608695607561437,0,0,0.38181818181818183,0.19999999986666667
8173.png,জানলা দিয়ে একজন পুরুষ দাড়িয়ে আছে।,0.33333333277777777,0.3999999992,0.36363635801652905,0.36363635801652905,0.0,0.36363635801652905,0,0,0.5454545454545454,0.2222222219753086
412.png,একজন বৃদ্ধ নারী বসে আছে।,0.5999999988,0.37499999953124996,0.46153845609467453,0.46153845609467453,0.0,0.46153845609467453,0,0,0.4285714285714286,0.3333333329629629
3045613316_4e88862836.jpg,একজন লোক একটি <unk> <unk> <unk> <unk> <unk> <unk> <unk> <unk> <unk> <unk> <unk> <unk> <unk> <unk> <unk> <unk> <unk> <unk> <unk> <unk> <unk> <unk> <unk> <unk> <unk> <unk> <unk> <unk> <unk> <unk> <unk> <unk> <unk> <unk> <unk> <unk> <unk>,0.0499999999875,0.2857142853061225,0.08510638040742426,0.08510638040742426,0.04444444211358036,0.08510638040742426,0,0,0.08176100628930816,0.2222222219753086
7078.png,নদীতে একটি নৌকা আছে।,0.7499999981250001,0.49999999916666665,0.5999999940000001,0.5999999940000001,0.49999999406250006,0.5999999940000001,0,0,0.55,0.4285714279591837
6358.png,একজন পুরুষ ও একজন পুরুষ এবং একজন পুরুষ মানুষ।,0.0,0.0,0.0,0.0,0.0,0.0,0,0,0.2571428571428571,0.0
1517.png,কয়েকজন মানুষ আছে।,0.3333333322222222,0.1111111109876543,0.16666666263888896,0.16666666263888896,0.0,0.16666666263888896,0,0,0.24242424242424243,0.09090909082644627
7063.png,কয়েকজন পুরুষ দাড়িয়ে আছে।,0.9999999975,0.9999999975,0.9999999925,0.9999999925,0.9999999916666666,0.9999999925,1,1,1.0,0.9999999975
1865.png,একজন পুরুষ দাড়িয়ে আছে।,0.7499999981250001,0.4285714279591837,0.5454545398347109,0.5454545398347109,0.2222222172839507,0.5454545398347109,0,0,0.3928571428571429,0.37499999953124996
5959.png,নদীর পাড় দিয়ে অনেক মানুষ আছে।,0.33333333277777777,0.2857142853061225,0.3076923022485208,0.3076923022485208,0.1818181765289258,0.3076923022485208,0,0,0.5,0.18181818165289254
8067.png,একটি শিশু আছে।,0.9999999966666667,0.5999999988,0.7499999934375,0.7499999934375,0.33333332777777785,0.7499999934375,0,0,0.5294117647058824,0.5999999988
3079787482_0757e9d167.jpg,একটি শিশু,0.4999999975,0.16666666638888888,0.24999999562500003,0.24999999562500003,0.0,0.24999999562500003,0,0,0.16666666666666663,0.14285714265306124
1912.png,একজন নারী সাইকেল চালাচ্ছে।,0.7499999981250001,0.37499999953124996,0.49999999472222234,0.49999999472222234,0.1999999954000001,0.49999999472222234,0,0,0.41666666666666663,0.4285714279591837
3799.png,একজন পুরুষ ও একটি গরু নিয়ে দাড়িয়ে আছে।,0.6249999992187499,0.8333333319444445,0.7142857083673471,0.7142857083673471,0.33333332791666676,0.7142857083673471,0,0,0.6666666666666667,0.5555555549382716
3174228611_6cf9d2266b.jpg,সাদা জামা পরা বাস্কেটবল খেলোয়াড় বল হাতে নিয়ে দাঁড়িয়ে বাস্কেটবল ড্রিবল করে।,0.16666666652777776,0.2857142853061225,0.2105263109141275,0.2105263109141275,0.11764705411764723,0.2105263109141275,0,0,0.35416666666666663,0.124999999921875
3174.png,গাছের ডালে একটি গাছের নিচে গাছের নিচে গাছের নিচে গাছের নিচে গাছের নিচে গাছের নিচে গাছের নিচে গাছের নিচে গাছের নিচে গাছের নিচে গাছের নিচে গাছের নিচে গাছের নিচে গাছের নিচে গাছের নিচে গাছের নিচে গাছের নিচে গাছের নিচে গাছের,0.02499999999375,0.16666666638888888,0.04347825858223074,0.04347825858223074,0.0,0.04347825858223074,0,0,0.13571428571428568,0.1111111109876543
7320.png,একজন লোক একটি <unk> সাথে কথা বলছে।,0.14285714265306124,0.07142857137755101,0.09523809070294806,0.09523809070294806,0.0,0.09523809070294806,0,0,0.2941176470588235,0.05263157891966759
7091.png,একজন পুরুষ একটি শিশু মাথায় টুপি পরে মাথায় ঝুড়ি নিয়ে দাড়িয়ে আছে।,0.3333333330555555,0.3636363633057851,0.3478260816635161,0.3478260816635161,0.09523809015873042,0.3478260816635161,0,0,0.6190476190476191,0.2222222220987654
515335111_c4afd5b903.jpg,একজন লোক একটি নৌকা বাইছে,0.5999999988,0.3333333329629629,0.42857142336734694,0.42857142336734694,0.16666666194444454,0.42857142336734694,0,0,0.3571428571428571,0.29999999969999996
3010.png,কয়েকজন মানুষ দাড়িয়ে আছে যার পিছনে পাহাড় দেখা যাচ্ছে।,0.2222222219753086,0.6666666644444444,0.3333333290277778,0.3333333290277778,0.19999999640000002,0.3333333290277778,0,0,0.3529411764705882,0.1999999998
670.png,একটি রাস্তা দিয়ে একজন পুরুষ সাইকেল চালিয়ে যাচ্ছে,0.6249999992187499,0.41666666631944443,0.4999999947,0.4999999947,0.33333332820987654,0.4999999947,0,0,0.46808510638297873,0.3846153843195266
7081.png,একজন মেয়ে দাড়িয়ে তাকিয়ে আছে।,0.3999999992,0.2857142853061225,0.33333332791666676,0.33333332791666676,0.0,0.33333332791666676,0,0,0.41666666666666663,0.2222222219753086
3204.png,একজন ছোট ছেলে দাড়িয়ে আছে।,0.1999999996,0.3333333322222222,0.24999999468750006,0.24999999468750006,0.0,0.24999999468750006,0,0,0.3529411764705882,0.14285714265306124
535.png,একজন পুরুষ বেলচা নিয়ে হেঁটে যাচ্ছে।,0.33333333277777777,0.2857142853061225,0.3076923022485208,0.3076923022485208,0.1818181765289258,0.3076923022485208,0,0,0.5909090909090908,0.18181818165289254
3547600292_6f8aac7f2e.jpg,একটি পাখি আছে।,0.9999999966666667,0.3333333329629629,0.4999999954166666,0.4999999954166666,0.33333332777777785,0.4999999954166666,0,0,0.2727272727272727,0.37499999953124996
2086678529_b3301c2d71.jpg,একটি মেয়ে একটি <unk> হাসছে,0.3999999992,0.3999999992,0.39999999420000004,0.39999999420000004,0.2499999943750001,0.39999999420000004,0,0,0.5555555555555556,0.2857142853061225
3485657956_7481582565.jpg,একটি কালো কুকুর ঘাসে ঘুরছে।,0.3999999992,0.2857142853061225,0.33333332791666676,0.33333332791666676,0.1818181768595043,0.3076923024852071,0,0,0.5789473684210527,0.1999999998
7348.png,একজন পুরুষ একটি জাল দিয়ে মাছ ধরছে।,0.4285714279591837,0.37499999953124996,0.3999999944888889,0.3999999944888889,0.15384614863905344,0.3999999944888889,0,0,0.3548387096774194,0.24999999979166665
3687.png,একজন নারী মাথায় কিছু গাছের নিচে বসে আছে।,0.37499999953124996,0.9999999966666667,0.5454545404958677,0.5454545404958677,0.22222221827160496,0.5454545404958677,0,0,0.38636363636363635,0.37499999953124996
6237.png,একটি নৌকা ও একটি নৌকা থেকে জাল ফেলছে।,0.24999999968749997,0.16666666652777776,0.1999999950000001,0.1999999950000001,0.0,0.1999999950000001,0,0,0.43999999999999995,0.0999999999
595.png,কিছু ছেলেমেয়ে সেজে দাড়িয়ে আছে।,0.1999999996,0.249999999375,0.2222222167901236,0.2222222167901236,0.0,0.2222222167901236,0,0,0.3529411764705882,0.12499999984374999
2957071266_1b40ec7d96.jpg,একটি কালো কুকুর একটি মাঠে দৌড়াচ্ছে,0.9999999983333333,0.4999999995833333,0.6666666614814816,0.6666666614814816,0.374999995234375,0.5555555504938272,0,0,0.5428571428571429,0.5555555549382716
8220.png,একজন পুরুষ মাথায় ইট নিচ্ছে।,0.3999999992,0.49999999875,0.4444444385185186,0.4444444385185186,0.28571428000000004,0.4444444385185186,0,0,0.5789473684210527,0.2857142853061225
5532.png,একজন ছোট মেয়ে মাথায় মুকুট পরে চেয়ে আছে একজন মেয়ে দাড়িয়ে তাকিয়ে আছে একজন মেয়ে দাড়িয়ে তাকিয়ে আছে একজন মেয়ে দাড়িয়ে তাকিয়ে আছে একজন মেয়ে দাড়িয়ে তাকিয়ে আছে একজন মেয়ে দাড়িয়ে তাকিয়ে আছে একজন মেয়ে দাড়িয়ে তাকিয়ে আছে একজন মেয়ে,0.1499999999625,0.5999999993999999,0.23999999670400002,0.23999999670400002,0.16666666355034723,0.23999999670400002,0,0,0.1610738255033557,0.4285714282653061
3765.png,কয়েকজন নারী ও একজন নারী ও চারজন নারী ও একজন নারী ও চারজন নারী ও একজন নারী ও চারজন নারী ও একজন নারী ও চারজন নারী ও একজন নারী ও চারজন নারী ও একজন নারী ও চারজন নারী ও একজন,0.07499999998125,0.4285714279591837,0.12765957187867819,0.12765957187867819,0.08888888653827165,0.12765957187867819,0,0,0.1333333333333333,0.3333333329629629
2496370758_a3fbc49837.jpg,দুটি কুকুর ঘাসের মধ্যে দিয়ে চলছে,0.6666666655555555,0.4444444439506172,0.5333333278222222,0.5333333278222222,0.249999995390625,0.4444444395061729,0,0,0.7142857142857143,0.3636363633057851
2916009941_34a0013803.jpg,একজন বালক একটি <unk> <unk> <unk> <unk> <unk> <unk> <unk> <unk> <unk> <unk> <unk> <unk> <unk> <unk> <unk> <unk> <unk> <unk> <unk> <unk> <unk> <unk> <unk> <unk> <unk> <unk> <unk> <unk> <unk> <unk> <unk> <unk> <unk> <unk> <unk> <unk> <unk>,0.07499999998125,0.2727272724793388,0.11764705539407928,0.11764705539407928,0.04081632326530638,0.11764705539407928,0,0,0.11250000000000004,0.24999999979166665
7444.png,পানিতে কয়েকজন মানুষ আছে।,0.49999999875,0.24999999968749997,0.33333332833333335,0.33333332833333335,0.0,0.33333332833333335,0,0,0.4285714285714286,0.1999999998
IMG_0322.JPG,একজন নারী বসে আছে।,0.249999999375,0.249999999375,0.2499999943750001,0.2499999943750001,0.0,0.2499999943750001,0,0,0.6923076923076923,0.14285714265306124
7322.png,একজন পুরুষ একটি রাস্তা দিয়ে হেঁটে যাচ্ছে।,0.4285714279591837,0.7499999981250001,0.5454545398347109,0.5454545398347109,0.2222222172839507,0.5454545398347109,0,0,0.5,0.37499999953124996
436013859_793d870b6f.jpg,এক লোক তার কুকুরকে পেছনের পায়ে দাঁড়াতে <unk> করছে,0.1111111109876543,0.07142857137755101,0.08695651689981122,0.08695651689981122,0.0,0.08695651689981122,0,0,0.3090909090909091,0.04761904759637188
3433.png,একজন পুরুষ একটি নৌকা চালিয়ে যাচ্ছেন একজন ছেলে।,0.49999999937499995,0.7999999984,0.615384609704142,0.615384609704142,0.5454545398347109,0.615384609704142,0,0,0.625,0.49999999937499995
907.png,একটি পুরাতন মসজিদ।,0.3333333322222222,0.14285714265306124,0.1999999954000001,0.1999999954000001,0.0,0.1999999954000001,0,0,0.31999999999999995,0.1111111109876543
531261613_f1a045cd75.jpg,একজন পুরুষ ও একজন পুরুষ হেঁটে আসছে।,0.0,0.0,0.0,0.0,0.0,0.0,0,0,0.33333333333333337,0.0
2994.png,একজন পুরুষ বসে আছে।,0.0,0.0,0.0,0.0,0.0,0.0,0,0,0.5,0.0
1554.png,কিছু নারী ও কয়েকজন পুরুষ আছে।,0.16666666638888888,0.249999999375,0.1999999948000001,0.1999999948000001,0.0,0.1999999948000001,0,0,0.30000000000000004,0.1111111109876543
5195.png,একটি লোক রান্না করছে।,0.249999999375,0.12499999984374999,0.16666666194444454,0.16666666194444454,0.0,0.16666666194444454,0,0,0.34375,0.0999999999
1260.png,একজন পুরুষ ও একজন অন্ধ পুরুষ দাড়িয়ে আছে।,0.6249999992187499,0.49999999949999996,0.5555555500000001,0.5555555500000001,0.12499999492187522,0.4444444390123457,0,0,0.42105263157894735,0.3999999996
3544233095_4bca71df1d.jpg,একটি শিশু মাথাও উপর দাড়িয়ে আছে একজন বাচ্চা দাড়িয়ে আছে।,0.1999999998,0.33333333277777777,0.24999999500000003,0.24999999500000003,0.14285713806122466,0.24999999500000003,0,0,0.29729729729729726,0.15789473675900276
493542985_c85ad29ebe.jpg,একটি ছেলে ডকের উপর দিয়ে ঝাঁপিয়ে পড়ছেন একজন পুরুষের পাশে একটি ছেলে একটি পুকুরে লাফ দিচ্ছে,0.24999999984375,0.3333333330555555,0.2857142806122449,0.2857142806122449,0.0,0.21428570923469398,0,0,0.3770491803278688,0.14285714278911565
7351.png,একটি ছোট্ট মেয়ে একটি গোলাপ ধরে আছে,0.14285714265306124,0.16666666638888888,0.15384614863905344,0.15384614863905344,0.0,0.15384614863905344,0,0,0.45833333333333337,0.09090909082644627
6864.png,একজন পুরুষ মাথায় টুপি পরে হাতে ইট নিচ্ছে।,0.0,0.0,0.0,0.0,0.0,0.0,0,0,0.25806451612903225,0.0
4185.png,একজন ছোট মেয়ে কাদা গায়ে রং মেখে আছে।,0.24999999968749997,0.3999999992,0.3076923024852071,0.3076923024852071,0.0,0.3076923024852071,0,0,0.45833333333333337,0.18181818165289254
1249.png,একজন পুরুষ একটি <unk>,0.249999999375,0.249999999375,0.2499999943750001,0.2499999943750001,0.0,0.2499999943750001,0,0,0.3125,0.14285714265306124
8597.png,তিনটি শিশু একটি <unk> পরে এবং একজন মহিলা এবং একজন মহিলা এবং একজন মহিলা এবং একজন মহিলা এবং একজন মহিলা এবং একজন মহিলা এবং একজন মহিলা এবং একজন মহিলা এবং একজন মহিলা এবং একজন মহিলা এবং একজন মহিলা এবং একজন,0.02499999999375,0.249999999375,0.04545454378099179,0.04545454378099179,0.0,0.04545454378099179,0,0,0.16560509554140124,0.09090909082644627
4043.png,একজন পুরুষ বসে আছে।,0.49999999875,0.3999999992,0.4444444385185186,0.4444444385185186,0.28571428000000004,0.4444444385185186,0,0,0.5789473684210527,0.2857142853061225
86542183_5e312ae4d4.jpg,একটি শিশু একটি বরফের মধ্যে খেলা করছে,0.14285714265306124,0.16666666638888888,0.15384614863905344,0.15384614863905344,0.0,0.15384614863905344,0,0,0.46153846153846156,0.09090909082644627
345897245_1894017154315894_6837571183850247667_n.jpg,একজন মেয়ে শিশু কোলে নিয়ে দাড়িয়ে আছে একজন পুরুষ আছে।,0.0,0.0,0.0,0.0,0.0,0.0,0,0,0.3220338983050848,0.0
3343.png,একজন নারী দাড়িয়ে আছে।,0.49999999875,0.6666666644444444,0.5714285648979592,0.5714285648979592,0.0,0.5714285648979592,0,0,0.5714285714285714,0.3999999992
4699.png,একটি শিশু আছে।,0.9999999966666667,0.9999999966666667,0.9999999916666666,0.9999999916666666,0.9999999900000001,0.9999999916666666,1,1,1.0,0.9999999966666667
3397228832_8ce5b1c26f.jpg,একজন লোক পানিতে ডিঙি নৌকায় চড়ে সমুদ্রের পানিতে ডিঙি নৌকায় চড়ে সমুদ্রের পানিতে ডিঙি নৌকায় চড়ে সমুদ্রের পানিতে ডিঙি নৌকায় চড়ে সমুদ্রের পানিতে ডিঙি নৌকায় চড়ে সমুদ্রের পানিতে ডিঙি নৌকায় চড়ে সমুদ্রের পানিতে ডিঙি নৌকায় চড়ে সমুদ্রের পানিতে ডিঙি নৌকায়,0.0499999999875,0.33333333277777777,0.08695651943289232,0.08695651943289232,0.045454543419421574,0.08695651943289232,0,0,0.17721518987341767,0.18181818165289254
2715035273_8fc8b1291c.jpg,একটি কালো রঙের জামা পরে আছে,0.16666666638888888,0.14285714265306124,0.15384614863905344,0.15384614863905344,0.0,0.15384614863905344,0,0,0.3666666666666667,0.08333333326388888
2892995070_39f3c9a56e.jpg,একটি কুকুর সৈকতে দৌড়াচ্ছে,0.7499999981250001,0.29999999969999996,0.42857142387755104,0.42857142387755104,0.16666666263888896,0.42857142387755104,0,0,0.5,0.29999999969999996
4710.png,রাস্তা দিয়ে আগুন লাগছে আগুন নিয়ে দাড়িয়ে আছে একজন পুরুষ মানুষ দাড়িয়ে আছে।,0.15384615372781063,0.24999999968749997,0.1904761855782314,0.1904761855782314,0.0,0.11111110697530877,0,0,0.25,0.11764705875432525
2746072388_b127f8259b.jpg,একটি ছোট বাচ্চা হাসছে,0.49999999875,0.24999999968749997,0.33333332833333335,0.33333332833333335,0.1999999954000001,0.33333332833333335,0,0,0.35,0.2222222219753086
1329.png,একজন পুরুষ একজন পুরুষকে কিছু লিখে সেটা নিয়ে দাড়িয়ে তাকিয়ে আছে।,0.2727272724793388,0.7499999981250001,0.3999999955555556,0.3999999955555556,0.15384615005917168,0.3999999955555556,0,0,0.36585365853658536,0.2727272724793388
7623.png,একজন নারী ও একজন নারী ও একজন নারী ও একজন নারী ও একজন নারী ও একজন নারী ও একজন নারী ও একজন নারী ও একজন নারী ও একজন নারী ও একজন নারী ও একজন নারী ও একজন নারী ও একজন,0.0,0.0,0.0,0.0,0.0,0.0,0,0,0.12686567164179108,0.0
8848.png,একজন বয়স্ক নারী তাকিয়ে আছে।,0.3999999992,0.18181818165289254,0.249999995390625,0.249999995390625,0.0,0.249999995390625,0,0,0.33333333333333337,0.14285714275510203
2187503678_fd743e0a00.jpg,একটি সুন্দর দৃশ্য।,0.3333333322222222,0.16666666638888888,0.2222222172839507,0.2222222172839507,0.0,0.2222222172839507,0,0,0.26086956521739135,0.12499999984374999
3719461451_07de35af3a.jpg,একটি সাদা পাখি আছে।,0.49999999875,0.2857142853061225,0.36363635834710756,0.36363635834710756,0.2222222172839507,0.36363635834710756,0,0,0.3846153846153846,0.2222222219753086
3377570617_d2f2225a74.jpg,একজন বয়স্ক মহিলা ক্যামেরার দিকে তাকিয়ে আছে,0.2857142853061225,0.33333333277777777,0.3076923022485208,0.3076923022485208,0.0,0.3076923022485208,0,0,0.48275862068965514,0.18181818165289254
3342.png,একটি শিশু একটি শিশু একটি ছোট বাচ্চা একটি লাল সাইকেল চালাচ্ছে,0.18181818165289254,0.15384615372781063,0.16666666156250012,0.16666666156250012,0.0,0.16666666156250012,0,0,0.2954545454545454,0.05555555552469135
6079.png,এক স্কেটবোর্ডার শহরের রাস্তায় হাঁটছেন,0.1999999996,0.09090909082644627,0.12499999554687513,0.12499999554687513,0.0,0.12499999554687513,0,0,0.23076923076923073,0.06666666662222222
3484832904_08619300d9.jpg,বেসবল খেলোয়াড় বল ধরার চেষ্টা করছেন,0.33333333277777777,0.1999999998,0.24999999500000003,0.24999999500000003,0.0,0.24999999500000003,0,0,0.5121951219512195,0.14285714275510203
3526805681_38461c0d5d.jpg,একটি সাদা কুকুর একটি <unk> <unk> <unk> <unk> <unk> <unk> <unk> <unk> <unk> <unk> <unk> <unk> <unk> <unk> <unk> <unk> <unk> <unk> <unk> <unk> <unk> <unk> <unk> <unk> <unk> <unk> <unk> <unk> <unk> <unk> <unk> <unk> <unk> <unk> <unk> <unk>,0.12499999996875,0.26315789459833794,0.16949152099971282,0.16949152099971282,0.04166666360243077,0.11999999675200007,0,0,0.1708860759493671,0.24999999984375
3115.png,কয়েকজন মানুষ আছে।,0.3333333322222222,0.1999999996,0.24999999468750006,0.24999999468750006,0.0,0.24999999468750006,0,0,0.35,0.14285714265306124
3328247381_a9f7fb4898.jpg,একটি শিশু পানিতে একটি ভাসমান হিসাবে জলে সাঁতার কাটছে,0.2222222219753086,0.14285714275510203,0.17391303856332715,0.17391303856332715,0.0,0.17391303856332715,0,0,0.33333333333333337,0.07142857137755101
4682.png,একটি নৌকা আছে।,0.6666666644444444,0.6666666644444444,0.6666666594444445,0.6666666594444445,0.4999999925000001,0.6666666594444445,0,0,0.6,0.49999999875
5295.png,ধান ক্ষেত।,0.999999995,0.6666666644444444,0.799999992,0.799999992,0.6666666577777778,0.799999992,0,0,0.6,0.6666666644444444
3627076769_3b71e73018.jpg,একজন লোক একটি <unk> স্পর্শ করছেন৷,0.33333333277777777,0.16666666652777776,0.22222221753086427,0.22222221753086427,0.0,0.22222221753086427,0,0,0.34615384615384615,0.13333333324444444
1659358133_95cd1027bd.jpg,একটি ধূসর রঙের কুকুর একটি <unk> উপর দিয়ে ঝাঁপিয়ে পড়ছে।,0.3999999996,0.571428570612245,0.4705882298961938,0.4705882298961938,0.13333332835555572,0.4705882298961938,0,0,0.4473684210526315,0.24999999979166665
5137.png,একজন বৃদ্ধ নারী আছে।,0.7499999981250001,0.49999999916666665,0.5999999940000001,0.5999999940000001,0.24999999468750006,0.5999999940000001,0,0,0.5238095238095238,0.49999999916666665
3563871276_c8b2a00df5.jpg,একটি লোক নৌকা থেকে মাছ ধরে আছে,0.2857142853061225,0.33333333277777777,0.3076923022485208,0.3076923022485208,0.0,0.3076923022485208,0,0,0.4285714285714286,0.18181818165289254
_MG_1790.JPG,লোক টির পোশাক কালো রঙের পোশাক পরেছে,0.2857142853061225,0.3999999992,0.33333332791666676,0.33333332791666676,0.1999999948000001,0.33333332791666676,0,0,0.41666666666666663,0.2222222219753086
435827376_4384c3005a.jpg,একটি <unk>,0.4999999975,0.1111111109876543,0.1818181785123967,0.1818181785123967,0.0,0.1818181785123967,0,0,0.125,0.0999999999
2635905544_dbc65d0622.jpg,একটি কুকুর বল নিয়ে খেলছে।,0.5999999988,0.37499999953124996,0.46153845609467453,0.46153845609467453,0.2499999943750001,0.46153845609467453,0,0,0.8235294117647058,0.29999999969999996
4323.png,একটি নৌকার উপর একজন মানুষ আছে।,0.49999999916666665,0.37499999953124996,0.4285714230612245,0.4285714230612245,0.33333332791666676,0.4285714230612245,0,0,0.5483870967741935,0.2727272724793388
8250.png,একজন পুরুষ বসে আছে।,0.249999999375,0.249999999375,0.2499999943750001,0.2499999943750001,0.0,0.2499999943750001,0,0,0.5333333333333333,0.14285714265306124
258476074_f28f4a1ae6.jpg,একটি পূর্ণ একটি ময়লা পাহাড়ে চলাচল করছে।,0.2857142853061225,0.18181818165289254,0.22222221722222232,0.22222221722222232,0.0,0.22222221722222232,0,0,0.3571428571428571,0.13333333324444444
6007.png,জানালা দিয়ে একজন বাচ্চা মেয়ে।,0.5999999988,0.3333333329629629,0.42857142336734694,0.42857142336734694,0.2222222167901236,0.36363635801652905,0,0,0.55,0.2727272724793388
20220909_134408.jpg,কয়েকজন মানুষ কাজ করছে।,0.249999999375,0.16666666638888888,0.1999999948000001,0.1999999948000001,0.0,0.1999999948000001,0,0,0.3666666666666667,0.1111111109876543
9128.png,একজন বাচ্চা মেয়ে হাঁসি দিয়ে জড়িয়ে ধরে আছে।,0.49999999937499995,0.571428570612245,0.5333333276444445,0.5333333276444445,0.3076923022485208,0.5333333276444445,0,0,0.7037037037037037,0.3636363633057851
inbound609042146108403498.jpg,একটি পাখি পাথরের ওপর দিয়ে <unk>,0.33333333277777777,0.18181818165289254,0.2352941128027682,0.2352941128027682,0.0,0.2352941128027682,0,0,0.375,0.13333333324444444
2082005167_a0d6a70020.jpg,একটি কুকুর একটি পাথুরে ভূমিতে অবস্থান করছে,0.2857142853061225,0.33333333277777777,0.3076923022485208,0.3076923022485208,0.13333332835555572,0.3076923022485208,0,0,0.4137931034482759,0.1999999998
2262.png,একজন বৃদ্ধ নারী বসে আছে।,0.5999999988,0.2727272724793388,0.374999995234375,0.374999995234375,0.0,0.374999995234375,0,0,0.29268292682926833,0.23076923059171597
3383545083_1d7c95b003.jpg,একটি কালো কুকুর একটি কালো কুকুরের সাথে খেলছে,0.6249999992187499,0.6249999992187499,0.6249999942187501,0.6249999942187501,0.28571428030612256,0.6249999942187501,0,0,0.5862068965517242,0.4444444439506172
3184891327_8785194e3c.jpg,একটি ফুটবল খেলোয়াড়,0.6666666644444444,0.15384615372781063,0.24999999664062497,0.24999999664062497,0.14285714020408163,0.24999999664062497,0,0,0.3076923076923077,0.14285714275510203
236730743_0d4fd8de5a.jpg,একজন লোক একটি নৌকা থেকে বিরতি নিচ্ছে,0.14285714265306124,0.249999999375,0.1818181768595043,0.1818181768595043,0.0,0.1818181768595043,0,0,0.43999999999999995,0.0999999999
3173461705_b5cdeef1eb.jpg,একটি কুকুর বরফের মধ্যে দৌড়াচ্ছে,0.5999999988,0.37499999953124996,0.46153845609467453,0.46153845609467453,0.1818181768595043,0.3076923024852071,0,0,0.5238095238095238,0.29999999969999996
1052.png,একজন পুরুষ ও একজন পুরুষ আছে।,0.8333333319444445,0.6249999992187499,0.7142857083673471,0.7142857083673471,0.33333332791666676,0.7142857083673471,0,0,0.7037037037037037,0.571428570612245
2842.png,একজন পুরুষ ও একজন পুরুষ আছে।,0.16666666638888888,0.12499999984374999,0.1428571377551022,0.1428571377551022,0.0,0.1428571377551022,0,0,0.2962962962962963,0.09090909082644627
3957.png,একজন পুরুষ দাড়িয়ে আছে।,0.249999999375,0.12499999984374999,0.16666666194444454,0.16666666194444454,0.0,0.16666666194444454,0,0,0.2962962962962963,0.09090909082644627
1045.png,একটি <unk> দেখা যাচ্ছে।,0.0,0.0,0.0,0.0,0.0,0.0,0,0,0.368421052631579,0.0
2278.png,একটি শিশু আছে।,0.3333333322222222,0.16666666638888888,0.2222222172839507,0.2222222172839507,0.0,0.2222222172839507,0,0,0.19999999999999996,0.12499999984374999
6856.png,একজন ছেলে তাকিয়ে আছে।,0.249999999375,0.08333333326388888,0.1249999960937501,0.1249999960937501,0.0,0.1249999960937501,0,0,0.3571428571428571,0.06666666662222222
2760371526_63f3d01760.jpg,একটি ছেলে সুইমিংপুলে পানি ছিটাচ্ছে,0.3999999992,0.3999999992,0.39999999420000004,0.39999999420000004,0.2499999943750001,0.39999999420000004,0,0,0.5416666666666667,0.24999999968749997
953941506_5082c9160c.jpg,একটি কুকুর পানিতে হাঁটছে,0.49999999875,0.33333333277777777,0.3999999944,0.3999999944,0.0,0.3999999944,0,0,0.6111111111111112,0.24999999968749997
2218843713_cf28ea319e.jpg,একটি সেতু থেকে পানিতে একটি পুকুর দেখা যাচ্ছে,0.24999999968749997,0.1999999998,0.22222221703703712,0.22222221703703712,0.12499999492187522,0.22222221703703712,0,0,0.4571428571428572,0.13333333324444444
6408.png,একটি শিশু আছে।,0.6666666644444444,0.49999999875,0.5714285648979592,0.5714285648979592,0.39999999360000005,0.5714285648979592,0,0,0.5833333333333333,0.3999999992
5624.png,একজন পুরুষ একটি <unk>,0.49999999875,0.24999999968749997,0.33333332833333335,0.33333332833333335,0.0,0.33333332833333335,0,0,0.3666666666666667,0.1999999998
5844.png,একটি দম্পতি জলের ধারে দাঁড়িয়ে আছে,0.0,0.0,0.0,0.0,0.0,0.0,0,0,0.36363636363636365,0.0
162.png,একজন পুরুষ বসে আছে।,0.49999999875,0.18181818165289254,0.26666666240000003,0.26666666240000003,0.0,0.26666666240000003,0,0,0.2564102564102564,0.15384615372781063
4018.png,একটি <unk>,0.0,0.0,0.0,0.0,0.0,0.0,0,0,0.16666666666666663,0.0
8315.png,সমুদ্রের পারে কয়েকজন মানুষ দাড়িয়ে আছে।,0.0,0.0,0.0,0.0,0.0,0.0,0,0,0.28205128205128205,0.0
2404520067_87798dbaee.jpg,একটি কুকুর একটি কালো কুকুর দৌড়ে বেড়াচ্ছে,0.2857142853061225,0.33333333277777777,0.3076923022485208,0.3076923022485208,0.1818181765289258,0.3076923022485208,0,0,0.5769230769230769,0.2222222219753086
2864.png,ছয়জন মানুষ একটি পথ ধরে একটি পথ ধরে রেখেছে,0.0,0.0,0.0,0.0,0.0,0.0,0,0,0.4545454545454546,0.0
1348113612_5bfc5f429e.jpg,একটি কালো কুকুর পুকুরে সাঁতার কাটছে,0.6666666655555555,0.3999999996,0.4999999946875,0.4999999946875,0.39999999502222217,0.4999999946875,0,0,0.6363636363636364,0.3333333330555555
7561.png,একটি পুকুর ও লুঙ্গি পরা একজন পুরুষ জাল দিয়ে মাছ ধরছে।,0.45454545413223135,0.5555555549382716,0.49999999455000005,0.49999999455000005,0.3333333280246914,0.49999999455000005,0,0,0.5263157894736843,0.3333333331111111
3143953179_1c08c023a5.jpg,একটি দালানের সামনের পাঁচজন লোক তাদের মধ্যে একটি <unk>,0.2222222219753086,0.2222222219753086,0.22222221697530875,0.22222221697530875,0.0,0.15384614934911253,0,0,0.24489795918367352,0.13333333324444444
300222673_573fd4044b.jpg,একজন লোক একটি সাদা বিড়ালটি একটি সাদা <unk> বসে আছে,0.49999999949999996,0.45454545413223135,0.4761904707482993,0.4761904707482993,0.21052631058171756,0.4761904707482993,0,0,0.5476190476190477,0.28571428551020406
2528552898_9e49a7033f.jpg,একটি গাড়ি একটি পতাকা নিয়ে দাঁড়িয়ে আছে,0.2857142853061225,0.16666666652777776,0.2105263109141275,0.2105263109141275,0.0,0.2105263109141275,0,0,0.41666666666666663,0.08333333326388888
3123463486_f5b36a3624.jpg,দুটি টেরিয়ার জাতের কুকুর একটি মাঠে খেলছে।,0.2857142853061225,0.3999999992,0.33333332791666676,0.33333332791666676,0.13333332835555572,0.23529411252595167,0,0,0.42307692307692313,0.1999999998
1143882946.jpg,একজন লোক একটি বেগুনি রঙের একটি বেগুনি রঙের একটি বেগুনি রঙের একটি বেগুনি রঙের একটি বেগুনি রঙের একটি বেগুনি রঙের একটি বেগুনি রঙের একটি বেগুনি রঙের একটি বেগুনি রঙের একটি বেগুনি রঙের একটি বেগুনি রঙের একটি বেগুনি রঙের একটি বেগুনি,0.07499999998125,0.24999999979166665,0.11538461178994093,0.11538461178994093,0.0,0.07999999676800014,0,0,0.23270440251572322,0.15384615372781063
3381584882_341ee3092f.jpg,একজন স্কি করছে,0.3333333322222222,0.16666666638888888,0.2222222172839507,0.2222222172839507,0.0,0.2222222172839507,0,0,0.31818181818181823,0.12499999984374999
7337.png,একজন পুরুষ বসে কাজ করছে।,0.5999999988,0.5999999988,0.5999999938,0.5999999938,0.4999999937500001,0.5999999938,0,0,0.6842105263157895,0.4285714279591837
3252588185_3210fe94be.jpg,একজন পুরুষ আছে।,0.3333333322222222,0.12499999984374999,0.18181817752066123,0.18181817752066123,0.0,0.18181817752066123,0,0,0.2272727272727273,0.0999999999
7213.png,একজন পুরুষ ও একজন পুরুষ দাড়িয়ে আছে।,0.14285714265306124,0.3333333322222222,0.1999999954000001,0.1999999954000001,0.0,0.1999999954000001,0,0,0.30000000000000004,0.14285714265306124
5569.png,একজন পুরুষ একটি ধান ক্ষেতের পাশ দিয়ে হেঁটে যাচ্ছে।,0.1111111109876543,0.1999999996,0.14285713806122466,0.14285713806122466,0.0,0.14285713806122466,0,0,0.36363636363636365,0.07692307686390532
1174629344_a2e1a2bdbf.jpg,এক দম্পতি একটি শহরের রাস্তায় দাঁড়িয়ে একদল লোক হাটছেন,0.5555555549382716,0.5555555549382716,0.5555555499382716,0.5555555499382716,0.37499999453125,0.333333327962963,0,0,0.39473684210526316,0.3846153843195266
3665987581_5e6b0a65f2.jpg,একটি কুকুর একটি ছোট বালির উপর দৌড়াচ্ছে,0.4285714279591837,0.37499999953124996,0.3999999944888889,0.3999999944888889,0.15384614863905344,0.3999999944888889,0,0,0.4516129032258065,0.2727272724793388
2933.png,একটি টটিনের ঘরের সামনে দাড়িয়ে আছে যার মাঝে ২ জন শারি পরা মহিলা দাড়িয়ে আছে একজন মহিলা।,0.470588235017301,0.4999999996875,0.48484847955922866,0.48484847955922866,0.19354838197710733,0.424242418989899,0,0,0.31666666666666665,0.36363636347107436
3474958471_9106beb07f.jpg,একজন স্কিয়ার শূন্যে ভাসছে,0.49999999875,0.1999999998,0.28571428122448983,0.28571428122448983,0.0,0.28571428122448983,0,0,0.36585365853658536,0.16666666652777776
3503544012_1771be9d3a.jpg,একটি আইস হকি খেলোয়াড় একটি গোল রক্ষা করার চেষ্টা করছেন,0.29999999969999996,0.29999999969999996,0.29999999470000005,0.29999999470000005,0.11111110598765454,0.29999999470000005,0,0,0.46153846153846156,0.19999999986666667
346620288_911969649912436_8809766019913583813_n.jpg,একটি মেয়ে একটি দালানের সামনে দাঁড়িয়ে আছে,0.14285714265306124,0.1999999996,0.16666666152777793,0.16666666152777793,0.0,0.16666666152777793,0,0,0.4736842105263158,0.0999999999
8565.png,একজন পুরুষ ও দুইটি শিশু আছে।,0.49999999916666665,0.2727272724793388,0.3529411714878893,0.3529411714878893,0.0,0.2352941128027682,0,0,0.30952380952380953,0.21428571413265304
1124.png,একজন পুরুষ ধূমপান করছে।,0.49999999875,0.24999999968749997,0.33333332833333335,0.33333332833333335,0.0,0.33333332833333335,0,0,0.47058823529411764,0.1999999998
2341254813_c53a5ef27a.jpg,এক লোক স্কেটবোর্ডে চড়ে ঢালু কাঠামোর উপর স্কেটবোর্ড চালাচ্ছে,0.1111111109876543,0.08333333326388888,0.09523809024943336,0.09523809024943336,0.0,0.09523809024943336,0,0,0.28205128205128205,0.049999999975
3546.png,একজন পুরুষ মাথায় বস্তা নিয়ে আছে।,0.16666666638888888,0.16666666638888888,0.16666666138888903,0.16666666138888903,0.0,0.16666666138888903,0,0,0.5217391304347826,0.09090909082644627
5125.png,একজন বৃদ্ধ লোক বই পড়ছে।,0.1999999996,0.12499999984374999,0.15384614887573977,0.15384614887573977,0.0,0.15384614887573977,0,0,0.34615384615384615,0.08333333326388888
8954.png,একটি পাখি আছে।,0.9999999966666667,0.9999999966666667,0.9999999916666666,0.9999999916666666,0.9999999900000001,0.9999999916666666,1,1,1.0,0.9999999966666667
5034.png,রাস্তার পাশে একটি রিক্সা ও কয়েকজন মানুষ আছে।,0.6249999992187499,0.7142857132653061,0.6666666608,0.6666666608,0.4615384558579882,0.3999999944888889,0,0,0.33333333333333337,0.5555555549382716
2417.png,একজন পুরুষ ও একজন নারী দাড়িয়ে আছে।,0.0,0.0,0.0,0.0,0.0,0.0,0,0,0.31999999999999995,0.0
1856.png,একটি শিশু একটি গোলাপের বাগানে বসে আছে।,0.14285714265306124,0.1999999996,0.16666666152777793,0.16666666152777793,0.0,0.16666666152777793,0,0,0.36,0.0999999999
1819261140_6c022f4b1d.jpg,একজন লোক একটি সাদা শার্ট পরা একজন লোক একটি সাদা শার্ট পরা একজন লোক একটি সাদা শার্ট পরা একজন লোক একটি সাদা শার্ট পরা একজন লোক একটি সাদা শার্ট পরা একজন লোক একটি সাদা শার্ট পরা একজন লোক একটি সাদা,0.099999999975,0.4444444439506172,0.1632653030570596,0.1632653030570596,0.04444444211358036,0.1632653030570596,0,0,0.23287671232876717,0.3636363633057851
3004823335_9b82cbd8a7.jpg,একটি কালো এবং সাদা কালো কুকুর একটি সাদা কালো কুকুর ঘাসের উপর উবু হয়ে শুয়ে আছে,0.4374999997265625,0.5833333328472222,0.4999999947448981,0.4999999947448981,0.3076923025739645,0.4999999947448981,0,0,0.5660377358490566,0.374999999765625
8448.png,একজন পুরুষ ও একটি শিশু আছে।,0.49999999916666665,0.4285714279591837,0.4615384558579882,0.4615384558579882,0.1818181765289258,0.4615384558579882,0,0,0.368421052631579,0.29999999969999996
7743.png,একজন পুরুষ হাতে গ্লাস নিয়ে আছে।,0.33333333277777777,0.49999999875,0.3999999944,0.3999999944,0.24999999468750006,0.3999999944,0,0,0.5238095238095238,0.24999999968749997
3134.png,একটি শিশু আছে।,0.3333333322222222,0.07692307686390532,0.12499999679687505,0.12499999679687505,0.0,0.12499999679687505,0,0,0.33333333333333337,0.06666666662222222
IMG_0607.JPG,একটি শিশু হেঁটে যাচ্ছে।,0.0,0.0,0.0,0.0,0.0,0.0,0,0,0.47058823529411764,0.0
2199250692_a16b0c2ae1.jpg,একজন পুরুষ একটি রাস্তা দিয়ে হেঁটে যাচ্ছে।,0.4285714279591837,0.2727272724793388,0.33333332820987654,0.33333332820987654,0.24999999500000003,0.33333332820987654,0,0,0.3846153846153846,0.23076923059171597
2222186636_85e03e0b75.jpg,একটি বারে তিনজন লোক ছবি তুলছে,0.33333333277777777,0.2222222219753086,0.2666666615111111,0.2666666615111111,0.0,0.2666666615111111,0,0,0.3870967741935484,0.15384615372781063
3846.png,নদীর পাড়ে অনেক মানুষ দেখা যাচ্ছে।,0.16666666638888888,0.249999999375,0.1999999948000001,0.1999999948000001,0.0,0.1999999948000001,0,0,0.45833333333333337,0.1111111109876543
3606909929_90a1a072b7.jpg,একটি সাদা গাড়িটি পথের মধ্যে গাড়ি চালাচ্ছে,0.14285714265306124,0.16666666638888888,0.15384614863905344,0.15384614863905344,0.0,0.15384614863905344,0,0,0.3846153846153846,0.08333333326388888
7413.png,একজন পুরুষ গাছে উঠছে।,0.249999999375,0.16666666638888888,0.1999999948000001,0.1999999948000001,0.0,0.1999999948000001,0,0,0.5,0.1111111109876543
3488512097_e500cb499f.jpg,একজন লোক একটি পাহাড়ে নেমে যাচ্ছে,0.33333333277777777,0.33333333277777777,0.3333333277777778,0.3333333277777778,0.19999999460000012,0.3333333277777778,0,0,0.5454545454545454,0.1999999998
7715.png,একজন বাচ্চা মেয়ে খেড়ের উপর বসে আছেন।,0.2857142853061225,0.2222222219753086,0.24999999476562512,0.24999999476562512,0.1428571377551022,0.24999999476562512,0,0,0.38235294117647056,0.14285714275510203
5085.png,কয়েকজন মানুষ দাড়িয়ে আছে।,0.249999999375,0.3333333322222222,0.28571428000000004,0.28571428000000004,0.0,0.28571428000000004,0,0,0.4375,0.16666666638888888
3249125548_700d874380.jpg,একদল সাইকেল আরোহী দূরে পিছন থেকে দূরে পিছন থেকে দূরে পিছন থেকে দূরে পিছন থেকে দূরে পিছন থেকে দূরে পিছন থেকে দূরে পিছন থেকে দূরে পিছন থেকে দূরে পিছন থেকে দূরে পিছন থেকে দূরে পিছন থেকে দূরে পিছন থেকে দূরে,0.02499999999375,0.16666666638888888,0.04347825858223074,0.04347825858223074,0.0,0.04347825858223074,0,0,0.21323529411764708,0.09090909082644627
3272541970_ac0f1de274.jpg,একজন লোক একটি স্কেটবোর্ডে চড়ে শূন্যে লাফ দিচ্ছে,0.37499999953124996,0.4285714279591837,0.3999999944888889,0.3999999944888889,0.15384614863905344,0.2666666613333334,0,0,0.46875,0.2727272724793388
8471.png,একজন পুরুষ ও একজন পুরুষ এবং একজন পুরুষ মানুষ।,0.1111111109876543,0.249999999375,0.15384614934911253,0.15384614934911253,0.0,0.15384614934911253,0,0,0.3111111111111111,0.12499999984374999
2978394277_4572967b97.jpg,একজন লোক একটি ছেলে একটি ছেলে একটি ছেলে একটি ছেলে একটি ছেলে একটি ছেলে একটি ছেলে একটি ছেলে একটি ছেলে একটি ছেলে একটি ছেলে একটি ছেলে একটি ছেলে একটি ছেলে একটি ছেলে একটি ছেলে একটি ছেলে একটি ছেলে একটি ছেলে,0.02499999999375,0.08333333326388888,0.03846153489645003,0.03846153489645003,0.0,0.03846153489645003,0,0,0.22142857142857142,0.06666666662222222
2119660490_ce0d4d1f73.jpg,একটি তামাটে কুকুর একটি সাদা কুকুরের সাথে খেলছে।,0.49999999937499995,0.28571428551020406,0.36363635867768596,0.36363635867768596,0.0999999953500002,0.36363635867768596,0,0,0.43333333333333335,0.1874999998828125
7833.png,একজন পুরুষ আছে।,0.3333333322222222,0.3333333322222222,0.33333332722222225,0.33333332722222225,0.0,0.33333332722222225,0,0,0.36363636363636365,0.1999999996
5434.png,একটি শিশু আছে।,0.9999999966666667,0.9999999966666667,0.9999999916666666,0.9999999916666666,0.9999999900000001,0.9999999916666666,1,1,1.0,0.9999999966666667
5019.png,নদীতে একটি নৌকা দেখা যাচ্ছে।,0.3999999992,0.49999999875,0.4444444385185186,0.4444444385185186,0.28571428000000004,0.4444444385185186,0,0,0.5294117647058824,0.2857142853061225
2351762979_0941aecced.jpg,একটি ছেলে একটি গোল হয়ে হাসি মুখে পুরানো একটি ফুটবলে আঘাত করলো,0.08333333326388888,0.249999999375,0.1249999960937501,0.1249999960937501,0.0,0.1249999960937501,0,0,0.32558139534883723,0.07692307686390532
2709359730_13bca100af.jpg,একটি বাদামী কুকুর দৌড়াচ্ছে,0.49999999875,0.24999999968749997,0.33333332833333335,0.33333332833333335,0.0,0.33333332833333335,0,0,0.44999999999999996,0.1999999998
3524612244_64f00afec5.jpg,কয়েকজন মানুষ বসে আছে।,0.249999999375,0.16666666638888888,0.1999999948000001,0.1999999948000001,0.0,0.1999999948000001,0,0,0.31818181818181823,0.1111111109876543
1010673430.jpg,একটি ছোট বাচ্চা মুখে একটি খেলনা নিয়ে খেলা করছে,0.3333333329629629,0.1874999998828125,0.23999999520000007,0.23999999520000007,0.13333332817777796,0.23999999520000007,0,0,0.4838709677419355,0.14285714275510203
440737340_5af34ca9cf.jpg,একটি মেয়ে একটি ছোট কালো এবং একটি ছোট কালো কুকুর একটি ছোট বাচ্চার সাথে একটি ছোট কালো এবং একটি ছোট কালো কুকুর একটি ছোট বাচ্চার সাথে একটি ছোট কালো এবং একটি ছোট কালো কুকুর একটি ছোট বাচ্চার সাথে একটি ছোট,0.07499999998125,0.24999999979166665,0.11538461178994093,0.11538461178994093,0.0,0.11538461178994093,0,0,0.2302158273381295,0.14285714275510203
3159424456_f316bdc1d5.jpg,একজন লোক একটি শিশুকে ধরে আছে,0.9999999983333333,0.6666666659259258,0.7999999941333333,0.7999999941333333,0.615384609704142,0.7999999941333333,0,0,0.6774193548387097,0.6666666659259258
1432.png,একজন পুরুষ একটি বুজা নিয়ে দাড়িয়ে আছে।,0.571428570612245,0.21052631567867036,0.3076923035207101,0.3076923035207101,0.08333332951388904,0.23076922665680477,0,0,0.4,0.19047619038548752
1000268201_693b08cb0e.jpg,একজন মহিলা একটি <unk> সামনে রাখা আছে,0.14285714265306124,0.14285714265306124,0.14285713765306143,0.14285713765306143,0.0,0.14285713765306143,0,0,0.3846153846153846,0.08333333326388888
3323661814_1e8e1ae88c.jpg,তিন মেয়ে রকস্টার হওয়ার জন্য পোজ দিচ্ছে,0.14285714265306124,0.1999999996,0.16666666152777793,0.16666666152777793,0.0,0.16666666152777793,0,0,0.33333333333333337,0.09090909082644627
3336682980_1082a66878.jpg,একটি ছেলে এবং একজন মহিলা একটি ছোট মেয়ের সাথে ছবি তুলছে,0.6363636357851239,0.6363636357851239,0.6363636307851239,0.6363636307851239,0.3999999946000001,0.3636363583057851,0,0,0.4418604651162791,0.4285714282653061
531152619_6db02a7ed9.jpg,একটি কুকুর একটি লাঠি নিয়ে খেলছে,0.49999999916666665,0.29999999969999996,0.37499999484375,0.37499999484375,0.0,0.37499999484375,0,0,0.4285714285714286,0.18181818165289254
4988.png,একদল লোক একসাথে দাড়িয়ে আছে,0.1999999996,0.14285714265306124,0.16666666152777793,0.16666666152777793,0.0,0.16666666152777793,0,0,0.43999999999999995,0.09090909082644627
3595643050_d312e4b652.jpg,একটি কুকুর একটি বার ধরার চেষ্টা করছে,0.4285714279591837,0.5999999988,0.4999999943055557,0.4999999943055557,0.3999999944,0.4999999943055557,0,0,0.6538461538461539,0.24999999968749997
5306.png,একটি অনুস্তানে মসলা আছে।,0.249999999375,0.3333333322222222,0.28571428000000004,0.28571428000000004,0.0,0.28571428000000004,0,0,0.4375,0.16666666638888888
1506.png,ফসলের ক্ষেতের পথ ধরে হেটে যাচ্ছে।,0.16666666638888888,0.14285714265306124,0.15384614863905344,0.15384614863905344,0.0,0.15384614863905344,0,0,0.52,0.08333333326388888
5989.png,একজন পুরুষ ধূমপান করছে।,0.49999999875,0.49999999875,0.4999999937500001,0.4999999937500001,0.0,0.4999999937500001,0,0,0.4117647058823529,0.33333333277777777
2737759676_4bc9be2daf.jpg,একজন লোক চশমা পরে আছে।,0.5999999988,0.29999999969999996,0.39999999502222217,0.39999999502222217,0.16666666194444454,0.39999999502222217,0,0,0.5909090909090908,0.24999999979166665
3360730513_211e1a4db6.jpg,একদল লোক একটি <unk> <unk>,0.1999999996,0.14285714265306124,0.16666666152777793,0.16666666152777793,0.0,0.16666666152777793,0,0,0.2962962962962963,0.0999999999
1707.png,একটি বট গাছের নিচে আসছে আর মাঝখানের রাস্তা দিয়ে একজন মানুষ আছে।,0.16666666652777776,0.1111111110493827,0.1333333284444446,0.1333333284444446,0.0,0.1333333284444446,0,0,0.3384615384615385,0.07142857140306122
4091.png,কয়েকজন মানুষ দাড়িয়ে আছে।,0.249999999375,0.1999999996,0.2222222167901236,0.2222222167901236,0.0,0.2222222167901236,0,0,0.5,0.12499999984374999
2269021076_cefc9af989.jpg,একটি শিশু একটি সাইকেল চালাচ্ছে,0.3999999992,0.2222222219753086,0.2857142807142858,0.2857142807142858,0.16666666194444454,0.2857142807142858,0,0,0.4,0.18181818165289254
8284.png,একজন পুরুষ মাথায় ঝুড়ি নিয়ে যাচ্ছে।,0.33333333277777777,0.49999999875,0.3999999944,0.3999999944,0.24999999468750006,0.3999999944,0,0,0.5,0.24999999968749997
254527963_3f5824b0e8.jpg,একটি কালো কুকুর সৈকতে খেলছে,0.7999999984,0.6666666655555555,0.7272727209917357,0.7272727209917357,0.6666666602469137,0.7272727209917357,0,0,0.8095238095238095,0.571428570612245
8990.png,কয়েকজন মানুষ কাজ করছে।,0.49999999875,0.2857142853061225,0.36363635834710756,0.36363635834710756,0.0,0.36363635834710756,0,0,0.4642857142857143,0.2222222219753086
3133403457_95dfe11da1.jpg,একটি ছোট বালক একটি ছোট শিশুর ছবি তুলছে,0.12499999984374999,0.14285714265306124,0.13333332817777796,0.13333332817777796,0.0,0.13333332817777796,0,0,0.368421052631579,0.08333333326388888
1865794069_6e3a1e57bb.jpg,একটি শিশু একটি ফুটবলের জন্য ধাওয়া করছে,0.4285714279591837,0.1764705881314879,0.24999999565972228,0.24999999565972228,0.0,0.24999999565972228,0,0,0.3928571428571429,0.15789473675900276
2419797375_553f867472.jpg,সানগ্লাস পরা একজন লোক একটি গাড়ির নিচে বসে একটি ছেলে একটি গাড়ির নিচে বসে একটি ছেলে একটি গাড়ির নিচে বসে একটি ছেলে একটি গাড়ির নিচে বসে একটি ছেলে একটি গাড়ির নিচে বসে একটি ছেলে একটি গাড়ির নিচে বসে একটি ছেলে,0.07499999998125,0.29999999969999996,0.11999999675200007,0.11999999675200007,0.0,0.11999999675200007,0,0,0.204225352112676,0.1874999998828125
7054.png,একটি শিশু পানিতে নেমে গোসল করছে।,0.33333333277777777,0.49999999875,0.3999999944,0.3999999944,0.0,0.2352941128027682,0,0,0.33333333333333337,0.24999999968749997
745880539_cd3f948837.jpg,একটি কুকুর একটি ফ্রিসবি ধরার চেষ্টা করছে,0.4285714279591837,0.2727272724793388,0.33333332820987654,0.33333332820987654,0.15384614863905344,0.33333332820987654,0,0,0.4642857142857143,0.16666666652777776
3119875880_22f9129a1c.jpg,একজন লোক একটি পাথরের পাশে বসে আছে,0.4285714279591837,0.1874999998828125,0.2608695607561437,0.2608695607561437,0.09523809106575981,0.2608695607561437,0,0,0.36,0.15789473675900276
487487795_54705c406e.jpg,একটি কুকুর একটি কালো কুকুর একটি কালো কুকুর একটি কালো কুকুর একটি কালো কুকুর একটি কালো কুকুর একটি কালো কুকুর একটি কালো কুকুর একটি কালো কুকুর একটি কালো কুকুর একটি কালো কুকুর একটি কালো কুকুর একটি কালো কুকুর একটি কালো,0.099999999975,0.24999999984375,0.14285713872448993,0.14285713872448993,0.03703703301097437,0.14285713872448993,0,0,0.2534246575342466,0.24999999979166665
3105315670_5f86f73753.jpg,একজন লোক একটি <unk> একটি <unk> একটি <unk> একটি <unk> একটি <unk> একটি <unk> একটি <unk> একটি <unk> একটি <unk> একটি <unk> একটি <unk> একটি <unk> একটি <unk> একটি <unk> একটি <unk> একটি <unk> একটি <unk> একটি <unk> একটি <unk>,0.0499999999875,0.124999999921875,0.07142856732142881,0.07142856732142881,0.0,0.07142856732142881,0,0,0.17610062893081757,0.124999999921875
6357.png,একটি শিশু বসে আছে।,0.49999999875,0.24999999968749997,0.33333332833333335,0.33333332833333335,0.0,0.33333332833333335,0,0,0.28125,0.1999999998
2613993276_3c365cca12.jpg,দুটি কুকুর ঘাসে ঢাকা মাঠে দৌড়াচ্ছে,0.33333333277777777,0.49999999875,0.3999999944,0.3999999944,0.0,0.1999999948000001,0,0,0.5172413793103448,0.24999999968749997
2602.png,একজন বয়স্ক নারী আছে।,0.249999999375,0.3333333322222222,0.28571428000000004,0.28571428000000004,0.0,0.28571428000000004,0,0,0.2666666666666667,0.16666666638888888
8643.png,একজন পুরুষ দুইটি গরু নিয়ে জমিতে হাল চাষ করছে।,0.5555555549382716,0.5555555549382716,0.5555555499382716,0.5555555499382716,0.24999999468750006,0.5555555499382716,0,0,0.84375,0.3846153843195266
3425069551_aba046a1b6.jpg,একজন টেনিস খেলোয়াড় টেনিস খেলছে,0.5999999988,0.37499999953124996,0.46153845609467453,0.46153845609467453,0.1818181768595043,0.46153845609467453,0,0,0.4838709677419355,0.3333333329629629
241345811_46b5f157d4.jpg,একজন ফুটবল দল একটি ফুটবল দল মাঠে দাঁড়িয়ে আছে,0.3333333329629629,0.23076923059171597,0.2727272676446281,0.2727272676446281,0.09999999510000022,0.18181817681818194,0,0,0.38888888888888884,0.1764705881314879
8865.png,একটি নৌকায় কয়েকজন মানুষ আছে।,0.7999999984,0.3636363633057851,0.499999995078125,0.499999995078125,0.14285713857142868,0.499999995078125,0,0,0.44999999999999996,0.3636363633057851
1499495021_d295ce577c.jpg,একজন লোক একটি বিশাল <unk> দাঁড়িয়ে আছে,0.2857142853061225,0.15384615372781063,0.1999999952500001,0.1999999952500001,0.0,0.14285713765306143,0,0,0.38636363636363635,0.1111111110493827
2176.png,একজন পুরুষ একটি উঠুনে বসে।,0.1999999996,0.249999999375,0.2222222167901236,0.2222222167901236,0.0,0.2222222167901236,0,0,0.3157894736842105,0.12499999984374999
4623.png,কয়েকজন পুরুষ দাড়িয়ে আছে।,0.9999999975,0.571428570612245,0.7272727213223142,0.7272727213223142,0.6666666607407408,0.7272727213223142,0,0,0.6153846153846154,0.571428570612245
8222.png,একজন পুরুষ মানুষ শুয়ে আছে।,0.3999999992,0.33333333277777777,0.36363635801652905,0.36363635801652905,0.2222222167901236,0.36363635801652905,0,0,0.6086956521739131,0.2222222219753086
3059.png,একজন পুরুষ মাথায় কলশী নিয়ে হেঁটে যাচ্ছে।,0.14285714265306124,0.249999999375,0.1818181768595043,0.1818181768595043,0.0,0.1818181768595043,0,0,0.3846153846153846,0.0999999999
3389448506_7025e7cc12.jpg,একটি কুকুর একটি টেনিস বল নিয়ে দৌড়াচ্ছে,0.2857142853061225,0.3999999992,0.33333332791666676,0.33333332791666676,0.1999999948000001,0.33333332791666676,0,0,0.46153846153846156,0.2222222219753086
7613.png,একজন পুরুষ আছে।,0.6666666644444444,0.2222222219753086,0.3333333290277778,0.3333333290277778,0.0,0.3333333290277778,0,0,0.4,0.1999999998
3226796100_08c49cfa5c.jpg,একজন লোক একটি লাঠি ধরে আছে,0.16666666638888888,0.16666666638888888,0.16666666138888903,0.16666666138888903,0.0,0.16666666138888903,0,0,0.29166666666666663,0.09090909082644627
3747.png,একজন বাচ্চা মেয়ে যার হাতে একটি শিশু হাতে একটি কাগজের টুকরা হাতে একটি কাগজের টুকরা হাতে একটি কাগজের টুকরা হাতে একটি কাগজের টুকরা হাতে একটি কাগজের টুকরা হাতে একটি কাগজের টুকরা হাতে একটি কাগজের টুকরা হাতে একটি কাগজের টুকরা হাতে,0.0499999999875,0.33333333277777777,0.08695651943289232,0.08695651943289232,0.045454543419421574,0.08695651943289232,0,0,0.13548387096774195,0.15384615372781063
2233426944_0959835ced.jpg,দুটি কুকুর একটি বাদামী কুকুর দৌড়াচ্ছে,0.33333333277777777,0.3999999992,0.36363635801652905,0.36363635801652905,0.2222222167901236,0.36363635801652905,0,0,0.5652173913043479,0.24999999968749997
20201221_201223.jpg,একজন পুরুষ ও একজন পুরুষ এবং একজন লোক,0.0,0.0,0.0,0.0,0.0,0.0,0,0,0.2666666666666667,0.0
6557.png,একজন বাচ্চা মেয়ে হাঁসি মুখে তাকিয়ে আছে।,0.2857142853061225,0.49999999875,0.36363635834710756,0.36363635834710756,0.2222222172839507,0.36363635834710756,0,0,0.52,0.2222222219753086
8746.png,একদল লোক একটি <unk> <unk> <unk> <unk> <unk> <unk> <unk> <unk> <unk> <unk> <unk> <unk> <unk> <unk> <unk> <unk> <unk> <unk> <unk> <unk> <unk> <unk> <unk> <unk> <unk> <unk> <unk> <unk> <unk> <unk> <unk> <unk> <unk> <unk> <unk> <unk> <unk>,0.0499999999875,0.15384615372781063,0.07547169438234266,0.07547169438234266,0.0,0.07547169438234266,0,0,0.11949685534591192,0.13333333324444444
964.png,একটি <unk> একটি <unk>,0.249999999375,0.14285714265306124,0.1818181768595043,0.1818181768595043,0.0,0.1818181768595043,0,0,0.16000000000000003,0.12499999984374999
1052358063.jpg,একটি তরুণ স্কেটবোর্ডার,0.3333333322222222,0.4999999975,0.39999999360000005,0.39999999360000005,0.13333333084444446,0.39999999360000005,0,0,0.5333333333333333,0.24999999979166665
351.png,একজন মানুষ দাড়িয়ে আছে।,0.7499999981250001,0.37499999953124996,0.49999999472222234,0.49999999472222234,0.1999999954000001,0.49999999472222234,0,0,0.3939393939393939,0.3333333329629629
3294964868_16f4f9fa9d.jpg,একজন স্কিয়ার একটি বরফের উপরে উঠে যায়।,0.2857142853061225,0.3999999992,0.33333332791666676,0.33333332791666676,0.1999999948000001,0.33333332791666676,0,0,0.4642857142857143,0.1999999998
605.png,একটি নৌকায় কয়েকজন মানুষ আছে।,0.5999999988,0.2727272724793388,0.374999995234375,0.374999995234375,0.28571428122448983,0.374999995234375,0,0,0.275,0.23076923059171597
1883.png,একজন পুরুষ দাড়িয়ে আছে।,0.49999999875,0.24999999968749997,0.33333332833333335,0.33333332833333335,0.0,0.33333332833333335,0,0,0.3571428571428571,0.1999999998
8894.png,কয়েকজন মানুষ আছে।,0.6666666644444444,0.33333333277777777,0.44444443901234576,0.44444443901234576,0.0,0.44444443901234576,0,0,0.44999999999999996,0.2857142853061225
4541.png,একটি শিশু একটি <unk>,0.0,0.0,0.0,0.0,0.0,0.0,0,0,0.2857142857142857,0.0
1790.png,সামনে একজন পুরুষ ও কয়েকজন পুরুষ আছে।,0.2857142853061225,0.24999999968749997,0.2666666613333334,0.2666666613333334,0.0,0.2666666613333334,0,0,0.31034482758620685,0.18181818165289254
3287549827_04dec6fb6e.jpg,একজন লোক একটি <unk> উচ্চতা দেখাচ্ছে,0.33333333277777777,0.49999999875,0.3999999944,0.3999999944,0.0,0.3333333277777778,0,0,0.48,0.24999999968749997
1343426964_cde3fb54e8.jpg,একটি শিশু একটি স্নোমোবাইল তুলছেন,0.3999999992,0.13333333324444444,0.19999999605000005,0.19999999605000005,0.0,0.19999999605000005,0,0,0.34782608695652173,0.0999999999
3280644151_3d89cb1e0e.jpg,একজন লোক একটি ভবনে চাইনিজ বারান্দায় দাঁড়িয়ে ১০ <unk> এক লোক একটি <unk> একটি ভবনে চাইনিজ বারান্দায় দাঁড়িয়ে ১০ <unk> এক লোক একটি <unk> একটি ভবনে চাইনিজ বারান্দায় দাঁড়িয়ে ১০ <unk> এক লোক একটি <unk> একটি ভবনে চাইনিজ বারান্দায় দাঁড়িয়ে,0.099999999975,0.28571428551020406,0.14814814425240067,0.14814814425240067,0.04444444211358036,0.14814814425240067,0,0,0.21604938271604934,0.13333333324444444
3120266797_47e7d91614.jpg,একজন লোক পাহাড়ের দিকে তাকিয়ে আছে,0.33333333277777777,0.24999999968749997,0.2857142804081633,0.2857142804081633,0.0,0.2857142804081633,0,0,0.4814814814814815,0.16666666652777776
3537474810_cf676b3259.jpg,দুজন লোক একটি ফুটবল খেলোয়াড় বল লাথি মারার জন্য লাফ দিয়ে বলে লাথি মারার প্রস্তুতি নিচ্ছে,0.1874999998828125,0.19999999986666667,0.19354838197710733,0.19354838197710733,0.13333332824444463,0.19354838197710733,0,0,0.46031746031746035,0.119999999952
20220909_132450.jpg,একজন লোক একটি <unk> <unk> <unk> <unk> <unk> <unk> <unk> <unk> <unk> <unk> <unk> <unk> <unk> <unk> <unk> <unk> <unk> <unk> <unk> <unk> <unk> <unk> <unk> <unk> <unk> <unk> <unk> <unk> <unk> <unk> <unk> <unk> <unk> <unk> <unk> <unk> <unk>,0.02499999999375,0.09090909082644627,0.03921568287581729,0.03921568287581729,0.0,0.03921568287581729,0,0,0.07547169811320753,0.07692307686390532
4455.png,একজন লোক একটি <unk> <unk> <unk> <unk> <unk> <unk> <unk> <unk> <unk> <unk> <unk> <unk> <unk> <unk> <unk> <unk> <unk> <unk> <unk> <unk> <unk> <unk> <unk> <unk> <unk> <unk> <unk> <unk> <unk> <unk> <unk> <unk> <unk> <unk> <unk> <unk> <unk>,0.0499999999875,0.15384615372781063,0.07547169438234266,0.07547169438234266,0.0,0.04347825858223074,0,0,0.09433962264150941,0.13333333324444444
342204631_146602491711125_3676620178136048845_n.jpg,একটি মঞ্চে অনুস্তান <unk>,0.249999999375,0.05882352937716263,0.09523809206349215,0.09523809206349215,0.0,0.09523809206349215,0,0,0.19999999999999996,0.05263157891966759
1788.png,কয়েকজন নারী ও শিশু আছে।,0.9999999980000001,0.45454545413223135,0.6249999949218751,0.6249999949218751,0.14285713857142868,0.499999995078125,0,0,0.31707317073170727,0.45454545413223135
2661567396_cbe4c2e5be.jpg,একটি মহিলা টি,0.3333333322222222,0.0999999999,0.15384615005917168,0.15384615005917168,0.0,0.15384615005917168,0,0,0.19444444444444442,0.09090909082644627
2856080862_95d793fa9d.jpg,একদল যুবক একটি ফুটবল খেলছে।,0.3999999992,0.3999999992,0.39999999420000004,0.39999999420000004,0.0,0.39999999420000004,0,0,0.5238095238095238,0.24999999968749997
624058168_f1c5e87e59.jpg,একটি কুকুর একটি বেড়া দিয়ে একটি বেড়া দিয়ে একটি কুকুর লাফাচ্ছে,0.2727272724793388,0.29999999969999996,0.28571428045351477,0.28571428045351477,0.13333332871111125,0.28571428045351477,0,0,0.4,0.2222222219753086
1978.png,একজন পুরুষ দাড়িয়ে কাজ করছে।,0.3999999992,0.24999999968749997,0.3076923024852071,0.3076923024852071,0.0,0.3076923024852071,0,0,0.30000000000000004,0.18181818165289254
7086.png,কয়েকজন মানুষ কাজ করছে।,0.0,0.0,0.0,0.0,0.0,0.0,0,0,0.3125,0.0
3325129757_7a1979ac11.jpg,একজন লোক একটি বরফের পাহাড়ে নেমে আসছে।,0.4285714279591837,0.24999999979166665,0.31578946869806096,0.31578946869806096,0.0,0.23529411252595167,0,0,0.41860465116279066,0.1874999998828125
7670.png,ধান ক্ষেতের মাঝ দিয়ে একজন পুরুষ মানুষ।,0.7142857132653061,0.45454545413223135,0.5555555501851852,0.5555555501851852,0.37499999484375,0.5555555501851852,0,0,0.5384615384615384,0.3846153843195266
5960.png,একজন বয়স্ক পুরুষ গরু আছে।,0.7999999984,0.6666666655555555,0.7272727209917357,0.7272727209917357,0.2222222167901236,0.7272727209917357,0,0,0.6,0.571428570612245
1235681222_819231767a.jpg,এক লোক একটি ভবনে প্রবেশ করতে সাহায্য করছে,0.24999999968749997,0.14285714275510203,0.1818181770247935,0.1818181770247935,0.0,0.1818181770247935,0,0,0.29032258064516125,0.11764705875432525
2154.png,নদীতে <unk> শেষ রশ্মি দিয়ে নৌকা নিয়ে আছে।,0.12499999984374999,0.0999999999,0.11111110604938293,0.11111110604938293,0.0,0.11111110604938293,0,0,0.2777777777777778,0.05882352937716263
3620.png,একজন ছোট ছেলে দৌর দিচ্ছে।,0.0,0.0,0.0,0.0,0.0,0.0,0,0,0.4117647058823529,0.0
31.png,একটি ব্যানের দোকানে একটি গাড়ির সাথে রিকশা গাড়ি চালাচ্ছে।,0.1111111109876543,0.05882352937716263,0.07692307233727837,0.07692307233727837,0.0,0.07692307233727837,0,0,0.3055555555555556,0.04347826085066162
5087.png,একজন বৃদ্ধ নারী কাজ করছে।,0.1999999996,0.1999999996,0.19999999460000012,0.19999999460000012,0.0,0.19999999460000012,0,0,0.5,0.1111111109876543
5731.png,একজন পুরুষ চশমা লাগিয়ে আছে।,0.3999999992,0.6666666644444444,0.49999999406250006,0.49999999406250006,0.0,0.49999999406250006,0,0,0.4736842105263158,0.33333333277777777
2051194177_fbeee211e3.jpg,একটি হালকা বাদামী কুকুরটি পানির মধ্যে একটি ফ্রিসবি হাতে একটি <unk> দিকে তাকিয়ে আছে।,0.14285714275510203,0.18181818165289254,0.15999999494400013,0.15999999494400013,0.0,0.15999999494400013,0,0,0.37037037037037035,0.05555555552469135
1035.png,একজন পুরুষ মানুষ দাড়িয়ে আছে।,0.5999999988,0.4285714279591837,0.4999999943055557,0.4999999943055557,0.3999999944,0.4999999943055557,0,0,0.5384615384615384,0.3333333329629629
5402.png,কয়েকজন মানুষ গোছল করছে।,0.49999999875,0.6666666644444444,0.5714285648979592,0.5714285648979592,0.39999999360000005,0.5714285648979592,0,0,0.6470588235294117,0.3999999992
3547313700_39368b9a2f.jpg,একটি কুকুর একটি বাদামী কুকুরকে তাড়া করছে,0.2857142853061225,0.18181818165289254,0.22222221722222232,0.22222221722222232,0.0,0.22222221722222232,0,0,0.4,0.13333333324444444
1057.png,একটি ঘর ও কাঁচি আর তার উষ্ণ হাসি থেকে মাছ ধরার চেষ্টা করছে।,0.07692307686390532,0.03571428570153061,0.048780483450327566,0.048780483450327566,0.0,0.048780483450327566,0,0,0.26190476190476186,0.028571428563265305
2404.png,একজন পুরুষ হাতে ক্যামেরা নিয়ে দাড়িয়ে আছে।,0.14285714265306124,0.1999999996,0.16666666152777793,0.16666666152777793,0.0,0.16666666152777793,0,0,0.33333333333333337,0.09090909082644627
5225.png,গাছের মাঝে একটি গাছের মাঝে একটি গাছের মাঝে একটি গাছের মাঝে একটি গাছের মাঝে একটি গাছের মাঝে একটি গাছের মাঝে একটি গাছের মাঝে একটি গাছের মাঝে একটি গাছের মাঝে একটি গাছের মাঝে একটি গাছের মাঝে একটি গাছের মাঝে একটি গাছের,0.0,0.0,0.0,0.0,0.0,0.0,0,0,0.15753424657534243,0.0
4534.png,একজন নারী ও একজন মহিলা একটা বাচ্চাকে কোলে নিয়ে আছে।,0.0999999999,0.1999999996,0.13333332871111125,0.13333332871111125,0.0,0.13333332871111125,0,0,0.33333333333333337,0.07692307686390532
3686078365_9e655e238f.jpg,একজন মহিলা একটি প্যারেডে বহন করছে,0.33333333277777777,0.1999999998,0.24999999500000003,0.24999999500000003,0.14285713806122466,0.24999999500000003,0,0,0.32608695652173914,0.15384615372781063
3096918227_f9d26a7db2.jpg,একজন লোক বাতাসে লাফিয়ে কসরত দেখাচ্ছেন,0.33333333277777777,0.49999999875,0.3999999944,0.3999999944,0.15384614887573977,0.3999999944,0,0,0.5384615384615384,0.24999999968749997
4619.png,একটি রেস্তোরার বাইরে একটি মসজিদ।,0.1999999996,0.16666666638888888,0.1818181765289258,0.1818181765289258,0.0,0.1818181765289258,0,0,0.2727272727272727,0.1111111109876543
101669240_b2d3e7f17b.jpg,একজন লোক একটি বরফের মধ্যে স্কি করছে,0.7142857132653061,0.41666666631944443,0.5263157842659281,0.5263157842659281,0.11764705411764723,0.42105262648199443,0,0,0.4545454545454546,0.3571428568877551
2636514498_01fcc5f501.jpg,একটি ছোট বাচ্চা মেয়ে ফুটপাতে তার খেলনা ধরে আছে,0.2222222219753086,0.49999999875,0.3076923029585799,0.3076923029585799,0.21052631069252087,0.3076923029585799,0,0,0.55,0.19999999986666667
3209523192_05a4cef844.jpg,একজন স্কিয়ার পাহাড়েে পরে যাচ্ছে,0.3999999992,0.15384615372781063,0.22222221796296296,0.22222221796296296,0.0,0.14285713806122466,0,0,0.5416666666666667,0.13333333324444444
5323.png,একজন মহিলা একটি ব্যাগ নিয়ে দাড়িয়ে আছে,0.2857142853061225,0.49999999875,0.36363635834710756,0.36363635834710756,0.0,0.36363635834710756,0,0,0.46153846153846156,0.2222222219753086
2748435417_ea7bbcc17c.jpg,একজন লোক একটি <unk> কাছে একটি <unk> কাছে একটি <unk> কাছে একটি <unk> কাছে একটি <unk> কাছে একটি <unk> কাছে একটি <unk> কাছে একটি <unk> কাছে একটি <unk> কাছে একটি <unk> কাছে একটি <unk> কাছে একটি <unk> কাছে একটি <unk>,0.0499999999875,0.18181818165289254,0.07843136913494825,0.07843136913494825,0.0,0.07843136913494825,0,0,0.17006802721088432,0.14285714275510203
7800.png,একজন পুরুষ বসে রান্না করছে একটি চায়ের দোকানে বসে রান্না করছে একটি চায়ের দোকানে বসে রান্না করছে একটি চায়ের দোকানে বসে রান্না করছে একটি চায়ের দোকানে বসে রান্না করছে একটি চায়ের দোকানে বসে রান্না করছে একটি চায়ের দোকানে বসে রান্না,0.07499999998125,0.5999999988,0.13333333129876546,0.13333333129876546,0.04651162619794489,0.13333333129876546,0,0,0.11111111111111116,0.29999999969999996
2206403470_8c25aa3cf8.jpg,একটি শিশু একটি ছোট ছেলেকে নিয়ে একটি <unk> নিয়ে একটি <unk> নিয়ে একটি <unk> নিয়ে একটি <unk> নিয়ে একটি <unk> নিয়ে একটি <unk> নিয়ে একটি <unk> নিয়ে একটি <unk> নিয়ে একটি <unk> নিয়ে একটি <unk> নিয়ে একটি <unk> নিয়ে একটি,0.02499999999375,0.12499999984374999,0.04166666387152797,0.04166666387152797,0.0,0.04166666387152797,0,0,0.1724137931034483,0.07692307686390532
7999.png,একটি মহিলা একটি লাল জামা পরে রাস্তার পাশে বসে আছে,0.0,0.0,0.0,0.0,0.0,0.0,0,0,0.2941176470588235,0.0
4656.png,পাহাড় আছে।,0.4999999975,0.249999999375,0.33333332777777785,0.33333332777777785,0.0,0.33333332777777785,0,0,0.4285714285714286,0.1999999996
2285152690_3fb93f65f1.jpg,একজন বাস্কেটবল খেলোয়াড় বল হাতে নিয়ে যাচ্ছে,0.2857142853061225,0.2857142853061225,0.28571428030612256,0.28571428030612256,0.16666666138888903,0.28571428030612256,0,0,0.6774193548387097,0.16666666652777776
3763.png,একজন পুরুষ মাথায় বস্তা নিয়ে দাড়িয়ে আছে একজন ছোট ছেলে দাড়িয়ে আছে একজন ছোট ছেলে দাড়িয়ে আছে একজন ছোট ছেলে দাড়িয়ে আছে একজন ছোট ছেলে দাড়িয়ে আছে একজন ছোট ছেলে দাড়িয়ে আছে একজন ছোট ছেলে দাড়িয়ে আছে একজন ছোট ছেলে,0.02499999999375,0.249999999375,0.04545454378099179,0.04545454378099179,0.0,0.04545454378099179,0,0,0.13793103448275867,0.08333333326388888
1236951314_0308dc4138.jpg,এক বালক পুলের মধ্যে ঝাঁপ দিচ্ছে,0.33333333277777777,0.1999999998,0.24999999500000003,0.24999999500000003,0.14285713806122466,0.24999999500000003,0,0,0.3846153846153846,0.14285714275510203
3264937930_9623496b64.jpg,একটি রঙিন অস্ত যাচ্ছে,0.249999999375,0.16666666638888888,0.1999999948000001,0.1999999948000001,0.0,0.1999999948000001,0,0,0.375,0.1111111109876543
477254932_56b48d775d.jpg,তিনটি শিশু পুলে লাফ দিচ্ছে,0.3999999992,0.16666666652777776,0.23529411321799312,0.23529411321799312,0.13333332924444455,0.23529411321799312,0,0,0.4375,0.13333333324444444
8682.png,একটি নৌকায় কয়েকজন মানুষ আছে।,0.5999999988,0.3333333329629629,0.42857142336734694,0.42857142336734694,0.16666666194444454,0.42857142336734694,0,0,0.5151515151515151,0.29999999969999996
2687529141_edee32649e.jpg,একজন লোক একটি <unk> একটি <unk> একটি <unk> একটি <unk> একটি <unk> একটি <unk> একটি <unk> একটি <unk> একটি <unk> একটি <unk> একটি <unk> একটি <unk> একটি <unk> একটি <unk> একটি <unk> একটি <unk> একটি <unk> একটি <unk> একটি <unk>,0.0499999999875,0.3999999992,0.08888888687407412,0.08888888687407412,0.0,0.08888888687407412,0,0,0.13207547169811318,0.2857142853061225
4294.png,কয়েকজন পুরুষ আছে।,0.6666666644444444,0.16666666652777776,0.2666666631111111,0.2666666631111111,0.0,0.2666666631111111,0,0,0.2962962962962963,0.16666666652777776
3364258732_9942c557e5.jpg,দুটি মেয়ে কারাটে শিখছে,0.249999999375,0.249999999375,0.2499999943750001,0.2499999943750001,0.0,0.2499999943750001,0,0,0.46153846153846156,0.14285714265306124
4248.png,একটি শিশু আছে।,0.9999999966666667,0.49999999916666665,0.6666666607407408,0.6666666607407408,0.28571428081632655,0.6666666607407408,0,0,0.4285714285714286,0.49999999916666665
145.png,একজন পুরুষ মাটি দিয়ে রুটি <unk>,0.16666666638888888,0.249999999375,0.1999999948000001,0.1999999948000001,0.0,0.1999999948000001,0,0,0.4285714285714286,0.12499999994791666
7855.png,কয়েকজন মানুষ দাড়িয়ে আছে কিছু নৌকা <unk>,0.14285714265306124,0.249999999375,0.1818181768595043,0.1818181768595043,0.0,0.1818181768595043,0,0,0.27083333333333337,0.0999999999
3336065481_2c21e622c8.jpg,একটি শিশু একটি দোলনায় বসে আছে,0.33333333277777777,0.14285714275510203,0.19999999560000006,0.19999999560000006,0.0,0.19999999560000006,0,0,0.4285714285714286,0.1111111109876543
inbound755042063650565929.jpg,একটি পাখি আছে।,0.3333333322222222,0.16666666638888888,0.2222222172839507,0.2222222172839507,0.0,0.2222222172839507,0,0,0.24,0.12499999984374999
8632.png,একটা মেয়ে গালে হাত দিয়ে চেয়ে আছেন।,0.2857142853061225,0.16666666652777776,0.2105263109141275,0.2105263109141275,0.0,0.2105263109141275,0,0,0.31818181818181823,0.11764705875432525
1609.png,একজন বালক তার বাচ্চাকে ধরে বসে আছে।,0.14285714265306124,0.249999999375,0.1818181768595043,0.1818181768595043,0.0,0.1818181768595043,0,0,0.4516129032258065,0.0999999999
311619377_2ba3b36675.jpg,একজন লোক একটি <unk> ভিতরে বসে আছে।,0.4285714279591837,0.37499999953124996,0.3999999944888889,0.3999999944888889,0.15384614863905344,0.3999999944888889,0,0,0.6666666666666667,0.24999999979166665
209605542_ca9cc52e7b.jpg,এক ব্যক্তি একটি পাথরের উপর বসে আছে,0.2857142853061225,0.2857142853061225,0.28571428030612256,0.28571428030612256,0.0,0.28571428030612256,0,0,0.5769230769230769,0.16666666652777776
528500099_7be78a0ca5.jpg,একজন পুরুষ এবং একজন লোক দাঁড়িয়ে আছে,0.2857142853061225,0.16666666652777776,0.2105263109141275,0.2105263109141275,0.0,0.2105263109141275,0,0,0.4545454545454546,0.124999999921875
472661386_723aae880b.jpg,একদল লোক একসাথে ছবি তুলছে,0.1999999996,0.1999999996,0.19999999460000012,0.19999999460000012,0.0,0.19999999460000012,0,0,0.4,0.1111111109876543
5656.png,একটি শিশু দাড়িয়ে আছে।,0.249999999375,0.1111111109876543,0.15384614934911253,0.15384614934911253,0.0,0.15384614934911253,0,0,0.23529411764705888,0.09090909086776859
5151.png,একজন পুরুষ ও কয়েকটি শিশু বসে লিখছে।,0.4285714279591837,0.37499999953124996,0.3999999944888889,0.3999999944888889,0.1428571377551022,0.374999994609375,0,0,0.5151515151515151,0.2727272724793388
IMG-20220513-WA0071.jpg,কয়েকজন মানুষ দাড়িয়ে আছে।,0.0,0.0,0.0,0.0,0.0,0.0,0,0,0.34615384615384615,0.0
501.png,অনেক লোকজন দেখা যাচ্ছে।,0.249999999375,0.07692307686390532,0.11764705508650528,0.11764705508650528,0.0,0.11764705508650528,0,0,0.36363636363636365,0.06666666662222222
2206960564_325ed0c7ae.jpg,একটি সাদা কুকুর একটি টেনিস বল ধরে আছে,0.12499999984374999,0.16666666638888888,0.1428571377551022,0.1428571377551022,0.0,0.1428571377551022,0,0,0.40740740740740744,0.08333333326388888
3409326324_a704565e8f.jpg,একটি <unk> একটি <unk>,0.49999999875,0.3999999992,0.4444444385185186,0.4444444385185186,0.0,0.4444444385185186,0,0,0.38095238095238093,0.1999999996
2019.png,কয়েকজন মানুষ আছে।,0.3333333322222222,0.07142857137755101,0.11764705577854677,0.11764705577854677,0.0,0.11764705577854677,0,0,0.18181818181818177,0.07692307686390532
3545586120_283d728a97.jpg,একজন লোক একটি <unk> <unk> <unk> <unk> <unk> <unk> <unk> <unk> <unk> <unk> <unk> <unk> <unk> <unk> <unk> <unk> <unk> <unk> <unk> <unk> <unk> <unk> <unk> <unk> <unk> <unk> <unk> <unk> <unk> <unk> <unk> <unk> <unk> <unk> <unk> <unk> <unk>,0.0499999999875,0.13333333324444444,0.0727272687338845,0.0727272687338845,0.0,0.0727272687338845,0,0,0.08805031446540879,0.14285714265306124
5230.png,একটি বড় বড় একটি বড় গাছ দেখা যাচ্ছে।,0.49999999937499995,0.3636363633057851,0.42105262626038775,0.42105262626038775,0.11764705384083066,0.42105262626038775,0,0,0.5555555555555556,0.24999999979166665
2587017287_888c811b5a.jpg,একটি ভেজা কুকুর পানিতে একটি লাঠি নিয়ে একটি লাঠি নিয়ে একটি লাঠি নিয়ে একটি লাঠি নিয়ে একটি লাঠি নিয়ে একটি লাঠি নিয়ে একটি লাঠি নিয়ে একটি লাঠি নিয়ে একটি লাঠি নিয়ে একটি লাঠি নিয়ে একটি লাঠি নিয়ে একটি লাঠি নিয়ে,0.07499999998125,0.5999999988,0.13333333129876546,0.13333333129876546,0.08888888653827165,0.13333333129876546,0,0,0.14179104477611937,0.37499999953124996
6176.png,একটি শিশু বসে আছে।,0.249999999375,0.0999999999,0.14285713857142868,0.14285713857142868,0.0,0.14285713857142868,0,0,0.3125,0.08333333326388888
3866.png,একটি কুকুর দেখা যাচ্ছে।,0.249999999375,0.1999999996,0.2222222167901236,0.2222222167901236,0.0,0.2222222167901236,0,0,0.4117647058823529,0.12499999984374999
3403797144_53e49412ec.jpg,একজন সার্ফার তরঙ্গে আটকা পড়েছে,0.3999999992,0.33333333277777777,0.36363635801652905,0.36363635801652905,0.2222222167901236,0.36363635801652905,0,0,0.5,0.2222222219753086
4603.png,একটি ব্রীজ দেখা যাচ্ছে।,0.49999999875,0.3999999992,0.4444444385185186,0.4444444385185186,0.28571428000000004,0.4444444385185186,0,0,0.40909090909090906,0.2857142853061225
2114126343_a0f74ff63b.jpg,একটি মেয়ে এবং একটি মেয়ে ভলিবল খেলছে,0.14285714265306124,0.14285714265306124,0.14285713765306143,0.14285713765306143,0.0,0.14285713765306143,0,0,0.2857142857142857,0.09090909082644627
2073964624_52da3a0fc4.jpg,একজন পুরুষ ও একজন মহিলা,0.3999999992,0.2222222219753086,0.2857142807142858,0.2857142807142858,0.16666666194444454,0.2857142807142858,0,0,0.3157894736842105,0.18181818165289254
3537201804_ce07aff237.jpg,চারটি শিশু বসে আছে।,0.49999999875,0.1999999998,0.28571428122448983,0.28571428122448983,0.0,0.28571428122448983,0,0,0.29166666666666663,0.16666666652777776
8237.png,একজন পুরুষ মাথায় করে যাচ্ছে।,0.0,0.0,0.0,0.0,0.0,0.0,0,0,0.4736842105263158,0.0
47.png,এক অর্ধনগ্ন একজন মহিলা একটি <unk> <unk> <unk> <unk> <unk> <unk> <unk> <unk> <unk> <unk> <unk> <unk> <unk> <unk> <unk> <unk> <unk> <unk> <unk> <unk> <unk> <unk> <unk> <unk> <unk> <unk> <unk> <unk> <unk> <unk> <unk> <unk> <unk> <unk> <unk>,0.07499999998125,0.10714285710459183,0.0882352892474051,0.0882352892474051,0.0,0.0882352892474051,0,0,0.23456790123456794,0.07142857140306122
2496399593_a24954a5ca.jpg,একটি মেয়ে একটি গাছের পাশে দাঁড়িয়ে আছে,0.2857142853061225,0.2857142853061225,0.28571428030612256,0.28571428030612256,0.0,0.28571428030612256,0,0,0.5517241379310345,0.18181818165289254
3096.png,একটি টেবিল এর পাশে টেবিল এর উপরে বসে খাবার খাচ্ছে।,0.0,0.0,0.0,0.0,0.0,0.0,0,0,0.2857142857142857,0.0
9067.png,একটি শিশু দাড়িয়ে আছে।,0.9999999975,0.9999999975,0.9999999925,0.9999999925,0.9999999916666666,0.9999999925,1,1,1.0,0.9999999975
2673148534_8daf0de833.jpg,একটি সাদা কুকুর একটি মাঠে ঘুরছে।,0.6666666655555555,0.571428570612245,0.6153846094674558,0.6153846094674558,0.1818181765289258,0.6153846094674558,0,0,0.6538461538461539,0.37499999953124996
1282392036.jpg,একটি <unk> পোশাক পরিহিত একদল লোক একটি ছোট ছেলেকে একটি <unk>,0.3636363633057851,0.28571428551020406,0.31999999481600006,0.31999999481600006,0.09999999490000026,0.2727272674793389,0,0,0.3877551020408163,0.1764705881314879
2999162229_80d17099b6.jpg,একটি শিশু হাতে ফুল নিয়ে আছে।,0.16666666638888888,0.12499999984374999,0.1428571377551022,0.1428571377551022,0.0,0.1428571377551022,0,0,0.31034482758620685,0.07692307686390532
3192.png,একজন পুরুষ লাটি ভর করে শাপলা ফুল নিয়ে দাড়িয়ে আছে।,0.1999999998,0.1111111110493827,0.14285713816326545,0.14285713816326545,0.0,0.07142856678571458,0,0,0.2622950819672131,0.07692307689349112
7056.png,একজন মহিলা তার বাবা সান্তা ক্লজের জামা পরিধান করা হচ্ছে।,0.0,0.0,0.0,0.0,0.0,0.0,0,0,0.326530612244898,0.0
3159092624_66af4e207e.jpg,একটি ছোট ছেলে একটি গাছের পাশে দাড়িয়ে আছে,0.37499999953124996,0.24999999979166665,0.2999999949,0.2999999949,0.15384614863905344,0.2999999949,0,0,0.5555555555555556,0.1874999998828125
2762702644_2aa3bf9680.jpg,একজন লোক একটি <unk> <unk> করছে,0.33333333277777777,0.124999999921875,0.1818181776859505,0.1818181776859505,0.0,0.1818181776859505,0,0,0.33333333333333337,0.1111111110493827
3102204862_f1d220230b.jpg,একজন লোক একটি <unk> বাইরে ভলিবল খেলেন।,0.4285714279591837,0.4285714279591837,0.42857142295918377,0.42857142295918377,0.3333333277777778,0.42857142295918377,0,0,0.5714285714285714,0.2727272724793388
289616152_012a9f16c6.jpg,একজন লোক একটি <unk>,0.49999999875,0.33333333277777777,0.3999999944,0.3999999944,0.0,0.2499999943750001,0,0,0.375,0.24999999968749997
3070713991_8696796937.jpg,একজন পুরুষ বসে আছে।,0.0,0.0,0.0,0.0,0.0,0.0,0,0,0.33333333333333337,0.0
6808.png,তিনজন পুরুষ পাশাপাশি দাড়িয়ে আছে।,0.9999999980000001,0.5555555549382716,0.7142857086734694,0.7142857086734694,0.6666666611111112,0.7142857086734694,0,0,0.5555555555555556,0.7142857132653061
7196.png,একজন নারী তাকিয়ে আছে।,0.7499999981250001,0.5999999988,0.6666666602469137,0.6666666602469137,0.28571428000000004,0.6666666602469137,0,0,0.6666666666666667,0.49999999916666665
6313.png,একজন বয়স্ক নারী আছে।,0.249999999375,0.1999999996,0.2222222167901236,0.2222222167901236,0.0,0.2222222167901236,0,0,0.4444444444444444,0.12499999984374999
4783.png,একটি <unk>,0.4999999975,0.16666666638888888,0.24999999562500003,0.24999999562500003,0.0,0.24999999562500003,0,0,0.16666666666666663,0.14285714265306124
2789238858_14261dd25a.jpg,দুটি গ্রেহাউন্ড কুকুর দৌড়াচ্ছে,0.7499999981250001,0.4285714279591837,0.5454545398347109,0.5454545398347109,0.2222222172839507,0.5454545398347109,0,0,0.5862068965517242,0.37499999953124996
2068465241_3bcabacfd7.jpg,একটি শিশু একটি বল ধরে রেখে দাঁড়িয়ে আছে,0.24999999968749997,0.2222222219753086,0.23529411238754333,0.23529411238754333,0.13333332817777796,0.23529411238754333,0,0,0.46875,0.14285714275510203
121551810.jpg,একটি <unk> একটি ছেলে তার সাইকেল চালাচ্ছে,0.4285714279591837,0.24999999979166665,0.31578946869806096,0.31578946869806096,0.11764705411764723,0.2105263109141275,0,0,0.3214285714285714,0.13333333324444444
3756.png,একজন পুরুষ ও একজন নারী তাকিয়ে আছে।,0.4285714279591837,0.4285714279591837,0.42857142295918377,0.42857142295918377,0.16666666138888903,0.42857142295918377,0,0,0.46153846153846156,0.29999999969999996
2282895743_f803f1cf01.jpg,এক দম্পতি ফুটপাতে হাঁটছে,0.249999999375,0.12499999984374999,0.16666666194444454,0.16666666194444454,0.0,0.16666666194444454,0,0,0.3142857142857143,0.0999999999
3280672302_2967177653.jpg,একটি মেয়ে একটি মেয়ে হাটছে,0.3999999992,0.1999999998,0.2666666618666667,0.2666666618666667,0.0,0.2666666618666667,0,0,0.5,0.1999999998
2239938351_43c73c887c.jpg,দুটি কুকুর একটি অপরটির সাথে খেলছে,0.6666666655555555,0.49999999937499995,0.5714285657142858,0.5714285657142858,0.33333332791666676,0.5714285657142858,0,0,0.7083333333333333,0.3999999996
8251.png,একজন পুরুষ মানুষ বসে আছে।,0.5999999988,0.7499999981250001,0.6666666602469137,0.6666666602469137,0.0,0.6666666602469137,0,0,0.4444444444444444,0.49999999916666665
1395.png,কয়েকজন নারী দাড়িয়ে আছে কিছু মানুষ দাড়িয়ে আছে।,0.12499999984374999,0.1111111109876543,0.11764705370242234,0.11764705370242234,0.0,0.11764705370242234,0,0,0.36111111111111116,0.07142857137755101
4505.png,৩ জন মহিলা বসে আছে।,0.0,0.0,0.0,0.0,0.0,0.0,0,0,0.4,0.0
1130369873_d80a1aa59c.jpg,একটি কুকুর একটি বিশাল জল ছিটাচ্ছে,0.33333333277777777,0.2222222219753086,0.2666666615111111,0.2666666615111111,0.0,0.2666666615111111,0,0,0.41666666666666663,0.16666666652777776
_MG_2288.JPG,একজন পুরুষ ও একজন পুরুষ ও একজন পুরুষ ও একজন পুরুষ ও একজন পুরুষ ও একজন পুরুষ ও একজন পুরুষ ও একজন পুরুষ ও একজন পুরুষ ও একজন পুরুষ ও একজন পুরুষ ও একজন পুরুষ ও একজন পুরুষ ও একজন,0.02499999999375,0.12499999984374999,0.04166666387152797,0.04166666387152797,0.0,0.04166666387152797,0,0,0.108843537414966,0.1111111109876543
189.png,২ জন পুরুষ ভ্যান নিয়ে দাড়িয়ে আছে।,0.14285714265306124,0.1999999996,0.16666666152777793,0.16666666152777793,0.0,0.16666666152777793,0,0,0.40909090909090906,0.09090909082644627
3602838407_bf13e49243.jpg,একটি কালো কুকুর জলের মধ্য দিয়ে চলছে,0.571428570612245,0.3999999996,0.4705882298961938,0.4705882298961938,0.2666666615111111,0.4615384558579882,0,0,0.56,0.30769230745562126
3273325447_81c94000da.jpg,একজন লোক একটি <unk>,0.49999999875,0.33333333277777777,0.3999999944,0.3999999944,0.0,0.3999999944,0,0,0.4,0.24999999968749997
4863.png,কয়েকজন মানুষ দাড়িয়ে আছে।,0.0,0.0,0.0,0.0,0.0,0.0,0,0,0.2222222222222222,0.0
2423292784_166ee54e0b.jpg,একটি ছোট ছেলে একটি <unk> ধরে আছে,0.571428570612245,0.571428570612245,0.5714285656122451,0.5714285656122451,0.3076923022485208,0.5333333276444445,0,0,0.6538461538461539,0.4444444439506172
2113530024_5bc6a90e42.jpg,একদল বাচ্চা সকার খেলছে,0.249999999375,0.1999999996,0.2222222167901236,0.2222222167901236,0.0,0.2222222167901236,0,0,0.5,0.12499999984374999
8564.png,একজন নারী বসে কাজ করছে।,0.0,0.0,0.0,0.0,0.0,0.0,0,0,0.38095238095238093,0.0
3189.png,একজন পুরুষ বসে আছে।,0.9999999975,0.4444444439506172,0.6153846101775148,0.6153846101775148,0.5454545404958677,0.6153846101775148,0,0,0.4117647058823529,0.49999999937499995
4090.png,একটি নৌকায় দুইজন মানুষ আছে।,0.3999999992,0.16666666652777776,0.23529411321799312,0.23529411321799312,0.0,0.23529411321799312,0,0,0.368421052631579,0.13333333324444444
133.png,একজন পুরুষ একটি নৌকা যাচ্ছে।,0.1999999996,0.1999999996,0.19999999460000012,0.19999999460000012,0.0,0.19999999460000012,0,0,0.4736842105263158,0.1111111109876543
1980.png,একজন পুরুষ বসে আছে আর তার পিছনে একজন পুরুষ বসে আছে একজন পুরুষ বসে আছে একজন পুরুষ বসে আছে একজন পুরুষ বসে আছে আর তার পিছনে একজন পুরুষ বসে আছে একজন পুরুষ বসে আছে একজন পুরুষ বসে আছে একজন পুরুষ,0.02499999999375,0.07142857137755101,0.03703703318244211,0.03703703318244211,0.0,0.03703703318244211,0,0,0.21621621621621623,0.049999999975
8925.png,একজন বৃদ্ধ নারী তাকিয়ে আছে।,0.3999999992,0.49999999875,0.4444444385185186,0.4444444385185186,0.0,0.4444444385185186,0,0,0.5555555555555556,0.2857142853061225
2362481035_a7600875d0.jpg,একটি শিশু একটি টায়ারের দোলনায় দোলছে।,0.33333333277777777,0.33333333277777777,0.3333333277777778,0.3333333277777778,0.19999999460000012,0.3333333277777778,0,0,0.46153846153846156,0.2222222219753086
20210824_073557.jpg,একটি <unk>,0.4999999975,0.14285714265306124,0.22222221827160496,0.22222221827160496,0.0,0.22222221827160496,0,0,0.18181818181818177,0.12499999984374999
7069.png,একটি সাদা পাখি লম্বা কালো।,0.1999999996,0.14285714265306124,0.16666666152777793,0.16666666152777793,0.0,0.16666666152777793,0,0,0.31999999999999995,0.09090909082644627
2760.png,কয়েকজন মানুষ দাড়িয়ে আছে।,0.7499999981250001,0.9999999966666667,0.8571428497959185,0.8571428497959185,0.39999999360000005,0.8571428497959185,0,0,0.75,0.7499999981250001
1863.png,একজন পুরুষ আছে।,0.6666666644444444,0.24999999968749997,0.36363635900826446,0.36363635900826446,0.0,0.36363635900826446,0,0,0.3125,0.24999999968749997
3529721084_4b405baf54.jpg,একজন লোক মোটরসাইকেলে বসে আছে,0.7999999984,0.19047619038548752,0.3076923043491124,0.3076923043491124,0.08333333048611122,0.3076923043491124,0,0,0.4482758620689655,0.2222222220987654
2316.png,অনেকগুলো মানুষ আছে।,0.0,0.0,0.0,0.0,0.0,0.0,0,0,0.2727272727272727,0.0
8477.png,একজন ছোট মেয়ে শিশু কোলে নিয়ে আছে।,0.14285714265306124,0.3333333322222222,0.1999999954000001,0.1999999954000001,0.0,0.1999999954000001,0,0,0.32608695652173914,0.1111111109876543
1220401002_3f44b1f3f7.jpg,একটি ছোট ছেলে একটি ছোট ছেলে একটি ছোট ছেলে একটি ছোট ছেলে একটি ছোট ছেলে একটি ছোট ছেলে একটি ছোট ছেলে একটি ছোট ছেলে একটি ছোট ছেলে একটি ছোট ছেলে একটি ছোট ছেলে একটি ছোট ছেলে একটি ছোট ছেলে একটি,0.0,0.0,0.0,0.0,0.0,0.0,0,0,0.1278195488721805,0.0
1463732130_a754441289.jpg,একটি মেয়ে ট্রাম্পোলিনে লাফাচ্ছে,0.7499999981250001,0.7499999981250001,0.7499999931250001,0.7499999931250001,0.6666666594444445,0.7499999931250001,0,0,0.9444444444444444,0.5999999988
3229282764_a4a515f4e2.jpg,একটি মেয়ে একটি ছেলেকে নিয়ে খেলা করছে,0.2857142853061225,0.49999999875,0.36363635834710756,0.36363635834710756,0.2222222172839507,0.36363635834710756,0,0,0.45833333333333337,0.24999999968749997
7212.png,একটি শিশু আছে।,0.9999999966666667,0.5999999988,0.7499999934375,0.7499999934375,0.0,0.7499999934375,0,0,0.6,0.5999999988
1026.png,একজন নারী মাথায় কিছু দরি ধরে মাথায় একটি শিশু মাথায় বোঝা নিয়ে হেটে যাচ্ছে একজন বাচ্চা মেয়ে মাথায় একটি শিশু মাথায় বোঝা নিয়ে হেটে যাচ্ছে একজন বাচ্চা মেয়ে মাথায় একটি শিশু মাথায় বোঝা নিয়ে হেটে যাচ্ছে একজন বাচ্চা মেয়ে মাথায়,0.0499999999875,0.2222222219753086,0.08163265002915464,0.08163265002915464,0.0,0.08163265002915464,0,0,0.18055555555555558,0.09523809519274376
3774.png,একজন পুরুষ দাড়িয়ে আছে।,0.7499999981250001,0.4285714279591837,0.5454545398347109,0.5454545398347109,0.2222222172839507,0.5454545398347109,0,0,0.4642857142857143,0.37499999953124996
2110.png,একটি <unk> একটি <unk> রাস্তা দিয়ে হেঁটে যাচ্ছে।,0.0,0.0,0.0,0.0,0.0,0.0,0,0,0.22448979591836737,0.0
3154.png,একজন নারী ও একজন নারী দাড়িয়ে আছে।,0.14285714265306124,0.249999999375,0.1818181768595043,0.1818181768595043,0.08695651780718354,0.1818181768595043,0,0,0.41666666666666663,0.12499999984374999
10.png,একজন নারী হেঁটে আসছে।,0.249999999375,0.09090909082644627,0.13333332924444455,0.13333332924444455,0.0,0.13333332924444455,0,0,0.2894736842105263,0.07692307686390532
2955985301_e4139bc772.jpg,একটি মেয়ে হাসছে,0.3333333322222222,0.14285714265306124,0.1999999954000001,0.1999999954000001,0.0,0.1999999954000001,0,0,0.5384615384615384,0.12499999984374999
6509.png,একজন বৃদ্ধ নারী আছে।,0.49999999875,0.49999999875,0.4999999937500001,0.4999999937500001,0.0,0.4999999937500001,0,0,0.6875,0.33333333277777777
6334.png,কয়েকজন মানুষ আছে।,0.9999999966666667,0.9999999966666667,0.9999999916666666,0.9999999916666666,0.9999999900000001,0.9999999916666666,1,1,1.0,0.9999999966666667
3427852996_d383abd819.jpg,একজন লোক তার সাইকেল নিয়ে কৌশল দেখাচ্ছে,0.7142857132653061,0.5555555549382716,0.624999994296875,0.624999994296875,0.4285714230612245,0.624999994296875,0,0,0.5263157894736843,0.45454545413223135
4203.png,একজন পুরুষ বসে আছে।,0.9999999975,0.6666666655555555,0.7999999936,0.7999999936,0.7499999934375,0.7999999936,0,0,0.6363636363636364,0.6666666655555555
2387197355_237f6f41ee.jpg,একজন লোক একটি <unk> <unk> <unk> <unk> <unk> <unk> <unk> <unk> <unk> <unk> <unk> <unk> <unk> <unk> <unk> <unk> <unk> <unk> <unk> <unk> <unk> <unk> <unk> <unk> <unk> <unk> <unk> <unk> <unk> <unk> <unk> <unk> <unk> <unk> <unk> <unk> <unk>,0.0499999999875,0.2857142853061225,0.08510638040742426,0.08510638040742426,0.04444444211358036,0.08510638040742426,0,0,0.13207547169811318,0.2222222219753086
3718964174_cb2dc1615e.jpg,একজন নারী তাকিয়ে আছে,0.49999999875,0.18181818165289254,0.26666666240000003,0.26666666240000003,0.15384615005917168,0.26666666240000003,0,0,0.3548387096774194,0.18181818165289254
2931950813_93145c4746.jpg,একটি ছোট কালো রঙের ডোরাকাটা শার্ট পরা একজন বালক একটি ছোট ছেলে একটি <unk> একটি <unk> একটি <unk> একটি <unk> একটি <unk> একটি <unk> একটি <unk> একটি <unk> একটি <unk> একটি <unk> একটি <unk> একটি <unk> একটি <unk> একটি <unk>,0.07499999998125,0.37499999953124996,0.12499999717013895,0.12499999717013895,0.043478258270321514,0.12499999717013895,0,0,0.14743589743589747,0.124999999921875
390360326_26f5936189.jpg,দুটি কুকুর একসাথে দৌড়াচ্ছে,0.49999999875,0.18181818165289254,0.26666666240000003,0.26666666240000003,0.0,0.26666666240000003,0,0,0.5,0.16666666652777776
3138.png,৪ জন ছেলে দাড়িয়ে ছবি তুলছে যার মাঝে একজন পুরুষ পাশাপাশি দাড়িয়ে আছে।,0.3846153843195266,0.3124999998046875,0.34482758102259214,0.34482758102259214,0.14814814310013733,0.34482758102259214,0,0,0.41666666666666663,0.23809523798185941
118939861.jpg,একজন লোক একটি সাদা শার্ট পরা লোকের সাথে একটি <unk> <unk> <unk> <unk> <unk> <unk> <unk> <unk> <unk> <unk> <unk> <unk> <unk> <unk> <unk> <unk> <unk> <unk> <unk> <unk> <unk> <unk> <unk> <unk> <unk> <unk> <unk> <unk> <unk> <unk> <unk>,0.1499999999625,0.4999999995833333,0.23076922713017753,0.23076922713017753,0.07999999653600014,0.15384615023668646,0,0,0.14743589743589747,0.26666666648888887
_MG_2298.JPG,একজন বৃদ্ধ লোক হাতে একটা গোলাপ রাখা,0.2857142853061225,0.49999999875,0.36363635834710756,0.36363635834710756,0.0,0.3076923022485208,0,0,0.43999999999999995,0.2222222219753086
6652.png,একজন পুরুষ মানুষ বসে আছেন একজন পুরুষ মানুষ।,0.0,0.0,0.0,0.0,0.0,0.0,0,0,0.2727272727272727,0.0
8009.png,একটি সেতু তৈরির পুরুষ দাড়িয়ে আছে কিছু মানুষ।,0.0,0.0,0.0,0.0,0.0,0.0,0,0,0.23529411764705888,0.0
1387785218_cee67735f5.jpg,একটি ছোট মেয়ে ট্রাইসাইকেল চালাচ্ছে।,0.3999999992,0.18181818165289254,0.249999995390625,0.249999995390625,0.0,0.15384614887573977,0,0,0.4666666666666667,0.14285714275510203
635.png,একজন বয়স্ক নারী একটি শিশু কোলে নিয়ে দাড়িয়ে তাকিয়ে আছে।,0.29999999969999996,0.49999999916666665,0.37499999484375,0.37499999484375,0.0,0.37499999484375,0,0,0.41666666666666663,0.24999999979166665
3202.png,একজন পুরুষ জাল দিয়ে মাছ ধরছেন।,0.33333333277777777,0.33333333277777777,0.3333333277777778,0.3333333277777778,0.19999999460000012,0.3333333277777778,0,0,0.2727272727272727,0.1999999998
5594.png,একজন পুরুষ হেঁটে যাচ্ছে।,0.0,0.0,0.0,0.0,0.0,0.0,0,0,0.17391304347826086,0.0
2285741931_07159a21f2.jpg,একটি শিশু একটি লাল সাদা কালো জামাকাপড় পরা একটি শিশু একটি লাল সাদা কালো জামাকাপড় পরা একটি শিশু একটি লাল সাদা কালো জামাকাপড় পরা একটি শিশু একটি লাল সাদা কালো জামাকাপড় পরা একটি শিশু একটি লাল সাদা কালো জামাকাপড় পরা,0.0499999999875,0.2222222219753086,0.08163265002915464,0.08163265002915464,0.042553188646446534,0.08163265002915464,0,0,0.22916666666666663,0.15384615372781063
3329169877_175cb16845.jpg,একজন স্কি করা এক লোক একটি <unk> ডাউন <unk> করছে,0.1999999998,0.16666666652777776,0.181818176694215,0.181818176694215,0.0,0.181818176694215,0,0,0.36111111111111116,0.10526315783933518
2704257993_d485058a5f.jpg,একটি ছোট ছেলেটি কারাতে অনুশীলন করছে,0.33333333277777777,0.1999999998,0.24999999500000003,0.24999999500000003,0.0,0.24999999500000003,0,0,0.33333333333333337,0.15384615372781063
2978271431_f6a7f19825.jpg,একটি সাদা গাড়ি একটি গাড়ি রাস্তায়।,0.33333333277777777,0.1999999998,0.24999999500000003,0.24999999500000003,0.0,0.24999999500000003,0,0,0.47619047619047616,0.16666666652777776
2839038702_e168128665.jpg,একটি কুকুর একটি হ্রদ এবং হ্রদ এবং হ্রদ এবং হ্রদ এবং হ্রদ এবং হ্রদ এবং হ্রদ এবং হ্রদ এবং হ্রদ এবং হ্রদ এবং হ্রদ এবং হ্রদ এবং হ্রদ এবং হ্রদ এবং হ্রদ এবং হ্রদ এবং হ্রদ এবং হ্রদ এবং হ্রদ,0.07499999998125,0.29999999969999996,0.11999999675200007,0.11999999675200007,0.045454543419421574,0.11999999675200007,0,0,0.12765957446808507,0.24999999968749997
558.png,একজন পুরুষ বসে আছে।,0.0,0.0,0.0,0.0,0.0,0.0,0,0,0.2777777777777778,0.0
5675.png,একজন লোক একটি <unk>,0.0,0.0,0.0,0.0,0.0,0.0,0,0,0.19999999999999996,0.0
327.png,একজন নারী একটি শিশু আছে।,0.3999999992,0.49999999875,0.4444444385185186,0.4444444385185186,0.0,0.4444444385185186,0,0,0.5294117647058824,0.2857142853061225
_MG_1797.JPG,লোক টি কালো রঙের শার্ট পরে দাড়িয়ে আছে,0.37499999953124996,0.7499999981250001,0.49999999472222234,0.49999999472222234,0.39999999500000005,0.49999999472222234,0,0,0.4,0.3333333329629629
4402.png,সমুদ্রের পাড় দিয়ে হেটে যাচ্ছে ২ জন পুরুষ মানুষ।,0.0,0.0,0.0,0.0,0.0,0.0,0,0,0.32258064516129037,0.0
7101.png,দুইজন পুরুষ আছে।,0.9999999966666667,0.49999999916666665,0.6666666607407408,0.6666666607407408,0.28571428081632655,0.6666666607407408,0,0,0.5238095238095238,0.49999999916666665
_MG_2278.JPG,একজন পুরুষ একটি মার্কেটের ভিতরে।,0.1999999996,0.14285714265306124,0.16666666152777793,0.16666666152777793,0.0,0.16666666152777793,0,0,0.37037037037037035,0.09090909082644627
363.png,একজন পুরুষ একটি ধান <unk> কাজ করছে।,0.14285714265306124,0.1999999996,0.16666666152777793,0.16666666152777793,0.0,0.16666666152777793,0,0,0.3571428571428571,0.09090909082644627
5587.png,একটি নৌকায় একজন পুরুষ বসে আছে।,0.33333333277777777,0.3999999992,0.36363635801652905,0.36363635801652905,0.0,0.36363635801652905,0,0,0.5909090909090908,0.2222222219753086
_MG_1217.JPG,একজন পুরুষ আছে।,0.0,0.0,0.0,0.0,0.0,0.0,0,0,0.368421052631579,0.0
5998.png,কয়েকজন মানুষ আছে।,0.9999999966666667,0.5999999988,0.7499999934375,0.7499999934375,0.6666666600000001,0.7499999934375,0,0,0.5714285714285714,0.5999999988
1308.png,একজন নারী মাথায় ছাতা মাথায় একটা পলিথিন দিয়ে মাথা বালু নিয়ে দাড়িয়ে তাকিয়ে আছে।,0.21428571413265304,0.3333333329629629,0.26086956022684316,0.26086956022684316,0.09523809043083924,0.26086956022684316,0,0,0.42000000000000004,0.15789473675900276
179009558_69be522c63.jpg,একটি শিশু একটি <unk>,0.49999999875,0.15384615372781063,0.2352941137716263,0.2352941137716263,0.0,0.2352941137716263,0,0,0.23529411764705888,0.07692307686390532
6205.png,একজন পুরুষ রঙ মেখে সবাই সিঁড়ির উপর দাড়িয়ে আছে একজন পুরুষ দাড়িয়ে আছে।,0.15384615372781063,0.3999999992,0.22222221796296296,0.22222221796296296,0.09523809024943336,0.22222221796296296,0,0,0.40816326530612246,0.15384615372781063
3525841965_7814484515.jpg,৪ জন ছোট মেয়ে যার মাঝে ২ জন ছোট মেয়ে যার মাঝে ২ জন ছোট মেয়ে যার মাঝে ২ জন ছোট মেয়ে যার মাঝে ২ জন ছোট মেয়ে যার মাঝে ২ জন ছোট মেয়ে যার মাঝে ২ জন ছোট মেয়ে,0.02499999999375,0.16666666638888888,0.04347825858223074,0.04347825858223074,0.0,0.04347825858223074,0,0,0.1964285714285714,0.08333333326388888
195.png,বৃষ্টির মাঝে একজন লোক তার রিক্সায় উল্টা হয়ে আছে।,0.0,0.0,0.0,0.0,0.0,0.0,0,0,0.303030303030303,0.0
6266.png,একজন নারী তাকিয়ে আছে।,0.249999999375,0.249999999375,0.2499999943750001,0.2499999943750001,0.0,0.2499999943750001,0,0,0.2857142857142857,0.14285714265306124
8149.png,পানিতে একজন পুরুষ দাড়িয়ে আছে।,0.1999999996,0.3333333322222222,0.24999999468750006,0.24999999468750006,0.0,0.24999999468750006,0,0,0.368421052631579,0.14285714265306124
3604928725_58147c87cd.jpg,একটি শিশু একটি কুকুর একটি <unk>,0.8333333319444445,0.3846153843195266,0.5263157845983379,0.5263157845983379,0.12499999554687513,0.4210526268144044,0,0,0.36170212765957444,0.3333333330555555
6442.png,একজন পুরুষ আছে।,0.6666666644444444,0.3999999992,0.49999999406250006,0.49999999406250006,0.33333332777777785,0.49999999406250006,0,0,0.5555555555555556,0.33333333277777777
113637264.jpg,এক ব্যক্তি একটি <unk> থেকে লাফ দিচ্ছে,0.2857142853061225,0.3999999992,0.33333332791666676,0.33333332791666676,0.1999999948000001,0.33333332791666676,0,0,0.36,0.1999999998
2637.png,একজন পুরুষ বসে আছে।,0.0,0.0,0.0,0.0,0.0,0.0,0,0,0.4375,0.0
219301555_17883a51bd.jpg,এক মেয়ে ঝর্নার মাঝে দাঁড়িয়ে আছে।,0.16666666638888888,0.16666666638888888,0.16666666138888903,0.16666666138888903,0.0,0.16666666138888903,0,0,0.3157894736842105,0.09090909082644627
241347580_a1e20321d3.jpg,একদল লোক একটি <unk> দেখছে,0.1999999996,0.14285714265306124,0.16666666152777793,0.16666666152777793,0.0,0.16666666152777793,0,0,0.3214285714285714,0.09090909082644627
3640104986_5d8c9a9948.jpg,এক লোক একটি বিশাল <unk> সামনে দাঁড়িয়ে আছে,0.37499999953124996,0.37499999953124996,0.37499999453125,0.37499999453125,0.0,0.37499999453125,0,0,0.4642857142857143,0.24999999979166665
1384292980.jpg,দুজন শিক্ষার্থী ফুটপাতে হাঁটছে,0.0,0.0,0.0,0.0,0.0,0.0,0,0,0.38888888888888884,0.0
539667015_fd0a3bea07.jpg,একটি শিশু হাসছে,0.3333333322222222,0.12499999984374999,0.18181817752066123,0.18181817752066123,0.0,0.18181817752066123,0,0,0.24137931034482762,0.0999999999
6046.png,একজন পুরুষ দাড়িয়ে আছে।,0.0,0.0,0.0,0.0,0.0,0.0,0,0,0.19999999999999996,0.0
2150.png,একজন পুরুষ মাথায় একটি মঞ্চে দাড়িয়ে আছে একজন পুরুষ আছে।,0.3999999996,0.6666666655555555,0.4999999946875,0.4999999946875,0.14285713806122466,0.4999999946875,0,0,0.33333333333333337,0.3999999996
2675.png,কয়েকজন নারী ও অনেকগুলো মানুষ আছে।,0.16666666638888888,0.16666666638888888,0.16666666138888903,0.16666666138888903,0.0,0.16666666138888903,0,0,0.34782608695652173,0.09090909082644627
350443876_c9769f5734.jpg,একজন লোক একটি বৃহত কাঠের টেবিল পরিষ্কার নীল শার্ট এবং একটি বৃহত কাঠের টেবিল পরিষ্কার নীল শার্ট এবং একটি বৃহত কাঠের টেবিল পরিষ্কার নীল শার্ট এবং একটি বৃহত কাঠের টেবিল পরিষ্কার নীল শার্ট এবং একটি বৃহত কাঠের টেবিল পরিষ্কার নীল,0.099999999975,0.3333333330555555,0.15384615023668646,0.15384615023668646,0.07999999653600014,0.15384615023668646,0,0,0.17500000000000004,0.2222222220987654
8474.png,একজন নারী বসে রান্না হচ্ছে,0.1999999996,0.3333333322222222,0.24999999468750006,0.24999999468750006,0.0,0.24999999468750006,0,0,0.4444444444444444,0.14285714265306124
3286406057_a1668655af.jpg,একজন মহিলা তার পিছনে একজন মহিলা তার পিছনে একজন মহিলা তার পিছনে একজন মহিলা তার পিছনে একজন মহিলা তার পিছনে একজন মহিলা তার পিছনে একজন মহিলা তার পিছনে একজন মহিলা তার পিছনে একজন মহিলা তার পিছনে একজন মহিলা তার পিছনে,0.07499999998125,0.149999999925,0.09999999552222243,0.09999999552222243,0.0,0.09999999552222243,0,0,0.32704402515723274,0.10526315783933518
2205088706_d7e633e00d.jpg,একজন পুরুষ লাফ দিচ্ছে।,0.49999999875,0.16666666652777776,0.2499999959375,0.2499999959375,0.14285713928571436,0.2499999959375,0,0,0.5238095238095238,0.14285714275510203
8919.png,একজন নারী হেঁটে যাচ্ছে।,0.7499999981250001,0.7499999981250001,0.7499999931250001,0.7499999931250001,0.6666666594444445,0.7499999931250001,0,0,0.8571428571428572,0.5999999988
3334.png,একজন পুরুষ বসে আছে।,0.7499999981250001,0.5999999988,0.6666666602469137,0.6666666602469137,0.5714285648979592,0.6666666602469137,0,0,0.7647058823529411,0.49999999916666665
2698666984_13e17236ae.jpg,একজন বালক বৃষ্টিতে ভিজে গেলো,0.3999999992,0.24999999968749997,0.3076923024852071,0.3076923024852071,0.16666666194444454,0.3076923024852071,0,0,0.38235294117647056,0.18181818165289254
272940778_a184dbea42.jpg,দুটি কুকুর একটি কালো কুকুরের সাথে খেলা করছে,0.37499999953124996,0.49999999916666665,0.4285714230612245,0.4285714230612245,0.33333332791666676,0.4285714230612245,0,0,0.5714285714285714,0.2727272724793388
p987.jpg,একজন নারী আছে।,0.0,0.0,0.0,0.0,0.0,0.0,0,0,0.5,0.0
7505.png,একজন পুরুষ একটি শিশু কোলে নিয়ে দাঁড়িয়ে আছে।,0.12499999984374999,0.12499999984374999,0.12499999484375018,0.12499999484375018,0.0,0.12499999484375018,0,0,0.5428571428571429,0.07142857137755101
3375014075_157388f8a9.jpg,একজন পুরুষ একটি কালো কুকুর তাকে ঘিরে রয়েছে,0.37499999953124996,0.23076923059171597,0.2857142807256236,0.2857142807256236,0.16666666239583344,0.2857142804081633,0,0,0.3793103448275862,0.16666666657407406
797.png,একজন পুরুষ একটি শিশু কোলে নিয়ে দাড়িয়ে আছে।,0.0,0.0,0.0,0.0,0.0,0.0,0,0,0.24137931034482762,0.0
3571.png,একজন লোক একটি <unk> <unk>,0.3999999992,0.24999999968749997,0.3076923024852071,0.3076923024852071,0.0,0.3076923024852071,0,0,0.3448275862068966,0.1999999998
4986.png,একজন পুরুষ একটি বট গাছের দিকে দাড়িয়ে আছে।,0.0,0.0,0.0,0.0,0.0,0.0,0,0,0.31034482758620685,0.0
2553619107_d382a820f9.jpg,একজন লোক তীব্র স্রোতের মাঝে নৌকা চালাচ্ছে,0.571428570612245,0.571428570612245,0.5714285656122451,0.5714285656122451,0.16666666138888903,0.42857142295918377,0,0,0.4444444444444444,0.3999999996
2549.png,একটি ছেলে একটি সাপ নিয়ে দাড়িয়ে আছে,0.2857142853061225,0.15384615372781063,0.1999999952500001,0.1999999952500001,0.0,0.0999999953500002,0,0,0.37037037037037035,0.11764705875432525
2277081067_d2b4c98bce.jpg,একটি শিশু সৈকতে খেলছে,0.249999999375,0.1999999996,0.2222222167901236,0.2222222167901236,0.0,0.2222222167901236,0,0,0.4444444444444444,0.12499999984374999
1014.png,সমুদ্রের পারে কয়েকজন মানুষ দাড়িয়ে আছে।,0.49999999916666665,0.49999999916666665,0.4999999941666667,0.4999999941666667,0.19999999460000012,0.4999999941666667,0,0,0.72,0.3333333329629629
3566.png,একটি শিশু দাড়িয়ে আছে।,0.249999999375,0.12499999984374999,0.16666666194444454,0.16666666194444454,0.0,0.16666666194444454,0,0,0.33333333333333337,0.09090909082644627
4990.png,কয়েকজন নারী ও অনেকগুলো মানুষ আছে।,0.6666666655555555,0.49999999937499995,0.5714285657142858,0.5714285657142858,0.16666666152777793,0.5714285657142858,0,0,0.6333333333333333,0.49999999937499995
3399944164_ec24123945.jpg,এক নারী একটি ছবির জন্য পোজ দিচ্ছে,0.2857142853061225,0.16666666652777776,0.2105263109141275,0.2105263109141275,0.11764705411764723,0.2105263109141275,0,0,0.37142857142857144,0.124999999921875
9135.png,একজন পুরুষ দাড়িয়ে আছে।,0.9999999975,0.9999999975,0.9999999925,0.9999999925,0.9999999916666666,0.9999999925,1,1,1.0,0.9999999975
3284460070_6805990149.jpg,একজন সাইকেল আরোহী তার মাউন্টেন বাইক চালাচ্ছে,0.4285714279591837,0.37499999953124996,0.3999999944888889,0.3999999944888889,0.0,0.3999999944888889,0,0,0.3870967741935484,0.24999999979166665
2403078014_4b1d6f8bde.jpg,এক লোক সাইকেল চালাচ্ছে,0.49999999875,0.2222222219753086,0.3076923029585799,0.3076923029585799,0.18181817752066123,0.3076923029585799,0,0,0.5,0.1999999998
2739332078_13d9acce59.jpg,একজন মহিলা এবং একজন মহিলা,0.1999999996,0.16666666638888888,0.1818181765289258,0.1818181765289258,0.0,0.1818181765289258,0,0,0.4,0.12499999984374999
244571201_0339d8e8d1.jpg,তিনটি শিশু একটি পুলে লাফ দিচ্ছে,0.33333333277777777,0.2857142853061225,0.3076923022485208,0.3076923022485208,0.0,0.3076923022485208,0,0,0.44999999999999996,0.18181818165289254
2261962622_e9318a95eb.jpg,একজন মেয়ে বাস্কেটবল খেলছে,0.249999999375,0.1999999996,0.2222222167901236,0.2222222167901236,0.0,0.2222222167901236,0,0,0.4375,0.12499999984374999
3148571800_c5515e6c3d.jpg,একজন লোক আগুনের মধ্যে হাঁটার সময় তার <unk> আগুনের মধ্যে হাঁটার সময় তার <unk> আগুনের মধ্যে হাঁটার সময় তার <unk> আগুনের মধ্যে হাঁটার সময় তার <unk> আগুনের মধ্যে হাঁটার সময় তার <unk> আগুনের মধ্যে হাঁটার সময় তার <unk> আগুনের মধ্যে,0.07499999998125,0.37499999953124996,0.12499999717013895,0.12499999717013895,0.043478258270321514,0.12499999717013895,0,0,0.13749999999999996,0.23076923059171597
773.png,একজন বৃদ্ধ লোক দাঁড়িয়ে আছে।,0.0,0.0,0.0,0.0,0.0,0.0,0,0,0.4444444444444444,0.0
4742.png,একজন পুরুষ হাতে ফুলের তোরা নিয়ে দাড়িয়ে আছে।,0.6249999992187499,0.3846153843195266,0.4761904710204082,0.4761904710204082,0.2105263109141275,0.4761904710204082,0,0,0.5161290322580645,0.3571428568877551
990890291_afc72be141.jpg,একজন লোক তার সাইকেল চালাচ্ছে ।,0.33333333277777777,0.33333333277777777,0.3333333277777778,0.3333333277777778,0.19999999460000012,0.3333333277777778,0,0,0.6,0.1999999998
3480052428_c034b98a08.jpg,পাঁচজন মানুষ দাড়িয়ে আছে।,0.249999999375,0.1999999996,0.2222222167901236,0.2222222167901236,0.0,0.2222222167901236,0,0,0.30000000000000004,0.12499999984374999
2594.png,একজন পুরুষ মাথায় কাপড় দিয়ে দাড়িয়ে আছে।,0.2857142853061225,0.18181818165289254,0.22222221722222232,0.22222221722222232,0.0,0.22222221722222232,0,0,0.4358974358974359,0.124999999921875
6517.png,একজন পুরুষ ও একটি শিশু গ্রামের পাকা রাস্তা দিয়ে হেঁটে আসছে।,0.3636363633057851,0.571428570612245,0.4444444391975309,0.4444444391975309,0.24999999500000003,0.4444444391975309,0,0,0.5128205128205128,0.30769230745562126
6998.png,গরুর গাড়ি দেখা যাচ্ছে।,0.0,0.0,0.0,0.0,0.0,0.0,0,0,0.22857142857142854,0.0
3579842996_3a62ec1bc7.jpg,একজন লোক একটি <unk>,0.49999999875,0.3999999992,0.4444444385185186,0.4444444385185186,0.0,0.4444444385185186,0,0,0.375,0.2857142853061225
20220602_171836.jpg,একটি শিশু দাড়িয়ে আছে।,0.0,0.0,0.0,0.0,0.0,0.0,0,0,0.30434782608695654,0.0
3658.png,দুইজন পুরুষ পাশাপাশি দাড়িয়ে আছে।,0.5999999988,0.9999999966666667,0.7499999934375,0.7499999934375,0.33333332777777785,0.7499999934375,0,0,0.55,0.5999999988
2278110011_ba846e7795.jpg,একটি শিশু একটি লাল খেলনা ধরে আছে,0.2857142853061225,0.49999999875,0.36363635834710756,0.36363635834710756,0.2222222172839507,0.36363635834710756,0,0,0.4347826086956522,0.24999999968749997
8174.png,একজন নারী আছে।,0.6666666644444444,0.3999999992,0.49999999406250006,0.49999999406250006,0.33333332777777785,0.49999999406250006,0,0,0.5263157894736843,0.33333333277777777
224.png,একজন পুরুষ একটি টিনের ঘর দেখা যাচ্ছে।,0.2857142853061225,0.16666666652777776,0.2105263109141275,0.2105263109141275,0.0,0.2105263109141275,0,0,0.30952380952380953,0.11764705875432525
460195978_fc522a4979.jpg,একটি কুকুর একটি কালো কুকুর একটি কালো কুকুর একটি কালো কুকুর একটি কালো কুকুর একটি কালো কুকুর একটি কালো কুকুর একটি কালো কুকুর একটি কালো কুকুর একটি কালো কুকুর একটি কালো কুকুর একটি কালো কুকুর একটি কালো কুকুর একটি কালো,0.099999999975,0.49999999937499995,0.16666666381944448,0.16666666381944448,0.08695651912098307,0.16666666381944448,0,0,0.1917808219178082,0.2857142853061225
8842.png,একজন লোক একটি <unk>,0.49999999875,0.2857142853061225,0.36363635834710756,0.36363635834710756,0.2222222172839507,0.36363635834710756,0,0,0.46153846153846156,0.2222222219753086
3193.png,একজন বালক গোসল করছে।,0.49999999875,0.6666666644444444,0.5714285648979592,0.5714285648979592,0.39999999360000005,0.5714285648979592,0,0,0.625,0.3999999992
5285.png,একটি পুকুর ও একটি নৌকা ও নিচে একটি নৌকা দেখা যাচ্ছে।,0.2727272724793388,0.4285714279591837,0.33333332820987654,0.33333332820987654,0.12499999515625017,0.33333332820987654,0,0,0.37142857142857144,0.2727272724793388
6307.png,একজন পুরুষ মাথার উপর ছাতা ধরে আছে,0.4285714279591837,0.5999999988,0.4999999943055557,0.4999999943055557,0.24999999500000003,0.4999999943055557,0,0,0.6,0.3333333329629629
6066.png,একটি ভাসমান একটি শিশু আছে।,0.1999999996,0.3333333322222222,0.24999999468750006,0.24999999468750006,0.0,0.24999999468750006,0,0,0.2777777777777778,0.16666666638888888
504904434_889f426c6e.jpg,একটি ছেলে একটি ইটের ভবনের বাইরে একটি বাড়ির বাইরে একটি বাড়ির বাইরে একটি বাড়ির বাইরে একটি বাড়ির বাইরে একটি বাড়ির বাইরে একটি বাড়ির বাইরে একটি বাড়ির বাইরে একটি বাড়ির বাইরে একটি বাড়ির বাইরে একটি বাড়ির বাইরে একটি বাড়ির বাইরে একটি,0.099999999975,0.3333333330555555,0.15384615023668646,0.15384615023668646,0.07999999653600014,0.15384615023668646,0,0,0.16981132075471694,0.21428571413265304
3609952704_3719ab0524.jpg,একটি শিশু একটি বল হাতে বল হাতে নিয়ে দাঁড়িয়ে আছে,0.3999999996,0.3999999996,0.3999999946000001,0.3999999946000001,0.11764705370242234,0.3999999946000001,0,0,0.5,0.23076923059171597
4730.png,রেল লাইনের পাশ দিয়ে কয়েকজন মানুষ দেখা যাচ্ছে পাশে দিয়ে হেঁটে যাচ্ছে।,0.16666666652777776,0.2857142853061225,0.2105263109141275,0.2105263109141275,0.0,0.2105263109141275,0,0,0.2325581395348837,0.124999999921875
2529205842_bdcb49d65b.jpg,সাদা জামা পরা একজন বাস্কেটবল খেলোয়াড় বল হাতে নিয়ে খেলছে,0.1999999998,0.6666666644444444,0.3076923036686391,0.3076923036686391,0.19999999485000008,0.3076923036686391,0,0,0.5,0.18181818165289254
3181409177_edb09c2718.jpg,একজন লোক বাইসাইকেলে চড়ে শূন্যে ভাসছে,0.16666666638888888,0.1999999996,0.1818181765289258,0.1818181765289258,0.09523809151927451,0.1818181765289258,0,0,0.3448275862068966,0.09999999995
735787579_617b047319.jpg,এক মহিলা একটি ছোট ছেলেকে নিয়ে দাঁড়িয়ে আছে,0.24999999968749997,0.1999999998,0.22222221703703712,0.22222221703703712,0.0,0.13333332817777796,0,0,0.4444444444444444,0.124999999921875
1288.png,একদল লোক সাইকেল চালাচ্ছে,0.0,0.0,0.0,0.0,0.0,0.0,0,0,0.21875,0.0
358559906_d5f3f584f4.jpg,একটি শিশু জল নিয়ে খেলছে,0.3999999992,0.2222222219753086,0.2857142807142858,0.2857142807142858,0.0,0.2857142807142858,0,0,0.3846153846153846,0.18181818165289254
261.png,একজন মানুষ কাজ করছে।,0.49999999875,0.14285714275510203,0.22222221851851853,0.22222221851851853,0.12499999679687505,0.22222221851851853,0,0,0.29166666666666663,0.15384615372781063
3544312930_3a0b8d70c1.jpg,এক মেয়ে তার মুখ <unk> ধরে রেখেছে,0.14285714265306124,0.1111111109876543,0.12499999492187522,0.12499999492187522,0.0,0.12499999492187522,0,0,0.3142857142857143,0.06666666662222222
8117.png,কয়েকজন মানুষ দাড়িয়ে আছে।,0.49999999875,0.2857142853061225,0.36363635834710756,0.36363635834710756,0.2222222172839507,0.36363635834710756,0,0,0.48,0.24999999968749997
5222.png,একটি সেতু আছে।,0.6666666644444444,0.33333333277777777,0.44444443901234576,0.44444443901234576,0.0,0.44444443901234576,0,0,0.4285714285714286,0.2857142853061225
8798.png,একটি নৌকা আছে।,0.6666666644444444,0.33333333277777777,0.44444443901234576,0.44444443901234576,0.28571428081632655,0.44444443901234576,0,0,0.34782608695652173,0.2857142853061225
2565657591_6c1cdfc092.jpg,একজন লোক একটি <unk> <unk> <unk> <unk> <unk> <unk> <unk> <unk> <unk> <unk> <unk> <unk> <unk> <unk> <unk> <unk> <unk> <unk> <unk> <unk> <unk> <unk> <unk> <unk> <unk> <unk> <unk> <unk> <unk> <unk> <unk> <unk> <unk> <unk> <unk> <unk> <unk>,0.02499999999375,0.1999999996,0.0444444424493828,0.0444444424493828,0.0,0.0444444424493828,0,0,0.0691823899371069,0.12499999984374999
3189002057_3ef61b803e.jpg,দু'জন লোক একটি ছোট ছেলে দৌড়াচ্ছে,0.16666666638888888,0.1111111109876543,0.13333332835555572,0.13333332835555572,0.0,0.13333332835555572,0,0,0.2777777777777778,0.07142857137755101
7188.png,কয়েকজন মানুষ আছে।,0.3333333322222222,0.3333333322222222,0.33333332722222225,0.33333332722222225,0.0,0.33333332722222225,0,0,0.33333333333333337,0.1999999996
7128.png,একজন নারী গাছের পাশে দাঁড়িয়ে আছে।,0.49999999916666665,0.9999999966666667,0.6666666607407408,0.6666666607407408,0.28571428081632655,0.6666666607407408,0,0,0.47619047619047616,0.49999999916666665
2951092164_4940b9a517.jpg,একটি ছোট্ট মেয়ে একটি <unk>,0.3999999992,0.16666666652777776,0.23529411321799312,0.23529411321799312,0.0,0.23529411321799312,0,0,0.30952380952380953,0.08333333326388888
2472.png,কয়েকজন পুরুষ দাড়িয়ে আছে।,0.249999999375,0.0624999999609375,0.0999999967000001,0.0999999967000001,0.0,0.0999999967000001,0,0,0.25,0.05263157891966759
3660361818_e05367693f.jpg,একজন লোক একটি রেম্প থেকে নিচে নামছে,0.2857142853061225,0.2222222219753086,0.24999999476562512,0.24999999476562512,0.0,0.24999999476562512,0,0,0.3902439024390244,0.14285714275510203
3117562746_62f57a02b5.jpg,একটি কুকুর তুষার জুড়ে চলছে।,0.5999999988,0.37499999953124996,0.46153845609467453,0.46153845609467453,0.2222222167901236,0.46153845609467453,0,0,0.5652173913043479,0.29999999969999996
8689.png,একজন লোক পানির উপরে একটি মাছ ধরার জাল ছুড়ে মারছেন একজন লোক দাঁড়িয়ে আছে,0.14285714275510203,0.24999999968749997,0.1818181770247935,0.1818181770247935,0.0,0.1111111075308643,0,0,0.2692307692307693,0.1111111110493827
6821.png,সমুদ্র পাড়ে একজন পুরুষ সাইকেল চালিয়ে যাচ্ছে।,0.4285714279591837,0.24999999979166665,0.31578946869806096,0.31578946869806096,0.11764705411764723,0.2105263109141275,0,0,0.27586206896551724,0.1874999998828125
267836606_bbea2267c8.jpg,একটি কালো কুকুর একটি কালো কুকুরের সাথে খেলছে।,0.37499999953124996,0.49999999916666665,0.4285714230612245,0.4285714230612245,0.33333332791666676,0.4285714230612245,0,0,0.5517241379310345,0.37499999953124996
629.png,একজন পুরুষ পানিতে নেমে গোসল করছে।,0.33333333277777777,0.3999999992,0.36363635801652905,0.36363635801652905,0.0,0.36363635801652905,0,0,0.5652173913043479,0.2222222219753086
8592.png,কিছু মানুষ দাড়িয়ে আছে।,0.249999999375,0.3333333322222222,0.28571428000000004,0.28571428000000004,0.0,0.28571428000000004,0,0,0.3076923076923077,0.16666666638888888
7621.png,একটি শিশু একটি মাছ কাটছে,0.3999999992,0.2857142853061225,0.33333332791666676,0.33333332791666676,0.1999999948000001,0.33333332791666676,0,0,0.4545454545454546,0.2222222219753086
2786299623_a3c48bd318.jpg,এক মহিলা এবং একটি মহিলা এবং একটি মহিলা এবং একটি মহিলা এবং একটি মহিলা এবং একটি মহিলা এবং একটি মহিলা এবং একটি মহিলা এবং একটি মহিলা এবং একটি মহিলা এবং একটি মহিলা এবং একটি মহিলা এবং একটি মহিলা এবং একটি,0.0499999999875,0.3999999992,0.08888888687407412,0.08888888687407412,0.04651162619794489,0.08888888687407412,0,0,0.16551724137931034,0.2857142853061225
1265.png,কয়েকজন নারী ও পুরুষ আছে।,0.3999999992,0.33333333277777777,0.36363635801652905,0.36363635801652905,0.0,0.36363635801652905,0,0,0.44999999999999996,0.2222222219753086
5938.png,একজন পুরুষ একটি কয়লার স্তপ থেকে পানি থেকে পানি থেকে পানি থেকে পানি থেকে পানি থেকে পানি থেকে পানি থেকে পানি থেকে পানি থেকে পানি থেকে পানি থেকে পানি থেকে পানি থেকে পানি থেকে পানি থেকে পানি থেকে পানি থেকে,0.0499999999875,0.2222222219753086,0.08163265002915464,0.08163265002915464,0.0,0.04545454378099179,0,0,0.11111111111111116,0.14285714275510203
315880837_90db309bab.jpg,তিনটি কুকুর বরফের মধ্যদিয়ে ছুটছে ।,0.33333333277777777,0.33333333277777777,0.3333333277777778,0.3333333277777778,0.19999999460000012,0.3333333277777778,0,0,0.5652173913043479,0.1999999998
inbound96910276058087115.jpg,একটি সাদা বিড়াল দাড়িয়ে আছে তার মধ্যে দুইটা <unk>,0.3333333329629629,0.29999999969999996,0.31578946836565097,0.31578946836565097,0.11764705370242234,0.31578946836565097,0,0,0.368421052631579,0.19999999986666667
4540.png,একজন পুরুষ পানিতে জাল ফেলছে।,0.1999999996,0.1999999996,0.19999999460000012,0.19999999460000012,0.0,0.19999999460000012,0,0,0.42105263157894735,0.1111111109876543
3641456303_c50c33337b.jpg,একটি <unk> এক মহিলা একটি পার্কে দাড়িয়ে আছে একটি পার্কে বসে আছে,0.24999999979166665,0.5999999988,0.3529411719031142,0.3529411719031142,0.13333332924444455,0.3529411719031142,0,0,0.4418604651162791,0.29999999969999996
1474474514_b3eb492722.jpg,একটি শিশু একটি <unk> থেকে ঝুলছে,0.33333333277777777,0.49999999875,0.3999999944,0.3999999944,0.24999999468750006,0.3999999944,0,0,0.33333333333333337,0.2857142853061225
537758332_8beb9cf522.jpg,একটি শিশু একটি <unk>,0.49999999875,0.2222222219753086,0.3076923029585799,0.3076923029585799,0.18181817752066123,0.3076923029585799,0,0,0.2647058823529411,0.1999999998
3495453699_1c9faedf3c.jpg,এক লোক একটি <unk> <unk> করছে,0.6666666655555555,0.26666666648888887,0.3809523765079365,0.3809523765079365,0.21052631168975072,0.3333333277777778,0,0,0.47619047619047616,0.26666666648888887
7418.png,একটি নৌকায় কয়েকজন মানুষ আছে।,0.7999999984,0.6666666655555555,0.7272727209917357,0.7272727209917357,0.4444444385185186,0.7272727209917357,0,0,0.9047619047619048,0.571428570612245
7479.png,একটি শিশু আছে।,0.3333333322222222,0.1999999996,0.24999999468750006,0.24999999468750006,0.0,0.24999999468750006,0,0,0.2777777777777778,0.14285714265306124
3087.png,একজন পুরুষ একটি শিশু একটি <unk> নিয়ে যাচ্ছে একজন পুরুষ একটি <unk> নিয়ে যাচ্ছে একজন পুরুষ একটি <unk> নিয়ে যাচ্ছে একজন পুরুষ একটি <unk> নিয়ে যাচ্ছে একজন পুরুষ একটি <unk> নিয়ে যাচ্ছে একজন পুরুষ একটি <unk> নিয়ে যাচ্ছে একজন পুরুষ,0.02499999999375,0.06666666662222222,0.036363632383471504,0.036363632383471504,0.0,0.036363632383471504,0,0,0.21383647798742134,0.049999999975
1579287915_4257c54451.jpg,একজন লোক পাহাড়ের চূড়ায় বসে আছে।,0.33333333277777777,0.24999999968749997,0.2857142804081633,0.2857142804081633,0.16666666152777793,0.2857142804081633,0,0,0.47058823529411764,0.16666666652777776
IMG_2217.JPG,লোক টি বসে আছে,0.7499999981250001,0.7499999981250001,0.7499999931250001,0.7499999931250001,0.33333332722222225,0.7499999931250001,0,0,0.8181818181818181,0.5999999988
7739.png,একটি ধূসর এলোমেলো চুল দেখা যাচ্ছে।,0.16666666638888888,0.1999999996,0.1818181765289258,0.1818181765289258,0.0,0.1818181765289258,0,0,0.3448275862068966,0.0999999999
3084011028_d1e2c40d7d.jpg,চারজন নারী ও মহিলা ছবি তুলছে,0.33333333277777777,0.3999999992,0.36363635801652905,0.36363635801652905,0.2222222167901236,0.36363635801652905,0,0,0.44999999999999996,0.2222222219753086
6861.png,একজন মানুষ হেঁটে যাচ্ছে।,0.249999999375,0.249999999375,0.2499999943750001,0.2499999943750001,0.0,0.2499999943750001,0,0,0.5333333333333333,0.14285714265306124
4896.png,এটি একটি রাস্তা।,0.0,0.0,0.0,0.0,0.0,0.0,0,0,0.19999999999999996,0.0
1446933195_8fe9725d62.jpg,একটি কুকুর একটি লাল খেলনা নিয়ে খেলা করছে,0.37499999953124996,0.2727272724793388,0.31578946847645434,0.31578946847645434,0.11764705384083066,0.31578946847645434,0,0,0.4642857142857143,0.16666666652777776
7461.png,কয়েকজন নারী ও একজন নারী আছে।,0.16666666638888888,0.16666666638888888,0.16666666138888903,0.16666666138888903,0.0,0.16666666138888903,0,0,0.31818181818181823,0.0999999999
IMG_8202.JPG,একটা লোক বসে আছে,0.49999999875,0.49999999875,0.4999999937500001,0.4999999937500001,0.33333332722222225,0.4999999937500001,0,0,0.5833333333333333,0.33333333277777777
2260.png,একজন পুরুষ এবং একজন পুরুষ একটি ছবির জন্য অংগভংগি করছেন,0.0999999999,0.249999999375,0.14285713857142868,0.14285713857142868,0.0,0.14285713857142868,0,0,0.26190476190476186,0.09090909082644627
3261.png,একজন বয়স্ক লোক দাড়িয়ে আছে যার চুল কালো,0.49999999937499995,0.3333333330555555,0.39999999480000004,0.39999999480000004,0.11111110623456812,0.39999999480000004,0,0,0.3928571428571429,0.24999999984375
5528.png,একজন পুরুষ কাজ করছে।,0.9999999975,0.9999999975,0.9999999925,0.9999999925,0.9999999916666666,0.9999999925,1,1,1.0,0.9999999975
697582336_601462e052.jpg,একটি কালো কুকুর ঘাসের উপর দৌড়াচ্ছে,0.8333333319444445,0.7142857132653061,0.7692307630769232,0.7692307630769232,0.36363635801652905,0.4615384558579882,0,0,0.5454545454545454,0.6249999992187499
5370.png,তিনটি ছেলে জঙ্গল দিয়ে দাড়িয়ে আছে।,0.49999999916666665,0.7499999981250001,0.5999999940000001,0.5999999940000001,0.24999999468750006,0.5999999940000001,0,0,0.4285714285714286,0.4285714279591837
3041487045_b48ac7ed08.jpg,একটি কুকুর ঘাসের মধ্যে দিয়ে লাফ দিচ্ছে,0.4285714279591837,0.5999999988,0.4999999943055557,0.4999999943055557,0.1999999948000001,0.4999999943055557,0,0,0.6799999999999999,0.3333333329629629
9045.png,একজন মানুষ একটি বস্তা নিয়ে দাড়িয়ে আছে।,0.7142857132653061,0.45454545413223135,0.5555555501851852,0.5555555501851852,0.12499999515625017,0.33333332820987654,0,0,0.42307692307692313,0.3846153843195266
3090957866_f1b2b7f214.jpg,একজন লোক একটি <unk>,0.249999999375,0.12499999984374999,0.16666666194444454,0.16666666194444454,0.0,0.16666666194444454,0,0,0.2857142857142857,0.09090909082644627
3090398639_68c0dfa9a5.jpg,একটি সাইকেল আরোহী তার সাইকেল চালাচ্ছে,0.49999999916666665,0.4285714279591837,0.4615384558579882,0.4615384558579882,0.19999999460000012,0.4615384558579882,0,0,0.52,0.3333333329629629
6423.png,একজন নারী আছে।,0.3333333322222222,0.249999999375,0.28571428000000004,0.28571428000000004,0.0,0.28571428000000004,0,0,0.46153846153846156,0.16666666638888888
_MG_3607.JPG,একটা ছেলে বসে আছে যার চুল কালো রঙ এর ট্রেন লাইন এর পাশে একটি থলে হাতে কিছু নিয়ে দাড়িয়ে আছে যার চুল কালো রঙ এর ট্রেন লাইন এর পাশে একটি থলে হাতে কিছু নিয়ে দাড়িয়ে আছে যার চুল কালো রঙ,0.22499999994375,0.9999999988888888,0.3673469356268222,0.3673469356268222,0.34042552894522404,0.3673469356268222,0,0,0.25,0.4999999997222222
1379.png,একজন পুরুষ কাজ করছে।,0.7499999981250001,0.5999999988,0.6666666602469137,0.6666666602469137,0.28571428000000004,0.6666666602469137,0,0,0.7222222222222222,0.49999999916666665
2452686995_621878f561.jpg,একটি রাস্তা দিয়ে পানি জমে থাকা গাছের নিচে পাথরের উপরে বসে আছে।,0.24999999979166665,0.29999999969999996,0.2727272675206612,0.2727272675206612,0.08695651667296815,0.2727272675206612,0,0,0.4390243902439024,0.15789473675900276
5301.png,পানিতে কয়েকজন মানুষ আছে।,0.7499999981250001,0.37499999953124996,0.49999999472222234,0.49999999472222234,0.1999999954000001,0.49999999472222234,0,0,0.43333333333333335,0.37499999953124996
2447284966_d6bbdb4b6e.jpg,একজন পুরুষ ও কয়েকজন মানুষ দাড়িয়ে আছে।,0.14285714265306124,0.0999999999,0.11764705384083066,0.11764705384083066,0.0,0.11764705384083066,0,0,0.26,0.0624999999609375
8304.png,একজন পুরুষ একটি শিশু আছে।,0.3999999992,0.6666666644444444,0.49999999406250006,0.49999999406250006,0.0,0.49999999406250006,0,0,0.5,0.33333333277777777
2838.png,কয়েকজন পুরুষ দাড়িয়ে আছে।,0.9999999975,0.7999999984,0.8888888819753088,0.8888888819753088,0.8571428497959185,0.8888888819753088,0,0,0.7619047619047619,0.7999999984
2226.png,একটি নৌকায় একজন মানুষ আছে।,0.1999999996,0.12499999984374999,0.15384614887573977,0.15384614887573977,0.0,0.15384614887573977,0,0,0.33333333333333337,0.08333333326388888
1116.png,একটি বাঘ নিয়ে দাড়িয়ে আছে।,0.1999999996,0.1111111109876543,0.14285713806122466,0.14285713806122466,0.0,0.14285713806122466,0,0,0.25,0.07692307686390532
5883.png,কয়েকজন মানুষ দাড়িয়ে আছে।,0.249999999375,0.16666666638888888,0.1999999948000001,0.1999999948000001,0.09523809269841275,0.1999999948000001,0,0,0.38095238095238093,0.11764705875432525
2338627102_6708a9b4fd.jpg,একজন লোক একটি পাহাড়ের পাশে দাঁড়িয়ে আছে,0.14285714265306124,0.1111111109876543,0.12499999492187522,0.12499999492187522,0.0,0.12499999492187522,0,0,0.4,0.06666666662222222
2704934519_457dc38986.jpg,একটি শিশু পানিতে খেলছে।,0.249999999375,0.16666666638888888,0.1999999948000001,0.1999999948000001,0.0,0.1999999948000001,0,0,0.42105263157894735,0.1111111109876543
3516825206_5750824874.jpg,একটি ছোট বাচ্চা মেয়ে একটি ছোট বাচ্চা মেয়ে একটি ছোট বাচ্চা মেয়ে একটি ছোট বাচ্চা মেয়ে একটি ছোট বাচ্চা মেয়ে একটি ছোট বাচ্চা মেয়ে একটি ছোট বাচ্চা মেয়ে একটি ছোট বাচ্চা মেয়ে একটি ছোট বাচ্চা মেয়ে একটি ছোট বাচ্চা মেয়ে,0.0,0.0,0.0,0.0,0.0,0.0,0,0,0.15827338129496404,0.0
3354883962_170d19bfe4.jpg,একটি সাদা কুকুর জিহ্বা বের করে,0.49999999916666665,0.37499999953124996,0.4285714230612245,0.4285714230612245,0.33333332791666676,0.4285714230612245,0,0,0.3846153846153846,0.2727272724793388
2058124718_89822bc96e.jpg,দুটি ধূসর কুকুর একটি অপরটির সাথে খেলাচ্ছে,0.571428570612245,0.3333333330555555,0.42105262648199443,0.42105262648199443,0.0,0.36363635834710756,0,0,0.3928571428571429,0.26666666648888887
8634.png,দুইজন নারী বসে আছে।,0.7499999981250001,0.49999999916666665,0.5999999940000001,0.5999999940000001,0.24999999468750006,0.5999999940000001,0,0,0.5789473684210527,0.4285714279591837
4738.png,একটি পুকুর দেখা যাচ্ছে।,0.49999999875,0.6666666644444444,0.5714285648979592,0.5714285648979592,0.39999999360000005,0.5714285648979592,0,0,0.5,0.3999999992
3275704430_a75828048f.jpg,একজন লোক একটি <unk>,0.249999999375,0.14285714265306124,0.1818181768595043,0.1818181768595043,0.0,0.1818181768595043,0,0,0.36363636363636365,0.0999999999
1578.png,একজন নারী আছে।,0.3333333322222222,0.09090909082644627,0.14285713928571436,0.14285713928571436,0.0,0.14285713928571436,0,0,0.21621621621621623,0.09090909082644627
539744890_85e63f5854.jpg,একটি ছেলে একটি ছেলে খেলার মাঠে খেলছে,0.7142857132653061,0.3571428568877551,0.47619047129251707,0.47619047129251707,0.31578946903047095,0.47619047129251707,0,0,0.4666666666666667,0.28571428551020406
1196602179.jpg,একটি ছোট ছেলে ডেনিম পরা ছেলে।,0.33333333277777777,0.15384615372781063,0.21052631124653745,0.21052631124653745,0.0,0.21052631124653745,0,0,0.36363636363636365,0.124999999921875
498.png,কয়েকজন মানুষ দাড়িয়ে আছে।,0.49999999875,0.33333333277777777,0.3999999944,0.3999999944,0.24999999468750006,0.3999999944,0,0,0.38095238095238093,0.24999999968749997
6762.png,একটি লোক একটি <unk> বিক্রি করছে,0.0,0.0,0.0,0.0,0.0,0.0,0,0,0.2962962962962963,0.0
1989.png,একজন পুরুষ বসে আছে।,0.49999999875,0.33333333277777777,0.3999999944,0.3999999944,0.0,0.3999999944,0,0,0.4545454545454546,0.24999999968749997
3195040792_a03954a19f.jpg,তিনটি কুকুর একটি সাদা কুকুর,0.3999999992,0.6666666644444444,0.49999999406250006,0.49999999406250006,0.36363635834710756,0.49999999406250006,0,0,0.5,0.3999999992
1273001772_1585562051.jpg,সাঁতারের কাপড় পরিহিত একদল শিশু একটি স্প্রিংকলার দিয়ে খেলছে।,0.2222222219753086,0.3999999992,0.2857142807142858,0.2857142807142858,0.16666666194444454,0.2857142807142858,0,0,0.33333333333333337,0.16666666652777776
4891.png,জলাশয়ের ওপাশে ভবন দেখা যাচ্ছে।,0.0,0.0,0.0,0.0,0.0,0.0,0,0,0.25,0.0
8788.png,একটি শিশু হাতে একটি খেলনা নিয়ে খেলছে।,0.2857142853061225,0.49999999875,0.36363635834710756,0.36363635834710756,0.2222222172839507,0.36363635834710756,0,0,0.5,0.24999999968749997
4209.png,এক মেয়ে তার পিছনে দাঁড়িয়ে আছে,0.16666666638888888,0.1111111109876543,0.13333332835555572,0.13333332835555572,0.0,0.13333332835555572,0,0,0.38095238095238093,0.07142857137755101
2219.png,কয়েকজন ছেলে একসাথে দাড়িয়ে আছে।,0.1999999996,0.1111111109876543,0.14285713806122466,0.14285713806122466,0.0,0.14285713806122466,0,0,0.3513513513513513,0.07692307686390532
IMG_8289.JPG,লোক টি শাড়ি পরে আছে,0.7999999984,0.6666666655555555,0.7272727209917357,0.7272727209917357,0.4444444385185186,0.7272727209917357,0,0,0.6111111111111112,0.571428570612245
3393394134_0caac47e1c.jpg,একটি কুকুর ঘাসে শুয়ে আছে,0.5999999988,0.3333333329629629,0.42857142336734694,0.42857142336734694,0.2222222167901236,0.42857142336734694,0,0,0.5333333333333333,0.2727272724793388
3636543173_15f56515e5.jpg,দুইজন লোক একটি ছবির জন্য পোজ দিচ্ছে,0.2857142853061225,0.3999999992,0.33333332791666676,0.33333332791666676,0.1818181765289258,0.33333332791666676,0,0,0.6153846153846154,0.1999999998
3391209042_d2de8a8978.jpg,একজন মহিলা একটি শিশু কোলে নিয়ে দাড়িয়ে আছে।,0.12499999984374999,0.1111111109876543,0.11764705370242234,0.11764705370242234,0.0,0.11764705370242234,0,0,0.2325581395348837,0.0624999999609375
6708.png,একজন পুরুষ বসে আছে।,0.249999999375,0.249999999375,0.2499999943750001,0.2499999943750001,0.0,0.2499999943750001,0,0,0.5,0.14285714265306124
3548.png,একজন পুরুষ বসে আছে।,0.7499999981250001,0.3333333329629629,0.4615384565680474,0.4615384565680474,0.18181817752066123,0.4615384565680474,0,0,0.4,0.3333333329629629
7936.png,একজন পুরুষ বসে কাজ করছে।,0.1999999996,0.249999999375,0.2222222167901236,0.2222222167901236,0.0,0.2222222167901236,0,0,0.5,0.12499999984374999
2052202553_373dad145b.jpg,একটি কুকুর পানির মধ্যে দিয়ে দৌড়ে যাচ্ছে,0.4285714279591837,0.29999999969999996,0.35294117121107266,0.35294117121107266,0.15384614863905344,0.35294117121107266,0,0,0.5277777777777778,0.23076923059171597
3392.png,একজন বৃদ্ধ লোক বসে আছে,0.3999999992,0.15384615372781063,0.22222221796296296,0.22222221796296296,0.0,0.11111110697530877,0,0,0.3529411764705882,0.13333333324444444
760180310_3c6bd4fd1f.jpg,একটি কুকুর একটি <unk>,0.9999999975,0.28571428551020406,0.4444444404938272,0.4444444404938272,0.24999999664062497,0.4444444404938272,0,0,0.31818181818181823,0.24999999979166665
530454257_66d58b49ee.jpg,একটি ছোট ছেলে একটি ছোট ঠেলাগাড়ি ঠেলছে,0.4285714279591837,0.19999999986666667,0.2727272681404959,0.2727272681404959,0.09999999570000016,0.2727272681404959,0,0,0.37142857142857144,0.16666666652777776
7921.png,একজন পুরুষ একটি বাসার সামনে একটি <unk> <unk> <unk>,0.1111111109876543,0.1999999996,0.14285713806122466,0.14285713806122466,0.0,0.14285713806122466,0,0,0.33333333333333337,0.0999999999
381052465_722e00807b.jpg,একটি <unk> রাস্তা দিয়ে আগুন জ্বলছে,0.33333333277777777,0.49999999875,0.3999999944,0.3999999944,0.0,0.2352941128027682,0,0,0.30434782608695654,0.24999999968749997
343571247_549607250634340_8226430945829526946_n.jpg,একজন পুরুষ মাথায় টুপি পরে আছে।,0.16666666638888888,0.07142857137755101,0.09999999570000016,0.09999999570000016,0.0,0.09999999570000016,0,0,0.2075471698113207,0.05263157891966759
3190.png,একজন নারী দাড়িয়ে আছে।,0.7499999981250001,0.5999999988,0.6666666602469137,0.6666666602469137,0.28571428000000004,0.6666666602469137,0,0,0.375,0.49999999916666665
3651476768_2bae721a6b.jpg,একজন লোক একটি কাঠের বেঞ্চের উপর বসে আছে,0.24999999968749997,0.3999999992,0.3076923024852071,0.3076923024852071,0.1818181768595043,0.3076923024852071,0,0,0.4,0.18181818165289254
594.png,একটি নৌকায় একজন মানুষ আছে।,0.1999999996,0.1999999996,0.19999999460000012,0.19999999460000012,0.0,0.19999999460000012,0,0,0.2666666666666667,0.1111111109876543
1600208439_e94527b80f.jpg,একটি কালো কুকুর একটি ছোট কালো কুকুর একটি ছোট কালো কুকুর একটি ছোট কালো কুকুর একটি ছোট কালো কুকুর একটি ছোট কালো কুকুর একটি ছোট কালো কুকুর একটি ছোট কালো কুকুর একটি ছোট কালো কুকুর একটি ছোট কালো কুকুর একটি,0.0499999999875,0.49999999875,0.09090908921487605,0.09090908921487605,0.0,0.09090908921487605,0,0,0.16428571428571426,0.33333333277777777
3085226474_62aba51179.jpg,একজন লোক একটি <unk>,0.249999999375,0.14285714265306124,0.1818181768595043,0.1818181768595043,0.0,0.1818181768595043,0,0,0.24,0.0999999999
1884.png,সামনের সাড়িতে কয়েকজন পুরুষ দাড়িয়ে আছে।,0.8333333319444445,0.49999999949999996,0.62499999453125,0.62499999453125,0.42857142336734694,0.62499999453125,0,0,0.5853658536585367,0.5555555549382716
3322.png,একটি নৌকায় কয়েকজন মানুষ আছে।,0.3999999992,0.3999999992,0.39999999420000004,0.39999999420000004,0.0,0.19999999460000012,0,0,0.33333333333333337,0.24999999968749997
6576.png,একজন পুরুষ মাথায় একটি কালো রঙের পোশাক পরা লোক।,0.2222222219753086,0.18181818165289254,0.19999999485000008,0.19999999485000008,0.0,0.19999999485000008,0,0,0.42105263157894735,0.1111111110493827
7287.png,সমুদ্রের পারে কয়েকজন মানুষ আছে।,0.5999999988,0.49999999916666665,0.5454545395041324,0.5454545395041324,0.4444444385185186,0.5454545395041324,0,0,0.7083333333333333,0.37499999953124996
4150.png,একজন পুরুষ মুখে রঙ মেখে আছে।,0.16666666638888888,0.1999999996,0.1818181765289258,0.1818181765289258,0.0,0.1818181765289258,0,0,0.5,0.0999999999
3478176372_7c510a0cef.jpg,একজন ফুটবল খেলোয়াড় বল হাতে বল হাতে বল হাতে বল হাতে বল হাতে বল হাতে বল হাতে বল হাতে বল হাতে বল হাতে বল হাতে বল হাতে বল হাতে বল হাতে বল হাতে বল হাতে বল হাতে বল হাতে বল,0.07499999998125,0.23076923059171597,0.11320754342470642,0.11320754342470642,0.03921568266051552,0.11320754342470642,0,0,0.22399999999999998,0.19999999986666667
659.png,একজন শারি পরা মহিলা খাবার খাচ্ছে।,0.49999999916666665,0.4285714279591837,0.4615384558579882,0.4615384558579882,0.2222222167901236,0.4615384558579882,0,0,0.5454545454545454,0.29999999969999996
7627.png,একজন মানুষ একটি <unk> কাজ করছে।,0.16666666638888888,0.3333333322222222,0.2222222172839507,0.2222222172839507,0.0,0.2222222172839507,0,0,0.4482758620689655,0.12499999984374999
2744600462_5804577296.jpg,একজন লোক সাইকেল চালিয়ে যাচ্ছে এবং ডানপাশে কিছু সাইকেল চালিয়ে যাচ্ছে।,0.18181818165289254,0.33333333277777777,0.2352941128027682,0.2352941128027682,0.0,0.2352941128027682,0,0,0.40909090909090906,0.15384615372781063
2573667207_a1bf49befc.jpg,একজন লোক একটি বেলচা দিয়ে খেলা করছে,0.2857142853061225,0.24999999968749997,0.2666666613333334,0.2666666613333334,0.1428571377551022,0.24999999476562512,0,0,0.4042553191489362,0.15384615372781063
1624.png,কয়েকজন মানুষ আছে।,0.0,0.0,0.0,0.0,0.0,0.0,0,0,0.20833333333333337,0.0
1836.png,৩ জন পুরুষ দাড়িয়ে আছে।,0.5999999988,0.4285714279591837,0.4999999943055557,0.4999999943055557,0.1999999948000001,0.4999999943055557,0,0,0.52,0.3333333329629629
199.png,একজন পুরুষ বসে আছে।,0.249999999375,0.1111111109876543,0.15384614934911253,0.15384614934911253,0.0,0.15384614934911253,0,0,0.25,0.08333333326388888
IMG_0326.JPG,একটা মেয়ে দাড়িয়ে আছে যার চুল কালো রঙ এর দেয়াল আছে,0.3636363633057851,0.9999999975,0.533333328711111,0.533333328711111,0.46153845727810655,0.533333328711111,0,0,0.4571428571428572,0.3999999996
3452341579_0147d2199b.jpg,একজন সাইকেল চালক একটি সাইকেল চালাচ্ছে,0.33333333277777777,0.2857142853061225,0.3076923022485208,0.3076923022485208,0.1818181765289258,0.3076923022485208,0,0,0.4444444444444444,0.1999999998
3275.png,৪ জন মহিলা ২ জন পুরুষ বসে আছে।,0.6249999992187499,0.41666666631944443,0.4999999947,0.4999999947,0.11111110623456812,0.39999999480000004,0,0,0.4347826086956522,0.28571428551020406
10863862.jpg,একজন লোক একটি নির্মাণাধীন বাড়ির সামনের দিকে যাচ্ছে,0.37499999953124996,0.4285714279591837,0.3999999944888889,0.3999999944888889,0.3076923022485208,0.3999999944888889,0,0,0.5,0.24999999979166665
1286408831_05282582ed.jpg,একটি শিশু একটি <unk> উপর বসে আছে,0.4285714279591837,0.23076923059171597,0.2999999951500001,0.2999999951500001,0.0,0.2105263109141275,0,0,0.45833333333333337,0.1874999998828125
1360.png,একটি নৌকা বাধা আছে একজন পুরুষ মানুষ।,0.2857142853061225,0.49999999875,0.36363635834710756,0.36363635834710756,0.0,0.36363635834710756,0,0,0.31999999999999995,0.2222222219753086
2580.png,একজন পুরুষ ও পুরুষ দাড়িয়ে আছে।,0.49999999916666665,0.5999999988,0.5454545395041324,0.5454545395041324,0.2222222167901236,0.5454545395041324,0,0,0.7142857142857143,0.4285714279591837
7432.png,পানিতে একজন ছোট ছেলে।,0.49999999875,0.49999999875,0.4999999937500001,0.4999999937500001,0.33333332722222225,0.4999999937500001,0,0,0.7142857142857143,0.33333333277777777
2970461648_fe14ba0359.jpg,একটি ছেলে একটি শহর প্লাজায় একটি শহর প্লাজায় একটি শহর প্লাজায় একটি শহর প্লাজায় একটি শহর প্লাজায় একটি শহর প্লাজায় একটি শহর প্লাজায় একটি শহর প্লাজায় একটি শহর প্লাজায় একটি শহর প্লাজায় একটি শহর প্লাজায় একটি শহর প্লাজায় একটি শহর,0.0499999999875,0.1999999998,0.07999999676800014,0.07999999676800014,0.0,0.07999999676800014,0,0,0.1705882352941176,0.1111111109876543
713.png,একজন পুরুষ মাথায় বোঝা নিয়ে আছে।,0.49999999916666665,0.37499999953124996,0.4285714230612245,0.4285714230612245,0.16666666152777793,0.4285714230612245,0,0,0.5357142857142857,0.2727272724793388
110201971.jpg,ঘরের ভিতর একজন লোক একটি কুকুর একটি <unk>,0.37499999953124996,0.3333333329629629,0.3529411710726644,0.3529411710726644,0.09523809070294806,0.2857142807256236,0,0,0.326530612244898,0.15384615372781063
2603125422_659391f961.jpg,একটি <unk> একটি <unk> একটি ইটের ভবনের সামনে একটি <unk> একটি ইটের ভবনের সামনে একটি <unk> একটি ইটের ভবনের সামনে একটি <unk> একটি ইটের ভবনের সামনে একটি <unk> একটি ইটের ভবনের সামনে একটি <unk> একটি ইটের ভবনের সামনে একটি <unk>,0.07499999998125,0.2727272724793388,0.11764705539407928,0.11764705539407928,0.04081632326530638,0.11764705539407928,0,0,0.19999999999999996,0.18181818165289254
1115565519_d976d4b1f1.jpg,এক মহিলা তার <unk> স্পর্শ করছেন৷,0.16666666638888888,0.12499999984374999,0.1428571377551022,0.1428571377551022,0.0,0.1428571377551022,0,0,0.34375,0.07692307686390532
3454.png,কয়েকজন পুরুষ দাড়িয়ে আছে।,0.7499999981250001,0.37499999953124996,0.49999999472222234,0.49999999472222234,0.39999999500000005,0.49999999472222234,0,0,0.4666666666666667,0.3333333329629629
6005.png,একজন নারী আছে।,0.6666666644444444,0.49999999875,0.5714285648979592,0.5714285648979592,0.0,0.5714285648979592,0,0,0.5333333333333333,0.3999999992
3372.png,একজন পুরুষ ও একজন পুরুষ ও একজন পুরুষ ও একজন পুরুষ ও একজন পুরুষ ও একজন পুরুষ ও একজন পুরুষ ও একজন পুরুষ ও একজন পুরুষ ও একজন পুরুষ ও একজন পুরুষ ও একজন পুরুষ ও একজন পুরুষ ও একজন,0.07499999998125,0.16666666657407406,0.10344827154577901,0.10344827154577901,0.0,0.10344827154577901,0,0,0.27210884353741494,0.1111111110493827
7534.png,কয়েকজন মানুষ আছে।,0.9999999966666667,0.29999999969999996,0.46153845727810655,0.46153845727810655,0.36363636,0.3076923036686391,0,0,0.2558139534883721,0.3333333329629629
2125626631_a4b63af97e.jpg,একটি সাদা কুকুর দৌড়াচ্ছে,0.49999999875,0.3999999992,0.4444444385185186,0.4444444385185186,0.0,0.4444444385185186,0,0,0.35,0.2857142853061225
3348.png,একটি রাস্তা দিয়ে একজন মানুষ হেঁটে যাচ্ছে।,0.4285714279591837,0.5999999988,0.4999999943055557,0.4999999943055557,0.1999999948000001,0.4999999943055557,0,0,0.5769230769230769,0.3333333329629629
9141.png,একজন পুরুষ ও একটি শিশু দাড়িয়ে আছে।,0.7142857132653061,0.8333333319444445,0.7692307630769232,0.7692307630769232,0.36363635801652905,0.7692307630769232,0,0,0.75,0.6249999992187499
3053916979_848d32261b.jpg,কিছু মানুষ একটি মঞ্চে নাচ দেখছে ।,0.14285714265306124,0.14285714265306124,0.14285713765306143,0.14285713765306143,0.0,0.14285713765306143,0,0,0.31034482758620685,0.07692307686390532
3702038926_966fdaa311.jpg,এক মহিলা একটি ছোট বাচ্চা খেলছে।,0.16666666638888888,0.16666666638888888,0.16666666138888903,0.16666666138888903,0.0,0.16666666138888903,0,0,0.2545454545454545,0.09090909082644627
3405011838_f81117c99f.jpg,কিছু লোক একটি বিশাল দল দাঁড়িয়ে আছে,0.4285714279591837,0.29999999969999996,0.35294117121107266,0.35294117121107266,0.2666666615111111,0.35294117121107266,0,0,0.4193548387096774,0.21428571413265304
3136674757_57406c305c.jpg,একটি শিশু এবং একটি ছোট মেয়ে নাচছে,0.4285714279591837,0.3333333329629629,0.374999994609375,0.374999994609375,0.1428571377551022,0.374999994609375,0,0,0.42105263157894735,0.18181818165289254
1081595465.jpg,একটি ভ্রাম্যমাণ আনন্দমেলায় একটি লোক একটি <unk> কাছে একটি <unk> বাইরে বসে আছে,0.15384615372781063,0.1999999998,0.17391303841209843,0.17391303841209843,0.09523809024943336,0.17391303841209843,0,0,0.31481481481481477,0.11764705875432525
3597146852_3d000a5d5f.jpg,একটি স্কেটবোর্ডার একটি স্কেটবোর্ড দিয়ে যাচ্ছে,0.49999999916666665,0.29999999969999996,0.37499999484375,0.37499999484375,0.0,0.24999999500000003,0,0,0.475,0.16666666652777776
1842.png,একজন পুরুষ লাটি ভর করে যাচ্ছে।,0.0,0.0,0.0,0.0,0.0,0.0,0,0,0.33333333333333337,0.0
3399906919_bc8562b257.jpg,একজন মহিলা একটি দালানের বাইরের একটি দালানের বাইরের একটি দালানের বাইরের একটি দালানের বাইরের একটি দালানের বাইরের একটি দালানের বাইরের একটি দালানের বাইরের একটি দালানের বাইরের একটি দালানের বাইরের একটি দালানের বাইরের একটি দালানের বাইরের একটি দালানের বাইরের একটি দালানের,0.07499999998125,0.19999999986666667,0.10909090508429765,0.10909090508429765,0.0,0.10909090508429765,0,0,0.21081081081081077,0.1874999998828125
5379.png,কয়েকজন মানুষ হেঁটে যাচ্ছে।,0.49999999875,0.33333333277777777,0.3999999944,0.3999999944,0.2222222172839507,0.3999999944,0,0,0.4,0.24999999968749997
2292406847_f366350600.jpg,একটি নৌকায় কয়েকজন মানুষ আছে।,0.1999999996,0.249999999375,0.2222222167901236,0.2222222167901236,0.0,0.2222222167901236,0,0,0.5,0.12499999984374999
1801.png,কয়েকজন নারী ও একজন নারী ও একজন নারী ও একজন নারী ও একজন নারী ও একজন নারী ও একজন নারী ও একজন নারী ও একজন নারী ও একজন নারী ও একজন নারী ও একজন নারী ও একজন নারী ও একজন,0.12499999996875,0.3571428568877551,0.18518518127572023,0.18518518127572023,0.11538461159023679,0.18518518127572023,0,0,0.3037037037037037,0.29999999969999996
5316.png,একজন লোক একটি <unk> ঝুলছে,0.3999999992,0.6666666644444444,0.49999999406250006,0.49999999406250006,0.33333332777777785,0.49999999406250006,0,0,0.4736842105263158,0.33333333277777777
35506150_cbdb630f4f.jpg,একজন লোক কাঠের হাতুড়ি ধরে আছে,0.49999999916666665,0.19999999986666667,0.2857142813605443,0.2857142813605443,0.21052631168975072,0.2857142813605443,0,0,0.4285714285714286,0.16666666657407406
1982.png,একজন পুরুষ এবং একজন লোক মাছ ধরছেন।,0.14285714265306124,0.12499999984374999,0.13333332817777796,0.13333332817777796,0.0,0.13333332817777796,0,0,0.30000000000000004,0.08333333326388888
3229519418_040f05ced1.jpg,একজন পুরুষ দাড়িয়ে আছে।,0.49999999875,0.124999999921875,0.1999999966,0.1999999966,0.0,0.1999999966,0,0,0.28125,0.1111111110493827
542269487_5d77b363eb.jpg,এক মহিলা এবং সাদা এবং সাদা এবং সাদা এবং সাদা এবং সাদা এবং সাদা এবং সাদা এবং সাদা এবং সাদা এবং সাদা এবং সাদা এবং সাদা এবং সাদা এবং সাদা এবং সাদা এবং সাদা এবং সাদা এবং সাদা এবং সাদা,0.0499999999875,0.11764705875432525,0.07017543438596516,0.07017543438596516,0.0,0.07017543438596516,0,0,0.22499999999999998,0.1111111109876543
3033612929_764d977bd5.jpg,দুটি কুকুর একটি বলের পিছনে শুকছে,0.33333333277777777,0.6666666644444444,0.44444443901234576,0.44444443901234576,0.28571428081632655,0.44444443901234576,0,0,0.5454545454545454,0.2857142853061225
IMG_0712.JPG,একটি পরিবার একটি ইটের <unk> <unk> <unk> <unk> <unk> <unk> <unk> <unk> <unk> <unk> <unk> <unk> <unk> <unk> <unk> <unk> <unk> <unk> <unk> <unk> <unk> <unk> <unk> <unk> <unk> <unk> <unk> <unk> <unk> <unk> <unk> <unk> <unk> <unk> <unk> <unk>,0.02499999999375,0.3333333322222222,0.04651162658734455,0.04651162658734455,0.0,0.04651162658734455,0,0,0.050000000000000044,0.16666666638888888
3171451305_f87b9e09ee.jpg,তিনজন লোক একসাথে ছবি তুলছে,0.3999999992,0.24999999968749997,0.3076923024852071,0.3076923024852071,0.1818181768595043,0.3076923024852071,0,0,0.3666666666666667,0.18181818165289254
3473264983_67917a931f.jpg,একজন লোক একটি <unk>,0.49999999875,0.33333333277777777,0.3999999944,0.3999999944,0.0,0.3999999944,0,0,0.33333333333333337,0.24999999968749997
1035019794.jpg,একজন মেয়ে বেসবল খেলছে,0.49999999875,0.2222222219753086,0.3076923029585799,0.3076923029585799,0.18181817752066123,0.3076923029585799,0,0,0.3589743589743589,0.18181818165289254
8838.png,একজন পুরুষ একটি নৌকা থেকে পানিতে নেমে আছেন।,0.24999999968749997,0.3999999992,0.3076923024852071,0.3076923024852071,0.0,0.15384614887573977,0,0,0.31034482758620685,0.18181818165289254
6676.png,একটি সভাকক্ষে অনেক মানুষ দাড়িয়ে আছে।,0.33333333277777777,0.6666666644444444,0.44444443901234576,0.44444443901234576,0.09523809151927451,0.44444443901234576,0,0,0.33333333333333337,0.2857142853061225
532457586_bddfc5251d.jpg,একটি সাদা রঙের জামা পরে একজন লোক একটি <unk>,0.4444444439506172,0.19047619038548752,0.26666666228888897,0.26666666228888897,0.14285713867346952,0.26666666228888897,0,0,0.3023255813953488,0.1739130434026465
2609836649_b55831ed41.jpg,একটি কুকুর মুখে একটি লাঠি ধরে আছে,0.2857142853061225,0.3999999992,0.33333332791666676,0.33333332791666676,0.1999999948000001,0.33333332791666676,0,0,0.52,0.2222222219753086
4865.png,একটি শিশু একটি গরুর ছবি তুলছে।,0.0,0.0,0.0,0.0,0.0,0.0,0,0,0.2777777777777778,0.0
118187095.jpg,একটি শিশু খেলনা গাড়িতে চড়ে বসেছে,0.33333333277777777,0.3999999992,0.36363635801652905,0.36363635801652905,0.2222222167901236,0.36363635801652905,0,0,0.6666666666666667,0.2222222219753086
3519155763_045a6a55e2.jpg,একটি কুকুর বল ধরার চেষ্টা করছে,0.8333333319444445,0.45454545413223135,0.5882352888581315,0.5882352888581315,0.2666666618666667,0.5882352888581315,0,0,0.5909090909090908,0.45454545413223135
4187.png,একজন পুরুষ মাথায় বোঝা নিয়ে হেঁটে আসছে।,0.4285714279591837,0.4285714279591837,0.42857142295918377,0.42857142295918377,0.16666666138888903,0.42857142295918377,0,0,0.6,0.2727272724793388
3708.png,কিছু ছেলে একসাথে একটা গাছের নিচে কিছু মানুষ।,0.0,0.0,0.0,0.0,0.0,0.0,0,0,0.23333333333333328,0.0
8969.png,একটি সাইকেল আরোহী একটি <unk> <unk>,0.16666666638888888,0.1999999996,0.1818181765289258,0.1818181765289258,0.0,0.1818181765289258,0,0,0.29166666666666663,0.12499999984374999
6727.png,একজন পুরুষ ও দুইটি শিশু আছে।,0.49999999916666665,0.37499999953124996,0.4285714230612245,0.4285714230612245,0.16666666152777793,0.4285714230612245,0,0,0.5517241379310345,0.29999999969999996
3461106572_920c8c0112.jpg,একটি দেয়ালের সামনে কিছু লোক দাড়িয়ে আছে,0.4285714279591837,0.21428571413265304,0.28571428099773244,0.28571428099773244,0.0,0.23529411252595167,0,0,0.43243243243243246,0.1764705881314879
822.png,একজন বয়স্ক নারী বসে আছে।,0.1999999996,0.249999999375,0.2222222167901236,0.2222222167901236,0.0,0.2222222167901236,0,0,0.4444444444444444,0.12499999984374999
111419142.jpg,একদল লোক একটি <unk> একটি <unk> একটি <unk> একটি <unk> দেখছে,0.18181818165289254,0.24999999968749997,0.21052631069252087,0.21052631069252087,0.11764705384083066,0.21052631069252087,0,0,0.3023255813953488,0.18181818165289254
2178095150_436b035741.jpg,একটি ট্র্যাক বরাবর একটি সাদা ও সাদা এবং সাদা এবং সাদা এবং সাদা এবং সাদা এবং সাদা এবং সাদা এবং সাদা এবং সাদা এবং সাদা এবং সাদা এবং সাদা এবং সাদা এবং সাদা এবং সাদা এবং সাদা এবং সাদা এবং,0.02499999999375,0.0624999999609375,0.03571428161989843,0.03571428161989843,0.0,0.03571428161989843,0,0,0.16935483870967738,0.05263157891966759
3228960484_9aab98b91a.jpg,একজন লোক একটি <unk> সহ একটি <unk> সহ একটি <unk> সহ একটি <unk> সহ একটি <unk> সহ একটি <unk> সহ একটি <unk> সহ একটি <unk> সহ একটি <unk> সহ একটি <unk> সহ একটি <unk> সহ একটি <unk> সহ একটি <unk>,0.02499999999375,0.12499999984374999,0.04166666387152797,0.04166666387152797,0.0,0.04166666387152797,0,0,0.11564625850340138,0.08333333326388888
103031977.jpg,দুই বাচ্চা বাইরে একটি ইটের ভবনের সামনের ফুটপাতে বসে আছে,0.3999999996,0.49999999937499995,0.4444444390123457,0.4444444390123457,0.12499999492187522,0.4444444390123457,0,0,0.46153846153846156,0.28571428551020406
3396275223_ee080df8b5.jpg,একজন পুরুষ ও দুইজন নারী নৃত্য করছে।,0.14285714265306124,0.1111111109876543,0.12499999492187522,0.12499999492187522,0.0,0.12499999492187522,0,0,0.40909090909090906,0.06666666662222222
1408958345_68eea9a4e4.jpg,এক ছোট মেয়ে গোসলের পোশাক পরে একটি <unk>,0.49999999937499995,0.3999999996,0.4444444390123457,0.4444444390123457,0.24999999476562512,0.3333333280246914,0,0,0.5172413793103448,0.28571428551020406
8507.png,একটি <unk> একটি টেবিলের চারপাশে বসে এক লোক একটি রেস্টুরেন্টের টেবিলে বসে আছে,0.15384615372781063,0.18181818165289254,0.16666666156250012,0.16666666156250012,0.0,0.16666666156250012,0,0,0.34615384615384615,0.10526315783933518
IMG_20220915_163343.jpg,একটি লোক মাছ খেলছে।,0.0,0.0,0.0,0.0,0.0,0.0,0,0,0.3571428571428571,0.0
2924483864_cfdb900a13.jpg,একটি লেখা একটি সাদা ও সাদা ও সাদা ও সাদা ও সাদা ও সাদা ও সাদা ও সাদা ও সাদা ও সাদা ও সাদা ও সাদা ও সাদা ও সাদা ও সাদা ও সাদা ও সাদা ও সাদা ও সাদা,0.02499999999375,0.14285714265306124,0.04255318893617037,0.04255318893617037,0.0,0.04255318893617037,0,0,0.1456310679611651,0.0999999999
2189.png,একটি নৌকায় কয়েকজন মানুষ বসে আছে।,0.0,0.0,0.0,0.0,0.0,0.0,0,0,0.3055555555555556,0.0
inbound234575385126653505.jpg,একটি স্কুল দেখা যাচ্ছে।,0.0,0.0,0.0,0.0,0.0,0.0,0,0,0.19999999999999996,0.0
2907244809_07ab2c6b6c.jpg,একজন স্কেটবোর্ডার একটি স্কেটবোর্ড কৌশল দেখাচ্ছে,0.6666666655555555,0.6666666655555555,0.6666666605555556,0.6666666605555556,0.19999999460000012,0.6666666605555556,0,0,0.71875,0.49999999937499995
8099.png,তিনটি শিশু বসে আছে।,0.7499999981250001,0.49999999916666665,0.5999999940000001,0.5999999940000001,0.49999999406250006,0.5999999940000001,0,0,0.4782608695652174,0.4285714279591837
1691573772_1adef8e40e.jpg,একজন পুরুষ সাইকেল চালাচ্ছে।,0.249999999375,0.1999999996,0.2222222167901236,0.2222222167901236,0.0,0.2222222167901236,0,0,0.6190476190476191,0.12499999984374999
5702.png,কিছু ছেলেমেয়ে বসে আছে।,0.49999999875,0.3999999992,0.4444444385185186,0.4444444385185186,0.28571428000000004,0.4444444385185186,0,0,0.5,0.2857142853061225
475816542_f5c2736815.jpg,দুটি কুকুর একটি ছোট কুকুরের সাথে খেলছে,0.2857142853061225,0.6666666644444444,0.39999999500000005,0.39999999500000005,0.24999999562500003,0.39999999500000005,0,0,0.4516129032258065,0.24999999968749997
5175.png,একটি সেতু আছে।,0.3333333322222222,0.3333333322222222,0.33333332722222225,0.33333332722222225,0.0,0.33333332722222225,0,0,0.33333333333333337,0.1999999996
5099.png,দূরে একজন মানুষ হেঁটে যাচ্ছে।,0.0,0.0,0.0,0.0,0.0,0.0,0,0,0.2222222222222222,0.0
3188036349_8e4e2d6ca8.jpg,এক ব্যক্তি একটি <unk> উপর ভর দিয়ে লাফ দিচ্ছে,0.2222222219753086,0.14285714275510203,0.17391303856332715,0.17391303856332715,0.0,0.17391303856332715,0,0,0.34375,0.09999999995
3650111717_346804ec2f.jpg,একটি সাদা কুকুর একটি ফ্রিসবি নিয়ে দৌড়াচ্ছে,0.4285714279591837,0.3333333329629629,0.374999994609375,0.374999994609375,0.1428571377551022,0.374999994609375,0,0,0.5,0.24999999979166665
3312.png,একজন লোক টি ঘরের মেঝেতে।,0.1999999996,0.12499999984374999,0.15384614887573977,0.15384614887573977,0.0,0.15384614887573977,0,0,0.33333333333333337,0.0999999999
7430.png,একজন বৃদ্ধ নারী বসে আছে।,0.3999999992,0.3999999992,0.39999999420000004,0.39999999420000004,0.0,0.39999999420000004,0,0,0.2777777777777778,0.24999999968749997
4878.png,কয়েকজন পুরুষ আছে।,0.6666666644444444,0.49999999875,0.5714285648979592,0.5714285648979592,0.0,0.5714285648979592,0,0,0.6,0.3999999992
8364.png,রাস্তার পাশে একটি লোক সাইকেল চালিয়ে যাচ্ছে।,0.14285714265306124,0.1999999996,0.16666666152777793,0.16666666152777793,0.0,0.16666666152777793,0,0,0.40740740740740744,0.09090909082644627
8245.png,কয়েকজন নারী ও শিশু দাড়িয়ে আছে।,0.49999999916666665,0.49999999916666665,0.4999999941666667,0.4999999941666667,0.0,0.3333333277777778,0,0,0.30000000000000004,0.3333333329629629
5865.png,একটি কুকুর একটি <unk> সামনে দাঁড়িয়ে আছে,0.2857142853061225,0.6666666644444444,0.39999999500000005,0.39999999500000005,0.24999999562500003,0.39999999500000005,0,0,0.3846153846153846,0.2857142853061225
IMG_2727.JPG,একদল লোক একটি <unk> দেখছেন।,0.3999999992,0.33333333277777777,0.36363635801652905,0.36363635801652905,0.0,0.2222222167901236,0,0,0.44999999999999996,0.2222222219753086
4039.png,একটি শিশু দাড়িয়ে আছে।,0.49999999875,0.2222222219753086,0.3076923029585799,0.3076923029585799,0.0,0.3076923029585799,0,0,0.6666666666666667,0.18181818165289254
3325497914_f9014d615b.jpg,একটি শিশু একটি <unk> পরে একটি <unk> পরে একটি <unk> পরে একটি <unk> পরে একটি <unk> পরে একটি <unk> পরে একটি <unk> পরে একটি <unk> পরে একটি <unk> পরে একটি <unk> পরে একটি <unk> পরে একটি <unk> পরে একটি <unk>,0.0499999999875,0.1999999998,0.07999999676800014,0.07999999676800014,0.0,0.07999999676800014,0,0,0.17808219178082196,0.08333333326388888
DSC_1095.JPG,লোক টি সাদা রঙের,0.49999999875,0.6666666644444444,0.5714285648979592,0.5714285648979592,0.39999999360000005,0.5714285648979592,0,0,0.34782608695652173,0.3999999992
4221.png,একটি শিশু হাসছে,0.6666666644444444,0.3999999992,0.49999999406250006,0.49999999406250006,0.0,0.49999999406250006,0,0,0.5,0.33333333277777777
5875.png,একটি ছেলে অন্তর্বাস পরা একটি ছেলে অন্তর্বাস পরা একটি ছেলে অন্তর্বাস পরে একটি পানির মধ্যে হাঁটছে,0.124999999921875,0.124999999921875,0.12499999492187519,0.12499999492187519,0.0,0.12499999492187519,0,0,0.31818181818181823,0.09999999995
3536.png,একটি শিশু আছে।,0.9999999966666667,0.4285714279591837,0.5999999946000001,0.5999999946000001,0.24999999562500003,0.5999999946000001,0,0,0.3913043478260869,0.49999999916666665
5190.png,একটি পুকুর ঘাটে কয়েকটা গাড়ি ও তিনজন পুরুষ বস নদীর পানিতে নেমে আসা একটি জলপ্রপাতের উপর দিয়ে যাচ্ছে,0.1111111110493827,0.33333333277777777,0.16666666277777784,0.16666666277777784,0.0,0.16666666277777784,0,0,0.26086956521739135,0.09523809519274376
5783.png,একটি পুরাতন <unk> মসজিদ।,0.249999999375,0.249999999375,0.2499999943750001,0.2499999943750001,0.0,0.2499999943750001,0,0,0.3529411764705882,0.14285714265306124
7005.png,একজন পুরুষ ও একজন নারী ও একজন নারী ও একজন নারী ও একজন নারী ও একজন নারী ও একজন নারী ও একজন নারী ও একজন নারী ও একজন নারী ও একজন নারী ও একজন নারী ও একজন নারী ও একজন,0.0499999999875,0.1111111110493827,0.06896551293698006,0.06896551293698006,0.0,0.06896551293698006,0,0,0.2148148148148148,0.10526315783933518
2486.png,অনেকগুলো মানুষ আছে।,0.3333333322222222,0.1111111109876543,0.16666666263888896,0.16666666263888896,0.0,0.16666666263888896,0,0,0.21212121212121215,0.0999999999
IMG_20220921_125719.jpg,একজন পুরুষ একটি মাটির ঘরের মধ্যে দিয়ে বৃষ্টির মাঝে একটি শিশু বসে আছে।,0.07692307686390532,0.1111111109876543,0.09090908599173579,0.09090908599173579,0.0,0.09090908599173579,0,0,0.33333333333333337,0.049999999975
6062.png,৪ জন পুরুষ দাড়িয়ে আছে।,0.3999999992,0.49999999875,0.4444444385185186,0.4444444385185186,0.0,0.4444444385185186,0,0,0.375,0.2857142853061225
8654.png,একজন পুরুষ একটি নৌকা নিয়ে যাচ্ছে।,0.49999999916666665,0.37499999953124996,0.4285714230612245,0.4285714230612245,0.16666666152777793,0.4285714230612245,0,0,0.5357142857142857,0.2727272724793388
2656.png,সমুদ্রের পারে একজন মানুষ দাড়িয়ে আছে।,0.33333333277777777,0.18181818165289254,0.2352941128027682,0.2352941128027682,0.0,0.2352941128027682,0,0,0.41025641025641024,0.15384615372781063
8554.png,একজন পুরুষ দাড়িয়ে আছে।,0.0,0.0,0.0,0.0,0.0,0.0,0,0,0.42105263157894735,0.0
4232.png,এক লোক একটি রঙিন রঙিন রঙিন রঙিন রঙিন রঙিন রঙিন রঙিন রঙিন রঙিন রঙিন রঙিন রঙিন রঙিন রঙিন রঙিন রঙিন রঙিন রঙিন রঙিন রঙিন রঙিন রঙিন রঙিন রঙিন রঙিন রঙিন রঙিন রঙিন রঙিন রঙিন রঙিন রঙিন রঙিন রঙিন রঙিন রঙিন,0.0,0.0,0.0,0.0,0.0,0.0,0,0,0.08917197452229297,0.0
3143980056_7a64a94b58.jpg,তিনটি ছেলে ছবি তোলার জন্য ভঙ্গি করছে,0.0,0.0,0.0,0.0,0.0,0.0,0,0,0.40740740740740744,0.0
1547883892_e29b3db42e.jpg,একজন লোক একটি কাঠের ডেকে বসে বই ধরে বসে আছে।,0.0999999999,0.249999999375,0.14285713857142868,0.14285713857142868,0.0,0.14285713857142868,0,0,0.33333333333333337,0.08333333326388888
4000.png,একটি শিশু হাসছে যখন সে তার হাতে একটি ক্যামেরা থেকে পান করছে,0.08333333326388888,0.12499999984374999,0.09999999510000022,0.09999999510000022,0.0,0.09999999510000022,0,0,0.36585365853658536,0.05555555552469135
347793778_804434861028582_2795420169027079545_n.jpg,কয়েকজন পুরুষ দাড়িয়ে আছে।,0.0,0.0,0.0,0.0,0.0,0.0,0,0,0.24444444444444446,0.0
3547.png,একটি শিশু আছে।,0.9999999966666667,0.4285714279591837,0.5999999946000001,0.5999999946000001,0.24999999562500003,0.5999999946000001,0,0,0.375,0.4285714279591837
8252.png,একজন পুরুষ একটি পুকুরের ধারে গাছের পাশে একটি <unk>,0.2222222219753086,0.49999999875,0.3076923029585799,0.3076923029585799,0.18181817752066123,0.3076923029585799,0,0,0.34285714285714286,0.1999999998
3227148358_f152303584.jpg,একটি বড় সাদা পাখি দ্রুত নৌকা চালাচ্ছে,0.4285714279591837,0.37499999953124996,0.3999999944888889,0.3999999944888889,0.15384614863905344,0.3999999944888889,0,0,0.5357142857142857,0.24999999979166665
5522.png,সূর্য উজ্জ্বলভাবে জ্বলছে এবং উপরে সূর্য থেকে ছায়া ফেলেছে এবং উপরে সূর্য থেকে ছায়া ফেলেছে এবং উপরে সূর্য থেকে ছায়া ফেলেছে এবং উপরে সূর্য থেকে ছায়া ফেলেছে এবং উপরে সূর্য থেকে ছায়া ফেলেছে এবং উপরে সূর্য থেকে ছায়া ফেলেছে এবং,0.02499999999375,0.05882352937716263,0.03508771510003128,0.03508771510003128,0.0,0.03508771510003128,0,0,0.23448275862068968,0.04347826085066162
2529.png,একজন পুরুষ ও একজন লোক কাঠের বেড়ার উপর দিয়ে ভাস্কর্য তৈরি করার কাজ করছে,0.07142857137755101,0.12499999984374999,0.09090908619834734,0.09090908619834734,0.0,0.09090908619834734,0,0,0.339622641509434,0.049999999975
1389.png,কয়েকজন পুরুষ আছে।,0.9999999966666667,0.24999999979166665,0.39999999626666666,0.39999999626666666,0.15384615100591717,0.39999999626666666,0,0,0.24489795918367352,0.24999999979166665
3263946591_a1558b77d3.jpg,একজন লোক একটি মোটরসাইকেলে বসে আছে,0.16666666638888888,0.16666666638888888,0.16666666138888903,0.16666666138888903,0.0,0.16666666138888903,0,0,0.42307692307692313,0.09090909082644627
4437.png,একজন লোক একটি <unk> বিক্রি করছে,0.16666666638888888,0.249999999375,0.1999999948000001,0.1999999948000001,0.0,0.1999999948000001,0,0,0.4782608695652174,0.1111111109876543
3350785999_462f333c44.jpg,অনেকগুলো নারী ও শিশু আছে।,0.3999999992,0.33333333277777777,0.36363635801652905,0.36363635801652905,0.2222222167901236,0.36363635801652905,0,0,0.4347826086956522,0.2222222219753086
IMG_9579.JPG,একটা লোক সাদা শার্ট পরে দাড়িয়ে আছে,0.4285714279591837,0.49999999916666665,0.4615384558579882,0.4615384558579882,0.1818181765289258,0.4615384558579882,0,0,0.5217391304347826,0.29999999969999996
3650986674_3e101c606b.jpg,একটি কুকুর একটি লাঠি নিয়ে একটি কুকুর দৌড়াচ্ছে,0.6249999992187499,0.5555555549382716,0.5882352884429066,0.5882352884429066,0.0,0.5882352884429066,0,0,0.5428571428571429,0.3333333329629629
2927878881_90b42fc444.jpg,একজন লোক একটি কুকুর নিয়ে একটি হ্রদ দিয়ে ভ্রমণ করছে,0.29999999969999996,0.3333333329629629,0.31578946836565097,0.31578946836565097,0.13333332835555572,0.23529411252595167,0,0,0.4736842105263158,0.19999999986666667
3348208268_6d97d951eb.jpg,একজন লোক একটি গ্রাফিতি আঁকা,0.3999999992,0.13333333324444444,0.19999999605000005,0.19999999605000005,0.1111111075308643,0.19999999605000005,0,0,0.2857142857142857,0.124999999921875
3396.png,একজন পুরুষ ও গরু আছে।,0.3999999992,0.3999999992,0.39999999420000004,0.39999999420000004,0.0,0.39999999420000004,0,0,0.631578947368421,0.24999999968749997
8736.png,একটি <unk> দোকানে বসে আছে।,0.5999999988,0.49999999916666665,0.5454545395041324,0.5454545395041324,0.2222222167901236,0.5454545395041324,0,0,0.4545454545454546,0.37499999953124996
1814.png,একজন পুরুষ গ্রামের পথ দিয়ে যাচ্ছে।,0.33333333277777777,0.33333333277777777,0.3333333277777778,0.3333333277777778,0.19999999460000012,0.3333333277777778,0,0,0.6086956521739131,0.1999999998
265223847_636ba039c1.jpg,সন্ধ্যাবেলা কয়েকজন মানুষ দাড়িয়ে আছে।,0.0,0.0,0.0,0.0,0.0,0.0,0,0,0.2264150943396226,0.0
483136916_16976f4902.jpg,একটি কুকুর একটি লাঠি ধরে আছে,0.6666666655555555,0.3636363633057851,0.47058823017301044,0.47058823017301044,0.1818181765289258,0.47058823017301044,0,0,0.5714285714285714,0.29999999969999996
4733.png,একজন পুরুষ ও একটি শিশু আছে।,0.33333333277777777,0.2857142853061225,0.3076923022485208,0.3076923022485208,0.0,0.3076923022485208,0,0,0.31999999999999995,0.18181818165289254
9004.png,সরিষা ক্ষেতের সামনে একজন মানুষ একটি হলুদ ফুলের বাগানে দাঁড়িয়ে আছে।,0.2727272724793388,0.13043478255198487,0.17647058375432534,0.17647058375432534,0.06249999566406279,0.14285713928571436,0,0,0.3023255813953488,0.10344827582639714
8614.png,একজন পুরুষ ও একজন পুরুষ আছে।,0.49999999916666665,0.23076923059171597,0.31578946903047095,0.31578946903047095,0.0,0.31578946903047095,0,0,0.40909090909090906,0.23076923059171597
661749711_6f408dad62.jpg,একটি কুকুর একটি লাল বল নিয়ে খেলছে,0.7142857132653061,0.5555555549382716,0.624999994296875,0.624999994296875,0.5714285657142858,0.624999994296875,0,0,0.6129032258064516,0.3999999996
1180.png,কয়েকজন মানুষ দাড়িয়ে আছে।,0.49999999875,0.33333333277777777,0.3999999944,0.3999999944,0.24999999468750006,0.3999999944,0,0,0.6086956521739131,0.24999999968749997
3640407952_bb38fb9d55.jpg,একটি অনুস্তানে অনেকগুলো মানুষ দেখা যাচ্ছে।,0.16666666638888888,0.0624999999609375,0.0909090868595043,0.0909090868595043,0.0,0.0909090868595043,0,0,0.3076923076923077,0.04761904759637188
1030.png,একজন নারী ও একজন নারী ও একজন নারী ও একজন নারী ও একজন নারী ও একজন নারী ও একজন নারী ও একজন নারী ও একজন নারী ও একজন নারী ও একজন নারী ও একজন নারী ও একজন নারী ও একজন,0.0499999999875,0.2222222219753086,0.08163265002915464,0.08163265002915464,0.04081632326530638,0.08163265002915464,0,0,0.16417910447761197,0.2222222219753086
8239.png,দুইজন মানুষ হেঁটে যাচ্ছে।,0.49999999875,0.6666666644444444,0.5714285648979592,0.5714285648979592,0.39999999360000005,0.5714285648979592,0,0,0.6666666666666667,0.3999999992
229951087_4c20600c32.jpg,একজন লোক একটি হ্রদ এবং একটি হ্রদ এবং একটি হ্রদ এবং একটি হ্রদ এবং একটি হ্রদ এবং একটি হ্রদ এবং একটি হ্রদ এবং একটি হ্রদ এবং একটি হ্রদ এবং একটি হ্রদ এবং একটি হ্রদ এবং একটি হ্রদ এবং একটি হ্রদ,0.099999999975,0.571428570612245,0.17021276334993213,0.17021276334993213,0.04444444211358036,0.12765957187867819,0,0,0.15646258503401356,0.24999999968749997
2933643390_1c6086684b.jpg,একজন ফুটবল খেলোয়াড় একটি ফুটবল খেলছে,0.33333333277777777,0.49999999875,0.3999999944,0.3999999944,0.2666666618666667,0.3999999944,0,0,0.4814814814814815,0.2857142853061225
3033825101_44a4390f16.jpg,একজন মেয়ে বেসবল খেলছে,0.49999999875,0.33333333277777777,0.3999999944,0.3999999944,0.0,0.3999999944,0,0,0.5625,0.24999999968749997
3497106366_d1a256e723.jpg,একটি দম্পতি পানির মধ্যে একটি <unk>,0.33333333277777777,0.2222222219753086,0.2666666615111111,0.2666666615111111,0.0,0.2666666615111111,0,0,0.32432432432432434,0.08333333326388888
1199.png,একজন পুরুষ দাড়িয়ে আছে।,0.9999999975,0.24999999984375,0.3999999964,0.3999999964,0.0,0.3999999964,0,0,0.28888888888888886,0.2727272724793388
8767.png,একজন পুরুষ আছে।,0.3333333322222222,0.3333333322222222,0.33333332722222225,0.33333332722222225,0.0,0.33333332722222225,0,0,0.36363636363636365,0.1999999996
2914800692_0c512d27b8.jpg,একজন লোক তার সাইকেল দিয়ে বাতাসে লাফিয়ে কসরত দেখাচ্ছেন,0.3333333329629629,0.37499999953124996,0.3529411710726644,0.3529411710726644,0.2727272678512397,0.3529411710726644,0,0,0.6216216216216216,0.2222222220987654
5915.png,একটি লোক গাড়ির ভিতর দাঁড়িয়ে আছে।,0.16666666638888888,0.14285714265306124,0.15384614863905344,0.15384614863905344,0.0,0.15384614863905344,0,0,0.42307692307692313,0.08333333326388888
2466420387_86fe77c966.jpg,একজন মহিলা একটি ছোট ছেলেকে নিয়ে দাঁড়িয়ে আছে,0.37499999953124996,0.37499999953124996,0.37499999453125,0.37499999453125,0.14285713765306143,0.37499999453125,0,0,0.5862068965517242,0.23076923059171597
3204712107_5a06a81002.jpg,একজন মহিলা একটি <unk> বাগানের সামনে দিয়ে ভাস্কর্য তৈরি হাটার পথ তৈরি হাটার পথ তৈরি হাটার পথ তৈরি হাটার পথ তৈরি হাটার পথ তৈরি হাটার পথ তৈরি হাটার পথ তৈরি হাটার পথ তৈরি হাটার পথ তৈরি হাটার পথ তৈরি হাটার,0.02499999999375,0.249999999375,0.04545454378099179,0.04545454378099179,0.0,0.04545454378099179,0,0,0.11347517730496459,0.07142857137755101
3384.png,একটি মেয়ে একে অপরকে জড়িয়ে ধরে চেয়ে আছে একজন বাচ্চা।,0.0999999999,0.08333333326388888,0.09090908586776886,0.09090908586776886,0.0,0.09090908586776886,0,0,0.33333333333333337,0.04761904759637188
528.png,একজন পুরুষ ও একটি <unk> <unk>,0.16666666638888888,0.249999999375,0.1999999948000001,0.1999999948000001,0.0,0.1999999948000001,0,0,0.40909090909090906,0.12499999984374999
93922153_8d831f7f01.jpg,এক লোক একটি পাথরের উপর দাড়িয়ে আছে,0.2857142853061225,0.33333333277777777,0.3076923022485208,0.3076923022485208,0.0,0.3076923022485208,0,0,0.48,0.18181818165289254
2252403744_148fc11f68.jpg,একটি শিশু হাসছে,0.6666666644444444,0.2857142853061225,0.39999999500000005,0.39999999500000005,0.0,0.2222222172839507,0,0,0.3157894736842105,0.24999999968749997
6832.png,একটি হ্রদে একটি হেলিকপ্টার উড়ছে,0.1999999996,0.16666666638888888,0.1818181765289258,0.1818181765289258,0.0,0.1818181765289258,0,0,0.31818181818181823,0.1111111109876543
2410399168_1462c422d4.jpg,দুটি কুকুর একটি বাদামী কুকুরের পিছনে ছুটছে ।,0.24999999968749997,0.6666666644444444,0.36363635900826446,0.36363635900826446,0.22222221827160496,0.36363635900826446,0,0,0.40625,0.2222222219753086
8876.png,একটি নৌকায় কয়েকজন মানুষ আছে।,0.5999999988,0.7499999981250001,0.6666666602469137,0.6666666602469137,0.28571428000000004,0.6666666602469137,0,0,0.65,0.49999999916666665
young-stylish-woman-walking-with-smartphone-listening-music-headphones-summer-vacation.jpg,একটি মেয়ে দাড়িয়ে আছে,0.249999999375,0.0999999999,0.14285713857142868,0.14285713857142868,0.0,0.14285713857142868,0,0,0.28205128205128205,0.07692307686390532
107985741.jpg,কিছু লোক বাইরে ছবি তুলছে,0.3999999992,0.16666666652777776,0.23529411321799312,0.23529411321799312,0.13333332924444455,0.23529411321799312,0,0,0.28125,0.14285714275510203
1002.png,একজন পুরুষ হাতে নিয়ে দাঁড়িয়ে আছে।,0.0,0.0,0.0,0.0,0.0,0.0,0,0,0.36363636363636365,0.0
437917001_ae1106f34e.jpg,একটি ছেলে একটি ধাতব যন্ত্রের উপর পা শুন্যে তুলে নিচ্ছে,0.29999999969999996,0.1874999998828125,0.23076922585798829,0.23076922585798829,0.08333332857638914,0.23076922585798829,0,0,0.3783783783783784,0.13636363630165288
1995.png,একটি ছেলে একটি নদীর পাশদিয়ে লোকজন দেখছে,0.0,0.0,0.0,0.0,0.0,0.0,0,0,0.39534883720930236,0.0
4673.png,অনেকগুলো মানুষ আছে।,0.6666666644444444,0.3999999992,0.49999999406250006,0.49999999406250006,0.0,0.49999999406250006,0,0,0.5,0.33333333277777777
5756.png,একজন পুরুষ একটি বাচ্চা নিয়ে বসে আছে।,0.4285714279591837,0.37499999953124996,0.3999999944888889,0.3999999944888889,0.15384614863905344,0.3999999944888889,0,0,0.5,0.2727272724793388
1426014905_da60d72957.jpg,একজন লোক একটি বিশাল <unk>,0.3999999992,0.16666666652777776,0.23529411321799312,0.23529411321799312,0.1249999960937501,0.23529411321799312,0,0,0.2857142857142857,0.14285714275510203
8837.png,একটি শিশু পানিতে নেমে <unk> <unk>,0.0,0.0,0.0,0.0,0.0,0.0,0,0,0.23529411764705888,0.0
2353119813_685bace18e.jpg,একটি বাদামী কুকুর একটি ফুটবল বল ধরার জন্য লাফ দিচ্ছে,0.3999999996,0.571428570612245,0.4705882298961938,0.4705882298961938,0.0,0.4705882298961938,0,0,0.5263157894736843,0.3333333330555555
1513.png,কিছু ছোট ছেলে একটি শিশু কোলে নিয়ে দাড়িয়ে আছে।,0.4444444439506172,0.3636363633057851,0.39999999464999997,0.39999999464999997,0.22222221703703712,0.39999999464999997,0,0,0.5294117647058824,0.24999999984375
5135.png,একটি খুবই <unk> গাড়িতে একটি <unk> গাড়িতে করে,0.12499999984374999,0.249999999375,0.16666666194444454,0.16666666194444454,0.0,0.16666666194444454,0,0,0.19999999999999996,0.12499999984374999
8021.png,সমুদ্রের পারে একজন পুরুষ দাড়িয়ে আছে।,0.33333333277777777,0.33333333277777777,0.3333333277777778,0.3333333277777778,0.0,0.3333333277777778,0,0,0.33333333333333337,0.1999999998
6977.png,একটি শিশু দাড়িয়ে আছে।,0.249999999375,0.3333333322222222,0.28571428000000004,0.28571428000000004,0.0,0.28571428000000004,0,0,0.3076923076923077,0.16666666638888888
8707.png,একটি নৌকায় একজন মানুষ আছে।,0.5999999988,0.5999999988,0.5999999938,0.5999999938,0.4999999937500001,0.5999999938,0,0,0.736842105263158,0.4285714279591837
2592711202_55f8c64495.jpg,একটি মেয়ে নাচছে,0.6666666644444444,0.18181818165289254,0.2857142819387755,0.2857142819387755,0.0,0.2857142819387755,0,0,0.28125,0.1999999998
5077.png,কয়েকজন মানুষ আছে।,0.6666666644444444,0.3999999992,0.49999999406250006,0.49999999406250006,0.0,0.49999999406250006,0,0,0.5,0.33333333277777777
2834752476_3177e617f1.jpg,একজন পুরুষ রঙ মেখে আছে।,0.0,0.0,0.0,0.0,0.0,0.0,0,0,0.38095238095238093,0.0
369.png,কয়েকজন মানুষ আছে।,0.3333333322222222,0.1999999996,0.24999999468750006,0.24999999468750006,0.0,0.24999999468750006,0,0,0.4285714285714286,0.14285714265306124
6488.png,একজন পুরুষ একটি পতাকা কিনছে।,0.3999999992,0.24999999968749997,0.3076923024852071,0.3076923024852071,0.0,0.19999999460000012,0,0,0.4,0.18181818165289254
6933.png,একটি গাড়ি ও গাড়ি রাস্তা দিয়ে হেঁটে যাচ্ছে।,0.12499999984374999,0.16666666638888888,0.1428571377551022,0.1428571377551022,0.0,0.1428571377551022,0,0,0.37037037037037035,0.08333333326388888
7748.png,একজন পুরুষ ও একজন নারী দাড়িয়ে আছে।,0.14285714265306124,0.0999999999,0.11764705384083066,0.11764705384083066,0.0,0.11764705384083066,0,0,0.3421052631578947,0.07692307686390532
90011335_cfdf9674c2.jpg,সমুদ্রের মাঝখানে একটি ছোট ছোট ছোট ছোট ছোট ছোট নদীর পানিতে ভাসছেন,0.08333333326388888,0.249999999375,0.1249999960937501,0.1249999960937501,0.0,0.1249999960937501,0,0,0.2222222222222222,0.0999999999
3905.png,কয়েকজন পুরুষ একসাথে দাড়িয়ে আছে।,0.5999999988,0.5999999988,0.5999999938,0.5999999938,0.2499999943750001,0.5999999938,0,0,0.4285714285714286,0.4285714279591837
6745.png,একজন পুরুষ একটি নৌকা থেকে নেমে মাছ ধরছেন।,0.12499999984374999,0.08333333326388888,0.09999999510000022,0.09999999510000022,0.0,0.09999999510000022,0,0,0.39534883720930236,0.05263157891966759
2595.png,পানিতে দুইজন মানুষ আছে।,0.249999999375,0.12499999984374999,0.16666666194444454,0.16666666194444454,0.0,0.16666666194444454,0,0,0.2068965517241379,0.09090909082644627
271770120_880e8d8e52.jpg,একটি কালো কুকুর ঘাসে দৌড়াচ্ছে,0.5999999988,0.37499999953124996,0.46153845609467453,0.46153845609467453,0.2499999943750001,0.39999999420000004,0,0,0.5,0.29999999969999996
7176.png,সাদা জামা পরা একজন নারী আছে।,0.16666666638888888,0.249999999375,0.1999999948000001,0.1999999948000001,0.0,0.1999999948000001,0,0,0.26315789473684215,0.1111111109876543
1917203130_fcaff8b10e.jpg,এক মেয়ে একটি ছোট ছেলে একটি ছোট ছেলে একটি ছোট ছেলে একটি ছোট ছেলে একটি ছোট ছেলে একটি ছোট ছেলে একটি ছোট ছেলে একটি ছোট ছেলে একটি ছোট ছেলে একটি ছোট ছেলে একটি ছোট ছেলে একটি ছোট ছেলে একটি ছোট,0.0499999999875,0.49999999875,0.09090908921487605,0.09090908921487605,0.0,0.09090908921487605,0,0,0.16666666666666663,0.14285714265306124
4973.png,একজন পুরুষ দাড়িয়ে আছে।,0.7499999981250001,0.7499999981250001,0.7499999931250001,0.7499999931250001,0.33333332722222225,0.7499999931250001,0,1,1.0,0.5999999988
20200807_184812.jpg,একজন পুরুষ হাতে একটি বস্তা নিয়ে দাড়িয়ে আছে।,0.0,0.0,0.0,0.0,0.0,0.0,0,0,0.31034482758620685,0.0
5064.png,একজন পুরুষ একটি <unk> নিয়ে দাড়িয়ে আছে।,0.4285714279591837,0.7499999981250001,0.5454545398347109,0.5454545398347109,0.2222222172839507,0.5454545398347109,0,0,0.5769230769230769,0.37499999953124996
2911658792_6a6ef07e3a.jpg,একটি শিশু গাছের কাছে একটি <unk>,0.33333333277777777,0.2222222219753086,0.2666666615111111,0.2666666615111111,0.0,0.13333332835555572,0,0,0.2962962962962963,0.16666666652777776
3917.png,একজন পুরুষ ও একজন পুরুষ ও একজন পুরুষ ও একজন পুরুষ ও একজন পুরুষ ও একজন পুরুষ ও একজন পুরুষ ও একজন পুরুষ ও একজন পুরুষ ও একজন পুরুষ ও একজন পুরুষ ও একজন পুরুষ ও একজন পুরুষ ও একজন,0.0,0.0,0.0,0.0,0.0,0.0,0,0,0.061224489795918324,0.0
1507563902_6ec8d5d822.jpg,একজন স্কেটবোর্ডার একটি পা দিয়ে নিচে নামছে,0.14285714265306124,0.14285714265306124,0.14285713765306143,0.14285713765306143,0.0,0.14285713765306143,0,0,0.41025641025641024,0.08333333326388888
4468.png,একটি শিশু আছে।,0.9999999966666667,0.5999999988,0.7499999934375,0.7499999934375,0.33333332777777785,0.7499999934375,0,0,0.6,0.5999999988
2009.png,একজন পুরুষ একটি নৌকা থেকে কিছু নিয়ে মাঝি নৌকা বাইচে আর নদীতে একটি নৌকায় একজন মানুষ আছে।,0.11764705875432525,0.15384615372781063,0.1333333283333335,0.1333333283333335,0.0,0.1333333283333335,0,0,0.360655737704918,0.08695652170132324
8598.png,একটি নৌকা বাধা আছে একজন পুরুষ।,0.33333333277777777,0.3999999992,0.36363635801652905,0.36363635801652905,0.0,0.36363635801652905,0,0,0.47619047619047616,0.2222222219753086
3265.png,কয়েকজন মানুষ আছে।,0.9999999966666667,0.49999999916666665,0.6666666607407408,0.6666666607407408,0.28571428081632655,0.6666666607407408,0,0,0.5454545454545454,0.49999999916666665
_MG_1973.JPG,লোক টির হাতে মাক্স আছে,0.3999999992,0.49999999875,0.4444444385185186,0.4444444385185186,0.28571428000000004,0.4444444385185186,0,0,0.5333333333333333,0.2857142853061225
2616.png,দুইজন পুরুষ পাশাপাশি দাড়িয়ে আছে।,0.0,0.0,0.0,0.0,0.0,0.0,0,0,0.35,0.0
2339516180_12493e8ecf.jpg,একটি ছেলে একটি ছোট বাচ্চা নিয়ে একটি <unk> চালাচ্ছে,0.2222222219753086,0.24999999968749997,0.23529411238754333,0.23529411238754333,0.0,0.12499999492187522,0,0,0.36363636363636365,0.15384615372781063
448658518_eec0b648a6.jpg,একটি <unk> একটি বৃহত ঘোড়া চড়ছে,0.16666666638888888,0.1111111109876543,0.13333332835555572,0.13333332835555572,0.0,0.13333332835555572,0,0,0.40909090909090906,0.07692307686390532
7148.png,একজন বালক বসে আছে।,0.249999999375,0.1999999996,0.2222222167901236,0.2222222167901236,0.0,0.2222222167901236,0,0,0.4193548387096774,0.12499999984374999
2540203582_9a9ac92a5d.jpg,একটি শিশু একটি লাল <unk> হাত তালি দিচ্ছে।,0.37499999953124996,0.37499999953124996,0.37499999453125,0.37499999453125,0.14285713765306143,0.37499999453125,0,0,0.40740740740740744,0.24999999979166665
2682194299_92005b26c6.jpg,একটি কুকুর একটি বেড়ার উপর দিয়ে লাফ দিচ্ছে,0.49999999937499995,0.49999999937499995,0.49999999437500003,0.49999999437500003,0.28571428030612256,0.49999999437500003,0,0,0.5625,0.3636363633057851
3222250187_ef610f267e.jpg,কিছু যুবক একটি ছেলে ভলিবল খেলছে।,0.33333333277777777,0.16666666652777776,0.22222221753086427,0.22222221753086427,0.0,0.22222221753086427,0,0,0.5384615384615384,0.124999999921875
2754271176_4a2cda8c15.jpg,একজন লোক একটি ইটের ভবনের পাশে বসে আছে,0.37499999953124996,0.3333333329629629,0.3529411710726644,0.3529411710726644,0.2666666613333334,0.3529411710726644,0,0,0.4117647058823529,0.21428571413265304
4210.png,একজন ছোট ছেলে হাতে একটা নেট হাতে নিয়ে ছবি তুলছে।,0.29999999969999996,0.49999999916666665,0.37499999484375,0.37499999484375,0.14285713806122466,0.37499999484375,0,0,0.48484848484848486,0.24999999979166665
1245194315.jpg,একজন লোক একটি <unk> ফিতা লাগানো কাজ করছে,0.24999999968749997,0.1999999998,0.22222221703703712,0.22222221703703712,0.1052631531301941,0.22222221703703712,0,0,0.41860465116279066,0.124999999921875
3619232550_0b1e1fd4e4.jpg,একজন পুরুষ এবং একজন লোক এবং একজন লোক এবং একজন লোক এবং একজন লোক এবং একজন লোক এবং একজন লোক এবং একজন লোক এবং একজন লোক এবং একজন লোক এবং একজন লোক এবং একজন লোক এবং একজন লোক এবং একজন,0.02499999999375,0.16666666638888888,0.04347825858223074,0.04347825858223074,0.0,0.04347825858223074,0,0,0.16216216216216217,0.1111111109876543
5705.png,দূরে কয়েকজন মানুষ দাড়িয়ে আছে।,0.5999999988,0.9999999966666667,0.7499999934375,0.7499999934375,0.33333332777777785,0.7499999934375,0,0,0.631578947368421,0.5999999988
3151860914_46e30cd5ea.jpg,একজন লোক একটি কুকুর,0.49999999875,0.24999999968749997,0.33333332833333335,0.33333332833333335,0.1999999954000001,0.33333332833333335,0,0,0.40740740740740744,0.2222222219753086
2602258549_7401a3cdae.jpg,একজন পুরুষ এবং একজন মহিলা তাদের <unk> পুরো শহীদ মিনারের সামনে দাঁড়িয়ে আছেন।,0.3846153843195266,0.3846153843195266,0.3846153793195266,0.3846153793195266,0.16666666152777793,0.3846153793195266,0,0,0.5384615384615384,0.1999999999
186890605_ddff5b694e.jpg,এক লোক একটি হ্রদ কাছাকাছি লাফ দিলো,0.2857142853061225,0.2857142853061225,0.28571428030612256,0.28571428030612256,0.0,0.24999999476562512,0,0,0.41666666666666663,0.16666666652777776
5780.png,একজন পুরুষ বসে আছে,0.49999999875,0.2857142853061225,0.36363635834710756,0.36363635834710756,0.2222222172839507,0.36363635834710756,0,0,0.4444444444444444,0.24999999968749997
606.png,দূরে একজন মানুষ কাজ করছে।,0.3999999992,0.33333333277777777,0.36363635801652905,0.36363635801652905,0.2222222167901236,0.36363635801652905,0,0,0.5,0.2222222219753086
6366.png,একজন পুরুষ মাথায় কাপড় দিয়ে চখে কাজল নিচ্ছে।,0.37499999953124996,0.3333333329629629,0.3529411710726644,0.3529411710726644,0.0,0.3529411710726644,0,0,0.4838709677419355,0.23076923059171597
8826.png,লোক টি বসে আছে,0.249999999375,0.1111111109876543,0.15384614934911253,0.15384614934911253,0.0,0.15384614934911253,0,0,0.33333333333333337,0.08333333326388888
2760716468_b541e9fd0f.jpg,একজন বৃদ্ধ লোক বসে আছে,0.7999999984,0.6666666655555555,0.7272727209917357,0.7272727209917357,0.6666666602469137,0.7272727209917357,0,0,0.6842105263157895,0.571428570612245
6593.png,<unk> <unk> <unk>,0.3333333322222222,0.12499999984374999,0.18181817752066123,0.18181817752066123,0.0,0.18181817752066123,0,0,0.2272727272727273,0.14285714265306124
3681172959_6674c118d2.jpg,একজন লোক একটি <unk> মহিলা রয়েছেন।,0.16666666638888888,0.14285714265306124,0.15384614863905344,0.15384614863905344,0.0,0.15384614863905344,0,0,0.3548387096774194,0.08333333326388888
6498.png,সমুদ্রের পারে কয়েকজন মানুষ আছে।,0.7999999984,0.6666666655555555,0.7272727209917357,0.7272727209917357,0.6666666602469137,0.7272727209917357,0,0,0.8,0.571428570612245
7673.png,একজন পুরুষ ও দুইটি শিশু হেঁটে যাচ্ছে।,0.7142857132653061,0.45454545413223135,0.5555555501851852,0.5555555501851852,0.37499999484375,0.5555555501851852,0,0,0.5641025641025641,0.41666666631944443
2574194729_1f099647ee.jpg,একটি কুকুর মুখে গাছের ডাল ধরে ছুটে চলেছে,0.37499999953124996,0.3333333329629629,0.3529411710726644,0.3529411710726644,0.1999999954000001,0.3529411710726644,0,0,0.5185185185185186,0.23076923059171597
7476.png,একটি নৌকায় কয়েকজন মানুষ আছে।,0.3999999992,0.33333333277777777,0.36363635801652905,0.36363635801652905,0.0,0.1818181765289258,0,0,0.28,0.2222222219753086
1110208841_5bb6806afe.jpg,একটি কুকুর একটি কুকুরকে পার হয়ে আছে,0.4285714279591837,0.2727272724793388,0.33333332820987654,0.33333332820987654,0.13333332835555572,0.33333332820987654,0,0,0.368421052631579,0.14285714275510203
512026551_ba63ddbd31.jpg,একটি হালকা বাদামী কুকুর পানিতে সাঁতার কাটছে।,0.4285714279591837,0.29999999969999996,0.35294117121107266,0.35294117121107266,0.13333332835555572,0.35294117121107266,0,0,0.4,0.21428571413265304
5127.png,ফসলের মাঠ দেখা যাচ্ছে।,0.0,0.0,0.0,0.0,0.0,0.0,0,0,0.17647058823529416,0.0
3125041578_c1f2d73b6d.jpg,একজন লোক একটি বরফের উপরে রয়েছেন।,0.33333333277777777,0.33333333277777777,0.3333333277777778,0.3333333277777778,0.0,0.3333333277777778,0,0,0.52,0.1999999998
345908027_2564875103669439_2159177169263922977_n.jpg,একটি শিশু একটি সাইকেল চালাচ্ছে,0.1999999996,0.12499999984374999,0.15384614887573977,0.15384614887573977,0.0,0.15384614887573977,0,0,0.41666666666666663,0.09090909082644627
6006.png,একজন মানুষ আছে।,0.0,0.0,0.0,0.0,0.0,0.0,0,0,0.24,0.0
482047956_9a29e9cee6.jpg,দুই যুবতী একটি মেয়ে একটি <unk> <unk> <unk> <unk> <unk> <unk> <unk> <unk> <unk> <unk> <unk> <unk> <unk> <unk> <unk> <unk> <unk> <unk> <unk> <unk> <unk> <unk> <unk> <unk> <unk> <unk> <unk> <unk> <unk> <unk> <unk> <unk> <unk> <unk> <unk>,0.0499999999875,0.24999999968749997,0.08333333052083343,0.08333333052083343,0.0,0.08333333052083343,0,0,0.07643312101910826,0.18181818165289254
3278.png,দুইজন শিশু আছে।,0.6666666644444444,0.6666666644444444,0.6666666594444445,0.6666666594444445,0.4999999925000001,0.6666666594444445,0,0,0.8,0.49999999875
345885287_1398081547656319_4679718544674903276_n.jpg,একটি <unk> <unk> <unk>,0.7499999981250001,0.21428571413265304,0.33333332950617284,0.33333332950617284,0.0,0.33333332950617284,0,0,0.22807017543859653,0.14285714265306124
3319020762_d429d56a69.jpg,এক লোক সার্ফিং করছে,0.249999999375,0.16666666638888888,0.1999999948000001,0.1999999948000001,0.0,0.1999999948000001,0,0,0.34782608695652173,0.1111111109876543
3597354819_0069aaf16e.jpg,একটি শিশু আছে।,0.3333333322222222,0.12499999984374999,0.18181817752066123,0.18181817752066123,0.0,0.18181817752066123,0,0,0.21052631578947367,0.0999999999
3490736665_38710f4b91.jpg,একটি কুকুর টেনিস বল ধরার চেষ্টা করছে,0.571428570612245,0.6666666655555555,0.6153846094674558,0.6153846094674558,0.5454545395041324,0.6153846094674558,0,0,0.6538461538461539,0.4444444439506172
3421177332_a05741cfa4.jpg,একজন মহিলা একটি <unk> <unk>,0.3999999992,0.2222222219753086,0.2857142807142858,0.2857142807142858,0.1249999960937501,0.22222221796296296,0,0,0.26530612244897955,0.18181818165289254
792362827_5ab5281b99.jpg,একদল যুবক বাইরে দাঁড়িয়ে আছে,0.3999999992,0.124999999921875,0.1904761866666667,0.1904761866666667,0.10526315445983389,0.1904761866666667,0,0,0.4,0.10526315783933518
1152.png,একজন পুরুষ ও একজন পুরুষ আছে।,0.0,0.0,0.0,0.0,0.0,0.0,0,0,0.33333333333333337,0.0
7989.png,একজন পুরুষ দোকানের সামনে দাঁড়িয়ে আছে।,0.33333333277777777,0.6666666644444444,0.44444443901234576,0.44444443901234576,0.0,0.44444443901234576,0,0,0.375,0.2857142853061225
2059616165_b7c99c1009.jpg,একটি কুকুর মুখে একটি লাঠি নিয়ে একটি লাঠি নিয়ে একটি লাঠি নিয়ে একটি লাঠি নিয়ে একটি লাঠি নিয়ে একটি লাঠি নিয়ে একটি লাঠি নিয়ে একটি লাঠি নিয়ে একটি লাঠি নিয়ে একটি লাঠি নিয়ে একটি লাঠি নিয়ে একটি লাঠি নিয়ে একটি,0.0499999999875,0.6666666644444444,0.09302325447268796,0.09302325447268796,0.0,0.09302325447268796,0,0,0.17910447761194026,0.33333333277777777
3453544202_3855ab34b6.jpg,একজন লোক একটি মোটরসাইকেলে চড়ে একটি ছবি,0.4285714279591837,0.4285714279591837,0.42857142295918377,0.42857142295918377,0.16666666138888903,0.42857142295918377,0,0,0.4482758620689655,0.29999999969999996
2752175795_c9def67895.jpg,একজন লোক একটি <unk> একটি <unk> একটি <unk> একটি <unk> একটি <unk> একটি <unk> একটি <unk> একটি <unk> একটি <unk> একটি <unk> একটি <unk> একটি <unk> একটি <unk> একটি <unk> একটি <unk> একটি <unk> একটি <unk> একটি <unk> একটি <unk>,0.07499999998125,0.21428571413265304,0.11111110722908106,0.11111110722908106,0.04444444211358036,0.11111110722908106,0,0,0.16981132075471694,0.2222222219753086
512634877_d7ad8c8329.jpg,একটি কুকুর বল ধরার চেষ্টা করছে,0.6666666655555555,0.49999999937499995,0.5714285657142858,0.5714285657142858,0.19999999460000012,0.5714285657142858,0,0,0.6086956521739131,0.3999999996
4799.png,একজন পুরুষ চশমা পরা মেয়ে গ্রামের কাচা রাস্তা দিয়ে একজন নারী দাড়িয়ে আছে।,0.3846153843195266,0.7142857132653061,0.4999999949499999,0.4999999949499999,0.22222221753086427,0.4999999949499999,0,0,0.4375,0.28571428551020406
8555.png,তিনটি শিশু দাড়িয়ে আছে।,0.249999999375,0.3333333322222222,0.28571428000000004,0.28571428000000004,0.0,0.28571428000000004,0,0,0.3076923076923077,0.16666666638888888
4726.png,একজন পুরুষ নৌকা নিয়ে যাচ্ছে।,0.1999999996,0.1999999996,0.19999999460000012,0.19999999460000012,0.0,0.19999999460000012,0,0,0.4444444444444444,0.1111111109876543
3086526292_f799d237c7.jpg,একটি ছেলে রাস্তার ধারে দাঁড়িয়ে আছে,0.49999999916666665,0.29999999969999996,0.37499999484375,0.37499999484375,0.14285713806122466,0.37499999484375,0,0,0.47619047619047616,0.24999999979166665
3726170067_094cc1b7e5.jpg,একজন পুরুষ একটি <unk> <unk> <unk> <unk> <unk> <unk> <unk> <unk> <unk> <unk> <unk> <unk> <unk> <unk> <unk> <unk> <unk> <unk> <unk> <unk> <unk> <unk> <unk> <unk> <unk> <unk> <unk> <unk> <unk> <unk> <unk> <unk> <unk> <unk> <unk> <unk> <unk>,0.0499999999875,0.16666666652777776,0.07692307334319543,0.07692307334319543,0.0,0.07692307334319543,0,0,0.08750000000000002,0.14285714275510203
562588230_edb2c071c8.jpg,একটি শিশু একটি লাল প্লাস্টিকের খেলনায় পিছলে পড়ছে,0.37499999953124996,0.29999999969999996,0.3333333280246914,0.3333333280246914,0.12499999492187522,0.3333333280246914,0,0,0.4545454545454546,0.14285714275510203
480283163_660508409664239_5696440675217695690_n.jpg,একজন নারী আছে। পিছনে কয়েকজন মানুষ আছে।,0.0,0.0,0.0,0.0,0.0,0.0,0,0,0.21276595744680848,0.0
3152317129_177b4678b7.jpg,একটি সুইমিং পুলে এক বাচ্চা সুইমিংপুলে সাঁতার কাটছে,0.49999999937499995,0.49999999937499995,0.49999999437500003,0.49999999437500003,0.28571428030612256,0.49999999437500003,0,0,0.4516129032258065,0.3636363633057851
3229442620_fd47d01b59.jpg,একটি পাখি পাথরের উপর দিয়ে উড়ছে,0.49999999916666665,0.49999999916666665,0.4999999941666667,0.4999999941666667,0.19999999460000012,0.47058823017301044,0,0,0.5294117647058824,0.3333333329629629
2488.png,নদীতে একটি নৌকা দেখা যাচ্ছে।,0.1999999996,0.16666666638888888,0.1818181765289258,0.1818181765289258,0.0,0.1818181765289258,0,0,0.2777777777777778,0.0999999999
2363419943_717e6b119d.jpg,এক মহিলা একটি দোকানের সামনে দাঁড়িয়ে আছে,0.14285714265306124,0.0999999999,0.11764705384083066,0.11764705384083066,0.0,0.11764705384083066,0,0,0.36111111111111116,0.06666666662222222
2623930900_b9df917b82.jpg,একজন বয়স্ক নারী চশমা পরা মহিলা একটি নীল ক্যাপ পরে আছে,0.18181818165289254,0.1999999998,0.19047618530612256,0.19047618530612256,0.0,0.11111110623456812,0,0,0.32499999999999996,0.10526315783933518
3295452057_0c987f895f.jpg,একটি কুকুর একটি কালো কুকুর একটি <unk> উপর দাঁড়িয়ে আছে,0.29999999969999996,0.4285714279591837,0.35294117121107266,0.35294117121107266,0.2666666615111111,0.35294117121107266,0,0,0.5135135135135135,0.29999999969999996
inbound1536357592172230642.jpg,একটি <unk>,0.4999999975,0.12499999984374999,0.19999999640000002,0.19999999640000002,0.0,0.19999999640000002,0,0,0.18181818181818177,0.12499999984374999
542405691_0594b1ce72.jpg,একটি ছেলে একটি <unk> খেলনা গিটার নিয়ে খেলছে,0.37499999953124996,0.3333333329629629,0.3529411710726644,0.3529411710726644,0.13333332817777796,0.23529411238754333,0,0,0.4666666666666667,0.15384615372781063
5596.png,একটি চলন্ত নৌকায় কয়েকজন মানুষ আছে।,0.16666666638888888,0.07692307686390532,0.10526315346260404,0.10526315346260404,0.0,0.10526315346260404,0,0,0.30952380952380953,0.0624999999609375
357725852_6f55cb9abc.jpg,একটি দম্পতি পানির দিকে তাকিয়ে আছে,0.49999999916666665,0.3333333329629629,0.3999999946666667,0.3999999946666667,0.3076923024852071,0.3999999946666667,0,0,0.4117647058823529,0.24999999979166665
3187492926_8aa85f80c6.jpg,এক বালিকা সাঁতার কাটছে,0.249999999375,0.1111111109876543,0.15384614934911253,0.15384614934911253,0.0,0.15384614934911253,0,0,0.4,0.08333333326388888
2092.png,একটি শিশু মাথায় একটি <unk>,0.1999999996,0.1111111109876543,0.14285713806122466,0.14285713806122466,0.0,0.14285713806122466,0,0,0.19047619047619047,0.09090909082644627
7710.png,একজন পুরুষ ও একজন লোক দাঁড়িয়ে আছে।,0.14285714265306124,0.0999999999,0.11764705384083066,0.11764705384083066,0.0,0.11764705384083066,0,0,0.3414634146341463,0.07142857137755101
2170222061_e8bce4a32d.jpg,একটি কালো কুকুর একটি বাদামী এবং একটি কালো কুকুর একটি বাদামী এবং একটি কালো কুকুর একটি বাদামী এবং একটি কালো কুকুর একটি বাদামী এবং একটি কালো কুকুর একটি বাদামী এবং একটি কালো কুকুর একটি বাদামী এবং একটি কালো কুকুর একটি,0.07499999998125,0.3333333329629629,0.1224489765431071,0.1224489765431071,0.07843136891964646,0.1224489765431071,0,0,0.26027397260273977,0.2222222219753086
3998.png,একজন নারী মাথায় বস্তা নিয়ে যাচ্ছে।,0.16666666638888888,0.249999999375,0.1999999948000001,0.1999999948000001,0.0,0.1999999948000001,0,0,0.5,0.1111111109876543
1716445442_9cf3528342.jpg,এক ব্যক্তি একটি পাথরের উপর দিয়ে একটি পাথরের উপর দিয়ে একটি পাথরের উপর দিয়ে একটি পাথরের উপর দিয়ে একটি পাথরের উপর দিয়ে একটি পাথরের উপর দিয়ে একটি পাথরের উপর দিয়ে একটি পাথরের উপর দিয়ে একটি পাথরের উপর দিয়ে একটি পাথরের,0.0499999999875,0.18181818165289254,0.07843136913494825,0.07843136913494825,0.04081632326530638,0.07843136913494825,0,0,0.16874999999999996,0.14285714275510203
428.png,একটি <unk> দ্বারা পানি বানাচ্ছে।,0.3999999992,0.14285714275510203,0.21052631168975072,0.21052631168975072,0.0,0.12499999554687513,0,0,0.18918918918918914,0.11764705875432525
3052.png,একজন পুরুষ পানিতে লাফ দিচ্ছে।,0.1999999996,0.249999999375,0.2222222167901236,0.2222222167901236,0.0,0.2222222167901236,0,0,0.3571428571428571,0.12499999984374999
3695.png,একটি নৌকা দেখা যাচ্ছে।,0.249999999375,0.12499999984374999,0.16666666194444454,0.16666666194444454,0.0,0.16666666194444454,0,0,0.2857142857142857,0.0999999999
232193739_ed5f348c7a.jpg,একটি ছেলে একটি হ্রদ সহ একটি লাঠি ধরে আছে,0.1111111109876543,0.16666666638888888,0.13333332835555572,0.13333332835555572,0.0,0.13333332835555572,0,0,0.4,0.08333333326388888
2255685792_f70474c6db.jpg,একজন স্কি লিফটে একজন স্কি সরঞ্জামের কাছে স্কি করছে,0.2222222219753086,0.18181818165289254,0.19999999485000008,0.19999999485000008,0.0,0.19999999485000008,0,0,0.36734693877551017,0.06666666662222222
inbound1169727335265747590.jpg,একটি বাঘ আছে।,0.3333333322222222,0.14285714265306124,0.1999999954000001,0.1999999954000001,0.0,0.1999999954000001,0,0,0.25,0.12499999984374999
716.png,অনেকগুলো নারী ও কয়েকজন মানুষ দাড়িয়ে আছে।,0.2857142853061225,0.2857142853061225,0.28571428030612256,0.28571428030612256,0.0,0.28571428030612256,0,0,0.33333333333333337,0.16666666652777776
5805.png,একটি নৌকায় কয়েকজন মানুষ আছে।,0.5999999988,0.7499999981250001,0.6666666602469137,0.6666666602469137,0.28571428000000004,0.6666666602469137,0,0,0.6,0.49999999916666665
2272548482_0b4aec5cdd.jpg,একজন বাস্কেটবল খেলোয়াড় বল হাতে নিয়ে দাঁড়িয়ে আছে,0.37499999953124996,0.49999999916666665,0.4285714230612245,0.4285714230612245,0.0,0.2857142804081633,0,0,0.40625,0.2727272724793388
2600.png,একজন লোক একটি ঘুড়ি <unk> এর পাশে একটি পতাকা হাতে একটি পতাকা হাতে একটি পতাকা হাতে একটি পতাকা হাতে একটি পতাকা হাতে একটি পতাকা হাতে একটি পতাকা হাতে একটি পতাকা হাতে একটি পতাকা হাতে একটি পতাকা হাতে একটি পতাকা হাতে,0.099999999975,0.49999999937499995,0.16666666381944448,0.16666666381944448,0.0,0.16666666381944448,0,0,0.11724137931034484,0.3333333330555555
6486.png,একজন পুরুষ আছে।,0.6666666644444444,0.49999999875,0.5714285648979592,0.5714285648979592,0.0,0.5714285648979592,0,0,0.6923076923076923,0.3999999992
3081.png,সন্ধ্যার সময়ে উপরে সূর্য আছে।,0.1999999996,0.3333333322222222,0.24999999468750006,0.24999999468750006,0.0,0.24999999468750006,0,0,0.35,0.14285714265306124
7145.png,একটি শিশু হেঁটে যাচ্ছে।,0.249999999375,0.0999999999,0.14285713857142868,0.14285713857142868,0.0,0.14285713857142868,0,0,0.20512820512820518,0.08333333326388888
3607.png,একটি শিশু তাকিয়ে আছে।,0.7499999981250001,0.9999999966666667,0.8571428497959185,0.8571428497959185,0.39999999360000005,0.8571428497959185,0,0,0.6923076923076923,0.7499999981250001
3187117682_986ffd6b67.jpg,একটি কুকুর একটি সাদা কুকুর,0.5999999988,0.24999999979166665,0.3529411719031142,0.3529411719031142,0.1818181768595043,0.3529411719031142,0,0,0.375,0.24999999979166665
7394.png,একজন পুরুষ মানুষ দাড়িয়ে আছে।,0.1999999996,0.3333333322222222,0.24999999468750006,0.24999999468750006,0.0,0.24999999468750006,0,0,0.3214285714285714,0.14285714265306124
277.png,একজন পুরুষ হেঁটে যাচ্ছে।,0.249999999375,0.249999999375,0.2499999943750001,0.2499999943750001,0.0,0.2499999943750001,0,0,0.4736842105263158,0.14285714265306124
317.png,একজন পুরুষ মাথায় ইট বহন করছে।,0.16666666638888888,0.05555555552469135,0.08333332951388904,0.08333332951388904,0.0,0.08333332951388904,0,0,0.26086956521739135,0.045454545433884296
3119903318_d032141839.jpg,একটি ছোট মেয়ে একটি <unk> আগুন জ্বালিয়ে তার <unk> আগুন জ্বলছে,0.18181818165289254,0.24999999968749997,0.21052631069252087,0.21052631069252087,0.0,0.10526315290858747,0,0,0.30952380952380953,0.14285714275510203
944.png,একজন পুরুষ কাজ করছে।,0.9999999975,0.7999999984,0.8888888819753088,0.8888888819753088,0.5714285648979592,0.8888888819753088,0,0,0.7894736842105263,0.7999999984
3346.png,একজন পুরুষ মাথার উপর দিয়ে হেঁটে যাচ্ছে।,0.4285714279591837,0.37499999953124996,0.3999999944888889,0.3999999944888889,0.15384614863905344,0.3999999944888889,0,0,0.36734693877551017,0.24999999979166665
Shifting-trend-in-material-use-for-rural-dwelling-units-of-Bangladesh.png,একটি পুরাতন <unk>,0.3333333322222222,0.1999999996,0.24999999468750006,0.24999999468750006,0.0,0.24999999468750006,0,0,0.33333333333333337,0.14285714265306124
8446.png,দুইটি শিশু হাসছে।,0.3333333322222222,0.249999999375,0.28571428000000004,0.28571428000000004,0.0,0.28571428000000004,0,0,0.3571428571428571,0.16666666638888888
3742.png,একজন পুরুষ মাথায় বোঝা নিয়ে যাচ্ছে।,0.49999999916666665,0.3333333329629629,0.3999999946666667,0.3999999946666667,0.0,0.3999999946666667,0,0,0.4838709677419355,0.24999999979166665
411863595_d77156687e.jpg,একজন লোক একটি কুকুর একটি <unk>,0.6666666655555555,0.3333333330555555,0.4444444395061729,0.4444444395061729,0.2666666618666667,0.3529411714878893,0,0,0.43999999999999995,0.23076923059171597
8661.png,একজন বৃদ্ধ নারী বসে আছে।,0.1999999996,0.12499999984374999,0.15384614887573977,0.15384614887573977,0.0,0.15384614887573977,0,0,0.3448275862068966,0.08333333326388888
2631625732_75b714e685.jpg,একদল লোক একটি হ্রদ সহ একটি <unk>,0.14285714265306124,0.16666666638888888,0.15384614863905344,0.15384614863905344,0.0,0.15384614863905344,0,0,0.2941176470588235,0.09090909082644627
138718600_f430ebca17.jpg,একজন পুরুষ সাইকেল চালাচ্ছে।,0.249999999375,0.12499999984374999,0.16666666194444454,0.16666666194444454,0.0,0.16666666194444454,0,0,0.33333333333333337,0.09090909082644627
3111502208_71e2a414f5.jpg,একদল লোক একটি ফুটবল খেলায় অংশ নিচ্ছে,0.14285714265306124,0.12499999984374999,0.13333332817777796,0.13333332817777796,0.0,0.13333332817777796,0,0,0.2727272727272727,0.07142857137755101
5910.png,একজন পুরুষ ও একজন পুরুষ মানুষ।,0.0,0.0,0.0,0.0,0.0,0.0,0,0,0.24,0.0
3029463004_c2d2c8f404.jpg,একজন লোক একটি বিশাল ঢেউয়ের মধ্যে ভাসছে,0.2857142853061225,0.24999999968749997,0.2666666613333334,0.2666666613333334,0.15384614863905344,0.2666666613333334,0,0,0.3448275862068966,0.15384615372781063
2436081047_bca044c1d3.jpg,একটি স্কেটবোর্ডার একটি স্কেটবোর্ড চালাচ্ছে,0.1999999996,0.14285714265306124,0.16666666152777793,0.16666666152777793,0.0,0.16666666152777793,0,0,0.40740740740740744,0.0999999999
IMG_20220915_163442.jpg,দুইজন পুরুষ দাড়িয়ে আছে।,0.0,0.0,0.0,0.0,0.0,0.0,0,0,0.30434782608695654,0.0
4734.png,এটি একটি <unk> মধ্য দিয়ে হেঁটে যাচ্ছে,0.14285714265306124,0.16666666638888888,0.15384614863905344,0.15384614863905344,0.0,0.15384614863905344,0,0,0.16666666666666663,0.08333333326388888
2522809984_2e8a7df4fb.jpg,একটি ভেজা কুকুর পানিতে দৌড়াচ্ছে,0.5999999988,0.49999999916666665,0.5454545395041324,0.5454545395041324,0.2222222167901236,0.5454545395041324,0,0,0.6363636363636364,0.37499999953124996
2893476169_f38dd32051.jpg,একজন লোক একটি <unk> লাফ দিচ্ছে,0.6666666655555555,0.571428570612245,0.6153846094674558,0.6153846094674558,0.36363635801652905,0.6153846094674558,0,0,0.6428571428571428,0.4444444439506172
8931.png,একজন লোক পানির মধ্যে দাঁড়িয়ে আছে।,0.16666666638888888,0.249999999375,0.1999999948000001,0.1999999948000001,0.10526315390581731,0.1999999948000001,0,0,0.4545454545454546,0.1111111110493827
3762.png,একজন পুরুষ ও কয়েকটি গরু আছে।,0.49999999916666665,0.49999999916666665,0.4999999941666667,0.4999999941666667,0.19999999460000012,0.4999999941666667,0,0,0.6666666666666667,0.3333333329629629
2890731828_8a7032503a.jpg,একজন লোক আগুন নেভানোর আগুন জ্বালিয়ে গাড়ী আগুন নেভানোর জন্য প্রস্তুত।,0.18181818165289254,0.33333333277777777,0.2352941128027682,0.2352941128027682,0.13333332871111125,0.2352941128027682,0,0,0.3529411764705882,0.16666666652777776
7070.png,মহিলা টি তাকিয়ে আছে,0.249999999375,0.249999999375,0.2499999943750001,0.2499999943750001,0.0,0.2499999943750001,0,0,0.5333333333333333,0.14285714265306124
2949.png,একজন পুরুষ ও একজন নারী বসে আছে।,0.7142857132653061,0.6249999992187499,0.6666666608,0.6666666608,0.3076923022485208,0.3999999944888889,0,0,0.5,0.4444444439506172
664.png,দু'জন লোক একটি <unk>,0.0,0.0,0.0,0.0,0.0,0.0,0,0,0.3076923076923077,0.0
3568505408_4e30def669.jpg,একজন পুরুষ একটি ঘোড়ার উপর দাঁড়িয়ে আছে।,0.4285714279591837,0.24999999979166665,0.31578946869806096,0.31578946869806096,0.15384614863905344,0.31578946869806096,0,0,0.4444444444444444,0.19999999986666667
2757779501_c41c86a595.jpg,একজন লোক একটি পাথুরে পাহাড় বেয়ে উঠছেন,0.4285714279591837,0.5999999988,0.4999999943055557,0.4999999943055557,0.3333333277777778,0.4999999943055557,0,0,0.6666666666666667,0.3333333329629629
3616771728_2c16bf8d85.jpg,একটি ঘোড়া এবং কালো ঘোড়া এবং কালো ঘোড়া এবং কালো ঘোড়া এবং কালো ঘোড়া এবং কালো ঘোড়া এবং কালো ঘোড়া এবং কালো ঘোড়া এবং কালো ঘোড়া এবং কালো ঘোড়া এবং কালো ঘোড়া এবং কালো ঘোড়া এবং কালো ঘোড়া এবং কালো,0.0499999999875,0.124999999921875,0.07142856732142881,0.07142856732142881,0.0,0.07142856732142881,0,0,0.2583333333333333,0.13333333324444444
4679.png,একটি সেতুর উপরে দাড়িয়ে আছে একজন বাচ্চা দাঁড়িয়ে আছে।,0.4444444439506172,0.3636363633057851,0.39999999464999997,0.39999999464999997,0.0869565171266543,0.29999999475000005,0,0,0.4285714285714286,0.26666666648888887
110695011.jpg,একটি ব্যস্ত ফুটপাতে একজন লোক একটি <unk> <unk> <unk> <unk> <unk> <unk> <unk> <unk> <unk> <unk> <unk> <unk> <unk> <unk> <unk> <unk> <unk> <unk> <unk> <unk> <unk> <unk> <unk> <unk> <unk> <unk> <unk> <unk> <unk> <unk> <unk> <unk> <unk> <unk>,0.12499999996875,0.3124999998046875,0.1785714244260205,0.1785714244260205,0.07407407003429377,0.14285713872448993,0,0,0.13043478260869568,0.2352941175086505
6053.png,একটি নৌকায় কয়েকজন মানুষ আছে।,0.3999999992,0.2857142853061225,0.33333332791666676,0.33333332791666676,0.0,0.33333332791666676,0,0,0.5185185185185186,0.1999999998
1332823164_c70a5d930e.jpg,সমুদ্রের পারে একজন মেয়ে সমুদ্রের পানিতে হাঁটছে,0.2857142853061225,0.33333333277777777,0.3076923022485208,0.3076923022485208,0.1818181765289258,0.3076923022485208,0,0,0.4666666666666667,0.1999999998
5636.png,কয়েকজন মানুষ দাড়িয়ে আছে।,0.49999999875,0.2857142853061225,0.36363635834710756,0.36363635834710756,0.2222222172839507,0.36363635834710756,0,0,0.43999999999999995,0.24999999968749997
3177.png,টুপি পরে লোকটি বসে আছে,0.3999999992,0.11764705875432525,0.1818181781404959,0.1818181781404959,0.0,0.1818181781404959,0,0,0.2666666666666667,0.10526315783933518
343218198_1ca90e0734.jpg,একটি কালো কুকুর একটি বাদামী কুকুরের সাথে খেলছে,0.37499999953124996,0.5999999988,0.46153845609467453,0.46153845609467453,0.36363635834710756,0.46153845609467453,0,0,0.5,0.3333333329629629
1029802110.jpg,বাচ্চারা পার্কে রাস্তায় দাঁড়িয়ে আছে,0.1999999996,0.14285714265306124,0.16666666152777793,0.16666666152777793,0.0,0.16666666152777793,0,0,0.33333333333333337,0.09090909082644627
2707969386_94dde00ce4.jpg,একটি কুকুর একটি কুকুর দৌড়াচ্ছে,0.3999999992,0.33333333277777777,0.36363635801652905,0.36363635801652905,0.2222222167901236,0.36363635801652905,0,0,0.6086956521739131,0.2857142853061225
2591486448_48d5438343.jpg,একটি কুকুর একটি <unk> <unk> <unk> <unk> <unk> <unk> <unk> <unk> <unk> <unk> <unk> <unk> <unk> <unk> <unk> <unk> <unk> <unk> <unk> <unk> <unk> <unk> <unk> <unk> <unk> <unk> <unk> <unk> <unk> <unk> <unk> <unk> <unk> <unk> <unk> <unk> <unk>,0.07499999998125,0.19999999986666667,0.10909090508429765,0.10909090508429765,0.0,0.10909090508429765,0,0,0.1132075471698113,0.24999999968749997
8101.png,রাতের বেলা রাতের বেলা রাতের বেলা রাতের বেলা রাতের বেলা একটি <unk> আগুন জ্বলছে এবং কিছু মানুষ দাড়িয়ে আছে এবং পিছনে অনেক মানুষ দাড়িয়ে আছে এবং পিছনে অনেক মানুষ দাড়িয়ে আছে এবং পিছনে অনেক মানুষ দাড়িয়ে আছে এবং পিছনে অনেক,0.02499999999375,0.12499999984374999,0.04166666387152797,0.04166666387152797,0.0,0.04166666387152797,0,0,0.1448275862068965,0.049999999975
1262077938_8b9516c273.jpg,এক মহিলা একটি পার্কের বেঞ্চে বসে আছে,0.7142857132653061,0.3571428568877551,0.47619047129251707,0.47619047129251707,0.15384614863905344,0.3999999944888889,0,0,0.6666666666666667,0.3124999998046875
3051754615_3d6494c2ae.jpg,একদল লোক একটি ভেলা করে,0.5999999988,0.49999999916666665,0.5454545395041324,0.5454545395041324,0.4444444385185186,0.5454545395041324,0,0,0.6666666666666667,0.37499999953124996
3367851138_757d6bd2ef.jpg,একটি জাহাজ <unk>,0.6666666644444444,0.24999999968749997,0.36363635900826446,0.36363635900826446,0.0,0.36363635900826446,0,0,0.2941176470588235,0.24999999968749997
_MG_2689.JPG,ট্রেনের ট্রেনের পাশে ট্রেন দাড়িয়ে আছে একজন ট্রেন এর মাঝে ট্রেন দাড়িয়ে আছে একজন ট্রেন এর মাঝে ট্রেন দাড়িয়ে আছে একজন ট্রেন এর মাঝে ট্রেন দাড়িয়ে আছে একজন ট্রেন এর মাঝে ট্রেন দাড়িয়ে আছে একজন ট্রেন এর মাঝে ট্রেন দাড়িয়ে,0.099999999975,0.571428570612245,0.17021276334993213,0.17021276334993213,0.09523809386621315,0.17021276334993213,0,0,0.14,0.3636363633057851
7426.png,একটি লোক একটি <unk> পাশে বসে আছে।,0.2857142853061225,0.3999999992,0.33333332791666676,0.33333332791666676,0.1999999948000001,0.33333332791666676,0,0,0.375,0.2222222219753086
3000428313_8a1e65e20e.jpg,একটি শিশু একটি পুলে শুয়ে আছে,0.16666666638888888,0.12499999984374999,0.1428571377551022,0.1428571377551022,0.0,0.1428571377551022,0,0,0.36363636363636365,0.09090909082644627
837.png,একজন পুরুষ বসে আছে।,0.49999999875,0.49999999875,0.4999999937500001,0.4999999937500001,0.33333332722222225,0.4999999937500001,0,0,0.7142857142857143,0.33333333277777777
468310111_d9396abcbd.jpg,একটি মাঠে গরুদের এক কুকুর একটি গরু নিয়ে দাড়িয়ে আছে।,0.1999999998,0.33333333277777777,0.24999999500000003,0.24999999500000003,0.0,0.24999999500000003,0,0,0.4571428571428572,0.15384615372781063
3407584080_c6abf71ae3.jpg,একজন স্কিয়ার ঢালের উপর দিয়ে উড়ছে,0.33333333277777777,0.2857142853061225,0.3076923022485208,0.3076923022485208,0.0,0.3076923022485208,0,0,0.6451612903225806,0.18181818165289254
1801663973_5ad393caeb.jpg,এক দম্পতি একটি <unk> <unk> <unk> <unk> <unk> <unk> <unk> <unk> <unk> <unk> <unk> <unk> <unk> <unk> <unk> <unk> <unk> <unk> <unk> <unk> <unk> <unk> <unk> <unk> <unk> <unk> <unk> <unk> <unk> <unk> <unk> <unk> <unk> <unk> <unk> <unk> <unk>,0.02499999999375,0.08333333326388888,0.03846153489645003,0.03846153489645003,0.0,0.03846153489645003,0,0,0.15094339622641506,0.07142857137755101
3436418401_b00ceb27c0.jpg,একটি মেয়ে সৈকতের পানিতে ভিজে গেলো,0.33333333277777777,0.3999999992,0.36363635801652905,0.36363635801652905,0.0,0.1818181765289258,0,0,0.4285714285714286,0.2222222219753086
4317.png,একটি নৌকায় একজন মানুষ আছে।,0.5999999988,0.4285714279591837,0.4999999943055557,0.4999999943055557,0.1999999948000001,0.4999999943055557,0,0,0.5714285714285714,0.3333333329629629
1664.png,একটি শিশু দাড়িয়ে আছে।,0.249999999375,0.1999999996,0.2222222167901236,0.2222222167901236,0.0,0.2222222167901236,0,0,0.4285714285714286,0.12499999984374999
7011.png,একটি নৌকায় দুইজন মানুষ আছে।,0.5999999988,0.49999999916666665,0.5454545395041324,0.5454545395041324,0.0,0.36363635801652905,0,0,0.34782608695652173,0.37499999953124996
3215081286_d55541aa6b.jpg,একটি <unk> একটি <unk> একটি <unk> একটি ছবি তুলছে,0.1111111109876543,0.14285714265306124,0.12499999492187522,0.12499999492187522,0.0,0.12499999492187522,0,0,0.2647058823529411,0.0999999999
6902.png,একজন পুরুষ একটি পতাকা হাতে নৌকা বাইচে।,0.2857142853061225,0.49999999875,0.36363635834710756,0.36363635834710756,0.2222222172839507,0.36363635834710756,0,0,0.42307692307692313,0.2222222219753086
2030.png,কয়েকজন মানুষ আছে।,0.6666666644444444,0.3999999992,0.49999999406250006,0.49999999406250006,0.0,0.49999999406250006,0,0,0.5882352941176471,0.33333333277777777
3474999131_788cbf253f.jpg,একটি কুকুর পাইপ থেকে একটি বাধা পার হচ্ছে,0.37499999953124996,0.4285714279591837,0.3999999944888889,0.3999999944888889,0.16666666152777793,0.3999999944888889,0,0,0.5555555555555556,0.18181818165289254
7893.png,একজন নারী আছে।,0.9999999966666667,0.49999999916666665,0.6666666607407408,0.6666666607407408,0.28571428081632655,0.6666666607407408,0,0,0.4347826086956522,0.49999999916666665
9034.png,একজন নারী একটি শিশু বেলুন ধরে আছে।,0.14285714265306124,0.249999999375,0.1818181768595043,0.1818181768595043,0.0,0.1818181768595043,0,0,0.375,0.0999999999
8391.png,একটি শিশু হেঁটে যাচ্ছে।,0.249999999375,0.16666666638888888,0.1999999948000001,0.1999999948000001,0.0,0.1999999948000001,0,0,0.29166666666666663,0.1111111109876543
1264.png,৪ জন পুরুষ ৩ জন পুরুষ ১ জন পুরুষ ১ জন পুরুষ ১ জন পুরুষ ১ জন পুরুষ ১ জন পুরুষ ১ জন পুরুষ ১ জন পুরুষ ১ জন পুরুষ ১ জন পুরুষ ১ জন পুরুষ ১ জন পুরুষ ১,0.07499999998125,0.19999999986666667,0.10909090508429765,0.10909090508429765,0.07547169419722341,0.10909090508429765,0,0,0.22033898305084743,0.1874999998828125
820169182_f5e78d7d19.jpg,একটি ছোট বাচ্চা একটি নীল রঙের একটি ছোট বাচ্চা একটি নীল রঙের একটি ছোট বাচ্চা একটি নীল রঙের একটি ছোট বাচ্চা একটি নীল রঙের একটি ছোট বাচ্চা একটি নীল রঙের একটি ছোট বাচ্চা একটি নীল রঙের একটি ছোট বাচ্চা একটি,0.0499999999875,0.33333333277777777,0.08695651943289232,0.08695651943289232,0.045454543419421574,0.08695651943289232,0,0,0.136986301369863,0.2222222219753086
7864.png,কয়েকজন মানুষ আছে।,0.6666666644444444,0.3999999992,0.49999999406250006,0.49999999406250006,0.33333332777777785,0.49999999406250006,0,0,0.5789473684210527,0.33333333277777777
8421.png,একটি শিশু দাড়িয়ে আছে।,0.49999999875,0.49999999875,0.4999999937500001,0.4999999937500001,0.0,0.4999999937500001,0,0,0.6153846153846154,0.33333333277777777
3547524138_4157f660b0.jpg,একদল মহিলা একটি <unk> <unk> <unk> <unk> <unk> <unk> <unk> <unk> <unk> <unk> <unk> <unk> <unk> <unk> <unk> <unk> <unk> <unk> <unk> <unk> <unk> <unk> <unk> <unk> <unk> <unk> <unk> <unk> <unk> <unk> <unk> <unk> <unk> <unk> <unk> <unk> <unk>,0.0499999999875,0.33333333277777777,0.08695651943289232,0.08695651943289232,0.0,0.08695651943289232,0,0,0.09999999999999998,0.24999999968749997
3259579174_30a8a27058.jpg,একটি শিশু একটি সুইমিং পুলে হ্যান্ডস্ট্যান্ড করে,0.14285714265306124,0.1111111109876543,0.12499999492187522,0.12499999492187522,0.0,0.12499999492187522,0,0,0.39473684210526316,0.07142857137755101
870.png,একটি শিশু আছে।,0.9999999966666667,0.4285714279591837,0.5999999946000001,0.5999999946000001,0.24999999562500003,0.5999999946000001,0,0,0.375,0.4285714279591837
3509.png,একজন পুরুষ দাড়িয়ে আছে।,0.49999999875,0.6666666644444444,0.5714285648979592,0.5714285648979592,0.0,0.5714285648979592,0,0,0.6,0.3999999992
2602679255_785b851b46.jpg,একজন মহিলা তার বন্ধুর পিছনে রেখে বিশ্রাম নিচ্ছে,0.24999999968749997,0.24999999968749997,0.24999999468750006,0.24999999468750006,0.14285713765306143,0.24999999468750006,0,0,0.37037037037037035,0.14285714275510203
3351586010_7ffaa90ea8.jpg,এক স্কেটবোর্ডার একটি <unk> পথে হাঁটছে,0.33333333277777777,0.33333333277777777,0.3333333277777778,0.3333333277777778,0.0,0.3333333277777778,0,0,0.4,0.1999999998
6500.png,একজন মেয়ে দাড়িয়ে তাকিয়ে আছেন।,0.7999999984,0.3333333330555555,0.47058823058823535,0.47058823058823535,0.0,0.47058823058823535,0,0,0.631578947368421,0.30769230745562126
5975.png,কয়েকজন মানুষ আছে।,0.6666666644444444,0.49999999875,0.5714285648979592,0.5714285648979592,0.39999999360000005,0.5714285648979592,0,0,0.6875,0.3999999992
6015.png,একটি শিশু দাড়িয়ে আছে।,0.0,0.0,0.0,0.0,0.0,0.0,0,0,0.2692307692307693,0.0
1509786421_f03158adfc.jpg,একটি ছেলে এবং একটি ছোট ছেলে,0.16666666638888888,0.14285714265306124,0.15384614863905344,0.15384614863905344,0.0,0.15384614863905344,0,0,0.5,0.1111111109876543
203114209_e4cd71a6b7.jpg,একজন লোক একটি <unk> উপর দিয়ে টানা হচ্ছে,0.6249999992187499,0.3571428568877551,0.4545454495041322,0.4545454495041322,0.0999999953500002,0.4545454495041322,0,0,0.44897959183673475,0.29411764688581316
315021440_122d56ebd7.jpg,একটি কুকুর একটি ছোট কুকুর একটি ছোট কুকুর একটি ছোট কুকুর একটি ছোট কুকুর একটি ছোট কুকুর একটি ছোট কুকুর একটি ছোট কুকুর একটি ছোট কুকুর একটি ছোট কুকুর একটি ছোট কুকুর একটি ছোট কুকুর একটি ছোট কুকুর একটি ছোট,0.0499999999875,0.2857142853061225,0.08510638040742426,0.08510638040742426,0.0,0.08510638040742426,0,0,0.13013698630136983,0.24999999968749997
1579198375_84b18e003a.jpg,একজন নারী তার <unk> বাজাচ্ছে,0.3999999992,0.1999999998,0.2666666618666667,0.2666666618666667,0.0,0.2666666618666667,0,0,0.368421052631579,0.16666666652777776
3315323307_bd148a8964.jpg,একটি কুকুর একটি পথ ধরে ছুটে চলেছে,0.2857142853061225,0.33333333277777777,0.3076923022485208,0.3076923022485208,0.1818181765289258,0.3076923022485208,0,0,0.4411764705882353,0.1999999998
488590040_35a3e96c89.jpg,একজন লোক একটি দড়ি ধরে আছে,0.49999999916666665,0.37499999953124996,0.4285714230612245,0.4285714230612245,0.16666666152777793,0.4285714230612245,0,0,0.46153846153846156,0.2727272724793388
4879.png,একটি সেতু আছে।,0.3333333322222222,0.1111111109876543,0.16666666263888896,0.16666666263888896,0.0,0.16666666263888896,0,0,0.2727272727272727,0.09090909082644627
143688895_e837c3bc76.jpg,একজন লোক একটি খাড়া পাথর বেয়ে উপরে উঠে যায়।,0.3333333329629629,0.3333333329629629,0.333333327962963,0.333333327962963,0.1428571377551022,0.24999999476562512,0,0,0.5483870967741935,0.19999999986666667
3227594168_3351722aae.jpg,একটি মেয়ে একটি <unk> <unk>,0.1999999996,0.1111111109876543,0.14285713806122466,0.14285713806122466,0.0,0.14285713806122466,0,0,0.25,0.09090909082644627
3423.png,একজন পুরুষ মানুষ আছে।,0.0,0.0,0.0,0.0,0.0,0.0,0,0,0.33333333333333337,0.0
1033767085.jpg,একটি শিশু একটি বল নিয়ে খেলছে।,0.6666666655555555,0.2352941175086505,0.3478260827977316,0.3478260827977316,0.09523809151927451,0.3333333277777778,0,0,0.5,0.2222222219753086
2795287622_da187a3e86.jpg,একটি পুলে ভাসমান পুলে ভাসমান পুলে ঝাঁপিয়ে পড়ে পুলে লাফ দিচ্ছে,0.3636363633057851,0.4444444439506172,0.39999999464999997,0.39999999464999997,0.22222221703703712,0.39999999464999997,0,0,0.5128205128205128,0.3333333330555555
3192069971_83c5a90b4c.jpg,একটি শিশু একটি ছোট বাচ্চা নিয়ে একটি লাল টুপি পরে একটি লাল টুপি পরে একটি লাল টুপি পরে একটি লাল টুপি পরে একটি লাল টুপি পরে একটি লাল টুপি পরে একটি লাল টুপি পরে একটি লাল টুপি পরে একটি লাল,0.0499999999875,0.2222222219753086,0.08163265002915464,0.08163265002915464,0.0,0.08163265002915464,0,0,0.20610687022900764,0.13333333324444444
3724759125_2dc0e1f4a3.jpg,একটি শিশু একটি ছোট বাচ্চাকে একটি <unk>,0.4285714279591837,0.3333333329629629,0.374999994609375,0.374999994609375,0.1428571377551022,0.374999994609375,0,0,0.3529411764705882,0.18181818165289254
2998861375_02817e0147.jpg,একজন লোক একটি লাঠি ধরে আছে,0.0,0.0,0.0,0.0,0.0,0.0,0,0,0.22499999999999998,0.0
3203742047_6a55065411.jpg,একজন লোক একটি বরফের মধ্যে লোকজন টেনে নিয়ে বসে আছে,0.3999999996,0.49999999937499995,0.4444444390123457,0.4444444390123457,0.12499999492187522,0.34782608173913043,0,0,0.5135135135135135,0.28571428551020406
7570.png,একজন নারী আছে।,0.6666666644444444,0.2857142853061225,0.39999999500000005,0.39999999500000005,0.0,0.39999999500000005,0,0,0.4,0.24999999968749997
1098.png,কয়েকজন মানুষ বসে লিখছে।,0.49999999875,0.2222222219753086,0.3076923029585799,0.3076923029585799,0.18181817752066123,0.3076923029585799,0,0,0.2571428571428571,0.18181818165289254
3406409018_03de95181e.jpg,একজন আইসহকি খেলোয়াড় গোল করার চেষ্টা করছেন।,0.571428570612245,0.3999999996,0.4705882298961938,0.4705882298961938,0.2666666615111111,0.4705882298961938,0,0,0.5789473684210527,0.30769230745562126
7602.png,একজন মানুষ দেখা যাচ্ছে।,0.49999999875,0.33333333277777777,0.3999999944,0.3999999944,0.24999999468750006,0.3999999944,0,0,0.4782608695652174,0.24999999968749997
4094.png,কয়েকজন পুরুষ দাড়িয়ে আছে।,0.7499999981250001,0.3333333329629629,0.4615384565680474,0.4615384565680474,0.36363635900826446,0.4615384565680474,0,0,0.38235294117647056,0.29999999969999996
2568417021_afa68423e5.jpg,একটি <unk> একটি ছেলে একটি <unk>,0.8333333319444445,0.41666666631944443,0.5555555504938272,0.5555555504938272,0.15384614887573977,0.4444444395061729,0,0,0.3829787234042553,0.29999999969999996
312156254_ef31dca5ed.jpg,একটি কালো কুকুর একটি ফুটবল নিয়ে দৌড়াচ্ছে,0.571428570612245,0.3333333330555555,0.42105262648199443,0.42105262648199443,0.3076923022485208,0.3999999944888889,0,0,0.5,0.2727272724793388
3522989916_f20319cc59.jpg,দুটি কুকুর ঘাসে লড়াই করছে,0.3999999992,0.3999999992,0.39999999420000004,0.39999999420000004,0.2499999943750001,0.39999999420000004,0,0,0.6666666666666667,0.24999999968749997
2053006423_6adf69ca67.jpg,এক লোক একটি পাথুরে পর্বতের চূড়ায় দাঁড়িয়ে আছে,0.49999999937499995,0.6666666655555555,0.5714285657142858,0.5714285657142858,0.16666666152777793,0.4285714230612245,0,0,0.39534883720930236,0.3999999996
3302.png,একটি নৌকায় কয়েকজন মানুষ আছে।,0.7999999984,0.3636363633057851,0.499999995078125,0.499999995078125,0.14285713857142868,0.499999995078125,0,0,0.475,0.3999999996
1394368714_3bc7c19969.jpg,একজন লোক একটি <unk> এর পাশে দাঁড়িয়ে আছে,0.24999999968749997,0.2222222219753086,0.23529411238754333,0.23529411238754333,0.13333332817777796,0.23529411238754333,0,0,0.47058823529411764,0.13333333324444444
9052.png,সূর্যের আলোয় ছবি।,0.0,0.0,0.0,0.0,0.0,0.0,0,0,0.1875,0.0
2934801096_230ae78d7e.jpg,একজন লোক একটি <unk> <unk> সামনে একটি <unk> <unk> সামনে একটি <unk> <unk> সামনে একটি <unk> <unk> সামনে একটি <unk> <unk> সামনে একটি <unk> <unk> সামনে একটি <unk> <unk> সামনে একটি <unk> <unk> সামনে একটি <unk> <unk> সামনে একটি <unk>,0.099999999975,0.3333333330555555,0.15384615023668646,0.15384615023668646,0.0,0.11538461178994093,0,0,0.19496855345911945,0.23076923059171597
210686241_b8e069fff3.jpg,একজন পুরুষ দাড়িয়ে আছে।,0.0,0.0,0.0,0.0,0.0,0.0,0,0,0.33333333333333337,0.0
3591462960_86045906bd.jpg,একজন পুরুষ ও দুইটি গাড়ি নিয়ে দাড়িয়ে আছে।,0.12499999984374999,0.0999999999,0.11111110604938293,0.11111110604938293,0.0,0.11111110604938293,0,0,0.4,0.05882352937716263
IMG_2416.JPG,লোক টি দাঁড়িয়ে আছে,0.7499999981250001,0.7499999981250001,0.7499999931250001,0.7499999931250001,0.33333332722222225,0.7499999931250001,0,0,0.8333333333333334,0.5999999988
3530342993_a4a1f0e516.jpg,একজন লোক একটি <unk> করছে,0.3999999992,0.14285714275510203,0.21052631168975072,0.21052631168975072,0.0,0.21052631168975072,0,0,0.368421052631579,0.11764705875432525
460350019_af60511a3b.jpg,একটি কালো কুকুরটি লাফ দিচ্ছে,0.3999999992,0.13333333324444444,0.19999999605000005,0.19999999605000005,0.1111111075308643,0.19999999605000005,0,0,0.4545454545454546,0.11764705875432525
2272426567_9e9fb79db0.jpg,একটি কুকুর তুষার দিয়ে চলছে।,0.5999999988,0.5999999988,0.5999999938,0.5999999938,0.4999999937500001,0.5999999938,0,0,0.7777777777777778,0.4285714279591837
2720.png,একজন মেয়ে শিশু কোলে নিয়ে দাড়িয়ে আছে।,0.2857142853061225,0.33333333277777777,0.3076923022485208,0.3076923022485208,0.0,0.3076923022485208,0,0,0.34782608695652173,0.18181818165289254
2907073768_08fd7bdf60.jpg,একজন সাইকেল আরোহী তার সাইকেল দিয়ে বাতাসে লাফিয়ে কসরত দেখাচ্ছেন,0.3999999996,0.3999999996,0.3999999946000001,0.3999999946000001,0.11111110598765454,0.3999999946000001,0,0,0.5813953488372092,0.26666666648888887
5803.png,একজন পুরুষ ছাতা মাথায় বস্তা নিয়ে দাড়িয়ে আছে।,0.49999999937499995,0.26666666648888887,0.3478260821172023,0.3478260821172023,0.1999999954000001,0.3478260821172023,0,0,0.4137931034482759,0.21052631567867036
2378149488_648e5deeac.jpg,একটি শিশু একটি পতাকা নিয়ে দাড়িয়ে আছে।,0.4285714279591837,0.29999999969999996,0.35294117121107266,0.35294117121107266,0.0,0.35294117121107266,0,0,0.39473684210526316,0.15384615372781063
2502835694_4fe121bbea.jpg,একটি দালানের সামনের শিশুরা একটি দালানের বাইরে একদল লোক।,0.3333333329629629,0.4285714279591837,0.374999994609375,0.374999994609375,0.0,0.24999999476562512,0,0,0.4736842105263158,0.2727272724793388
2739331794_4ae78f69a0.jpg,একজন মোটরসাইকেল চালক বাঁক নিচ্ছে,0.3999999992,0.3999999992,0.39999999420000004,0.39999999420000004,0.2499999943750001,0.39999999420000004,0,0,0.7391304347826086,0.24999999968749997
2751.png,দুজন লোক সাদা কাগজ নিয়ে দাড়িয়ে আছে,0.0,0.0,0.0,0.0,0.0,0.0,0,0,0.30434782608695654,0.0
5565.png,একটি মেয়ে শিশু কোলে নিয়ে আছে।,0.16666666638888888,0.249999999375,0.1999999948000001,0.1999999948000001,0.0,0.1999999948000001,0,0,0.4444444444444444,0.1111111109876543
1718.png,একজন নারী ও চারজন পুরুষ একজন মহিলা।,0.2857142853061225,0.24999999968749997,0.2666666613333334,0.2666666613333334,0.15384614863905344,0.2666666613333334,0,0,0.5333333333333333,0.18181818165289254
14.png,একজন পুরুষ একটি বাচ্চা খাবার বিক্রি করার জন্য <unk> দোকানে।,0.1999999998,0.124999999921875,0.15384614899408297,0.15384614899408297,0.0,0.15384614899408297,0,0,0.4032258064516129,0.09523809519274376
5979.png,বাচ্চারা পানিতে খেলা করছে শিশুটি পানির ফোয়ারায় খেলছে।,0.0,0.0,0.0,0.0,0.0,0.0,0,0,0.2647058823529411,0.0
7889.png,একজন বৃদ্ধ নারী কলশী নিয়ে দাড়িয়ে আছে।,0.571428570612245,0.30769230745562126,0.39999999505,0.39999999505,0.0,0.39999999505,0,0,0.3137254901960784,0.28571428551020406
1379026456_153fd8b51b.jpg,একজন লোক তার হাতে চামচ দিয়ে ছবি আঁকছে,0.24999999968749997,0.2857142853061225,0.2666666613333334,0.2666666613333334,0.0,0.2666666613333334,0,0,0.40740740740740744,0.15384615372781063
3014546644_d53db746ec.jpg,একটি কালো কুকুর ঘাসের মধ্য দিয়ে চলছে,0.571428570612245,0.49999999937499995,0.5333333276444445,0.5333333276444445,0.15384614863905344,0.4615384558579882,0,0,0.6,0.3636363633057851
3784.png,একটি শিশু একটি সবুজ ঘাসের উপর বসে আছে।,0.49999999937499995,0.3999999996,0.4444444390123457,0.4444444390123457,0.24999999476562512,0.4444444390123457,0,0,0.5625,0.30769230745562126
3268191118_ba25fabab6.jpg,একজন লোক তার বোর্ডে চড়ে শূন্যে লাফ দিচ্ছে,0.37499999953124996,0.49999999916666665,0.4285714230612245,0.4285714230612245,0.33333332791666676,0.4285714230612245,0,0,0.6428571428571428,0.2727272724793388
5261.png,হাতে সাদা সাদা সাদা সাদা সাদা সাদা সাদা সাদা সাদা সাদা সাদা সাদা সাদা সাদা সাদা সাদা সাদা সাদা সাদা সাদা সাদা সাদা সাদা সাদা সাদা সাদা সাদা সাদা সাদা সাদা সাদা সাদা সাদা সাদা সাদা সাদা সাদা সাদা সাদা,0.0,0.0,0.0,0.0,0.0,0.0,0,0,0.10924369747899154,0.0
5083.png,রেল লাইনের পাশে একটি শিশু হেঁটে যাচ্ছে।,0.14285714265306124,0.3333333322222222,0.1999999954000001,0.1999999954000001,0.0,0.1999999954000001,0,0,0.20833333333333337,0.1111111109876543
1394927474_0afdd82fc4.jpg,একটি পুরাতন <unk> সামনে একটি বিশাল বড় দালানের সামনে এক লোক একটি <unk> সামনে একটি <unk> সামনে একটি বিশাল বড় দালানের সামনে এক লোক একটি <unk> সামনে একটি <unk> সামনে একটি বিশাল বড় দালানের সামনে এক লোক একটি <unk> সামনে,0.17499999995624999,0.5384615380473372,0.26415093959416164,0.26415093959416164,0.1176470551787775,0.26415093959416164,0,0,0.26623376623376627,0.39999999973333333
1804.png,একটি শিশু সাইকেল চালাচ্ছে।,0.249999999375,0.05555555552469135,0.09090908785123977,0.09090908785123977,0.0,0.09090908785123977,0,0,0.19512195121951215,0.05263157891966759
2735979477_eef7c680f9.jpg,দুটি কুকুর একটি বাদামী ঘাসের উপর দৌড়াচ্ছে,0.7142857132653061,0.9999999980000001,0.8333333270833335,0.8333333270833335,0.5999999940000001,0.8333333270833335,0,0,0.7037037037037037,0.7142857132653061
2971211296_2587c3924d.jpg,একজন ফুটবল খেলোয়াড় একটি ফুটবল খেলোয়াড়,0.33333333277777777,0.33333333277777777,0.3333333277777778,0.3333333277777778,0.0,0.3333333277777778,0,0,0.2857142857142857,0.2222222219753086
3036.png,একজন নারী গাছে ধাক্কা দিচ্ছে।,0.3999999992,0.33333333277777777,0.36363635801652905,0.36363635801652905,0.2222222167901236,0.36363635801652905,0,0,0.26086956521739135,0.2222222219753086
3963.png,একজন লোক একটি <unk> দিকে তাকিয়ে আছে,0.2857142853061225,0.49999999875,0.36363635834710756,0.36363635834710756,0.0,0.36363635834710756,0,0,0.4,0.2222222219753086
123997871_6a9ca987b1.jpg,একজন লোক একটি ফুটবল খেলছে,0.1999999996,0.1111111109876543,0.14285713806122466,0.14285713806122466,0.0,0.14285713806122466,0,0,0.30000000000000004,0.07692307686390532
6512.png,একটি শিশু তাকিয়ে আছে।,0.7499999981250001,0.9999999966666667,0.8571428497959185,0.8571428497959185,0.39999999360000005,0.8571428497959185,0,0,0.6923076923076923,0.7499999981250001
4197.png,একজন পুরুষ হাতে একটা ব্যাগ নিয়ে দাড়িয়ে আছে।,0.6249999992187499,0.49999999949999996,0.5555555500000001,0.5555555500000001,0.12499999492187522,0.5555555500000001,0,0,0.43243243243243246,0.3846153843195266
3674565156_14d3b41450.jpg,একজন মহিলা এবং একটি মেয়ে দাঁড়িয়ে আছে,0.4285714279591837,0.13043478255198487,0.1999999962888889,0.1999999962888889,0.0,0.18181817731404967,0,0,0.4,0.13636363630165288
1188.png,একজন পুরুষ দাড়িয়ে আছে।,0.7499999981250001,0.3333333329629629,0.4615384565680474,0.4615384565680474,0.18181817752066123,0.4615384565680474,0,0,0.4,0.3333333329629629
3225310099_d8e419ba56.jpg,কয়েকজন মানুষ দাড়িয়ে আছে।,0.249999999375,0.049999999975,0.08333333048611122,0.08333333048611122,0.0,0.08333333048611122,0,0,0.30000000000000004,0.04761904759637188
1985.png,নদীর পাড়ে কিছু মানুষ হেঁটে যাচ্ছে।,0.16666666638888888,0.07692307686390532,0.10526315346260404,0.10526315346260404,0.0,0.10526315346260404,0,0,0.30000000000000004,0.05555555552469135
2866093652_aa717eb9ce.jpg,একদল লোক একটি <unk> <unk> <unk> <unk> <unk> <unk> <unk> <unk> <unk> <unk> <unk> <unk> <unk> <unk> <unk> <unk> <unk> <unk> <unk> <unk> <unk> <unk> <unk> <unk> <unk> <unk> <unk> <unk> <unk> <unk> <unk> <unk> <unk> <unk> <unk> <unk> <unk>,0.0499999999875,0.2857142853061225,0.08510638040742426,0.08510638040742426,0.0,0.08510638040742426,0,0,0.0691823899371069,0.2222222219753086
2935986346_29df6cf692.jpg,দুটি কুকুর একটি কালো কুকুর একটি কালো কুকুর একটি কালো কুকুর একটি কালো কুকুর একটি কালো কুকুর একটি কালো কুকুর একটি কালো কুকুর একটি কালো কুকুর একটি কালো কুকুর একটি কালো কুকুর একটি কালো কুকুর একটি কালো কুকুর একটি কালো,0.0499999999875,0.3999999992,0.08888888687407412,0.08888888687407412,0.0,0.08888888687407412,0,0,0.096551724137931,0.2857142853061225
916.png,একটি মাঠে অনেক মানুষ দাড়িয়ে আছে।,0.49999999916666665,0.7499999981250001,0.5999999940000001,0.5999999940000001,0.49999999406250006,0.5999999940000001,0,0,0.5714285714285714,0.4285714279591837
8397.png,একজন নারী ও একজন নারী আছে।,0.16666666638888888,0.16666666638888888,0.16666666138888903,0.16666666138888903,0.0,0.16666666138888903,0,0,0.3913043478260869,0.1111111109876543
2662.png,কয়েকজন পুরুষ দাড়িয়ে আছে।,0.49999999875,0.3999999992,0.4444444385185186,0.4444444385185186,0.0,0.4444444385185186,0,0,0.5,0.2857142853061225
608257195_6ec6f48e37.jpg,একজন লোক পাহাড়ে চলাচলের উপযোগী বাইক চালাচ্ছেন।,0.14285714265306124,0.12499999984374999,0.13333332817777796,0.13333332817777796,0.0,0.13333332817777796,0,0,0.40625,0.07142857137755101
2930622766_fa8f84deb1.jpg,একটি শিশু দাড়িয়ে আছে।,0.49999999875,0.14285714275510203,0.22222221851851853,0.22222221851851853,0.0,0.22222221851851853,0,0,0.2857142857142857,0.15384615372781063
2689.png,একটি মঞ্চে বসে ফুল তুলছে।,0.1999999996,0.12499999984374999,0.15384614887573977,0.15384614887573977,0.0,0.15384614887573977,0,0,0.30000000000000004,0.08333333326388888
949.png,একজন মানুষ দাড়িয়ে কাজ করছে।,0.0,0.0,0.0,0.0,0.0,0.0,0,0,0.26315789473684215,0.0
5486.png,একটা ছেলে ভাঙ্গা ঘরের সামনে একটি পাহাড় আছে।,0.37499999953124996,0.49999999916666665,0.4285714230612245,0.4285714230612245,0.0,0.2857142804081633,0,0,0.48275862068965514,0.2727272724793388
2187904131_96ea83b9b5.jpg,একদল লোক একটি বরফের পাহাড়ে স্কিইং করছে।,0.4285714279591837,0.4285714279591837,0.42857142295918377,0.42857142295918377,0.0,0.42857142295918377,0,0,0.5625,0.2727272724793388
7237.png,একটি শিশু দাড়িয়ে আছে।,0.49999999875,0.14285714275510203,0.22222221851851853,0.22222221851851853,0.0,0.22222221851851853,0,0,0.38095238095238093,0.124999999921875
4837.png,একটি নৌকায় একজন মানুষ আছে।,0.0,0.0,0.0,0.0,0.0,0.0,0,0,0.2647058823529411,0.0
6282.png,একজন বয়স্ক নারী আছে।,0.249999999375,0.3333333322222222,0.28571428000000004,0.28571428000000004,0.0,0.28571428000000004,0,0,0.4,0.16666666638888888
3697378565_7060d9281a.jpg,কয়েকজন মানুষ একটি <unk> <unk> <unk> <unk> <unk> <unk> <unk> <unk> <unk> <unk> <unk> <unk> <unk> <unk> <unk> <unk> <unk> <unk> <unk> <unk> <unk> <unk> <unk> <unk> <unk> <unk> <unk> <unk> <unk> <unk> <unk> <unk> <unk> <unk> <unk> <unk> <unk>,0.0499999999875,0.16666666652777776,0.07692307334319543,0.07692307334319543,0.0,0.07692307334319543,0,0,0.08074534161490687,0.14285714275510203
9041.png,ধান ক্ষেতের পথ ধরে হেটে যাচ্ছে কিছু মানুষ।,0.0,0.0,0.0,0.0,0.0,0.0,0,0,0.25,0.0
3198231851_6b1727482b.jpg,একটি কুকুর একটি বল নিয়ে খেলছে,0.33333333277777777,0.33333333277777777,0.3333333277777778,0.3333333277777778,0.0,0.3333333277777778,0,0,0.40909090909090906,0.2222222219753086
9026.png,জমিতে অনেকগুলো মানুষ কাজ করছে।,0.1999999996,0.3333333322222222,0.24999999468750006,0.24999999468750006,0.0,0.24999999468750006,0,0,0.35,0.14285714265306124
3421480658_b3518b6819.jpg,এক ছোট শিশু একটি <unk> বসে আছে,0.4285714279591837,0.37499999953124996,0.3999999944888889,0.3999999944888889,0.15384614863905344,0.3999999944888889,0,0,0.5,0.24999999979166665
538.png,একজন পুরুষ কাজ করছে।,0.7499999981250001,0.7499999981250001,0.7499999931250001,0.7499999931250001,0.33333332722222225,0.7499999931250001,0,0,0.8666666666666667,0.5999999988
2956895529_ec6275060e.jpg,একজন লোক তার সাইকেল দিয়ে বাতাসে লাফিয়ে কসরত দেখাচ্ছেন,0.3333333329629629,0.5999999988,0.42857142336734694,0.42857142336734694,0.16666666194444454,0.42857142336734694,0,0,0.4864864864864865,0.2727272724793388
6658.png,কিছু ছেলেমেয়ে একসাথে দাড়িয়ে আছে কিছু ছেলেমেয়ে লাইন হয়ে দাড়িয়ে আছে ৮ জন ছেলে দাড়িয়ে আছে কিছু ছেলেমেয়ে লাইন হয়ে দাড়িয়ে আছে ৮ জন ছেলে দাড়িয়ে আছে কিছু ছেলেমেয়ে লাইন হয়ে দাড়িয়ে আছে ৮ জন ছেলে দাড়িয়ে আছে কিছু ছেলেমেয়ে,0.02499999999375,0.12499999984374999,0.04166666387152797,0.04166666387152797,0.0,0.04166666387152797,0,0,0.1594202898550725,0.06666666662222222
431.png,একজন মহিলা একটি দোকানে বসে কথা বলছে।,0.2857142853061225,0.13333333324444444,0.18181817731404967,0.18181817731404967,0.0,0.14285713765306143,0,0,0.43333333333333335,0.09999999995
3085667865_fa001816be.jpg,একজন পুরুষ পানিতে নেমে গোসল করছে।,0.16666666638888888,0.16666666638888888,0.16666666138888903,0.16666666138888903,0.0,0.16666666138888903,0,0,0.4782608695652174,0.09090909082644627
2592019072_a6c0090da4.jpg,একটি মেয়ে দড়িলাফ দিচ্ছে,0.49999999875,0.1999999998,0.28571428122448983,0.28571428122448983,0.0,0.28571428122448983,0,0,0.4736842105263158,0.18181818165289254
434792818_56375e203f.jpg,এক লোক একটি বিশাল প্রতিকৃতি আঁকছেন,0.33333333277777777,0.33333333277777777,0.3333333277777778,0.3333333277777778,0.12499999554687513,0.3333333277777778,0,0,0.3695652173913043,0.1999999998
5496.png,একজন পুরুষ হাতে একটি ক্যামেরা দিয়ে ছবি তুলছে যার পিছনে পাঁট কাঠির দিকে তাকিয়ে আছে।,0.13333333324444444,0.24999999968749997,0.17391303879017025,0.17391303879017025,0.0,0.17391303879017025,0,0,0.2777777777777778,0.09523809519274376
5543.png,কয়েকজন পুরুষ দাড়িয়ে আছে।,0.49999999875,0.6666666644444444,0.5714285648979592,0.5714285648979592,0.0,0.5714285648979592,0,0,0.625,0.3999999992
640203018_c0e7175831.jpg,একটি সাইকেল হাতে একটি সাইকেল চালক একটি <unk> সাইকেল চালাচ্ছে,0.3999999996,0.3636363633057851,0.38095237560090706,0.38095237560090706,0.10526315279778417,0.38095237560090706,0,0,0.5,0.15384615372781063
2949014128_0d96196261.jpg,দুজন ছেলে একটি ফুটবল খেলছে,0.3999999992,0.16666666652777776,0.23529411321799312,0.23529411321799312,0.0,0.23529411321799312,0,0,0.42105263157894735,0.13333333324444444
3155451946_c0862c70cb.jpg,একজন বাস্কেটবল খেলোয়াড় বল হাতে বাস্কেটবল খেলছে,0.4285714279591837,0.3333333329629629,0.374999994609375,0.374999994609375,0.2222222172839507,0.374999994609375,0,0,0.5405405405405406,0.24999999979166665
6035.png,একজন পুরুষ ও দুইটি শিশু আছে।,0.16666666638888888,0.14285714265306124,0.15384614863905344,0.15384614863905344,0.0,0.15384614863905344,0,0,0.34782608695652173,0.08333333326388888
7111.png,একজন পুরুষ বসে আছে।,0.9999999975,0.4444444439506172,0.6153846101775148,0.6153846101775148,0.5454545404958677,0.6153846101775148,0,0,0.4,0.49999999937499995
370713359_7560808550.jpg,একটি টেবিলে একদল লোক বসে আছে,0.33333333277777777,0.3999999992,0.36363635801652905,0.36363635801652905,0.0,0.36363635801652905,0,0,0.38095238095238093,0.2222222219753086
5617.png,পানিতে একজন পুরুষ পানিতে নেমে গোসল করছে।,0.14285714265306124,0.0999999999,0.11764705384083066,0.11764705384083066,0.0,0.11764705384083066,0,0,0.2222222222222222,0.06666666662222222
1418266617_b32143275b.jpg,একটি কুকুর একটি সাদা কুকুরটি দৌড়ে যাচ্ছে,0.571428570612245,0.30769230745562126,0.39999999505,0.39999999505,0.11111110654321005,0.2999999951500001,0,0,0.4642857142857143,0.24999999979166665
3189964753_a95536ced9.jpg,একদল লোক দাঁড়িয়ে আছে,0.249999999375,0.1111111109876543,0.15384614934911253,0.15384614934911253,0.0,0.15384614934911253,0,0,0.33333333333333337,0.08333333326388888
4638.png,একটি পর্যটন এলাকায় কয়েকজন মানুষ দাড়িয়ে আছে।,0.14285714265306124,0.14285714265306124,0.14285713765306143,0.14285713765306143,0.0,0.14285713765306143,0,0,0.29032258064516125,0.08333333326388888
8869.png,একটি সেতু আছে।,0.3333333322222222,0.1999999996,0.24999999468750006,0.24999999468750006,0.0,0.24999999468750006,0,0,0.33333333333333337,0.14285714265306124
6546.png,একটি শিশু দাড়িয়ে আছে।,0.49999999875,0.49999999875,0.4999999937500001,0.4999999937500001,0.33333332722222225,0.4999999937500001,0,0,0.6153846153846154,0.33333333277777777
1248953128_24c9f8d924.jpg,একটি শিশু একটি ফুটবলে লাথি দিচ্ছে,0.16666666638888888,0.12499999984374999,0.1428571377551022,0.1428571377551022,0.0,0.1428571377551022,0,0,0.43333333333333335,0.08333333326388888
3522349685_f046f0e250.jpg,একজন মহিলা এবং একজন মহিলা একটি <unk> <unk>,0.12499999984374999,0.1999999996,0.15384614887573977,0.15384614887573977,0.0,0.15384614887573977,0,0,0.3125,0.1111111109876543
191003285_edd8d0cf58.jpg,এক মহিলা একটি ইটের <unk> বসে আছেন।,0.2857142853061225,0.24999999968749997,0.2666666613333334,0.2666666613333334,0.0,0.2666666613333334,0,0,0.4642857142857143,0.15384615372781063
5812.png,একজন পুরুষ ও একজন মহিলা এবং একজন পুরুষ আছে।,0.2222222219753086,0.33333333277777777,0.2666666615111111,0.2666666615111111,0.0,0.2666666615111111,0,0,0.38235294117647056,0.1999999998
5847.png,একজন লোক একটি <unk>,0.249999999375,0.12499999984374999,0.16666666194444454,0.16666666194444454,0.0,0.16666666194444454,0,0,0.3125,0.09090909082644627
381976882_0063d16d88.jpg,একটি কুকুর একটি কুকুর একটি কুকুর একটি কুকুর একটি কুকুর একটি কুকুর একটি কুকুর একটি কুকুর একটি কুকুর একটি কুকুর একটি কুকুর একটি কুকুর একটি কুকুর একটি কুকুর একটি কুকুর একটি কুকুর একটি কুকুর একটি কুকুর একটি কুকুর একটি কুকুর,0.0499999999875,0.24999999968749997,0.08333333052083343,0.08333333052083343,0.043478258270321514,0.08333333052083343,0,0,0.11949685534591192,0.24999999968749997
8451.png,৩ জন পুরুষ দাড়িয়ে আছে।,0.3999999992,0.6666666644444444,0.49999999406250006,0.49999999406250006,0.0,0.49999999406250006,0,0,0.6,0.33333333277777777
8630.png,একটি গরু আছে।,0.6666666644444444,0.33333333277777777,0.44444443901234576,0.44444443901234576,0.28571428081632655,0.44444443901234576,0,0,0.35,0.2857142853061225
5698.png,একটি শিশু দাড়িয়ে আছে।,0.49999999875,0.49999999875,0.4999999937500001,0.4999999937500001,0.33333332722222225,0.4999999937500001,0,0,0.6923076923076923,0.33333333277777777
146.png,একজন পুরুষ বসে কাজ করছে।,0.3999999992,0.33333333277777777,0.36363635801652905,0.36363635801652905,0.2222222167901236,0.36363635801652905,0,0,0.34782608695652173,0.2222222219753086
6107.png,ভবন দেখা যাচ্ছে।,0.0,0.0,0.0,0.0,0.0,0.0,0,0,0.20833333333333337,0.0
2836325261_a3bf5c59be.jpg,একজন মহিলা এবং একজন মহিলা।,0.3999999992,0.18181818165289254,0.249999995390625,0.249999995390625,0.14285713857142868,0.249999995390625,0,0,0.2702702702702703,0.15384615372781063
3357.png,কয়েকজন মানুষ হেঁটে যাচ্ছে।,0.49999999875,0.49999999875,0.4999999937500001,0.4999999937500001,0.33333332722222225,0.4999999937500001,0,0,0.7058823529411764,0.33333333277777777
1067180831.jpg,কুকুরটি ঘাসের উপর লাফ দিচ্ছে,0.1999999996,0.14285714265306124,0.16666666152777793,0.16666666152777793,0.0,0.16666666152777793,0,0,0.4,0.0999999999
3616846215_d61881b60f.jpg,একজন পুরুষ দাড়িয়ে আছে।,0.249999999375,0.09090909082644627,0.13333332924444455,0.13333332924444455,0.0,0.13333332924444455,0,0,0.3157894736842105,0.07142857137755101
2711720095_0b98426d3c.jpg,একজন পুরুষ ক্যামেরা হাতে নিয়ে দাঁড়িয়ে আছে,0.8571428559183674,0.4999999995833333,0.6315789420498615,0.6315789420498615,0.47058823017301044,0.6315789420498615,0,0,0.5111111111111111,0.46153846118343195
3222842866_cb85243ce4.jpg,একটি কুকুর একটি লাঠি নিয়ে দৌড়াচ্ছে,0.49999999916666665,0.5999999988,0.5454545395041324,0.5454545395041324,0.0,0.5454545395041324,0,0,0.5217391304347826,0.4285714279591837
3496028495_431cfdc042.jpg,একটি কুকুর সাঁতার কাটছে,0.9999999975,0.4444444439506172,0.6153846101775148,0.6153846101775148,0.36363635900826446,0.6153846101775148,0,0,0.46875,0.4444444439506172
3595398879_13e33b8916.jpg,একজন লোক একটি <unk>,0.49999999875,0.18181818165289254,0.26666666240000003,0.26666666240000003,0.0,0.26666666240000003,0,0,0.2666666666666667,0.16666666652777776
6374.png,একজন বাচ্চা মেয়ে হাতে একটি শিশু বসে আছে।,0.24999999968749997,0.49999999875,0.33333332833333335,0.33333332833333335,0.1999999954000001,0.33333332833333335,0,0,0.4642857142857143,0.1999999998
3498240367_cbd8c6efbf.jpg,একজন নারী মুখ দেখা যাচ্ছে,0.1999999996,0.14285714265306124,0.16666666152777793,0.16666666152777793,0.0,0.16666666152777793,0,0,0.30434782608695654,0.09090909082644627
3259757648_71edb4347b.jpg,একটি ধূসর কুকুর একটি ফ্রিসবি ধরার চেষ্টা করছে,0.37499999953124996,0.4285714279591837,0.3999999944888889,0.3999999944888889,0.15384614863905344,0.3999999944888889,0,0,0.5,0.18181818165289254
5096.png,অনেকগুলো মানুষ একসাথে বসে এবং দাড়িয়ে আছে কিছু ছেলেমেয়ে একসাথে দাড়িয়ে আছে এলোমেলো হয়ে।,0.21428571413265304,0.7499999981250001,0.33333332950617284,0.33333332950617284,0.12499999679687505,0.22222221851851853,0,0,0.3090909090909091,0.24999999979166665
965.png,একটি শিশু একটি <unk>,0.249999999375,0.16666666638888888,0.1999999948000001,0.1999999948000001,0.0,0.1999999948000001,0,0,0.33333333333333337,0.12499999984374999
6694.png,একজন লোক একটি <unk>,0.249999999375,0.14285714265306124,0.1818181768595043,0.1818181768595043,0.0,0.1818181768595043,0,0,0.3214285714285714,0.0999999999
9080.png,একজন পুরুষ মানুষ কাজ করছে।,0.0,0.0,0.0,0.0,0.0,0.0,0,0,0.26315789473684215,0.0
8106.png,একজন নারী শুয়ে আছে।,0.249999999375,0.249999999375,0.2499999943750001,0.2499999943750001,0.0,0.2499999943750001,0,0,0.3846153846153846,0.14285714265306124
5779.png,সূর্যাস্তের সময় একজন মানুষ দাড়িয়ে আছে।,0.49999999916666665,0.49999999916666665,0.4999999941666667,0.4999999941666667,0.39999999420000004,0.4999999941666667,0,0,0.6538461538461539,0.3333333329629629
3288839246_fdb00395ae.jpg,এক মেয়ে একটি পাহাড়ে আরোহণ করছে,0.49999999916666665,0.3333333329629629,0.3999999946666667,0.3999999946666667,0.15384614887573977,0.3999999946666667,0,0,0.4358974358974359,0.24999999979166665
3519.png,একজন পুরুষ একজন বাচ্চা কোলে নিয়ে আছে।,0.14285714265306124,0.1999999996,0.16666666152777793,0.16666666152777793,0.0,0.16666666152777793,0,0,0.46153846153846156,0.0999999999
2925577165_b83d31a7f6.jpg,একজন লোক একটি আলোকিত পানির দিকে তাকিয়ে আছে,0.24999999968749997,0.2857142853061225,0.2666666613333334,0.2666666613333334,0.0,0.2666666613333334,0,0,0.38,0.15384615372781063
7926.png,একজন মানুষ দাড়িয়ে আছে।,0.49999999875,0.3999999992,0.4444444385185186,0.4444444385185186,0.0,0.4444444385185186,0,0,0.4736842105263158,0.2857142853061225
3423509305_e399d005db.jpg,একটি ধূসর রঙের একটি ধূসর রঙের একটি ধূসর কুকুর একটি লাঠি ধরে ক্যামেরার দিকে ছুটে চলেছে একটি কুকুর একটি লাঠি ধরে ক্যামেরার দিকে ছুটে চলেছে একটি কুকুর একটি লাঠি ধরে ক্যামেরার দিকে ছুটে চলেছে একটি কুকুর একটি লাঠি ধরে ক্যামেরার,0.099999999975,0.30769230745562126,0.15094339246707023,0.15094339246707023,0.04444444211358036,0.12765957187867819,0,0,0.21568627450980393,0.15789473675900276
617.png,একজন নারী মাথায় বস্তা নিয়ে যাচ্ছে।,0.16666666638888888,0.1999999996,0.1818181765289258,0.1818181765289258,0.0,0.1818181765289258,0,0,0.4545454545454546,0.0999999999
569.png,একজন পুরুষ সাইকেল চালিয়ে যাচ্ছে।,0.3999999992,0.49999999875,0.4444444385185186,0.4444444385185186,0.28571428000000004,0.4444444385185186,0,0,0.6190476190476191,0.2857142853061225
8558.png,একটি পুকুর দেখা যাচ্ছে বনের রাস্তা দিয়ে মাছ ধরছেন।,0.2222222219753086,0.1999999998,0.21052631058171756,0.21052631058171756,0.11764705370242234,0.21052631058171756,0,0,0.48571428571428577,0.11764705875432525
3389.png,অনেকগুলো মানুষ দেখা যাচ্ছে।,0.7499999981250001,0.5999999988,0.6666666602469137,0.6666666602469137,0.28571428000000004,0.6666666602469137,0,0,0.7272727272727273,0.49999999916666665
IMG_5079.JPG,মেয়ে টির হাতে সাদা গাছের পাশে দাড়িয়ে আছে একজন সেজে তাকিয়ে আছে,0.08333333326388888,0.249999999375,0.1249999960937501,0.1249999960937501,0.0,0.1249999960937501,0,0,0.32499999999999996,0.07142857137755101
_MG_3770.JPG,নীল রঙের শার্ট পরা একজন পুরুষ চশমা আছে,0.24999999968749997,0.6666666644444444,0.36363635900826446,0.36363635900826446,0.22222221827160496,0.36363635900826446,0,0,0.31034482758620685,0.2222222219753086
1968.png,চারজন পুরুষ মাথায় ঝাঁকা নিয়ে আছে।,0.33333333277777777,0.49999999875,0.3999999944,0.3999999944,0.0,0.3999999944,0,0,0.47619047619047616,0.24999999968749997
564.png,একজন পুরুষ একটি বন।,0.249999999375,0.16666666638888888,0.1999999948000001,0.1999999948000001,0.0,0.1999999948000001,0,0,0.34782608695652173,0.1111111109876543
2632111399_b3c1630f8e.jpg,একজন ফুটবল খেলোয়াড় বল ধরে আছে,0.33333333277777777,0.2857142853061225,0.3076923022485208,0.3076923022485208,0.0,0.3076923022485208,0,0,0.3913043478260869,0.18181818165289254
2381102729_12fc4d4c76.jpg,একটি কুকুর জলে খেলে,0.49999999875,0.2222222219753086,0.3076923029585799,0.3076923029585799,0.1333333299555556,0.3076923029585799,0,0,0.3793103448275862,0.18181818165289254
1312227131_771b5ed201.jpg,একজন মানুষ আছে।,0.0,0.0,0.0,0.0,0.0,0.0,0,0,0.2272727272727273,0.0
2151056407_c9c09b0a02.jpg,দুটি সাদা কুকুর খেলছে,0.7499999981250001,0.37499999953124996,0.49999999472222234,0.49999999472222234,0.1999999954000001,0.33333332833333335,0,0,0.33333333333333337,0.3333333329629629
342203384_736946961437121_699889236294303292_n.jpg,একজন বয়স্ক বালিকার মুখের সামনে একটি <unk> ভাব নিয়ে দাড়িয়ে আছে একজন একটি <unk> ভাব নিয়ে দাড়িয়ে আছে একজন একটি <unk> ভাব নিয়ে দাড়িয়ে আছে একজন একটি <unk> ভাব নিয়ে দাড়িয়ে আছে একজন একটি <unk> ভাব নিয়ে দাড়িয়ে আছে একজন,0.02499999999375,0.16666666638888888,0.04347825858223074,0.04347825858223074,0.0,0.04347825858223074,0,0,0.15131578947368418,0.0624999999609375
40.JPG,একজন পুরুষ তাকিয়ে আছে।,0.0,0.0,0.0,0.0,0.0,0.0,0,0,0.5333333333333333,0.0
3919.png,একজন নারী একটি শিশু কোলে নিয়ে আছে।,0.4285714279591837,0.5999999988,0.4999999943055557,0.4999999943055557,0.1999999948000001,0.4999999943055557,0,0,0.4642857142857143,0.3333333329629629
3353950389_1153d5e452.jpg,কালো রঙের জামা পরা একজন লোক ছবি তুলছে,0.49999999937499995,0.28571428551020406,0.36363635867768596,0.36363635867768596,0.0999999953500002,0.36363635867768596,0,0,0.4117647058823529,0.2352941175086505
3368671163_0171259581.jpg,একটি কুকুর একটি ফ্রিসবি ধরার চেষ্টা করছে,0.4285714279591837,0.2727272724793388,0.33333332820987654,0.33333332820987654,0.1428571377551022,0.33333332820987654,0,0,0.4545454545454546,0.23076923059171597
1685990174_09c4fb7df8.jpg,একদল লোক একটি <unk>,0.249999999375,0.1999999996,0.2222222167901236,0.2222222167901236,0.0,0.2222222167901236,0,0,0.31999999999999995,0.12499999984374999
130211457_be3f6b335d.jpg,লাল রঙের জামা পরিহিত দুইজন মেয়ে,0.16666666638888888,0.14285714265306124,0.15384614863905344,0.15384614863905344,0.0,0.15384614863905344,0,0,0.27586206896551724,0.08333333326388888
2315867011_fc5fc9fa6d.jpg,একটি ছোট ছেলে একটি ছোট ছেলে একটি লাল রঙের জামা পরে একটি ছোট ছেলে একটি লাল রঙের জামা পরে একটি ছোট ছেলে একটি লাল রঙের জামা পরে একটি ছোট ছেলে একটি লাল রঙের জামা পরে একটি ছোট ছেলে একটি লাল,0.02499999999375,0.1111111109876543,0.04081632351520222,0.04081632351520222,0.0,0.04081632351520222,0,0,0.17164179104477617,0.06666666662222222
2654.png,একজন ছোট ছেলে হাসি লেগে আছে।,0.33333333277777777,0.2222222219753086,0.2666666615111111,0.2666666615111111,0.0,0.2666666615111111,0,0,0.40740740740740744,0.15384615372781063
4423.png,একটি <unk> একটি <unk> গাড়ির সাথে হাতে নিয়ে রাস্তায় মিছিল করছে।,0.09090909082644627,0.1111111109876543,0.09999999495000023,0.09999999495000023,0.0,0.09999999495000023,0,0,0.3902439024390244,0.05882352937716263
6530.png,একজন মানুষ দাড়িয়ে আছে।,0.249999999375,0.249999999375,0.2499999943750001,0.2499999943750001,0.0,0.2499999943750001,0,0,0.5333333333333333,0.14285714265306124
7895.png,একজন পুরুষ ও একজন পুরুষ ও একজন পুরুষ ও একজন পুরুষ ও একজন পুরুষ ও একজন পুরুষ ও একজন পুরুষ ও একজন পুরুষ ও একজন পুরুষ ও একজন পুরুষ ও একজন পুরুষ ও একজন পুরুষ ও একজন পুরুষ ও একজন,0.07499999998125,0.49999999916666665,0.1304347802835539,0.1304347802835539,0.09090908885330583,0.1304347802835539,0,0,0.24489795918367352,0.49999999916666665
6605.png,দুইজন পুরুষ ও ডানপাশের লোকের সাথে দুইজন লোক দাড়িয়ে আছে,0.1999999998,0.33333333277777777,0.24999999500000003,0.24999999500000003,0.0,0.24999999500000003,0,0,0.4473684210526315,0.15384615372781063
3179.png,একজন পুরুষ ও একজন পুরুষ আছে।,0.16666666638888888,0.07692307686390532,0.10526315346260404,0.10526315346260404,0.0,0.10526315346260404,0,0,0.42307692307692313,0.0624999999609375
9039.png,সমুদ্রের পারে একজন মানুষ দাড়িয়ে আছে।,0.49999999916666665,0.5999999988,0.5454545395041324,0.5454545395041324,0.2222222167901236,0.5454545395041324,0,0,0.625,0.37499999953124996
5669.png,কয়েকজন পুরুষ একসাথে দাড়িয়ে আছে এবং একজন পুরুষ একসাথে দাড়িয়ে আছে এবং একজন পুরুষ একসাথে দাড়িয়ে আছে এবং একজন পুরুষ একসাথে দাড়িয়ে আছে এবং একজন পুরুষ একসাথে দাড়িয়ে আছে এবং একজন পুরুষ একসাথে দাড়িয়ে আছে এবং একজন পুরুষ একসাথে দাড়িয়ে,0.0499999999875,0.49999999875,0.09090908921487605,0.09090908921487605,0.0,0.09090908921487605,0,0,0.16666666666666663,0.2222222219753086
3324746155_71e14f60ce.jpg,একটি শিশু একটি ফুটবল খেলছে,0.3999999992,0.2222222219753086,0.2857142807142858,0.2857142807142858,0.16666666194444454,0.2857142807142858,0,0,0.4545454545454546,0.18181818165289254
894.png,একজন পুরুষ ও একজন নারী দাড়িয়ে আছে।,0.9999999985714286,0.5833333328472222,0.7368420998337951,0.7368420998337951,0.7058823475432526,0.7368420998337951,0,0,0.5555555555555556,0.6666666659259258
6226.png,একটি শিশু হেঁটে যাচ্ছে।,0.249999999375,0.12499999984374999,0.16666666194444454,0.16666666194444454,0.0,0.16666666194444454,0,0,0.25806451612903225,0.09090909082644627
1244306891_8e78ae1620.jpg,সাঁতারের স্যুটটিতে থাকা তিনটি মেয়ে সাঁতারের স্যুটে একটি যুবতী বিকিনি পরা একটি বিকিনি পরা একটি বিকিনি পরা একটি বিকিনি পরা একটি বিকিনি পরা একটি বিকিনি পরা একটি বিকিনি পরা একটি বিকিনি পরা একটি বিকিনি পরা একটি বিকিনি পরা একটি বিকিনি,0.02499999999375,0.1999999996,0.0444444424493828,0.0444444424493828,0.0,0.0444444424493828,0,0,0.11920529801324509,0.07142857137755101
6945.png,একটি শিশু হাতে আমের করে আছে।,0.33333333277777777,0.49999999875,0.3999999944,0.3999999944,0.24999999468750006,0.3999999944,0,0,0.4736842105263158,0.24999999968749997
1363843090_9425d93064.jpg,একটি কালো কুকুর একটি ছোট সাদা কুকুর একটি ছোট সাদা কুকুর একটি ছোট সাদা কুকুর একটি ছোট সাদা কুকুর একটি ছোট সাদা কুকুর একটি ছোট সাদা কুকুর একটি ছোট সাদা কুকুর একটি ছোট সাদা কুকুর একটি ছোট সাদা কুকুর একটি,0.099999999975,0.3999999996,0.15999999673600007,0.15999999673600007,0.0833333302517362,0.15999999673600007,0,0,0.23571428571428577,0.29999999969999996
4012.png,একটা ছেলে একটি <unk> খেলছেন।,0.3999999992,0.2857142853061225,0.33333332791666676,0.33333332791666676,0.0,0.16666666152777793,0,0,0.42307692307692313,0.1999999998
2244613488_4d1f9edb33.jpg,একদল লোক পর্বতের তলায় চড়ে পাহাড়ের নিচে সাইকেল চালায়।,0.2222222219753086,0.33333333277777777,0.2666666615111111,0.2666666615111111,0.0,0.2666666615111111,0,0,0.3513513513513513,0.15384615372781063
6072.png,বনের মধ্যে কয়েকজন মানুষ আছে।,0.5999999988,0.49999999916666665,0.5454545395041324,0.5454545395041324,0.4444444385185186,0.5454545395041324,0,0,0.6363636363636364,0.37499999953124996
3395173129_f0ac0a1ed4.jpg,দুজন লোক একটি দম্পতি একটি দম্পতি একটি দম্পতি একটি দম্পতি একটি দম্পতি একটি দম্পতি একটি দম্পতি একটি দম্পতি একটি দম্পতি একটি দম্পতি একটি দম্পতি একটি দম্পতি একটি দম্পতি একটি দম্পতি একটি দম্পতি একটি দম্পতি একটি দম্পতি একটি দম্পতি একটি দম্পতি,0.0499999999875,0.2857142853061225,0.08510638040742426,0.08510638040742426,0.04444444211358036,0.08510638040742426,0,0,0.14124293785310738,0.2222222219753086
1798209205_77dbf525b0.jpg,একজন মহিলা একটি টেবিল এ বসে আছে,0.2857142853061225,0.3999999992,0.33333332791666676,0.33333332791666676,0.1999999948000001,0.33333332791666676,0,0,0.375,0.1999999998
5661.png,একটি দোকানের ভিতর একজন লোক একটি দোকানের ভিতর দাড়িয়ে আছে।,0.0999999999,0.3333333322222222,0.15384615005917168,0.15384615005917168,0.0,0.15384615005917168,0,0,0.30000000000000004,0.1111111109876543
2613920405_e91e6ebd7a.jpg,একজন পুরুষ ও দুইটি গরু আছে।,0.33333333277777777,0.2222222219753086,0.2666666615111111,0.2666666615111111,0.0,0.2666666615111111,0,0,0.3548387096774194,0.15384615372781063
7940.png,দূরে একটি বট গাছ ও পাশে একটি বট গাছ ও পাশে একটি বট গাছ ও পাশে একটি বট গাছ ও পাশে একটি বট গাছ ও পাশে একটি বট গাছ ও পাশে একটি বট গাছ ও পাশে একটি বট গাছ ও,0.02499999999375,0.16666666638888888,0.04347825858223074,0.04347825858223074,0.0,0.04347825858223074,0,0,0.2184873949579832,0.09090909082644627
4074.png,একটি শিশু তাকিয়ে আছে,0.49999999875,0.33333333277777777,0.3999999944,0.3999999944,0.24999999468750006,0.3999999944,0,0,0.42105263157894735,0.24999999968749997
808.png,কয়েকজন পুরুষ দাড়িয়ে আছে।,0.249999999375,0.16666666638888888,0.1999999948000001,0.1999999948000001,0.0,0.1999999948000001,0,0,0.42105263157894735,0.1111111109876543
8737.png,এক লোক একটি <unk> ঘিরে রয়েছে,0.0,0.0,0.0,0.0,0.0,0.0,0,0,0.31818181818181823,0.0
536537638_f5ee42410b.jpg,লাল রঙের পোশাক পরিহিত একজন লোক একটি বিশাল ভিড় <unk>,0.1999999998,0.2857142853061225,0.23529411252595167,0.23529411252595167,0.11764705370242234,0.23529411252595167,0,0,0.4883720930232558,0.13333333324444444
3068735836_872fba3068.jpg,একদল লোক একটি <unk> রাস্তা পার হওয়ার জন্য অপেক্ষা করছেন,0.29999999969999996,0.29999999969999996,0.29999999470000005,0.29999999470000005,0.11111110598765454,0.19999999480000014,0,0,0.3902439024390244,0.1874999998828125
6695.png,একটি পরিবার একটি <unk> একটি <unk> একটি <unk> একটি <unk> একটি <unk> একটি <unk> একটি <unk> একটি <unk> একটি <unk> একটি <unk> একটি <unk> একটি <unk> একটি <unk> একটি <unk> একটি <unk> একটি <unk> একটি <unk> একটি <unk> একটি <unk>,0.02499999999375,0.05555555552469135,0.03448275432818127,0.03448275432818127,0.0,0.03448275432818127,0,0,0.18125000000000002,0.05882352937716263
1633.png,একজন নারী ও দুইটি শিশু আছে।,0.16666666638888888,0.249999999375,0.1999999948000001,0.1999999948000001,0.0,0.1999999948000001,0,0,0.42105263157894735,0.1111111109876543
3164347907_2813f8ff0b.jpg,একজন লোক একটি <unk> <unk> ধরে আছে,0.2857142853061225,0.24999999968749997,0.2666666613333334,0.2666666613333334,0.0,0.2666666613333334,0,0,0.5357142857142857,0.16666666652777776
2578.png,একজন পুরুষ ও কয়েকটি গরু আছে।,0.49999999916666665,0.49999999916666665,0.4999999941666667,0.4999999941666667,0.19999999460000012,0.4999999941666667,0,0,0.5909090909090908,0.3333333329629629
3237760601_5334f3f3b5.jpg,একজন ওয়েকবোর্ডার বাতাসে ভাসছে,0.49999999875,0.6666666644444444,0.5714285648979592,0.5714285648979592,0.0,0.5714285648979592,0,0,0.55,0.3999999992
541.png,একজন পুরুষ একটি নৌকা চালাচ্ছে আর একজন মানুষ আছে।,0.5555555549382716,0.3571428568877551,0.4347826035538753,0.4347826035538753,0.09523809043083924,0.3478260818903592,0,0,0.40384615384615385,0.24999999984375
4118.png,একজন ছোট মেয়ে মাথায় ফুল নিয়ে দাড়িয়ে তাকিয়ে আছে।,0.3333333329629629,0.4285714279591837,0.374999994609375,0.374999994609375,0.11764705370242234,0.374999994609375,0,0,0.5588235294117647,0.23076923059171597
460478198_83039f2593.jpg,একটি কুকুর পানির পাশে বালির মধ্যে একটি সৈকতে লাফ দিচ্ছে,0.29999999969999996,0.5999999988,0.39999999502222217,0.39999999502222217,0.15384614934911253,0.39999999502222217,0,0,0.5675675675675675,0.2727272724793388
741.png,একজন বৃদ্ধ লোক চেয়ারে বসে আছে,0.33333333277777777,0.2857142853061225,0.3076923022485208,0.3076923022485208,0.0,0.3076923022485208,0,0,0.5652173913043479,0.18181818165289254
2183227136_8bb657846b.jpg,একজন মানুষ দাড়িয়ে আছে।,0.249999999375,0.16666666638888888,0.1999999948000001,0.1999999948000001,0.0,0.1999999948000001,0,0,0.24,0.1111111109876543
5405.png,রাস্তা দিয়ে একজন পুরুষ হেঁটে যাচ্ছে।,0.49999999916666665,0.29999999969999996,0.37499999484375,0.37499999484375,0.19999999460000012,0.37499999484375,0,0,0.6,0.23076923059171597
6930.png,একজন পুরুষ একটি মাটির ঘরের সামনে একটি মাটির ঘরের সামনে একটি মাটির ঘরের সামনে একটি মাটির ঘরের সামনে একটি মাটির ঘরের সামনে একটি মাটির ঘরের সামনে একটি মাটির ঘরের সামনে একটি মাটির ঘরের সামনে একটি মাটির ঘরের সামনে একটি মাটির,0.0499999999875,0.33333333277777777,0.08695651943289232,0.08695651943289232,0.045454543419421574,0.08695651943289232,0,0,0.15000000000000002,0.2222222219753086
374103842_17873ce505.jpg,একজন লোক একটি <unk> সামনে দাঁড়িয়ে আছে,0.4285714279591837,0.2727272724793388,0.33333332820987654,0.33333332820987654,0.24999999500000003,0.33333332820987654,0,0,0.46153846153846156,0.19999999986666667
2865564810_5c63328cd4.jpg,একজন স্কেটবোর্ডার ঢালু কাঠামোর উপর লাফ দিচ্ছে,0.14285714265306124,0.12499999984374999,0.13333332817777796,0.13333332817777796,0.0,0.13333332817777796,0,0,0.3142857142857143,0.07142857137755101
172092461_a9a9762e13.jpg,একজন লোক পানিতে বোর্ডিং করছে,0.3999999992,0.24999999968749997,0.3076923024852071,0.3076923024852071,0.1818181768595043,0.3076923024852071,0,0,0.5789473684210527,0.18181818165289254
468102269_135938e209.jpg,একজন নারী এবং কালো পোশাক পরা এক নারী,0.12499999984374999,0.1999999996,0.15384614887573977,0.15384614887573977,0.0,0.15384614887573977,0,0,0.2857142857142857,0.09090909082644627
7226.png,একটি মঞ্চে দাড়িয়ে আছে কিছু মানুষ দাড়িয়ে আছে।,0.37499999953124996,0.4285714279591837,0.3999999944888889,0.3999999944888889,0.0,0.3999999944888889,0,0,0.5,0.2727272724793388
3159641529_c2c74f3eaf.jpg,একটি সাদা কুকুর ঘাসের মধ্যে দৌড়াচ্ছে,0.6666666655555555,0.4444444439506172,0.5333333278222222,0.5333333278222222,0.3076923024852071,0.5333333278222222,0,0,0.59375,0.3636363633057851
2171576939_d1e72daab2.jpg,একটি শিশু একটি ছোট ছেলেকে নিয়ে দাঁড়িয়ে আছে,0.24999999968749997,0.2222222219753086,0.23529411238754333,0.23529411238754333,0.13333332817777796,0.23529411238754333,0,0,0.5,0.15384615372781063
3188044631_ca3a9cc737.jpg,একটি বিশাল কক্ষে এক মহিলা একটি বৃহত কাঠের দোকানের সামনে ছবি তুলছে,0.24999999979166665,0.29999999969999996,0.2727272675206612,0.2727272675206612,0.0,0.2727272675206612,0,0,0.3695652173913043,0.14285714278911565
5744.png,একজন পুরুষ পানিতে নেমে শাপলা তুলে দিচ্ছে।,0.14285714265306124,0.0999999999,0.11764705384083066,0.11764705384083066,0.0,0.11764705384083066,0,0,0.3870967741935484,0.0624999999609375
380034515_4fbdfa6b26.jpg,একটি কুকুর একটি বার এর উপর লাফ দিচ্ছে,0.24999999968749997,0.6666666644444444,0.36363635900826446,0.36363635900826446,0.22222221827160496,0.36363635900826446,0,0,0.46341463414634143,0.24999999968749997
3622929632_26fb800000.jpg,একটি কুকুর একটি লাঠি ধরে আছে,0.8333333319444445,0.6249999992187499,0.7142857083673471,0.7142857083673471,0.33333332791666676,0.7142857083673471,0,0,0.6428571428571428,0.49999999937499995
7239.png,একটি নৌকা দিয়ে নৌকা থেকে নেমে যাচ্ছে।,0.14285714265306124,0.0999999999,0.11764705384083066,0.11764705384083066,0.0,0.11764705384083066,0,0,0.40909090909090906,0.07142857137755101
1689.png,কয়েকজন পুরুষ আছে।,0.6666666644444444,0.1999999998,0.3076923036686391,0.3076923036686391,0.0,0.3076923036686391,0,0,0.23684210526315785,0.2222222219753086
1565.png,একটি লোক স্টিলের দন্ডের উপর দিয়ে যাচ্ছে,0.14285714265306124,0.14285714265306124,0.14285713765306143,0.14285713765306143,0.0,0.14285713765306143,0,0,0.4814814814814815,0.07692307686390532
2533424347_cf2f84872b.jpg,একটি রেসিং কারের সাথে একজন লোক রেসিং করছে।,0.24999999968749997,0.2222222219753086,0.23529411238754333,0.23529411238754333,0.0,0.23529411238754333,0,0,0.40625,0.15384615372781063
7523.png,একটি ফুটবল খেলা খেলছে।,0.49999999875,0.49999999875,0.4999999937500001,0.4999999937500001,0.0,0.4999999937500001,0,0,0.4117647058823529,0.33333333277777777
8455.png,সূর্যাস্তের সময় একটা নৌকায় একজন পুরুষ।,0.33333333277777777,0.3999999992,0.36363635801652905,0.36363635801652905,0.2222222167901236,0.36363635801652905,0,0,0.5925925925925926,0.2222222219753086
6371.png,সমুদ্রের পারে একজন পুরুষ দাড়িয়ে আছে একজন পুরুষ এবং একজন পুরুষ দাড়িয়ে আছে একজন পুরুষ এবং একজন পুরুষ দাড়িয়ে আছে একজন পুরুষ এবং একজন পুরুষ দাড়িয়ে আছে একজন পুরুষ এবং একজন পুরুষ দাড়িয়ে আছে একজন পুরুষ এবং একজন পুরুষ দাড়িয়ে,0.07499999998125,0.19999999986666667,0.10909090508429765,0.10909090508429765,0.0,0.10909090508429765,0,0,0.26708074534161486,0.16666666657407406
3024172109_a10198e1dd.jpg,একজন স্কেটবোর্ডার একটি স্কেটবোর্ডে চড়ে একটি স্কেটবোর্ডে চড়ে একটি স্কেটবোর্ডে চড়ে একটি স্কেটবোর্ডে চড়ে একটি স্কেটবোর্ডে চড়ে একটি স্কেটবোর্ডে চড়ে একটি স্কেটবোর্ডে চড়ে একটি স্কেটবোর্ডে চড়ে একটি স্কেটবোর্ডে চড়ে একটি স্কেটবোর্ডে চড়ে একটি স্কেটবোর্ডে চড়ে একটি স্কেটবোর্ডে চড়ে একটি স্কেটবোর্ডে,0.0499999999875,0.18181818165289254,0.07843136913494825,0.07843136913494825,0.0,0.07843136913494825,0,0,0.1518324607329843,0.12499999984374999
799486353_f665d7b0f0.jpg,একটি মেয়ে পানিতে শুয়ে আছে,0.1999999996,0.1111111109876543,0.14285713806122466,0.14285713806122466,0.0,0.14285713806122466,0,0,0.28,0.07692307686390532
DSC_1209.JPG,সামনে তাকিয়ে আছে,0.3333333322222222,0.3333333322222222,0.33333332722222225,0.33333332722222225,0.0,0.33333332722222225,0,0,0.4375,0.1999999996
7838.png,একটি নৌকায় দুইজন মানুষ আছে।,0.5999999988,0.2727272724793388,0.374999995234375,0.374999995234375,0.14285713857142868,0.374999995234375,0,0,0.4,0.2727272724793388
181777261_84c48b31cb.jpg,কয়েকজন মানুষ দেখা যাচ্ছে।,0.249999999375,0.16666666638888888,0.1999999948000001,0.1999999948000001,0.0,0.1999999948000001,0,0,0.3214285714285714,0.1111111109876543
211981411_e88b8043c2.jpg,একটি সাদা কুকুর একটি পথ ধরে হাঁটছে,0.14285714265306124,0.249999999375,0.1818181768595043,0.1818181768595043,0.0,0.1818181768595043,0,0,0.3571428571428571,0.1111111109876543
5510.png,কয়েকজন মানুষ আছে।,0.3333333322222222,0.16666666638888888,0.2222222172839507,0.2222222172839507,0.0,0.2222222172839507,0,0,0.30000000000000004,0.12499999984374999
976392326_082dafc3c5.jpg,একজন লোক একটি পাথুরে পাহাড় বেয়ে উঠার চেষ্টা করছে,0.2222222219753086,0.24999999968749997,0.23529411238754333,0.23529411238754333,0.13333332817777796,0.23529411238754333,0,0,0.4117647058823529,0.13333333324444444
5794.png,লোক টি <unk>,0.3333333322222222,0.12499999984374999,0.18181817752066123,0.18181817752066123,0.0,0.18181817752066123,0,0,0.24137931034482762,0.0999999999
119082045.jpg,এক নারী দোকানের সামনে একটি দোকানের সামনে একটি দোকানের সামনে একটি দোকানের সামনে একটি দোকানের সামনে একটি দোকানের সামনে একটি দোকানের সামনে একটি দোকানের সামনে একটি দোকানের সামনে একটি দোকানের সামনে একটি দোকানের সামনে একটি দোকানের সামনে একটি দোকানের সামনে,0.0499999999875,0.16666666652777776,0.07692307334319543,0.07692307334319543,0.0,0.07692307334319543,0,0,0.22352941176470587,0.13333333324444444
3794.png,একজন লোক মাথায় তালের <unk>,0.3999999992,0.33333333277777777,0.36363635801652905,0.36363635801652905,0.0,0.36363635801652905,0,0,0.4285714285714286,0.2222222219753086
8570.png,একজন পুরুষ ও কয়েকজন মানুষ দাড়িয়ে আছে।,0.14285714265306124,0.249999999375,0.1818181768595043,0.1818181768595043,0.0,0.1818181768595043,0,0,0.33333333333333337,0.0999999999
3341782693_426bf7139b.jpg,একটি ছেলে পানিতে খেলে,0.249999999375,0.16666666638888888,0.1999999948000001,0.1999999948000001,0.0,0.1999999948000001,0,0,0.28,0.1111111109876543
3647693147_0d0434351b.jpg,একটি শিশু আছে।,0.3333333322222222,0.16666666638888888,0.2222222172839507,0.2222222172839507,0.0,0.2222222172839507,0,0,0.30000000000000004,0.12499999984374999
1540631615_8b42c1b160.jpg,একটি ফুটবল খেলোয়াড় একটি লাল রঙের <unk>,0.4285714279591837,0.2727272724793388,0.33333332820987654,0.33333332820987654,0.0,0.22222221722222232,0,0,0.25,0.14285714275510203
165.png,একজন পুরুষ জাল দিয়ে মাছ নামাচ্ছে আর তার পিছনে অনেকগুলো বাঁশ নিয়ে যাচ্ছে।,0.07692307686390532,0.12499999984374999,0.09523809043083924,0.09523809043083924,0.0,0.09523809043083924,0,0,0.35416666666666663,0.049999999975
780.png,একটি হামিংবার্ড,0.0,0.0,0.0,0.0,0.0,0.0,0,0,0.1515151515151515,0.0
2081615901_13092cac56.jpg,দুটি শিশু একটি বেড়া দিয়ে খেলছে,0.49999999916666665,0.37499999953124996,0.4285714230612245,0.4285714230612245,0.33333332791666676,0.4285714230612245,0,0,0.4516129032258065,0.2727272724793388
4898.png,জলাশয় ও ভবন আছে।,0.49999999875,0.6666666644444444,0.5714285648979592,0.5714285648979592,0.0,0.5714285648979592,0,0,0.3076923076923077,0.3999999992
1259627071.jpg,কিছু ছেলে একটি মাঠে দাঁড়িয়ে আছে।,0.33333333277777777,0.49999999875,0.3999999944,0.3999999944,0.24999999468750006,0.3999999944,0,0,0.368421052631579,0.24999999968749997
4780.png,একটি শিশু আবর্জনার স্তূপের উপর বসে আছে,0.14285714265306124,0.1999999996,0.16666666152777793,0.16666666152777793,0.0,0.16666666152777793,0,0,0.3571428571428571,0.09090909082644627
90.png,একটি নৌকায় কয়েকজন মানুষ বসে আছে।,0.33333333277777777,0.1999999998,0.24999999500000003,0.24999999500000003,0.0,0.24999999500000003,0,0,0.29729729729729726,0.14285714275510203
815.png,কয়েকজন মানুষ আছে।,0.6666666644444444,0.3999999992,0.49999999406250006,0.49999999406250006,0.0,0.49999999406250006,0,0,0.5882352941176471,0.33333333277777777
2219805677_7b7cc188c7.jpg,একটি তামাটে কুকুর লাঠি নিয়ে দৌড়াচ্ছে,0.33333333277777777,0.33333333277777777,0.3333333277777778,0.3333333277777778,0.0,0.3333333277777778,0,0,0.46153846153846156,0.1999999998
1674612291_7154c5ab61.jpg,একটি সাদা কুকুর দৌড়াচ্ছে,0.49999999875,0.33333333277777777,0.3999999944,0.3999999944,0.0,0.3999999944,0,0,0.31818181818181823,0.24999999968749997
427683329_95d510a087.jpg,সানগ্লাস পরনে চশমা পরিহিত একজন মহিলা একটি সাদা চুলের একজন মহিলা চুম্বন করছেন,0.3846153843195266,0.3333333331111111,0.35714285191326534,0.35714285191326534,0.07999999494400031,0.29629629108367633,0,0,0.39344262295081966,0.23809523798185941
7849.png,সমুদ্রের পারে কয়েকজন মানুষ দাড়িয়ে আছে।,0.16666666638888888,0.08333333326388888,0.11111110654321005,0.11111110654321005,0.0,0.11111110654321005,0,0,0.28,0.05882352937716263
2215.png,একজন পুরুষ মাথায় বস্তা নিয়ে দাড়িয়ে আছে।,0.2857142853061225,0.3999999992,0.33333332791666676,0.33333332791666676,0.0,0.33333332791666676,0,0,0.42307692307692313,0.1999999998
4108.png,নীল রঙের শার্ট পরা,0.0,0.0,0.0,0.0,0.0,0.0,0,0,0.25,0.0
5182.png,একজন পুরুষ দাড়িয়ে আছে।,0.9999999975,0.6666666655555555,0.7999999936,0.7999999936,0.49999999406250006,0.7999999936,0,0,0.7142857142857143,0.6666666655555555
1623.png,কয়েকজন পুরুষ দাড়িয়ে আছে।,0.249999999375,0.09090909082644627,0.13333332924444455,0.13333332924444455,0.0,0.13333332924444455,0,0,0.37142857142857144,0.07142857137755101
6381.png,একজন পুরুষ মাথার উপর উঠে আছে।,0.16666666638888888,0.3333333322222222,0.2222222172839507,0.2222222172839507,0.0,0.2222222172839507,0,0,0.2727272727272727,0.12499999984374999
2049646140_d0de01e3c4.jpg,একটি শিশু একটি <unk> উপর দিয়ে লাফ দিচ্ছে,0.24999999968749997,0.49999999875,0.33333332833333335,0.33333332833333335,0.1999999954000001,0.33333332833333335,0,0,0.3571428571428571,0.2222222219753086
360.png,একজন পুরুষ হেঁটে যাচ্ছে।,0.249999999375,0.1999999996,0.2222222167901236,0.2222222167901236,0.0,0.2222222167901236,0,0,0.5555555555555556,0.12499999984374999
7929.png,একজন পুরুষ বসে আছে।,0.249999999375,0.249999999375,0.2499999943750001,0.2499999943750001,0.0,0.2499999943750001,0,0,0.5,0.14285714265306124
3611603026_9112b0c53f.jpg,এক নারী একটি এশিয়ান মহিলারা।,0.1999999996,0.12499999984374999,0.15384614887573977,0.15384614887573977,0.0,0.15384614887573977,0,0,0.32258064516129037,0.08333333326388888
2094323311_27d58b1513.jpg,একটি কুকুর তার কুকুরের সাথে খেলছে,0.33333333277777777,0.24999999968749997,0.2857142804081633,0.2857142804081633,0.16666666152777793,0.2857142804081633,0,0,0.5357142857142857,0.16666666652777776
2887614578_ed7ba21775.jpg,একটি কুকুর ঘাসের উপর শুয়ে আছে,0.49999999916666665,0.5999999988,0.5454545395041324,0.5454545395041324,0.4444444385185186,0.5454545395041324,0,0,0.7142857142857143,0.37499999953124996
6136.png,একজন পুরুষ মাথায় কলশী নিয়ে দাড়িয়ে আছে।,0.4285714279591837,0.4285714279591837,0.42857142295918377,0.42857142295918377,0.16666666138888903,0.42857142295918377,0,0,0.6153846153846154,0.2727272724793388
4792.png,৩ জন পুরুষ হাতে একটি গাছের সামনে দাড়িয়ে আছে যার একজন পুরুষ দাড়িয়ে আছে।,0.21428571413265304,0.5999999988,0.3157894694736842,0.3157894694736842,0.11764705508650528,0.3157894694736842,0,0,0.30612244897959184,0.21428571413265304
3050650135_23f9d9d2f8.jpg,একজন ফুটবল খেলোয়াড় একটি গেম <unk> <unk> <unk> <unk> <unk> <unk> <unk> <unk> <unk> <unk> <unk> <unk> <unk> <unk> <unk> <unk> <unk> <unk> <unk> <unk> <unk> <unk> <unk> <unk> <unk> <unk> <unk> <unk> <unk> <unk> <unk> <unk> <unk> <unk> <unk>,0.0499999999875,0.2857142853061225,0.08510638040742426,0.08510638040742426,0.0,0.08510638040742426,0,0,0.1428571428571429,0.18181818165289254
486720042_b785e7f88c.jpg,একটি কালো কুকুর একটি কালো কুকুর দৌড়াচ্ছে,0.571428570612245,0.24999999984375,0.3478260824196598,0.3478260824196598,0.11764705411764723,0.3478260824196598,0,0,0.4130434782608695,0.19999999986666667
2302516347_26054442f9.jpg,একজন লোক একটি <unk> <unk> দেখছে,0.49999999916666665,0.37499999953124996,0.4285714230612245,0.4285714230612245,0.16666666152777793,0.31578946903047095,0,0,0.5185185185185186,0.21428571413265304
4696.png,একজন পুরুষ ও মহিলা একটি গাছের নিচে দাড়িয়ে আছে,0.3333333329629629,0.7499999981250001,0.4615384565680474,0.4615384565680474,0.18181817752066123,0.4615384565680474,0,0,0.46875,0.29999999969999996
2273591668_069dcb4641.jpg,দুটি ধূসর কুকুর একটি ঝোপের মধ্যে একটি ঝোপের মধ্যে একটি ঝোপের মধ্যে একটি ঝোপের মধ্যে একটি ঝোপের মধ্যে একটি ঝোপের মধ্যে একটি ঝোপের মধ্যে একটি ঝোপের মধ্যে একটি ঝোপের মধ্যে একটি ঝোপের মধ্যে একটি ঝোপের মধ্যে একটি ঝোপের মধ্যে একটি,0.099999999975,0.4444444439506172,0.1632653030570596,0.1632653030570596,0.0851063801177004,0.1632653030570596,0,0,0.2784810126582279,0.3636363633057851
2732625904_4fbb653434.jpg,একজন পুরুষ একটি সাইকেল চালাচ্ছে,0.5999999988,0.37499999953124996,0.46153845609467453,0.46153845609467453,0.2222222167901236,0.46153845609467453,0,0,0.6818181818181819,0.29999999969999996
2873837796_543e415e98.jpg,একটি কালো কুকুর একটি ছোট কুকুরকে শুঁকছে,0.4285714279591837,0.37499999953124996,0.3999999944888889,0.3999999944888889,0.15384614863905344,0.3999999944888889,0,0,0.5,0.2727272724793388
950273886_88c324e663.jpg,এক ব্যক্তি একটি পাথরের উপর আরোহণ করছে,0.2857142853061225,0.2222222219753086,0.24999999476562512,0.24999999476562512,0.0,0.24999999476562512,0,0,0.4482758620689655,0.14285714275510203
812.png,কয়েকজন পুরুষ দাড়িয়ে আছে।,0.7499999981250001,0.4285714279591837,0.5454545398347109,0.5454545398347109,0.33333332722222225,0.5454545398347109,0,0,0.625,0.37499999953124996
1797507760_384744fb34.jpg,তিনজন লোক একটি ছোট ছেলে একটি ছোট ছেলে একটি ছোট ছেলে একটি ছোট ছেলে একটি ছোট ছেলে একটি ছোট ছেলে একটি ছোট ছেলে একটি ছোট ছেলে একটি ছোট ছেলে একটি ছোট ছেলে একটি ছোট ছেলে একটি ছোট ছেলে একটি ছোট,0.0499999999875,0.24999999968749997,0.08333333052083343,0.08333333052083343,0.043478258270321514,0.08333333052083343,0,0,0.12686567164179108,0.18181818165289254
1248940539_46d33ed487.jpg,একটি ছোট মেয়ে সৈকতে খেলছে,0.3999999992,0.3999999992,0.39999999420000004,0.39999999420000004,0.2499999943750001,0.39999999420000004,0,0,0.4347826086956522,0.24999999968749997
3666188047_e81e1d97a7.jpg,একটি ছোট ছেলে একটি <unk> খাচ্ছে,0.6666666655555555,0.49999999937499995,0.5714285657142858,0.5714285657142858,0.4999999943055557,0.5714285657142858,0,0,0.6296296296296297,0.3333333329629629
3048.png,একজন পুরুষ দুইটি গরু দিয়ে জমিতে কাজ করছে।,0.6249999992187499,0.7142857132653061,0.6666666608,0.6666666608,0.6153846094674558,0.6666666608,0,0,0.7241379310344828,0.49999999949999996
242.png,নদীতে নৌকা আছে।,0.0,0.0,0.0,0.0,0.0,0.0,0,0,0.23809523809523814,0.0
3370.png,একজন পুরুষ দাড়িয়ে আছে।,0.49999999875,0.49999999875,0.4999999937500001,0.4999999937500001,0.33333332722222225,0.4999999937500001,0,0,0.6666666666666667,0.33333333277777777
516725192_c9cdd63878.jpg,একজন লোক সমুদ্রের দিকে একটি পাখি নিয়ে,0.14285714265306124,0.14285714265306124,0.14285713765306143,0.14285713765306143,0.0,0.14285713765306143,0,0,0.4242424242424242,0.07692307686390532
107318069_e9f2ef32de.jpg,একটি <unk> বেলুন গেমের সময় একটি বিশাল প্রাণীদের পুতুল নিয়ে খেলছে,0.18181818165289254,0.2222222219753086,0.19999999485000008,0.19999999485000008,0.0,0.14285713928571436,0,0,0.31818181818181823,0.11764705875432525
2173677067_9d0732bcc2.jpg,একটি ছোট্ট মেয়ে দড়িলাফ দিচ্ছে,0.3999999992,0.2222222219753086,0.2857142807142858,0.2857142807142858,0.14285713857142868,0.2857142807142858,0,0,0.375,0.16666666652777776
5438.png,একটি <unk> একটি সুন্দর ছায়া দেখা যাচ্ছে,0.0,0.0,0.0,0.0,0.0,0.0,0,0,0.23076923076923073,0.0
_MG_2020.JPG,লোকটির মুখে হাসি মুখে দাড়িয়ে আছে যার চুল কালো,0.3333333329629629,0.9999999966666667,0.4999999954166666,0.4999999954166666,0.399999996,0.4999999954166666,0,0,0.3793103448275862,0.37499999953124996
7747.png,একটি শিশু তাকিয়ে আছে।,0.7499999981250001,0.9999999966666667,0.8571428497959185,0.8571428497959185,0.39999999360000005,0.8571428497959185,0,0,0.6923076923076923,0.7499999981250001
806.png,একজন পুরুষ মানুষ আছে।,0.249999999375,0.16666666638888888,0.1999999948000001,0.1999999948000001,0.0,0.1999999948000001,0,0,0.4545454545454546,0.1111111109876543
3662406028_29b9e46a6f.jpg,কালো স্যুট পরা একজন লোক একটি <unk> <unk> <unk> <unk> <unk> <unk> <unk> <unk> <unk> <unk> <unk> <unk> <unk> <unk> <unk> <unk> <unk> <unk> <unk> <unk> <unk> <unk> <unk> <unk> <unk> <unk> <unk> <unk> <unk> <unk> <unk> <unk> <unk> <unk>,0.07499999998125,0.24999999979166665,0.11538461178994093,0.11538461178994093,0.037735845154859775,0.11538461178994093,0,0,0.15286624203821653,0.1874999998828125
6213.png,একজন বৃদ্ধ পুরুষ বসে আছে।,0.3999999992,0.6666666644444444,0.49999999406250006,0.49999999406250006,0.0,0.49999999406250006,0,0,0.5,0.33333333277777777
2921094201_2ed70a7963.jpg,একজন মহিলা একটি সাদা চেয়ারে বসে একজন লোক একটি আসনে বসে আছে,0.3333333330555555,0.3636363633057851,0.3478260816635161,0.3478260816635161,0.09523809015873042,0.3478260816635161,0,0,0.43181818181818177,0.24999999984375
5321.png,রাস্তা দিয়ে একটি বড় গাছ ও একটি বড় গাছ ও একটি বড় গাছ ও একটি বড় গাছ ও একটি বড় গাছ ও একটি বড় গাছ ও একটি বড় গাছ ও একটি বড় গাছ ও একটি বড় গাছ ও একটি বড়,0.02499999999375,0.249999999375,0.04545454378099179,0.04545454378099179,0.0,0.04545454378099179,0,0,0.09917355371900827,0.1111111109876543
2125.png,১ জন পুরুষ ভিক্ষুক।,0.0,0.0,0.0,0.0,0.0,0.0,0,0,0.2142857142857143,0.0
50.png,একজন পুরুষ হাতে একটা ব্যাগ নিয়ে দাড়িয়ে আছে।,0.24999999968749997,0.2222222219753086,0.23529411238754333,0.23529411238754333,0.0,0.23529411238754333,0,0,0.40625,0.13333333324444444
2909875716_25c8652614.jpg,একটি মেয়ে ফুলের মধ্যে দিয়ে হাঁটছে।,0.33333333277777777,0.15384615372781063,0.21052631124653745,0.21052631124653745,0.0,0.11111110654321005,0,0,0.3548387096774194,0.11764705875432525
2675685200_0913d84d9b.jpg,একটি ছেলে একটি পুরনো ঘরের কিচেনে খেলছে,0.4285714279591837,0.29999999969999996,0.35294117121107266,0.35294117121107266,0.13333332835555572,0.35294117121107266,0,0,0.4864864864864865,0.15384615372781063
5233.png,একজন পুরুষ হেঁটে যাচ্ছে।,0.49999999875,0.2222222219753086,0.3076923029585799,0.3076923029585799,0.18181817752066123,0.3076923029585799,0,0,0.34285714285714286,0.18181818165289254
2072.png,একজন পুরুষ মানুষ আছে।,0.49999999875,0.49999999875,0.4999999937500001,0.4999999937500001,0.0,0.4999999937500001,0,0,0.6666666666666667,0.33333333277777777
9070.png,কয়েকজন মানুষ দাড়িয়ে আছে।,0.0,0.0,0.0,0.0,0.0,0.0,0,0,0.36363636363636365,0.0
2517284816_9b8fd3c6b6.jpg,অনেকগুলো মানুষ একসাথে দাড়িয়ে আছে।,0.1999999996,0.16666666638888888,0.1818181765289258,0.1818181765289258,0.0,0.1818181765289258,0,0,0.2592592592592593,0.0999999999
572.png,একজন বয়স্ক নারী আছে।,0.9999999975,0.3999999996,0.5714285665306122,0.5714285665306122,0.4999999954166666,0.5714285665306122,0,0,0.3913043478260869,0.49999999937499995
8525.png,একটি নৌকায় কয়েকজন মানুষ আছে।,0.7999999984,0.7999999984,0.7999999934,0.7999999934,0.4999999937500001,0.7999999934,0,0,0.9,0.6666666655555555
940973925_a2e6d7951c.jpg,একজন লোক একটি <unk> সামনে দাড়িয়ে আছে,0.2857142853061225,0.24999999968749997,0.2666666613333334,0.2666666613333334,0.0,0.2666666613333334,0,0,0.34615384615384615,0.15384615372781063
6151.png,একজন পুরুষ একটি শিশু কোলে নিয়ে বসে আছে।,0.37499999953124996,0.7499999981250001,0.49999999472222234,0.49999999472222234,0.1999999954000001,0.49999999472222234,0,0,0.40740740740740744,0.3333333329629629
2070831523_5035d5537e.jpg,একজন সাইকেল চালক বনের মধ্যে বাইক চালাচ্ছেন।,0.2857142853061225,0.33333333277777777,0.3076923022485208,0.3076923022485208,0.0,0.3076923022485208,0,0,0.38888888888888884,0.18181818165289254
7112.png,কয়েকজন মানুষ দাড়িয়ে আছে।,0.249999999375,0.3333333322222222,0.28571428000000004,0.28571428000000004,0.0,0.28571428000000004,0,0,0.3125,0.16666666638888888
2815.png,একজন পুরুষ একটি নৌকা চালিয়ে যাচ্ছে।,0.33333333277777777,0.124999999921875,0.1818181776859505,0.1818181776859505,0.0,0.1818181765289258,0,0,0.5652173913043479,0.09999999995
468.png,একটি ছোট বাচ্চা মেয়ে <unk>,0.3999999992,0.14285714275510203,0.21052631168975072,0.21052631168975072,0.0,0.21052631168975072,0,0,0.26,0.124999999921875
2456907314_49bc4591c4.jpg,একজন পুরুষ দাড়িয়ে আছে একজন পুরুষ দাড়িয়ে আছে একজন পুরুষ দাড়িয়ে আছে একজন পুরুষ দাড়িয়ে আছে একজন পুরুষ দাড়িয়ে আছে একজন পুরুষ দাড়িয়ে আছে একজন পুরুষ দাড়িয়ে আছে একজন পুরুষ দাড়িয়ে আছে একজন পুরুষ দাড়িয়ে আছে একজন পুরুষ দাড়িয়ে আছে,0.02499999999375,0.07692307686390532,0.03773584533997901,0.03773584533997901,0.0,0.03773584533997901,0,0,0.2075471698113207,0.0624999999609375
IMG_2758.JPG,লোক টি দাঁড়িয়ে আছে,0.9999999975,0.9999999975,0.9999999925,0.9999999925,0.9999999916666666,0.9999999925,1,1,1.0,0.9999999975
3259228898_cefd04580b.jpg,একজন লোক একটি <unk> করছে,0.7999999984,0.571428570612245,0.6666666606944446,0.6666666606944446,0.3999999944,0.6666666606944446,0,0,0.48484848484848486,0.49999999937499995
1074.png,কয়েকজন নারী আছে।,0.9999999966666667,0.5999999988,0.7499999934375,0.7499999934375,0.6666666600000001,0.7499999934375,0,0,0.55,0.5999999988
476.png,একটি চলন্ত নৌকায় কয়েকজন মানুষ আছে।,0.16666666638888888,0.14285714265306124,0.15384614863905344,0.15384614863905344,0.0,0.15384614863905344,0,0,0.2962962962962963,0.08333333326388888
2570559405_dc93007f76.jpg,দুটি কুকুর একটি রিং নিয়ে দাঁড়িয়ে আছে,0.571428570612245,0.4444444439506172,0.49999999445312515,0.49999999445312515,0.2857142804081633,0.49999999445312515,0,0,0.5384615384615384,0.3636363633057851
406901451_7eafd7568a.jpg,একটি কুকুর একটি ফ্রিসবি নিয়ে খেলছে,0.49999999916666665,0.49999999916666665,0.4999999941666667,0.4999999941666667,0.2222222167901236,0.4999999941666667,0,0,0.6956521739130435,0.37499999953124996
580.png,একজন পুরুষ দাড়িয়ে আছে।,0.9999999975,0.3636363633057851,0.533333328711111,0.533333328711111,0.3076923036686391,0.533333328711111,0,0,0.34090909090909094,0.3999999996
366713533_bd6d48cf02.jpg,একদল লোক একসাথে দাঁড়িয়ে আছে,0.1999999996,0.249999999375,0.2222222167901236,0.2222222167901236,0.0,0.2222222167901236,0,0,0.368421052631579,0.12499999984374999
2763.png,একজন পুরুষ একটি শিশু কোলে নিয়ে হেঁটে যাচ্ছে।,0.6249999992187499,0.7142857132653061,0.6666666608,0.6666666608,0.3076923022485208,0.6666666608,0,0,0.6785714285714286,0.49999999949999996
1569687608_0e3b3ad044.jpg,এক বাচ্চা মেয়ে একটি ছোট ছেলে এবং একটি ছোট ছেলে এবং একটি ছোট ছেলে এবং একটি ছোট ছেলে এবং একটি ছোট ছেলে এবং একটি ছোট ছেলে এবং একটি ছোট ছেলে এবং একটি ছোট ছেলে এবং একটি ছোট ছেলে এবং একটি,0.0499999999875,0.2857142853061225,0.08510638040742426,0.08510638040742426,0.0,0.04347825858223074,0,0,0.15384615384615385,0.16666666652777776
2067.png,একটি শিশু দাড়িয়ে আছে।,0.0,0.0,0.0,0.0,0.0,0.0,0,0,0.30000000000000004,0.0
8849.png,সাঁকোর উপর দিয়ে কয়েকজন লোক দাঁড়িয়ে আছে।,0.4285714279591837,0.1874999998828125,0.2608695607561437,0.2608695607561437,0.0,0.1739130390926277,0,0,0.4444444444444444,0.15789473675900276
5633.png,একজন বয়স্ক পুরুষ ধূমপান করছে।,0.3999999992,0.3999999992,0.39999999420000004,0.39999999420000004,0.0,0.39999999420000004,0,0,0.5909090909090908,0.24999999968749997
1721.png,একজন পুরুষ বসে আছে।,0.249999999375,0.249999999375,0.2499999943750001,0.2499999943750001,0.0,0.2499999943750001,0,0,0.6,0.14285714265306124
397815951_3b02090324.jpg,একটি কালো কুকুর বল ধরার জন্য লাফ দিচ্ছে,0.24999999968749997,0.33333333277777777,0.2857142804081633,0.2857142804081633,0.0,0.2857142804081633,0,0,0.4444444444444444,0.16666666652777776
2337809114_899ba61330.jpg,একটি ছোট মেয়ে একটি শিশুকে ধরে আছে,0.2857142853061225,0.2222222219753086,0.24999999476562512,0.24999999476562512,0.0,0.24999999476562512,0,0,0.33333333333333337,0.15384615372781063
2804851816_9aae9071ca.jpg,একটি বাদামী কুকুর ঘাসের মধ্য দিয়ে চলছে,0.2857142853061225,0.33333333277777777,0.3076923022485208,0.3076923022485208,0.0,0.3076923022485208,0,0,0.5,0.18181818165289254
268365231_a0acecdc45.jpg,একজন লোক একটি ছবির জন্য একজন মহিলা।,0.2857142853061225,0.1999999998,0.23529411252595167,0.23529411252595167,0.0,0.23529411252595167,0,0,0.31999999999999995,0.11764705875432525
6772.png,কয়েকজন মানুষ আছে।,0.6666666644444444,0.6666666644444444,0.6666666594444445,0.6666666594444445,0.4999999925000001,0.6666666594444445,0,0,0.75,0.49999999875
3371533654_73a12a35a4.jpg,এক লোক একটি বিশাল <unk> একটি <unk> একটি <unk> একটি <unk> একটি <unk> একটি <unk> একটি <unk> একটি <unk> একটি <unk> একটি <unk> একটি <unk> একটি <unk> একটি <unk> একটি <unk> একটি <unk> একটি <unk> একটি <unk> একটি <unk> একটি,0.07499999998125,0.29999999969999996,0.11999999675200007,0.11999999675200007,0.0833333302517362,0.11999999675200007,0,0,0.12101910828025475,0.16666666652777776
4388.png,একজন পুরুষ মাথায় ইট নিচ্ছে।,0.5999999988,0.49999999916666665,0.5454545395041324,0.5454545395041324,0.2222222167901236,0.36363635801652905,0,0,0.36363636363636365,0.37499999953124996
2419186511_f0ce5f9685.jpg,একটি শিশু একটি <unk> থেকে জল থেকে রস দিচ্ছে,0.3333333329629629,0.2727272724793388,0.29999999475000005,0.29999999475000005,0.1428571377551022,0.29999999475000005,0,0,0.43333333333333335,0.16666666652777776
3120648767_812c72eabe.jpg,একজন সাইকেল চালক একটি পাহাড়ের নিচে নামছে,0.14285714265306124,0.3333333322222222,0.1999999954000001,0.1999999954000001,0.0,0.1999999954000001,0,0,0.31034482758620685,0.1111111109876543
3973.png,কয়েকজন মানুষ দাড়িয়ে আছে।,0.7499999981250001,0.3333333329629629,0.4615384565680474,0.4615384565680474,0.18181817752066123,0.3076923029585799,0,0,0.25,0.3333333329629629
7701.png,একটি দম্পতি একটি সৈকতে ঢেউয়ের পাশ দিয়ে হাঁটছে,0.0,0.0,0.0,0.0,0.0,0.0,0,0,0.32258064516129037,0.0
464527562_a18f095225.jpg,একটি কুকুর একটি ফ্রিসবি ধরার চেষ্টা করছে,0.4285714279591837,0.49999999916666665,0.4615384558579882,0.4615384558579882,0.1818181765289258,0.3076923022485208,0,0,0.42500000000000004,0.3333333329629629
8794.png,বৃষ্টির পানিতে নেমে একটা ছোট ছেলে এবং পিছনে অনেকগুলো মানুষ কাজ করছে।,0.16666666652777776,0.3999999992,0.23529411321799312,0.23529411321799312,0.13333332924444455,0.23529411321799312,0,0,0.2692307692307693,0.13333333324444444
5226.png,দুরে অনেক লোকজন দেখা যাচ্ছে।,0.0,0.0,0.0,0.0,0.0,0.0,0,0,0.2727272727272727,0.0
img-20211205-wa0002.jpg,একটি পাখি আছে।,0.3333333322222222,0.1111111109876543,0.16666666263888896,0.16666666263888896,0.0,0.16666666263888896,0,0,0.16666666666666663,0.09090909082644627
345906597_1290292371895717_1418973623691667358_n.jpg,একজন নারী হেঁটে যাচ্ছে।,0.0,0.0,0.0,0.0,0.0,0.0,0,0,0.27586206896551724,0.0
1300.png,কয়েকজন নারী দাড়িয়ে আছে।,0.49999999875,0.16666666652777776,0.2499999959375,0.2499999959375,0.14285713928571436,0.2499999959375,0,0,0.30434782608695654,0.16666666652777776
2635.png,৪ জন ছোট ছেলে দাড়িয়ে আছে।,0.0,0.0,0.0,0.0,0.0,0.0,0,0,0.27586206896551724,0.0
5921.png,একজন পুরুষ মাথায় টুপি পরে আছে।,0.49999999916666665,0.37499999953124996,0.4285714230612245,0.4285714230612245,0.0,0.2857142804081633,0,0,0.3589743589743589,0.2727272724793388
9122.png,একজন নারী আছে।,0.9999999966666667,0.4285714279591837,0.5999999946000001,0.5999999946000001,0.24999999562500003,0.5999999946000001,0,0,0.4347826086956522,0.4285714279591837
5754.png,একজন বয়স্ক নারী আছে।,0.49999999875,0.6666666644444444,0.5714285648979592,0.5714285648979592,0.0,0.5714285648979592,0,0,0.5333333333333333,0.3999999992
1262583859_653f1469a9.jpg,হেলমেট পরা একজন লোক হেলমেট পরেছেন।,0.16666666638888888,0.14285714265306124,0.15384614863905344,0.15384614863905344,0.0,0.15384614863905344,0,0,0.30952380952380953,0.09090909082644627
2465497494_43d74df57c.jpg,একটি শিশু একটি শিশু হাতে একটি শিশু ঘাসের উপর বসে বুদবুদ <unk>,0.16666666652777776,0.24999999968749997,0.1999999950000001,0.1999999950000001,0.0,0.15999999488000013,0,0,0.3555555555555555,0.14285714275510203
241347204_007d83e252.jpg,লাল ফুটবল দলটি লাল জামা পরে আছে,0.2857142853061225,0.2222222219753086,0.24999999476562512,0.24999999476562512,0.0,0.24999999476562512,0,0,0.4137931034482759,0.15384615372781063
2330536645_2d36b516e1.jpg,দু'জন ছেলে পানিতে খেলছে।,0.249999999375,0.3333333322222222,0.28571428000000004,0.28571428000000004,0.0,0.28571428000000004,0,0,0.6428571428571428,0.16666666638888888
2089442007_6fc798548c.jpg,একটি কুকুর একটি লাঠি নিয়ে একটি লাঠি নিয়ে একটি লাঠি নিয়ে একটি লাঠি নিয়ে একটি লাঠি নিয়ে একটি লাঠি নিয়ে একটি লাঠি নিয়ে একটি লাঠি নিয়ে একটি লাঠি নিয়ে একটি লাঠি নিয়ে একটি লাঠি নিয়ে একটি লাঠি নিয়ে একটি লাঠি,0.0499999999875,0.49999999875,0.09090908921487605,0.09090908921487605,0.0476190462698413,0.09090908921487605,0,0,0.17910447761194026,0.33333333277777777
1860.png,কয়েকজন পুরুষ পাশাপাশি দাড়িয়ে আছে।,0.5999999988,0.3333333329629629,0.42857142336734694,0.42857142336734694,0.16666666194444454,0.42857142336734694,0,0,0.38235294117647056,0.29999999969999996
5063.png,একটি দালানে একজন লোক একটি কাঠের বেঞ্চে বসে।,0.12499999984374999,0.16666666638888888,0.1428571377551022,0.1428571377551022,0.0,0.1428571377551022,0,0,0.33333333333333337,0.08333333326388888
421153376_d1d325568f.jpg,একটি কুকুর একটি জলের মধ্যে দৌড়াচ্ছে,0.6666666655555555,0.6666666655555555,0.6666666605555556,0.6666666605555556,0.28571428081632655,0.6666666605555556,0,0,0.6666666666666667,0.571428570612245
2337.png,একজন পুরুষ জাল নিয়ে আছে।,0.1999999996,0.249999999375,0.2222222167901236,0.2222222167901236,0.0,0.2222222167901236,0,0,0.2941176470588235,0.12499999984374999
1287073593_f3d2a62455.jpg,একদল কুকুর,0.999999995,0.2222222219753086,0.36363636,0.36363636,0.22222221975308643,0.36363636,0,0,0.2692307692307693,0.2222222219753086
2543589122_ec3e55f434.jpg,একটি কুকুর বরফের মধ্যে দৌড়াচ্ছে,0.3999999992,0.49999999875,0.4444444385185186,0.4444444385185186,0.28571428000000004,0.4444444385185186,0,0,0.5714285714285714,0.2857142853061225
424307754_1e2f44d265.jpg,একজন লোক একটি কুকুর দাঁড়িয়ে আছে,0.33333333277777777,0.3999999992,0.36363635801652905,0.36363635801652905,0.2222222167901236,0.36363635801652905,0,0,0.6363636363636364,0.2222222219753086
2860872588_f2c7b30e1a.jpg,দুটি কুকুর একটি বাদামী কুকুর খেলছে,0.49999999916666665,0.9999999966666667,0.6666666607407408,0.6666666607407408,0.5714285657142857,0.6666666607407408,0,0,0.5185185185185186,0.5999999988
3549408779_4d453db080.jpg,একটি সাদা কালো কুকুর পানিতে সাঁতার কাটছে,0.9999999985714286,0.8749999989062499,0.933333327111111,0.933333327111111,0.7692307630769232,0.933333327111111,0,0,0.8620689655172413,0.8749999989062499
3455419642_894d03f153.jpg,একটি কালো কুকুর একটি বল ধরার চেষ্টা করছে,0.49999999937499995,0.3999999996,0.4444444390123457,0.4444444390123457,0.24999999476562512,0.4444444390123457,0,0,0.46341463414634143,0.30769230745562126
3368207495_1e2dbd6d3f.jpg,একটি কুকুর একটি গাছের নিচে দাঁড়িয়ে আছে।,0.4285714279591837,0.4285714279591837,0.42857142295918377,0.42857142295918377,0.3333333277777778,0.42857142295918377,0,0,0.6,0.1999999998
7633.png,একজন মানুষ দাড়িয়ে আছে।,0.49999999875,0.6666666644444444,0.5714285648979592,0.5714285648979592,0.0,0.5714285648979592,0,0,0.6,0.3999999992
5864.png,একজন পুরুষ ছাতা নিয়ে দাড়িয়ে আছে।,0.49999999916666665,0.21428571413265304,0.2999999955,0.2999999955,0.11111110697530877,0.2999999955,0,0,0.33333333333333337,0.19999999986666667
2765747519_2b851e01d6.jpg,একজন নারী তাকিয়ে আছে।,0.0,0.0,0.0,0.0,0.0,0.0,0,0,0.33333333333333337,0.0
7434.png,একজন নারী একটি গাছের নিচে ধানের কাজ করছে।,0.12499999984374999,0.0999999999,0.11111110604938293,0.11111110604938293,0.0,0.11111110604938293,0,0,0.275,0.07142857137755101
3346040664_5b584e6133.jpg,একজন ফুটবল খেলোয়াড় বল ড্রিবল করছে,0.33333333277777777,0.2222222219753086,0.2666666615111111,0.2666666615111111,0.0,0.2666666615111111,0,0,0.5,0.15384615372781063
972381743_5677b420ab.jpg,এক মেয়ে ছাতা হাতে নিয়ে হাটছে,0.16666666638888888,0.08333333326388888,0.11111110654321005,0.11111110654321005,0.0,0.11111110654321005,0,0,0.3125,0.0624999999609375
3116.png,৩ জন পুরুষ দাড়িয়ে আছে।,0.3999999992,0.6666666644444444,0.49999999406250006,0.49999999406250006,0.08695651879017023,0.49999999406250006,0,0,0.6,0.33333333277777777
8566.png,চুল গুলো দাঁড়িয়ে আছে,0.249999999375,0.0999999999,0.14285713857142868,0.14285713857142868,0.0,0.14285713857142868,0,0,0.3548387096774194,0.07692307686390532
3334953664_a669038795.jpg,একজন বেসবল ক্যাপ পরা একজন পুরুষ হাতে একটি বল ধরার চেষ্টা করছে,0.24999999979166665,0.49999999916666665,0.33333332851851855,0.33333332851851855,0.12499999554687513,0.33333332851851855,0,0,0.44897959183673475,0.21428571413265304
4832.png,ধান ক্ষেত আছে।,0.3333333322222222,0.3333333322222222,0.33333332722222225,0.33333332722222225,0.0,0.33333332722222225,0,0,0.30000000000000004,0.1999999996
1516714577_7d1c35a8d8.jpg,একটি মেয়ে একটি ইটের বাড়ির সামনের দিকে তাকিয়ে আছে,0.2222222219753086,0.2857142853061225,0.24999999476562512,0.24999999476562512,0.0,0.24999999476562512,0,0,0.36363636363636365,0.15384615372781063
765298136_7805fbb079.jpg,একজন লোক পানির উপর দিয়ে পিছলা খাচ্ছে,0.2857142853061225,0.24999999968749997,0.2666666613333334,0.2666666613333334,0.0,0.2666666613333334,0,0,0.5172413793103448,0.15384615372781063
3872.png,একজন পুরুষ ও একজন পুরুষ মানুষ।,0.16666666638888888,0.14285714265306124,0.15384614863905344,0.15384614863905344,0.0,0.15384614863905344,0,0,0.303030303030303,0.0999999999
1466307489_cb8a74de09.jpg,একদল লোক একটি গাড়ি চালাচ্ছে,0.3999999992,0.2222222219753086,0.2857142807142858,0.2857142807142858,0.1111111075308643,0.2857142807142858,0,0,0.4838709677419355,0.16666666652777776
3344.png,একজন পুরুষ মাথায় কাপড় বেধে চেয়ে আছেন।,0.571428570612245,0.3636363633057851,0.4444444391975309,0.4444444391975309,0.37499999484375,0.4444444391975309,0,0,0.5714285714285714,0.28571428551020406
8873.png,একজন নারী গান করছে,0.249999999375,0.1111111109876543,0.15384614934911253,0.15384614934911253,0.0,0.15384614934911253,0,0,0.32432432432432434,0.08333333326388888
5029.png,একটি <unk> <unk> একটি লোক একটি <unk> <unk> <unk> <unk> <unk> <unk> <unk> <unk> <unk> <unk> <unk> <unk> <unk> <unk> <unk> <unk> <unk> <unk> <unk> <unk> <unk> <unk> <unk> <unk> <unk> <unk> <unk> <unk> <unk> <unk> <unk> <unk> <unk> <unk>,0.0499999999875,0.49999999875,0.09090908921487605,0.09090908921487605,0.0476190462698413,0.09090908921487605,0,0,0.05063291139240511,0.3999999992
8917.png,একজন ছেলে জানালার ফাক দিয়ে তাকিয়ে আছে।,0.4285714279591837,0.37499999953124996,0.3999999944888889,0.3999999944888889,0.15384614863905344,0.3999999944888889,0,0,0.5666666666666667,0.2727272724793388
3543294190_0037c59607.jpg,একজন লোক একটি সাইকেল চালাচ্ছে,0.3999999992,0.24999999968749997,0.3076923024852071,0.3076923024852071,0.1818181768595043,0.3076923024852071,0,0,0.3589743589743589,0.18181818165289254
5787.png,সমুদ্রের পারে একটি শিশু দাড়িয়ে আছে।,0.49999999916666665,0.5999999988,0.5454545395041324,0.5454545395041324,0.2222222167901236,0.5454545395041324,0,0,0.6363636363636364,0.37499999953124996
3673032164_6c6843de87.jpg,একদল লোক সবাই একসাথে ছবি তুলছে,0.0,0.0,0.0,0.0,0.0,0.0,0,0,0.2571428571428571,0.0
3323498985_fd9d2803fd.jpg,এক ছোট বালক এবং একজন বালক একটি ঢেউ আছড়ে পড়ছে,0.1999999998,0.2857142853061225,0.23529411252595167,0.23529411252595167,0.0,0.23529411252595167,0,0,0.36111111111111116,0.14285714275510203
4080.png,একটা মেয়ে দাড়িয়ে আছে,0.249999999375,0.12499999984374999,0.16666666194444454,0.16666666194444454,0.0,0.16666666194444454,0,0,0.4285714285714286,0.09090909082644627
4950.png,কুয়াশার সময় একজন পুরুষ দাড়িয়ে আছে।,0.0,0.0,0.0,0.0,0.0,0.0,0,0,0.20833333333333337,0.0
1319.png,একজন নারী ও একজন নারী ও একজন নারী ও একজন নারী ও একজন নারী ও একজন নারী ও একজন নারী ও একজন নারী ও একজন নারী ও একজন নারী ও একজন নারী ও একজন নারী ও একজন নারী ও একজন,0.07499999998125,0.37499999953124996,0.12499999717013895,0.12499999717013895,0.043478258270321514,0.12499999717013895,0,0,0.25373134328358204,0.37499999953124996
2230.png,একজন পুরুষ একটি নদীর পাড়ে দাড়িয়ে আছে।,0.571428570612245,0.49999999937499995,0.5333333276444445,0.5333333276444445,0.3076923022485208,0.5333333276444445,0,0,0.5666666666666667,0.3636363633057851
4571.png,একটি পুকুর ও আকাশে সূর্য উজ্জ্বলভাবে জ্বলছে এবং উপরে আকাশ দেখা যাচ্ছে।,0.24999999979166665,0.9999999966666667,0.39999999626666666,0.39999999626666666,0.15384615100591717,0.39999999626666666,0,0,0.20833333333333337,0.24999999979166665
2546.png,একজন বালক পানির মধ্যে ফেলে দিচ্ছে।,0.16666666638888888,0.14285714265306124,0.15384614863905344,0.15384614863905344,0.0,0.15384614863905344,0,0,0.5,0.08333333326388888
1296412797_85b6d2f8d6.jpg,একজন লোক বাতাসে লাফ দিলো,0.1999999996,0.14285714265306124,0.16666666152777793,0.16666666152777793,0.0,0.16666666152777793,0,0,0.31999999999999995,0.09090909082644627
3341077091_7ca0833373.jpg,এক স্কেটবোর্ডার একটি স্কেটবোর্ড জাম্প নিলো,0.16666666638888888,0.14285714265306124,0.15384614863905344,0.15384614863905344,0.0,0.15384614863905344,0,0,0.4285714285714286,0.08333333326388888
8695.png,একজন পুরুষ একটি খরের উপরে।,0.1999999996,0.16666666638888888,0.1818181765289258,0.1818181765289258,0.0,0.1818181765289258,0,0,0.38095238095238093,0.1111111109876543
1287704027.jpg,একটি <unk> দোকানে খাবার রান্না করার জন্য <unk> <unk> <unk> <unk> <unk> <unk> <unk> <unk> <unk> <unk> <unk> <unk> <unk> <unk> <unk> <unk> <unk> <unk> <unk> <unk> <unk> <unk> <unk> <unk> <unk> <unk> <unk> <unk> <unk> <unk> <unk> <unk> <unk>,0.02499999999375,0.05882352937716263,0.03508771510003128,0.03508771510003128,0.0,0.03508771510003128,0,0,0.14465408805031443,0.045454545433884296
4135.png,কয়েকজন মানুষ আছে।,0.6666666644444444,0.33333333277777777,0.44444443901234576,0.44444443901234576,0.0,0.44444443901234576,0,0,0.33333333333333337,0.2857142853061225
3085357792_efcf297c71.jpg,রাস্তার পাশ দিয়ে এক মেয়ে হাটছে,0.16666666638888888,0.0999999999,0.12499999515625017,0.12499999515625017,0.0,0.12499999515625017,0,0,0.30434782608695654,0.06666666662222222
2661138991_d55aa0e5dc.jpg,একজন লোক একটি ছবির জন্য পোজ দিচ্ছে,0.2857142853061225,0.33333333277777777,0.3076923022485208,0.3076923022485208,0.0,0.3076923022485208,0,0,0.5517241379310345,0.18181818165289254
3574627719_790325430e.jpg,একজন লোক গান গাইছে এবং একজন লোক গান গাইছে আর তার <unk> রং মেখে আছে।,0.26666666648888887,0.3636363633057851,0.3076923025739645,0.3076923025739645,0.1666666616666668,0.3076923025739645,0,0,0.31999999999999995,0.2222222220987654
1810651611_35aae644fb.jpg,একটি ছোট্ট মেয়ে বাগানের মধ্যে খেলা করছে,0.2857142853061225,0.2857142853061225,0.28571428030612256,0.28571428030612256,0.19047618621315202,0.28571428030612256,0,0,0.46153846153846156,0.16666666652777776
3208571574_6dc1a461c5.jpg,দুজন লোক একটি ছবির জন্য পোজ দিচ্ছে,0.14285714265306124,0.14285714265306124,0.14285713765306143,0.14285713765306143,0.0,0.14285713765306143,0,0,0.3589743589743589,0.07692307686390532
IMG_2909.JPG,লোক টি বসে আছে,0.9999999975,0.9999999975,0.9999999925,0.9999999925,0.9999999916666666,0.9999999925,1,1,1.0,0.9999999975
3550276904_19de3561c5.jpg,একজন বৃদ্ধ মহিলা একটি <unk> <unk> <unk> <unk> <unk> <unk> <unk> <unk> <unk> <unk> <unk> <unk> <unk> <unk> <unk> <unk> <unk> <unk> <unk> <unk> <unk> <unk> <unk> <unk> <unk> <unk> <unk> <unk> <unk> <unk> <unk> <unk> <unk> <unk> <unk> <unk>,0.099999999975,0.3333333330555555,0.15384615023668646,0.15384615023668646,0.1199999965200001,0.15384615023668646,0,0,0.19999999999999996,0.30769230745562126
177.png,একটা মহিলা বসে আছে,0.0,0.0,0.0,0.0,0.0,0.0,0,0,0.31999999999999995,0.0
6027.png,একটি লোক দাড়িয়ে আছে যার একজন ছেলে।,0.4285714279591837,0.2727272724793388,0.33333332820987654,0.33333332820987654,0.0,0.33333332820987654,0,0,0.4390243902439024,0.19999999986666667
3523471597_87e0bf3b21.jpg,একজন লোক একটি ভবনের সামনে দাঁড়িয়ে আছে,0.571428570612245,0.28571428551020406,0.3809523761451248,0.3809523761451248,0.10526315346260404,0.3809523761451248,0,0,0.48484848484848486,0.24999999984375
check-62a87bb8527e1_600.webp,একটি শিশু দাড়িয়ে আছে।,0.249999999375,0.1999999996,0.2222222167901236,0.2222222167901236,0.0,0.2222222167901236,0,0,0.31818181818181823,0.12499999984374999
5993.png,চারজন পুরুষ দাড়িয়ে আছে।,0.249999999375,0.249999999375,0.2499999943750001,0.2499999943750001,0.0,0.2499999943750001,0,0,0.6,0.14285714265306124
466956209_2ffcea3941.jpg,একজন লোক একটি খাড়া পাহাড়ের নিচে নামছে,0.571428570612245,0.4444444439506172,0.49999999445312515,0.49999999445312515,0.1428571377551022,0.374999994609375,0,0,0.48484848484848486,0.3333333330555555
1244140539.jpg,একটি ছোট্ট লোমশ কুকুর শুয়ে আছে,0.6666666655555555,0.3636363633057851,0.47058823017301044,0.47058823017301044,0.0,0.3529411714878893,0,0,0.5416666666666667,0.3333333330555555
3597.png,একজন পুরুষ কাজ করছে।,0.9999999975,0.9999999975,0.9999999925,0.9999999925,0.9999999916666666,0.9999999925,1,1,1.0,0.9999999975
2363540508_9dd1ccf7c7.jpg,একটি শিশু আছে।,0.3333333322222222,0.16666666638888888,0.2222222172839507,0.2222222172839507,0.0,0.2222222172839507,0,0,0.2272727272727273,0.14285714265306124
149.png,একজন পুরুষ একটি <unk>,0.249999999375,0.049999999975,0.08333333048611122,0.08333333048611122,0.0,0.08333333048611122,0,0,0.2142857142857143,0.04761904759637188
428796930_476a3d6395.jpg,একটি কালো কুকুর একটি কালো কুকুরের সাথে খেলছে,0.6249999992187499,0.6249999992187499,0.6249999942187501,0.6249999942187501,0.42857142295918377,0.6249999942187501,0,0,0.6896551724137931,0.49999999916666665
8279.png,একজন পুরুষ মাথায় গোল টুপি পরে আছে।,0.4285714279591837,0.7499999981250001,0.5454545398347109,0.5454545398347109,0.0,0.5454545398347109,0,0,0.45833333333333337,0.37499999953124996
6841.png,একজন ছোট ছেলে যাকে অন্ধকার দেখা যাচ্ছে।,0.2857142853061225,0.1999999998,0.23529411252595167,0.23529411252595167,0.0,0.23529411252595167,0,0,0.3846153846153846,0.13333333324444444
118647903.jpg,একটি ছেলে সকার খেলছে,0.249999999375,0.12499999984374999,0.16666666194444454,0.16666666194444454,0.0,0.16666666194444454,0,0,0.25806451612903225,0.09090909082644627
413.png,একটি <unk> কবরে দারিয়ে কথা বলছে।,0.33333333277777777,0.33333333277777777,0.3333333277777778,0.3333333277777778,0.19999999460000012,0.3333333277777778,0,0,0.6363636363636364,0.1999999998
6585.png,একজন মানুষ দাড়িয়ে আছে এবং উপরে সূর্য ডুবছে।,0.37499999953124996,0.3333333329629629,0.3529411710726644,0.3529411710726644,0.13333332817777796,0.3529411710726644,0,0,0.43333333333333335,0.21428571413265304
468930779_8008d90e10.jpg,দুটি কুকুর পানিতে সাঁতার কাটছে,0.7999999984,0.4444444439506172,0.5714285660204083,0.5714285660204083,0.33333332833333335,0.5714285660204083,0,0,0.625,0.3999999996
533713007_bf9f3e25b4.jpg,একজন মহিলা রেস্টুরেন্টে খাবার রান্না করছে।,0.16666666638888888,0.14285714265306124,0.15384614863905344,0.15384614863905344,0.0,0.15384614863905344,0,0,0.3695652173913043,0.08333333326388888
2354540393_a149722680.jpg,দুই ছোট ছেলে একটি <unk> <unk>,0.33333333277777777,0.2857142853061225,0.3076923022485208,0.3076923022485208,0.0,0.15384614863905344,0,0,0.31034482758620685,0.1999999998
2699.png,একজন পুরুষ একটি মঞ্চে নাচ করছে এবং একজন পুরুষ দাড়িয়ে আছে।,0.2727272724793388,0.4285714279591837,0.33333332820987654,0.33333332820987654,0.24999999500000003,0.33333332820987654,0,0,0.47619047619047616,0.23076923059171597
454.png,একটি শিশু হাতে একটি উঠুনে একটি উঠুনে একটি উঠুনে একটি উঠুনে একটি উঠুনে একটি উঠুনে একটি উঠুনে একটি উঠুনে একটি উঠুনে একটি উঠুনে একটি উঠুনে একটি উঠুনে একটি উঠুনে একটি উঠুনে একটি উঠুনে একটি উঠুনে একটি উঠুনে একটি উঠুনে একটি,0.0499999999875,0.11764705875432525,0.07017543438596516,0.07017543438596516,0.0,0.07017543438596516,0,0,0.14012738853503182,0.12499999984374999
344863961_189328100645338_2244274616637855776_n.jpg,সূর্য উজ্জ্বলভাবে জ্বলছে এবং উপরে সূর্য থেকে বিরতি নিচ্ছে,0.3333333329629629,0.49999999916666665,0.3999999946666667,0.3999999946666667,0.0,0.2666666615111111,0,0,0.26315789473684215,0.29999999969999996
4346.png,একজন পুরুষ হেঁটে যাচ্ছে।,0.249999999375,0.14285714265306124,0.1818181768595043,0.1818181768595043,0.0,0.1818181768595043,0,0,0.3846153846153846,0.0999999999
2148991939_3b9fd6c439.jpg,একটি কালো কুকুর পানিতে সাঁতার কাটছে,0.49999999916666665,0.49999999916666665,0.4999999941666667,0.4999999941666667,0.39999999420000004,0.4999999941666667,0,0,0.5909090909090908,0.3333333329629629
455.png,একজন বালিকা আছে।,0.0,0.0,0.0,0.0,0.0,0.0,0,0,0.375,0.0
781387473_208ba152b3.jpg,এক মহিলা একটি দোকানের সামনে দাঁড়িয়ে আছে,0.14285714265306124,0.09090909082644627,0.11111110623456812,0.11111110623456812,0.0,0.11111110623456812,0,0,0.38636363636363635,0.0624999999609375
3331797838_b3e33dbe17.jpg,একজন লোক সাইকেল চালায়।,0.49999999875,0.3999999992,0.4444444385185186,0.4444444385185186,0.0,0.4444444385185186,0,0,0.5454545454545454,0.2857142853061225
2811.png,একটি শিশু আছে।,0.9999999966666667,0.49999999916666665,0.6666666607407408,0.6666666607407408,0.28571428081632655,0.6666666607407408,0,0,0.4285714285714286,0.49999999916666665
8159.png,সমুদ্রের পারে একজন মানুষ আছে।,0.5999999988,0.4285714279591837,0.4999999943055557,0.4999999943055557,0.1999999948000001,0.4999999943055557,0,0,0.7037037037037037,0.3333333329629629
278.png,একজন পুরুষ হাসি মুখে তাকিয়ে আছে।,0.16666666638888888,0.16666666638888888,0.16666666138888903,0.16666666138888903,0.0,0.16666666138888903,0,0,0.24,0.09090909082644627
2861100960_457ceda7fa.jpg,টুপি ও টুপি পরা একজন পুরুষ ও একজন পুরুষ ও একজন পুরুষ ও একজন পুরুষ ও একজন পুরুষ ও একজন পুরুষ ও একজন পুরুষ ও একজন পুরুষ ও একজন পুরুষ ও একজন পুরুষ ও একজন পুরুষ ও একজন পুরুষ ও,0.02499999999375,0.16666666638888888,0.04347825858223074,0.04347825858223074,0.0,0.04347825858223074,0,0,0.14084507042253525,0.0999999999
8659.png,একজন পুরুষ মাথায় বস্তা নিয়ে আছে।,0.16666666638888888,0.249999999375,0.1999999948000001,0.1999999948000001,0.0,0.1999999948000001,0,0,0.30000000000000004,0.1111111109876543
3224560800_8fefd52510.jpg,একটি <unk> একটি ছেলে আগুনের লাঠি হাতে নিয়ে ভেলকি করছে,0.1999999998,0.33333333277777777,0.24999999500000003,0.24999999500000003,0.13333332835555572,0.24999999500000003,0,0,0.4722222222222222,0.15384615372781063
336460583_6c8ccb7188.jpg,একটি কুকুর একটি ছোট <unk>,0.3999999992,0.3999999992,0.39999999420000004,0.39999999420000004,0.2499999943750001,0.39999999420000004,0,0,0.5,0.2857142853061225
5447.png,একজন পুরুষ পানিতে লাফ দিচ্ছে।,0.3999999992,0.33333333277777777,0.36363635801652905,0.36363635801652905,0.0,0.36363635801652905,0,0,0.5416666666666667,0.2222222219753086
inbound413747284593859205.jpg,একটি কালো পাখি আছে।,0.249999999375,0.16666666638888888,0.1999999948000001,0.1999999948000001,0.0,0.1999999948000001,0,0,0.31999999999999995,0.1111111109876543
IMG_0741.JPG,কয়েকজন পুরুষ ও একজন পুরুষ ও একজন বালিকার হাত তুলে দিচ্ছে।,0.0,0.0,0.0,0.0,0.0,0.0,0,0,0.23809523809523814,0.0
2080.png,কয়েকজন পুরুষ বসে আছে।,0.249999999375,0.16666666638888888,0.1999999948000001,0.1999999948000001,0.0,0.1999999948000001,0,0,0.4545454545454546,0.1111111109876543
5160.png,একটি পুরাতন <unk>,0.0,0.0,0.0,0.0,0.0,0.0,0,0,0.21052631578947367,0.0
2700147489_f1664f2b61.jpg,একজন লোক একটি ভাল মধ্যে একটি ভাল মধ্যে একটি ভাল মধ্যে একটি ভাল মধ্যে একটি ভাল মধ্যে একটি ভাল মধ্যে একটি ভাল মধ্যে একটি ভাল মধ্যে একটি ভাল মধ্যে একটি ভাল মধ্যে একটি ভাল মধ্যে একটি ভাল মধ্যে একটি ভাল,0.0499999999875,0.33333333277777777,0.08695651943289232,0.08695651943289232,0.045454543419421574,0.08695651943289232,0,0,0.15753424657534243,0.2222222219753086
2670637584_d96efb8afa.jpg,একজন লোক গাছে দাঁড়িয়ে আছে,0.0,0.0,0.0,0.0,0.0,0.0,0,0,0.2962962962962963,0.0
7665.png,একজন লোক একটি <unk> ভিতর দিয়ে বানানো একটি <unk> ভিতর দিয়ে বানানো একটি <unk> ভিতর দিয়ে বানানো একটি <unk> ভিতর দিয়ে বানানো একটি <unk> ভিতর দিয়ে বানানো একটি <unk> ভিতর দিয়ে বানানো একটি <unk> ভিতর দিয়ে বানানো একটি <unk> ভিতর,0.0,0.0,0.0,0.0,0.0,0.0,0,0,0.09210526315789469,0.0
3726120436_740bda8416.jpg,একজন লোক একটি গাড়ির পাশে দাঁড়িয়ে আছে,0.7142857132653061,0.3846153843195266,0.4999999949499999,0.4999999949499999,0.11111110654321005,0.4999999949499999,0,0,0.41666666666666663,0.3571428568877551
3108.png,একজন পুরুষ পাশাপাশি দাড়িয়ে আছে।,0.5999999988,0.7499999981250001,0.6666666602469137,0.6666666602469137,0.28571428000000004,0.6666666602469137,0,0,0.7,0.49999999916666665
5307.png,রাস্তা দিয়ে একজন পুরুষ মানুষ।,0.3999999992,0.2857142853061225,0.33333332791666676,0.33333332791666676,0.1999999948000001,0.33333332791666676,0,0,0.21052631578947367,0.1999999998
1181.png,গোলাপী পোশাকে একদল মেয়ে নাচছে,0.3999999992,0.14285714275510203,0.21052631168975072,0.21052631168975072,0.0,0.21052631168975072,0,0,0.2068965517241379,0.124999999921875
5839.png,সমুদ্রের পারে একজন মানুষ,0.7499999981250001,0.3333333329629629,0.4615384565680474,0.4615384565680474,0.18181817752066123,0.4615384565680474,0,0,0.4054054054054054,0.29999999969999996
3640443200_b8066f37f6.jpg,বিয়ের পার্টি ছবির জন্য পোজ দিচ্ছে,0.16666666638888888,0.14285714265306124,0.15384614863905344,0.15384614863905344,0.0,0.15384614863905344,0,0,0.46153846153846156,0.08333333326388888
8913.png,একজন পুরুষ ও একজন পুরুষ মানুষ।,0.6666666655555555,0.4444444439506172,0.5333333278222222,0.5333333278222222,0.46153845609467453,0.5333333278222222,0,0,0.5625,0.3333333329629629
875.png,একজন নারী দাড়িয়ে আছে।,0.49999999875,0.33333333277777777,0.3999999944,0.3999999944,0.24999999468750006,0.3999999944,0,0,0.5,0.24999999968749997
4101.png,একজন পুরুষ ও একজন পুরুষ দাড়িয়ে আছে।,0.7142857132653061,0.7142857132653061,0.7142857082653062,0.7142857082653062,0.3333333277777778,0.7142857082653062,0,0,0.5769230769230769,0.571428570612245
3349309109_4024a09a17.jpg,দুইজন বালিকা উটে <unk>,0.49999999875,0.2222222219753086,0.3076923029585799,0.3076923029585799,0.0,0.3076923029585799,0,0,0.33333333333333337,0.1999999998
8967.png,একজন পুরুষ ছাতা নিয়ে হেঁটে যাচ্ছে।,0.16666666638888888,0.14285714265306124,0.15384614863905344,0.15384614863905344,0.0,0.15384614863905344,0,0,0.3913043478260869,0.09090909082644627
597.png,একজন পুরুষ বসে আছে।,0.49999999875,0.3999999992,0.4444444385185186,0.4444444385185186,0.0,0.4444444385185186,0,0,0.5294117647058824,0.2857142853061225
496555371_3e1ee0d97d.jpg,দুটি কুকুর একটি সৈকতে দৌড়াচ্ছে,0.5999999988,0.29999999969999996,0.39999999502222217,0.39999999502222217,0.0,0.2666666618666667,0,0,0.47619047619047616,0.2727272724793388
4591.png,একটি <unk> <unk> <unk> <unk> <unk> <unk> <unk> <unk> <unk> <unk> <unk> <unk> <unk> <unk> <unk> <unk> <unk> <unk> <unk> <unk> <unk> <unk> <unk> <unk> <unk> <unk> <unk> <unk> <unk> <unk> <unk> <unk> <unk> <unk> <unk> <unk> <unk> <unk> <unk>,0.02499999999375,0.3333333322222222,0.04651162658734455,0.04651162658734455,0.0,0.04651162658734455,0,0,0.10062893081761004,0.249999999375
1715.png,একজন পুরুষ আছে।,0.3333333322222222,0.249999999375,0.28571428000000004,0.28571428000000004,0.0,0.28571428000000004,0,0,0.5714285714285714,0.16666666638888888
3030294889_78b2ccbe51.jpg,এক লোক তার শরীর থেকে লাফ দিচ্ছে,0.2857142853061225,0.3999999992,0.33333332791666676,0.33333332791666676,0.1999999948000001,0.33333332791666676,0,0,0.4545454545454546,0.1999999998
1517807181_ca6588f2a0.jpg,একজন বাচ্চা ছেলে হেটে যাচ্ছে একজন পুরুষ কাঁদে একটি ক্রিকেট খেলছে,0.18181818165289254,0.2222222219753086,0.19999999485000008,0.19999999485000008,0.0,0.19999999485000008,0,0,0.32558139534883723,0.11764705875432525
9035.png,আগুন আগুন জ্বালানো আগুন জ্বালিয়ে দাঁড়িয়ে আছে।,0.14285714265306124,0.3333333322222222,0.1999999954000001,0.1999999954000001,0.0,0.1999999954000001,0,0,0.2962962962962963,0.14285714265306124
8119.png,একটি <unk> একটি <unk>,0.0,0.0,0.0,0.0,0.0,0.0,0,0,0.20833333333333337,0.0
2715337869_e4fe36db50.jpg,একজন মহিলা একটি মেয়ে একটি মেয়ে একটি মেয়ে একটি মেয়ে একটি মেয়ে একটি মেয়ে একটি মেয়ে একটি মেয়ে একটি মেয়ে একটি মেয়ে একটি মেয়ে একটি মেয়ে একটি মেয়ে একটি মেয়ে একটি মেয়ে একটি মেয়ে একটি মেয়ে একটি মেয়ে একটি মেয়ে,0.0499999999875,0.33333333277777777,0.08695651943289232,0.08695651943289232,0.045454543419421574,0.08695651943289232,0,0,0.12056737588652477,0.24999999968749997
3231237864_8cb1c6d863.jpg,একজন মেয়ে বল ধরে আছে।,0.1999999996,0.249999999375,0.2222222167901236,0.2222222167901236,0.0,0.2222222167901236,0,0,0.3529411764705882,0.14285714265306124
3757.png,একদল লোক একটি বড় ঘরে শীট কাজ করছে।,0.0,0.0,0.0,0.0,0.0,0.0,0,0,0.3191489361702128,0.0
3513.png,কয়েকটি গাছ আছে।,0.3333333322222222,0.249999999375,0.28571428000000004,0.28571428000000004,0.0,0.28571428000000004,0,0,0.4666666666666667,0.16666666638888888
1408.png,একজন ছোট ছেলে ও একজন পুরুষ আছে।,0.2857142853061225,0.1999999998,0.23529411252595167,0.23529411252595167,0.0,0.23529411252595167,0,0,0.3513513513513513,0.14285714275510203
2124040721_bffc0a091a.jpg,একটি টুপি পরা একজন লোক একটি <unk> <unk> মতো টুপি পরে আছে।,0.24999999979166665,0.3333333329629629,0.28571428054421777,0.28571428054421777,0.10526315290858747,0.28571428054421777,0,0,0.36585365853658536,0.19999999986666667
2255.png,একজন নারী তাকিয়ে আছে।,0.249999999375,0.12499999984374999,0.16666666194444454,0.16666666194444454,0.0,0.16666666194444454,0,0,0.30000000000000004,0.09090909082644627
2041867793_552819a40b.jpg,একজন মহিলা একটি <unk> খাচ্ছে,0.3999999992,0.33333333277777777,0.36363635801652905,0.36363635801652905,0.11764705508650528,0.36363635801652905,0,0,0.31818181818181823,0.2222222219753086
444057017_f1e0fcaef7.jpg,একটি মেয়ে একটি জিপ চড়ছে,0.3999999992,0.49999999875,0.4444444385185186,0.4444444385185186,0.0,0.4444444385185186,0,0,0.47058823529411764,0.33333333277777777
5728.png,একটি ব্রীজ দেখা যাচ্ছে ও কয়েকজন মানুষ দাড়িয়ে আছে।,0.3333333329629629,0.5999999988,0.42857142336734694,0.42857142336734694,0.16666666194444454,0.42857142336734694,0,0,0.4545454545454546,0.2727272724793388
444481722_690d0cadcf.jpg,একজন মহিলা একটি মহিলা একটি মহিলা একটি মহিলা একটি মহিলা একটি মহিলা একটি মহিলা একটি মহিলা একটি মহিলা একটি মহিলা একটি মহিলা একটি মহিলা একটি মহিলা একটি মহিলা একটি মহিলা একটি মহিলা একটি মহিলা একটি মহিলা একটি মহিলা একটি মহিলা,0.0499999999875,0.16666666652777776,0.07692307334319543,0.07692307334319543,0.0,0.07692307334319543,0,0,0.17500000000000004,0.08333333326388888
697.png,কয়েকজন মানুষ আছে।,0.0,0.0,0.0,0.0,0.0,0.0,0,0,0.19999999999999996,0.0
inbound362938418199018836.jpg,একটি পা দেখা যাচ্ছে।,0.0,0.0,0.0,0.0,0.0,0.0,0,0,0.29166666666666663,0.0
299178969_5ca1de8e40.jpg,একটি ছেলে হাসছে,0.9999999966666667,0.37499999953124996,0.5454545404958677,0.5454545404958677,0.0,0.5454545404958677,0,0,0.3571428571428571,0.37499999953124996
8190.png,একটি দোকানের ভিতর কয়েকজন মানুষ আছে।,0.33333333277777777,0.2222222219753086,0.2666666615111111,0.2666666615111111,0.0,0.2666666615111111,0,0,0.28125,0.15384615372781063
2286.png,একজন মহিলা এবং কিছু মানুষ কাজ করছে।,0.2857142853061225,0.33333333277777777,0.3076923022485208,0.3076923022485208,0.0,0.3076923022485208,0,0,0.36,0.18181818165289254
1173.png,একজন নারী আছে।,0.9999999966666667,0.49999999916666665,0.6666666607407408,0.6666666607407408,0.28571428081632655,0.6666666607407408,0,0,0.5263157894736843,0.49999999916666665
5992.png,একজন পুরুষ এবং একজন পুরুষ মানুষ।,0.33333333277777777,0.2857142853061225,0.3076923022485208,0.3076923022485208,0.1818181765289258,0.3076923022485208,0,0,0.45833333333333337,0.2222222219753086
2790.png,একজন পুরুষ মানুষ দাড়িয়ে আছে।,0.3999999992,0.49999999875,0.4444444385185186,0.4444444385185186,0.28571428000000004,0.4444444385185186,0,0,0.5789473684210527,0.2857142853061225
8916.png,পানিতে ডুবে যাওয়া একটি নৌকা থেকে নেমে মাছ ধরছে।,0.4444444439506172,0.28571428551020406,0.3478260818903592,0.3478260818903592,0.0,0.17391303856332715,0,0,0.3666666666666667,0.21052631567867036
5433.png,একটি গাছ ও সূর্য আছে।,0.7999999984,0.6666666655555555,0.7272727209917357,0.7272727209917357,0.4444444385185186,0.7272727209917357,0,0,0.7,0.571428570612245
547.png,একজন পুরুষ একজন ছোট ছেলে পানিতে জাল দিয়ে একটি নৌকা থেকে পানিতে জাল দিয়ে মাছ ধরে নৌকা থেকে পানিতে জাল দিয়ে মাছ ধরে নৌকা থেকে পানিতে জাল দিয়ে মাছ ধরে নৌকা থেকে পানিতে জাল দিয়ে মাছ ধরে নৌকা থেকে পানিতে,0.0499999999875,0.1999999998,0.07999999676800014,0.07999999676800014,0.0,0.07999999676800014,0,0,0.1984732824427481,0.09999999995
274.png,একজন পুরুষ বসে আছে।,0.7499999981250001,0.24999999979166665,0.37499999578125004,0.37499999578125004,0.14285713928571436,0.37499999578125004,0,0,0.2727272727272727,0.23076923059171597
3388094307_5a83be64a5.jpg,একজন মহিলা টেনিস খেলছে,0.7499999981250001,0.4285714279591837,0.5454545398347109,0.5454545398347109,0.44444443901234576,0.5454545398347109,0,0,0.5925925925925926,0.37499999953124996
4992.png,একজন পুরুষ ও একটি মসজিদ।,0.1999999996,0.14285714265306124,0.16666666152777793,0.16666666152777793,0.0,0.16666666152777793,0,0,0.24,0.09090909082644627
3857.png,একজন মহিলা একটি দোকানের সামনে দাঁড়িয়ে আছে,0.2857142853061225,0.18181818165289254,0.22222221722222232,0.22222221722222232,0.0,0.22222221722222232,0,0,0.40384615384615385,0.124999999921875
1697.png,একজন বয়স্ক নারী আছে।,0.7499999981250001,0.24999999979166665,0.37499999578125004,0.37499999578125004,0.0,0.37499999578125004,0,0,0.28888888888888886,0.2727272724793388
630476551_2ee7399f77.jpg,এক ব্যক্তি একটি ছোট ঢেউ পেরিয়ে তীর থেকে বেরিয়ে আসছে,0.1999999998,0.1999999998,0.19999999480000014,0.19999999480000014,0.11111110598765454,0.19999999480000014,0,0,0.3142857142857143,0.1111111110493827
141755290_4b954529f3.jpg,একটি <unk> একটি <unk> একটি <unk> <unk>,0.14285714265306124,0.12499999984374999,0.13333332817777796,0.13333332817777796,0.0,0.13333332817777796,0,0,0.30000000000000004,0.1111111109876543
2922807898_b5a06d5c70.jpg,একটি সাদা কুকুর একটি সাদা কুকুর দৌড়াচ্ছে,0.571428570612245,0.3333333330555555,0.42105262648199443,0.42105262648199443,0.2352941128027682,0.42105262648199443,0,0,0.46153846153846156,0.24999999979166665
8805.png,একজন পুরুষ একটি ফাঁকা জায়গায় দাড়িয়ে আছে একজন লোক দাঁড়িয়ে আছে,0.18181818165289254,0.18181818165289254,0.18181817665289268,0.18181817665289268,0.09999999490000026,0.18181817665289268,0,0,0.30952380952380953,0.1111111110493827
343487759_287037936983498_8779235962694618402_n.jpg,একটি শিশু মাথায় গামছা জড়িয়ে আছে,0.16666666638888888,0.14285714265306124,0.15384614863905344,0.15384614863905344,0.0,0.15384614863905344,0,0,0.375,0.08333333326388888
4598.png,একজন পুরুষ হাতে একটা ব্যাগ নিয়ে দাড়িয়ে আছে।,0.49999999937499995,0.9999999975,0.6666666611111112,0.6666666611111112,0.39999999500000005,0.6666666611111112,0,0,0.5172413793103448,0.49999999937499995
7519.png,একজন পুরুষ আছে।,0.9999999966666667,0.4285714279591837,0.5999999946000001,0.5999999946000001,0.24999999562500003,0.5999999946000001,0,0,0.43999999999999995,0.4285714279591837
5048.png,একজন মানুষ আছে।,0.0,0.0,0.0,0.0,0.0,0.0,0,0,0.2666666666666667,0.0
3706.png,একজন বৃদ্ধ পুরুষ মাথায় টুপি পরে চেয়ে আছেন একজন বৃদ্ধ পুরুষ মানুষ।,0.41666666631944443,0.5555555549382716,0.47619047083900223,0.47619047083900223,0.10526315290858747,0.38095237569161,0,0,0.4347826086956522,0.3846153843195266
7297.png,একটি নৌকা দিয়ে একটি নৌকা দিয়ে যাচ্ছে।,0.4285714279591837,0.9999999966666667,0.5999999946000001,0.5999999946000001,0.24999999562500003,0.5999999946000001,0,0,0.4347826086956522,0.7499999981250001
2068960566_21e85ae0dc.jpg,একটি শিশু একটি <unk>,0.0,0.0,0.0,0.0,0.0,0.0,0,0,0.24,0.0
4547.png,একজন লোক একটা বাসের উপর বসে আছে।,0.14285714265306124,0.16666666638888888,0.15384614863905344,0.15384614863905344,0.0,0.15384614863905344,0,0,0.43999999999999995,0.08333333326388888
1204996216_71d7519d9a.jpg,একটি ছেলে একটি কাঠের কাঠামোর উপর বসে আছে।,0.37499999953124996,0.4285714279591837,0.3999999944888889,0.3999999944888889,0.15384614863905344,0.3999999944888889,0,0,0.48484848484848486,0.2727272724793388
116457850.jpg,বাচ্চারা খেলছে,0.0,0.0,0.0,0.0,0.0,0.0,0,0,0.2666666666666667,0.0
1777.png,কয়েকজন মানুষ আছে।,0.6666666644444444,0.1999999998,0.3076923036686391,0.3076923036686391,0.0,0.3076923036686391,0,0,0.2195121951219512,0.18181818165289254
2464259416_238ef13a2e.jpg,একটি কালো কুকুর এবং একটি কালো কুকুর একটি অনুর্বর খেলার সময় বালুতে উভয়েই একটি কালো কুকুর একটি অনুর্বর খেলার সময় বালুতে উভয়েই একটি কালো কুকুর একটি অনুর্বর খেলার সময় বালুতে উভয়েই একটি কালো কুকুর একটি অনুর্বর খেলার সময় বালুতে উভয়েই,0.0499999999875,0.2857142853061225,0.08510638040742426,0.08510638040742426,0.0,0.08510638040742426,0,0,0.1454545454545455,0.14285714275510203
481887827_f8975dabf1.jpg,একজন বৃদ্ধ মহিলা একটি আগুনের পাশে বসে আছে,0.37499999953124996,0.49999999916666665,0.4285714230612245,0.4285714230612245,0.33333332791666676,0.4285714230612245,0,0,0.5,0.2727272724793388
468911753_cc595f5da0.jpg,একটি কুকুর ঘাসের মধ্যে দিয়ে দৌড়ায়।,0.33333333277777777,0.33333333277777777,0.3333333277777778,0.3333333277777778,0.19999999460000012,0.3333333277777778,0,0,0.6363636363636364,0.19999999986666667
314603661_51e05e0e24.jpg,একটি কুকুর একটি <unk>,0.9999999975,0.4444444439506172,0.6153846101775148,0.6153846101775148,0.18181817752066123,0.6153846101775148,0,0,0.39473684210526316,0.37499999953124996
2025.png,একজন পুরুষ একটি শিশু কোলে নিয়ে হেটে যাচ্ছে একজন বাচ্চা ছেলে।,0.09090909082644627,0.1111111109876543,0.09999999495000023,0.09999999495000023,0.0,0.09999999495000023,0,0,0.30000000000000004,0.05555555552469135
4481.png,কয়েকজন পুরুষ বসে আছে।,0.7499999981250001,0.49999999916666665,0.5999999940000001,0.5999999940000001,0.24999999468750006,0.5999999940000001,0,0,0.5238095238095238,0.4285714279591837
3191805046_77c334b506.jpg,একজন স্কি লাফ দিচ্ছে,0.49999999875,0.2222222219753086,0.3076923029585799,0.3076923029585799,0.18181817752066123,0.3076923029585799,0,0,0.44999999999999996,0.18181818165289254
4205.png,একটি শিশু আছে।,0.9999999966666667,0.49999999916666665,0.6666666607407408,0.6666666607407408,0.28571428081632655,0.6666666607407408,0,0,0.5454545454545454,0.49999999916666665
3368819708_0bfa0808f8.jpg,একজন নারী শুয়ে আছে।,0.249999999375,0.249999999375,0.2499999943750001,0.2499999943750001,0.0,0.2499999943750001,0,0,0.5555555555555556,0.14285714265306124
3637013_c675de7705.jpg,একটি গাছের মাঝে একটি গাছের মাঝে একটি গাছের মাঝে একটি গাছের মাঝে একটি গাছের মাঝে দাড়িয়ে আছে একজন পুরুষ দাড়িয়ে আছে।,0.09523809519274376,0.24999999968749997,0.13793103039239013,0.13793103039239013,0.0,0.13793103039239013,0,0,0.2727272727272727,0.14285714275510203
2102315758_a9148a842f.jpg,এক ব্যক্তি সৈকতের তীর ছুড়ছে,0.1999999996,0.249999999375,0.2222222167901236,0.2222222167901236,0.0,0.2222222167901236,0,0,0.34375,0.12499999984374999
2793.png,একটি জায়গা সেখানে তিনজন মানুষ বসে আছে।,0.2857142853061225,0.49999999875,0.36363635834710756,0.36363635834710756,0.2222222172839507,0.36363635834710756,0,0,0.3846153846153846,0.2222222219753086
6078.png,একজন বাচ্চা ছেলে বাচ্চাকে কোলে নিয়ে আছে।,0.2857142853061225,0.1999999998,0.23529411252595167,0.23529411252595167,0.0,0.23529411252595167,0,0,0.4375,0.13333333324444444
8383.png,একজন মানুষ হেঁটে যাচ্ছে।,0.9999999975,0.9999999975,0.9999999925,0.9999999925,0.9999999916666666,0.9999999925,1,1,1.0,0.9999999975
6335.png,একটি চলন্ত নৌকায় ২ জন মানুষ আছে।,0.2857142853061225,0.3999999992,0.33333332791666676,0.33333332791666676,0.0,0.16666666152777793,0,0,0.33333333333333337,0.1999999998
1904.png,একজন নারী একটি শিশু দাড়িয়ে আছে যার চুল কালো রঙ এর,0.2727272724793388,0.4285714279591837,0.33333332820987654,0.33333332820987654,0.12499999515625017,0.33333332820987654,0,0,0.38888888888888884,0.19999999986666667
95734036_bef6d1a871.jpg,একজন লোক একটি <unk> রাস্তা দিয়ে সাইকেল চালিয়ে যাচ্ছে।,0.2222222219753086,0.33333333277777777,0.2666666615111111,0.2666666615111111,0.15384614887573977,0.2666666615111111,0,0,0.6,0.15384615372781063
4781.png,কয়েকজন মানুষ বসে আছে।,0.7499999981250001,0.3333333329629629,0.4615384565680474,0.4615384565680474,0.18181817752066123,0.4615384565680474,0,0,0.4516129032258065,0.29999999969999996
3136043366_b3f8607a0e.jpg,দুজন মিলে একজন ফুটবল খেলোয়াড় তাদের <unk>,0.2857142853061225,0.3999999992,0.33333332791666676,0.33333332791666676,0.1999999948000001,0.33333332791666676,0,0,0.4137931034482759,0.1999999998
7532.png,একজন পুরুষ ও একটি শিশু তাকিয়ে আছে।,0.571428570612245,0.4444444439506172,0.49999999445312515,0.49999999445312515,0.1428571377551022,0.49999999445312515,0,0,0.5294117647058824,0.3999999996
2380765956_6313d8cae3.jpg,একজন পুরুষ দাড়িয়ে আছে।,0.0,0.0,0.0,0.0,0.0,0.0,0,0,0.23684210526315785,0.0
893.png,একজন পুরুষ মানুষ দাড়িয়ে আছে।,0.1999999996,0.249999999375,0.2222222167901236,0.2222222167901236,0.0,0.2222222167901236,0,0,0.38095238095238093,0.12499999984374999
4928.png,একটি ব্রীজ দেখা যাচ্ছে ও খাল দিয়ে একটি পাহাড়।,0.3333333329629629,0.24999999979166665,0.28571428054421777,0.28571428054421777,0.21052631069252087,0.28571428054421777,0,0,0.46153846153846156,0.21428571413265304
2657484284_daa07a3a1b.jpg,একটি দম্পতি একটি বন্য এলাকা যেখানে আরও ২ জন ছেলে বসে আছে,0.08333333326388888,0.16666666638888888,0.11111110654321005,0.11111110654321005,0.0,0.11111110654321005,0,0,0.30952380952380953,0.0624999999609375
3591458156_f1a9a33918.jpg,একটি কুকুরের দৌড় প্রতিযোগিতা অনুষ্ঠিত হচ্ছে,0.16666666638888888,0.0999999999,0.12499999515625017,0.12499999515625017,0.0,0.12499999515625017,0,0,0.30000000000000004,0.07142857137755101
3323076458_3ce72a1dae.jpg,একটি কুকুর একটি অপরটির সাথে দৌড়াচ্ছে,0.49999999916666665,0.49999999916666665,0.4999999941666667,0.4999999941666667,0.19999999460000012,0.4999999941666667,0,0,0.52,0.37499999953124996
3570800810_978c993133.jpg,একজন মহিলা একটি বেলচা দিয়ে জমিতে কাজ করছে।,0.37499999953124996,0.29999999969999996,0.3333333280246914,0.3333333280246914,0.12499999492187522,0.3333333280246914,0,0,0.3571428571428571,0.19999999986666667
132489044_3be606baf7.jpg,একজন লোক একটি সাদা দালানের পাশে বসে একজন লোক একটি <unk> চেয়ারে বসে আছেন।,0.21428571413265304,0.37499999953124996,0.2727272678512397,0.2727272678512397,0.0,0.2727272678512397,0,0,0.34615384615384615,0.13333333324444444
2521213787_ca9b5a1758.jpg,একটি সাদা <unk> একটি সাদা <unk> গাড়ি চালাচ্ছে,0.37499999953124996,0.37499999953124996,0.37499999453125,0.37499999453125,0.0,0.2666666613333334,0,0,0.48275862068965514,0.1999999998
1191.png,একজন মেয়ে শিশু হাতে একটা সিগারেট নিয়ে দাড়িয়ে আছে।,0.6666666659259258,0.5454545449586776,0.5999999944500001,0.5999999944500001,0.3333333280246914,0.5999999944500001,0,0,0.6388888888888888,0.4285714282653061
2921578694_a46ae0d313.jpg,একজন লোক সমুদ্রের ধারে একটি পালতোলা <unk>,0.571428570612245,0.49999999937499995,0.5333333276444445,0.5333333276444445,0.3076923022485208,0.5333333276444445,0,0,0.5625,0.3636363633057851
7692.png,দূরে একজন মানুষ দেখা যাচ্ছে।,0.5999999988,0.29999999969999996,0.39999999502222217,0.39999999502222217,0.15384614934911253,0.39999999502222217,0,0,0.2702702702702703,0.29999999969999996
7676.png,একটি কুকুর একটি <unk>,0.49999999875,0.6666666644444444,0.5714285648979592,0.5714285648979592,0.39999999360000005,0.5714285648979592,0,0,0.5333333333333333,0.49999999875
DSC_1088.JPG,লোক টি দাঁড়িয়ে আছে,0.249999999375,0.249999999375,0.2499999943750001,0.2499999943750001,0.0,0.2499999943750001,0,0,0.6923076923076923,0.14285714265306124
1818403842_553a2a392c.jpg,একটি কালো কুকুর পুকুরে জল ছিটিয়ে এগিয়ে যাচ্ছে,0.49999999937499995,0.49999999937499995,0.49999999437500003,0.49999999437500003,0.33333332791666676,0.4285714230612245,0,0,0.5862068965517242,0.3333333330555555
3890.png,একজন পুরুষ বসে আছে।,0.9999999975,0.4444444439506172,0.6153846101775148,0.6153846101775148,0.5454545404958677,0.6153846101775148,0,0,0.4117647058823529,0.4444444439506172
3251234434_d01e25a50a.jpg,একদল লোক একটি বরফের মধ্যে দাঁড়িয়ে আছে,0.2857142853061225,0.13333333324444444,0.18181817731404967,0.18181817731404967,0.0,0.18181817731404967,0,0,0.3666666666666667,0.09999999995
1087168168_70280d024a.jpg,একটি ছেলে একটি পুকুরে পড়লো,0.5999999988,0.37499999953124996,0.46153845609467453,0.46153845609467453,0.1818181768595043,0.46153845609467453,0,0,0.4516129032258065,0.2222222219753086
IMG_0122.JPG,লোক টি খাবার নিয়ে আছে,0.5999999988,0.7499999981250001,0.6666666602469137,0.6666666602469137,0.28571428000000004,0.6666666602469137,0,0,0.6428571428571428,0.49999999916666665
8638.png,একজন পুরুষ একটি শিশু কোলে নিয়ে দাড়িয়ে আছে।,0.24999999968749997,0.6666666644444444,0.36363635900826446,0.36363635900826446,0.0,0.36363635900826446,0,0,0.3913043478260869,0.2222222219753086
7982.png,একজন লোক একটি গাছের পাশে একটি গাছের নিচে উপরে উঠে একটি গাছের নিচে উপরে উঠে একটি গাছের নিচে উপরে উঠে একটি গাছের নিচে উপরে উঠে একটি গাছের নিচে উপরে উঠে একটি গাছের নিচে উপরে উঠে একটি গাছের নিচে উপরে উঠে,0.0499999999875,0.11764705875432525,0.07017543438596516,0.07017543438596516,0.0,0.07017543438596516,0,0,0.2222222222222222,0.08695652170132324
2543247940_083f1b7969.jpg,একটি সাদা কুকুর ঘাসের মধ্যে দৌড়াচ্ছে,0.6666666655555555,0.3636363633057851,0.47058823017301044,0.47058823017301044,0.2666666618666667,0.47058823017301044,0,0,0.4666666666666667,0.30769230745562126
1897025969_0c41688fa6.jpg,একটি কালো কুকুর একটি বল ধরে আছে,0.571428570612245,0.49999999937499995,0.5333333276444445,0.5333333276444445,0.3076923022485208,0.3999999944888889,0,0,0.5,0.29999999969999996
6521.png,একজন পুরুষ হেঁটে যাচ্ছে।,0.249999999375,0.3333333322222222,0.28571428000000004,0.28571428000000004,0.0,0.28571428000000004,0,0,0.5333333333333333,0.16666666638888888
269898095_d00ac7d7a4.jpg,একটি কালো কুকুর একটি পথ ধরে বসে আছে,0.37499999953124996,0.37499999953124996,0.37499999453125,0.37499999453125,0.15384614863905344,0.37499999453125,0,0,0.5,0.24999999979166665
181103691_fb2f956abd.jpg,একটি বিশাল জনতা দেখছে,0.49999999875,0.18181818165289254,0.26666666240000003,0.26666666240000003,0.15384615005917168,0.26666666240000003,0,0,0.40909090909090906,0.15384615372781063
2704362232_7d84503433.jpg,একটি ছেলে সুইমিংপুলে সাঁতার কাটছে,0.5999999988,0.37499999953124996,0.46153845609467453,0.46153845609467453,0.1818181768595043,0.46153845609467453,0,0,0.4482758620689655,0.29999999969999996
767.png,একজন নারী বসে ভুট্টা তুলছে।,0.1999999996,0.12499999984374999,0.15384614887573977,0.15384614887573977,0.0,0.15384614887573977,0,0,0.34782608695652173,0.09090909082644627
2884301336_dc8e974431.jpg,একটি সাদা কুকুর পানির স্লাইড বেয়ে নিচে নামছে,0.24999999968749997,0.2857142853061225,0.2666666613333334,0.2666666613333334,0.0,0.2666666613333334,0,0,0.5517241379310345,0.15384615372781063
3198.png,সুর্য অস্ত যাচ্ছে নদীতে একটি নৌকা চালিয়ে যাচ্ছে।,0.12499999984374999,0.1999999996,0.15384614887573977,0.15384614887573977,0.0,0.15384614887573977,0,0,0.2666666666666667,0.08333333326388888
20220909_134416.jpg,একটি লোক খাবার বিক্রি করছে,0.1999999996,0.3333333322222222,0.24999999468750006,0.24999999468750006,0.0,0.24999999468750006,0,0,0.38888888888888884,0.14285714265306124
382701159_f98c1988cd.jpg,একজন লোক সমুদ্রের ঢেউ হতে লাফ দিচ্ছে,0.2857142853061225,0.3999999992,0.33333332791666676,0.33333332791666676,0.1999999948000001,0.33333332791666676,0,0,0.5769230769230769,0.1999999998
225909073_25c3c33a29.jpg,একটি কুকুর সাগরের মধ্যে দৌড়াচ্ছে,0.3999999992,0.2857142853061225,0.33333332791666676,0.33333332791666676,0.1999999948000001,0.33333332791666676,0,0,0.4375,0.1999999998
3660826540_481d25fbb0.jpg,একটি শিশু একটি গাছের সামনে দাঁড়িয়ে আছে।,0.14285714265306124,0.1999999996,0.16666666152777793,0.16666666152777793,0.0,0.16666666152777793,0,0,0.375,0.0999999999
2347.png,রাতের বেলা লোকজন একটি <unk> নিয়ে দাড়িয়ে আছে।,0.24999999968749997,0.3999999992,0.3076923024852071,0.3076923024852071,0.1818181768595043,0.3076923024852071,0,0,0.3793103448275862,0.18181818165289254
3825.png,একটি টাওয়ার আছে।,0.3333333322222222,0.08333333326388888,0.1333333299555556,0.1333333299555556,0.0,0.1333333299555556,0,0,0.16279069767441856,0.07142857137755101
1211196579.jpg,একটি পাথুরে পাহাড়ে একজন লোক বসে আছে,0.4285714279591837,0.16666666657407406,0.23999999577600004,0.23999999577600004,0.13333332835555572,0.23999999577600004,0,0,0.3846153846153846,0.149999999925
1397923690_d3bf1f799e.jpg,একজন লোক একটি বরফের পাহাড়ে নেমে এসেছে,0.2857142853061225,0.24999999968749997,0.2666666613333334,0.2666666613333334,0.0,0.2666666613333334,0,0,0.5555555555555556,0.15384615372781063
386470686_1ae9242878.jpg,একটি ছোট ছেলে বন দিয়ে গাছ কাটছে।,0.14285714265306124,0.14285714265306124,0.14285713765306143,0.14285713765306143,0.0,0.14285713765306143,0,0,0.3214285714285714,0.08333333326388888
3721.png,একজন পুরুষ চাতালে কাজ করছে।,0.3999999992,0.49999999875,0.4444444385185186,0.4444444385185186,0.28571428000000004,0.4444444385185186,0,0,0.5789473684210527,0.2857142853061225
349.png,একজন ছেলে খালি শরীরে কাদা মেখে আছে।,0.2857142853061225,0.1999999998,0.23529411252595167,0.23529411252595167,0.0,0.23529411252595167,0,0,0.3055555555555556,0.14285714275510203
IMG_2771.JPG,একটা লোক টি বসে আছে,0.7999999984,0.7999999984,0.7999999934,0.7999999934,0.6666666602469137,0.7999999934,0,0,0.6875,0.6666666655555555
6601.png,একজন পুরুষ ও দুইটি শিশু আছে।,0.33333333277777777,0.33333333277777777,0.3333333277777778,0.3333333277777778,0.0,0.3333333277777778,0,0,0.5909090909090908,0.1999999998
831.png,একজন পুরুষ ও একটি শিশু দাড়িয়ে আছে।,0.7142857132653061,0.3124999998046875,0.43478260408317587,0.43478260408317587,0.2857142813605443,0.43478260408317587,0,0,0.3620689655172413,0.41666666631944443
2686.png,একটি সেতু আছে।,0.0,0.0,0.0,0.0,0.0,0.0,0,0,0.17647058823529416,0.0
3076052114_233f42ae5b.jpg,একটি কুকুর একটি বল ধরার চেষ্টা করছে,0.14285714265306124,0.1999999996,0.16666666152777793,0.16666666152777793,0.0,0.16666666152777793,0,0,0.3846153846153846,0.0999999999
6533.png,একজন পুরুষ একটি শিশু আছে।,0.3999999992,0.1111111110493827,0.17391303992438567,0.17391303992438567,0.0,0.17391303992438567,0,0,0.2777777777777778,0.09999999995
3358558292_6ab14193ed.jpg,তিনজন লোক একসাথে ছবি তুলছেন,0.0,0.0,0.0,0.0,0.0,0.0,0,0,0.2571428571428571,0.0
3386.png,একজন পুরুষ পত্রিকা পড়ছে।,0.49999999875,0.2222222219753086,0.3076923029585799,0.3076923029585799,0.18181817752066123,0.3076923029585799,0,0,0.38235294117647056,0.18181818165289254
3323419265_7fefaa9d5d.jpg,একটি ছোট ছেলে <unk> খাচ্ছে,0.3999999992,0.2857142853061225,0.33333332791666676,0.33333332791666676,0.0,0.33333332791666676,0,0,0.42307692307692313,0.2222222219753086
1969.png,একজন পুরুষ একটি মূর্তি নিয়ে দাড়িয়ে আছে যার পিছনে অনেকগুলো মানুষ হেঁটে যাচ্ছে।,0.07692307686390532,0.1999999996,0.11111110697530877,0.11111110697530877,0.0,0.11111110697530877,0,0,0.32692307692307687,0.05882352937716263
3618525295_d32d634b2e.jpg,একটি টেবিলে কয়েকজন লোক বসে আছে,0.6666666655555555,0.3636363633057851,0.47058823017301044,0.47058823017301044,0.13333332871111125,0.47058823017301044,0,0,0.41666666666666663,0.30769230745562126
3164328039_2c56acf594.jpg,একটি সাদা কালো এবং সাদা কালো এবং সাদা কালো এবং সাদা কালো এবং সাদা কালো এবং সাদা কালো এবং সাদা কালো এবং সাদা কালো এবং সাদা কালো এবং সাদা কালো এবং সাদা কালো এবং সাদা কালো এবং সাদা কালো এবং,0.0499999999875,0.2222222219753086,0.08163265002915464,0.08163265002915464,0.0,0.04255318893617037,0,0,0.16666666666666663,0.18181818165289254
623A0159.JPG,গলায় কালো মালা,0.3333333322222222,0.249999999375,0.28571428000000004,0.28571428000000004,0.0,0.28571428000000004,0,0,0.2727272727272727,0.16666666638888888
7139.png,একজন পুরুষ মানুষ রান্না করছে।,0.1999999996,0.3333333322222222,0.24999999468750006,0.24999999468750006,0.0,0.24999999468750006,0,0,0.4,0.14285714265306124
2783620390_02c166c733.jpg,একজন মোটরসাইকেল আরোহী তার মোটর সাইকেল চালাচ্ছেন,0.2857142853061225,0.49999999875,0.36363635834710756,0.36363635834710756,0.19047618621315202,0.36363635834710756,0,0,0.7027027027027026,0.2222222220987654
2745.png,একজন পুরুষ দাড়িয়ে আছে।,0.49999999875,0.2222222219753086,0.3076923029585799,0.3076923029585799,0.0,0.3076923029585799,0,0,0.3055555555555556,0.18181818165289254
3860.png,কয়েকজন মানুষ দাড়িয়ে আছে।,0.249999999375,0.09090909082644627,0.13333332924444455,0.13333332924444455,0.0,0.13333332924444455,0,0,0.25,0.07692307686390532
3070130228_67dcfee9ae.jpg,একজন ফুটবল খেলোয়াড় খেলার সময় পরবর্তী খেলার সময় পরবর্তী খেলার সময় পরবর্তী খেলার সময় পরবর্তী খেলার সময় পরবর্তী খেলার সময় পরবর্তী খেলার সময় পরবর্তী খেলার সময় পরবর্তী খেলার সময় পরবর্তী খেলার সময় পরবর্তী খেলার সময় পরবর্তী খেলার সময় পরবর্তী খেলার,0.07499999998125,0.37499999953124996,0.12499999717013895,0.12499999717013895,0.043478258270321514,0.08333333052083343,0,0,0.16129032258064513,0.2727272724793388
2209888959_d636b1be0b.jpg,এক মেয়ে একটি ছোট মেয়ে সাবানের বেলুন ফুলাচ্ছে।,0.24999999968749997,0.2857142853061225,0.2666666613333334,0.2666666613333334,0.19047618585034026,0.2666666613333334,0,0,0.3783783783783784,0.16666666657407406
8034.png,কয়েকজন মানুষ কাজ করছে।,0.0,0.0,0.0,0.0,0.0,0.0,0,0,0.30000000000000004,0.0
693785581_68bec8312a.jpg,একটি মার্শাল আর্টের পোশাক পরিহিত একজন মেয়ে কারাটে কিক করার চেষ্টা করছে,0.16666666652777776,0.16666666652777776,0.16666666152777793,0.16666666152777793,0.0,0.16666666152777793,0,0,0.40384615384615385,0.09090909086776859
2259203920_6b93b721ce.jpg,একটি সাদা কুকুর দৌড়াচ্ছে,0.49999999875,0.24999999968749997,0.33333332833333335,0.33333332833333335,0.0,0.33333332833333335,0,0,0.3793103448275862,0.1999999998
2892989340_bb7e0e5548.jpg,একজন ঢেউ এর উপর সার্ফ করছে,0.33333333277777777,0.33333333277777777,0.3333333277777778,0.3333333277777778,0.0,0.3333333277777778,0,0,0.6153846153846154,0.1999999998
241346317_be3f07bd2e.jpg,অনেকগুলো মানুষ দাড়িয়ে আছে।,0.0,0.0,0.0,0.0,0.0,0.0,0,0,0.2592592592592593,0.0
8340.png,একজন লোক পানিতে সাঁতার কাটছে।,0.3999999992,0.2857142853061225,0.33333332791666676,0.33333332791666676,0.1999999948000001,0.33333332791666676,0,0,0.42307692307692313,0.1999999998
3590739067_58baffb3a7.jpg,একটি লম্বা চুল লম্বা <unk>,0.3999999992,0.2222222219753086,0.2857142807142858,0.2857142807142858,0.0,0.2857142807142858,0,0,0.2564102564102564,0.1999999998
169.png,একজন বৃদ্ধ লোক শুয়ে আছে।,0.1999999996,0.14285714265306124,0.16666666152777793,0.16666666152777793,0.0,0.16666666152777793,0,0,0.33333333333333337,0.09090909082644627
241346402_5c070a0c6d.jpg,এক লোক একটি কালো টুপি পরা লোক,0.571428570612245,0.30769230745562126,0.39999999505,0.39999999505,0.2857142804081633,0.374999994609375,0,0,0.32432432432432434,0.26666666648888887
1289142574_2bd6a082dd.jpg,একটি ছেলে একটি খেলার মাঠে লাফ দিচ্ছে,0.4285714279591837,0.37499999953124996,0.3999999944888889,0.3999999944888889,0.15384614863905344,0.3999999944888889,0,0,0.5,0.2727272724793388
8743.png,একজন পুরুষ দাড়িয়ে আছে।,0.249999999375,0.3333333322222222,0.28571428000000004,0.28571428000000004,0.0,0.28571428000000004,0,0,0.4666666666666667,0.16666666638888888
1508269285_6c5723f67d.jpg,একটি কুকুর একটি জলাধারের পাশে দাঁড়িয়ে আছে,0.4285714279591837,0.3333333329629629,0.374999994609375,0.374999994609375,0.0,0.374999994609375,0,0,0.5185185185185186,0.24999999979166665
951.png,একজন বয়স্ক নারী তাকিয়ে আছে।,0.5999999988,0.7499999981250001,0.6666666602469137,0.6666666602469137,0.5714285648979592,0.6666666602469137,0,0,0.631578947368421,0.49999999916666665
6101.png,একটি সাদা রঙের পোশাক পরিহিত একজন পুরুষ একটি টিনের কুটা নিয়ে দাড়িয়ে আছে।,0.23076923059171597,0.7499999981250001,0.35294117245674744,0.35294117245674744,0.1333333299555556,0.35294117245674744,0,0,0.30612244897959184,0.23076923059171597
2692.png,একটি অনুস্তানে কিছু মানুষ।,0.0,0.0,0.0,0.0,0.0,0.0,0,0,0.19354838709677424,0.0
1794.png,একটি শিশু আছে।,0.9999999966666667,0.37499999953124996,0.5454545404958677,0.5454545404958677,0.22222221827160496,0.5454545404958677,0,0,0.31034482758620685,0.4285714279591837
3625.png,কিছু ছেলে দাড়িয়ে আছে।,0.249999999375,0.3333333322222222,0.28571428000000004,0.28571428000000004,0.0,0.28571428000000004,0,0,0.33333333333333337,0.16666666638888888
3317073508_7e13565c1b.jpg,একজন ফুটবল খেলোয়াড় বল লাথি মারার প্রস্তুতি নিচ্ছে,0.37499999953124996,0.24999999979166665,0.2999999949,0.2999999949,0.11111110623456812,0.1999999950000001,0,0,0.29729729729729726,0.1764705881314879
8369.png,একজন পুরুষ একটি বড় গাছ।,0.1999999996,0.0624999999609375,0.09523809151927451,0.09523809151927451,0.0,0.09523809151927451,0,0,0.38888888888888884,0.05263157891966759
6982.png,একজন পুরুষ ভ্যান চালাচ্ছে।,0.249999999375,0.12499999984374999,0.16666666194444454,0.16666666194444454,0.0,0.16666666194444454,0,0,0.32258064516129037,0.09090909082644627
6777.png,একজন পুরুষ ও একজন পুরুষ বসে আছে।,0.4285714279591837,0.9999999966666667,0.5999999946000001,0.5999999946000001,0.24999999562500003,0.5999999946000001,0,0,0.5172413793103448,0.5999999988
6857.png,একজন পুরুষ একটি গাছে ঘেরা একটি গাছে উঠতে গিয়ে <unk> <unk> <unk> <unk> <unk> <unk> <unk> <unk> <unk> <unk> <unk> <unk> <unk> <unk> <unk> <unk> <unk> <unk> <unk> <unk> <unk> <unk> <unk> <unk> <unk> <unk> <unk> <unk> <unk> <unk> <unk>,0.02499999999375,0.1111111109876543,0.04081632351520222,0.04081632351520222,0.0,0.04081632351520222,0,0,0.09615384615384615,0.0624999999609375
314904143_5a216a192b.jpg,একজন লোক একটি পাথরের উপরে উঠার চেষ্টা করছে,0.24999999968749997,0.24999999968749997,0.24999999468750006,0.24999999468750006,0.13333332817777796,0.24999999468750006,0,0,0.4375,0.14285714275510203
7538.png,একজন মেয়ে মানুষ।,0.3333333322222222,0.0999999999,0.15384615005917168,0.15384615005917168,0.0,0.15384615005917168,0,0,0.22857142857142854,0.09090909082644627
2833582518_074bef3ed6.jpg,একটি সাদা কুকুর একটি গেট এর উপর দিয়ে লাফ দিচ্ছে,0.29999999969999996,0.5999999988,0.39999999502222217,0.39999999502222217,0.0,0.39999999502222217,0,0,0.5294117647058824,0.2727272724793388
4355.png,একটি চলন্ত নৌকায় কয়েকজন মানুষ আছে।,0.49999999916666665,0.23076923059171597,0.31578946903047095,0.31578946903047095,0.0,0.31578946903047095,0,0,0.4,0.19999999986666667
2423894412_d952d5d103.jpg,একজন নারী একটি গাছের নিচে মাটিতে শুয়ে আছে।,0.24999999968749997,0.2857142853061225,0.2666666613333334,0.2666666613333334,0.0,0.2666666613333334,0,0,0.4642857142857143,0.15384615372781063
2921670682_6a77a6c3e9.jpg,একজন লোক সাইকেল দিয়ে বাতাসে একটি সাইকেল দিয়ে বাতাসে একটি সাইকেল দিয়ে বাতাসে একটি সাইকেল দিয়ে বাতাসে একটি সাইকেল দিয়ে বাতাসে একটি সাইকেল দিয়ে বাতাসে একটি সাইকেল দিয়ে বাতাসে একটি সাইকেল দিয়ে বাতাসে একটি সাইকেল দিয়ে বাতাসে একটি সাইকেল দিয়ে,0.07499999998125,0.37499999953124996,0.12499999717013895,0.12499999717013895,0.043478258270321514,0.08510638040742426,0,0,0.15094339622641506,0.2727272724793388
8020.png,সমুদ্রের পারে কয়েকজন মানুষ দাড়িয়ে আছে।,0.49999999916666665,0.7499999981250001,0.5999999940000001,0.5999999940000001,0.49999999406250006,0.5999999940000001,0,0,0.48,0.4285714279591837
3211437611_bd4af3730b.jpg,একটি সাদা বিবাহের পার্টি <unk> <unk> <unk>,0.2857142853061225,0.6666666644444444,0.39999999500000005,0.39999999500000005,0.0,0.39999999500000005,0,0,0.33333333333333337,0.33333333277777777
3592992234_6d3fe58a70.jpg,একটি শিশু পতাকা হাতে নিয়ে দাড়িয়ে আছে।,0.4285714279591837,0.3333333329629629,0.374999994609375,0.374999994609375,0.0,0.28571428030612256,0,0,0.43333333333333335,0.23076923059171597
526.png,একজন মহিলা একটি শিশুকে নিয়ে একটি <unk> হাতে একটি কালো ব্যাগ হাতে একটি কালো ব্যাগ হাতে একটি কালো ব্যাগ হাতে একটি কালো ব্যাগ হাতে একটি কালো ব্যাগ হাতে একটি কালো ব্যাগ হাতে একটি কালো ব্যাগ হাতে একটি কালো ব্যাগ হাতে,0.07499999998125,0.4285714279591837,0.12765957187867819,0.12765957187867819,0.08888888653827165,0.12765957187867819,0,0,0.16901408450704225,0.23076923059171597
8664.png,একটি পুকুর দেখা যাচ্ছে।,0.0,0.0,0.0,0.0,0.0,0.0,0,0,0.3125,0.0
3463268965_f22884fc69.jpg,একজন লোক রাস্তায় স্কেটবোর্ড চালাচ্ছে,0.3999999992,0.2857142853061225,0.33333332791666676,0.33333332791666676,0.1999999948000001,0.33333332791666676,0,0,0.4193548387096774,0.1999999998
2331510788_986809bbb4.jpg,একটি বাদামী কুকুর একটি <unk>,0.5999999988,0.37499999953124996,0.46153845609467453,0.46153845609467453,0.36363635834710756,0.46153845609467453,0,0,0.5263157894736843,0.3333333329629629
8754.png,একজন পুরুষ হেঁটে যাচ্ছে।,0.7499999981250001,0.29999999969999996,0.42857142387755104,0.42857142387755104,0.3333333290277778,0.42857142387755104,0,0,0.3513513513513513,0.3333333329629629
2940594396_20c40947b0.jpg,একটি <unk> এক ব্যক্তি রাস্তায় সাইকেল চালাচ্ছে,0.4285714279591837,0.37499999953124996,0.3999999944888889,0.3999999944888889,0.0,0.3999999944888889,0,0,0.5555555555555556,0.24999999979166665
2248487950_c62d0c81a9.jpg,একজন লোক একটি ইটের ভবনের সামনের রাস্তায় দাঁড়িয়ে আছে।,0.1111111109876543,0.12499999984374999,0.11764705370242234,0.11764705370242234,0.0,0.11764705370242234,0,0,0.4054054054054054,0.06666666662222222
4947.png,একটি শিশু আছে।,0.3333333322222222,0.249999999375,0.28571428000000004,0.28571428000000004,0.0,0.28571428000000004,0,0,0.3125,0.16666666638888888
3091580843_178042c50b.jpg,একটি দোকানের দোকানের ভিতর দোকানের ভিতর থেকে বিরতি স্প্রে করছে।,0.1999999998,0.1999999998,0.19999999480000014,0.19999999480000014,0.11111110598765454,0.19999999480000014,0,0,0.36585365853658536,0.13333333324444444
345290432_629788248643423_8548931692453873638_n.jpg,একজন নারী বসে আছে।,0.49999999875,0.24999999968749997,0.33333332833333335,0.33333332833333335,0.0,0.33333332833333335,0,0,0.38235294117647056,0.2222222219753086
8200.png,একজন ছোট ছেলে পানিতে নেমে গোসল করছে।,0.14285714265306124,0.12499999984374999,0.13333332817777796,0.13333332817777796,0.0,0.13333332817777796,0,0,0.33333333333333337,0.07692307686390532
6907.png,একজন পুরুষ দাড়িয়ে আছে।,0.49999999875,0.3999999992,0.4444444385185186,0.4444444385185186,0.28571428000000004,0.4444444385185186,0,0,0.5789473684210527,0.2857142853061225
4168.png,কয়েকজন নারী ও অনেকগুলো মানুষ আছে।,0.49999999916666665,0.4285714279591837,0.4615384558579882,0.4615384558579882,0.1818181765289258,0.4615384558579882,0,0,0.3793103448275862,0.29999999969999996
IMG_2826.JPG,লোক টি শাড়ি পরে আছে,0.7999999984,0.7999999984,0.7999999934,0.7999999934,0.7499999931250001,0.7999999934,0,0,0.7857142857142857,0.6666666655555555
3400041870_4e7732b40f.jpg,একজন পুরুষ ও একজন পুরুষ এবং পিছনে কয়েকজন মানুষ দাড়িয়ে আছে।,0.2727272724793388,0.3333333329629629,0.29999999475000005,0.29999999475000005,0.0,0.19999999485000008,0,0,0.39534883720930236,0.14285714275510203
7333.png,একজন নারী দাড়িয়ে আছে।,0.249999999375,0.1999999996,0.2222222167901236,0.2222222167901236,0.0,0.2222222167901236,0,0,0.3548387096774194,0.12499999984374999
62.png,কিছু মহিলা মানুষ দাড়িয়ে আছে।,0.3999999992,0.33333333277777777,0.36363635801652905,0.36363635801652905,0.0,0.36363635801652905,0,0,0.3913043478260869,0.2222222219753086
IMG_2339.JPG,লোক টি দাঁড়িয়ে আছে,0.49999999875,0.6666666644444444,0.5714285648979592,0.5714285648979592,0.39999999360000005,0.5714285648979592,0,0,0.5454545454545454,0.3999999992
3116039960_54d1d68145.jpg,এক মহিলা এবং অন্য হাতে একটি <unk> নিয়ে।,0.24999999968749997,0.1999999998,0.22222221703703712,0.22222221703703712,0.0,0.13333332817777796,0,0,0.33333333333333337,0.124999999921875
7998.png,একজন লোক হাতে একটি <unk> <unk> <unk> <unk> <unk> <unk> <unk> <unk> <unk> <unk> <unk> <unk> <unk> <unk> <unk> <unk> <unk> <unk> <unk> <unk> <unk> <unk> <unk> <unk> <unk> <unk> <unk> <unk> <unk> <unk> <unk> <unk> <unk> <unk> <unk> <unk>,0.0499999999875,0.11764705875432525,0.07017543438596516,0.07017543438596516,0.03636363222479386,0.07017543438596516,0,0,0.10759493670886078,0.10526315783933518
929.png,একটি সরু গেট এর সামনে একজন নারী দাড়িয়ে আছে।,0.2222222219753086,0.33333333277777777,0.2666666615111111,0.2666666615111111,0.0,0.2666666615111111,0,0,0.32258064516129037,0.16666666652777776
4464.png,একজন পুরুষ হেঁটে যাচ্ছে।,0.9999999975,0.6666666655555555,0.7999999936,0.7999999936,0.49999999406250006,0.7999999936,0,0,0.6818181818181819,0.6666666655555555
6834.png,একজন লোক একটি পাথর এর ভিতর দাড়িয়ে আছে,0.37499999953124996,0.16666666657407406,0.23076922633136102,0.23076922633136102,0.0,0.23076922633136102,0,0,0.3793103448275862,0.14285714278911565
8510.png,একজন পুরুষ দাড়িয়ে আছে।,0.7499999981250001,0.37499999953124996,0.49999999472222234,0.49999999472222234,0.1999999954000001,0.49999999472222234,0,0,0.4285714285714286,0.37499999953124996
110595925_f3395c8bd6.jpg,একজন সাইকেল আরোহী একটি পাহাড়ে চড়ে,0.49999999916666665,0.3333333329629629,0.3999999946666667,0.3999999946666667,0.16666666152777793,0.2857142804081633,0,0,0.4864864864864865,0.24999999979166665
7557.png,একজন লোক একটি <unk> <unk> <unk> <unk> <unk> <unk> <unk> <unk> <unk> <unk> <unk> <unk> <unk> <unk> <unk> <unk> <unk> <unk> <unk> <unk> <unk> <unk> <unk> <unk> <unk> <unk> <unk> <unk> <unk> <unk> <unk> <unk> <unk> <unk> <unk> <unk> <unk>,0.02499999999375,0.12499999984374999,0.04166666387152797,0.04166666387152797,0.0,0.04166666387152797,0,0,0.08176100628930816,0.0999999999
3042679440_010b2c596c.jpg,একটি <unk> একটি <unk> একটি <unk> একটি <unk> একটি <unk> একটি <unk> একটি <unk> একটি <unk> একটি <unk> একটি <unk> একটি <unk> একটি <unk> একটি <unk> একটি <unk> একটি <unk> একটি <unk> একটি <unk> একটি <unk> একটি <unk> একটি <unk>,0.02499999999375,0.12499999984374999,0.04166666387152797,0.04166666387152797,0.0,0.04166666387152797,0,0,0.08176100628930816,0.1111111109876543
200710224.jpg.webp,একজন বাচ্চা মেয়ে হাঁসি মুখে তাকিয়ে আছে।,0.14285714265306124,0.09090909082644627,0.11111110623456812,0.11111110623456812,0.0,0.11111110623456812,0,0,0.33333333333333337,0.05882352937716263
8478.png,একটি শিশু দাড়িয়ে আছে একজন মেয়ে দাড়িয়ে আছে,0.37499999953124996,0.4285714279591837,0.3999999944888889,0.3999999944888889,0.15384614863905344,0.3999999944888889,0,0,0.6428571428571428,0.29999999969999996
5553.png,একটি পুরাতন <unk>,0.6666666644444444,0.1999999998,0.3076923036686391,0.3076923036686391,0.0,0.3076923036686391,0,0,0.33333333333333337,0.18181818165289254
3016759846_062663f8ab.jpg,লাল রঙের পোশাক পরিহিত দুইজন নারী,0.16666666638888888,0.12499999984374999,0.1428571377551022,0.1428571377551022,0.0,0.1428571377551022,0,0,0.26086956521739135,0.07692307686390532
7965.png,একজন নারী ও একজন মহিলা যার মাঝে একজন মহিলা।,0.4444444439506172,0.3999999996,0.4210526261495845,0.4210526261495845,0.11764705370242234,0.31578946836565097,0,0,0.42500000000000004,0.24999999979166665
3439.png,সানগ্লাস পরা একজন মহিলা এবং মহিলা এবং মহিলা এবং মহিলা এবং মহিলা এবং মহিলা এবং মহিলা এবং মহিলা এবং মহিলা এবং মহিলা এবং মহিলা এবং মহিলা এবং মহিলা এবং মহিলা এবং মহিলা এবং মহিলা এবং মহিলা এবং মহিলা এবং মহিলা,0.02499999999375,0.1111111109876543,0.04081632351520222,0.04081632351520222,0.0,0.04081632351520222,0,0,0.13286713286713292,0.08333333326388888
708945669_08e7ffb9a7.jpg,একজন লোক একটি ছবির জন্য পোজ দিচ্ছে,0.571428570612245,0.4444444439506172,0.49999999445312515,0.49999999445312515,0.2857142804081633,0.49999999445312515,0,0,0.6875,0.3333333330555555
8202.png,একজন পুরুষ দাড়িয়ে আছে যাতে কিছু মানুষ দাড়িয়ে আছে যাতে কিছু মানুষ দাড়িয়ে আছে যাতে কিছু মানুষ দাড়িয়ে আছে যাতে কিছু মানুষ দাড়িয়ে আছে যাতে কিছু মানুষ দাড়িয়ে আছে যাতে কিছু মানুষ দাড়িয়ে আছে যাতে কিছু মানুষ দাড়িয়ে আছে যাতে,0.02499999999375,0.249999999375,0.04545454378099179,0.04545454378099179,0.0,0.04545454378099179,0,0,0.17518248175182483,0.0999999999
6651.png,একজন বাচ্চা মেয়ে শিশু কোলে নিয়ে আছে।,0.4285714279591837,0.5999999988,0.4999999943055557,0.4999999943055557,0.1999999948000001,0.4999999943055557,0,0,0.6086956521739131,0.3333333329629629
6219.png,কয়েকজন মানুষ আছে।,0.3333333322222222,0.16666666638888888,0.2222222172839507,0.2222222172839507,0.0,0.2222222172839507,0,0,0.26315789473684215,0.12499999984374999
5647.png,একজন বয়স্ক নারী তাকিয়ে আছে।,0.7999999984,0.6666666655555555,0.7272727209917357,0.7272727209917357,0.2222222167901236,0.7272727209917357,0,0,0.65,0.571428570612245
347410789_635498211778311_7617224015997252371_n.jpg,একজন পুরুষ একটি বার এর পাশে দাঁড়িয়ে আছে,0.49999999937499995,0.3999999996,0.4444444390123457,0.4444444390123457,0.12499999492187522,0.4444444390123457,0,0,0.5263157894736843,0.28571428551020406
2970.png,একজন পুরুষ একটি নৌকা চালিয়ে যাচ্ছে,0.6666666655555555,0.3333333330555555,0.4444444395061729,0.4444444395061729,0.0,0.22222221753086427,0,0,0.3829787234042553,0.28571428551020406
3621329299_6fb3f2935c.jpg,এক লোক তার সাইকেল চালাচ্ছে,0.1999999996,0.12499999984374999,0.15384614887573977,0.15384614887573977,0.0,0.15384614887573977,0,0,0.37037037037037035,0.08333333326388888
5362.png,একটি পুরাতন <unk>,0.6666666644444444,0.49999999875,0.5714285648979592,0.5714285648979592,0.0,0.5714285648979592,0,0,0.46153846153846156,0.3999999992
3695517194_2a6b604cb2.jpg,একজন লোক একটি ফুটবল খেলোয়াড় একটি ফুটবল খেলোয়াড় একটি ফুটবল খেলোয়াড় একটি ফুটবল খেলোয়াড় একটি ফুটবল খেলোয়াড় একটি ফুটবল খেলোয়াড় একটি ফুটবল খেলোয়াড় একটি ফুটবল খেলোয়াড় একটি ফুটবল খেলোয়াড় একটি ফুটবল খেলোয়াড় একটি ফুটবল খেলোয়াড় একটি ফুটবল খেলোয়াড় একটি ফুটবল,0.0499999999875,0.3999999992,0.08888888687407412,0.08888888687407412,0.0,0.08888888687407412,0,0,0.2554347826086957,0.24999999968749997
1557838421_a33f2a4911.jpg,দুটি কুকুর একটি <unk>,0.49999999875,0.6666666644444444,0.5714285648979592,0.5714285648979592,0.39999999360000005,0.5714285648979592,0,0,0.5,0.3999999992
6493.png,একজন বয়স্ক নারী তাকিয়ে আছে।,0.9999999980000001,0.9999999980000001,0.9999999930000001,0.9999999930000001,0.9999999925,0.9999999930000001,1,1,1.0,0.9999999980000001
3584196366_a4b43d6644.jpg,সমুদ্রের পারে অনেকগুলো মানুষ দাড়িয়ে আছে।,0.16666666638888888,0.07692307686390532,0.10526315346260404,0.10526315346260404,0.0,0.10526315346260404,0,0,0.31999999999999995,0.05882352937716263
236476706_175081ce18.jpg,একদল শিশু একটি ছোট মেয়ে রাস্তায় দাঁড়িয়ে আছে,0.37499999953124996,0.24999999979166665,0.2999999949,0.2999999949,0.0,0.1999999950000001,0,0,0.3448275862068966,0.1764705881314879
160805827_5e6646b753.jpg,একজন পুরুষ একটি নৌকা দেখা যাচ্ছে।,0.16666666638888888,0.16666666638888888,0.16666666138888903,0.16666666138888903,0.0,0.16666666138888903,0,0,0.34285714285714286,0.09090909082644627
1943.png,একজন পুরুষ হেঁটে যাচ্ছে।,0.49999999875,0.15384615372781063,0.2352941137716263,0.2352941137716263,0.1333333299555556,0.2352941137716263,0,0,0.23404255319148937,0.14285714275510203
6126.png,একজন পুরুষ আছে।,0.6666666644444444,0.6666666644444444,0.6666666594444445,0.6666666594444445,0.4999999925000001,0.6666666594444445,0,0,0.8181818181818181,0.49999999875
7319.png,একজন পুরুষ একটি নৌকা চালিয়ে যাচ্ছে।,0.33333333277777777,0.3999999992,0.36363635801652905,0.36363635801652905,0.10526315390581731,0.19047618621315202,0,0,0.4347826086956522,0.2222222219753086
IMG_8241.JPG,লোক টি বসে আছে,0.7499999981250001,0.5999999988,0.6666666602469137,0.6666666602469137,0.28571428000000004,0.6666666602469137,0,0,0.5714285714285714,0.49999999916666665
243.png,কয়েকজন মানুষ আছে।,0.6666666644444444,0.2222222219753086,0.3333333290277778,0.3333333290277778,0.19999999640000002,0.3333333290277778,0,0,0.22580645161290325,0.2222222219753086
8713.png,একজন পুরুষ দাড়িয়ে আছে।,0.49999999875,0.6666666644444444,0.5714285648979592,0.5714285648979592,0.0,0.5714285648979592,0,0,0.6,0.3999999992
7441.png,একটি শিশু সাইকেল চালিয়ে যাচ্ছে।,0.1999999996,0.0999999999,0.13333332871111125,0.13333332871111125,0.0,0.13333332871111125,0,0,0.30000000000000004,0.07142857137755101
3527261343_efa07ea596.jpg,একজন মোটরসাইকেল আরোহী একটি পথ ধরে আছে,0.14285714265306124,0.0999999999,0.11764705384083066,0.11764705384083066,0.0,0.11764705384083066,0,0,0.4878048780487805,0.0624999999609375
3639845565_be547c38ba.jpg,একজন লোক একটি <unk>,0.7499999981250001,0.49999999916666665,0.5999999940000001,0.5999999940000001,0.24999999468750006,0.5999999940000001,0,0,0.41666666666666663,0.4285714279591837
2862469183_a4334b904a.jpg,একটি কুকুর ঘাসের মধ্যে খেলা করছে,0.33333333277777777,0.24999999968749997,0.2857142804081633,0.2857142804081633,0.0,0.24999999500000003,0,0,0.40625,0.16666666652777776
7937.png,একজন পুরুষ মাথায় বস্তা মাথায় হাত দিয়ে মাথা ভাসিয়ে চেয়ে আছেন।,0.2727272724793388,0.3333333329629629,0.29999999475000005,0.29999999475000005,0.11111110604938293,0.29999999475000005,0,0,0.44999999999999996,0.1874999998828125
2445654384_4ee3e486e1.jpg,একটি মেয়ে একটি নীল স্লাইড দিয়ে নিচে নামছে,0.24999999968749997,0.1999999998,0.22222221703703712,0.22222221703703712,0.0,0.22222221703703712,0,0,0.5,0.13333333324444444
2922981282_203f04bf9b.jpg,একজন পুরুষ এবং একজন লোক একটি ছবির জন্য পোজ দিচ্ছে,0.1999999998,0.16666666652777776,0.181818176694215,0.181818176694215,0.0,0.181818176694215,0,0,0.42105263157894735,0.1111111110493827
1056249424_ef2a2e041c.jpg,তিনটি শিশু আছে।,0.3333333322222222,0.09090909082644627,0.14285713928571436,0.14285713928571436,0.0,0.14285713928571436,0,0,0.2727272727272727,0.08333333326388888
5350.png,৪ জন ছেলে একসাথে দাড়িয়ে আছে।,0.33333333277777777,0.24999999968749997,0.2857142804081633,0.2857142804081633,0.0,0.2857142804081633,0,0,0.4642857142857143,0.16666666652777776
1161.png,একজন পুরুষ দাড়িয়ে আছে।,0.7499999981250001,0.2727272724793388,0.3999999955555556,0.3999999955555556,0.15384615005917168,0.3999999955555556,0,0,0.368421052631579,0.24999999979166665
5629.png,একটি শিশু একটি <unk>,0.49999999875,0.6666666644444444,0.5714285648979592,0.5714285648979592,0.39999999360000005,0.5714285648979592,0,0,0.5,0.49999999875
3157622277_9f59b4f62f.jpg,একটি কালো এবং কালো এবং কালো এবং কালো এবং কালো এবং কালো এবং কালো এবং কালো এবং কালো এবং কালো এবং কালো এবং কালো এবং কালো এবং কালো এবং কালো এবং কালো এবং কালো এবং কালো এবং কালো এবং কালো,0.02499999999375,0.3333333322222222,0.04651162658734455,0.04651162658734455,0.0,0.04651162658734455,0,0,0.08333333333333337,0.1999999996
3393343330_b13df4d8ec.jpg,একজন পুরুষ একটি দোকানের সামনে দাঁড়িয়ে আছে,0.4285714279591837,0.37499999953124996,0.3999999944888889,0.3999999944888889,0.0,0.3999999944888889,0,0,0.5,0.24999999979166665
3685.png,কয়েকজন মানুষ দাড়িয়ে আছে।,0.49999999875,0.2857142853061225,0.36363635834710756,0.36363635834710756,0.0,0.36363635834710756,0,0,0.45833333333333337,0.2222222219753086
1124448967_2221af8dc5.jpg,একটি ছেলে রাস্তার পাশে বসে আছে,0.33333333277777777,0.15384615372781063,0.21052631124653745,0.21052631124653745,0.0,0.21052631124653745,0,0,0.34375,0.124999999921875
2557922709_24d2a9655a.jpg,একজন মহিলা একটি <unk> <unk>,0.1999999996,0.14285714265306124,0.16666666152777793,0.16666666152777793,0.0,0.16666666152777793,0,0,0.27586206896551724,0.0999999999
242559369_9ae90ed0b4.jpg,এক লোক একটি বিশাল পাথর বেয়ে নিচে নামছে,0.12499999984374999,0.1999999996,0.15384614887573977,0.15384614887573977,0.0,0.15384614887573977,0,0,0.4444444444444444,0.08333333326388888
86.png,একজন নারী একটি রিক্সায় একজন মহিলা।,0.0,0.0,0.0,0.0,0.0,0.0,0,0,0.24242424242424243,0.0
517.png,একটি শিশু আছে।,0.3333333322222222,0.249999999375,0.28571428000000004,0.28571428000000004,0.0,0.28571428000000004,0,0,0.33333333333333337,0.16666666638888888
134724228_30408cd77f.jpg,একজন পুরুষ হেঁটে যাচ্ছে।,0.0,0.0,0.0,0.0,0.0,0.0,0,0,0.3793103448275862,0.0
6663.png,কয়েকজন মানুষ হেঁটে যাচ্ছে।,0.49999999875,0.6666666644444444,0.5714285648979592,0.5714285648979592,0.39999999360000005,0.5714285648979592,0,0,0.6875,0.3999999992
3556598205_86c180769d.jpg,একটি লোক একটি <unk>,0.49999999875,0.2222222219753086,0.3076923029585799,0.3076923029585799,0.0,0.3076923029585799,0,0,0.2692307692307693,0.1999999998
5157.png,ধান ক্ষেত আছে।,0.3333333322222222,0.249999999375,0.28571428000000004,0.28571428000000004,0.0,0.28571428000000004,0,0,0.4375,0.16666666638888888
2483792149_a9b4ffecec.jpg,একজন পুরুষ মাথায় <unk> কাজ করছে।,0.16666666638888888,0.1111111109876543,0.13333332835555572,0.13333332835555572,0.0,0.13333332835555572,0,0,0.3913043478260869,0.07142857137755101
248.png,একজন পুরুষ বসে কাজ করছে।,0.3999999992,0.1999999998,0.2666666618666667,0.2666666618666667,0.0,0.2666666618666667,0,0,0.36111111111111116,0.15384615372781063
20220910_135736.jpg,একটি <unk> একটি <unk> একটি ভবনে চাইনিজ চাকাওয়ালা চেয়ারে বসে আছে,0.18181818165289254,0.18181818165289254,0.18181817665289268,0.18181817665289268,0.0,0.18181817665289268,0,0,0.34090909090909094,0.11764705875432525
8909.png,একজন নারী তাকিয়ে আছে।,0.7499999981250001,0.9999999966666667,0.8571428497959185,0.8571428497959185,0.39999999360000005,0.8571428497959185,0,0,0.7142857142857143,0.7499999981250001
3716244806_97d5a1fb61.jpg,একটি পরিবার পাথরে আরোহণ করছে,0.3999999992,0.1999999998,0.2666666618666667,0.2666666618666667,0.15384614934911253,0.2666666618666667,0,0,0.44999999999999996,0.15384615372781063
7123.png,একজন মানুষ ছাতা নিয়ে দাঁড়িয়ে আছে।,0.16666666638888888,0.249999999375,0.1999999948000001,0.1999999948000001,0.0,0.1999999948000001,0,0,0.47619047619047616,0.1111111109876543
8930.png,একজন বৃদ্ধ নারী কলশী নিয়ে বসে আছে।,0.2857142853061225,0.49999999875,0.36363635834710756,0.36363635834710756,0.0,0.36363635834710756,0,0,0.45833333333333337,0.2222222219753086
3387542157_81bfd00072.jpg,এক বাচ্চা মেয়ে দাঁড়িয়ে আছে,0.1999999996,0.1999999996,0.19999999460000012,0.19999999460000012,0.0,0.19999999460000012,0,0,0.4285714285714286,0.1111111109876543
2672445419_251ce9419a.jpg,একটি ছোট বালক একটি খেলার মাঠে একটি খেলার মাঠে একটি খেলার মাঠে একটি খেলার মাঠে একটি খেলার মাঠে একটি খেলার মাঠে একটি খেলার মাঠে একটি খেলার মাঠে একটি খেলার মাঠে একটি খেলার মাঠে একটি খেলার মাঠে একটি খেলার মাঠে একটি,0.099999999975,0.4444444439506172,0.1632653030570596,0.1632653030570596,0.0851063801177004,0.12499999717013895,0,0,0.15753424657534243,0.3999999996
2579268572_d78f8436cb.jpg,একটি ব্যানের উপরে একটি <unk>,0.3999999992,0.1999999998,0.2666666618666667,0.2666666618666667,0.0,0.2666666618666667,0,0,0.33333333333333337,0.16666666652777776
5631.png,একজন পুরুষ হাতে ফুলের <unk> নিয়ে যাচ্ছে।,0.2857142853061225,0.49999999875,0.36363635834710756,0.36363635834710756,0.2222222172839507,0.36363635834710756,0,0,0.46153846153846156,0.2222222219753086
6589.png,একজন পুরুষ বসে আছে।,0.9999999975,0.9999999975,0.9999999925,0.9999999925,0.9999999916666666,0.9999999925,1,1,1.0,0.9999999975
4557.png,কয়েকজন নারী দাড়িয়ে আছে।,0.7499999981250001,0.49999999916666665,0.5999999940000001,0.5999999940000001,0.24999999468750006,0.5999999940000001,0,0,0.65,0.4285714279591837
3043908909_bb54d2c08e.jpg,কিছু লোক একটি টেবিল এর সামনে বসে আছে,0.24999999968749997,0.3999999992,0.3076923024852071,0.3076923024852071,0.0,0.3076923024852071,0,0,0.4390243902439024,0.18181818165289254
2976684095_ce7ccfd423.jpg,একটি ছেলে একটি লাল জামা পরে একটি লাল জামা পরে একটি লাল জামা পরে একটি লাল জামা পরে একটি লাল জামা পরে একটি লাল জামা পরে একটি লাল জামা পরে একটি লাল জামা পরে একটি লাল জামা পরে একটি লাল,0.0499999999875,0.33333333277777777,0.08695651943289232,0.08695651943289232,0.045454543419421574,0.08695651943289232,0,0,0.17692307692307696,0.2222222219753086
5325.png,একজন পুরুষ একটি ব্যানের পিছনে টিনের ঘর দেখা যাচ্ছে।,0.0,0.0,0.0,0.0,0.0,0.0,0,0,0.2857142857142857,0.0
1789.png,কয়েকজন নারী দাড়িয়ে আছে।,0.7499999981250001,0.23076923059171597,0.35294117245674744,0.35294117245674744,0.1333333299555556,0.35294117245674744,0,0,0.25531914893617025,0.23076923059171597
2761.png,একজন বয়স্ক পুরুষ তাকিয়ে আছে।,0.7999999984,0.571428570612245,0.6666666606944446,0.6666666606944446,0.3999999944,0.6666666606944446,0,0,0.6666666666666667,0.49999999937499995
7516.png,একটি শিশু আছে।,0.6666666644444444,0.49999999875,0.5714285648979592,0.5714285648979592,0.39999999360000005,0.5714285648979592,0,0,0.5384615384615384,0.3999999992
1066.png,একটি সুন্দর <unk> সবুজ ঘাসে একটি সুন্দর পথের উপর দিয়ে সারিবদ্ধ লোকজনের সাথে ফুলের নিচে নামছে,0.124999999921875,0.14285714275510203,0.13333332826666686,0.13333332826666686,0.0,0.13333332826666686,0,0,0.32307692307692304,0.04166666664930555
7712.png,একজন পুরুষ মাথায় ইট নিয়ে দাড়িয়ে আছে।,0.4285714279591837,0.7499999981250001,0.5454545398347109,0.5454545398347109,0.2222222172839507,0.5454545398347109,0,0,0.56,0.37499999953124996
1075867198_27ca2e7efe.jpg,একটি কুকুর সৈকতে ভলিবল খেলছে,0.3999999992,0.33333333277777777,0.36363635801652905,0.36363635801652905,0.0,0.36363635801652905,0,0,0.4782608695652174,0.2222222219753086
2414397449_2ac3b78e0d.jpg,একটি কুকুর একটি বাদামী কুকুর দৌড়াচ্ছে,0.49999999916666665,0.1764705881314879,0.26086956113421556,0.26086956113421556,0.14285713806122466,0.26086956113421556,0,0,0.5263157894736843,0.16666666652777776
1271210445_7f7ecf3791.jpg,একটি <unk> খাচ্ছে,0.6666666644444444,0.16666666652777776,0.2666666631111111,0.2666666631111111,0.15384615100591717,0.2666666631111111,0,0,0.18000000000000005,0.15384615372781063
180506881_de0f59770f.jpg,একজন পুরুষ একটি টিনের ঘরের সামনে একজন লোক একটি দালানের বাইরে একজন লোক একটি দালানের বাইরে দাঁড়িয়ে আছে,0.1111111110493827,0.1999999998,0.14285713816326545,0.14285713816326545,0.0,0.14285713816326545,0,0,0.3287671232876712,0.10526315783933518
3005126574_49c28ffbee.jpg,লোকটি একটি <unk> মাথার উপর একটি ছেলে,0.14285714265306124,0.1999999996,0.16666666152777793,0.16666666152777793,0.0,0.16666666152777793,0,0,0.3076923076923077,0.0999999999
2851931813_eaf8ed7be3.jpg,একটি ছোট্ট মেয়ে একটি ছোট ঠেলাগাড়ির পাশে বসে আছে,0.4444444439506172,0.49999999937499995,0.4705882297577854,0.4705882297577854,0.16666666194444454,0.4705882297577854,0,0,0.5625,0.3333333330555555
307321761_606fc91673.jpg,একটি পরিবার একটি <unk> <unk> <unk> <unk> <unk> <unk> <unk> <unk> <unk> <unk> <unk> <unk> <unk> <unk> <unk> <unk> <unk> <unk> <unk> <unk> <unk> <unk> <unk> <unk> <unk> <unk> <unk> <unk> <unk> <unk> <unk> <unk> <unk> <unk> <unk> <unk> <unk>,0.0499999999875,0.2222222219753086,0.08163265002915464,0.08163265002915464,0.0,0.04166666387152797,0,0,0.06874999999999998,0.1999999998
6962.png,একটি পুরাতন <unk> দেখা যাচ্ছে।,0.1999999996,0.07692307686390532,0.11111110697530877,0.11111110697530877,0.0,0.11111110697530877,0,0,0.368421052631579,0.05882352937716263
3507.png,একটি গাড়ির সাথে একটি গাড়ির গাড়ি নিয়ে যাচ্ছে।,0.37499999953124996,0.9999999966666667,0.5454545404958677,0.5454545404958677,0.0,0.5454545404958677,0,0,0.3571428571428571,0.49999999916666665
2714220101_c31db50b10.jpg,একটি ছোট সাদা কুকুর একটি লাঠি নিয়ে একটি লাঠি নিয়ে একটি লাঠি নিয়ে একটি লাঠি নিয়ে একটি লাঠি নিয়ে একটি লাঠি নিয়ে একটি লাঠি নিয়ে একটি লাঠি নিয়ে একটি লাঠি নিয়ে একটি লাঠি নিয়ে একটি লাঠি নিয়ে একটি লাঠি নিয়ে,0.07499999998125,0.5999999988,0.13333333129876546,0.13333333129876546,0.04651162619794489,0.13333333129876546,0,0,0.1278195488721805,0.37499999953124996
3512791890_eb065b460a.jpg,দুটি ছোট মেয়ে এবং একটি স্বর্ণকেশী মেয়ে একসাথে পোজ দিচ্ছে।,0.29999999969999996,0.3333333329629629,0.31578946836565097,0.31578946836565097,0.11111110598765454,0.29999999470000005,0,0,0.3783783783783784,0.1874999998828125
8262.png,একটি লোমশ কুকুর একটি <unk>,0.3999999992,0.2857142853061225,0.33333332791666676,0.33333332791666676,0.0,0.33333332791666676,0,0,0.37037037037037035,0.12499999984374999
3552796830_2dd2aa9c2c.jpg,একজন লোক একটি <unk> তার হাত ধরে আছে,0.24999999968749997,0.1999999998,0.22222221703703712,0.22222221703703712,0.12499999492187522,0.22222221703703712,0,0,0.32499999999999996,0.124999999921875
1416.png,একজন নারী বসে আছে।,0.7499999981250001,0.4285714279591837,0.5454545398347109,0.5454545398347109,0.2222222172839507,0.5454545398347109,0,0,0.48,0.37499999953124996
7591.png,একটি শিশু হাতে <unk>,0.0,0.0,0.0,0.0,0.0,0.0,0,0,0.25,0.0
8561.png,একজন পুরুষ মাথার উপর ছাতা ধরে দাড়িয়ে আছে একজন মহিলা।,0.1999999998,0.2222222219753086,0.21052631058171756,0.21052631058171756,0.0,0.21052631058171756,0,0,0.23684210526315785,0.124999999921875
237953705_cfe6999307.jpg,একটি ছোট বাচ্চা একটি সাদা রঙের পোশাক পরে একটি ছোট ছেলে একটি ফ্রিসবি ধরার চেষ্টা করছে,0.124999999921875,0.24999999968749997,0.16666666208333344,0.16666666208333344,0.09090908648760351,0.16666666208333344,0,0,0.3220338983050848,0.1111111110493827
8373.png,একজন পুরুষ আছে।,0.9999999966666667,0.9999999966666667,0.9999999916666666,0.9999999916666666,0.9999999900000001,0.9999999916666666,1,1,1.0,0.9999999966666667
3042483842_beb23828b9.jpg,একজন লোক একটি কালো জ্যাকেট পরা এক লোক ছবি তুলছে,0.3999999996,0.4444444439506172,0.4210526261495845,0.4210526261495845,0.23529411238754333,0.31578946836565097,0,0,0.5142857142857142,0.28571428551020406
4971.png,একটি চলন্ত <unk> এলাকা।,0.249999999375,0.12499999984374999,0.16666666194444454,0.16666666194444454,0.0,0.16666666194444454,0,0,0.19354838709677424,0.09090909082644627
2561481438_447b852e4d.jpg,একটি কুকুর ঘাসের মধ্যে দৌড়াচ্ছে,0.5999999988,0.37499999953124996,0.46153845609467453,0.46153845609467453,0.1818181768595043,0.46153845609467453,0,0,0.5172413793103448,0.29999999969999996
2272491304_cb7c7ed16f.jpg,একদল লোক পাহাড় বেয়ে নিচে নামছে,0.16666666638888888,0.16666666638888888,0.16666666138888903,0.16666666138888903,0.0,0.16666666138888903,0,0,0.3076923076923077,0.09090909082644627
1459.png,একজন পুরুষ ও একজন পুরুষ আছে।,0.8333333319444445,0.5555555549382716,0.6666666609777778,0.6666666609777778,0.3076923024852071,0.6666666609777778,0,0,0.5714285714285714,0.571428570612245
2326879311_555ebef188.jpg,একটি লোক ঘুমাচ্ছে,0.6666666644444444,0.49999999875,0.5714285648979592,0.5714285648979592,0.0,0.5714285648979592,0,0,0.6,0.3999999992
3520869880_2e8b7d7842.jpg,একজন পুরুষ একটি শিশু কোলে নিয়ে আছে।,0.14285714265306124,0.16666666638888888,0.15384614863905344,0.15384614863905344,0.0,0.15384614863905344,0,0,0.3783783783783784,0.08333333326388888
535249787_0fcaa613a0.jpg,একটি ছোট ছেলে খেলার মাঠে একটি বলে আঘাত করছে,0.5555555549382716,0.45454545413223135,0.49999999455000005,0.49999999455000005,0.2666666613333334,0.49999999455000005,0,0,0.6129032258064516,0.3333333330555555
2109.png,পাশাপাশি কয়েকজন পুরুষ ১ জন মহিলা ১ জন মহিলা ১ জন মহিলা ১ জন মহিলা ১ জন মহিলা ১ জন মহিলা ১ জন মহিলা ১ জন মহিলা ১ জন মহিলা ১ জন মহিলা ১ জন মহিলা ১ জন মহিলা ১,0.0,0.0,0.0,0.0,0.0,0.0,0,0,0.10483870967741937,0.0
2141065212_463a6997e1.jpg,একজন প্রশিক্ষক হেডসেট দিয়ে একজন লোক বেসবল খেলোয়াড়,0.24999999968749997,0.3999999992,0.3076923024852071,0.3076923024852071,0.1818181768595043,0.3076923024852071,0,0,0.34883720930232553,0.1999999998
11391827.jpg,একটি ধূসর রঙের জ্যাকেট পরা একজন লোক একটি <unk> <unk> <unk> <unk> <unk> <unk> <unk> <unk> <unk> <unk> <unk> <unk> <unk> <unk> <unk> <unk> <unk> <unk> <unk> <unk> <unk> <unk> <unk> <unk> <unk> <unk> <unk> <unk> <unk> <unk> <unk> <unk>,0.099999999975,0.26666666648888887,0.14545454143471084,0.14545454143471084,0.08163264977925878,0.11764705539407928,0,0,0.14465408805031443,0.19999999986666667
7216.png,একজন নারী আছে।,0.9999999966666667,0.4285714279591837,0.5999999946000001,0.5999999946000001,0.24999999562500003,0.5999999946000001,0,0,0.41666666666666663,0.49999999916666665
378170167_9b5119d918.jpg,একটি কুকুর একটি কুকুর দৌড়াচ্ছে,0.3999999992,0.49999999875,0.4444444385185186,0.4444444385185186,0.28571428000000004,0.4444444385185186,0,0,0.65,0.3999999992
1799271536_6e69c8f1dc.jpg,একটি কুকুর পানিতে লাফ দিচ্ছে,0.3999999992,0.33333333277777777,0.36363635801652905,0.36363635801652905,0.0,0.36363635801652905,0,0,0.5238095238095238,0.2222222219753086
102.png,একজন ছোট মেয়ে শিশু আছে।,0.3999999992,0.1111111110493827,0.17391303992438567,0.17391303992438567,0.0,0.17391303992438567,0,0,0.2142857142857143,0.09999999995
421730441_6b2267fd31.jpg,একজন পুরুষ ও একজন পুরুষ দাড়িয়ে আছে।,0.14285714265306124,0.16666666638888888,0.15384614863905344,0.15384614863905344,0.0,0.15384614863905344,0,0,0.39473684210526316,0.0999999999
IMG_9840.JPG,লোক টি শাড়ি পরে আছে,0.7999999984,0.7999999984,0.7999999934,0.7999999934,0.7499999931250001,0.7999999934,0,0,0.7857142857142857,0.6666666655555555
7846.png,একজন পুরুষ আছে।,0.6666666644444444,0.33333333277777777,0.44444443901234576,0.44444443901234576,0.0,0.44444443901234576,0,0,0.36363636363636365,0.2857142853061225
1745110280_0cbff5e273.jpg,একটি কুকুর লম্বা ঘাসের মধ্যে বসে আছে,0.571428570612245,0.7999999984,0.6666666606944446,0.6666666606944446,0.3999999944,0.6666666606944446,0,0,0.6799999999999999,0.49999999937499995
7316.png,একটি নৌকায় কয়েকজন মানুষ আছে।,0.7999999984,0.7999999984,0.7999999934,0.7999999934,0.4999999937500001,0.7999999934,0,0,0.85,0.6666666655555555
6903.png,একজন পুরুষ একটি বড় করে দাড়িয়ে আছে যার মাঝে একজন পুরুষ মানুষ।,0.16666666652777776,0.13333333324444444,0.14814814310013733,0.14814814310013733,0.0,0.14814814310013733,0,0,0.34545454545454546,0.08695652170132324
1698.png,কিছু ছেলেমেয়ে হাতে লাঠি নিয়ে দাড়িয়ে আছে।,0.571428570612245,0.2352941175086505,0.3333333289236111,0.3333333289236111,0.0,0.24999999565972228,0,0,0.26086956521739135,0.1999999999
IMG_0028.JPG,একটা লোক দাঁড়িয়ে আছে,0.7499999981250001,0.7499999981250001,0.7499999931250001,0.7499999931250001,0.33333332722222225,0.7499999931250001,0,1,1.0,0.5999999988
4826.png,একটি রাস্তা দিয়ে একজন লোক হেঁটে যাচ্ছে।,0.2857142853061225,0.3999999992,0.33333332791666676,0.33333332791666676,0.0,0.33333332791666676,0,0,0.4,0.1999999998
2822290399_97c809d43b.jpg,একটি সাদা কুকুর একটি কালো কুকুর একটি কালো কুকুর একটি বিশাল কুকুরকে পার করছে,0.28571428551020406,0.4444444439506172,0.3478260818903592,0.3478260818903592,0.21052631124653745,0.3478260818903592,0,0,0.4444444444444444,0.24999999979166665
1073.png,একজন পুরুষ বসে আছে।,0.49999999875,0.15384615372781063,0.2352941137716263,0.2352941137716263,0.0,0.2352941137716263,0,0,0.23404255319148937,0.13333333324444444
1827560917_c8d3c5627f.jpg,একটি সাদা কুকুর একটি লাঠি কামড়াচ্ছে,0.49999999916666665,0.3333333329629629,0.3999999946666667,0.3999999946666667,0.0,0.3999999946666667,0,0,0.46875,0.2727272724793388
1952.png,৩ জন মহিলা ২ জন পুরুষ একটি গরু নিয়ে আছে।,0.0999999999,0.16666666638888888,0.12499999515625017,0.12499999515625017,0.0,0.12499999515625017,0,0,0.30000000000000004,0.07142857137755101
263522013_d118d46b2d.jpg,একটি কুকুর একটি লাঠি ধরে আছে,0.33333333277777777,0.49999999875,0.3999999944,0.3999999944,0.24999999468750006,0.3999999944,0,0,0.55,0.2857142853061225
2938875913_0ed920a6be.jpg,একজন ফুটবল খেলোয়াড় বলটিকে লাথি মারার জন্য,0.571428570612245,0.571428570612245,0.5714285656122451,0.5714285656122451,0.4999999941666667,0.5714285656122451,0,0,0.7333333333333334,0.3999999996
10815824_2997e03d76.jpg,একজন লোক একটি ব্যারেলের আগুনের পাশে দাঁড়িয়ে আছে,0.37499999953124996,0.37499999953124996,0.37499999453125,0.37499999453125,0.14285713765306143,0.37499999453125,0,0,0.46875,0.23076923059171597
4657.png,কয়েকজন মানুষ আছে।,0.3333333322222222,0.14285714265306124,0.1999999954000001,0.1999999954000001,0.0,0.1999999954000001,0,0,0.2692307692307693,0.12499999984374999
2801851082_8c3c480c0f.jpg,একটি শিশু বেড়ার উপর দাঁড়িয়ে আছে,0.33333333277777777,0.2857142853061225,0.3076923022485208,0.3076923022485208,0.16666666152777793,0.3076923022485208,0,0,0.43999999999999995,0.1999999998
3204525212_d548c7fca7.jpg,একটি কুকুর একটি <unk> দিকে তাকিয়ে আছে,0.7142857132653061,0.3571428568877551,0.47619047129251707,0.47619047129251707,0.09523809106575981,0.3809523761451248,0,0,0.3913043478260869,0.28571428551020406
3282925526_535ff9f2b2.jpg,এক ছোট ছেলে পাতাল <unk> <unk> <unk> <unk> <unk> <unk> <unk> <unk> <unk> <unk> <unk> <unk> <unk> <unk> <unk> <unk> <unk> <unk> <unk> <unk> <unk> <unk> <unk> <unk> <unk> <unk> <unk> <unk> <unk> <unk> <unk> <unk> <unk> <unk> <unk> <unk>,0.02499999999375,0.1111111109876543,0.04081632351520222,0.04081632351520222,0.0,0.04081632351520222,0,0,0.16025641025641024,0.07692307686390532
2885912662_a3a2dfde45.jpg,একটি ছোট ছেলে একটি ফুটবলে লাথি দিচ্ছে,0.4285714279591837,0.37499999953124996,0.3999999944888889,0.3999999944888889,0.15384614863905344,0.3999999944888889,0,0,0.5862068965517242,0.18181818165289254
5366.png,একটি ব্যানের মাঝে একটি কাক উড়ছে এবং উপরে কিছু মানুষ দাড়িয়ে আছে।,0.16666666652777776,0.49999999875,0.2499999959375,0.2499999959375,0.0,0.2499999959375,0,0,0.34883720930232553,0.15384615372781063
3208032657_27b9d6c4f3.jpg,একজন লোক একটি <unk> লাফ দিচ্ছে,0.49999999916666665,0.4285714279591837,0.4615384558579882,0.4615384558579882,0.36363635801652905,0.4615384558579882,0,0,0.5172413793103448,0.29999999969999996
20220909_133111.jpg,কয়েকজন মানুষ বসে আছে।,0.49999999875,0.33333333277777777,0.3999999944,0.3999999944,0.0,0.3999999944,0,0,0.40909090909090906,0.24999999968749997
1803.png,একজন পুরুষ ও একজন নারী দাড়িয়ে আছে।,0.2857142853061225,0.49999999875,0.36363635834710756,0.36363635834710756,0.2222222172839507,0.36363635834710756,0,0,0.43999999999999995,0.24999999968749997
2103568100_5d018c495b.jpg,একটি কুকুর পানির মধ্যে দিয়ে চলছে,0.33333333277777777,0.33333333277777777,0.3333333277777778,0.3333333277777778,0.15384614887573977,0.3333333277777778,0,0,0.5,0.21428571413265304
4769.png,একটি মসজিদ।,0.4999999975,0.3333333322222222,0.39999999360000005,0.39999999360000005,0.0,0.39999999360000005,0,0,0.3846153846153846,0.249999999375
3724487641_d2096f10e5.jpg,একজন পুরুষ এবং তাদের পেছনে একটি <unk>,0.0,0.0,0.0,0.0,0.0,0.0,0,0,0.2592592592592593,0.0
2508918369_2659db1cb6.jpg,একটি ছেলে সাঁতার কাটছে,0.49999999875,0.24999999968749997,0.33333332833333335,0.33333332833333335,0.1999999954000001,0.33333332833333335,0,0,0.47058823529411764,0.1999999998
5471.png,অনেক মানুষ একটি মসজিদের বাইরে বসে আছে।,0.4285714279591837,0.7499999981250001,0.5454545398347109,0.5454545398347109,0.2222222172839507,0.5454545398347109,0,0,0.4814814814814815,0.37499999953124996
3823.png,একটি শিশু আছে।,0.0,0.0,0.0,0.0,0.0,0.0,0,0,0.26315789473684215,0.0
7272.png,একটি শিশু একটি পুরানো <unk> দৌড়ে যাচ্ছে,0.0,0.0,0.0,0.0,0.0,0.0,0,0,0.31999999999999995,0.0
1302.png,একজন পুরুষ একটি গরু নিয়ে দাড়িয়ে আছে একজন পুরুষ কাজ করছে।,0.45454545413223135,0.7142857132653061,0.5555555501851852,0.5555555501851852,0.37499999484375,0.5555555501851852,0,0,0.5609756097560976,0.45454545413223135
3404552106_f516df0f5b.jpg,দুইজন নারী ও পিছনে কয়েকজন মানুষ আছে।,0.14285714265306124,0.09090909082644627,0.11111110623456812,0.11111110623456812,0.0,0.11111110623456812,0,0,0.28260869565217395,0.05882352937716263
4140.png,একজন পুরুষ হেঁটে যাচ্ছে।,0.249999999375,0.16666666638888888,0.1999999948000001,0.1999999948000001,0.0,0.1999999948000001,0,0,0.33333333333333337,0.1111111109876543
5119.png,একজন পুরুষ ঝালাইয়ের কাজ করছে।,0.0,0.0,0.0,0.0,0.0,0.0,0,0,0.23809523809523814,0.0
386.png,একজন পুরুষ হাতে কিছু বিক্রি করছে।,0.49999999916666665,0.37499999953124996,0.4285714230612245,0.4285714230612245,0.16666666152777793,0.4285714230612245,0,0,0.5172413793103448,0.2727272724793388
2903469015_a1e7d969c2.jpg,কুকুরের দৌড় প্রতিযোগিতা অনুষ্ঠিত হচ্ছে,0.0,0.0,0.0,0.0,0.0,0.0,0,0,0.34042553191489366,0.0
2048.png,একজন নারী ও একজন নারী বসে আছে।,0.14285714265306124,0.16666666638888888,0.15384614863905344,0.15384614863905344,0.0,0.15384614863905344,0,0,0.3529411764705882,0.0999999999
1202.png,একজন ছোট মেয়ে শিশু আছে।,0.1999999996,0.16666666638888888,0.1818181765289258,0.1818181765289258,0.0,0.1818181765289258,0,0,0.5,0.0999999999
347003820_1459342507937686_7845772507901901708_n.jpg,কয়েকজন পুরুষ দাড়িয়ে আছে।,0.0,0.0,0.0,0.0,0.0,0.0,0,0,0.4,0.0
6095.png,একটি শিশু হাতে কাজ করছে।,0.3999999992,0.49999999875,0.4444444385185186,0.4444444385185186,0.28571428000000004,0.4444444385185186,0,0,0.6875,0.2857142853061225
3649224118_abe73c672c.jpg,সৈকতে তিনজন শিশু হাটছে,0.249999999375,0.1999999996,0.2222222167901236,0.2222222167901236,0.0,0.2222222167901236,0,0,0.29166666666666663,0.12499999984374999
3337332770_5eda5cceb7.jpg,একটি সাদা কুকুর বরফের মধ্যে দৌড়াচ্ছে,0.49999999916666665,0.5999999988,0.5454545395041324,0.5454545395041324,0.4444444385185186,0.5454545395041324,0,0,0.6666666666666667,0.37499999953124996
1348891916_ebd4413033.jpg,একটি হালকা রঙের কুকুর পানিতে দৌড়াচ্ছে,0.6666666655555555,0.49999999937499995,0.5714285657142858,0.5714285657142858,0.16666666152777793,0.5714285657142858,0,0,0.5,0.3999999996
8958.png,রাস্তা দিয়ে কয়েকজন মানুষ হেঁটে যাচ্ছে।,0.16666666638888888,0.1999999996,0.1818181765289258,0.1818181765289258,0.0,0.1818181765289258,0,0,0.5217391304347826,0.0999999999
1880.png,একজন নারী ও একটি শিশু কোলে নিয়ে দাড়িয়ে তাকিয়ে আছে।,0.6999999992999999,0.9999999985714286,0.823529405951557,0.823529405951557,0.5333333278222222,0.823529405951557,0,0,0.696969696969697,0.6999999992999999
6173.png,একজন পুরুষ ছাতা নিয়ে হেঁটে যাচ্ছে।,0.8333333319444445,0.8333333319444445,0.8333333269444445,0.8333333269444445,0.7999999934,0.8333333269444445,0,0,0.9047619047619048,0.7142857132653061
3366571152_20afb88ac1.jpg,একটি টেবিলে তিন জন লোক বসে আছে,0.2857142853061225,0.3999999992,0.33333332791666676,0.33333332791666676,0.1999999948000001,0.33333332791666676,0,0,0.48,0.1999999998
993.png,কয়েকজন পুরুষ বসে আছে।,0.7499999981250001,0.7499999981250001,0.7499999931250001,0.7499999931250001,0.33333332722222225,0.7499999931250001,0,0,0.8666666666666667,0.5999999988
20220909_134104.jpg,একজন পুরুষ একটি শিশু বসে আছে।,0.0,0.0,0.0,0.0,0.0,0.0,0,0,0.2777777777777778,0.0
3008370541_ce29ce49f0.jpg,একটি কালো কুকুর পানিতে দৌড়াচ্ছে,0.5999999988,0.5999999988,0.5999999938,0.5999999938,0.2499999943750001,0.5999999938,0,0,0.631578947368421,0.4285714279591837
3429351222_17ae744daf.jpg,দুইজন লোক একটি ছবির জন্য পোজ দিচ্ছে,0.14285714265306124,0.14285714265306124,0.14285713765306143,0.14285713765306143,0.0,0.14285713765306143,0,0,0.3666666666666667,0.08333333326388888
2393298349_e659308218.jpg,একজন লোক ও একটি কুকুর একটি মাঠে একটি কুকুর,0.4444444439506172,0.3333333330555555,0.38095237569161,0.38095237569161,0.21052631069252087,0.28571428054421777,0,0,0.3913043478260869,0.21428571413265304
136693284.jpg,একটি শিশু একটি ফুটবলের দিকে তাকিয়ে আছে,0.4285714279591837,0.4285714279591837,0.42857142295918377,0.42857142295918377,0.16666666138888903,0.42857142295918377,0,0,0.4642857142857143,0.1999999998
6144.png,একজন নারী দাড়িয়ে আছে।,0.49999999875,0.6666666644444444,0.5714285648979592,0.5714285648979592,0.0,0.5714285648979592,0,0,0.5714285714285714,0.3999999992
7786.png,তিনটি শিশু আছে।,0.0,0.0,0.0,0.0,0.0,0.0,0,0,0.26315789473684215,0.0
391324644_d23fdf06cb.jpg,একজন স্কেটবোর্ডার একটি স্কেটবোর্ড চালাচ্ছে,0.3999999992,0.14285714275510203,0.21052631168975072,0.21052631168975072,0.0,0.21052631168975072,0,0,0.3448275862068966,0.124999999921875
2384.png,একটি নৌকায় একজন মানুষ আছে।,0.3999999992,0.49999999875,0.4444444385185186,0.4444444385185186,0.0,0.4444444385185186,0,0,0.42105263157894735,0.2857142853061225
2994104606_bc2df6c1f4.jpg,একটি কুকুর একটি টেনিস বল নিয়ে খেলছে,0.2857142853061225,0.49999999875,0.36363635834710756,0.36363635834710756,0.2222222172839507,0.36363635834710756,0,0,0.43999999999999995,0.24999999968749997
7088.png,একটি ছেলে নৌকা দেখা যাচ্ছে।,0.3999999992,0.09999999995,0.15999999667200002,0.15999999667200002,0.0,0.15999999667200002,0,0,0.33333333333333337,0.08695652170132324
15.png,একজন পুরুষ একটি টিনের ঘরের সামনে দাড়িয়ে আছে।,0.24999999968749997,0.15384615372781063,0.1904761855782314,0.1904761855782314,0.0,0.1904761855782314,0,0,0.3191489361702128,0.1111111110493827
7402.png,সামনে অনেক রকমের খাবার <unk>,0.3999999992,0.24999999968749997,0.3076923024852071,0.3076923024852071,0.0,0.3076923024852071,0,0,0.25,0.18181818165289254
3524436870_7670df68e8.jpg,একটি কুকুর একটি টেনিস বল নিয়ে দৌড়াচ্ছে,0.4285714279591837,0.49999999916666665,0.4615384558579882,0.4615384558579882,0.1818181765289258,0.4615384558579882,0,0,0.5,0.3333333329629629
2014.png,একজন মহিলা ঝুরিতে করে গাছ ধরে একটি <unk> কামড় দিয়ে উজ্জ্বলভাবে জ্বলছে,0.16666666652777776,0.16666666652777776,0.16666666152777793,0.16666666152777793,0.0,0.16666666152777793,0,0,0.326530612244898,0.09999999995
3495.png,একজন নারী তাকিয়ে আছে।,0.7499999981250001,0.7499999981250001,0.7499999931250001,0.7499999931250001,0.33333332722222225,0.7499999931250001,0,0,0.8,0.5999999988
3342487512_fd33971dea.jpg,একজন স্নোবোর্ডার একটি বরফের পাহাড় থেকে লাফ দিচ্ছে,0.24999999968749997,0.33333333277777777,0.2857142804081633,0.2857142804081633,0.0999999953500002,0.1818181770247935,0,0,0.5294117647058824,0.16666666652777776
2261169495_98254e2e66.jpg,একজন লোক একটি <unk>,0.7499999981250001,0.49999999916666665,0.5999999940000001,0.5999999940000001,0.24999999468750006,0.3999999944,0,0,0.29166666666666663,0.4285714279591837
3290465391_258429e2f9.jpg,একজন লোক একটি <unk>,0.7499999981250001,0.49999999916666665,0.5999999940000001,0.5999999940000001,0.2666666631111111,0.49999999472222234,0,0,0.44999999999999996,0.4285714279591837
2994107810_af56326389.jpg,একজন বাস্কেটবল খেলোয়াড় বল হাতে নিয়ে দাঁড়িয়ে আছে,0.37499999953124996,0.3333333329629629,0.3529411710726644,0.3529411710726644,0.1999999952500001,0.3529411710726644,0,0,0.40625,0.21428571413265304
3559781965_d4ec00e506.jpg,একটি বাদামী কুকুর ঘাসের উপর দৌড়াচ্ছে,0.8333333319444445,0.5555555549382716,0.6666666609777778,0.6666666609777778,0.46153845609467453,0.6666666609777778,0,0,0.6666666666666667,0.49999999949999996
1973.png,একজন পুরুষ তাকিয়ে আছে।,0.49999999875,0.49999999875,0.4999999937500001,0.4999999937500001,0.33333332722222225,0.4999999937500001,0,0,0.6470588235294117,0.33333333277777777
3097171315_0ba7d283b1.jpg,এক লোক একটি সাদা রঙের একটি সাদা রঙের একটি সাদা রঙের একটি সাদা রঙের একটি <unk> <unk> <unk> <unk> <unk> <unk> <unk> <unk> <unk> <unk> <unk> <unk> <unk> <unk> <unk> <unk> <unk> <unk> <unk> <unk> <unk> <unk> <unk> <unk> <unk>,0.07499999998125,0.29999999969999996,0.11999999675200007,0.11999999675200007,0.042553188646446534,0.11999999675200007,0,0,0.18300653594771243,0.15384615372781063
7695.png,একজন পুরুষ এবং একজন মহিলা একটি ছবির জন্য পোজ দিচ্ছে,0.29999999969999996,0.2727272724793388,0.28571428045351477,0.28571428045351477,0.10526315279778417,0.28571428045351477,0,0,0.4,0.13333333324444444
5493.png,একটি শিশু একটি <unk>,0.249999999375,0.06666666662222222,0.10526315445983389,0.10526315445983389,0.0,0.10526315445983389,0,0,0.1707317073170732,0.07142857137755101
5398.png,একজন পুরুষ একটি গাড়ির ভিতর দাড়িয়ে আছে।,0.2857142853061225,0.11764705875432525,0.16666666239583344,0.16666666239583344,0.0,0.16666666239583344,0,0,0.25,0.11764705875432525
513269597_c38308feaf.jpg,একটি কুকুর মুখে একটি লাঠি নিয়ে ঘাসের মধ্য দিয়ে চলে।,0.29999999969999996,0.4285714279591837,0.35294117121107266,0.35294117121107266,0.13333332835555572,0.35294117121107266,0,0,0.4871794871794872,0.23076923059171597
9030.png,একজন ছেলে মেয়ে বসে আছে।,0.5999999988,0.49999999916666665,0.5454545395041324,0.5454545395041324,0.2222222167901236,0.5454545395041324,0,0,0.4375,0.37499999953124996
3468130925_2b1489d19a.jpg,একজন <unk> <unk> <unk>,0.249999999375,0.09090909082644627,0.13333332924444455,0.13333332924444455,0.0,0.13333332924444455,0,0,0.16279069767441856,0.08333333326388888
2960.png,একটি বড় গাছের নিচে বসে আছে।,0.16666666638888888,0.08333333326388888,0.11111110654321005,0.11111110654321005,0.0,0.11111110654321005,0,0,0.23404255319148937,0.05882352937716263
3426144752_28d63615ca.jpg,একটি শিশু একটি ক্যামেরা দিয়ে ছবি তুলছে।,0.2857142853061225,0.2857142853061225,0.28571428030612256,0.28571428030612256,0.15384614863905344,0.28571428030612256,0,0,0.4,0.16666666652777776
3484019369_354e0b88c0.jpg,একজন হকি খেলোয়াড় একটি <unk>,0.3999999992,0.2857142853061225,0.33333332791666676,0.33333332791666676,0.0,0.16666666152777793,0,0,0.44999999999999996,0.2222222219753086
3547647914_4dd56a8c1b.jpg,ফুটপাতে একদল লোক ফুটপাতে দাঁড়িয়ে আছে,0.49999999916666665,0.5999999988,0.5454545395041324,0.5454545395041324,0.2222222167901236,0.5454545395041324,0,0,0.625,0.4285714279591837
2137.png,জলাশয় এর পাশে একটি সেতু আছে।,0.16666666638888888,0.12499999984374999,0.1428571377551022,0.1428571377551022,0.0,0.1428571377551022,0,0,0.32258064516129037,0.08333333326388888
1594038143_57f299aa8a.jpg,একজন নারী আছে।,0.0,0.0,0.0,0.0,0.0,0.0,0,0,0.1923076923076923,0.0
1174525839_7c1e6cfa86.jpg,একজন মহিলা সাগরের পাশে দাঁড়িয়ে আছে,0.0,0.0,0.0,0.0,0.0,0.0,0,0,0.36,0.0
347375312_1283645985559368_3766867741936536733_n.jpg,তিনটি শিশু একটি জমিতে হাঁটার সময় ছবি তুলছে,0.12499999984374999,0.16666666638888888,0.1428571377551022,0.1428571377551022,0.0,0.1428571377551022,0,0,0.3125,0.07692307686390532
20220909_134236.jpg,একটি শিশু আছে।,0.0,0.0,0.0,0.0,0.0,0.0,0,0,0.31818181818181823,0.0
2356.png,দূরে একজন মানুষ হেঁটে যাচ্ছে।,0.1999999996,0.16666666638888888,0.1818181765289258,0.1818181765289258,0.0,0.1818181765289258,0,0,0.4347826086956522,0.0999999999
8703.png,একজন পুরুষ ও দুইটি শিশু আছে।,0.33333333277777777,0.1999999998,0.24999999500000003,0.24999999500000003,0.0,0.24999999500000003,0,0,0.44999999999999996,0.14285714275510203
1225443522_1633e7121f.jpg,এক দম্পতি একটি বিশাল খোদাই <unk> একটি <unk> অতিক্রম করার সময় একটি বিশাল <unk> অতিক্রম করার সময় একটি বিশাল <unk> অতিক্রম করার সময় একটি বিশাল <unk> অতিক্রম করার সময় একটি বিশাল <unk> অতিক্রম করার সময় একটি বিশাল <unk> অতিক্রম করার,0.0499999999875,0.2222222219753086,0.08163265002915464,0.08163265002915464,0.0,0.08163265002915464,0,0,0.21052631578947367,0.124999999921875
3146232740_df3da0163b.jpg,একটি কালো কুকুর পানির মধ্যে মাড়াই করে,0.571428570612245,0.3333333330555555,0.42105262648199443,0.42105262648199443,0.12499999515625017,0.42105262648199443,0,0,0.4444444444444444,0.28571428551020406
8851.png,একজন পুরুষ দাড়িয়ে আছে।,0.49999999875,0.49999999875,0.4999999937500001,0.4999999937500001,0.0,0.4999999937500001,0,0,0.6666666666666667,0.33333333277777777
3247341210_5d1e50df23.jpg,একজন ফুটবল খেলোয়াড় তিনটি <unk> <unk> <unk> <unk> <unk> <unk> <unk> <unk> <unk> <unk> <unk> <unk> <unk> <unk> <unk> <unk> <unk> <unk> <unk> <unk> <unk> <unk> <unk> <unk> <unk> <unk> <unk> <unk> <unk> <unk> <unk> <unk> <unk> <unk> <unk> <unk>,0.02499999999375,0.12499999984374999,0.04166666387152797,0.04166666387152797,0.0,0.04166666387152797,0,0,0.09259259259259256,0.08333333326388888
3198237818_cb5eb302f0.jpg,বিকিনি পরিহিত তিনজন মহিলা বিকিনি পরে আছে,0.2857142853061225,0.24999999968749997,0.2666666613333334,0.2666666613333334,0.15384614863905344,0.2666666613333334,0,0,0.3548387096774194,0.16666666652777776
3475.png,একজন পুরুষ বসে আছে।,0.249999999375,0.12499999984374999,0.16666666194444454,0.16666666194444454,0.0,0.16666666194444454,0,0,0.30000000000000004,0.1111111109876543
3074842262_62b1b2168c.jpg,একটি ছোট ছেলে একটি ছোট ছেলে একটি ছোট ছেলে একটি ছোট ছেলে একটি ছোট ছেলে একটি ছোট ছেলে একটি ছোট ছেলে একটি ছোট ছেলে একটি ছোট ছেলে একটি ছোট ছেলে একটি ছোট ছেলে একটি ছোট ছেলে একটি ছোট ছেলে একটি,0.0499999999875,0.24999999968749997,0.08333333052083343,0.08333333052083343,0.0,0.08333333052083343,0,0,0.1578947368421053,0.2222222219753086
1376.png,পাশাপাশি কয়েকজন পুরুষ দাড়িয়ে আছে।,0.3999999992,0.24999999968749997,0.3076923024852071,0.3076923024852071,0.1818181768595043,0.3076923024852071,0,0,0.46875,0.18181818165289254
11.png,একটি <unk>,0.999999995,0.0833333332986111,0.15384615230769233,0.15384615230769233,0.0,0.15384615230769233,0,0,0.08163265306122447,0.09523809519274376
7912.png,একজন পুরুষ একটি শিশু দাড়িয়ে আছে।,0.49999999916666665,0.49999999916666665,0.4999999941666667,0.4999999941666667,0.0,0.4999999941666667,0,0,0.5,0.3333333329629629
5976.png,একজন পুরুষ একটি শিশু আছে।,0.5999999988,0.7499999981250001,0.6666666602469137,0.6666666602469137,0.28571428000000004,0.6666666602469137,0,0,0.6666666666666667,0.49999999916666665
9113.png,একজন পুরুষ হেঁটে যাচ্ছে।,0.249999999375,0.08333333326388888,0.1249999960937501,0.1249999960937501,0.0,0.1249999960937501,0,0,0.25,0.07142857137755101
7907.png,একজন পুরুষ বসে একজন পুরুষ বসে একজন পুরুষ বসে একজন পুরুষ বসে একজন পুরুষ বসে একজন পুরুষ বসে একজন পুরুষ বসে একজন পুরুষ বসে একজন পুরুষ বসে একজন পুরুষ বসে একজন পুরুষ বসে একজন পুরুষ বসে একজন পুরুষ বসে একজন,0.0499999999875,0.33333333277777777,0.08695651943289232,0.08695651943289232,0.0,0.08695651943289232,0,0,0.125,0.2857142853061225
2317714088_bcd081f926.jpg,দুজন <unk> একটি <unk> দেখছেন।,0.1999999996,0.16666666638888888,0.1818181765289258,0.1818181765289258,0.0,0.1818181765289258,0,0,0.30434782608695654,0.1111111109876543
800.png,একজন বয়স্ক পুরুষ তাকিয়ে আছে।,0.7999999984,0.9999999975,0.8888888819753088,0.8888888819753088,0.5714285648979592,0.8888888819753088,0,0,0.75,0.7999999984
6568.png,একটি নৌকায় একজন মানুষ দাড়িয়ে আছে।,0.6666666655555555,0.9999999975,0.7999999936,0.7999999936,0.24999999468750006,0.7999999936,0,0,0.6086956521739131,0.6666666655555555
1663.png,একজন পুরুষ চাকা ঘুরিয়ে মাটির ঘরের ভিতর থেকে রিক্সায় একজন পুরুষ মানুষ কাজ করছে।,0.14285714275510203,0.124999999921875,0.13333332826666686,0.13333332826666686,0.0,0.13333332826666686,0,0,0.27586206896551724,0.05882352937716263
8591.png,কয়েকজন মানুষ বসে কাজ করছে।,0.3999999992,0.2857142853061225,0.33333332791666676,0.33333332791666676,0.0,0.33333332791666676,0,0,0.3793103448275862,0.1999999998
2920.png,রাস্তা দিয়ে একজন মানুষ হেঁটে যাচ্ছে।,0.49999999916666665,0.7499999981250001,0.5999999940000001,0.5999999940000001,0.49999999406250006,0.5999999940000001,0,0,0.6363636363636364,0.4285714279591837
3269380710_9161b0bd00.jpg,একজন লোক একটি ছবির জন্য পোজ দিচ্ছে,0.2857142853061225,0.49999999875,0.36363635834710756,0.36363635834710756,0.2222222172839507,0.36363635834710756,0,0,0.46153846153846156,0.2222222219753086
1281282435.jpg,একজন পুরুষ এবং ডানপাশে কিছু মানুষ হেঁটে যাচ্ছে।,0.12499999984374999,0.0999999999,0.11111110604938293,0.11111110604938293,0.0,0.11111110604938293,0,0,0.30000000000000004,0.05882352937716263
2404692474_37da774368.jpg,একটি কুকুর বল ধরার চেষ্টা করছে,0.49999999916666665,0.29999999969999996,0.37499999484375,0.37499999484375,0.14285713806122466,0.37499999484375,0,0,0.45833333333333337,0.24999999979166665
947.png,একজন নারী ও একজন বালিকার কোলে নিয়ে দাড়িয়ে আছে।,0.3333333329629629,0.4285714279591837,0.374999994609375,0.374999994609375,0.0,0.24999999476562512,0,0,0.4375,0.24999999979166665
6995.png,একজন পুরুষ দাড়িয়ে আছে।,0.9999999975,0.49999999937499995,0.6666666611111112,0.6666666611111112,0.5999999946000001,0.6666666611111112,0,0,0.4838709677419355,0.49999999937499995
1417637704_572b4d6557.jpg,একটি গাড়ির স্টিয়ারিং হুইলে একটি গাড়ির ভেতর গাড়িতে বসে আছে,0.1999999998,0.3999999992,0.2666666618666667,0.2666666618666667,0.15384614934911253,0.2666666618666667,0,0,0.368421052631579,0.18181818165289254
3107368071_724613fc4f.jpg,একজন পুরুষ ও একজন পুরুষ ও একজন পুরুষ ও একজন পুরুষ ও একজন পুরুষ ও একজন পুরুষ ও একজন পুরুষ ও একজন পুরুষ ও একজন পুরুষ ও একজন পুরুষ ও একজন পুরুষ ও একজন পুরুষ ও একজন পুরুষ ও একজন,0.0,0.0,0.0,0.0,0.0,0.0,0,0,0.2108843537414966,0.0
3210.png,একজন নারী মাথায় কিছু নিয়ে আছে।,0.33333333277777777,0.33333333277777777,0.3333333277777778,0.3333333277777778,0.0,0.3333333277777778,0,0,0.65,0.1999999998
3476237185_9389c536a3.jpg,একটি কালো কুকুর একটি কালো কুকুরটিকে লাফ দিচ্ছে,0.6249999992187499,0.45454545413223135,0.5263157840443214,0.5263157840443214,0.11764705384083066,0.5263157840443214,0,0,0.6,0.24999999979166665
2358561039_e215a8d6cd.jpg,একজন লোক <unk> গাড়ীতে উঠার চেষ্টা করছে,0.2857142853061225,0.2857142853061225,0.28571428030612256,0.28571428030612256,0.16666666138888903,0.28571428030612256,0,0,0.2962962962962963,0.16666666652777776
5581.png,একটি নৌকায় ২ টি নৌকা চালাচ্ছে।,0.16666666638888888,0.16666666638888888,0.16666666138888903,0.16666666138888903,0.0,0.16666666138888903,0,0,0.4782608695652174,0.09090909082644627
4860.png,রাস্তা দিয়ে একজন পুরুষ মানুষ।,0.3999999992,0.33333333277777777,0.36363635801652905,0.36363635801652905,0.2222222167901236,0.36363635801652905,0,0,0.29166666666666663,0.24999999968749997
6492.png,কয়েকজন পুরুষ দাড়িয়ে আছে।,0.49999999875,0.33333333277777777,0.3999999944,0.3999999944,0.0,0.3999999944,0,0,0.36363636363636365,0.24999999968749997
8504.png,একজন পুরুষ আছে।,0.3333333322222222,0.14285714265306124,0.1999999954000001,0.1999999954000001,0.0,0.1999999954000001,0,0,0.36363636363636365,0.1111111109876543
217838128_1f0a84ddc1.jpg,একটি নৌকায় একজন ছোট ছেলে,0.3999999992,0.24999999968749997,0.3076923024852071,0.3076923024852071,0.0,0.16666666152777793,0,0,0.42307692307692313,0.18181818165289254
3043904009_3b5e0412cd.jpg,একজন পুরুষ এবং একজন মহিলা একটি <unk> <unk> <unk> <unk> <unk> <unk> <unk> <unk> <unk> <unk> <unk> <unk> <unk> <unk> <unk> <unk> <unk> <unk> <unk> <unk> <unk> <unk> <unk> <unk> <unk> <unk> <unk> <unk> <unk> <unk> <unk> <unk> <unk> <unk>,0.0499999999875,0.16666666652777776,0.07692307334319543,0.07692307334319543,0.0,0.07692307334319543,0,0,0.125,0.124999999921875
6809.png,কয়েকজন পুরুষ আছে।,0.6666666644444444,0.24999999968749997,0.36363635900826446,0.36363635900826446,0.0,0.36363635900826446,0,0,0.30000000000000004,0.2222222219753086
3259110412_9908c45144.jpg,একজন লোক পর্বতের চূড়ায় দাঁড়িয়ে আছে,0.16666666638888888,0.249999999375,0.1999999948000001,0.1999999948000001,0.0,0.1999999948000001,0,0,0.41666666666666663,0.1111111109876543
2114355355_9d7e2d8178.jpg,একটি সাদা কুকুর একটি <unk> সাথে একটি সাদা <unk> সাথে একটি সাদা <unk> সাথে একটি সাদা <unk> সাথে একটি সাদা <unk> সাথে একটি সাদা <unk> সাথে একটি সাদা <unk> সাথে একটি সাদা <unk> সাথে একটি সাদা <unk> সাথে একটি সাদা,0.099999999975,0.3636363633057851,0.15686274165321037,0.15686274165321037,0.0,0.1224489765431071,0,0,0.18571428571428572,0.24999999979166665
4763.png,জলাশয়ের পাশে একটি ব্রীজ দেখা যাচ্ছে।,0.33333333277777777,0.3999999992,0.36363635801652905,0.36363635801652905,0.0,0.36363635801652905,0,0,0.5652173913043479,0.2222222219753086
3315616181_15dd137e27.jpg,একজন লোক একটি উচু দালান <unk> করছে।,0.2857142853061225,0.24999999968749997,0.2666666613333334,0.2666666613333334,0.15384614863905344,0.2666666613333334,0,0,0.41666666666666663,0.16666666652777776
2434.png,একটি কালো পাখি আছে।,0.249999999375,0.1111111109876543,0.15384614934911253,0.15384614934911253,0.0,0.15384614934911253,0,0,0.24242424242424243,0.08333333326388888
4776.png,একজন পুরুষ দাড়িয়ে আছে।,0.9999999975,0.49999999937499995,0.6666666611111112,0.6666666611111112,0.5999999946000001,0.6666666611111112,0,0,0.5357142857142857,0.571428570612245
245252561_4f20f1c89e.jpg,একটি কুকুর একটি বাদামী কুকুর দৌড়াচ্ছে,0.6666666655555555,0.3636363633057851,0.47058823017301044,0.47058823017301044,0.11764705453287211,0.47058823017301044,0,0,0.5,0.2222222219753086
3222041930_f642f49d28.jpg,একজন লোক একটি <unk> একটি <unk> একটি <unk> একটি <unk> একটি <unk> একটি <unk> একটি <unk> একটি <unk> একটি <unk> একটি <unk> একটি <unk> একটি <unk> একটি <unk> একটি <unk> একটি <unk> একটি <unk> একটি <unk> একটি <unk> একটি <unk>,0.07499999998125,0.21428571413265304,0.11111110722908106,0.11111110722908106,0.042553188646446534,0.11111110722908106,0,0,0.16352201257861632,0.18181818165289254
1919.png,একজন পুরুষ মাথায় কিছু নিয়ে দাড়িয়ে আছে।,0.2857142853061225,0.33333333277777777,0.3076923022485208,0.3076923022485208,0.0,0.3076923022485208,0,0,0.43999999999999995,0.18181818165289254
100577935.jpg,একজন লোক একটি ছবির জন্য একটি ছবির জন্য একটি ছবির জন্য একটি ছবির জন্য একটি ছবির জন্য একটি ছবির জন্য একটি ছবির জন্য একটি ছবির জন্য একটি ছবির জন্য একটি ছবির জন্য একটি ছবির জন্য একটি ছবির জন্য একটি ছবির,0.12499999996875,0.23809523798185941,0.16393442166084402,0.16393442166084402,0.045454543419421574,0.13114753642569216,0,0,0.3459119496855346,0.3333333329629629
2532.png,কয়েকজন মানুষ আছে।,0.3333333322222222,0.249999999375,0.28571428000000004,0.28571428000000004,0.0,0.28571428000000004,0,0,0.5,0.16666666638888888
3679502342_7fe6ef8a36.jpg,একটি লোক একটি দালানের সামনে দাড়িয়ে আছে,0.2857142853061225,0.2222222219753086,0.24999999476562512,0.24999999476562512,0.0,0.24999999476562512,0,0,0.5,0.15384615372781063
2959941749_fa99097463.jpg,একজন আইসহকি খেলোয়াড় তিনটি হকি খেলছে,0.33333333277777777,0.49999999875,0.3999999944,0.3999999944,0.24999999468750006,0.3999999944,0,0,0.5,0.24999999968749997
396.png,একজন নারী হেঁটে যাচ্ছে।,0.7499999981250001,0.37499999953124996,0.49999999472222234,0.49999999472222234,0.1999999954000001,0.49999999472222234,0,0,0.48275862068965514,0.3333333329629629
3247500085_c4f641aa84.jpg,একজন লোক বাদ্যযন্ত্র বাজাচ্ছে,0.7499999981250001,0.5999999988,0.6666666602469137,0.6666666602469137,0.28571428000000004,0.6666666602469137,0,0,0.65,0.49999999916666665
2059842472_f4fb61ea08.jpg,একটি শিশু একটি ছোট ছেলে,0.5999999988,0.3333333329629629,0.42857142336734694,0.42857142336734694,0.16666666194444454,0.2857142807142858,0,0,0.303030303030303,0.29999999969999996
5583.png,একটি শিশু খেলছে।,0.3333333322222222,0.3333333322222222,0.33333332722222225,0.33333332722222225,0.0,0.33333332722222225,0,0,0.30000000000000004,0.1999999996
1921398767_771743bf4e.jpg,একটি কুকুর সমুদ্রের ঢেউয়ের পাশে দাঁড়িয়ে আছে,0.2857142853061225,0.3999999992,0.33333332791666676,0.33333332791666676,0.1999999948000001,0.33333332791666676,0,0,0.4285714285714286,0.1999999998
8924.png,সমুদ্রের পারে একজন পুরুষ এবং উপরে একটি ছোট ছেলে,0.3333333329629629,0.37499999953124996,0.3529411710726644,0.3529411710726644,0.13333332817777796,0.3529411710726644,0,0,0.5294117647058824,0.21428571413265304
979.png,৩ জন পুরুষ দাড়িয়ে আছে।,0.3999999992,0.3999999992,0.39999999420000004,0.39999999420000004,0.1818181768595043,0.39999999420000004,0,0,0.6,0.24999999968749997
3433470650_a8b1c27173.jpg,একটি ইটের দালানের সামনে তিনজন লোক একটি ইটের ভবনের পাশে দাঁড়িয়ে আছে,0.3333333330555555,0.3333333330555555,0.3333333280555556,0.3333333280555556,0.0799999950080003,0.24999999479166674,0,0,0.3829787234042553,0.2222222220987654
2988439935_7cea05bc48.jpg,একজন ফুটবল খেলোয়াড় বলটিকে লাথি মারার জন্য প্রস্তুত,0.49999999937499995,0.28571428551020406,0.36363635867768596,0.36363635867768596,0.15384614863905344,0.36363635867768596,0,0,0.5555555555555556,0.2222222220987654
2077.png,এটি একটি ব্রীজ দেখা যাচ্ছে।,0.0,0.0,0.0,0.0,0.0,0.0,0,0,0.23529411764705888,0.0
1022454428_b6b660a67b.jpg,একজন পুরুষ একটি শিশু কোলে নিয়ে যাচ্ছে।,0.4285714279591837,0.29999999969999996,0.35294117121107266,0.35294117121107266,0.13333332835555572,0.35294117121107266,0,0,0.4473684210526315,0.21428571413265304
3462.png,একটি বাঘ আছে।,0.3333333322222222,0.249999999375,0.28571428000000004,0.28571428000000004,0.0,0.28571428000000004,0,0,0.3571428571428571,0.16666666638888888
6811.png,একজন পুরুষ বসে আছে।,0.249999999375,0.249999999375,0.2499999943750001,0.2499999943750001,0.0,0.2499999943750001,0,0,0.6,0.14285714265306124
2308271254_27fb466eb4.jpg,একটি কুকুর পানিতে সাঁতার কাটছে,0.3999999992,0.33333333277777777,0.36363635801652905,0.36363635801652905,0.0,0.36363635801652905,0,0,0.6842105263157895,0.2222222219753086
5534.png,একটি ব্যানের দোকানে ২ জন পুরুষ দাড়িয়ে আছে।,0.24999999968749997,0.49999999875,0.33333332833333335,0.33333332833333335,0.0,0.33333332833333335,0,0,0.4285714285714286,0.1999999998
1631.png,একজন নারী বসে আছে।,0.49999999875,0.3999999992,0.4444444385185186,0.4444444385185186,0.28571428000000004,0.4444444385185186,0,0,0.6,0.2857142853061225
1552.png,কয়েকজন নারী দাড়িয়ে আছে।,0.7499999981250001,0.9999999966666667,0.8571428497959185,0.8571428497959185,0.39999999360000005,0.8571428497959185,0,0,0.7333333333333334,0.7499999981250001
1027.png,কিছু মানুষ আছে।,0.6666666644444444,0.2222222219753086,0.3333333290277778,0.3333333290277778,0.19999999640000002,0.3333333290277778,0,0,0.29032258064516125,0.24999999968749997
2946016853_ceca4f5a07.jpg,একটি সাদা কুকুর একটি ফ্রিসবি ধরার চেষ্টা করছে,0.37499999953124996,0.29999999969999996,0.3333333280246914,0.3333333280246914,0.12499999492187522,0.3333333280246914,0,0,0.39534883720930236,0.21428571413265304
4868.png,একটি স্কুল দেখা যাচ্ছে ও একটি টিনের ঘর ও একজন পুরুষ হেঁটে যাচ্ছে।,0.07692307686390532,0.3333333322222222,0.12499999679687505,0.12499999679687505,0.0,0.12499999679687505,0,0,0.15555555555555556,0.07692307686390532
7227.png,একজন মানুষ হেঁটে যাচ্ছে।,0.9999999975,0.9999999975,0.9999999925,0.9999999925,0.9999999916666666,0.9999999925,1,1,1.0,0.9999999975
536.png,একটি শিশু বসে আছে।,0.7499999981250001,0.4285714279591837,0.5454545398347109,0.5454545398347109,0.2222222172839507,0.5454545398347109,0,0,0.41666666666666663,0.37499999953124996
3266.png,একজন নারী একটি শিশু আছে।,0.3999999992,0.18181818165289254,0.249999995390625,0.249999995390625,0.0,0.249999995390625,0,0,0.47058823529411764,0.14285714275510203
3410.png,একজন নারী আছে।,0.6666666644444444,0.3999999992,0.49999999406250006,0.49999999406250006,0.0,0.49999999406250006,0,0,0.5,0.33333333277777777
3069786374_804e1123ac.jpg,একজন বাস্কেটবল খেলোয়াড় বল হাতে লাথি মারতে যাচ্ছে।,0.0,0.0,0.0,0.0,0.0,0.0,0,0,0.303030303030303,0.0
8801.png,একজন নারী দাড়িয়ে আছে।,0.249999999375,0.16666666638888888,0.1999999948000001,0.1999999948000001,0.0,0.1999999948000001,0,0,0.4545454545454546,0.1111111109876543
346641231_599560082134013_8971390440590816718_n.jpg,তিনি ক্যামেরা থেকে ভিক্ষা করছে এবং কিছু মানুষ দেখা যাচ্ছে।,0.1999999998,0.15384615372781063,0.17391303841209843,0.17391303841209843,0.09523809024943336,0.17391303841209843,0,0,0.40816326530612246,0.09999999995
