image,pred,precision,recall,f1,r1_f1,r2_f1,rl_f1,exact_match,normalized_exact_match,char_lev_ratio,token_jaccard
636.png,তিনজন পুরুষ ও একটি শিশু বসে আছে।,0.571428570612245,0.28571428551020406,0.3809523761451248,0.3809523761451248,0.21052631124653745,0.3809523761451248,0,0,0.48484848484848486,0.24999999984375
1393.png,কিছু মানুষ বসে আছে।,0.49999999875,0.2857142853061225,0.36363635834710756,0.36363635834710756,0.0,0.36363635834710756,0,0,0.3571428571428571,0.2222222219753086
8985.png,দূরে শহীদ মিনারের সামনে একটি নৌকা যাচ্ছে।,0.14285714265306124,0.3333333322222222,0.1999999954000001,0.1999999954000001,0.0,0.1999999954000001,0,0,0.28260869565217395,0.1111111109876543
8975.png,দেয়ালে দুইটা ছেলে শুয়ে আছে।,0.1999999996,0.12499999984374999,0.15384614887573977,0.15384614887573977,0.0,0.15384614887573977,0,0,0.2857142857142857,0.08333333326388888
5627.png,কয়েকজন মানুষ দাড়িয়ে আছে।,0.49999999875,0.49999999875,0.4999999937500001,0.4999999937500001,0.33333332722222225,0.4999999937500001,0,0,0.6875,0.33333333277777777
IMG_20220921_123453.jpg,একটি মেয়ে জলের <unk> নিয়ন্ত্রণ <unk>,0.16666666638888888,0.0999999999,0.12499999515625017,0.12499999515625017,0.0,0.12499999515625017,0,0,0.2857142857142857,0.07692307686390532
2374652725_32f90fa15c.jpg,একটি কালো কুকুর মুখে নিয়ে দাঁড়িয়ে আছে।,0.4285714279591837,0.29999999969999996,0.35294117121107266,0.35294117121107266,0.2666666615111111,0.35294117121107266,0,0,0.48571428571428577,0.24999999979166665
1613.png,১ জন মহিলা খাতায় কিছু মানুষ।,0.16666666638888888,0.08333333326388888,0.11111110654321005,0.11111110654321005,0.0,0.11111110654321005,0,0,0.26315789473684215,0.0624999999609375
7353.png,একজন পুরুষ মাথায় ইট নিচ্ছে।,0.1999999996,0.14285714265306124,0.16666666152777793,0.16666666152777793,0.0,0.16666666152777793,0,0,0.31999999999999995,0.09090909082644627
1134.png,৪ জন বাচ্চা ছেলে সামনের জনের হাতে বই নিচ্ছে বসে।,0.29999999969999996,0.21428571413265304,0.24999999493055564,0.24999999493055564,0.18181817681818194,0.24999999493055564,0,0,0.4285714285714286,0.149999999925
3125309108_1011486589.jpg,কিছু লোক একটি রাগবী খেলায় অংশগ্রহণ করছে,0.2857142853061225,0.2222222219753086,0.24999999476562512,0.24999999476562512,0.0,0.24999999476562512,0,0,0.3928571428571429,0.14285714275510203
2371749487_d80195a2e7.jpg,একটি <unk> একটি লোক চার চাকার গাড়িতে করে একটি রাস্তায় চার চাকার বাইক চালাচ্ছে,0.28571428551020406,0.3636363633057851,0.31999999481600006,0.31999999481600006,0.0869565167485825,0.23999999488000007,0,0,0.41509433962264153,0.11764705875432525
634.png,একজন পুরুষ মাথায় গোল টুপি পরে হাতে একটা ছবি তুলছে।,0.1999999998,0.2857142853061225,0.23529411252595167,0.23529411252595167,0.0,0.23529411252595167,0,0,0.37142857142857144,0.13333333324444444
3180.png,একজন নারী ও একজন নারী নৃত্য করছে।,0.2857142853061225,0.33333333277777777,0.3076923022485208,0.3076923022485208,0.1818181765289258,0.3076923022485208,0,0,0.56,0.2222222219753086
5999.png,একটি <unk>,0.0,0.0,0.0,0.0,0.0,0.0,0,0,0.2727272727272727,0.0
502671104_b2114246c7.jpg,একটি শিশু একটি সুইমিং পুলে সাঁতার কাটছে,0.4285714279591837,0.2727272724793388,0.33333332820987654,0.33333332820987654,0.12499999515625017,0.22222221722222232,0,0,0.3783783783783784,0.14285714275510203
6214.png,বাইরের রাস্তায় দুজন লোক বসে আছে,0.0,0.0,0.0,0.0,0.0,0.0,0,0,0.2727272727272727,0.0
2877088081_7ca408cb25.jpg,একজন স্কেটবোর্ডার একটি বাঁকে ঘুরছে,0.5999999988,0.4285714279591837,0.4999999943055557,0.4999999943055557,0.3999999944,0.4999999943055557,0,0,0.6896551724137931,0.3333333329629629
3352791995_8db4979aca.jpg,একজন মহিলা একটি কাঁচা ঘরে তাকিয়ে আছে,0.2857142853061225,0.24999999968749997,0.2666666613333334,0.2666666613333334,0.0,0.2666666613333334,0,0,0.5625,0.16666666652777776
3336759846_5220e27deb.jpg,একজন মহিলা এক নারীর সাথে কথা বলছে।,0.2857142853061225,0.24999999968749997,0.2666666613333334,0.2666666613333334,0.0,0.2666666613333334,0,0,0.5555555555555556,0.15384615372781063
514222285_aa0c8d05b7.jpg,একটি লাল রঙের পোশাক পরিহিত একজন লোক একটি পাহাড়ে স্কি করছে,0.3636363633057851,0.4444444439506172,0.39999999464999997,0.39999999464999997,0.09523809015873042,0.29999999475000005,0,0,0.5,0.21428571413265304
8281.png,পানিতে একটি শিশু সাঁতার কাটছে,0.5999999988,0.7499999981250001,0.6666666602469137,0.6666666602469137,0.5714285648979592,0.6666666602469137,0,0,0.6666666666666667,0.49999999916666665
690.png,একজন নারী আছে।,0.9999999966666667,0.4285714279591837,0.5999999946000001,0.5999999946000001,0.24999999562500003,0.5999999946000001,0,0,0.41666666666666663,0.4285714279591837
IMG_20220915_163434.jpg,একটি শিশু বেলুন নিয়ে দাঁড়িয়ে আছে।,0.16666666638888888,0.16666666638888888,0.16666666138888903,0.16666666138888903,0.0,0.16666666138888903,0,0,0.25806451612903225,0.09090909082644627
1170586898.jpg,একটি ছেলে সৈকতে খেলছে,0.249999999375,0.07692307686390532,0.11764705508650528,0.11764705508650528,0.0,0.11764705508650528,0,0,0.2222222222222222,0.0624999999609375
4802.png,একটি মাছ আছে।,0.3333333322222222,0.3333333322222222,0.33333332722222225,0.33333332722222225,0.0,0.33333332722222225,0,0,0.4545454545454546,0.1999999996
7408.png,একটি শিশু তাকিয়ে আছে।,0.249999999375,0.1999999996,0.2222222167901236,0.2222222167901236,0.0,0.2222222167901236,0,0,0.3529411764705882,0.12499999984374999
2555.png,দাড়ি গোঁফ ওয়ালা একজন বয়স্ক নারী আছে।,0.4285714279591837,0.2727272724793388,0.33333332820987654,0.33333332820987654,0.0,0.33333332820987654,0,0,0.3414634146341463,0.19999999986666667
5898.png,একটি লাল রঙের জামা গায়ে একটি শিশু হাতে ফুল নিয়ে দাঁড়িয়ে আছে,0.08333333326388888,0.0999999999,0.09090908586776886,0.09090908586776886,0.0,0.09090908586776886,0,0,0.33333333333333337,0.049999999975
_MG_1672.JPG,একজন লোক একটি নীল জামা পরে রাস্তার পাশে দাঁড়িয়ে আছে,0.1999999998,0.2857142853061225,0.23529411252595167,0.23529411252595167,0.0,0.23529411252595167,0,0,0.34285714285714286,0.13333333324444444
IMG_0606.JPG,একটি দোকানের সামনে দুইজন পুরুষ ও একজন পুরুষ ও একজন পুরুষ ও একজন পুরুষ ও একজন পুরুষ ও একজন পুরুষ ও একজন পুরুষ ও একজন পুরুষ ও একজন পুরুষ ও একজন পুরুষ ও একজন পুরুষ ও একজন পুরুষ ও একজন,0.0499999999875,0.24999999968749997,0.08333333052083343,0.08333333052083343,0.0,0.04166666387152797,0,0,0.10738255033557043,0.15384615372781063
3442.png,রাস্তা দিয়ে দুইজন মানুষ দেখা যাচ্ছে।,0.49999999916666665,0.29999999969999996,0.37499999484375,0.37499999484375,0.14285713806122466,0.37499999484375,0,0,0.42500000000000004,0.2727272724793388
8585.png,একজন পুরুষ মানুষ কাজ করছে।,0.0,0.0,0.0,0.0,0.0,0.0,0,0,0.3076923076923077,0.0
5454.png,কয়েকজন নারী ও পুরুষ বসে আছে।,0.33333333277777777,0.24999999968749997,0.2857142804081633,0.2857142804081633,0.0,0.1999999948000001,0,0,0.3793103448275862,0.16666666652777776
2663794355_e726ec7e05.jpg,বিকিনি পরিহিত একজন মহিলা একটি পাথরের উপর বসে আছে।,0.2222222219753086,0.2857142853061225,0.24999999476562512,0.24999999476562512,0.1428571377551022,0.24999999476562512,0,0,0.4358974358974359,0.14285714275510203
1357.png,একটি লোক <unk> বিক্রি করছে,0.1999999996,0.06666666662222222,0.09999999615000013,0.09999999615000013,0.0,0.09999999615000013,0,0,0.18867924528301883,0.0624999999609375
2563578471_9a4e4c2ecc.jpg,একটি ছেলে সৈকতে খেলছে,0.49999999875,0.2857142853061225,0.36363635834710756,0.36363635834710756,0.0,0.36363635834710756,0,0,0.5217391304347826,0.2222222219753086
peakpx.jpg,একটি মেয়ে হাতে একটা বাটিতে হাতে <unk> নিয়ে আছে।,0.3333333329629629,0.49999999916666665,0.3999999946666667,0.3999999946666667,0.0,0.2666666615111111,0,0,0.30000000000000004,0.2727272724793388
566794440_f9ec673a2f.jpg,একজন লোক একটি বেসবল খেলছে,0.1999999996,0.3333333322222222,0.24999999468750006,0.24999999468750006,0.0,0.24999999468750006,0,0,0.4,0.14285714265306124
9100.png,একটি শিশু আছে।,0.9999999966666667,0.5999999988,0.7499999934375,0.7499999934375,0.6666666600000001,0.7499999934375,0,0,0.5625,0.5999999988
2490863987_715383944a.jpg,একটি বিশাল <unk> <unk> <unk> <unk> <unk> নিয়ে দাঁড়িয়ে আছে।,0.1999999998,0.2222222219753086,0.21052631058171756,0.21052631058171756,0.0,0.15384615005917168,0,0,0.3023255813953488,0.15384615372781063
pexels-niaz-sumon-103839943-10126101.jpg,একটি শিশু দাড়িয়ে আছে অনেকগুলো মানুষ আছে।,0.0,0.0,0.0,0.0,0.0,0.0,0,0,0.2692307692307693,0.0
8425.png,একজন পুরুষ বসে কাজ করছে।,0.1999999996,0.3333333322222222,0.24999999468750006,0.24999999468750006,0.0,0.24999999468750006,0,0,0.4444444444444444,0.14285714265306124
7489.png,একটি কুকুর একটি পাখি উড়ে,0.1999999996,0.16666666638888888,0.1818181765289258,0.1818181765289258,0.0,0.1818181765289258,0,0,0.3913043478260869,0.1111111109876543
2271671533_7538ccd556.jpg,বরফের মধ্যে এক লোক হেটে যাচ্ছে,0.33333333277777777,0.2222222219753086,0.2666666615111111,0.2666666615111111,0.0,0.2666666615111111,0,0,0.4375,0.15384615372781063
314685044_da4390728e.jpg,একটি মহিলা একটি রেকর্ড করার জন্য অপেক্ষা করছেন,0.24999999968749997,0.2222222219753086,0.23529411238754333,0.23529411238754333,0.13333332817777796,0.23529411238754333,0,0,0.4117647058823529,0.14285714275510203
5334.png,একটি লোক পাথরের ফাকে করতেছে।,0.0,0.0,0.0,0.0,0.0,0.0,0,0,0.2857142857142857,0.0
3435233065_3411f2d29d.jpg,একটি শিশু গাছের পাশে সাইকেল চালাচ্ছে ।,0.2857142853061225,0.33333333277777777,0.3076923022485208,0.3076923022485208,0.1818181765289258,0.3076923022485208,0,0,0.5925925925925926,0.18181818165289254
6424.png,দুইজন পুরুষ দাড়িয়ে আছে।,0.0,0.0,0.0,0.0,0.0,0.0,0,0,0.3125,0.0
1355703632_5683a4b6fb.jpg,একটি শিশু একটি গেম চলাকালীন <unk>,0.33333333277777777,0.24999999968749997,0.2857142804081633,0.2857142804081633,0.0,0.1818181765289258,0,0,0.34782608695652173,0.18181818165289254
6949.png,একটি রাস্তা দিয়ে গাছ আছে।,0.1999999996,0.249999999375,0.2222222167901236,0.2222222167901236,0.0,0.2222222167901236,0,0,0.3214285714285714,0.12499999984374999
2403.png,একটি নৌকায় একজন মানুষ আছে।,0.0,0.0,0.0,0.0,0.0,0.0,0,0,0.23529411764705888,0.0
2512682478_b67cc525c7.jpg,একটি শিশু একটি ফুটবলের পিছনে পড়ে,0.16666666638888888,0.16666666638888888,0.16666666138888903,0.16666666138888903,0.0,0.16666666138888903,0,0,0.33333333333333337,0.0999999999
2084.png,একজন বয়স্ক লোক বই পড়ছে।,0.1999999996,0.12499999984374999,0.15384614887573977,0.15384614887573977,0.0,0.15384614887573977,0,0,0.303030303030303,0.08333333326388888
401476986_73918145a3.jpg,একটি কালো রঙের একটি কুকুর ঘাসের উপর একটি বাদামী কুকুর দৌড়াচ্ছে,0.45454545413223135,0.3846153843195266,0.4166666613541667,0.4166666613541667,0.13333332871111125,0.3529411714878893,0,0,0.375,0.2727272724793388
3778.png,একটি উজ্জ্বল নীল সূর্যাস্ত উপভোগ করছে একদল লোক,0.12499999984374999,0.1111111109876543,0.11764705370242234,0.11764705370242234,0.0,0.11764705370242234,0,0,0.19999999999999996,0.06666666662222222
7201.png,কয়েকজন মানুষ আছে।,0.3333333322222222,0.249999999375,0.28571428000000004,0.28571428000000004,0.0,0.28571428000000004,0,0,0.4375,0.16666666638888888
4897.png,একটি জমিতে একজন লোক কাঁধে একটা পান করছে যার পিছনে পাহাড় দেখা যাচ্ছে।,0.0,0.0,0.0,0.0,0.0,0.0,0,0,0.19148936170212771,0.0
3016178284_ec50a09e8c.jpg,সাইকেল চালক প্রতিযোগিতা করছে,0.49999999875,0.2857142853061225,0.36363635834710756,0.36363635834710756,0.2222222172839507,0.36363635834710756,0,0,0.43333333333333335,0.24999999968749997
3518.png,একটি শিশু গাছে উঠছে,0.249999999375,0.0999999999,0.14285713857142868,0.14285713857142868,0.0,0.14285713857142868,0,0,0.3529411764705882,0.07692307686390532
2856252334_1b1a230e70.jpg,একজন ছোট ছেলে স্টাইল ধরে দাড়িয়ে হাতে একটি ছেলে হাতে একটি ছেলে হাতে একটি ছেলে হাতে একটি ছেলে হাতে একটি ছেলে হাতে একটি ছেলে হাতে একটি ছেলে হাতে একটি ছেলে হাতে একটি ছেলে হাতে একটি ছেলে হাতে একটি ছেলে হাতে,0.07499999998125,0.21428571413265304,0.11111110722908106,0.11111110722908106,0.04444444211358036,0.10909090508429765,0,0,0.24444444444444446,0.15789473675900276
3330654550_3efe9a71af.jpg,দুজন <unk> <unk> <unk> রাস্তায় সাইকেল নিয়ে সাইকেল নিয়ে সাইকেল নিয়ে সাইকেল নিয়ে সাইকেল নিয়ে সাইকেল নিয়ে সাইকেল নিয়ে সাইকেল নিয়ে সাইকেল নিয়ে সাইকেল নিয়ে সাইকেল নিয়ে সাইকেল নিয়ে সাইকেল নিয়ে সাইকেল নিয়ে সাইকেল নিয়ে সাইকেল নিয়ে সাইকেল নিয়ে সাইকেল,0.07499999998125,0.3333333329629629,0.1224489765431071,0.1224489765431071,0.0,0.08163265002915464,0,0,0.12422360248447206,0.18181818165289254
1466479163_439db855af.jpg,একটি কুকুর একটি ফ্রিসবি ধরার জন্য লাফ দিলো,0.24999999968749997,0.33333333277777777,0.2857142804081633,0.2857142804081633,0.16666666152777793,0.2857142804081633,0,0,0.4666666666666667,0.18181818165289254
3436.png,অনেকগুলো মানুষ আছে।,0.6666666644444444,0.24999999968749997,0.36363635900826446,0.36363635900826446,0.0,0.36363635900826446,0,0,0.3666666666666667,0.2222222219753086
3441145615_b4fcd9eea0.jpg,একটি <unk> <unk> <unk>,0.249999999375,0.16666666638888888,0.1999999948000001,0.1999999948000001,0.0,0.1999999948000001,0,0,0.2222222222222222,0.14285714265306124
1171.png,একজন নারী ও একজন নারী আছে।,0.49999999916666665,0.49999999916666665,0.4999999941666667,0.4999999941666667,0.19999999460000012,0.4999999941666667,0,0,0.6363636363636364,0.4285714279591837
2895700779_fac1d9d278.jpg,একটি শিশু হাত দিয়ে ছবি তুলছে।,0.16666666638888888,0.14285714265306124,0.15384614863905344,0.15384614863905344,0.0,0.15384614863905344,0,0,0.31999999999999995,0.08333333326388888
2747714500_49476225c6.jpg,কয়েকজন মেয়ে গালে হাত দিয়ে দৌর দিয়ে হেঁটে যাচ্ছে।,0.1111111109876543,0.1999999996,0.14285713806122466,0.14285713806122466,0.0,0.14285713806122466,0,0,0.34090909090909094,0.08333333326388888
7969.png,একজন বালক দাড়িয়ে আছে।,0.249999999375,0.3333333322222222,0.28571428000000004,0.28571428000000004,0.0,0.28571428000000004,0,0,0.4,0.16666666638888888
2257099774_37d0d3aa9a.jpg,একটি কালো চুলের লোকটি কালো রঙের শার্ট পরা একটি কালো ছককাটা খাবারের চিহ্নের সামনে দাঁড়িয়ে আছে,0.24999999984375,0.3999999996,0.3076923027218935,0.3076923027218935,0.08333332857638914,0.3076923027218935,0,0,0.4590163934426229,0.21052631567867036
_MG_3151.JPG,একটা লোক দাড়িয়ে আছে,0.7499999981250001,0.7499999981250001,0.7499999931250001,0.7499999931250001,0.33333332722222225,0.7499999931250001,0,0,0.7692307692307692,0.5999999988
1263126002_881ebd7ac9.jpg,একটি শিশু একটি <unk> খাচ্ছে,0.5999999988,0.4285714279591837,0.4999999943055557,0.4999999943055557,0.1999999948000001,0.33333332791666676,0,0,0.32432432432432434,0.24999999968749997
5862.png,কয়েকজন মানুষ আছে।,0.9999999966666667,0.5999999988,0.7499999934375,0.7499999934375,0.6666666600000001,0.7499999934375,0,0,0.5714285714285714,0.5999999988
3208074567_ac44aeb3f3.jpg,এক ব্যক্তি পানির ছিটা ঢাকা জলে ঝাঁপিয়ে পড়ে যাওয়া জল ছিটিয়ে দিলো,0.16666666652777776,0.33333333277777777,0.22222221753086427,0.22222221753086427,0.0,0.22222221753086427,0,0,0.29268292682926833,0.124999999921875
2974.png,অনেকগুলো মানুষ আছে।,0.3333333322222222,0.14285714265306124,0.1999999954000001,0.1999999954000001,0.0,0.1999999954000001,0,0,0.21212121212121215,0.1111111109876543
247097023_e656d5854d.jpg,একজন লোক পাথরের চূড়ায় উঠার চেষ্টা করছে।,0.4285714279591837,0.21428571413265304,0.28571428099773244,0.28571428099773244,0.10526315346260404,0.19047618585034026,0,0,0.4285714285714286,0.16666666657407406
3751594676_edfbfa0688.jpg,একটি শিশু হাসছে,0.3333333322222222,0.249999999375,0.28571428000000004,0.28571428000000004,0.11764705660899655,0.28571428000000004,0,0,0.46153846153846156,0.16666666638888888
1375.png,একটি কালো কুকুর একটি ষাঁড়ের পাশে দাঁড়িয়ে আছে,0.0,0.0,0.0,0.0,0.0,0.0,0,0,0.2857142857142857,0.0
2648165716_02e2e74fd6.jpg,একটি শিশু একটি <unk>,0.49999999875,0.2857142853061225,0.36363635834710756,0.36363635834710756,0.2222222172839507,0.36363635834710756,0,0,0.33333333333333337,0.24999999968749997
3484.png,একজন পুরুষ দাড়িয়ে আছে।,0.9999999975,0.4444444439506172,0.6153846101775148,0.6153846101775148,0.5454545404958677,0.6153846101775148,0,0,0.41666666666666663,0.49999999937499995
3585123310_9a8e94bd2b.jpg,একটি কুকুর একটি ফ্রিসবি ধরছে,0.1999999996,0.1999999996,0.19999999460000012,0.19999999460000012,0.0,0.19999999460000012,0,0,0.47619047619047616,0.12499999984374999
2869.png,১ জন ছেলে ১ জন পুরুষ আছে।,0.14285714265306124,0.3333333322222222,0.1999999954000001,0.1999999954000001,0.0,0.1999999954000001,0,0,0.3157894736842105,0.14285714265306124
2148695079_9ae6a9b1c7.jpg,একটি সাদা কুকুর বরফে ঢাকা পাহাড়ে চড়ছেন,0.4285714279591837,0.5999999988,0.4999999943055557,0.4999999943055557,0.1999999948000001,0.33333332791666676,0,0,0.4814814814814815,0.3333333329629629
1663454406_5e2cf8c5bb.jpg,একজন মহিলা একটি চিহ্ন হাতে নিয়ে দাঁড়িয়ে আছে,0.49999999937499995,0.6666666655555555,0.5714285657142858,0.5714285657142858,0.16666666152777793,0.5714285657142858,0,0,0.6206896551724138,0.3999999996
3511890331_6163612bb9.jpg,ঘোড়া একটি ঘোড়া একটি বাদামী ঘোড়া এবং একটি বাদামী ঘোড়া এবং একটি বাদামী ঘোড়া এবং একটি বাদামী ঘোড়া এবং একটি বাদামী ঘোড়া এবং একটি বাদামী ঘোড়া এবং একটি বাদামী ঘোড়া এবং একটি বাদামী ঘোড়া এবং একটি বাদামী ঘোড়া এবং একটি,0.099999999975,0.30769230745562126,0.15094339246707023,0.15094339246707023,0.03921568266051552,0.15094339246707023,0,0,0.2230215827338129,0.14285714275510203
244368383_e90b6b2f20.jpg,একটি শিশু একটি জায়গায় জড়ো হয়ে বসে আছে।,0.12499999984374999,0.1999999996,0.15384614887573977,0.15384614887573977,0.0,0.15384614887573977,0,0,0.2962962962962963,0.09090909082644627
252802010_3d47bee500.jpg,দুটি কুকুর ঘাসের উপর দৌড়াচ্ছে,0.5999999988,0.5999999988,0.5999999938,0.5999999938,0.4999999937500001,0.5999999938,0,0,0.6842105263157895,0.4285714279591837
2839807428_efe42423f2.jpg,একটি লোক একটি বল পেতে লাফিয়ে উঠছে।,0.2857142853061225,0.2857142853061225,0.28571428030612256,0.28571428030612256,0.0,0.28571428030612256,0,0,0.5,0.124999999921875
3304556387_203b9d4db0.jpg,একটি বাদামী কুকুরটি বাইরে একটি লাঠি নিয়ে খেলেন।,0.24999999968749997,0.13333333324444444,0.17391303879017025,0.17391303879017025,0.0,0.17391303879017025,0,0,0.43333333333333335,0.09999999995
7887.png,একটি নৌকা চালিয়ে যাচ্ছেন একজন পুরুষ আছে।,0.571428570612245,0.571428570612245,0.5714285656122451,0.5714285656122451,0.1999999948000001,0.42857142295918377,0,0,0.40740740740740744,0.3999999996
5950.png,একজন পুরুষ শুয়ে আছে।,0.7499999981250001,0.3333333329629629,0.4615384565680474,0.4615384565680474,0.18181817752066123,0.4615384565680474,0,0,0.36363636363636365,0.29999999969999996
8992.png,টুপি পরা এক লোক একটি পোল দূরে তাকিয়ে আছে।,0.3333333329629629,0.23076923059171597,0.2727272676446281,0.2727272676446281,0.0,0.2727272676446281,0,0,0.42553191489361697,0.15789473675900276
8225.png,একজন নারী হাসছে।,0.0,0.0,0.0,0.0,0.0,0.0,0,0,0.3076923076923077,0.0
364213568_7f83e7d144.jpg,একটি কুকুর পানিতে খেলছে,0.49999999875,0.2222222219753086,0.3076923029585799,0.3076923029585799,0.18181817752066123,0.3076923029585799,0,0,0.31707317073170727,0.1999999998
278608022_4175813019.jpg,একটি ছেলে একটি ফুটবলের জন্য ধাওয়া করছে,0.2857142853061225,0.1999999998,0.23529411252595167,0.23529411252595167,0.0,0.23529411252595167,0,0,0.4642857142857143,0.09090909082644627
3702436188_2c26192fd0.jpg,একজন লোক একটি স্কেটবোর্ডে চড়ে একটি স্কেটবোর্ডে চড়ে একটি স্কেটবোর্ডে চড়ে একটি স্কেটবোর্ডে চড়ে একটি স্কেটবোর্ডে চড়ে একটি স্কেটবোর্ডে চড়ে একটি স্কেটবোর্ডে চড়ে একটি স্কেটবোর্ডে চড়ে একটি স্কেটবোর্ডে চড়ে একটি স্কেটবোর্ডে চড়ে একটি স্কেটবোর্ডে চড়ে একটি স্কেটবোর্ডে চড়ে একটি স্কেটবোর্ডে,0.07499999998125,0.9999999966666667,0.13953488235803138,0.13953488235803138,0.04878048685306366,0.09302325447268796,0,0,0.17204301075268813,0.5999999988
3320356356_1497e53f80.jpg,একজন পুরুষ আছে।,0.3333333322222222,0.1999999996,0.24999999468750006,0.24999999468750006,0.0,0.24999999468750006,0,0,0.5,0.14285714265306124
3124549928_10904a5a83.jpg,একটি ছোট বাচ্চা মেয়ে ফুটপাতে বসে আছে,0.2857142853061225,0.18181818165289254,0.22222221722222232,0.22222221722222232,0.0,0.22222221722222232,0,0,0.41666666666666663,0.124999999921875
2445442929_8c81d42460.jpg,একজন পুরুষ আছে।,0.3333333322222222,0.1111111109876543,0.16666666263888896,0.16666666263888896,0.0,0.16666666263888896,0,0,0.2727272727272727,0.09090909082644627
7813.png,একজন পুরুষ ও হাতে একটি শিশু কোলে নিয়ে দাড়িয়ে আছে।,0.29999999969999996,0.5999999988,0.39999999502222217,0.39999999502222217,0.15384614934911253,0.39999999502222217,0,0,0.4545454545454546,0.24999999979166665
694496803_f2a05869cf.jpg,একটি <unk> এক লোক হেটে যাচ্ছে,0.33333333277777777,0.1999999998,0.24999999500000003,0.24999999500000003,0.0,0.12499999515625017,0,0,0.28205128205128205,0.15384615372781063
6723.png,কয়েকজন ছেলেমেয়ে একসাথে বসে আছে।,0.3999999992,0.33333333277777777,0.36363635801652905,0.36363635801652905,0.11764705508650528,0.36363635801652905,0,0,0.36363636363636365,0.2222222219753086
2359.png,একটি ছোট ছেলে একটি বড় গাছের পাশে মাটিতে শুয়ে আছে,0.0999999999,0.16666666638888888,0.12499999515625017,0.12499999515625017,0.0,0.12499999515625017,0,0,0.3829787234042553,0.07142857137755101
2608.png,দেয়ালে চিত্রকর্ম এর মাঝে বসে আছে।,0.33333333277777777,0.2857142853061225,0.3076923022485208,0.3076923022485208,0.1818181765289258,0.3076923022485208,0,0,0.375,0.18181818165289254
4564.png,৪ জন ছেলে দাড়িয়ে আছে।,0.3999999992,0.24999999968749997,0.3076923024852071,0.3076923024852071,0.1818181768595043,0.3076923024852071,0,0,0.3548387096774194,0.18181818165289254
3616638478_641d02183d.jpg,দু'জন মহিলা একটি <unk> <unk> অনুশীলন করছে,0.2857142853061225,0.16666666652777776,0.2105263109141275,0.2105263109141275,0.0,0.14285713765306143,0,0,0.303030303030303,0.14285714275510203
3477672764_7f07657a26.jpg,ছেলেরা ফুটবল খেলছে,0.3333333322222222,0.14285714265306124,0.1999999954000001,0.1999999954000001,0.0,0.1999999954000001,0,0,0.2777777777777778,0.1111111109876543
3139895886_5a6d495b13.jpg,একটি কুকুর একটি ফ্রিসবি ধরার চেষ্টা করছে,0.2857142853061225,0.33333333277777777,0.3076923022485208,0.3076923022485208,0.1818181765289258,0.3076923022485208,0,0,0.5,0.1999999998
3206058778_7053ee6b52.jpg,একজন মহিলা একটি <unk>,0.49999999875,0.2222222219753086,0.3076923029585799,0.3076923029585799,0.0,0.3076923029585799,0,0,0.25,0.18181818165289254
844.png,৩ জন শারি পরা এবং ২ টি নীল শাড়ি পরা এবং ২ টি নীল শাড়ি পরা এবং ২ টি নীল শাড়ি পরা এবং ২ টি নীল শাড়ি পরা এবং ২ টি নীল শাড়ি পরা এবং ২ টি নীল শাড়ি পরা,0.0499999999875,0.2222222219753086,0.08163265002915464,0.08163265002915464,0.042553188646446534,0.08163265002915464,0,0,0.16981132075471694,0.124999999921875
343942396_206148098835090_237545729238315663_n.jpg,একটি শিশু দাড়িয়ে আছে তার উষ্ণ আলো ফেলে,0.24999999968749997,0.16666666652777776,0.1999999950000001,0.1999999950000001,0.0,0.1999999950000001,0,0,0.375,0.1111111110493827
4745.png,একটি নৌকায় তিনজন মানুষ আছে।,0.1999999996,0.3333333322222222,0.24999999468750006,0.24999999468750006,0.0,0.24999999468750006,0,0,0.3157894736842105,0.14285714265306124
3189307452_aebc12380b.jpg,একটি সাদা কুকুর হলুদ চাকতি নিয়ে ছুটছে ।,0.37499999953124996,0.4285714279591837,0.3999999944888889,0.3999999944888889,0.23529411252595167,0.3999999944888889,0,0,0.52,0.24999999979166665
526955751_f519d62b58.jpg,একটি শিশু পানিতে খেলছে।,0.249999999375,0.0999999999,0.14285713857142868,0.14285713857142868,0.0,0.14285713857142868,0,0,0.21739130434782605,0.07692307686390532
5537.png,একদল লোক একটি বিশাল দালানের বাইরে দাঁড়িয়ে আছে,0.12499999984374999,0.0999999999,0.11111110604938293,0.11111110604938293,0.0,0.11111110604938293,0,0,0.32352941176470584,0.05882352937716263
5251.png,কয়েকজন বন্ধু হেটে যাচ্ছে আর একজন পুরুষ দাড়িয়ে আছে।,0.4444444439506172,0.6666666655555555,0.5333333278222222,0.5333333278222222,0.12499999484375018,0.3999999946666667,0,0,0.48571428571428577,0.3636363633057851
7535.png,একটি শিশু তাকিয়ে আছে।,0.9999999975,0.9999999975,0.9999999925,0.9999999925,0.9999999916666666,0.9999999925,1,1,1.0,0.9999999975
3625519177_4c2bb9e7f0.jpg,একজন লোক একটি <unk> একটি কৌশল করছে,0.4285714279591837,0.49999999916666665,0.4615384558579882,0.4615384558579882,0.1818181765289258,0.4615384558579882,0,0,0.5161290322580645,0.3333333329629629
818340833_7b963c0ee3.jpg,একটি সাদা কুকুর একটি <unk>,0.7999999984,0.3636363633057851,0.499999995078125,0.499999995078125,0.28571428122448983,0.499999995078125,0,0,0.4054054054054054,0.3333333330555555
3000.png,সূর্যাস্তের সময় একজন মানুষ দাড়িয়ে আছে।,0.8333333319444445,0.8333333319444445,0.8333333269444445,0.8333333269444445,0.39999999420000004,0.6666666605555556,0,0,0.34615384615384615,0.7142857132653061
3452.png,একজন পুরুষ বসে কাজ করছে।,0.7999999984,0.6666666655555555,0.7272727209917357,0.7272727209917357,0.4444444385185186,0.7272727209917357,0,0,0.6818181818181819,0.571428570612245
5243.png,একজন পুরুষ মানুষ দেখা যাচ্ছে।,0.1999999996,0.3333333322222222,0.24999999468750006,0.24999999468750006,0.0,0.24999999468750006,0,0,0.368421052631579,0.14285714265306124
8523.png,একটি নৌকায় কয়েকজন মানুষ আছে।,0.3999999992,0.3999999992,0.39999999420000004,0.39999999420000004,0.0,0.19999999460000012,0,0,0.30000000000000004,0.24999999968749997
3074617663_2f2634081d.jpg,একটি কুকুর একটি বল নিয়ে খেলছে,0.33333333277777777,0.3999999992,0.36363635801652905,0.36363635801652905,0.2222222167901236,0.36363635801652905,0,0,0.5238095238095238,0.24999999968749997
2809793070_1a3387cd6e.jpg,একটি কালো কুকুর পানি দিয়ে খেলছে,0.49999999916666665,0.5999999988,0.5454545395041324,0.5454545395041324,0.2222222167901236,0.5454545395041324,0,0,0.65,0.37499999953124996
50030244_02cd4de372.jpg,ঘাসের মধ্যে একটি কুকুর ঘাসের মধ্যে খেলছে,0.2857142853061225,0.24999999968749997,0.2666666613333334,0.2666666613333334,0.0,0.2666666613333334,0,0,0.3448275862068966,0.18181818165289254
3392293702_ccb0599857.jpg,বরফের মধ্যে একটি কুকুর বরফে খেলছে,0.6666666655555555,0.571428570612245,0.6153846094674558,0.6153846094674558,0.5454545395041324,0.6153846094674558,0,0,0.5806451612903225,0.4444444439506172
8899.png,একজন নারী ও কয়েকটি শিশু আছে।,0.6666666655555555,0.571428570612245,0.6153846094674558,0.6153846094674558,0.36363635801652905,0.6153846094674558,0,0,0.6521739130434783,0.4444444439506172
1015584366_dfcec3c85a.jpg,একটি কুকুর একটি লাঠি ধরে আছে,0.49999999916666665,0.2727272724793388,0.3529411714878893,0.3529411714878893,0.13333332871111125,0.3529411714878893,0,0,0.4444444444444444,0.15384615372781063
6114.png,একটি সেতুর কাজ চলছে।,0.249999999375,0.12499999984374999,0.16666666194444454,0.16666666194444454,0.0,0.16666666194444454,0,0,0.3125,0.09090909082644627
5012.png,তিনজন লোক বসে আছে,0.249999999375,0.249999999375,0.2499999943750001,0.2499999943750001,0.0,0.2499999943750001,0,0,0.6428571428571428,0.14285714265306124
7307.png,একটি শিশু আছে।,0.3333333322222222,0.3333333322222222,0.33333332722222225,0.33333332722222225,0.0,0.33333332722222225,0,0,0.6,0.1999999996
2752926645_801a198ff6.jpg,লোক টির হাতে একটি ঘড়ি,0.5999999988,0.3333333329629629,0.42857142336734694,0.42857142336734694,0.0,0.2857142807142858,0,0,0.33333333333333337,0.2727272724793388
2363100645_c3423a0433.jpg,একটি শিশু একটি <unk> <unk>,0.1999999996,0.14285714265306124,0.16666666152777793,0.16666666152777793,0.0,0.16666666152777793,0,0,0.2692307692307693,0.1111111109876543
390992388_d74daee638.jpg,একজন লোক একটি পর্বতে স্কিয়িং করে,0.33333333277777777,0.2857142853061225,0.3076923022485208,0.3076923022485208,0.0,0.3076923022485208,0,0,0.4838709677419355,0.18181818165289254
542179694_e170e9e465.jpg,একটি <unk> একটি ছোট ছেলে একটি লাল রঙের <unk>,0.4444444439506172,0.26666666648888887,0.33333332836805557,0.33333332836805557,0.11764705370242234,0.33333332836805557,0,0,0.40625,0.14285714275510203
2908.png,৪ জন ছেলে একসাথে দাড়িয়ে আছে।,0.49999999916666665,0.37499999953124996,0.4285714230612245,0.4285714230612245,0.16666666152777793,0.4285714230612245,0,0,0.5769230769230769,0.2727272724793388
3064716525_b8418d4946.jpg,একটি কুকুর একটি কুকুর লাফ দিচ্ছে,0.6666666655555555,0.571428570612245,0.6153846094674558,0.6153846094674558,0.5454545395041324,0.6153846094674558,0,0,0.6799999999999999,0.571428570612245
7146.png,একটি শিশু রাস্তায় কয়েকটা রিকশা গাড়ি ভিতরে।,0.0,0.0,0.0,0.0,0.0,0.0,0,0,0.18518518518518523,0.0
3715559023_70c41b31c7.jpg,একটি শিশু পানিতে নেমে আসা জলের <unk>,0.2857142853061225,0.16666666652777776,0.2105263109141275,0.2105263109141275,0.0,0.12499999492187522,0,0,0.3076923076923077,0.11764705875432525
3214573346_d3a57f0328.jpg,একটি সাদা কুকুর মাটিতে একটি <unk> উপর থেকে একটি সাদা কুকুর একটি সাদা কুকুর একটি সাদা কুকুর একটি সাদা কুকুর একটি সাদা কুকুর একটি সাদা কুকুর একটি সাদা কুকুর একটি সাদা কুকুর একটি সাদা কুকুর একটি সাদা কুকুর একটি সাদা,0.1499999999625,0.3333333331481481,0.20689654737217608,0.20689654737217608,0.10714285287627567,0.20689654737217608,0,0,0.23287671232876717,0.26666666648888887
178.png,কয়েকজন মানুষ কাজ করছে।,0.249999999375,0.16666666638888888,0.1999999948000001,0.1999999948000001,0.0,0.1999999948000001,0,0,0.34782608695652173,0.1111111109876543
8679.png,পানিতে কয়েকজন লোক একা দাঁড়িয়ে আছে।,0.16666666638888888,0.16666666638888888,0.16666666138888903,0.16666666138888903,0.0,0.16666666138888903,0,0,0.31818181818181823,0.09090909082644627
3944.png,একজন পুরুষ বসে আছে।,0.49999999875,0.2857142853061225,0.36363635834710756,0.36363635834710756,0.0,0.36363635834710756,0,0,0.41666666666666663,0.24999999968749997
3403263046_3cc701a07a.jpg,একজন মহিলা বাস্কেটবল হাতে নিয়ে খেলছে,0.6666666655555555,0.4444444439506172,0.5333333278222222,0.5333333278222222,0.23529411321799312,0.4210526268144044,0,0,0.4736842105263158,0.3636363633057851
2468.png,একজন পুরুষ ও কয়েকজন মানুষ কাজ করছে।,0.14285714265306124,0.14285714265306124,0.14285713765306143,0.14285713765306143,0.0,0.14285713765306143,0,0,0.37037037037037035,0.07692307686390532
2839532455_36a7dc4758.jpg,একটি কুকুর বল নিয়ে সৈকতে খেলছে,0.8333333319444445,0.6249999992187499,0.7142857083673471,0.7142857083673471,0.16666666152777793,0.7142857083673471,0,0,0.5238095238095238,0.6249999992187499
6797.png,একজন নারী ও একজন নারী ও একজন নারী ও একজন নারী ও একজন নারী ও একজন নারী ও একজন নারী ও একজন নারী ও একজন নারী ও একজন নারী ও একজন নারী ও একজন নারী ও একজন নারী ও একজন,0.0,0.0,0.0,0.0,0.0,0.0,0,0,0.16417910447761197,0.0
1814391289_83a1eb71d3.jpg,দুই মহিলা একটি বার কে খাবার খাচ্ছে,0.14285714265306124,0.12499999984374999,0.13333332817777796,0.13333332817777796,0.0,0.13333332817777796,0,0,0.32432432432432434,0.07142857137755101
194.png,নদীর পাড়ে বাধা আছে কিছু মানুষ।,0.16666666638888888,0.07692307686390532,0.10526315346260404,0.10526315346260404,0.0,0.10526315346260404,0,0,0.29032258064516125,0.05882352937716263
4234.png,একটি ছোট একটি মুরগি আছে।,0.1999999996,0.16666666638888888,0.1818181765289258,0.1818181765289258,0.0,0.1818181765289258,0,0,0.4285714285714286,0.1111111109876543
7752.png,সরিষা ক্ষেতের মাঝে দিয়ে কাধে একটি শিশু মাথায় বোঝা নিয়ে হেটে যাচ্ছে।,0.4999999995833333,0.5454545449586776,0.5217391249905482,0.5217391249905482,0.19047618530612256,0.5217391249905482,0,0,0.5952380952380952,0.3529411762629758
6637.png,একটি পাখি আছে।,0.6666666644444444,0.49999999875,0.5714285648979592,0.5714285648979592,0.0,0.5714285648979592,0,0,0.5,0.3999999992
3491.png,দুইটি নৌকায় তিনজন মানুষ আছে।,0.5999999988,0.49999999916666665,0.5454545395041324,0.5454545395041324,0.0,0.5454545395041324,0,0,0.6818181818181819,0.37499999953124996
8108.png,একজন নারী আছে।,0.9999999966666667,0.7499999981250001,0.8571428497959185,0.8571428497959185,0.39999999360000005,0.8571428497959185,0,0,0.7142857142857143,0.7499999981250001
3437.png,একজন বয়স্ক পুরুষ বসে কাজ করছেন।,0.33333333277777777,0.1999999998,0.24999999500000003,0.24999999500000003,0.0,0.24999999500000003,0,0,0.41666666666666663,0.14285714275510203
1148238960_f8cacec2fc.jpg,একটি স্কেটবোর্ড নিয়ে এক লোক একটি <unk>,0.4285714279591837,0.37499999953124996,0.3999999944888889,0.3999999944888889,0.1818181765289258,0.3076923022485208,0,0,0.37037037037037035,0.2727272724793388
2944836001_b38b516286.jpg,একজন লোক তার হাত দিয়ে একটি <unk>,0.2857142853061225,0.18181818165289254,0.22222221722222232,0.22222221722222232,0.0,0.16666666152777793,0,0,0.3529411764705882,0.13333333324444444
103625356.jpg,একটি <unk> একটি <unk> একটি <unk> একটি দড়ি ধরে একটি <unk> একটি দড়ি ধরে একটি <unk> একটি দড়ি ধরে একটি <unk> একটি দড়ি ধরে একটি <unk> একটি দড়ি ধরে একটি <unk> একটি দড়ি ধরে একটি <unk> একটি দড়ি ধরে একটি,0.07499999998125,0.23076923059171597,0.11320754342470642,0.11320754342470642,0.03921568266051552,0.11320754342470642,0,0,0.2827586206896552,0.14285714275510203
IMG_9893.JPG,দুইজন লোক দাঁড়িয়ে আছে আর কিছু মানুষ ও একজন পুরুষ ও একজন পুরুষ ও একজন পুরুষ ও একজন পুরুষ ও একজন পুরুষ ও একজন পুরুষ ও একজন পুরুষ ও একজন পুরুষ ও একজন পুরুষ ও একজন পুরুষ ও একজন পুরুষ,0.07499999998125,0.4285714279591837,0.12765957187867819,0.12765957187867819,0.04444444211358036,0.12765957187867819,0,0,0.08965517241379306,0.21428571413265304
850.png,অনেকগুলো মানুষ আছে।,0.6666666644444444,0.1999999998,0.3076923036686391,0.3076923036686391,0.0,0.3076923036686391,0,0,0.28,0.1999999998
3488.png,একটি নৌকা ও একটি নৌকা নিয়ে দাড়িয়ে আছে।,0.37499999953124996,0.4285714279591837,0.3999999944888889,0.3999999944888889,0.15384614863905344,0.3999999944888889,0,0,0.6296296296296297,0.29999999969999996
660.png,একটি নৌকায় একজন লোক দাঁড়িয়ে আছে।,0.33333333277777777,0.3999999992,0.36363635801652905,0.36363635801652905,0.0,0.36363635801652905,0,0,0.4545454545454546,0.2222222219753086
7815.png,একটি জমির উপর দিয়ে হেটে যাচ্ছে আর পিছনে একটি গরু নিয়ে হেটে যাচ্ছে।,0.46153846118343195,0.4285714282653061,0.4444444391220851,0.4444444391220851,0.23999999481600012,0.3703703651028807,0,0,0.3921568627450981,0.3333333331481481
3851.png,একটি স্কুলের গোল হয়ে বসে আছে।,0.16666666638888888,0.16666666638888888,0.16666666138888903,0.16666666138888903,0.0,0.16666666138888903,0,0,0.2727272727272727,0.09090909082644627
109.png,একটি শিশু আছে।,0.3333333322222222,0.0999999999,0.15384615005917168,0.15384615005917168,0.0,0.15384615005917168,0,0,0.1842105263157895,0.0999999999
4537.png,একজন বাচ্চা মেয়ে বসে আছে।,0.3999999992,0.24999999968749997,0.3076923024852071,0.3076923024852071,0.0,0.3076923024852071,0,0,0.40740740740740744,0.18181818165289254
1280147517_98767ca3b3.jpg,একটি নৌকার ডেকের উপর উপুড় হয়ে থাকা একটি <unk>,0.2222222219753086,0.49999999875,0.3076923029585799,0.3076923029585799,0.12499999484375018,0.3076923029585799,0,0,0.36363636363636365,0.1999999998
2584487952_f70e5aa9bf.jpg,ঘাসের মধ্যে একটি বাদামী এবং সাদা কুকুর ঘাসের মধ্যে দিয়ে দৌড়ে যাচ্ছে।,0.3333333330555555,0.49999999937499995,0.39999999480000004,0.39999999480000004,0.22222221722222232,0.39999999480000004,0,0,0.4418604651162791,0.28571428551020406
3411393875_a9ff73c67a.jpg,কালো জামা পরিহিত একটি ছেলে ক্যামেরায় তাকিয়ে আছে,0.24999999968749997,0.16666666652777776,0.1999999950000001,0.1999999950000001,0.0,0.1999999950000001,0,0,0.34615384615384615,0.1111111110493827
3616525288_9c19223de6.jpg,ঘোড়ার উপর একটি ঘোড়া তাদের পেছনে ঘোড়ার মাঝখানে।,0.24999999968749997,0.33333333277777777,0.2857142804081633,0.2857142804081633,0.0,0.2857142804081633,0,0,0.4516129032258065,0.16666666652777776
8141.png,একজন পুরুষ দাড়িয়ে আছে।,0.7499999981250001,0.49999999916666665,0.5999999940000001,0.5999999940000001,0.24999999468750006,0.5999999940000001,0,0,0.35,0.4285714279591837
5240.png,একটি পুকুরে একটি ভবন আছে।,0.1999999996,0.1999999996,0.19999999460000012,0.19999999460000012,0.0,0.19999999460000012,0,0,0.52,0.12499999984374999
6999.png,একটি <unk> অনেকগুলো মানুষ দেখা যাচ্ছে।,0.33333333277777777,0.49999999875,0.3999999944,0.3999999944,0.24999999468750006,0.3999999944,0,0,0.41666666666666663,0.24999999968749997
2553.png,২ জন পুরুষ আছে।,0.249999999375,0.14285714265306124,0.1818181768595043,0.1818181768595043,0.0,0.1818181768595043,0,0,0.2692307692307693,0.0999999999
_MG_1225.JPG,কয়েকজন মানুষ দাড়িয়ে আছে।,0.0,0.0,0.0,0.0,0.0,0.0,0,0,0.375,0.0
350529848_9569a3bcbc.jpg,একটি কালো কুকুর পানিতে দৌড়াচ্ছে,0.5999999988,0.23076923059171597,0.33333332895061735,0.33333332895061735,0.1249999960937501,0.22222221796296296,0,0,0.4,0.21428571413265304
387078972_514a38dc33.jpg,একটি সাদা কুকুর একটি বেড়ার উপর লাফ দিচ্ছে,0.6249999992187499,0.45454545413223135,0.5263157840443214,0.5263157840443214,0.36363635834710756,0.5263157840443214,0,0,0.5714285714285714,0.3333333329629629
6793.png,একজন বয়স্ক নারী বসে চা বিক্রি করছে একজন পুরুষ বসে আছে।,0.18181818165289254,0.33333333277777777,0.2352941128027682,0.2352941128027682,0.13333332871111125,0.2352941128027682,0,0,0.4,0.15384615372781063
4903.png,রেল লাইন ধরে একজন পুরুষ মানুষ।,0.16666666638888888,0.1999999996,0.1818181765289258,0.1818181765289258,0.0,0.1818181765289258,0,0,0.2727272727272727,0.0999999999
426920445_d07d1fd0f7.jpg,একটি কুকুর একটি ফ্রিসবি ধরার চেষ্টা করছে,0.2857142853061225,0.6666666644444444,0.39999999500000005,0.39999999500000005,0.24999999562500003,0.39999999500000005,0,0,0.47058823529411764,0.2857142853061225
3573.png,একটি শিশু আছে।,0.3333333322222222,0.3333333322222222,0.33333332722222225,0.33333332722222225,0.0,0.33333332722222225,0,0,0.5555555555555556,0.1999999996
IMG_2134.JPG,একটি খোলা রেখে কয়েকটা কাপড় পড়ে একটা লোক রাস্তার পাশে দাঁড়িয়ে আছে,0.08333333326388888,0.249999999375,0.1249999960937501,0.1249999960937501,0.0,0.1249999960937501,0,0,0.2558139534883721,0.06666666662222222
6455.png,তিনটি শিশু আছে।,0.3333333322222222,0.3333333322222222,0.33333332722222225,0.33333332722222225,0.0,0.33333332722222225,0,0,0.36363636363636365,0.1999999996
1357724865_4faf4e1418.jpg,একটি <unk> একটি চায়ের <unk> পাহাড়ের ঝর্নার ভেতর দিয়ে একজন মানুষ আছে।,0.16666666652777776,0.2857142853061225,0.2105263109141275,0.2105263109141275,0.0,0.2105263109141275,0,0,0.32727272727272727,0.13333333324444444
4750.png,নদীতে একটি নৌকা দেখা যাচ্ছে।,0.3999999992,0.49999999875,0.4444444385185186,0.4444444385185186,0.28571428000000004,0.4444444385185186,0,0,0.47058823529411764,0.2857142853061225
IMG_8186.JPG,মহিলা টি শাড়ি পরে আছে,0.9999999980000001,0.8333333319444445,0.909090902479339,0.909090902479339,0.4999999937500001,0.615384609704142,0,0,0.5238095238095238,0.8333333319444445
4311.png,৩ জন মানুষ একটি বাড়ির সামনে বসে আছে।,0.37499999953124996,0.4285714279591837,0.3999999944888889,0.3999999944888889,0.3076923022485208,0.3999999944888889,0,0,0.6153846153846154,0.24999999979166665
2923497185_c64004ff2d.jpg,কুকুরটি ঘাসযুক্ত জায়গায় লাফ দিলো,0.1999999996,0.09090909082644627,0.12499999554687513,0.12499999554687513,0.0,0.12499999554687513,0,0,0.2564102564102564,0.06666666662222222
3255732353_fbc487aefc.jpg,একটি শিশু বরফের পাহাড়ী <unk>,0.3999999992,0.13333333324444444,0.19999999605000005,0.19999999605000005,0.0,0.1818181765289258,0,0,0.36,0.13333333324444444
2056377805_e9a9b3bcf0.jpg,চারজন পুরুষ এবং একটি কায়ক চড়ছে,0.16666666638888888,0.07692307686390532,0.10526315346260404,0.10526315346260404,0.0,0.10526315346260404,0,0,0.3157894736842105,0.05555555552469135
3432730942_4dc4685277.jpg,একটি <unk> একটি <unk> একটি <unk> একটি <unk> একটি <unk> একটি <unk> একটি <unk> একটি <unk> একটি <unk> একটি <unk> একটি <unk> একটি <unk> একটি <unk> একটি <unk> একটি <unk> একটি <unk> একটি <unk> একটি <unk> একটি <unk> একটি <unk>,0.02499999999375,0.12499999984374999,0.04166666387152797,0.04166666387152797,0.0,0.04166666387152797,0,0,0.08176100628930816,0.1111111109876543
3046.png,একজন পুরুষ আছে।,0.6666666644444444,0.49999999875,0.5714285648979592,0.5714285648979592,0.39999999360000005,0.5714285648979592,0,0,0.6666666666666667,0.3999999992
1431.png,একটি শিশু একটি বাঘ দেখছে।,0.3999999992,0.14285714275510203,0.21052631168975072,0.21052631168975072,0.0,0.21052631168975072,0,0,0.3448275862068966,0.0999999999
8753.png,একজন মানুষ দাড়িয়ে আছে।,0.249999999375,0.1999999996,0.2222222167901236,0.2222222167901236,0.0,0.2222222167901236,0,0,0.55,0.12499999984374999
2868.png,একটি শিশু আছে।,0.9999999966666667,0.9999999966666667,0.9999999916666666,0.9999999916666666,0.9999999900000001,0.9999999916666666,1,1,1.0,0.9999999966666667
3536561454_e75993d903.jpg,একজন লোক তার সাইকেল দিয়ে বাতাসে লাফিয়ে কসরত দেখাচ্ছে,0.2222222219753086,0.2857142853061225,0.24999999476562512,0.24999999476562512,0.0,0.1666666618402779,0,0,0.3214285714285714,0.14285714275510203
418357172_bdddf71d32.jpg,তুষারাবৃত মাঠ জুড়ে দুটি কুকুর দৌড়াচ্ছে,0.33333333277777777,0.3999999992,0.36363635801652905,0.36363635801652905,0.2222222167901236,0.36363635801652905,0,0,0.4782608695652174,0.2222222219753086
5711.png,একটি পুরাতন একটি <unk> <unk> <unk> <unk>,0.14285714265306124,0.07692307686390532,0.0999999953500002,0.0999999953500002,0.0,0.0999999953500002,0,0,0.25,0.06666666662222222
3442622076_c3abe955e5.jpg,পার্টিতে কিছু মানুষের দিকে তাকিয়ে আছে,0.16666666638888888,0.16666666638888888,0.16666666138888903,0.16666666138888903,0.0,0.16666666138888903,0,0,0.34782608695652173,0.09090909082644627
2614.png,একজন লোক সাইকেল চালিয়ে যাচ্ছে।,0.1999999996,0.12499999984374999,0.15384614887573977,0.15384614887573977,0.0,0.15384614887573977,0,0,0.43333333333333335,0.09090909082644627
Girl_with_Smile_-_Sylhet_-_Bangladesh_(13008203954).jpg,একজন বাচ্চা মেয়ে গালে হাত দিয়ে চেয়ে আছেন।,0.12499999984374999,0.16666666638888888,0.1428571377551022,0.1428571377551022,0.0,0.1428571377551022,0,0,0.36363636363636365,0.09090909082644627
1184.png,একটি ফাঁকা মাঠে <unk>,0.249999999375,0.0999999999,0.14285713857142868,0.14285713857142868,0.0,0.14285713857142868,0,0,0.33333333333333337,0.07692307686390532
5353.png,একটি <unk> <unk> মসজিদ।,0.49999999875,0.999999995,0.6666666600000001,0.6666666600000001,0.0,0.6666666600000001,0,0,0.5,0.6666666644444444
3879.png,একটি শিশু আছে।,0.6666666644444444,0.2222222219753086,0.3333333290277778,0.3333333290277778,0.0,0.3333333290277778,0,0,0.46153846153846156,0.24999999968749997
3173215794_6bdd1f72d4.jpg,একটি <unk> <unk> <unk> <unk> <unk> <unk>,0.14285714265306124,0.14285714265306124,0.14285713765306143,0.14285713765306143,0.0,0.14285713765306143,0,0,0.26315789473684215,0.12499999984374999
6344.png,একজন ছোট ছেলে রং মেখে বসে চেয়ে আছেন।,0.37499999953124996,0.5999999988,0.46153845609467453,0.46153845609467453,0.1818181768595043,0.46153845609467453,0,0,0.56,0.29999999969999996
2860202109_97b2b22652.jpg,চশমা পরিহিত একজন মহিলা একটি সাদা শার্ট পরে আছে,0.5555555549382716,0.45454545413223135,0.49999999455000005,0.49999999455000005,0.13333332817777796,0.39999999464999997,0,0,0.5263157894736843,0.3333333331111111
3976.png,নদীতে একটা লোক ছাতা ধরে নিয়ে পানিতে নেমে জাল দিয়ে মাছ ধরছেন।,0.16666666652777776,0.2222222219753086,0.1904761853968255,0.1904761853968255,0.0,0.1904761853968255,0,0,0.4,0.10526315783933518
3555573680_41c1540a86.jpg,একটি ছেলে রাস্তায় শুয়ে আছে।,0.1999999996,0.12499999984374999,0.15384614887573977,0.15384614887573977,0.0,0.15384614887573977,0,0,0.34615384615384615,0.09090909082644627
1459250022_bf1eddad11.jpg,একজন লোক একটি সাদা রঙের শার্ট পরা লোক একটি সাদা রঙের শার্ট পরা লোক একটি সাদা রঙের শার্ট পরা লোক একটি সাদা রঙের শার্ট পরা লোক একটি সাদা রঙের শার্ট পরা লোক একটি সাদা রঙের শার্ট পরা লোক একটি সাদা,0.02499999999375,0.249999999375,0.04545454378099179,0.04545454378099179,0.0,0.04545454378099179,0,0,0.1071428571428571,0.0999999999
930.png,ধান ক্ষেতের মাঝ দিয়ে ধান ক্ষেতের মাঝ দিয়ে ধান ক্ষেতের মাঝ দিয়ে ধান ক্ষেতের মাঝ দিয়ে ধান ক্ষেতের মাঝ দিয়ে ধান ক্ষেতের মাঝ দিয়ে ধান ক্ষেতের মাঝ দিয়ে ধান ক্ষেতের মাঝ দিয়ে ধান ক্ষেতের মাঝ দিয়ে ধান ক্ষেতের মাঝ দিয়ে,0.02499999999375,0.12499999984374999,0.04166666387152797,0.04166666387152797,0.0,0.04166666387152797,0,0,0.15107913669064743,0.09090909082644627
2996.png,দুইজন পুরুষ আছে।,0.6666666644444444,0.49999999875,0.5714285648979592,0.5714285648979592,0.39999999360000005,0.5714285648979592,0,0,0.5625,0.3999999992
416106657_cab2a107a5.jpg,একটি সাদা কুকুর একটি লাঠি নিয়ে চলেছে।,0.4285714279591837,0.49999999916666665,0.4615384558579882,0.4615384558579882,0.36363635801652905,0.4615384558579882,0,0,0.6666666666666667,0.3333333329629629
20201222_134354.jpg,একটি লোক বসে আছে।,0.249999999375,0.14285714265306124,0.1818181768595043,0.1818181768595043,0.0,0.1818181768595043,0,0,0.43999999999999995,0.0999999999
292780636_72e1968949.jpg,একটি টুপি পরা এক বয়স্ক লোক কে ধূমপান করছে,0.3333333329629629,0.3333333329629629,0.333333327962963,0.333333327962963,0.12499999484375018,0.333333327962963,0,0,0.4444444444444444,0.19999999986666667
254901702_67ada9867c.jpg,একজন পুরুষ আছে।,0.3333333322222222,0.1999999996,0.24999999468750006,0.24999999468750006,0.0,0.24999999468750006,0,0,0.4,0.14285714265306124
3187395715_f2940c2b72.jpg,বাচ্চারা দৌড়াচ্ছে,0.0,0.0,0.0,0.0,0.0,0.0,0,0,0.23529411764705888,0.0
3016708786_3591106cca.jpg,একটি ছোট ছেলে একটি ছোট ছেলে ও এক সাথে পোজ দিচ্ছে,0.2727272724793388,0.3333333329629629,0.29999999475000005,0.29999999475000005,0.0,0.19999999485000008,0,0,0.33333333333333337,0.21428571413265304
2608289957_044849f73e.jpg,একটি ছোট ছেলে একটি <unk> হয়ে আছে,0.571428570612245,0.49999999937499995,0.5333333276444445,0.5333333276444445,0.15384614863905344,0.5333333276444445,0,0,0.5925925925925926,0.29999999969999996
1146.png,কয়েকজন নারী আছে।,0.6666666644444444,0.24999999968749997,0.36363635900826446,0.36363635900826446,0.0,0.18181817752066123,0,0,0.2666666666666667,0.2222222219753086
3044536048_e615466e7f.jpg,একটি <unk> পানিতে একটি <unk> একটি <unk> একটি <unk>,0.3333333329629629,0.29999999969999996,0.31578946836565097,0.31578946836565097,0.1428571377551022,0.31578946836565097,0,0,0.4,0.24999999968749997
347250381_1407041270060310_3300822586950256229_n.jpg,একটি চাকা ও একটি সাইকেল চালাচ্ছে।,0.16666666638888888,0.249999999375,0.1999999948000001,0.1999999948000001,0.0,0.1999999948000001,0,0,0.46153846153846156,0.12499999984374999
47.JPG,একটি লোক পানির দিকে তাকিয়ে আছে,0.33333333277777777,0.3999999992,0.36363635801652905,0.36363635801652905,0.0,0.36363635801652905,0,0,0.44999999999999996,0.2222222219753086
3150252702_828a570d46.jpg,একজন লোক একটি পর্বতের চূড়ায় বরফাবৃত পাহাড়ের উপরে উঠে যায়।,0.1999999998,0.2857142853061225,0.23529411252595167,0.23529411252595167,0.11764705370242234,0.23529411252595167,0,0,0.5,0.13333333324444444
5035.png,পাহাড় দিয়ে একটি ঝর্ণা আছে।,0.3999999992,0.3999999992,0.39999999420000004,0.39999999420000004,0.0,0.39999999420000004,0,0,0.33333333333333337,0.24999999968749997
2930580341_d36eec8e3c.jpg,একটি ছেলে পুলে ঝাঁপিয়ে পড়ে।,0.3999999992,0.18181818165289254,0.249999995390625,0.249999995390625,0.14285713857142868,0.249999995390625,0,0,0.3125,0.14285714275510203
IMG_0018.JPG,একটা মহিলা বসে আছে,0.9999999975,0.9999999975,0.9999999925,0.9999999925,0.9999999916666666,0.9999999925,1,1,1.0,0.9999999975
2958.png,একটি লোক <unk> <unk> <unk> <unk> <unk> <unk> <unk> <unk> <unk> <unk> <unk> <unk> <unk> <unk> <unk> <unk> <unk> <unk> <unk> <unk> <unk> <unk> <unk> <unk> <unk> <unk> <unk> <unk> <unk> <unk> <unk> <unk> <unk> <unk> <unk> <unk> <unk> <unk>,0.02499999999375,0.09090909082644627,0.03921568287581729,0.03921568287581729,0.0,0.03921568287581729,0,0,0.09493670886075944,0.07692307686390532
4301.png,একজন পুরুষ ও একজন নারী আছে।,0.8333333319444445,0.8333333319444445,0.8333333269444445,0.8333333269444445,0.19999999460000012,0.4999999941666667,0,0,0.7142857142857143,0.8333333319444445
6051.png,একটি শিশু একটি পতাকা হাতে নিয়ে বসে আছে।,0.37499999953124996,0.16666666657407406,0.23076922633136102,0.23076922633136102,0.12499999492187522,0.23076922633136102,0,0,0.3015873015873016,0.13333333324444444
2396669903_5217a83641.jpg,একজন লোক একটি <unk>,0.7499999981250001,0.19999999986666667,0.31578947002770086,0.31578947002770086,0.0,0.2499999959375,0,0,0.19999999999999996,0.1874999998828125
1287064529_aa4e4f3c31.jpg,একটি কুকুর একটি <unk>,0.7499999981250001,0.3333333329629629,0.4615384565680474,0.4615384565680474,0.18181817752066123,0.33333332833333335,0,0,0.2857142857142857,0.3333333329629629
5906.png,দুটি মেয়ে স্পঞ্জ ফেলছে যারা শার্ট পরা মেয়ের সাথে হাসছে,0.0999999999,0.249999999375,0.14285713857142868,0.14285713857142868,0.0,0.14285713857142868,0,0,0.22857142857142854,0.07692307686390532
5270.png,ভবন দেখা যাচ্ছে।,0.9999999966666667,0.7499999981250001,0.8571428497959185,0.8571428497959185,0.799999992,0.8571428497959185,0,0,0.6666666666666667,0.7499999981250001
989851184_9ef368e520.jpg,একটি কালো রঙের একটি কালো রঙের একটি কালো রঙের একটি কালো রঙের একটি কালো রঙের একটি কালো রঙের একটি কালো রঙের একটি কালো রঙের একটি কালো রঙের একটি কালো রঙের একটি কালো রঙের একটি কালো রঙের একটি কালো রঙের একটি,0.099999999975,0.30769230745562126,0.15094339246707023,0.15094339246707023,0.04444444211358036,0.15094339246707023,0,0,0.1986301369863014,0.2857142853061225
436009777_440c7679a1.jpg,এক পরিবার <unk> বসে আছে,0.5999999988,0.29999999969999996,0.39999999502222217,0.39999999502222217,0.1818181768595043,0.39999999502222217,0,0,0.3870967741935484,0.29999999969999996
3529.png,৪ জন ছেলে দাড়িয়ে আছে।,0.7999999984,0.28571428551020406,0.4210526272576178,0.4210526272576178,0.2499999943750001,0.4210526272576178,0,0,0.5,0.28571428551020406
3354489242_dd529ffa1f.jpg,গোলের সামনে গোলরক্ষক গোলপোস্টের সামনে বসে আছে,0.14285714265306124,0.0999999999,0.11764705384083066,0.11764705384083066,0.0,0.11764705384083066,0,0,0.2432432432432432,0.06666666662222222
309430053_cc58bcc36a.jpg,একটি নৌকায় দুইজন মানুষ আছে।,0.1999999996,0.249999999375,0.2222222167901236,0.2222222167901236,0.0,0.2222222167901236,0,0,0.4736842105263158,0.12499999984374999
1201.png,অনেকগুলো নারী আছে।,0.9999999966666667,0.4285714279591837,0.5999999946000001,0.5999999946000001,0.24999999562500003,0.5999999946000001,0,0,0.43999999999999995,0.4285714279591837
4827.png,একটি পতাকা ও নীল শার্ট ও নীল রঙের একটি পূর্ণ একটি বিনোদন পার্ক করা গাড়ি,0.0,0.0,0.0,0.0,0.0,0.0,0,0,0.13461538461538458,0.0
3055716848_b253324afc.jpg,একজন লোক একটি কৌশল দেখাচ্ছে,0.5999999988,0.29999999969999996,0.39999999502222217,0.39999999502222217,0.15384614934911253,0.39999999502222217,0,0,0.5,0.24999999979166665
513116697_ad0f4dc800.jpg,একজন লোক একটি স্নোবোর্ডার শূন্যে লাফ দিচ্ছে,0.7142857132653061,0.5555555549382716,0.624999994296875,0.624999994296875,0.2857142804081633,0.624999994296875,0,0,0.641025641025641,0.45454545413223135
567.png,একজন পুরুষ দাড়িয়ে আছে।,0.7499999981250001,0.37499999953124996,0.49999999472222234,0.49999999472222234,0.1999999954000001,0.49999999472222234,0,0,0.4666666666666667,0.3333333329629629
5947.png,একজন লোক একটি ইটের ভবনের সামনে দাঁড়িয়ে আছে,0.12499999984374999,0.249999999375,0.16666666194444454,0.16666666194444454,0.0,0.16666666194444454,0,0,0.4193548387096774,0.09090909082644627
6278.png,একটি শিশু আছে।,0.6666666644444444,0.6666666644444444,0.6666666594444445,0.6666666594444445,0.0,0.6666666594444445,0,0,0.7777777777777778,0.49999999875
IMG_20220916_181034.jpg,একটি লোক একটি কারখানায় কাজ করছেন।,0.33333333277777777,0.3999999992,0.36363635801652905,0.36363635801652905,0.2222222167901236,0.36363635801652905,0,0,0.5416666666666667,0.24999999968749997
2201951969_0d7520d648.jpg,একটি শিশু সার্ফ করছে,0.0,0.0,0.0,0.0,0.0,0.0,0,0,0.33333333333333337,0.0
7762.png,একজন পুরুষ বসে কাজ করছে।,0.5999999988,0.149999999925,0.239999996608,0.239999996608,0.1249999960937501,0.239999996608,0,0,0.30612244897959184,0.15789473675900276
3626964430_cb5c7e5acc.jpg,একজন পুরুষ একটি মাঠে দাড়িয়ে আছে।,0.16666666638888888,0.1999999996,0.1818181765289258,0.1818181765289258,0.0,0.1818181765289258,0,0,0.37037037037037035,0.0999999999
1030985833.jpg,একটি কালো কুকুর একটি খেলনা নিয়ে খেলছে,0.8571428559183674,0.46153846118343195,0.5999999948500001,0.5999999948500001,0.33333332851851855,0.5999999948500001,0,0,0.5319148936170213,0.45454545413223135
6470.png,একটি লোক মাথায় কাপড় পরে বসে আছে।,0.2857142853061225,0.3999999992,0.33333332791666676,0.33333332791666676,0.1999999948000001,0.33333332791666676,0,0,0.5652173913043479,0.1999999998
1286.png,একজন পুরুষ একজন পুরুষ আছে।,0.3999999992,0.33333333277777777,0.36363635801652905,0.36363635801652905,0.0,0.36363635801652905,0,0,0.5,0.2857142853061225
6822.png,৪ জন মহিলা একটি পুরনো বাড়ির সামনে দাড়িয়ে আছে যার ২ জন মহিলা একা বসে আছে।,0.24999999984375,0.3999999996,0.3076923027218935,0.3076923027218935,0.1666666618402779,0.3076923027218935,0,0,0.4423076923076923,0.1999999999
1092.png,একজন মেয়ে দাড়িয়ে আছে চুল কালো রঙ এর ভিতরে,0.4444444439506172,0.3636363633057851,0.39999999464999997,0.39999999464999997,0.11111110604938293,0.29999999475000005,0,0,0.4871794871794872,0.24999999984375
294549892_babb130543.jpg,একজন লোক পাথরে কাজ করছেন।,0.1999999996,0.14285714265306124,0.16666666152777793,0.16666666152777793,0.0,0.16666666152777793,0,0,0.43999999999999995,0.09090909082644627
6140.png,একটি শিশু আছে।,0.3333333322222222,0.249999999375,0.28571428000000004,0.28571428000000004,0.0,0.28571428000000004,0,0,0.4,0.16666666638888888
3724.png,পানিতে একজন পুরুষ আছে।,0.249999999375,0.1999999996,0.2222222167901236,0.2222222167901236,0.0,0.2222222167901236,0,0,0.4736842105263158,0.12499999984374999
5346.png,সমুদ্রের পারে কয়েকটি নৌকা যাচ্ছে।,0.0,0.0,0.0,0.0,0.0,0.0,0,0,0.44999999999999996,0.0
3630991662_990f397f7c.jpg,একজন লোক পানির দিকে তাকিয়ে আছে,0.33333333277777777,0.18181818165289254,0.2352941128027682,0.2352941128027682,0.0,0.2352941128027682,0,0,0.38636363636363635,0.13333333324444444
3741462565_cc35966b7a.jpg,একটি ছোট্ট বালক একটি লাল আইসক্রিম খাচ্ছে,0.4285714279591837,0.24999999979166665,0.31578946869806096,0.31578946869806096,0.11764705411764723,0.31578946869806096,0,0,0.3793103448275862,0.13333333324444444
3692593096_fbaea67476.jpg,একজন লোক তার <unk> গাড়ী থেকে বেরিয়ে আসে তার বাগানের রাস্তায় একটি <unk> রাস্তা দিয়ে যাচ্ছে,0.1874999998828125,0.29999999969999996,0.23076922585798829,0.23076922585798829,0.0,0.23076922585798829,0,0,0.3389830508474576,0.09999999995
408748500_e8dc8c0c4f.jpg,একজন বালক তাকিয়ে আছে,0.49999999875,0.33333333277777777,0.3999999944,0.3999999944,0.24999999468750006,0.3999999944,0,0,0.5238095238095238,0.24999999968749997
3257277774_aba333a94c.jpg,একটি সাদা কুকুর তুষারে ঢাকা মাঠে একটি কুকুর দৌড়াচ্ছে,0.3333333329629629,0.7499999981250001,0.4615384565680474,0.4615384565680474,0.36363635900826446,0.4615384565680474,0,0,0.4242424242424242,0.37499999953124996
3358380484_b99b48f0c9.jpg,একটি বাদামী কুকুর একটি লাঠি ধরে আছে,0.4285714279591837,0.5999999988,0.4999999943055557,0.4999999943055557,0.1999999948000001,0.4999999943055557,0,0,0.5,0.37499999953124996
5345.png,সামনে দিয়ে লোক টি বসে আছে যাদের পিছনে এলোমেলো বসে আছে।,0.3636363633057851,0.30769230745562126,0.33333332809027777,0.33333332809027777,0.181818176694215,0.33333332809027777,0,0,0.4130434782608695,0.15789473675900276
2448793019_5881c025f9.jpg,একটি শিশু একটি নীল রঙের প্লাস্টিকের ব্লো আপ খেলনাটির নিচে নামছে,0.2727272724793388,0.3333333329629629,0.29999999475000005,0.29999999475000005,0.11111110604938293,0.29999999475000005,0,0,0.34883720930232553,0.1874999998828125
7289.png,সমুদ্রের পারে কয়েকজন মানুষ আছে।,0.3999999992,0.6666666644444444,0.49999999406250006,0.49999999406250006,0.33333332777777785,0.49999999406250006,0,0,0.47619047619047616,0.33333333277777777
4954.png,রাস্তা দিয়ে রিক্সা যাচ্ছে সেই রাস্তা দিয়ে হেটে যাচ্ছে একজন পুরুষ এবং পাশে একটি সেতুর উপর দিয়ে হেটে যাচ্ছে একজন পুরুষ।,0.04761904759637188,0.12499999984374999,0.06896551319857336,0.06896551319857336,0.0,0.06896551319857336,0,0,0.22077922077922074,0.04761904759637188
4705.png,একটি বাজারে অনেকগুলো মানুষ বসে আছে।,0.49999999916666665,0.4285714279591837,0.4615384558579882,0.4615384558579882,0.0,0.4615384558579882,0,0,0.4642857142857143,0.3333333329629629
2712.png,ঘাসের মধ্যে একটি সাদা এবং সাদা এবং সাদা এবং সাদা এবং সাদা এবং সাদা এবং সাদা এবং সাদা এবং সাদা এবং সাদা এবং সাদা এবং সাদা এবং সাদা এবং সাদা এবং সাদা এবং সাদা এবং সাদা এবং সাদা এবং সাদা,0.07499999998125,0.14285714278911565,0.09836065119054037,0.09836065119054037,0.0,0.09836065119054037,0,0,0.2786885245901639,0.0999999999
4546.png,একটি শিশু আছে।,0.3333333322222222,0.16666666638888888,0.2222222172839507,0.2222222172839507,0.0,0.2222222172839507,0,0,0.2857142857142857,0.12499999984374999
4739.png,একটি <unk> <unk> <unk> <unk> <unk>,0.49999999916666665,0.37499999953124996,0.4285714230612245,0.4285714230612245,0.0,0.4285714230612245,0,0,0.5185185185185186,0.2857142853061225
3258391809_38fc6211f7.jpg,এক মহিলা তার ক্যামেরায় <unk> কুকুরটির দিকে তাকাচ্ছে,0.12499999984374999,0.1111111109876543,0.11764705370242234,0.11764705370242234,0.0,0.11764705370242234,0,0,0.368421052631579,0.06666666662222222
111.png,দুইজন মানুষ আছে।,0.6666666644444444,0.49999999875,0.5714285648979592,0.5714285648979592,0.39999999360000005,0.5714285648979592,0,0,0.5,0.3999999992
2831672255_d779807c14.jpg,একটি কুকুর একটি বাধার উপর দিয়ে লাফ দিচ্ছে,0.37499999953124996,0.23076923059171597,0.2857142807256236,0.2857142807256236,0.15384614863905344,0.2857142807256236,0,0,0.5517241379310345,0.16666666652777776
2214.png,একজন পুরুষ একটি <unk> ট্রাকের উপর বসে আছে।,0.24999999968749997,0.2222222219753086,0.23529411238754333,0.23529411238754333,0.0,0.23529411238754333,0,0,0.5151515151515151,0.14285714275510203
8658.png,একজন পুরুষ বসে কাজ করছেন।,0.3999999992,0.2857142853061225,0.33333332791666676,0.33333332791666676,0.0,0.33333332791666676,0,0,0.4736842105263158,0.1999999998
2473791980_805c819bd4.jpg,একজন লোক পানিতে স্কি করছে,0.5999999988,0.5999999988,0.5999999938,0.5999999938,0.1999999948000001,0.5999999938,0,0,0.75,0.4285714279591837
6918.png,একটি বানর আছে।,0.9999999966666667,0.4285714279591837,0.5999999946000001,0.5999999946000001,0.24999999562500003,0.5999999946000001,0,0,0.4347826086956522,0.4285714279591837
1282.png,একজন পুরুষ রাস্তার পাশে দোকানের সামনে রাস্তার পাশে টা দেখছে।,0.29999999969999996,0.21428571413265304,0.24999999493055564,0.24999999493055564,0.09090908599173579,0.1666666616666668,0,0,0.36,0.1764705881314879
3326454455_960e5442e9.jpg,একজন খেলোয়াড়ের মাথার ওপর সবুজ জামা পরা একজন লোক একটি ফুটবল খেলছে,0.3333333330555555,0.26666666648888887,0.29629629113854594,0.29629629113854594,0.11764705411764723,0.2105263109141275,0,0,0.34426229508196726,0.18181818173553718
813.png,জলাশয়ের পারে কয়েকটি ভবন আছে।,0.1999999996,0.1999999996,0.19999999460000012,0.19999999460000012,0.0,0.19999999460000012,0,0,0.5,0.1111111109876543
3624076529_9793655a21.jpg,একটি কুকুর মুখে নিয়ে সবুজ রঙের খেলনা উদ্ধার করে জল দিয়ে দৌড়াচ্ছে।,0.3333333330555555,0.571428570612245,0.42105262648199443,0.42105262648199443,0.2352941128027682,0.42105262648199443,0,0,0.38636363636363635,0.2777777776234568
3208188198_2b271d2a2e.jpg,এক মেয়ে রাস্তায় একটি জিন <unk> <unk> <unk> <unk> <unk> <unk> <unk> <unk> <unk> <unk> <unk> <unk> <unk> <unk> <unk> <unk> <unk> <unk> <unk> <unk> <unk> <unk> <unk> <unk> <unk> <unk> <unk> <unk> <unk> <unk> <unk> <unk> <unk> <unk> <unk>,0.0499999999875,0.24999999968749997,0.08333333052083343,0.08333333052083343,0.043478258270321514,0.08333333052083343,0,0,0.10828025477707004,0.1111111109876543
1112.png,ফসলের ক্ষেতে একজন পুরুষ বসে আছে।,0.33333333277777777,0.2222222219753086,0.2666666615111111,0.2666666615111111,0.0,0.2666666615111111,0,0,0.2777777777777778,0.16666666652777776
3256272547_5ae6c66293.jpg,আগুন জ্বলছে এবং আগুন জ্বলছে এবং আগুন জ্বলছে এবং আগুন জ্বলছে এবং আগুন জ্বলছে এবং আগুন জ্বলছে এবং আগুন জ্বলছে এবং আগুন জ্বলছে এবং আগুন জ্বলছে এবং আগুন জ্বলছে এবং আগুন জ্বলছে এবং আগুন জ্বলছে এবং আগুন জ্বলছে এবং আগুন,0.02499999999375,0.1999999996,0.0444444424493828,0.0444444424493828,0.0,0.0444444424493828,0,0,0.14465408805031443,0.14285714265306124
3049.png,একজন পুরুষ আছে।,0.6666666644444444,0.49999999875,0.5714285648979592,0.5714285648979592,0.39999999360000005,0.5714285648979592,0,0,0.6666666666666667,0.3999999992
3090386315_87ed417814.jpg,মুখে হলুদ রঙের কুকুর দৌড়াচ্ছে,0.3999999992,0.33333333277777777,0.36363635801652905,0.36363635801652905,0.1999999948000001,0.36363635801652905,0,0,0.5263157894736843,0.2222222219753086
135.png,একজন পুরুষ হেঁটে যাচ্ছে।,0.249999999375,0.16666666638888888,0.1999999948000001,0.1999999948000001,0.0,0.1999999948000001,0,0,0.2272727272727273,0.1111111109876543
7890.png,একটি শিশু একটি <unk>,0.0,0.0,0.0,0.0,0.0,0.0,0,0,0.2857142857142857,0.0
3242088278_43eea5d17e.jpg,একটি সাদা রাজহাঁস জলের উপরে নিয়ে পানি থেকে পানিতে ঝাপ দিচ্ছে,0.18181818165289254,0.33333333277777777,0.2352941128027682,0.2352941128027682,0.0,0.2352941128027682,0,0,0.3589743589743589,0.13333333324444444
77.png,নদীর পাড়ে অনেক নৌকা ও মানুষ আছে।,0.2857142853061225,0.3999999992,0.33333332791666676,0.33333332791666676,0.0,0.33333332791666676,0,0,0.2727272727272727,0.1999999998
3721881082_afe9fc734e.jpg,একটি টেবিলে একটি টেবিলে বসে আছে,0.49999999916666665,0.29999999969999996,0.37499999484375,0.37499999484375,0.14285713806122466,0.37499999484375,0,0,0.4571428571428572,0.2727272724793388
2460.png,একজন বসে আছে যার গেঞ্জি পরে দাড়িয়ে আছে যার গেঞ্জি পরে দাড়িয়ে আছে যার গেঞ্জি পরে দাড়িয়ে আছে যার গেঞ্জি পরে দাড়িয়ে আছে যার গেঞ্জি পরে দাড়িয়ে আছে যার গেঞ্জি পরে দাড়িয়ে আছে যার গেঞ্জি পরে দাড়িয়ে আছে যার গেঞ্জি,0.0499999999875,0.1111111110493827,0.06896551293698006,0.06896551293698006,0.0,0.06896551293698006,0,0,0.25,0.10526315783933518
4042.png,একজন লোক <unk> <unk>,0.249999999375,0.249999999375,0.2499999943750001,0.2499999943750001,0.0,0.2499999943750001,0,0,0.38888888888888884,0.16666666638888888
4770.png,চশমা পরিহিত একজন পুরুষ একটি টায়ার এর উপর দিয়ে তাকিয়ে আছে।,0.18181818165289254,0.49999999875,0.26666666240000003,0.26666666240000003,0.0,0.26666666240000003,0,0,0.26190476190476186,0.15384615372781063
233.png,একটি ছোট ছেলে বাইরে দাঁড়িয়ে আছে,0.33333333277777777,0.08695652170132324,0.13793103110582647,0.13793103110582647,0.0,0.13793103110582647,0,0,0.34375,0.079999999968
2565685680_c30972455d.jpg,একটি কালো কুকুর পানিতে দৌড়াচ্ছে,0.5999999988,0.4285714279591837,0.4999999943055557,0.4999999943055557,0.3999999944,0.4999999943055557,0,0,0.5,0.3333333329629629
4001.png,একজন পুরুষ হাতে ব্যাগ নিয়ে একজন পুরুষ,0.14285714265306124,0.3333333322222222,0.1999999954000001,0.1999999954000001,0.0,0.1999999954000001,0,0,0.2592592592592593,0.14285714265306124
496606439_9333831e73.jpg,একজন মহিলা তার মুখে একটি চামচ দিয়ে ছবি তুলছে।,0.2222222219753086,0.49999999875,0.3076923029585799,0.3076923029585799,0.0,0.3076923029585799,0,0,0.375,0.18181818165289254
6927.png,একজন পুরুষ মাথায় ঝুড়ি নিয়ে যাচ্ছে,0.33333333277777777,0.3999999992,0.36363635801652905,0.36363635801652905,0.2222222167901236,0.36363635801652905,0,0,0.5454545454545454,0.2222222219753086
442594271_2c3dd38483.jpg,সমুদ্রের পারে অনেকগুলো মানুষ দাড়িয়ে আছে।,0.33333333277777777,0.2857142853061225,0.3076923022485208,0.3076923022485208,0.0,0.3076923022485208,0,0,0.48,0.18181818165289254
1564614124_0ee6799935.jpg,গোলাপি রঙের একটি মেয়ে হাতে একটি ঘুড়ি হাতে নিয়ে আছে।,0.1999999998,0.11764705875432525,0.14814814337448576,0.14814814337448576,0.0,0.14814814337448576,0,0,0.36363636363636365,0.07692307686390532
6174.png,পানিতে কয়েকজন মানুষ কাজ করছে।,0.1999999996,0.1999999996,0.19999999460000012,0.19999999460000012,0.0,0.19999999460000012,0,0,0.5238095238095238,0.1111111109876543
4486.png,একটি ভ্যানে করে ইট নিয়ে যাচ্ছে।,0.49999999916666665,0.37499999953124996,0.4285714230612245,0.4285714230612245,0.33333332791666676,0.4285714230612245,0,0,0.4642857142857143,0.29999999969999996
7693.png,কয়েকজন বন্ধু একসাথে বসে কাজ করছে আর কয়েকজন পুরুষ বসে কাজ করছে।,0.08333333326388888,0.0999999999,0.09090908586776886,0.09090908586776886,0.0,0.09090908586776886,0,0,0.4042553191489362,0.05555555552469135
330325191_63e11d9c93.jpg,একজন লোক পাহাড়ের চূড়ায় দাঁড়িয়ে আছে,0.6666666655555555,0.6666666655555555,0.6666666605555556,0.6666666605555556,0.5999999938,0.6666666605555556,0,0,0.9130434782608696,0.49999999937499995
4665.png,একটি মুরগির স্কুল ও কয়েকটি কুকুর আছে।,0.2857142853061225,0.6666666644444444,0.39999999500000005,0.39999999500000005,0.0,0.39999999500000005,0,0,0.3076923076923077,0.24999999968749997
7942.png,বাজারে হলুদ জামা পরিহিত একজন লোক দাঁড়িয়ে আছে ও অনেকগুলো মানুষ আছে।,0.3333333330555555,0.9999999975,0.49999999562499997,0.49999999562499997,0.2857142819387755,0.49999999562499997,0,0,0.3555555555555555,0.3333333330555555
1321723162.jpg,একটি কালো প্যান্ট পরা একজন মহিলা একটি ছোট ছেলেকে নিয়ে দাঁড়িয়ে আছে,0.24999999979166665,0.2727272724793388,0.26086956000000006,0.26086956000000006,0.09523809015873042,0.26086956000000006,0,0,0.36363636363636365,0.15789473675900276
7891.png,মরিচ আছে।,0.4999999975,0.1111111109876543,0.1818181785123967,0.1818181785123967,0.0,0.1818181785123967,0,0,0.17647058823529416,0.0999999999
1837.png,একজন নারী ও কয়েকজন মানুষ আছে।,0.6666666655555555,0.49999999937499995,0.5714285657142858,0.5714285657142858,0.33333332791666676,0.5714285657142858,0,0,0.4285714285714286,0.3999999996
96420612_feb18fc6c6.jpg,এক ব্যক্তি একটি স্কেটবোর্ডে চড়ে।,0.5999999988,0.2727272724793388,0.374999995234375,0.374999995234375,0.28571428122448983,0.374999995234375,0,0,0.4358974358974359,0.23076923059171597
424416723_19c56cb365.jpg,একটি কুকুর বনের রাস্তা দিয়ে ঘেরা ঘাসের মধ্য দিয়ে ঘেরা ঘাসের মধ্য দিয়ে ঘেরা ঘাসের মধ্য দিয়ে ঘেরা ঘাসের মধ্য দিয়ে ঘেরা ঘাসের মধ্য দিয়ে ঘেরা ঘাসের মধ্য দিয়ে ঘেরা ঘাসের মধ্য দিয়ে ঘেরা ঘাসের মধ্য দিয়ে ঘেরা ঘাসের মধ্য,0.07499999998125,0.5999999988,0.13333333129876546,0.13333333129876546,0.04878048685306366,0.09302325447268796,0,0,0.17730496453900713,0.29999999969999996
3639684919_cb6fbf5638.jpg,একজন লোক তাদের হাতে নিয়ে দাঁড়িয়ে আছেন,0.2857142853061225,0.16666666652777776,0.2105263109141275,0.2105263109141275,0.0,0.2105263109141275,0,0,0.33333333333333337,0.11764705875432525
5141.png,রেল লাইনের পাশ দিয়ে একজন লোক দাঁড়িয়ে আছে।,0.12499999984374999,0.09090909082644627,0.10526315290858747,0.10526315290858747,0.0,0.10526315290858747,0,0,0.33333333333333337,0.05882352937716263
1155.png,অনেকগুলো নারী সারিবদ্ধভাবে লাইন এ লাইন হয়ে আছে।,0.37499999953124996,0.4285714279591837,0.3999999944888889,0.3999999944888889,0.0,0.3999999944888889,0,0,0.59375,0.2727272724793388
118309463.jpg,একটি ছেলেদের বেসবল টুপি পরিহিত একজন বালক ফ্লোরিডা <unk>,0.3333333329629629,0.49999999916666665,0.3999999946666667,0.3999999946666667,0.2857142804081633,0.374999994609375,0,0,0.5128205128205128,0.24999999979166665
1979.png,পানিতে ডুবে যাওয়া গ্রামের বাড়িতে চারজন মানুষ আছে।,0.12499999984374999,0.05882352937716263,0.07999999558400024,0.07999999558400024,0.0,0.07999999558400024,0,0,0.22413793103448276,0.04166666664930555
6714.png,একজন পুরুষ বসে আছে।,0.49999999875,0.18181818165289254,0.26666666240000003,0.26666666240000003,0.0,0.26666666240000003,0,0,0.375,0.15384615372781063
3467073304_aefe553c4d.jpg,একজন মহিলা যতসামান্য জামা পরে একটি সাদা রঙের,0.24999999968749997,0.49999999875,0.33333332833333335,0.33333332833333335,0.1999999954000001,0.33333332833333335,0,0,0.36363636363636365,0.1999999998
3590593467_be497a6139.jpg,একটি মোটরক্রস রাইডার একটি জাম্পিং স্টান্ট করছেন,0.0,0.0,0.0,0.0,0.0,0.0,0,0,0.36585365853658536,0.0
2918.png,কয়েকজন মানুষ দাড়িয়ে আছে।,0.0,0.0,0.0,0.0,0.0,0.0,0,0,0.24242424242424243,0.0
9101.png,রাস্তা দিয়ে একজন মহিলা এবং পাশে একটি গাছের নিচে দাড়িয়ে আছে।,0.2727272724793388,0.49999999916666665,0.3529411714878893,0.3529411714878893,0.2666666618666667,0.3529411714878893,0,0,0.4358974358974359,0.21428571413265304
440190907_bf8b7ba8ef.jpg,একটি বারে তিনজন লোক,0.249999999375,0.1999999996,0.2222222167901236,0.2222222167901236,0.0,0.2222222167901236,0,0,0.42105263157894735,0.12499999984374999
2531942624_c3c072064e.jpg,একজন লোক বালুতে স্কেটিং করছে,0.1999999996,0.1999999996,0.19999999460000012,0.19999999460000012,0.0,0.19999999460000012,0,0,0.368421052631579,0.1111111109876543
7851.png,একটি নৌকায় একজন পুরুষ দাড়িয়ে আছে।,0.8333333319444445,0.49999999949999996,0.62499999453125,0.62499999453125,0.2857142807142858,0.4999999946875,0,0,0.4137931034482759,0.49999999949999996
3350260112_fcb47ff6b2.jpg,নদীর পাড়ে অনেক নৌকা দেখা যাচ্ছে।,0.16666666638888888,0.249999999375,0.1999999948000001,0.1999999948000001,0.0,0.1999999948000001,0,0,0.37142857142857144,0.1111111109876543
530950375_eea665583f.jpg,একজন লোক সাইকেল চালানো হচ্ছে।,0.1999999996,0.14285714265306124,0.16666666152777793,0.16666666152777793,0.0,0.16666666152777793,0,0,0.5,0.09090909082644627
7776.png,একজন পুরুষ তাকিয়ে আছে।,0.9999999975,0.9999999975,0.9999999925,0.9999999925,0.9999999916666666,0.9999999925,1,1,1.0,0.9999999975
414.png,একজন পুরুষ বসে আছে।,0.49999999875,0.33333333277777777,0.3999999944,0.3999999944,0.24999999468750006,0.3999999944,0,0,0.4347826086956522,0.24999999968749997
8587.png,একটি ছেলে একটি গাছের নিচে তাকিয়ে আছে।,0.2857142853061225,0.14285714275510203,0.19047618585034026,0.19047618585034026,0.0,0.19047618585034026,0,0,0.29166666666666663,0.124999999921875
2699426519_228719b1db.jpg,একটি বাদামী কুকুর সবুজ ঘাসের উপর দৌড়াচ্ছে,0.8571428559183674,0.5999999993999999,0.705882347266436,0.705882347266436,0.2666666615111111,0.705882347266436,0,0,0.6551724137931034,0.5454545449586776
6700.png,সূর্যাস্তের সময় একটি নৌকায় কয়েকজন মানুষ আছে।,0.571428570612245,0.7999999984,0.6666666606944446,0.6666666606944446,0.3999999944,0.6666666606944446,0,0,0.5483870967741935,0.49999999937499995
423066487_07757b2b49.jpg,একজন বৃদ্ধ লোক রান্না করতে সাহায্য করার জন্য অপেক্ষা করছেন,0.0999999999,0.16666666638888888,0.12499999515625017,0.12499999515625017,0.0,0.12499999515625017,0,0,0.3571428571428571,0.06666666662222222
8430.png,একটি পর্যটন এলাকায় কিছু মানুষ আছে।,0.49999999916666665,0.29999999969999996,0.37499999484375,0.37499999484375,0.14285713806122466,0.37499999484375,0,0,0.41025641025641024,0.29999999969999996
2842865689_e37256d9ce.jpg,একজন পুরুষ বসে আছে।,0.7499999981250001,0.21428571413265304,0.33333332950617284,0.33333332950617284,0.12499999679687505,0.33333332950617284,0,0,0.37037037037037035,0.23076923059171597
6395.png,চা বাগানের ছবি তুলছে।,0.0,0.0,0.0,0.0,0.0,0.0,0,0,0.19999999999999996,0.0
DSC_9075.JPG,একজন পুরুষ ও তিনজন পুরুষ দাড়িয়ে আছে।,0.14285714265306124,0.249999999375,0.1818181768595043,0.1818181768595043,0.0,0.1818181768595043,0,0,0.4285714285714286,0.1111111109876543
2245.png,একজন মানুষ দাড়িয়ে আছে।,0.249999999375,0.249999999375,0.2499999943750001,0.2499999943750001,0.0,0.2499999943750001,0,0,0.2666666666666667,0.14285714265306124
516648762_0cff84ea97.jpg,একটি <unk> <unk> দোকানে একটি <unk> <unk> দোকানে একটি <unk> দোকানে একটি <unk> দোকানে একটি <unk> দোকানে একটি <unk> দোকানে একটি <unk> দোকানে একটি <unk> দোকানে একটি <unk> দোকানে একটি <unk> দোকানে একটি <unk> দোকানে একটি <unk> দোকানে একটি <unk>,0.07499999998125,0.37499999953124996,0.12499999717013895,0.12499999717013895,0.043478258270321514,0.12499999717013895,0,0,0.1823899371069182,0.24999999968749997
2372572028_53b76104a9.jpg,একটি ছেলে একটি হলুদ রঙের একটি ছেলে একটি হলুদ রঙের একটি ছেলে একটি হলুদ রঙের একটি ছেলে একটি হলুদ রঙের একটি ছেলে একটি হলুদ রঙের একটি ছেলে একটি হলুদ রঙের একটি ছেলে একটি হলুদ রঙের একটি ছেলে একটি হলুদ রঙের,0.07499999998125,0.2727272724793388,0.11764705539407928,0.11764705539407928,0.045454543419421574,0.11764705539407928,0,0,0.17218543046357615,0.24999999979166665
1893.png,একজন শারি পরা মহিলা তার পিছনে কিছু মানুষ।,0.24999999968749997,0.18181818165289254,0.21052631069252087,0.21052631069252087,0.0,0.21052631069252087,0,0,0.40476190476190477,0.11764705875432525
1309.png,ছয়জন পুরুষ হাতে ব্যানার নিয়ে হেঁটে যাচ্ছে।,0.571428570612245,0.4444444439506172,0.49999999445312515,0.49999999445312515,0.4285714230612245,0.49999999445312515,0,0,0.5588235294117647,0.3333333330555555
IMG_0056.JPG,লোক গুলো দাঁড়িয়ে আছে,0.7499999981250001,0.37499999953124996,0.49999999472222234,0.49999999472222234,0.1999999954000001,0.49999999472222234,0,0,0.5833333333333333,0.3333333329629629
707941195_4386109029.jpg,একটি কালো কুকুর পানি পান করছে,0.49999999916666665,0.3333333329629629,0.3999999946666667,0.3999999946666667,0.3076923024852071,0.3999999946666667,0,0,0.47058823529411764,0.2727272724793388
IMG_2503.JPG,কপালে কালো মালা আছে,0.7499999981250001,0.49999999916666665,0.5999999940000001,0.5999999940000001,0.49999999406250006,0.5999999940000001,0,0,0.6,0.4285714279591837
5713.png,একটি পুকুর ও সূর্য আছে। ভবন আছে।,0.0,0.0,0.0,0.0,0.0,0.0,0,0,0.23076923076923073,0.0
7913.png,একটি শিশু দৌড় দিচ্ছে।,0.249999999375,0.3333333322222222,0.28571428000000004,0.28571428000000004,0.0,0.28571428000000004,0,0,0.46153846153846156,0.16666666638888888
7573.png,একটি কুকুর একটি পুকুর দিয়ে ঘেরা জলে খেলে ভিজে পুকুর দিয়ে ঘেরা জলে খেলে ভিজে পুকুর দিয়ে ঘেরা জলে খেলে ভিজে পুকুর দিয়ে ঘেরা জলে খেলে ভিজে পুকুর দিয়ে ঘেরা জলে খেলে ভিজে পুকুর দিয়ে ঘেরা জলে খেলে ভিজে পুকুর,0.0,0.0,0.0,0.0,0.0,0.0,0,0,0.1472868217054264,0.0
3559993787_c49644dcc5.jpg,এক লোক তার সাইকেল নিয়ে একটি পাহাড়ের উপর দিয়ে উড়ছে,0.3999999996,0.3333333330555555,0.3636363583471074,0.3636363583471074,0.11111110598765454,0.19999999480000014,0,0,0.41025641025641024,0.2352941175086505
8712.png,একজন পুরুষ ও একজন পুরুষ এবং একজন পুরুষ এবং একজন পুরুষ এবং একজন পুরুষ এবং একজন পুরুষ এবং একজন পুরুষ এবং একজন পুরুষ এবং একজন পুরুষ এবং একজন পুরুষ এবং একজন পুরুষ এবং একজন পুরুষ এবং একজন পুরুষ এবং একজন,0.0,0.0,0.0,0.0,0.0,0.0,0,0,0.09433962264150941,0.0
8540.png,একটি শিশু তাকিয়ে আছে।,0.49999999875,0.6666666644444444,0.5714285648979592,0.5714285648979592,0.39999999360000005,0.5714285648979592,0,0,0.6153846153846154,0.3999999992
3731.png,একটি শিশু আছে।,0.9999999966666667,0.4285714279591837,0.5999999946000001,0.5999999946000001,0.24999999562500003,0.5999999946000001,0,0,0.375,0.4285714279591837
3335885203_a3fe8e541f.jpg,একটি খেলার দল লাঠি হাতে নিয়ে দৌড়াচ্ছে,0.14285714265306124,0.09090909082644627,0.11111110623456812,0.11111110623456812,0.0,0.11111110623456812,0,0,0.33333333333333337,0.0624999999609375
DSC_9293.JPG,একজন নারী নৃত্য করছে।,0.0,0.0,0.0,0.0,0.0,0.0,0,0,0.4,0.0
3349258288_5300c40430.jpg,একটি ছেলে একটি নীল জিন্স পরা ব্যক্তি।,0.2857142853061225,0.1999999998,0.23529411252595167,0.23529411252595167,0.0,0.23529411252595167,0,0,0.3783783783783784,0.07692307686390532
1449.png,একজন পুরুষ হাতে একটি বই ধরে দাড়িয়ে আছে এবং পিছনে একজন পুরুষ আছে।,0.15384615372781063,0.3999999992,0.22222221796296296,0.22222221796296296,0.0,0.22222221796296296,0,0,0.2978723404255319,0.14285714275510203
7009.png,একটি পুরনো বাড়ির জানালায় তিনজন পুরুষ মানুষ।,0.2857142853061225,0.13333333324444444,0.18181817731404967,0.18181817731404967,0.0,0.09090908648760351,0,0,0.32692307692307687,0.09999999995
2376694294_9a4ecc3b90.jpg,একটি শিশু সুইমিংপুলে সাঁতার কাটছে,0.1999999996,0.12499999984374999,0.15384614887573977,0.15384614887573977,0.0,0.15384614887573977,0,0,0.31034482758620685,0.08333333326388888
3328646934_5cca4cebce.jpg,একজন লোক একটি স্নোবোর্ড দিয়ে লাফ দিলো,0.2857142853061225,0.24999999968749997,0.2666666613333334,0.2666666613333334,0.0,0.2666666613333334,0,0,0.4137931034482759,0.15384615372781063
3518755601_cebf11e515.jpg,সমুদ্র সৈকতে বালির উপরে একটি শিশু বালি নিয়ে বালি ও জিন্স পড়ে সমুদ্রের পারে,0.07142857137755101,0.1111111109876543,0.08695651689981122,0.08695651689981122,0.0,0.08695651689981122,0,0,0.30000000000000004,0.04761904759637188
3640329164_20cb245fd5.jpg,তিনটি ছেলে এবং একটি ভাসমান টিউবের সাহায্যে পানি থেকে পুলে ঝাঁপ দিচ্ছে,0.16666666652777776,0.18181818165289254,0.17391303833648408,0.17391303833648408,0.0,0.17391303833648408,0,0,0.2666666666666667,0.10526315783933518
337647771_3b819feaba.jpg,একটি কুকুর এক হাতে নিয়ে নামছে,0.33333333277777777,0.33333333277777777,0.3333333277777778,0.3333333277777778,0.19999999460000012,0.3333333277777778,0,0,0.5833333333333333,0.2222222219753086
3265964840_5374ed9c53.jpg,একটি ছেলে তার বোর্ডে করে তুষারের উপর দিয়ে চলছে,0.2222222219753086,0.2222222219753086,0.22222221697530875,0.22222221697530875,0.0,0.22222221697530875,0,0,0.4375,0.13333333324444444
3889.png,একজন নারী বসে কাজ করছে।,0.5999999988,0.37499999953124996,0.46153845609467453,0.46153845609467453,0.0,0.46153845609467453,0,0,0.3928571428571429,0.29999999969999996
8309.png,একজন নারী হেঁটে যাচ্ছে।,0.249999999375,0.249999999375,0.2499999943750001,0.2499999943750001,0.0,0.2499999943750001,0,0,0.5,0.14285714265306124
6091.png,একটি শিশু তাকিয়ে আছে।,0.9999999975,0.7999999984,0.8888888819753088,0.8888888819753088,0.5714285648979592,0.8888888819753088,0,0,0.8125,0.7999999984
village-house-design-ideas.jpg,প্রকৃতির কোলে একটা ঘর আছে।,0.3999999992,0.33333333277777777,0.36363635801652905,0.36363635801652905,0.2222222167901236,0.36363635801652905,0,0,0.6,0.2222222219753086
cow-4684904.jpg,একজন পুরুষ ও একজন লোক দুইটা গরু নিয়ে যাচ্ছে।,0.0,0.0,0.0,0.0,0.0,0.0,0,0,0.28125,0.0
3698607223_22fe09763a.jpg,একজন স্নোবোর্ডার একটি বরফের উপরে উঠে যায়।,0.2857142853061225,0.18181818165289254,0.22222221722222232,0.22222221722222232,0.0,0.22222221722222232,0,0,0.3666666666666667,0.124999999921875
2108799322_e25aa6e185.jpg,একটি কালো কুকুর মুখে কিছু একটা গাছের পাশে মুখে কিছু একটা গাছের পাশে মুখে কিছু একটা গাছের পাশে মুখে কিছু একটা গাছের পাশে মুখে কিছু একটা গাছের পাশে মুখে কিছু একটা গাছের পাশে মুখে কিছু একটা গাছের পাশে মুখে কিছু,0.07499999998125,0.5999999988,0.13333333129876546,0.13333333129876546,0.09302325408328828,0.13333333129876546,0,0,0.11851851851851847,0.29999999969999996
3591170729_406fdb74e5.jpg,একজন বৃদ্ধ লোক শুয়ে আছে।,0.3999999992,0.15384615372781063,0.22222221796296296,0.22222221796296296,0.0,0.22222221796296296,0,0,0.29268292682926833,0.13333333324444444
346095804_1259484421628369_2439464680215441902_n.jpg,একটি নৌকা দেখা যাচ্ছে,0.7499999981250001,0.29999999969999996,0.42857142387755104,0.42857142387755104,0.16666666263888896,0.42857142387755104,0,0,0.2857142857142857,0.2727272724793388
3368.png,একজন নারী মুখে রঙ মেখে আছে।,0.0,0.0,0.0,0.0,0.0,0.0,0,0,0.33333333333333337,0.0
3370308329_7f2de5bb58.jpg,দু'জন লোক একটি বরফের লগ থেকে তুলা <unk> দেখছে,0.2222222219753086,0.33333333277777777,0.2666666615111111,0.2666666615111111,0.15384614887573977,0.2666666615111111,0,0,0.34375,0.15384615372781063
457945610_1a23b9ced0.jpg,একটি মেয়ে জলের ঝাপটায়,0.49999999875,0.24999999968749997,0.33333332833333335,0.33333332833333335,0.0,0.33333332833333335,0,0,0.5333333333333333,0.1999999998
3058627443_1d57ff0a2c.jpg,এক ব্যাক্তি পানির তরঙ্গে আটকা পড়ে ঢেউয়ের মধ্যে পড়তে শুরু করলো,0.09090909082644627,0.12499999984374999,0.10526315290858747,0.10526315290858747,0.0,0.10526315290858747,0,0,0.32558139534883723,0.05555555552469135
338.png,দুইজন মানুষ হেঁটে যাচ্ছে।,0.49999999875,0.2857142853061225,0.36363635834710756,0.36363635834710756,0.2222222172839507,0.36363635834710756,0,0,0.43999999999999995,0.2222222219753086
3697.png,একটি নৌকা আছে।,0.9999999966666667,0.37499999953124996,0.5454545404958677,0.5454545404958677,0.22222221827160496,0.5454545404958677,0,0,0.3913043478260869,0.37499999953124996
3512.png,একজন পুরুষ হাতে ফুল নিয়ে আছে।,0.49999999916666665,0.3333333329629629,0.3999999946666667,0.3999999946666667,0.0,0.3999999946666667,0,0,0.41666666666666663,0.24999999979166665
3591.png,একটি ঘাসের উপর একটি ঘাসের উপর একটি ঘাসের উপর একটি ঘাসের উপর একটি ঘাসের উপর একটি ঘাসের উপর একটি ঘাসের উপর একটি ঘাসের উপর একটি ঘাসের উপর একটি ঘাসের উপর একটি ঘাসের উপর একটি ঘাসের উপর একটি ঘাসের উপর একটি,0.0,0.0,0.0,0.0,0.0,0.0,0,0,0.10062893081761004,0.0
632.png,একজন পুরুষ একটি উঠুনে বসে।,0.3999999992,0.1999999998,0.2666666618666667,0.2666666618666667,0.0,0.14285713806122466,0,0,0.3142857142857143,0.15384615372781063
2753531542_ace2c870b7.jpg,একজন লোক পাথরে আরোহণ করছে,0.3999999992,0.16666666652777776,0.23529411321799312,0.23529411321799312,0.13333332924444455,0.23529411321799312,0,0,0.3913043478260869,0.13333333324444444
1603.png,কয়েকজন পুরুষ আছে।,0.9999999966666667,0.5999999988,0.7499999934375,0.7499999934375,0.6666666600000001,0.7499999934375,0,0,0.631578947368421,0.5999999988
3570.png,একটি নৌকায় কয়েকজন মানুষ আছে।,0.7999999984,0.6666666655555555,0.7272727209917357,0.7272727209917357,0.2222222167901236,0.7272727209917357,0,0,0.7727272727272727,0.571428570612245
3291587911_81fc33300e.jpg,একটি লোক একটি কুকুর নিয়ে একটি কুকুর নিয়ে একটি কুকুর নিয়ে একটি কুকুর নিয়ে একটি কুকুর নিয়ে একটি কুকুর নিয়ে একটি কুকুর নিয়ে একটি কুকুর নিয়ে একটি কুকুর নিয়ে একটি কুকুর নিয়ে একটি কুকুর নিয়ে একটি কুকুর নিয়ে একটি কুকুর,0.0499999999875,0.124999999921875,0.07142856732142881,0.07142856732142881,0.0,0.07142856732142881,0,0,0.21232876712328763,0.11764705875432525
975131015_9acd25db9c.jpg,কালো এবং তার <unk> খাচ্ছে,0.3999999992,0.1999999998,0.2666666618666667,0.2666666618666667,0.0,0.1818181765289258,0,0,0.43999999999999995,0.16666666652777776
6287.png,একজন বৃদ্ধ লোক বসে আছে।,0.5999999988,0.37499999953124996,0.46153845609467453,0.46153845609467453,0.1818181768595043,0.46153845609467453,0,0,0.5,0.29999999969999996
4023.png,একটি শিশু হাতে একটা বাচ্চাকে কোলে নিয়ে আছে।,0.37499999953124996,0.9999999966666667,0.5454545404958677,0.5454545404958677,0.22222221827160496,0.5454545404958677,0,0,0.4242424242424242,0.37499999953124996
5996.png,একটি ছেলে কাঁদে গামছা প্যাঁচানো শরীরে আছে।,0.14285714265306124,0.3333333322222222,0.1999999954000001,0.1999999954000001,0.0,0.1999999954000001,0,0,0.2682926829268293,0.1111111109876543
717.png,একজন মানুষ হেঁটে যাচ্ছে।,0.49999999875,0.2857142853061225,0.36363635834710756,0.36363635834710756,0.0,0.36363635834710756,0,0,0.4736842105263158,0.2222222219753086
5837.png,একটি ছেলে পানিতে গোসল দেখাচ্ছেন।,0.1999999996,0.16666666638888888,0.1818181765289258,0.1818181765289258,0.0,0.1818181765289258,0,0,0.4,0.0999999999
3561433412_3985208d53.jpg,একটি কুকুর একটি বাদামী এবং একটি বাদামী কুকুর একটি মাঠে দৌড়াচ্ছে,0.3636363633057851,0.4444444439506172,0.39999999464999997,0.39999999464999997,0.21052631058171756,0.39999999464999997,0,0,0.5714285714285714,0.3333333329629629
3589052481_059e5e2c37.jpg,একজন পুরুষ চশমা পরে চেয়ে আছেন।,0.33333333277777777,0.14285714275510203,0.19999999560000006,0.19999999560000006,0.11111110697530877,0.19999999560000006,0,0,0.375,0.124999999921875
3444974984_963fb441a0.jpg,একজন মহিলা বসে আছে।,0.49999999875,0.24999999968749997,0.33333332833333335,0.33333332833333335,0.0,0.33333332833333335,0,0,0.34285714285714286,0.2222222219753086
4086.png,রাস্তা দিয়ে গাড়ি ও মানুষ আছে।,0.33333333277777777,0.18181818165289254,0.2352941128027682,0.2352941128027682,0.0,0.11764705411764723,0,0,0.2857142857142857,0.13333333324444444
2436.png,কয়েকজন পুরুষ একসাথে হয়ে দাড়িয়ে আছে কিছু ছেলে মেয়ে একসাথে হয়ে দাড়িয়ে আছে কিছু ছেলে মেয়ে একসাথে হয়ে দাড়িয়ে আছে কিছু ছেলে মেয়ে একসাথে হয়ে দাড়িয়ে আছে কিছু ছেলে মেয়ে একসাথে হয়ে দাড়িয়ে আছে কিছু ছেলে মেয়ে একসাথে হয়ে দাড়িয়ে,0.0,0.0,0.0,0.0,0.0,0.0,0,0,0.099290780141844,0.0
5093.png,পাহাড়ের পাশে গাছ আছে।,0.249999999375,0.14285714265306124,0.1818181768595043,0.1818181768595043,0.0,0.1818181768595043,0,0,0.25,0.0999999999
472860064_a96a228796.jpg,একটি কালো কুকুর একটি ফ্রিসবি ধরার চেষ্টা করছে,0.6249999992187499,0.3333333331111111,0.43478260378071826,0.43478260378071826,0.22222221722222232,0.43478260378071826,0,0,0.48,0.26666666648888887
3213395965_2a823c6865.jpg,একজন মহিলা তার মুখের সামনে একটি কালো মানুষ,0.24999999968749997,0.49999999875,0.33333332833333335,0.33333332833333335,0.1999999954000001,0.33333332833333335,0,0,0.4666666666666667,0.1999999998
3026102616_3cf350af9e.jpg,এক সাদা রঙের শার্ট পরা একজন মহিলা একটি কুকুর একটি সাদা কুকুর একটি সাদা কুকুর একটি সাদা কুকুর একটি সাদা কুকুর একটি সাদা কুকুর একটি সাদা কুকুর একটি সাদা কুকুর একটি সাদা কুকুর একটি সাদা কুকুর একটি সাদা কুকুর একটি,0.0499999999875,0.2222222219753086,0.08163265002915464,0.08163265002915464,0.04166666360243077,0.08163265002915464,0,0,0.24489795918367352,0.13333333324444444
3604384157_99241be16e.jpg,<unk> টুপি পরিহিত একজন লোক একটি <unk>,0.2857142853061225,0.1999999998,0.23529411252595167,0.23529411252595167,0.0,0.23529411252595167,0,0,0.375,0.14285714275510203
7356.png,একজন নারী হাতে একটা পুতুল নিয়ে দাঁড়িয়ে আছে।,0.49999999937499995,0.6666666655555555,0.5714285657142858,0.5714285657142858,0.0,0.5714285657142858,0,0,0.7666666666666666,0.3999999996
6390.png,একজন পুরুষ মাথায় বোঝা নিয়ে আছে।,0.49999999916666665,0.49999999916666665,0.4999999941666667,0.4999999941666667,0.19999999460000012,0.4999999941666667,0,0,0.6666666666666667,0.3333333329629629
2417341107_97dbab9c5e.jpg,এক মহিলা সমুদ্রের দিকে আসছে,0.1999999996,0.1999999996,0.19999999460000012,0.19999999460000012,0.0,0.19999999460000012,0,0,0.34782608695652173,0.1111111109876543
2928835996_88b9f9503d.jpg,একটি <unk> <unk> <unk> <unk> মানুষ আছে।,0.2857142853061225,0.24999999968749997,0.2666666613333334,0.2666666613333334,0.0,0.2666666613333334,0,0,0.3214285714285714,0.1999999998
758.png,একজন বৃদ্ধ লোক তার <unk> একটি <unk> একটি <unk> একটি <unk> একটি <unk> একটি <unk> একটি <unk> একটি <unk> একটি <unk> একটি <unk> একটি <unk> একটি <unk> একটি <unk> একটি <unk> একটি <unk> একটি <unk> একটি <unk> একটি <unk> একটি,0.099999999975,0.28571428551020406,0.14814814425240067,0.14814814425240067,0.0,0.07407407020576152,0,0,0.15189873417721522,0.1874999998828125
3039675864_0b7961844d.jpg,রাস্তার উপর কিছু মানুষ,0.0,0.0,0.0,0.0,0.0,0.0,0,0,0.19999999999999996,0.0
6487.png,কয়েকজন পুরুষ আছে।,0.0,0.0,0.0,0.0,0.0,0.0,0,0,0.23529411764705888,0.0
388.png,একজন পুরুষ কুয়াশার মাঝে সামনের দিকে তাকিয়ে আছে।,0.12499999984374999,0.0999999999,0.11111110604938293,0.11111110604938293,0.0,0.11111110604938293,0,0,0.4358974358974359,0.0624999999609375
954.png,ঘরের সামনে দুইজন নারী ও দুইটি শিশু আছে।,0.6249999992187499,0.8333333319444445,0.7142857083673471,0.7142857083673471,0.4999999943055557,0.7142857083673471,0,0,0.6296296296296297,0.5555555549382716
639.png,একটি শিশু একটি <unk>,0.0,0.0,0.0,0.0,0.0,0.0,0,0,0.21739130434782605,0.0
7015.png,একটি বানর আছে।,0.9999999966666667,0.4285714279591837,0.5999999946000001,0.5999999946000001,0.24999999562500003,0.5999999946000001,0,0,0.4347826086956522,0.5999999988
7945.png,একজন বালক একটি ঝুড়ি থেকে পানি নিচ্ছে।,0.14285714265306124,0.249999999375,0.1818181768595043,0.1818181768595043,0.0,0.1818181768595043,0,0,0.4,0.0999999999
IMG_4884.JPG,গোলাপি রঙের পোশাক পরেছে,0.0,0.0,0.0,0.0,0.0,0.0,0,0,0.38888888888888884,0.0
6422.png,নীল রঙের শার্ট ও নীল শার্ট ও নীল শার্ট ও নীল শার্ট ও নীল শার্ট ও নীল শার্ট ও নীল শার্ট ও নীল শার্ট ও নীল শার্ট ও নীল শার্ট ও নীল শার্ট ও নীল শার্ট ও নীল শার্ট ও,0.0,0.0,0.0,0.0,0.0,0.0,0,0,0.07499999999999996,0.0
1676601498_7d59327523.jpg,একটি দম্পতি পাহাড়ের নিচে নামছে,0.1999999996,0.0999999999,0.13333332871111125,0.13333332871111125,0.0,0.13333332871111125,0,0,0.2941176470588235,0.07142857137755101
3463.png,একটি নৌকায় কয়েকজন মানুষ আছে।,0.7999999984,0.6666666655555555,0.7272727209917357,0.7272727209917357,0.2222222167901236,0.7272727209917357,0,0,0.7727272727272727,0.571428570612245
516394876_8b9b8021bc.jpg,একজন লোক <unk> <unk> <unk> জন্য অপেক্ষা করছে,0.6249999992187499,0.45454545413223135,0.5263157840443214,0.5263157840443214,0.14285713765306143,0.42105262626038775,0,0,0.3125,0.24999999979166665
3103340819_46de7954a9.jpg,একজন পুরুষ বসে আছে।,0.249999999375,0.07692307686390532,0.11764705508650528,0.11764705508650528,0.0,0.11764705508650528,0,0,0.22857142857142854,0.0624999999609375
3530502404_f8c3a3f61c.jpg,একজন মোটরসাইকেল চালক একটি মোটরসাইকেলে ভেলকি করছে,0.4285714279591837,0.24999999979166665,0.31578946869806096,0.31578946869806096,0.0,0.2105263109141275,0,0,0.39583333333333337,0.1874999998828125
3530087422_7eb2b2c289.jpg,হেলমেট পরিহিত একজন লোক একটি <unk> একটি <unk> থেকে পড়ে,0.1999999998,0.16666666652777776,0.181818176694215,0.181818176694215,0.09999999495000023,0.181818176694215,0,0,0.34042553191489366,0.1111111110493827
4443.png,একটি রিক্সা ও দুইটি গাড়ি ও কয়েকজন মানুষ ও কয়েকজন মানুষ কাজ করছে।,0.07692307686390532,0.1111111109876543,0.09090908599173579,0.09090908599173579,0.0,0.09090908599173579,0,0,0.25531914893617025,0.05882352937716263
2587818583_4aa8e7b174.jpg,একটি ছেলে একটি <unk> সাথে খেলছে,0.33333333277777777,0.2222222219753086,0.2666666615111111,0.2666666615111111,0.0,0.1818181765289258,0,0,0.47619047619047616,0.16666666652777776
1215.png,একজন বৃদ্ধ লোক হাতে লাঠি হাতে লাঠি হাতে লাঠি হাতে লাঠি হাতে লাঠি হাতে লাঠি হাতে লাঠি হাতে লাঠি হাতে লাঠি হাতে লাঠি হাতে লাঠি হাতে লাঠি হাতে লাঠি হাতে লাঠি হাতে লাঠি হাতে লাঠি হাতে লাঠি হাতে লাঠি হাতে,0.0499999999875,0.09999999995,0.0666666622000003,0.0666666622000003,0.0,0.0666666622000003,0,0,0.24590163934426235,0.08695652170132324
3433259846_800a6079f0.jpg,ছোট মেয়েরা ডেকের উপর লাফাচ্ছে,0.1999999996,0.1999999996,0.19999999460000012,0.19999999460000012,0.0,0.19999999460000012,0,0,0.30434782608695654,0.1111111109876543
2428086758_bce4733f7e.jpg,একটি কুকুর দৌড়াচ্ছে,0.6666666644444444,0.2222222219753086,0.3333333290277778,0.3333333290277778,0.19999999640000002,0.3333333290277778,0,0,0.33333333333333337,0.2222222219753086
7467.png,একটি মাঠে একটি কুকুর আছে।,0.1999999996,0.1111111109876543,0.14285713806122466,0.14285713806122466,0.0,0.14285713806122466,0,0,0.25,0.09090909082644627
3690189273_927d42ff43.jpg,একজন লোক সাঁতারের পোশাক পরে আছে,0.16666666638888888,0.1999999996,0.1818181765289258,0.1818181765289258,0.0,0.1818181765289258,0,0,0.3513513513513513,0.0999999999
6198.png,একজন পুরুষ শুয়ে আছে।,0.9999999975,0.9999999975,0.9999999925,0.9999999925,0.9999999916666666,0.9999999925,1,1,1.0,0.9999999975
7575.png,দুইজন নারী নৃত্য করছে।,0.0,0.0,0.0,0.0,0.0,0.0,0,0,0.3076923076923077,0.0
5521.png,একজন পুরুষ আছে।,0.9999999966666667,0.7499999981250001,0.8571428497959185,0.8571428497959185,0.39999999360000005,0.8571428497959185,0,0,0.7333333333333334,0.7499999981250001
8302.png,একজন মানুষ দেখা যাচ্ছে।,0.49999999875,0.49999999875,0.4999999937500001,0.4999999937500001,0.33333332722222225,0.4999999937500001,0,0,0.47058823529411764,0.33333333277777777
7705.png,একটি শিশু আছে।,0.6666666644444444,0.49999999875,0.5714285648979592,0.5714285648979592,0.0,0.5714285648979592,0,0,0.5833333333333333,0.3999999992
3603116579_4a28a932e2.jpg,একজন বেসবল খেলোয়াড় বেসে দৌড়ে আসছে,0.33333333277777777,0.3999999992,0.36363635801652905,0.36363635801652905,0.2222222167901236,0.36363635801652905,0,0,0.5416666666666667,0.2222222219753086
1024138940_f1fefbdce1.jpg,দুটি কুকুর একটি সাদা এবং একটি বাদামী কুকুর খেলছে,0.3333333329629629,0.4285714279591837,0.374999994609375,0.374999994609375,0.2857142804081633,0.374999994609375,0,0,0.4375,0.2727272724793388
3004.png,একজন বৃদ্ধ নারী আছে।,0.249999999375,0.08333333326388888,0.1249999960937501,0.1249999960937501,0.0,0.1249999960937501,0,0,0.4285714285714286,0.06666666662222222
448590900_db83c42006.jpg,একটি কালো কুকুর প্রকৃতির মধ্যে দিয়ে ছবি,0.4285714279591837,0.49999999916666665,0.4615384558579882,0.4615384558579882,0.0,0.33333332791666676,0,0,0.4375,0.29999999969999996
2748729903_3c7c920c4d.jpg,পানিতে দুইজন লোক নৌকা চালিয়ে যাচ্ছেন আসছেন।,0.2857142853061225,0.2857142853061225,0.28571428030612256,0.28571428030612256,0.0,0.15384614863905344,0,0,0.3214285714285714,0.16666666652777776
3268443910_b36dbc1e5c.jpg,একজন লোক একটি ম্যাচে একজন লোক একটি ম্যাচে একজন লোক একটি বল লাথি দিচ্ছে,0.21428571413265304,0.23076923059171597,0.22222221706447198,0.22222221706447198,0.07999999494400031,0.22222221706447198,0,0,0.3584905660377359,0.1764705881314879
8888.png,একটি দোকানের ভিতর একটা দোকানের ভিতর একটা দোকানের ভিতর একটা দোকানের ভিতর একটা দোকানের ভিতর একটা দোকানের ভিতর একটা দোকানের ভিতর একটা দোকানের ভিতর একটা দোকানের ভিতর একটা দোকানের ভিতর একটা দোকানের ভিতর একটা দোকানের ভিতর একটা দোকানের ভিতর একটা,0.02499999999375,0.14285714265306124,0.04255318893617037,0.04255318893617037,0.0,0.04255318893617037,0,0,0.09302325581395354,0.0999999999
inbound334067910418498238.jpg,কয়েকজন বন্ধু মিলে সেলফি তুলছে যার মাঝে ২ জন মেয়ে আনন্দ করছে। পিছনে অনেকগুলো মানুষ আছে। পিছনে কয়েকজন পুরুষ আছে। পিছনে কয়েকজন পুরুষ আছে। পিছনে কয়েকজন পুরুষ আছে। পিছনে কয়েকজন পুরুষ আছে। পিছনে কয়েকজন পুরুষ আছে। পিছনে কয়েকজন পুরুষ আছে।,0.0,0.0,0.0,0.0,0.0,0.0,0,0,0.1049382716049383,0.0
2759.png,দুইজন পুরুষ আছে।,0.6666666644444444,0.6666666644444444,0.6666666594444445,0.6666666594444445,0.4999999925000001,0.6666666594444445,0,0,0.8181818181818181,0.49999999875
2283.png,একজন নারী দাড়িয়ে আছে।,0.49999999875,0.49999999875,0.4999999937500001,0.4999999937500001,0.33333332722222225,0.4999999937500001,0,0,0.7142857142857143,0.33333333277777777
7548.png,একটি পার্কে একটি পার্কে একটি পার্কে একটি পার্কে একটি পার্কে একটি পার্কে একটি পার্কে একটি পার্কে একটি পার্কে একটি পার্কে একটি পার্কে একটি পার্কে একটি পার্কে একটি পার্কে একটি পার্কে একটি পার্কে একটি পার্কে একটি পার্কে একটি পার্কে একটি পার্কে,0.0,0.0,0.0,0.0,0.0,0.0,0,0,0.08805031446540879,0.0
3197917064_e679a44b8e.jpg,একটি সাদা কুকুর একটি কুকুর দৌড়াচ্ছে,0.6666666655555555,0.4444444439506172,0.5333333278222222,0.5333333278222222,0.3076923024852071,0.5333333278222222,0,0,0.59375,0.4444444439506172
7285.png,একদল লোক একটি <unk> <unk> <unk> <unk> <unk> <unk> <unk> <unk> <unk> <unk> <unk> <unk> <unk> <unk> <unk> <unk> <unk> <unk> <unk> <unk> <unk> <unk> <unk> <unk> <unk> <unk> <unk> <unk> <unk> <unk> <unk> <unk> <unk> <unk> <unk> <unk> <unk>,0.0,0.0,0.0,0.0,0.0,0.0,0,0,0.07547169811320753,0.0
2512876666_9da03f9589.jpg,একজন লোক পাহাড়ের চূড়ায় দাঁড়িয়ে আছে।,0.33333333277777777,0.33333333277777777,0.3333333277777778,0.3333333277777778,0.19999999460000012,0.3333333277777778,0,0,0.45238095238095233,0.1999999998
3126773489_7ae425af17.jpg,সাদা রঙের জার্সি পরিহিত একজন মহিলা বাস্কেটবল খেলছে,0.24999999968749997,0.3999999992,0.3076923024852071,0.3076923024852071,0.0,0.3076923024852071,0,0,0.4,0.18181818165289254
1498.png,একজন বয়স্ক নারী ও একজন শারি পরা একজন মহিলা এবং পাশে বসে আছেন।,0.30769230745562126,0.49999999937499995,0.3809523758730159,0.3809523758730159,0.1052631531301941,0.3809523758730159,0,0,0.44680851063829785,0.19999999986666667
522.png,৩ জন মহিলা শারি পরা মহিলা কুলে একটি উরনা পরা।,0.1999999998,0.2222222219753086,0.21052631058171756,0.21052631058171756,0.0,0.21052631058171756,0,0,0.4545454545454546,0.06666666662222222
3254662117_b2e7dede6e.jpg,নীল রঙের জ্যাকেট এবং কালো জ্যাকেট এবং কালো জ্যাকেট এবং কালো জ্যাকেট এবং কালো জ্যাকেট এবং কালো জ্যাকেট এবং কালো জ্যাকেট এবং কালো জ্যাকেট এবং কালো জ্যাকেট এবং কালো জ্যাকেট এবং কালো জ্যাকেট এবং কালো জ্যাকেট এবং কালো জ্যাকেট এবং,0.0,0.0,0.0,0.0,0.0,0.0,0,0,0.13013698630136983,0.0
3458434150_2b0d619244.jpg,একজন লোক একটি পাথুরে চূড়ায় দাঁড়িয়ে আছে।,0.2857142853061225,0.33333333277777777,0.3076923022485208,0.3076923022485208,0.1818181765289258,0.3076923022485208,0,0,0.5769230769230769,0.18181818165289254
6329.png,একজন পুরুষ একটি শিশু নিয়ে দাড়িয়ে আছে।,0.14285714265306124,0.0999999999,0.11764705384083066,0.11764705384083066,0.0,0.11764705384083066,0,0,0.34285714285714286,0.0624999999609375
3523559027_a65619a34b.jpg,অনেকগুলো মানুষ আছে।,0.3333333322222222,0.0999999999,0.15384615005917168,0.15384615005917168,0.0,0.15384615005917168,0,0,0.375,0.09090909082644627
3232470286_903a61ea16.jpg,একটি সাদা রঙের জার্সি পরিহিত একজন লোক বল নিয়ে দৌড়াচ্ছে,0.29999999969999996,0.29999999969999996,0.29999999470000005,0.29999999470000005,0.11111110598765454,0.29999999470000005,0,0,0.40476190476190477,0.1874999998828125
7847.png,একটি রাস্তা দিয়ে এক ব্যক্তি একটি রাস্তা দিয়ে হাটছে।,0.2222222219753086,0.1999999998,0.21052631058171756,0.21052631058171756,0.11764705370242234,0.21052631058171756,0,0,0.3783783783783784,0.13333333324444444
1813597483_3f09d2a020.jpg,একটি কালো কুকুর একটি দন্ডের উপর দিয়ে লাফ দিচ্ছে,0.7777777769135802,0.5384615380473372,0.6363636309504133,0.6363636309504133,0.22222221703703712,0.5999999944500001,0,0,0.675,0.4285714282653061
2923475135_a6b6e13d26.jpg,একজন লোক একটি <unk>,0.7499999981250001,0.23076923059171597,0.35294117245674744,0.35294117245674744,0.1333333299555556,0.35294117245674744,0,0,0.33333333333333337,0.21428571413265304
4841.png,একটি প্ল্যাটফর্মে দাঁড়িয়ে আছে এবং কিছু মানুষ হেঁটে যাচ্ছে।,0.1111111109876543,0.3333333322222222,0.16666666263888896,0.16666666263888896,0.0,0.16666666263888896,0,0,0.22857142857142854,0.09090909082644627
1131340021_83f46b150a.jpg,একটি ছেলে একটি বেড়ার উপর দাঁড়িয়ে আছে,0.14285714265306124,0.08333333326388888,0.1052631531301941,0.1052631531301941,0.0,0.1052631531301941,0,0,0.43999999999999995,0.05882352937716263
3648988742_888a16f600.jpg,বেগুনি জ্যাকেট পরা মেয়েটি ক্যামেরা দিয়ে ছবি তুলছে।,0.24999999968749997,0.33333333277777777,0.2857142804081633,0.2857142804081633,0.1999999952500001,0.2727272678512397,0,0,0.4528301886792453,0.16666666652777776
IMG_20220915_165948.jpg,একজন নারী বসে আছে।,0.249999999375,0.16666666638888888,0.1999999948000001,0.1999999948000001,0.0,0.1999999948000001,0,0,0.4347826086956522,0.1111111109876543
2255332561_3375897ff0.jpg,একজন লোক একটি পাহাড়ের উপরে উঠার চেষ্টা করছে,0.37499999953124996,0.3333333329629629,0.3529411710726644,0.3529411710726644,0.2666666613333334,0.3529411710726644,0,0,0.5428571428571429,0.23076923059171597
2800934095_b84a5009dd.jpg,একটি কুকুর একটি <unk>,0.9999999975,0.4444444439506172,0.6153846101775148,0.6153846101775148,0.24999999468750006,0.4615384565680474,0,0,0.4285714285714286,0.37499999953124996
2502079538_10ef2e976b.jpg,দুই বাচ্চা উটের উপর বসে আছে,0.33333333277777777,0.16666666652777776,0.22222221753086427,0.22222221753086427,0.0,0.22222221753086427,0,0,0.3023255813953488,0.13333333324444444
337.png,শাড়ি পরে বসে আছে লোক বসে আছে ও একজন নারী বসে আছে।,0.3333333330555555,0.28571428551020406,0.30769230248520707,0.30769230248520707,0.0833333282986114,0.23076922562130187,0,0,0.4509803921568627,0.2222222220987654
892340814_bdd61e10a4.jpg,একজন লোক শিলা পর্বতে উঠছেন।,0.3999999992,0.2222222219753086,0.2857142807142858,0.2857142807142858,0.16666666194444454,0.2857142807142858,0,0,0.34615384615384615,0.16666666652777776
7601.png,এটি একটি রাস্তা।,0.3333333322222222,0.0624999999609375,0.10526315512465378,0.10526315512465378,0.0,0.10526315512465378,0,0,0.13207547169811318,0.0624999999609375
5360.png,একটি নৌকায় কয়েকজন মানুষ আছে।,0.1999999996,0.16666666638888888,0.1818181765289258,0.1818181765289258,0.0,0.1818181765289258,0,0,0.375,0.0999999999
1634.png,কয়েকজন মানুষ আছে।,0.9999999966666667,0.29999999969999996,0.46153845727810655,0.46153845727810655,0.1818181785123967,0.46153845727810655,0,0,0.29268292682926833,0.37499999953124996
7455.png,একটি ছোট ছেলে একটি বিশাল গাছ এবং একটি বড় গাছ এবং একটি বড় গাছ এবং একটি বড় গাছ এবং একটি বড় গাছ এবং একটি বড় গাছ এবং একটি বড় গাছ এবং একটি বড় গাছ এবং একটি বড় গাছ এবং একটি,0.02499999999375,0.06666666662222222,0.036363632383471504,0.036363632383471504,0.0,0.036363632383471504,0,0,0.20610687022900764,0.05263157891966759
130151401.jpg,একজন পুরুষ বাদ্যযন্ত্র বাজাচ্ছে।,0.49999999875,0.2857142853061225,0.36363635834710756,0.36363635834710756,0.0,0.36363635834710756,0,0,0.3666666666666667,0.2222222219753086
9146.png,একজন মানুষ দেখা যাচ্ছে।,0.49999999875,0.33333333277777777,0.3999999944,0.3999999944,0.24999999468750006,0.3999999944,0,0,0.4545454545454546,0.24999999968749997
5914.png,একটি শিশু মাথায় করে নিয়ে দাড়িয়ে আছে।,0.2857142853061225,0.1999999998,0.23529411252595167,0.23529411252595167,0.0,0.1999999954000001,0,0,0.4571428571428572,0.13333333324444444
244870123_dcb6e53643.jpg,একটি বড় বাদামি রঙের একটি বাদামী কুকুর নিজের পেছনে একটি বাদামী কুকুর খেলছে,0.23076923059171597,0.24999999979166665,0.23999999481600012,0.23999999481600012,0.0,0.23999999481600012,0,0,0.36,0.16666666657407406
3640.png,রাস্তা দিয়ে সাইকেল চালিয়ে যাচ্ছে ৬ জন পুরুষ ভ্যান চালাচ্ছে।,0.29999999969999996,0.5999999988,0.39999999502222217,0.39999999502222217,0.22222221697530875,0.3999999946000001,0,0,0.32432432432432434,0.24999999984375
1427.png,বাইরের একটি দালানের বাইরের <unk> বাইরের <unk> বাইরের <unk> বাইরের <unk> একটি ভবনে প্রবেশ করছে,0.0,0.0,0.0,0.0,0.0,0.0,0,0,0.2272727272727273,0.0
4753.png,কয়েকজন মানুষ আছে।,0.3333333322222222,0.12499999984374999,0.18181817752066123,0.18181817752066123,0.0,0.18181817752066123,0,0,0.2222222222222222,0.0999999999
2073105823_6dacade004.jpg,একটি ছেলে একটি সিমেন্টের সিঁড়ি বেয়ে উপরে দাঁড়িয়ে আছে।,0.3333333329629629,0.29999999969999996,0.31578946836565097,0.31578946836565097,0.0,0.31578946836565097,0,0,0.4666666666666667,0.14285714275510203
3728695560_00ec1ca492.jpg,একটি শিশু বসে আছে।,0.49999999875,0.2222222219753086,0.3076923029585799,0.3076923029585799,0.14285713928571436,0.3076923029585799,0,0,0.2941176470588235,0.1999999998
6077.png,একজন ছোট ছেলে মাথা রেখে বসে আছে।,0.2857142853061225,0.2857142853061225,0.28571428030612256,0.28571428030612256,0.0,0.28571428030612256,0,0,0.5,0.16666666652777776
539750844_02a07ec524.jpg,একটি কুকুর একটি বল নিয়ে একটি কুকুর একটি বল নিয়ে একটি কুকুর একটি বল নিয়ে একটি কুকুর একটি বল নিয়ে একটি কুকুর একটি বল নিয়ে একটি কুকুর একটি বল নিয়ে একটি কুকুর একটি বল নিয়ে একটি কুকুর একটি বল নিয়ে,0.099999999975,0.571428570612245,0.17021276334993213,0.17021276334993213,0.08888888653827165,0.17021276334993213,0,0,0.2517482517482518,0.4285714279591837
2510197716_fddca0ac75.jpg,একজন লোক একটি সুইং সিটে অনুশীলন করছে,0.14285714265306124,0.3333333322222222,0.1999999954000001,0.1999999954000001,0.0,0.1999999954000001,0,0,0.34285714285714286,0.1111111109876543
1645.png,পাঁচজন পুরুষ মানুষ খাবার খাচ্ছে।,0.3999999992,0.2857142853061225,0.33333332791666676,0.33333332791666676,0.0,0.33333332791666676,0,0,0.37037037037037035,0.2222222219753086
1433142189_cda8652603.jpg,দুই বালিকা কোমরে হাত দিয়ে হেঁটে যাচ্ছে,0.14285714265306124,0.14285714265306124,0.14285713765306143,0.14285713765306143,0.0,0.14285713765306143,0,0,0.3846153846153846,0.07692307686390532
6761.png,সূর্যাস্তের সময় একজন লোক ননদীর পাড়ে একটি শিশু দাড়িয়ে আছে একজন পুরুষ এবং একটি শিশু আছে।,0.124999999921875,0.49999999875,0.1999999966,0.1999999966,0.1111111082098766,0.1999999966,0,0,0.25806451612903225,0.13333333324444444
150.png,দু'জন লোক একটি অন্ধকার জানালা দিয়ে হাঁটছেন চার যুবক একটি <unk>,0.18181818165289254,0.2857142853061225,0.22222221722222232,0.22222221722222232,0.0,0.22222221722222232,0,0,0.2790697674418605,0.06666666662222222
1187593464_ce862352c6.jpg,একটি কুকুর ঝোপের মধ্য দিয়ে দৌড়াচ্ছে,0.49999999916666665,0.37499999953124996,0.4285714230612245,0.4285714230612245,0.1818181765289258,0.4285714230612245,0,0,0.6956521739130435,0.2727272724793388
3180806542_49b6de312d.jpg,একজন লোক একটি বাতাসে উড়ছে,0.1999999996,0.1999999996,0.19999999460000012,0.19999999460000012,0.0,0.19999999460000012,0,0,0.35,0.12499999984374999
2446601467_a35841cb1d.jpg,একটি শিশু কান্না করছে,0.49999999875,0.24999999968749997,0.33333332833333335,0.33333332833333335,0.18181817752066123,0.33333332833333335,0,0,0.4375,0.1999999998
6929.png,একজন পুরুষ দুইটি গরু নিয়ে যাচ্ছে আর পাশে দুইটি গরু নিয়ে যাচ্ছে ও গরু নিয়ে যাচ্ছে ও গরু নিয়ে যাচ্ছে ও গরু নিয়ে যাচ্ছে ও গরু নিয়ে যাচ্ছে ও গরু নিয়ে যাচ্ছে ও গরু নিয়ে যাচ্ছে ও গরু নিয়ে যাচ্ছে,0.07499999998125,0.2727272724793388,0.11764705539407928,0.11764705539407928,0.043478258270321514,0.11764705539407928,0,0,0.2063492063492064,0.1764705881314879
8172.png,একটি নৌকায় দাড়িয়ে একটি শিশু আছে।,0.16666666638888888,0.3333333322222222,0.2222222172839507,0.2222222172839507,0.0,0.2222222172839507,0,0,0.33333333333333337,0.14285714265306124
3514297698_0512623955.jpg,একটি কুকুর জলের মধ্যে একটি লাঠি নিয়ে পানিতে একটি লাঠি নিয়ে পানিতে একটি লাঠি নিয়ে জলের মধ্য দিয়ে একটি লাঠি নিয়ে পানিতে একটি লাঠি নিয়ে জলের মধ্য দিয়ে একটি লাঠি নিয়ে পানিতে একটি লাঠি নিয়ে জলের মধ্য দিয়ে একটি লাঠি,0.07499999998125,0.37499999953124996,0.12499999717013895,0.12499999717013895,0.04444444211358036,0.12499999717013895,0,0,0.2056737588652482,0.1764705881314879
3431860810_44277cd360.jpg,একটি কুকুর পানিতে খেলে,0.7499999981250001,0.2727272724793388,0.3999999955555556,0.3999999955555556,0.15384615005917168,0.3999999955555556,0,0,0.2790697674418605,0.24999999979166665
8860.png,কয়েকটি নৌকা ও কয়েকজন মানুষ আছে।,0.16666666638888888,0.09090909082644627,0.11764705411764723,0.11764705411764723,0.0,0.11764705411764723,0,0,0.3414634146341463,0.0624999999609375
442918418_0f29c97fa9.jpg,একটি কুকুর বনের মাঝে <unk> জঙ্গলের মধ্যে দিয়ে যাচ্ছে,0.4444444439506172,0.9999999975,0.6153846101775148,0.6153846101775148,0.18181817752066123,0.4166666616319445,0,0,0.4,0.4444444439506172
8112.png,একজন পুরুষ আছে।,0.3333333322222222,0.14285714265306124,0.1999999954000001,0.1999999954000001,0.0,0.1999999954000001,0,0,0.36,0.1111111109876543
1654.png,৪ জন মহিলা ৩ জন কালো কোর্ট পরে আছে।,0.2222222219753086,0.14285714275510203,0.17391303856332715,0.17391303856332715,0.09523809043083924,0.17391303856332715,0,0,0.4516129032258065,0.09999999995
1469.png,একটি শিশু বই পড়ছে।,0.249999999375,0.249999999375,0.2499999943750001,0.2499999943750001,0.0,0.2499999943750001,0,0,0.4,0.14285714265306124
2953.png,একজন পুরুষ হেঁটে যাচ্ছে।,0.49999999875,0.2222222219753086,0.3076923029585799,0.3076923029585799,0.18181817752066123,0.3076923029585799,0,0,0.37037037037037035,0.18181818165289254
1378557186.jpg,একজন লোক বন্দুক তাক করে গুলি করার জন্য নিচু হয়ে আছে।,0.2727272724793388,0.29999999969999996,0.28571428045351477,0.28571428045351477,0.10526315279778417,0.22222221722222232,0,0,0.3846153846153846,0.1764705881314879
3258472448_75cfab5e6f.jpg,একটি <unk> একটি বৃহত ভিড় একটি চাইনিজ রেস্টুরেন্টের বাইরে একটি চাইনিজ রেস্টুরেন্টের বাইরে একটি চাইনিজ রেস্টুরেন্টের বাইরে একটি চাইনিজ রেস্টুরেন্টের বাইরে একটি চাইনিজ রেস্টুরেন্টের বাইরে একটি চাইনিজ রেস্টুরেন্টের বাইরে একটি চাইনিজ রেস্টুরেন্টের বাইরে একটি চাইনিজ রেস্টুরেন্টের বাইরে একটি চাইনিজ রেস্টুরেন্টের,0.0,0.0,0.0,0.0,0.0,0.0,0,0,0.16256157635467983,0.0
2620113705_a8fa89b8f6.jpg,দুটি কুকুর বনের মধ্যে দিয়ে ছুটে চলেছে।,0.14285714265306124,0.1999999996,0.16666666152777793,0.16666666152777793,0.0,0.16666666152777793,0,0,0.375,0.09090909082644627
6604.png,তিনটি শিশু আছে।,0.6666666644444444,0.6666666644444444,0.6666666594444445,0.6666666594444445,0.4999999925000001,0.6666666594444445,0,0,0.7777777777777778,0.49999999875
7477.png,একজন পুরুষ মাথা কাপড় পরে আছে।,0.49999999916666665,0.37499999953124996,0.4285714230612245,0.4285714230612245,0.0,0.4285714230612245,0,0,0.5806451612903225,0.2727272724793388
1527.png,একটি শিশু হাতে ফুল দিচ্ছে।,0.1999999996,0.12499999984374999,0.15384614887573977,0.15384614887573977,0.0,0.15384614887573977,0,0,0.3076923076923077,0.09090909082644627
957230475_48f4285ffe.jpg,একটি শিশু একজন বাচ্চা মুখে হাত বাড়িয়ে ঘুড়ি <unk> <unk> <unk> <unk> <unk> <unk> <unk> <unk> <unk> <unk> <unk> <unk> <unk> <unk> <unk> <unk> <unk> <unk> <unk> <unk> <unk> <unk> <unk> <unk> <unk> <unk> <unk> একটি শিশু তাকিয়ে আছে।,0.07692307690335305,0.19999999986666667,0.11111110705761332,0.11111110705761332,0.042553188374830464,0.08163264977925878,0,0,0.17333333333333334,0.10526315783933518
5817.png,পানির উপর একজন পুরুষ লঞ্ছ উঠা পানিতে গোসল করছে এবং হেটে যাচ্ছে এবং হেটে যাচ্ছে এবং হেটে যাচ্ছে এবং হেটে যাচ্ছে এবং হেটে যাচ্ছে এবং হেটে যাচ্ছে এবং হেটে যাচ্ছে এবং হেটে যাচ্ছে এবং হেটে যাচ্ছে এবং হেটে যাচ্ছে এবং,0.02499999999375,0.08333333326388888,0.03846153489645003,0.03846153489645003,0.0,0.03846153489645003,0,0,0.1811594202898551,0.04347826085066162
8499.png,একজন লোক একটি কাঠের অবয়ব থেকে লাফ দিচ্ছে।,0.24999999968749997,0.1999999998,0.22222221703703712,0.22222221703703712,0.12499999492187522,0.22222221703703712,0,0,0.4473684210526315,0.124999999921875
496129405_b9feeda1ab.jpg,একটি কালো কুকুর ঘাসে শুয়ে থাকা একটি কালো কুকুর,0.2222222219753086,0.49999999875,0.3076923029585799,0.3076923029585799,0.18181817752066123,0.3076923029585799,0,0,0.4,0.24999999968749997
1566117559_f5d98fbeb0.jpg,একটি সাদা কুকুর একটি লাঠি ধরে আছে,0.4285714279591837,0.5999999988,0.4999999943055557,0.4999999943055557,0.1818181765289258,0.4999999943055557,0,0,0.5217391304347826,0.37499999953124996
3132832452_c354c6396c.jpg,একটি কক্ষে একদল লোক একটি টেবিলের চারপাশে জড়ো হয়েছিল,0.3333333329629629,0.29999999969999996,0.31578946836565097,0.31578946836565097,0.11764705370242234,0.31578946836565097,0,0,0.37254901960784315,0.13333333324444444
IMG_20220921_124946.jpg,একজন পুরুষ হাতে ক্যামেরা নিয়ে দাড়িয়ে ছবি তুলছে,0.24999999968749997,0.6666666644444444,0.36363635900826446,0.36363635900826446,0.0,0.36363635900826446,0,0,0.4,0.2222222219753086
3139.png,একজন লোক পানির ছিটা দ্বারা মেশিন দিয়ে পানির <unk>,0.0,0.0,0.0,0.0,0.0,0.0,0,0,0.3055555555555556,0.0
285586547_c81f8905a1.jpg,মোটরসাইকেলের একটি মোটরসাইকেল <unk> মোটরসাইকেলে করে,0.16666666638888888,0.12499999984374999,0.1428571377551022,0.1428571377551022,0.0,0.1428571377551022,0,0,0.4,0.07692307686390532
2056.png,একটা মেয়ে বসে আছে,0.49999999875,0.10526315783933518,0.17391304045368622,0.17391304045368622,0.0,0.17391304045368622,0,0,0.33333333333333337,0.09999999995
1394396709_65040d97ab.jpg,একটি কুকুর পানিতে সাঁতার কাটছে।,0.5999999988,0.2727272724793388,0.374999995234375,0.374999995234375,0.1818181768595043,0.374999995234375,0,0,0.5,0.24999999979166665
IMG_2762.JPG,চশমা পরিহিত একজন পুরুষ চশমা নিয়ে বসে আছে,0.12499999984374999,0.249999999375,0.16666666194444454,0.16666666194444454,0.0,0.16666666194444454,0,0,0.30000000000000004,0.0999999999
143.png,একজন মানুষ একটি রেল লাইন এর কাছে রেলের দিকে তাকিয়ে আছে,0.3636363633057851,0.49999999937499995,0.42105262626038775,0.42105262626038775,0.11764705384083066,0.21052631069252087,0,0,0.3389830508474576,0.26666666648888887
2634.png,কয়েকজন মানুষ হেঁটে যাচ্ছে।,0.0,0.0,0.0,0.0,0.0,0.0,0,0,0.20833333333333337,0.0
7850.png,একটি লোক সৈকতে পানির দিকে যাচ্ছে,0.0,0.0,0.0,0.0,0.0,0.0,0,0,0.3846153846153846,0.0
_MG_1961.JPG,হলুদ রঙের বগি পিছনে দেখা যাচ্ছে,0.8333333319444445,0.9999999980000001,0.909090902479339,0.909090902479339,0.6666666602469137,0.909090902479339,0,0,0.8095238095238095,0.8333333319444445
2831656774_36982aafdb.jpg,একটি সাদা কুকুর একটি বলকে ধরার জন্য লাফ দিচ্ছে,0.4444444439506172,0.49999999937499995,0.4705882297577854,0.4705882297577854,0.0,0.3529411710726644,0,0,0.48484848484848486,0.24999999979166665
145721496_687af9bb18.jpg,একটি <unk> কাছে একটি সুন্দর লেকের পানিতে নামছে,0.37499999953124996,0.21428571413265304,0.2727272678512397,0.2727272678512397,0.0,0.2727272678512397,0,0,0.3939393939393939,0.1111111110493827
3315726723_64c9b0a945.jpg,একটি লাল রঙের একটি ছোট ছেলে একটি ফুটবল খেলছে,0.1111111109876543,0.249999999375,0.15384614934911253,0.15384614934911253,0.0,0.15384614934911253,0,0,0.30000000000000004,0.0999999999
2984.png,কয়েকজন মানুষ আছে।,0.6666666644444444,0.49999999875,0.5714285648979592,0.5714285648979592,0.39999999360000005,0.5714285648979592,0,0,0.6875,0.3999999992
150582765_bad8dec237.jpg,একজন মহিলা তার ক্যামেরা দিয়ে ছবি তুলছে,0.571428570612245,0.571428570612245,0.5714285656122451,0.5714285656122451,0.3333333277777778,0.5714285656122451,0,0,0.42307692307692313,0.3999999996
2826647354_650ff5eb03.jpg,একটি শিশু একটি <unk> চড়ছে ।,0.16666666638888888,0.1999999996,0.1818181765289258,0.1818181765289258,0.0,0.1818181765289258,0,0,0.42105263157894735,0.1111111109876543
7512.png,তিনজন মানুষ আছে।,0.3333333322222222,0.249999999375,0.28571428000000004,0.28571428000000004,0.0,0.28571428000000004,0,0,0.3571428571428571,0.16666666638888888
2534194182_ac53035cf4.jpg,একটি <unk> দল জমকালো মাঠে অনেক আর্মি সদস্য শহীদ মাঠ পাড় হচ্ছে।,0.16666666652777776,0.2857142853061225,0.2105263109141275,0.2105263109141275,0.0,0.2105263109141275,0,0,0.33333333333333337,0.11764705875432525
7332.png,একজন পুরুষ কাজ করছে।,0.49999999875,0.3999999992,0.4444444385185186,0.4444444385185186,0.28571428000000004,0.4444444385185186,0,0,0.5263157894736843,0.2857142853061225
1295669416_21cabf594d.jpg,একটি দম্পতি একটি কংক্রিটের দেয়ালে ঠেস দিয়ে খেলছে,0.24999999968749997,0.13333333324444444,0.17391303879017025,0.17391303879017025,0.0,0.17391303879017025,0,0,0.4042553191489362,0.09999999995
1685463722_55843b6d3c.jpg,একটি মেয়ে রাস্তায় বাইক নিয়ে রাস্তায় চলছে,0.2857142853061225,0.1999999998,0.23529411252595167,0.23529411252595167,0.0,0.23529411252595167,0,0,0.5357142857142857,0.13333333324444444
633.png,একজন পুরুষ দাড়িয়ে আছে।,0.7499999981250001,0.49999999916666665,0.5999999940000001,0.5999999940000001,0.49999999406250006,0.5999999940000001,0,0,0.5384615384615384,0.4285714279591837
2872.png,একটি নৌকায় কয়েকজন মানুষ আছে।,0.1999999996,0.3333333322222222,0.24999999468750006,0.24999999468750006,0.0,0.24999999468750006,0,0,0.4,0.14285714265306124
3594029059_cee1f4c59a.jpg,একটি রাজহাঁস জলের কাছাকাছি,0.49999999875,0.3999999992,0.4444444385185186,0.4444444385185186,0.0,0.4444444385185186,0,0,0.5,0.2857142853061225
222.png,একজন পুরুষ আছে।,0.3333333322222222,0.0999999999,0.15384615005917168,0.15384615005917168,0.0,0.15384615005917168,0,0,0.21212121212121215,0.09090909082644627
4586.png,একটি ছেলে হাতে একটি সাইকেল চালাচ্ছে।,0.16666666638888888,0.16666666638888888,0.16666666138888903,0.16666666138888903,0.0,0.16666666138888903,0,0,0.26086956521739135,0.0999999999
3801.png,একজন পুরুষ পাশাপাশি দাড়িয়ে আছে।,0.5999999988,0.7499999981250001,0.6666666602469137,0.6666666602469137,0.0,0.4444444385185186,0,0,0.30000000000000004,0.49999999916666665
4888.png,অনেকগুলো খাবার আছে।,0.3333333322222222,0.1999999996,0.24999999468750006,0.24999999468750006,0.0,0.24999999468750006,0,0,0.2941176470588235,0.14285714265306124
618292739_0fdc2ccab0.jpg,একটি উজ্জ্বল লাল জ্যাকেট পরা একজন মহিলা তার কাঁধে ব্যাগ নিয়ে দাঁড়িয়ে আছে,0.30769230745562126,0.21052631567867036,0.24999999501953135,0.24999999501953135,0.0,0.18749999505859388,0,0,0.34693877551020413,0.14285714280612244
4774.png,এটি একটি মাঠে পতাকা দেখা যাচ্ছে।,0.16666666638888888,0.14285714265306124,0.15384614863905344,0.15384614863905344,0.0,0.15384614863905344,0,0,0.25,0.09090909082644627
7644.png,একজন পুরুষ মাথায় কলশী নিয়ে হেঁটে যাচ্ছে।,0.2857142853061225,0.2222222219753086,0.24999999476562512,0.24999999476562512,0.11111110654321005,0.24999999476562512,0,0,0.4722222222222222,0.14285714275510203
480505313_2dc686e5db.jpg,একজন লোক একটি ঝর্নার সামনে দাঁড়িয়ে আছে,0.4285714279591837,0.24999999979166665,0.31578946869806096,0.31578946869806096,0.15384614863905344,0.31578946869806096,0,0,0.44680851063829785,0.19999999986666667
3430526230_234b3550f6.jpg,একটি কালো কুকুর একটি মাঠে দৌড়াচ্ছে,0.33333333277777777,0.1999999998,0.24999999500000003,0.24999999500000003,0.0,0.24999999500000003,0,0,0.4545454545454546,0.15384615372781063
4686.png,কয়েকজন বন্ধু একসাথে পানিতে গোছল করছে।,0.6666666655555555,0.6666666655555555,0.6666666605555556,0.6666666605555556,0.19999999460000012,0.4999999941666667,0,0,0.5384615384615384,0.49999999937499995
2573.png,একটি মাঠে কয়েকজন মানুষ আছে।,0.3999999992,0.24999999968749997,0.3076923024852071,0.3076923024852071,0.0,0.3076923024852071,0,0,0.37037037037037035,0.18181818165289254
3759.png,তিনজন পুরুষ পাশাপাশি দাড়িয়ে আছে।,0.5999999988,0.37499999953124996,0.46153845609467453,0.46153845609467453,0.0,0.3076923024852071,0,0,0.36363636363636365,0.3333333329629629
2211.png,একজন পুরুষ আছে।,0.0,0.0,0.0,0.0,0.0,0.0,0,0,0.26086956521739135,0.0
347282286_168299646194618_7963948990199803197_n.jpg,একজন পুরুষ একটি রাস্তা দিয়ে হেঁটে যাচ্ছে।,0.14285714265306124,0.14285714265306124,0.14285713765306143,0.14285713765306143,0.0,0.14285713765306143,0,0,0.3846153846153846,0.07692307686390532
3123526484_02952e40fc.jpg,একজন পুরুষ এবং পিছনে কিছু মানুষ দাঁড়িয়ে আছে,0.37499999953124996,0.29999999969999996,0.3333333280246914,0.3333333280246914,0.1818181768595043,0.3333333280246914,0,0,0.5,0.21428571413265304
485921585_1974b1577a.jpg,একজন লোক তার সাইকেল দিয়ে বাতাসে লাফিয়ে কসরত দেখাচ্ছেন,0.3333333329629629,0.24999999979166665,0.28571428054421777,0.28571428054421777,0.10526315290858747,0.28571428054421777,0,0,0.3829787234042553,0.16666666657407406
20201222_134232.jpg,একটি ছেলে মুজিবনগর চমপ্লেক্স এর সামনে দাড়িয়ে আছে।,0.0,0.0,0.0,0.0,0.0,0.0,0,0,0.38235294117647056,0.0
487074671_66db20bf47.jpg,একজন লোক একটি ধাতব <unk> উপর বসে আছে।,0.37499999953124996,0.4285714279591837,0.3999999944888889,0.3999999944888889,0.3076923022485208,0.3999999944888889,0,0,0.5172413793103448,0.24999999979166665
3638992163_a085cc0c24.jpg,একটি কুকুর বেগুনি সাদা মেরুর উপর দিয়ে দৌড়াচ্ছে,0.37499999953124996,0.24999999979166665,0.2999999949,0.2999999949,0.14285713765306143,0.24999999468750006,0,0,0.5333333333333333,0.1874999998828125
3423802527_94bd2b23b0.jpg,লাল রঙের পরিপাটি পোশাক পরিহিত একজন লোক দর্শকদের সামনে দাঁড়িয়ে আছে,0.18181818165289254,0.24999999968749997,0.21052631069252087,0.21052631069252087,0.11764705384083066,0.21052631069252087,0,0,0.3695652173913043,0.11764705875432525
7437.png,একজন পুরুষ একটি কবুতর।,0.7499999981250001,0.4285714279591837,0.5454545398347109,0.5454545398347109,0.2222222172839507,0.5454545398347109,0,0,0.52,0.4285714279591837
8733.png,একটি দরজা দেখা যাচ্ছে,0.49999999875,0.18181818165289254,0.26666666240000003,0.26666666240000003,0.15384615005917168,0.26666666240000003,0,0,0.4545454545454546,0.16666666652777776
2764178773_d63b502812.jpg,একজন লোক পাহাড়ে সাইকেল নিয়ে লাফ দিলো,0.571428570612245,0.571428570612245,0.5714285656122451,0.5714285656122451,0.3333333277777778,0.5714285656122451,0,0,0.6785714285714286,0.3999999996
9151.png,চারটি মেয়ে শাড়ি পরে নৌকা চালাচ্ছে যাদের পিছনে পাহাড় দেখছেন।,0.1999999998,0.24999999968749997,0.22222221703703712,0.22222221703703712,0.0,0.22222221703703712,0,0,0.2432432432432432,0.124999999921875
2281.png,একজন মহিলা এবং একজন কালো চুল এবং মুখের চারপাশে হাত রেখে আছে।,0.16666666652777776,0.24999999968749997,0.1999999950000001,0.1999999950000001,0.0,0.1999999950000001,0,0,0.39534883720930236,0.13333333324444444
2310233145_910cb5b4c8.jpg,একটি শিশু আছে।,0.6666666644444444,0.18181818165289254,0.2857142819387755,0.2857142819387755,0.16666666361111113,0.2857142819387755,0,0,0.18181818181818177,0.16666666652777776
3162045919_c2decbb69b.jpg,একজন লোক উত্তাল ঢেউয়ের উপর দিয়ে একটি বিশাল ঢেউয়ের মধ্যে এগিয়ে যাচ্ছে,0.24999999979166665,0.29999999969999996,0.2727272675206612,0.2727272675206612,0.09999999495000023,0.2727272675206612,0,0,0.34693877551020413,0.16666666657407406
3198962089_e647d1b0cd.jpg,একটি ভ্রাম্যমাণ আনন্দমেলায় দুইজন লোক একটি বরফ দ্বারা বরফ পড়ছে।,0.1999999998,0.2222222219753086,0.21052631058171756,0.21052631058171756,0.0,0.21052631058171756,0,0,0.32608695652173914,0.13333333324444444
3472364264_dbde5a8d0a.jpg,একটি কালো কুকুর সমুদ্রের ধারে সৈকতে জলের ধারে সৈকতে জলের ধারে সৈকতে জলের ধারে সৈকতে জলের ধারে সৈকতে জলের ধারে সৈকতে জলের ধারে সৈকতে জলের ধারে সৈকতে জলের ধারে সৈকতে জলের ধারে সৈকতে জলের ধারে সৈকতে জলের ধারে সৈকতে জলের,0.07499999998125,0.7499999981250001,0.13636363464876033,0.13636363464876033,0.0,0.13636363464876033,0,0,0.21621621621621623,0.37499999953124996
2929006980_9f9f8f3d21.jpg,একটি ছোট ছেলে ঘাসের উপর বসে আছে।,0.2857142853061225,0.2222222219753086,0.24999999476562512,0.24999999476562512,0.0,0.24999999476562512,0,0,0.4242424242424242,0.14285714275510203
574274795_57e0834e7d.jpg,একজন মানুষ একটি কালো রঙের একটি পাখি উড়ছে।,0.49999999937499995,0.3636363633057851,0.42105262626038775,0.42105262626038775,0.23529411252595167,0.31578946847645434,0,0,0.4411764705882353,0.21428571413265304
1616.png,সামনে একজন পুরুষ আর্মি দাড়িয়ে আছে।,0.49999999916666665,0.4285714279591837,0.4615384558579882,0.4615384558579882,0.1818181765289258,0.4615384558579882,0,0,0.5172413793103448,0.29999999969999996
7567.png,একটি শিশু আছে।,0.6666666644444444,0.24999999968749997,0.36363635900826446,0.36363635900826446,0.0,0.36363635900826446,0,0,0.22580645161290325,0.24999999968749997
6510.png,একজন পুরুষ একটি পাখি দেখা যাচ্ছে।,0.33333333277777777,0.49999999875,0.3999999944,0.3999999944,0.24999999468750006,0.3999999944,0,0,0.5,0.24999999968749997
252504549_135b0db5a3.jpg,একটি কুকুর একটি গলফ বল নিয়ে বালিতে দৌড়াচ্ছে,0.49999999937499995,0.571428570612245,0.5333333276444445,0.5333333276444445,0.24999999476562512,0.49999999437500003,0,0,0.6388888888888888,0.3999999996
2676937700_456134c7b5.jpg,একটি পাথুরে <unk> দাঁড়িয়ে থাকা পাঁচজন লোক দাঁড়িয়ে আছে,0.2222222219753086,0.1999999998,0.21052631058171756,0.21052631058171756,0.0,0.13333332835555572,0,0,0.33333333333333337,0.124999999921875
9062.png,দূরে একজন লোক বসে আছে ২ জন পুরুষ ১ জন পুরুষ ১ জন পুরুষ ১ জন পুরুষ ১ জন পুরুষ ১ জন পুরুষ ১ জন পুরুষ ১ জন পুরুষ ১ জন পুরুষ ১ জন পুরুষ ১ জন পুরুষ ১ জন,0.0499999999875,0.1999999998,0.07999999676800014,0.07999999676800014,0.0,0.07999999676800014,0,0,0.15000000000000002,0.11764705875432525
1693.png,একজন নারী বসে ভিক্ষা করছে,0.3999999992,0.2222222219753086,0.2857142807142858,0.2857142807142858,0.0,0.2857142807142858,0,0,0.3035714285714286,0.16666666652777776
6791.png,একটি নৌকায় কয়েকজন মানুষ আছে।,0.7999999984,0.3999999996,0.5333333281777778,0.5333333281777778,0.3076923029585799,0.5333333281777778,0,0,0.4871794871794872,0.4444444439506172
2089542487_b4c1ee7025.jpg,পাহাড়ি রাস্তায় এক ব্যক্তি এবং একজন লোক রোলারব্লেডিং করছে,0.3333333329629629,0.3333333329629629,0.333333327962963,0.333333327962963,0.12499999484375018,0.333333327962963,0,0,0.3157894736842105,0.19999999986666667
6763.png,একটি শিশু আছে।,0.3333333322222222,0.0999999999,0.15384615005917168,0.15384615005917168,0.0,0.15384615005917168,0,0,0.18918918918918914,0.09090909082644627
3320411267_df70b90501.jpg,একজন লোক একটি কাঠের টুকরোয় বসে আছে,0.2857142853061225,0.33333333277777777,0.3076923022485208,0.3076923022485208,0.0,0.3076923022485208,0,0,0.3793103448275862,0.18181818165289254
2623982903_58ec7c5026.jpg,কুকুরের দৌড় প্রতিযোগিতা অনুষ্ঠিত হচ্ছে,0.9999999980000001,0.9999999980000001,0.9999999930000001,0.9999999930000001,0.9999999925,0.9999999930000001,1,1,1.0,0.9999999980000001
5482.png,একটি দোকানের পাশ দিয়ে একজন পুরুষ হেঁটে যাচ্ছে।,0.12499999984374999,0.249999999375,0.16666666194444454,0.16666666194444454,0.0,0.16666666194444454,0,0,0.30000000000000004,0.09090909082644627
9123.png,জলাশয়ের চারপাশে গাছ আছে।,0.0,0.0,0.0,0.0,0.0,0.0,0,0,0.20833333333333337,0.0
3728164558_52729baefa.jpg,দু'জন লোক একটি দালানের সামনে দাঁড়িয়ে আছে।,0.571428570612245,0.3636363633057851,0.4444444391975309,0.4444444391975309,0.24999999500000003,0.4444444391975309,0,0,0.5769230769230769,0.28571428551020406
2272.png,একজন পুরুষ ও একজন নারী পাশাপাশি বসে আছে।,0.37499999953124996,0.3333333329629629,0.3529411710726644,0.3529411710726644,0.13333332817777796,0.3529411710726644,0,0,0.43333333333333335,0.24999999979166665
2813033949_e19fa08805.jpg,একটি কালো কুকুর একটি কালো কুকুর দৌড়াচ্ছে,0.4285714279591837,0.3333333329629629,0.374999994609375,0.374999994609375,0.1428571377551022,0.374999994609375,0,0,0.5,0.29999999969999996
Football_in_the_village_of_Bangladesh.jpg,কয়েকজন ছেলে ছেলে মাঠে খেলছে।,0.1999999996,0.3333333322222222,0.24999999468750006,0.24999999468750006,0.0,0.24999999468750006,0,0,0.38888888888888884,0.16666666638888888
2795.png,একজন পুরুষ দাড়িয়ে আছে ১ জন পুরুষ বসে আছে একজন পুরুষ বসে আছে একজন পুরুষ বসে আছে একজন পুরুষ বসে আছে একজন পুরুষ বসে আছে একজন পুরুষ বসে আছে একজন পুরুষ বসে আছে একজন পুরুষ বসে আছে একজন পুরুষ বসে,0.099999999975,0.26666666648888887,0.14545454143471084,0.14545454143471084,0.11320754323958716,0.14545454143471084,0,0,0.24489795918367352,0.24999999979166665
2968.png,একজন পুরুষ ধূমপান করছে।,0.49999999875,0.6666666644444444,0.5714285648979592,0.5714285648979592,0.39999999360000005,0.5714285648979592,0,0,0.5882352941176471,0.3999999992
1399.png,একজন বৃদ্ধ নারী বসে আছে।,0.7999999984,0.24999999984375,0.3809523769614513,0.3809523769614513,0.10526315445983389,0.3809523769614513,0,0,0.26086956521739135,0.3636363633057851
3551170666_01df31412d.jpg,একটি ট্যান কুকুর একটি বন্য এলাকা দিয়ে রান্না করছে,0.3333333329629629,0.4285714279591837,0.374999994609375,0.374999994609375,0.0,0.374999994609375,0,0,0.47058823529411764,0.24999999979166665
6156.png,একজন লোক আগুনের <unk>,0.249999999375,0.14285714265306124,0.1818181768595043,0.1818181768595043,0.0,0.1818181768595043,0,0,0.2222222222222222,0.0999999999
1285.png,অনেকগুলো মানুষ আছে।,0.6666666644444444,0.1999999998,0.3076923036686391,0.3076923036686391,0.0,0.3076923036686391,0,0,0.2777777777777778,0.1999999998
109260218_fca831f933.jpg,একটি গুহায় তিনজন লোক দাঁড়িয়ে আছে,0.6666666655555555,0.6666666655555555,0.6666666605555556,0.6666666605555556,0.19999999460000012,0.4999999941666667,0,0,0.4375,0.49999999937499995
8332.png,পানিতে দুইটি শিশু আছে।,0.7499999981250001,0.7499999981250001,0.7499999931250001,0.7499999931250001,0.0,0.4999999937500001,0,0,0.3076923076923077,0.5999999988
1277743944.jpg,একটি ছেলে একটি ছোট ছেলে,0.5999999988,0.29999999969999996,0.39999999502222217,0.39999999502222217,0.1999999948000001,0.39999999502222217,0,0,0.34615384615384615,0.24999999968749997
6061.png,একটি রাস্তা দিয়ে একজন পুরুষ বসে আছে।,0.4285714279591837,0.2727272724793388,0.33333332820987654,0.33333332820987654,0.12499999515625017,0.28571428030612256,0,0,0.6,0.19999999986666667
2518094853_dfce24ce8c.jpg,একটি বাদামী কুকুর ঘাসের উপর দৌড়াচ্ছে,0.6666666655555555,0.571428570612245,0.6153846094674558,0.6153846094674558,0.33333332791666676,0.5454545395041324,0,0,0.625,0.4444444439506172
6183.png,একজন বাচ্চা মেয়ে হাসতেছে।,0.249999999375,0.1999999996,0.2222222167901236,0.2222222167901236,0.0,0.2222222167901236,0,0,0.5,0.12499999984374999
223299137_b0e81ac145.jpg,একটি নৌকায় কয়েকজন মানুষ বসে আছে।,0.33333333277777777,0.33333333277777777,0.3333333277777778,0.3333333277777778,0.0,0.3333333277777778,0,0,0.4137931034482759,0.1999999998
6496.png,একটি নৌকায় একজন লোক বসে আছে।,0.49999999916666665,0.4285714279591837,0.4615384558579882,0.4615384558579882,0.23529411321799312,0.4615384558579882,0,0,0.5925925925925926,0.29999999969999996
955.png,একজন পুরুষ দাড়িয়ে আছে,0.0,0.0,0.0,0.0,0.0,0.0,0,0,0.21052631578947367,0.0
403523132_73b9a1a4b3.jpg,একটি কুকুর মুখে বল নিয়ে,0.5999999988,0.4285714279591837,0.4999999943055557,0.4999999943055557,0.1999999948000001,0.4999999943055557,0,0,0.4375,0.3333333329629629
1497.png,একটি <unk> পানি বের করে,0.1999999996,0.09090909082644627,0.12499999554687513,0.12499999554687513,0.0,0.12499999554687513,0,0,0.23684210526315785,0.06666666662222222
4119.png,একটি শিশু মাথায় টুপি পরিহিত একজন পুরুষ মাথায় টুপি পরিহিত একজন পুরুষ মাথায় টুপি পরিহিত একজন পুরুষ মাথায় টুপি পরিহিত একজন পুরুষ মাথায় টুপি পরিহিত একজন পুরুষ মাথায় টুপি পরিহিত একজন পুরুষ মাথায় টুপি পরিহিত একজন পুরুষ মাথায় টুপি পরিহিত,0.07499999998125,0.4285714279591837,0.12765957187867819,0.12765957187867819,0.08888888653827165,0.12765957187867819,0,0,0.16969696969696968,0.2727272724793388
3744832122_2f4febdff6.jpg,বেসবল খেলোয়াড় বল হাতে অন্যকে আঘাত করলো,0.4285714279591837,0.7499999981250001,0.5454545398347109,0.5454545398347109,0.44444443901234576,0.5454545398347109,0,0,0.4642857142857143,0.37499999953124996
9138.png,দুইজন মানুষ আছে।,0.3333333322222222,0.249999999375,0.28571428000000004,0.28571428000000004,0.0,0.28571428000000004,0,0,0.5333333333333333,0.16666666638888888
_MG_3698.JPG,একটি লোক বসে আছে,0.7499999981250001,0.49999999916666665,0.5999999940000001,0.5999999940000001,0.33333332722222225,0.5999999940000001,0,0,0.8333333333333334,0.4285714279591837
2525.png,একজন পুরুষ মাথায় কাপড় দিয়ে গাড়ি গাড়িতে করে আছে।,0.3333333329629629,0.49999999916666665,0.3999999946666667,0.3999999946666667,0.0,0.3999999946666667,0,0,0.5,0.24999999979166665
3569284680_44fef444ef.jpg,একটি ছোট্ট মেয়ে একটি <unk> পাইরেট শিশুদের বিষয়ে শেখাচ্ছে,0.2222222219753086,0.11764705875432525,0.15384614920118356,0.15384614920118356,0.0,0.15384614920118356,0,0,0.32432432432432434,0.049999999975
3446586125_cafa0bfd67.jpg,একটি তামাটে কুকুর লম্বা ঘাসের উপর দৌড়াচ্ছে,0.4285714279591837,0.4285714279591837,0.42857142295918377,0.42857142295918377,0.11111110654321005,0.42857142295918377,0,0,0.46808510638297873,0.2727272724793388
1860543210_47e94cf652.jpg,একটি লোক একটি ইটের ভবনের সামনে দাঁড়িয়ে আছে।,0.24999999968749997,0.1999999998,0.22222221703703712,0.22222221703703712,0.12499999492187522,0.22222221703703712,0,0,0.3142857142857143,0.13333333324444444
_MG_3789.JPG,একটা বয়স্ক লোক দাড়িয়ে আছে যার চুল কালো রঙ এর,0.7999999992,0.8888888879012344,0.8421052572853186,0.8421052572853186,0.7058823471280277,0.8421052572853186,0,0,0.8181818181818181,0.7272727266115702
71.png,বালির উপরে মুখ দেখা যায়,0.0,0.0,0.0,0.0,0.0,0.0,0,0,0.33333333333333337,0.0
2062.png,সমুদ্রের পারে একজন মানুষ আছে।,0.1999999996,0.1999999996,0.19999999460000012,0.19999999460000012,0.0,0.19999999460000012,0,0,0.35,0.1111111109876543
1042590306_95dea0916c.jpg,একজন মহিলা একটি ছবির জন্য পোজ দিচ্ছে,0.571428570612245,0.4444444439506172,0.49999999445312515,0.49999999445312515,0.4285714230612245,0.49999999445312515,0,0,0.6571428571428571,0.3636363633057851
2844018783_524b08e5aa.jpg,একটি ছোট ছেলে একটি সাদা রঙের শার্ট পরে বালিতে বসে আছে,0.2727272724793388,0.37499999953124996,0.31578946847645434,0.31578946847645434,0.23529411252595167,0.31578946847645434,0,0,0.5135135135135135,0.19999999986666667
3286822339_5535af6b93.jpg,একটি দোকানের সামনে একটি দোকানের সামনে দাঁড়িয়ে আছে,0.12499999984374999,0.16666666638888888,0.1428571377551022,0.1428571377551022,0.0,0.1428571377551022,0,0,0.40625,0.0999999999
4259.png,একজন নারী আছে।,0.3333333322222222,0.16666666638888888,0.2222222172839507,0.2222222172839507,0.0,0.2222222172839507,0,0,0.3157894736842105,0.12499999984374999
7704.png,চারজন পুরুষ দাড়িয়ে আছে।,0.7499999981250001,0.4285714279591837,0.5454545398347109,0.5454545398347109,0.44444443901234576,0.5454545398347109,0,0,0.5,0.37499999953124996
2193223202_4d908c0450.jpg,একটি শিশু একটি ছোট ছেলে একটি ছোট ছেলে একটি ছোট ছেলে একটি ছোট ছেলে একটি ছোট ছেলে একটি ছোট ছেলে একটি ছোট ছেলে একটি ছোট ছেলে একটি ছোট ছেলে একটি ছোট ছেলে একটি ছোট ছেলে একটি ছোট ছেলে একটি ছোট,0.07499999998125,0.21428571413265304,0.11111110722908106,0.11111110722908106,0.03846153469674592,0.11111110722908106,0,0,0.24060150375939848,0.13333333324444444
2144050118_3e7d2e05b1.jpg,একটি <unk> একটি সোনালি চুলওয়ালা একটি সোনালি চুলওয়ালা একটি <unk> <unk>,0.18181818165289254,0.24999999968749997,0.21052631069252087,0.21052631069252087,0.0,0.21052631069252087,0,0,0.34042553191489366,0.14285714275510203
4075.png,একটি ছোট একটি ছোট একটি ছোট একটি ছোট একটি ছোট একটি ছোট একটি ছোট একটি ছোট একটি ছোট একটি ছোট একটি ছোট একটি ছোট একটি ছোট একটি ছোট একটি ছোট একটি ছোট একটি ছোট একটি ছোট একটি ছোট একটি ছোট,0.0499999999875,0.2857142853061225,0.08510638040742426,0.08510638040742426,0.04444444211358036,0.08510638040742426,0,0,0.1079136690647482,0.2857142853061225
3482062809_3b694322c4.jpg,একটি মহিলা এবং একটি কুকুর নিয়ে একটি কুকুর নিয়ে একটি কুকুর নিয়ে একটি কুকুর নিয়ে একটি কুকুর নিয়ে একটি কুকুর নিয়ে একটি কুকুর নিয়ে একটি কুকুর নিয়ে একটি কুকুর নিয়ে একটি কুকুর নিয়ে একটি কুকুর নিয়ে একটি কুকুর নিয়ে একটি,0.099999999975,0.24999999984375,0.14285713872448993,0.14285713872448993,0.03703703301097437,0.14285713872448993,0,0,0.2534246575342466,0.16666666652777776
2085557551_7a88d01d4e.jpg,একটি মেয়ে তার হাতে একটি লাঠি হাতে নিয়ে দাঁড়িয়ে আছে।,0.3999999996,0.2222222220987654,0.28571428091836737,0.28571428091836737,0.10526315279778417,0.28571428045351477,0,0,0.4375,0.1874999998828125
5473.png,কয়েকজন পুরুষ আছে।,0.6666666644444444,0.33333333277777777,0.44444443901234576,0.44444443901234576,0.0,0.44444443901234576,0,0,0.44999999999999996,0.2857142853061225
136886677.jpg,একটি সংকীর্ণ প্রবাহে দুজন লোক একটি নৌকা চালাচ্ছে,0.37499999953124996,0.19999999986666667,0.26086956045368626,0.26086956045368626,0.09523809070294806,0.26086956045368626,0,0,0.5625,0.15384615372781063
4576.png,একটি নৌকায় একজন পুরুষ মানুষ।,0.3999999992,0.2857142853061225,0.33333332791666676,0.33333332791666676,0.1999999948000001,0.33333332791666676,0,0,0.4814814814814815,0.1999999998
512031915_0dd03dcdf9.jpg,একটি কালো কুকুর একটি লাল বল ধরার চেষ্টা করছে,0.4444444439506172,0.3333333330555555,0.38095237569161,0.38095237569161,0.21052631069252087,0.38095237569161,0,0,0.48571428571428577,0.1874999998828125
2885382946_f541ea5722.jpg,একটি ব্যক্তি একটি হ্রদ উপভোগ করছে,0.33333333277777777,0.1999999998,0.24999999500000003,0.24999999500000003,0.0,0.24999999500000003,0,0,0.38888888888888884,0.15384615372781063
4116.png,একটি শিশু আছে।,0.9999999966666667,0.7499999981250001,0.8571428497959185,0.8571428497959185,0.39999999360000005,0.8571428497959185,0,0,0.6923076923076923,0.7499999981250001
5312.png,একজন লোক একটি <unk> খাচ্ছে,0.3999999992,0.33333333277777777,0.36363635801652905,0.36363635801652905,0.0,0.36363635801652905,0,0,0.368421052631579,0.2222222219753086
7149.png,একজন মানুষ আছে।,0.6666666644444444,0.33333333277777777,0.44444443901234576,0.44444443901234576,0.0,0.44444443901234576,0,0,0.3913043478260869,0.2857142853061225
5166.png,একটি মসজিদে কয়েকজন মানুষ আছে।,0.3999999992,0.33333333277777777,0.36363635801652905,0.36363635801652905,0.0,0.36363635801652905,0,0,0.43999999999999995,0.2222222219753086
166.png,একটি ছোট বাচ্চারা বাইরে বসে আছে,0.16666666638888888,0.08333333326388888,0.11111110654321005,0.11111110654321005,0.0,0.11111110654321005,0,0,0.2692307692307693,0.0624999999609375
3666169738_a8c74cf745.jpg,একটি শিশু বসে আছে,0.7499999981250001,0.23076923059171597,0.35294117245674744,0.35294117245674744,0.0,0.35294117245674744,0,0,0.4444444444444444,0.21428571413265304
1659358141_0433c9bf99.jpg,একটি ধূসর কুকুর একটি টেনিস বল নিয়ে খেলছে।,0.37499999953124996,0.3333333329629629,0.3529411710726644,0.3529411710726644,0.2666666613333334,0.3529411710726644,0,0,0.6,0.23076923059171597
3707738261_777075e885.jpg,একটি শিশু দোলনায় উল্টা ঝুলে আছে,0.16666666638888888,0.14285714265306124,0.15384614863905344,0.15384614863905344,0.0,0.15384614863905344,0,0,0.33333333333333337,0.08333333326388888
5094.png,জলাশয়ের পাশে একটি শিশু আছে।,0.1999999996,0.3333333322222222,0.24999999468750006,0.24999999468750006,0.0,0.24999999468750006,0,0,0.2777777777777778,0.14285714265306124
2275029674_6d4891c20e.jpg,একটি সাদা কুকুর একটি সাদা কুকুর একটি সাদা বুলডগ কুকুর একটি সাদা বুলডগ কুকুর একটি সাদা বুলডগ কুকুর একটি সাদা বুলডগ কুকুর একটি সাদা বুলডগ কুকুর একটি সাদা বুলডগ কুকুর একটি সাদা বুলডগ কুকুর একটি সাদা বুলডগ কুকুর একটি সাদা,0.1499999999625,0.29999999985,0.199999995488889,0.199999995488889,0.0689655128121287,0.199999995488889,0,0,0.33974358974358976,0.2857142853061225
8699.png,একটি নৌকায় কয়েকজন মানুষ আছে।,0.5999999988,0.49999999916666665,0.5454545395041324,0.5454545395041324,0.2222222167901236,0.5454545395041324,0,0,0.7391304347826086,0.37499999953124996
347.png,একজন পুরুষ আছে।,0.9999999966666667,0.49999999916666665,0.6666666607407408,0.6666666607407408,0.28571428081632655,0.6666666607407408,0,0,0.5,0.49999999916666665
8388.png,চারজন পুরুষ আছে।,0.3333333322222222,0.249999999375,0.28571428000000004,0.28571428000000004,0.0,0.28571428000000004,0,0,0.5,0.16666666638888888
4579.png,একটি শিশু সমুদ্রের ঢেউয়ের উপর দিয়ে একটি ঢেউ আছড়ে পড়ছে,0.1999999998,0.33333333277777777,0.24999999500000003,0.24999999500000003,0.0,0.24999999500000003,0,0,0.3846153846153846,0.15384615372781063
37.png,একজন পুরুষ আছে।,0.3333333322222222,0.03846153844674556,0.06896551533888233,0.06896551533888233,0.0,0.06896551533888233,0,0,0.25,0.03846153844674556
3405720825_b6991005eb.jpg,একটি লোক তার দিকে তাকিয়ে আছে,0.16666666638888888,0.1111111109876543,0.13333332835555572,0.13333332835555572,0.0,0.13333332835555572,0,0,0.3421052631578947,0.07142857137755101
3295671644_0e10891b6d.jpg,একটি কুকুর মাঠের মধ্যে দৌড়াচ্ছে,0.5999999988,0.49999999916666665,0.5454545395041324,0.5454545395041324,0.2499999943750001,0.39999999420000004,0,0,0.75,0.37499999953124996
2165677531_e1d5e086f7.jpg,একটি সবুজ রঙের একটি লোক একটি <unk>,0.2857142853061225,0.24999999968749997,0.2666666613333334,0.2666666613333334,0.0,0.22222221722222232,0,0,0.36111111111111116,0.18181818165289254
4720.png,রাস্তা দিয়ে গাড়ি চলাচল করছে।,0.1999999996,0.249999999375,0.2222222167901236,0.2222222167901236,0.0,0.2222222167901236,0,0,0.38888888888888884,0.12499999984374999
1921.png,একজন পুরুষ কাজ করছে।,0.49999999875,0.16666666652777776,0.2499999959375,0.2499999959375,0.14285713928571436,0.2499999959375,0,0,0.28260869565217395,0.15384615372781063
3669069522_555c97fbfb.jpg,জিন্স পরা একজন পুরুষ এবং একজন পুরুষ এবং একজন পুরুষ এবং একজন পুরুষ এবং একজন পুরুষ এবং একজন পুরুষ এবং একজন পুরুষ এবং একজন পুরুষ এবং একজন পুরুষ এবং একজন পুরুষ এবং একজন পুরুষ এবং একজন পুরুষ এবং একজন পুরুষ,0.0499999999875,0.2857142853061225,0.08510638040742426,0.08510638040742426,0.043478258270321514,0.08510638040742426,0,0,0.1572327044025157,0.2222222219753086
8407.png,একজন পুরুষ বসে কাজ করছেন।,0.1999999996,0.07692307686390532,0.11111110697530877,0.11111110697530877,0.0,0.11111110697530877,0,0,0.2222222222222222,0.05882352937716263
2419221084_01a14176b4.jpg,একটি সাদা কুকুর একটি <unk> ঘাসে খেলে,0.2857142853061225,0.33333333277777777,0.3076923022485208,0.3076923022485208,0.19999999560000006,0.3076923022485208,0,0,0.33333333333333337,0.1999999998
8674.png,একজন পুরুষ এবং নিচে একজন পুরুষ মানুষ।,0.14285714265306124,0.16666666638888888,0.15384614863905344,0.15384614863905344,0.0,0.15384614863905344,0,0,0.4444444444444444,0.0999999999
3571193625_835da90c5e.jpg,একটি কুকুর মুখে গাছের গুড়ি নিয়ে যাচ্ছে,0.2857142853061225,0.24999999968749997,0.2666666613333334,0.2666666613333334,0.1428571377551022,0.2666666613333334,0,0,0.5,0.16666666652777776
5057.png,নদীতে নৌকা আছে।,0.6666666644444444,0.6666666644444444,0.6666666594444445,0.6666666594444445,0.4999999925000001,0.6666666594444445,0,0,0.6,0.49999999875
412056525_191724b058.jpg,একটি শিশু একটি শিশুকে জোর করে তাকিয়ে আছে,0.24999999968749997,0.11764705875432525,0.1599999955200001,0.1599999955200001,0.0,0.1599999955200001,0,0,0.3513513513513513,0.0999999999
7585.png,পানিতে একজন মানুষ আছে।,0.249999999375,0.12499999984374999,0.16666666194444454,0.16666666194444454,0.0,0.16666666194444454,0,0,0.25,0.09090909082644627
478750151_e0adb5030a.jpg,একটি কুকুর একটি মাঠে একটি বাদামী কুকুর একটি বাদামী কুকুর একটি বাদামী কুকুর একটি বাদামী কুকুর একটি বাদামী কুকুর একটি বাদামী কুকুর একটি বাদামী কুকুর একটি বাদামী কুকুর একটি বাদামী কুকুর একটি বাদামী কুকুর একটি বাদামী কুকুর একটি বাদামী কুকুর,0.099999999975,0.3333333330555555,0.15384615023668646,0.15384615023668646,0.07999999653600014,0.15384615023668646,0,0,0.22784810126582278,0.2857142853061225
1505.png,ক্যামেরা নিয়ে বসে একটা লোক ক্যামেরা নিয়ে বসে আছে তার পাশে একজন পুরুষ দাড়িয়ে আছে কিছু মানুষ।,0.11764705875432525,0.2857142853061225,0.16666666239583344,0.16666666239583344,0.0,0.15384614920118356,0,0,0.30000000000000004,0.1111111110493827
6295.png,একজন মহিলা এবং একজন মহিলার সাথে ছবি তুলছে,0.49999999937499995,0.1739130434026465,0.2580645121331946,0.2580645121331946,0.0,0.1935483831425599,0,0,0.28395061728395066,0.13636363630165288
3628.png,পানিতে ভাসছে যাতে কিছু মানুষ।,0.3999999992,0.15384615372781063,0.22222221796296296,0.22222221796296296,0.0,0.22222221796296296,0,0,0.30434782608695654,0.124999999921875
5498.png,একটি পা দেখা যাচ্ছে।,0.0,0.0,0.0,0.0,0.0,0.0,0,0,0.2777777777777778,0.0
3523819210_99782628fc.jpg,লোক টি তাকিয়ে আছে,0.49999999875,0.2857142853061225,0.36363635834710756,0.36363635834710756,0.0,0.36363635834710756,0,0,0.36363636363636365,0.2222222219753086
3609032038_005c789f64.jpg,একজন লোক পাহাড়ে চলাচলের উপযোগী বাইক চালাচ্ছে,0.4285714279591837,0.4285714279591837,0.42857142295918377,0.42857142295918377,0.16666666138888903,0.42857142295918377,0,0,0.59375,0.2727272724793388
1010087179.jpg,মহিলাটি গোলাপি শাড়ী পরে আছে,0.0,0.0,0.0,0.0,0.0,0.0,0,0,0.20588235294117652,0.0
5977.png,একটি ছোট মেয়ে রঙিন পোশাক এবং একটি ছোট্ট ছেলে।,0.2222222219753086,0.49999999875,0.3076923029585799,0.3076923029585799,0.0,0.3076923029585799,0,0,0.32258064516129037,0.1999999998
4420.png,কয়েকজন পুরুষ দাড়িয়ে আছে।,0.9999999975,0.3999999996,0.5714285665306122,0.5714285665306122,0.16666666263888896,0.42857142387755104,0,0,0.35,0.3999999996
3560771491_2a18b6241e.jpg,জমিতে ধান কাটছে।,0.0,0.0,0.0,0.0,0.0,0.0,0,0,0.20833333333333337,0.0
3286620180_4b00e93e8e.jpg,একটি <unk> দল জমকালো টুপি পরে একসাথে জড়ো হয়ে একসাথে জড়ো হয়ে একসাথে জড়ো হয়ে একসাথে জড়ো হয়ে একসাথে জড়ো হয়ে একসাথে জড়ো হয়ে একসাথে জড়ো হয়ে একসাথে জড়ো হয়ে একসাথে জড়ো হয়ে একসাথে জড়ো হয়ে একসাথে জড়ো হয়ে একসাথে,0.02499999999375,0.1999999996,0.0444444424493828,0.0444444424493828,0.0,0.0444444424493828,0,0,0.12925170068027214,0.07692307686390532
2930318834_8366811283.jpg,একজন পুরুষ আছে।,0.3333333322222222,0.16666666638888888,0.2222222172839507,0.2222222172839507,0.0,0.2222222172839507,0,0,0.2592592592592593,0.12499999984374999
3175446111_681a89f873.jpg,একটি <unk> দোকানের সামনে একটি দোকানের সামনে একটি দোকানের সামনে একটি দোকানের সামনে একটি দোকানের সামনে একটি দোকানের সামনে একটি দোকানের সামনে একটি দোকানের সামনে একটি দোকানের সামনে একটি দোকানের সামনে একটি দোকানের সামনে একটি দোকানের সামনে একটি দোকানের সামনে,0.02499999999375,0.249999999375,0.04545454378099179,0.04545454378099179,0.0,0.04545454378099179,0,0,0.15697674418604646,0.14285714265306124
1019.png,একটি শিশু ও অনেকগুলো <unk>,0.0,0.0,0.0,0.0,0.0,0.0,0,0,0.15000000000000002,0.0
1690.png,কয়েকজন মানুষ আছে।,0.3333333322222222,0.09090909082644627,0.14285713928571436,0.14285713928571436,0.0,0.14285713928571436,0,0,0.21052631578947367,0.07692307686390532
3339140382_2e49bc324a.jpg,একজন লোক বাতাসে লাফ দিলো,0.1999999996,0.12499999984374999,0.15384614887573977,0.15384614887573977,0.0,0.15384614887573977,0,0,0.3414634146341463,0.08333333326388888
2607383384_d9ce9de793.jpg,একজন মহিলা বেসবল খেলোয়াড়,0.249999999375,0.14285714265306124,0.1818181768595043,0.1818181768595043,0.0,0.1818181768595043,0,0,0.23076923076923073,0.0999999999
7674.png,একজন পুরুষ বসে আছে।,0.49999999875,0.2222222219753086,0.3076923029585799,0.3076923029585799,0.0,0.3076923029585799,0,0,0.36363636363636365,0.18181818165289254
1381.png,একজন পুরুষ হাতে একটা ব্যাগ নিয়ে আছে।,0.2857142853061225,0.33333333277777777,0.3076923022485208,0.3076923022485208,0.0,0.3076923022485208,0,0,0.36,0.18181818165289254
1820.png,একজন মহিলা রাস্তা দিয়ে হেঁটে যাচ্ছে।,0.49999999916666665,0.23076923059171597,0.31578946903047095,0.31578946903047095,0.11764705453287211,0.31578946903047095,0,0,0.33333333333333337,0.1874999998828125
5931.png,একটি <unk> <unk>,0.3333333322222222,0.12499999984374999,0.18181817752066123,0.18181817752066123,0.0,0.18181817752066123,0,0,0.1724137931034483,0.1111111109876543
4796.png,সূর্যের <unk> মাঠ।,0.3333333322222222,0.249999999375,0.28571428000000004,0.28571428000000004,0.0,0.28571428000000004,0,0,0.07692307692307687,0.1999999996
IMG_20220916_174114.jpg,একজন পুরুষ দাড়িয়ে আছে।,0.0,0.0,0.0,0.0,0.0,0.0,0,0,0.6666666666666667,0.0
2040.png,একটি ঘরের সামনে কয়েকজন মানুষ দাড়িয়ে আছে।,0.14285714265306124,0.14285714265306124,0.14285713765306143,0.14285713765306143,0.0,0.14285713765306143,0,0,0.2857142857142857,0.07692307686390532
3025334206_76888792e5.jpg,একটি কুকুর একটি সাদা কুকুর একটি মাঠে একটি সাদা কুকুর একটি মাঠে একটি সাদা কুকুর একটি মাঠে একটি সাদা কুকুর একটি মাঠে একটি সাদা কুকুর একটি মাঠে একটি সাদা কুকুর একটি মাঠে একটি সাদা কুকুর একটি মাঠে একটি সাদা কুকুর,0.099999999975,0.3636363633057851,0.15686274165321037,0.15686274165321037,0.043478258270321514,0.15686274165321037,0,0,0.20833333333333337,0.2727272724793388
4176.png,একজন মহিলা একটি মাটির বালুর করছে।,0.16666666638888888,0.1111111109876543,0.13333332835555572,0.13333332835555572,0.0,0.13333332835555572,0,0,0.32558139534883723,0.07142857137755101
3281611946_f42deed2e1.jpg,একজন লোক একটি <unk> সামনে দাঁড়িয়ে আছে,0.4285714279591837,0.49999999916666665,0.4615384558579882,0.4615384558579882,0.1818181765289258,0.4615384558579882,0,0,0.46153846153846156,0.29999999969999996
1001573224.jpg,একটি ছোট ছেলে একটি বল নিয়ে মঞ্চে মার্শাল <unk> লাথি মারছে,0.18181818165289254,0.24999999968749997,0.21052631069252087,0.21052631069252087,0.0,0.21052631069252087,0,0,0.4358974358974359,0.124999999921875
4664.png,একটি পুরাতন বাড়ী।,0.3333333322222222,0.3333333322222222,0.33333332722222225,0.33333332722222225,0.0,0.33333332722222225,0,0,0.4545454545454546,0.1999999996
2830.png,শীতকালে একটি রাস্তা দিয়ে একজন মানুষ আছে।,0.4285714279591837,0.37499999953124996,0.3999999944888889,0.3999999944888889,0.3076923022485208,0.3999999944888889,0,0,0.5161290322580645,0.2727272724793388
7173.png,পাহাড়ের উপর কয়েকজন মানুষ আছে।,0.1999999996,0.249999999375,0.2222222167901236,0.2222222167901236,0.0,0.2222222167901236,0,0,0.23809523809523814,0.12499999984374999
7346.png,একজন পুরুষ একটি গাছের নিচে।,0.7999999984,0.3636363633057851,0.499999995078125,0.499999995078125,0.28571428122448983,0.499999995078125,0,0,0.4871794871794872,0.3333333330555555
4153.png,একটি ছোট ছেলে একটি বার নিয়ে হাঁসি মুখে দাঁড়িয়ে আছে।,0.1999999998,0.33333333277777777,0.24999999500000003,0.24999999500000003,0.0,0.24999999500000003,0,0,0.375,0.15384615372781063
8128.png,একটি নৌকায় কয়েকজন মানুষ আছে।,0.7999999984,0.9999999975,0.8888888819753088,0.8888888819753088,0.8571428497959185,0.8888888819753088,0,0,0.8,0.7999999984
269.png,একজন লোক একটি ভেলকি করছে,0.1999999996,0.1111111109876543,0.14285713806122466,0.14285713806122466,0.0,0.14285713806122466,0,0,0.30000000000000004,0.09090909082644627
3264337159_e1680a35ba.jpg,একটি সাদা কুকুর ফ্রিসবি ধরতে বাতাসে লাফ দিচ্ছে,0.37499999953124996,0.37499999953124996,0.37499999453125,0.37499999453125,0.28571428030612256,0.37499999453125,0,0,0.6,0.23076923059171597
343409440_1006333300774451_5704544795196802486_n.jpg,একটি পার্কে একটি লোক একটি <unk>,0.6666666655555555,0.19047619038548752,0.2962962926200275,0.2962962926200275,0.0,0.2962962926200275,0,0,0.2592592592592593,0.09999999995
6541.png,একজন মানুষ আছে।,0.6666666644444444,0.6666666644444444,0.6666666594444445,0.6666666594444445,0.4999999925000001,0.6666666594444445,0,0,0.75,0.49999999875
1285067106_2adc307240.jpg,একজন লোক একটি বল ধরে,0.1999999996,0.12499999984374999,0.15384614887573977,0.15384614887573977,0.0,0.15384614887573977,0,0,0.3548387096774194,0.08333333326388888
7087.png,নদীতে একটি মঞ্চে দাড়িয়ে আছে কিছু নারী পুরুষ।,0.49999999937499995,0.4444444439506172,0.4705882297577854,0.4705882297577854,0.13333332817777796,0.3529411710726644,0,0,0.38235294117647056,0.30769230745562126
2752043092_f48ebfeaa2.jpg,একটি ছেলে বিছানায় বসে আছে।,0.1999999996,0.16666666638888888,0.1818181765289258,0.1818181765289258,0.0,0.1818181765289258,0,0,0.4285714285714286,0.0999999999
3030793171_55cd646eed.jpg,একটি বাদামী কুকুর ঘাসের উপর দৌড়াচ্ছে,0.8333333319444445,0.9999999980000001,0.909090902479339,0.909090902479339,0.6666666602469137,0.909090902479339,0,0,0.8333333333333334,0.8333333319444445
7666.png,রাস্তা দিয়ে একজন মানুষ হেঁটে যাচ্ছে।,0.8333333319444445,0.8333333319444445,0.8333333269444445,0.8333333269444445,0.5999999938,0.8333333269444445,0,0,0.9090909090909091,0.7142857132653061
271177682_48da79ab33.jpg,একটি সবুজ গাড়ি মাটিতে আটকে চড়ে,0.33333333277777777,0.14285714275510203,0.19999999560000006,0.19999999560000006,0.0,0.19999999560000006,0,0,0.3513513513513513,0.11764705875432525
6019.png,দুইজন মানুষ হেঁটে যাচ্ছে।,0.7499999981250001,0.49999999916666665,0.5999999940000001,0.5999999940000001,0.24999999468750006,0.5999999940000001,0,0,0.5652173913043479,0.4285714279591837
3681056426_fbd6c0c92c.jpg,একজন লোক একটি বাদামী বুট পড়ে তিন জন।,0.12499999984374999,0.249999999375,0.16666666194444454,0.16666666194444454,0.0,0.16666666194444454,0,0,0.2962962962962963,0.09090909082644627
pexels-riiyad-14950111.jpg,একজন মানুষ হেঁটে যাচ্ছে।,0.249999999375,0.16666666638888888,0.1999999948000001,0.1999999948000001,0.0,0.1999999948000001,0,0,0.375,0.1111111109876543
1166.png,একজন পুরুষ আছে।,0.9999999966666667,0.4285714279591837,0.5999999946000001,0.5999999946000001,0.24999999562500003,0.5999999946000001,0,0,0.3666666666666667,0.49999999916666665
1220027979.jpg,তিনটি শিশু একটি <unk>,0.7499999981250001,0.29999999969999996,0.42857142387755104,0.42857142387755104,0.3333333290277778,0.42857142387755104,0,0,0.29729729729729726,0.29999999969999996
6855.png,একসাথে কয়েকজন পুরুষ বসে আছে।,0.5999999988,0.9999999966666667,0.7499999934375,0.7499999934375,0.33333332777777785,0.7499999934375,0,0,0.6,0.5999999988
2101128963_fdf8b2a0d7.jpg,একটি বেসবল খেলোয়াড় বল ধরছেন।,0.3999999992,0.49999999875,0.4444444385185186,0.4444444385185186,0.28571428000000004,0.4444444385185186,0,0,0.7619047619047619,0.2857142853061225
3711826708_bba64fb1e1.jpg,একটি কুকুর একটি <unk>,0.49999999875,0.3999999992,0.4444444385185186,0.4444444385185186,0.28571428000000004,0.4444444385185186,0,0,0.40740740740740744,0.33333333277777777
469029994_349e138606.jpg,একজন লোক পাহাড়ের পাশে দাড়িয়ে আছে।,0.49999999916666665,0.2727272724793388,0.3529411714878893,0.3529411714878893,0.13333332871111125,0.3529411714878893,0,0,0.6896551724137931,0.21428571413265304
2780087302_6a77658cbf.jpg,একটি শিশু একটি <unk>,0.249999999375,0.0999999999,0.14285713857142868,0.14285713857142868,0.0,0.14285713857142868,0,0,0.3529411764705882,0.08333333326388888
5463.png,বিজ্ঞাপনের <unk> বেশিরভাগ লোক <unk> এর পাশে দাঁড়িয়ে আছে।,0.1111111109876543,0.16666666638888888,0.13333332835555572,0.13333332835555572,0.0,0.13333332835555572,0,0,0.25,0.07692307686390532
7295.png,একটি <unk> পরা একজন লোক একটি <unk> <unk>,0.12499999984374999,0.08333333326388888,0.09999999510000022,0.09999999510000022,0.0,0.09999999510000022,0,0,0.31707317073170727,0.0624999999609375
8283.png,একটি সেতুর উপরে একটি সেতু আছে।,0.33333333277777777,0.16666666652777776,0.22222221753086427,0.22222221753086427,0.0,0.22222221753086427,0,0,0.2857142857142857,0.14285714265306124
143688205_630813a466.jpg,একজন নারী বসে আছেন।,0.249999999375,0.14285714265306124,0.1818181768595043,0.1818181768595043,0.0,0.1818181768595043,0,0,0.3928571428571429,0.0999999999
2307.png,একটি কুকুর একটি <unk>,0.49999999875,0.49999999875,0.4999999937500001,0.4999999937500001,0.33333332722222225,0.4999999937500001,0,0,0.6,0.3999999992
745563422_f4fa7d9157.jpg,একজন লোক একটি <unk>,0.49999999875,0.33333333277777777,0.3999999944,0.3999999944,0.0,0.3999999944,0,0,0.4,0.24999999968749997
3718892835_a3e74a3417.jpg,চারটি শিশু একটি <unk> <unk>,0.1999999996,0.08333333326388888,0.11764705453287211,0.11764705453287211,0.0,0.11764705453287211,0,0,0.26086956521739135,0.06666666662222222
405961988_fcfe97f31e.jpg,একটি লোক রাস্তায় একটি <unk>,0.3999999992,0.2222222219753086,0.2857142807142858,0.2857142807142858,0.0,0.2666666618666667,0,0,0.42307692307692313,0.18181818165289254
356929855_6bbf33d933.jpg,একটি লোমশ কুকুর একটি হলুদ রঙের <unk> শুরু করেছে,0.3333333329629629,0.4285714279591837,0.374999994609375,0.374999994609375,0.0,0.31578946836565097,0,0,0.47058823529411764,0.24999999979166665
3377117696_af91f13058.jpg,একজন লোক একটি পাহাড়ে নেমে আসছে,0.33333333277777777,0.2222222219753086,0.2666666615111111,0.2666666615111111,0.15384614887573977,0.2666666615111111,0,0,0.4545454545454546,0.15384615372781063
4130.png,একটি শিশু আছে।,0.3333333322222222,0.3333333322222222,0.33333332722222225,0.33333332722222225,0.0,0.33333332722222225,0,0,0.5454545454545454,0.1999999996
450.png,একজন পুরুষ আছে।,0.0,0.0,0.0,0.0,0.0,0.0,0,0,0.25,0.0
6979.png,কয়েকজন মানুষ আছে।,0.0,0.0,0.0,0.0,0.0,0.0,0,0,0.30000000000000004,0.0
2433175169_da939372f2.jpg,এক লোক একটি পাথরের দেয়ালে ভর দিয়ে লাফ দিলো,0.3333333329629629,0.29999999969999996,0.31578946836565097,0.31578946836565097,0.11764705370242234,0.31578946836565097,0,0,0.41025641025641024,0.1874999998828125
8051.png,গরুর জোরে মাটি দিয়ে একটি গরুর গাড়ি চালিয়ে আসছে।,0.2222222219753086,0.11764705875432525,0.15384614920118356,0.15384614920118356,0.0,0.15384614920118356,0,0,0.34782608695652173,0.08695652170132324
3969.png,সামনে তিনজন পুরুষ দাড়িয়ে আছে।,0.7999999984,0.571428570612245,0.6666666606944446,0.6666666606944446,0.5999999940000001,0.6666666606944446,0,0,0.6799999999999999,0.571428570612245
1230.png,একটি ছোট ছেলে শুয়ে আছে।,0.0,0.0,0.0,0.0,0.0,0.0,0,0,0.34782608695652173,0.0
2039.png,বৃষ্টির সময় একটি রিক্সা ও রিক্সা ও রিক্সা ও রিক্সা ও রিক্সা ও রিক্সা ও রিক্সা ও রিক্সা ও রিক্সা ও রিক্সা ও রিক্সা ও রিক্সা ও রিক্সা ও রিক্সা ও রিক্সা ও রিক্সা ও রিক্সা ও রিক্সা ও রিক্সা,0.02499999999375,0.14285714265306124,0.04255318893617037,0.04255318893617037,0.0,0.04255318893617037,0,0,0.24193548387096775,0.09090909082644627
3320209694_db579cb607.jpg,একজন লোক পাথর বেয়ে উপরে উঠে আছে,0.2857142853061225,0.24999999968749997,0.2666666613333334,0.2666666613333334,0.15384614863905344,0.2666666613333334,0,0,0.375,0.15384615372781063
505955292_026f1489f2.jpg,একটি ছেলে একটি ছেলে,0.7499999981250001,0.2727272724793388,0.3999999955555556,0.3999999955555556,0.15384615005917168,0.3999999955555556,0,0,0.4285714285714286,0.1999999998
1164765687_7aca07bbe7.jpg,একটি কালো কুকুর মেঝেতে শুয়ে আছে,0.49999999916666665,0.13043478255198487,0.20689654829964332,0.20689654829964332,0.0,0.20689654829964332,0,0,0.3666666666666667,0.11538461534023668
285.png,কয়েকজন মানুষ আছে।,0.3333333322222222,0.14285714265306124,0.1999999954000001,0.1999999954000001,0.0,0.1999999954000001,0,0,0.33333333333333337,0.12499999984374999
5929.png,তিনজন পুরুষ ও তিনজন নারী পাশাপাশি দাড়িয়ে আছে।,0.24999999968749997,0.33333333277777777,0.2857142804081633,0.2857142804081633,0.0,0.2857142804081633,0,0,0.47058823529411764,0.1999999998
8260.png,একজন পুরুষ জমিতে গরু নিয়ে দাঁড়িয়ে আছে।,0.2857142853061225,0.6666666644444444,0.39999999500000005,0.39999999500000005,0.21052631124653745,0.39999999500000005,0,0,0.33333333333333337,0.24999999968749997
2225864432_48a24f49a4.jpg,দুটি মেয়ে একে অপরকে আলিঙ্গন করছে,0.16666666638888888,0.1111111109876543,0.13333332835555572,0.13333332835555572,0.0,0.13333332835555572,0,0,0.3589743589743589,0.07142857137755101
3119.png,একটা লোক দাড়িয়ে আছে যার চুল কালো রঙ এর দেয়াল আছে যার মাঝে একজনের মুখে সাদা রঙের একটা লোক দাড়িয়ে আছে যার চুল কালো রঙ এর দেয়াল আছে যার মাঝে একজনের মুখে সাদা রঙের একটা লোক দাড়িয়ে আছে যার চুল,0.12499999996875,0.249999999875,0.16666666216666678,0.16666666216666678,0.10344827142092763,0.16666666216666678,0,0,0.28888888888888886,0.14285714280612244
8936.png,দূরে একটি গাছ আছে।,0.49999999875,0.24999999968749997,0.33333332833333335,0.33333332833333335,0.1999999954000001,0.33333332833333335,0,0,0.3214285714285714,0.2222222219753086
3658427967_6e2e57458d.jpg,একটি ছেলে স্বল্প পানিতে ঝাঁপ দিচ্ছে,0.49999999916666665,0.5999999988,0.5454545395041324,0.5454545395041324,0.2222222167901236,0.5454545395041324,0,0,0.5909090909090908,0.37499999953124996
279.png,একজন পুরুষ কাজ করছে।,0.249999999375,0.14285714265306124,0.1818181768595043,0.1818181768595043,0.0,0.1818181768595043,0,0,0.37037037037037035,0.0999999999
2229509318_be3fef006b.jpg,একটি বাদামী কুকুর একটি লাঠি হাতে নিয়ে দৌড়াচ্ছে,0.49999999937499995,0.4444444439506172,0.4705882297577854,0.4705882297577854,0.2666666613333334,0.3529411710726644,0,0,0.4482758620689655,0.24999999979166665
6664.png,একটি পাখি মুখে করে নিয়ে আছে।,0.33333333277777777,0.49999999875,0.3999999944,0.3999999944,0.24999999468750006,0.3999999944,0,0,0.5,0.24999999968749997
1858.png,তিনজন নারী আছে।,0.3333333322222222,0.0999999999,0.15384615005917168,0.15384615005917168,0.0,0.15384615005917168,0,0,0.20588235294117652,0.09090909082644627
2332986053_864db84971.jpg,একজন লোক একটি লাল রঙের একটি লাল রঙের একটি লাল রঙের একটি লাল রঙের একটি লাল রঙের একটি লাল রঙের একটি লাল রঙের একটি লাল রঙের একটি লাল রঙের একটি লাল রঙের একটি লাল রঙের একটি লাল রঙের একটি লাল,0.099999999975,0.3999999996,0.15999999673600007,0.15999999673600007,0.04651162619794489,0.08888888687407412,0,0,0.17808219178082196,0.2727272724793388
8227.png,একটি <unk> এর উপরে দাড়িয়ে আছে ও দুইজন মানুষ আছে।,0.29999999969999996,0.7499999981250001,0.42857142387755104,0.42857142387755104,0.3333333290277778,0.42857142387755104,0,0,0.37142857142857144,0.2727272724793388
1260816604_570fc35836.jpg,একটি নীল রঙের গাড়ি,0.49999999875,0.24999999968749997,0.33333332833333335,0.33333332833333335,0.0,0.33333332833333335,0,0,0.42307692307692313,0.2222222219753086
3498482871_4e02f31c35.jpg,অনেকগুলো পুরুষ দুইটি শিশু আছে।,0.1999999996,0.07692307686390532,0.11111110697530877,0.11111110697530877,0.0,0.11111110697530877,0,0,0.21212121212121215,0.05882352937716263
3308997740_91765ecdcc.jpg,লাল নীল শাল এর স্থানে একটি সিগারেটের মুখোশ পড়ে আছেন,0.0999999999,0.0999999999,0.09999999490000026,0.09999999490000026,0.0,0.09999999490000026,0,0,0.38888888888888884,0.05555555552469135
823675317_b5fbdb17b3.jpg,একটি ছেলে শূন্যে লাফ দিয়েছে,0.3999999992,0.2857142853061225,0.33333332791666676,0.33333332791666676,0.1999999948000001,0.33333332791666676,0,0,0.41666666666666663,0.2222222219753086
429270993_294ba8e64c.jpg,এক বয়স্ক লোক একটি <unk> <unk> <unk> <unk> <unk> <unk> <unk> <unk> <unk> <unk> <unk> <unk> <unk> <unk> <unk> <unk> <unk> <unk> <unk> <unk> <unk> <unk> <unk> <unk> <unk> <unk> <unk> <unk> <unk> <unk> <unk> <unk> <unk> <unk> <unk> <unk>,0.0499999999875,0.33333333277777777,0.08695651943289232,0.08695651943289232,0.0,0.08163265002915464,0,0,0.1392405063291139,0.2222222219753086
2893515010_4a3d9dcc67.jpg,একজন ফুটবল খেলোয়াড় বল হাতে নিয়ে দৌড়াচ্ছে,0.571428570612245,0.26666666648888887,0.36363635896694213,0.36363635896694213,0.1818181765289258,0.36363635896694213,0,0,0.5714285714285714,0.2222222220987654
4608.png,তিনজন পুরুষ কাঁদে কোদাল দিয়ে মাটি কাটছে।,0.0,0.0,0.0,0.0,0.0,0.0,0,0,0.24,0.0
3874.png,একটি মেয়ে শিশু আছে।,0.0,0.0,0.0,0.0,0.0,0.0,0,0,0.2222222222222222,0.0
1184440714.jpg,এক মহিলা ঘাসের উপর লাফ দিলো,0.16666666638888888,0.12499999984374999,0.1428571377551022,0.1428571377551022,0.0,0.1428571377551022,0,0,0.25,0.07692307686390532
362316425_bda238b4de.jpg,রঙিন টুপি পরা একদল লোক প্যারেডে দাঁড়িয়ে আছে।,0.24999999968749997,0.3999999992,0.3076923024852071,0.3076923024852071,0.0,0.3076923024852071,0,0,0.326530612244898,0.18181818165289254
3081182021_22cfa18dd4.jpg,একটি স্কেটবোর্ড চালক একটি স্কেটবোর্ড চালাচ্ছে,0.33333333277777777,0.3999999992,0.36363635801652905,0.36363635801652905,0.2222222167901236,0.36363635801652905,0,0,0.4666666666666667,0.2857142853061225
6186.png,সাদা পাঞ্জাবি পরা একজন মহিলা একটি মন্দির।,0.2857142853061225,0.2222222219753086,0.24999999476562512,0.24999999476562512,0.0,0.1818181768595043,0,0,0.2777777777777778,0.14285714275510203
4463.png,একজন পুরুষ বসে আছে।,0.9999999975,0.3999999996,0.5714285665306122,0.5714285665306122,0.3333333290277778,0.5714285665306122,0,0,0.3589743589743589,0.3999999996
1165.png,একজন পুরুষ বসে কাজ কামার <unk>,0.16666666638888888,0.1999999996,0.1818181765289258,0.1818181765289258,0.0,0.1818181765289258,0,0,0.2727272727272727,0.0999999999
8300.png,একজন মানুষ আছে।,0.6666666644444444,0.3999999992,0.49999999406250006,0.49999999406250006,0.33333332777777785,0.49999999406250006,0,0,0.5555555555555556,0.33333333277777777
1122.png,দুইজন পুরুষ পাশাপাশি দাড়িয়ে আছে।,0.7999999984,0.571428570612245,0.6666666606944446,0.6666666606944446,0.3999999944,0.6666666606944446,0,0,0.64,0.49999999937499995
3210705660_2b14b7fb36.jpg,একটি শিশু একটি তৃণভূমিতে দৌড়াচ্ছে,0.1999999996,0.14285714265306124,0.16666666152777793,0.16666666152777793,0.0,0.16666666152777793,0,0,0.36,0.0999999999
345785626_9fa59f38ce.jpg,একটি ছেলে পানির মধ্যদিয়ে যাচ্ছে,0.1999999996,0.14285714265306124,0.16666666152777793,0.16666666152777793,0.0,0.16666666152777793,0,0,0.3666666666666667,0.09090909082644627
8454.png,একজন বয়স্ক পুরুষ আছে।,0.7499999981250001,0.9999999966666667,0.8571428497959185,0.8571428497959185,0.39999999360000005,0.8571428497959185,0,0,0.6875,0.7499999981250001
3672109677_8caa992671.jpg,একদল লোক একটি <unk> পতাকা বহন করছে,0.4285714279591837,0.2727272724793388,0.33333332820987654,0.33333332820987654,0.0,0.33333332820987654,0,0,0.37037037037037035,0.23076923059171597
3412249548_00820fc4ca.jpg,মুখে রঙ মুখে নিয়ে বসে আছে,0.16666666638888888,0.09090909082644627,0.11764705411764723,0.11764705411764723,0.0,0.11764705411764723,0,0,0.2692307692307693,0.07142857137755101
3418.png,একজন মহিলা এবং একজন মহিলা এবং একজন মহিলা এবং একজন মহিলা এবং একজন মহিলা এবং একজন মহিলা এবং একজন মহিলা এবং একজন মহিলা এবং একজন মহিলা এবং একজন মহিলা এবং একজন মহিলা এবং একজন মহিলা এবং একজন মহিলা এবং একজন,0.099999999975,0.24999999984375,0.14285713872448993,0.14285713872448993,0.03703703301097437,0.14285713872448993,0,0,0.26875000000000004,0.13333333324444444
255330891_86d65dfdbf.jpg,একটি ছোট্ট মেয়ে তার হাত ঘুরিয়ে মাটির রাস্তায় দৌড়াচ্ছে,0.2222222219753086,0.16666666652777776,0.1904761853968255,0.1904761853968255,0.0,0.1904761853968255,0,0,0.38095238095238093,0.1111111110493827
5628.png,একজন পুরুষ আছে।,0.9999999966666667,0.7499999981250001,0.8571428497959185,0.8571428497959185,0.39999999360000005,0.8571428497959185,0,0,0.7333333333333334,0.7499999981250001
488089932_c3a5fa4140.jpg,একটি ডোরাকাটা শার্ট পরিহিত একজন মহিলা একটি মেলায় <unk> অতিক্রম করার জন্য অপেক্ষা করছে ।,0.19999999986666667,0.29999999969999996,0.23999999500800004,0.23999999500800004,0.0,0.15999999507200013,0,0,0.3770491803278688,0.14285714278911565
5701.png,একটা বাচ্চা হাঁসি মুখে বসে আছে।,0.33333333277777777,0.49999999875,0.3999999944,0.3999999944,0.24999999468750006,0.3999999944,0,0,0.5263157894736843,0.24999999968749997
925491651_57df3a5b36.jpg,একটি কুকুর পানিতে দৌড়াচ্ছে,0.49999999875,0.3999999992,0.4444444385185186,0.4444444385185186,0.28571428000000004,0.4444444385185186,0,0,0.47058823529411764,0.2857142853061225
2970067128_8842ab3603.jpg,এক লোক তার সাইকেল চালাচ্ছে,0.5999999988,0.4285714279591837,0.4999999943055557,0.4999999943055557,0.3076923029585799,0.4999999943055557,0,0,0.4444444444444444,0.3333333329629629
501520507_c86f805ab8.jpg,একটি <unk> <unk> <unk> <unk> <unk> <unk> <unk> <unk> <unk> <unk> <unk> <unk> <unk> <unk> <unk> <unk> <unk> <unk> <unk> <unk> <unk> <unk> <unk> <unk> <unk> <unk> <unk> <unk> <unk> <unk> <unk> <unk> <unk> <unk> <unk> <unk> <unk> <unk> <unk>,0.0499999999875,0.2857142853061225,0.08510638040742426,0.08510638040742426,0.0,0.08510638040742426,0,0,0.10691823899371067,0.2857142853061225
5832.png,পানিতে কয়েকজন মানুষ আছে।,0.249999999375,0.249999999375,0.2499999943750001,0.2499999943750001,0.0,0.2499999943750001,0,0,0.375,0.14285714265306124
343419618_1590809361413949_5895706419711225064_n.jpg,রাস্তার উপর একটি সাপ ও একজন লোক একটা রিকশা যাচ্ছে একজন পুরুষ বসে আছে,0.14285714275510203,0.16666666652777776,0.15384614875739658,0.15384614875739658,0.0,0.09999999570000016,0,0,0.3076923076923077,0.08695652170132324
7690.png,শহীদ মিনারের সামনে টেবিলে বসে সামনে টেবিলে বসে আছে।,0.0,0.0,0.0,0.0,0.0,0.0,0,0,0.2727272727272727,0.0
2300.png,একটি সুন্দর গ্রাম ও আকাশ দেখা যাচ্ছে।,0.14285714265306124,0.14285714265306124,0.14285713765306143,0.14285713765306143,0.0,0.14285713765306143,0,0,0.31999999999999995,0.07692307686390532
4173.png,একজন গার্ড হাতে একটি পেপার পড়ছে।,0.49999999916666665,0.5999999988,0.5454545395041324,0.5454545395041324,0.2222222167901236,0.5454545395041324,0,0,0.6086956521739131,0.37499999953124996
IMG_4351.JPG,মহিলা টি শাড়ি পরে আছে,0.9999999980000001,0.8333333319444445,0.909090902479339,0.909090902479339,0.6666666602469137,0.909090902479339,0,0,0.7777777777777778,0.8333333319444445
5590.png,একটি নৌকায় একজন মানুষ আছে।,0.5999999988,0.7499999981250001,0.6666666602469137,0.6666666602469137,0.5714285648979592,0.6666666602469137,0,0,0.6842105263157895,0.49999999916666665
7238.png,একজন মানুষ শুয়ে ঘুমাচ্ছে।,0.249999999375,0.3333333322222222,0.28571428000000004,0.28571428000000004,0.0,0.28571428000000004,0,0,0.5,0.16666666638888888
700884207_d3ec546494.jpg,নীল রঙের পোশাক পরিহিত মেয়েটি তার মাথার স্কার্ফ পরা একজন লোকের দিকে তাকিয়ে আছে,0.28571428551020406,0.24999999984375,0.2666666615111112,0.2666666615111112,0.07999999494400031,0.24999999493055564,0,0,0.4339622641509434,0.15384615378698224
985067019_705fe4a4cc.jpg,একটি শিশু একটি ফোলানো নীল বাউন্স <unk> এর উপর ভর দিয়ে ফোলানো খেলানার উপর ভর দিয়ে ফোলানো খেলানার উপর ভর দিয়ে ফোলানো খেলানার উপর ভর দিয়ে ফোলানো খেলানার উপর ভর দিয়ে ফোলানো খেলানার উপর ভর দিয়ে ফোলানো খেলানার উপর ভর,0.07499999998125,0.4285714279591837,0.12765957187867819,0.12765957187867819,0.08888888653827165,0.12765957187867819,0,0,0.19999999999999996,0.13333333324444444
2952320230_26601173be.jpg,একজন টেনিস খেলোয়াড় টেনিস বলের জন্য প্রস্তুত,0.571428570612245,0.49999999937499995,0.5333333276444445,0.5333333276444445,0.3076923022485208,0.5333333276444445,0,0,0.5806451612903225,0.3999999996
3371567346_b6522efdb8.jpg,একটি ধূসর রঙের টি শার্ট পরা একজন লোক একটি <unk> একটি টেবিলের চারপাশে দাঁড়িয়ে আছে।,0.19999999986666667,0.2727272724793388,0.23076922571005928,0.23076922571005928,0.08695651689981122,0.23076922571005928,0,0,0.38596491228070173,0.149999999925
2315.png,একটি দালানের সামনে একটি লোক একটি ইটের ভবনের সামনে একটি ইটের ভবনের সামনে একটি ইটের ভবনের সামনে একটি ইটের ভবনের সামনে একটি ইটের ভবনের সামনে একটি ইটের ভবনের সামনে একটি ইটের ভবনের সামনে একটি ইটের ভবনের সামনে একটি ইটের ভবনের,0.02499999999375,0.0999999999,0.039999996784000263,0.039999996784000263,0.0,0.039999996784000263,0,0,0.20833333333333337,0.06666666662222222
2612949583_f45b3afe33.jpg,একটি কুকুর একটি আবদ্ধ জায়গায় বসে আছে,0.14285714265306124,0.14285714265306124,0.14285713765306143,0.14285713765306143,0.0,0.14285713765306143,0,0,0.40740740740740744,0.08333333326388888
3109.png,একজন লোক একটি বিশাল পাথর এবং একটি দড়ি এবং একটি দড়ি এবং একটি দড়ি এবং একটি দড়ি এবং একটি দড়ি এবং একটি দড়ি এবং একটি দড়ি এবং একটি দড়ি এবং একটি দড়ি এবং একটি দড়ি এবং একটি দড়ি এবং একটি,0.02499999999375,0.09090909082644627,0.03921568287581729,0.03921568287581729,0.0,0.03921568287581729,0,0,0.15441176470588236,0.05882352937716263
319185571_56162796da.jpg,একটি কুকুর জলের উপর লাফাচ্ছে,0.5999999988,0.37499999953124996,0.46153845609467453,0.46153845609467453,0.1818181768595043,0.46153845609467453,0,0,0.6206896551724138,0.29999999969999996
557721978_dfde31bc02.jpg,একটি ছোট্ট মেয়ে একটি লাল রঙের পোশাক পরে একটি ভেজা বালুতে ছুটছে।,0.24999999979166665,0.2727272724793388,0.26086956000000006,0.26086956000000006,0.12499999554687513,0.22222221753086427,0,0,0.41860465116279066,0.16666666657407406
3135.png,একজন বৃদ্ধ মহিলা মাথায় দিয়ে যাচ্ছে।,0.33333333277777777,0.2222222219753086,0.2666666615111111,0.2666666615111111,0.0,0.16666666138888903,0,0,0.2647058823529411,0.15384615372781063
2424398046_1a55c71376.jpg,একটি শিশু একটি <unk> খাচ্ছে,0.3999999992,0.2857142853061225,0.33333332791666676,0.33333332791666676,0.0,0.33333332791666676,0,0,0.46153846153846156,0.1999999998
427167162_2c99779444.jpg,একজন লোক একটি দোকানের সামনে দাঁড়িয়ে আছে,0.571428570612245,0.21052631567867036,0.3076923035207101,0.3076923035207101,0.16666666277777784,0.28571428030612256,0,0,0.5185185185185186,0.21052631567867036
2613.png,একজন পুরুষ বসে আছে।,0.49999999875,0.33333333277777777,0.3999999944,0.3999999944,0.24999999468750006,0.3999999944,0,0,0.4545454545454546,0.24999999968749997
3600.png,একজন পুরুষ বসে আছে।,0.7499999981250001,0.7499999981250001,0.7499999931250001,0.7499999931250001,0.0,0.7499999931250001,0,0,0.5625,0.5999999988
2252.png,একজন পুরুষ হাতে কিছু লিখছে আর কয়েকজন মানুষ আছে।,0.1111111109876543,0.249999999375,0.15384614934911253,0.15384614934911253,0.0,0.15384614934911253,0,0,0.32352941176470584,0.08333333326388888
1521623639_4bda3407cc.jpg,একটি ভাস্কর্য এবং মহিলা একটি ভাস্কর্য বেয়ে নিচে নামছে,0.3333333329629629,0.23076923059171597,0.2727272676446281,0.2727272676446281,0.0,0.18181817681818194,0,0,0.36111111111111116,0.1764705881314879
6017.png,সমুদ্রের পারে কয়েকজন মানুষ আছে।,0.7999999984,0.7999999984,0.7999999934,0.7999999934,0.4999999937500001,0.7999999934,0,0,0.8095238095238095,0.6666666655555555
3293751136_b0ce285dc3.jpg,একটি ছেলে রাস্তায় ভলিবল খেলার মাঠে প্রবেশ করছে,0.24999999968749997,0.15384615372781063,0.1904761855782314,0.1904761855782314,0.0,0.11764705370242234,0,0,0.32692307692307687,0.1111111110493827
103106960.jpg,একটি লাল রঙের একটি লাল রঙের একটি লাল রঙের একটি লাল রঙের একটি লাল রঙের একটি লাল রঙের একটি লাল রঙের একটি লাল রঙের একটি লাল রঙের একটি লাল রঙের একটি লাল রঙের একটি লাল রঙের একটি লাল রঙের একটি,0.099999999975,0.30769230745562126,0.15094339246707023,0.15094339246707023,0.03921568266051552,0.15094339246707023,0,0,0.21232876712328763,0.16666666652777776
_MG_1629.JPG,একজন নারী বসে ফুল দিয়ে মাছ ধরেছে।,0.2857142853061225,0.33333333277777777,0.3076923022485208,0.3076923022485208,0.0,0.3076923022485208,0,0,0.4347826086956522,0.18181818165289254
12830823_87d2654e31.jpg,একটি ছেলে একটি পুলে ঝাপিয়ে পড়ছে,0.16666666638888888,0.16666666638888888,0.16666666138888903,0.16666666138888903,0.0,0.16666666138888903,0,0,0.4285714285714286,0.0999999999
456512643_0aac2fa9ce.jpg,একটি বাদামী কুকুর একটি ক্ষেতের মধ্য দিয়ে লাফিয়ে।,0.49999999937499995,0.4444444439506172,0.4705882297577854,0.4705882297577854,0.13333332817777796,0.36363635900826446,0,0,0.4193548387096774,0.3333333330555555
3314180199_2121e80368.jpg,এক বাচ্চা ছেলে একটি খেলার মাঠে একটি খেলার মাঠে একটি খেলার মাঠে একটি খেলার মাঠে একটি খেলার মাঠে একটি খেলার মাঠে একটি খেলার মাঠে একটি খেলার মাঠে একটি খেলার মাঠে একটি খেলার মাঠে একটি খেলার মাঠে একটি খেলার মাঠে একটি,0.0499999999875,0.33333333277777777,0.08695651943289232,0.08695651943289232,0.0,0.08695651943289232,0,0,0.26206896551724135,0.1999999998
4646.png,একটি সেতু আছে।,0.6666666644444444,0.6666666644444444,0.6666666594444445,0.6666666594444445,0.4999999925000001,0.6666666594444445,0,0,0.7777777777777778,0.49999999875
2479180530_7ebba2d8bf.jpg,একটি বাদামী কুকুর বালুর মাঠে দৌড়াচ্ছে,0.49999999916666665,0.4285714279591837,0.4615384558579882,0.4615384558579882,0.36363635801652905,0.4615384558579882,0,0,0.6666666666666667,0.3333333329629629
4350.png,মঞ্চের উপর কয়েকজন মানুষ আছে।,0.3999999992,0.33333333277777777,0.36363635801652905,0.36363635801652905,0.0,0.36363635801652905,0,0,0.2727272727272727,0.2222222219753086
1947.png,একটি ব্যানার হাতে লেখা আছে।,0.1999999996,0.16666666638888888,0.1818181765289258,0.1818181765289258,0.0,0.1818181765289258,0,0,0.5,0.0999999999
4013.png,একজন পুরুষ ও একজন নারী দাড়িয়ে আছে।,0.9999999985714286,0.8749999989062499,0.933333327111111,0.933333327111111,0.7692307630769232,0.933333327111111,0,0,0.8333333333333334,0.8571428559183674
3696.png,একটি মেয়ে গাছের সারির মাঝে দাড়িয়ে আছে,0.4285714279591837,0.2727272724793388,0.33333332820987654,0.33333332820987654,0.12499999515625017,0.22222221722222232,0,0,0.45833333333333337,0.19999999986666667
7675.png,একটি শিশু আছে।,0.9999999966666667,0.5999999988,0.7499999934375,0.7499999934375,0.0,0.7499999934375,0,0,0.5625,0.5999999988
367925122_335ed279a8.jpg,এক বাচ্চা মেয়ে একটি গাড়ির হুইলে একটি শিশু।,0.24999999968749997,0.1999999998,0.22222221703703712,0.22222221703703712,0.12499999492187522,0.22222221703703712,0,0,0.41463414634146345,0.13333333324444444
5986.png,তিনজন মানুষ দাড়িয়ে আছে।,0.49999999875,0.6666666644444444,0.5714285648979592,0.5714285648979592,0.0,0.5714285648979592,0,0,0.5333333333333333,0.3999999992
8893.png,সাদা জামা পরা একটা বাচ্চা মেয়ে হাঁসি মুখে দাঁড়িয়ে আছে।,0.6999999992999999,0.5384615380473372,0.6086956467296786,0.6086956467296786,0.38095237569161,0.6086956467296786,0,0,0.5681818181818181,0.4374999997265625
2139.png,একটি মঞ্চে সারি সামনে কয়েকজন মানুষ আছে।,0.0,0.0,0.0,0.0,0.0,0.0,0,0,0.2962962962962963,0.0
534.png,একটি <unk> <unk> সকালের জন্য।,0.0,0.0,0.0,0.0,0.0,0.0,0,0,0.19999999999999996,0.0
3682428916_69ce66d375.jpg,একটি <unk> একটি সাদা <unk> একটি <unk>,0.2857142853061225,0.33333333277777777,0.3076923022485208,0.3076923022485208,0.0,0.3076923022485208,0,0,0.46153846153846156,0.2857142853061225
1507.png,অনেকগুলো মানুষ ও অনেকগুলো মানুষ আছে।,0.49999999916666665,0.3333333329629629,0.3999999946666667,0.3999999946666667,0.0,0.3999999946666667,0,0,0.4838709677419355,0.3333333329629629
6646.png,একপাশে সবুজ ঘাসের উপর একজন লোক একটা গাছের নিচে ২ জন মানুষ বসে আছে একজন লোক একা একা লোক একটা গাছের নিচে ২ জন মানুষ বসে আছে একজন লোক একা একা লোক একটা গাছের নিচে ২ জন মানুষ বসে আছে,0.02499999999375,0.249999999375,0.04545454378099179,0.04545454378099179,0.0,0.04545454378099179,0,0,0.19852941176470584,0.05555555552469135
411216802_aead9e67e3.jpg,দুটি কুকুর একসাথে খেলছে,0.49999999875,0.6666666644444444,0.5714285648979592,0.5714285648979592,0.24999999468750006,0.5714285648979592,0,0,0.5333333333333333,0.3999999992
8922.png,একজন বাচ্চা মেয়ে বসে আছে।,0.3999999992,0.6666666644444444,0.49999999406250006,0.49999999406250006,0.0,0.49999999406250006,0,0,0.5294117647058824,0.33333333277777777
9084.png,পাঁচজন শিশু আছে।,0.3333333322222222,0.07692307686390532,0.12499999679687505,0.12499999679687505,0.0,0.12499999679687505,0,0,0.15555555555555556,0.09090909082644627
2594902417_f65d8866a8.jpg,দুটি কুকুর একটি মাঠে খেলা করছে,0.8333333319444445,0.9999999980000001,0.909090902479339,0.909090902479339,0.6666666602469137,0.909090902479339,0,0,0.8,0.8333333319444445
942399470_6132d3e5d2.jpg,একজন লোক একটি <unk>,0.7499999981250001,0.1874999998828125,0.29999999650000003,0.29999999650000003,0.1333333299555556,0.29999999650000003,0,0,0.24242424242424243,0.19999999986666667
3326249355_e7a7c71f06.jpg,একজন লোক দড়ির সাহায্যে একটি পাখি,0.33333333277777777,0.2222222219753086,0.2666666615111111,0.2666666615111111,0.0,0.2666666615111111,0,0,0.2857142857142857,0.15384615372781063
8185.png,একটি পতাকা নিয়ে হাতে ঝুড়ি নিয়ে যাচ্ছে।,0.0,0.0,0.0,0.0,0.0,0.0,0,0,0.32558139534883723,0.0
554774472_b5d165ff69.jpg,একটি ছেলে সুইমিংপুলে ঝাপ দিচ্ছে,0.1999999996,0.14285714265306124,0.16666666152777793,0.16666666152777793,0.0,0.16666666152777793,0,0,0.368421052631579,0.09090909082644627
2618538137_44fffe10c4.jpg,কুকুরটি একটি লাঠি ধরে আছে,0.1999999996,0.14285714265306124,0.16666666152777793,0.16666666152777793,0.0,0.16666666152777793,0,0,0.34375,0.09090909082644627
2968216482_ede65b20a8.jpg,একজন লোক একটি কালো বাইকে চড়ে শূন্যে লাফ দিচ্ছে,0.2222222219753086,0.2222222219753086,0.22222221697530875,0.22222221697530875,0.12499999484375018,0.22222221697530875,0,0,0.41463414634146345,0.124999999921875
4819.png,একটি ব্রীজ একটি সেতু আছে।,0.1999999996,0.3333333322222222,0.24999999468750006,0.24999999468750006,0.0,0.24999999468750006,0,0,0.4117647058823529,0.16666666638888888
2879241506_b421536330.jpg,এক মহিলা তার মাথার উপরে নাচছেন।,0.16666666638888888,0.1111111109876543,0.13333332835555572,0.13333332835555572,0.0,0.13333332835555572,0,0,0.3111111111111111,0.07142857137755101
4621.png,৪ জন পুরুষ আছে।,0.49999999875,0.15384615372781063,0.2352941137716263,0.2352941137716263,0.1333333299555556,0.2352941137716263,0,0,0.20408163265306123,0.14285714275510203
20210716_142005.jpg,অনেকগুলো চাকার কয়েকটি পুতুল আছে।,0.0,0.0,0.0,0.0,0.0,0.0,0,0,0.3414634146341463,0.0
2255342813_5b2ac6d633.jpg,একটি লোক পানিতে বড়শি দিয়ে মাছ ধরে আছে,0.12499999984374999,0.1111111109876543,0.11764705370242234,0.11764705370242234,0.0,0.11764705370242234,0,0,0.34615384615384615,0.07142857137755101
7403.png,একটি মেয়ে এবং একটি ছোট মেয়ে একটি মেয়েকে ধরে আছে।,0.0999999999,0.0999999999,0.09999999490000026,0.09999999490000026,0.0,0.09999999490000026,0,0,0.3421052631578947,0.0624999999609375
2419.png,একজন পুরুষ মুখে রঙ মেখে আছে।,0.33333333277777777,0.49999999875,0.3999999944,0.3999999944,0.0,0.3999999944,0,0,0.5,0.24999999968749997
3711.png,কয়েকজন লোক একসাথে দাড়িয়ে আছে।,0.3999999992,0.49999999875,0.4444444385185186,0.4444444385185186,0.28571428000000004,0.4444444385185186,0,0,0.5,0.2857142853061225
2244171992_a4beb04d8e.jpg,একটি যুবতী মেয়েটি,0.0,0.0,0.0,0.0,0.0,0.0,0,0,0.3076923076923077,0.0
2579572274_826598b14a.jpg,একটি ছেলে একটি ছোট ছেলে বসে আছে,0.4285714279591837,0.2727272724793388,0.33333332820987654,0.33333332820987654,0.1818181765289258,0.33333332820987654,0,0,0.4545454545454546,0.23076923059171597
3705976184_53ae07e898.jpg,দুই ছোট ছেলে ও একটি ছেলে ও একটি ছেলে ও একটি ছেলে ও একটি ছেলে ও একটি ছেলে ও একটি ছেলে ও একটি ছেলে ও একটি ছেলে ও একটি ছেলে ও একটি ছেলে ও একটি ছেলে ও একটি ছেলে ও,0.0499999999875,0.33333333277777777,0.08695651943289232,0.08695651943289232,0.0,0.08695651943289232,0,0,0.22033898305084743,0.2222222219753086
3435653630_3b6cca2c40.jpg,দুজন <unk> পড়া।,0.3333333322222222,0.16666666638888888,0.2222222172839507,0.2222222172839507,0.0,0.2222222172839507,0,0,0.26086956521739135,0.12499999984374999
505.png,কয়েকজন পুরুষ দাড়িয়ে আছে কিছু মানুষ।,0.16666666638888888,0.249999999375,0.1999999948000001,0.1999999948000001,0.0,0.1999999948000001,0,0,0.4347826086956522,0.1111111109876543
7744.png,একজন পুরুষ হাতে ফুল নিয়ে আছে।,0.49999999916666665,0.24999999979166665,0.33333332851851855,0.33333332851851855,0.0,0.33333332851851855,0,0,0.44999999999999996,0.19999999986666667
3248.png,একজন পুরুষ একটি শিশু আছে।,0.3999999992,0.49999999875,0.4444444385185186,0.4444444385185186,0.0,0.4444444385185186,0,0,0.33333333333333337,0.2857142853061225
3522000960_47415c3890.jpg,একজন সার্ফার তরঙ্গে আটকে পড়েছে,0.3999999992,0.33333333277777777,0.36363635801652905,0.36363635801652905,0.2222222167901236,0.36363635801652905,0,0,0.5384615384615384,0.2222222219753086
2542.png,সাদা শার্ট ও গেঞ্জি পরিহিত একজন পুরুষ ও কয়েকজন পুরুষ দাড়িয়ে আছে।,0.08333333326388888,0.1999999996,0.11764705453287211,0.11764705453287211,0.0,0.11764705453287211,0,0,0.2666666666666667,0.07142857137755101
20210515_184311.jpg,তিনজন ছেলে একসাথে ছবি তুলছে,0.5999999988,0.37499999953124996,0.46153845609467453,0.46153845609467453,0.1818181768595043,0.46153845609467453,0,0,0.3793103448275862,0.29999999969999996
3231596071_f0c522a639.jpg,একজন লোক তার মায়ের কাছ থেকে লিখছে।,0.2857142853061225,0.49999999875,0.36363635834710756,0.36363635834710756,0.2222222172839507,0.36363635834710756,0,0,0.5,0.2222222219753086
1332492622_8c66992b62.jpg,একটি <unk>,0.999999995,0.1999999998,0.33333333000000004,0.33333333000000004,0.0,0.1818181785123967,0,0,0.15000000000000002,0.1999999998
8708.png,একজন পুরুষ হেঁটে যাচ্ছে।,0.49999999875,0.49999999875,0.4999999937500001,0.4999999937500001,0.33333332722222225,0.4999999937500001,0,0,0.4,0.33333333277777777
7716.png,একটি শিশু পতাকা নিয়ে আছে।,0.5999999988,0.37499999953124996,0.46153845609467453,0.46153845609467453,0.1818181768595043,0.46153845609467453,0,0,0.5555555555555556,0.3333333329629629
2216695423_1362cb25f3.jpg,দুটি কুকুর এবং অন্যটি আরেকটি কুকুর লড়াই করছে,0.12499999984374999,0.249999999375,0.16666666194444454,0.16666666194444454,0.0,0.16666666194444454,0,0,0.3548387096774194,0.0999999999
8244.png,একটি লোক পাথরের উপর দিয়ে একটি উঁচু পাহাড়ের দিকে তাকিয়ে আছে।,0.09090909082644627,0.3333333322222222,0.14285713928571436,0.14285713928571436,0.0,0.14285713928571436,0,0,0.35,0.08333333326388888
2382411771_a16145f345.jpg,একটি কুকুর ঘাসের মাঠে একটি বাদামী কুকুর একটি বাদামী কুকুর একটি বাদামী কুকুর একটি বাদামী কুকুর একটি বাদামী কুকুর একটি বাদামী কুকুর একটি বাদামী কুকুর একটি বাদামী কুকুর একটি বাদামী কুকুর একটি বাদামী কুকুর একটি বাদামী কুকুর একটি বাদামী কুকুর,0.099999999975,0.4444444439506172,0.1632653030570596,0.1632653030570596,0.0833333302517362,0.1632653030570596,0,0,0.2215189873417721,0.2727272724793388
1442.png,অনেকগুলো নারী আছে।,0.6666666644444444,0.2857142853061225,0.39999999500000005,0.39999999500000005,0.0,0.39999999500000005,0,0,0.28,0.24999999968749997
3341.png,পানির উপর একজন পুরুষ পানির ওপাশে পাহাড় দেখা যাচ্ছে।,0.2222222219753086,0.49999999875,0.3076923029585799,0.3076923029585799,0.18181817752066123,0.3076923029585799,0,0,0.3142857142857143,0.1999999998
1087539207.jpg,চারটি বাচ্চা একটি ছোট ছেলে একটি ছবির জন্য পোজ দিচ্ছে,0.3999999996,0.571428570612245,0.4705882298961938,0.4705882298961938,0.2666666615111111,0.4705882298961938,0,0,0.5277777777777778,0.24999999979166665
3450874870_c4dcf58fb3.jpg,একটি স্কি রশি বেয়ে উঠতে সাহায্য করছেন,0.2857142853061225,0.2222222219753086,0.24999999476562512,0.24999999476562512,0.0,0.16666666152777793,0,0,0.38888888888888884,0.14285714275510203
8816.png,একটি ছেলে মাটি দিয়ে নিচে নেমে আছে।,0.2857142853061225,0.6666666644444444,0.39999999500000005,0.39999999500000005,0.0,0.39999999500000005,0,0,0.48,0.24999999968749997
5139.png,কয়েকজন ছেলে মিলে একটা ঝুড়ি নিয়ে যাচ্ছে।,0.14285714265306124,0.14285714265306124,0.14285713765306143,0.14285713765306143,0.0,0.14285713765306143,0,0,0.4,0.07692307686390532
5313.png,একদল বিএমএক্স বাইক চালানোর সময় কিছু লোক একটি মোটরসাইকেলে চড়ছে,0.0,0.0,0.0,0.0,0.0,0.0,0,0,0.26086956521739135,0.0
1679557684_50a206e4a9.jpg,একটি কুকুর একটি ফ্রিসবি তাড়া করে,0.49999999916666665,0.21428571413265304,0.2999999955,0.2999999955,0.13333332871111125,0.2352941128027682,0,0,0.368421052631579,0.14285714275510203
4340.png,একটি শিশু তাকিয়ে আছে।,0.7499999981250001,0.49999999916666665,0.5999999940000001,0.5999999940000001,0.24999999468750006,0.5999999940000001,0,0,0.5789473684210527,0.4285714279591837
2505360288_c972bd29c4.jpg,একটি কুকুর বুদবুদ <unk>,0.7499999981250001,0.4285714279591837,0.5454545398347109,0.5454545398347109,0.44444443901234576,0.5454545398347109,0,0,0.4482758620689655,0.37499999953124996
415793623_6c1225ae27.jpg,একজন লোক পাহাড়ে পাথরের দেয়ালে আরোহণ করছে,0.571428570612245,0.4444444439506172,0.49999999445312515,0.49999999445312515,0.2857142804081633,0.49999999445312515,0,0,0.4571428571428572,0.3333333330555555
3274691778_94bb57bba3.jpg,একজন মহিলা একটি আলোর প্রতিকির দিকে তাকিয়ে আছে,0.24999999968749997,0.2857142853061225,0.2666666613333334,0.2666666613333334,0.09523809070294806,0.2666666613333334,0,0,0.46875,0.15384615372781063
487071033_27e460a1b9.jpg,একজন লোক রাস্তায় সাইকেল চালাচ্ছে,0.3999999992,0.124999999921875,0.1904761866666667,0.1904761866666667,0.10526315445983389,0.1904761866666667,0,0,0.2857142857142857,0.10526315783933518
3256043809_47258e0b3e.jpg,দুটি কুকুর জলাশয়ের কাছে বরফে দৌড়াচ্ছে,0.16666666638888888,0.16666666638888888,0.16666666138888903,0.16666666138888903,0.0,0.16666666138888903,0,0,0.33333333333333337,0.09090909082644627
3446347599_0ecc49a9d5.jpg,একটি জলাশয় আছে।,0.6666666644444444,0.1999999998,0.3076923036686391,0.3076923036686391,0.0,0.3076923036686391,0,0,0.21052631578947367,0.18181818165289254
3029.png,একটি নৌকায় মানুষ আছে।,0.49999999875,0.24999999968749997,0.33333332833333335,0.33333332833333335,0.0,0.33333332833333335,0,0,0.4,0.24999999968749997
5037.png,চারটি শিশু আছে।,0.3333333322222222,0.249999999375,0.28571428000000004,0.28571428000000004,0.0,0.28571428000000004,0,0,0.5,0.16666666638888888
1445754124_647168f211.jpg,একটি কুকুর একটি গাছের উপরে লাফ দিচ্ছে,0.4285714279591837,0.49999999916666665,0.4615384558579882,0.4615384558579882,0.1818181765289258,0.4615384558579882,0,0,0.5769230769230769,0.3333333329629629
909808296_23c427022d.jpg,একটি কালো কুকুর একটি রাস্তার পাশে দাঁড়িয়ে আছে,0.49999999937499995,0.3333333330555555,0.39999999480000004,0.39999999480000004,0.22222221722222232,0.39999999480000004,0,0,0.4545454545454546,0.24999999979166665
6563.png,একজন পুরুষ নৌকা চালাচ্ছে।,0.49999999875,0.18181818165289254,0.26666666240000003,0.26666666240000003,0.15384615005917168,0.26666666240000003,0,0,0.3157894736842105,0.16666666652777776
6345.png,একটি ফলের দোকানে একজন লোক দাঁড়িয়ে আছে,0.14285714265306124,0.249999999375,0.1818181768595043,0.1818181768595043,0.0,0.1818181768595043,0,0,0.34615384615384615,0.0999999999
6166.png,রেল লাইন ধরে অনেক মানুষ আছে।,0.49999999916666665,0.3333333329629629,0.3999999946666667,0.3999999946666667,0.2222222167901236,0.3999999946666667,0,0,0.6190476190476191,0.2727272724793388
7313.png,একটি মহিলা বসে আছে।,0.49999999875,0.3999999992,0.4444444385185186,0.4444444385185186,0.28571428000000004,0.4444444385185186,0,0,0.4736842105263158,0.2857142853061225
3506560025_8d0f4f9ac4.jpg,এক ছোট ছেলে একটি <unk> মুখের কাছে থেকে দূরে তাকাচ্ছে ।,0.09090909082644627,0.0999999999,0.09523809015873042,0.09523809015873042,0.0,0.09523809015873042,0,0,0.39534883720930236,0.049999999975
4773.png,একটি দোকানের ভিতর একটি দোকানের ভিতর বসে আছে।,0.12499999984374999,0.3333333322222222,0.18181817752066123,0.18181817752066123,0.0,0.18181817752066123,0,0,0.32258064516129037,0.14285714265306124
4506.png,একজন নারী দাড়িয়ে আছে।,0.7499999981250001,0.5999999988,0.6666666602469137,0.6666666602469137,0.28571428000000004,0.6666666602469137,0,0,0.631578947368421,0.49999999916666665
7751.png,একজন লোক আরেক ছেলে এবং একজন বালক হেঁটে যাচ্ছে।,0.2222222219753086,0.16666666652777776,0.1904761853968255,0.1904761853968255,0.10526315290858747,0.1904761853968255,0,0,0.3111111111111111,0.1111111110493827
1772859261_236c09b861.jpg,একটি সাদা কুকুর পানি থেকে পানিতে সাঁতার কাটছে।,0.49999999937499995,0.6666666655555555,0.5714285657142858,0.5714285657142858,0.16666666152777793,0.5714285657142858,0,0,0.5,0.3999999996
9053.png,একজন পুরুষ বসে আছে।,0.249999999375,0.249999999375,0.2499999943750001,0.2499999943750001,0.0,0.2499999943750001,0,0,0.5,0.14285714265306124
2469.png,একজন নারী ও অনেকগুলো নারী বসে আছে।,0.14285714265306124,0.12499999984374999,0.13333332817777796,0.13333332817777796,0.0,0.13333332817777796,0,0,0.3870967741935484,0.07692307686390532
1706.png,একজন পুরুষ ও একজন পুরুষ বসে আছে।,0.7142857132653061,0.5555555549382716,0.624999994296875,0.624999994296875,0.2857142804081633,0.624999994296875,0,0,0.625,0.4444444439506172
2214132302_80064fd79d.jpg,একজন মহিলা একটি রাস্তায় হাঁটছেন।,0.3999999992,0.49999999875,0.4444444385185186,0.4444444385185186,0.28571428000000004,0.4444444385185186,0,0,0.5454545454545454,0.2857142853061225
4940.png,অনেকগুলো মানুষ আছে।,0.9999999966666667,0.49999999916666665,0.6666666607407408,0.6666666607407408,0.28571428081632655,0.6666666607407408,0,0,0.5714285714285714,0.49999999916666665
3559374748_f18c7caa55.jpg,একটি ছোট ছেলে একটি দৌড়ের গাড়ি বালুর উপর শুয়ে ছায়া ফেলে বিশ্রাম নিচ্ছে।,0.07692307686390532,0.1111111109876543,0.09090908599173579,0.09090908599173579,0.0,0.09090908599173579,0,0,0.3913043478260869,0.049999999975
1243.png,একজন নারী বসে কাজ করছে।,0.3999999992,0.33333333277777777,0.36363635801652905,0.36363635801652905,0.2222222167901236,0.36363635801652905,0,0,0.5833333333333333,0.2222222219753086
2980118787_2099de53ec.jpg,একজন সাইকেল চালক তার সাইকেল দিয়ে বাতাসে লাফিয়ে কসরত দেখাচ্ছে,0.49999999949999996,0.6249999992187499,0.5555555500000001,0.5555555500000001,0.374999994609375,0.5555555500000001,0,0,0.6904761904761905,0.41666666631944443
426191845_1e979e9345.jpg,একটি সাদা কুকুর আকাশে উড়ছে,0.3999999992,0.6666666644444444,0.49999999406250006,0.49999999406250006,0.0,0.49999999406250006,0,0,0.5555555555555556,0.33333333277777777
6193.png,একটি শিশু আছে।,0.3333333322222222,0.3333333322222222,0.33333332722222225,0.33333332722222225,0.0,0.33333332722222225,0,0,0.5454545454545454,0.1999999996
3789.png,সামনে দুইজন পুরুষ একসাথে দাড়িয়ে আছে।,0.6666666655555555,0.49999999937499995,0.5714285657142858,0.5714285657142858,0.33333332791666676,0.5714285657142858,0,0,0.4,0.3999999996
5653.png,কয়েকজন মানুষ হেঁটে যাচ্ছে।,0.249999999375,0.249999999375,0.2499999943750001,0.2499999943750001,0.0,0.2499999943750001,0,0,0.625,0.14285714265306124
6054.png,একজন বাচ্চা ছেলে দোলনায় দোল খাচ্ছে,0.6666666655555555,0.49999999937499995,0.5714285657142858,0.5714285657142858,0.16666666152777793,0.4285714230612245,0,0,0.7037037037037037,0.3999999996
3498327617_d2e3db3ee3.jpg,একটি কুকুর পানি ছিটায় কারণ সে একটি বিশাল স্প্ল্যাশ করছে।,0.29999999969999996,0.37499999953124996,0.3333333280246914,0.3333333280246914,0.24999999476562512,0.3333333280246914,0,0,0.4736842105263158,0.21428571413265304
2386.png,একজন পুরুষ মাথায় কিছু লাল সবুজ ধান ক্ষেত।,0.24999999968749997,0.16666666652777776,0.1999999950000001,0.1999999950000001,0.0,0.16666666194444454,0,0,0.25531914893617025,0.1111111110493827
3522749949_fb615cee47.jpg,একটি ছেলে একটি সকার বলের জন্য দৌড়াচ্ছে,0.2857142853061225,0.18181818165289254,0.22222221722222232,0.22222221722222232,0.12499999515625017,0.22222221722222232,0,0,0.4473684210526315,0.13333333324444444
5909.png,একজন মহিলা একটি সাইকেল চালিয়ে যাচ্ছে।,0.49999999916666665,0.37499999953124996,0.4285714230612245,0.4285714230612245,0.0,0.2857142804081633,0,0,0.52,0.2727272724793388
508958120_afe274f726.jpg,এক ব্যক্তি একটি পাথরের উপর লাফ দিচ্ছে,0.2857142853061225,0.24999999968749997,0.2666666613333334,0.2666666613333334,0.15384614863905344,0.2666666613333334,0,0,0.4,0.15384615372781063
2443.png,সামনে একজন পুরুষ দাড়িয়ে আছে।,0.3999999992,0.49999999875,0.4444444385185186,0.4444444385185186,0.0,0.4444444385185186,0,0,0.5263157894736843,0.2857142853061225
2120383553_5825333a3f.jpg,একটি ছোট্ট মেয়েটি তার <unk> ধরে আছে,0.4285714279591837,0.29999999969999996,0.35294117121107266,0.35294117121107266,0.0,0.35294117121107266,0,0,0.41666666666666663,0.21428571413265304
287001804_535827984641930_3966351733372935358_n.jpg,একটি স্কেট পার্কে এক লোক একটি স্কেটবোর্ড নিয়ে একটি <unk>,0.1999999998,0.6666666644444444,0.3076923036686391,0.3076923036686391,0.1818181785123967,0.3076923036686391,0,0,0.28205128205128205,0.2222222219753086
2331.png,কয়েকজন ছেলে মেয়ে একসাথে হয়ে ছবি তুলছে যার মাঝে ৪ জন ছেলে দাড়িয়ে আছে যাদের পিছনে কিছু ছেলেমেয়ে একসাথে বসে এবং একসাথে বসে এবং একসাথে বসে এবং একসাথে বসে এবং একসাথে বসে এবং একসাথে বসে এবং একসাথে বসে এবং একসাথে,0.02499999999375,0.16666666638888888,0.04347825858223074,0.04347825858223074,0.0,0.04347825858223074,0,0,0.12413793103448278,0.04166666664930555
414773731_c3f5bf43d5.jpg,একটি কুকুর ঘন বরফের মধ্যে দাঁড়িয়ে আছে,0.571428570612245,0.6666666655555555,0.6153846094674558,0.6153846094674558,0.36363635801652905,0.33333332791666676,0,0,0.5769230769230769,0.4444444439506172
1078.png,৪ জন মহিলা ২ জন ছোট মেয়ে দাড়িয়ে আছে।,0.3333333329629629,0.2727272724793388,0.29999999475000005,0.29999999475000005,0.0,0.29999999475000005,0,0,0.4285714285714286,0.1874999998828125
2706.png,কয়েকজন পুরুষ একসাথে দাড়িয়ে আছে।,0.5999999988,0.9999999966666667,0.7499999934375,0.7499999934375,0.33333332777777785,0.7499999934375,0,0,0.5714285714285714,0.5999999988
448257345_ce149c2ea6.jpg,একটি ছোট্ট কুকুরছানা একটি <unk>,0.1999999996,0.14285714265306124,0.16666666152777793,0.16666666152777793,0.0,0.16666666152777793,0,0,0.42307692307692313,0.0999999999
2922222717_12195af92d.jpg,একটি কালো কুকুর তার মুখ দিয়ে খাবার খাচ্ছে,0.37499999953124996,0.29999999969999996,0.3333333280246914,0.3333333280246914,0.12499999492187522,0.3333333280246914,0,0,0.46341463414634143,0.21428571413265304
5796.png,একটি শিশু আছে।,0.3333333322222222,0.1999999996,0.24999999468750006,0.24999999468750006,0.0,0.24999999468750006,0,0,0.3157894736842105,0.14285714265306124
3070011270_390e597783.jpg,একটি কালো কুকুর পানিতে সাঁতার কাটছে।,0.49999999916666665,0.7499999981250001,0.5999999940000001,0.5999999940000001,0.1818181765289258,0.5999999940000001,0,0,0.7407407407407407,0.4285714279591837
878758390_dd2cdc42f6.jpg,একটি সাদা কুকুর পানির দিকে আসছে,0.49999999916666665,0.5999999988,0.5454545395041324,0.5454545395041324,0.4444444385185186,0.5454545395041324,0,0,0.6666666666666667,0.37499999953124996
137861003.jpg,পানির পাশে এক দম্পতি নদীর জলে খেলে,0.14285714265306124,0.1111111109876543,0.12499999492187522,0.12499999492187522,0.0,0.12499999492187522,0,0,0.32258064516129037,0.07692307686390532
3758.png,একজন নারী ও একজন নারী বসে আছে।,0.14285714265306124,0.16666666638888888,0.15384614863905344,0.15384614863905344,0.0,0.15384614863905344,0,0,0.30434782608695654,0.0999999999
2644430445_47c985a2ee.jpg,একজন মহিলা এবং একজন মহিলা,0.1999999996,0.249999999375,0.2222222167901236,0.2222222167901236,0.0,0.2222222167901236,0,0,0.5,0.16666666638888888
2356574282_5078f08b58.jpg,কালো পোশাক পরিহিত দুইজন নারী এবং একজন মহিলা একসাথে ছবি তুলছে,0.3636363633057851,0.28571428551020406,0.31999999481600006,0.31999999481600006,0.11764705384083066,0.23999999488000007,0,0,0.4629629629629629,0.19047619038548752
2347921097_f2e35753c0.jpg,একটি কালো কুকুর একটি কালো বাদামী কুকুরকে কামড়াচ্ছে,0.6249999992187499,0.3571428568877551,0.4545454495041322,0.4545454495041322,0.11111110623456812,0.36363635867768596,0,0,0.4893617021276596,0.28571428551020406
3210359094_ee51285301.jpg,একটি শিশু বরফে আচ্ছন্ন পাহাড়ে বসে আছে,0.571428570612245,0.6666666655555555,0.6153846094674558,0.6153846094674558,0.2222222172839507,0.6153846094674558,0,0,0.42307692307692313,0.4444444439506172
3266406566_d64e57e65a.jpg,একটি মহিলা একটি কাঠের রান্না ঘরে বিছানার উপর বসে আছে,0.1999999998,0.2857142853061225,0.23529411252595167,0.23529411252595167,0.13333332835555572,0.23529411252595167,0,0,0.4285714285714286,0.14285714275510203
5894.png,একটি শিশু আছে।,0.9999999966666667,0.49999999916666665,0.6666666607407408,0.6666666607407408,0.28571428081632655,0.6666666607407408,0,0,0.5,0.49999999916666665
6363.png,নৌকায় তিনজন মানুষ আছে।,0.49999999875,0.33333333277777777,0.3999999944,0.3999999944,0.24999999468750006,0.3999999944,0,0,0.5217391304347826,0.24999999968749997
4930.png,জলাশয়ের ওপাশে সবুজ ধান ক্ষেত আছে।,0.16666666638888888,0.3333333322222222,0.2222222172839507,0.2222222172839507,0.0,0.2222222172839507,0,0,0.21739130434782605,0.12499999984374999
1106.png,একটি <unk> <unk> এবং একটি বন্য <unk>,0.14285714265306124,0.14285714265306124,0.14285713765306143,0.14285713765306143,0.0,0.14285713765306143,0,0,0.3076923076923077,0.0999999999
1287475186_2dee85f1a5.jpg,এক ছোট ছেলে পানি স্প্রে করছে।,0.16666666638888888,0.0999999999,0.12499999515625017,0.12499999515625017,0.0,0.12499999515625017,0,0,0.4516129032258065,0.06666666662222222
4882.png,আকাশে কালো মেঘ ছড়িয়ে ছিটিয়ে আছে,0.0,0.0,0.0,0.0,0.0,0.0,0,0,0.25,0.0
920.png,একজন পুরুষ একটি ঘরের সামনে দাড়িয়ে আছে।,0.7142857132653061,0.8333333319444445,0.7692307630769232,0.7692307630769232,0.36363635801652905,0.6153846094674558,0,0,0.4444444444444444,0.6249999992187499
698107542_3aa0ba78b4.jpg,একটি ছোট্ট মেয়েটি উল্টো হয়ে আছে।,0.16666666638888888,0.14285714265306124,0.15384614863905344,0.15384614863905344,0.0,0.15384614863905344,0,0,0.42307692307692313,0.08333333326388888
3431671749_e8e3a449ac.jpg,একটি গাড়ির কাছেই একটি <unk> সম্বলিত রাস্তায় রেসিং গাড়ি রাস্তায় রাস্তায় রাস্তায় রাস্তায় রাস্তায় রাস্তায় রাস্তায় রাস্তায় রাস্তায় রাস্তায় রাস্তায় রাস্তায় রাস্তায় রাস্তায় রাস্তায় রাস্তায় রাস্তায় রাস্তায় রাস্তায় রাস্তায় রাস্তায় রাস্তায় রাস্তায় রাস্তায় রাস্তায় রাস্তায় রাস্তায় রাস্তায় রাস্তায় রাস্তায় রাস্তায়,0.07499999998125,0.29999999969999996,0.11999999675200007,0.11999999675200007,0.0,0.11999999675200007,0,0,0.12041884816753923,0.14285714275510203
751109943_2a7f8e117f.jpg,একটি ছোট্ট মেয়ে <unk>,0.7499999981250001,0.37499999953124996,0.49999999472222234,0.49999999472222234,0.1999999954000001,0.49999999472222234,0,0,0.48275862068965514,0.37499999953124996
2865409854_afedf98860.jpg,মাঠের মধ্যে লোকজন দৌড়াচ্ছে,0.0,0.0,0.0,0.0,0.0,0.0,0,0,0.25,0.0
2936707421_8e629874b8.jpg,একটি ছোট্ট মেয়ে নীল রঙের একটি <unk> <unk>,0.37499999953124996,0.2727272724793388,0.31578946847645434,0.31578946847645434,0.0,0.21052631069252087,0,0,0.375,0.14285714275510203
5944.png,একজন পুরুষ চাপকল থেকে রান্না ঘরে রান্না ঘরে রান্না ঘরে রান্না ঘরে রান্না ঘরে রান্না ঘরে রান্না ঘরে রান্না ঘরে রান্না ঘরে রান্না ঘরে রান্না ঘরে রান্না ঘরে রান্না ঘরে রান্না ঘরে রান্না ঘরে রান্না ঘরে রান্না ঘরে রান্না ঘরে,0.0499999999875,0.2222222219753086,0.08163265002915464,0.08163265002915464,0.042553188646446534,0.08163265002915464,0,0,0.11971830985915488,0.15384615372781063
3047264346_e24601bfbf.jpg,চশমা পরিহিত একজন পুরুষ ও একজন লোক দাঁড়িয়ে আছে,0.3333333329629629,0.49999999916666665,0.3999999946666667,0.3999999946666667,0.3076923024852071,0.3999999946666667,0,0,0.41860465116279066,0.2727272724793388
2124.png,একটি নৌকায় অনেকগুলো মানুষ আছে।,0.1999999996,0.14285714265306124,0.16666666152777793,0.16666666152777793,0.0,0.16666666152777793,0,0,0.28,0.09090909082644627
3587009091_37188fd07e.jpg,একটি পুকুর দিয়ে একটি রাজহাঁস,0.3999999992,0.2222222219753086,0.2857142807142858,0.2857142807142858,0.0,0.2857142807142858,0,0,0.40740740740740744,0.0999999999
2374570771_c395fc224a.jpg,একটি কালো কুকুর পানি পান করছে,0.33333333277777777,0.33333333277777777,0.3333333277777778,0.3333333277777778,0.0,0.3333333277777778,0,0,0.4545454545454546,0.1999999998
3624327440_bef4f33f32.jpg,একজন লোক সমুদ্রে পড়তে শুরু করতে যাচ্ছে,0.4285714279591837,0.21428571413265304,0.28571428099773244,0.28571428099773244,0.10526315346260404,0.28571428099773244,0,0,0.37037037037037035,0.16666666657407406
6780.png,একটি নৌকায় কয়েকজন মানুষ আছে।,0.5999999988,0.5999999988,0.5999999938,0.5999999938,0.2499999943750001,0.5999999938,0,0,0.75,0.4285714279591837
2368266191_87d77750f1.jpg,একটি সাদা কালো কুকুর ঘাসের লনে ঘুরে বেড়াতে কালো কুকুর একটি কালো কুকুর ঘাসের লনে ঘুরে বেড়াতে কালো কুকুর একটি কালো কুকুর ঘাসের লনে ঘুরে বেড়াতে কালো কুকুর একটি কালো কুকুর ঘাসের লনে ঘুরে বেড়াতে কালো কুকুর একটি কালো কুকুর,0.07499999998125,0.3333333329629629,0.1224489765431071,0.1224489765431071,0.0,0.1224489765431071,0,0,0.19148936170212771,0.14285714275510203
1470.png,একটি শিশু হাতে পতাকা নিয়ে আছে।,0.49999999916666665,0.49999999916666665,0.4999999941666667,0.4999999941666667,0.19999999460000012,0.4999999941666667,0,0,0.42105263157894735,0.3333333329629629
7338.png,একটি চলন্ত নৌকায় কয়েকজন মানুষ আছে।,0.33333333277777777,0.2222222219753086,0.2666666615111111,0.2666666615111111,0.0,0.2666666615111111,0,0,0.4117647058823529,0.16666666652777776
2050.png,একজন পুরুষ দাড়িয়ে আছে।,0.0,0.0,0.0,0.0,0.0,0.0,0,0,0.2727272727272727,0.0
390986651_c801db91a0.jpg,একটি <unk> একটি তাঁবু ও একটি তাঁবু ও একটি তাঁবু ও একটি তাঁবু ও একটি তাঁবু ও একটি তাঁবু ও একটি তাঁবু ও একটি তাঁবু ও একটি তাঁবু ও একটি তাঁবু ও একটি তাঁবু ও একটি তাঁবু ও একটি তাঁবু,0.0499999999875,0.2222222219753086,0.08163265002915464,0.08163265002915464,0.0,0.0444444424493828,0,0,0.20491803278688525,0.18181818165289254
4914.png,নদী দিয়ে একটি নৌকা দেখা যাচ্ছে।,0.16666666638888888,0.3333333322222222,0.2222222172839507,0.2222222172839507,0.0,0.2222222172839507,0,0,0.368421052631579,0.12499999984374999
2288.png,একজন পুরুষ দাড়িয়ে আছে।,0.7499999981250001,0.9999999966666667,0.8571428497959185,0.8571428497959185,0.39999999360000005,0.8571428497959185,0,0,0.7333333333333334,0.7499999981250001
2075321027_c8fcbaf581.jpg,কালো রঙের জ্যাকেটের একটি লোক একটি কালো প্যান্ট পরে একটি পাথুরে রাস্তা দিয়ে হেঁটে যাচ্ছে,0.13333333324444444,0.24999999968749997,0.17391303879017025,0.17391303879017025,0.0,0.17391303879017025,0,0,0.3214285714285714,0.1111111110493827
3000722396_1ae2e976c2.jpg,একটি কালো এবং সাদা কুকুরটি একটি লাল বল নিয়ে খেলছে,0.6999999992999999,0.7777777769135802,0.7368420995013849,0.7368420995013849,0.7058823471280277,0.7368420995013849,0,0,0.7058823529411764,0.6363636357851239
5420.png,কয়েকজন পুরুষ পাশাপাশি দাড়িয়ে আছে।,0.5999999988,0.37499999953124996,0.46153845609467453,0.46153845609467453,0.2499999943750001,0.46153845609467453,0,0,0.5238095238095238,0.37499999953124996
3251906388_c09d44340e.jpg,একটি সাদা কুকুর বরফে খেলছে,0.7999999984,0.3999999996,0.5333333281777778,0.5333333281777778,0.0,0.39999999502222217,0,0,0.5263157894736843,0.3636363633057851
5284.png,একজন পুরুষ নৌকা চালাচ্ছে আর সেই নৌকায় একজন মানুষ আছে।,0.29999999969999996,0.5999999988,0.39999999502222217,0.39999999502222217,0.15384614934911253,0.2666666618666667,0,0,0.3421052631578947,0.2727272724793388
562928217_21f967a807.jpg,একটি কুকুর একটি ভলিবল খেলছে,0.7999999984,0.28571428551020406,0.4210526272576178,0.4210526272576178,0.2352941137716263,0.33333332895061735,0,0,0.3793103448275862,0.23076923059171597
2052953131_30834196fb.jpg,একজন লোক তার স্নোবোর্ড দিয়ে লাফ দিলো,0.2857142853061225,0.2857142853061225,0.28571428030612256,0.28571428030612256,0.16666666138888903,0.28571428030612256,0,0,0.33333333333333337,0.16666666652777776
389.png,একজন পুরুষ বসে কাজ করছে।,0.3999999992,0.1999999998,0.2666666618666667,0.2666666618666667,0.0,0.2666666618666667,0,0,0.38888888888888884,0.16666666652777776
2975073156_7543ed326f.jpg,এক মহিলা রাস্তায় দাঁড়িয়ে আছে।,0.0,0.0,0.0,0.0,0.0,0.0,0,0,0.33333333333333337,0.0
4944.png,একটি মেয়ে বসে আছে আর একটা ছেলে শুয়ে আছে আর একটা ছেলে শুয়ে আছে আর একটা ছেলে শুয়ে আছে আর একটা ছেলে শুয়ে আছে আর একটা ছেলে শুয়ে আছে আর একটা ছেলে শুয়ে আছে আর একটা ছেলে শুয়ে আছে আর,0.0,0.0,0.0,0.0,0.0,0.0,0,0,0.12598425196850394,0.0
3337.png,একজন লোক হাতে ভর দিয়ে হাঁটছেন,0.16666666638888888,0.16666666638888888,0.16666666138888903,0.16666666138888903,0.0,0.16666666138888903,0,0,0.5652173913043479,0.09090909082644627
5764.png,পানিতে একজন মানুষ আছে।,0.9999999975,0.9999999975,0.9999999925,0.9999999925,0.9999999916666666,0.9999999925,1,1,1.0,0.9999999975
4996.png,পুকুরে গাছের নিচে <unk>,0.0,0.0,0.0,0.0,0.0,0.0,0,0,0.33333333333333337,0.0
1527297882_dededc7891.jpg,মাথায় টুপি মাথায় ক্যাপ পরা একজন মানুষ আছে।,0.24999999968749997,0.14285714275510203,0.1818181770247935,0.1818181770247935,0.0,0.11111110604938293,0,0,0.30952380952380953,0.10526315783933518
6876.png,একটি সেতুর উপর দিয়ে কয়েকজন মানুষ আছে।,0.7142857132653061,0.3333333331111111,0.45454544979338846,0.45454544979338846,0.19999999560000006,0.45454544979338846,0,0,0.41509433962264153,0.29411764688581316
6436.png,একজন পুরুষ ও একটি শিশু আছে।,0.16666666638888888,0.14285714265306124,0.15384614863905344,0.15384614863905344,0.0,0.15384614863905344,0,0,0.3928571428571429,0.08333333326388888
2046222127_a6f300e202.jpg,একটি শিশু একটি <unk> দিয়ে তার <unk> উপর উঠছে ।,0.1999999998,0.18181818165289254,0.19047618530612256,0.19047618530612256,0.0,0.19047618530612256,0,0,0.3555555555555555,0.11764705875432525
5291.png,একজন পুরুষ চশমা পরে আছে।,0.9999999980000001,0.45454545413223135,0.6249999949218751,0.6249999949218751,0.28571428122448983,0.374999995234375,0,0,0.33333333333333337,0.45454545413223135
2091.png,একটি মঞ্চচে ২ জন পুরুষ বসে আছে।,0.14285714265306124,0.12499999984374999,0.13333332817777796,0.13333332817777796,0.0,0.13333332817777796,0,0,0.3548387096774194,0.07142857137755101
408233586_f2c1be3ce1.jpg,একটি কুকুর পানিতে ভিজে গেলো,0.5999999988,0.7499999981250001,0.6666666602469137,0.6666666602469137,0.5714285648979592,0.6666666602469137,0,0,0.7058823529411764,0.49999999916666665
3172283002_3c0fc624de.jpg,একটি নাচে,0.0,0.0,0.0,0.0,0.0,0.0,0,0,0.17391304347826086,0.0
2991993027_36ac04e9a0.jpg,কয়েকজন লোক একটি <unk> <unk> <unk> <unk> <unk> <unk> <unk> <unk> <unk> <unk> <unk> <unk> <unk> <unk> <unk> <unk> <unk> <unk> <unk> <unk> <unk> <unk> <unk> <unk> <unk> <unk> <unk> <unk> <unk> <unk> <unk> <unk> <unk> <unk> <unk> <unk> <unk>,0.07499999998125,0.4285714279591837,0.12765957187867819,0.12765957187867819,0.04444444211358036,0.12765957187867819,0,0,0.09999999999999998,0.37499999953124996
2676764246_c58205a365.jpg,কুকুরের দৌড় প্রতিযোগিতা অনুষ্ঠিত হচ্ছে,0.0,0.0,0.0,0.0,0.0,0.0,0,0,0.3125,0.0
4056.png,একটি মোটরসাইকেলে থাকা একজন লোক মোটরসাইকেলে চড়ছে,0.2857142853061225,0.2222222219753086,0.24999999476562512,0.24999999476562512,0.0,0.24999999476562512,0,0,0.4117647058823529,0.15384615372781063
2579899436_5086a33c7a.jpg,এক ছোট ছেলে পানি ছিটাচ্ছে,0.3999999992,0.3999999992,0.39999999420000004,0.39999999420000004,0.2499999943750001,0.39999999420000004,0,0,0.6666666666666667,0.24999999968749997
8487.png,কয়েকজন মানুষ আছে।,0.3333333322222222,0.249999999375,0.28571428000000004,0.28571428000000004,0.0,0.28571428000000004,0,0,0.38888888888888884,0.16666666638888888
2339573065_91f1e3be60.jpg,একটি মেয়ে ধূমপান করছে,0.249999999375,0.14285714265306124,0.1818181768595043,0.1818181768595043,0.0,0.1818181768595043,0,0,0.25,0.0999999999
2975253472_0f0c2dea70.jpg,একজন ফুটবল খেলোয়াড় বলের জন্য <unk> <unk> <unk> <unk> <unk> <unk> <unk> <unk> <unk> <unk> <unk> <unk> <unk> <unk> <unk> <unk> <unk> <unk> <unk> <unk> <unk> <unk> <unk> <unk> <unk> <unk> <unk> <unk> <unk> <unk> <unk> <unk> <unk> <unk> <unk>,0.099999999975,0.6666666655555555,0.17391304113421555,0.17391304113421555,0.13636363428719006,0.17391304113421555,0,0,0.14814814814814814,0.49999999937499995
3207343907_995f7ac1d2.jpg,একদল লোক একটি বরফের পাহাড় বেয়ে নিচে যাচ্ছে,0.37499999953124996,0.37499999953124996,0.37499999453125,0.37499999453125,0.14285713765306143,0.24999999468750006,0,0,0.33333333333333337,0.23076923059171597
2482.png,একটি ঘর দেখা যাচ্ছে।,0.0,0.0,0.0,0.0,0.0,0.0,0,0,0.24,0.0
2451285022_59255e7fd9.jpg,একজন পুরুষ মুখে একটি ব্যাট হাতে নিয়ে দাঁড়িয়ে আছে,0.3333333329629629,0.29999999969999996,0.31578946836565097,0.31578946836565097,0.11764705370242234,0.31578946836565097,0,0,0.41666666666666663,0.1874999998828125
7266.png,একটি রাস্তা দিয়ে একটি বট গাছ আছে।,0.14285714265306124,0.12499999984374999,0.13333332817777796,0.13333332817777796,0.0,0.13333332817777796,0,0,0.3928571428571429,0.08333333326388888
2562463210_d0dfd545ca.jpg,একটি শিশু পানিতে সাঁতার কাটছে,0.1999999996,0.12499999984374999,0.15384614887573977,0.15384614887573977,0.0,0.15384614887573977,0,0,0.2941176470588235,0.08333333326388888
2456030728_d3d147e774.jpg,একটি শিশু তাকিয়ে আছে।,0.249999999375,0.1999999996,0.2222222167901236,0.2222222167901236,0.0,0.2222222167901236,0,0,0.38888888888888884,0.12499999984374999
2321865325_79b0954a5d.jpg,একটি কুকুর একটি <unk> দিকে তাকিয়ে আছে।,0.4285714279591837,0.2727272724793388,0.33333332820987654,0.33333332820987654,0.0,0.28571428030612256,0,0,0.41666666666666663,0.1999999998
6433.png,৪ জন ছেলে দাড়িয়ে আছে একজন বিদেশি মহিলা ও একজন পুরুষ আছে।,0.16666666652777776,0.6666666644444444,0.2666666631111111,0.2666666631111111,0.15384615100591717,0.2666666631111111,0,0,0.29268292682926833,0.16666666652777776
2905942129_2b4bf59bc0.jpg,একটি শিশু দোলনায় দুলছে,0.9999999975,0.7999999984,0.8888888819753088,0.8888888819753088,0.28571428000000004,0.6666666602469137,0,0,0.6666666666666667,0.7999999984
412101267_7257e6d8c0.jpg,দুটি কুকুর একটি কালো কুকুরটিকে ধরার চেষ্টা করছে,0.37499999953124996,0.37499999953124996,0.37499999453125,0.37499999453125,0.1818181768595043,0.37499999453125,0,0,0.4516129032258065,0.23076923059171597
6697.png,একজন মানুষ দাড়িয়ে আছে।,0.9999999975,0.9999999975,0.9999999925,0.9999999925,0.9999999916666666,0.9999999925,1,1,1.0,0.9999999975
8374.png,একটি নৌকা ও কয়েকজন মানুষ আছে।,0.49999999916666665,0.24999999979166665,0.33333332851851855,0.33333332851851855,0.0,0.33333332851851855,0,0,0.41666666666666663,0.23076923059171597
524282699_71e678a6bd.jpg,দুটি কুকুর এবং একটি কুকুর দৌড়াচ্ছে,0.6666666655555555,0.3636363633057851,0.47058823017301044,0.47058823017301044,0.2666666618666667,0.47058823017301044,0,0,0.4651162790697675,0.2727272724793388
2857609295_16aaa85293.jpg,একটি সাদা কালো কুকুর একটি ফ্রিসবি ধরার জন্য দৌড়াচ্ছে,0.4444444439506172,0.4444444439506172,0.4444444389506173,0.4444444389506173,0.15384614887573977,0.4444444389506173,0,0,0.5142857142857142,0.2727272724793388
1670592963_39731a3dac.jpg,একটি কুকুর একটি ফ্রিসবি ধরার চেষ্টা করছে,0.4285714279591837,0.49999999916666665,0.4615384558579882,0.4615384558579882,0.36363635801652905,0.4615384558579882,0,0,0.5714285714285714,0.2222222219753086
200708306.jpg.webp,একজন বাচ্চা ছেলে দাড়িয়ে আছে একজন বাচ্চা মেয়ে বসে আছে।,0.0999999999,0.09090909082644627,0.09523809015873042,0.09523809015873042,0.0,0.09523809015873042,0,0,0.37209302325581395,0.05882352937716263
3554210976_fbd0ef33a3.jpg,লাল জ্যাকেট পড়া এক মহিলা বরফ ঢাকা পাহাড়ে আরোহণ করছে,0.0999999999,0.1999999996,0.13333332871111125,0.13333332871111125,0.0,0.13333332871111125,0,0,0.39473684210526316,0.07142857137755101
7350.png,একজন সেজে একজন সেজে হাত দিয়ে সেলফি তুলছে।,0.24999999968749997,0.2222222219753086,0.23529411238754333,0.23529411238754333,0.0,0.23529411238754333,0,0,0.4242424242424242,0.15384615372781063
2741380826_cfe0ddf0a9.jpg,একটি সাদা কুকুর একটি ফ্রিসবি ধরার চেষ্টা করছে,0.24999999968749997,0.6666666644444444,0.36363635900826446,0.36363635900826446,0.13333332817777796,0.36363635900826446,0,0,0.4736842105263158,0.24999999968749997
241347356_8a515555fd.jpg,একজন ফুটবল খেলোয়াড় বল লাথি মারলো,0.33333333277777777,0.24999999968749997,0.2857142804081633,0.2857142804081633,0.15384614887573977,0.2857142804081633,0,0,0.4411764705882353,0.16666666652777776
134206.jpg,একটি গোল <unk> <unk> <unk> মাঠে একটি গোল <unk> মাঠে একটি গোল <unk> মাঠে একটি গোল <unk> মাঠে একটি গোল <unk> মাঠে একটি গোল <unk> মাঠে একটি গোল <unk> মাঠে একটি গোল <unk> মাঠে একটি গোল <unk> মাঠে একটি গোল,0.0499999999875,0.2857142853061225,0.08510638040742426,0.08510638040742426,0.0,0.08510638040742426,0,0,0.1428571428571429,0.1111111109876543
3402081035_a54cfab1d9.jpg,প্যারাসুট <unk> দেখাচ্ছে,0.3333333322222222,0.16666666638888888,0.2222222172839507,0.2222222172839507,0.0,0.2222222172839507,0,0,0.25,0.12499999984374999
313.png,একটি শিশু আছে।,0.3333333322222222,0.06666666662222222,0.1111111082098766,0.1111111082098766,0.0,0.1111111082098766,0,0,0.1428571428571429,0.0624999999609375
1193.png,একজন ছেলে দাড়িয়ে আছেন।,0.7499999981250001,0.29999999969999996,0.42857142387755104,0.42857142387755104,0.0,0.42857142387755104,0,0,0.6666666666666667,0.2727272724793388
2894850774_2d530040a1.jpg,একটি লোক একটি লোক একটি লোক একটি লোক একটি লোক একটি লোক একটি লোক একটি লোক একটি লোক একটি লোক একটি লোক একটি লোক একটি লোক একটি লোক একটি লোক একটি লোক একটি লোক একটি লোক একটি লোক একটি লোক,0.02499999999375,0.0999999999,0.039999996784000263,0.039999996784000263,0.0,0.039999996784000263,0,0,0.20143884892086328,0.09090909082644627
2766854400_640e2abe08.jpg,একটি ছেলে একটি শিশু একটি নীল চেয়ারে বসে একটি শিশু একটি নীল চেয়ারে বসে একটি শিশু একটি নীল চেয়ারে বসে একটি শিশু একটি নীল চেয়ারে বসে একটি শিশু একটি নীল চেয়ারে বসে একটি শিশু একটি নীল চেয়ারে বসে একটি শিশু,0.0499999999875,0.2857142853061225,0.08510638040742426,0.08510638040742426,0.04444444211358036,0.08510638040742426,0,0,0.20143884892086328,0.18181818165289254
2084157130_f288e492e4.jpg,একটি কুকুর ঘাসের উপর দৌড়াচ্ছে,0.7999999984,0.6666666655555555,0.7272727209917357,0.7272727209917357,0.4444444385185186,0.7272727209917357,0,0,0.7391304347826086,0.571428570612245
1000366164.jpg,একজন পুরুষ <unk> অনুশীলন করছে,0.1999999996,0.1999999996,0.19999999460000012,0.19999999460000012,0.0,0.19999999460000012,0,0,0.5,0.1111111109876543
5957.png,একজন পুরুষ বসে আছে।,0.7499999981250001,0.7499999981250001,0.7499999931250001,0.7499999931250001,0.33333332722222225,0.7499999931250001,0,0,0.8,0.5999999988
771366843_a66304161b.jpg,এক ব্যাক্তি পাহাড়ের চূড়ায় দাঁড়িয়ে আছে।,0.33333333277777777,0.2222222219753086,0.2666666615111111,0.2666666615111111,0.12499999554687513,0.2666666615111111,0,0,0.4473684210526315,0.16666666652777776
2679851489_a58780291e.jpg,একটি কালো কুকুর একটি কালো কুকুর,0.49999999916666665,0.49999999916666665,0.4999999941666667,0.4999999941666667,0.39999999420000004,0.4999999941666667,0,0,0.5652173913043479,0.49999999916666665
109380144.jpg,একটি <unk> সামনে তিনটি ছেলে একসাথে ভঙ্গি কামড় দিচ্ছে।,0.2222222219753086,0.09090909086776859,0.12903225386056202,0.12903225386056202,0.06896551319857336,0.12903225386056202,0,0,0.28395061728395066,0.079999999968
8116.png,একটি শিশু আছে।,0.9999999966666667,0.9999999966666667,0.9999999916666666,0.9999999916666666,0.9999999900000001,0.9999999916666666,1,1,1.0,0.9999999966666667
197504190_fd1fc3d4b7.jpg,একটি মাঠে একটি সাদা জামা কালো শার্টে ছোট ছেলে একটি গাছের নিচে ঘাসের লনে বসে আছে,0.124999999921875,0.33333333277777777,0.1818181776859505,0.1818181776859505,0.0,0.1818181776859505,0,0,0.28301886792452835,0.1111111110493827
3211577298_14296db6fd.jpg,একজন লোক একটি ঢেউ আছড়ে পড়ছে,0.49999999916666665,0.5999999988,0.5454545395041324,0.5454545395041324,0.0,0.36363635801652905,0,0,0.5,0.37499999953124996
6741.png,একজন পুরুষ আছে।,0.3333333322222222,0.1999999996,0.24999999468750006,0.24999999468750006,0.0,0.24999999468750006,0,0,0.25,0.14285714265306124
3436063693_15c8d377a2.jpg,একটি ধূসর কুকুর একটি নীল রঙের খেলনা নিয়ে খেলছে,0.6666666659259258,0.46153846118343195,0.545454540123967,0.545454540123967,0.39999999480000004,0.545454540123967,0,0,0.5625,0.3571428568877551
1764955991_5e53a28c87.jpg,একটি কুকুর জঙ্গলের রাস্তায় দৌড়াচ্ছে,0.5999999988,0.49999999916666665,0.5454545395041324,0.5454545395041324,0.2222222167901236,0.5454545395041324,0,0,0.6521739130434783,0.37499999953124996
1223.png,একজন নারী মাথায় টুপি পরে মাথায় গামছা বেধে বসে আছে।,0.29999999969999996,0.5999999988,0.39999999502222217,0.39999999502222217,0.15384614934911253,0.39999999502222217,0,0,0.4117647058823529,0.2727272724793388
2274.png,দু'জন লোক মাথায় একটি <unk> একটি <unk> একটি <unk> নিয়ে একটি <unk> একটি <unk> নিয়ে একটি <unk> একটি <unk> নিয়ে একটি <unk> একটি <unk> নিয়ে একটি <unk> একটি <unk> নিয়ে একটি <unk> একটি <unk> নিয়ে একটি <unk> একটি <unk> নিয়ে,0.0,0.0,0.0,0.0,0.0,0.0,0,0,0.14569536423841056,0.0
3322443827_a04a94bb91.jpg,একজন লোক একটি রেলিং এ বসে আছেন,0.2857142853061225,0.3999999992,0.33333332791666676,0.33333332791666676,0.1999999948000001,0.33333332791666676,0,0,0.4347826086956522,0.1999999998
2277299634_e14bdb7ff7.jpg,একজন লোক রাস্তায় দাড়িয়ে আছে,0.5999999988,0.5999999988,0.5999999938,0.5999999938,0.2499999943750001,0.5999999938,0,0,0.6818181818181819,0.4285714279591837
307301755_48919ef1b2.jpg,একটি ছোট ছেলে একটি পুরানো <unk>,0.49999999916666665,0.19999999986666667,0.2857142813605443,0.2857142813605443,0.10526315390581731,0.19047618621315202,0,0,0.3191489361702128,0.124999999921875
8653.png,একটি নৌকায় কয়েকজন মানুষ আছে।,0.5999999988,0.4285714279591837,0.4999999943055557,0.4999999943055557,0.0,0.4999999943055557,0,0,0.5925925925925926,0.3333333329629629
559102835_472ff702b5.jpg,সকার ফুটবল খেলোয়াড় ফুটবল ড্রিবল করে,0.16666666638888888,0.16666666638888888,0.16666666138888903,0.16666666138888903,0.0,0.16666666138888903,0,0,0.3076923076923077,0.0999999999
6640.png,সমুদ্রের পারে কয়েকটি নৌকা।,0.0,0.0,0.0,0.0,0.0,0.0,0,0,0.21212121212121215,0.0
3351360323_91bb341350.jpg,সাদা কোট এবং সাদা কোট এবং সাদা কোট এবং সাদা কোট এবং সাদা কোট এবং সাদা কোট এবং সাদা কোট এবং সাদা কোট এবং সাদা কোট এবং সাদা কোট এবং সাদা কোট এবং সাদা কোট এবং সাদা কোট এবং সাদা,0.02499999999375,0.16666666638888888,0.04347825858223074,0.04347825858223074,0.0,0.04347825858223074,0,0,0.18487394957983194,0.12499999984374999
346836948_179314678057526_1401882884773561562_n.jpg,একজন মানুষ ও কয়েকটি গরু আছে।,0.16666666638888888,0.14285714265306124,0.15384614863905344,0.15384614863905344,0.0,0.15384614863905344,0,0,0.2962962962962963,0.08333333326388888
3694064560_467683205b.jpg,কালো রঙের শার্ট পরা একজন লোক একটি <unk> পথে দাঁড়িয়ে আছে,0.2727272724793388,0.4285714279591837,0.33333332820987654,0.33333332820987654,0.24999999500000003,0.33333332820987654,0,0,0.3846153846153846,0.19999999986666667
3215847501_c723905ba4.jpg,সন্ধ্যাবেলা মাঠে কয়েকজন হেটে যাচ্ছে,0.1999999996,0.07692307686390532,0.11111110697530877,0.11111110697530877,0.0,0.11111110697530877,0,0,0.27586206896551724,0.05882352937716263
IMG_20220915_163027.jpg,একটি নীল জামা গায়ে একটি লোক একটি সাইকেল চালাচ্ছে,0.2222222219753086,0.1999999998,0.21052631058171756,0.21052631058171756,0.0,0.21052631058171756,0,0,0.3939393939393939,0.13333333324444444
3229.png,একজন পুরুষ দাড়িয়ে আছে।,0.7499999981250001,0.7499999981250001,0.7499999931250001,0.7499999931250001,0.6666666594444445,0.7499999931250001,0,0,0.8666666666666667,0.5999999988
69189650_6687da7280.jpg,একটি কুকুর একটি ফ্রিসবি ধরার চেষ্টা করছে,0.2857142853061225,0.33333333277777777,0.3076923022485208,0.3076923022485208,0.0,0.3076923022485208,0,0,0.4,0.2222222219753086
2955673642_4279b32097.jpg,এক সাদা <unk> একটি সাদা কুকুর নিয়ে রাস্তায় <unk>,0.4444444439506172,0.3636363633057851,0.39999999464999997,0.39999999464999997,0.1428571377551022,0.3529411710726644,0,0,0.4285714285714286,0.30769230745562126
1417031097_ab656bc4bd.jpg,একটি <unk> <unk> একটি মসজিদ।,0.3999999992,0.15384615372781063,0.22222221796296296,0.22222221796296296,0.0,0.22222221796296296,0,0,0.38095238095238093,0.12499999984374999
2520909293_9bb7f7364e.jpg,এক লোক তার সাইকেল নিয়ে বাতাসে ভাসছে,0.571428570612245,0.49999999937499995,0.5333333276444445,0.5333333276444445,0.15384614863905344,0.5333333276444445,0,0,0.53125,0.3636363633057851
1012212859_01547e3f17.jpg,একটি সাদা কুকুর একটি বল নিয়ে দৌড়াচ্ছে,0.8571428559183674,0.5454545449586776,0.6666666611728396,0.6666666611728396,0.4999999946875,0.6666666611728396,0,0,0.6097560975609756,0.45454545413223135
8535.png,সমুদ্রের পাড়ে হালকা পানিতে দুইজন লোক দাঁড়িয়ে আছে,0.37499999953124996,0.37499999953124996,0.37499999453125,0.37499999453125,0.14285713765306143,0.37499999453125,0,0,0.65625,0.23076923059171597
IMG_9568.JPG,একটি মেয়ে টি দাঁড়িয়ে আছে,0.7999999984,0.6666666655555555,0.7272727209917357,0.7272727209917357,0.5714285648979592,0.7272727209917357,0,0,0.6,0.571428570612245
8130.png,একজন বাচ্চা মেয়ে হাঁসিমুখে দাঁড়িয়ে আছে।,0.6666666655555555,0.24999999984375,0.363636359338843,0.363636359338843,0.19999999605000005,0.363636359338843,0,0,0.2727272727272727,0.2352941175086505
1192.png,একজন পুরুষ আছে।,0.9999999966666667,0.21428571413265304,0.3529411731487889,0.3529411731487889,0.13333333084444446,0.3529411731487889,0,0,0.21568627450980393,0.3333333329629629
3638.png,একজন পুরুষ হাসছে।,0.3333333322222222,0.12499999984374999,0.18181817752066123,0.18181817752066123,0.0,0.18181817752066123,0,0,0.31034482758620685,0.0999999999
6735.png,একটি সেতু আছে।,0.0,0.0,0.0,0.0,0.0,0.0,0,0,0.16666666666666663,0.0
300577375_26cc2773a1.jpg,একটি আধুনিক বিল্ডিংয়ের <unk> একটি <unk> কাছে একটি <unk> দিয়ে চলেছে।,0.09090909082644627,0.16666666638888888,0.11764705411764723,0.11764705411764723,0.0,0.11764705411764723,0,0,0.31818181818181823,0.08333333326388888
IMG_0022.JPG,তিনজন মহিলা বসে আছে,0.7499999981250001,0.9999999966666667,0.8571428497959185,0.8571428497959185,0.6666666594444445,0.8571428497959185,0,0,0.7142857142857143,0.7499999981250001
inbound4127243904367353328.jpg,অনেক নারী বসে আছে।,0.49999999875,0.24999999968749997,0.33333332833333335,0.33333332833333335,0.0,0.16666666194444454,0,0,0.28125,0.1999999998
1071201387.jpg,একজন মহিলা একটি মহিলা একটি আসনে বসে আছেন,0.49999999937499995,0.30769230745562126,0.3809523758730159,0.3809523758730159,0.0,0.2857142807256236,0,0,0.4444444444444444,0.26666666648888887
7777.png,তিনটি নৌকা ভর্তি মানুষ আছে।,0.3999999992,0.3999999992,0.39999999420000004,0.39999999420000004,0.0,0.19999999460000012,0,0,0.35,0.24999999968749997
3176131893_7181c733aa.jpg,একদল যুবক একটি সাদা শার্টে একটি ছোট ছেলেকে মারছে,0.1111111109876543,0.14285714265306124,0.12499999492187522,0.12499999492187522,0.0,0.12499999492187522,0,0,0.4117647058823529,0.07142857137755101
4239.png,একজন মানুষ দাড়িয়ে আছে।,0.49999999875,0.2857142853061225,0.36363635834710756,0.36363635834710756,0.2222222172839507,0.36363635834710756,0,0,0.32258064516129037,0.24999999968749997
465.png,একটি বানর ও পাতা ও পাতা ও পাতা ও পাতা ও পাতা ও পাতা ও পাতা ও পাতা ও পাতা ও পাতা ও পাতা ও পাতা ও পাতা ও পাতা ও পাতা ও পাতা ও পাতা ও পাতা ও পাতা,0.0499999999875,0.18181818165289254,0.07843136913494825,0.07843136913494825,0.04081632326530638,0.07843136913494825,0,0,0.11764705882352944,0.16666666652777776
3046949818_245b05f507.jpg,ছেলেরা ফুটবল খেলছে,0.3333333322222222,0.0999999999,0.15384615005917168,0.15384615005917168,0.0,0.15384615005917168,0,0,0.25806451612903225,0.08333333326388888
7938.png,রাতে একটি মুখোশ পরা মহিলা একটি মোমবাতি আছে।,0.12499999984374999,0.1999999996,0.15384614887573977,0.15384614887573977,0.0,0.15384614887573977,0,0,0.3448275862068966,0.09090909082644627
3506869953_802f463178.jpg,একজন লোক একটি জাহাজের <unk> আগুনের সান্তা ক্লজের বোতাম লাগানো একটি <unk>,0.3333333330555555,0.3333333330555555,0.3333333280555556,0.3333333280555556,0.09999999495000023,0.2727272675206612,0,0,0.36,0.2222222220987654
8755.png,একটি কালো গ্রেহাউন্ড একটি প্রাণী রয়েছে।,0.16666666638888888,0.3333333322222222,0.2222222172839507,0.2222222172839507,0.0,0.2222222172839507,0,0,0.32352941176470584,0.14285714265306124
3662963630_8f097e38d4.jpg,একজন স্কেটবোর্ডার একটি স্কেটবোর্ড কৌশল দেখাচ্ছে,0.33333333277777777,0.2222222219753086,0.2666666615111111,0.2666666615111111,0.0,0.2666666615111111,0,0,0.47058823529411764,0.18181818165289254
3343311201_eeb1a39def.jpg,একজন মেয়ে প্রশিক্ষণ দেখছে,0.249999999375,0.16666666638888888,0.1999999948000001,0.1999999948000001,0.0,0.1999999948000001,0,0,0.2962962962962963,0.1111111109876543
5611.png,একজন নারী বসে আছে।,0.49999999875,0.3999999992,0.4444444385185186,0.4444444385185186,0.0,0.4444444385185186,0,0,0.6666666666666667,0.2857142853061225
2604.png,একজন পুরুষ একটি নৌকা চালিয়ে যাচ্ছে।,0.33333333277777777,0.2857142853061225,0.3076923022485208,0.3076923022485208,0.1818181765289258,0.3076923022485208,0,0,0.31999999999999995,0.18181818165289254
3335097235_538f4777c3.jpg,একটি সাদা কুকুর মুখে নিয়ে একটি সাদা খেলনা নিয়ে দৌড়াচ্ছে,0.3999999996,0.571428570612245,0.4705882298961938,0.4705882298961938,0.15384614934911253,0.4705882298961938,0,0,0.48571428571428577,0.3636363633057851
4501.png,একজন বালক একটি শিশু কোলে নিয়ে আছে।,0.2857142853061225,0.33333333277777777,0.3076923022485208,0.3076923022485208,0.0,0.3076923022485208,0,0,0.375,0.18181818165289254
1473250020_dc829a090f.jpg,হাফপ্যান্ট পরিহিত একজন লোক একটি পাথরের উপর দিয়ে হাঁটছে।,0.3333333329629629,0.29999999969999996,0.31578946836565097,0.31578946836565097,0.11764705370242234,0.31578946836565097,0,0,0.6153846153846154,0.1874999998828125
2516.png,একজন নারী একটি পুরনো বাড়ির সামনে দিয়ে একটা মসজিদে নামাজ পড়ছে।,0.18181818165289254,0.2857142853061225,0.22222221722222232,0.22222221722222232,0.0,0.22222221722222232,0,0,0.41860465116279066,0.124999999921875
1191423753.jpg,দুজন বন্ধু একটি দালানের সামনে দাঁড়িয়ে আছে,0.2857142853061225,0.15384615372781063,0.1999999952500001,0.1999999952500001,0.0,0.1999999952500001,0,0,0.34615384615384615,0.124999999921875
3668.png,একজন পুরুষ রাস্তা দিয়ে মাথা রেখে খেলা করছে এবং ২ জন ছোট ছেলে।,0.15384615372781063,0.10526315783933518,0.12499999509765646,0.12499999509765646,0.06666666182222256,0.12499999509765646,0,0,0.2542372881355932,0.0833333332986111
1956678973_223cb1b847.jpg,একটি ঘাসের উপর একটি মাঠে খেলছে,0.33333333277777777,0.2857142853061225,0.3076923022485208,0.3076923022485208,0.0,0.3076923022485208,0,0,0.4285714285714286,0.1999999998
43.JPG,ভাসমান বাজার দিয়ে নৌকা পাড়ে কিছু মানুষ আছে।,0.24999999968749997,0.33333333277777777,0.2857142804081633,0.2857142804081633,0.0,0.18181817752066123,0,0,0.40740740740740744,0.16666666652777776
2752331711_cb18abba5a.jpg,একজন লোক একটি খাড়া পাথুরে পাহাড় বেয়ে উঠছে,0.37499999953124996,0.3333333329629629,0.3529411710726644,0.3529411710726644,0.2666666613333334,0.3529411710726644,0,0,0.5428571428571429,0.21428571413265304
5557.png,মাথায় গামছা বেধে ৩ জন মেয়ে দাড়িয়ে আছে যার চুল বাঁধা,0.18181818165289254,0.2857142853061225,0.22222221722222232,0.22222221722222232,0.12499999515625017,0.22222221722222232,0,0,0.2647058823529411,0.124999999921875
3001612175_53567ffb58.jpg,একটি লোক একটি কালো পোশাকের লোক একটি কালো রঙের জামা পরে একটি লোক তার স্কেটবোর্ড চালাচ্ছে,0.1874999998828125,0.3333333329629629,0.23999999520000007,0.23999999520000007,0.0869565171266543,0.15999999526400013,0,0,0.3666666666666667,0.1874999998828125
725.png,কয়েকজন মানুষ আছে।,0.3333333322222222,0.16666666638888888,0.2222222172839507,0.2222222172839507,0.0,0.2222222172839507,0,0,0.38095238095238093,0.12499999984374999
733964952_69f011a6c4.jpg,একটি লোক একটি বাদ্যযন্ত্র বাজাচ্ছে,0.5999999988,0.21428571413265304,0.3157894694736842,0.3157894694736842,0.2352941137716263,0.3157894694736842,0,0,0.33333333333333337,0.14285714275510203
3708266246_97a033fcc7.jpg,একটি কুকুর বাধার উপর দিয়ে লাফ দিচ্ছে,0.571428570612245,0.49999999937499995,0.5333333276444445,0.5333333276444445,0.3076923022485208,0.5333333276444445,0,0,0.6206896551724138,0.3999999996
2737729252_b3fd9c05b1.jpg,একটি মেয়ে একটি স্পঞ্জ মুখোমুখি দাঁড়িয়ে আছে,0.2857142853061225,0.33333333277777777,0.3076923022485208,0.3076923022485208,0.1818181765289258,0.3076923022485208,0,0,0.33333333333333337,0.1999999998
78984436_ad96eaa802.jpg,একটি কুকুর কাদা দিয়ে চলছে,0.3999999992,0.18181818165289254,0.249999995390625,0.249999995390625,0.0,0.21052631168975072,0,0,0.36363636363636365,0.14285714275510203
8933.png,কয়েকজন মানুষ আছে।,0.6666666644444444,0.49999999875,0.5714285648979592,0.5714285648979592,0.39999999360000005,0.5714285648979592,0,0,0.6875,0.3999999992
1741.png,একটি <unk> <unk>,0.3333333322222222,0.08333333326388888,0.1333333299555556,0.1333333299555556,0.0,0.1333333299555556,0,0,0.15000000000000002,0.07692307686390532
3387630781_f421a94d9d.jpg,একটি শিশু আছে।,0.6666666644444444,0.2222222219753086,0.3333333290277778,0.3333333290277778,0.19999999640000002,0.3333333290277778,0,0,0.2941176470588235,0.2222222219753086
3167.png,দুইজন মানুষ আছে।,0.9999999966666667,0.9999999966666667,0.9999999916666666,0.9999999916666666,0.9999999900000001,0.9999999916666666,1,1,1.0,0.9999999966666667
5097.png,অনেকগুলো মানুষ আছে।,0.6666666644444444,0.49999999875,0.5714285648979592,0.5714285648979592,0.39999999360000005,0.5714285648979592,0,0,0.75,0.3999999992
465859490_b077219424.jpg,একটি রৌদ্রোজ্জ্বল দিনে একদল লোক একটি মেয়ে,0.2857142853061225,0.33333333277777777,0.3076923022485208,0.3076923022485208,0.1818181765289258,0.3076923022485208,0,0,0.326530612244898,0.1999999998
3399284917_721aefe2a7.jpg,একটি দোলের উচ্চতায় একটি <unk>,0.5999999988,0.37499999953124996,0.46153845609467453,0.46153845609467453,0.0,0.46153845609467453,0,0,0.33333333333333337,0.2222222219753086
3619.png,একটি ভবন আছে।,0.0,0.0,0.0,0.0,0.0,0.0,0,0,0.1724137931034483,0.0
2660008870_b672a4c76a.jpg,একটি শিশু সুইমিংপুলে সাঁতার কাটছে,0.3999999992,0.3999999992,0.39999999420000004,0.39999999420000004,0.1818181768595043,0.39999999420000004,0,0,0.31818181818181823,0.24999999968749997
5888.png,কয়েকজন মানুষ আছে।,0.9999999966666667,0.5999999988,0.7499999934375,0.7499999934375,0.33333332777777785,0.7499999934375,0,0,0.6666666666666667,0.5999999988
5436.png,সমুদ্রের পারে তিনজন পুরুষ দাড়িয়ে আছে।,0.49999999916666665,0.23076923059171597,0.31578946903047095,0.31578946903047095,0.23529411321799312,0.31578946903047095,0,0,0.24390243902439024,0.19999999986666667
9145.png,একটি নৌকা চালিয়ে যাচ্ছেন একজন পুরুষ এবং পিছনে নদী দিয়ে।,0.1999999998,0.33333333277777777,0.24999999500000003,0.24999999500000003,0.0,0.24999999500000003,0,0,0.45945945945945943,0.14285714275510203
5272.png,একটি <unk> <unk> একটি <unk>,0.1999999996,0.3333333322222222,0.24999999468750006,0.24999999468750006,0.0,0.24999999468750006,0,0,0.26315789473684215,0.249999999375
7620.png,একজন ছোট ছেলে হাঁসি মুখে তাকিয়ে আছে।,0.4285714279591837,0.5999999988,0.4999999943055557,0.4999999943055557,0.1999999948000001,0.4999999943055557,0,0,0.5652173913043479,0.3333333329629629
5571.png,একটি পতাকা দেখা যাচ্ছে।,0.9999999975,0.571428570612245,0.7272727213223142,0.7272727213223142,0.6666666607407408,0.7272727213223142,0,0,0.5833333333333333,0.571428570612245
6913.png,একটি পাখি দেখা যাচ্ছে।,0.249999999375,0.3333333322222222,0.28571428000000004,0.28571428000000004,0.0,0.28571428000000004,0,0,0.46153846153846156,0.16666666638888888
1396703063_e8c3687afe.jpg,একজন লোক একটি লাল টুপি পরে আছে,0.8571428559183674,0.39999999973333333,0.5454545406198348,0.5454545406198348,0.2999999955,0.5454545406198348,0,0,0.4107142857142857,0.374999999765625
2899374885_f3b2b1a290.jpg,একটি ছোট্ট শিশু বাচ্চাদের কে পানি পান করে,0.37499999953124996,0.37499999953124996,0.37499999453125,0.37499999453125,0.0,0.37499999453125,0,0,0.37037037037037035,0.23076923059171597
2866.png,দুইজন মানুষ বসে আছে।,0.49999999875,0.24999999968749997,0.33333332833333335,0.33333332833333335,0.1999999954000001,0.33333332833333335,0,0,0.1923076923076923,0.24999999968749997
_MG_1341.JPG,একটি লোক ও নীল রঙের জ্যাকেট পরা এক পাশে দাঁড়িয়ে আছে,0.18181818165289254,0.49999999875,0.26666666240000003,0.26666666240000003,0.0,0.26666666240000003,0,0,0.36111111111111116,0.15384615372781063
3597715122_45878432ec.jpg,একটি <unk> দোকানের সামনে দাঁড়িয়ে আছে,0.33333333277777777,0.33333333277777777,0.3333333277777778,0.3333333277777778,0.0,0.3333333277777778,0,0,0.4137931034482759,0.1999999998
1227655020_b11a1bb112.jpg,একটি কালো কুকুর ঘাসের মধ্যে দিয়ে <unk>,0.4285714279591837,0.37499999953124996,0.3999999944888889,0.3999999944888889,0.19999999560000006,0.3999999944888889,0,0,0.5,0.24999999984375
2260560631_09093be4c6.jpg,একটি শিশু আছে।,0.3333333322222222,0.12499999984374999,0.18181817752066123,0.18181817752066123,0.0,0.18181817752066123,0,0,0.2142857142857143,0.1111111109876543
3155501473_510f9c9f6b.jpg,ফোনে এক মহিলা ফোনে কথা বলার সময় স্বর্ণালী চুলের মহিলার গালে চুম্বন করতে করতে দেখছে,0.06666666662222222,0.16666666638888888,0.09523809106575981,0.09523809106575981,0.0,0.09523809106575981,0,0,0.3620689655172413,0.05555555552469135
2516317118_10ae66b87a.jpg,একটি শিশু একটি খাঁচার ভিতরে বসে আছে,0.14285714265306124,0.1111111109876543,0.12499999492187522,0.12499999492187522,0.0,0.12499999492187522,0,0,0.34285714285714286,0.07142857137755101
3666537170_c4ecda4be8.jpg,একটি ছেলে পানি দিয়ে খেলছে,0.3999999992,0.2222222219753086,0.2857142807142858,0.2857142807142858,0.16666666194444454,0.2857142807142858,0,0,0.3529411764705882,0.18181818165289254
2560.png,একজন পুরুষ দাড়িয়ে আছে।,0.249999999375,0.1111111109876543,0.15384614934911253,0.15384614934911253,0.0,0.15384614934911253,0,0,0.38888888888888884,0.08333333326388888
502884177_25939ac000.jpg,একটি লাল শার্ট পরিহিত একজন মহিলা তার <unk> তার <unk> তার <unk> তার <unk> তার <unk> তার <unk> তার <unk> তার <unk> তার <unk> তার <unk> তার <unk> তার <unk> তার <unk> তার <unk> তার <unk> তার <unk> তার <unk>,0.099999999975,0.49999999937499995,0.16666666381944448,0.16666666381944448,0.042553188646446534,0.1632653030570596,0,0,0.1678321678321678,0.30769230745562126
3631023049_8a85bab19f.jpg,এক ছোট বালক একটি দোলনায় দোল থেকে লাফ দিচ্ছে,0.2222222219753086,0.1999999998,0.21052631058171756,0.21052631058171756,0.0,0.21052631058171756,0,0,0.36111111111111116,0.11764705875432525
3044746136_8b89da5f40.jpg,একটি বিশাল <unk> একটি বিশাল দল একটি <unk>,0.37499999953124996,0.49999999916666665,0.4285714230612245,0.4285714230612245,0.1999999954000001,0.4285714230612245,0,0,0.3666666666666667,0.33333333277777777
3563673070_71fa0903ed.jpg,একজন লোক লাল রঙের পোশাক পরে আছে রঙিন পোশাক পরে আছে রঙিন পোশাক পরে আছে রঙিন পোশাক পরে আছে রঙিন পোশাক পরে আছে রঙিন পোশাক পরে আছে রঙিন পোশাক পরে আছে রঙিন পোশাক পরে আছে রঙিন পোশাক পরে আছে রঙিন,0.099999999975,0.4444444439506172,0.1632653030570596,0.1632653030570596,0.12765957158895433,0.1632653030570596,0,0,0.20714285714285718,0.30769230745562126
2521983429_33218366bd.jpg,একটি কুকুর এবং একটি কুকুর দৌড়াচ্ছে,0.49999999916666665,0.37499999953124996,0.4285714230612245,0.4285714230612245,0.16666666152777793,0.4285714230612245,0,0,0.5,0.2222222219753086
3518334317_bc40bae18d.jpg,একটি বিজ্ঞাপনের <unk> একটি বিজ্ঞাপনের <unk> একটি বিজ্ঞাপনের <unk> একটি বিজ্ঞাপনের <unk> একটি বিজ্ঞাপনের <unk> একটি বিজ্ঞাপনের <unk> একটি বিজ্ঞাপনের <unk> একটি বিজ্ঞাপনের <unk> একটি বিজ্ঞাপনের <unk> একটি বিজ্ঞাপনের <unk> একটি বিজ্ঞাপনের <unk> একটি বিজ্ঞাপনের <unk> একটি বিজ্ঞাপনের <unk> একটি,0.0499999999875,0.2222222219753086,0.08163265002915464,0.08163265002915464,0.0,0.08163265002915464,0,0,0.15656565656565657,0.0999999999
7354.png,একটি শিশু আছে।,0.6666666644444444,0.33333333277777777,0.44444443901234576,0.44444443901234576,0.0,0.44444443901234576,0,0,0.38095238095238093,0.2857142853061225
625.png,একটি শিশু দাড়িয়ে আছে।,0.0,0.0,0.0,0.0,0.0,0.0,0,0,0.23076923076923073,0.0
white-bovine-ox-grazing-agricultural-field-goa-india.jpg,সবুজ ঘাসের মাঝে একটি সুন্দর দৃশ্য।,0.49999999916666665,0.3333333329629629,0.3999999946666667,0.3999999946666667,0.3076923024852071,0.3999999946666667,0,0,0.59375,0.24999999979166665
5759.png,একজন পুরুষ ছাতা নিয়ে যাচ্ছে।,0.3999999992,0.49999999875,0.4444444385185186,0.4444444385185186,0.15384614934911253,0.4444444385185186,0,0,0.6111111111111112,0.2857142853061225
1401961581_76921a75c5.jpg,একজন লোক একটি <unk> <unk> <unk> <unk> <unk> <unk> <unk> <unk> <unk> <unk> <unk> <unk> <unk> <unk> <unk> <unk> <unk> <unk> <unk> <unk> <unk> <unk> <unk> <unk> <unk> <unk> <unk> <unk> <unk> <unk> <unk> <unk> <unk> <unk> <unk> <unk> <unk>,0.07499999998125,0.21428571413265304,0.11111110722908106,0.11111110722908106,0.043478258270321514,0.11111110722908106,0,0,0.1383647798742138,0.14285714275510203
293327462_20dee0de56.jpg,দুটি কুকুর খেলছে,0.9999999966666667,0.5999999988,0.7499999934375,0.7499999934375,0.33333332777777785,0.7499999934375,0,0,0.5555555555555556,0.5999999988
1998255400_0cd086908f.jpg,একটি তামাটে কুকুর একটি বাদামী কুকুর,0.49999999916666665,0.24999999979166665,0.33333332851851855,0.33333332851851855,0.12499999554687513,0.33333332851851855,0,0,0.4347826086956522,0.1999999998
3408.png,সমুদ্রের পারে কয়েকজন মানুষ আছে।,0.3999999992,0.24999999968749997,0.3076923024852071,0.3076923024852071,0.1818181768595043,0.3076923024852071,0,0,0.3666666666666667,0.1999999998
1876.png,একজন বয়স্ক নারী তাকিয়ে আছে।,0.3999999992,0.3999999992,0.39999999420000004,0.39999999420000004,0.2499999943750001,0.39999999420000004,0,0,0.631578947368421,0.24999999968749997
4803.png,একটি সেতুর উপর দিয়ে একটি সেতু আছে।,0.14285714265306124,0.249999999375,0.1818181768595043,0.1818181768595043,0.0,0.1818181768595043,0,0,0.33333333333333337,0.1111111109876543
399679638_d3036da331.jpg,একটি কুকুর বরফে খেলছে,0.7499999981250001,0.5999999988,0.6666666602469137,0.6666666602469137,0.5714285648979592,0.6666666602469137,0,0,0.8666666666666667,0.49999999916666665
408627152_1feaa4b94e.jpg,একটি সাদা কুকুর একটি নৌকায় মানুষজন তাদের নৌকায় মানুষজন তাদের নৌকায় মানুষজন তাদের নৌকায় মানুষজন তাদের নৌকায় মানুষজন তাদের নৌকায় মানুষজন তাদের নৌকায় মানুষজন তাদের নৌকায় মানুষজন তাদের নৌকায় মানুষজন তাদের নৌকায় মানুষজন তাদের নৌকায় মানুষজন তাদের নৌকায় মানুষজন তাদের,0.07499999998125,0.2727272724793388,0.11764705539407928,0.11764705539407928,0.04081632326530638,0.11764705539407928,0,0,0.2417582417582418,0.21428571413265304
5558.png,সমুদ্রের পারে একজন মানুষ হেঁটে যাচ্ছে।,0.16666666638888888,0.249999999375,0.1999999948000001,0.1999999948000001,0.0,0.1999999948000001,0,0,0.4722222222222222,0.1111111109876543
2497608431_8dfefc7a1a.jpg,একটি কুকুর একটি লাঠি নিয়ে একটি লাঠি নিয়ে একটি লাঠি নিয়ে একটি লাঠি নিয়ে একটি লাঠি নিয়ে একটি লাঠি নিয়ে একটি লাঠি নিয়ে একটি লাঠি নিয়ে একটি লাঠি নিয়ে একটি লাঠি নিয়ে একটি লাঠি নিয়ে একটি লাঠি নিয়ে একটি লাঠি,0.0499999999875,0.16666666652777776,0.07692307334319543,0.07692307334319543,0.03999999655200029,0.07692307334319543,0,0,0.22388059701492535,0.14285714275510203
3277162496_dff7eeb59e.jpg,একটি কালো কুকুর এবং একটি কুকুর খেলছে,0.2857142853061225,0.49999999875,0.36363635834710756,0.36363635834710756,0.0,0.36363635834710756,0,0,0.48,0.2857142853061225
1044.png,পানির উপর অনেকগুলো মানুষ কাজ করছে।,0.49999999916666665,0.7499999981250001,0.5999999940000001,0.5999999940000001,0.49999999406250006,0.5999999940000001,0,0,0.5,0.4285714279591837
7829.png,একটি নৌকায় দুইজন মানুষ আছে।,0.7999999984,0.7999999984,0.7999999934,0.7999999934,0.4999999937500001,0.7999999934,0,0,0.85,0.6666666655555555
5448.png,একটি মাঠে কাজ করছেন,0.249999999375,0.1999999996,0.2222222167901236,0.2222222167901236,0.0,0.2222222167901236,0,0,0.4736842105263158,0.12499999984374999
2823075967_be4c350e9e.jpg,তিনটি কুকুর তাদের কুকুর বাইরে একটি বাদামী কুকুর একটি বাদামী কুকুর বাইরে একটি বাদামী কুকুর একটি বাদামী কুকুর বাইরে একটি বাদামী কুকুর একটি বাদামী কুকুর বাইরে একটি বাদামী কুকুর একটি বাদামী কুকুর বাইরে একটি বাদামী কুকুর একটি বাদামী কুকুর বাইরে,0.07499999998125,0.29999999969999996,0.11999999675200007,0.11999999675200007,0.04166666360243077,0.11999999675200007,0,0,0.16352201257861632,0.2222222219753086
3019986034_7453777274.jpg,লাল রঙের একটি লাল রঙের একটি লাল রঙের একটি লাল রঙের <unk> একটি <unk> <unk> <unk> <unk> <unk> <unk> <unk> <unk> <unk> <unk> <unk> <unk> <unk> <unk> <unk> <unk> <unk> <unk> <unk> <unk> <unk> <unk> <unk> <unk> <unk> <unk> <unk>,0.0499999999875,0.3999999992,0.08888888687407412,0.08888888687407412,0.0,0.08888888687407412,0,0,0.14193548387096777,0.2857142853061225
6799.png,একটি <unk> রঙ মেখে একজন বাচ্চা মুখে রঙ মেখে একজন মহিলা হাতে খেলনা দিয়ে মুখ <unk> সামনে একজন বয়স্ক মানুষের পা দিয়ে একজন বয়স্ক মানুষের পা দিয়ে একজন বয়স্ক মানুষের পা দিয়ে একজন বয়স্ক মানুষের পা দিয়ে একজন বয়স্ক মানুষের,0.07499999998125,0.4285714279591837,0.12765957187867819,0.12765957187867819,0.0,0.08510638040742426,0,0,0.13461538461538458,0.149999999925
2924259848_effb4dcb82.jpg,একজন মোটরসাইকেল আরোহী একটি মোটরসাইকেলের উপর দিয়ে উড়ছে,0.37499999953124996,0.37499999953124996,0.37499999453125,0.37499999453125,0.14285713765306143,0.37499999453125,0,0,0.575,0.23076923059171597
8915.png,একজন পুরুষ হাতে কিছু নিয়ে আছে।,0.33333333277777777,0.49999999875,0.3999999944,0.3999999944,0.0,0.3999999944,0,0,0.5,0.24999999968749997
275516348_cbccebc125.jpg,বাদামি ও তামাটে ও তামাটে ও তামাটে ও তামাটে ও তামাটে ও তামাটে ও তামাটে ও তামাটে ও তামাটে ও তামাটে ও তামাটে ও তামাটে ও তামাটে ও তামাটে ও তামাটে ও তামাটে ও তামাটে ও তামাটে ও তামাটে ও,0.0,0.0,0.0,0.0,0.0,0.0,0,0,0.11764705882352944,0.0
9104.png,একজন মেয়ে হাতে বাঁশ দিয়ে দাঁড়িয়ে আছে।,0.2857142853061225,0.2857142853061225,0.28571428030612256,0.28571428030612256,0.0,0.28571428030612256,0,0,0.52,0.16666666652777776
3532205154_5674b628ea.jpg,কালো জামা পরিহিত দুইজন লোক কালো পোশাক পরেছে এবং কালো পোশাক পরা লোকটির পাশে দাঁড়িয়ে আছেন।,0.0624999999609375,0.16666666638888888,0.0909090868595043,0.0909090868595043,0.0,0.0909090868595043,0,0,0.34426229508196726,0.05882352937716263
3324.png,তিনটি নৌকায় ৩ জন পুরুষ আছে।,0.33333333277777777,0.2857142853061225,0.3076923022485208,0.3076923022485208,0.1818181765289258,0.3076923022485208,0,0,0.43999999999999995,0.18181818165289254
2706023395_ac9eba0e42.jpg,একটি কাচের ব্যাকপ্যাক নিয়ে এক লোক দাঁড়িয়ে আছে,0.37499999953124996,0.4285714279591837,0.3999999944888889,0.3999999944888889,0.0,0.3999999944888889,0,0,0.5,0.24999999979166665
1373.png,মহিলা টি শাড়ি পরে আছে নীল গেঞ্জি পরে বসে আছে,0.29999999969999996,0.13636363630165288,0.1874999955859376,0.1874999955859376,0.0666666624222225,0.12499999562500012,0,0,0.3666666666666667,0.13043478255198487
340.png,একটি <unk> <unk> <unk>,0.249999999375,0.0624999999609375,0.0999999967000001,0.0999999967000001,0.0,0.0999999967000001,0,0,0.11111111111111116,0.07142857137755101
7526.png,জমির মাঝ দিয়ে একজন মহিলা জমির উপরে।,0.2857142853061225,0.16666666652777776,0.2105263109141275,0.2105263109141275,0.11764705411764723,0.2105263109141275,0,0,0.32558139534883723,0.13333333324444444
2706430695_3b5667741c.jpg,এক ছোট মেয়ে শূন্যে লাফ দিচ্ছে,0.33333333277777777,0.2857142853061225,0.3076923022485208,0.3076923022485208,0.13333332871111125,0.2352941128027682,0,0,0.36111111111111116,0.18181818165289254
7020.png,একজন মানুষ হেঁটে যাচ্ছে।,0.249999999375,0.14285714265306124,0.1818181768595043,0.1818181768595043,0.0,0.1818181768595043,0,0,0.4347826086956522,0.0999999999
344841963_8b0fa9784c.jpg,একটি ছাতার নিচে দুজন লোক বসে আছে,0.7142857132653061,0.5555555549382716,0.624999994296875,0.624999994296875,0.1428571377551022,0.374999994609375,0,0,0.4,0.45454545413223135
4220.png,নদীতে মাঝি তিনটা উড়ে যাচ্ছে।,0.1999999996,0.16666666638888888,0.1818181765289258,0.1818181765289258,0.0,0.1818181765289258,0,0,0.4,0.0999999999
2157173498_2eea42ee38.jpg,একজন লোক একটি বিশাল তরঙ্গে আটকা পড়েছে ।,0.24999999968749997,0.1999999998,0.22222221703703712,0.22222221703703712,0.12499999492187522,0.22222221703703712,0,0,0.3783783783783784,0.13333333324444444
2714878018_1593c38d69.jpg,এক ছোট ছেলে শূন্যে লাফ দিয়েছে,0.6666666655555555,0.49999999937499995,0.5714285657142858,0.5714285657142858,0.33333332791666676,0.5714285657142858,0,0,0.5862068965517242,0.3999999996
3926.png,কয়েকজন পুরুষ হেঁটে যাচ্ছে।,0.0,0.0,0.0,0.0,0.0,0.0,0,0,0.2857142857142857,0.0
IMG_9576.JPG,একটি সাদা রঙের একটি সাদা রঙের একটি সাদা রঙের একটি সাদা রঙের একটি সাদা রঙের একটি সাদা রঙের একটি সাদা রঙের একটি সাদা রঙের একটি সাদা রঙের একটি সাদা রঙের একটি সাদা রঙের একটি সাদা রঙের একটি সাদা রঙের একটি,0.0499999999875,0.6666666644444444,0.09302325447268796,0.09302325447268796,0.04878048685306366,0.09302325447268796,0,0,0.0821917808219178,0.49999999875
3267644370_f2728d6c7a.jpg,একজন স্কিয়ার লাফ দিলো,0.249999999375,0.12499999984374999,0.16666666194444454,0.16666666194444454,0.0,0.16666666194444454,0,0,0.3055555555555556,0.09090909082644627
108.png,একটি সাদা রঙের এসইউভি এবং হলুদ রঙের জামা পরে একটি <unk> উপর দিয়ে বেলন দিয়ে যাচ্ছে,0.3124999998046875,0.18518518511659807,0.23255813475392112,0.23255813475392112,0.0975609709220704,0.23255813475392112,0,0,0.3033707865168539,0.1379310344351962
6528.png,একজন পুরুষ ও কয়েকজন মানুষ দাড়িয়ে আছে।,0.7142857132653061,0.5555555549382716,0.624999994296875,0.624999994296875,0.2857142804081633,0.49999999445312515,0,0,0.6111111111111112,0.45454545413223135
2710280476_dcccb8745a.jpg,একটি সাদা কুকুর একটি সাদা বল ধরে তালি দিচ্ছে,0.3333333329629629,0.11538461534023668,0.17142856751020413,0.17142856751020413,0.0,0.17142856751020413,0,0,0.3666666666666667,0.09999999996666667
3293596075_973b0bfd08.jpg,একটি কুকুর তুষার এর উপর দৌড়াচ্ছে,0.33333333277777777,0.33333333277777777,0.3333333277777778,0.3333333277777778,0.19999999460000012,0.3333333277777778,0,0,0.5652173913043479,0.1999999998
3109268897_d43797fc6a.jpg,নীল শার্ট ও কালো টুপি পরিহিত লোকটির মুখে হাসি মুখে তাকিয়ে আছে,0.16666666652777776,0.24999999968749997,0.1999999950000001,0.1999999950000001,0.0,0.1999999950000001,0,0,0.32499999999999996,0.11764705875432525
200771289_31902164a7.jpg,দু'জন লোক একটি চিহ্ন নিয়ে দাঁড়িয়ে আছে।,0.2857142853061225,0.1999999998,0.23529411252595167,0.23529411252595167,0.13333332835555572,0.23529411252595167,0,0,0.33333333333333337,0.14285714275510203
3498354674_b636c7992f.jpg,একজন লোক একটি স্কেটবোর্ড কৌশল করছে,0.49999999916666665,0.29999999969999996,0.37499999484375,0.37499999484375,0.0,0.3333333277777778,0,0,0.43243243243243246,0.23076923059171597
525.png,একটি গ্রামে তিনজন মানুষ বসে আছে।,0.16666666638888888,0.12499999984374999,0.1428571377551022,0.1428571377551022,0.0,0.1428571377551022,0,0,0.37037037037037035,0.07692307686390532
3259222690_69737f2a6e.jpg,একটি ছোট্ট ছেলেটি তার সেলফোনে কথা বলছে,0.14285714265306124,0.08333333326388888,0.1052631531301941,0.1052631531301941,0.0,0.1052631531301941,0,0,0.303030303030303,0.05882352937716263
1528205014_1323aa9dfd.jpg,একজন লোক শহরের রাস্তায় হাঁটছেন।,0.3999999992,0.2857142853061225,0.33333332791666676,0.33333332791666676,0.1999999948000001,0.33333332791666676,0,0,0.5,0.1999999998
2696060728_3043cfc38c.jpg,একজন লোক পানিতে সার্ফিং করছে,0.3999999992,0.33333333277777777,0.36363635801652905,0.36363635801652905,0.0,0.3076923024852071,0,0,0.43333333333333335,0.2222222219753086
3841.png,একটি শিশু হেঁটে যাচ্ছে।,0.49999999875,0.33333333277777777,0.3999999944,0.3999999944,0.24999999468750006,0.3999999944,0,0,0.35,0.24999999968749997
1810.png,একজন লোক একটি <unk> দেখছে,0.3999999992,0.1111111110493827,0.17391303992438567,0.17391303992438567,0.0,0.0869565182608697,0,0,0.3913043478260869,0.09523809519274376
6502.png,একটি নৌকায় কয়েকজন মানুষ আছে।,0.5999999988,0.49999999916666665,0.5454545395041324,0.5454545395041324,0.2222222167901236,0.5454545395041324,0,0,0.6956521739130435,0.37499999953124996
3564385317_1bf5094068.jpg,এক লোক একটি সুন্দর দিনে ছবি তুলছে,0.2857142853061225,0.2857142853061225,0.28571428030612256,0.28571428030612256,0.16666666138888903,0.28571428030612256,0,0,0.5185185185185186,0.16666666652777776
1121416483_c7902d0d49.jpg,একটি শিশু হাতে একটি <unk>,0.1999999996,0.1111111109876543,0.14285713806122466,0.14285713806122466,0.0,0.14285713806122466,0,0,0.2222222222222222,0.08333333326388888
4407.png,একজন পুরুষ একটি বাজারে বাঁশ কাটছে।,0.16666666638888888,0.249999999375,0.1999999948000001,0.1999999948000001,0.0,0.1999999948000001,0,0,0.5217391304347826,0.1111111109876543
461.png,দুইটি শিশু তাকিয়ে আছে।,0.49999999875,0.33333333277777777,0.3999999944,0.3999999944,0.24999999468750006,0.3999999944,0,0,0.38095238095238093,0.24999999968749997
8757.png,একটি নৌকায় কয়েকজন মানুষ আছে।,0.3999999992,0.18181818165289254,0.249999995390625,0.249999995390625,0.0,0.12499999554687513,0,0,0.2564102564102564,0.14285714275510203
3317145805_071b15debb.jpg,একটি কালো কুকুর একটি লাল রঙের কুকুরের সাথে খেলছে,0.5555555549382716,0.49999999949999996,0.5263157839335181,0.5263157839335181,0.24999999468750006,0.5263157839335181,0,0,0.5,0.3846153843195266
904.png,একজন পুরুষ বসে কাজ করছেন।,0.5999999988,0.4285714279591837,0.4999999943055557,0.4999999943055557,0.1999999948000001,0.4999999943055557,0,0,0.5416666666666667,0.37499999953124996
3108732084_565b423162.jpg,একজন স্নোবোর্ডার একটি স্নোবোর্ড দিয়ে লাফাচ্ছে,0.33333333277777777,0.999999995,0.49999999500000003,0.49999999500000003,0.33333332944444444,0.49999999500000003,0,0,0.3793103448275862,0.33333333277777777
3685373706_37f2ced9ff.jpg,একজন কুস্তিগীর <unk> <unk> <unk> <unk> <unk> <unk> <unk> <unk> <unk> <unk> <unk> <unk> <unk> <unk> <unk> <unk> <unk> <unk> <unk> <unk> <unk> <unk> <unk> <unk> <unk> <unk> <unk> <unk> <unk> <unk> <unk> <unk> <unk> <unk> <unk> <unk> <unk> <unk>,0.02499999999375,0.0999999999,0.039999996784000263,0.039999996784000263,0.0,0.039999996784000263,0,0,0.11111111111111116,0.08333333326388888
3471841031_a949645ba8.jpg,একজন লোক একটি <unk> তার <unk> তার <unk> তার <unk> তার <unk> তার <unk> তার <unk> তার <unk> তার <unk> তার <unk> তার <unk> তার <unk> তার <unk> তার <unk> তার <unk> তার <unk> তার <unk> তার <unk> তার <unk>,0.07499999998125,0.19999999986666667,0.10909090508429765,0.10909090508429765,0.0,0.10909090508429765,0,0,0.22695035460992907,0.1764705881314879
IMG_20220921_124603.jpg,একজন লোক কালো পাঞ্জাবি পরে,0.3999999992,0.2857142853061225,0.33333332791666676,0.33333332791666676,0.0,0.2222222167901236,0,0,0.38888888888888884,0.1999999998
3686.png,একজন পুরুষ কাঁধের উপর ২ টি সাইকেল চালিয়ে যাচ্ছে।,0.2222222219753086,0.49999999875,0.3076923029585799,0.3076923029585799,0.0,0.3076923029585799,0,0,0.33333333333333337,0.18181818165289254
2076906555_c20dc082db.jpg,একজন পুরুষ চশমা পরে আছে।,0.3999999992,0.2222222219753086,0.2857142807142858,0.2857142807142858,0.0,0.14285713806122466,0,0,0.30000000000000004,0.16666666652777776
2344.png,একজন পুরুষ আছে।,0.6666666644444444,0.24999999968749997,0.36363635900826446,0.36363635900826446,0.22222221827160496,0.36363635900826446,0,0,0.33333333333333337,0.24999999968749997
5808.png,একটি ছেলে একটি কাঠের ওপর বসে আছে,0.2857142853061225,0.18181818165289254,0.22222221722222232,0.22222221722222232,0.12499999515625017,0.22222221722222232,0,0,0.41666666666666663,0.13333333324444444
2867968184_908d87cf2c.jpg,একজন স্কেটবোর্ড নিয়ে একজন স্কেটবোর্ড চালক স্কেটবোর্ডের সাহায্যে লাফ দিচ্ছে ।,0.18181818165289254,0.33333333277777777,0.2352941128027682,0.2352941128027682,0.0,0.2352941128027682,0,0,0.43999999999999995,0.15384615372781063
3049649128_d83d847168.jpg,একটি গাছে একটি <unk> একটি উঁচু জায়গায় দাঁড়িয়ে আছে,0.1111111109876543,0.1999999996,0.14285713806122466,0.14285713806122466,0.0,0.14285713806122466,0,0,0.33333333333333337,0.09090909082644627
2887750774_920eb171aa.jpg,একটি বাদামী কুকুর পানিতে দৌড়াচ্ছে,0.3999999992,0.3999999992,0.39999999420000004,0.39999999420000004,0.2499999943750001,0.39999999420000004,0,0,0.8,0.24999999968749997
3069216757_c419b3898e.jpg,একটি মেয়ে দাড়িয়ে আছে,0.49999999875,0.1999999998,0.28571428122448983,0.28571428122448983,0.0,0.28571428122448983,0,0,0.29729729729729726,0.16666666652777776
633456174_b768c1d6cd.jpg,একটি ছেলে তার <unk> করছে,0.3999999992,0.33333333277777777,0.36363635801652905,0.36363635801652905,0.2222222167901236,0.36363635801652905,0,0,0.5263157894736843,0.2222222219753086
3966.png,দুইজন নারী দাড়িয়ে আছে।,0.9999999975,0.571428570612245,0.7272727213223142,0.7272727213223142,0.44444443901234576,0.7272727213223142,0,0,0.5185185185185186,0.571428570612245
649.png,একজন বালক কাদায় বসে আছে।,0.1999999996,0.249999999375,0.2222222167901236,0.2222222167901236,0.0,0.2222222167901236,0,0,0.5,0.12499999984374999
2670.png,পানিতে একটি জলাশয়ে পানিতে নেমে গোসল করছে আর মাঝি পানিতে মাছ ধরছেন।,0.08333333326388888,0.16666666638888888,0.11111110654321005,0.11111110654321005,0.0,0.11111110654321005,0,0,0.28888888888888886,0.06666666662222222
1236964638.jpg,একটি ছেলে একটি পুকুরে ঝাঁপ দিচ্ছে,0.49999999916666665,0.49999999916666665,0.4999999941666667,0.4999999941666667,0.3076923024852071,0.4999999941666667,0,0,0.8095238095238095,0.24999999968749997
5795.png,একটি ছেলে একটি পাথরের ওপর বসে আছে,0.14285714265306124,0.0999999999,0.11764705384083066,0.11764705384083066,0.0,0.11764705384083066,0,0,0.36,0.06666666662222222
_MG_2656.JPG,কয়েকজন লোক দাড়িয়ে আছে অনেক মানুষ দাঁড়িয়ে আছে,0.49999999937499995,0.7999999984,0.615384609704142,0.615384609704142,0.36363635834710756,0.615384609704142,0,0,0.4666666666666667,0.49999999937499995
1038.png,একটি লোক মাটিতে শুয়ে আছে।,0.0,0.0,0.0,0.0,0.0,0.0,0,0,0.4444444444444444,0.0
2939007933_8a6ef2d073.jpg,একটি কালো রঙের একটি কালো রঙের একটি কালো রঙের একটি কালো রঙের একটি কালো রঙের একটি কালো রঙের একটি কালো রঙের একটি কালো রঙের একটি কালো রঙের একটি কালো রঙের একটি কালো রঙের একটি কালো রঙের একটি কালো রঙের একটি,0.02499999999375,0.12499999984374999,0.04166666387152797,0.04166666387152797,0.0,0.04166666387152797,0,0,0.1643835616438356,0.0999999999
495340319_705f2e63d6.jpg,সবুজ রঙের জার্সি পরিহিত একজন বালক বল হাতে নিয়ে দৌড়াচ্ছে,0.1999999998,0.24999999968749997,0.22222221703703712,0.22222221703703712,0.0,0.15384614899408297,0,0,0.23333333333333328,0.124999999921875
1552065993_b4dcd2eadf.jpg,একটি কুকুর সবুজ ঘাসের উপর দৌড়াচ্ছে,0.6666666655555555,0.49999999937499995,0.5714285657142858,0.5714285657142858,0.2222222167901236,0.5714285657142858,0,0,0.625,0.3999999996
7727.png,একজন বৃদ্ধ নারী আছে।,0.7499999981250001,0.7499999981250001,0.7499999931250001,0.7499999931250001,0.33333332722222225,0.7499999931250001,0,0,0.8666666666666667,0.5999999988
3482787182_a5c6d4b386.jpg,সবুজ পোশাকের মহিলারা বাতাসে তার পিছনে খেলেন,0.14285714265306124,0.1999999996,0.16666666152777793,0.16666666152777793,0.0,0.16666666152777793,0,0,0.3214285714285714,0.09090909082644627
7825.png,৭ জন মানুষ বসে আছে।,0.3999999992,0.33333333277777777,0.36363635801652905,0.36363635801652905,0.0,0.36363635801652905,0,0,0.30434782608695654,0.2222222219753086
1271960365_e54033f883.jpg,দুটি কুকুর একটি উদ্যানে দৌড়াচ্ছে,0.5999999988,0.37499999953124996,0.46153845609467453,0.46153845609467453,0.1818181768595043,0.46153845609467453,0,0,0.55,0.29999999969999996
3145869775_85dfae43bd.jpg,একটি ছোট্ট একটি বালক একটি প্রতিমার সামনে হাঁটু গেড়ে বসে আছে,0.18181818165289254,0.2857142853061225,0.22222221722222232,0.22222221722222232,0.0,0.22222221722222232,0,0,0.36585365853658536,0.07142857137755101
3614542901_29877fc342.jpg,এক মহিলা স্কার্ট এবং অন্যান্য <unk> ছবি তুলছে,0.24999999968749997,0.16666666652777776,0.1999999950000001,0.1999999950000001,0.0,0.1599999955200001,0,0,0.29032258064516125,0.1111111110493827
599366440_a238e805cf.jpg,একটি কুকুর একটি <unk> উপর খেলছে,0.6666666655555555,0.3636363633057851,0.47058823017301044,0.47058823017301044,0.1818181765289258,0.47058823017301044,0,0,0.56,0.3333333329629629
1119418776_58e4b93eac.jpg,একটি কালো এবং কালো এবং কালো এবং কালো এবং কালো এবং কালো এবং কালো এবং কালো এবং কালো এবং কালো এবং কালো এবং কালো এবং কালো এবং কালো এবং কালো এবং কালো এবং কালো এবং কালো এবং কালো এবং কালো,0.07499999998125,0.29999999969999996,0.11999999675200007,0.11999999675200007,0.04166666360243077,0.07999999676800014,0,0,0.15833333333333333,0.29999999969999996
2250.png,একজন লোক হাতে নিয়ে আছে।,0.1999999996,0.16666666638888888,0.1818181765289258,0.1818181765289258,0.0,0.1818181765289258,0,0,0.34782608695652173,0.0999999999
360723732_23199af4bf.jpg,একটি সাদা কুকুর একটি বল নিয়ে খেলছে,0.4285714279591837,0.23076923059171597,0.2999999951500001,0.2999999951500001,0.0,0.2999999951500001,0,0,0.5,0.149999999925
1380.png,একজন নারী খাতায় কিছু বিক্রি করছেন।,0.33333333277777777,0.1999999998,0.24999999500000003,0.24999999500000003,0.0,0.12499999515625017,0,0,0.3055555555555556,0.14285714275510203
3548191125_514f47e493.jpg,একটি শিশু সিমেন্টের উপর দিয়ে চলছে।,0.49999999916666665,0.37499999953124996,0.4285714230612245,0.4285714230612245,0.16666666152777793,0.4285714230612245,0,0,0.4242424242424242,0.2727272724793388
6581.png,একটি <unk>,0.4999999975,0.07142857137755101,0.12499999765625001,0.12499999765625001,0.0,0.12499999765625001,0,0,0.08333333333333337,0.06666666662222222
2333584535_1eaf9baf3e.jpg,কিছু <unk> কুকুর একটি স্লেজ কুকুর নিয়ে যাচ্ছে,0.37499999953124996,0.37499999953124996,0.37499999453125,0.37499999453125,0.28571428030612256,0.24999999468750006,0,0,0.3793103448275862,0.24999999979166665
7038.png,অনেকগুলো নৌকা ও অনেকগুলো মানুষ আছে।,0.33333333277777777,0.49999999875,0.3999999944,0.3999999944,0.0,0.3999999944,0,0,0.34782608695652173,0.2857142853061225
IMG_0602.JPG,একটি ছোট ছেলে রাস্তায় দাঁড়িয়ে আছে,0.49999999916666665,0.5999999988,0.5454545395041324,0.5454545395041324,0.2222222167901236,0.5454545395041324,0,0,0.6190476190476191,0.37499999953124996
3610687607_895fdc94bd.jpg,একজন পুরুষ দাড়িয়ে আছে।,0.249999999375,0.1111111109876543,0.15384614934911253,0.15384614934911253,0.0,0.15384614934911253,0,0,0.2941176470588235,0.08333333326388888
7107.png,ইটের দালানের সামনে একটি ভবন আছে।,0.16666666638888888,0.249999999375,0.1999999948000001,0.1999999948000001,0.0,0.1999999948000001,0,0,0.3913043478260869,0.1111111109876543
5001.png,জলাশয়ের পাশে একটি নদী দেখা যাচ্ছে।,0.16666666638888888,0.3333333322222222,0.2222222172839507,0.2222222172839507,0.0,0.2222222172839507,0,0,0.31818181818181823,0.12499999984374999
1087168168.jpg,একটি ছোটো ছেলে <unk>,0.7499999981250001,0.49999999916666665,0.5999999940000001,0.5999999940000001,0.0,0.5999999940000001,0,0,0.5238095238095238,0.4285714279591837
2991994607_06f24ec7a6.jpg,দুজন লোক একটি <unk> <unk>,0.3999999992,0.24999999968749997,0.3076923024852071,0.3076923024852071,0.1818181768595043,0.3076923024852071,0,0,0.38888888888888884,0.12499999984374999
2039457436_fc30f5e1ce.jpg,একজন লোক হাসছে,0.3333333322222222,0.16666666638888888,0.2222222172839507,0.2222222172839507,0.0,0.2222222172839507,0,0,0.3214285714285714,0.12499999984374999
3178489390_13a6ae7524.jpg,একটি ছেলে একটি <unk>,0.49999999875,0.1999999998,0.28571428122448983,0.28571428122448983,0.0,0.28571428122448983,0,0,0.2571428571428571,0.18181818165289254
4270.png,একটি ছোট মেয়েটি ক্যামেরা নিয়ে আছে।,0.33333333277777777,0.33333333277777777,0.3333333277777778,0.3333333277777778,0.0,0.3333333277777778,0,0,0.4347826086956522,0.1999999998
3821.png,নদীতে একটা ছোট ছেলেমেয়ে একসাথে হয়ে বসে আছে।,0.37499999953124996,0.4285714279591837,0.3999999944888889,0.3999999944888889,0.15384614863905344,0.3999999944888889,0,0,0.36363636363636365,0.24999999979166665
374176648_ba4b88c221.jpg,ঘাসের উপর একটি সাদা <unk>,0.3999999992,0.15384615372781063,0.22222221796296296,0.22222221796296296,0.0,0.14285713806122466,0,0,0.2666666666666667,0.124999999921875
520.png,একজন পুরুষ বসে আছে,0.249999999375,0.16666666638888888,0.1999999948000001,0.1999999948000001,0.0,0.1999999948000001,0,0,0.4782608695652174,0.1111111109876543
7371.png,একজন পুরুষ একটি মন্দির।,0.49999999875,0.18181818165289254,0.26666666240000003,0.26666666240000003,0.0,0.1818181768595043,0,0,0.3846153846153846,0.15384615372781063
2422.png,একটি শিশু আছে।,0.0,0.0,0.0,0.0,0.0,0.0,0,0,0.33333333333333337,0.0
1095590286.jpg,একটি কুকুর একটি গোলাপি বল নিয়ে দৌড়াচ্ছে,0.4285714279591837,0.24999999979166665,0.31578946869806096,0.31578946869806096,0.1818181765289258,0.31578946869806096,0,0,0.48888888888888893,0.1999999998
IMG_20220916_174500.jpg,একটি সাদা জামা গায়ে দিয়ে একটি রিক্সা ও রিক্সা ও একজন পুরুষ।,0.41666666631944443,0.29411764688581316,0.34482758111771705,0.34482758111771705,0.07407406919067246,0.34482758111771705,0,0,0.32499999999999996,0.23809523798185941
3660.png,একজন বৃদ্ধ লোক গলায় মালা,0.1999999996,0.1999999996,0.19999999460000012,0.19999999460000012,0.0,0.19999999460000012,0,0,0.5,0.1111111109876543
7764.png,একজন পুরুষ একটি শিশু বসে আছে।,0.33333333277777777,0.1999999998,0.24999999500000003,0.24999999500000003,0.14285713806122466,0.24999999500000003,0,0,0.3846153846153846,0.15384615372781063
3896.png,একটি শিশু আছে।,0.9999999966666667,0.4285714279591837,0.5999999946000001,0.5999999946000001,0.0,0.5999999946000001,0,0,0.375,0.4285714279591837
3560125106_691c292893.jpg,একটি কুকুর ময়লা রাস্তায় একটি <unk> ময়লা রাস্তায় একটি <unk> ময়লা রাস্তায় একটি <unk> ময়লা রাস্তায় একটি <unk> ময়লা রাস্তায় একটি <unk> ময়লা রাস্তায় একটি <unk> ময়লা রাস্তায় একটি <unk> ময়লা রাস্তায় একটি <unk> ময়লা রাস্তায় একটি <unk> ময়লা রাস্তায়,0.07499999998125,0.37499999953124996,0.12499999717013895,0.12499999717013895,0.04444444211358036,0.12499999717013895,0,0,0.17159763313609466,0.29999999969999996
441921713_1cafc7d7d2.jpg,একজন লোক তার সামনে দিয়ে দাঁড়িয়ে আছে।,0.4285714279591837,0.37499999953124996,0.3999999944888889,0.3999999944888889,0.3076923022485208,0.3999999944888889,0,0,0.7083333333333333,0.24999999979166665
4912.png,নারকেল গাছে একটি ডাব গাছ দেখা যাচ্ছে।,0.4285714279591837,0.7499999981250001,0.5454545398347109,0.5454545398347109,0.44444443901234576,0.5454545398347109,0,0,0.45833333333333337,0.37499999953124996
3440104178_6871a24e13.jpg,একটি সাদা কুকুর বল নিয়ে খেলছে,0.6666666655555555,0.6666666655555555,0.6666666605555556,0.6666666605555556,0.19999999460000012,0.6666666605555556,0,0,0.5714285714285714,0.49999999937499995
2291485126_b8d41a63f4.jpg,একজন স্কিয়ার একটি বরফের পাহাড়ের উপর দিয়ে নিচে নামছে,0.3333333329629629,0.37499999953124996,0.3529411710726644,0.3529411710726644,0.13333332817777796,0.23529411238754333,0,0,0.3513513513513513,0.21428571413265304
3549006919_3604bc813e.jpg,হেলমেট পরা একজন লোক হেলমেট পরে হাঁটু গেড়ে নিচের দিকে অগ্রসর হচ্ছে,0.24999999979166665,0.29999999969999996,0.2727272675206612,0.2727272675206612,0.19999999485000008,0.2727272675206612,0,0,0.4042553191489362,0.16666666657407406
3955.png,একজন পুরুষ ও একজন পুরুষ এবং একজন পুরুষ এবং একজন পুরুষ এবং একজন পুরুষ এবং একজন পুরুষ এবং একজন পুরুষ এবং একজন পুরুষ এবং একজন পুরুষ এবং একজন পুরুষ এবং একজন পুরুষ এবং একজন পুরুষ এবং একজন পুরুষ এবং একজন,0.0,0.0,0.0,0.0,0.0,0.0,0,0,0.06289308176100628,0.0
3534668485_6887629ff0.jpg,একজন লোক টাকা ও,0.0,0.0,0.0,0.0,0.0,0.0,0,0,0.19999999999999996,0.0
640.png,একটি <unk> একটি <unk>,0.0,0.0,0.0,0.0,0.0,0.0,0,0,0.19999999999999996,0.0
2599444370_9e40103027.jpg,একটি বিশাল বাদামি কুকুর পুকুরে সাঁতার কাটছে,0.571428570612245,0.6666666655555555,0.6153846094674558,0.6153846094674558,0.1818181765289258,0.4705882298961938,0,0,0.5925925925925926,0.4444444439506172
56489627_e1de43de34.jpg,পাহাড়ের সামনে তিনজন লোক জড়ো হয়েছে,0.16666666638888888,0.12499999984374999,0.1428571377551022,0.1428571377551022,0.0,0.1428571377551022,0,0,0.30434782608695654,0.07692307686390532
4549.png,দুইজন মানুষ আছে।,0.0,0.0,0.0,0.0,0.0,0.0,0,0,0.4,0.0
7590.png,একজন লোক কাঠের কাঠামোর উপর বসে আছে।,0.2857142853061225,0.33333333277777777,0.3076923022485208,0.3076923022485208,0.0,0.3076923022485208,0,0,0.3846153846153846,0.18181818165289254
attractive-young-female-with-dark-bob-hairstyle-relaxing-her-garden-after-she-took-care-shrubs-trees-smiling-happily-camera-surrounded-with-leaves-gigantic-plant-people-nature.jpg,একজন নারী আছে।,0.6666666644444444,0.18181818165289254,0.2857142819387755,0.2857142819387755,0.0,0.2857142819387755,0,0,0.19999999999999996,0.16666666652777776
8492.png,একজন পুরুষ মাথায় বোঝা নিয়ে যাচ্ছে।,0.33333333277777777,0.10526315783933518,0.15999999622400007,0.15999999622400007,0.0,0.15999999622400007,0,0,0.31818181818181823,0.09090909086776859
3333039854_461329aac2.jpg,কালো শার্ট পরা একজন লোক একটি সাদা শার্ট পরা একজন লোক একটি সাদা শার্ট পরা একজন লোক একটি সাদা শার্ট পরা একজন লোক একটি সাদা শার্ট পরা একজন লোক একটি সাদা শার্ট পরা একজন লোক একটি সাদা শার্ট পরা একজন,0.02499999999375,0.249999999375,0.04545454378099179,0.04545454378099179,0.0,0.04545454378099179,0,0,0.13013698630136983,0.0999999999
4559.png,একটি শিশু আছে।,0.9999999966666667,0.9999999966666667,0.9999999916666666,0.9999999916666666,0.9999999900000001,0.9999999916666666,1,1,1.0,0.9999999966666667
5710.png,৩ জন পুরুষ ১ জন পুরুষ মানুষ।,0.14285714265306124,0.12499999984374999,0.13333332817777796,0.13333332817777796,0.0,0.13333332817777796,0,0,0.3448275862068966,0.08333333326388888
7513.png,তিনটি শিশু আছে।,0.6666666644444444,0.6666666644444444,0.6666666594444445,0.6666666594444445,0.4999999925000001,0.6666666594444445,0,0,0.7777777777777778,0.49999999875
8572.png,একটি নৌকায় তিনজন মানুষ আছে।,0.5999999988,0.7499999981250001,0.6666666602469137,0.6666666602469137,0.28571428000000004,0.6666666602469137,0,0,0.6842105263157895,0.49999999916666665
1805.png,একটি শিশু দাড়িয়ে আছে।,0.7499999981250001,0.3333333329629629,0.4615384565680474,0.4615384565680474,0.18181817752066123,0.3076923029585799,0,0,0.303030303030303,0.29999999969999996
IMG_0666.JPG,একটা লোক বসে আছে,0.49999999875,0.49999999875,0.4999999937500001,0.4999999937500001,0.33333332722222225,0.4999999937500001,0,0,0.5833333333333333,0.33333333277777777
3546891929_f31a99cd0d.jpg,একজন লোক একটি পতাকা হাতে নিয়ে দাড়িয়ে আছে।,0.37499999953124996,0.49999999916666665,0.4285714230612245,0.4285714230612245,0.16666666152777793,0.2857142804081633,0,0,0.33333333333333337,0.2727272724793388
7072.png,একজন পুরুষ একটি <unk> পা দিয়ে রেখেছে,0.0,0.0,0.0,0.0,0.0,0.0,0,0,0.33333333333333337,0.0
2729.png,একটি ছোট ছেলেটি একটি লাল বলের দিকে তাকিয়ে আছে,0.5555555549382716,0.3571428568877551,0.4347826035538753,0.4347826035538753,0.09523809043083924,0.4347826035538753,0,0,0.4444444444444444,0.2352941175086505
2987576188_f82304f394.jpg,পাঁচটি শিশু একটি ঐতিহ্যবাহী আলোর প্রতিকির দিকে,0.14285714265306124,0.1999999996,0.16666666152777793,0.16666666152777793,0.0,0.16666666152777793,0,0,0.29032258064516125,0.09090909082644627
42.JPG,একজন বয়স্ক পুরুষ তাকিয়ে আছে।,0.0,0.0,0.0,0.0,0.0,0.0,0,0,0.4,0.0
6065.png,একজন পুরুষ বসে আছে।,0.249999999375,0.249999999375,0.2499999943750001,0.2499999943750001,0.0,0.2499999943750001,0,0,0.6,0.14285714265306124
3705688385_47651205d3.jpg,একজন পুরুষ পানির দিকে যাচ্ছে,0.1999999996,0.09090909082644627,0.12499999554687513,0.12499999554687513,0.0,0.12499999554687513,0,0,0.4736842105263158,0.06666666662222222
4179.png,একজন নারী ফটকের উপরে,0.249999999375,0.12499999984374999,0.16666666194444454,0.16666666194444454,0.0,0.16666666194444454,0,0,0.32258064516129037,0.0999999999
7698.png,একজন পুরুষ তাকিয়ে আছে।,0.9999999975,0.7999999984,0.8888888819753088,0.8888888819753088,0.5714285648979592,0.8888888819753088,0,0,0.75,0.7999999984
3156406419_38fbd52007.jpg,একজন স্কাইয়ার তুষার ঢাকা পাহাড় থেকে লাফানোর পাহাড়ে স্কি করে নিচের দিকে যাচ্ছে,0.23076923059171597,0.24999999979166665,0.23999999481600012,0.23999999481600012,0.0,0.23999999481600012,0,0,0.38,0.13636363630165288
2663.png,একটি ধূসর রঙের জ্যাকেট পরা একটি শিশু একটি চাইনিজ ড্রাগনের <unk>,0.0,0.0,0.0,0.0,0.0,0.0,0,0,0.26415094339622647,0.0
129441311.jpg,পানির পাশে মহিলা পানির পাশে দাঁড়িয়ে জলের ধারে বসে আছেন,0.3999999996,0.3636363633057851,0.38095237560090706,0.38095237560090706,0.10526315279778417,0.38095237560090706,0,0,0.4736842105263158,0.26666666648888887
8168.png,একজন পুরুষ খালি গায়ে একটি শিশু কোলে আঁকছে।,0.12499999984374999,0.12499999984374999,0.12499999484375018,0.12499999484375018,0.0,0.12499999484375018,0,0,0.4482758620689655,0.06666666662222222
8314.png,একজন পুরুষ লাটি নিয়ে আছে।,0.0,0.0,0.0,0.0,0.0,0.0,0,0,0.34782608695652173,0.0
7608.png,পানিতে ভাসমান নৌকায় কয়েকজন মানুষ আছে।,0.33333333277777777,0.33333333277777777,0.3333333277777778,0.3333333277777778,0.0,0.3333333277777778,0,0,0.46153846153846156,0.1999999998
5431.png,একটি <unk>,0.999999995,0.49999999875,0.6666666600000001,0.6666666600000001,0.49999999375000004,0.6666666600000001,0,0,0.4375,0.49999999875
2606.png,দুইটি শিশু আছে।,0.3333333322222222,0.14285714265306124,0.1999999954000001,0.1999999954000001,0.0,0.1999999954000001,0,0,0.1724137931034483,0.1111111109876543
6452.png,একটি সবজির দোকানের বিজ্ঞাপনের জন্য অপেক্ষা করছে,0.14285714265306124,0.12499999984374999,0.13333332817777796,0.13333332817777796,0.0,0.13333332817777796,0,0,0.36363636363636365,0.07142857137755101
469969326_4b84073286.jpg,একটি দম্পতি নদীর তীরে পাথরে লাফ দিচ্ছে,0.14285714265306124,0.14285714265306124,0.14285713765306143,0.14285713765306143,0.0,0.14285713765306143,0,0,0.5384615384615384,0.07692307686390532
3476381830_3751dd9339.jpg,একজন পুরুষ দাড়িয়ে আছে।,0.249999999375,0.16666666638888888,0.1999999948000001,0.1999999948000001,0.0,0.1999999948000001,0,0,0.3125,0.1111111109876543
270816949_ffad112278.jpg,একদল লোক পাহাড়ের দিকে তাকিয়ে আছে।,0.33333333277777777,0.1999999998,0.24999999500000003,0.24999999500000003,0.0,0.15384614863905344,0,0,0.31999999999999995,0.14285714275510203
414568315_5adcfc23c0.jpg,একটি শিশু <unk>,0.6666666644444444,0.6666666644444444,0.6666666594444445,0.6666666594444445,0.4999999925000001,0.6666666594444445,0,0,0.7,0.49999999875
4351.png,গ্রামের রাস্তা দিয়ে একজন মহিলা জমির পাশ দিয়ে ধানের বোঝাই বহন করে যাচ্ছে।,0.23076923059171597,0.4285714279591837,0.2999999951500001,0.2999999951500001,0.11111110654321005,0.2999999951500001,0,0,0.326530612244898,0.1874999998828125
2088460083_42ee8a595a.jpg,একটি সবুজ রঙের গাড়ি,0.249999999375,0.14285714265306124,0.1818181768595043,0.1818181768595043,0.0,0.1818181768595043,0,0,0.28,0.1111111109876543
1012212859.jpg,একটি সাদা কুকুর একটি বল নিয়ে দৌড়াচ্ছে,0.571428570612245,0.3636363633057851,0.4444444391975309,0.4444444391975309,0.37499999484375,0.4444444391975309,0,0,0.4651162790697675,0.24999999979166665
4814.png,একটি বাইরের একটি লাল নীল রঙের একটি লাল বলের দিকে ছুটে যায়।,0.08333333326388888,0.249999999375,0.1249999960937501,0.1249999960937501,0.0,0.1249999960937501,0,0,0.23809523809523814,0.08333333326388888
8625.png,একটা মহিলা বসে আছে শাড়ি পরে বসে আছে,0.24999999968749997,0.15384615372781063,0.1904761855782314,0.1904761855782314,0.0,0.1904761855782314,0,0,0.36170212765957444,0.124999999921875
4736.png,একজন মানুষ হেঁটে যাচ্ছে।,0.249999999375,0.09090909082644627,0.13333332924444455,0.13333332924444455,0.0,0.13333332924444455,0,0,0.25,0.07692307686390532
3532539748_795d16ef07.jpg,একটি লোক একটি লাল <unk> <unk> <unk> করছে,0.37499999953124996,0.3333333329629629,0.3529411710726644,0.3529411710726644,0.2666666613333334,0.3529411710726644,0,0,0.47058823529411764,0.1999999998
241346260_f50d57b517.jpg,লাল ফুটবল খেলোয়াড়রা বেগুনি রঙের খেলোয়াড়কে <unk>,0.4285714279591837,0.37499999953124996,0.3999999944888889,0.3999999944888889,0.0,0.2666666613333334,0,0,0.4242424242424242,0.24999999979166665
5823.png,একজন লোক সমুদ্রের ধারে দাঁড়িয়ে আছে,0.16666666638888888,0.1999999996,0.1818181765289258,0.1818181765289258,0.0,0.1818181765289258,0,0,0.34782608695652173,0.0999999999
8186.png,পানিতে একটি নৌকা ও ভবন আছে।,0.16666666638888888,0.1999999996,0.1818181765289258,0.1818181765289258,0.0,0.1818181765289258,0,0,0.4,0.0999999999
8644.png,কয়েকজন শিশু একটি <unk> হয়ে শুয়ে আছে।,0.14285714265306124,0.14285714265306124,0.14285713765306143,0.14285713765306143,0.0,0.14285713765306143,0,0,0.5517241379310345,0.07692307686390532
3578981202_efef47e264.jpg,দুই বাচ্চা এক মহিলা একটি <unk> <unk> ধরে আছে,0.3333333329629629,0.37499999953124996,0.3529411710726644,0.3529411710726644,0.23529411238754333,0.3529411710726644,0,0,0.40625,0.23076923059171597
1169307342_e7a4685a5c.jpg,একটি বাদামী কুকুর একটি ফ্রিসবি ধরার চেষ্টা করছে,0.12499999984374999,0.1999999996,0.15384614887573977,0.15384614887573977,0.0,0.15384614887573977,0,0,0.4375,0.09090909082644627
3423249426_02bedf9260.jpg,কিছু মানুষ একটি গাছের নিচে শুয়ে আছে,0.0,0.0,0.0,0.0,0.0,0.0,0,0,0.34782608695652173,0.0
404850242_3a55a4c874.jpg,ঘন সবুজ জামায় একটি মেয়ে,0.1999999996,0.0999999999,0.13333332871111125,0.13333332871111125,0.0,0.13333332871111125,0,0,0.25,0.07692307686390532
299612419_b55fe32fea.jpg,কিছু লোক এবং একটি দম্পতি নদীর পাশে পাথরের উপর বসে আছে,0.45454545413223135,0.8333333319444445,0.5882352888581315,0.5882352888581315,0.39999999502222217,0.5882352888581315,0,0,0.4871794871794872,0.41666666631944443
6951.png,জলাশয়ের পারে কয়েকটি নৌকা আছে।,0.1999999996,0.1999999996,0.19999999460000012,0.19999999460000012,0.0,0.19999999460000012,0,0,0.3846153846153846,0.1111111109876543
2477121456_1ac5c6d3e4.jpg,একটি কালো কুকুর পানিতে দৌড়াচ্ছে,0.7999999984,0.7999999984,0.7999999934,0.7999999934,0.7499999931250001,0.7999999934,0,0,0.8421052631578947,0.6666666655555555
1316.png,পানিতে কয়েকজন পুরুষ আছে।,0.49999999875,0.33333333277777777,0.3999999944,0.3999999944,0.0,0.3999999944,0,0,0.4545454545454546,0.24999999968749997
3354063643_1d8814eb13.jpg,একটি বাদামী কুকুর বরফে লাল কলার পরা একটি সাদা কুকুর।,0.49999999949999996,0.49999999949999996,0.49999999450000004,0.49999999450000004,0.22222221697530875,0.3999999946000001,0,0,0.4444444444444444,0.3571428568877551
8058.png,একটি রাস্তা দিয়ে একটি রাস্তা দিয়ে হেঁটে আসছে।,0.49999999937499995,0.6666666655555555,0.5714285657142858,0.5714285657142858,0.4999999943055557,0.5714285657142858,0,0,0.6071428571428572,0.571428570612245
6116.png,একটি নৌকায় একজন মানুষ আছে।,0.3999999992,0.33333333277777777,0.36363635801652905,0.36363635801652905,0.0,0.36363635801652905,0,0,0.5217391304347826,0.2222222219753086
2841449931_84a05850ec.jpg,চশমা পরা একজন মহিলা <unk> <unk> ছবি তুলছে,0.24999999968749997,0.2222222219753086,0.23529411238754333,0.23529411238754333,0.0,0.23529411238754333,0,0,0.2666666666666667,0.14285714275510203
3562470436_6e193643ce.jpg,কালো কুকুরটি লাফ দিচ্ছে,0.249999999375,0.1111111109876543,0.15384614934911253,0.15384614934911253,0.0,0.15384614934911253,0,0,0.37142857142857144,0.08333333326388888
343214015_777760930570327_8708391486485045184_n.jpg,একজন মানুষ হেঁটে যাচ্ছে।,0.249999999375,0.0624999999609375,0.0999999967000001,0.0999999967000001,0.0,0.0999999967000001,0,0,0.19999999999999996,0.05882352937716263
4342.png,একজন নারী ও গালে হাত রেখে চেয়ে আছেন,0.12499999984374999,0.14285714265306124,0.13333332817777796,0.13333332817777796,0.0,0.13333332817777796,0,0,0.48,0.07142857137755101
_MG_2679.JPG,একটা বয়স্ক লোক দাড়িয়ে আছে,0.9999999980000001,0.7142857132653061,0.8333333270833335,0.8333333270833335,0.5999999940000001,0.8333333270833335,0,0,0.72,0.7142857132653061
3258397351_1a70f1993d.jpg,একটি টেবিলে বসা মানুষ একটি পার্কে বসে আছে,0.24999999968749997,0.2222222219753086,0.23529411238754333,0.23529411238754333,0.0,0.23529411238754333,0,0,0.4,0.14285714275510203
4510.png,একজন লোক তার পিছনে একটি বাড়ির সামনে দাড়িয়ে আছে যার চুল কালো রঙের শার্ট পরা পুরুষ।,0.124999999921875,0.15384615372781063,0.13793102944114166,0.13793102944114166,0.0,0.13793102944114166,0,0,0.368421052631579,0.07407407404663922
2222498879_9e82a100ab.jpg,একটি কালো এবং কালো কুকুর ঘাসের উপর দৌড়াচ্ছে,0.37499999953124996,0.7499999981250001,0.49999999472222234,0.49999999472222234,0.15384614863905344,0.49999999472222234,0,0,0.48275862068965514,0.37499999953124996
4839.png,কয়েকজন পুরুষ ও কয়েকজন পুরুষ দাড়িয়ে আছে।,0.4285714279591837,0.4285714279591837,0.42857142295918377,0.42857142295918377,0.3333333277777778,0.42857142295918377,0,0,0.6071428571428572,0.3333333329629629
7160.png,নীল রঙের রোদচশমা পরে আছে,0.1999999996,0.06666666662222222,0.09999999615000013,0.09999999615000013,0.0,0.09999999615000013,0,0,0.33333333333333337,0.05555555552469135
6482.png,একজন পুরুষ দাড়িয়ে আছে।,0.9999999975,0.9999999975,0.9999999925,0.9999999925,0.9999999916666666,0.9999999925,1,1,1.0,0.9999999975
1075867198.jpg,একটি কুকুর সৈকতে বল ধরার চেষ্টা করছে,0.4285714279591837,0.37499999953124996,0.3999999944888889,0.3999999944888889,0.0,0.2666666613333334,0,0,0.4838709677419355,0.2727272724793388
7774.png,একজন পুরুষ বসে আছে।,0.49999999875,0.6666666644444444,0.5714285648979592,0.5714285648979592,0.0,0.5714285648979592,0,0,0.7142857142857143,0.3999999992
4998.png,একটি <unk>,0.4999999975,0.14285714265306124,0.22222221827160496,0.22222221827160496,0.0,0.22222221827160496,0,0,0.16666666666666663,0.12499999984374999
341665272_80d4d61376.jpg,একটি কুকুর মুখে একটি লাঠি নিয়ে তুষারে লাফ দিচ্ছে,0.3333333329629629,0.49999999916666665,0.3999999946666667,0.3999999946666667,0.3076923024852071,0.3999999946666667,0,0,0.4838709677419355,0.2727272724793388
6984.png,কয়েকজন মানুষ আছে।,0.6666666644444444,0.1999999998,0.3076923036686391,0.3076923036686391,0.1818181785123967,0.3076923036686391,0,0,0.28205128205128205,0.1999999998
2772084628_c0ae29d87a.jpg,একটি ছোট্ট ছেলেটি একটি ছোট ছেলে দাঁড়িয়ে আছে,0.24999999968749997,0.33333333277777777,0.2857142804081633,0.2857142804081633,0.16666666152777793,0.2857142804081633,0,0,0.4285714285714286,0.18181818165289254
856.png,একজন মহিলা রিক্সা চালিয়ে যাচ্ছে।,0.1999999996,0.3333333322222222,0.24999999468750006,0.24999999468750006,0.0,0.24999999468750006,0,0,0.35,0.14285714265306124
8938.png,একটি ধূসর কালো লোক একটি ধূসর চেয়ারে বসে ক্যামেরার দিকে তাকিয়ে আছে,0.16666666652777776,0.15384615372781063,0.15999999488000013,0.15999999488000013,0.0,0.15999999488000013,0,0,0.4130434782608695,0.09999999995
6300.png,দুইটি শিশু আছে।,0.6666666644444444,0.49999999875,0.5714285648979592,0.5714285648979592,0.0,0.5714285648979592,0,0,0.5833333333333333,0.3999999992
8233.png,একটি শিশু হাতে খাবার নিয়ে আছে।,0.16666666638888888,0.1111111109876543,0.13333332835555572,0.13333332835555572,0.0,0.13333332835555572,0,0,0.2941176470588235,0.07692307686390532
2794.png,একটি নৌকা বাধা আছে ও একটি নৌকা বাধা আছে।,0.4444444439506172,0.1999999999,0.2758620644946493,0.2758620644946493,0.07407406984910861,0.2666666615111111,0,0,0.4444444444444444,0.1999999998
IMG_4800.JPG,মেয়ে টি দাঁড়িয়ে আছে,0.7499999981250001,0.7499999981250001,0.7499999931250001,0.7499999931250001,0.33333332722222225,0.7499999931250001,0,0,0.7272727272727273,0.5999999988
7609.png,একটি শিশু আছে।,0.6666666644444444,0.2222222219753086,0.3333333290277778,0.3333333290277778,0.0,0.3333333290277778,0,0,0.21212121212121215,0.1999999998
1592.png,একজন শারি পরা মহিলা বসে লিখছে।,0.49999999916666665,0.16666666657407406,0.24999999604166667,0.24999999604166667,0.1818181781404959,0.24999999604166667,0,0,0.30000000000000004,0.14285714278911565
3138746531_f6b816c126.jpg,আগুনের বিস্ফারণ বের হচ্ছে,0.249999999375,0.0999999999,0.14285713857142868,0.14285713857142868,0.0,0.14285713857142868,0,0,0.28,0.07692307686390532
1357689954_72588dfdc4.jpg,একজন লোক একটি দড়ি দিয়ে নিচে নামছে,0.14285714265306124,0.1999999996,0.16666666152777793,0.16666666152777793,0.0,0.16666666152777793,0,0,0.3157894736842105,0.09090909082644627
3647283075_3005333222.jpg,একটি লাল শার্ট পড়া এক ছোট্ট ছেলে স্কেটবোর্ড জাম্প করে,0.29999999969999996,0.24999999979166665,0.2727272675206612,0.2727272675206612,0.11111110598765454,0.2727272675206612,0,0,0.4782608695652174,0.15789473675900276
3459419203_cd7c68ce4d.jpg,এক মেয়ে জলের ফোয়ারায় খেলছে,0.1999999996,0.1999999996,0.19999999460000012,0.19999999460000012,0.0,0.19999999460000012,0,0,0.4444444444444444,0.1111111109876543
2204.png,একজন পুরুষ দাড়িয়ে আছে।,0.249999999375,0.06666666662222222,0.10526315445983389,0.10526315445983389,0.0,0.10526315445983389,0,0,0.3529411764705882,0.05555555552469135
_MG_2022.JPG,মেয়েটির মাথায় গামছা পরে,0.0,0.0,0.0,0.0,0.0,0.0,0,0,0.38095238095238093,0.0
3603870481_1ebc696d91.jpg,একটি কালো কুকুর পানিতে সাঁতার কাটছে।,0.6666666655555555,0.4444444439506172,0.5333333278222222,0.5333333278222222,0.46153845609467453,0.5333333278222222,0,0,0.6,0.3999999996
2431470169_0eeba7d602.jpg,একজন লোক একটি বিল্ডিংয়ের সামনে সবুজ ঘাসের উপর সবুজ ঘাসের উপর সবুজ ঘাসের উপর সবুজ ঘাসের উপর সবুজ ঘাসের উপর সবুজ ঘাসের উপর সবুজ ঘাসের উপর সবুজ ঘাসের উপর সবুজ ঘাসের উপর সবুজ ঘাসের উপর সবুজ ঘাসের উপর সবুজ ঘাসের,0.02499999999375,0.1999999996,0.0444444424493828,0.0444444424493828,0.0,0.0444444424493828,0,0,0.1428571428571429,0.08333333326388888
1611.png,একজন নারী মুখ ধরে আছে।,0.5999999988,0.29999999969999996,0.39999999502222217,0.39999999502222217,0.15384614934911253,0.39999999502222217,0,0,0.3783783783783784,0.2727272724793388
2205328215_3ffc094cde.jpg,নীল রঙের হেলমেট পরা একজন লোক সাইকেল চালায়,0.24999999968749997,0.2222222219753086,0.23529411238754333,0.23529411238754333,0.13333332817777796,0.23529411238754333,0,0,0.3870967741935484,0.13333333324444444
6347.png,একজন পুরুষ আছে।,0.9999999966666667,0.9999999966666667,0.9999999916666666,0.9999999916666666,0.9999999900000001,0.9999999916666666,1,1,1.0,0.9999999966666667
7554.png,একজন পুরুষ ও একজন পুরুষ বসে আছে।,0.4285714279591837,0.5999999988,0.4999999943055557,0.4999999943055557,0.1999999948000001,0.4999999943055557,0,0,0.56,0.4285714279591837
7540.png,একজন নারী তাকিয়ে আছে।,0.49999999875,0.6666666644444444,0.5714285648979592,0.5714285648979592,0.39999999360000005,0.5714285648979592,0,0,0.6428571428571428,0.3999999992
2646.png,অনেকগুলো পাখি উড়ছে।,0.0,0.0,0.0,0.0,0.0,0.0,0,0,0.1724137931034483,0.0
1775029934_e1e96038a8.jpg,একটি হরিণ স্পষ্টভাবে দেখা যাচ্ছে।,0.1999999996,0.249999999375,0.2222222167901236,0.2222222167901236,0.0,0.2222222167901236,0,0,0.4285714285714286,0.12499999984374999
7882.png,একটি নৌকায় কয়েকজন মানুষ আছে।,0.1999999996,0.3333333322222222,0.24999999468750006,0.24999999468750006,0.0,0.24999999468750006,0,0,0.44999999999999996,0.14285714265306124
6067.png,মেয়ে টি,0.4999999975,0.1111111109876543,0.1818181785123967,0.1818181785123967,0.0,0.1818181785123967,0,0,0.09999999999999998,0.0999999999
816.png,একটি ব্রীজ ও আকাশে কালো হয়ে যাওয়া একটি নৌকা ও অনেকগুলো নৌকা ও অনেকগুলো নৌকা ও অনেকগুলো নৌকা ও অনেকগুলো নৌকা ও অনেকগুলো নৌকা ও অনেকগুলো নৌকা ও অনেকগুলো নৌকা ও অনেকগুলো নৌকা ও অনেকগুলো নৌকা ও অনেকগুলো নৌকা ও,0.02499999999375,0.16666666638888888,0.04347825858223074,0.04347825858223074,0.0,0.04347825858223074,0,0,0.08450704225352113,0.07142857137755101
2381583688_a6dd0a7279.jpg,একটি লাল টুপি পরা একজন মহিলা মদ্যপান করছেন।,0.49999999937499995,0.3999999996,0.4444444390123457,0.4444444390123457,0.24999999476562512,0.4444444390123457,0,0,0.5263157894736843,0.28571428551020406
3701509233_a2275a4e57.jpg,একটি নৌকায় একজন মানুষ আছে।,0.1999999996,0.249999999375,0.2222222167901236,0.2222222167901236,0.0,0.2222222167901236,0,0,0.4736842105263158,0.12499999984374999
1389323170_d1c81d6b51.jpg,একটি ছেলে একটি জন্মদিনের কেক হাতে বসে আছে,0.49999999937499995,0.28571428551020406,0.36363635867768596,0.36363635867768596,0.0999999953500002,0.36363635867768596,0,0,0.3902439024390244,0.21428571413265304
3722.png,একটি <unk> <unk> <unk>,0.249999999375,0.07692307686390532,0.11764705508650528,0.11764705508650528,0.0,0.11764705508650528,0,0,0.11764705882352944,0.07692307686390532
824123145_59243e504e.jpg,একজন মহিলা একটি মেয়ে,0.49999999875,0.18181818165289254,0.26666666240000003,0.26666666240000003,0.15384615005917168,0.26666666240000003,0,0,0.47058823529411764,0.15384615372781063
3338291921_fe7ae0c8f8.jpg,একটি কুকুর বরফের মধ্যে লাল কলার ও কালো কুকুর মুখে লাল রঙের কুকুর।,0.30769230745562126,0.30769230745562126,0.30769230245562135,0.30769230245562135,0.2105263109141275,0.30769230245562135,0,0,0.4693877551020408,0.21052631567867036
7594.png,একজন নারী একটি শিশু আছে।,0.3999999992,0.1999999998,0.2666666618666667,0.2666666618666667,0.0,0.2666666618666667,0,0,0.2682926829268293,0.18181818165289254
180094434_b0f244832d.jpg,একটি পানির ফোয়ারার সামনে এক লোক বাইরে একটি দালানের সামনে একটি দালানের সামনে একটি দালানের সামনে একটি দালানের সামনে একটি দালানের সামনে একটি দালানের সামনে একটি দালানের সামনে একটি দালানের সামনে একটি দালানের সামনে একটি দালানের সামনে একটি দালানের সামনে,0.07499999998125,0.37499999953124996,0.12499999717013895,0.12499999717013895,0.0,0.08333333052083343,0,0,0.18343195266272194,0.23076923059171597
527288854_f26127b770.jpg,একজন লোক একটি পাথরে আরোহণ করছে,0.6666666655555555,0.3999999996,0.4999999946875,0.4999999946875,0.14285713806122466,0.4999999946875,0,0,0.4545454545454546,0.3333333330555555
3096163135_584901a5ae.jpg,কিছু লোক একটি ভিড়ের মধ্যে অনেক মানুষ,0.2857142853061225,0.1999999998,0.23529411252595167,0.23529411252595167,0.13333332835555572,0.23529411252595167,0,0,0.3529411764705882,0.13333333324444444
2171891283_dedd9cf416.jpg,একটি কুকুর মাঠের মধ্যে দিয়ে খেলছে,0.33333333277777777,0.3999999992,0.36363635801652905,0.36363635801652905,0.0,0.2666666615111111,0,0,0.4666666666666667,0.2222222219753086
406642021_9ec852eccf.jpg,একজন লোক পাথরের চূড়ায় বসে আছে,0.16666666638888888,0.249999999375,0.1999999948000001,0.1999999948000001,0.0,0.1999999948000001,0,0,0.5454545454545454,0.1111111109876543
4054.png,একজন পুরুষ বসে আছে।,0.0,0.0,0.0,0.0,0.0,0.0,0,0,0.375,0.0
311267421_e204e643cf.jpg,একটি কুকুর একটি জমিতে হাল চাষ করছে।,0.2857142853061225,0.33333333277777777,0.3076923022485208,0.3076923022485208,0.1818181765289258,0.3076923022485208,0,0,0.52,0.1999999998
1861.png,এখানে কয়েকজন নারী আছে।,0.249999999375,0.14285714265306124,0.1818181768595043,0.1818181768595043,0.0,0.1818181768595043,0,0,0.31034482758620685,0.0999999999
6685.png,একটি শিশু আছে।,0.3333333322222222,0.12499999984374999,0.18181817752066123,0.18181817752066123,0.0,0.18181817752066123,0,0,0.1785714285714286,0.0999999999
7126.png,কয়েকজন পুরুষ ও একজন পুরুষ বসে আছে।,0.571428570612245,0.2352941175086505,0.3333333289236111,0.3333333289236111,0.0909090868595043,0.24999999565972228,0,0,0.3125,0.2222222220987654
3333921867_6cc7d7c73d.jpg,দুটি কুকুর ঘাসের মধ্যে দিয়ে দৌড়াচ্ছে।,0.49999999916666665,0.49999999916666665,0.4999999941666667,0.4999999941666667,0.2222222167901236,0.4999999941666667,0,0,0.782608695652174,0.3333333329629629
3025.png,কিছু গাছের নিচে গাছের নিচে বসে আনন্দ করছে।,0.37499999953124996,0.23076923059171597,0.2857142807256236,0.2857142807256236,0.1052631531301941,0.2857142807256236,0,0,0.40909090909090906,0.1874999998828125
3292016893_24d14c8b4f.jpg,দুটি গোল্ডেন রিট্রিভার কুকুর,0.49999999875,0.33333333277777777,0.3999999944,0.3999999944,0.0,0.3999999944,0,0,0.23809523809523814,0.24999999968749997
6740.png,সমুদ্রের পারে দুইটি শিশু খেলছে।,0.1999999996,0.249999999375,0.2222222167901236,0.2222222167901236,0.0,0.2222222167901236,0,0,0.44999999999999996,0.12499999984374999
3692836015_d11180727b.jpg,এক স্কেটবোর্ডার রাস্তায় সাইকেল চালাচ্ছে,0.1999999996,0.08333333326388888,0.11764705453287211,0.11764705453287211,0.0,0.11764705453287211,0,0,0.28,0.0624999999609375
351876121_c7c0221928.jpg,একটি কুকুর একটি সাদা রঙের সাদা রঙের সাদা রঙের সাদা রঙের সাদা রঙের সাদা রঙের সাদা রঙের সাদা রঙের সাদা রঙের সাদা রঙের সাদা রঙের সাদা রঙের সাদা রঙের সাদা রঙের সাদা রঙের সাদা রঙের সাদা রঙের সাদা রঙের সাদা,0.099999999975,0.3636363633057851,0.15686274165321037,0.15686274165321037,0.043478258270321514,0.15686274165321037,0,0,0.12857142857142856,0.2727272724793388
45.png,একটি বড় বড় বড় বড় বড় বড় বড় বড় বড় বড় বড় বড় বড় বড় বড় বড় বড় বড় বড় বড় বড় বড় বড় বড় বড় বড় বড় বড় বড় বড় বড় বড় বড় বড় বড় বড় বড় বড় বড়,0.02499999999375,0.07692307686390532,0.03773584533997901,0.03773584533997901,0.0,0.03773584533997901,0,0,0.1166666666666667,0.07142857137755101
2002.png,একটা ছোট ছেলে একসাথে দাড়িয়ে আছে।,0.16666666638888888,0.1111111109876543,0.13333332835555572,0.13333332835555572,0.0,0.13333332835555572,0,0,0.2432432432432432,0.07692307686390532
619169586_0a13ee7c21.jpg,এক ব্যক্তি একটি পাথরের দেয়ালে দাঁড়িয়ে আছে,0.571428570612245,0.3333333330555555,0.42105262648199443,0.42105262648199443,0.11764705411764723,0.42105262648199443,0,0,0.4444444444444444,0.26666666648888887
371.png,একজন পুরুষ <unk> বিক্রি করছে একটি দেয়ালের পাশে বসে চা বিক্রি করছে,0.16666666652777776,0.16666666652777776,0.16666666152777793,0.16666666152777793,0.0,0.16666666152777793,0,0,0.3913043478260869,0.10526315783933518
1717.png,একটি শিশু হাততালি দিচ্ছে।,0.249999999375,0.1111111109876543,0.15384614934911253,0.15384614934911253,0.0,0.15384614934911253,0,0,0.27586206896551724,0.08333333326388888
1307.png,একটি শিশু একটি বস্তা নিয়ে আছে।,0.6666666655555555,0.571428570612245,0.6153846094674558,0.6153846094674558,0.36363635801652905,0.6153846094674558,0,0,0.6666666666666667,0.49999999937499995
5378.png,একটি <unk> একটি তুলতুলে মেঘ ছড়িয়ে ছিটিয়ে দিচ্ছে,0.12499999984374999,0.3333333322222222,0.18181817752066123,0.18181817752066123,0.0,0.18181817752066123,0,0,0.22580645161290325,0.12499999984374999
217583047_5e93e1e119.jpg,একজন পুরুষ একটি নৌকা চালাচ্ছে।,0.3999999992,0.3999999992,0.39999999420000004,0.39999999420000004,0.0,0.39999999420000004,0,0,0.7,0.24999999968749997
2442.png,রাস্তা দিয়ে রিক্সা দেখা যাচ্ছে।,0.3999999992,0.1999999998,0.2666666618666667,0.2666666618666667,0.0,0.2666666618666667,0,0,0.28260869565217395,0.16666666652777776
537225246_dd0e2158a7.jpg,একজন লোক একটি <unk> বিজ্ঞাপনের দিকে তাকিয়ে আছে,0.12499999984374999,0.16666666638888888,0.1428571377551022,0.1428571377551022,0.0,0.1428571377551022,0,0,0.3055555555555556,0.07692307686390532
3511062827_cd87871c67.jpg,একটি কালো রঙের একটি কালো কুকুর চামচ দিয়ে খেলছে,0.5555555549382716,0.5555555549382716,0.5555555499382716,0.5555555499382716,0.2857142804081633,0.5333333278222222,0,0,0.65625,0.4444444439506172
342628272_197346206398382_827924749985975414_n.jpg,একটি চায়ের <unk>,0.6666666644444444,0.1111111110493827,0.190476187845805,0.190476187845805,0.0,0.190476187845805,0,0,0.17021276595744683,0.1111111110493827
424869823_7aec015d87.jpg,একটি ছোট মেয়ে বালির উপরে বালিতে স্লাইড করলো,0.24999999968749997,0.49999999875,0.33333332833333335,0.33333332833333335,0.0,0.33333332833333335,0,0,0.3666666666666667,0.1999999998
7309.png,একজন বৃদ্ধ লোক উপরে চেয়ে আছেন।,0.16666666638888888,0.3333333322222222,0.2222222172839507,0.2222222172839507,0.0,0.2222222172839507,0,0,0.4545454545454546,0.12499999984374999
2206594874_5e0087c6b7.jpg,একটি টেবিলের চারপাশে দাঁড়িয়ে আছে,0.1999999996,0.12499999984374999,0.15384614887573977,0.15384614887573977,0.0,0.15384614887573977,0,0,0.33333333333333337,0.08333333326388888
2647.png,ধান ক্ষেতের মাঝ দিয়ে একজন মানুষ হেঁটে যাচ্ছে।,0.12499999984374999,0.0999999999,0.11111110604938293,0.11111110604938293,0.0,0.11111110604938293,0,0,0.21875,0.05882352937716263
695.png,পানিতে কয়েকজন মানুষ আছে।,0.249999999375,0.1999999996,0.2222222167901236,0.2222222167901236,0.0,0.2222222167901236,0,0,0.2702702702702703,0.12499999984374999
3211210739_3dea005fde.jpg,একজন লোক স্কেটবোর্ডে চড়ে কসরত করছে,0.33333333277777777,0.24999999968749997,0.2857142804081633,0.2857142804081633,0.15384614887573977,0.2857142804081633,0,0,0.4482758620689655,0.16666666652777776
345284301_191488953721507_6874014176055751344_n.jpg,সবুজ ঘাস কাটার যন্ত্রটি দুজন লোক সবুজ ঘাস,0.24999999968749997,0.2857142853061225,0.2666666613333334,0.2666666613333334,0.15384614863905344,0.2666666613333334,0,0,0.3666666666666667,0.18181818165289254
2589.png,একজন নারী তাকিয়ে আছে।,0.249999999375,0.1999999996,0.2222222167901236,0.2222222167901236,0.0,0.2222222167901236,0,0,0.5555555555555556,0.12499999984374999
1278.png,গ্রাসের উপরে একটি শিশু আছে।,0.3999999992,0.1999999998,0.2666666618666667,0.2666666618666667,0.0,0.2666666618666667,0,0,0.33333333333333337,0.16666666652777776
5065.png,একটি শিশু দাড়িয়ে আছে।,0.0,0.0,0.0,0.0,0.0,0.0,0,0,0.2941176470588235,0.0
205682549_713aa6cd88.jpg,একটি বিশাল পাথুরে পাহাড় থেকে এক লোক একটি শিলার উপরে <unk> একটি পাথুরে স্থাপনার বাইরে একটি শিলার উপরে <unk> একটি পাথুরে স্থাপনার বাইরে একটি শিলার উপরে <unk> একটি পাথুরে স্থাপনার বাইরে একটি শিলার উপরে <unk> একটি পাথুরে স্থাপনার বাইরে একটি,0.02499999999375,0.14285714265306124,0.04255318893617037,0.04255318893617037,0.0,0.04255318893617037,0,0,0.15243902439024393,0.05555555552469135
3950.png,নদীর পাড়ে নৌকা আছে।,0.49999999875,0.3999999992,0.4444444385185186,0.4444444385185186,0.28571428000000004,0.4444444385185186,0,0,0.5,0.2857142853061225
1130401779_8c30182e3e.jpg,একটি কুকুর জলের মধ্যে দৌড়াচ্ছে,0.3999999992,0.2857142853061225,0.33333332791666676,0.33333332791666676,0.0,0.33333332791666676,0,0,0.65,0.1999999998
3054200086_657d4398e8.jpg,হকি খেলোয়াড় বরফের উপর দেখছেন।,0.3999999992,0.33333333277777777,0.36363635801652905,0.36363635801652905,0.2222222167901236,0.36363635801652905,0,0,0.38095238095238093,0.2222222219753086
1461.png,একটি শিশু বসে আছে।,0.49999999875,0.6666666644444444,0.5714285648979592,0.5714285648979592,0.0,0.5714285648979592,0,0,0.41666666666666663,0.3999999992
814.png,কয়েকজন মানুষ আছে।,0.3333333322222222,0.249999999375,0.28571428000000004,0.28571428000000004,0.0,0.28571428000000004,0,0,0.368421052631579,0.16666666638888888
2381.png,একজন পুরুষ বসে আছে।,0.249999999375,0.1999999996,0.2222222167901236,0.2222222167901236,0.0,0.2222222167901236,0,0,0.4,0.12499999984374999
2206.png,একজন নারী ও একটি শিশু আছে।,0.16666666638888888,0.1999999996,0.1818181765289258,0.1818181765289258,0.0,0.1818181765289258,0,0,0.4736842105263158,0.0999999999
2307118114_c258e3a47e.jpg,একটি লোক একটি কাগজের কাজ করছে।,0.49999999916666665,0.16666666657407406,0.24999999604166667,0.24999999604166667,0.1818181781404959,0.24999999604166667,0,0,0.36363636363636365,0.11764705875432525
6884.png,একজন পুরুষ দাড়িয়ে আছে।,0.49999999875,0.33333333277777777,0.3999999944,0.3999999944,0.0,0.3999999944,0,0,0.4545454545454546,0.24999999968749997
3508051251_82422717b3.jpg,একজন স্কেটবোর্ডার একটি স্কেটবোর্ডিং ট্রিক করছে,0.16666666638888888,0.1999999996,0.1818181765289258,0.1818181765289258,0.0,0.1818181765289258,0,0,0.34285714285714286,0.0999999999
1562392511_522a26063b.jpg,একটি কুকুর একটি কার্পেট পা ক্রস করে,0.2857142853061225,0.2857142853061225,0.28571428030612256,0.28571428030612256,0.0,0.28571428030612256,0,0,0.37209302325581395,0.18181818165289254
5746.png,কয়েকজন লোক নৌকা থেকে জাল ফেলছে। পাশে নৌকা দিয়ে নৌকা থেকে নেমে ধর্মজাল দিয়ে মাছ ধরছেন।,0.0624999999609375,0.07142857137755101,0.06666666164444482,0.06666666164444482,0.0,0.06666666164444482,0,0,0.3035714285714286,0.039999999984
4895.png,একটি <unk> একটি <unk> ভবনের সামনে ভবনের সামনে ভবনের সামনে ভবনের সামনে ভবনের সামনে ভবনের সামনে ভবনের সামনে ভবনের সামনে ভবনের সামনে ভবনের সামনে ভবনের সামনে ভবনের সামনে ভবনের সামনে ভবনের সামনে ভবনের সামনে ভবনের সামনে ভবনের সামনে ভবনের সামনে,0.0499999999875,0.24999999968749997,0.08333333052083343,0.08333333052083343,0.043478258270321514,0.08333333052083343,0,0,0.096045197740113,0.2222222219753086
9097.png,একজন লোক হাতে গীটার নিয়ে দাড়িয়ে আছে।,0.4285714279591837,0.24999999979166665,0.31578946869806096,0.31578946869806096,0.11764705411764723,0.31578946869806096,0,0,0.43181818181818177,0.1874999998828125
IMG_1113.JPG,একজন পুরুষ চশমা পরে আছে,0.1999999996,0.3333333322222222,0.24999999468750006,0.24999999468750006,0.0,0.24999999468750006,0,0,0.4444444444444444,0.14285714265306124
6978.png,একজন বৃদ্ধ লোক হাতে একটি <unk> আছে,0.2857142853061225,0.33333333277777777,0.3076923022485208,0.3076923022485208,0.0,0.3076923022485208,0,0,0.43999999999999995,0.18181818165289254
6712.png,একজন পুরুষ তাকিয়ে আছে।,0.9999999975,0.9999999975,0.9999999925,0.9999999925,0.9999999916666666,0.9999999925,1,1,1.0,0.9999999975
3230132205_dccfafa5ee.jpg,চামড়ার জ্যাকেট পরিহিত একজন লোক একটি <unk> <unk> দেখছে,0.3333333329629629,0.2727272724793388,0.29999999475000005,0.29999999475000005,0.22222221703703712,0.29999999475000005,0,0,0.39473684210526316,0.1874999998828125
2180886307_5156460b2c.jpg,একটি কুকুর সাঁতার কাটছে,0.9999999975,0.7999999984,0.8888888819753088,0.8888888819753088,0.8571428497959185,0.8888888819753088,0,0,0.7894736842105263,0.7999999984
537222436_ab406234ce.jpg,লাল <unk> একটি কালো এবং কালো <unk> কালো <unk> কালো এবং কালো <unk> কালো <unk> কালো এবং কালো <unk> কালো <unk> কালো এবং কালো <unk> কালো <unk> কালো এবং কালো <unk> কালো <unk> কালো এবং কালো <unk> কালো <unk> কালো,0.1499999999625,0.3157894735180055,0.20338982607296763,0.20338982607296763,0.07017543425053889,0.13559321592645804,0,0,0.2706766917293233,0.2777777776234568
2555622234_3e531e4014.jpg,একটি কুকুর পানির পাশে দাঁড়িয়ে আছে,0.33333333277777777,0.49999999875,0.3999999944,0.3999999944,0.24999999468750006,0.3999999944,0,0,0.5714285714285714,0.24999999968749997
1127.png,কয়েকজন বালক ফুটবল খেলছে।,0.7499999981250001,0.7499999981250001,0.7499999931250001,0.7499999931250001,0.33333332722222225,0.7499999931250001,0,0,0.8333333333333334,0.5999999988
8077.png,তিনটি শিশু আছে।,0.0,0.0,0.0,0.0,0.0,0.0,0,0,0.26315789473684215,0.0
3082934678_58534e9d2c.jpg,দুটি কুকুর ঘাসে ঢাকা মাঠে দৌড়াচ্ছে,0.49999999916666665,0.9999999966666667,0.6666666607407408,0.6666666607407408,0.28571428081632655,0.6666666607407408,0,0,0.65,0.49999999916666665
6707.png,একজন পুরুষ একটি লাঙ্গল নিয়ে দাড়িয়ে আছে।,0.4285714279591837,0.7499999981250001,0.5454545398347109,0.5454545398347109,0.2222222172839507,0.5454545398347109,0,0,0.4814814814814815,0.37499999953124996
3484365373_98d5304935.jpg,লাল জামা পরিহিত একটি অল্প বয়সী মেয়ে <unk>,0.24999999968749997,0.33333333277777777,0.2857142804081633,0.2857142804081633,0.0,0.2857142804081633,0,0,0.4,0.16666666652777776
IMG_2913.JPG,মহিলা টি বসে আছে,0.7499999981250001,0.5999999988,0.6666666602469137,0.6666666602469137,0.44444443901234576,0.6666666602469137,0,0,0.6,0.49999999916666665
2598.png,একজন মহিলা হাতে একটা ব্যাগ নিয়ে আছে।,0.14285714265306124,0.1999999996,0.16666666152777793,0.16666666152777793,0.0,0.16666666152777793,0,0,0.36,0.09090909082644627
3208987435_780ae35ef0.jpg,একটি শিশু একটি পানীয় পান করছে,0.33333333277777777,0.2222222219753086,0.2666666615111111,0.2666666615111111,0.0,0.2666666615111111,0,0,0.4571428571428572,0.08333333326388888
2156131463_5b53636cf0.jpg,দু'জন পুরুষ এবং একজন পুরুষ এবং একজন পুরুষ এবং একজন পুরুষ এবং একজন পুরুষ এবং একজন পুরুষ এবং একজন পুরুষ এবং একজন পুরুষ এবং একজন পুরুষ এবং একজন পুরুষ এবং একজন পুরুষ এবং একজন পুরুষ এবং একজন পুরুষ এবং একজন,0.02499999999375,0.14285714265306124,0.04255318893617037,0.04255318893617037,0.0,0.04255318893617037,0,0,0.17610062893081757,0.0999999999
2972.png,পানিতে দুইজন ছেলে বসে আছে এবং অন্য শিশুরা পটভূমিতে দৃশ্যমান ।,0.0,0.0,0.0,0.0,0.0,0.0,0,0,0.275,0.0
3746.png,তিনজন পুরুষ ও তিনজন পুরুষ আছে।,0.49999999916666665,0.7499999981250001,0.5999999940000001,0.5999999940000001,0.24999999468750006,0.5999999940000001,0,0,0.5454545454545454,0.5999999988
3429641260_2f035c1813.jpg,একটি স্কেটবোর্ডার একটি <unk> থেকে একটি <unk> <unk> <unk> <unk> <unk> <unk> <unk> <unk> <unk> <unk> <unk> <unk> <unk> <unk> <unk> <unk> <unk> <unk> <unk> <unk> <unk> <unk> <unk> <unk> <unk> <unk> <unk> <unk> <unk> <unk> <unk> <unk> <unk> <unk>,0.0499999999875,0.24999999968749997,0.08333333052083343,0.08333333052083343,0.0,0.08333333052083343,0,0,0.09876543209876543,0.1999999998
4610.png,একজন পুরুষ হেঁটে যাচ্ছে।,0.7499999981250001,0.23076923059171597,0.35294117245674744,0.35294117245674744,0.1333333299555556,0.35294117245674744,0,0,0.2549019607843137,0.21428571413265304
2104.png,রেল লাইন ধরে হেটে যাচ্ছে রেল লাইন এর উপরে দেখা যাচ্ছে।,0.18181818165289254,0.15384615372781063,0.16666666156250012,0.16666666156250012,0.0,0.0833333282986114,0,0,0.3191489361702128,0.09999999995
3250076419_eb3de15063.jpg,একটি কালো কুকুর কোনো একটি কালো কুকুরের সাথে কুস্তি করছে,0.29999999969999996,0.23076923059171597,0.2608695600756144,0.2608695600756144,0.0,0.2608695600756144,0,0,0.36111111111111116,0.16666666657407406
3366.png,একজন পুরুষ দাড়িয়ে আছে।,0.7499999981250001,0.7499999981250001,0.7499999931250001,0.7499999931250001,0.33333332722222225,0.7499999931250001,0,0,0.4666666666666667,0.5999999988
1016887272_03199f49c4.jpg,একটি <unk> একটি বড় পাথরে আরোহণ করছে,0.2857142853061225,0.2222222219753086,0.24999999476562512,0.24999999476562512,0.11111110654321005,0.24999999476562512,0,0,0.5588235294117647,0.15384615372781063
1067.png,কয়েকজন মানুষ দাড়িয়ে আছে।,0.49999999875,0.1999999998,0.28571428122448983,0.28571428122448983,0.0,0.28571428122448983,0,0,0.275,0.18181818165289254
IMG_20220916_173534.jpg,একটি লোক বসে আছে,0.7499999981250001,0.5999999988,0.6666666602469137,0.6666666602469137,0.28571428000000004,0.6666666602469137,0,0,0.6875,0.49999999916666665
5374.png,একটি <unk> একটি কুকুর একটি <unk>,0.0,0.0,0.0,0.0,0.0,0.0,0,0,0.18518518518518523,0.0
3354200211_35348e47d8.jpg,একদল লোক রাস্তায় দাঁড়িয়ে আছে।,0.1999999996,0.249999999375,0.2222222167901236,0.2222222167901236,0.0,0.2222222167901236,0,0,0.7,0.12499999984374999
4994.png,একজন পুরুষ চশমা পরে আছে।,0.9999999980000001,0.45454545413223135,0.6249999949218751,0.6249999949218751,0.28571428122448983,0.374999995234375,0,0,0.2894736842105263,0.45454545413223135
253.png,একজন মহিলা একজন মহিলা ১ জন মহিলা ২ টি গরু নিয়ে আছে।,0.08333333326388888,0.16666666638888888,0.11111110654321005,0.11111110654321005,0.0,0.11111110654321005,0,0,0.28205128205128205,0.07142857137755101
755326139_ee344ece7b.jpg,একটি ছোট্ট মেয়েটি পুলে স্লাইড বেয়ে সুইমিংপুলে সাঁতার কাটতে হয়,0.1999999998,0.1999999998,0.19999999480000014,0.19999999480000014,0.0,0.19999999480000014,0,0,0.3666666666666667,0.1111111110493827
2066241589_b80e9f676c.jpg,একটি কুকুর ঘাসের মধ্য দিয়ে দৌড়াচ্ছে,0.33333333277777777,0.3999999992,0.36363635801652905,0.36363635801652905,0.1818181765289258,0.36363635801652905,0,0,0.48,0.2222222219753086
7243.png,একটি লাল রঙের একটি লাল রঙের একটি লাল রঙের একটি লাল রঙের একটি লাল রঙের একটি লাল রঙের একটি লাল রঙের একটি লাল রঙের একটি লাল রঙের একটি লাল রঙের একটি লাল রঙের একটি লাল রঙের একটি লাল রঙের একটি,0.02499999999375,0.249999999375,0.04545454378099179,0.04545454378099179,0.0,0.04545454378099179,0,0,0.06164383561643838,0.16666666638888888
4164.png,দুজন লোক তার পাশে বসে আছে,0.16666666638888888,0.0999999999,0.12499999515625017,0.12499999515625017,0.0,0.12499999515625017,0,0,0.303030303030303,0.06666666662222222
346622475_244315994917388_3121666446830098164_n.jpg,একজন পুরুষ বসে আছে,0.0,0.0,0.0,0.0,0.0,0.0,0,0,0.24137931034482762,0.0
5217.png,একটি ছেলে একটি পাথরের উপর দিয়ে একটি পাথরের উপর দিয়ে একটি পাথরের উপর দিয়ে একটি পাথরের উপর দিয়ে একটি পাথরের উপর দিয়ে একটি পাথরের উপর দিয়ে একটি পাথরের উপর দিয়ে একটি পাথরের উপর দিয়ে একটি পাথরের উপর দিয়ে একটি পাথরের,0.0499999999875,0.33333333277777777,0.08695651943289232,0.08695651943289232,0.045454543419421574,0.08695651943289232,0,0,0.10062893081761004,0.2222222219753086
3254640083_eb34b8edfe.jpg,একটি শিশু আছে।,0.3333333322222222,0.16666666638888888,0.2222222172839507,0.2222222172839507,0.0,0.2222222172839507,0,0,0.2777777777777778,0.12499999984374999
3633.png,অনেকগুলো মানুষ আছে।,0.9999999966666667,0.7499999981250001,0.8571428497959185,0.8571428497959185,0.799999992,0.8571428497959185,0,0,0.8,0.7499999981250001
1677.png,একজন পুরুষ আছে।,0.9999999966666667,0.49999999916666665,0.6666666607407408,0.6666666607407408,0.28571428081632655,0.6666666607407408,0,0,0.45833333333333337,0.49999999916666665
4782.png,একটি পর্যটন এলাকায় কিছু মানুষ আছে।,0.33333333277777777,0.6666666644444444,0.44444443901234576,0.44444443901234576,0.0,0.44444443901234576,0,0,0.33333333333333337,0.2857142853061225
963.png,একটি সেতু ও একটি সেতু ও একটি সেতু ও কয়েকজন মানুষ আছে।,0.24999999979166665,0.7499999981250001,0.37499999578125004,0.37499999578125004,0.2857142819387755,0.37499999578125004,0,0,0.33333333333333337,0.4285714279591837
2924.png,একজন পুরুষ দাড়িয়ে আছে।,0.7499999981250001,0.9999999966666667,0.8571428497959185,0.8571428497959185,0.39999999360000005,0.8571428497959185,0,0,0.7333333333333334,0.7499999981250001
7424.png,একটি নৌকায় কয়েকজন মানুষ আছে।,0.9999999980000001,0.9999999980000001,0.9999999930000001,0.9999999930000001,0.9999999925,0.9999999930000001,1,1,1.0,0.9999999980000001
3424.png,একজন পুরুষ মোনাজাত করছে।,0.249999999375,0.249999999375,0.2499999943750001,0.2499999943750001,0.0,0.2499999943750001,0,0,0.5294117647058824,0.14285714265306124
3753.png,দূরে একজন মানুষ আছে।,0.49999999875,0.49999999875,0.4999999937500001,0.4999999937500001,0.33333332722222225,0.4999999937500001,0,0,0.4666666666666667,0.33333333277777777
1490213660_9ea45550cf.jpg,একটি ধূসর কুকুর পানির মধ্যদিয়ে ছুটছে ।,0.7142857132653061,0.7142857132653061,0.7142857082653062,0.7142857082653062,0.4999999941666667,0.7142857082653062,0,0,0.76,0.5555555549382716
2312984882_bec7849e09.jpg,একটি টেবিলের চারপাশে অনেক মানুষ একটি টেবিলে বসে আছে,0.1111111109876543,0.12499999984374999,0.11764705370242234,0.11764705370242234,0.0,0.11764705370242234,0,0,0.31818181818181823,0.06666666662222222
8010.png,একটা ছাতার নিচে একটা ছাতার নিচে বসে আছে।,0.12499999984374999,0.1111111109876543,0.11764705370242234,0.11764705370242234,0.0,0.11764705370242234,0,0,0.32352941176470584,0.07692307686390532
3688797852_89ed3cb056.jpg,অদ্ভুত টুপি পরা ব্যক্তিটি <unk> <unk> টুপি এবং <unk> <unk> <unk> <unk> টুপি এবং <unk> <unk> <unk> <unk> টুপি এবং <unk> <unk> <unk> <unk> টুপি এবং <unk> <unk> <unk> <unk> টুপি এবং <unk> <unk> <unk> <unk> টুপি এবং <unk> <unk>,0.0499999999875,0.2222222219753086,0.08163265002915464,0.08163265002915464,0.0,0.08163265002915464,0,0,0.11486486486486491,0.16666666652777776
1777816180_08d7e8063b.jpg,নীল শার্টের একটি শিশু একটি পাথুরে <unk> আরোহণ করছে,0.3333333329629629,0.37499999953124996,0.3529411710726644,0.3529411710726644,0.13333332817777796,0.3529411710726644,0,0,0.5428571428571429,0.23076923059171597
544122267_e9e0100bc5.jpg,একটি যুবক দোলের বাইরে একটি দোলনা থেকে ঝুলছে,0.12499999984374999,0.3333333322222222,0.18181817752066123,0.18181817752066123,0.0,0.18181817752066123,0,0,0.36111111111111116,0.1111111109876543
3485486737_953f9d3be2.jpg,একটি ভ্রাম্যমাণ গাড়ির ভেতর তিনটি গাড়ি চালাচ্ছে,0.2857142853061225,0.18181818165289254,0.22222221722222232,0.22222221722222232,0.0,0.22222221722222232,0,0,0.32499999999999996,0.124999999921875
535123126_c06c1ab9bf.jpg,একটি কুকুর এবং একটি কুকুরকে দেখছে,0.33333333277777777,0.2222222219753086,0.2666666615111111,0.2666666615111111,0.0,0.2666666615111111,0,0,0.4571428571428572,0.16666666652777776
1355945307_f9e01a9a05.jpg,একটি রেস গাড়ি শীর্ষে পৌঁছেছে।,0.5999999988,0.29999999969999996,0.39999999502222217,0.39999999502222217,0.15384614934911253,0.39999999502222217,0,0,0.2857142857142857,0.2727272724793388
5368.png,ফুল ও একটি পাখি আছে।,0.3999999992,0.49999999875,0.4444444385185186,0.4444444385185186,0.0,0.4444444385185186,0,0,0.3571428571428571,0.2857142853061225
4702.png,এটি একটি রাস্তা।,0.3333333322222222,0.16666666638888888,0.2222222172839507,0.2222222172839507,0.0,0.2222222172839507,0,0,0.25,0.12499999984374999
7140.png,একজন পুরুষ দুইটি শিশু কোলে নিয়ে হেঁটে যাচ্ছে।,0.37499999953124996,0.7499999981250001,0.49999999472222234,0.49999999472222234,0.1999999954000001,0.49999999472222234,0,0,0.4642857142857143,0.3333333329629629
2910758605_73a3f5a5c2.jpg,নীল রঙের জামা পরা লোক নীল জামা পরে দাড়িয়ে আছে আর পেছনে অনেক লোকজন হেটে যাচ্ছে,0.0624999999609375,0.16666666638888888,0.0909090868595043,0.0909090868595043,0.0,0.0909090868595043,0,0,0.31481481481481477,0.05263157891966759
5072.png,দুইজন পুরুষ আছে।,0.3333333322222222,0.07692307686390532,0.12499999679687505,0.12499999679687505,0.0,0.12499999679687505,0,0,0.2325581395348837,0.07142857137755101
370.png,সমুদ্রের পারে একজন মানুষ আছে।,0.5999999988,0.49999999916666665,0.5454545395041324,0.5454545395041324,0.2222222167901236,0.5454545395041324,0,0,0.7083333333333333,0.37499999953124996
2097403787_77a154f5b9.jpg,বরফে ঢাকা একটি বরফ ঢাকা পর্বতের চূড়ায় একজন লোক একটি বিশাল পাথুরে পাহাড়ের সামনে দাঁড়িয়ে আছে,0.374999999765625,0.7499999990624999,0.49999999513888893,0.49999999513888893,0.2727272681404959,0.41666666187500007,0,0,0.4126984126984127,0.374999999765625
3262475923_f1f77fcd9f.jpg,একজন ফুটবল খেলোয়াড় একটি মাটিতে শুয়ে আছে,0.14285714265306124,0.16666666638888888,0.15384614863905344,0.15384614863905344,0.0,0.15384614863905344,0,0,0.3214285714285714,0.08333333326388888
1470132731_fa416b7504.jpg,একটি কালো কুকুর পানিতে সাঁতার কাটছে,0.49999999916666665,0.7499999981250001,0.5999999940000001,0.5999999940000001,0.49999999406250006,0.5999999940000001,0,0,0.6956521739130435,0.4285714279591837
7253.png,একটি <unk> ঘিরে বসে থাকা একজন মহিলা একটি <unk> বসে আছে।,0.18181818165289254,0.49999999875,0.26666666240000003,0.26666666240000003,0.15384615005917168,0.26666666240000003,0,0,0.3076923076923077,0.1999999998
3265578645_4044a7049a.jpg,তিনজন লোক একটি কারের সাথে ঠেলে দিচ্ছেন,0.14285714265306124,0.16666666638888888,0.15384614863905344,0.15384614863905344,0.0,0.15384614863905344,0,0,0.3846153846153846,0.08333333326388888
3456862740_7550bcddc2.jpg,হেলমেট পরা একজন লোক একটি ডার্ট বাইক চালাচ্ছে,0.6249999992187499,0.5555555549382716,0.5882352884429066,0.5882352884429066,0.3999999944888889,0.5882352884429066,0,0,0.6486486486486487,0.41666666631944443
IMG_8224.JPG,কিছু মানুষ লাইনে দাঁড়িয়ে আছে,0.1999999996,0.1999999996,0.19999999460000012,0.19999999460000012,0.0,0.19999999460000012,0,0,0.33333333333333337,0.1111111109876543
2696394827_7342ced36f.jpg,একটি কুকুর পানিতে লাফ দিচ্ছে,0.5999999988,0.4285714279591837,0.4999999943055557,0.4999999943055557,0.3999999944,0.4999999943055557,0,0,0.5185185185185186,0.4285714279591837
2220175999_081aa9cce8.jpg,একটি হ্রদে একটি কুকুর দৌড়াচ্ছে,0.1999999996,0.249999999375,0.2222222167901236,0.2222222167901236,0.0,0.2222222167901236,0,0,0.44999999999999996,0.14285714265306124
7810.png,একটি শিশু আছে।,0.3333333322222222,0.0999999999,0.15384615005917168,0.15384615005917168,0.0,0.15384615005917168,0,0,0.15384615384615385,0.09090909082644627
DSC_9068.JPG,একজন নারী একটি শিশু দাড়িয়ে আছে।,0.16666666638888888,0.249999999375,0.1999999948000001,0.1999999948000001,0.0,0.1999999948000001,0,0,0.5238095238095238,0.1111111109876543
2278776373_fe499a93be.jpg,একটি কাউবয় টুপি পরিহিত একজন লোক একটি বিল্ডিংয়ের সামনে দাঁড়িয়ে আছে,0.18181818165289254,0.3999999992,0.249999995390625,0.249999995390625,0.10526315279778417,0.249999995390625,0,0,0.3555555555555555,0.15384615372781063
3110614694_fecc23ca65.jpg,একটি কুকুর তুষারের মধ্যে দৌঁড়াচ্ছে,0.5999999988,0.3333333329629629,0.42857142336734694,0.42857142336734694,0.16666666194444454,0.33333332895061735,0,0,0.4722222222222222,0.29999999969999996
1280147517.jpg,একটি নৌকার ডেকের উপর উপুড় হয়ে থাকা একটি <unk>,0.2222222219753086,0.49999999875,0.3076923029585799,0.3076923029585799,0.15384614887573977,0.3076923029585799,0,0,0.33333333333333337,0.16666666652777776
inbound4189403605111348304.jpg,একটি বিড়াল আছে।,0.3333333322222222,0.1111111109876543,0.16666666263888896,0.16666666263888896,0.0,0.16666666263888896,0,0,0.22857142857142854,0.09090909082644627
1296770308_3db2022f5a.jpg,কালো পোশাকের একজন লোক একটি পুরুষের সাথে কথা বলছে।,0.2222222219753086,0.15384615372781063,0.18181817681818194,0.18181817681818194,0.0,0.18181817681818194,0,0,0.2941176470588235,0.1111111110493827
903.png,একজন নারী ও দুইটি শিশু আছে।,0.6666666655555555,0.571428570612245,0.6153846094674558,0.6153846094674558,0.1818181765289258,0.6153846094674558,0,0,0.5416666666666667,0.49999999937499995
1638.png,শাড়ি পরিহিত তিনজন নারী আছে।,0.3999999992,0.1999999998,0.2666666618666667,0.2666666618666667,0.0,0.2666666618666667,0,0,0.29032258064516125,0.15384615372781063
1299459550_1fd5594fa2.jpg,এক মহিলা একটি শিশু হ্রদে,0.1999999996,0.1999999996,0.19999999460000012,0.19999999460000012,0.0,0.19999999460000012,0,0,0.33333333333333337,0.1111111109876543
6543.png,অনেকগুলো মানুষ আছে।,0.3333333322222222,0.1999999996,0.24999999468750006,0.24999999468750006,0.0,0.24999999468750006,0,0,0.368421052631579,0.14285714265306124
3415178926_909db9400b.jpg,এক নারী একটি কুকুর নিয়ে একটি কুকুর নিয়ে একটি কুকুর নিয়ে একটি কুকুর নিয়ে একটি কুকুর নিয়ে একটি কুকুর নিয়ে একটি কুকুর নিয়ে একটি কুকুর নিয়ে একটি কুকুর নিয়ে একটি কুকুর নিয়ে একটি কুকুর নিয়ে একটি কুকুর নিয়ে একটি কুকুর,0.07499999998125,0.21428571413265304,0.11111110722908106,0.11111110722908106,0.0,0.11111110722908106,0,0,0.2551724137931034,0.16666666657407406
2559503010_84f20b3bc9.jpg,একটি টেবিলে কিছু লোক একটি মেক্সিকান মহিলা একটি দোকানের বাইরে দু'জন লোক।,0.3333333330555555,0.3636363633057851,0.3478260816635161,0.3478260816635161,0.09523809015873042,0.26086956000000006,0,0,0.3829787234042553,0.124999999921875
8951.png,কয়েকজন মানুষ আছে।,0.6666666644444444,0.33333333277777777,0.44444443901234576,0.44444443901234576,0.0,0.44444443901234576,0,0,0.5,0.2857142853061225
3187.png,একজন পুরুষ আছে।,0.3333333322222222,0.249999999375,0.28571428000000004,0.28571428000000004,0.0,0.28571428000000004,0,0,0.5714285714285714,0.16666666638888888
452363869_cad37e609f.jpg,একটি কুকুর একটি কালো কুকুর লাফ দিলো,0.571428570612245,0.3636363633057851,0.4444444391975309,0.4444444391975309,0.1999999948000001,0.3999999944888889,0,0,0.5,0.24999999979166665
8739.png,একজন বাচ্চা মাটিতে বসে আছে।,0.3999999992,0.18181818165289254,0.249999995390625,0.249999995390625,0.0,0.249999995390625,0,0,0.38888888888888884,0.14285714275510203
8588.png,একজন কৃষক গরু নিয়ে হেঁটে যাচ্ছে।,0.33333333277777777,0.33333333277777777,0.3333333277777778,0.3333333277777778,0.0,0.16666666138888903,0,0,0.34615384615384615,0.1999999998
5846.png,একজন পুরুষ মানুষ দাড়িয়ে আছে।,0.3999999992,0.6666666644444444,0.49999999406250006,0.49999999406250006,0.1999999966,0.49999999406250006,0,0,0.4736842105263158,0.33333333277777777
1164765687.jpg,একটি কালো কুকুর মেঝেতে শুয়ে আছে,0.33333333277777777,0.1999999998,0.24999999500000003,0.24999999500000003,0.14285713806122466,0.24999999500000003,0,0,0.40625,0.14285714275510203
3203872773_6c30f64be3.jpg,একজন লোক বাতাসে একটি উঁচু উঁচু উঁচু উঁচু উঁচু উঁচু উঁচু উঁচু উঁচু উঁচু উঁচু উঁচু উঁচু উঁচু উঁচু উঁচু উঁচু উঁচু উঁচু উঁচু উঁচু উঁচু উঁচু উঁচু উঁচু উঁচু উঁচু উঁচু উঁচু উঁচু উঁচু উঁচু উঁচু উঁচু উঁচু উঁচু,0.0499999999875,0.49999999875,0.09090908921487605,0.09090908921487605,0.0476190462698413,0.09090908921487605,0,0,0.10569105691056913,0.2857142853061225
766.png,একজন ছোট ছেলে হাঁসি মুখে তাকিয়ে আছে।,0.2857142853061225,0.33333333277777777,0.3076923022485208,0.3076923022485208,0.0,0.3076923022485208,0,0,0.4782608695652174,0.18181818165289254
8006.png,নদীতে নৌকা আছে।,0.6666666644444444,0.15384615372781063,0.24999999664062497,0.24999999664062497,0.0,0.24999999664062497,0,0,0.26086956521739135,0.15384615372781063
786.png,একজন পুরুষ একটি মুরগীর বাচ্চা দাড়িয়ে আছে।,0.571428570612245,0.6666666655555555,0.6153846094674558,0.6153846094674558,0.36363635801652905,0.6153846094674558,0,0,0.5714285714285714,0.4444444439506172
5949.png,কয়েকজন ছেলেমেয়ে একসাথে বসে আছে।,0.3999999992,0.49999999875,0.4444444385185186,0.4444444385185186,0.0,0.4444444385185186,0,0,0.2941176470588235,0.2857142853061225
4343.png,একটি <unk> বিক্রী করছে।,0.49999999875,0.3999999992,0.4444444385185186,0.4444444385185186,0.0,0.4444444385185186,0,0,0.5294117647058824,0.2857142853061225
1563.png,চারজন পুরুষ দাড়িয়ে আছে।,0.7499999981250001,0.3333333329629629,0.4615384565680474,0.4615384565680474,0.36363635900826446,0.4615384565680474,0,0,0.4117647058823529,0.29999999969999996
6083.png,পাহার দিয়ে একটি সেতু আছে।,0.1999999996,0.249999999375,0.2222222167901236,0.2222222167901236,0.0,0.2222222167901236,0,0,0.2941176470588235,0.12499999984374999
341.png,একজন শারি পরা মহিলা শারি পরা মহিলা বসে আছে।,0.6666666659259258,0.2857142855782313,0.3999999955333333,0.3999999955333333,0.21428571005102046,0.3999999955333333,0,0,0.4666666666666667,0.1999999999
8399.png,কয়েকজন মানুষ আছে।,0.9999999966666667,0.5999999988,0.7499999934375,0.7499999934375,0.6666666600000001,0.7499999934375,0,0,0.6,0.5999999988
2378.png,একটি শিশু পতাকা দেখা যাচ্ছে।,0.0,0.0,0.0,0.0,0.0,0.0,0,0,0.23529411764705888,0.0
1051.png,একটি পূর্ণ একটি সাদা রঙের একটি <unk> একটি রাস্তায় একটি রাস্তায় একটি রাস্তায় একটি রাস্তায় একটি রাস্তায় একটি রাস্তায় একটি রাস্তায় একটি রাস্তায় একটি রাস্তায় একটি রাস্তায় একটি রাস্তায় একটি রাস্তায় একটি রাস্তায় একটি রাস্তায় একটি রাস্তায় একটি রাস্তায় একটি,0.0499999999875,0.07692307689349112,0.060606055812672546,0.060606055812672546,0.0,0.060606055812672546,0,0,0.2701149425287356,0.0624999999609375
8483.png,পানিতে কয়েকজন মানুষ আছে।,0.7499999981250001,0.7499999981250001,0.7499999931250001,0.7499999931250001,0.33333332722222225,0.7499999931250001,0,0,0.875,0.5999999988
5850.png,একজন নারী একটি শিশু আছে।,0.5999999988,0.7499999981250001,0.6666666602469137,0.6666666602469137,0.28571428000000004,0.6666666602469137,0,0,0.7058823529411764,0.49999999916666665
2226534154_cbcab7ba32.jpg,গোলাপী শার্ট পরা একদল মহিলা ছবি তুলছে,0.14285714265306124,0.1111111109876543,0.12499999492187522,0.12499999492187522,0.0,0.12499999492187522,0,0,0.38235294117647056,0.06666666662222222
3211199368_ca78387f72.jpg,একজন লোক রাস্তার উপর ভর দিয়ে যাচ্ছেন।,0.14285714265306124,0.12499999984374999,0.13333332817777796,0.13333332817777796,0.0,0.13333332817777796,0,0,0.4242424242424242,0.07142857137755101
7933.png,একজন নারী বসে আছে।,0.7499999981250001,0.49999999916666665,0.5999999940000001,0.5999999940000001,0.24999999468750006,0.5999999940000001,0,0,0.5238095238095238,0.4285714279591837
1008.png,একজন পুরুষ ও কয়েকটি পাখি আছে।,0.16666666638888888,0.16666666638888888,0.16666666138888903,0.16666666138888903,0.0,0.16666666138888903,0,0,0.4285714285714286,0.09090909082644627
340425915_490293058f.jpg,একটি কালো কুকুর বরফে শুয়ে আছে,0.8333333319444445,0.5555555549382716,0.6666666609777778,0.6666666609777778,0.46153845609467453,0.6666666609777778,0,0,0.5454545454545454,0.49999999949999996
5174.png,মাঠে অনেক গুলো খাবার আছে।,0.1999999996,0.1111111109876543,0.14285713806122466,0.14285713806122466,0.0,0.14285713806122466,0,0,0.34285714285714286,0.09090909082644627
5218.png,একটি নৌকা আছে।,0.6666666644444444,0.3999999992,0.49999999406250006,0.49999999406250006,0.0,0.49999999406250006,0,0,0.44999999999999996,0.33333333277777777
5838.png,একটি <unk> একটি সাদা শার্ট এবং কালো পোশাক পরা একজন লোক সাইকেল নিয়ে দাঁড়িয়ে আছে,0.26666666648888887,0.26666666648888887,0.26666666148888896,0.26666666148888896,0.0,0.13333332824444463,0,0,0.3275862068965517,0.159999999936
IMG_2918.JPG,লোক টি বসে আছে,0.9999999975,0.9999999975,0.9999999925,0.9999999925,0.9999999916666666,0.9999999925,1,1,1.0,0.9999999975
437054333_5c2761b8cd.jpg,একটি বাস এর ভিতরে একটি <unk> মতো <unk> মতো <unk> মতো <unk> মতো <unk> মতো <unk> মতো <unk> মতো <unk> মতো <unk> মতো <unk> মতো <unk> মতো <unk> মতো <unk> মতো <unk> মতো <unk> মতো <unk> মতো <unk> মতো <unk>,0.1499999999625,0.5999999993999999,0.23999999670400002,0.23999999670400002,0.045454543419421574,0.11999999675200007,0,0,0.12857142857142856,0.3999999996
2502782508_2c8211cd6b.jpg,একজন লোক বাইরে সিড়িতে বসে আছে,0.49999999916666665,0.4285714279591837,0.4615384558579882,0.4615384558579882,0.1818181765289258,0.4615384558579882,0,0,0.6,0.29999999969999996
2937697444_2367ff0e28.jpg,একজন লোক একটি <unk>,0.49999999875,0.2222222219753086,0.3076923029585799,0.3076923029585799,0.18181817752066123,0.3076923029585799,0,0,0.38095238095238093,0.18181818165289254
5017.png,সামনে শহীদ মিনারের সামনে তিনজন নারী আছে।,0.14285714265306124,0.249999999375,0.1818181768595043,0.1818181768595043,0.0,0.1818181768595043,0,0,0.32432432432432434,0.1111111109876543
3927.png,একটি সরিষা ক্ষেতের সামনে একজনের হাতে একটি গাছের নিচে দাড়িয়ে আছে।,0.45454545413223135,0.7142857132653061,0.5555555501851852,0.5555555501851852,0.37499999484375,0.5555555501851852,0,0,0.5116279069767442,0.41666666631944443
4353.png,একটি মেয়ে হাসছে,0.6666666644444444,0.49999999875,0.5714285648979592,0.5714285648979592,0.39999999360000005,0.5714285648979592,0,0,0.6153846153846154,0.3999999992
2453990033_df53f0d8c8.jpg,লাল রঙের জামা পড়া এক ছোট্ট মেয়ে লাফায়,0.49999999937499995,0.4444444439506172,0.4705882297577854,0.4705882297577854,0.13333332817777796,0.4705882297577854,0,0,0.42307692307692313,0.30769230745562126
3572144280_ea42bbd927.jpg,এক ব্যক্তি একটি পাথরের উপর বসে আছে,0.4285714279591837,0.4285714279591837,0.42857142295918377,0.42857142295918377,0.16666666138888903,0.42857142295918377,0,0,0.6296296296296297,0.2727272724793388
412082368_371df946b3.jpg,একটি লোক একটি লাল জামা পরে একটি লাল জামা পরে একটি লাল জামা পরে একটি লাল জামা পরে একটি লাল জামা পরে একটি লাল জামা পরে একটি লাল জামা পরে একটি লাল জামা পরে একটি লাল জামা পরে একটি লাল,0.07499999998125,0.21428571413265304,0.11111110722908106,0.11111110722908106,0.0,0.11111110722908106,0,0,0.3307692307692308,0.12499999984374999
1215334959_b1970965f7.jpg,একটি পরিবার একটি বিল্ডিংয়ের পাশে জড়ো হয়েছে,0.4285714279591837,0.29999999969999996,0.35294117121107266,0.35294117121107266,0.16666666138888903,0.28571428030612256,0,0,0.3414634146341463,0.23076923059171597
IMG_9572.JPG,একটি <unk>,0.0,0.0,0.0,0.0,0.0,0.0,0,0,0.18181818181818177,0.0
6045.png,পানিতে ডুবে আছে একজন লোক দাঁড়িয়ে আছে।,0.14285714265306124,0.16666666638888888,0.15384614863905344,0.15384614863905344,0.0,0.15384614863905344,0,0,0.21276595744680848,0.08333333326388888
3487131146_9d3aca387a.jpg,একটি ছোট ছেলে তার <unk> থেকে পড়ে যাচ্ছে,0.24999999968749997,0.16666666652777776,0.1999999950000001,0.1999999950000001,0.0,0.1999999950000001,0,0,0.3846153846153846,0.11764705875432525
5810.png,একজন পুরুষ একটি শিশু আছে।,0.3999999992,0.6666666644444444,0.49999999406250006,0.49999999406250006,0.0,0.49999999406250006,0,0,0.48275862068965514,0.33333333277777777
1786425974_c7c5ad6aa1.jpg,দুটি কুকুর একসাথে খেলছে,0.249999999375,0.07142857137755101,0.1111111075308643,0.1111111075308643,0.0,0.1111111075308643,0,0,0.375,0.07142857137755101
1259936608_e3f0064f23.jpg,একটি যুবতী মেয়েটি খেলছে।,0.49999999875,0.2857142853061225,0.36363635834710756,0.36363635834710756,0.0,0.36363635834710756,0,0,0.4285714285714286,0.2222222219753086
3681575323_433d007650.jpg,একটি ছোট্ট মেয়ে <unk> খেলছে,0.1999999996,0.0624999999609375,0.09523809151927451,0.09523809151927451,0.0,0.09523809151927451,0,0,0.38888888888888884,0.05263157891966759
316833109_6500b526dc.jpg,একটি কুকুর একটি ফ্রিসবি ধরছে,0.5999999988,0.37499999953124996,0.46153845609467453,0.46153845609467453,0.1818181768595043,0.46153845609467453,0,0,0.5161290322580645,0.2222222219753086
3486135177_772628d034.jpg,একজন স্কেটবোর্ড আরোহী,0.3333333322222222,0.05882352937716263,0.09999999735000006,0.09999999735000006,0.0,0.09999999735000006,0,0,0.34782608695652173,0.05263157891966759
2453318633_550228acd4.jpg,একজন লোক তার হলুদ ফ্রিসবি ধরতে লাফ দিলো,0.12499999984374999,0.1111111109876543,0.11764705370242234,0.11764705370242234,0.0,0.11764705370242234,0,0,0.375,0.0624999999609375
8636.png,একজন পুরুষ ঝুড়ি নিয়ে একটি বিশাল কুমড়ার উপর বসে আছে,0.1999999998,0.6666666644444444,0.3076923036686391,0.3076923036686391,0.1818181785123967,0.3076923036686391,0,0,0.3783783783783784,0.18181818165289254
3589267801_5a222e3a60.jpg,দুটি কুকুর একটি ফ্রিসবি ধরে আছে,0.33333333277777777,0.3999999992,0.36363635801652905,0.36363635801652905,0.0,0.2857142804081633,0,0,0.40625,0.2222222219753086
7768.png,নদীতে একটা নৌকায় কয়েকজন মানুষ আছে।,0.33333333277777777,0.33333333277777777,0.3333333277777778,0.3333333277777778,0.0,0.3333333277777778,0,0,0.375,0.1999999998
3506096155_13632955e8.jpg,একটি লোক একটি ডার্ট বাইক চালাচ্ছে,0.33333333277777777,0.2857142853061225,0.3076923022485208,0.3076923022485208,0.11111110697530877,0.3076923022485208,0,0,0.5666666666666667,0.1999999998
1182733666.jpg,চারজন পুরুষ ও দুইটি শিশু আছে।,0.33333333277777777,0.15384615372781063,0.21052631124653745,0.21052631124653745,0.11764705453287211,0.21052631124653745,0,0,0.2545454545454545,0.11764705875432525
3168796547_0c14b368f9.jpg,একটি ছেলে একটি বেড়ার উপর দিয়ে যাচ্ছে,0.4285714279591837,0.3333333329629629,0.374999994609375,0.374999994609375,0.0,0.374999994609375,0,0,0.48,0.16666666652777776
3119887967_271a097464.jpg,তিনজন রেললাইনেড় পাশে দাঁড়িয়ে আছে।,0.0,0.0,0.0,0.0,0.0,0.0,0,0,0.23333333333333328,0.0
7073.png,একটি ছোট্ট ছেলেটি দোলনায় দুলছে,0.1999999996,0.1111111109876543,0.14285713806122466,0.14285713806122466,0.0,0.14285713806122466,0,0,0.33333333333333337,0.08333333326388888
7888.png,একটি ইন্ডিয়ান মহিলা রাস্তার উপর দাঁড়িয়ে আছে।,0.14285714265306124,0.16666666638888888,0.15384614863905344,0.15384614863905344,0.0,0.15384614863905344,0,0,0.3207547169811321,0.08333333326388888
2096771662_984441d20d.jpg,একজন লোক একটি ছবির জন্য ছবি তুলছে,0.2857142853061225,0.18181818165289254,0.22222221722222232,0.22222221722222232,0.0,0.16666666152777793,0,0,0.4482758620689655,0.124999999921875
2657.png,একটি <unk> একটি নৌকা আছে।,0.1999999996,0.1999999996,0.19999999460000012,0.19999999460000012,0.0,0.19999999460000012,0,0,0.4117647058823529,0.12499999984374999
5020.png,একটি পুরাতন <unk>,0.6666666644444444,0.2857142853061225,0.39999999500000005,0.39999999500000005,0.0,0.39999999500000005,0,0,0.33333333333333337,0.24999999968749997
2079152458_40712c3b40.jpg,মুখে একটি কুকুর মুখে বল নিয়ে দৌড়াচ্ছে,0.571428570612245,0.6666666655555555,0.6153846094674558,0.6153846094674558,0.3333333277777778,0.6153846094674558,0,0,0.48,0.49999999937499995
6597.png,একজন পুরুষ কাঁদে একটি নৌকা নিয়ে যাচ্ছে।,0.4285714279591837,0.37499999953124996,0.3999999944888889,0.3999999944888889,0.2222222172839507,0.3999999944888889,0,0,0.52,0.24999999979166665
3767.png,একসাথে কয়েকজন পুরুষ আছে।,0.7499999981250001,0.7499999981250001,0.7499999931250001,0.7499999931250001,0.33333332722222225,0.7499999931250001,0,0,0.7647058823529411,0.5999999988
3723903586_e98d3d8ec7.jpg,বাঁকে ঘোড়ায় চড়ে একটি <unk> দৌড়াচ্ছে,0.33333333277777777,0.13333333324444444,0.19047618621315202,0.19047618621315202,0.0,0.1818181765289258,0,0,0.3023255813953488,0.1111111110493827
_MG_1883.JPG,একটা মেয়ে দাড়িয়ে আছে,0.249999999375,0.1999999996,0.2222222167901236,0.2222222167901236,0.0,0.2222222167901236,0,0,0.4444444444444444,0.12499999984374999
7114.png,একটি ছেলে ক্যামেরার দিকে তাকিয়ে আছে,0.33333333277777777,0.33333333277777777,0.3333333277777778,0.3333333277777778,0.0,0.3333333277777778,0,0,0.5909090909090908,0.1999999998
3396817186_b299ee0531.jpg,একটি কুকুর ঘাসের উপর দৌড়াচ্ছে,0.7999999984,0.30769230745562126,0.4444444399382716,0.4444444399382716,0.1249999960937501,0.4444444399382716,0,0,0.375,0.3333333330555555
3476709230_6439305bf2.jpg,দুই ছোট বাচ্চারা বাইরে একটি <unk>,0.16666666638888888,0.14285714265306124,0.15384614863905344,0.15384614863905344,0.0,0.15384614863905344,0,0,0.46153846153846156,0.08333333326388888
3652572138_34d6b72999.jpg,একজন লোক একটি ফুটবল খেলছে,0.1999999996,0.249999999375,0.2222222167901236,0.2222222167901236,0.0,0.2222222167901236,0,0,0.33333333333333337,0.12499999984374999
7491.png,একটি শিশু আছে।,0.6666666644444444,0.49999999875,0.5714285648979592,0.5714285648979592,0.0,0.5714285648979592,0,0,0.5833333333333333,0.3999999992
3698.png,একটা ছোট ছেলে উপরে লাফ দিয়েছে।,0.16666666638888888,0.1111111109876543,0.13333332835555572,0.13333332835555572,0.0,0.13333332835555572,0,0,0.37037037037037035,0.07142857137755101
6188.png,একটি শিশু তাকিয়ে আছেন।,0.7499999981250001,0.7499999981250001,0.7499999931250001,0.7499999931250001,0.6666666594444445,0.7499999931250001,0,0,0.9285714285714286,0.5999999988
543.png,কয়েকজন মানুষ আছে।,0.3333333322222222,0.0999999999,0.15384615005917168,0.15384615005917168,0.0,0.15384615005917168,0,0,0.4,0.08333333326388888
IMG_20220921_123204.jpg,একটি লোক একটি বলের জন্য অপেক্ষা করে,0.2857142853061225,0.33333333277777777,0.3076923022485208,0.3076923022485208,0.0,0.3076923022485208,0,0,0.37037037037037035,0.1999999998
843616798_5ab0ecb525.jpg,দুটি কুকুর এবং একটি সাদা কুকুর এবং একটি সাদা কুকুর এবং একটি সাদা কুকুর এবং একটি সাদা কুকুর এবং একটি সাদা কুকুর এবং একটি সাদা কুকুর এবং একটি সাদা কুকুর এবং একটি সাদা কুকুর এবং একটি সাদা কুকুর এবং একটি,0.099999999975,0.49999999937499995,0.16666666381944448,0.16666666381944448,0.043478258270321514,0.16666666381944448,0,0,0.2158273381294964,0.3333333330555555
2114.png,পানিতে একজন মানুষ আছে।,0.49999999875,0.3999999992,0.4444444385185186,0.4444444385185186,0.0,0.4444444385185186,0,0,0.3157894736842105,0.2857142853061225
3342855466_44038a8aa3.jpg,একজন স্কেটবোর্ডার একটি রেলের উপর দিয়ে একটি ছেলে একটি রেলের দিকে তাকিয়ে আছে,0.07692307686390532,0.1999999996,0.11111110697530877,0.11111110697530877,0.0,0.11111110697530877,0,0,0.34615384615384615,0.07142857137755101
5131.png,একটি <unk>,0.4999999975,0.1111111109876543,0.1818181785123967,0.1818181785123967,0.0,0.1818181785123967,0,0,0.1333333333333333,0.0999999999
inbound1443164387657121842.jpg,৫ জন মহিলা দাড়িয়ে।,0.249999999375,0.14285714265306124,0.1818181768595043,0.1818181768595043,0.0,0.1818181768595043,0,0,0.2222222222222222,0.0999999999
2407.png,কয়েকজন মানুষ আছে।,0.9999999966666667,0.37499999953124996,0.5454545404958677,0.5454545404958677,0.22222221827160496,0.5454545404958677,0,0,0.3529411764705882,0.37499999953124996
2501968935_02f2cd8079.jpg,একটি টুপি পরিহিত তিনজন লোক একটি ছবির জন্য পোজ দিচ্ছেন।,0.3999999996,0.2222222220987654,0.28571428091836737,0.28571428091836737,0.0,0.21428570954081638,0,0,0.3114754098360656,0.13043478255198487
3611.png,কিছু ছেলে একসাথে দাড়িয়ে আছে।,0.5999999988,0.3333333329629629,0.42857142336734694,0.42857142336734694,0.16666666194444454,0.42857142336734694,0,0,0.4666666666666667,0.2727272724793388
8462.png,একটি দেয়ালের সামনে কয়েকজন মানুষ শুয়ে আছে।,0.14285714265306124,0.249999999375,0.1818181768595043,0.1818181768595043,0.0,0.1818181768595043,0,0,0.3571428571428571,0.0999999999
2842439618_fb20fe2215.jpg,একটি সার্ফার একটি সার্ফার,0.249999999375,0.08333333326388888,0.1249999960937501,0.1249999960937501,0.0,0.1249999960937501,0,0,0.4782608695652174,0.07692307686390532
475042270_719ebe6c48.jpg,দুটি কুকুর বল নিয়ে খেলছে,0.5999999988,0.9999999966666667,0.7499999934375,0.7499999934375,0.33333332777777785,0.7499999934375,0,0,0.625,0.5999999988
3607405494_0df89110a6.jpg,একটি কালো রঙের কুকুর একটি কালো কুকুর একটি কালো কুকুর একটি কালো কুকুর একটি কালো কুকুর একটি কালো কুকুর একটি কালো কুকুর একটি কালো কুকুর একটি কালো কুকুর একটি কালো কুকুর একটি কালো কুকুর একটি কালো কুকুর একটি কালো কুকুর,0.0499999999875,0.24999999968749997,0.08333333052083343,0.08333333052083343,0.043478258270321514,0.08333333052083343,0,0,0.11643835616438358,0.1999999998
2226440063_c085b30558.jpg,দুটি কুকুর জলের ফোয়ারা দিয়ে উঠছে।,0.16666666638888888,0.249999999375,0.1999999948000001,0.1999999948000001,0.0,0.1999999948000001,0,0,0.4782608695652174,0.1111111109876543
2816.png,একটি মেয়ে রেডিও <unk> কাজ করছেন।,0.16666666638888888,0.249999999375,0.1999999948000001,0.1999999948000001,0.0,0.1999999948000001,0,0,0.31818181818181823,0.1111111109876543
HK7A9362.JPG,একটি <unk> <unk> একটি দল লাঠি হাতে নিয়ে দাঁড়িয়ে আছে।,0.0999999999,0.1999999996,0.13333332871111125,0.13333332871111125,0.0,0.13333332871111125,0,0,0.3529411764705882,0.08333333326388888
IMG_20220915_162943.jpg,একটি রাস্তার উপর কয়েকজন মানুষ ডানপাশে একটি দোকানের পাশে একটি বাড়ির পাশে একটি বাড়ির পাশে একটি বাড়ির পাশে একটি বাড়ির পাশে একটি বাড়ির পাশে একটি বাড়ির পাশে একটি বাড়ির পাশে একটি বাড়ির পাশে একটি বাড়ির পাশে একটি বাড়ির পাশে একটি,0.0499999999875,0.33333333277777777,0.08695651943289232,0.08695651943289232,0.045454543419421574,0.08695651943289232,0,0,0.15032679738562094,0.15384615372781063
327997381_55f90dc834.jpg,একজন লোক একটি পালঙ্কে বিশ্রাম নিচ্ছে।,0.16666666638888888,0.14285714265306124,0.15384614863905344,0.15384614863905344,0.0,0.15384614863905344,0,0,0.4,0.08333333326388888
5110.png,একটি পাহাড়ের চূড়ায় এক লোক দাঁড়িয়ে আছে,0.2857142853061225,0.2857142853061225,0.28571428030612256,0.28571428030612256,0.0,0.28571428030612256,0,0,0.28,0.16666666652777776
707972553_36816e53a2.jpg,একটি শিশু আছে।,0.6666666644444444,0.1999999998,0.3076923036686391,0.3076923036686391,0.0,0.3076923036686391,0,0,0.22857142857142854,0.18181818165289254
4436.png,মেঘলা আকাশের একটি <unk> দেখা যাচ্ছে।,0.49999999916666665,0.3333333329629629,0.3999999946666667,0.3999999946666667,0.24999999468750006,0.3999999946666667,0,0,0.4411764705882353,0.24999999979166665
172092464_d9eb4f4f2f.jpg,একজন লোক পানিতে ভিজে গেলো,0.3999999992,0.2857142853061225,0.33333332791666676,0.33333332791666676,0.1999999948000001,0.33333332791666676,0,0,0.5,0.1999999998
8337.png,মাটির কাজ শেষ মাথায় মাটি ফেলছে।,0.16666666638888888,0.249999999375,0.1999999948000001,0.1999999948000001,0.0,0.1999999948000001,0,0,0.30000000000000004,0.1111111109876543
599.png,একজন মহিলা সাইকেল চালাচ্ছে।,0.7499999981250001,0.37499999953124996,0.49999999472222234,0.49999999472222234,0.1999999954000001,0.49999999472222234,0,0,0.4411764705882353,0.37499999953124996
8665.png,একজন ছোট ছেলে এবং একজন ছোট ছেলে এবং একজন ছোট ছেলে এবং একজন ছোট ছেলে এবং একজন ছোট ছেলে এবং একজন ছোট ছেলে এবং একজন ছোট ছেলে এবং একজন ছোট ছেলে এবং একজন ছোট ছেলে এবং একজন ছোট ছেলে এবং,0.0499999999875,0.2857142853061225,0.08510638040742426,0.08510638040742426,0.0,0.08510638040742426,0,0,0.1294964028776978,0.2222222219753086
3193335577_9bdbaf9f70.jpg,একটি ছোট মেয়েটি একটি পাথরের দেয়ালে আরোহণ করছে,0.37499999953124996,0.24999999979166665,0.2999999949,0.2999999949,0.11111110623456812,0.2999999949,0,0,0.41463414634146345,0.1874999998828125
288880576_818b6ecfef.jpg,এক লোক একটি পাথরে আরোহণ করছে,0.49999999916666665,0.2727272724793388,0.3529411714878893,0.3529411714878893,0.16666666152777793,0.3529411714878893,0,0,0.5,0.21428571413265304
383223174_7165a54c30.jpg,একটি বাদামী কুকুর <unk> খেলছে,0.5999999988,0.5999999988,0.5999999938,0.5999999938,0.36363635834710756,0.5999999938,0,0,0.6,0.4285714279591837
1629.png,একটি ফলের দোকানে একজন পুরুষ আছে।,0.8333333319444445,0.49999999949999996,0.62499999453125,0.62499999453125,0.3076923024852071,0.5333333278222222,0,0,0.5588235294117647,0.45454545413223135
3330675488_8692476a4a.jpg,একটি <unk> স্কিয়ার স্কি করছে,0.3999999992,0.13333333324444444,0.19999999605000005,0.19999999605000005,0.0,0.19999999605000005,0,0,0.3157894736842105,0.124999999921875
2452238877_2340609c6e.jpg,একটি কুকুর বল ধরছে,0.49999999875,0.2222222219753086,0.3076923029585799,0.3076923029585799,0.0,0.3076923029585799,0,0,0.41666666666666663,0.18181818165289254
5572.png,কয়েকজন ছেলে মেয়ে আনন্দ করছে।,0.1999999996,0.3333333322222222,0.24999999468750006,0.24999999468750006,0.0,0.24999999468750006,0,0,0.4,0.14285714265306124
637.png,কয়েকজন মানুষ কাজ করছে।,0.249999999375,0.14285714265306124,0.1818181768595043,0.1818181768595043,0.0,0.1818181768595043,0,0,0.30000000000000004,0.0999999999
6200.png,একজন নারী একটি শিশু কোলে নিয়ে আছে।,0.4285714279591837,0.3333333329629629,0.374999994609375,0.374999994609375,0.1428571377551022,0.374999994609375,0,0,0.5151515151515151,0.2727272724793388
DSC_9198.JPG,একজন পুরুষ ও একজন নারী দাড়িয়ে আছে।,0.14285714265306124,0.12499999984374999,0.13333332817777796,0.13333332817777796,0.0,0.13333332817777796,0,0,0.5,0.08333333326388888
7497.png,সমুদ্র পাড়ে একজন পুরুষ আছে।,0.1999999996,0.3333333322222222,0.24999999468750006,0.24999999468750006,0.0,0.24999999468750006,0,0,0.26315789473684215,0.14285714265306124
6416.png,একটি বাদামি কুকুর বাগানে দৌড়াচ্ছে,0.3999999992,0.33333333277777777,0.36363635801652905,0.36363635801652905,0.0,0.36363635801652905,0,0,0.4,0.24999999968749997
2880.png,একজন লোক নিচে একটি <unk>,0.1999999996,0.08333333326388888,0.11764705453287211,0.11764705453287211,0.0,0.11764705453287211,0,0,0.2857142857142857,0.07142857137755101
2967630001_cdc5560c0b.jpg,একটি সাদা কুকুর সমুদ্রের পানি দিয়ে পানির দিকে যাচ্ছে,0.3333333329629629,0.4285714279591837,0.374999994609375,0.374999994609375,0.0,0.374999994609375,0,0,0.5757575757575757,0.23076923059171597
3478591390_b526580644.jpg,একজন পুরুষ আছে।,0.3333333322222222,0.1111111109876543,0.16666666263888896,0.16666666263888896,0.0,0.16666666263888896,0,0,0.2692307692307693,0.09090909082644627
3154293126_e52bd07524.jpg,একজন লোক একটি স্নোবোর্ডার।,0.249999999375,0.3333333322222222,0.28571428000000004,0.28571428000000004,0.0,0.28571428000000004,0,0,0.33333333333333337,0.16666666638888888
374828031_9d087da5cf.jpg,এক ব্যক্তি একটি পাথুরে পাহাড় বেয়ে নিচে নামছে,0.24999999968749997,0.2222222219753086,0.23529411238754333,0.23529411238754333,0.0,0.23529411238754333,0,0,0.4137931034482759,0.13333333324444444
2301379282_5fbcf230d1.jpg,একটি ছোট ছেলে একটি <unk> অনুশীলন করছে,0.2857142853061225,0.2857142853061225,0.28571428030612256,0.28571428030612256,0.0,0.28571428030612256,0,0,0.40740740740740744,0.09090909082644627
9140.png,একজন বাচ্চা ছেলে মেয়ে বসে আছে।,0.16666666638888888,0.16666666638888888,0.16666666138888903,0.16666666138888903,0.0,0.16666666138888903,0,0,0.38095238095238093,0.09090909082644627
6785.png,একটি শিশু তাকিয়ে আছে।,0.9999999975,0.6666666655555555,0.7999999936,0.7999999936,0.49999999406250006,0.7999999936,0,0,0.6842105263157895,0.6666666655555555
4904.png,একজন পুরুষ দাড়িয়ে আছে।,0.7499999981250001,0.7499999981250001,0.7499999931250001,0.7499999931250001,0.33333332722222225,0.7499999931250001,0,0,0.8666666666666667,0.5999999988
4372.png,একজন পুরুষ হাতে আছে।,0.249999999375,0.16666666638888888,0.1999999948000001,0.1999999948000001,0.0,0.1999999948000001,0,0,0.30000000000000004,0.1111111109876543
5202.png,পাশাপাশি তিনটি গাছ আছে।,0.249999999375,0.249999999375,0.2499999943750001,0.2499999943750001,0.0,0.2499999943750001,0,0,0.375,0.14285714265306124
4257.png,কয়েকজন পুরুষ ও একজন পুরুষ দাড়িয়ে আছে।,0.14285714265306124,0.1999999996,0.16666666152777793,0.16666666152777793,0.0,0.16666666152777793,0,0,0.4444444444444444,0.0999999999
2467803152_70eeca1334.jpg,দুটি কুকুর ঘাসে খেলছে,0.49999999875,0.2857142853061225,0.36363635834710756,0.36363635834710756,0.2222222172839507,0.36363635834710756,0,0,0.34615384615384615,0.2222222219753086
1740.png,তিনজন পুরুষ দাড়িয়ে আছে।,0.249999999375,0.16666666638888888,0.1999999948000001,0.1999999948000001,0.0,0.1999999948000001,0,0,0.2857142857142857,0.1111111109876543
343612980_798755741681638_3570085702151337461_n.jpg,নদীর পাড়ে একটা পালতোলা নৌকা দেখা যাচ্ছে।,0.14285714265306124,0.07692307686390532,0.0999999953500002,0.0999999953500002,0.0,0.0999999953500002,0,0,0.30434782608695654,0.05555555552469135
3638577494_fe55f7b4cb.jpg,দুটি কুকুর একটি <unk> উপর দিয়ে যাচ্ছে,0.2857142853061225,0.24999999968749997,0.2666666613333334,0.2666666613333334,0.15384614863905344,0.2666666613333334,0,0,0.4482758620689655,0.15384615372781063
162743064_bb242faa31.jpg,একটি কুকুর বাতাস প্রবাহিত হচ্ছে,0.3999999992,0.2857142853061225,0.33333332791666676,0.33333332791666676,0.1999999948000001,0.33333332791666676,0,0,0.5,0.2222222219753086
8198.png,পানিতে কয়েকজন মানুষ আছে।,0.9999999975,0.9999999975,0.9999999925,0.9999999925,0.9999999916666666,0.9999999925,1,1,1.0,0.9999999975
IMG_2728.JPG,কপালে কালো টিপ পরে আছে,0.5999999988,0.9999999966666667,0.7499999934375,0.7499999934375,0.6666666600000001,0.7499999934375,0,0,0.6,0.5999999988
8464.png,নদীতে নৌকা আছে।,0.3333333322222222,0.1999999996,0.24999999468750006,0.24999999468750006,0.0,0.24999999468750006,0,0,0.30000000000000004,0.14285714265306124
IMG_8327.JPG,লোক টি শাড়ি পরে আছে,0.7999999984,0.6666666655555555,0.7272727209917357,0.7272727209917357,0.4444444385185186,0.6666666602469137,0,0,0.6153846153846154,0.571428570612245
2088120475_d6318364f5.jpg,একদল মানুষ একটি কুচকাওয়াজে ব্যানার দেখছে,0.16666666638888888,0.14285714265306124,0.15384614863905344,0.15384614863905344,0.0,0.15384614863905344,0,0,0.2941176470588235,0.08333333326388888
IMG_0640.JPG,একটি শিশু বসে আছে।,0.249999999375,0.249999999375,0.2499999943750001,0.2499999943750001,0.0,0.2499999943750001,0,0,0.5384615384615384,0.14285714265306124
3710674892_857b8056f7.jpg,একটি শিশু একটি খেলনা নিয়ে একটি খেলনা নিয়ে একটি খেলনা নিয়ে একটি খেলনা নিয়ে একটি খেলনা নিয়ে একটি খেলনা নিয়ে একটি খেলনা নিয়ে একটি খেলনা নিয়ে একটি খেলনা নিয়ে একটি খেলনা নিয়ে একটি খেলনা নিয়ে একটি খেলনা নিয়ে একটি খেলনা,0.07499999998125,0.29999999969999996,0.11999999675200007,0.11999999675200007,0.04166666360243077,0.11999999675200007,0,0,0.15753424657534243,0.18181818165289254
895502702_5170ada2ee.jpg,একটি কালো কুকুর একটি কালো কুকুর দৌড়াচ্ছে,0.4285714279591837,0.4285714279591837,0.42857142295918377,0.42857142295918377,0.16666666138888903,0.42857142295918377,0,0,0.5769230769230769,0.29999999969999996
3549464203_8ab9c6160b.jpg,গোলাপি শাড়ি পরে আছে মহিলা টি বসে আছে,0.0,0.0,0.0,0.0,0.0,0.0,0,0,0.2682926829268293,0.0
256283122_a4ef4a17cb.jpg,একটি ছেলে একটি বেসবল প্লেয়ার একটি <unk> একটি <unk> একটি বেসবল প্লেয়ার,0.16666666652777776,0.1999999998,0.181818176694215,0.181818176694215,0.0,0.181818176694215,0,0,0.38,0.07692307686390532
287999021_998c2eeb91.jpg,একজন লোক একটি খাড়া পাহাড়ের কিনারায় বসে আছে,0.37499999953124996,0.49999999916666665,0.4285714230612245,0.4285714230612245,0.23529411252595167,0.42105262626038775,0,0,0.5,0.2727272724793388
6539.png,একটা ছেলে একসাথে দাঁড়িয়ে আছে।,0.1999999996,0.249999999375,0.2222222167901236,0.2222222167901236,0.0,0.2222222167901236,0,0,0.3513513513513513,0.12499999984374999
122634567.jpg,একটি লোক একটি দোকানের সামনে দাঁড়িয়ে আছে,0.4285714279591837,0.14285714278911565,0.21428571038265312,0.21428571038265312,0.0,0.21428571038265312,0,0,0.3620689655172413,0.149999999925
7031.png,একজন নারী একটি শিশু কোলে নিয়ে আছে।,0.2857142853061225,0.33333333277777777,0.3076923022485208,0.3076923022485208,0.1818181765289258,0.3076923022485208,0,0,0.4782608695652174,0.18181818165289254
3021.png,ধান ক্ষেতের মাঝ দিয়ে একজন বুড়ো পুরুষ।,0.2857142853061225,0.2857142853061225,0.28571428030612256,0.28571428030612256,0.0,0.28571428030612256,0,0,0.4137931034482759,0.16666666652777776
495.png,লোক টি সাদা রঙের,0.0,0.0,0.0,0.0,0.0,0.0,0,0,0.29166666666666663,0.0
1980882959_9a161f3469.jpg,এক ব্যক্তি রাস্তায় সাইকেল চালাতে দেখা যাচ্ছে,0.2857142853061225,0.24999999968749997,0.2666666613333334,0.2666666613333334,0.0,0.2666666613333334,0,0,0.33333333333333337,0.15384615372781063
6291.png,একটা ছোট ছেলে পাহাড়ের উপর লাফ দিচ্ছে।,0.0,0.0,0.0,0.0,0.0,0.0,0,0,0.2068965517241379,0.0
1159574340_99ba8c3c59.jpg,একজন লোক একটি খালি গায়ে নিজেকে বাতাস থেকে নেমে আসা একটি পাহাড়ে চড়ে যাচ্ছেন,0.14285714275510203,0.16666666652777776,0.15384614875739658,0.15384614875739658,0.0,0.15384614875739658,0,0,0.31999999999999995,0.045454545433884296
8254.png,লাল <unk> একটি শিশু লাল শাড়ী পড়ে যাচ্ছে,0.12499999984374999,0.0624999999609375,0.08333332881944468,0.08333332881944468,0.0,0.08333332881944468,0,0,0.2727272727272727,0.045454545433884296
320093980_5388cb3733.jpg,একজন লোক একটি কালো রঙের একটি লাল রঙের কলার পরে,0.0999999999,0.1111111109876543,0.10526315279778417,0.10526315279778417,0.0,0.10526315279778417,0,0,0.29729729729729726,0.0624999999609375
3550763985_800cfee7e4.jpg,একটি শিশু একটি লাফ দিচ্ছে,0.3999999992,0.33333333277777777,0.36363635801652905,0.36363635801652905,0.14285713857142868,0.36363635801652905,0,0,0.34615384615384615,0.15384615372781063
2268601066_b018b124fd.jpg,সাদা রঙের জামা পরিহিত লোকটি হলদে সিগারেট পান করছে,0.4444444439506172,0.2352941175086505,0.3076923029289941,0.3076923029289941,0.16666666208333344,0.3076923029289941,0,0,0.35,0.19047619038548752
3275527950_41aca690a1.jpg,দুইটি মেয়ে বন্ধু গোসল করছে।,0.0,0.0,0.0,0.0,0.0,0.0,0,0,0.4444444444444444,0.0
6157.png,একটি জলপ্রপাতের দৃশ্য।,0.3333333322222222,0.0624999999609375,0.10526315512465378,0.10526315512465378,0.0,0.10526315512465378,0,0,0.16981132075471694,0.05882352937716263
1782.png,একজন পুরুষ দাড়িয়ে আছে।,0.49999999875,0.33333333277777777,0.3999999944,0.3999999944,0.24999999468750006,0.3999999944,0,0,0.4545454545454546,0.24999999968749997
3091338773_9cf10467b4.jpg,একটি কুকুর একটি লাঠি কামড়াচ্ছে,0.3999999992,0.33333333277777777,0.36363635801652905,0.36363635801652905,0.2222222167901236,0.36363635801652905,0,0,0.6363636363636364,0.24999999968749997
8825.png,পানিতে ধান ক্ষেত আছে।,0.0,0.0,0.0,0.0,0.0,0.0,0,0,0.3157894736842105,0.0
IMG_0720.JPG,কিছু মানুষ দাড়িয়ে আছে।,0.249999999375,0.1999999996,0.2222222167901236,0.2222222167901236,0.0,0.2222222167901236,0,0,0.7058823529411764,0.12499999984374999
6632.png,একটি রাস্তা দিয়ে একজন পুরুষ আছে।,0.6666666655555555,0.3999999996,0.4999999946875,0.4999999946875,0.2857142807142858,0.4999999946875,0,0,0.35,0.3333333330555555
3004291289_c4892898ae.jpg,লাল শার্ট এবং লাল শার্ট এবং লাল শার্ট এবং লাল শার্ট এবং লাল শার্ট এবং লাল শার্ট এবং লাল শার্ট এবং লাল শার্ট এবং লাল শার্ট এবং লাল শার্ট এবং লাল শার্ট এবং লাল শার্ট এবং লাল শার্ট এবং লাল,0.02499999999375,0.12499999984374999,0.04166666387152797,0.04166666387152797,0.0,0.04166666387152797,0,0,0.12878787878787878,0.0999999999
2649406158_ded6be38de.jpg,একটি কুকুর একটি জায়গায় দৌড়াচ্ছে,0.3999999992,0.18181818165289254,0.249999995390625,0.249999995390625,0.0,0.249999995390625,0,0,0.34375,0.13333333324444444
1806580620_a8fe0fb9f8.jpg,নীল শার্ট পরা একজন নারী,0.3999999992,0.24999999968749997,0.3076923024852071,0.3076923024852071,0.14285713857142868,0.3076923024852071,0,0,0.4,0.18181818165289254
1007320043_627395c3d8.jpg,একটি শিশু একটি লাল দড়িতে আরোহণ করছে,0.4285714279591837,0.29999999969999996,0.35294117121107266,0.35294117121107266,0.15384614863905344,0.35294117121107266,0,0,0.4722222222222222,0.23076923059171597
3266399073_40820596d5.jpg,একটি টেবিলে বসে আছেন।,0.7499999981250001,0.49999999916666665,0.5999999940000001,0.5999999940000001,0.49999999406250006,0.5999999940000001,0,0,0.5454545454545454,0.4285714279591837
8673.png,তিনজন পুরুষ দাড়িয়ে আছে।,0.249999999375,0.3333333322222222,0.28571428000000004,0.28571428000000004,0.0,0.28571428000000004,0,0,0.3548387096774194,0.16666666638888888
958.png,একটি শিশু আছে।,0.3333333322222222,0.1999999996,0.24999999468750006,0.24999999468750006,0.0,0.24999999468750006,0,0,0.2222222222222222,0.14285714265306124
4524.png,তিনটি শিশু আছে।,0.3333333322222222,0.14285714265306124,0.1999999954000001,0.1999999954000001,0.0,0.1999999954000001,0,0,0.24,0.1111111109876543
2733659177_d74a00995b.jpg,একটি গাছের ডালে একটি গাছের নিচে গাছে উঠছে।,0.49999999937499995,0.571428570612245,0.5333333276444445,0.5333333276444445,0.3076923022485208,0.3999999944888889,0,0,0.6428571428571428,0.3333333329629629
2164363131_6930455d45.jpg,একটি সাদা কুকুর একটি সৈকতে ছুটছে ।,0.4285714279591837,0.3333333329629629,0.374999994609375,0.374999994609375,0.1428571377551022,0.374999994609375,0,0,0.48484848484848486,0.18181818165289254
3934.png,একজন পুরুষ দাড়িয়ে আছে।,0.249999999375,0.12499999984374999,0.16666666194444454,0.16666666194444454,0.0,0.16666666194444454,0,0,0.29032258064516125,0.09090909082644627
294353408_d459bdaa68.jpg,একটি কুকুর তার মুখে একটি বোতল থেকে উড়াল দিচ্ছে,0.4444444439506172,0.571428570612245,0.49999999445312515,0.49999999445312515,0.1428571377551022,0.49999999445312515,0,0,0.5625,0.2727272724793388
2269795781_46a296aa21.jpg,একজন টেনিস খেলোয়াড় টেনিস খেলছে,0.3999999992,0.6666666644444444,0.49999999406250006,0.49999999406250006,0.33333332777777785,0.49999999406250006,0,0,0.47619047619047616,0.3999999992
2891162278_fbf96be4f4.jpg,একটি শিশু লাফ দিচ্ছে,0.49999999875,0.24999999968749997,0.33333332833333335,0.33333332833333335,0.1999999954000001,0.33333332833333335,0,0,0.3793103448275862,0.1999999998
3569406219_f37ebf7b92.jpg,দুই লোক একটি নীল রঙের একটি লোক দাড়িয়ে আছে,0.1111111109876543,0.16666666638888888,0.13333332835555572,0.13333332835555572,0.0,0.13333332835555572,0,0,0.34375,0.08333333326388888
6559.png,একটি নৌকায় কয়েকজন মানুষ আছে।,0.5999999988,0.7499999981250001,0.6666666602469137,0.6666666602469137,0.28571428000000004,0.6666666602469137,0,0,0.7,0.49999999916666665
2716903793_fb7a3d8ba6.jpg,একটি ছেলে একটি পুরুষের দিকে তাকিয়ে আছে,0.4285714279591837,0.2727272724793388,0.33333332820987654,0.33333332820987654,0.0,0.33333332820987654,0,0,0.36,0.2222222219753086
2865376471_43c5e6b941.jpg,একটি সাদা কুকুর একটি ফ্রিসবি ধরে আছে,0.571428570612245,0.4444444439506172,0.49999999445312515,0.49999999445312515,0.2857142804081633,0.374999994609375,0,0,0.5,0.2727272724793388
3218861747_5c5c547b66.jpg,একটি ছেলে একটি <unk> থেকে লাফ দেওয়ার জন্য একটি <unk> থেকে লাফ দেওয়ার জন্য একটি <unk> থেকে লাফ দেওয়ার জন্য একটি <unk> থেকে লাফ দেওয়ার জন্য একটি <unk> থেকে লাফ দেওয়ার জন্য একটি <unk> থেকে লাফ দেওয়ার জন্য একটি <unk>,0.0499999999875,0.2857142853061225,0.08510638040742426,0.08510638040742426,0.0,0.08510638040742426,0,0,0.2828947368421053,0.124999999921875
5638.png,একটি লোক চেয়ার এর উপর বসে আছে,0.14285714265306124,0.05263157891966759,0.07692307292899428,0.07692307292899428,0.0,0.07692307292899428,0,0,0.26086956521739135,0.04347826085066162
3376898612_41c91de476.jpg,এক ছোট বালক আরেকজনকে হাত রেখে দৌড়াচ্ছে,0.14285714265306124,0.0999999999,0.11764705384083066,0.11764705384083066,0.0,0.11764705384083066,0,0,0.3076923076923077,0.0624999999609375
3399618896_9ef60cd32c.jpg,একজন পুরুষ এবং ২ জন ছেলে বসে আছে,0.24999999968749997,0.2222222219753086,0.23529411238754333,0.23529411238754333,0.0,0.23529411238754333,0,0,0.38235294117647056,0.13333333324444444
95734035_84732a92c1.jpg,একটি মোটরসাইকেলে করে একজন লোক দাঁড়িয়ে আছে,0.2857142853061225,0.2222222219753086,0.24999999476562512,0.24999999476562512,0.0,0.24999999476562512,0,0,0.33333333333333337,0.14285714275510203
8731.png,অনেকগুলো পুরুষ ও অনেকগুলো পুরুষ ও বসে আছে অনেক মানুষ।,0.1999999998,0.49999999875,0.28571428122448983,0.28571428122448983,0.16666666263888896,0.28571428122448983,0,0,0.3513513513513513,0.2222222219753086
5634.png,গ্রামের রাস্তা দিয়ে একজন পুরুষ হেঁটে যাচ্ছে।,0.14285714265306124,0.249999999375,0.1818181768595043,0.1818181768595043,0.0,0.1818181768595043,0,0,0.2962962962962963,0.0999999999
913.png,৪ জন ছোট ছেলে যাদের পাশে একটি দেয়ালের সামনে দাড়িয়ে আছে।,0.18181818165289254,0.33333333277777777,0.2352941128027682,0.2352941128027682,0.13333332871111125,0.2352941128027682,0,0,0.32432432432432434,0.13333333324444444
IMG_0618.JPG,রঙিন পোশাক পরে আছে মহিলা টি,0.6666666655555555,0.7999999984,0.7272727209917357,0.7272727209917357,0.4444444385185186,0.4615384558579882,0,0,0.47619047619047616,0.571428570612245
5294.png,রাস্তা দিয়ে একটি রাস্তা ও মাঠ আছে। রাস্তা আছে। চারপাশে সবুজ ধান ক্ষেত আছে।,0.21428571413265304,0.49999999916666665,0.2999999955,0.2999999955,0.11111110697530877,0.2999999955,0,0,0.29166666666666663,0.23076923059171597
5935.png,একজন পুরুষ আছে।,0.9999999966666667,0.9999999966666667,0.9999999916666666,0.9999999916666666,0.9999999900000001,0.9999999916666666,1,1,1.0,0.9999999966666667
242064301_a9d12f1754.jpg,একজন মহিলা একটি বাস্কেটবল কোর্টে দাড়িয়ে আছে,0.2857142853061225,0.2222222219753086,0.24999999476562512,0.24999999476562512,0.0,0.24999999476562512,0,0,0.4375,0.14285714275510203
2308978137_bfe776d541.jpg,কয়েকজন পুরুষ আছে।,0.0,0.0,0.0,0.0,0.0,0.0,0,0,0.21875,0.0
152029243_b3582c36fa.jpg,একজন লোক একটি পাথুরে পাহাড় বাইছে,0.49999999916666665,0.2727272724793388,0.3529411714878893,0.3529411714878893,0.0,0.2857142804081633,0,0,0.4864864864864865,0.21428571413265304
4027.png,৩ জন পুরুষ বসে আছে।,0.3999999992,0.2857142853061225,0.33333332791666676,0.33333332791666676,0.1999999948000001,0.33333332791666676,0,0,0.34782608695652173,0.1999999998
2908466042_bf07cb52c7.jpg,একটি বিশাল কুকুরছানা একটি সাদা কুকুরের সাথে খেলতে খেলতে খেলতে খেলতে খেলতে খেলতে খেলতে খেলতে খেলতে খেলতে খেলতে খেলতে খেলতে খেলতে খেলতে খেলতে খেলতে খেলতে খেলতে খেলতে খেলতে খেলতে খেলতে খেলতে খেলতে খেলতে খেলতে খেলতে খেলতে খেলতে খেলতে খেলতে খেলতে,0.02499999999375,0.14285714265306124,0.04255318893617037,0.04255318893617037,0.0,0.04255318893617037,0,0,0.10624999999999996,0.07692307686390532
5767.png,নদীর ধারে অনেকগুলো নৌকা ও অনেকগুলো মানুষ আছে।,0.24999999968749997,0.33333333277777777,0.2857142804081633,0.2857142804081633,0.16666666152777793,0.2857142804081633,0,0,0.43333333333333335,0.18181818165289254
3218481970_1fa627b3da.jpg,একজন বাস্কেটবল খেলোয়াড় বাস্কেটবল খেলায় <unk>,0.49999999916666665,0.49999999916666665,0.4999999941666667,0.4999999941666667,0.39999999420000004,0.4999999941666667,0,0,0.6451612903225806,0.37499999953124996
4110.png,কয়েকজন মানুষ আছে।,0.3333333322222222,0.09090909082644627,0.14285713928571436,0.14285713928571436,0.0,0.14285713928571436,0,0,0.2857142857142857,0.09090909082644627
6679.png,একটি ভবন আছে।,0.6666666644444444,0.49999999875,0.5714285648979592,0.5714285648979592,0.0,0.5714285648979592,0,0,0.5714285714285714,0.3999999992
5408.png,একজন পুরুষ পানিতে নেমে আসছেন।,0.5999999988,0.5999999988,0.5999999938,0.5999999938,0.4999999937500001,0.5999999938,0,0,0.75,0.4285714279591837
5269.png,একটি উচু করে একজন লোক বসে আছে,0.14285714265306124,0.3333333322222222,0.1999999954000001,0.1999999954000001,0.0,0.1999999954000001,0,0,0.26086956521739135,0.1111111109876543
300.png,একজন পুরুষ বসে কাজ করছে।,0.1999999996,0.04761904759637188,0.07692307375739657,0.07692307375739657,0.0,0.07692307375739657,0,0,0.30000000000000004,0.04166666664930555
1476.png,চারজন পুরুষ পাশাপাশি দাড়িয়ে আছে।,0.3999999992,0.24999999968749997,0.3076923024852071,0.3076923024852071,0.0,0.3076923024852071,0,0,0.2962962962962963,0.18181818165289254
3086790344_9487c58624.jpg,একটি মেয়ে পানিতে ভেসে থাকার সরঞ্জাম নিয়ে পানিতে ডুবে গেছে।,0.0999999999,0.16666666638888888,0.12499999515625017,0.12499999515625017,0.0,0.12499999515625017,0,0,0.36111111111111116,0.07142857137755101
747921928_48eb02aab2.jpg,একটি বিশাল কালো রঙের একটি বিশাল কালো রঙের একটি বিশাল কালো রঙের একটি বিশাল কালো রঙের একটি বিশাল কালো রঙের একটি বিশাল কালো রঙের একটি বিশাল কালো রঙের একটি বিশাল কালো রঙের একটি বিশাল কালো রঙের একটি বিশাল কালো রঙের,0.02499999999375,0.16666666638888888,0.04347825858223074,0.04347825858223074,0.0,0.04347825858223074,0,0,0.14093959731543626,0.1111111109876543
2892395757_0a1b0eedd2.jpg,একটি <unk> একটি লোক একটি মোটরসাইকেল নিয়ে একটি <unk>,0.3333333329629629,0.49999999916666665,0.3999999946666667,0.3999999946666667,0.15384614887573977,0.3999999946666667,0,0,0.45945945945945943,0.37499999953124996
4743.png,একজন লোক একটি বড় কাগজে স্বাক্ষর করছে,0.2857142853061225,0.24999999968749997,0.2666666613333334,0.2666666613333334,0.0,0.13333332817777796,0,0,0.4137931034482759,0.16666666652777776
3558796959_fc4450be56.jpg,একজন টেনিস ব্যাট হাতে টেনিস ব্যাট হাতে টেনিস ব্যাট হাতে টেনিস ব্যাট হাতে টেনিস ব্যাট হাতে টেনিস ব্যাট হাতে টেনিস ব্যাট হাতে টেনিস ব্যাট হাতে টেনিস ব্যাট হাতে টেনিস ব্যাট হাতে টেনিস ব্যাট হাতে টেনিস ব্যাট হাতে টেনিস ব্যাট হাতে,0.0499999999875,0.24999999968749997,0.08333333052083343,0.08333333052083343,0.042553188646446534,0.08333333052083343,0,0,0.1496598639455783,0.1999999998
1396064003_3fd949c9dd.jpg,কেউ একজন লোক সার্ফিং করছেন,0.3999999992,0.2857142853061225,0.33333332791666676,0.33333332791666676,0.1999999948000001,0.33333332791666676,0,0,0.2941176470588235,0.1999999998
808245064_8a7971fc5b.jpg,একজন লোক কাঁধে হাত রেখে দাড়িয়ে আছে পিছনে অনেক মানুষের কাঁধে হাত দিয়ে যাচ্ছে,0.14285714275510203,0.33333333277777777,0.19999999560000006,0.19999999560000006,0.11111110697530877,0.19999999560000006,0,0,0.36734693877551017,0.124999999921875
3223055565_68973f5d20.jpg,একটি কালো কুকুর লাফ দিচ্ছে,0.3999999992,0.14285714275510203,0.21052631168975072,0.21052631168975072,0.11764705508650528,0.21052631168975072,0,0,0.4117647058823529,0.11764705875432525
929679367_ff8c7df2ee.jpg,একটি কালো এবং সাদা কালো এবং সাদা কালো এবং সাদা কালো এবং সাদা কালো এবং সাদা কালো এবং সাদা কালো এবং সাদা কালো এবং সাদা কালো এবং সাদা কালো এবং সাদা কালো এবং সাদা কালো এবং সাদা কালো এবং সাদা,0.0499999999875,0.18181818165289254,0.07843136913494825,0.07843136913494825,0.0,0.07843136913494825,0,0,0.19999999999999996,0.16666666652777776
6354.png,একটি পতাকা <unk> সামনে একজন পুরুষ বসে আছে।,0.24999999968749997,0.49999999875,0.33333332833333335,0.33333332833333335,0.0,0.33333332833333335,0,0,0.41666666666666663,0.1999999998
IMG_2242.JPG,একটা লোক ও অন্য জিনিস আছে,0.33333333277777777,0.49999999875,0.3999999944,0.3999999944,0.0,0.3999999944,0,0,0.38095238095238093,0.24999999968749997
1424237335_b3be9920ba.jpg,দুটি শিশু দুটি ছোট ছেলে,0.3999999992,0.18181818165289254,0.249999995390625,0.249999995390625,0.14285713857142868,0.249999995390625,0,0,0.3157894736842105,0.15384615372781063
5568.png,একটি শিশু হেঁটে যাচ্ছে।,0.49999999875,0.6666666644444444,0.5714285648979592,0.5714285648979592,0.39999999360000005,0.5714285648979592,0,0,0.6153846153846154,0.3999999992
346891387_1219679685581860_7056564485612599010_n.jpg,একজন পুরুষ মাথায় কিছু <unk> করছে।,0.16666666638888888,0.12499999984374999,0.1428571377551022,0.1428571377551022,0.0,0.1428571377551022,0,0,0.3783783783783784,0.07692307686390532
1292.png,একজন লোক হাতে একটি ব্যাগ ধরে আছে,0.2857142853061225,0.10526315783933518,0.1538461497928995,0.1538461497928995,0.0,0.1538461497928995,0,0,0.2790697674418605,0.0833333332986111
3593.png,একজন বালক লাফ দিচ্ছে।,0.0,0.0,0.0,0.0,0.0,0.0,0,0,0.42307692307692313,0.0
3286017638_c688c83e3d.jpg,নীল রঙের নির্দিষ্ট পোশাক পরিহিত একজন বালক ফুটবল খেলছে,0.3333333329629629,0.4285714279591837,0.374999994609375,0.374999994609375,0.0,0.374999994609375,0,0,0.4871794871794872,0.23076923059171597
506738508_327efdf9c3.jpg,কালো জামা পরা একজন মহিলা মার্শাল আর্ট অনুশীলন করছেন।,0.1111111109876543,0.08333333326388888,0.09523809024943336,0.09523809024943336,0.0,0.09523809024943336,0,0,0.2465753424657534,0.049999999975
2796801478_8ebd7e550b.jpg,একজন স্কেটবোর্ডার একটি কৌশল করছে,0.7999999984,0.3999999996,0.5333333281777778,0.5333333281777778,0.15384614934911253,0.39999999502222217,0,0,0.76,0.3636363633057851
2747436384_9470c56cb9.jpg,পাঁচজন মানুষ একটি ঢেউ এর উপর দাঁড়িয়ে আছে,0.37499999953124996,0.3333333329629629,0.3529411710726644,0.3529411710726644,0.16666666152777793,0.3529411710726644,0,0,0.3793103448275862,0.21428571413265304
IMG_2277.JPG,মহিলা টি শাড়ি পরে আছে,0.9999999980000001,0.8333333319444445,0.909090902479339,0.909090902479339,0.6666666602469137,0.909090902479339,0,0,0.7777777777777778,0.8333333319444445
94232465_a135df2711.jpg,একটি শিশু একটি বরফের উপর স্কেটবোর্ড চালাচ্ছে,0.571428570612245,0.30769230745562126,0.39999999505,0.39999999505,0.11111110654321005,0.22222221722222232,0,0,0.32558139534883723,0.19999999986666667
465994762_1760e83c5d.jpg,একটি কুকুর একটি লাঠি বহন করছে,0.33333333277777777,0.49999999875,0.3999999944,0.3999999944,0.24999999468750006,0.3999999944,0,0,0.5,0.2857142853061225
3907.png,একটি মার্কেটে একটি তরমুজ আলাদা করেন।,0.16666666638888888,0.14285714265306124,0.15384614863905344,0.15384614863905344,0.0,0.15384614863905344,0,0,0.31999999999999995,0.09090909082644627
822836318_21544f0f78.jpg,তুষার <unk> বরফ ও কালো রঙের পোশাক পরিহিত একজন লোক বরফের মধ্যে স্লেজে বসে আছে,0.19999999986666667,0.4285714279591837,0.2727272681404959,0.2727272681404959,0.0,0.18181817731404967,0,0,0.2857142857142857,0.15789473675900276
2368.png,একজন পুরুষ ও পিছনে কয়েকজন পুরুষ মানুষ আছে।,0.24999999968749997,0.3999999992,0.3076923024852071,0.3076923024852071,0.1818181768595043,0.3076923024852071,0,0,0.3548387096774194,0.1999999998
899.png,একজন পুরুষ বসে কাজ করছে।,0.1999999996,0.16666666638888888,0.1818181765289258,0.1818181765289258,0.0,0.1818181765289258,0,0,0.28,0.0999999999
7611.png,একজন পুরুষ বসে কাজ করছে।,0.5999999988,0.37499999953124996,0.46153845609467453,0.46153845609467453,0.36363635834710756,0.46153845609467453,0,0,0.5483870967741935,0.37499999953124996
6815.png,একটা লোক হাতে ক্যামেরা নিয়ে আছে।,0.16666666638888888,0.3333333322222222,0.2222222172839507,0.2222222172839507,0.0,0.2222222172839507,0,0,0.35,0.12499999984374999
2984174290_a915748d77.jpg,একজন লোক পানিতে সার্ফিং করছে,0.5999999988,0.49999999916666665,0.5454545395041324,0.5454545395041324,0.2222222167901236,0.5454545395041324,0,0,0.4347826086956522,0.37499999953124996
2279945145_8815c59217.jpg,একটি সাদা কালো এবং সাদা কালো এবং সাদা ও সাদা ও সাদা ও সাদা ও সাদা ও সাদা ও সাদা ও সাদা ও সাদা ও সাদা ও সাদা ও সাদা ও সাদা ও সাদা ও সাদা ও সাদা ও সাদা,0.0499999999875,0.2857142853061225,0.08510638040742426,0.08510638040742426,0.04444444211358036,0.08510638040742426,0,0,0.125,0.1999999998
3637966641_1b108a35ba.jpg,দুটি ছেলে একটি বল ধরার জন্য অপেক্ষা করছে এবং তাদের কুকুর একটি বল ধরার জন্য অপেক্ষা করছে এবং তাদের কুকুর একটি বল ধরার জন্য অপেক্ষা করছে এবং তাদের কুকুর একটি বল ধরার জন্য অপেক্ষা করছে এবং তাদের কুকুর একটি বল,0.0499999999875,0.14285714275510203,0.07407407020576152,0.07407407020576152,0.0,0.07407407020576152,0,0,0.2171052631578947,0.08695652170132324
107582366_d86f2d3347.jpg,একজন পুরুষ ও একজন পুরুষ ও একজন পুরুষ ও একজন পুরুষ ও একজন পুরুষ ও একজন পুরুষ ও একজন পুরুষ ও একজন পুরুষ ও একজন পুরুষ ও একজন পুরুষ ও একজন পুরুষ ও একজন পুরুষ ও একজন পুরুষ ও একজন,0.0,0.0,0.0,0.0,0.0,0.0,0,0,0.1496598639455783,0.0
8581.png,একজন বালক দাড়িয়ে আছে।,0.249999999375,0.249999999375,0.2499999943750001,0.2499999943750001,0.0,0.2499999943750001,0,0,0.3448275862068966,0.14285714265306124
2045928594_92510c1c2a.jpg,একটি লাল রঙের জামা পরে ছেলেটি স্কেটবোর্ড চালাচ্ছে,0.24999999968749997,0.14285714275510203,0.1818181770247935,0.1818181770247935,0.0,0.10526315290858747,0,0,0.28205128205128205,0.09999999995
2044063458_fcc76a7636.jpg,একটি কালো কুকুর একটি লাল বল নিয়ে দৌড়াচ্ছে,0.37499999953124996,0.3333333329629629,0.3529411710726644,0.3529411710726644,0.14285713765306143,0.3529411710726644,0,0,0.6206896551724138,0.24999999979166665
2839789830_89668775a4.jpg,একটি কুকুর একটি চাকতির জন্য দৌড়াচ্ছে,0.33333333277777777,0.33333333277777777,0.3333333277777778,0.3333333277777778,0.19999999460000012,0.3333333277777778,0,0,0.48,0.2222222219753086
_MG_1856.JPG,রেল স্টেশনে করে একজন লোক বসে আছে।,0.14285714265306124,0.1999999996,0.16666666152777793,0.16666666152777793,0.0,0.16666666152777793,0,0,0.375,0.09090909082644627
9038.png,পাহাড়ের পাশে কয়েকজন মানুষ আছে।,0.1999999996,0.249999999375,0.2222222167901236,0.2222222167901236,0.0,0.2222222167901236,0,0,0.25,0.12499999984374999
4861.png,দূরে একজন মানুষ আছে।,0.0,0.0,0.0,0.0,0.0,0.0,0,0,0.3571428571428571,0.0
2918769188_565dd48060.jpg,একটি শিশু পানিতে সাঁতার কাটছে,0.3999999992,0.3999999992,0.39999999420000004,0.39999999420000004,0.2499999943750001,0.39999999420000004,0,0,0.6,0.24999999968749997
2339.png,দুইটি শিশু আছে।,0.3333333322222222,0.1999999996,0.24999999468750006,0.24999999468750006,0.0,0.24999999468750006,0,0,0.26315789473684215,0.14285714265306124
535309053_ec737abde8.jpg,একটি ছাতার ছায়ায় বসে আছে,0.1999999996,0.16666666638888888,0.1818181765289258,0.1818181765289258,0.0,0.1818181765289258,0,0,0.2941176470588235,0.12499999984374999
3153067758_53f003b1df.jpg,একটি <unk> <unk> <unk> <unk> <unk> <unk> <unk> <unk> <unk> <unk> <unk> <unk> <unk> <unk> <unk> <unk> <unk> <unk> <unk> <unk> <unk> <unk> <unk> <unk> <unk> <unk> <unk> <unk> <unk> <unk> <unk> <unk> <unk> <unk> <unk> <unk> <unk> <unk> <unk>,0.02499999999375,0.14285714265306124,0.04255318893617037,0.04255318893617037,0.0,0.04255318893617037,0,0,0.08176100628930816,0.12499999984374999
3518126579_e70e0cbb2b.jpg,একটি স্কেটবোর্ডার একটি <unk> উপর দিয়ে লাফ দিচ্ছে,0.12499999984374999,0.16666666638888888,0.1428571377551022,0.1428571377551022,0.0,0.1428571377551022,0,0,0.34285714285714286,0.08333333326388888
6881.png,একজন লোক সাইকেল নিয়ে যাচ্ছে,0.3999999992,0.49999999875,0.4444444385185186,0.4444444385185186,0.0,0.4444444385185186,0,0,0.7619047619047619,0.2857142853061225
8282.png,একজন নারী আছে।,0.3333333322222222,0.3333333322222222,0.33333332722222225,0.33333332722222225,0.0,0.33333332722222225,0,0,0.6,0.1999999996
3363750526_efcedc47a9.jpg,একটি কুকুর একটি টায়ার ধরে বালিতে দৌড়াচ্ছে,0.4285714279591837,0.37499999953124996,0.3999999944888889,0.3999999944888889,0.2222222172839507,0.3999999944888889,0,0,0.5555555555555556,0.2727272724793388
3110649716_c17e14670e.jpg,একজন পুরুষ হাতে মোবাইল নিয়ে দাঁড়িয়ে আছে,0.2857142853061225,0.1999999998,0.23529411252595167,0.23529411252595167,0.0,0.23529411252595167,0,0,0.3414634146341463,0.13333333324444444
6397.png,একটি শিশু হেঁটে যাচ্ছে।,0.249999999375,0.05882352937716263,0.09523809206349215,0.09523809206349215,0.0,0.09523809206349215,0,0,0.15517241379310343,0.05555555552469135
4639.png,নৌকাতে কয়েকজন মানুষ আছে।,0.49999999875,0.3999999992,0.4444444385185186,0.4444444385185186,0.0,0.4444444385185186,0,0,0.368421052631579,0.2857142853061225
3362805914_72f60ee8cb.jpg,একটি ছোট বাচ্চা মেয়ে ঘাসের উপর শুয়ে আছে,0.7499999990624999,0.5999999993999999,0.6666666609876544,0.6666666609876544,0.374999994609375,0.6666666609876544,0,0,0.5882352941176471,0.4999999995833333
3247423890_163f00a2cb.jpg,একজন লোক একটি বল নিয়ে দাড়িয়ে আছে আর একজন পুরুষ বেলুন নিয়ে দাড়িয়ে আছে আর একজন পুরুষ বেলুন নিয়ে দাড়িয়ে আছে আর একজন পুরুষ বেলুন নিয়ে দাড়িয়ে আছে আর একজন পুরুষ বেলুন নিয়ে দাড়িয়ে আছে আর একজন পুরুষ বেলুন নিয়ে,0.099999999975,0.4444444439506172,0.1632653030570596,0.1632653030570596,0.0851063801177004,0.1632653030570596,0,0,0.19047619047619047,0.26666666648888887
1150.png,কয়েকজন নারী আছে।,0.6666666644444444,0.2857142853061225,0.39999999500000005,0.39999999500000005,0.0,0.39999999500000005,0,0,0.31999999999999995,0.24999999968749997
7640.png,একটি শিশু আছে।,0.9999999966666667,0.37499999953124996,0.5454545404958677,0.5454545404958677,0.22222221827160496,0.36363635900826446,0,0,0.3076923076923077,0.4285714279591837
2414986483_004936f84b.jpg,একটি মেয়ে রাস্তায় দাঁড়িয়ে আছে,0.3999999992,0.2857142853061225,0.33333332791666676,0.33333332791666676,0.0,0.33333332791666676,0,0,0.375,0.1999999998
3109704348_c6416244ce.jpg,একটি সাদা রঙের জামা পরিহিত একজন ফুটবল খেলোয়াড় বলের পেছনে একটি বলের পেছনে একটি বলের পেছনে একটি সাদা জামা পরা খেলোয়াড় বলের পেছনে একটি বলের পেছনে একটি বলের পেছনে একটি সাদা জামা পরা খেলোয়াড় বলের পেছনে একটি বলের পেছনে একটি,0.0499999999875,0.1999999998,0.07999999676800014,0.07999999676800014,0.0,0.07999999676800014,0,0,0.197452229299363,0.10526315783933518
7604.png,সমুদ্রের পারে একজন মানুষ আছে।,0.3999999992,0.6666666644444444,0.49999999406250006,0.49999999406250006,0.33333332777777785,0.49999999406250006,0,0,0.5,0.33333333277777777
4322.png,রাস্তা দিয়ে একটা রাস্তা দিয়ে একটি রাস্তা দিয়ে একটি রাস্তা দিয়ে একটি রাস্তা দিয়ে একটি রাস্তা দিয়ে একটি রাস্তা দিয়ে একটি রাস্তা দিয়ে একটি রাস্তা দিয়ে একটি রাস্তা দিয়ে একটি রাস্তা দিয়ে একটি রাস্তা দিয়ে একটি রাস্তা দিয়ে একটি রাস্তা,0.0,0.0,0.0,0.0,0.0,0.0,0,0,0.10273972602739723,0.0
3690431163_1d81e19549.jpg,দুইজন পুরুষ তাকিয়ে আছে।,0.0,0.0,0.0,0.0,0.0,0.0,0,0,0.24390243902439024,0.0
IMG_9585.JPG,সাদা কাথা সেলাই আইটেম টি বাচ্চা বসে আছে,0.49999999937499995,0.49999999937499995,0.49999999437500003,0.49999999437500003,0.14285713765306143,0.24999999468750006,0,0,0.2692307692307693,0.3333333330555555
7387.png,একজন পুরুষ রাস্তা দিয়ে যাচ্ছেন।,0.0,0.0,0.0,0.0,0.0,0.0,0,0,0.2727272727272727,0.0
8836.png,একটি নৌকায় কয়েকজন মানুষ আছে।,0.5999999988,0.4285714279591837,0.4999999943055557,0.4999999943055557,0.1999999948000001,0.4999999943055557,0,0,0.6153846153846154,0.3333333329629629
3170110692_d1e0e66cee.jpg,একটি <unk> একটি <unk> একটি লোক একটি <unk> <unk>,0.1111111109876543,0.1111111109876543,0.11111110598765454,0.11111110598765454,0.0,0.11111110598765454,0,0,0.32558139534883723,0.09090909082644627
8365.png,একজন বৃদ্ধ পুরুষ বসে আছে।,0.5999999988,0.7499999981250001,0.6666666602469137,0.6666666602469137,0.5714285648979592,0.6666666602469137,0,0,0.6666666666666667,0.49999999916666665
3316.png,অনেকগুলো নারী আছে।,0.6666666644444444,0.33333333277777777,0.44444443901234576,0.44444443901234576,0.0,0.44444443901234576,0,0,0.31818181818181823,0.2857142853061225
4429.png,একজন পুরুষ বসে আছে।,0.249999999375,0.1999999996,0.2222222167901236,0.2222222167901236,0.0,0.2222222167901236,0,0,0.33333333333333337,0.12499999984374999
7075.png,একটি নৌকায় কয়েকজন মানুষ আছে।,0.9999999980000001,0.49999999949999996,0.6666666613333334,0.6666666613333334,0.6153846101775148,0.6666666613333334,0,0,0.5,0.6249999992187499
2615.png,একটি ছোট মেয়ে দোলনায় দোল খাচ্ছে,0.16666666638888888,0.14285714265306124,0.15384614863905344,0.15384614863905344,0.0,0.15384614863905344,0,0,0.37037037037037035,0.08333333326388888
7363.png,একটি লোক একটি ঝালায়ের কাজ করছে।,0.16666666638888888,0.16666666638888888,0.16666666138888903,0.16666666138888903,0.0,0.16666666138888903,0,0,0.31818181818181823,0.1111111109876543
2315418282_80bd0bb1c0.jpg,একটি সাদা কুকুর বরফ লেগে আছে,0.49999999916666665,0.29999999969999996,0.37499999484375,0.37499999484375,0.2857142807142858,0.37499999484375,0,0,0.4736842105263158,0.23076923059171597
2522540026_6ee8ab4c6a.jpg,একটি <unk> একটি নীল রঙের <unk> <unk> ভাসছে,0.37499999953124996,0.29999999969999996,0.3333333280246914,0.3333333280246914,0.0,0.22222221703703712,0,0,0.32352941176470584,0.24999999979166665
644.png,লোক টি নীল রঙের,0.0,0.0,0.0,0.0,0.0,0.0,0,0,0.19999999999999996,0.0
642987597_03b21a1437.jpg,একটি ছোট ছেলে একটি বড় বড় বড় বড় বড় বড় বড় বড় বড় বড় বড় বড় বড় বড় বড় বড় বড় বড় বড় বড় বড় বড় বড় বড় বড় বড় বড় বড় বড় বড় বড় বড় বড় বড় বড় বড়,0.02499999999375,0.3333333322222222,0.04651162658734455,0.04651162658734455,0.0,0.04651162658734455,0,0,0.1074380165289256,0.16666666638888888
3399798295_a452963365.jpg,একজন মহিলা এবং মহিলা ছবি তুলছে,0.16666666638888888,0.1111111109876543,0.13333332835555572,0.13333332835555572,0.0,0.13333332835555572,0,0,0.33333333333333337,0.07692307686390532
6472.png,একটি শিশু একটি টাকার নোট নিয়ে আছে।,0.4285714279591837,0.49999999916666665,0.4615384558579882,0.4615384558579882,0.0,0.4615384558579882,0,0,0.4347826086956522,0.3333333329629629
374567836_3ae12ecffb.jpg,একটি কুকুর মুখে একটি ফ্রিসবি নিয়ে খেলছে,0.571428570612245,0.3333333330555555,0.42105262648199443,0.42105262648199443,0.2222222172839507,0.42105262648199443,0,0,0.46153846153846156,0.24999999968749997
583087629_a09334e1fb.jpg,একটি ছোট ছেলে শূন্যে লাফ দিয়ে যাচ্ছে,0.2857142853061225,0.2857142853061225,0.28571428030612256,0.28571428030612256,0.0,0.28571428030612256,0,0,0.5,0.16666666652777776
2679926555_b11cf45595.jpg,একটি ছোট্ট মেয়ে তার লাল রঙের চাকতি ঘুরিয়ে পৌঁছেছে।,0.2222222219753086,0.2857142853061225,0.24999999476562512,0.24999999476562512,0.11764705370242234,0.24999999476562512,0,0,0.36363636363636365,0.14285714275510203
1620.png,একজন পুরুষ একটি শিশু কোলে নিয়ে আছে।,0.571428570612245,0.28571428551020406,0.3809523761451248,0.3809523761451248,0.10526315346260404,0.28571428099773244,0,0,0.3392857142857143,0.2352941175086505
3937.png,একটি নৌকায় কয়েকজন মানুষ আছে।,0.1999999996,0.249999999375,0.2222222167901236,0.2222222167901236,0.0,0.2222222167901236,0,0,0.30000000000000004,0.12499999984374999
3063544435_10516c6937.jpg,একজন লোক পানির উপরে পরিস্কার করছেন,0.16666666638888888,0.16666666638888888,0.16666666138888903,0.16666666138888903,0.0,0.16666666138888903,0,0,0.3846153846153846,0.09090909082644627
3352871762_c9e88592d3.jpg,দুই মহিলা এবং একজন মহিলা এবং একজন মহিলা এবং একজন মহিলা এবং একজন মহিলা এবং একজন মহিলা এবং একজন মহিলা এবং একজন মহিলা এবং একজন মহিলা এবং একজন মহিলা এবং একজন মহিলা এবং একজন মহিলা এবং একজন মহিলা এবং একজন,0.07499999998125,0.3333333329629629,0.1224489765431071,0.1224489765431071,0.042553188646446534,0.1224489765431071,0,0,0.26582278481012656,0.1999999998
7586.png,বাসের জানালা দিয়ে এক মহিলা জানালার পাশে বসে আছে।,0.1111111109876543,0.06666666662222222,0.08333332857638914,0.08333332857638914,0.0,0.08333332857638914,0,0,0.28846153846153844,0.045454545433884296
58.png,একজন নারী বসে আছে।,0.49999999875,0.24999999968749997,0.33333332833333335,0.33333332833333335,0.0,0.16666666194444454,0,0,0.23333333333333328,0.1999999998
2709648336_15455e60b2.jpg,একটি কুকুর একটি <unk>,0.7499999981250001,0.4285714279591837,0.5454545398347109,0.5454545398347109,0.24999999468750006,0.5454545398347109,0,0,0.4285714285714286,0.2857142853061225
2319197581_94f807b204.jpg,সাদা <unk> একটি সাদা কুকুর একটি বিশাল সাদা সাদা কুকুর একটি বিশাল সাদা সাদা কুকুর একটি বিশাল সাদা সাদা কুকুর একটি বিশাল সাদা সাদা কুকুর একটি বিশাল সাদা সাদা কুকুর একটি বিশাল সাদা সাদা কুকুর একটি বিশাল সাদা সাদা কুকুর,0.099999999975,0.3333333330555555,0.15384615023668646,0.15384615023668646,0.09302325408328828,0.15384615023668646,0,0,0.2027972027972028,0.4285714279591837
3144705706_391d7b77c7.jpg,দুটি শিশু তুষারের মধ্যে খেলছে,0.3999999992,0.2857142853061225,0.33333332791666676,0.33333332791666676,0.0,0.33333332791666676,0,0,0.5,0.2222222219753086
3717845800_ab45e255b8.jpg,একটি <unk> <unk> <unk> <unk> <unk>,0.16666666638888888,0.09090909082644627,0.11764705411764723,0.11764705411764723,0.0,0.11764705411764723,0,0,0.2142857142857143,0.09090909082644627
2208310655_a3d83080c5.jpg,একটি ছোট মেয়েটি একটি পানীয় পান করছে,0.2857142853061225,0.15384615372781063,0.1999999952500001,0.1999999952500001,0.0,0.1999999952500001,0,0,0.37142857142857144,0.05882352937716263
3405942945_f4af2934a6.jpg,একটি শিশু ঘাসে হাটছে,0.49999999875,0.2222222219753086,0.3076923029585799,0.3076923029585799,0.0,0.28571428122448983,0,0,0.32352941176470584,0.18181818165289254
2960759328_2d31e4af9b.jpg,একটি <unk> জাতের কুকুরগুলো একটি সাদা রঙের ডোরাকাটা জামা পরা একজন লোক এবং সাদা কালো ও মুখবন্ধ পরিহিত একজন লোক এবং সাদা কালো ও মুখবন্ধ পরিহিত একজন লোক এবং সাদা কালো ও মুখবন্ধ পরিহিত একজন লোক এবং সাদা কালো ও,0.0499999999875,0.18181818165289254,0.07843136913494825,0.07843136913494825,0.0,0.07843136913494825,0,0,0.17567567567567566,0.079999999968
3273625566_2454f1556b.jpg,একটি গ্রেহাউন্ড কুকুর প্রতিযোগিতা করছে।,0.3999999992,0.3999999992,0.39999999420000004,0.39999999420000004,0.2499999943750001,0.39999999420000004,0,0,0.6799999999999999,0.2857142853061225
1504.png,৩ জন মহিলা ১ জন মহিলা মিলে বাসার সামনে দাড়িয়ে আছে কিছু মানুষ দেখছে।,0.21428571413265304,0.19999999986666667,0.2068965465873961,0.2068965465873961,0.0,0.2068965465873961,0,0,0.3157894736842105,0.13043478255198487
240696675_7d05193aa0.jpg,ঘাসের মাঠে একটি কুকুর ঘুরে বেড়াচ্ছে,0.49999999916666665,0.49999999916666665,0.4999999941666667,0.4999999941666667,0.19999999460000012,0.4999999941666667,0,0,0.5833333333333333,0.3333333329629629
3496983524_b21ecdb0c7.jpg,একটি শিশু আছে।,0.3333333322222222,0.249999999375,0.28571428000000004,0.28571428000000004,0.0,0.28571428000000004,0,0,0.46153846153846156,0.16666666638888888
283.png,একজন পুরুষ কাজ করছে।,0.249999999375,0.045454545433884296,0.07692307426035512,0.07692307426035512,0.0,0.07692307426035512,0,0,0.30000000000000004,0.04166666664930555
2922.png,একজন পুরুষ একটি পতাকা নিয়ে হেটে যাচ্ছে।,0.4285714279591837,0.37499999953124996,0.3999999944888889,0.3999999944888889,0.1818181776859505,0.3999999944888889,0,0,0.5517241379310345,0.24999999979166665
3453313865_1ebff5393c.jpg,একজন লোক ফুটপাতে স্কুটারে চড়ে রাস্তায় নিয়ে রাস্তায় একটি রাস্তায় সাইকেল রাখার স্থানের পাশে দিয়ে হেঁটে যাচ্ছে,0.1764705881314879,0.49999999916666665,0.26086956113421556,0.26086956113421556,0.08333332881944468,0.23076922606508882,0,0,0.3188405797101449,0.15789473675900276
3537400880_8f410d747d.jpg,একটি মেয়ে একটি <unk> লাফ দিচ্ছে,0.33333333277777777,0.33333333277777777,0.3333333277777778,0.3333333277777778,0.19999999460000012,0.3333333277777778,0,0,0.4444444444444444,0.2222222219753086
1335.png,কয়েকজন পুরুষ দাড়িয়ে আছে।,0.7499999981250001,0.4285714279591837,0.5454545398347109,0.5454545398347109,0.2222222172839507,0.5454545398347109,0,0,0.46153846153846156,0.37499999953124996
3793.png,একটি নৌকায় কয়েকজন মানুষ আছে।,0.5999999988,0.37499999953124996,0.46153845609467453,0.46153845609467453,0.36363635834710756,0.46153845609467453,0,0,0.4838709677419355,0.3333333329629629
inbound4643021152316756623.jpg,কয়েকজন মানুষ আছে।,0.3333333322222222,0.1999999996,0.24999999468750006,0.24999999468750006,0.0,0.24999999468750006,0,0,0.2142857142857143,0.14285714265306124
inbound414927263478164719.jpg,একটি পাখি আছে।,0.6666666644444444,0.18181818165289254,0.2857142819387755,0.2857142819387755,0.0,0.2857142819387755,0,0,0.23529411764705888,0.18181818165289254
1330.png,একটি গাছের নিচে একজন পুরুষ হেঁটে আসছে।,0.4285714279591837,0.3333333329629629,0.374999994609375,0.374999994609375,0.1428571377551022,0.374999994609375,0,0,0.36363636363636365,0.23076923059171597
709.png,একজন নারী আছে।,0.0,0.0,0.0,0.0,0.0,0.0,0,0,0.23809523809523814,0.0
6146.png,কয়েকজন মানুষ হেঁটে যাচ্ছে।,0.49999999875,0.33333333277777777,0.3999999944,0.3999999944,0.24999999468750006,0.3999999944,0,0,0.43999999999999995,0.24999999968749997
1136.png,একজন বয়স্ক পুরুষ একটি গরু নিয়ে দাড়িয়ে আছে একজন মহিলা দাড়িয়ে আছে একজন মহিলা দাড়িয়ে আছে একজন মহিলা দাড়িয়ে আছে একজন মহিলা দাড়িয়ে আছে একজন মহিলা দাড়িয়ে আছে একজন মহিলা দাড়িয়ে আছে একজন মহিলা দাড়িয়ে আছে একজন মহিলা দাড়িয়ে আছে,0.1499999999625,0.5454545449586776,0.23529411417147253,0.23529411417147253,0.034482754203329934,0.19607842791234142,0,0,0.2784810126582279,0.28571428551020406
3220151692_d398ef9779.jpg,দুই মেয়ে ঘাসের উপর বসে আছে।,0.16666666638888888,0.12499999984374999,0.1428571377551022,0.1428571377551022,0.0,0.1428571377551022,0,0,0.40740740740740744,0.07692307686390532
3845.png,কিছু মানুষ কবরে বসে আছে।,0.3999999992,0.16666666652777776,0.23529411321799312,0.23529411321799312,0.13333332924444455,0.23529411321799312,0,0,0.2727272727272727,0.18181818165289254
3901.png,একটি <unk> <unk> <unk>,0.249999999375,0.12499999984374999,0.16666666194444454,0.16666666194444454,0.0,0.16666666194444454,0,0,0.24,0.1111111109876543
1714316707_8bbaa2a2ba.jpg,একজন নারী আছে।,0.0,0.0,0.0,0.0,0.0,0.0,0,0,0.25,0.0
3271252073_0a1b9525fc.jpg,একটি <unk> পোশাকে একদল লোক দাঁড়িয়ে আছে,0.2857142853061225,0.2222222219753086,0.24999999476562512,0.24999999476562512,0.0,0.24999999476562512,0,0,0.3529411764705882,0.14285714275510203
8068.png,একজন নারী দাড়িয়ে আছে।,0.7499999981250001,0.4285714279591837,0.5454545398347109,0.5454545398347109,0.2222222172839507,0.5454545398347109,0,0,0.5217391304347826,0.37499999953124996
2192131110_8a40e7c028.jpg,একজন লোক দড়ির সাহায্যে বাতাসে ভাসছে,0.33333333277777777,0.3999999992,0.36363635801652905,0.36363635801652905,0.2222222167901236,0.36363635801652905,0,0,0.5416666666666667,0.2222222219753086
6382.png,একজন মেয়ে সরিষা ক্ষেতের মধ্যে গাছের সামনে দাঁড়িয়ে আছে।,0.2222222219753086,0.6666666644444444,0.3333333290277778,0.3333333290277778,0.11111110604938293,0.3333333290277778,0,0,0.43243243243243246,0.1999999998
2257798999_d9d1b9a45a.jpg,একটি কুকুর ঘাসে খেলছে,0.7499999981250001,0.5999999988,0.6666666602469137,0.6666666602469137,0.28571428000000004,0.6666666602469137,0,0,0.7058823529411764,0.49999999916666665
1954.png,সমুদ্রের পারে কয়েকজন মানুষ আছে।,0.1999999996,0.16666666638888888,0.1818181765289258,0.1818181765289258,0.0,0.1818181765289258,0,0,0.4285714285714286,0.0999999999
2903617548_d3e38d7f88.jpg,একটি ছোট্ট মেয়ে একটি ফুটবলের সাথে খেলছে,0.2857142853061225,0.2222222219753086,0.24999999476562512,0.24999999476562512,0.0,0.24999999476562512,0,0,0.5,0.15384615372781063
3592.png,একজন পুরুষ মাছ ধরছে।,0.249999999375,0.12499999984374999,0.16666666194444454,0.16666666194444454,0.0,0.16666666194444454,0,0,0.30000000000000004,0.09090909082644627
6084.png,পানিতে একজন পুরুষ পানিতে নেমে গোসল করছে।,0.4285714279591837,0.7499999981250001,0.5454545398347109,0.5454545398347109,0.44444443901234576,0.5454545398347109,0,0,0.5185185185185186,0.4285714279591837
8155.png,একজন মানুষ কাজ করছে।,0.249999999375,0.16666666638888888,0.1999999948000001,0.1999999948000001,0.0,0.1999999948000001,0,0,0.40909090909090906,0.1111111109876543
7256.png,কয়েকজন মানুষ আছে।,0.6666666644444444,0.3999999992,0.49999999406250006,0.49999999406250006,0.33333332777777785,0.49999999406250006,0,0,0.5789473684210527,0.33333333277777777
6194.png,একটি ছেলে চেয়ে আছে।,0.49999999875,0.24999999968749997,0.33333332833333335,0.33333332833333335,0.0,0.33333332833333335,0,0,0.6,0.1999999998
3370085095_6abbb67c1d.jpg,একটি লোক ক্যামেরায় তাকিয়ে হাসছে,0.1999999996,0.249999999375,0.2222222167901236,0.2222222167901236,0.0,0.2222222167901236,0,0,0.30000000000000004,0.12499999984374999
ob_1718260802.jpg,সামনে চারটি শিশু আছে।,0.0,0.0,0.0,0.0,0.0,0.0,0,0,0.3529411764705882,0.0
2603334363_cfa32c4482.jpg,তিনটি শিশু একটি ট্রাইসাইকেল চালাচ্ছে ।,0.49999999916666665,0.37499999953124996,0.4285714230612245,0.4285714230612245,0.33333332791666676,0.4285714230612245,0,0,0.5405405405405406,0.29999999969999996
3675825945_96b2916959.jpg,একজন স্কেট বোর্ডার কলা কৌশল দেখাচ্ছে আর আরেকজন পুরুষ একটি টায়ার এর সাথে স্কেটিং করছে,0.13333333324444444,0.2222222219753086,0.1666666618402779,0.1666666618402779,0.0,0.1666666618402779,0,0,0.43333333333333335,0.09999999995
3025315215_a5d367971a.jpg,একটি কালো কুকুর একটি খেলনা নিয়ে খেলছে,0.571428570612245,0.4444444439506172,0.49999999445312515,0.49999999445312515,0.4285714230612245,0.49999999445312515,0,0,0.5882352941176471,0.2727272724793388
4344.png,একজন পুরুষ দাড়িয়ে আছে।,0.7499999981250001,0.49999999916666665,0.5999999940000001,0.5999999940000001,0.24999999468750006,0.5999999940000001,0,0,0.65,0.4285714279591837
3552.png,আগুনের শিখার আগুনের পাশে আগুন বের হচ্ছে,0.0,0.0,0.0,0.0,0.0,0.0,0,0,0.23404255319148937,0.0
3707.png,একটি বিজ্ঞাপনের পাশের দেয়ালে এক যুবক একটি দোকানের সামনে দাঁড়িয়ে আছে।,0.09090909082644627,0.08333333326388888,0.08695651667296815,0.08695651667296815,0.0,0.08695651667296815,0,0,0.3111111111111111,0.04761904759637188
319847643_df7c2a1d25.jpg,হলুদ ফুল হাতে পুতুল নিয়ে জানালায় মাথা বের করে নেমে ভিজছে,0.09090909082644627,0.12499999984374999,0.10526315290858747,0.10526315290858747,0.0,0.10526315290858747,0,0,0.3783783783783784,0.05882352937716263
2822891602_ff61df2ece.jpg,একটি নীল সাঁতার কাটার প্যান্ট পরা একটি ছেলে সাঁতার কাটছে,0.3999999996,0.3999999996,0.3999999946000001,0.3999999946000001,0.22222221697530875,0.3999999946000001,0,0,0.6486486486486487,0.28571428551020406
1318.png,একজন মহিলা একটি শান্তির প্রতীক তৈরি করছে,0.2857142853061225,0.2857142853061225,0.28571428030612256,0.28571428030612256,0.0,0.28571428030612256,0,0,0.5517241379310345,0.16666666652777776
1747.png,একটি শিশু তাকিয়ে আছে।,0.49999999875,0.49999999875,0.4999999937500001,0.4999999937500001,0.0,0.4999999937500001,0,0,0.46153846153846156,0.33333333277777777
3296150666_aae2f64348.jpg,একটি নীল রঙের একটি ছোট্ট বালক একটি জিপ চালাচ্ছে,0.1111111109876543,0.1999999996,0.14285713806122466,0.14285713806122466,0.0,0.14285713806122466,0,0,0.4117647058823529,0.09090909082644627
_MG_2334.JPG,একটা লোক বসে আছে,0.9999999975,0.9999999975,0.9999999925,0.9999999925,0.9999999916666666,0.9999999925,1,1,1.0,0.9999999975
3325974730_3ee192e4ff.jpg,একজন স্কি করছে,0.6666666644444444,0.2222222219753086,0.3333333290277778,0.3333333290277778,0.0,0.3333333290277778,0,0,0.275,0.1999999998
4139.png,একটি শিশু হেঁটে যাচ্ছে।,0.249999999375,0.16666666638888888,0.1999999948000001,0.1999999948000001,0.0,0.1999999948000001,0,0,0.36363636363636365,0.1111111109876543
3154693053_cfcd05c226.jpg,একজন লোক বাস্কেটবল খেলছে,0.49999999875,0.6666666644444444,0.5714285648979592,0.5714285648979592,0.0,0.5714285648979592,0,0,0.7222222222222222,0.3999999992
2147.png,একজন পুরুষ মাথায় ক্যাপ পরা মহিলা এবং একজন উনিফরম পরে চেয়ে আছে একজন পুরুষ।,0.14285714275510203,0.15384615372781063,0.14814814304526766,0.14814814304526766,0.0,0.14814814304526766,0,0,0.3090909090909091,0.08695652170132324
3721799573_2f470950e0.jpg,একজন মহিলা এবং ক্যামেরার দিকে তাকিয়ে হাসছে,0.2857142853061225,0.3999999992,0.33333332791666676,0.33333332791666676,0.0,0.33333332791666676,0,0,0.6071428571428572,0.1999999998
_MG_1776.JPG,একটি ট্রেন এর উপরে দেখা যাচ্ছে,0.33333333277777777,0.6666666644444444,0.44444443901234576,0.44444443901234576,0.28571428081632655,0.44444443901234576,0,0,0.47619047619047616,0.2857142853061225
1032460886.jpg,একটি কালো রঙের দালানের পাশে এক লোক একটি দালানের সামনে কিছু একটা দেখছে,0.23076923059171597,0.37499999953124996,0.2857142807256236,0.2857142807256236,0.1052631531301941,0.1904761855782314,0,0,0.375,0.1874999998828125
3726076549_0efb38854b.jpg,একজন লোক তার সাইকেলটি লাফিয়ে।,0.5999999988,0.1764705881314879,0.27272726896694216,0.27272726896694216,0.0999999967000001,0.27272726896694216,0,0,0.4,0.1874999998828125
743571049_68080e8751.jpg,একটি শিশু দোল খাচ্ছে,0.49999999875,0.2857142853061225,0.36363635834710756,0.36363635834710756,0.2222222172839507,0.36363635834710756,0,0,0.37037037037037035,0.2222222219753086
2951750234_a4741f708b.jpg,একটি কালো কুকুর একটি ট্রেকে দৌড়াচ্ছে।,0.33333333277777777,0.2222222219753086,0.2666666615111111,0.2666666615111111,0.0,0.2666666615111111,0,0,0.36363636363636365,0.124999999921875
4345.png,একটা বাচ্চা ছেলে মানুষ।,0.0,0.0,0.0,0.0,0.0,0.0,0,0,0.3571428571428571,0.0
6721.png,একজন লোক একটা ছোট ছেলে একটা ছোট ছেলে বসে আছেন।,0.1999999998,0.2857142853061225,0.23529411252595167,0.23529411252595167,0.0,0.23529411252595167,0,0,0.38235294117647056,0.16666666652777776
3700.png,একজন শারি পরা লোক বসে কাজ করছে,0.4285714279591837,0.49999999916666665,0.4615384558579882,0.4615384558579882,0.1818181765289258,0.4615384558579882,0,0,0.6956521739130435,0.29999999969999996
156.png,একটি পার্কে একজন লোক একটি <unk> একটি <unk> <unk>,0.2222222219753086,0.11764705875432525,0.15384614920118356,0.15384614920118356,0.0,0.15384614920118356,0,0,0.3142857142857143,0.0999999999
7027.png,একটি ট্রেন এর বগি পিছনে ধানক্ষেত।,0.16666666638888888,0.16666666638888888,0.16666666138888903,0.16666666138888903,0.0869565182608697,0.16666666138888903,0,0,0.26086956521739135,0.09523809519274376
2265367960_7928c5642f.jpg,একজন লোক একটি <unk> <unk>,0.1999999996,0.16666666638888888,0.1818181765289258,0.1818181765289258,0.0,0.1818181765289258,0,0,0.34782608695652173,0.1111111109876543
2910.png,একজন মহিলা একটি ঝর্ণা আছে।,0.3999999992,0.1999999998,0.2666666618666667,0.2666666618666667,0.0,0.19999999460000012,0,0,0.4736842105263158,0.15384615372781063
5941.png,পানিতে একজন মানুষ আছে।,0.7499999981250001,0.37499999953124996,0.49999999472222234,0.49999999472222234,0.0,0.37499999578125004,0,0,0.27586206896551724,0.3333333329629629
2377.png,একজন পুরুষ বক্তৃতা দিচ্ছে।,0.49999999875,0.1999999998,0.28571428122448983,0.28571428122448983,0.16666666263888896,0.28571428122448983,0,0,0.33333333333333337,0.16666666652777776
4836.png,কয়েকজন বন্ধু একসাথে পাহারের ঝর্নার পানিতে গোসল করছে।,0.6249999992187499,0.8333333319444445,0.7142857083673471,0.7142857083673471,0.33333332791666676,0.7142857083673471,0,0,0.6388888888888888,0.5555555549382716
3099504809_565e17e49d.jpg,একজন লোক পাহাড়ে উঠছে।,0.249999999375,0.16666666638888888,0.1999999948000001,0.1999999948000001,0.0,0.1999999948000001,0,0,0.4,0.12499999984374999
5685.png,একজন নারী দাড়িয়ে আছে।,0.249999999375,0.1999999996,0.2222222167901236,0.2222222167901236,0.0,0.2222222167901236,0,0,0.375,0.12499999984374999
632251903_b36701a5e9.jpg,এক ছোট ছেলে একটি দড়ি ধরে আছে,0.4285714279591837,0.149999999925,0.22222221821673527,0.22222221821673527,0.0,0.14814814419753095,0,0,0.32432432432432434,0.12499999994791666
5966.png,একজন নারী আছে।,0.9999999966666667,0.4285714279591837,0.5999999946000001,0.5999999946000001,0.49999999500000003,0.5999999946000001,0,0,0.3448275862068966,0.4285714279591837
535399240_0714a6e950.jpg,একটি ছোট মেয়ে একটি বার ধরে,0.33333333277777777,0.18181818165289254,0.2352941128027682,0.2352941128027682,0.0,0.2352941128027682,0,0,0.34285714285714286,0.07692307686390532
7129.png,একটি নৌকায় ৩ জন ছোট মেয়ে বসে আছে।,0.12499999984374999,0.1999999996,0.15384614887573977,0.15384614887573977,0.0,0.15384614887573977,0,0,0.3529411764705882,0.08333333326388888
3417662443_2eaea88977.jpg,একজন পুরুষ ও একজন পুরুষ আছে।,0.16666666638888888,0.12499999984374999,0.1428571377551022,0.1428571377551022,0.0,0.1428571377551022,0,0,0.4193548387096774,0.09090909082644627
2251992614_0c601fae2c.jpg,কালো রঙের হাফপ্যান্ট পরিহিত একজন যুবক একটি ব্যস্ত ফুটপাতে দাঁড়িয়ে আছে,0.18181818165289254,0.2857142853061225,0.22222221722222232,0.22222221722222232,0.12499999515625017,0.22222221722222232,0,0,0.2777777777777778,0.124999999921875
3458.png,একজন পুরুষ রাস্তা দিয়ে রাস্তা দিয়ে রাস্তা দিয়ে রাস্তা দিয়ে রাস্তা দিয়ে রাস্তা দিয়ে রাস্তা দিয়ে রাস্তা দিয়ে রাস্তা দিয়ে রাস্তা দিয়ে রাস্তা দিয়ে রাস্তা দিয়ে রাস্তা দিয়ে রাস্তা দিয়ে রাস্তা দিয়ে রাস্তা দিয়ে রাস্তা দিয়ে রাস্তা দিয়ে রাস্তা দিয়ে,0.099999999975,0.28571428551020406,0.14814814425240067,0.14814814425240067,0.0769230731434913,0.07407407020576152,0,0,0.21276595744680848,0.28571428551020406
3122888809_9ae9b4b9b2.jpg,একটি কালো কুকুর একটি কালো কুকুর দৌড়ে বেড়াচ্ছে,0.6249999992187499,0.41666666631944443,0.4999999947,0.4999999947,0.22222221722222232,0.4999999947,0,0,0.5111111111111111,0.2727272724793388
3644.png,পাশাপাশি তিনজন পুরুষ আছে।,0.49999999875,0.24999999968749997,0.33333332833333335,0.33333332833333335,0.0,0.33333332833333335,0,0,0.3214285714285714,0.2222222219753086
5791.png,একটি লোক ক্যামেরা দিয়ে কাজ করছে,0.0,0.0,0.0,0.0,0.0,0.0,0,0,0.38095238095238093,0.0
2130.png,একজন লোক মোবাইল হাতে নিয়ে আছে।,0.16666666638888888,0.1999999996,0.1818181765289258,0.1818181765289258,0.0,0.1818181765289258,0,0,0.4285714285714286,0.0999999999
3526150930_580908dab6.jpg,গোলাপি রঙের জামা পরিহিত একটি মেয়ে একটি ফুল ধরে আছে।,0.1999999998,0.16666666652777776,0.181818176694215,0.181818176694215,0.0,0.181818176694215,0,0,0.37142857142857144,0.05263157891966759
2765029348_667111fc30.jpg,একজন লোক তার সাইকেলটি লাফিয়ে।,0.3999999992,0.24999999968749997,0.3076923024852071,0.3076923024852071,0.1818181768595043,0.3076923024852071,0,0,0.4444444444444444,0.18181818165289254
128404184.jpg,একটি শিশু একটি ছোট বাচ্চার কাছে দাঁড়িয়ে আছে।,0.24999999968749997,0.16666666652777776,0.1999999950000001,0.1999999950000001,0.0,0.1904761855782314,0,0,0.38636363636363635,0.124999999921875
5655.png,একটি নৌকায় কয়েকজন মানুষ আছে।,0.5999999988,0.9999999966666667,0.7499999934375,0.7499999934375,0.33333332777777785,0.7499999934375,0,0,0.5,0.5999999988
3362592729_893e26b806.jpg,কালো পোশাক পরা এক লোক একটি <unk> <unk> <unk> <unk> <unk> <unk> <unk> <unk> <unk> <unk> <unk> <unk> <unk> <unk> <unk> <unk> <unk> <unk> <unk> <unk> <unk> <unk> <unk> <unk> <unk> <unk> <unk> <unk> <unk> <unk> <unk> <unk> <unk> <unk>,0.0499999999875,0.2222222219753086,0.08163265002915464,0.08163265002915464,0.042553188646446534,0.08163265002915464,0,0,0.0903225806451613,0.14285714275510203
2494.png,একটি শিশু হেঁটে যাচ্ছে।,0.0,0.0,0.0,0.0,0.0,0.0,0,0,0.15555555555555556,0.0
8247.png,ইট ধরে রেললাইনের উপরে দাড়িয়ে আছে,0.0,0.0,0.0,0.0,0.0,0.0,0,0,0.32499999999999996,0.0
3346614841_698f9aa486.jpg,একজন পুরুষ,0.4999999975,0.1999999996,0.28571428081632655,0.28571428081632655,0.0,0.28571428081632655,0,0,0.33333333333333337,0.16666666638888888
2629346153_155ba73ae9.jpg,একটি কুকুর একটি ফ্রিসবি ধরতে লাফ দিচ্ছে,0.4285714279591837,0.3333333329629629,0.374999994609375,0.374999994609375,0.1428571377551022,0.374999994609375,0,0,0.4516129032258065,0.16666666652777776
1094606832.jpg,একজন লোক একটি টেবিলে বসে আছেন।,0.33333333277777777,0.24999999968749997,0.2857142804081633,0.2857142804081633,0.0,0.1428571377551022,0,0,0.3125,0.16666666652777776
590.png,একজন ছোট ছেলে একটি বার নিয়ে আছে।,0.14285714265306124,0.249999999375,0.1818181768595043,0.1818181768595043,0.0,0.1818181768595043,0,0,0.34782608695652173,0.0999999999
757133580_ba974ef649.jpg,লাল ও লাল রঙের কাপড় পরে একটা মেয়ে শিশু পতাকা নিয়ে ঘুড়ি নিয়ে যাচ্ছে,0.14285714275510203,0.2222222219753086,0.17391303856332715,0.17391303856332715,0.0,0.17391303856332715,0,0,0.4222222222222223,0.10526315783933518
2070.png,কয়েকজন মানুষ একটি গাছের নিচে বসে আছে।,0.14285714265306124,0.1999999996,0.16666666152777793,0.16666666152777793,0.0,0.16666666152777793,0,0,0.3076923076923077,0.09090909082644627
ob_1716989674.jpg,একজন পুরুষ বাঁশ ধরে দাড়িয়ে আছে।,0.0,0.0,0.0,0.0,0.0,0.0,0,0,0.25,0.0
3264.png,একটি গাছ ও একটি বট গাছ দেখা যাচ্ছে।,0.12499999984374999,0.07142857137755101,0.09090908619834734,0.09090908619834734,0.0,0.09090908619834734,0,0,0.2941176470588235,0.05555555552469135
3069037969_bb7319e0dc.jpg,একটি কালো কুকুর পানিতে ঝাপ দিচ্ছে,0.49999999916666665,0.37499999953124996,0.4285714230612245,0.4285714230612245,0.16666666152777793,0.4285714230612245,0,0,0.5238095238095238,0.2727272724793388
7469.png,এটি একটি টায়ার এর গাড়ি দেখা যাচ্ছে।,0.14285714265306124,0.16666666638888888,0.15384614863905344,0.15384614863905344,0.0,0.15384614863905344,0,0,0.4347826086956522,0.08333333326388888
3327.png,অনেকগুলো মানুষ দাড়িয়ে আছে।,0.7499999981250001,0.37499999953124996,0.49999999472222234,0.49999999472222234,0.1999999954000001,0.33333332833333335,0,0,0.32258064516129037,0.4285714279591837
1358089136_976e3d2e30.jpg,একজন লোক একটি বরফের পাহাড় দিয়ে নিচে নামছে,0.37499999953124996,0.4285714279591837,0.3999999944888889,0.3999999944888889,0.15384614863905344,0.3999999944888889,0,0,0.6,0.24999999979166665
2467850190_07a74d89b7.jpg,একটি কালো কুকুর একটি কালো রঙ এর উপর বসে আছে,0.3999999996,0.49999999937499995,0.4444444390123457,0.4444444390123457,0.0,0.4444444390123457,0,0,0.4545454545454546,0.24999999979166665
2029.png,নদীর ঘাটে কয়েকটা লঞ্চ আছে।,0.1999999996,0.07142857137755101,0.10526315390581731,0.10526315390581731,0.0,0.10526315390581731,0,0,0.2222222222222222,0.05555555552469135
4806.png,পানিতে একজন মানুষ আছে।,0.0,0.0,0.0,0.0,0.0,0.0,0,0,0.2666666666666667,0.0
245.png,পানিতে একটি নৌকা দিয়ে হেটে যাচ্ছেন কিছু মানুষ আছে।,0.3333333329629629,0.21428571413265304,0.26086956022684316,0.26086956022684316,0.0,0.26086956022684316,0,0,0.3829787234042553,0.149999999925
3634400263_c6fcaa48e1.jpg,একটি ছেলে সাইকেল দিয়ে বাতাসে একটি কৌশল দেখাচ্ছে,0.37499999953124996,0.4285714279591837,0.3999999944888889,0.3999999944888889,0.3076923022485208,0.3999999944888889,0,0,0.4838709677419355,0.2727272724793388
2844.png,একটি শিশু পানিতে জাল ছুড়ে মারছেন একজন পুরুষ এবং একজন পুরুষ এবং একজন পুরুষ এবং একজন পুরুষ এবং একজন পুরুষ এবং একজন পুরুষ এবং একজন পুরুষ এবং একজন পুরুষ এবং একজন পুরুষ এবং একজন পুরুষ এবং একজন পুরুষ এবং একজন,0.099999999975,0.3333333330555555,0.15384615023668646,0.15384615023668646,0.07999999653600014,0.15384615023668646,0,0,0.18354430379746833,0.11764705875432525
1213336750_2269b51397.jpg,একজন লোক একটি শিশুকে ধাক্কা দিচ্ছে,0.33333333277777777,0.24999999968749997,0.2857142804081633,0.2857142804081633,0.0,0.2857142804081633,0,0,0.3939393939393939,0.16666666652777776
469259974_bb03c15c42.jpg,কালো রঙের শার্ট,0.0,0.0,0.0,0.0,0.0,0.0,0,0,0.33333333333333337,0.0
3486538055_bcf4d3dfda.jpg,একটি কালো কুকুর ঘাসের উপর দিয়ে দৌড়াচ্ছে,0.7142857132653061,0.41666666631944443,0.5263157842659281,0.5263157842659281,0.3529411714878893,0.5263157842659281,0,0,0.4838709677419355,0.41666666631944443
8480.png,একটি নৌকা আছে।,0.3333333322222222,0.3333333322222222,0.33333332722222225,0.33333332722222225,0.0,0.33333332722222225,0,0,0.4545454545454546,0.1999999996
339350939_6643bfb270.jpg,সমুদ্রের তীরে দুটি কুকুর সমুদ্রের ধারে সৈকতে দাঁড়িয়ে আছে।,0.4444444439506172,0.4444444439506172,0.4444444389506173,0.4444444389506173,0.37499999453125,0.333333327962963,0,0,0.48571428571428577,0.30769230745562126
3610.png,একজন পুরুষ হাতে <unk> দিয়ে আঁকা দেয়ালের উপর দিয়ে হেঁটে যাচ্ছে।,0.3636363633057851,0.3333333330555555,0.3478260816635161,0.3478260816635161,0.12499999515625017,0.3478260816635161,0,0,0.44999999999999996,0.2222222220987654
8173.png,টিনের ঘর।,0.0,0.0,0.0,0.0,0.0,0.0,0,0,0.1428571428571429,0.0
412.png,একজন বৃদ্ধ নারী বসে আছে।,0.5999999988,0.37499999953124996,0.46153845609467453,0.46153845609467453,0.0,0.46153845609467453,0,0,0.4285714285714286,0.3333333329629629
3045613316_4e88862836.jpg,একজন লোক একটি <unk> <unk> <unk> <unk> <unk> <unk> <unk> <unk> <unk> <unk> <unk> <unk> <unk> <unk> <unk> <unk> <unk> <unk> <unk> <unk> <unk> <unk> <unk> <unk> <unk> <unk> <unk> <unk> <unk> <unk> <unk> <unk> <unk> <unk> <unk> <unk> <unk>,0.0499999999875,0.2857142853061225,0.08510638040742426,0.08510638040742426,0.04444444211358036,0.08510638040742426,0,0,0.08176100628930816,0.2222222219753086
7078.png,নদীতে একটি নৌকা আছে।,0.7499999981250001,0.49999999916666665,0.5999999940000001,0.5999999940000001,0.49999999406250006,0.5999999940000001,0,0,0.55,0.4285714279591837
6358.png,একটি সেতুর উপর দিয়ে একজন পুরুষ মানুষ।,0.4285714279591837,0.4285714279591837,0.42857142295918377,0.42857142295918377,0.3333333277777778,0.42857142295918377,0,0,0.4814814814814815,0.2727272724793388
1517.png,শহীদ মিনারের সামনে কয়েকজন মানুষ আছে।,0.33333333277777777,0.2222222219753086,0.2666666615111111,0.2666666615111111,0.0,0.2666666615111111,0,0,0.303030303030303,0.15384615372781063
7063.png,কয়েকজন পুরুষ দাড়িয়ে আছে।,0.9999999975,0.9999999975,0.9999999925,0.9999999925,0.9999999916666666,0.9999999925,1,1,1.0,0.9999999975
1865.png,একজন পুরুষ একটি বালতি নিয়ে পানি ছিটিয়ে উৎসব পালন করছে আর তার সামনে একজন পুরুষ দাড়িয়ে আছে।,0.2352941175086505,0.28571428551020406,0.25806451100936534,0.25806451100936534,0.0909090868595043,0.24999999565972228,0,0,0.3384615384615385,0.1666666665972222
5959.png,নদীর পাড়ে অনেক মানুষ আছে।,0.3999999992,0.2857142853061225,0.33333332791666676,0.33333332791666676,0.1999999948000001,0.33333332791666676,0,0,0.4666666666666667,0.1999999998
8067.png,একটি শিশু আছে।,0.9999999966666667,0.5999999988,0.7499999934375,0.7499999934375,0.33333332777777785,0.7499999934375,0,0,0.5294117647058824,0.5999999988
3079787482_0757e9d167.jpg,নীল রঙের একটি শিশু,0.249999999375,0.16666666638888888,0.1999999948000001,0.1999999948000001,0.0,0.1999999948000001,0,0,0.25,0.1111111109876543
1912.png,একজন নারী সাইকেল চালাচ্ছে।,0.7499999981250001,0.37499999953124996,0.49999999472222234,0.49999999472222234,0.1999999954000001,0.49999999472222234,0,0,0.41666666666666663,0.4285714279591837
3799.png,একজন মহিলা একটা গরু নিয়ে আছে।,0.49999999916666665,0.49999999916666665,0.4999999941666667,0.4999999941666667,0.0,0.4999999941666667,0,0,0.6666666666666667,0.3333333329629629
3174228611_6cf9d2266b.jpg,সাদা জামা পরা একজন বাস্কেটবল খেলোয়াড় বল ড্রিবল করছে,0.4444444439506172,0.49999999937499995,0.4705882297577854,0.4705882297577854,0.2666666613333334,0.4705882297577854,0,0,0.5945945945945945,0.30769230745562126
3174.png,গাছের ডালে একটি গাছের ডালে দুইটি শিশু আছে।,0.12499999984374999,0.16666666638888888,0.1428571377551022,0.1428571377551022,0.0,0.1428571377551022,0,0,0.37037037037037035,0.09090909082644627
7320.png,একটি রেলস্টেশনে কিছু মানুষ,0.7499999981250001,0.21428571413265304,0.33333332950617284,0.33333332950617284,0.12499999679687505,0.33333332950617284,0,0,0.2941176470588235,0.21428571413265304
7091.png,একজন পুরুষ মানুষ কাজ করছে।,0.1999999996,0.1111111109876543,0.14285713806122466,0.14285713806122466,0.0,0.14285713806122466,0,0,0.32432432432432434,0.08333333326388888
515335111_c4afd5b903.jpg,একজন লোক নৌকা চালাচ্ছে।,0.49999999875,0.2222222219753086,0.3076923029585799,0.3076923029585799,0.18181817752066123,0.3076923029585799,0,0,0.2857142857142857,0.1999999998
3010.png,পাঁচজন মানুষ আছে।,0.6666666644444444,0.6666666644444444,0.6666666594444445,0.6666666594444445,0.4999999925000001,0.6666666594444445,0,0,0.75,0.49999999875
670.png,একটি রাস্তা দিয়ে একজন মানুষ সাইকেল চালিয়ে যাচ্ছে,0.7499999990624999,0.4999999995833333,0.5999999946,0.5999999946,0.5555555501851852,0.5999999946,0,0,0.5106382978723405,0.4999999995833333
7081.png,একজন মেয়ে দাড়িয়ে আছে।,0.49999999875,0.2857142853061225,0.36363635834710756,0.36363635834710756,0.0,0.36363635834710756,0,0,0.375,0.24999999968749997
3204.png,একজন ছোট ছেলে উপরে ধরে দাড়িয়ে আছে।,0.14285714265306124,0.3333333322222222,0.1999999954000001,0.1999999954000001,0.0,0.1999999954000001,0,0,0.25,0.1111111109876543
535.png,একজন মহিলা বেলচা দিয়ে পানি পেরিয়ে যাচ্ছে।,0.14285714265306124,0.16666666638888888,0.15384614863905344,0.15384614863905344,0.0,0.15384614863905344,0,0,0.5384615384615384,0.08333333326388888
3547600292_6f8aac7f2e.jpg,একটি পাখি আছে।,0.9999999966666667,0.3333333329629629,0.4999999954166666,0.4999999954166666,0.33333332777777785,0.4999999954166666,0,0,0.2727272727272727,0.37499999953124996
2086678529_b3301c2d71.jpg,একটি মেয়ে ট্রামপোলিনের উপর হাত ক্যামেরায় চোখ খুলে রেখেছে,0.2222222219753086,0.3999999992,0.2857142807142858,0.2857142807142858,0.16666666194444454,0.2857142807142858,0,0,0.3783783783783784,0.16666666652777776
3485657956_7481582565.jpg,একটি কালো কুকুর একটি কালো কুকুরটিকে ভয় দেখাচ্ছে,0.24999999968749997,0.2857142853061225,0.2666666613333334,0.2666666613333334,0.15384614863905344,0.2666666613333334,0,0,0.4516129032258065,0.18181818165289254
7348.png,একজন পুরুষ দাড়িয়ে আছে।,0.9999999975,0.49999999937499995,0.6666666611111112,0.6666666611111112,0.39999999500000005,0.6666666611111112,0,0,0.4838709677419355,0.49999999937499995
3687.png,একজন নারী মাথায় কিছু গাছের নিচে বসে আছে।,0.37499999953124996,0.9999999966666667,0.5454545404958677,0.5454545404958677,0.22222221827160496,0.5454545404958677,0,0,0.38636363636363635,0.37499999953124996
6237.png,পানিতে ডুবে আছে ও একটি নৌকা এবং পানিতে নেমে <unk> করছে।,0.2727272724793388,0.24999999979166665,0.26086956000000006,0.26086956000000006,0.0,0.26086956000000006,0,0,0.2777777777777778,0.16666666657407406
595.png,কিছু ছেলেমেয়ে সেজে দাড়িয়ে আছে।,0.1999999996,0.249999999375,0.2222222167901236,0.2222222167901236,0.0,0.2222222167901236,0,0,0.3529411764705882,0.12499999984374999
2957071266_1b40ec7d96.jpg,একটি কালো কুকুর একটি মাঠে দৌড়াচ্ছে,0.9999999983333333,0.4999999995833333,0.6666666614814816,0.6666666614814816,0.374999995234375,0.5555555504938272,0,0,0.5428571428571429,0.5555555549382716
8220.png,একজন পুরুষ মাথায় ইট নিচ্ছে।,0.3999999992,0.49999999875,0.4444444385185186,0.4444444385185186,0.28571428000000004,0.4444444385185186,0,0,0.5789473684210527,0.2857142853061225
5532.png,একজন ছোট মেয়ে দাড়িয়ে আছে একজন মেয়ে দাড়িয়ে আছে একজন মেয়ে দাড়িয়ে আছে একজন মেয়ে দাড়িয়ে আছে একজন মেয়ে দাড়িয়ে আছে একজন মেয়ে দাড়িয়ে আছে একজন মেয়ে দাড়িয়ে আছে একজন মেয়ে দাড়িয়ে আছে একজন মেয়ে দাড়িয়ে আছে একজন মেয়ে দাড়িয়ে,0.07499999998125,0.29999999969999996,0.11999999675200007,0.11999999675200007,0.04166666360243077,0.11999999675200007,0,0,0.1476510067114094,0.24999999979166665
3765.png,কয়েকজন নারী ও শিশু কোমড় পানিতে নেমে ভিজছে।,0.37499999953124996,0.4285714279591837,0.3999999944888889,0.3999999944888889,0.3076923022485208,0.3999999944888889,0,0,0.3214285714285714,0.24999999979166665
2496370758_a3fbc49837.jpg,দুটি কুকুর ঘাসের মধ্যে দিয়ে চলছে,0.6666666655555555,0.4444444439506172,0.5333333278222222,0.5333333278222222,0.249999995390625,0.4444444395061729,0,0,0.7142857142857143,0.3636363633057851
2916009941_34a0013803.jpg,একজন বালক একটি <unk> ধরে আছে,0.8333333319444445,0.45454545413223135,0.5882352888581315,0.5882352888581315,0.13333332871111125,0.5882352888581315,0,0,0.45238095238095233,0.41666666631944443
7444.png,পানিতে কয়েকজন মানুষ আছে।,0.49999999875,0.24999999968749997,0.33333332833333335,0.33333332833333335,0.0,0.33333332833333335,0,0,0.4285714285714286,0.1999999998
IMG_0322.JPG,একটি মহিলা বসে আছে,0.7499999981250001,0.7499999981250001,0.7499999931250001,0.7499999931250001,0.6666666594444445,0.7499999931250001,0,1,1.0,0.5999999988
7322.png,একজন পুরুষ একটি রাস্তা দিয়ে হেঁটে যাচ্ছে।,0.4285714279591837,0.7499999981250001,0.5454545398347109,0.5454545398347109,0.2222222172839507,0.5454545398347109,0,0,0.5,0.37499999953124996
436013859_793d870b6f.jpg,পেছনের <unk> হওয়ার সময় লোকজন কে লাঠি হাতে দাঁড়িয়ে আছে,0.0,0.0,0.0,0.0,0.0,0.0,0,0,0.29729729729729726,0.0
3433.png,একজন পুরুষ নৌকা চালাচ্ছে।,0.9999999975,0.7999999984,0.8888888819753088,0.8888888819753088,0.5714285648979592,0.8888888819753088,0,0,0.8,0.7999999984
907.png,একটি পুরাতন একটি মসজিদ।,0.249999999375,0.14285714265306124,0.1818181768595043,0.1818181768595043,0.0,0.1818181768595043,0,0,0.36,0.1111111109876543
531261613_f1a045cd75.jpg,রাস্তা দিয়ে একজন পুরুষ হেঁটে যাচ্ছে।,0.16666666638888888,0.14285714265306124,0.15384614863905344,0.15384614863905344,0.0,0.15384614863905344,0,0,0.37142857142857144,0.08333333326388888
2994.png,একজন বৃদ্ধ নারী বসে আছে।,0.0,0.0,0.0,0.0,0.0,0.0,0,0,0.3529411764705882,0.0
1554.png,অনেকগুলো নারী ও কয়েকজন পুরুষ আছে।,0.33333333277777777,0.49999999875,0.3999999944,0.3999999944,0.0,0.3999999944,0,0,0.4347826086956522,0.24999999968749997
5195.png,একটি বাজারে মাছ রান্না করছে।,0.1999999996,0.12499999984374999,0.15384614887573977,0.15384614887573977,0.0,0.15384614887573977,0,0,0.375,0.09090909082644627
1260.png,একজন পুরুষ দাড়িয়ে আছে।,0.7499999981250001,0.29999999969999996,0.42857142387755104,0.42857142387755104,0.0,0.28571428122448983,0,0,0.2894736842105263,0.3333333329629629
3544233095_4bca71df1d.jpg,একটি শিশু মাথাও উপর দিয়ে হেটে যাচ্ছে একজন ছোট ছেলে।,0.1999999998,0.33333333277777777,0.24999999500000003,0.24999999500000003,0.14285713806122466,0.24999999500000003,0,0,0.34285714285714286,0.14285714275510203
493542985_c85ad29ebe.jpg,একটি ছেলে ডকের উপর একটি সার্ফবোর্ডে শুরু করে।,0.37499999953124996,0.24999999979166665,0.2999999949,0.2999999949,0.0,0.1999999950000001,0,0,0.3548387096774194,0.124999999921875
7351.png,একটি ছোট্ট মেয়ে একটি গোলাপ ফুল নিয়ে আছে।,0.24999999968749997,0.33333333277777777,0.2857142804081633,0.2857142804081633,0.0,0.2857142804081633,0,0,0.4444444444444444,0.18181818165289254
6864.png,দুইজন পুরুষ মাথায় দিয়ে হেঁটে যাচ্ছে।,0.0,0.0,0.0,0.0,0.0,0.0,0,0,0.25806451612903225,0.0
4185.png,একজন ছোট মেয়ে পানিতে পরে আছে।,0.33333333277777777,0.3999999992,0.36363635801652905,0.36363635801652905,0.0,0.36363635801652905,0,0,0.5,0.2222222219753086
1249.png,একজন পুরুষ একটি পাখির খাঁচা নিয়ে আছে।,0.14285714265306124,0.249999999375,0.1818181768595043,0.1818181768595043,0.0,0.1818181768595043,0,0,0.31999999999999995,0.0999999999
8597.png,তিনটি শিশু একটি <unk> টুপি পরে এবং একজন মহিলা এবং এদের মধ্যে একজন মহিলা এবং এদের মধ্যে একজন মহিলা এবং এদের মধ্যে একজন মহিলা এবং এদের মধ্যে একজন মহিলা এবং এদের মধ্যে একজন মহিলা এবং এদের মধ্যে একজন মহিলা এবং,0.02499999999375,0.249999999375,0.04545454378099179,0.04545454378099179,0.0,0.04545454378099179,0,0,0.18709677419354842,0.07142857137755101
4043.png,একজন লোক দেয়ালে লাগানো আছে।,0.1999999996,0.14285714265306124,0.16666666152777793,0.16666666152777793,0.0,0.16666666152777793,0,0,0.375,0.09090909082644627
86542183_5e312ae4d4.jpg,দুটি শিশু তুষার স্তূপের উপর স্কি করছে,0.14285714265306124,0.16666666638888888,0.15384614863905344,0.15384614863905344,0.0,0.15384614863905344,0,0,0.4482758620689655,0.08333333326388888
345897245_1894017154315894_6837571183850247667_n.jpg,একজন মেয়ে বসে আছে একজন পুরুষ আছে।,0.14285714265306124,0.06666666662222222,0.09090908648760351,0.09090908648760351,0.0,0.09090908648760351,0,0,0.31034482758620685,0.05882352937716263
3343.png,একজন নারী দাড়িয়ে আছে।,0.49999999875,0.6666666644444444,0.5714285648979592,0.5714285648979592,0.0,0.5714285648979592,0,0,0.5714285714285714,0.3999999992
4699.png,একটি শিশু আছে।,0.9999999966666667,0.9999999966666667,0.9999999916666666,0.9999999916666666,0.9999999900000001,0.9999999916666666,1,1,1.0,0.9999999966666667
3397228832_8ce5b1c26f.jpg,একজন লোক পানিতে ডিঙি নৌকা চালাচ্ছে,0.33333333277777777,0.33333333277777777,0.3333333277777778,0.3333333277777778,0.19999999460000012,0.3333333277777778,0,0,0.46153846153846156,0.1999999998
2715035273_8fc8b1291c.jpg,একটি প্রাচীন ভবনের পাশে রাস্তায় একটি রাস্তায় একটি রাস্তায় একটি রাস্তায় একটি রাস্তায় সাইকেল চালাচ্ছে,0.06666666662222222,0.14285714265306124,0.09090908648760351,0.09090908648760351,0.0,0.09090908648760351,0,0,0.31343283582089554,0.07692307686390532
2892995070_39f3c9a56e.jpg,একটি কুকুর সৈকতে দৌড়াচ্ছে,0.7499999981250001,0.29999999969999996,0.42857142387755104,0.42857142387755104,0.16666666263888896,0.42857142387755104,0,0,0.5,0.29999999969999996
4710.png,রাস্তা দিয়ে অনেক গাড়ি নিয়ে দাড়িয়ে আছে রাস্তা দিয়ে আগুন জ্বলছে।,0.18181818165289254,0.24999999968749997,0.21052631069252087,0.21052631069252087,0.0,0.21052631069252087,0,0,0.33333333333333337,0.13333333324444444
2746072388_b127f8259b.jpg,নীল শার্ট পরা একটি ছোট ছেলে হাসছে,0.571428570612245,0.49999999937499995,0.5333333276444445,0.5333333276444445,0.3076923022485208,0.5333333276444445,0,0,0.46153846153846156,0.3999999996
1329.png,একজন বালক দাড়িয়ে আছে।,0.49999999875,0.49999999875,0.4999999937500001,0.4999999937500001,0.0,0.4999999937500001,0,0,0.8666666666666667,0.33333333277777777
7623.png,অনেকগুলো নারী ও একজন নারী আছে।,0.16666666638888888,0.3333333322222222,0.2222222172839507,0.2222222172839507,0.0,0.2222222172839507,0,0,0.23809523809523814,0.14285714265306124
8848.png,একজন বয়স্ক নারী আছে।,0.249999999375,0.3333333322222222,0.28571428000000004,0.28571428000000004,0.0,0.28571428000000004,0,0,0.4,0.16666666638888888
2187503678_fd743e0a00.jpg,একটি মন্দির <unk> গাছ ও একটি বাসার সামনে একটি সাদা কুকুর একটি মন্দির।,0.30769230745562126,0.6666666655555555,0.4210526268144044,0.4210526268144044,0.15384614875739658,0.4210526268144044,0,0,0.45614035087719296,0.3333333330555555
3719461451_07de35af3a.jpg,একটি সাদা রঙের পাখিটি উপরে বাতাসে ভাসছে,0.2857142853061225,0.2857142853061225,0.28571428030612256,0.28571428030612256,0.16666666138888903,0.28571428030612256,0,0,0.5,0.16666666652777776
3377570617_d2f2225a74.jpg,একজন বয়স্ক মহিলা ক্যামেরার দিকে তাকিয়ে আছে,0.2857142853061225,0.33333333277777777,0.3076923022485208,0.3076923022485208,0.0,0.3076923022485208,0,0,0.48275862068965514,0.18181818165289254
3342.png,একটি পার্কের বেঞ্চে বসে থাকা এক মহিলা তার পাশে একটি পার্কের মধ্য দিয়ে চলছে।,0.21428571413265304,0.23076923059171597,0.22222221706447198,0.22222221706447198,0.0,0.22222221706447198,0,0,0.4117647058823529,0.09090909086776859
6079.png,একটি ছোট্ট বাচ্চারা বাইরে দাঁড়িয়ে আছে,0.16666666638888888,0.09090909082644627,0.11764705411764723,0.11764705411764723,0.0,0.11764705411764723,0,0,0.3589743589743589,0.0624999999609375
3484832904_08619300d9.jpg,বেসবল খেলোয়াড় বল ধরার চেষ্টা করছে,0.33333333277777777,0.1999999998,0.24999999500000003,0.24999999500000003,0.0,0.24999999500000003,0,0,0.5121951219512195,0.14285714275510203
3526805681_38461c0d5d.jpg,একটি কুকুর একটি লাঠি হাতে দাঁড়িয়ে আছে,0.7142857132653061,0.49999999949999996,0.5882352885813149,0.5882352885813149,0.2666666615111111,0.5882352885813149,0,0,0.5641025641025641,0.3636363633057851
3115.png,বনের পাশে কয়েকজন মানুষ আছে।,0.1999999996,0.1999999996,0.19999999460000012,0.19999999460000012,0.0,0.19999999460000012,0,0,0.24242424242424243,0.1111111109876543
3328247381_a9f7fb4898.jpg,একটি ছোট ছেলে নদীতে একটি শিশু আছে।,0.4285714279591837,0.21428571413265304,0.28571428099773244,0.28571428099773244,0.0,0.19047618585034026,0,0,0.34782608695652173,0.124999999921875
4682.png,একটি নৌকা আছে। দূরে নদীতে নৌকা আছে। দূরে নদীতে নৌকা আছে। দূরে নদীতে নৌকা আছে। দূরে নদীতে নৌকা আছে। দূরে নদীতে নৌকা আছে। দূরে নদীতে নৌকা আছে। দূরে নদীতে নৌকা আছে। দূরে নদীতে নৌকা আছে। দূরে নদীতে নৌকা আছে। দূরে,0.0499999999875,0.6666666644444444,0.09302325447268796,0.09302325447268796,0.04878048685306366,0.09302325447268796,0,0,0.06201550387596899,0.33333333277777777
5295.png,ধান ক্ষেত।,0.999999995,0.6666666644444444,0.799999992,0.799999992,0.6666666577777778,0.799999992,0,0,0.6,0.6666666644444444
3627076769_3b71e73018.jpg,একজন লোক একটি <unk> স্পর্শ করার জন্য অংগভংগি করেন,0.2222222219753086,0.16666666652777776,0.1904761853968255,0.1904761853968255,0.0,0.1904761853968255,0,0,0.3513513513513513,0.1111111110493827
1659358133_95cd1027bd.jpg,একটি ধূসর কুকুর একটি বেড়ার উপর দাঁড়িয়ে আছে,0.37499999953124996,0.4285714279591837,0.3999999944888889,0.3999999944888889,0.15384614863905344,0.3999999944888889,0,0,0.5666666666666667,0.23076923059171597
5137.png,পানিতে একজন ছেলে পানিতে নেমে গোসল করছে।,0.14285714265306124,0.16666666638888888,0.15384614863905344,0.15384614863905344,0.0,0.15384614863905344,0,0,0.34615384615384615,0.0999999999
3563871276_c8b2a00df5.jpg,একটি লোক নৌকার উপর দিয়ে মাছ ধরছে।,0.14285714265306124,0.16666666638888888,0.15384614863905344,0.15384614863905344,0.0,0.15384614863905344,0,0,0.375,0.09090909082644627
_MG_1790.JPG,লোক টির পোশাক কালো রঙের শার্ট পরে,0.2857142853061225,0.3999999992,0.33333332791666676,0.33333332791666676,0.1999999948000001,0.33333332791666676,0,0,0.4347826086956522,0.1999999998
435827376_4384c3005a.jpg,একটি ভ্রাম্যমাণ বাড়ি দেখা যাচ্ছে,0.3999999992,0.2222222219753086,0.2857142807142858,0.2857142807142858,0.0,0.2857142807142858,0,0,0.375,0.16666666652777776
2635905544_dbc65d0622.jpg,একটি কুকুর একটি ফুটবল খেলছে,0.7999999984,0.571428570612245,0.6666666606944446,0.6666666606944446,0.3999999944,0.6666666606944446,0,0,0.6538461538461539,0.571428570612245
4323.png,একটি নৌকার উপর কয়েকজন মানুষ আছে।,0.33333333277777777,0.24999999968749997,0.2857142804081633,0.2857142804081633,0.16666666152777793,0.2857142804081633,0,0,0.4838709677419355,0.16666666652777776
8250.png,একটি গ্রাফিতিতে আবৃত করে কয়েকজন মানুষ আছে।,0.2857142853061225,0.49999999875,0.36363635834710756,0.36363635834710756,0.0,0.36363635834710756,0,0,0.31034482758620685,0.2222222219753086
258476074_f28f4a1ae6.jpg,একটি পূর্ণ একটি <unk> একটি ময়লা রাস্তায় পাহাড়ে চড়ে <unk>,0.1999999998,0.18181818165289254,0.19047618530612256,0.19047618530612256,0.0,0.19047618530612256,0,0,0.28888888888888886,0.124999999921875
6007.png,জানালা দিয়ে চেয়ে আছেন একজন বাচ্চা মেয়ে।,0.571428570612245,0.4444444439506172,0.49999999445312515,0.49999999445312515,0.2857142804081633,0.374999994609375,0,0,0.4193548387096774,0.3333333330555555
20220909_134408.jpg,কয়েকজন মানুষ আছে।,0.3333333322222222,0.16666666638888888,0.2222222172839507,0.2222222172839507,0.0,0.2222222172839507,0,0,0.4545454545454546,0.12499999984374999
9128.png,একজন বাচ্চা দোলনায় বসে পানি খাচ্ছে।,0.16666666638888888,0.14285714265306124,0.15384614863905344,0.15384614863905344,0.0,0.15384614863905344,0,0,0.4347826086956522,0.08333333326388888
inbound609042146108403498.jpg,একটি পাখি জলের মধ্যে দৌড়াচ্ছে,0.3999999992,0.18181818165289254,0.249999995390625,0.249999995390625,0.0,0.249999995390625,0,0,0.32499999999999996,0.14285714275510203
2082005167_a0d6a70020.jpg,একটি কালো কুকুর একটি গাছের সাথে একটি কুকুর,0.37499999953124996,0.49999999916666665,0.4285714230612245,0.4285714230612245,0.33333332791666676,0.4285714230612245,0,0,0.48275862068965514,0.37499999953124996
2262.png,একজন বৃদ্ধ নারী বসে আছে।,0.5999999988,0.2727272724793388,0.374999995234375,0.374999995234375,0.0,0.374999995234375,0,0,0.29268292682926833,0.23076923059171597
3383545083_1d7c95b003.jpg,একটি কালো কুকুর একটি কালো কুকুরের মুখে খেলনা নিয়ে খেলা করছে,0.45454545413223135,0.6249999992187499,0.5263157840443214,0.5263157840443214,0.23529411252595167,0.5263157840443214,0,0,0.5641025641025641,0.3333333330555555
3184891327_8785194e3c.jpg,ছেলেরা ফুটবল খেলছে,0.6666666644444444,0.24999999968749997,0.36363635900826446,0.36363635900826446,0.22222221827160496,0.36363635900826446,0,0,0.5,0.24999999968749997
236730743_0d4fd8de5a.jpg,একজন লোক পানির দিকে তাকিয়ে আছে।,0.16666666638888888,0.0999999999,0.12499999515625017,0.12499999515625017,0.0,0.12499999515625017,0,0,0.4285714285714286,0.06666666662222222
3173461705_b5cdeef1eb.jpg,একটি কুকুর তুষারের মধ্যে লাফ দিচ্ছে,0.33333333277777777,0.24999999968749997,0.2857142804081633,0.2857142804081633,0.16666666152777793,0.2857142804081633,0,0,0.4347826086956522,0.16666666652777776
1052.png,একজন পুরুষ ও একজন পুরুষ আছে।,0.8333333319444445,0.6249999992187499,0.7142857083673471,0.7142857083673471,0.33333332791666676,0.7142857083673471,0,0,0.7037037037037037,0.571428570612245
2842.png,একজন ছেলে হাতে একটা ব্যাগ নিয়ে দাড়িয়ে আছে।,0.24999999968749997,0.24999999968749997,0.24999999468750006,0.24999999468750006,0.0,0.24999999468750006,0,0,0.32692307692307687,0.14285714275510203
3957.png,সবুজ রঙের <unk>,0.0,0.0,0.0,0.0,0.0,0.0,0,0,0.14814814814814814,0.0
1045.png,একটি <unk> মধ্যে একটা কুকুর গাছের <unk>,0.0,0.0,0.0,0.0,0.0,0.0,0,0,0.2962962962962963,0.0
2278.png,নদীর পাড়ে একটি নৌকা দেখা যাচ্ছে।,0.0,0.0,0.0,0.0,0.0,0.0,0,0,0.2894736842105263,0.0
6856.png,একজন ছেলে হাঁসি মুখে বসে আছে।,0.16666666638888888,0.08333333326388888,0.11111110654321005,0.11111110654321005,0.0,0.11111110654321005,0,0,0.368421052631579,0.05882352937716263
2760371526_63f3d01760.jpg,একটি ছেলে পানি ছিটাচ্ছে,0.49999999875,0.3999999992,0.4444444385185186,0.4444444385185186,0.28571428000000004,0.4444444385185186,0,0,0.5882352941176471,0.2857142853061225
953941506_5082c9160c.jpg,একটি কুকুর এবং একটি কুকুর দৌড়াচ্ছে,0.33333333277777777,0.33333333277777777,0.3333333277777778,0.3333333277777778,0.0,0.3333333277777778,0,0,0.4347826086956522,0.24999999968749997
2218843713_cf28ea319e.jpg,একটি পুকুরে একটি হাঁস নদীর পানিতে,0.33333333277777777,0.1999999998,0.24999999500000003,0.24999999500000003,0.0,0.15384614863905344,0,0,0.34042553191489366,0.15384615372781063
6408.png,একটি শিশু আছে।,0.6666666644444444,0.49999999875,0.5714285648979592,0.5714285648979592,0.39999999360000005,0.5714285648979592,0,0,0.5833333333333333,0.3999999992
5624.png,একজন পুরুষ বসে আছে।,0.49999999875,0.24999999968749997,0.33333332833333335,0.33333332833333335,0.0,0.33333332833333335,0,0,0.33333333333333337,0.1999999998
5844.png,একটি দম্পতি জলের ধারে পানির পাশে হাঁটছেন এবং পেছনে একটি খাল থেকে নিচে নামছে এবং পেছনে একটি খাল থেকে নিচে নামছে এবং পেছনে একটি খাল থেকে নিচে নামছে এবং পেছনে একটি খাল থেকে নিচে নামছে এবং পেছনে একটি খাল থেকে,0.02499999999375,0.0999999999,0.039999996784000263,0.039999996784000263,0.0,0.039999996784000263,0,0,0.15714285714285714,0.04761904759637188
162.png,একটি টেবিল এর মাঝে বসে আছে,0.49999999916666665,0.2727272724793388,0.3529411714878893,0.3529411714878893,0.13333332871111125,0.3529411714878893,0,0,0.23076923076923073,0.21428571413265304
4018.png,একটি পার্কে কিছু গাছের নিচে ঘাসের উপর বসে আছে।,0.3333333329629629,0.21428571413265304,0.26086956022684316,0.26086956022684316,0.09523809043083924,0.26086956022684316,0,0,0.30000000000000004,0.149999999925
8315.png,সমুদ্রের পারে কয়েকজন পুরুষ এবং পাশে কয়েকজন মানুষ বসে আছে।,0.0,0.0,0.0,0.0,0.0,0.0,0,0,0.32499999999999996,0.0
2404520067_87798dbaee.jpg,একটি কালো কুকুর লাঠি বহন করে,0.33333333277777777,0.33333333277777777,0.3333333277777778,0.3333333277777778,0.0,0.3333333277777778,0,0,0.3870967741935484,0.1999999998
2864.png,ছয়জন মানুষ একটি পথ ধরে রেখেছে,0.0,0.0,0.0,0.0,0.0,0.0,0,0,0.33333333333333337,0.0
1348113612_5bfc5f429e.jpg,একটি কালো কুকুর পুকুরে সাঁতার কাটছে,0.6666666655555555,0.3999999996,0.4999999946875,0.4999999946875,0.39999999502222217,0.4999999946875,0,0,0.6363636363636364,0.3333333330555555
7561.png,পানিতে জাল দিয়ে পানিতে ঝাঁপ দিচ্ছে।,0.33333333277777777,0.2222222219753086,0.2666666615111111,0.2666666615111111,0.15384614887573977,0.2666666615111111,0,0,0.4,0.16666666652777776
3143953179_1c08c023a5.jpg,একটি দালানের সামনের পাঁচজন লোক একটি দালানের সামনে দাঁড়িয়ে আছে।,0.1999999998,0.2222222219753086,0.21052631058171756,0.21052631058171756,0.0,0.12499999515625017,0,0,0.41463414634146345,0.13333333324444444
300222673_573fd4044b.jpg,একটি দম্পতি একটি সাদা বালিশে ঘুমাচ্ছে,0.33333333277777777,0.18181818165289254,0.2352941128027682,0.2352941128027682,0.0,0.2352941128027682,0,0,0.375,0.07692307686390532
2528552898_9e49a7033f.jpg,একটি <unk> একটি রেস কারের ছবি তুলছে,0.4285714279591837,0.24999999979166665,0.31578946869806096,0.31578946869806096,0.0,0.23529411252595167,0,0,0.43999999999999995,0.16666666652777776
3123463486_f5b36a3624.jpg,দুটি কুকুর খেলছে,0.3333333322222222,0.1999999996,0.24999999468750006,0.24999999468750006,0.0,0.24999999468750006,0,0,0.36363636363636365,0.14285714265306124
1143882946.jpg,একজন লোক একটি বেগুনি রঙের একটি বেগুনি রঙের একটি বেগুনি রঙের একটি বেগুনি রঙের একটি বেগুনি রঙের একটি বেগুনি রঙের একটি বেগুনি রঙের একটি বেগুনি রঙের একটি বেগুনি রঙের একটি বেগুনি রঙের একটি বেগুনি রঙের একটি বেগুনি রঙের একটি বেগুনি,0.07499999998125,0.24999999979166665,0.11538461178994093,0.11538461178994093,0.0,0.07999999676800014,0,0,0.23270440251572322,0.15384615372781063
3381584882_341ee3092f.jpg,একজন লোক একটি পাহাড়ের উপর লাফ দিচ্ছে,0.571428570612245,0.571428570612245,0.5714285656122451,0.5714285656122451,0.3333333277777778,0.5714285656122451,0,0,0.6896551724137931,0.4444444439506172
7337.png,একজন পুরুষ বসে কাজ করছে।,0.5999999988,0.5999999988,0.5999999938,0.5999999938,0.4999999937500001,0.5999999938,0,0,0.6842105263157895,0.4285714279591837
3252588185_3210fe94be.jpg,একজন পুরুষ আছে।,0.3333333322222222,0.12499999984374999,0.18181817752066123,0.18181817752066123,0.0,0.18181817752066123,0,0,0.2272727272727273,0.0999999999
7213.png,একজন পুরুষ ও একজন পুরুষ আছে।,0.16666666638888888,0.3333333322222222,0.2222222172839507,0.2222222172839507,0.0,0.2222222172839507,0,0,0.275,0.16666666638888888
5569.png,একজন পুরুষ একটি ধান ক্ষেতের পাশ দিয়ে হাটে যাচ্ছে।,0.1111111109876543,0.1999999996,0.14285713806122466,0.14285713806122466,0.0,0.14285713806122466,0,0,0.36363636363636365,0.07692307686390532
1174629344_a2e1a2bdbf.jpg,গ্রীষ্মের পোশাক পরিহিত একজন মহিলা শহরের রাস্তায় দাঁড়িয়ে একদল লোক হাটছেন,0.3636363633057851,0.4444444439506172,0.39999999464999997,0.39999999464999997,0.22222221703703712,0.249999995390625,0,0,0.33999999999999997,0.24999999984375
3665987581_5e6b0a65f2.jpg,একটি বাদামী কুকুর একটি ফুটবল নিয়ে দৌড়াচ্ছে,0.4285714279591837,0.3333333329629629,0.374999994609375,0.374999994609375,0.0,0.374999994609375,0,0,0.3928571428571429,0.2727272724793388
2933.png,সামনে তিনজন নারী দাড়িয়ে আছে।,0.5999999988,0.7499999981250001,0.6666666602469137,0.6666666602469137,0.5714285648979592,0.6666666602469137,0,0,0.6666666666666667,0.49999999916666665
3474958471_9106beb07f.jpg,একজন স্কিয়ার শূন্যে ভাসছে,0.49999999875,0.1999999998,0.28571428122448983,0.28571428122448983,0.0,0.28571428122448983,0,0,0.36585365853658536,0.16666666652777776
3503544012_1771be9d3a.jpg,দৌড়ানোর হুইল <unk> খেলোয়াড় <unk> এর সামনে আইস হকি খেলায় গোল রক্ষা করার চেষ্টা করছে,0.26666666648888887,0.3999999996,0.319999994944,0.319999994944,0.08695651689981122,0.23999999500800004,0,0,0.31034482758620685,0.149999999925
346620288_911969649912436_8809766019913583813_n.jpg,একটি ছেলে একটি দালানের সামনে দাঁড়িয়ে আছে।,0.14285714265306124,0.12499999984374999,0.13333332817777796,0.13333332817777796,0.0,0.13333332817777796,0,0,0.5,0.07692307686390532
8565.png,৪ জন ছোট ছেলে শিশু কোলে নিয়ে আছে।,0.24999999968749997,0.18181818165289254,0.21052631069252087,0.21052631069252087,0.0,0.21052631069252087,0,0,0.30952380952380953,0.11764705875432525
1124.png,একজন নারী আছে।,0.9999999966666667,0.9999999966666667,0.9999999916666666,0.9999999916666666,0.9999999900000001,0.9999999916666666,1,1,1.0,0.9999999966666667
2341254813_c53a5ef27a.jpg,একটি স্কেটবোর্ডার একটি স্কেটবোর্ডে চড়ে।,0.3999999992,0.15384615372781063,0.22222221796296296,0.22222221796296296,0.0,0.22222221796296296,0,0,0.34042553191489366,0.09090909082644627
3546.png,একজন নারী কলশী নিয়ে যাচ্ছে।,0.3999999992,0.33333333277777777,0.36363635801652905,0.36363635801652905,0.2222222167901236,0.36363635801652905,0,0,0.4782608695652174,0.2222222219753086
5125.png,একজন বৃদ্ধ লোক বসে আছে।,0.3999999992,0.24999999968749997,0.3076923024852071,0.3076923024852071,0.0,0.3076923024852071,0,0,0.34615384615384615,0.18181818165289254
8954.png,একটি পাখি আছে।,0.9999999966666667,0.9999999966666667,0.9999999916666666,0.9999999916666666,0.9999999900000001,0.9999999916666666,1,1,1.0,0.9999999966666667
5034.png,রাস্তার পাশ দিয়ে অনেকগুলো রিক্সা ও কয়েকজন মানুষ আছে।,0.5555555549382716,0.7142857132653061,0.624999994296875,0.624999994296875,0.4285714230612245,0.374999994609375,0,0,0.3142857142857143,0.49999999949999996
2417.png,একজন পুরুষ ও একটি মহিলা উরনা দিয়ে তার মুখ কাপড় দিয়ে হেঁটে যাচ্ছে।,0.07692307686390532,0.1999999996,0.11111110697530877,0.11111110697530877,0.0,0.11111110697530877,0,0,0.24444444444444446,0.0624999999609375
1856.png,একটি শিশু একটি গোলাপের বাগানে বসে আছে,0.0,0.0,0.0,0.0,0.0,0.0,0,0,0.36,0.0
1819261140_6c022f4b1d.jpg,একটি লোক একটি টেবিলে বসে আছেন।,0.6666666655555555,0.4444444439506172,0.5333333278222222,0.5333333278222222,0.1818181765289258,0.4615384558579882,0,0,0.5833333333333333,0.3999999996
3004823335_9b82cbd8a7.jpg,একটি কালো কুকুরটি ঘাসের উপর বসে আছে,0.571428570612245,0.6666666655555555,0.6153846094674558,0.6153846094674558,0.36363635801652905,0.6153846094674558,0,0,0.6799999999999999,0.4444444439506172
8448.png,দুইজন পুরুষ ও একটি শিশু আছে।,0.33333333277777777,0.2857142853061225,0.3076923022485208,0.3076923022485208,0.0,0.3076923022485208,0,0,0.3157894736842105,0.18181818165289254
7743.png,একজন পুরুষ হাতে ফটো নিয়ে আছে।,0.33333333277777777,0.49999999875,0.3999999944,0.3999999944,0.24999999468750006,0.3999999944,0,0,0.55,0.24999999968749997
3134.png,একটি শিশু চাকা ঘুরিয়ে আগুন লাগা ছবি।,0.14285714265306124,0.07692307686390532,0.0999999953500002,0.0999999953500002,0.0,0.0999999953500002,0,0,0.26086956521739135,0.05263157891966759
IMG_0607.JPG,একটি শিশু হেঁটে যাচ্ছে।,0.0,0.0,0.0,0.0,0.0,0.0,0,0,0.47058823529411764,0.0
2199250692_a16b0c2ae1.jpg,একজন পুরুষ একটি হুইল চেয়ার এর মাঝে একটি সাইকেল চালাচ্ছে।,0.0999999999,0.16666666638888888,0.12499999515625017,0.12499999515625017,0.0,0.12499999515625017,0,0,0.32499999999999996,0.07142857137755101
2222186636_85e03e0b75.jpg,একটি বারে তিনজন লোক হাটছেন,0.3999999992,0.2222222219753086,0.2857142807142858,0.2857142807142858,0.0,0.2857142807142858,0,0,0.3529411764705882,0.16666666652777776
3846.png,নদীর পাড়ে অনেক মানুষ দেখা যাচ্ছে।,0.16666666638888888,0.249999999375,0.1999999948000001,0.1999999948000001,0.0,0.1999999948000001,0,0,0.45833333333333337,0.1111111109876543
3606909929_90a1a072b7.jpg,একটি সাদা রেসের গাড়ি ময়লা রাস্তায় রেসিং করছে,0.24999999968749997,0.11764705875432525,0.1599999955200001,0.1599999955200001,0.0,0.1599999955200001,0,0,0.3793103448275862,0.08695652170132324
7413.png,একজন লোক গাছে উঠছে।,0.249999999375,0.16666666638888888,0.1999999948000001,0.1999999948000001,0.0,0.1999999948000001,0,0,0.5,0.1111111109876543
3488512097_e500cb499f.jpg,একজন মোটরসাইকেল চালক একটি পাহাড়ের উপর দিয়ে চড়ে।,0.12499999984374999,0.16666666638888888,0.1428571377551022,0.1428571377551022,0.0,0.1428571377551022,0,0,0.4,0.07692307686390532
7715.png,একজন বাচ্চা মেয়ে খেড়ের উপর বসে আছেন।,0.2857142853061225,0.2222222219753086,0.24999999476562512,0.24999999476562512,0.1428571377551022,0.24999999476562512,0,0,0.38235294117647056,0.14285714275510203
5085.png,একটি পরিবার জমা হয়ে আছে।,0.1999999996,0.3333333322222222,0.24999999468750006,0.24999999468750006,0.0,0.24999999468750006,0,0,0.34782608695652173,0.14285714265306124
3249125548_700d874380.jpg,দুজন সাইকেল আরোহী,0.3333333322222222,0.16666666638888888,0.2222222172839507,0.2222222172839507,0.0,0.2222222172839507,0,0,0.25806451612903225,0.12499999984374999
3272541970_ac0f1de274.jpg,একজন লোক স্কেটবোর্ডে চড়ে শূন্যে লাফ দিচ্ছে,0.2857142853061225,0.2857142853061225,0.28571428030612256,0.28571428030612256,0.0,0.16666666152777793,0,0,0.5357142857142857,0.18181818165289254
8471.png,কয়েকটি শিশু পানিতে ঝাপ দিচ্ছে।,0.0,0.0,0.0,0.0,0.0,0.0,0,0,0.2777777777777778,0.0
2978394277_4572967b97.jpg,এক লোক একটি ছেলে শূন্যে লাফ দিচ্ছে,0.2857142853061225,0.16666666652777776,0.2105263109141275,0.2105263109141275,0.0,0.2105263109141275,0,0,0.3214285714285714,0.11764705875432525
2119660490_ce0d4d1f73.jpg,একটি তামাটে কুকুর একটি সাদা কুকুর শুয়ে আছে,0.49999999937499995,0.28571428551020406,0.36363635867768596,0.36363635867768596,0.15384614863905344,0.36363635867768596,0,0,0.44897959183673475,0.19999999986666667
7833.png,একজন পুরুষ আছে।,0.3333333322222222,0.3333333322222222,0.33333332722222225,0.33333332722222225,0.0,0.33333332722222225,0,0,0.36363636363636365,0.1999999996
5434.png,একটি শিশু আছে।,0.9999999966666667,0.9999999966666667,0.9999999916666666,0.9999999916666666,0.9999999900000001,0.9999999916666666,1,1,1.0,0.9999999966666667
5019.png,নদীতে একটি নৌকা দেখা যাচ্ছে।,0.3999999992,0.49999999875,0.4444444385185186,0.4444444385185186,0.28571428000000004,0.4444444385185186,0,0,0.5294117647058824,0.2857142853061225
2351762979_0941aecced.jpg,একটি ছেলে একটি টুলের উপর দাঁড়িয়ে আছে,0.14285714265306124,0.249999999375,0.1818181768595043,0.1818181768595043,0.0,0.1818181768595043,0,0,0.48,0.1111111109876543
2709359730_13bca100af.jpg,একটি বাদামী কুকুর দৌড়াচ্ছে,0.49999999875,0.24999999968749997,0.33333332833333335,0.33333332833333335,0.0,0.33333332833333335,0,0,0.44999999999999996,0.1999999998
3524612244_64f00afec5.jpg,তিনজন পুরুষ বসে আছে।,0.249999999375,0.16666666638888888,0.1999999948000001,0.1999999948000001,0.0,0.1999999948000001,0,0,0.31818181818181823,0.1111111109876543
1010673430.jpg,এক বাচ্চা ছেলে হাসছে,0.249999999375,0.16666666638888888,0.1999999948000001,0.1999999948000001,0.0,0.1999999948000001,0,0,0.31034482758620685,0.1111111109876543
440737340_5af34ca9cf.jpg,একজন মহিলা একটি ছোট কালো এবং একটি ছোট কালো এবং একটি ছোট কালো এবং একটি ছোট কালো এবং একটি ছোট কালো এবং একটি ছোট কালো এবং একটি ছোট কালো এবং একটি ছোট কালো এবং একটি ছোট কালো এবং একটি ছোট,0.07499999998125,0.3333333329629629,0.1224489765431071,0.1224489765431071,0.0,0.1224489765431071,0,0,0.2272727272727273,0.2727272724793388
3159424456_f316bdc1d5.jpg,একটি ছোট ছেলে একটি শিশুকে ধরে।,0.33333333277777777,0.2222222219753086,0.2666666615111111,0.2666666615111111,0.15384614887573977,0.2666666615111111,0,0,0.5161290322580645,0.16666666652777776
1432.png,একজন পুরুষ একটি ঝুড়ি থেকে কাজ করছে।,0.2857142853061225,0.10526315783933518,0.1538461497928995,0.1538461497928995,0.0,0.07692307292899428,0,0,0.24,0.08695652170132324
1000268201_693b08cb0e.jpg,একজন মহিলা একটি <unk>,0.249999999375,0.14285714265306124,0.1818181768595043,0.1818181768595043,0.0,0.1818181768595043,0,0,0.31999999999999995,0.1111111109876543
3323661814_1e8e1ae88c.jpg,তিন মেয়ে নাচের জন্য পোজ দিচ্ছে,0.16666666638888888,0.1999999996,0.1818181765289258,0.1818181765289258,0.0,0.1818181765289258,0,0,0.38095238095238093,0.0999999999
3336682980_1082a66878.jpg,তিন শিশু একসাথে ছবি তুলছে,0.1999999996,0.14285714265306124,0.16666666152777793,0.16666666152777793,0.0,0.16666666152777793,0,0,0.33333333333333337,0.09090909082644627
531152619_6db02a7ed9.jpg,একটি বাদামী কুকুর বরফে খেলছে,0.3999999992,0.3999999992,0.39999999420000004,0.39999999420000004,0.2499999943750001,0.39999999420000004,0,0,0.5789473684210527,0.24999999968749997
4988.png,চার এশিয়ান মহিলা একসাথে দাঁড়িয়ে আছে,0.0,0.0,0.0,0.0,0.0,0.0,0,0,0.34615384615384615,0.0
3595643050_d312e4b652.jpg,একটি কুকুর একটি বার ধরার চেষ্টা করছে,0.4285714279591837,0.5999999988,0.4999999943055557,0.4999999943055557,0.3999999944,0.4999999943055557,0,0,0.6538461538461539,0.24999999968749997
5306.png,একটি পুরাতন একটি পরিবার পানি আছে।,0.16666666638888888,0.3333333322222222,0.2222222172839507,0.2222222172839507,0.0,0.2222222172839507,0,0,0.3913043478260869,0.14285714265306124
1506.png,ফসলের ক্ষেতের মাঝ দিয়ে একজন পুরুষ মানুষ।,0.14285714265306124,0.14285714265306124,0.14285713765306143,0.14285713765306143,0.0,0.14285713765306143,0,0,0.4285714285714286,0.07692307686390532
5989.png,একজন পুরুষ তাকিয়ে আছে।,0.7499999981250001,0.7499999981250001,0.7499999931250001,0.7499999931250001,0.0,0.7499999931250001,0,0,0.5625,0.5999999988
2737759676_4bc9be2daf.jpg,একটি কালো টুপি ও রোদচশমা পড়া এক আরব স্কার্ফ ও চশমা পরিহিত একজন লোক চশমা পরে তাকিয়ে হাসছে,0.3333333331481481,0.8571428559183674,0.4799999955840001,0.4799999955840001,0.17391303947069953,0.23999999577600004,0,0,0.303030303030303,0.3529411762629758
3360730513_211e1a4db6.jpg,একদল লোক একটি <unk>,0.249999999375,0.14285714265306124,0.1818181768595043,0.1818181768595043,0.0,0.1818181768595043,0,0,0.3076923076923077,0.0999999999
1707.png,একটি বট গাছের নিচে ঘাস,0.1999999996,0.05555555552469135,0.0869565182608697,0.0869565182608697,0.0,0.0869565182608697,0,0,0.3125,0.045454545433884296
4091.png,কয়েকজন মানুষ হেঁটে যাচ্ছে।,0.49999999875,0.2857142853061225,0.36363635834710756,0.36363635834710756,0.0,0.36363635834710756,0,0,0.55,0.2222222219753086
2269021076_cefc9af989.jpg,একটি স্কেট পার্কে একটি শিশু সাইকেল চালিয়ে যাচ্ছে।,0.24999999968749997,0.18181818165289254,0.21052631069252087,0.21052631069252087,0.11764705384083066,0.21052631069252087,0,0,0.4545454545454546,0.13333333324444444
8284.png,একজন পুরুষ মাথায় ঝুড়ি নিয়ে যাচ্ছে।,0.33333333277777777,0.49999999875,0.3999999944,0.3999999944,0.24999999468750006,0.3999999944,0,0,0.5,0.24999999968749997
254527963_3f5824b0e8.jpg,একটি কালো কুকুর সমুদ্রের ধারে একটি সৈকতে একটি কালো কুকুর,0.3999999996,0.6666666655555555,0.4999999946875,0.4999999946875,0.2857142807142858,0.4999999946875,0,0,0.4736842105263158,0.49999999937499995
8990.png,ছয়জন পুরুষ ও কয়েকজন মানুষ আছে।,0.16666666638888888,0.14285714265306124,0.15384614863905344,0.15384614863905344,0.0,0.15384614863905344,0,0,0.3214285714285714,0.08333333326388888
3133403457_95dfe11da1.jpg,একটি ছোট বালক একটি ছোট শিশুর <unk> খেলছে,0.24999999968749997,0.2857142853061225,0.2666666613333334,0.2666666613333334,0.0,0.2666666613333334,0,0,0.3421052631578947,0.18181818165289254
1865794069_6e3a1e57bb.jpg,একটি শিশু একটি ফুটবলের পোশাক পরে আছে,0.2857142853061225,0.16666666652777776,0.2105263109141275,0.2105263109141275,0.0,0.2105263109141275,0,0,0.3846153846153846,0.09999999995
2419797375_553f867472.jpg,সানগ্লাস পরা এক দম্পতি বাসের উপর বসে আছে,0.37499999953124996,0.29999999969999996,0.3333333280246914,0.3333333280246914,0.13333332817777796,0.3333333280246914,0,0,0.4444444444444444,0.19999999986666667
7054.png,একটি ছোট ছেলে পানিতে ভিজে গেলো,0.33333333277777777,0.18181818165289254,0.2352941128027682,0.2352941128027682,0.0,0.2352941128027682,0,0,0.2564102564102564,0.13333333324444444
745880539_cd3f948837.jpg,একটি কুকুর একটি ফ্রিসবি নিয়ে দৌড়াচ্ছে,0.49999999916666665,0.2727272724793388,0.3529411714878893,0.3529411714878893,0.16666666152777793,0.3529411714878893,0,0,0.5,0.18181818165289254
3119875880_22f9129a1c.jpg,একজন লোক পাথরে আরোহণ করছে,0.1999999996,0.249999999375,0.2222222167901236,0.2222222167901236,0.0,0.2222222167901236,0,0,0.44999999999999996,0.12499999984374999
487487795_54705c406e.jpg,একটি কুকুর একটি কালো কুকুর একটি কালো কুকুর একটি কালো কুকুর একটি কালো কুকুর একটি কালো কুকুর একটি কালো কুকুর একটি কালো কুকুর একটি কালো কুকুর একটি কালো কুকুর একটি কালো কুকুর একটি কালো কুকুর একটি কালো কুকুর একটি কালো,0.099999999975,0.24999999984375,0.14285713872448993,0.14285713872448993,0.03703703301097437,0.14285713872448993,0,0,0.2534246575342466,0.24999999979166665
3105315670_5f86f73753.jpg,একজন লোক একটি উঠান পেরিয়ে হাঁটছে।,0.33333333277777777,0.124999999921875,0.1818181776859505,0.1818181776859505,0.0,0.1818181776859505,0,0,0.3913043478260869,0.1111111110493827
6357.png,একজন পুরুষ একটি বাচ্চা গ্রাম পুলিশ।,0.33333333277777777,0.13333333324444444,0.19047618621315202,0.19047618621315202,0.0,0.19047618621315202,0,0,0.29166666666666663,0.124999999921875
2613993276_3c365cca12.jpg,একটি কুকুর ঘাসের উপর দিয়ে দৌড়াচ্ছে,0.49999999916666665,0.3333333329629629,0.3999999946666667,0.3999999946666667,0.24999999468750006,0.3999999944,0,0,0.5517241379310345,0.2727272724793388
2602.png,একজন বয়স্ক পুরুষ আছে।,0.249999999375,0.3333333322222222,0.28571428000000004,0.28571428000000004,0.0,0.28571428000000004,0,0,0.25,0.16666666638888888
8643.png,একজন পুরুষ দুইটি গরু নিয়ে জমিতে দুইটা গরু নিয়ে জমিতে দুইটা গরু নিয়ে জমিতে দুইটা গরু নিয়ে জমিতে দুইটা গরু নিয়ে জমিতে দুইটা গরু নিয়ে জমিতে দুইটা গরু নিয়ে জমিতে দুইটা গরু নিয়ে জমিতে দুইটা গরু নিয়ে জমিতে দুইটা গরু,0.099999999975,0.4444444439506172,0.1632653030570596,0.1632653030570596,0.042553188646446534,0.1632653030570596,0,0,0.16312056737588654,0.3333333330555555
3425069551_aba046a1b6.jpg,একজন টেনিস খেলোয়াড় বলে আঘাত <unk> ধরে রেখেছে,0.37499999953124996,0.37499999953124996,0.37499999453125,0.37499999453125,0.14285713765306143,0.37499999453125,0,0,0.4516129032258065,0.23076923059171597
241345811_46b5f157d4.jpg,সাদা ও সাদা ও সাদা ও সাদা ও সাদা ও সাদা ও সাদা ও সাদা ও সাদা ও সাদা ও সাদা ও সাদা ও সাদা ও সাদা ও সাদা ও সাদা ও সাদা ও সাদা ও সাদা ও সাদা ও,0.0499999999875,0.1999999998,0.07999999676800014,0.07999999676800014,0.04166666360243077,0.07999999676800014,0,0,0.1515151515151515,0.1999999998
8865.png,একটি নৌকায় কয়েকজন লোক দাঁড়িয়ে আছে।,0.49999999916666665,0.2727272724793388,0.3529411714878893,0.3529411714878893,0.13333332871111125,0.3529411714878893,0,0,0.42500000000000004,0.23076923059171597
1499495021_d295ce577c.jpg,একজন মহিলা এবং একটি মেয়ে দাঁড়িয়ে আছে,0.4285714279591837,0.4285714279591837,0.42857142295918377,0.42857142295918377,0.11111110654321005,0.2999999951500001,0,0,0.4545454545454546,0.2727272724793388
2176.png,একজন পুরুষ একটি উঠুনে বসে।,0.1999999996,0.249999999375,0.2222222167901236,0.2222222167901236,0.0,0.2222222167901236,0,0,0.3157894736842105,0.12499999984374999
4623.png,কয়েকজন মানুষ দাড়িয়ে আছে।,0.7499999981250001,0.4285714279591837,0.5454545398347109,0.5454545398347109,0.2222222172839507,0.5454545398347109,0,0,0.5384615384615384,0.37499999953124996
8222.png,একজন পুরুষ বসে আছে।,0.49999999875,0.33333333277777777,0.3999999944,0.3999999944,0.24999999468750006,0.3999999944,0,0,0.5217391304347826,0.24999999968749997
3059.png,একজন পুরুষ মাথায় মাটি দিয়ে আছে।,0.33333333277777777,0.49999999875,0.3999999944,0.3999999944,0.0,0.3999999944,0,0,0.5238095238095238,0.24999999968749997
3389448506_7025e7cc12.jpg,একটি কুকুর একটি টেনিস বল নিয়ে দৌড়াচ্ছে,0.2857142853061225,0.3999999992,0.33333332791666676,0.33333332791666676,0.1999999948000001,0.33333332791666676,0,0,0.46153846153846156,0.2222222219753086
7613.png,একটি শিশু তাকিয়ে আছে।,0.9999999975,0.6666666655555555,0.7999999936,0.7999999936,0.49999999406250006,0.7999999936,0,0,0.65,0.6666666655555555
3226796100_08c49cfa5c.jpg,একজন বালক একটি <unk>,0.49999999875,0.33333333277777777,0.3999999944,0.3999999944,0.0,0.3999999944,0,0,0.33333333333333337,0.24999999968749997
3747.png,একজন বাচ্চা মেয়ে দাড়িয়ে আছে।,0.3999999992,0.18181818165289254,0.249999995390625,0.249999995390625,0.14285713857142868,0.249999995390625,0,0,0.42105263157894735,0.14285714275510203
2233426944_0959835ced.jpg,কালো কুকুরটি কালো কুকুর খেলছে,0.1999999996,0.1999999996,0.19999999460000012,0.19999999460000012,0.0,0.19999999460000012,0,0,0.44999999999999996,0.12499999984374999
20201221_201223.jpg,একজন পুরুষ এবং একজন লোক,0.0,0.0,0.0,0.0,0.0,0.0,0,0,0.26315789473684215,0.0
6557.png,একটি শিশু আছে।,0.9999999966666667,0.7499999981250001,0.8571428497959185,0.8571428497959185,0.39999999360000005,0.8571428497959185,0,0,0.6923076923076923,0.7499999981250001
8746.png,একদল লোক আগুনের বিস্ফারণ বের করে দাঁড়িয়ে আছে,0.24999999968749997,0.15384615372781063,0.1904761855782314,0.1904761855782314,0.0,0.1904761855782314,0,0,0.34042553191489366,0.10526315783933518
964.png,একটি <unk> একটি <unk>,0.249999999375,0.14285714265306124,0.1818181768595043,0.1818181768595043,0.0,0.1818181768595043,0,0,0.16000000000000003,0.12499999984374999
1052358063.jpg,একটি কিশোর ছেলে স্কেটবোর্ডিং করছে,0.5999999988,0.21428571413265304,0.3157894694736842,0.3157894694736842,0.0,0.3157894694736842,0,0,0.38095238095238093,0.21428571413265304
351.png,একজন মানুষ হেঁটে যাচ্ছে।,0.49999999875,0.24999999968749997,0.33333332833333335,0.33333332833333335,0.1999999954000001,0.33333332833333335,0,0,0.36363636363636365,0.1999999998
3294964868_16f4f9fa9d.jpg,একজন স্কি <unk> একটি স্কি করছে,0.49999999916666665,0.5999999988,0.5454545395041324,0.5454545395041324,0.2222222167901236,0.5454545395041324,0,0,0.6818181818181819,0.4285714279591837
605.png,একটি নৌকা ও কয়েকজন মানুষ আছে।,0.6666666655555555,0.3636363633057851,0.47058823017301044,0.47058823017301044,0.2666666618666667,0.3529411714878893,0,0,0.275,0.30769230745562126
1883.png,একজন পুরুষ হেঁটে যাচ্ছে।,0.249999999375,0.12499999984374999,0.16666666194444454,0.16666666194444454,0.0,0.16666666194444454,0,0,0.3214285714285714,0.09090909082644627
8894.png,নদীতে কচুরিপনা ও কয়েকজন মানুষ আছে।,0.49999999916666665,0.49999999916666665,0.4999999941666667,0.4999999941666667,0.0,0.3333333277777778,0,0,0.375,0.3333333329629629
4541.png,একটি শিশু একটি <unk>,0.0,0.0,0.0,0.0,0.0,0.0,0,0,0.2857142857142857,0.0
1790.png,একটি মঞ্চে কিছু পুরুষ আছে।,0.3999999992,0.09523809519274376,0.15384615062130183,0.15384615062130183,0.0,0.15384615062130183,0,0,0.31034482758620685,0.09090909082644627
3287549827_04dec6fb6e.jpg,একজন লোক বরফের দিনে একজন স্কেটবোর্ড চালাচ্ছে,0.14285714265306124,0.249999999375,0.1818181768595043,0.1818181768595043,0.0,0.1818181768595043,0,0,0.5,0.1111111109876543
1343426964_cde3fb54e8.jpg,একটি ভাসমান কমলা রঙের জামা পরিহিত একজন বালক একটি পাহাড়ে চড়ে।,0.18181818165289254,0.2857142853061225,0.22222221722222232,0.22222221722222232,0.0,0.22222221722222232,0,0,0.31818181818181823,0.13333333324444444
3280644151_3d89cb1e0e.jpg,একজন লোক একটি দালানের বাইরের একটি চিহ্নের সামনে দাঁড়িয়ে আছে,0.1999999998,0.24999999968749997,0.22222221703703712,0.22222221703703712,0.12499999492187522,0.22222221703703712,0,0,0.41463414634146345,0.13333333324444444
3120266797_47e7d91614.jpg,একজন লোক বনের রাস্তা দিয়ে হেঁটে যাচ্ছে,0.2857142853061225,0.16666666652777776,0.2105263109141275,0.2105263109141275,0.0,0.2105263109141275,0,0,0.4482758620689655,0.124999999921875
3537474810_cf676b3259.jpg,দুজন খেলোয়াড় বলের জন্য লাফ দিচ্ছে,0.16666666638888888,0.1111111109876543,0.13333332835555572,0.13333332835555572,0.0,0.13333332835555572,0,0,0.32352941176470584,0.07142857137755101
20220909_132450.jpg,একটি লাল জ্যাকেট পরিহিত একজন লোক একটি <unk> একটি <unk> একটি <unk> একটি <unk> একটি <unk> একটি <unk> একটি <unk> একটি <unk> একটি <unk> একটি <unk> একটি <unk> একটি <unk> একটি <unk> একটি <unk> একটি <unk> একটি <unk> একটি <unk>,0.02499999999375,0.09090909082644627,0.03921568287581729,0.03921568287581729,0.0,0.03921568287581729,0,0,0.11875000000000002,0.0624999999609375
4455.png,কালো কোট পরা এক লোক একটি <unk> <unk> <unk> <unk> <unk> <unk> <unk> <unk> <unk> <unk> <unk> <unk> <unk> <unk> <unk> <unk> <unk> <unk> <unk> <unk> <unk> <unk> <unk> <unk> <unk> <unk> <unk> <unk> <unk> <unk> <unk> <unk> <unk> <unk>,0.02499999999375,0.16666666638888888,0.04347825858223074,0.04347825858223074,0.0,0.04347825858223074,0,0,0.09740259740259738,0.08333333326388888
342204631_146602491711125_3676620178136048845_n.jpg,একটি মঞ্চে অনুস্তান করছে যেখানে লেখা সহ একদল লোক,0.1111111109876543,0.05882352937716263,0.07692307233727837,0.07692307233727837,0.0,0.07692307233727837,0,0,0.26865671641791045,0.04166666664930555
1788.png,কয়েকজন নারী ও শিশু আছে।,0.9999999980000001,0.45454545413223135,0.6249999949218751,0.6249999949218751,0.14285713857142868,0.499999995078125,0,0,0.31707317073170727,0.45454545413223135
2661567396_cbe4c2e5be.jpg,বেতের টি কালো রঙের,0.249999999375,0.08333333326388888,0.1249999960937501,0.1249999960937501,0.0,0.1249999960937501,0,0,0.1842105263157895,0.07142857137755101
2856080862_95d793fa9d.jpg,একদল যুবক একটি ফুটবল খেলছে।,0.3999999992,0.3999999992,0.39999999420000004,0.39999999420000004,0.0,0.39999999420000004,0,0,0.5238095238095238,0.24999999968749997
624058168_f1c5e87e59.jpg,একটি কুকুর মাটিতে পড়ে থাকা একটি কুকুর লাফাচ্ছে,0.37499999953124996,0.29999999969999996,0.3333333280246914,0.3333333280246914,0.16666666152777793,0.3333333280246914,0,0,0.43333333333333335,0.1999999998
1978.png,একজন পুরুষ মানুষ আছে।,0.49999999875,0.24999999968749997,0.33333332833333335,0.33333332833333335,0.0,0.33333332833333335,0,0,0.33333333333333337,0.1999999998
7086.png,একটি <unk> অনুষ্ঠানে সাতজন লোক মিলে মাঠের মাঝে দাড়িয়ে আছে।,0.0999999999,0.3333333322222222,0.15384615005917168,0.15384615005917168,0.0,0.15384615005917168,0,0,0.2698412698412699,0.08333333326388888
3325129757_7a1979ac11.jpg,একটি ব্যক্তি বরফে ঢাকা পাহাড়ের চূড়ায় দাঁড়িয়ে আছে।,0.24999999968749997,0.1999999998,0.22222221703703712,0.22222221703703712,0.0,0.11764705370242234,0,0,0.39534883720930236,0.13333333324444444
7670.png,ধান ক্ষেতের মাঝে জমিতে পানি পান করছে।,0.2857142853061225,0.18181818165289254,0.22222221722222232,0.22222221722222232,0.12499999515625017,0.22222221722222232,0,0,0.46153846153846156,0.124999999921875
5960.png,একজন বয়স্ক পুরুষ দুইটি গরু আছে।,0.8333333319444445,0.8333333319444445,0.8333333269444445,0.8333333269444445,0.39999999420000004,0.8333333269444445,0,0,0.6956521739130435,0.7142857132653061
1235681222_819231767a.jpg,একটি পরিবার একটি প্রবেশ করানো,0.1999999996,0.07142857137755101,0.10526315390581731,0.10526315390581731,0.0,0.10526315390581731,0,0,0.2857142857142857,0.07142857137755101
2154.png,একটি নৌকায় কয়েকজন মানুষ আছে।,0.3999999992,0.1999999998,0.2666666618666667,0.2666666618666667,0.0,0.2666666618666667,0,0,0.33333333333333337,0.15384615372781063
3620.png,একটি শিশু আছে।,0.6666666644444444,0.49999999875,0.5714285648979592,0.5714285648979592,0.39999999360000005,0.5714285648979592,0,0,0.5714285714285714,0.3999999992
31.png,একটি রিক্সায় একজন পুরুষ একটি রিক্সায় একজন রিকশা যাচ্ছে,0.2222222219753086,0.11764705875432525,0.15384614920118356,0.15384614920118356,0.0,0.15384614920118356,0,0,0.328125,0.09999999995
5087.png,একজন বৃদ্ধ নারী কাজ করছে।,0.1999999996,0.1999999996,0.19999999460000012,0.19999999460000012,0.0,0.19999999460000012,0,0,0.5,0.1111111109876543
5731.png,একজন পুরুষ ও একজন বাচ্চা মেয়েকে চুমু খাচ্ছে,0.24999999968749997,0.18181818165289254,0.21052631069252087,0.21052631069252087,0.0,0.21052631069252087,0,0,0.3157894736842105,0.124999999921875
2051194177_fbeee211e3.jpg,একটি হালকা বাদামী কুকুরটি পানির মধ্যে একটি <unk>,0.24999999968749997,0.18181818165289254,0.21052631069252087,0.21052631069252087,0.0,0.21052631069252087,0,0,0.34375,0.07692307686390532
1035.png,একজন পুরুষ মানুষ আছে।,0.7499999981250001,0.4285714279591837,0.5454545398347109,0.5454545398347109,0.44444443901234576,0.5454545398347109,0,0,0.5384615384615384,0.37499999953124996
5402.png,কয়েকজন পুরুষ গোছল করছে।,0.249999999375,0.3333333322222222,0.28571428000000004,0.28571428000000004,0.0,0.28571428000000004,0,0,0.5294117647058824,0.16666666638888888
3547313700_39368b9a2f.jpg,একটি কুকুর একটি বাদামী কুকুরকে তাড়া করছে,0.2857142853061225,0.18181818165289254,0.22222221722222232,0.22222221722222232,0.0,0.22222221722222232,0,0,0.4,0.13333333324444444
1057.png,একটি ঘর ও ঘর আছে।,0.1999999996,0.12499999984374999,0.15384614887573977,0.15384614887573977,0.0,0.15384614887573977,0,0,0.27586206896551724,0.0999999999
2404.png,একজন পুরুষ হাতে ক্যামেরা নিয়ে দাড়িয়ে আছে।,0.14285714265306124,0.1999999996,0.16666666152777793,0.16666666152777793,0.0,0.16666666152777793,0,0,0.33333333333333337,0.09090909082644627
5225.png,গাছের মাঝে একটি গাছের মাঝে একটি গাছের মাঝে একটি গাছের মাঝে একটি গাছের মাঝে একটি গাছের মাঝে একটি গাছের মাঝে একটি গাছের মাঝে একটি গাছের মাঝে একটি গাছের মাঝে একটি গাছের মাঝে একটি গাছের মাঝে একটি গাছের মাঝে একটি গাছের,0.0,0.0,0.0,0.0,0.0,0.0,0,0,0.15753424657534243,0.0
4534.png,একটা বাচ্চা কোলে একটা বাচ্চা কোলে নিয়ে আছে।,0.12499999984374999,0.1999999996,0.15384614887573977,0.15384614887573977,0.0,0.15384614887573977,0,0,0.4814814814814815,0.1111111109876543
3686078365_9e655e238f.jpg,একজন মহিলা একটি প্যারেডে দেখায়।,0.3999999992,0.1999999998,0.2666666618666667,0.2666666618666667,0.15384614934911253,0.2666666618666667,0,0,0.33333333333333337,0.16666666652777776
3096918227_f9d26a7db2.jpg,একটি ঘুড়ি সার্ফার তার বামে শূন্যে ভাসছে,0.4285714279591837,0.5999999988,0.4999999943055557,0.4999999943055557,0.1999999948000001,0.4999999943055557,0,0,0.56,0.3333333329629629
4619.png,একটি রেস্তোরার বাইরে একটি মন্দির।,0.1999999996,0.16666666638888888,0.1818181765289258,0.1818181765289258,0.0,0.1818181765289258,0,0,0.31818181818181823,0.1111111109876543
101669240_b2d3e7f17b.jpg,একটি <unk> একটি শিশু বরফের মধ্যে স্কি করছে,0.37499999953124996,0.24999999979166665,0.2999999949,0.2999999949,0.0,0.1999999950000001,0,0,0.3939393939393939,0.1874999998828125
2636514498_01fcc5f501.jpg,একটি ছোট বাচ্চা মেয়ে ফুটপাতে তার খেলনা নিয়ে ফুটপাতে তার খেলনা নিয়ে ফুটপাতে তার খেলনা নিয়ে ফুটপাতে তার খেলনা নিয়ে ফুটপাতে তার খেলনা নিয়ে ফুটপাতে তার খেলনা নিয়ে ফুটপাতে তার খেলনা নিয়ে ফুটপাতে তার খেলনা নিয়ে ফুটপাতে তার খেলনা নিয়ে,0.07499999998125,0.24999999979166665,0.11538461178994093,0.11538461178994093,0.07999999653600014,0.11538461178994093,0,0,0.20945945945945943,0.21428571413265304
3209523192_05a4cef844.jpg,একজন স্কিয়ার একটি পাহাড়ে স্কি করছে,0.6666666655555555,0.30769230745562126,0.4210526268144044,0.4210526268144044,0.15384614887573977,0.4210526268144044,0,0,0.5,0.26666666648888887
5323.png,একজন মহিলা একটি ব্যাগ নিয়ে দাড়িয়ে আছে,0.2857142853061225,0.49999999875,0.36363635834710756,0.36363635834710756,0.0,0.36363635834710756,0,0,0.46153846153846156,0.2222222219753086
2748435417_ea7bbcc17c.jpg,একজন লোক একটি টেলিভিশন দেখা যাচ্ছে।,0.33333333277777777,0.18181818165289254,0.2352941128027682,0.2352941128027682,0.0,0.2352941128027682,0,0,0.375,0.13333333324444444
7800.png,একজন পুরুষ বসে রান্না করছে একটি চায়ের দোকানে বসে রান্না করছে একটি চায়ের দোকানে বসে রান্না করছে একটি চায়ের দোকানে বসে রান্না করছে একটি চায়ের দোকানে বসে রান্না করছে একটি চায়ের দোকানে বসে রান্না করছে একটি চায়ের দোকানে বসে রান্না,0.07499999998125,0.5999999988,0.13333333129876546,0.13333333129876546,0.04651162619794489,0.13333333129876546,0,0,0.11111111111111116,0.29999999969999996
2206403470_8c25aa3cf8.jpg,একটি শিশু একটি পানির ফোয়ারায় খেলছে,0.16666666638888888,0.12499999984374999,0.1428571377551022,0.1428571377551022,0.0,0.1428571377551022,0,0,0.31707317073170727,0.08333333326388888
7999.png,একটি মহিলা একটি গাড়ির জানালা দিয়ে যাচ্ছে পাশে একটি দোকানের জানালা সহ একটি সাদা জামা পরে একটি সাদা জামা পরে একটি সাদা জামা পরে একটি সাদা জামা পরে একটি সাদা জামা পরে একটি সাদা জামা পরে একটি সাদা জামা পরে,0.02499999999375,0.05882352937716263,0.03508771510003128,0.03508771510003128,0.0,0.03508771510003128,0,0,0.30147058823529416,0.03846153844674556
4656.png,একটি রাস্তা আছে।,0.6666666644444444,0.49999999875,0.5714285648979592,0.5714285648979592,0.0,0.5714285648979592,0,0,0.5,0.3999999992
2285152690_3fb93f65f1.jpg,একজন বাস্কেটবল খেলোয়াড় বল হাতে নিয়ে বল হাতে নিয়ে বল হাতে নিয়ে বল হাতে নিয়ে বল হাতে নিয়ে বল হাতে নিয়ে বল হাতে নিয়ে বল হাতে নিয়ে বল হাতে নিয়ে বল হাতে নিয়ে বল হাতে নিয়ে বল হাতে নিয়ে বল,0.0499999999875,0.2857142853061225,0.08510638040742426,0.08510638040742426,0.04444444211358036,0.08510638040742426,0,0,0.22834645669291342,0.18181818165289254
3763.png,একজন নারী হেঁটে আসছে।,0.49999999875,0.49999999875,0.4999999937500001,0.4999999937500001,0.33333332722222225,0.4999999937500001,0,0,0.6666666666666667,0.33333333277777777
1236951314_0308dc4138.jpg,একটি ছেলে একটি পুলে লাফ দিচ্ছে,0.49999999916666665,0.2727272724793388,0.3529411714878893,0.3529411714878893,0.2666666618666667,0.3529411714878893,0,0,0.43333333333333335,0.24999999979166665
3264937930_9623496b64.jpg,একটি সাদা ইনডোর কাকের দিকে একটি <unk> উপর একটি ইনডোর <unk> উপর একটি ইনডোর <unk> উপর একটি ইনডোর <unk> উপর একটি ইনডোর <unk> উপর একটি ইনডোর <unk> উপর একটি ইনডোর <unk> উপর একটি ইনডোর <unk> উপর একটি ইনডোর <unk> উপর,0.02499999999375,0.16666666638888888,0.04347825858223074,0.04347825858223074,0.0,0.04347825858223074,0,0,0.09638554216867468,0.08333333326388888
477254932_56b48d775d.jpg,একটি ছেলে একটি পুকুরে লাফ দিচ্ছে,0.49999999916666665,0.24999999979166665,0.33333332851851855,0.33333332851851855,0.12499999554687513,0.33333332851851855,0,0,0.47619047619047616,0.21428571413265304
8682.png,একটি নৌকায় কিছু মানুষ আছে।,0.5999999988,0.3333333329629629,0.42857142336734694,0.42857142336734694,0.16666666194444454,0.42857142336734694,0,0,0.4545454545454546,0.29999999969999996
2687529141_edee32649e.jpg,একজন লোক একটি সাদা রঙের স্যুট পরে একটি সাদা রঙের ঘোড়ায় চড়ে বসেছে,0.07692307686390532,0.1999999996,0.11111110697530877,0.11111110697530877,0.0,0.11111110697530877,0,0,0.3829787234042553,0.07142857137755101
4294.png,কয়েকজন পুরুষ আছে।,0.6666666644444444,0.16666666652777776,0.2666666631111111,0.2666666631111111,0.0,0.2666666631111111,0,0,0.2962962962962963,0.16666666652777776
3364258732_9942c557e5.jpg,ছোট বাচ্চা <unk> দাঁড়িয়ে আছে,0.1999999996,0.249999999375,0.2222222167901236,0.2222222167901236,0.0,0.2222222167901236,0,0,0.23529411764705888,0.12499999984374999
4248.png,একটি শিশু আছে।,0.9999999966666667,0.49999999916666665,0.6666666607407408,0.6666666607407408,0.28571428081632655,0.6666666607407408,0,0,0.4285714285714286,0.49999999916666665
145.png,একটা লোক মাটি দিয়ে হাঁসি দিয়ে হাঁসি দিয়ে হাঁসি দিয়ে হাঁসি দিয়ে হাঁসি দিয়ে হাঁসি দিয়ে হাঁসি দিয়ে হাঁসি দিয়ে হাঁসি দিয়ে হাঁসি দিয়ে হাঁসি দিয়ে হাঁসি দিয়ে হাঁসি দিয়ে হাঁসি দিয়ে হাঁসি দিয়ে হাঁসি দিয়ে হাঁসি দিয়ে হাঁসি দিয়ে,0.02499999999375,0.039999999984,0.030769226026036236,0.030769226026036236,0.0,0.030769226026036236,0,0,0.31666666666666665,0.039999999984
7855.png,কয়েকজন মানুষ আছে।,0.6666666644444444,0.49999999875,0.5714285648979592,0.5714285648979592,0.39999999360000005,0.5714285648979592,0,0,0.5714285714285714,0.3999999992
3336065481_2c21e622c8.jpg,একটি শিশু একটি জায়গায় বসে আছে,0.33333333277777777,0.14285714275510203,0.19999999560000006,0.19999999560000006,0.0,0.19999999560000006,0,0,0.38095238095238093,0.1111111109876543
inbound755042063650565929.jpg,একটি পাখি আছে।,0.3333333322222222,0.16666666638888888,0.2222222172839507,0.2222222172839507,0.0,0.2222222172839507,0,0,0.24,0.12499999984374999
8632.png,একটা মেয়ে গালে হাত দিয়ে চেয়ে আছেন।,0.2857142853061225,0.16666666652777776,0.2105263109141275,0.2105263109141275,0.0,0.2105263109141275,0,0,0.31818181818181823,0.11764705875432525
1609.png,একজন বালক বসে আছে।,0.249999999375,0.249999999375,0.2499999943750001,0.2499999943750001,0.0,0.2499999943750001,0,0,0.3571428571428571,0.14285714265306124
311619377_2ba3b36675.jpg,একজন লোক ট্রেনে শুয়ে ঘুমাচ্ছে,0.1999999996,0.16666666638888888,0.1818181765289258,0.1818181765289258,0.0,0.1818181765289258,0,0,0.3548387096774194,0.0999999999
209605542_ca9cc52e7b.jpg,এক ব্যক্তি একটি পাথরের উপর থেকে লাফাচ্ছেন,0.14285714265306124,0.16666666638888888,0.15384614863905344,0.15384614863905344,0.0,0.15384614863905344,0,0,0.48275862068965514,0.09090909082644627
528500099_7be78a0ca5.jpg,একজন পুরুষ এবং একজন লোক দাঁড়িয়ে আছে,0.2857142853061225,0.16666666652777776,0.2105263109141275,0.2105263109141275,0.0,0.2105263109141275,0,0,0.4545454545454546,0.124999999921875
472661386_723aae880b.jpg,একদল লোক একসাথে ছবি তুলছে,0.1999999996,0.1999999996,0.19999999460000012,0.19999999460000012,0.0,0.19999999460000012,0,0,0.4,0.1111111109876543
5656.png,একটি পাহাড়ি ঘরের সামনে একজন পুরুষ আছে।,0.2857142853061225,0.2222222219753086,0.24999999476562512,0.24999999476562512,0.0,0.24999999476562512,0,0,0.38235294117647056,0.15384615372781063
5151.png,অনেকগুলো মানুষ বসে আছে।,0.49999999875,0.24999999968749997,0.33333332833333335,0.33333332833333335,0.18181817752066123,0.33333332833333335,0,0,0.303030303030303,0.2222222219753086
IMG-20220513-WA0071.jpg,কয়েকজন মানুষ আছে।,0.0,0.0,0.0,0.0,0.0,0.0,0,0,0.3076923076923077,0.0
501.png,নদীর ঘাটে নৌকা ও অনেকগুলো মানুষ দেখা যাচ্ছে।,0.24999999968749997,0.3999999992,0.3076923024852071,0.3076923024852071,0.1818181768595043,0.3076923024852071,0,0,0.25,0.18181818165289254
2206960564_325ed0c7ae.jpg,একটি সাদা কুকুর একটি সাদা কুকুর কে শুকছে,0.12499999984374999,0.16666666638888888,0.1428571377551022,0.1428571377551022,0.0,0.1428571377551022,0,0,0.4444444444444444,0.0999999999
3409326324_a704565e8f.jpg,একটি <unk> <unk> এর ছবি তুলছে।,0.33333333277777777,0.3999999992,0.36363635801652905,0.36363635801652905,0.2222222167901236,0.36363635801652905,0,0,0.33333333333333337,0.12499999984374999
2019.png,কয়েকজন মানুষ আছে।,0.3333333322222222,0.07142857137755101,0.11764705577854677,0.11764705577854677,0.0,0.11764705577854677,0,0,0.18181818181818177,0.07692307686390532
3545586120_283d728a97.jpg,একটি <unk> <unk> <unk> <unk> <unk>,0.16666666638888888,0.06666666662222222,0.09523809106575981,0.09523809106575981,0.0,0.09523809106575981,0,0,0.2068965517241379,0.0624999999609375
5230.png,একটি রাস্তা আছে।,0.6666666644444444,0.24999999968749997,0.36363635900826446,0.36363635900826446,0.0,0.36363635900826446,0,0,0.2857142857142857,0.2222222219753086
2587017287_888c811b5a.jpg,একটি বাদামী কুকুর পানিতে হাঁটার সময় মুখে একটি লাঠি নিয়ে পানিতে দৌড়াচ্ছে,0.3333333330555555,0.7999999984,0.47058823058823535,0.47058823058823535,0.3999999955555556,0.47058823058823535,0,0,0.4222222222222223,0.3636363633057851
6176.png,একটি পাল বোট আছে।,0.0,0.0,0.0,0.0,0.0,0.0,0,0,0.3125,0.0
3866.png,একটি শিশু আছে।,0.6666666644444444,0.3999999992,0.49999999406250006,0.49999999406250006,0.0,0.49999999406250006,0,0,0.4117647058823529,0.33333333277777777
3403797144_53e49412ec.jpg,একজন সার্ফার তরঙ্গে আটকা পড়েছে ।,0.49999999916666665,0.49999999916666665,0.4999999941666667,0.4999999941666667,0.19999999460000012,0.4999999941666667,0,0,0.5,0.3333333329629629
4603.png,রাতে একটি ব্রীজ দেখা যাচ্ছে।,0.3999999992,0.3999999992,0.39999999420000004,0.39999999420000004,0.2499999943750001,0.39999999420000004,0,0,0.5454545454545454,0.24999999968749997
2114126343_a0f74ff63b.jpg,দু'জন লোক ও একটি মেয়ে একটি সুইমিং পুল এ লাফ দিচ্ছে,0.09090909082644627,0.14285714265306124,0.11111110623456812,0.11111110623456812,0.0,0.11111110623456812,0,0,0.3142857142857143,0.0624999999609375
2073964624_52da3a0fc4.jpg,হেলমেট পরে সাইকেল আরোহী তার <unk> সাইকেল চালাচ্ছে,0.37499999953124996,0.3333333329629629,0.3529411710726644,0.3529411710726644,0.13333332817777796,0.3529411710726644,0,0,0.4545454545454546,0.23076923059171597
3537201804_ce07aff237.jpg,চারটি শিশু বসে আছে।,0.49999999875,0.1999999998,0.28571428122448983,0.28571428122448983,0.0,0.28571428122448983,0,0,0.29166666666666663,0.16666666652777776
8237.png,একজন পুরুষ মাথায় করে যাচ্ছে।,0.0,0.0,0.0,0.0,0.0,0.0,0,0,0.4736842105263158,0.0
47.png,এক অর্ধনগ্ন ব্যক্তি ও এক লোক হেঁটে যাচ্ছে,0.12499999984374999,0.08333333326388888,0.09999999510000022,0.09999999510000022,0.0,0.09999999510000022,0,0,0.32608695652173914,0.0624999999609375
2496399593_a24954a5ca.jpg,কালো জ্যাকেট এবং কালো জ্যাকেট এবং কালো জ্যাকেট এবং কালো জ্যাকেট এবং কালো জ্যাকেট এবং কালো জ্যাকেট এবং কালো জ্যাকেট এবং কালো জ্যাকেট এবং কালো জ্যাকেট এবং কালো জ্যাকেট এবং কালো জ্যাকেট এবং কালো জ্যাকেট এবং কালো জ্যাকেট এবং কালো,0.02499999999375,0.0999999999,0.039999996784000263,0.039999996784000263,0.0,0.039999996784000263,0,0,0.17931034482758623,0.08333333326388888
3096.png,একটি টেবিল এর পাশে টেবিল এ খাবার খাচ্ছে।,0.0,0.0,0.0,0.0,0.0,0.0,0,0,0.2962962962962963,0.0
9067.png,একটি শিশু আছে।,0.9999999966666667,0.7499999981250001,0.8571428497959185,0.8571428497959185,0.39999999360000005,0.8571428497959185,0,0,0.6923076923076923,0.7499999981250001
2673148534_8daf0de833.jpg,একটি সাদা কুকুর ঘাসের উপর দৌড়াচ্ছে,0.33333333277777777,0.2857142853061225,0.3076923022485208,0.3076923022485208,0.0,0.3076923022485208,0,0,0.5833333333333333,0.1999999998
1282392036.jpg,একটি <unk> একটি <unk> একটি <unk> পোশাক পরিহিত একজন মহিলা একটি বড় বড় বড় বড় বড় বড় বড় বড় বড় বড় বড় বড় বড় বড় বড় বড় বড় বড় বড় বড় বড় বড় বড় বড় বড় বড় বড় বড় বড়,0.099999999975,0.28571428551020406,0.14814814425240067,0.14814814425240067,0.04081632326530638,0.14545454143471084,0,0,0.18939393939393945,0.1874999998828125
2999162229_80d17099b6.jpg,একটি শিশু হাতে ফুল নিয়ে দাঁড়িয়ে আছে।,0.14285714265306124,0.12499999984374999,0.13333332817777796,0.13333332817777796,0.0,0.13333332817777796,0,0,0.3448275862068966,0.07142857137755101
3192.png,একজন পুরুষ মানুষ আছে।,0.249999999375,0.05555555552469135,0.09090908785123977,0.09090908785123977,0.0,0.09090908785123977,0,0,0.4,0.04761904759637188
7056.png,একজন মহিলা কাঁদছে এবং অন্যান্য <unk> <unk> <unk> <unk> <unk> <unk> <unk> <unk> <unk> <unk> <unk> <unk> জড়িয়ে হাতে নিয়ে আছে।,0.04761904759637188,0.06666666662222222,0.05555555066358067,0.05555555066358067,0.0,0.05555555066358067,0,0,0.23170731707317072,0.04166666664930555
3159092624_66af4e207e.jpg,একটি ছোট ছেলে একটি গাছের পাশে দাঁড়িয়ে আছে।,0.37499999953124996,0.24999999979166665,0.2999999949,0.2999999949,0.15384614863905344,0.2999999949,0,0,0.5555555555555556,0.1874999998828125
2762702644_2aa3bf9680.jpg,একজন লোক একটি <unk> <unk> তার <unk> <unk> তার <unk> <unk> তার <unk> <unk> তার <unk> <unk> তার <unk> <unk> তার <unk> <unk> তার <unk> <unk> তার <unk> <unk> তার <unk> <unk> তার <unk> <unk> তার <unk> <unk> তার <unk>,0.0499999999875,0.124999999921875,0.07142856732142881,0.07142856732142881,0.0,0.07142856732142881,0,0,0.15646258503401356,0.1111111110493827
3102204862_f1d220230b.jpg,ভলিবল খেলোয়াড়দের <unk> <unk> <unk> <unk> <unk> <unk> <unk> <unk> <unk> <unk> <unk> <unk> <unk> <unk> <unk> <unk> <unk> <unk> <unk> <unk> <unk> <unk> <unk> <unk> <unk> <unk> <unk> <unk> <unk> <unk> <unk> <unk> <unk> <unk> <unk> <unk> <unk> <unk>,0.0499999999875,0.2857142853061225,0.08510638040742426,0.08510638040742426,0.043478258270321514,0.08510638040742426,0,0,0.07975460122699385,0.12499999984374999
289616152_012a9f16c6.jpg,একজন লোক একটি <unk> থেকে লাফ দিচ্ছে,0.2857142853061225,0.33333333277777777,0.3076923022485208,0.3076923022485208,0.0,0.1818181768595043,0,0,0.48,0.18181818165289254
3070713991_8696796937.jpg,একজন লোক একটা ঘর <unk>,0.1999999996,0.1111111109876543,0.14285713806122466,0.14285713806122466,0.0,0.14285713806122466,0,0,0.29166666666666663,0.07692307686390532
6808.png,তিনজন পুরুষ পাশাপাশি দাড়িয়ে আছে।,0.9999999980000001,0.5555555549382716,0.7142857086734694,0.7142857086734694,0.6666666611111112,0.7142857086734694,0,0,0.5555555555555556,0.7142857132653061
7196.png,একজন ছোট মেয়ে শিশু আছে।,0.3999999992,0.3999999992,0.39999999420000004,0.39999999420000004,0.0,0.39999999420000004,0,0,0.5555555555555556,0.24999999968749997
6313.png,আলো অন্ধকারে আলো পড়ছে কপালে হিজাব পরিহিত একজন বালিকা দাড়িয়ে আছে।,0.18181818165289254,0.24999999968749997,0.21052631069252087,0.21052631069252087,0.0,0.21052631069252087,0,0,0.2954545454545454,0.124999999921875
4783.png,একটি <unk> চলছে।,0.3333333322222222,0.16666666638888888,0.2222222172839507,0.2222222172839507,0.0,0.2222222172839507,0,0,0.29166666666666663,0.12499999984374999
2789238858_14261dd25a.jpg,তিনটি গ্রেহাউন্ড কুকুর দৌড়াচ্ছে,0.7499999981250001,0.4285714279591837,0.5454545398347109,0.5454545398347109,0.2222222172839507,0.5454545398347109,0,0,0.5862068965517242,0.37499999953124996
2068465241_3bcabacfd7.jpg,একটি শিশু একটি জিনিস ধরে রেখে দাঁড়িয়ে আছে,0.24999999968749997,0.2222222219753086,0.23529411238754333,0.23529411238754333,0.13333332817777796,0.23529411238754333,0,0,0.46875,0.14285714275510203
121551810.jpg,একটি <unk> একটি লোক তার সাইকেল চালাচ্ছে,0.4285714279591837,0.24999999979166665,0.31578946869806096,0.31578946869806096,0.11764705411764723,0.28571428030612256,0,0,0.3928571428571429,0.18181818165289254
3756.png,একজন পুরুষ ও একজন মহিলা একটা মোবাইলের মাথা ঢেকে দাঁড়িয়ে আছে।,0.18181818165289254,0.2857142853061225,0.22222221722222232,0.22222221722222232,0.0,0.22222221722222232,0,0,0.47619047619047616,0.13333333324444444
2282895743_f803f1cf01.jpg,কোট পরা একজন মহিলা একটি অন্ধকার ঘরে একজন মহিলা,0.3333333329629629,0.37499999953124996,0.3529411710726644,0.3529411710726644,0.13333332817777796,0.3529411710726644,0,0,0.4444444444444444,0.16666666652777776
3280672302_2967177653.jpg,একটি কালো রঙের পোশাক পরিহিত একটি মেয়ে একটি পথে একটি পথে একটি পথে একটি পথে একটি পথে একটি পথে একটি পথে একটি পথে একটি পথে একটি পথে একটি পথে একটি পথে একটি পথে একটি পথে একটি পথে একটি পথে একটি,0.02499999999375,0.14285714265306124,0.04255318893617037,0.04255318893617037,0.0,0.04255318893617037,0,0,0.1338028169014085,0.08333333326388888
2239938351_43c73c887c.jpg,দুটি কুকুর একটি বল নিয়ে খেলছে,0.9999999983333333,0.4999999995833333,0.6666666614814816,0.6666666614814816,0.2857142807142858,0.5555555504938272,0,0,0.6666666666666667,0.4999999995833333
8251.png,মসজিদে কয়েকজন মানুষ আছে।,0.49999999875,0.49999999875,0.4999999937500001,0.4999999937500001,0.33333332722222225,0.4999999937500001,0,0,0.6470588235294117,0.33333333277777777
1395.png,কয়েকজন নারী পুরুষ দাড়িয়ে আছে ৭ জন পুরুষ বাদ্যযন্ত্র বাজাচ্ছে।,0.3999999996,0.4444444439506172,0.4210526261495845,0.4210526261495845,0.07692307233727837,0.21052631058171756,0,0,0.46341463414634143,0.21428571413265304
4505.png,৩ জন পুরুষ বসে আছে।,0.1999999996,0.249999999375,0.2222222167901236,0.2222222167901236,0.0,0.2222222167901236,0,0,0.6,0.12499999984374999
1130369873_d80a1aa59c.jpg,একটি বাদামী কুকুর একটি বিশাল সবুজ রঙের ন্যস্ত পোশাক পরা লোক একটি বাদামী কুকুর একটি সবুজ রঙের ন্যস্ত পোশাক পরা লোক একটি বাদামী কুকুর একটি সবুজ রঙের ন্যস্ত পোশাক পরা লোক একটি বাদামী কুকুর একটি সবুজ রঙের ন্যস্ত পোশাক পরা,0.07499999998125,0.3333333329629629,0.1224489765431071,0.1224489765431071,0.0851063801177004,0.1224489765431071,0,0,0.19871794871794868,0.1874999998828125
_MG_2288.JPG,একটি দোকানের সামনে একটি মনিটর দেখছে,0.49999999916666665,0.4285714279591837,0.4615384558579882,0.4615384558579882,0.36363635801652905,0.4615384558579882,0,0,0.64,0.3333333329629629
189.png,৩ জন পুরুষ ভ্যান নিয়ে হেঁটে যাচ্ছে।,0.14285714265306124,0.1999999996,0.16666666152777793,0.16666666152777793,0.0,0.16666666152777793,0,0,0.4545454545454546,0.09090909082644627
3602838407_bf13e49243.jpg,একটি কালো কুকুর পানিতে লাফ দিচ্ছে,0.49999999916666665,0.49999999916666665,0.4999999941666667,0.4999999941666667,0.2857142807142858,0.4999999941666667,0,0,0.5454545454545454,0.3333333329629629
3273325447_81c94000da.jpg,একজন লোক তার পিছনে পড়ে গেছে,0.16666666638888888,0.1999999996,0.1818181765289258,0.1818181765289258,0.0,0.1818181765289258,0,0,0.31999999999999995,0.0999999999
4863.png,সূর্যাস্তের সময় একটা ছোট গাছ ও আকাশে কালো মেঘ জমে আছে।,0.0,0.0,0.0,0.0,0.0,0.0,0,0,0.3157894736842105,0.0
2423292784_166ee54e0b.jpg,একটি ছোট ছেলে <unk> <unk> ধরে আছে।,0.571428570612245,0.49999999937499995,0.5333333276444445,0.5333333276444445,0.3076923022485208,0.5333333276444445,0,0,0.6538461538461539,0.3999999996
2113530024_5bc6a90e42.jpg,একটি খেলার দল একটি ফুটবলের জন্য প্রতিদ্বন্দ্বিতা করছে,0.12499999984374999,0.08333333326388888,0.09999999510000022,0.09999999510000022,0.0,0.09999999510000022,0,0,0.3157894736842105,0.05882352937716263
8564.png,একজন ছোট ছেলে বসে রান্না করছে।,0.16666666638888888,0.14285714265306124,0.15384614863905344,0.15384614863905344,0.0,0.15384614863905344,0,0,0.33333333333333337,0.09090909082644627
3189.png,একজন পুরুষ বসে আছে।,0.9999999975,0.4444444439506172,0.6153846101775148,0.6153846101775148,0.5454545404958677,0.6153846101775148,0,0,0.4117647058823529,0.49999999937499995
4090.png,একটি নৌকায় তিনজন মানুষ আছে।,0.3999999992,0.16666666652777776,0.23529411321799312,0.23529411321799312,0.0,0.23529411321799312,0,0,0.3421052631578947,0.13333333324444444
133.png,একটা ছেলে নদীতে একটি নৌকা যাচ্ছে।,0.16666666638888888,0.12499999984374999,0.1428571377551022,0.1428571377551022,0.0,0.1428571377551022,0,0,0.4285714285714286,0.07692307686390532
1980.png,একজন পুরুষ বসে আছে আর তার পাশ দিয়ে একজন পুরুষ বসে আছে আর তার পাশ দিয়ে একজন পুরুষ বসে আছে আর তার পাশ দিয়ে একজন পুরুষ বসে আছে আর তার পাশ দিয়ে একজন পুরুষ বসে আছে আর তার পাশ দিয়ে,0.0499999999875,0.14285714275510203,0.07407407020576152,0.07407407020576152,0.0,0.07407407020576152,0,0,0.23880597014925375,0.09999999995
8925.png,একজন বৃদ্ধ নারী তাকিয়ে আছে।,0.3999999992,0.49999999875,0.4444444385185186,0.4444444385185186,0.0,0.4444444385185186,0,0,0.5555555555555556,0.2857142853061225
2362481035_a7600875d0.jpg,একটি বাচ্চা একটি টায়ারের দোলনায় দুলছে,0.33333333277777777,0.2857142853061225,0.3076923022485208,0.3076923022485208,0.0,0.3076923022485208,0,0,0.5384615384615384,0.1999999998
20210824_073557.jpg,একটি <unk>,0.4999999975,0.14285714265306124,0.22222221827160496,0.22222221827160496,0.0,0.22222221827160496,0,0,0.18181818181818177,0.12499999984374999
7069.png,একটি সাদা রঙের পোশাক পরা মেয়ে একসাথে হেঁটে যাচ্ছে।,0.2222222219753086,0.2857142853061225,0.24999999476562512,0.24999999476562512,0.0,0.24999999476562512,0,0,0.5,0.14285714275510203
2760.png,কয়েকজন মানুষ আছে।,0.9999999966666667,0.9999999966666667,0.9999999916666666,0.9999999916666666,0.9999999900000001,0.9999999916666666,1,1,1.0,0.9999999966666667
1863.png,একজন পুরুষ আছে। পিছনে কয়েকজন পুরুষ আছে। পিছনে কয়েকজন পুরুষ আছে। পিছনে কয়েকজন পুরুষ আছে। পিছনে কয়েকজন পুরুষ আছে। পিছনে কয়েকজন পুরুষ আছে। পিছনে কয়েকজন পুরুষ আছে। পিছনে কয়েকজন পুরুষ আছে। পিছনে কয়েকজন পুরুষ আছে। পিছনে কয়েকজন পুরুষ আছে। পিছনে,0.099999999975,0.49999999937499995,0.16666666381944448,0.16666666381944448,0.043478258270321514,0.16666666381944448,0,0,0.20238095238095233,0.3333333329629629
3529721084_4b405baf54.jpg,একজন লোক একটি মোটরসাইকেলে বসে আছে,0.6666666655555555,0.19047619038548752,0.2962962926200275,0.2962962926200275,0.07999999673600013,0.2962962926200275,0,0,0.48275862068965514,0.21052631567867036
2316.png,অনেকগুলো মানুষ আছে।,0.0,0.0,0.0,0.0,0.0,0.0,0,0,0.2727272727272727,0.0
8477.png,একজন ছোট একটি গাছের নীচ থেকে উঁকি দিয়ে একজন পুরুষ আছে।,0.09090909082644627,0.3333333322222222,0.14285713928571436,0.14285713928571436,0.0,0.14285713928571436,0,0,0.3913043478260869,0.08333333326388888
1220401002_3f44b1f3f7.jpg,একটি ছোট ছেলে ঘাসের উপর একটি ছেলে একটি ছোট ছেলে পার্কে ঘাসের উপর হাত দিয়ে একটি বাড়ির উঠোনে একটি ছেলে একটি ছোট ছেলে পার্কে ঘাসের উপর হাত দিয়ে একটি বাড়ির উঠোনে একটি ছেলে একটি ছোট ছেলে পার্কে ঘাসের উপর হাত,0.0499999999875,0.3999999992,0.08888888687407412,0.08888888687407412,0.04651162619794489,0.08888888687407412,0,0,0.1748251748251748,0.15384615372781063
1463732130_a754441289.jpg,ট্রাম্পোলিনে একটি যুবতী একটি ট্রাম্পোলিনে লাফাচ্ছে,0.33333333277777777,0.49999999875,0.3999999944,0.3999999944,0.24999999468750006,0.3999999944,0,0,0.5,0.33333333277777777
3229282764_a4a515f4e2.jpg,একটি ছোট্ট মেয়ে একটি ছেলেকে নিয়ে পানিতে নেমে বৃষ্টিতে ভিজে গেলো,0.18181818165289254,0.49999999875,0.26666666240000003,0.26666666240000003,0.0,0.26666666240000003,0,0,0.34545454545454546,0.16666666652777776
7212.png,একটি শিশু আছে।,0.9999999966666667,0.5999999988,0.7499999934375,0.7499999934375,0.0,0.7499999934375,0,0,0.6,0.5999999988
1026.png,সরিষা ক্ষেতের মাঝে একটি শিশু মাথায় বোঝা নিয়ে যাচ্ছে।,0.4444444439506172,0.4444444439506172,0.4444444389506173,0.4444444389506173,0.24999999468750006,0.4444444389506173,0,0,0.6176470588235294,0.28571428551020406
3774.png,একজন পুরুষ আছে।,0.9999999966666667,0.4285714279591837,0.5999999946000001,0.5999999946000001,0.24999999562500003,0.5999999946000001,0,0,0.3928571428571429,0.4285714279591837
2110.png,একটি <unk> একটি মহিলা রাস্তা দিয়ে হেঁটে যাচ্ছে।,0.0,0.0,0.0,0.0,0.0,0.0,0,0,0.26530612244897955,0.0
3154.png,একজন নারী ও পিছনে অনেকগুলো মানুষ আছে।,0.14285714265306124,0.249999999375,0.1818181768595043,0.1818181768595043,0.0,0.1818181768595043,0,0,0.34615384615384615,0.0999999999
10.png,একজন নারী হেঁটে আসছে।,0.249999999375,0.09090909082644627,0.13333332924444455,0.13333332924444455,0.0,0.13333332924444455,0,0,0.2894736842105263,0.07692307686390532
2955985301_e4139bc772.jpg,একটি কালো রঙের,0.3333333322222222,0.14285714265306124,0.1999999954000001,0.1999999954000001,0.0,0.1999999954000001,0,0,0.3076923076923077,0.12499999984374999
6509.png,একজন বয়স্ক নারী আছে।,0.7499999981250001,0.7499999981250001,0.7499999931250001,0.7499999931250001,0.33333332722222225,0.7499999931250001,0,0,0.875,0.5999999988
6334.png,রাস্তা দিয়ে অনেকগুলো মানুষ আছে।,0.3999999992,0.6666666644444444,0.49999999406250006,0.49999999406250006,0.33333332777777785,0.49999999406250006,0,0,0.4736842105263158,0.33333333277777777
3427852996_d383abd819.jpg,একজন লোক তার সাইকেল <unk> সাইকেলের উপর দিয়ে সাইকেল নিয়ে কৌশল দেখাচ্ছে,0.41666666631944443,0.5555555549382716,0.47619047083900223,0.47619047083900223,0.31578946847645434,0.47619047083900223,0,0,0.5102040816326531,0.3333333331111111
4203.png,একজন পুরুষ বসে আছে।,0.9999999975,0.6666666655555555,0.7999999936,0.7999999936,0.7499999934375,0.7999999936,0,0,0.6363636363636364,0.6666666655555555
2387197355_237f6f41ee.jpg,একটি <unk> একটি কালো রঙের একটি কালো রঙের একটি কালো রঙের একটি কালো রঙের একটি কালো রঙের একটি কালো রঙের একটি কালো রঙের একটি কালো রঙের একটি কালো রঙের একটি কালো রঙের একটি কালো রঙের একটি কালো রঙের একটি কালো,0.07499999998125,0.1874999998828125,0.10714285302295935,0.10714285302295935,0.03703703301097437,0.10714285302295935,0,0,0.23972602739726023,0.11764705875432525
3718964174_cb2dc1615e.jpg,হিজাব পরিহিত একজন মহিলা মাথায় কাপড় দিয়ে হাতে একটি পোস্টার ধরে আছে,0.16666666652777776,0.33333333277777777,0.22222221753086427,0.22222221753086427,0.12499999554687513,0.22222221753086427,0,0,0.3695652173913043,0.124999999921875
2931950813_93145c4746.jpg,একটি ছোট কালো পোশাকের এক ছোট ছেলে একটি ছোট ছেলে রাস্তায় স্কেটবোর্ড চালাচ্ছে,0.23076923059171597,0.37499999953124996,0.2857142807256236,0.2857142807256236,0.1052631531301941,0.2857142807256236,0,0,0.38,0.14285714275510203
390360326_26f5936189.jpg,দুটি কুকুর এবং একটি হালকা সৈকত ধরে ছুটে চলেছে।,0.4444444439506172,0.3999999996,0.4210526261495845,0.4210526261495845,0.11764705370242234,0.4210526261495845,0,0,0.4864864864864865,0.28571428551020406
3138.png,৪ জন ছেলে দাড়িয়ে ছবি তুলছে যার মাঝে একজন পুরুষ দাড়িয়ে আছে।,0.41666666631944443,0.3124999998046875,0.35714285198979595,0.35714285198979595,0.153846148846154,0.35714285198979595,0,0,0.5,0.249999999875
118939861.jpg,একজন লোক একটি সাদা শার্ট পরা লোকের সাথে একটি মোটা ব্যক্তির উপর বসে ছবি আঁকছে,0.19999999986666667,0.24999999979166665,0.22222221711934168,0.22222221711934168,0.0799999950080003,0.14814814310013733,0,0,0.3090909090909091,0.14285714278911565
_MG_2298.JPG,একটি লোক হাতে অনেকগুলো গোলাপ রাখা,0.49999999916666665,0.49999999916666665,0.4999999941666667,0.4999999941666667,0.0,0.3333333277777778,0,0,0.4285714285714286,0.3333333329629629
6652.png,তিনটা একটা ছেলে তিনটা ভ্যান নিয়ে বসে আছেন একজন পুরুষ মানুষ।,0.0,0.0,0.0,0.0,0.0,0.0,0,0,0.31707317073170727,0.0
8009.png,একটি সেতু আছে।,0.0,0.0,0.0,0.0,0.0,0.0,0,0,0.17647058823529416,0.0
1387785218_cee67735f5.jpg,একটি ছোট ছেলে তার ছোট্ট মেয়ে স্কুটার চালাচ্ছে,0.37499999953124996,0.37499999953124996,0.37499999453125,0.37499999453125,0.14285713765306143,0.24999999468750006,0,0,0.4117647058823529,0.23076923059171597
635.png,একজন বয়স্ক নারী একটি শিশু কোলে নিয়ে আছে।,0.37499999953124996,0.49999999916666665,0.4285714230612245,0.4285714230612245,0.0,0.4285714230612245,0,0,0.4642857142857143,0.29999999969999996
3202.png,একজন পুরুষ নৌকা থেকে মাছ ধরছেন।,0.33333333277777777,0.33333333277777777,0.3333333277777778,0.3333333277777778,0.19999999460000012,0.3333333277777778,0,0,0.2727272727272727,0.1999999998
5594.png,২ জন পুরুষ হেঁটে যাচ্ছে।,0.3999999992,0.14285714275510203,0.21052631168975072,0.21052631168975072,0.0,0.10526315390581731,0,0,0.19999999999999996,0.11764705875432525
2285741931_07159a21f2.jpg,একটি শিশু একটি ক্ষেতের মধ্য দিয়ে দৌড়ে।,0.2857142853061225,0.24999999968749997,0.2666666613333334,0.2666666613333334,0.0,0.2666666613333334,0,0,0.3214285714285714,0.16666666652777776
3329169877_175cb16845.jpg,একজন স্কি করা এক লোক একটি <unk> থেকে লাফ দিচ্ছে,0.3999999996,0.30769230745562126,0.34782608173913043,0.34782608173913043,0.09523809024943336,0.34782608173913043,0,0,0.47058823529411764,0.2222222220987654
2704257993_d485058a5f.jpg,একটি ছোট ছেলেটি কারাতে লাথি মারছে,0.33333333277777777,0.124999999921875,0.1818181776859505,0.1818181776859505,0.0,0.1818181776859505,0,0,0.33333333333333337,0.10526315783933518
2978271431_f6a7f19825.jpg,একটি সাদা গাড়ি চলে যাওয়া হচ্ছে,0.33333333277777777,0.1999999998,0.24999999500000003,0.24999999500000003,0.0,0.1818181765289258,0,0,0.30434782608695654,0.14285714275510203
2839038702_e168128665.jpg,একটি গ্রামীণ অঞ্চলে একটি কুকুর দৌড়াচ্ছে,0.49999999916666665,0.29999999969999996,0.37499999484375,0.37499999484375,0.19999999460000012,0.3333333277777778,0,0,0.4545454545454546,0.2222222219753086
558.png,রাতের বেলায় জ্বলছে যার পাশে একটি আলোর বাতি নিয়ে আছে।,0.0,0.0,0.0,0.0,0.0,0.0,0,0,0.22857142857142854,0.0
5675.png,একজন লোক তার শরীর দেখা যাচ্ছে।,0.0,0.0,0.0,0.0,0.0,0.0,0,0,0.33333333333333337,0.0
327.png,একটি শিশু তাকিয়ে আছে যার পরনে শাড়ি পরে একজন নারী আছে।,0.2727272724793388,0.7499999981250001,0.3999999955555556,0.3999999955555556,0.0,0.26666666240000003,0,0,0.359375,0.24999999979166665
_MG_1797.JPG,লোক টি দাঁড়িয়ে আছে,0.49999999875,0.3999999992,0.4444444385185186,0.4444444385185186,0.0,0.4444444385185186,0,0,0.5,0.2857142853061225
4402.png,সমুদ্রের পাড় দিয়ে হেটে যাচ্ছে ২ জন ছোট ছেলে।,0.0,0.0,0.0,0.0,0.0,0.0,0,0,0.31034482758620685,0.0
7101.png,দুইজন পুরুষ আছে।,0.9999999966666667,0.49999999916666665,0.6666666607407408,0.6666666607407408,0.28571428081632655,0.6666666607407408,0,0,0.5238095238095238,0.49999999916666665
_MG_2278.JPG,দোকানে দুইটা ছেলে রাস্তার পাশে দোকানের সামনে চেয়ে আছেন।,0.2222222219753086,0.2857142853061225,0.24999999476562512,0.24999999476562512,0.1428571377551022,0.24999999476562512,0,0,0.3529411764705882,0.14285714275510203
363.png,একজন পুরুষ বসে কাজ করছে।,0.0,0.0,0.0,0.0,0.0,0.0,0,0,0.3571428571428571,0.0
5587.png,একটি নৌকায় একজন মানুষ আছে।,0.5999999988,0.5999999988,0.5999999938,0.5999999938,0.2499999943750001,0.5999999938,0,0,0.7894736842105263,0.4285714279591837
_MG_1217.JPG,চশমা পরিহিত একজন লোক চেয়ারে বসে আছে,0.2857142853061225,0.3999999992,0.33333332791666676,0.33333332791666676,0.0,0.33333332791666676,0,0,0.34615384615384615,0.1999999998
5998.png,নদীতে নৌকা ও কয়েকজন মানুষ আছে।,0.49999999916666665,0.5999999988,0.5454545395041324,0.5454545395041324,0.4444444385185186,0.5454545395041324,0,0,0.6190476190476191,0.37499999953124996
1308.png,একজন ছোট ছেলে মাথা বালু নিয়ে দাড়িয়ে আছে।,0.37499999953124996,0.3333333329629629,0.3529411710726644,0.3529411710726644,0.2666666613333334,0.3529411710726644,0,0,0.5666666666666667,0.21428571413265304
179009558_69be522c63.jpg,একটি শিশু একটি কাঠের পথের নিচে নামছে,0.2857142853061225,0.15384615372781063,0.1999999952500001,0.1999999952500001,0.0,0.1999999952500001,0,0,0.33333333333333337,0.0624999999609375
6205.png,একজন পুরুষ রঙ মেখে আছে।,0.3999999992,0.3999999992,0.39999999420000004,0.39999999420000004,0.15384614934911253,0.39999999420000004,0,0,0.6111111111111112,0.24999999968749997
3525841965_7814484515.jpg,৪ জন ছোট মেয়ে গ্রামের কাচা রাস্তায় ধাক্কা দিয়ে খেলছে।,0.0999999999,0.16666666638888888,0.12499999515625017,0.12499999515625017,0.0,0.12499999515625017,0,0,0.3529411764705882,0.06666666662222222
195.png,বৃষ্টির সময় একজন পুরুষ ও রিক্সা চালক।,0.0,0.0,0.0,0.0,0.0,0.0,0,0,0.2592592592592593,0.0
6266.png,তিনজন নারী আছে।,0.3333333322222222,0.249999999375,0.28571428000000004,0.28571428000000004,0.0,0.28571428000000004,0,0,0.2857142857142857,0.16666666638888888
8149.png,পানিতে একজন পুরুষ পানিতে নেমে মাছ ধরছে।,0.14285714265306124,0.12499999984374999,0.13333332817777796,0.13333332817777796,0.0,0.13333332817777796,0,0,0.29032258064516125,0.07692307686390532
3604928725_58147c87cd.jpg,একটি নীল রঙের ন্যস্ত <unk> ও একটি নীল রঙের ন্যস্ত <unk> ও একটি নীল রঙের ন্যস্ত <unk> ও একটি নীল রঙের ন্যস্ত <unk> ও একটি নীল রঙের ন্যস্ত <unk> ও একটি নীল রঙের ন্যস্ত <unk> ও একটি নীল রঙের ন্যস্ত,0.099999999975,0.30769230745562126,0.15094339246707023,0.15094339246707023,0.03999999655200029,0.15094339246707023,0,0,0.23809523809523814,0.19999999986666667
6442.png,একটি ছেলে মাথায় গোল হয়ে আছে।,0.0,0.0,0.0,0.0,0.0,0.0,0,0,0.3157894736842105,0.0
113637264.jpg,একটি লোক একটি <unk> থেকে লাফ দিচ্ছে,0.2857142853061225,0.3999999992,0.33333332791666676,0.33333332791666676,0.1999999948000001,0.33333332791666676,0,0,0.41666666666666663,0.2222222219753086
2637.png,একজন পুরুষ বসে আছে।,0.0,0.0,0.0,0.0,0.0,0.0,0,0,0.4375,0.0
219301555_17883a51bd.jpg,একটি ছেলে পাথরের মধ্যে দিয়ে একটি জলপ্রপাতের সামনে একটি জলপ্রপাতের সামনে একটি জলপ্রপাতের সামনে একটি জলপ্রপাতের সামনে একটি জলপ্রপাতের সামনে একটি জলপ্রপাতের সামনে একটি জলপ্রপাতের সামনে একটি জলপ্রপাতের সামনে একটি জলপ্রপাতের সামনে একটি জলপ্রপাতের সামনে একটি জলপ্রপাতের সামনে একটি জলপ্রপাতের,0.07499999998125,0.23076923059171597,0.11320754342470642,0.11320754342470642,0.03921568266051552,0.11320754342470642,0,0,0.2184466019417476,0.1764705881314879
241347580_a1e20321d3.jpg,ছোট বাচ্চারা তাদের মায়ের সাথে ছবি তুলছে।,0.14285714265306124,0.07692307686390532,0.0999999953500002,0.0999999953500002,0.0,0.0999999953500002,0,0,0.31999999999999995,0.05263157891966759
3640104986_5d8c9a9948.jpg,একটি টেবিলে একটি <unk> সামনে দাঁড়িয়ে আছে।,0.4285714279591837,0.29999999969999996,0.35294117121107266,0.35294117121107266,0.0,0.23529411252595167,0,0,0.4285714285714286,0.2727272724793388
1384292980.jpg,দুজন শিক্ষার্থী <unk> ব্যাকপ্যাক সহ একটি সাদা জামা পরে একটি সাদা জামা পরে একটি সাদা জামা পরে একটি সাদা জামা পরে একটি সাদা জামা পরে একটি সাদা জামা পরে একটি সাদা জামা পরে একটি সাদা জামা পরে একটি সাদা জামা,0.07499999998125,0.2727272724793388,0.11764705539407928,0.11764705539407928,0.04081632326530638,0.11764705539407928,0,0,0.2043795620437956,0.11764705875432525
539667015_fd0a3bea07.jpg,একটি ছেলে হাসছে,0.3333333322222222,0.12499999984374999,0.18181817752066123,0.18181817752066123,0.0,0.18181817752066123,0,0,0.27586206896551724,0.0999999999
6046.png,একটি নৌকায় কয়েকজন মানুষ আছে।,0.1999999996,0.16666666638888888,0.1818181765289258,0.1818181765289258,0.0,0.1818181765289258,0,0,0.31999999999999995,0.0999999999
2150.png,একজন পুরুষ হাতে বেলুন নিয়ে দাঁড়িয়ে আছে।,0.4285714279591837,0.49999999916666665,0.4615384558579882,0.4615384558579882,0.1818181765289258,0.4615384558579882,0,0,0.48,0.29999999969999996
2675.png,নদীতে কয়েকজন মানুষ আছে।,0.249999999375,0.16666666638888888,0.1999999948000001,0.1999999948000001,0.0,0.1999999948000001,0,0,0.26190476190476186,0.1111111109876543
350443876_c9769f5734.jpg,এক বয়স্ক ছেলে একটি <unk> দিয়ে একটি <unk> দিয়ে একটি <unk> দিয়ে একটি <unk> দিয়ে একটি <unk> দিয়ে একটি <unk> দিয়ে একটি <unk> দিয়ে একটি <unk> দিয়ে একটি <unk> দিয়ে একটি <unk> দিয়ে একটি <unk> দিয়ে একটি <unk> দিয়ে একটি,0.0499999999875,0.33333333277777777,0.08695651943289232,0.08695651943289232,0.0,0.08695651943289232,0,0,0.17808219178082196,0.13333333324444444
8474.png,একজন নারী বসে খাবার আছে।,0.3999999992,0.6666666644444444,0.49999999406250006,0.49999999406250006,0.0,0.49999999406250006,0,0,0.47058823529411764,0.33333333277777777
3286406057_a1668655af.jpg,একজন মহিলা তার পিছনে চুম্বন করতে দেখছে,0.2857142853061225,0.09999999995,0.14814814419753095,0.14814814419753095,0.0,0.07407407017832666,0,0,0.2941176470588235,0.09090909086776859
2205088706_d7e633e00d.jpg,একজন বালক লাফ দিয়ে দৌড়ে যাচ্ছে,0.33333333277777777,0.16666666652777776,0.22222221753086427,0.22222221753086427,0.0,0.22222221753086427,0,0,0.4285714285714286,0.124999999921875
8919.png,একজন নারী রাস্তা থেকে।,0.49999999875,0.49999999875,0.4999999937500001,0.4999999937500001,0.33333332722222225,0.4999999937500001,0,0,0.5714285714285714,0.33333333277777777
3334.png,একজন লোক বসে আছে।,0.49999999875,0.3999999992,0.4444444385185186,0.4444444385185186,0.0,0.4444444385185186,0,0,0.5882352941176471,0.2857142853061225
2698666984_13e17236ae.jpg,একটি শিশু বৃষ্টিতে ভিজে গেলো,0.3999999992,0.24999999968749997,0.3076923024852071,0.3076923024852071,0.16666666194444454,0.2857142807142858,0,0,0.36363636363636365,0.18181818165289254
272940778_a184dbea42.jpg,দুটি কুকুর একটি কালো রঙের বল নিয়ে দৌড়াচ্ছে,0.49999999937499995,0.6666666655555555,0.5714285657142858,0.5714285657142858,0.33333332791666676,0.5714285657142858,0,0,0.6785714285714286,0.3999999996
p987.jpg,একটি শিশু আছে।,0.0,0.0,0.0,0.0,0.0,0.0,0,0,0.5833333333333333,0.0
7505.png,একজন পুরুষ নৌকা চালাচ্ছে।,0.249999999375,0.12499999984374999,0.16666666194444454,0.16666666194444454,0.0,0.16666666194444454,0,0,0.3793103448275862,0.0999999999
3375014075_157388f8a9.jpg,একটি ছেলে একটি কালো কুকুরের সাথে সাথে খেলছে,0.37499999953124996,0.1764705881314879,0.23999999545600006,0.23999999545600006,0.08695651742911174,0.23999999545600006,0,0,0.4444444444444444,0.11764705875432525
797.png,একজন পুরুষ একটি বোঝা বহন করছে।,0.0,0.0,0.0,0.0,0.0,0.0,0,0,0.27586206896551724,0.0
3571.png,একটি পতাকা লাগানো জানালা দিয়ে সাইকেল চালাচ্ছে।,0.14285714265306124,0.12499999984374999,0.13333332817777796,0.13333332817777796,0.0,0.13333332817777796,0,0,0.3571428571428571,0.07142857137755101
4986.png,কয়েকজন মানুষ আছে।,0.6666666644444444,0.49999999875,0.5714285648979592,0.5714285648979592,0.39999999360000005,0.5714285648979592,0,0,0.6875,0.3999999992
2553619107_d382a820f9.jpg,একজন লোক তীব্র স্রোতের মাঝে নৌকা চালাচ্ছে,0.571428570612245,0.571428570612245,0.5714285656122451,0.5714285656122451,0.16666666138888903,0.42857142295918377,0,0,0.4444444444444444,0.3999999996
2549.png,একটি ছেলে ও একটি কুকুর একটি গাছের বিরুদ্ধে ভারসাম্য পড়ে আছে,0.2727272724793388,0.23076923059171597,0.249999994826389,0.249999994826389,0.0,0.16666666156250012,0,0,0.31999999999999995,0.15789473675900276
2277081067_d2b4c98bce.jpg,একটি ছোট ছেলে সাগরের পানিতে লাফ দিচ্ছে,0.2857142853061225,0.3999999992,0.33333332791666676,0.33333332791666676,0.1999999948000001,0.33333332791666676,0,0,0.52,0.1999999998
1014.png,সমুদ্রের পারে অনেকগুলো মানুষ আছে।,0.7999999984,0.6666666655555555,0.7272727209917357,0.7272727209917357,0.6666666602469137,0.7272727209917357,0,0,0.8,0.571428570612245
3566.png,একটি পাহাড়ি রাস্তার পাশে একটি ছেলে মেয়ে একসাথে দাঁড়িয়ে আছে।,0.0999999999,0.12499999984374999,0.11111110604938293,0.11111110604938293,0.0,0.11111110604938293,0,0,0.29729729729729726,0.0624999999609375
4990.png,অনেকগুলো নারী ও অনেকগুলো পুরুষ একসাথে বসে আছে।,0.49999999937499995,0.49999999937499995,0.49999999437500003,0.49999999437500003,0.28571428030612256,0.37499999453125,0,0,0.4193548387096774,0.4444444439506172
3399944164_ec24123945.jpg,এক নারী একটি ছবির জন্য পোজ দেয়,0.2857142853061225,0.16666666652777776,0.2105263109141275,0.2105263109141275,0.11764705411764723,0.2105263109141275,0,0,0.37142857142857144,0.124999999921875
9135.png,একটি লোক একটা ব্যাগ নিয়ে ওই দিকে তাকিয়ে আছে আর একজন পুরুষ বসে আছে।,0.21428571413265304,0.7499999981250001,0.33333332950617284,0.33333332950617284,0.12499999679687505,0.33333332950617284,0,0,0.25,0.19999999986666667
3284460070_6805990149.jpg,লাল হেলমেট পরিহিত একজন সাইকেল আরোহী বাশের <unk> সাইকেল নিয়ে একটি লাল সাইকেল নিয়ে জঙ্গলের মধ্যে সাইকেল নিয়ে জঙ্গলের মধ্যে সাইকেল নিয়ে জঙ্গলের মধ্যে সাইকেল নিয়ে জঙ্গলের মধ্যে সাইকেল নিয়ে জঙ্গলের মধ্যে সাইকেল নিয়ে জঙ্গলের মধ্যে সাইকেল নিয়ে জঙ্গলের মধ্যে,0.099999999975,0.4444444439506172,0.1632653030570596,0.1632653030570596,0.045454543419421574,0.1304347802835539,0,0,0.14857142857142858,0.2352941175086505
2403078014_4b1d6f8bde.jpg,একজন সাইকেল চালক একটি বক্ররেখার চারপাশে সাইকেল চালাচ্ছে,0.49999999937499995,0.4444444439506172,0.4705882297577854,0.4705882297577854,0.13333332817777796,0.4705882297577854,0,0,0.5128205128205128,0.3636363633057851
2739332078_13d9acce59.jpg,একজন মহিলা এবং একজন মহিলা,0.1999999996,0.16666666638888888,0.1818181765289258,0.1818181765289258,0.0,0.1818181765289258,0,0,0.4,0.12499999984374999
244571201_0339d8e8d1.jpg,তিনটি বাচ্চা পানিতে লাফ দিচ্ছে,0.0,0.0,0.0,0.0,0.0,0.0,0,0,0.33333333333333337,0.0
2261962622_e9318a95eb.jpg,একজন তরুণী বাস্কেটবল খেলছে,0.249999999375,0.1999999996,0.2222222167901236,0.2222222167901236,0.0,0.2222222167901236,0,0,0.40625,0.12499999984374999
3148571800_c5515e6c3d.jpg,একজন লোক আগুনের পাশে দাঁড়িয়ে আছে,0.33333333277777777,0.33333333277777777,0.3333333277777778,0.3333333277777778,0.19999999460000012,0.3333333277777778,0,0,0.5217391304347826,0.1999999998
773.png,একটি শিশু আছে।,0.3333333322222222,0.249999999375,0.28571428000000004,0.28571428000000004,0.0,0.28571428000000004,0,0,0.4285714285714286,0.16666666638888888
4742.png,একটি সাইন নিয়ে কয়েকজন মানুষ আছে।,0.33333333277777777,0.2222222219753086,0.2666666615111111,0.2666666615111111,0.0,0.21052631124653745,0,0,0.2941176470588235,0.15384615372781063
990890291_afc72be141.jpg,একজন লোক তার সাইকেল চালাচ্ছে ।,0.33333333277777777,0.33333333277777777,0.3333333277777778,0.3333333277777778,0.19999999460000012,0.3333333277777778,0,0,0.6,0.1999999998
3480052428_c034b98a08.jpg,একটা বয়স্ক লোক একটি পতাকার সামনে দাড়িয়ে আছে ৩ জন মহিলা ও একটি পরিবার পানির ফোয়ারার সামনে দাঁড়িয়ে আছে,0.10526315783933518,0.49999999875,0.17391304045368622,0.17391304045368622,0.09523809269841275,0.17391304045368622,0,0,0.2816901408450704,0.1111111110493827
2594.png,একজন পুরুষ আছে।,0.3333333322222222,0.16666666638888888,0.2222222172839507,0.2222222172839507,0.0,0.2222222172839507,0,0,0.375,0.12499999984374999
6517.png,একটি রাস্তা দিয়ে ভ্যান চালিয়ে যাচ্ছে ৬ জন বিদেশি মহিলা ও মাঝখানে একটি পাকা রাস্তা দিয়ে ভ্যান চালিয়ে যাচ্ছে ৬ জন বিদেশি মহিলা ও মাঝখানে একটি পাকা রাস্তা দিয়ে ভ্যান চালিয়ে যাচ্ছে ৬ জন বিদেশি মহিলা ও মাঝখানে একটি পাকা,0.12499999996875,0.26315789459833794,0.16949152099971282,0.16949152099971282,0.07017543425053889,0.16949152099971282,0,0,0.25531914893617025,0.15384615378698224
6998.png,গরুর গাড়ি ও গরু আছে।,0.1999999996,0.0999999999,0.13333332871111125,0.13333332871111125,0.0,0.13333332871111125,0,0,0.22857142857142854,0.07142857137755101
3579842996_3a62ec1bc7.jpg,একজন লোক একটি <unk>,0.49999999875,0.3999999992,0.4444444385185186,0.4444444385185186,0.0,0.4444444385185186,0,0,0.375,0.2857142853061225
20220602_171836.jpg,একটি শিশু দাড়িয়ে আছে।,0.0,0.0,0.0,0.0,0.0,0.0,0,0,0.30434782608695654,0.0
3658.png,তিনজন পুরুষ পাশাপাশি দাড়িয়ে আছে।,0.3999999992,0.6666666644444444,0.49999999406250006,0.49999999406250006,0.0,0.49999999406250006,0,0,0.44999999999999996,0.33333333277777777
2278110011_ba846e7795.jpg,একটি ছোট ছেলেটি ঘাসের উপর শুয়ে আছে,0.2857142853061225,0.2857142853061225,0.28571428030612256,0.28571428030612256,0.16666666138888903,0.28571428030612256,0,0,0.5384615384615384,0.16666666652777776
8174.png,একজন লোক একটি ইটের দেয়াল বেয়ে উঠছে।,0.14285714265306124,0.1999999996,0.16666666152777793,0.16666666152777793,0.0,0.16666666152777793,0,0,0.3846153846153846,0.09090909082644627
224.png,একজন পুরুষ একটি টিনের ঘর দেখা যাচ্ছে।,0.2857142853061225,0.16666666652777776,0.2105263109141275,0.2105263109141275,0.0,0.2105263109141275,0,0,0.30952380952380953,0.11764705875432525
460195978_fc522a4979.jpg,একটি কুকুর একটি কালো কুকুর একটি কালো কুকুর একটি কালো কুকুর একটি কালো কুকুর একটি কালো কুকুর একটি কালো কুকুর একটি কালো কুকুর একটি কালো কুকুর একটি কালো কুকুর একটি কালো কুকুর একটি কালো কুকুর একটি কালো কুকুর একটি কালো,0.099999999975,0.49999999937499995,0.16666666381944448,0.16666666381944448,0.08695651912098307,0.16666666381944448,0,0,0.1917808219178082,0.2857142853061225
8842.png,একজন স্কেটবোর্ডার একটি <unk> উপরে দাড়িয়ে আছে আর তার মাঝখানের রেলিংয়ে পিছল খাচ্ছে,0.07692307686390532,0.3333333322222222,0.12499999679687505,0.12499999679687505,0.0,0.12499999679687505,0,0,0.4,0.06666666662222222
3193.png,একজন পুরুষ মাথায় করে আছে।,0.3999999992,0.6666666644444444,0.49999999406250006,0.49999999406250006,0.0,0.49999999406250006,0,0,0.5,0.33333333277777777
5285.png,একটি ভবন আছে।,0.6666666644444444,0.24999999968749997,0.36363635900826446,0.36363635900826446,0.0,0.36363635900826446,0,0,0.2666666666666667,0.2222222219753086
6307.png,একজন লোক ছাতা ধরে আছে।,0.5999999988,0.5999999988,0.5999999938,0.5999999938,0.14285713857142868,0.5999999938,0,0,0.7058823529411764,0.4285714279591837
6066.png,একটি নৌকায় কয়েকজন মানুষ আছে।,0.3999999992,0.6666666644444444,0.49999999406250006,0.49999999406250006,0.33333332777777785,0.49999999406250006,0,0,0.44999999999999996,0.33333333277777777
504904434_889f426c6e.jpg,একটি লোক একটি ভবনের বাইরে একটি বাস্কেটবল হাতে রয়েছে,0.2222222219753086,0.24999999968749997,0.23529411238754333,0.23529411238754333,0.0,0.23529411238754333,0,0,0.40909090909090906,0.13333333324444444
3609952704_3719ab0524.jpg,একটি শিশু একটি বল হাতে নিয়ে একটি বল হাতে নিয়ে একটি বল হাতে নিয়ে একটি বল হাতে নিয়ে একটি বল হাতে নিয়ে একটি বল হাতে নিয়ে একটি বল হাতে নিয়ে একটি বল হাতে নিয়ে একটি বল হাতে নিয়ে একটি বল,0.099999999975,0.3333333330555555,0.15384615023668646,0.15384615023668646,0.042553188646446534,0.15384615023668646,0,0,0.24615384615384617,0.16666666652777776
4730.png,একটি ট্রেন যাচ্ছে পাশে একটি রাস্তা।,0.16666666638888888,0.4999999975,0.24999999562500003,0.24999999562500003,0.0,0.24999999562500003,0,0,0.2272727272727273,0.16666666638888888
2529205842_bdcb49d65b.jpg,সাদা পোশাকের একজন বাস্কেটবল হতে তুলে বাস্কেটবল খেলছে,0.24999999968749997,0.6666666644444444,0.36363635900826446,0.36363635900826446,0.22222221827160496,0.36363635900826446,0,0,0.4385964912280702,0.24999999968749997
3181409177_edb09c2718.jpg,একজন লোক বাইসাইকেলে চড়ে শূন্যে ভাসছে,0.16666666638888888,0.1999999996,0.1818181765289258,0.1818181765289258,0.09523809151927451,0.1818181765289258,0,0,0.3448275862068966,0.09999999995
735787579_617b047319.jpg,দুটি ছেলে একটি সিমেন্টের পাহাড়ে।,0.3999999992,0.1999999998,0.2666666618666667,0.2666666618666667,0.15384614934911253,0.2666666618666667,0,0,0.2962962962962963,0.16666666652777776
1288.png,একদল লোক গুলো মানুষ নিয়ে যাচ্ছে।,0.16666666638888888,0.1111111109876543,0.13333332835555572,0.13333332835555572,0.0,0.13333332835555572,0,0,0.3125,0.07142857137755101
358559906_d5f3f584f4.jpg,একটি ছেলে জল প্রবাহিত হচ্ছে।,0.1999999996,0.14285714265306124,0.16666666152777793,0.16666666152777793,0.0,0.16666666152777793,0,0,0.42307692307692313,0.09090909082644627
261.png,একজন মানুষ হেঁটে যাচ্ছে।,0.49999999875,0.14285714275510203,0.22222221851851853,0.22222221851851853,0.12499999679687505,0.22222221851851853,0,0,0.27083333333333337,0.15384615372781063
3544312930_3a0b8d70c1.jpg,লাল রঙের জামা এবং লাল রঙের জামা এবং লাল রঙের জামা এবং লাল রঙের জামা এবং লাল রঙের জামা এবং লাল রঙের জামা এবং লাল রঙের জামা এবং লাল রঙের জামা এবং লাল রঙের জামা এবং লাল রঙের জামা এবং,0.07499999998125,0.23076923059171597,0.11320754342470642,0.11320754342470642,0.03921568266051552,0.11320754342470642,0,0,0.22480620155038755,0.14285714275510203
8117.png,কয়েকজন লোক দাঁড়িয়ে আছে।,0.49999999875,0.1999999998,0.28571428122448983,0.28571428122448983,0.16666666263888896,0.28571428122448983,0,0,0.48,0.16666666652777776
5222.png,একটি ব্রীজ বানাচ্ছে।,0.3333333322222222,0.16666666638888888,0.2222222172839507,0.2222222172839507,0.0,0.2222222172839507,0,0,0.33333333333333337,0.12499999984374999
8798.png,নদীতে নৌকা বাধা আছে একজন পুরুষ।,0.49999999916666665,0.37499999953124996,0.4285714230612245,0.4285714230612245,0.0,0.2857142804081633,0,0,0.3793103448275862,0.2727272724793388
2565657591_6c1cdfc092.jpg,একজন লোক একটি <unk> <unk> <unk> <unk> <unk> <unk> <unk> <unk> <unk> <unk> <unk> <unk> <unk> <unk> <unk> <unk> <unk> <unk> <unk> <unk> <unk> <unk> <unk> <unk> <unk> <unk> <unk> <unk> <unk> <unk> <unk> <unk> <unk> <unk> <unk> <unk> <unk>,0.02499999999375,0.1999999996,0.0444444424493828,0.0444444424493828,0.0,0.0444444424493828,0,0,0.0691823899371069,0.12499999984374999
3189002057_3ef61b803e.jpg,দুজন লোক দাঁড়িয়ে আছে,0.0,0.0,0.0,0.0,0.0,0.0,0,0,0.2142857142857143,0.0
7188.png,কয়েকজন মানুষ আছে।,0.3333333322222222,0.3333333322222222,0.33333332722222225,0.33333332722222225,0.0,0.33333332722222225,0,0,0.33333333333333337,0.1999999996
7128.png,গাছের সারির মাঝে একটা গাছের লতা নিয়ে রাস্তা দিয়ে রাস্তা দিয়ে রাস্তা দিয়ে রাস্তা দিয়ে রাস্তা দিয়ে রাস্তা দিয়ে রাস্তা দিয়ে রাস্তা দিয়ে রাস্তা দিয়ে রাস্তা দিয়ে রাস্তা দিয়ে রাস্তা দিয়ে রাস্তা দিয়ে রাস্তা দিয়ে রাস্তা দিয়ে রাস্তা দিয়ে রাস্তা,0.0,0.0,0.0,0.0,0.0,0.0,0,0,0.11428571428571432,0.0
2951092164_4940b9a517.jpg,একটি ছোট্ট ছেলেটি খেলছে,0.249999999375,0.08333333326388888,0.1249999960937501,0.1249999960937501,0.0,0.1249999960937501,0,0,0.31818181818181823,0.07692307686390532
2472.png,কয়েকজন পুরুষ দাড়িয়ে আছে।,0.249999999375,0.0624999999609375,0.0999999967000001,0.0999999967000001,0.0,0.0999999967000001,0,0,0.25,0.05263157891966759
3660361818_e05367693f.jpg,একজন রাইডার শূন্যে।,0.3333333322222222,0.1111111109876543,0.16666666263888896,0.16666666263888896,0.0,0.16666666263888896,0,0,0.2727272727272727,0.09090909082644627
3117562746_62f57a02b5.jpg,একটি বাদামি কুকুর তুষার দিয়ে চলছে,0.49999999916666665,0.37499999953124996,0.4285714230612245,0.4285714230612245,0.16666666152777793,0.4285714230612245,0,0,0.5384615384615384,0.2727272724793388
8689.png,একজন লোক পানির উপরে একটি মাছ ধরার জাল দিয়ে মাছ ধরার জাল দিয়ে মাছ ধরার জাল দিয়ে মাছ ধরার জাল দিয়ে মাছ ধরার জাল দিয়ে মাছ ধরার জাল দিয়ে মাছ ধরার জাল দিয়ে মাছ ধরার জাল দিয়ে মাছ ধরার জাল,0.0499999999875,0.24999999968749997,0.08333333052083343,0.08333333052083343,0.043478258270321514,0.08333333052083343,0,0,0.17293233082706772,0.13333333324444444
6821.png,সমুদ্র পাড়ে একটি শিশু সাইকেল চালাচ্ছে।,0.49999999916666665,0.24999999979166665,0.33333332851851855,0.33333332851851855,0.12499999554687513,0.22222221753086427,0,0,0.2325581395348837,0.19999999986666667
267836606_bbea2267c8.jpg,একটি কালো কুকুর একটি কালো কুকুর,0.49999999916666665,0.49999999916666665,0.4999999941666667,0.4999999941666667,0.39999999420000004,0.4999999941666667,0,0,0.6666666666666667,0.5999999988
629.png,একজন পুরুষ পানিতে নেমে গোসল করছে।,0.33333333277777777,0.3999999992,0.36363635801652905,0.36363635801652905,0.0,0.36363635801652905,0,0,0.5652173913043479,0.2222222219753086
8592.png,অনেকগুলো মানুষ দাড়িয়ে আছে।,0.49999999875,0.6666666644444444,0.5714285648979592,0.5714285648979592,0.0,0.5714285648979592,0,0,0.625,0.3999999992
7621.png,একটি ছোট বাচ্চা একটি <unk>,0.3999999992,0.18181818165289254,0.249999995390625,0.249999995390625,0.0,0.249999995390625,0,0,0.3421052631578947,0.15384615372781063
2786299623_a3c48bd318.jpg,এক মহিলা এবং একটি মহিলা এবং একটি মহিলা এবং একটি মহিলা এবং একটি মহিলা এবং একটি মহিলা এবং একটি মহিলা এবং একটি মহিলা এবং একটি মহিলা এবং একটি মহিলা এবং একটি মহিলা এবং একটি মহিলা এবং একটি মহিলা এবং একটি,0.0499999999875,0.3999999992,0.08888888687407412,0.08888888687407412,0.04651162619794489,0.08888888687407412,0,0,0.16551724137931034,0.2857142853061225
1265.png,অনেকগুলো নারী ও পুরুষ আছে।,0.5999999988,0.49999999916666665,0.5454545395041324,0.5454545395041324,0.2222222167901236,0.5454545395041324,0,0,0.65,0.37499999953124996
5938.png,একজন পুরুষ বালতি পানি দিয়ে খেলছে।,0.16666666638888888,0.249999999375,0.1999999948000001,0.1999999948000001,0.0,0.1999999948000001,0,0,0.4545454545454546,0.1111111109876543
315880837_90db309bab.jpg,বরফের মধ্যে কিছু কুকুর দৌড়ে বেড়াচ্ছে,0.33333333277777777,0.33333333277777777,0.3333333277777778,0.3333333277777778,0.0,0.16666666138888903,0,0,0.3571428571428571,0.1999999998
inbound96910276058087115.jpg,একটি বিড়াল আছে।,0.3333333322222222,0.0999999999,0.15384615005917168,0.15384615005917168,0.0,0.15384615005917168,0,0,0.31818181818181823,0.09090909082644627
4540.png,একজন পুরুষ পানিতে জাল ফেলছে।,0.1999999996,0.1999999996,0.19999999460000012,0.19999999460000012,0.0,0.19999999460000012,0,0,0.42105263157894735,0.1111111109876543
3641456303_c50c33337b.jpg,একটি লম্বা আসনে একজন মহিলা একটি পার্কে বসে আছে যাদের পিছনে অনেক মানুষ যাদের বেশিরভাগ লাল ইটের ভবনের সামনে সিমেন্টের বেঞ্চে বসে থাকা লোকের কাপড়ে রাস্তার পাশে বসে আছে।,0.17241379304399523,0.45454545413223135,0.24999999588750002,0.24999999588750002,0.10526315396121899,0.19999999591250006,0,0,0.27192982456140347,0.1666666666111111
1474474514_b3eb492722.jpg,একটি শিশু একটি <unk> একটি <unk> একটি <unk> একটি <unk> একটি <unk> একটি <unk> একটি <unk> একটি <unk> একটি <unk> একটি <unk> একটি <unk> একটি <unk> একটি <unk> একটি <unk> একটি <unk> একটি <unk> একটি <unk> একটি <unk> একটি <unk>,0.0499999999875,0.49999999875,0.09090908921487605,0.09090908921487605,0.0476190462698413,0.09090908921487605,0,0,0.08227848101265822,0.3999999992
537758332_8beb9cf522.jpg,তিনটি শিশু একটি <unk> স্লাইড বেয়ে নিচে নামছে,0.6249999992187499,0.5555555549382716,0.5882352884429066,0.5882352884429066,0.2666666613333334,0.5882352884429066,0,0,0.5675675675675675,0.41666666631944443
3495453699_1c9faedf3c.jpg,একটি যুবতী একটি শিশু একটি মূর্তিতে <unk> করছে,0.37499999953124996,0.19999999986666667,0.26086956045368626,0.26086956045368626,0.0,0.17391303879017025,0,0,0.32727272727272727,0.15384615372781063
7418.png,একটি নৌকায় কয়েকজন মানুষ আছে।,0.7999999984,0.6666666655555555,0.7272727209917357,0.7272727209917357,0.4444444385185186,0.7272727209917357,0,0,0.9047619047619048,0.571428570612245
7479.png,পানিতে দুইটি শিশু আছে।,0.49999999875,0.3999999992,0.4444444385185186,0.4444444385185186,0.0,0.4444444385185186,0,0,0.5,0.2857142853061225
3087.png,একজন পুরুষ একটি টাওয়ার আছে।,0.1999999996,0.3333333322222222,0.24999999468750006,0.24999999468750006,0.0,0.24999999468750006,0,0,0.35,0.14285714265306124
1579287915_4257c54451.jpg,এক লোক পাথরের উপর দিয়ে নিচে পাথরের উপর দিয়ে নিচে পাথরের উপর দিয়ে নিচে পাথরের উপর দিয়ে নিচে পাথরের উপর দিয়ে নিচে পাথরের উপর দিয়ে নিচে পাথরের উপর দিয়ে নিচে পাথরের উপর দিয়ে নিচে পাথরের উপর দিয়ে নিচে পাথরের উপর,0.07499999998125,0.37499999953124996,0.12499999717013895,0.12499999717013895,0.043478258270321514,0.12499999717013895,0,0,0.18120805369127513,0.2727272724793388
IMG_2217.JPG,লোক টির মুখে কালো চশমা,0.3999999992,0.33333333277777777,0.36363635801652905,0.36363635801652905,0.1999999948000001,0.33333332791666676,0,0,0.4347826086956522,0.2222222219753086
7739.png,একটি ধূসর এলোমেলো চুল সাদা।,0.1999999996,0.1999999996,0.19999999460000012,0.19999999460000012,0.0,0.19999999460000012,0,0,0.3448275862068966,0.1111111109876543
3084011028_d1e2c40d7d.jpg,চারজন পুরুষ একসাথে ছবি তুলছেন,0.3999999992,0.3999999992,0.39999999420000004,0.39999999420000004,0.2499999943750001,0.39999999420000004,0,0,0.6190476190476191,0.24999999968749997
6861.png,একজন মানুষ হেঁটে যাচ্ছে।,0.249999999375,0.249999999375,0.2499999943750001,0.2499999943750001,0.0,0.2499999943750001,0,0,0.5333333333333333,0.14285714265306124
4896.png,এটি একটি রাস্তা।,0.0,0.0,0.0,0.0,0.0,0.0,0,0,0.19999999999999996,0.0
1446933195_8fe9725d62.jpg,একটি কালো কুকুর একটি লাল ফিতা দিয়ে মোড়ানো আছে,0.3333333329629629,0.2727272724793388,0.29999999475000005,0.29999999475000005,0.11111110604938293,0.29999999475000005,0,0,0.43333333333333335,0.16666666652777776
7461.png,কয়েকজন নারী ও একজন নারী আছে।,0.16666666638888888,0.16666666638888888,0.16666666138888903,0.16666666138888903,0.0,0.16666666138888903,0,0,0.31818181818181823,0.0999999999
IMG_8202.JPG,একটা লোক বসে আছে,0.49999999875,0.49999999875,0.4999999937500001,0.4999999937500001,0.33333332722222225,0.4999999937500001,0,0,0.5833333333333333,0.33333333277777777
2260.png,একজন পুরুষ এবং একজন মহিলা একটি ছবির জন্য পোজ দিচ্ছেন,0.0999999999,0.249999999375,0.14285713857142868,0.14285713857142868,0.0,0.14285713857142868,0,0,0.275,0.08333333326388888
3261.png,লোকটির মুখ মলিন হয়ে আছে,0.1999999996,0.08333333326388888,0.11764705453287211,0.11764705453287211,0.0,0.11764705453287211,0,0,0.3529411764705882,0.0624999999609375
5528.png,একজন পুরুষ কাজ করছে।,0.9999999975,0.9999999975,0.9999999925,0.9999999925,0.9999999916666666,0.9999999925,1,1,1.0,0.9999999975
697582336_601462e052.jpg,একটি কালো কুকুর ঘাসের উপর দৌড়াচ্ছে,0.8333333319444445,0.7142857132653061,0.7692307630769232,0.7692307630769232,0.36363635801652905,0.4615384558579882,0,0,0.5454545454545454,0.6249999992187499
5370.png,তিনটি ছেলে একটি লেকের পারে যেখানে একটি ছেলে দাড়িয়ে আছে।,0.29999999969999996,0.7499999981250001,0.42857142387755104,0.42857142387755104,0.3333333290277778,0.42857142387755104,0,0,0.3142857142857143,0.3333333329629629
3041487045_b48ac7ed08.jpg,একটি কুকুর ঘাসের মধ্যে দিয়ে লাফ দিলো,0.4285714279591837,0.5999999988,0.4999999943055557,0.4999999943055557,0.1999999948000001,0.4999999943055557,0,0,0.625,0.3333333329629629
9045.png,একটি শিশু একটি পুরনো রাস্তা দিয়ে হেঁটে যাচ্ছে।,0.49999999937499995,0.3636363633057851,0.42105262626038775,0.42105262626038775,0.23529411252595167,0.42105262626038775,0,0,0.5128205128205128,0.28571428551020406
3090957866_f1b2b7f214.jpg,একজন লোক একটি শপিং ব্যাগ বহন করে,0.14285714265306124,0.12499999984374999,0.13333332817777796,0.13333332817777796,0.0,0.13333332817777796,0,0,0.31707317073170727,0.07142857137755101
3090398639_68c0dfa9a5.jpg,একটি সাইকেল এর মধ্যে এক লোক সাইকেল চালাচ্ছে,0.49999999937499995,0.6666666655555555,0.5714285657142858,0.5714285657142858,0.4999999943055557,0.5714285657142858,0,0,0.6451612903225806,0.4444444439506172
6423.png,একজন নারী আছে।,0.3333333322222222,0.249999999375,0.28571428000000004,0.28571428000000004,0.0,0.28571428000000004,0,0,0.46153846153846156,0.16666666638888888
_MG_3607.JPG,একটা ছেলে বসে আছে,0.7499999981250001,0.7499999981250001,0.7499999931250001,0.7499999931250001,0.6666666607407408,0.7499999931250001,0,1,1.0,0.5999999988
1379.png,একটি শিশু বসে কাজ করছে,0.3999999992,0.3999999992,0.39999999420000004,0.39999999420000004,0.2499999943750001,0.39999999420000004,0,0,0.7222222222222222,0.24999999968749997
2452686995_621878f561.jpg,একটি রাস্তা দিয়ে পানি জমে থাকা গাছের নিচে দাড়িয়ে আছে।,0.29999999969999996,0.23076923059171597,0.2608695600756144,0.2608695600756144,0.09523809024943336,0.2608695600756144,0,0,0.3939393939393939,0.149999999925
5301.png,পানিতে কয়েকজন মানুষ আছে।,0.7499999981250001,0.37499999953124996,0.49999999472222234,0.49999999472222234,0.1999999954000001,0.49999999472222234,0,0,0.43333333333333335,0.37499999953124996
2447284966_d6bbdb4b6e.jpg,একটি শিশু একটি <unk>,0.7499999981250001,0.1874999998828125,0.29999999650000003,0.29999999650000003,0.0,0.29999999650000003,0,0,0.23529411764705888,0.15384615372781063
8304.png,একজন পুরুষ একটি <unk>,0.249999999375,0.3333333322222222,0.28571428000000004,0.28571428000000004,0.0,0.28571428000000004,0,0,0.4375,0.16666666638888888
2838.png,কয়েকজন পুরুষ পাশাপাশি দাড়িয়ে আছে।,0.9999999980000001,0.9999999980000001,0.9999999930000001,0.9999999930000001,0.4999999937500001,0.7999999934,0,0,0.5238095238095238,0.9999999980000001
2226.png,একটি নৌকায় একজন মানুষ আছে।,0.1999999996,0.12499999984374999,0.15384614887573977,0.15384614887573977,0.0,0.15384614887573977,0,0,0.33333333333333337,0.08333333326388888
1116.png,একটি খরের উপরে একটি মন্দির দেখা যাচ্ছে,0.0,0.0,0.0,0.0,0.0,0.0,0,0,0.34375,0.0
5883.png,একটি সেতুর উপর কয়েকজন মানুষ কাজ করছেন কিছু মানুষ।,0.3333333329629629,0.15789473675900276,0.21428570977040823,0.21428570977040823,0.07692307260355052,0.21428570977040823,0,0,0.36363636363636365,0.14285714278911565
2338627102_6708a9b4fd.jpg,একজন লোক পাথুরে <unk> সামনে দাঁড়িয়ে আছে।,0.2857142853061225,0.2222222219753086,0.24999999476562512,0.24999999476562512,0.0,0.24999999476562512,0,0,0.48571428571428577,0.14285714275510203
2704934519_457dc38986.jpg,একটি শিশু হ্রদে লাফ দিলো,0.3999999992,0.2222222219753086,0.2857142807142858,0.2857142807142858,0.0,0.2857142807142858,0,0,0.368421052631579,0.16666666652777776
3516825206_5750824874.jpg,একটি ছোট মেয়ে একটি শিশু একটি ছোট ছেলে এবং একজন মহিলা একটি ছোট ছেলে এবং একজন মহিলা একটি ছোট ছেলে এবং একজন মহিলা একটি ছোট ছেলে এবং একজন মহিলা একটি ছোট ছেলে এবং একজন মহিলা একটি ছোট ছেলে এবং একজন,0.0499999999875,0.24999999968749997,0.08333333052083343,0.08333333052083343,0.04081632326530638,0.08333333052083343,0,0,0.17361111111111116,0.14285714275510203
3354883962_170d19bfe4.jpg,একটি সাদা কুকুর একটি সাদা পুরু বরফের উপর দিয়ে দৌড়ায়,0.29999999969999996,0.5999999988,0.39999999502222217,0.39999999502222217,0.24999999476562512,0.39999999502222217,0,0,0.5,0.29999999969999996
2058124718_89822bc96e.jpg,ধুসর ধুসর কুকুর নিজের শরীর থেকে দৌড়ে বেড়াচ্ছে,0.37499999953124996,0.7499999981250001,0.49999999472222234,0.49999999472222234,0.1999999954000001,0.49999999472222234,0,0,0.4,0.37499999953124996
8634.png,দুইজন নারী বসে আলো ছায়ার মাঝে রাখা আছে,0.24999999968749997,0.33333333277777777,0.2857142804081633,0.2857142804081633,0.16666666152777793,0.2857142804081633,0,0,0.5,0.16666666652777776
4738.png,একটি উচু জায়গা দেখা যাচ্ছে।,0.3999999992,0.6666666644444444,0.49999999406250006,0.49999999406250006,0.33333332777777785,0.49999999406250006,0,0,0.4545454545454546,0.33333333277777777
3275704430_a75828048f.jpg,একজন লোক হাতে একটি ছবির দিকে তাকিয়ে আছে,0.24999999968749997,0.18181818165289254,0.21052631069252087,0.21052631069252087,0.0,0.21052631069252087,0,0,0.3928571428571429,0.11764705875432525
1578.png,একজন পুরুষ আছে।,0.3333333322222222,0.09090909082644627,0.14285713928571436,0.14285713928571436,0.0,0.14285713928571436,0,0,0.21621621621621623,0.09090909082644627
539744890_85e63f5854.jpg,একটি ছেলে একটি খুঁটিতে দুলছে,0.5999999988,0.21428571413265304,0.3157894694736842,0.3157894694736842,0.2352941137716263,0.3157894694736842,0,0,0.32499999999999996,0.13333333324444444
1196602179.jpg,একটি ছোট ছেলে দৌড়াচ্ছে,0.249999999375,0.12499999984374999,0.16666666194444454,0.16666666194444454,0.0,0.16666666194444454,0,0,0.2432432432432432,0.09090909082644627
498.png,অনেকগুলো শিশু ও শিশু আছে।,0.3999999992,0.33333333277777777,0.36363635801652905,0.36363635801652905,0.0,0.36363635801652905,0,0,0.38095238095238093,0.24999999968749997
6762.png,একটি লোক ফল বিক্রি করছে,0.1999999996,0.12499999984374999,0.15384614887573977,0.15384614887573977,0.0,0.15384614887573977,0,0,0.4444444444444444,0.08333333326388888
1989.png,একটি শিশু বসে আছে।,0.249999999375,0.16666666638888888,0.1999999948000001,0.1999999948000001,0.0,0.1999999948000001,0,0,0.31818181818181823,0.1111111109876543
3195040792_a03954a19f.jpg,তিনটি কুকুর একটি সাদা কুকুর,0.3999999992,0.6666666644444444,0.49999999406250006,0.49999999406250006,0.36363635834710756,0.49999999406250006,0,0,0.5,0.3999999992
1273001772_1585562051.jpg,শিশুরা পটভূমিতে দাঁড়িয়ে আছে,0.249999999375,0.1111111109876543,0.15384614934911253,0.15384614934911253,0.0,0.15384614934911253,0,0,0.29032258064516125,0.08333333326388888
4891.png,জলাশয়ের পাশে একটি নৌকা দেখা যাচ্ছে।,0.16666666638888888,0.249999999375,0.1999999948000001,0.1999999948000001,0.0,0.1999999948000001,0,0,0.31818181818181823,0.1111111109876543
8788.png,একটি শিশু হাতে একটি খেলনা নিয়ে খেলছে,0.2857142853061225,0.49999999875,0.36363635834710756,0.36363635834710756,0.2222222172839507,0.36363635834710756,0,0,0.5,0.24999999968749997
4209.png,লাল রঙের টি শার্ট পরা ছোট মেয়ে লাল রঙের বেলুন উড়িয়ে চলছে,0.08333333326388888,0.1111111109876543,0.09523809024943336,0.09523809024943336,0.0,0.09523809024943336,0,0,0.30000000000000004,0.05555555552469135
2219.png,কয়েকজন ছেলে একসাথে দাড়িয়ে আছে।,0.1999999996,0.1111111109876543,0.14285713806122466,0.14285713806122466,0.0,0.14285713806122466,0,0,0.3513513513513513,0.07692307686390532
IMG_8289.JPG,লোক টি শাড়ি পরে আছে,0.7999999984,0.6666666655555555,0.7272727209917357,0.7272727209917357,0.4444444385185186,0.7272727209917357,0,0,0.6111111111111112,0.571428570612245
3393394134_0caac47e1c.jpg,একটি সাদা কুকুর ঘাসে শুয়ে থাকা একটি বাদামী কুকুর ঘাসে শুয়ে থাকা একটি বাদামী কুকুর ঘাসে শুয়ে থাকা একটি বাদামী কুকুর ঘাসে শুয়ে থাকা একটি বাদামী কুকুর ঘাসে শুয়ে থাকা একটি বাদামী কুকুর ঘাসে শুয়ে থাকা একটি বাদামী কুকুর ঘাসে,0.07499999998125,0.49999999916666665,0.1304347802835539,0.1304347802835539,0.09090908885330583,0.1304347802835539,0,0,0.17266187050359716,0.29999999969999996
3636543173_15f56515e5.jpg,একজন লোক এবং <unk>,0.49999999875,0.15384615372781063,0.2352941137716263,0.2352941137716263,0.1333333299555556,0.2352941137716263,0,0,0.38888888888888884,0.14285714275510203
3391209042_d2de8a8978.jpg,একটি এশিয়ান মহিলা তার মাথা ছড়িয়ে দাঁড়িয়ে আছে,0.12499999984374999,0.1111111109876543,0.11764705370242234,0.11764705370242234,0.0,0.11764705370242234,0,0,0.2558139534883721,0.0624999999609375
6708.png,একটি কারখানায় বসে কাজ করছে যার সামনে বসে পথচারীদের মধ্যে শুয়ে আছে।,0.24999999979166665,0.7499999981250001,0.37499999578125004,0.37499999578125004,0.14285713928571436,0.37499999578125004,0,0,0.28260869565217395,0.24999999979166665
3548.png,তিনজন পুরুষ বসে আছে।,0.9999999975,0.4444444439506172,0.6153846101775148,0.6153846101775148,0.36363635900826446,0.6153846101775148,0,0,0.4117647058823529,0.49999999937499995
7936.png,একজন পুরুষ বসে কাজ করছে যার মাঝে একজন অন্ধ পুরুষ।,0.1999999998,0.24999999968749997,0.22222221703703712,0.22222221703703712,0.0,0.22222221703703712,0,0,0.32432432432432434,0.13333333324444444
2052202553_373dad145b.jpg,একটি কুকুর পানির মধ্যে দিয়ে দৌড়ে যাচ্ছে,0.4285714279591837,0.29999999969999996,0.35294117121107266,0.35294117121107266,0.15384614863905344,0.35294117121107266,0,0,0.5277777777777778,0.23076923059171597
3392.png,একজন বৃদ্ধ লোক বসে আছে,0.3999999992,0.15384615372781063,0.22222221796296296,0.22222221796296296,0.0,0.11111110697530877,0,0,0.3529411764705882,0.13333333324444444
760180310_3c6bd4fd1f.jpg,একটি কুকুর একটি <unk>,0.9999999975,0.28571428551020406,0.4444444404938272,0.4444444404938272,0.24999999664062497,0.4444444404938272,0,0,0.31818181818181823,0.24999999979166665
530454257_66d58b49ee.jpg,একটি ছোট ছেলে একটি শপিং <unk>,0.6666666655555555,0.26666666648888887,0.3809523765079365,0.3809523765079365,0.10526315390581731,0.2857142813605443,0,0,0.3142857142857143,0.1874999998828125
7921.png,একটি মসজিদ আছে।,0.0,0.0,0.0,0.0,0.0,0.0,0,0,0.2222222222222222,0.0
381052465_722e00807b.jpg,একটি <unk> একটি <unk> রাস্তা পার হচ্ছে।,0.2857142853061225,0.15384615372781063,0.1999999952500001,0.1999999952500001,0.0,0.1999999952500001,0,0,0.34782608695652173,0.12499999984374999
343571247_549607250634340_8226430945829526946_n.jpg,সবুজ ঘাস কাটার যন্ত্রটি তাদের হাত ধরে দাড়িয়ে আছে একজন পুরুষ।,0.3636363633057851,0.28571428551020406,0.31999999481600006,0.31999999481600006,0.0869565167485825,0.23999999488000007,0,0,0.39622641509433965,0.19047619038548752
3190.png,একজন মহিলা কল এর কাছে দাঁড়িয়ে আছে,0.4285714279591837,0.19999999986666667,0.2727272681404959,0.2727272681404959,0.09999999570000016,0.18181817731404967,0,0,0.29166666666666663,0.15789473675900276
3651476768_2bae721a6b.jpg,দু'জন লোক বসে আছে,0.249999999375,0.1999999996,0.2222222167901236,0.2222222167901236,0.0,0.2222222167901236,0,0,0.4736842105263158,0.12499999984374999
594.png,একটি নৌকায় একজন মানুষ আছে।,0.1999999996,0.1999999996,0.19999999460000012,0.19999999460000012,0.0,0.19999999460000012,0,0,0.2666666666666667,0.1111111109876543
1600208439_e94527b80f.jpg,একটি কালো কুকুর মুখে গাছের ডাল নিয়ে দৌড়াচ্ছে,0.37499999953124996,0.7499999981250001,0.49999999472222234,0.49999999472222234,0.0,0.49999999472222234,0,0,0.5357142857142857,0.3333333329629629
3085226474_62aba51179.jpg,একটি <unk> একটি দল একটি <unk>,0.16666666638888888,0.14285714265306124,0.15384614863905344,0.15384614863905344,0.0,0.15384614863905344,0,0,0.2727272727272727,0.1111111109876543
1884.png,সামনের দিকে তাকিয়ে।,0.3333333322222222,0.0999999999,0.15384615005917168,0.15384615005917168,0.0,0.15384615005917168,0,0,0.24390243902439024,0.0999999999
3322.png,একটি নৌকায় কয়েকজন মানুষ আছে।,0.3999999992,0.3999999992,0.39999999420000004,0.39999999420000004,0.0,0.19999999460000012,0,0,0.33333333333333337,0.24999999968749997
6576.png,একজন বালক মুখে হাত দিয়ে আছে,0.33333333277777777,0.49999999875,0.3999999944,0.3999999944,0.24999999468750006,0.3999999944,0,0,0.7,0.24999999968749997
7287.png,চারজন মানুষ আছে।,0.6666666644444444,0.33333333277777777,0.44444443901234576,0.44444443901234576,0.28571428081632655,0.44444443901234576,0,0,0.41666666666666663,0.2857142853061225
4150.png,একজন বয়স্ক নারী আছে।,0.49999999875,0.3999999992,0.4444444385185186,0.4444444385185186,0.0,0.4444444385185186,0,0,0.5555555555555556,0.2857142853061225
3478176372_7c510a0cef.jpg,একজন ফুটবল খেলোয়াড় বলের জন্য লড়াই করছে,0.2857142853061225,0.24999999968749997,0.2666666613333334,0.2666666613333334,0.0,0.2666666613333334,0,0,0.4,0.15384615372781063
659.png,দুইটি শিশু বসে ভাত খাচ্ছে বসে।,0.16666666638888888,0.1999999996,0.1818181765289258,0.1818181765289258,0.0,0.1818181765289258,0,0,0.3157894736842105,0.0999999999
7627.png,একজন লোক হাতে ঝুড়ি নিয়ে দাঁড়িয়ে আছে।,0.2857142853061225,0.6666666644444444,0.39999999500000005,0.39999999500000005,0.0,0.39999999500000005,0,0,0.34782608695652173,0.24999999968749997
2744600462_5804577296.jpg,একজন লোক সাইকেল চালাচ্ছে,0.7499999981250001,0.49999999916666665,0.5999999940000001,0.5999999940000001,0.24999999468750006,0.5999999940000001,0,0,0.625,0.4285714279591837
2573667207_a1bf49befc.jpg,একজন লোক একটি বেলচা দিয়ে পাথর বেয়ে উপরে উঠে যায়।,0.1999999998,0.2857142853061225,0.23529411252595167,0.23529411252595167,0.11764705370242234,0.23529411252595167,0,0,0.48571428571428577,0.13333333324444444
1624.png,৪ জন মানুষ আছে।,0.0,0.0,0.0,0.0,0.0,0.0,0,0,0.20833333333333337,0.0
1836.png,৩ জন পুরুষ দাড়িয়ে আছে।,0.5999999988,0.4285714279591837,0.4999999943055557,0.4999999943055557,0.1999999948000001,0.4999999943055557,0,0,0.52,0.3333333329629629
199.png,একজন লোক রাস্তায় বসে আছে,0.0,0.0,0.0,0.0,0.0,0.0,0,0,0.2777777777777778,0.0
IMG_0326.JPG,একটা মেয়ে দাড়িয়ে আছে যার চুল কালো রঙ এর দেয়াল আছে,0.3636363633057851,0.9999999975,0.533333328711111,0.533333328711111,0.46153845727810655,0.533333328711111,0,0,0.4571428571428572,0.3999999996
3452341579_0147d2199b.jpg,একজন সাইকেল চালক একটি <unk> ময়লা রাস্তায় সাইকেল চালানোর <unk> চড়ে একটি সাইকেল চালানোর <unk> চড়ে একটি সাইকেল চালানোর <unk> চড়ে একটি সাইকেল চালানোর <unk> চড়ে একটি সাইকেল চালানোর <unk> চড়ে একটি সাইকেল চালানোর <unk> চড়ে একটি সাইকেল চালানোর <unk>,0.07499999998125,0.4285714279591837,0.12765957187867819,0.12765957187867819,0.04444444211358036,0.08510638040742426,0,0,0.23529411764705888,0.23076923059171597
3275.png,৪ জন মহিলা ও একজন পুরুষ বসে আছে।,0.24999999968749997,0.6666666644444444,0.36363635900826446,0.36363635900826446,0.0,0.36363635900826446,0,0,0.4,0.2222222219753086
10863862.jpg,একটি স্কুটারে থাকা তিন লোক স্কেটিং করছে,0.2857142853061225,0.2857142853061225,0.28571428030612256,0.28571428030612256,0.0,0.22222221722222232,0,0,0.38,0.16666666652777776
1286408831_05282582ed.jpg,একটি শিশু একটি গোল হয়ে আছে।,0.16666666638888888,0.16666666638888888,0.16666666138888903,0.16666666138888903,0.0,0.16666666138888903,0,0,0.3846153846153846,0.0999999999
1360.png,একটি নৌকা বাধা আছে একজন পুরুষ মানুষ।,0.2857142853061225,0.49999999875,0.36363635834710756,0.36363635834710756,0.0,0.36363635834710756,0,0,0.31999999999999995,0.2222222219753086
2580.png,একটি বহিরঙ্গন রাস্তা দিয়ে হেটে যাচ্ছে কিছু মানুষ।,0.0,0.0,0.0,0.0,0.0,0.0,0,0,0.32432432432432434,0.0
7432.png,পানিতে একজন ছোট ছেলে পানিতে লাফ দিয়ে পানিতে লাফ দিয়ে পানিতে লাফ দিয়ে পানিতে লাফ দিয়ে পানিতে লাফ দিয়ে পানিতে লাফ দিয়ে পানিতে লাফ দিয়ে পানিতে লাফ দিয়ে পানিতে লাফ দিয়ে পানিতে লাফ দিয়ে পানিতে লাফ দিয়ে পানিতে লাফ দিয়ে,0.0499999999875,0.49999999875,0.09090908921487605,0.09090908921487605,0.0476190462698413,0.09090908921487605,0,0,0.25373134328358204,0.24999999968749997
2970461648_fe14ba0359.jpg,একটি ছেলে একটি শহর জুড়ে একটি শহর জুড়ে একটি শহর জুড়ে একটি শহর জুড়ে একটি শহর জুড়ে একটি শহর জুড়ে একটি শহর জুড়ে একটি শহর জুড়ে একটি শহর জুড়ে একটি শহর জুড়ে একটি শহর জুড়ে একটি শহর জুড়ে একটি শহর,0.0499999999875,0.1999999998,0.07999999676800014,0.07999999676800014,0.0,0.07999999676800014,0,0,0.17808219178082196,0.1111111109876543
713.png,একজন পুরুষ মাথায় বোঝা নিয়ে আছে।,0.49999999916666665,0.37499999953124996,0.4285714230612245,0.4285714230612245,0.16666666152777793,0.4285714230612245,0,0,0.5357142857142857,0.2727272724793388
110201971.jpg,ঘরের ভিতর একজন মানুষ একটি ঘরের ভিতর থেকে একটি <unk>,0.29999999969999996,0.23076923059171597,0.2608695600756144,0.2608695600756144,0.0,0.2608695600756144,0,0,0.33333333333333337,0.13333333324444444
2603125422_659391f961.jpg,একটি বড় একটি বড় বড় একটি বড় একটি বড় একটি বড় বড় একটি বড় একটি বড় একটি বড় বড় একটি বড় একটি বড় একটি বড় বড় একটি বড় একটি বড় একটি বড় বড় একটি বড় একটি বড় একটি বড় বড়,0.0499999999875,0.18181818165289254,0.07843136913494825,0.07843136913494825,0.0,0.07843136913494825,0,0,0.20588235294117652,0.12499999984374999
1115565519_d976d4b1f1.jpg,রোদ চশমা পরিহিত একজন মহিলা মাটিতে শুয়ে আছে।,0.12499999984374999,0.12499999984374999,0.12499999484375018,0.12499999484375018,0.0,0.12499999484375018,0,0,0.28125,0.06666666662222222
3454.png,কয়েকজন পুরুষ দাড়িয়ে আছে।,0.7499999981250001,0.37499999953124996,0.49999999472222234,0.49999999472222234,0.39999999500000005,0.49999999472222234,0,0,0.4666666666666667,0.3333333329629629
6005.png,একজন নারী আছে।,0.6666666644444444,0.49999999875,0.5714285648979592,0.5714285648979592,0.0,0.5714285648979592,0,0,0.5333333333333333,0.3999999992
3372.png,একজন পুরুষ ও একটি লোক বসে আছে।,0.4285714279591837,0.16666666657407406,0.23999999577600004,0.23999999577600004,0.0,0.23999999577600004,0,0,0.30434782608695654,0.14285714278911565
7534.png,কয়েকজন মানুষ আছে।,0.9999999966666667,0.29999999969999996,0.46153845727810655,0.46153845727810655,0.36363636,0.3076923036686391,0,0,0.2558139534883721,0.3333333329629629
2125626631_a4b63af97e.jpg,একটি সাদা কুকুর দৌড়াচ্ছে,0.49999999875,0.3999999992,0.4444444385185186,0.4444444385185186,0.0,0.4444444385185186,0,0,0.35,0.2857142853061225
3348.png,একটি রাস্তা দিয়ে একজন মানুষ আছে।,0.6666666655555555,0.28571428551020406,0.3999999954,0.3999999954,0.2222222167901236,0.3999999954,0,0,0.36363636363636365,0.24999999984375
9141.png,একজন পুরুষ জলাশয়ের পাড়ে বসে আছে।,0.49999999916666665,0.24999999979166665,0.33333332851851855,0.33333332851851855,0.0,0.3333333277777778,0,0,0.4782608695652174,0.19999999986666667
3053916979_848d32261b.jpg,কিছু মানুষ উল্লাস করছে,0.249999999375,0.16666666638888888,0.1999999948000001,0.1999999948000001,0.0,0.1999999948000001,0,0,0.29166666666666663,0.1111111109876543
3702038926_966fdaa311.jpg,একটি কিশোরী পার্কে একটি পার্কে খেলছে।,0.16666666638888888,0.12499999984374999,0.1428571377551022,0.1428571377551022,0.0,0.1428571377551022,0,0,0.30434782608695654,0.0999999999
3405011838_f81117c99f.jpg,লোকজন একটি বিশাল দল দাঁড়িয়ে আছে,0.49999999916666665,0.29999999969999996,0.37499999484375,0.37499999484375,0.2857142807142858,0.37499999484375,0,0,0.35,0.23076923059171597
3136674757_57406c305c.jpg,একটি ছবিতে দুইজন নারী,0.249999999375,0.1111111109876543,0.15384614934911253,0.15384614934911253,0.0,0.15384614934911253,0,0,0.26315789473684215,0.0999999999
1081595465.jpg,লোকজন একটি <unk>,0.3333333322222222,0.06666666662222222,0.1111111082098766,0.1111111082098766,0.0,0.1111111082098766,0,0,0.17948717948717952,0.05882352937716263
3597146852_3d000a5d5f.jpg,একটি স্কেটবোর্ডার একটি স্কেটবোর্ড দিয়ে খেলছে,0.49999999916666665,0.29999999969999996,0.37499999484375,0.37499999484375,0.0,0.24999999500000003,0,0,0.475,0.16666666652777776
1842.png,একজন পুরুষ লাটি দিয়ে খেলছে।,0.0,0.0,0.0,0.0,0.0,0.0,0,0,0.4444444444444444,0.0
3399906919_bc8562b257.jpg,একজন মহিলা একটি চেয়ারে বসে আছেন,0.49999999916666665,0.19999999986666667,0.2857142813605443,0.2857142813605443,0.0,0.2857142813605443,0,0,0.3548387096774194,0.1764705881314879
5379.png,ব্রীজ তিনটি ভ্যান যাচ্ছে।,0.249999999375,0.16666666638888888,0.1999999948000001,0.1999999948000001,0.0,0.1999999948000001,0,0,0.41666666666666663,0.1111111109876543
2292406847_f366350600.jpg,একটি নৌকায় কয়েকজন মানুষ আছে।,0.1999999996,0.249999999375,0.2222222167901236,0.2222222167901236,0.0,0.2222222167901236,0,0,0.5,0.12499999984374999
1801.png,চারজন মানুষ শুয়ে আছে।,0.249999999375,0.07142857137755101,0.1111111075308643,0.1111111075308643,0.0,0.1111111075308643,0,0,0.19565217391304346,0.08333333326388888
5316.png,একজন পুরুষ সাইকেল চালিয়ে যাচ্ছে।,0.0,0.0,0.0,0.0,0.0,0.0,0,0,0.33333333333333337,0.0
35506150_cbdb630f4f.jpg,একজন লোক সিগারেট দিয়ে ঘেরা ঘাসের উপর লাফ দিলো,0.2222222219753086,0.13333333324444444,0.1666666618402779,0.1666666618402779,0.09090908619834734,0.1666666618402779,0,0,0.375,0.09090909086776859
1982.png,একজন লোক মাথায় একটি মাছ ধরছেন।,0.16666666638888888,0.12499999984374999,0.1428571377551022,0.1428571377551022,0.0,0.1428571377551022,0,0,0.30000000000000004,0.08333333326388888
3229519418_040f05ced1.jpg,একজন পুরুষ আছে।,0.3333333322222222,0.1111111109876543,0.16666666263888896,0.16666666263888896,0.0,0.16666666263888896,0,0,0.28125,0.09090909082644627
542269487_5d77b363eb.jpg,একটি মেয়ে এবং একটি মেয়ে লাফাচ্ছে,0.16666666638888888,0.07692307686390532,0.10526315346260404,0.10526315346260404,0.0,0.10526315346260404,0,0,0.2692307692307693,0.06666666662222222
3033612929_764d977bd5.jpg,দুটি কুকুর এবং একটি বলের সাথে ক্যাচ খেলছে,0.37499999953124996,0.9999999966666667,0.5454545404958677,0.5454545404958677,0.22222221827160496,0.5454545404958677,0,0,0.4642857142857143,0.37499999953124996
IMG_0712.JPG,একটি <unk> লোক দাঁড়িয়ে আছে,0.5999999988,0.7499999981250001,0.6666666602469137,0.6666666602469137,0.28571428000000004,0.6666666602469137,0,0,0.5882352941176471,0.49999999916666665
3171451305_f87b9e09ee.jpg,তিনজন লোক একসাথে ছবি তুলছে,0.3999999992,0.24999999968749997,0.3076923024852071,0.3076923024852071,0.1818181768595043,0.3076923024852071,0,0,0.3666666666666667,0.18181818165289254
3473264983_67917a931f.jpg,একজন লোক একটি মোটরসাইকেলের সামনে দাঁড়িয়ে আছে,0.2857142853061225,0.18181818165289254,0.22222221722222232,0.22222221722222232,0.0,0.22222221722222232,0,0,0.29032258064516125,0.124999999921875
1035019794.jpg,নীল জামা পরা ছেলেটি বল মারলো,0.16666666638888888,0.249999999375,0.1999999948000001,0.1999999948000001,0.0,0.1999999948000001,0,0,0.3157894736842105,0.1111111109876543
8838.png,একটি <unk> পানিতে ডুবে আছে।,0.1999999996,0.1999999996,0.19999999460000012,0.19999999460000012,0.0,0.19999999460000012,0,0,0.3157894736842105,0.1111111109876543
6676.png,একটি সভাকক্ষে অনেক মানুষ।,0.49999999875,0.11764705875432525,0.19047618721088438,0.19047618721088438,0.0,0.19047618721088438,0,0,0.23529411764705888,0.11764705875432525
532457586_bddfc5251d.jpg,একটি লোক এবং একটি পরিবার একটি <unk>,0.4285714279591837,0.21428571413265304,0.28571428099773244,0.28571428099773244,0.0,0.19047618585034026,0,0,0.32558139534883723,0.1874999998828125
2609836649_b55831ed41.jpg,একটি কুকুর মুখে একটি নীল বল কামড়ে ধরে আছে।,0.2222222219753086,0.3999999992,0.2857142807142858,0.2857142807142858,0.16666666194444454,0.2857142807142858,0,0,0.4666666666666667,0.18181818165289254
4865.png,সরিষা ক্ষেতের মাঝ দিয়ে তিনটি পতাকা ধরে আছে।,0.49999999937499995,0.4444444439506172,0.4705882297577854,0.4705882297577854,0.3999999944888889,0.4705882297577854,0,0,0.5833333333333333,0.30769230745562126
118187095.jpg,শিশুরা দৌড় প্রতিযোগিতায় অংশ নিচ্ছে,0.0,0.0,0.0,0.0,0.0,0.0,0,0,0.2727272727272727,0.0
3519155763_045a6a55e2.jpg,একটি কুকুর পানির মধ্যে দৌড়াচ্ছে,0.3999999992,0.3999999992,0.39999999420000004,0.39999999420000004,0.2499999943750001,0.39999999420000004,0,0,0.55,0.24999999968749997
4187.png,একজন পুরুষ মাথায় বোঝা নিয়ে হেঁটে যাচ্ছে।,0.571428570612245,0.571428570612245,0.5714285656122451,0.5714285656122451,0.3333333277777778,0.5714285656122451,0,0,0.6799999999999999,0.3999999996
3708.png,একটা গাছের নিচে কিছু ছেলে একসাথে একটি গাছের নিচে কিছু মানুষ।,0.0,0.0,0.0,0.0,0.0,0.0,0,0,0.28205128205128205,0.0
8969.png,সাইকেল এর দৌড় প্রতিযোগিতা অনুষ্ঠিত হচ্ছে,0.16666666638888888,0.1999999996,0.1818181765289258,0.1818181765289258,0.0,0.1818181765289258,0,0,0.2592592592592593,0.0999999999
6727.png,একজন পুরুষ ও একটি শিশু বসে কাজ করছে।,0.37499999953124996,0.37499999953124996,0.37499999453125,0.37499999453125,0.14285713765306143,0.37499999453125,0,0,0.4482758620689655,0.24999999979166665
3461106572_920c8c0112.jpg,একটি দেয়ালের সামনে দাড়িয়ে আছে,0.3999999992,0.1999999998,0.2666666618666667,0.2666666618666667,0.0,0.2666666618666667,0,0,0.3448275862068966,0.15384615372781063
822.png,একজন পুরুষ শুয়ে আছে।,0.49999999875,0.49999999875,0.4999999937500001,0.4999999937500001,0.33333332722222225,0.4999999937500001,0,0,0.7333333333333334,0.33333333277777777
111419142.jpg,কিছু মানুষ একটি <unk> দেখছে,0.3999999992,0.16666666652777776,0.23529411321799312,0.23529411321799312,0.0,0.11764705453287211,0,0,0.25,0.13333333324444444
2178095150_436b035741.jpg,কুকুরের দৌড় প্রতিযোগিতা অনুষ্ঠিত হচ্ছে,0.9999999980000001,0.9999999980000001,0.9999999930000001,0.9999999930000001,0.9999999925,0.9999999930000001,1,1,1.0,0.9999999980000001
3228960484_9aab98b91a.jpg,একজন মহিলা পার্কিং লটে স্কেটিং করছে,0.0,0.0,0.0,0.0,0.0,0.0,0,0,0.34375,0.0
103031977.jpg,দুই বাচ্চা বাইরে বসে আছে।,0.5999999988,0.2727272724793388,0.374999995234375,0.374999995234375,0.0,0.374999995234375,0,0,0.4666666666666667,0.24999999979166665
3396275223_ee080df8b5.jpg,কয়েকজন নারী নৃত্য করছে।,0.249999999375,0.1111111109876543,0.15384614934911253,0.15384614934911253,0.0,0.15384614934911253,0,0,0.4117647058823529,0.08333333326388888
1408958345_68eea9a4e4.jpg,একটি ছোট্ট মেয়েটি ঢেউয়ের সাথে খেলছে,0.33333333277777777,0.33333333277777777,0.3333333277777778,0.3333333277777778,0.19999999460000012,0.3333333277777778,0,0,0.4782608695652174,0.1999999998
8507.png,একটি দোকানের বাইরে দু'জন লোক বসে আছে,0.4285714279591837,0.2727272724793388,0.33333332820987654,0.33333332820987654,0.12499999515625017,0.33333332820987654,0,0,0.46341463414634143,0.19999999986666667
IMG_20220915_163343.jpg,একটি লোক দাঁড়িয়ে আছে আর পাশে গাছ আছে।,0.24999999968749997,0.2222222219753086,0.23529411238754333,0.23529411238754333,0.13333332817777796,0.23529411238754333,0,0,0.4,0.15384615372781063
2924483864_cfdb900a13.jpg,কুকুরের প্রতিযোগিতায় অংশ নিচ্ছে,0.249999999375,0.09090909082644627,0.13333332924444455,0.13333332924444455,0.0,0.13333332924444455,0,0,0.2727272727272727,0.07142857137755101
2189.png,একটি নৌকায় কয়েকজন মানুষ দেখা যাচ্ছে।,0.0,0.0,0.0,0.0,0.0,0.0,0,0,0.33333333333333337,0.0
inbound234575385126653505.jpg,একটি স্কুল দেখা যাচ্ছে।,0.0,0.0,0.0,0.0,0.0,0.0,0,0,0.19999999999999996,0.0
2907244809_07ab2c6b6c.jpg,এক লোক তার স্কেটবোর্ড কৌশল দেখাচ্ছে,0.6666666655555555,0.6666666655555555,0.6666666605555556,0.6666666605555556,0.19999999460000012,0.4999999941666667,0,0,0.5925925925925926,0.49999999937499995
8099.png,পাঁচজন শিশু বসে আছে।,0.7499999981250001,0.49999999916666665,0.5999999940000001,0.5999999940000001,0.49999999406250006,0.5999999940000001,0,0,0.4782608695652174,0.4285714279591837
1691573772_1adef8e40e.jpg,একজন পুরুষ সাইকেল চালাচ্ছে,0.49999999875,0.24999999968749997,0.33333332833333335,0.33333332833333335,0.1999999954000001,0.33333332833333335,0,0,0.6190476190476191,0.1999999998
5702.png,কিছু ছেলেমেয়ে বসে আছে।,0.49999999875,0.3999999992,0.4444444385185186,0.4444444385185186,0.28571428000000004,0.4444444385185186,0,0,0.5,0.2857142853061225
475816542_f5c2736815.jpg,দুটি কুকুর একটি ছোট কুকুরের সাথে খেলছে,0.2857142853061225,0.6666666644444444,0.39999999500000005,0.39999999500000005,0.24999999562500003,0.39999999500000005,0,0,0.4516129032258065,0.24999999968749997
5175.png,একটি সেতু আছে।,0.3333333322222222,0.3333333322222222,0.33333332722222225,0.33333332722222225,0.0,0.33333332722222225,0,0,0.33333333333333337,0.1999999996
5099.png,দূরে একজন মানুষ দেখা যাচ্ছে।,0.0,0.0,0.0,0.0,0.0,0.0,0,0,0.2222222222222222,0.0
3188036349_8e4e2d6ca8.jpg,এক ব্যক্তি একটি <unk> দোলনায় দুলছে,0.16666666638888888,0.14285714265306124,0.15384614863905344,0.15384614863905344,0.0,0.15384614863905344,0,0,0.32432432432432434,0.08333333326388888
3650111717_346804ec2f.jpg,একটি সাদা কুকুর পানির মধ্য দিয়ে দৌড়াচ্ছে,0.4285714279591837,0.3333333329629629,0.374999994609375,0.374999994609375,0.1428571377551022,0.374999994609375,0,0,0.5,0.23076923059171597
3312.png,একজন বয়স্ক লোক ও প্যান্ট পরা একজন লোক ও প্যান্ট পরা একজন লোক ও প্যান্ট পরা একজন লোক ও প্যান্ট পরা একজন লোক ও প্যান্ট পরা একজন লোক ও প্যান্ট পরা একজন লোক ও প্যান্ট পরা একজন লোক ও প্যান্ট,0.099999999975,0.49999999937499995,0.16666666381944448,0.16666666381944448,0.043478258270321514,0.12499999717013895,0,0,0.24827586206896557,0.3333333329629629
7430.png,একজন পুরুষ ও একজন নারী আছে।,0.33333333277777777,0.3999999992,0.36363635801652905,0.36363635801652905,0.0,0.36363635801652905,0,0,0.5714285714285714,0.24999999968749997
4878.png,একজন পুরুষ ও কয়েকজন পুরুষ দাড়িয়ে আছে।,0.4285714279591837,0.7499999981250001,0.5454545398347109,0.5454545398347109,0.44444443901234576,0.5454545398347109,0,0,0.5185185185185186,0.4285714279591837
8364.png,একটি পার্কে একজন লোক সাইকেল চালিয়ে যাচ্ছে।,0.14285714265306124,0.1999999996,0.16666666152777793,0.16666666152777793,0.0,0.16666666152777793,0,0,0.25,0.09090909082644627
8245.png,অনেকগুলো মানুষ কাজ করছে।,0.0,0.0,0.0,0.0,0.0,0.0,0,0,0.25,0.0
5865.png,একটি কুকুর একটি বল ধরে আছে,0.33333333277777777,0.6666666644444444,0.44444443901234576,0.44444443901234576,0.28571428081632655,0.44444443901234576,0,0,0.5,0.33333333277777777
IMG_2727.JPG,একটি <unk> একটি উজ্জ্বল গোলাপি রঙের জামা পরিহিত একজন লোক একটি লাল ইটের ভবনের বাইরে একটি <unk>,0.11764705875432525,0.33333333277777777,0.17391303947069953,0.17391303947069953,0.0,0.17391303947069953,0,0,0.2028985507246377,0.11764705875432525
4039.png,একটি শিশু আছে।,0.3333333322222222,0.249999999375,0.28571428000000004,0.28571428000000004,0.0,0.28571428000000004,0,0,0.4,0.16666666638888888
3325497914_f9014d615b.jpg,একটি মেয়ে একটি <unk> পরে একটি <unk> <unk>,0.24999999968749997,0.1999999998,0.22222221703703712,0.22222221703703712,0.0,0.22222221703703712,0,0,0.37142857142857144,0.08333333326388888
DSC_1095.JPG,একটা লোক দাড়িয়ে আছে যার চুল কালো,0.571428570612245,0.6666666655555555,0.6153846094674558,0.6153846094674558,0.5454545395041324,0.6153846094674558,0,0,0.6956521739130435,0.4444444439506172
4221.png,একটি শিশু হাসছে,0.6666666644444444,0.3999999992,0.49999999406250006,0.49999999406250006,0.0,0.49999999406250006,0,0,0.5,0.33333333277777777
5875.png,একটি ছোট্ট বালক বৃষ্টিতে ভিজে দৌড়ে যাচ্ছে,0.0,0.0,0.0,0.0,0.0,0.0,0,0,0.19672131147540983,0.0
3536.png,একজন বাচ্চা মেয়ে হাতে একটি বস্তা নিয়ে আছে।,0.37499999953124996,0.4285714279591837,0.3999999944888889,0.3999999944888889,0.15384614863905344,0.3999999944888889,0,0,0.4285714285714286,0.2727272724793388
5190.png,একটি <unk> তিনটি নৌকা চলছে ও কয়েকজন লোক নদীর পানিতে নেমে আসা একটি জলপ্রপাতের দিকে পানি ছিটিয়ে একটি পাথুরে <unk> হচ্ছে।,0.14285714278911565,0.49999999916666665,0.2222222186008231,0.2222222186008231,0.07999999673600013,0.2222222186008231,0,0,0.2222222222222222,0.14285714278911565
5783.png,একটি স্কুল <unk> চারপাশে কিছু মানুষ।,0.16666666638888888,0.249999999375,0.1999999948000001,0.1999999948000001,0.0,0.1999999948000001,0,0,0.34782608695652173,0.1111111109876543
7005.png,একজন পুরুষ বসে কাজ করছে।,0.5999999988,0.16666666657407406,0.2608695615879017,0.2608695615879017,0.0,0.19999999460000012,0,0,0.3157894736842105,0.15789473675900276
2486.png,অনেকগুলো মানুষ আছে।,0.3333333322222222,0.1111111109876543,0.16666666263888896,0.16666666263888896,0.0,0.16666666263888896,0,0,0.21212121212121215,0.0999999999
IMG_20220921_125719.jpg,একজন পুরুষ একটি মাটির <unk>,0.1999999996,0.1111111109876543,0.14285713806122466,0.14285713806122466,0.0,0.14285713806122466,0,0,0.3055555555555556,0.07692307686390532
6062.png,কয়েকজন বন্ধু মিলে একসাথে দাঁড়িয়ে আছে।,0.33333333277777777,0.49999999875,0.3999999944,0.3999999944,0.0,0.3999999944,0,0,0.25531914893617025,0.24999999968749997
8654.png,একজন পুরুষ একটি নৌকা চালাচ্ছে।,0.3999999992,0.24999999968749997,0.3076923024852071,0.3076923024852071,0.1818181768595043,0.3076923024852071,0,0,0.4642857142857143,0.18181818165289254
2656.png,সমুদ্রের পাড়ে একজন মানুষ আছে।,0.3999999992,0.18181818165289254,0.249999995390625,0.249999995390625,0.0,0.249999995390625,0,0,0.3076923076923077,0.16666666652777776
8554.png,একজন পুরুষ দাড়িয়ে আছে।,0.0,0.0,0.0,0.0,0.0,0.0,0,0,0.42105263157894735,0.0
4232.png,এক লোক এক হাতে চক দিয়ে চক দিয়ে চক দিয়ে চক দিয়ে চক দিয়ে চক দিয়ে চক দিয়ে চক দিয়ে চক দিয়ে চক দিয়ে চক দিয়ে চক দিয়ে চক দিয়ে চক দিয়ে চক দিয়ে চক দিয়ে চক দিয়ে চক দিয়ে,0.0499999999875,0.18181818165289254,0.07843136913494825,0.07843136913494825,0.0,0.07843136913494825,0,0,0.17647058823529416,0.07692307686390532
3143980056_7a64a94b58.jpg,তিনটি ছেলে হাসছে,0.0,0.0,0.0,0.0,0.0,0.0,0,0,0.26315789473684215,0.0
1547883892_e29b3db42e.jpg,একজন লোক একটি বই পড়ছে,0.3999999992,0.49999999875,0.4444444385185186,0.4444444385185186,0.0,0.4444444385185186,0,0,0.5454545454545454,0.2857142853061225
4000.png,একটি ছোট মেয়েটি হাসছে যখন সে হাসছে,0.14285714265306124,0.12499999984374999,0.13333332817777796,0.13333332817777796,0.0,0.13333332817777796,0,0,0.34375,0.07692307686390532
347793778_804434861028582_2795420169027079545_n.jpg,কয়েকজন মানুষ দাড়িয়ে আছে।,0.0,0.0,0.0,0.0,0.0,0.0,0,0,0.2222222222222222,0.0
3547.png,একটি শিশু আছে।,0.9999999966666667,0.4285714279591837,0.5999999946000001,0.5999999946000001,0.24999999562500003,0.5999999946000001,0,0,0.375,0.4285714279591837
8252.png,একজন পুরুষ একটি পুকুরের দিকে <unk>,0.33333333277777777,0.49999999875,0.3999999944,0.3999999944,0.24999999468750006,0.3999999944,0,0,0.45833333333333337,0.24999999968749997
3227148358_f152303584.jpg,একটি সাদা ক্রেন পানিতে নামছে,0.3999999992,0.24999999968749997,0.3076923024852071,0.3076923024852071,0.16666666194444454,0.3076923024852071,0,0,0.4285714285714286,0.18181818165289254
5522.png,সূর্য অস্ত যাচ্ছে কিছু মানুষ।,0.0,0.0,0.0,0.0,0.0,0.0,0,0,0.2222222222222222,0.0
2529.png,একজন লোক কাঠের বেড়ার উপর দিয়ে গাছ <unk>,0.12499999984374999,0.12499999984374999,0.12499999484375018,0.12499999484375018,0.0,0.12499999484375018,0,0,0.30000000000000004,0.06666666662222222
1389.png,সামনে তিনজন নারী আছে।,0.7499999981250001,0.24999999979166665,0.37499999578125004,0.37499999578125004,0.0,0.37499999578125004,0,0,0.26530612244897955,0.23076923059171597
3263946591_a1558b77d3.jpg,একজন লোক একটি মোটরসাইকেলে করে উপরে তাকিয়ে আছে,0.12499999984374999,0.16666666638888888,0.1428571377551022,0.1428571377551022,0.0,0.1428571377551022,0,0,0.4545454545454546,0.07692307686390532
4437.png,একটি খালি গায়ে একটি কালো শার্ট ও কালো শার্ট পড়ে আছেন,0.0,0.0,0.0,0.0,0.0,0.0,0,0,0.2222222222222222,0.0
3350785999_462f333c44.jpg,অনেকগুলো নারী ও শিশু আছে।,0.3999999992,0.33333333277777777,0.36363635801652905,0.36363635801652905,0.2222222167901236,0.36363635801652905,0,0,0.4347826086956522,0.2222222219753086
IMG_9579.JPG,লোক টির হাতে চুড়ি,0.7499999981250001,0.49999999916666665,0.5999999940000001,0.5999999940000001,0.49999999406250006,0.5999999940000001,0,0,0.5555555555555556,0.4285714279591837
3650986674_3e101c606b.jpg,একটি কুকুর একটি পুকুরের ধারে দৌড়াচ্ছে,0.6666666655555555,0.4444444439506172,0.5333333278222222,0.5333333278222222,0.0,0.5333333278222222,0,0,0.6,0.3333333329629629
2927878881_90b42fc444.jpg,একজন লোক একটি কুকুর নিয়ে পাহাড়ের পাশ দিয়ে দৌড়াদৌড়ি করে।,0.1999999998,0.2857142853061225,0.23529411252595167,0.23529411252595167,0.13333332835555572,0.23529411252595167,0,0,0.43243243243243246,0.13333333324444444
3348208268_6d97d951eb.jpg,একজন লোক একটি গ্রাফিতি আঁকা,0.3999999992,0.13333333324444444,0.19999999605000005,0.19999999605000005,0.1111111075308643,0.19999999605000005,0,0,0.2857142857142857,0.124999999921875
3396.png,একজন পুরুষ ও গরু আছে।,0.3999999992,0.3999999992,0.39999999420000004,0.39999999420000004,0.0,0.39999999420000004,0,0,0.631578947368421,0.24999999968749997
8736.png,একটি <unk>,0.0,0.0,0.0,0.0,0.0,0.0,0,0,0.13636363636363635,0.0
1814.png,একজন পুরুষ হেটে যাচ্ছে।,0.49999999875,0.33333333277777777,0.3999999944,0.3999999944,0.24999999468750006,0.3999999944,0,0,0.5454545454545454,0.24999999968749997
265223847_636ba039c1.jpg,সূর্যাস্তের সময় একজন লোক প্যারাসুট দিয়ে অবতরণ করছে,0.49999999937499995,0.6666666655555555,0.5714285657142858,0.5714285657142858,0.4999999943055557,0.5714285657142858,0,0,0.6216216216216216,0.3999999996
483136916_16976f4902.jpg,একটি কুকুর জঙ্গলে দাঁড়িয়ে আছে,0.5999999988,0.4285714279591837,0.4999999943055557,0.4999999943055557,0.1999999948000001,0.4999999943055557,0,0,0.5714285714285714,0.3333333329629629
4733.png,কয়েকজন বন্ধু একসাথে দাঁড়িয়ে আছে।,0.3999999992,0.15384615372781063,0.22222221796296296,0.22222221796296296,0.0,0.22222221796296296,0,0,0.36,0.13333333324444444
9004.png,সরিষা ক্ষেতের মাঝ দিয়ে একজন ছোট ছেলে মেয়ে দাড়িয়ে আছে।,0.3999999996,0.1739130434026465,0.24242423805325988,0.24242423805325988,0.06451612486992742,0.24242423805325988,0,0,0.313953488372093,0.14814814809327845
8614.png,একজন পুরুষ ও একজন পুরুষ আছে।,0.49999999916666665,0.23076923059171597,0.31578946903047095,0.31578946903047095,0.0,0.31578946903047095,0,0,0.40909090909090906,0.23076923059171597
661749711_6f408dad62.jpg,একটি কুকুর সবুজ ঘাসের উপর দৌড়াচ্ছে,0.6666666655555555,0.3636363633057851,0.47058823017301044,0.47058823017301044,0.15384614887573977,0.47058823017301044,0,0,0.4473684210526315,0.3333333330555555
1180.png,কয়েকজন পুলিশ হেঁটে যাচ্ছে।,0.49999999875,0.33333333277777777,0.3999999944,0.3999999944,0.0,0.3999999944,0,0,0.4782608695652174,0.24999999968749997
3640407952_bb38fb9d55.jpg,একটি চলন্ত গাড়িতে কয়েকজন মানুষ আছে।,0.16666666638888888,0.0624999999609375,0.0909090868595043,0.0909090868595043,0.0,0.0909090868595043,0,0,0.31999999999999995,0.04761904759637188
1030.png,একজন নারী ও একজন নারী ও একজন নারী ও একজন নারী ও একজন নারী ও একজন নারী ও একজন নারী ও একজন নারী ও একজন নারী ও একজন নারী ও একজন নারী ও একজন নারী ও একজন নারী ও একজন,0.0499999999875,0.2222222219753086,0.08163265002915464,0.08163265002915464,0.04081632326530638,0.08163265002915464,0,0,0.16417910447761197,0.2222222219753086
8239.png,একজন মানুষ ছাতা নিয়ে হেঁটে যাচ্ছে।,0.6666666655555555,0.26666666648888887,0.3809523765079365,0.3809523765079365,0.10526315390581731,0.3809523765079365,0,0,0.38095238095238093,0.24999999984375
229951087_4c20600c32.jpg,একজন মহিলা একটি নৌকা চালাচ্ছে,0.5999999988,0.49999999916666665,0.5454545395041324,0.5454545395041324,0.2222222167901236,0.5454545395041324,0,0,0.52,0.37499999953124996
2933643390_1c6086684b.jpg,একজন ফুটবল খেলোয়াড় একটি ফুটবল খেলছে,0.33333333277777777,0.49999999875,0.3999999944,0.3999999944,0.2666666618666667,0.3999999944,0,0,0.4814814814814815,0.2857142853061225
3033825101_44a4390f16.jpg,বেসবল খেলোয়াড় বল ধরার জন্য অপেক্ষা করে,0.2857142853061225,0.33333333277777777,0.3076923022485208,0.3076923022485208,0.1818181765289258,0.3076923022485208,0,0,0.5,0.18181818165289254
3497106366_d1a256e723.jpg,একটি সার্ফার একটি সার্ফার,0.7499999981250001,0.3333333329629629,0.4615384565680474,0.4615384565680474,0.18181817752066123,0.3076923029585799,0,0,0.41666666666666663,0.24999999968749997
1199.png,একজন পুরুষ মানুষ বসে আছে।,0.9999999980000001,0.3124999998046875,0.4761904721088436,0.4761904721088436,0.31578947002770086,0.4761904721088436,0,0,0.37777777777777777,0.3636363633057851
8767.png,কয়েকটি নৌকা আছে।,0.3333333322222222,0.3333333322222222,0.33333332722222225,0.33333332722222225,0.0,0.33333332722222225,0,0,0.4545454545454546,0.1999999996
2914800692_0c512d27b8.jpg,হেলমেট পরিহিত একজন লোক তার সাইকেল দিয়ে বাতাসে লাফিয়ে কসরত দেখাচ্ছেন,0.2727272724793388,0.37499999953124996,0.31578946847645434,0.31578946847645434,0.24999999493055564,0.31578946847645434,0,0,0.4893617021276596,0.1999999999
5915.png,একটি রঙিন <unk> সাথে একটি গাড়ি ও একটি গাড়ি ও একটি গাড়ি ও একটি গাড়ি ও একটি গাড়ি ও একটি গাড়ি ও একটি গাড়ি ও একটি গাড়ি ও একটি গাড়ি ও একটি গাড়ি ও একটি গাড়ি ও একটি গাড়ি ও,0.0,0.0,0.0,0.0,0.0,0.0,0,0,0.09836065573770492,0.0
2466420387_86fe77c966.jpg,একজন মহিলা একটি ছেলেকে নিয়ে দাঁড়িয়ে আছে।,0.2857142853061225,0.24999999968749997,0.2666666613333334,0.2666666613333334,0.15384614863905344,0.2666666613333334,0,0,0.6206896551724138,0.15384615372781063
3204712107_5a06a81002.jpg,দুই মহিলা একটি লাল ইটের তৈরি একটি মেয়ে একটি <unk>,0.1999999998,0.2857142853061225,0.23529411252595167,0.23529411252595167,0.0,0.23529411252595167,0,0,0.3142857142857143,0.07692307686390532
3384.png,একটি মেয়ে একে অপরকে জড়িয়ে ধরেছে যার গালে হাত রেখে চেয়ে আছে আর মেয়ে একে অপরকে জড়িয়ে ধরেছে।,0.05555555552469135,0.08333333326388888,0.06666666182222256,0.06666666182222256,0.0,0.06666666182222256,0,0,0.29032258064516125,0.039999999984
528.png,একজন পুরুষ ও পুরুষ ও পুরুষ ও পুরুষ ও পুরুষ ও পুরুষ ও পুরুষ ও পুরুষ ও পুরুষ ও পুরুষ ও পুরুষ ও পুরুষ ও পুরুষ ও পুরুষ ও পুরুষ ও পুরুষ ও পুরুষ ও পুরুষ ও পুরুষ ও পুরুষ,0.02499999999375,0.249999999375,0.04545454378099179,0.04545454378099179,0.0,0.04545454378099179,0,0,0.06557377049180324,0.16666666638888888
93922153_8d831f7f01.jpg,এক অর্ধনগ্ন ব্যক্তি একটি পাথরের টিলার সামনে একটি চূড়ার মাপ নিচ্ছে,0.18181818165289254,0.33333333277777777,0.2352941128027682,0.2352941128027682,0.0,0.2352941128027682,0,0,0.34782608695652173,0.14285714275510203
2252403744_148fc11f68.jpg,দুই বাচ্চা মেয়েটি তার পিছনে একটি ছোট ছেলেকে হাসতে তার পিছনে একটি ছোট ছেলেকে হাসতে তার পিছনে একটি ছোট ছেলেকে হাসতে তার পিছনে একটি ছোট ছেলেকে হাসতে তার পিছনে একটি ছোট ছেলেকে হাসতে তার পিছনে একটি ছোট ছেলেকে হাসতে তার,0.07499999998125,0.2727272724793388,0.11764705539407928,0.11764705539407928,0.0,0.07999999676800014,0,0,0.16551724137931034,0.1764705881314879
6832.png,একটি হ্রদে একটি বিমান দেখাচ্ছেন।,0.1999999996,0.16666666638888888,0.1818181765289258,0.1818181765289258,0.0,0.1818181765289258,0,0,0.36363636363636365,0.1111111109876543
2410399168_1462c422d4.jpg,একটি মাঠে একটি বাদামী কুকুর একটি বাদামী কুকুরের পিছনে ছুটছে ।,0.18181818165289254,0.2857142853061225,0.22222221722222232,0.22222221722222232,0.0,0.22222221722222232,0,0,0.3846153846153846,0.15384615372781063
8876.png,একটি নৌকায় কয়েকজন মানুষ আছে।,0.5999999988,0.7499999981250001,0.6666666602469137,0.6666666602469137,0.28571428000000004,0.6666666602469137,0,0,0.65,0.49999999916666665
young-stylish-woman-walking-with-smartphone-listening-music-headphones-summer-vacation.jpg,একটি মেয়ে দাড়িয়ে আছে,0.249999999375,0.0999999999,0.14285713857142868,0.14285713857142868,0.0,0.14285713857142868,0,0,0.28205128205128205,0.07692307686390532
107985741.jpg,একদল লোক বাইরে ছবি তুলছে,0.3999999992,0.33333333277777777,0.36363635801652905,0.36363635801652905,0.2222222167901236,0.36363635801652905,0,0,0.375,0.2222222219753086
1002.png,একজন পুরুষ মানুষ আছে।,0.249999999375,0.249999999375,0.2499999943750001,0.2499999943750001,0.0,0.2499999943750001,0,0,0.40909090909090906,0.14285714265306124
437917001_ae1106f34e.jpg,একটি ছেলে খেলার মাঠে রেলিঙে করে খেলার মাঠের ধাতব <unk> পা শুন্যে তুলে স্কেটিং করছে,0.13333333324444444,0.124999999921875,0.1290322529864726,0.1290322529864726,0.0,0.1290322529864726,0,0,0.360655737704918,0.07142857140306122
1995.png,একটি ছেলে পানির দিকে তাকিয়ে আছে,0.0,0.0,0.0,0.0,0.0,0.0,0,0,0.32558139534883723,0.0
4673.png,অনেকগুলো মানুষ আছে।,0.6666666644444444,0.3999999992,0.49999999406250006,0.49999999406250006,0.0,0.49999999406250006,0,0,0.5,0.33333333277777777
5756.png,একজন পুরুষ বসে আছে।,0.7499999981250001,0.37499999953124996,0.49999999472222234,0.49999999472222234,0.1999999954000001,0.49999999472222234,0,0,0.375,0.37499999953124996
1426014905_da60d72957.jpg,একজন লোক একটি বাক্স নিয়ে দাঁড়িয়ে আছে,0.4285714279591837,0.4285714279591837,0.42857142295918377,0.42857142295918377,0.16666666138888903,0.42857142295918377,0,0,0.64,0.2727272724793388
8837.png,একটি শিশু পানিতে নেমে দাঁড়িয়ে আছে।,0.33333333277777777,0.1999999998,0.24999999500000003,0.24999999500000003,0.14285713806122466,0.24999999500000003,0,0,0.4117647058823529,0.14285714275510203
2353119813_685bace18e.jpg,একটি বাদামী কুকুর একটি ফুটবল বল ধরার জন্য লাফ দিয়ে একটি ফুটবল বল ধরার জন্য লাফ দিয়ে একটি ফুটবল বল ধরার জন্য লাফ দিয়ে একটি ফুটবল বল ধরার জন্য লাফ দিয়ে একটি ফুটবল বল ধরার জন্য লাফ দিয়ে একটি ফুটবল,0.099999999975,0.571428570612245,0.17021276334993213,0.17021276334993213,0.0,0.17021276334993213,0,0,0.21999999999999997,0.3333333330555555
1513.png,অনেকগুলো মানুষ আছে।,0.3333333322222222,0.14285714265306124,0.1999999954000001,0.1999999954000001,0.0,0.1999999954000001,0,0,0.2727272727272727,0.1111111109876543
5135.png,<unk> <unk> গাড়িতে দুইজন লোক সারিতে সারিতে সারিতে সারিতে সারিতে সারিতে সারিতে সারিতে সারিতে সারিতে সারিতে সারিতে সারিতে সারিতে সারিতে সারিতে সারিতে সারিতে সারিতে সারিতে সারিতে সারিতে সারিতে সারিতে সারিতে সারিতে সারিতে সারিতে সারিতে সারিতে সারিতে সারিতে সারিতে সারিতে সারিতে,0.02499999999375,0.249999999375,0.04545454378099179,0.04545454378099179,0.0,0.04545454378099179,0,0,0.04402515723270439,0.12499999984374999
8021.png,সমুদ্রের পারে একজন পুরুষ হেঁটে যাচ্ছে।,0.6666666655555555,0.2222222220987654,0.33333332930555554,0.33333332930555554,0.09090908731404972,0.33333332930555554,0,0,0.31818181818181823,0.2222222220987654
6977.png,সূর্যমুখী বাগানের মাঝ দিয়ে ফোনে কথা বলছে।,0.0,0.0,0.0,0.0,0.0,0.0,0,0,0.2857142857142857,0.0
8707.png,একটি নৌকায় দাড়িয়ে আছে একজন পুরুষ মানুষ।,0.2857142853061225,0.2222222219753086,0.24999999476562512,0.24999999476562512,0.0,0.24999999476562512,0,0,0.40740740740740744,0.14285714275510203
2592711202_55f8c64495.jpg,বেগুনি রঙের জামা পরিহিত একজন মেয়ে নাচছে,0.4285714279591837,0.2727272724793388,0.33333332820987654,0.33333332820987654,0.12499999515625017,0.33333332820987654,0,0,0.31707317073170727,0.23076923059171597
5077.png,কয়েকজন মানুষ আছে।,0.6666666644444444,0.3999999992,0.49999999406250006,0.49999999406250006,0.0,0.49999999406250006,0,0,0.5,0.33333333277777777
2834752476_3177e617f1.jpg,একজন পুরুষ রঙ দিয়ে রেখেছে,0.0,0.0,0.0,0.0,0.0,0.0,0,0,0.33333333333333337,0.0
369.png,কয়েকজন মানুষ আছে।,0.3333333322222222,0.1999999996,0.24999999468750006,0.24999999468750006,0.0,0.24999999468750006,0,0,0.4285714285714286,0.14285714265306124
6488.png,একটি ইন্ডিয়ান মেয়ের হাতে কাপড় দিয়ে হেঁটে যাচ্ছে।,0.24999999968749997,0.3999999992,0.3076923024852071,0.3076923024852071,0.0,0.3076923024852071,0,0,0.3666666666666667,0.18181818165289254
6933.png,একটি গাড়ি ও গাড়ি চলাচল করছে।,0.16666666638888888,0.16666666638888888,0.16666666138888903,0.16666666138888903,0.0,0.16666666138888903,0,0,0.40740740740740744,0.0999999999
7748.png,একজন নারী ও একজন নারী আছে।,0.16666666638888888,0.0999999999,0.12499999515625017,0.12499999515625017,0.0,0.12499999515625017,0,0,0.3421052631578947,0.09090909082644627
90011335_cfdf9674c2.jpg,সমুদ্রে একজন লোক সার্ফিং করছে,0.0,0.0,0.0,0.0,0.0,0.0,0,0,0.25,0.0
3905.png,৪ জন পুরুষ দাড়িয়ে আছে।,0.5999999988,0.5999999988,0.5999999938,0.5999999938,0.4999999937500001,0.5999999938,0,0,0.7,0.4285714279591837
6745.png,একটি <unk> পানিতে নেমে মাছ ধরছেন।,0.16666666638888888,0.08333333326388888,0.11111110654321005,0.11111110654321005,0.0,0.11111110654321005,0,0,0.2790697674418605,0.05882352937716263
2595.png,পানিতে দুইটি শিশু আছে।,0.49999999875,0.24999999968749997,0.33333332833333335,0.33333332833333335,0.0,0.16666666194444454,0,0,0.27586206896551724,0.1999999998
271770120_880e8d8e52.jpg,একটি কালো কুকুর ঘাসের উপর দৌড়াচ্ছে,0.49999999916666665,0.37499999953124996,0.4285714230612245,0.4285714230612245,0.2222222167901236,0.36363635801652905,0,0,0.4782608695652174,0.2727272724793388
7176.png,সাদা জামা পরা একজন নারী আছে।,0.16666666638888888,0.249999999375,0.1999999948000001,0.1999999948000001,0.0,0.1999999948000001,0,0,0.26315789473684215,0.1111111109876543
1917203130_fcaff8b10e.jpg,এক মেয়ে রাস্তায় একটি ডকের উপর বসে আছে,0.37499999953124996,0.23076923059171597,0.2857142807256236,0.2857142807256236,0.0,0.22222221703703712,0,0,0.4054054054054054,0.16666666657407406
4973.png,একজন পুরুষ আছে।,0.9999999966666667,0.7499999981250001,0.8571428497959185,0.8571428497959185,0.39999999360000005,0.8571428497959185,0,0,0.7333333333333334,0.7499999981250001
20200807_184812.jpg,একজন পুরুষ বসে কাজ করছে।,0.1999999996,0.249999999375,0.2222222167901236,0.2222222167901236,0.0,0.2222222167901236,0,0,0.33333333333333337,0.12499999984374999
5064.png,একটি শিশু আছে।,0.6666666644444444,0.3999999992,0.49999999406250006,0.49999999406250006,0.0,0.49999999406250006,0,0,0.4117647058823529,0.33333333277777777
2911658792_6a6ef07e3a.jpg,একটি শিশু গাছের নীচে সবুজ রঙের জামা পরে একটি <unk>,0.1999999998,0.2222222219753086,0.21052631058171756,0.21052631058171756,0.0,0.12499999515625017,0,0,0.2777777777777778,0.124999999921875
3917.png,একজন পুরুষ ও একজন পুরুষ ও একজন পুরুষ ও একজন পুরুষ ও একজন পুরুষ ও একজন পুরুষ ও একজন পুরুষ ও একজন পুরুষ ও একজন পুরুষ ও একজন পুরুষ ও একজন পুরুষ ও একজন পুরুষ ও একজন পুরুষ ও একজন,0.0,0.0,0.0,0.0,0.0,0.0,0,0,0.061224489795918324,0.0
1507563902_6ec8d5d822.jpg,একটি স্কেটবোর্ডার একটি পা দিয়ে পা দিয়ে নামছে,0.12499999984374999,0.14285714265306124,0.13333332817777796,0.13333332817777796,0.0,0.13333332817777796,0,0,0.4358974358974359,0.0999999999
4468.png,একটি শিশু আছে।,0.9999999966666667,0.5999999988,0.7499999934375,0.7499999934375,0.33333332777777785,0.7499999934375,0,0,0.6,0.5999999988
2009.png,একটি নৌকায় তিনজন মানুষ আছে।,0.1999999996,0.07692307686390532,0.11111110697530877,0.11111110697530877,0.0,0.11111110697530877,0,0,0.2545454545454545,0.06666666662222222
8598.png,একটি নৌকায় কয়েকজন মানুষ আছে।,0.7999999984,0.7999999984,0.7999999934,0.7999999934,0.4999999937500001,0.7999999934,0,0,0.9,0.6666666655555555
3265.png,কয়েকজন মানুষ আছে।,0.9999999966666667,0.49999999916666665,0.6666666607407408,0.6666666607407408,0.28571428081632655,0.6666666607407408,0,0,0.5454545454545454,0.49999999916666665
_MG_1973.JPG,লোক টির চোখে চশমা,0.249999999375,0.16666666638888888,0.1999999948000001,0.1999999948000001,0.0,0.1999999948000001,0,0,0.3571428571428571,0.1111111109876543
2616.png,তিনজন পুরুষ পাশাপাশি দাড়িয়ে আছে।,0.0,0.0,0.0,0.0,0.0,0.0,0,0,0.35,0.0
2339516180_12493e8ecf.jpg,একটি লোক একটি ছোট কুকুরকে ধরে,0.0,0.0,0.0,0.0,0.0,0.0,0,0,0.33333333333333337,0.0
448658518_eec0b648a6.jpg,একটি <unk> একটি শিশু একটি বার এর সাহায্যে একটি বার এর সাহায্যে একটি বার এর সাহায্যে একটি বার এর সাহায্যে একটি বার এর সাহায্যে একটি বার এর সাহায্যে একটি বার এর সাহায্যে একটি বার এর সাহায্যে একটি বার এর সাহায্যে,0.02499999999375,0.1111111109876543,0.04081632351520222,0.04081632351520222,0.0,0.04081632351520222,0,0,0.24832214765100669,0.07142857137755101
7148.png,একজন বালক বসে আছে।,0.249999999375,0.1999999996,0.2222222167901236,0.2222222167901236,0.0,0.2222222167901236,0,0,0.4193548387096774,0.12499999984374999
2540203582_9a9ac92a5d.jpg,একটি শিশু হাতে একটি রেঁস্তোরার বাইরে খেলছে।,0.4285714279591837,0.37499999953124996,0.3999999944888889,0.3999999944888889,0.15384614863905344,0.3999999944888889,0,0,0.46875,0.18181818165289254
2682194299_92005b26c6.jpg,একটি কালো কুকুর একটি লাল সাদা বেড়ার উপর দিয়ে লাফ দিচ্ছে,0.45454545413223135,0.41666666631944443,0.4347826033270321,0.4347826033270321,0.11764705384083066,0.4347826033270321,0,0,0.5263157894736843,0.3124999998046875
3222250187_ef610f267e.jpg,কিছু বাচ্চা বাতাসে একটি ভলিবল খেলছে।,0.49999999916666665,0.24999999979166665,0.33333332851851855,0.33333332851851855,0.0,0.22222221753086427,0,0,0.5384615384615384,0.19999999986666667
2754271176_4a2cda8c15.jpg,একজন লোক একটি ইটের প্রাচীর এবং একটি লোক বসে আছেন।,0.29999999969999996,0.3333333329629629,0.31578946836565097,0.31578946836565097,0.23529411238754333,0.31578946836565097,0,0,0.3783783783783784,0.21428571413265304
4210.png,একজন ছোট ছেলে হাতে একটা নেট <unk>,0.14285714265306124,0.16666666638888888,0.15384614863905344,0.15384614863905344,0.0,0.15384614863905344,0,0,0.33333333333333337,0.08333333326388888
1245194315.jpg,একজন লোক একটি <unk> ফিতা নিয়ে ভেলকি করছে,0.24999999968749997,0.1999999998,0.22222221703703712,0.22222221703703712,0.1052631531301941,0.22222221703703712,0,0,0.39534883720930236,0.124999999921875
3619232550_0b1e1fd4e4.jpg,একজন পুরুষ এবং একজন লোক এবং তার পাশে দাঁড়িয়ে থাকা একজন লোক এবং তার পাশে দাঁড়িয়ে থাকা একজন লোক এবং তার পাশে দাঁড়িয়ে থাকা একজন লোক এবং তার পাশে দাঁড়িয়ে থাকা একজন লোক এবং তার পাশে দাঁড়িয়ে থাকা একজন লোক,0.02499999999375,0.16666666638888888,0.04347825858223074,0.04347825858223074,0.0,0.04347825858223074,0,0,0.20143884892086328,0.07692307686390532
5705.png,দূরে অনেকগুলো মানুষ আছে।,0.49999999875,0.6666666644444444,0.5714285648979592,0.5714285648979592,0.39999999360000005,0.5714285648979592,0,0,0.5333333333333333,0.3999999992
3151860914_46e30cd5ea.jpg,একজন লোক তার কুকুর দাঁড়িয়ে আছে,0.33333333277777777,0.2222222219753086,0.2666666615111111,0.2666666615111111,0.0,0.2666666615111111,0,0,0.4444444444444444,0.18181818165289254
2602258549_7401a3cdae.jpg,একজন পুরুষ এবং একজন মহিলা কম্পিউটারে তাকিয়ে আছে,0.49999999937499995,0.30769230745562126,0.3809523758730159,0.3809523758730159,0.2105263109141275,0.3809523758730159,0,0,0.5217391304347826,0.1874999998828125
186890605_ddff5b694e.jpg,এক লোক পানির উপরে লাফ দিলো,0.33333333277777777,0.2222222219753086,0.2666666615111111,0.2666666615111111,0.0,0.2666666615111111,0,0,0.625,0.15384615372781063
5780.png,একজন পুরুষ বসে আছে,0.49999999875,0.2857142853061225,0.36363635834710756,0.36363635834710756,0.2222222172839507,0.36363635834710756,0,0,0.4444444444444444,0.24999999968749997
606.png,দূরে একজন মানুষ দেখা যাচ্ছে।,0.3999999992,0.2857142853061225,0.33333332791666676,0.33333332791666676,0.1999999948000001,0.33333332791666676,0,0,0.43999999999999995,0.1999999998
6366.png,একজন পুরুষ মুখে রঙ মেখে আছে।,0.33333333277777777,0.49999999875,0.3999999944,0.3999999944,0.0,0.3999999944,0,0,0.5,0.24999999968749997
8826.png,লোক টি বসে আছে,0.249999999375,0.1111111109876543,0.15384614934911253,0.15384614934911253,0.0,0.15384614934911253,0,0,0.33333333333333337,0.08333333326388888
2760716468_b541e9fd0f.jpg,একটি লোক দালানের সামনে বসে আছে,0.49999999916666665,0.49999999916666665,0.4999999941666667,0.4999999941666667,0.19999999460000012,0.4999999941666667,0,0,0.47619047619047616,0.3333333329629629
6593.png,<unk> <unk> <unk> ফেলছে।,0.249999999375,0.12499999984374999,0.16666666194444454,0.16666666194444454,0.0,0.16666666194444454,0,0,0.19999999999999996,0.12499999984374999
3681172959_6674c118d2.jpg,একজন লোক রাস্তায় বাইক চালাচ্ছেন।,0.1999999996,0.07692307686390532,0.11111110697530877,0.11111110697530877,0.0,0.11111110697530877,0,0,0.3448275862068966,0.05882352937716263
6498.png,নদীতে একটা নৌকায় কয়েকজন মানুষ আছে।,0.33333333277777777,0.33333333277777777,0.3333333277777778,0.3333333277777778,0.19999999460000012,0.3333333277777778,0,0,0.4,0.1999999998
7673.png,একটি শিশু দাড়িয়ে আছে।,0.249999999375,0.09090909082644627,0.13333332924444455,0.13333332924444455,0.0,0.13333332924444455,0,0,0.23076923076923073,0.07692307686390532
2574194729_1f099647ee.jpg,একটি কুকুর একটি লাঠি বহনকারী একটি ভেজা কুকুর দৌড়াচ্ছে,0.4444444439506172,0.4444444439506172,0.4444444389506173,0.4444444389506173,0.24999999468750006,0.4444444389506173,0,0,0.5,0.37499999953124996
7476.png,একটি নৌকায় কয়েকজন লোক বৈঠা হাতে নৌকা বাইচে।,0.24999999968749997,0.33333333277777777,0.2857142804081633,0.2857142804081633,0.0999999953500002,0.2857142804081633,0,0,0.3448275862068966,0.16666666652777776
1110208841_5bb6806afe.jpg,একটি কালো কুকুরটি একটি ফুটবল ধরার চেষ্টা করছে,0.37499999953124996,0.24999999979166665,0.2999999949,0.2999999949,0.11111110623456812,0.2999999949,0,0,0.39473684210526316,0.1874999998828125
512026551_ba63ddbd31.jpg,একটি হালকা বাদামী কুকুর একটি লাঠি নিয়ে সাঁতার কাটছে,0.4444444439506172,0.3999999996,0.4210526261495845,0.4210526261495845,0.11764705370242234,0.4210526261495845,0,0,0.4411764705882353,0.28571428551020406
5127.png,ধান ক্ষেতের পাড়ে জমির উপরে।,0.1999999996,0.249999999375,0.2222222167901236,0.2222222167901236,0.0,0.2222222167901236,0,0,0.2222222222222222,0.12499999984374999
3125041578_c1f2d73b6d.jpg,একজন লোক স্কেটিং এ গোল হওয়া বাধা পার হতে স্কি করছে,0.2727272724793388,0.5999999988,0.374999995234375,0.374999995234375,0.0,0.374999995234375,0,0,0.4444444444444444,0.23076923059171597
345908027_2564875103669439_2159177169263922977_n.jpg,<unk> <unk> <unk> সাথে রাস্তায় সাইকেল চালাচ্ছে,0.571428570612245,0.21052631567867036,0.3076923035207101,0.3076923035207101,0.0,0.2666666613333334,0,0,0.41666666666666663,0.18181818165289254
6006.png,একজন মানুষ আছে।,0.0,0.0,0.0,0.0,0.0,0.0,0,0,0.24,0.0
482047956_9a29e9cee6.jpg,একটি <unk> পরা দুটি মেয়ে একটি <unk> <unk> <unk> <unk> <unk> <unk> <unk> <unk> <unk> <unk> <unk> <unk> <unk> <unk> <unk> <unk> <unk> <unk> <unk> <unk> <unk> <unk> <unk> <unk> <unk> <unk> <unk> <unk> <unk> <unk> <unk> <unk> <unk> <unk>,0.0499999999875,0.2857142853061225,0.08510638040742426,0.08510638040742426,0.04444444211358036,0.08510638040742426,0,0,0.08974358974358976,0.1999999998
3278.png,দুইটি শিশু আছে।,0.9999999966666667,0.9999999966666667,0.9999999916666666,0.9999999916666666,0.9999999900000001,0.9999999916666666,1,1,1.0,0.9999999966666667
345885287_1398081547656319_4679718544674903276_n.jpg,তার <unk> <unk> <unk>,0.7499999981250001,0.21428571413265304,0.33333332950617284,0.33333332950617284,0.0,0.33333332950617284,0,0,0.22807017543859653,0.07692307686390532
3319020762_d429d56a69.jpg,একটি শিশু পানির ছিটায়,0.249999999375,0.14285714265306124,0.1818181768595043,0.1818181768595043,0.0,0.1818181768595043,0,0,0.3846153846153846,0.0999999999
3597354819_0069aaf16e.jpg,একটি শিশু আছে।,0.3333333322222222,0.12499999984374999,0.18181817752066123,0.18181817752066123,0.0,0.18181817752066123,0,0,0.21052631578947367,0.0999999999
3490736665_38710f4b91.jpg,একটি কালো কুকুর একটি বল ধরার চেষ্টা করছে,0.37499999953124996,0.49999999916666665,0.4285714230612245,0.4285714230612245,0.08333332913194465,0.4285714230612245,0,0,0.48275862068965514,0.29999999969999996
3421177332_a05741cfa4.jpg,একজন লোক একটি <unk> <unk> করতে দেখছে,0.2857142853061225,0.2222222219753086,0.24999999476562512,0.24999999476562512,0.11111110654321005,0.1999999952500001,0,0,0.34693877551020413,0.15384615372781063
792362827_5ab5281b99.jpg,একদল যুবক বাইরে শিশুরা তাদেরকে দেখছে,0.16666666638888888,0.0999999999,0.12499999515625017,0.12499999515625017,0.0,0.12499999515625017,0,0,0.2954545454545454,0.06666666662222222
1152.png,একজন পুরুষ আছে।,0.0,0.0,0.0,0.0,0.0,0.0,0,0,0.2962962962962963,0.0
7989.png,একটি <unk> <unk> সামনে দাঁড়িয়ে আছে।,0.33333333277777777,0.2857142853061225,0.3076923022485208,0.3076923022485208,0.0,0.3076923022485208,0,0,0.4444444444444444,0.1999999998
2059616165_b7c99c1009.jpg,একটি কুকুর মুখে একটি লাঠি নিয়ে একটি খেলনা নিয়ে একটি খেলনা নিয়ে একটি খেলনা নিয়ে একটি খেলনা নিয়ে একটি খেলনা নিয়ে একটি খেলনা নিয়ে একটি খেলনা নিয়ে একটি খেলনা নিয়ে একটি খেলনা নিয়ে একটি খেলনা নিয়ে একটি খেলনা নিয়ে একটি,0.0499999999875,0.6666666644444444,0.09302325447268796,0.09302325447268796,0.0,0.09302325447268796,0,0,0.16551724137931034,0.2857142853061225
3453544202_3855ab34b6.jpg,সাদা হেলমেট পরিহিত একজন লোক একটি মোটরসাইকেলে চড়ে একটি ছবি,0.29999999969999996,0.4285714279591837,0.35294117121107266,0.35294117121107266,0.13333332835555572,0.35294117121107266,0,0,0.5714285714285714,0.23076923059171597
2752175795_c9def67895.jpg,একজন লোক একটি <unk> উপর ভর দিয়ে একটি <unk> উপর ভর দিয়ে একটি <unk> উপর ভর দিয়ে একটি <unk> উপর ভর দিয়ে একটি <unk> উপর ভর দিয়ে একটি <unk> উপর ভর দিয়ে একটি <unk> উপর ভর দিয়ে একটি <unk> উপর,0.07499999998125,0.21428571413265304,0.11111110722908106,0.11111110722908106,0.04444444211358036,0.11111110722908106,0,0,0.2206896551724138,0.16666666652777776
512634877_d7ad8c8329.jpg,ঘাসের উপর একটি কুকুর একটি লাল রঙের,0.7142857132653061,0.3846153843195266,0.4999999949499999,0.4999999949499999,0.33333332851851855,0.4999999949499999,0,0,0.4444444444444444,0.3333333329629629
4799.png,একজন নারী ও একজন নারী আছে।,0.8333333319444445,0.7142857132653061,0.7692307630769232,0.7692307630769232,0.36363635801652905,0.7692307630769232,0,0,0.7916666666666666,0.6666666655555555
8555.png,চারজন শিশু আছে।,0.3333333322222222,0.3333333322222222,0.33333332722222225,0.33333332722222225,0.0,0.33333332722222225,0,0,0.4,0.1999999996
4726.png,একটি নৌকায় ২ জন পুরুষ মানুষ।,0.16666666638888888,0.1999999996,0.1818181765289258,0.1818181765289258,0.0,0.1818181765289258,0,0,0.30000000000000004,0.0999999999
3086526292_f799d237c7.jpg,একটি ছেলে রাস্তায় দাড়িয়ে আছে,0.3999999992,0.1999999998,0.2666666618666667,0.2666666618666667,0.0,0.2666666618666667,0,0,0.368421052631579,0.16666666652777776
3726170067_094cc1b7e5.jpg,একজন লোক একটি <unk> <unk> <unk> <unk> <unk> <unk> <unk> <unk> <unk> <unk> <unk> <unk> <unk> <unk> <unk> <unk> <unk> <unk> <unk> <unk> <unk> <unk> <unk> <unk> <unk> <unk> <unk> <unk> <unk> <unk> <unk> <unk> <unk> <unk> <unk> <unk> <unk>,0.07499999998125,0.24999999979166665,0.11538461178994093,0.11538461178994093,0.03999999655200029,0.11538461178994093,0,0,0.0691823899371069,0.2857142853061225
562588230_edb2c071c8.jpg,একটি ছেলে একটি লাল প্লাস্টিকের খেলনায় পিছলে পড়ছে,0.24999999968749997,0.33333333277777777,0.2857142804081633,0.2857142804081633,0.0,0.2857142804081633,0,0,0.4545454545454546,0.09090909082644627
480283163_660508409664239_5696440675217695690_n.jpg,একজন নারী আছে। পিছনে কয়েকজন মানুষ আছে।,0.0,0.0,0.0,0.0,0.0,0.0,0,0,0.21276595744680848,0.0
3152317129_177b4678b7.jpg,একটি সুইমিং পুলে এক বাচ্চা সুইমিংপুলে সাঁতার কাটছে,0.49999999937499995,0.49999999937499995,0.49999999437500003,0.49999999437500003,0.28571428030612256,0.49999999437500003,0,0,0.4516129032258065,0.3636363633057851
3229442620_fd47d01b59.jpg,একটি কালো রঙের কোনও কালো রঙের কোনও কালো রঙের কোনও কালো রঙের কোনও কালো রঙের কোনও কালো রঙের কোনও কালো রঙের কোনও কালো রঙের কোনও কালো রঙের কোনও কালো রঙের কোনও কালো রঙের কোনও কালো রঙের কোনও কালো রঙের কোনও,0.0499999999875,0.18181818165289254,0.07843136913494825,0.07843136913494825,0.0,0.07843136913494825,0,0,0.14383561643835618,0.15384615372781063
2488.png,নদীতে একটি নৌকা দেখা যাচ্ছে।,0.1999999996,0.16666666638888888,0.1818181765289258,0.1818181765289258,0.0,0.1818181765289258,0,0,0.2777777777777778,0.0999999999
2363419943_717e6b119d.jpg,একজন মহিলা একটি দোকানের সামনে দাঁড়িয়ে আছে,0.2857142853061225,0.1999999998,0.23529411252595167,0.23529411252595167,0.13333332835555572,0.23529411252595167,0,0,0.41666666666666663,0.13333333324444444
2623930900_b9df917b82.jpg,একজন বৃদ্ধ মহিলা,0.3333333322222222,0.14285714265306124,0.1999999954000001,0.1999999954000001,0.0,0.1999999954000001,0,0,0.24137931034482762,0.14285714265306124
3295452057_0c987f895f.jpg,একটি সাদা কুকুর একটি বেসবল মাঠে দাঁড়িয়ে আছে,0.37499999953124996,0.2727272724793388,0.31578946847645434,0.31578946847645434,0.0,0.21052631069252087,0,0,0.5,0.13333333324444444
inbound1536357592172230642.jpg,একটি <unk>,0.4999999975,0.12499999984374999,0.19999999640000002,0.19999999640000002,0.0,0.19999999640000002,0,0,0.18181818181818177,0.12499999984374999
542405691_0594b1ce72.jpg,একটি মেঝেতে একটি খেলনা সহ একটি <unk> খেলনা নিয়ে খেলছে,0.1999999998,0.2222222219753086,0.21052631058171756,0.21052631058171756,0.0,0.21052631058171756,0,0,0.45945945945945943,0.1111111110493827
5596.png,একটি নৌকায় কয়েকজন মানুষ আছে।,0.1999999996,0.07692307686390532,0.11111110697530877,0.11111110697530877,0.0,0.11111110697530877,0,0,0.30952380952380953,0.06666666662222222
357725852_6f55cb9abc.jpg,একটি নৌকায় করে একটি নৌকা থেকে পানিতে ডুবে গেছে আর নদীতে একটি নৌকা থেকে পানিতে ডুবে গেছে আর নদীতে একটি নৌকা থেকে পানিতে ডুবে গেছে আর নদীতে একটি নৌকা থেকে পানিতে ডুবে গেছে আর নদীতে একটি নৌকা থেকে পানিতে ডুবে,0.0499999999875,0.1999999998,0.07999999676800014,0.07999999676800014,0.03846153469674592,0.07999999676800014,0,0,0.2222222222222222,0.09090909086776859
3187492926_8aa85f80c6.jpg,নীল রঙের লাইফ জ্যাকেট পরিহিত একজন বালক সুইমিংপুলের পানিতে সাঁতার কাটছে।,0.18181818165289254,0.2857142853061225,0.22222221722222232,0.22222221722222232,0.0,0.22222221722222232,0,0,0.375,0.124999999921875
2092.png,তাদের সামনে একটি গাড়ির সাথে সাথে সাথে সাথে সাথে সাথে সাথে সাথে সাথে সাথে সাথে সাথে সাথে সাথে সাথে সাথে সাথে সাথে সাথে সাথে সাথে সাথে সাথে সাথে সাথে সাথে সাথে সাথে সাথে সাথে সাথে সাথে সাথে সাথে সাথে সাথে,0.0,0.0,0.0,0.0,0.0,0.0,0,0,0.09756097560975607,0.0
7710.png,একটি সাদা রঙের পোশাক পরিহিত একজন লোক একটি পাখির খাচার পাশে বসে আছে।,0.23076923059171597,0.23076923059171597,0.2307692255917161,0.2307692255917161,0.09523809024943336,0.2307692255917161,0,0,0.39583333333333337,0.13636363630165288
2170222061_e8bce4a32d.jpg,একটি কালো কুকুর একটি বাদামী এবং একটি কালো কুকুর দৌড়াচ্ছে,0.29999999969999996,0.3333333329629629,0.31578946836565097,0.31578946836565097,0.1904761853968255,0.31578946836565097,0,0,0.5675675675675675,0.1999999998
3998.png,একজন নারী মাথায় বস্তা নিয়ে পানিতে নেমে বৃষ্টিতে ভিজে মজা করছে।,0.09090909082644627,0.249999999375,0.13333332924444455,0.13333332924444455,0.0,0.13333332924444455,0,0,0.30000000000000004,0.07142857137755101
1716445442_9cf3528342.jpg,একটি দম্পতি একটি পাথরের উপর দিয়ে পাথরে হাটছে,0.12499999984374999,0.1999999996,0.15384614887573977,0.15384614887573977,0.0,0.15384614887573977,0,0,0.38888888888888884,0.09090909082644627
428.png,এক মহিলা একটি <unk> দ্বারা পূর্ণ পাত্রের দিকে তাকিয়ে আছে,0.1999999998,0.18181818165289254,0.19047618530612256,0.19047618530612256,0.0,0.1666666616666668,0,0,0.39583333333333337,0.10526315783933518
3052.png,পানিতে কয়েকজন মানুষ কাজ করছে।,0.3999999992,0.2222222219753086,0.2857142807142858,0.2857142807142858,0.0,0.2857142807142858,0,0,0.4,0.16666666652777776
3695.png,একটি নৌকায় কয়েকজন মানুষ আছে।,0.3999999992,0.24999999968749997,0.3076923024852071,0.3076923024852071,0.0,0.3076923024852071,0,0,0.3571428571428571,0.1999999998
232193739_ed5f348c7a.jpg,একটি ছেলে একটি দড়ি রয়েছে।,0.1999999996,0.16666666638888888,0.1818181765289258,0.1818181765289258,0.0,0.1818181765289258,0,0,0.375,0.1111111109876543
2255685792_f70474c6db.jpg,একজন স্কিয়ার একটি স্কি পোল দেখাচ্ছে,0.33333333277777777,0.16666666652777776,0.22222221753086427,0.22222221753086427,0.0,0.12499999515625017,0,0,0.34693877551020413,0.124999999921875
inbound1169727335265747590.jpg,একটি বাঘ আছে।,0.3333333322222222,0.14285714265306124,0.1999999954000001,0.1999999954000001,0.0,0.1999999954000001,0,0,0.25,0.12499999984374999
716.png,অনেকগুলো নারী ও কয়েকজন মানুষ আছে।,0.33333333277777777,0.2857142853061225,0.3076923022485208,0.3076923022485208,0.0,0.3076923022485208,0,0,0.31999999999999995,0.18181818165289254
5805.png,একটি নৌকায় কয়েকজন মানুষ আছে।,0.5999999988,0.7499999981250001,0.6666666602469137,0.6666666602469137,0.28571428000000004,0.6666666602469137,0,0,0.6,0.49999999916666665
2272548482_0b4aec5cdd.jpg,একজন বাস্কেটবল খেলোয়াড় বল হাতে নিয়ে বল হাতে নিয়ে বল হাতে নিয়ে বল হাতে নিয়ে বল হাতে নিয়ে বল হাতে নিয়ে বল হাতে নিয়ে বল হাতে নিয়ে বল হাতে নিয়ে বল হাতে নিয়ে বল হাতে নিয়ে বল হাতে নিয়ে বল,0.07499999998125,0.49999999916666665,0.1304347802835539,0.1304347802835539,0.0,0.08695651943289232,0,0,0.17322834645669294,0.3333333329629629
2600.png,একজন লোক একটি ঘুড়ি <unk> এর পাশে একটি পতাকা হাতে একটি <unk> সামনে একটি পতাকা হাতে একটি <unk> সামনে একটি পতাকা হাতে একটি <unk> সামনে একটি পতাকা হাতে একটি <unk> সামনে একটি পতাকা হাতে একটি <unk> সামনে একটি পতাকা হাতে,0.12499999996875,0.6249999992187499,0.20833333046875002,0.20833333046875002,0.0,0.16666666381944448,0,0,0.14,0.30769230745562126
6486.png,একজন পুরুষ আছে।,0.6666666644444444,0.49999999875,0.5714285648979592,0.5714285648979592,0.0,0.5714285648979592,0,0,0.6923076923076923,0.3999999992
3081.png,একটি পুকুর ও একটি পুকুর ও একটি পুকুর ও একটি পুকুর ও একটি পুকুর ও একটি পুকুর ও একটি পুকুর ও একটি পুকুর ও একটি পুকুর ও একটি পুকুর ও একটি পুকুর ও একটি পুকুর ও একটি পুকুর ও একটি,0.0499999999875,0.15384615372781063,0.07547169438234266,0.07547169438234266,0.0,0.07547169438234266,0,0,0.17293233082706772,0.07142857137755101
7145.png,একটি লোক সাইকেল চালিয়ে যাচ্ছে।,0.3999999992,0.14285714275510203,0.21052631168975072,0.21052631168975072,0.0,0.21052631168975072,0,0,0.2407407407407407,0.124999999921875
3607.png,একটি শিশু আছে।,0.9999999966666667,0.9999999966666667,0.9999999916666666,0.9999999916666666,0.9999999900000001,0.9999999916666666,1,1,1.0,0.9999999966666667
3187117682_986ffd6b67.jpg,একটি বাদামী কুকুর পানি পান করছে,0.49999999916666665,0.24999999979166665,0.33333332851851855,0.33333332851851855,0.12499999554687513,0.33333332851851855,0,0,0.38095238095238093,0.19999999986666667
7394.png,রাতের অন্ধকারে পানির মাঝে।,0.0,0.0,0.0,0.0,0.0,0.0,0,0,0.1875,0.0
277.png,একজন পুরুষ হেঁটে যাচ্ছে।,0.249999999375,0.249999999375,0.2499999943750001,0.2499999943750001,0.0,0.2499999943750001,0,0,0.4736842105263158,0.14285714265306124
317.png,বৃষ্টিতে ছাতা দিয়ে একজন পুরুষ ছাতা মাথায় ইট ভাটায় কাজ করছে।,0.18181818165289254,0.3999999992,0.249999995390625,0.249999995390625,0.0,0.249999995390625,0,0,0.32499999999999996,0.15384615372781063
3119903318_d032141839.jpg,একটি ছোট ছেলে একটি <unk> আগুন জ্বলছে ।,0.24999999968749997,0.24999999968749997,0.24999999468750006,0.24999999468750006,0.0,0.12499999484375018,0,0,0.3846153846153846,0.15384615372781063
944.png,একজন পুরুষ কাজ করছে।,0.9999999975,0.7999999984,0.8888888819753088,0.8888888819753088,0.5714285648979592,0.8888888819753088,0,0,0.7894736842105263,0.7999999984
3346.png,একজন মানুষ মাথার উপর বোঝা বহন করে যাচ্ছে।,0.24999999968749997,0.24999999968749997,0.24999999468750006,0.24999999468750006,0.0,0.24999999468750006,0,0,0.2857142857142857,0.14285714275510203
Shifting-trend-in-material-use-for-rural-dwelling-units-of-Bangladesh.png,একটি পুরাতন <unk>,0.3333333322222222,0.1999999996,0.24999999468750006,0.24999999468750006,0.0,0.24999999468750006,0,0,0.33333333333333337,0.14285714265306124
8446.png,৪ জন ছোট ছেলে হাতে একটি বাচ্চাকে হাতে নিয়ে আছে।,0.1999999998,0.2857142853061225,0.23529411252595167,0.23529411252595167,0.0,0.23529411252595167,0,0,0.4193548387096774,0.14285714275510203
3742.png,একজন পুরুষ মাথায় বোঝা নিয়ে যাচ্ছে।,0.49999999916666665,0.3333333329629629,0.3999999946666667,0.3999999946666667,0.0,0.3999999946666667,0,0,0.4838709677419355,0.24999999979166665
411863595_d77156687e.jpg,একটি দম্পতি একটি মাঠে একটি মাঠে একটি মাঠে একটি মাঠে একটি মাঠে একটি মাঠে একটি মাঠে একটি মাঠে একটি মাঠে একটি মাঠে একটি মাঠে একটি মাঠে একটি মাঠে একটি মাঠে একটি মাঠে একটি মাঠে একটি মাঠে একটি মাঠে একটি মাঠে,0.0499999999875,0.16666666652777776,0.07692307334319543,0.07692307334319543,0.0,0.07692307334319543,0,0,0.15602836879432624,0.12499999984374999
8661.png,একটা মূর্তির দোকানে একজন পুরুষ শুয়ে আছে।,0.0,0.0,0.0,0.0,0.0,0.0,0,0,0.3793103448275862,0.0
2631625732_75b714e685.jpg,সাতজন লোক পানির মধ্যে ফেলে পাড় দিয়ে সাইকেল চালিয়ে নিয়ে পানিতে নেমে গোসল করছে এবং তাদের মাঝে কিছু মানুষ,0.10526315783933518,0.2222222219753086,0.1428571383928573,0.1428571383928573,0.0,0.1428571383928573,0,0,0.2647058823529411,0.07692307689349112
138718600_f430ebca17.jpg,একটি সাইকেল আছে।,0.3333333322222222,0.12499999984374999,0.18181817752066123,0.18181817752066123,0.0,0.18181817752066123,0,0,0.2666666666666667,0.0999999999
3111502208_71e2a414f5.jpg,ছেলেরা রাগবি খেলছে,0.0,0.0,0.0,0.0,0.0,0.0,0,0,0.26086956521739135,0.0
5910.png,একটি শিশু আছে।,0.6666666644444444,0.6666666644444444,0.6666666594444445,0.6666666594444445,0.4999999925000001,0.6666666594444445,0,0,0.6,0.49999999875
3029463004_c2d2c8f404.jpg,একটি সার্ফার একটি বিশাল ঢেউয়ের উপরে উঠছে,0.0,0.0,0.0,0.0,0.0,0.0,0,0,0.5483870967741935,0.0
2436081047_bca044c1d3.jpg,একটি স্কেটবোর্ডার একটি স্কেটবোর্ড চালাচ্ছে,0.1999999996,0.14285714265306124,0.16666666152777793,0.16666666152777793,0.0,0.16666666152777793,0,0,0.40740740740740744,0.0999999999
IMG_20220915_163442.jpg,দুইজন পুরুষ হেঁটে যাচ্ছে।,0.0,0.0,0.0,0.0,0.0,0.0,0,0,0.5333333333333333,0.0
4734.png,এটি একটি <unk> দিকে ঝাঁপ দিচ্ছে,0.16666666638888888,0.16666666638888888,0.16666666138888903,0.16666666138888903,0.0,0.16666666138888903,0,0,0.29166666666666663,0.09090909082644627
2522809984_2e8a7df4fb.jpg,একটি কালো কুকুর পানিতে দৌড়াচ্ছে,0.7999999984,0.6666666655555555,0.7272727209917357,0.7272727209917357,0.6666666602469137,0.7272727209917357,0,0,0.7272727272727273,0.571428570612245
2893476169_f38dd32051.jpg,একজন লোক একটি ভবনের সামনে লাফ দিচ্ছে,0.571428570612245,0.571428570612245,0.5714285656122451,0.5714285656122451,0.3333333277777778,0.5714285656122451,0,0,0.6428571428571428,0.3999999996
8931.png,একটি পানির নিচে এক লোক পানির মধ্যে দাঁড়িয়ে আছে,0.0,0.0,0.0,0.0,0.0,0.0,0,0,0.34042553191489366,0.0
3762.png,একটি শিশু ও কয়েকটি পাখি দেখা যাচ্ছে।,0.571428570612245,0.6666666655555555,0.6153846094674558,0.6153846094674558,0.5454545395041324,0.6153846094674558,0,0,0.6956521739130435,0.4444444439506172
2890731828_8a7032503a.jpg,কিছু মানুষ আগুনের স্ফুলিঙ্গ উড়ছে,0.1999999996,0.12499999984374999,0.15384614887573977,0.15384614887573977,0.0,0.15384614887573977,0,0,0.30000000000000004,0.08333333326388888
7070.png,মহিলা টি তাকিয়ে আছে,0.249999999375,0.249999999375,0.2499999943750001,0.2499999943750001,0.0,0.2499999943750001,0,0,0.5333333333333333,0.14285714265306124
2949.png,একজন পুরুষ হাতে লাল গোলাপ ধরে বিচের পাড়ে বসে আছে,0.1999999998,0.24999999968749997,0.22222221703703712,0.22222221703703712,0.12499999492187522,0.22222221703703712,0,0,0.38235294117647056,0.13333333324444444
664.png,দু'জন লোক পানিতে লাফাচ্ছে,0.0,0.0,0.0,0.0,0.0,0.0,0,0,0.5,0.0
3568505408_4e30def669.jpg,একটি ঘোড়ার দৌড়ে এবং ঘোড়া আছে।,0.16666666638888888,0.12499999984374999,0.1428571377551022,0.1428571377551022,0.0,0.1428571377551022,0,0,0.4,0.08333333326388888
2757779501_c41c86a595.jpg,দু'জন লোক একটি শিলা পর্বতে উঠছেন,0.49999999916666665,0.4285714279591837,0.4615384558579882,0.4615384558579882,0.36363635801652905,0.4615384558579882,0,0,0.6428571428571428,0.29999999969999996
3616771728_2c16bf8d85.jpg,ঘোড়া রেস ঘোড়া এবং কালো ঘোড়া এবং কালো ঘোড়া এবং কালো ঘোড়া এবং কালো ঘোড়া এবং কালো ঘোড়া এবং কালো ঘোড়া এবং কালো ঘোড়া এবং কালো ঘোড়া এবং কালো ঘোড়া এবং কালো ঘোড়া এবং কালো ঘোড়া এবং কালো ঘোড়া এবং,0.0499999999875,0.124999999921875,0.07142856732142881,0.07142856732142881,0.0,0.0444444424493828,0,0,0.26890756302521013,0.13333333324444444
4679.png,একটি সেতুর উপরে দাড়িয়ে আছে যার পরনে হাফ প্যান্ট পরে আছে।,0.2727272724793388,0.2727272724793388,0.2727272674793389,0.2727272674793389,0.07999999513600028,0.2727272674793389,0,0,0.45614035087719296,0.16666666657407406
110695011.jpg,একটি ব্যস্ত শহরের রাস্তায় এক ব্যক্তি,0.33333333277777777,0.1999999998,0.24999999500000003,0.24999999500000003,0.14285713806122466,0.24999999500000003,0,0,0.30000000000000004,0.14285714275510203
6053.png,একটি নৌকায় কয়েকজন মানুষ আছে।,0.3999999992,0.2857142853061225,0.33333332791666676,0.33333332791666676,0.0,0.33333332791666676,0,0,0.5185185185185186,0.1999999998
1332823164_c70a5d930e.jpg,সমুদ্রের পারে দুইটি শিশু সমুদ্রের পানিতে দৌড়াচ্ছে,0.14285714265306124,0.16666666638888888,0.15384614863905344,0.15384614863905344,0.0,0.15384614863905344,0,0,0.3666666666666667,0.09090909082644627
5636.png,কয়েকজন মানুষ আছে।,0.3333333322222222,0.14285714265306124,0.1999999954000001,0.1999999954000001,0.0,0.1999999954000001,0,0,0.28,0.12499999984374999
3177.png,টুপি পরে লোকটি টুপি পরে আছে,0.33333333277777777,0.11764705875432525,0.17391303947069953,0.17391303947069953,0.0,0.17391303947069953,0,0,0.33333333333333337,0.1111111110493827
343218198_1ca90e0734.jpg,একটি কালো কুকুর ঘাসে দৌড়াচ্ছে,0.7999999984,0.7999999984,0.7999999934,0.7999999934,0.4999999937500001,0.7999999934,0,0,0.631578947368421,0.6666666655555555
1029802110.jpg,ছোট বাচ্চারা একজন মহিলার দিকে এগিয়ে যায়।,0.0,0.0,0.0,0.0,0.0,0.0,0,0,0.23529411764705888,0.0
2707969386_94dde00ce4.jpg,একটি কুকুর একটি কুকুর দৌড়াচ্ছে,0.3999999992,0.33333333277777777,0.36363635801652905,0.36363635801652905,0.2222222167901236,0.36363635801652905,0,0,0.6086956521739131,0.2857142853061225
2591486448_48d5438343.jpg,একটি কুকুর তার মুখে একটি কালো বাদামী কুকুর তার মুখে একটি কালো বাদামী কুকুর তার মুখে একটি কালো বাদামী কুকুর তার মুখে একটি কালো বাদামী কুকুর তার মুখে একটি কালো বাদামী কুকুর তার মুখে একটি কালো বাদামী কুকুর তার মুখে,0.07499999998125,0.4285714279591837,0.12765957187867819,0.12765957187867819,0.04444444211358036,0.12765957187867819,0,0,0.28057553956834536,0.29999999969999996
8101.png,রাতের বেলা রাতের বেলা রেল লাইন স্টেশনে কয়েকজন মানুষ দাড়িয়ে আছে অনেক মানুষ দাড়িয়ে আছে অনেক মানুষ দাড়িয়ে আছে অনেক মানুষ দাড়িয়ে আছে অনেক মানুষ দাড়িয়ে আছে অনেক মানুষ দাড়িয়ে আছে অনেক মানুষ দাড়িয়ে আছে অনেক মানুষ দাড়িয়ে আছে অনেক,0.0,0.0,0.0,0.0,0.0,0.0,0,0,0.1258278145695364,0.0
1262077938_8b9516c273.jpg,একজন মহিলা কালো পোশাক পরে একটি বেঞ্চে বসে আছে,0.4444444439506172,0.49999999937499995,0.4705882297577854,0.4705882297577854,0.2857142807256236,0.4705882297577854,0,0,0.6875,0.30769230745562126
3051754615_3d6494c2ae.jpg,একদল লোক নৌকার সাথে নিয়ে নদীতে নৌকা চালাচ্ছে,0.49999999937499995,0.6666666655555555,0.5714285657142858,0.5714285657142858,0.16666666152777793,0.5714285657142858,0,0,0.5862068965517242,0.3999999996
3367851138_757d6bd2ef.jpg,একটি কালো স্কুল ও ভবন দেখা যাচ্ছে।,0.14285714265306124,0.1999999996,0.16666666152777793,0.16666666152777793,0.0,0.16666666152777793,0,0,0.43333333333333335,0.09090909082644627
_MG_2689.JPG,সবুজ রঙের ট্রেন আছে,0.7499999981250001,0.4285714279591837,0.5454545398347109,0.5454545398347109,0.2222222172839507,0.5454545398347109,0,0,0.4285714285714286,0.37499999953124996
7426.png,একটি লোক রাস্তার পাশে বসে আছে।,0.33333333277777777,0.3999999992,0.36363635801652905,0.36363635801652905,0.2222222167901236,0.36363635801652905,0,0,0.375,0.2222222219753086
3000428313_8a1e65e20e.jpg,এক ছোট ছেলে একটি পুলে ঝাপিয়ে পড়ছে,0.2857142853061225,0.33333333277777777,0.3076923022485208,0.3076923022485208,0.0,0.3076923022485208,0,0,0.3939393939393939,0.18181818165289254
837.png,একজন পুরুষ বসে আছে।,0.49999999875,0.49999999875,0.4999999937500001,0.4999999937500001,0.33333332722222225,0.4999999937500001,0,0,0.7142857142857143,0.33333333277777777
468310111_d9396abcbd.jpg,অনেকগুলো ছোট বাচ্চারা ঘাস খাচ্ছে এবং তাদের পেছনে অনেক বড় ঘাসের মাঠে দাঁড়িয়ে আছে।,0.07142857137755101,0.12499999984374999,0.09090908619834734,0.09090908619834734,0.0,0.09090908619834734,0,0,0.3076923076923077,0.04761904759637188
3407584080_c6abf71ae3.jpg,একজন স্কিয়ার তুষারের উপর দিয়ে স্কাই ডাইভিং করছে,0.24999999968749997,0.3999999992,0.3076923024852071,0.3076923024852071,0.0,0.3076923024852071,0,0,0.5151515151515151,0.18181818165289254
1801663973_5ad393caeb.jpg,একটি দম্পতি একটি গাছের পাশে ঘাসের উপর বসে আছে,0.6666666659259258,0.39999999973333333,0.49999999489583336,0.49999999489583336,0.09090908619834734,0.4166666616319445,0,0,0.36734693877551017,0.3124999998046875
3436418401_b00ceb27c0.jpg,একটি ছোট্ট মেয়ে সৈকতে দৌড়াচ্ছে,0.3999999992,0.33333333277777777,0.36363635801652905,0.36363635801652905,0.0,0.36363635801652905,0,0,0.6190476190476191,0.2222222219753086
4317.png,একটি নৌকায় একজন মানুষ আছে।,0.5999999988,0.4285714279591837,0.4999999943055557,0.4999999943055557,0.1999999948000001,0.4999999943055557,0,0,0.5714285714285714,0.3333333329629629
1664.png,একটি শিশু দাড়িয়ে আছে।,0.249999999375,0.1999999996,0.2222222167901236,0.2222222167901236,0.0,0.2222222167901236,0,0,0.4285714285714286,0.12499999984374999
7011.png,একটি নৌকায় একজন লোক নৌকা চালাচ্ছে।,0.49999999916666665,0.2727272724793388,0.3529411714878893,0.3529411714878893,0.0,0.2352941128027682,0,0,0.34090909090909094,0.21428571413265304
3215081286_d55541aa6b.jpg,একটি বাতি লাগানো একটি <unk> একটি ব্যস্ত সড়কে দাঁড়িয়ে আছে,0.0999999999,0.14285714265306124,0.11764705384083066,0.11764705384083066,0.0,0.11764705384083066,0,0,0.368421052631579,0.07142857137755101
6902.png,নৌকার ভিতর কয়েকজন মানুষ আছে।,0.3999999992,0.2222222219753086,0.2857142807142858,0.2857142807142858,0.0,0.2857142807142858,0,0,0.43243243243243246,0.16666666652777776
2030.png,কয়েকজন মানুষ আছে।,0.6666666644444444,0.3999999992,0.49999999406250006,0.49999999406250006,0.0,0.49999999406250006,0,0,0.5882352941176471,0.33333333277777777
3474999131_788cbf253f.jpg,একটি কুকুর পাইপ ব্যবহার করছেন।,0.3999999992,0.33333333277777777,0.36363635801652905,0.36363635801652905,0.2222222167901236,0.36363635801652905,0,0,0.4347826086956522,0.2222222219753086
7893.png,একজন মহিলা মুচকি হাসি মুখে গাছের মধ্যে দিয়ে হেঁটে যাচ্ছে,0.1999999998,0.16666666652777776,0.181818176694215,0.181818176694215,0.0,0.12499999515625017,0,0,0.30952380952380953,0.09999999995
9034.png,গোলাপি রঙের শাড়ি পরিহিত একজন মহিলা একটি ঝুড়ি নিয়ে যাচ্ছে।,0.1999999998,0.49999999875,0.28571428122448983,0.28571428122448983,0.0,0.28571428122448983,0,0,0.39473684210526316,0.16666666652777776
8391.png,জলাশয়ের পারে একটি নৌকা ও একটি শিশু আছে।,0.24999999968749997,0.33333333277777777,0.2857142804081633,0.2857142804081633,0.0,0.2857142804081633,0,0,0.5925925925925926,0.18181818165289254
1264.png,৪ জন পুরুষ ৩ জন পুরুষ।,0.49999999916666665,0.19999999986666667,0.2857142813605443,0.2857142813605443,0.21052631168975072,0.19047618621315202,0,0,0.42307692307692313,0.1874999998828125
820169182_f5e78d7d19.jpg,দুইটি ছোট ছেলে একটি নীল রঙের কুকুরছানাকে প্লাস্টিকের বলের উপর বসে আছে,0.08333333326388888,0.16666666638888888,0.11111110654321005,0.11111110654321005,0.0,0.11111110654321005,0,0,0.375,0.05882352937716263
7864.png,পানির উপর কয়েকজন মানুষ আছে।,0.3999999992,0.3999999992,0.39999999420000004,0.39999999420000004,0.2499999943750001,0.39999999420000004,0,0,0.55,0.24999999968749997
8421.png,দুইটি শিশু আছে।,0.6666666644444444,0.49999999875,0.5714285648979592,0.5714285648979592,0.0,0.5714285648979592,0,0,0.5833333333333333,0.3999999992
3547524138_4157f660b0.jpg,রঙিন পোশাক পরিহিত একদল মহিলা একটি <unk> <unk>,0.24999999968749997,0.33333333277777777,0.2857142804081633,0.2857142804081633,0.0,0.2857142804081633,0,0,0.31707317073170727,0.18181818165289254
3259579174_30a8a27058.jpg,একটি শিশু একটি সুইমিং পুলে,0.1999999996,0.0999999999,0.13333332871111125,0.13333332871111125,0.0,0.13333332871111125,0,0,0.3157894736842105,0.08333333326388888
870.png,একটি শিশু আছে।,0.9999999966666667,0.4285714279591837,0.5999999946000001,0.5999999946000001,0.24999999562500003,0.5999999946000001,0,0,0.375,0.4285714279591837
3509.png,একজন পুরুষ দাড়িয়ে আছে।,0.49999999875,0.6666666644444444,0.5714285648979592,0.5714285648979592,0.0,0.5714285648979592,0,0,0.6,0.3999999992
2602679255_785b851b46.jpg,একজন মহিলা তার বন্ধুর পিছনে রেখে বিশ্রাম নিচ্ছে,0.24999999968749997,0.24999999968749997,0.24999999468750006,0.24999999468750006,0.14285713765306143,0.24999999468750006,0,0,0.37037037037037035,0.14285714275510203
3351586010_7ffaa90ea8.jpg,একটি রাস্তায় স্কেট পার্কে একটি ছেলে রাস্তায় সাইকেল চালাচ্ছে,0.4444444439506172,0.49999999937499995,0.4705882297577854,0.4705882297577854,0.24999999468750006,0.3529411710726644,0,0,0.4473684210526315,0.3333333330555555
6500.png,একজন মেয়ে হাঁসি মুখে তাকিয়ে আছেন।,0.49999999916666665,0.24999999979166665,0.33333332851851855,0.33333332851851855,0.0,0.33333332851851855,0,0,0.47619047619047616,0.19999999986666667
5975.png,একটি <unk> <unk>,0.3333333322222222,0.16666666638888888,0.2222222172839507,0.2222222172839507,0.0,0.2222222172839507,0,0,0.20833333333333337,0.14285714265306124
6015.png,অনেক গুলো মানুষ দেখা যাচ্ছে।,0.3999999992,0.2857142853061225,0.33333332791666676,0.33333332791666676,0.0,0.33333332791666676,0,0,0.3846153846153846,0.1999999998
1509786421_f03158adfc.jpg,একজন মহিলা একটি সাদা এবং অন্য হাতে একটি <unk>,0.1111111109876543,0.0999999999,0.10526315279778417,0.10526315279778417,0.0,0.10526315279778417,0,0,0.3939393939393939,0.05882352937716263
203114209_e4cd71a6b7.jpg,দুই বাচ্চা মেয়ে,0.0,0.0,0.0,0.0,0.0,0.0,0,0,0.15625,0.0
315021440_122d56ebd7.jpg,একটি কুকুর একটি ছোট কুকুর দৌড়াচ্ছে,0.49999999916666665,0.4285714279591837,0.4615384558579882,0.4615384558579882,0.1818181765289258,0.4615384558579882,0,0,0.5862068965517242,0.37499999953124996
1579198375_84b18e003a.jpg,একজন মহিলা তার পেছনে একজন লোক,0.6666666655555555,0.3999999996,0.4999999946875,0.4999999946875,0.24999999468750006,0.4999999946875,0,0,0.525,0.2857142853061225
3315323307_bd148a8964.jpg,একটি কুকুর একটি পথ ধরে ছুটে চলছে,0.2857142853061225,0.33333333277777777,0.3076923022485208,0.3076923022485208,0.1818181765289258,0.3076923022485208,0,0,0.4411764705882353,0.1999999998
488590040_35a3e96c89.jpg,একজন লোক একটি মাছ ধরার চেষ্টা করছেন।,0.4285714279591837,0.37499999953124996,0.3999999944888889,0.3999999944888889,0.15384614863905344,0.3999999944888889,0,0,0.5925925925925926,0.24999999979166665
4879.png,নদীতে নৌকা ভিড়ানো একটা ঘর দেখা যাচ্ছে।,0.0,0.0,0.0,0.0,0.0,0.0,0,0,0.3125,0.0
143688895_e837c3bc76.jpg,একজন লোক একটি পাথরের উপরে উঠে যায়,0.2857142853061225,0.33333333277777777,0.3076923022485208,0.3076923022485208,0.16666666138888903,0.3076923022485208,0,0,0.46153846153846156,0.18181818165289254
3227594168_3351722aae.jpg,ঘাসের উপর বসে থাকা একটি ছোট ছেলে ঘাসের উপর বসে আছে,0.45454545413223135,0.41666666631944443,0.4347826033270321,0.4347826033270321,0.28571428045351477,0.39999999464999997,0,0,0.4864864864864865,0.3333333331111111
3423.png,একটি খুশির দৃশ্য প্রকৃতির কোলে নিয়ে আছে।,0.14285714265306124,0.14285714265306124,0.14285713765306143,0.14285713765306143,0.0,0.14285713765306143,0,0,0.36363636363636365,0.07692307686390532
1033767085.jpg,একটি শিশু একটি <unk>,0.49999999875,0.33333333277777777,0.3999999944,0.3999999944,0.10526315512465378,0.3999999944,0,0,0.3571428571428571,0.2857142853061225
2795287622_da187a3e86.jpg,একটি পুলে এক ছেলে সুইমিংপুলে লাফ দিচ্ছে,0.571428570612245,0.4444444439506172,0.49999999445312515,0.49999999445312515,0.1428571377551022,0.49999999445312515,0,0,0.56,0.3333333330555555
3192069971_83c5a90b4c.jpg,একটি শিশু একটি লাল রঙের খেলনা গিটার দিয়ে চলছে,0.1111111109876543,0.1111111109876543,0.11111110598765454,0.11111110598765454,0.0,0.11111110598765454,0,0,0.4042553191489362,0.0624999999609375
3724759125_2dc0e1f4a3.jpg,একটি শিশু একটি ছোট ছেলেকে আদর করছে,0.2857142853061225,0.2222222219753086,0.24999999476562512,0.24999999476562512,0.0,0.24999999476562512,0,0,0.37142857142857144,0.11764705875432525
2998861375_02817e0147.jpg,কালো পুলিশ প্রশিক্ষণ দিচ্ছে,0.249999999375,0.1999999996,0.2222222167901236,0.2222222167901236,0.0,0.2222222167901236,0,0,0.48,0.12499999984374999
3203742047_6a55065411.jpg,একজন লোক স্লেজ গাড়ী নিয়ে বসে আছে,0.4285714279591837,0.37499999953124996,0.3999999944888889,0.3999999944888889,0.15384614863905344,0.3999999944888889,0,0,0.5161290322580645,0.24999999979166665
7570.png,একজন ছোট মেয়ে সেজেগুজে হাতে বেলুন ধরে আছে।,0.37499999953124996,0.4285714279591837,0.3999999944888889,0.3999999944888889,0.15384614863905344,0.3999999944888889,0,0,0.4285714285714286,0.24999999979166665
1098.png,কয়েকজন মানুষ বসে লিখছে।,0.49999999875,0.2222222219753086,0.3076923029585799,0.3076923029585799,0.18181817752066123,0.3076923029585799,0,0,0.2571428571428571,0.18181818165289254
3406409018_03de95181e.jpg,গোলের সামনে হকি খেলোয়াড় গোল রক্ষা করার চেষ্টা করছেন।,0.4444444439506172,0.3999999996,0.4210526261495845,0.4210526261495845,0.11764705370242234,0.4210526261495845,0,0,0.5526315789473684,0.26666666648888887
7602.png,একটা কুকুর একটা ব্যাগ হাতে নিয়ে দাঁড়িয়ে আছে।,0.12499999984374999,0.16666666638888888,0.1428571377551022,0.1428571377551022,0.0,0.1428571377551022,0,0,0.4285714285714286,0.08333333326388888
4094.png,একটি <unk> রাস্তা দিয়ে হেটে চলছে।,0.0,0.0,0.0,0.0,0.0,0.0,0,0,0.23529411764705888,0.0
2568417021_afa68423e5.jpg,একটি <unk> এক লোক একটি <unk>,0.49999999916666665,0.24999999979166665,0.33333332851851855,0.33333332851851855,0.19999999460000012,0.33333332851851855,0,0,0.3829787234042553,0.24999999968749997
312156254_ef31dca5ed.jpg,একটি কালো কুকুর একটি ফুটবল নিয়ে দৌড়াচ্ছে,0.571428570612245,0.3333333330555555,0.42105262648199443,0.42105262648199443,0.3076923022485208,0.3999999944888889,0,0,0.5,0.2727272724793388
3522989916_f20319cc59.jpg,দুটি কুকুর ঘাসের উপর দৌড়াচ্ছে,0.7999999984,0.7999999984,0.7999999934,0.7999999934,0.7499999931250001,0.7999999934,0,0,0.8421052631578947,0.6666666655555555
2053006423_6adf69ca67.jpg,এক লোক পাথরের উপর দিয়ে হ্রদ থেকে কয়েক ফুট বল নিয়ে একজন লোক দাঁড়িয়ে আছে,0.26666666648888887,0.6666666655555555,0.3809523765079365,0.3809523765079365,0.3157894694736842,0.3809523765079365,0,0,0.40384615384615385,0.24999999984375
3302.png,একটি নৌকায় কয়েকজন মানুষ আছে।,0.7999999984,0.3636363633057851,0.499999995078125,0.499999995078125,0.14285713857142868,0.499999995078125,0,0,0.475,0.3999999996
1394368714_3bc7c19969.jpg,একজন লোক শপিং ব্যাগ নিয়ে বাজার করছে,0.4285714279591837,0.3333333329629629,0.374999994609375,0.374999994609375,0.1428571377551022,0.374999994609375,0,0,0.5,0.23076923059171597
9052.png,সূর্যের আলোয় ছবি।,0.0,0.0,0.0,0.0,0.0,0.0,0,0,0.1875,0.0
2934801096_230ae78d7e.jpg,একজন লোক একটি <unk> <unk> <unk> <unk> <unk> <unk> <unk> <unk> <unk> <unk> <unk> <unk> <unk> <unk> <unk> <unk> <unk> <unk> <unk> <unk> <unk> <unk> <unk> <unk> <unk> <unk> <unk> <unk> <unk> <unk> <unk> <unk> <unk> <unk> <unk> <unk> <unk>,0.0499999999875,0.16666666652777776,0.07692307334319543,0.07692307334319543,0.0,0.07692307334319543,0,0,0.12578616352201255,0.15384615372781063
210686241_b8e069fff3.jpg,একজন বালক উপরের দিকে তাকিয়ে আছে।,0.0,0.0,0.0,0.0,0.0,0.0,0,0,0.34782608695652173,0.0
3591462960_86045906bd.jpg,একজন মানুষ একটি বার নিয়ে দাঁড়িয়ে আছে।,0.14285714265306124,0.1111111109876543,0.12499999492187522,0.12499999492187522,0.0,0.12499999492187522,0,0,0.4285714285714286,0.06666666662222222
IMG_2416.JPG,লোক টি দাঁড়িয়ে আছে,0.7499999981250001,0.7499999981250001,0.7499999931250001,0.7499999931250001,0.33333332722222225,0.7499999931250001,0,0,0.8333333333333334,0.5999999988
3530342993_a4a1f0e516.jpg,এক লোক একটি ঢালু পথ ধরে একটি ঢালু পথ ধরে একটি ঢালু পথ ধরে একটি ঢালু পথ ধরে একটি ঢালু পথ ধরে একটি ঢালু পথ ধরে একটি ঢালু পথ ধরে একটি ঢালু পথ ধরে একটি ঢালু পথ ধরে একটি ঢালু,0.0499999999875,0.2222222219753086,0.08163265002915464,0.08163265002915464,0.042553188646446534,0.08163265002915464,0,0,0.24031007751937983,0.15384615372781063
460350019_af60511a3b.jpg,একটি কালো কুকুরটি লাফ দিলো,0.3999999992,0.13333333324444444,0.19999999605000005,0.19999999605000005,0.1111111075308643,0.19999999605000005,0,0,0.4545454545454546,0.11764705875432525
2272426567_9e9fb79db0.jpg,একটি কুকুর তুষার দিয়ে ছুটে চলেছে।,0.49999999916666665,0.5999999988,0.5454545395041324,0.5454545395041324,0.4444444385185186,0.5454545395041324,0,0,0.7142857142857143,0.37499999953124996
2720.png,একজন মেয়ে শিশু কোলে নিয়ে দাড়িয়ে আছে।,0.2857142853061225,0.33333333277777777,0.3076923022485208,0.3076923022485208,0.0,0.3076923022485208,0,0,0.34782608695652173,0.18181818165289254
2907073768_08fd7bdf60.jpg,একজন সাইকেল চালক একটি কৌশল করছে,0.6666666655555555,0.3999999996,0.4999999946875,0.4999999946875,0.14285713806122466,0.4999999946875,0,0,0.5714285714285714,0.3333333330555555
5803.png,একজন পুরুষ ছাতা নিয়ে হেটে যাচ্ছেন একজন পুরুষ।,0.49999999937499995,0.26666666648888887,0.3478260821172023,0.3478260821172023,0.1999999954000001,0.3478260821172023,0,0,0.4838709677419355,0.2222222220987654
2378149488_648e5deeac.jpg,একটি পতাকা বিক্রি হচ্ছে।,0.249999999375,0.1111111109876543,0.15384614934911253,0.15384614934911253,0.0,0.15384614934911253,0,0,0.375,0.08333333326388888
2502835694_4fe121bbea.jpg,একটি দালানের সামনে একটি দালানের সামনে একটি দালানের সামনে একটি দালানের সামনে একটি দালানের সামনে একটি দালানের সামনে একটি দালানের সামনে একটি দালানের সামনে একটি দালানের সামনে একটি দালানের সামনে একটি দালানের সামনে একটি দালানের সামনে একটি দালানের সামনে একটি,0.02499999999375,0.14285714265306124,0.04255318893617037,0.04255318893617037,0.0,0.04255318893617037,0,0,0.15116279069767447,0.1111111109876543
2739331794_4ae78f69a0.jpg,একজন লোক ট্র্যাকের উপর <unk> দেখাচ্ছে,0.33333333277777777,0.33333333277777777,0.3333333277777778,0.3333333277777778,0.19999999460000012,0.3333333277777778,0,0,0.5,0.1999999998
2751.png,দুজন লোক সাদা কাগজ নিয়ে দাঁড়িয়ে আছে,0.0,0.0,0.0,0.0,0.0,0.0,0,0,0.30434782608695654,0.0
5565.png,একটি মেয়ে শিশু আছে।,0.249999999375,0.249999999375,0.2499999943750001,0.2499999943750001,0.0,0.2499999943750001,0,0,0.5,0.14285714265306124
1718.png,একজন নারী ও চারজন পুরুষ আছে।,0.33333333277777777,0.24999999968749997,0.2857142804081633,0.2857142804081633,0.16666666152777793,0.2857142804081633,0,0,0.43333333333333335,0.18181818165289254
14.png,একজন পুরুষ বসে আছে।,0.49999999875,0.124999999921875,0.1999999966,0.1999999966,0.0,0.0999999967000001,0,0,0.17741935483870963,0.13333333324444444
5979.png,বাচ্চারা পানিতে দৌড়াচ্ছে যে জল ছিটকে পড়া বালক ভিজে থাকা একটি ছেলে একটি ছেলে দৌড়াচ্ছে যে জল ছিটকে পড়া বালক ভিজে থাকা একটি ছেলে একটি ছেলে দৌড়াচ্ছে যে জল ছিটকে পড়া বালক ভিজে থাকা একটি ছেলে একটি ছেলে দৌড়াচ্ছে যে,0.02499999999375,0.1111111109876543,0.04081632351520222,0.04081632351520222,0.0,0.04081632351520222,0,0,0.13043478260869568,0.049999999975
7889.png,একজন মানুষ হেঁটে যাচ্ছে।,0.249999999375,0.07692307686390532,0.11764705508650528,0.11764705508650528,0.0,0.11764705508650528,0,0,0.22413793103448276,0.07142857137755101
1379026456_153fd8b51b.jpg,একজন লোক লাল রঙের চামচ হাতে নিয়ে কাজ করছে,0.2222222219753086,0.2857142853061225,0.24999999476562512,0.24999999476562512,0.0,0.24999999476562512,0,0,0.4838709677419355,0.14285714275510203
3014546644_d53db746ec.jpg,একটি কালো কুকুর একটি তারের বেড়া পেরিয়ে চালাচ্ছেন,0.24999999968749997,0.3999999992,0.3076923024852071,0.3076923024852071,0.0,0.3076923024852071,0,0,0.4516129032258065,0.1999999998
3784.png,একটি মাঠে একটি শিশু ঘাসের মধ্যে দিয়ে হাঁটছে।,0.12499999984374999,0.0999999999,0.11111110604938293,0.11111110604938293,0.0,0.11111110604938293,0,0,0.375,0.0624999999609375
3268191118_ba25fabab6.jpg,এক লোক তার স্কেটবোর্ড দিয়ে স্টান্ট চেষ্টা করছে,0.37499999953124996,0.49999999916666665,0.4285714230612245,0.4285714230612245,0.16666666152777793,0.4285714230612245,0,0,0.4516129032258065,0.2727272724793388
5261.png,সাদা ও কালো সাদা ও সাদা ও সাদা ও সাদা রঙের সাদা পরে আছে,0.14285714275510203,0.16666666652777776,0.15384614875739658,0.15384614875739658,0.0,0.07692307189349143,0,0,0.25,0.124999999921875
5083.png,রেল লাইন ধরে একটি রেল লাইনের উপর দিয়ে একটি রেল লাইনের উপর দিয়ে একটি রেল লাইনের উপর দিয়ে একটি রেল লাইনের উপর দিয়ে একটি রেল লাইনের উপর দিয়ে একটি রেল লাইনের উপর দিয়ে একটি রেল লাইনের উপর দিয়ে একটি রেল,0.02499999999375,0.3333333322222222,0.04651162658734455,0.04651162658734455,0.0,0.04651162658734455,0,0,0.08053691275167785,0.1111111109876543
1394927474_0afdd82fc4.jpg,একটি পুরাতন স্থাপনার সামনে একটি <unk> সামনে একটি <unk> সামনে একটি <unk> সামনে একটি <unk> সামনে একটি <unk> সামনে একটি <unk> সামনে একটি <unk> সামনে একটি <unk> সামনে একটি <unk> সামনে একটি <unk> সামনে একটি <unk> সামনে একটি <unk> সামনে,0.099999999975,0.30769230745562126,0.15094339246707023,0.15094339246707023,0.0,0.15094339246707023,0,0,0.2098765432098766,0.21428571413265304
1804.png,একটি শিশু সাইকেল চালিয়ে যাচ্ছে।,0.1999999996,0.05555555552469135,0.0869565182608697,0.0869565182608697,0.0,0.0869565182608697,0,0,0.24390243902439024,0.049999999975
2735979477_eef7c680f9.jpg,একটি বাদামী কুকুর একটি বাদামী বর্ণের রঙের খেলনা নিয়ে দৌড়াচ্ছে,0.1999999998,0.3999999992,0.2666666618666667,0.2666666618666667,0.0,0.2666666618666667,0,0,0.42500000000000004,0.18181818165289254
2971211296_2587c3924d.jpg,এক ফুটবল খেলোয়াড় বল হাতে থাকা খেলেন।,0.4285714279591837,0.5999999988,0.4999999943055557,0.4999999943055557,0.1999999948000001,0.4999999943055557,0,0,0.43999999999999995,0.3333333329629629
3036.png,একজন নারী গাছে ধাক্কা দিচ্ছে,0.3999999992,0.33333333277777777,0.36363635801652905,0.36363635801652905,0.2222222167901236,0.36363635801652905,0,0,0.26086956521739135,0.2222222219753086
3963.png,একজন যুবক একটি <unk> দিকে তাকিয়ে আছে,0.2857142853061225,0.49999999875,0.36363635834710756,0.36363635834710756,0.0,0.36363635834710756,0,0,0.3846153846153846,0.2222222219753086
123997871_6a9ca987b1.jpg,একজন লোক বল হাতে নিয়ে দৌড়াচ্ছে আর সবাই মিলে মাঠে দৌড়াচ্ছে,0.0,0.0,0.0,0.0,0.0,0.0,0,0,0.275,0.0
6512.png,একটি শিশু তাকিয়ে আছে।,0.7499999981250001,0.9999999966666667,0.8571428497959185,0.8571428497959185,0.39999999360000005,0.8571428497959185,0,0,0.6923076923076923,0.7499999981250001
4197.png,একজন নারী আছে।,0.6666666644444444,0.1999999998,0.3076923036686391,0.3076923036686391,0.0,0.3076923036686391,0,0,0.4285714285714286,0.18181818165289254
3674565156_14d3b41450.jpg,একজন মহিলা,0.4999999975,0.16666666638888888,0.24999999562500003,0.24999999562500003,0.0,0.24999999562500003,0,0,0.31818181818181823,0.14285714265306124
1188.png,একজন পুরুষ দাড়িয়ে আছে।,0.7499999981250001,0.3333333329629629,0.4615384565680474,0.4615384565680474,0.18181817752066123,0.4615384565680474,0,0,0.4,0.3333333329629629
3225310099_d8e419ba56.jpg,একটি নৌকায় কয়েকজন লোক দাড়িয়ে আছে।,0.49999999916666665,0.149999999925,0.23076922704142017,0.23076922704142017,0.0,0.15384615017751488,0,0,0.3666666666666667,0.14285714278911565
1985.png,নদীর পাড়ে কিছু মানুষ হেঁটে যাচ্ছে।,0.16666666638888888,0.07692307686390532,0.10526315346260404,0.10526315346260404,0.0,0.10526315346260404,0,0,0.30000000000000004,0.05555555552469135
2866093652_aa717eb9ce.jpg,ছেলেরা রাগবি খেলছে,0.0,0.0,0.0,0.0,0.0,0.0,0,0,0.4375,0.0
2935986346_29df6cf692.jpg,দুটি কুকুর একটি খেলনা নিয়ে দাড়িয়ে আছে,0.2857142853061225,0.3999999992,0.33333332791666676,0.33333332791666676,0.0,0.16666666152777793,0,0,0.375,0.1999999998
916.png,একটি মাঠে অনেক মানুষ আছে।,0.3999999992,0.49999999875,0.4444444385185186,0.4444444385185186,0.28571428000000004,0.4444444385185186,0,0,0.3529411764705882,0.2857142853061225
8397.png,একজন নারী একটি শিশু আছে।,0.1999999996,0.16666666638888888,0.1818181765289258,0.1818181765289258,0.0,0.1818181765289258,0,0,0.30434782608695654,0.0999999999
2662.png,কয়েকজন পুরুষ দাড়িয়ে আছে।,0.49999999875,0.3999999992,0.4444444385185186,0.4444444385185186,0.0,0.4444444385185186,0,0,0.5,0.2857142853061225
608257195_6ec6f48e37.jpg,হেলমেট পরিহিত একজন লোক পাহাড়ে চলাচলের উপযোগী সাইকেলে চড়ে পাহাড়ি বন্ধুর পথে সাইকেল চালাচ্ছে,0.21428571413265304,0.37499999953124996,0.2727272678512397,0.2727272678512397,0.0999999953500002,0.2727272678512397,0,0,0.3548387096774194,0.15789473675900276
2930622766_fa8f84deb1.jpg,একটি মহিলা একটি বিল্ডিংয়ের সামনে দাঁড়িয়ে আছে,0.4285714279591837,0.2727272724793388,0.33333332820987654,0.33333332820987654,0.12499999515625017,0.33333332820987654,0,0,0.4285714285714286,0.21428571413265304
2689.png,একটি টেবিলে শহীদ মিনারের সামনে দাড়িয়ে আছে।,0.14285714265306124,0.12499999984374999,0.13333332817777796,0.13333332817777796,0.0,0.13333332817777796,0,0,0.33333333333333337,0.07142857137755101
949.png,পানিতে একজন মানুষ আছে।,0.0,0.0,0.0,0.0,0.0,0.0,0,0,0.4666666666666667,0.0
5486.png,একটা ছেলে দাঁড়ায় আছে,0.249999999375,0.16666666638888888,0.1999999948000001,0.1999999948000001,0.0,0.1999999948000001,0,0,0.55,0.1111111109876543
2187904131_96ea83b9b5.jpg,দুজন হাইকার তাদের <unk> স্কি করে,0.33333333277777777,0.3999999992,0.36363635801652905,0.36363635801652905,0.0,0.36363635801652905,0,0,0.5,0.2222222219753086
7237.png,একটি শিশু দাড়িয়ে আছে।,0.49999999875,0.14285714275510203,0.22222221851851853,0.22222221851851853,0.0,0.22222221851851853,0,0,0.38095238095238093,0.124999999921875
4837.png,নদীতে একটি নৌকায় একজন লোক বসে আছে আর মাঝি নদীর পাড়ে দাঁড়িয়ে আছে।,0.07692307686390532,0.12499999984374999,0.09523809043083924,0.09523809043083924,0.0,0.09523809043083924,0,0,0.28888888888888886,0.049999999975
6282.png,একজন বয়স্ক নারী আছে।,0.249999999375,0.3333333322222222,0.28571428000000004,0.28571428000000004,0.0,0.28571428000000004,0,0,0.4,0.16666666638888888
3697378565_7060d9281a.jpg,কিছু মানুষ একটি ফাঁকা <unk> <unk> <unk> <unk> <unk> <unk> <unk> <unk> <unk> <unk> <unk> <unk> <unk> <unk> <unk> <unk> <unk> <unk> <unk> <unk> <unk> <unk> <unk> <unk> <unk> <unk> <unk> <unk> <unk> <unk> <unk> <unk> <unk> <unk> <unk> <unk>,0.02499999999375,0.14285714265306124,0.04255318893617037,0.04255318893617037,0.0,0.04255318893617037,0,0,0.07643312101910826,0.09090909082644627
9041.png,ধান ক্ষেতের পথ ধরে হেটে যাচ্ছে কিছু মানুষ।,0.0,0.0,0.0,0.0,0.0,0.0,0,0,0.25,0.0
3198231851_6b1727482b.jpg,একটি কালো কুকুর একটি বল নিয়ে খেলছে,0.2857142853061225,0.33333333277777777,0.3076923022485208,0.3076923022485208,0.0,0.3076923022485208,0,0,0.41666666666666663,0.1999999998
9026.png,জমিতে অনেকগুলো মানুষ ও কয়েকটি গরু আছে।,0.2857142853061225,0.6666666644444444,0.39999999500000005,0.39999999500000005,0.0,0.39999999500000005,0,0,0.3076923076923077,0.24999999968749997
3421480658_b3518b6819.jpg,এক বাচ্চা খেলনা দ্বারা খাবার তৈরি করছে,0.4285714279591837,0.4285714279591837,0.42857142295918377,0.42857142295918377,0.16666666138888903,0.42857142295918377,0,0,0.4814814814814815,0.2727272724793388
538.png,একজন পুরুষ কাজ করছে।,0.7499999981250001,0.7499999981250001,0.7499999931250001,0.7499999931250001,0.33333332722222225,0.7499999931250001,0,0,0.8666666666666667,0.5999999988
2956895529_ec6275060e.jpg,একটি ছেলে তার সাইকেল দিয়ে লাফিয়ে কসরত দেখাচ্ছে,0.24999999968749997,0.3999999992,0.3076923024852071,0.3076923024852071,0.1818181768595043,0.3076923024852071,0,0,0.5483870967741935,0.18181818165289254
6658.png,৮ জন ছেলে রাস্তার পাশে দাড়িয়ে আছে।,0.2857142853061225,0.24999999968749997,0.2666666613333334,0.2666666613333334,0.15384614863905344,0.2666666613333334,0,0,0.4722222222222222,0.18181818165289254
431.png,কয়েকজন মানুষ বসে কথা বলছে।,0.3999999992,0.2857142853061225,0.33333332791666676,0.33333332791666676,0.0,0.33333332791666676,0,0,0.4666666666666667,0.1999999998
3085667865_fa001816be.jpg,এক লোক পানিতে লাফ দিচ্ছে,0.3999999992,0.33333333277777777,0.36363635801652905,0.36363635801652905,0.2222222167901236,0.36363635801652905,0,0,0.36363636363636365,0.2222222219753086
2592019072_a6c0090da4.jpg,একটি ছোট্ট মেয়ে তার হাত ঘুরিয়ে সেটি লুফে নিয়েছে,0.2222222219753086,0.2857142853061225,0.24999999476562512,0.24999999476562512,0.1428571377551022,0.24999999476562512,0,0,0.5333333333333333,0.14285714275510203
434792818_56375e203f.jpg,এক ব্যক্তি একটি বিশাল <unk> সাথে সংযুক্ত লাল রিং নিয়ে ভেলকি করছে,0.16666666652777776,0.33333333277777777,0.22222221753086427,0.22222221753086427,0.09090908582644655,0.22222221753086427,0,0,0.41860465116279066,0.124999999921875
5496.png,একজন পুরুষ হাতে ক্যামেরা দিয়ে ধান ক্ষেতের সামনে দাড়িয়ে আছে।,0.29999999969999996,0.37499999953124996,0.3333333280246914,0.3333333280246914,0.12499999492187522,0.3333333280246914,0,0,0.3421052631578947,0.19999999986666667
5543.png,কিছু ছেলেমেয়ে একসাথে দাড়িয়ে আছে।,0.5999999988,0.2727272724793388,0.374999995234375,0.374999995234375,0.14285713857142868,0.374999995234375,0,0,0.43243243243243246,0.23076923059171597
640203018_c0e7175831.jpg,একটি সাইকেল হাতে একটি সাইকেল চালক একটি শহরের রাস্তায় সাইকেল চালাচ্ছে ।,0.3333333330555555,0.3636363633057851,0.3478260816635161,0.3478260816635161,0.09523809015873042,0.3478260816635161,0,0,0.45833333333333337,0.13333333324444444
2949014128_0d96196261.jpg,দুজন ছেলে একটি ফুটবল হাতে নিয়ে খেলা করছে,0.24999999968749997,0.16666666652777776,0.1999999950000001,0.1999999950000001,0.0,0.1999999950000001,0,0,0.3928571428571429,0.1111111110493827
3155451946_c0862c70cb.jpg,একজন বাস্কেটবল খেলোয়াড় বল ছুড়ছেন,0.5999999988,0.3333333329629629,0.42857142336734694,0.42857142336734694,0.16666666194444454,0.42857142336734694,0,0,0.5,0.2727272724793388
6035.png,একজন নারী কোমরে বোঝা নিয়ে আছে।,0.33333333277777777,0.2222222219753086,0.2666666615111111,0.2666666615111111,0.0,0.2666666615111111,0,0,0.4375,0.15384615372781063
7111.png,একজন পুরুষ বসে আছে।,0.9999999975,0.4444444439506172,0.6153846101775148,0.6153846101775148,0.5454545404958677,0.6153846101775148,0,0,0.4,0.49999999937499995
370713359_7560808550.jpg,একটি টেবিলে বসে থাকা টেবিলের চারপাশে বসে আছে,0.24999999968749997,0.2222222219753086,0.23529411238754333,0.23529411238754333,0.0,0.23529411238754333,0,0,0.4137931034482759,0.15384615372781063
5617.png,পানিতে দুইজন মানুষ আছে।,0.0,0.0,0.0,0.0,0.0,0.0,0,0,0.19999999999999996,0.0
1418266617_b32143275b.jpg,একটি সাদা কুকুর হলু কাপড় দিয়ে দৌড়ে যাচ্ছে,0.49999999937499995,0.4444444439506172,0.4705882297577854,0.4705882297577854,0.13333332817777796,0.4705882297577854,0,0,0.6451612903225806,0.30769230745562126
3189964753_a95536ced9.jpg,একজন লোক এক সাথে হাঁটছে।,0.1999999996,0.12499999984374999,0.15384614887573977,0.15384614887573977,0.0,0.15384614887573977,0,0,0.4666666666666667,0.08333333326388888
4638.png,একটি পর্যটন এলাকায় একটি পর্যটন এলাকায় দাড়িয়ে আছে ও দূরে একটি পর্যটন এলাকায় দাড়িয়ে আছে।,0.06666666662222222,0.14285714265306124,0.09090908648760351,0.09090908648760351,0.0,0.09090908648760351,0,0,0.25396825396825395,0.07692307686390532
8869.png,একটি সেতু আছে।,0.3333333322222222,0.1999999996,0.24999999468750006,0.24999999468750006,0.0,0.24999999468750006,0,0,0.33333333333333337,0.14285714265306124
6546.png,একটি শিশু আছে।,0.6666666644444444,0.49999999875,0.5714285648979592,0.5714285648979592,0.39999999360000005,0.5714285648979592,0,0,0.6153846153846154,0.3999999992
1248953128_24c9f8d924.jpg,একটি শিশু একটি ফুটবল খেলছে,0.3999999992,0.24999999968749997,0.3076923024852071,0.3076923024852071,0.1818181768595043,0.3076923024852071,0,0,0.4666666666666667,0.1999999998
3522349685_f046f0e250.jpg,একজন মহিলা এবং মহিলা,0.0,0.0,0.0,0.0,0.0,0.0,0,0,0.3913043478260869,0.0
191003285_edd8d0cf58.jpg,একটি ইটের দেয়ালের কাছে বসে থাকা মানুষটি একটি পাথরের দেয়াল উপেক্ষা করে বসে আছেন।,0.21428571413265304,0.19999999986666667,0.2068965465873961,0.2068965465873961,0.0,0.2068965465873961,0,0,0.33333333333333337,0.1111111110493827
5812.png,একজন পুরুষ হাতে <unk>,0.249999999375,0.16666666638888888,0.1999999948000001,0.1999999948000001,0.0,0.1999999948000001,0,0,0.36363636363636365,0.1111111109876543
5847.png,একজন পুরুষ বসে আছে।,0.7499999981250001,0.37499999953124996,0.49999999472222234,0.49999999472222234,0.39999999500000005,0.49999999472222234,0,0,0.5,0.3333333329629629
381976882_0063d16d88.jpg,একটি কুকুর একটি কুকুর একটি কুকুর একটি কুকুর একটি কুকুর একটি কুকুর একটি কুকুর একটি কুকুর একটি কুকুর একটি কুকুর একটি কুকুর একটি কুকুর একটি কুকুর একটি কুকুর একটি কুকুর একটি কুকুর একটি কুকুর একটি কুকুর একটি কুকুর একটি কুকুর,0.0499999999875,0.24999999968749997,0.08333333052083343,0.08333333052083343,0.043478258270321514,0.08333333052083343,0,0,0.11949685534591192,0.24999999968749997
8451.png,তিনজন পুরুষ দাড়িয়ে আছে।,0.7499999981250001,0.9999999966666667,0.8571428497959185,0.8571428497959185,0.39999999360000005,0.8571428497959185,0,0,0.7333333333333334,0.7499999981250001
8630.png,কয়েকটি গরু আছে।,0.6666666644444444,0.33333333277777777,0.44444443901234576,0.44444443901234576,0.28571428081632655,0.44444443901234576,0,0,0.35,0.2857142853061225
5698.png,একটি শিশু দাড়িয়ে আছে।,0.49999999875,0.49999999875,0.4999999937500001,0.4999999937500001,0.33333332722222225,0.4999999937500001,0,0,0.6923076923076923,0.33333333277777777
146.png,একজন পুরুষ বসে আছে।,0.7499999981250001,0.49999999916666665,0.5999999940000001,0.5999999940000001,0.24999999468750006,0.5999999940000001,0,0,0.5217391304347826,0.4285714279591837
6107.png,ভবন দেখা যাচ্ছে।,0.0,0.0,0.0,0.0,0.0,0.0,0,0,0.20833333333333337,0.0
2836325261_a3bf5c59be.jpg,একজন মহিলা একটি রেস্টুরেন্ট এর সামনে দাড়িয়ে আছে যার একজনের হাতে একটা সিগারেট ধরাচ্ছে একজন মহিলা।,0.24999999984375,0.3636363633057851,0.2962962912482853,0.2962962912482853,0.15999999507200013,0.2962962912482853,0,0,0.3088235294117647,0.18181818173553718
3357.png,রাস্তা দিয়ে কয়েকজন মানুষ আছে।,0.3999999992,0.49999999875,0.4444444385185186,0.4444444385185186,0.28571428000000004,0.4444444385185186,0,0,0.3157894736842105,0.2857142853061225
1067180831.jpg,কুকুরটি ঘাসের উপর লাফিয়ে লাফিয়ে লাফিয়ে লাফিয়ে লাফিয়ে লাফিয়ে লাফিয়ে লাফিয়ে লাফিয়ে লাফিয়ে লাফিয়ে লাফিয়ে লাফিয়ে লাফিয়ে লাফিয়ে লাফিয়ে লাফিয়ে লাফিয়ে লাফিয়ে লাফিয়ে লাফিয়ে লাফিয়ে লাফিয়ে লাফিয়ে লাফিয়ে লাফিয়ে লাফিয়ে লাফিয়ে লাফিয়ে লাফিয়ে লাফিয়ে লাফিয়ে লাফিয়ে লাফিয়ে লাফিয়ে লাফিয়ে লাফিয়ে,0.0,0.0,0.0,0.0,0.0,0.0,0,0,0.125,0.0
3616846215_d61881b60f.jpg,একজন পুরুষ দাড়িয়ে আছে।,0.249999999375,0.09090909082644627,0.13333332924444455,0.13333332924444455,0.0,0.13333332924444455,0,0,0.3157894736842105,0.07142857137755101
2711720095_0b98426d3c.jpg,একজন লোক হাতে ক্যামেরা নিয়ে দাঁড়িয়ে আছে,0.9999999985714286,0.5833333328472222,0.7368420998337951,0.7368420998337951,0.3529411714878893,0.6315789420498615,0,0,0.5111111111111111,0.5833333328472222
3222842866_cb85243ce4.jpg,একটি কুকুর একটি লাল খেলনা নিয়ে খেলছে,0.2857142853061225,0.3999999992,0.33333332791666676,0.33333332791666676,0.0,0.33333332791666676,0,0,0.52,0.2222222219753086
3496028495_431cfdc042.jpg,মুখে একটি কুকুর দৌড়াচ্ছে,0.7499999981250001,0.3333333329629629,0.4615384565680474,0.4615384565680474,0.2222222172839507,0.4615384565680474,0,0,0.375,0.29999999969999996
3595398879_13e33b8916.jpg,একজন লোক একটি <unk>,0.49999999875,0.18181818165289254,0.26666666240000003,0.26666666240000003,0.0,0.26666666240000003,0,0,0.2666666666666667,0.16666666652777776
6374.png,একটি শিশু আছে।,0.6666666644444444,0.49999999875,0.5714285648979592,0.5714285648979592,0.39999999360000005,0.5714285648979592,0,0,0.5,0.3999999992
3498240367_cbd8c6efbf.jpg,একজন লোক ছবির দিকে তাকিয়ে আছে,0.16666666638888888,0.14285714265306124,0.15384614863905344,0.15384614863905344,0.0,0.15384614863905344,0,0,0.3913043478260869,0.08333333326388888
3259757648_71edb4347b.jpg,একটি কুকুর একটি ফ্রিসবি ধরার চেষ্টা করছে,0.4285714279591837,0.4285714279591837,0.42857142295918377,0.42857142295918377,0.3333333277777778,0.42857142295918377,0,0,0.5714285714285714,0.1999999998
5096.png,অনেক মানুষ একসাথে বসে আছে।,0.5999999988,0.7499999981250001,0.6666666602469137,0.6666666602469137,0.0,0.4444444385185186,0,0,0.33333333333333337,0.49999999916666665
965.png,একটি ছোট ছেলে একটি পতাকা নিয়ে যাচ্ছে।,0.14285714265306124,0.16666666638888888,0.15384614863905344,0.15384614863905344,0.0,0.15384614863905344,0,0,0.375,0.09090909082644627
6694.png,একজন লোক একটি <unk>,0.249999999375,0.14285714265306124,0.1818181768595043,0.1818181768595043,0.0,0.1818181768595043,0,0,0.3214285714285714,0.0999999999
9080.png,একজন পুরুষ আছে।,0.3333333322222222,0.3333333322222222,0.33333332722222225,0.33333332722222225,0.0,0.33333332722222225,0,0,0.5454545454545454,0.1999999996
8106.png,একজন নারী শুয়ে আছে।,0.249999999375,0.249999999375,0.2499999943750001,0.2499999943750001,0.0,0.2499999943750001,0,0,0.3846153846153846,0.14285714265306124
5779.png,সূর্যাস্তের সময় একজন পুরুষ দাড়িয়ে আছে।,0.33333333277777777,0.33333333277777777,0.3333333277777778,0.3333333277777778,0.19999999460000012,0.3333333277777778,0,0,0.5769230769230769,0.1999999998
3288839246_fdb00395ae.jpg,লাল রঙের জামা পরা একটি পাথরে আরোহণ করছে,0.37499999953124996,0.3333333329629629,0.3529411710726644,0.3529411710726644,0.13333332817777796,0.3529411710726644,0,0,0.46153846153846156,0.21428571413265304
3519.png,একজন মহিলা বসে আছে।,0.249999999375,0.1999999996,0.2222222167901236,0.2222222167901236,0.0,0.2222222167901236,0,0,0.4444444444444444,0.12499999984374999
2925577165_b83d31a7f6.jpg,রাতের বেলা একটি আলোকিত একটি আলোকিত পানির দিকে তাকিয়ে আছে,0.29999999969999996,0.24999999979166665,0.2727272675206612,0.2727272675206612,0.19999999485000008,0.2727272675206612,0,0,0.43181818181818177,0.1764705881314879
7926.png,একজন মানুষ দাড়িয়ে আছে।,0.49999999875,0.3999999992,0.4444444385185186,0.4444444385185186,0.0,0.4444444385185186,0,0,0.4736842105263158,0.2857142853061225
3423509305_e399d005db.jpg,একটি ধূসর রঙের একটি কুকুর একটি জায়গায় দৌড়াচ্ছে,0.37499999953124996,0.4285714279591837,0.3999999944888889,0.3999999944888889,0.15384614863905344,0.3999999944888889,0,0,0.4242424242424242,0.19999999986666667
617.png,একজন নারী মাথায় বস্তা নিয়ে যাচ্ছে।,0.16666666638888888,0.1999999996,0.1818181765289258,0.1818181765289258,0.0,0.1818181765289258,0,0,0.4545454545454546,0.0999999999
569.png,একজন পুরুষ সাইকেল চালিয়ে যাচ্ছে।,0.3999999992,0.49999999875,0.4444444385185186,0.4444444385185186,0.28571428000000004,0.4444444385185186,0,0,0.6190476190476191,0.2857142853061225
8558.png,একটি নৌকায় কয়েকজন মানুষ আছে।,0.5999999988,0.49999999916666665,0.5454545395041324,0.5454545395041324,0.2222222167901236,0.5454545395041324,0,0,0.52,0.37499999953124996
3389.png,অনেকগুলো মানুষ দেখা যাচ্ছে।,0.7499999981250001,0.5999999988,0.6666666602469137,0.6666666602469137,0.28571428000000004,0.6666666602469137,0,0,0.7272727272727273,0.49999999916666665
IMG_5079.JPG,একটি মেয়ে টি দাঁড়িয়ে আছে,0.3999999992,0.3999999992,0.39999999420000004,0.39999999420000004,0.0,0.36363635801652905,0,0,0.4444444444444444,0.24999999968749997
_MG_3770.JPG,নীল রঙের শার্ট পরে আছে,0.3999999992,0.6666666644444444,0.49999999406250006,0.49999999406250006,0.33333332777777785,0.49999999406250006,0,0,0.5625,0.33333333277777777
1968.png,চারজন পুরুষ কাজ করছে।,0.249999999375,0.249999999375,0.2499999943750001,0.2499999943750001,0.09999999735000006,0.2499999943750001,0,0,0.6,0.14285714265306124
564.png,জলাশয়ে দুইটি গরু নিয়ে আছে।,0.0,0.0,0.0,0.0,0.0,0.0,0,0,0.26086956521739135,0.0
2632111399_b3c1630f8e.jpg,একজন ফুটবল খেলোয়াড় বল ধরার চেষ্টা করছে,0.2857142853061225,0.2857142853061225,0.28571428030612256,0.28571428030612256,0.16666666138888903,0.28571428030612256,0,0,0.4482758620689655,0.16666666652777776
2381102729_12fc4d4c76.jpg,একটি কুকুর জলে খেলে,0.49999999875,0.2222222219753086,0.3076923029585799,0.3076923029585799,0.1333333299555556,0.3076923029585799,0,0,0.3793103448275862,0.18181818165289254
1312227131_771b5ed201.jpg,একজন মানুষ আছে।,0.0,0.0,0.0,0.0,0.0,0.0,0,0,0.2272727272727273,0.0
2151056407_c9c09b0a02.jpg,সাদা রঙের একটি সাদা কুকুর খেলছে,0.49999999916666665,0.37499999953124996,0.4285714230612245,0.4285714230612245,0.3076923024852071,0.4285714230612245,0,0,0.4242424242424242,0.29999999969999996
342203384_736946961437121_699889236294303292_n.jpg,তার চুলগুলি একটি <unk> নিয়ে।,0.1999999996,0.1999999996,0.19999999460000012,0.19999999460000012,0.0,0.19999999460000012,0,0,0.33333333333333337,0.1111111109876543
40.JPG,চশমা পরিহিত একজন পুরুষ তাকিয়ে আছে।,0.16666666638888888,0.249999999375,0.1999999948000001,0.1999999948000001,0.0,0.1999999948000001,0,0,0.33333333333333337,0.1111111109876543
3919.png,একজন নারী আছে।,0.9999999966666667,0.5999999988,0.7499999934375,0.7499999934375,0.33333332777777785,0.7499999934375,0,0,0.5263157894736843,0.5999999988
3353950389_1153d5e452.jpg,কালো রঙের শার্ট পরা পুরুষকে দেখিয়ে পানীয় হাতে নিয়ে দাঁড়িয়ে আছে,0.09090909082644627,0.07142857137755101,0.0799999950080003,0.0799999950080003,0.0,0.0799999950080003,0,0,0.3137254901960784,0.04347826085066162
3368671163_0171259581.jpg,একটি কুকুর ফ্রিসবি ধরার চেষ্টা করছে,0.49999999916666665,0.24999999979166665,0.33333332851851855,0.33333332851851855,0.15384614887573977,0.33333332851851855,0,0,0.48484848484848486,0.23076923059171597
1685990174_09c4fb7df8.jpg,কিছু লোক একটি কুকুর দৌড়াচ্ছে,0.1999999996,0.1999999996,0.19999999460000012,0.19999999460000012,0.0,0.19999999460000012,0,0,0.43999999999999995,0.1111111109876543
130211457_be3f6b335d.jpg,লাল রঙের পোশাক পরিহিত দুইজন মেয়ে,0.33333333277777777,0.15384615372781063,0.21052631124653745,0.21052631124653745,0.11764705453287211,0.21052631124653745,0,0,0.24137931034482762,0.11764705875432525
2315867011_fc5fc9fa6d.jpg,একটি ছোট ছেলে একটি লাল রঙের জামা পরে একটি ছোট ছেলে একটি লাল রঙের জামা পরে একটি ছোট ছেলে একটি লাল রঙের জামা পরে একটি ছোট ছেলে একটি লাল রঙের জামা পরে একটি ছোট ছেলে একটি লাল রঙের জামা পরে,0.02499999999375,0.1111111109876543,0.04081632351520222,0.04081632351520222,0.0,0.04081632351520222,0,0,0.17164179104477617,0.06666666662222222
2654.png,একজন ছোট ছেলে হাসি লেগে আছে,0.16666666638888888,0.14285714265306124,0.15384614863905344,0.15384614863905344,0.0,0.15384614863905344,0,0,0.40740740740740744,0.08333333326388888
4423.png,একটি <unk> একটি <unk> গাড়ী চালাচ্ছে,0.16666666638888888,0.1111111109876543,0.13333332835555572,0.13333332835555572,0.0,0.13333332835555572,0,0,0.303030303030303,0.08333333326388888
6530.png,সূর্যাস্তের সময় একজন ছোট ছেলে আকাশের বিপরীতে সূর্যের আলোর কাজ করছে।,0.09090909082644627,0.07142857137755101,0.0799999950080003,0.0799999950080003,0.0,0.0799999950080003,0,0,0.22448979591836737,0.04166666664930555
7895.png,একজন পুরুষ ও একজন পুরুষ ও একজন পুরুষ ও একজন পুরুষ ও একজন পুরুষ ও একজন পুরুষ ও একজন পুরুষ ও একজন পুরুষ ও একজন পুরুষ ও একজন পুরুষ ও একজন পুরুষ ও একজন পুরুষ ও একজন পুরুষ ও একজন,0.07499999998125,0.49999999916666665,0.1304347802835539,0.1304347802835539,0.09090908885330583,0.1304347802835539,0,0,0.24489795918367352,0.49999999916666665
6605.png,দুইজন লোক একটি ছবির জন্য পোজ দিচ্ছে,0.0,0.0,0.0,0.0,0.0,0.0,0,0,0.32432432432432434,0.0
3179.png,কয়েকজন মানুষ আছে।,0.6666666644444444,0.2857142853061225,0.39999999500000005,0.39999999500000005,0.24999999562500003,0.39999999500000005,0,0,0.46153846153846156,0.24999999968749997
9039.png,সমুদ্রের পারে একজন মানুষ আছে।,0.5999999988,0.5999999988,0.5999999938,0.5999999938,0.2499999943750001,0.5999999938,0,0,0.75,0.4285714279591837
5669.png,৩ জন ছেলে একসাথে দাড়িয়ে আছে মুচকি হাসি মুখে নিয়ে দাড়িয়ে আছে যাদের একজন পুরুষ এবং একজন পুরুষ আছে।,0.15789473675900276,0.7499999981250001,0.26086956211720225,0.26086956211720225,0.0740740695747602,0.2068965470630203,0,0,0.32835820895522383,0.1874999998828125
3324746155_71e14f60ce.jpg,একটি শিশু ফুটবল খেলছে,0.49999999875,0.2222222219753086,0.3076923029585799,0.3076923029585799,0.18181817752066123,0.3076923029585799,0,0,0.40909090909090906,0.18181818165289254
894.png,কয়েকজন মানুষ আছে।,0.6666666644444444,0.124999999921875,0.21052631290858725,0.21052631290858725,0.0,0.21052631290858725,0,0,0.2222222222222222,0.124999999921875
6226.png,একটি শিশু হেঁটে যাচ্ছে।,0.249999999375,0.12499999984374999,0.16666666194444454,0.16666666194444454,0.0,0.16666666194444454,0,0,0.25806451612903225,0.09090909082644627
1244306891_8e78ae1620.jpg,সাঁতারের স্যুটে পাঁচ বালিকা সাঁতারের স্যুটে একটি পুকুরে একসাথে ছবি তোলার জন্য পোজ দিচ্ছে,0.14285714275510203,0.24999999968749997,0.1818181770247935,0.1818181770247935,0.0,0.1818181770247935,0,0,0.38181818181818183,0.1111111110493827
6945.png,একজন বাচ্চা ছেলে ধাক্কা দিচ্ছে।,0.3999999992,0.1999999998,0.2666666618666667,0.2666666618666667,0.15384614934911253,0.2666666618666667,0,0,0.38888888888888884,0.15384615372781063
1363843090_9425d93064.jpg,একটি কালো কুকুর একটি ছোট সাদা কুকুর,0.571428570612245,0.3999999996,0.4705882298961938,0.4705882298961938,0.2666666615111111,0.4705882298961938,0,0,0.475,0.29999999969999996
4012.png,একটা ছেলে একটি <unk>,0.49999999875,0.2857142853061225,0.36363635834710756,0.36363635834710756,0.0,0.1818181768595043,0,0,0.3076923076923077,0.2222222219753086
2244613488_4d1f9edb33.jpg,একদল লোক পর্বতের ভ্রমণ করছে।,0.1999999996,0.16666666638888888,0.1818181765289258,0.1818181765289258,0.0,0.1818181765289258,0,0,0.3125,0.0999999999
6072.png,বনের গাছ ও কয়েকজন মানুষ আছে।,0.6666666655555555,0.6666666655555555,0.6666666605555556,0.6666666605555556,0.5999999938,0.6666666605555556,0,0,0.7272727272727273,0.49999999937499995
3395173129_f0ac0a1ed4.jpg,দুজন লোক একটি দম্পতি একটি দম্পতি একটি দম্পতি একটি দম্পতি একটি দম্পতি একটি দম্পতি একটি দম্পতি একটি দম্পতি একটি দম্পতি একটি দম্পতি একটি দম্পতি একটি দম্পতি একটি দম্পতি একটি দম্পতি একটি দম্পতি একটি দম্পতি একটি দম্পতি একটি দম্পতি একটি দম্পতি,0.0499999999875,0.2857142853061225,0.08510638040742426,0.08510638040742426,0.04444444211358036,0.08510638040742426,0,0,0.14124293785310738,0.2222222219753086
1798209205_77dbf525b0.jpg,একজন মহিলা একটি টেবিল এ খাচ্ছে,0.33333333277777777,0.3999999992,0.36363635801652905,0.36363635801652905,0.2222222167901236,0.36363635801652905,0,0,0.40909090909090906,0.2222222219753086
5661.png,একটি দোকানের দোকানের ভিতর দোকানের সামনে দাঁড়িয়ে আছে,0.12499999984374999,0.12499999984374999,0.12499999484375018,0.12499999484375018,0.0,0.12499999484375018,0,0,0.24242424242424243,0.07692307686390532
2613920405_e91e6ebd7a.jpg,একজন লোক ছাতা ধরে রেখেছে,0.5999999988,0.29999999969999996,0.39999999502222217,0.39999999502222217,0.1818181768595043,0.39999999502222217,0,0,0.4193548387096774,0.24999999979166665
7940.png,দূরে একটি গাড়ি দেখা যাচ্ছে।,0.1999999996,0.07692307686390532,0.11111110697530877,0.11111110697530877,0.0,0.11111110697530877,0,0,0.30000000000000004,0.0624999999609375
4074.png,একটি ছোট ছেলে তার মুখ এঁকেছেন।,0.33333333277777777,0.2857142853061225,0.3076923022485208,0.3076923022485208,0.0,0.3076923022485208,0,0,0.31999999999999995,0.18181818165289254
808.png,কয়েকজন নারী আছে।,0.6666666644444444,0.33333333277777777,0.44444443901234576,0.44444443901234576,0.0,0.44444443901234576,0,0,0.368421052631579,0.2857142853061225
8737.png,একটি <unk> এক লোক,0.0,0.0,0.0,0.0,0.0,0.0,0,0,0.2857142857142857,0.0
536537638_f5ee42410b.jpg,একটি বিশাল ভবন আর তার সামনে <unk> <unk>,0.12499999984374999,0.14285714265306124,0.13333332817777796,0.13333332817777796,0.0,0.13333332817777796,0,0,0.3448275862068966,0.07692307686390532
3068735836_872fba3068.jpg,একদল লোক একটি পতাকা নিয়ে যাচ্ছে,0.33333333277777777,0.1999999998,0.24999999500000003,0.24999999500000003,0.14285713806122466,0.24999999500000003,0,0,0.3928571428571429,0.15384615372781063
6695.png,একটি দালানের সামনে একটি <unk>,0.1999999996,0.05555555552469135,0.0869565182608697,0.0869565182608697,0.0,0.0869565182608697,0,0,0.23809523809523814,0.05555555552469135
1633.png,দুইজন নারী ও একটি শিশু আছে।,0.33333333277777777,0.49999999875,0.3999999944,0.3999999944,0.24999999468750006,0.3999999944,0,0,0.5789473684210527,0.24999999968749997
3164347907_2813f8ff0b.jpg,একজন লোক একটি ক্যামেরা হাতে দাঁড়িয়ে আছে,0.14285714265306124,0.14285714265306124,0.14285713765306143,0.14285713765306143,0.0,0.14285713765306143,0,0,0.4285714285714286,0.07692307686390532
2578.png,একজন লোক ঘোড়া ও একজন পুরুষ ও কয়েকটি গরু নিয়ে একজন পুরুষ মানুষ।,0.30769230745562126,0.6666666655555555,0.4210526268144044,0.4210526268144044,0.23529411321799312,0.4210526268144044,0,0,0.4042553191489362,0.3636363633057851
3237760601_5334f3f3b5.jpg,একজন লোক একটি স্কি করছে,0.1999999996,0.4999999975,0.28571428081632655,0.28571428081632655,0.0,0.28571428081632655,0,0,0.5,0.16666666638888888
541.png,দুইটি শিশু পানিতে নেমে আছেন।,0.1999999996,0.07142857137755101,0.10526315390581731,0.10526315390581731,0.0,0.10526315390581731,0,0,0.17307692307692313,0.05882352937716263
4118.png,একজন ছোট মেয়ে তাকিয়ে আছে যার চুল ছেড়ে তাকিয়ে আছে।,0.29999999969999996,0.29999999969999996,0.29999999470000005,0.29999999470000005,0.11111110598765454,0.29999999470000005,0,0,0.5294117647058824,0.1874999998828125
460478198_83039f2593.jpg,একটি কুকুর পানির পাশে সমুদ্র সৈকতে জলের উপর দিয়ে দৌড়ে যাচ্ছে,0.18181818165289254,0.3999999992,0.249999995390625,0.249999995390625,0.14285713857142868,0.249999995390625,0,0,0.46341463414634143,0.14285714275510203
741.png,একটি বয়স্ক পুরুষ চেয়ারে বসে আছে,0.33333333277777777,0.2857142853061225,0.3076923022485208,0.3076923022485208,0.0,0.3076923022485208,0,0,0.4347826086956522,0.18181818165289254
2183227136_8bb657846b.jpg,একজন লোক বালুর উপরে সূর্য ডুবা দেখছেন।,0.14285714265306124,0.16666666638888888,0.15384614863905344,0.15384614863905344,0.0,0.15384614863905344,0,0,0.2571428571428571,0.08333333326388888
5405.png,রাস্তা দিয়ে একজন পুরুষ হেঁটে যাচ্ছে।,0.49999999916666665,0.29999999969999996,0.37499999484375,0.37499999484375,0.19999999460000012,0.37499999484375,0,0,0.6,0.23076923059171597
6930.png,একজন নারী আছে।,0.9999999966666667,0.49999999916666665,0.6666666607407408,0.6666666607407408,0.5714285657142857,0.6666666607407408,0,0,0.47619047619047616,0.5999999988
374103842_17873ce505.jpg,একজন লোক একটি <unk> সামনে দাঁড়িয়ে আছে,0.4285714279591837,0.2727272724793388,0.33333332820987654,0.33333332820987654,0.24999999500000003,0.33333332820987654,0,0,0.46153846153846156,0.19999999986666667
2865564810_5c63328cd4.jpg,একজন স্কেটবোর্ডার ঢালু কাঠামোর উপর লাফ দিচ্ছে,0.14285714265306124,0.12499999984374999,0.13333332817777796,0.13333332817777796,0.0,0.13333332817777796,0,0,0.3142857142857143,0.07142857137755101
172092461_a9a9762e13.jpg,একজন লোক পানিতে বোর্ডিং করছে,0.3999999992,0.24999999968749997,0.3076923024852071,0.3076923024852071,0.1818181768595043,0.3076923024852071,0,0,0.5789473684210527,0.18181818165289254
468102269_135938e209.jpg,দুজন মহিলা ছবি তুলছেন,0.249999999375,0.3333333322222222,0.28571428000000004,0.28571428000000004,0.0,0.28571428000000004,0,0,0.4,0.16666666638888888
7226.png,একটি শিশু বসে আছে।,0.7499999981250001,0.4285714279591837,0.5454545398347109,0.5454545398347109,0.33333332722222225,0.5454545398347109,0,0,0.5333333333333333,0.37499999953124996
3159641529_c2c74f3eaf.jpg,একটি সাদা কুকুর ঘাসের মধ্যে দৌড়াচ্ছে,0.6666666655555555,0.4444444439506172,0.5333333278222222,0.5333333278222222,0.3076923024852071,0.5333333278222222,0,0,0.59375,0.3636363633057851
2171576939_d1e72daab2.jpg,একটি ছোট্ট মেয়েটি একটি ছোট ছেলেকে নিয়ে দাঁড়িয়ে আছে,0.2222222219753086,0.2222222219753086,0.22222221697530875,0.22222221697530875,0.12499999484375018,0.22222221697530875,0,0,0.46875,0.14285714275510203
3188044631_ca3a9cc737.jpg,একটি বিশাল কক্ষে একদল লোক একটি বৃহত কাঠের দোকানের সামনে দাঁড়িয়ে আছে,0.3333333330555555,0.3999999996,0.3636363583471074,0.3636363583471074,0.10526315290858747,0.3636363583471074,0,0,0.46808510638297873,0.1764705881314879
5744.png,পানিতে একজন পুরুষ আছে।,0.49999999875,0.1999999998,0.28571428122448983,0.28571428122448983,0.0,0.28571428122448983,0,0,0.4,0.16666666652777776
380034515_4fbdfa6b26.jpg,একটি কুকুর একটি বার পড়ে,0.3999999992,0.6666666644444444,0.49999999406250006,0.49999999406250006,0.33333332777777785,0.49999999406250006,0,0,0.5,0.3999999992
3622929632_26fb800000.jpg,একটি কুকুর একটি লাঠি ব্যবহার করে,0.49999999916666665,0.37499999953124996,0.4285714230612245,0.4285714230612245,0.16666666152777793,0.4285714230612245,0,0,0.5,0.1999999998
7239.png,২ জন মানুষ আছে।,0.49999999875,0.3999999992,0.4444444385185186,0.4444444385185186,0.28571428000000004,0.4444444385185186,0,0,0.5263157894736843,0.29999999969999996
1689.png,৪ জন পুরুষ আছে।,0.49999999875,0.1999999998,0.28571428122448983,0.28571428122448983,0.1333333299555556,0.28571428122448983,0,0,0.26315789473684215,0.1999999998
1565.png,একটি দালানের পাশে একটি দালানের পাশে একটি দালানের পাশে একটি স্কেটবোর্ড দিয়ে লাফাচ্ছে,0.07692307686390532,0.08333333326388888,0.07999999494400031,0.07999999494400031,0.0,0.07999999494400031,0,0,0.33333333333333337,0.0624999999609375
2533424347_cf2f84872b.jpg,একটি রেস গাড়ি রাস্তায়।,0.7499999981250001,0.37499999953124996,0.49999999472222234,0.49999999472222234,0.39999999500000005,0.49999999472222234,0,0,0.375,0.37499999953124996
7523.png,একটি মাঠে ফুটবল খেলা দেখা যাচ্ছে আর একজন বালক হেঁটে যাচ্ছে।,0.18181818165289254,0.49999999875,0.26666666240000003,0.26666666240000003,0.0,0.13333332924444455,0,0,0.275,0.15384615372781063
8455.png,সূর্যাস্তের সময় একটা নৌকায় দুইজন লোক দাঁড়িয়ে আছে।,0.24999999968749997,0.3999999992,0.3076923024852071,0.3076923024852071,0.16666666152777793,0.3076923024852071,0,0,0.5151515151515151,0.18181818165289254
6371.png,সমুদ্রের পারে একজন পুরুষ দাড়িয়ে আছে যাতে কিছু মানুষ ।,0.29999999969999996,0.19999999986666667,0.23999999500800004,0.23999999500800004,0.0,0.23999999500800004,0,0,0.32352941176470584,0.14285714278911565
3024172109_a10198e1dd.jpg,একজন স্কেটবোর্ডার একটি স্কেটবোর্ডে উঠছে,0.1999999996,0.249999999375,0.2222222167901236,0.2222222167901236,0.0,0.2222222167901236,0,0,0.2962962962962963,0.12499999984374999
799486353_f665d7b0f0.jpg,একটি মেয়ে একটি ছোট ছেলেকে নিয়ে দাঁড়িয়ে আছে,0.24999999968749997,0.15384615372781063,0.1904761855782314,0.1904761855782314,0.0,0.1904761855782314,0,0,0.33999999999999997,0.1111111110493827
DSC_1209.JPG,সামনে তাকিয়ে আছে,0.3333333322222222,0.3333333322222222,0.33333332722222225,0.33333332722222225,0.0,0.33333332722222225,0,0,0.4375,0.1999999996
7838.png,একটি নৌকায় দুইজন মানুষ আছে।,0.5999999988,0.2727272724793388,0.374999995234375,0.374999995234375,0.14285713857142868,0.374999995234375,0,0,0.4,0.2727272724793388
181777261_84c48b31cb.jpg,কয়েকজন মানুষ বসে আছে।,0.249999999375,0.16666666638888888,0.1999999948000001,0.1999999948000001,0.0,0.1999999948000001,0,0,0.3214285714285714,0.1111111109876543
211981411_e88b8043c2.jpg,একটি নীল রঙের গাড়িতে একটি সোনালি রঙের গাড়িতে চড়ে বেড়াচ্ছে,0.0999999999,0.249999999375,0.14285713857142868,0.14285713857142868,0.0,0.14285713857142868,0,0,0.39473684210526316,0.0999999999
5510.png,কয়েকজন মানুষ আছে।,0.3333333322222222,0.16666666638888888,0.2222222172839507,0.2222222172839507,0.0,0.2222222172839507,0,0,0.30000000000000004,0.12499999984374999
976392326_082dafc3c5.jpg,একজন লোক একটি পাথরের পাশে দাঁড়িয়ে আছেন,0.2857142853061225,0.2857142853061225,0.28571428030612256,0.28571428030612256,0.15384614863905344,0.28571428030612256,0,0,0.4444444444444444,0.16666666652777776
5794.png,লোক টি তাকিয়ে আছে আর তার পাশের বসে আছে মহিলা টি তাকিয়ে আছে আর তার পাশের বসে আছে মহিলা টি তাকিয়ে আছে আর তার পাশের বসে আছে মহিলা টি তাকিয়ে আছে আর তার পাশের বসে আছে মহিলা টি তাকিয়ে আছে,0.02499999999375,0.12499999984374999,0.04166666387152797,0.04166666387152797,0.0,0.04166666387152797,0,0,0.15748031496062997,0.0624999999609375
119082045.jpg,একজন মহিলা দোকানের সামনে দাঁড়িয়ে আছে।,0.33333333277777777,0.2222222219753086,0.2666666615111111,0.2666666615111111,0.11764705453287211,0.2666666615111111,0,0,0.31818181818181823,0.15384615372781063
3794.png,একজন লোক মাথায় তালের <unk>,0.3999999992,0.33333333277777777,0.36363635801652905,0.36363635801652905,0.0,0.36363635801652905,0,0,0.4285714285714286,0.2222222219753086
8570.png,একজন মানুষ ও কয়েকজন মানুষ আছে।,0.16666666638888888,0.249999999375,0.1999999948000001,0.1999999948000001,0.0,0.1999999948000001,0,0,0.30434782608695654,0.12499999984374999
3341782693_426bf7139b.jpg,একটি <unk> একটি ছেলে একটি হিমায়িত অগভীর জলে খেলে,0.1111111109876543,0.16666666638888888,0.13333332835555572,0.13333332835555572,0.0,0.13333332835555572,0,0,0.2941176470588235,0.08333333326388888
3647693147_0d0434351b.jpg,একটি শিশু আছে।,0.3333333322222222,0.16666666638888888,0.2222222172839507,0.2222222172839507,0.0,0.2222222172839507,0,0,0.30000000000000004,0.12499999984374999
1540631615_8b42c1b160.jpg,একটি ফুটবল খেলোয়াড় একটি লাল রঙের <unk>,0.4285714279591837,0.2727272724793388,0.33333332820987654,0.33333332820987654,0.0,0.22222221722222232,0,0,0.25,0.14285714275510203
165.png,একজন পুরুষ জাল দিয়ে মাছ নামাচ্ছে আর তার পাশে গাছ আছে।,0.18181818165289254,0.24999999968749997,0.21052631069252087,0.21052631069252087,0.0,0.21052631069252087,0,0,0.2702702702702703,0.11764705875432525
780.png,একটি টেবিলে অনেক মানুষ দেখা যাচ্ছে।,0.33333333277777777,0.2222222219753086,0.2666666615111111,0.2666666615111111,0.15384614887573977,0.2666666615111111,0,0,0.36363636363636365,0.15384615372781063
2081615901_13092cac56.jpg,দুই বাচ্চা ছেলে খেলছে,0.249999999375,0.1999999996,0.2222222167901236,0.2222222167901236,0.0,0.2222222167901236,0,0,0.33333333333333337,0.12499999984374999
4898.png,জলাশয়ের পারে কয়েকটি ভবন দেখা যাচ্ছে।,0.0,0.0,0.0,0.0,0.0,0.0,0,0,0.20833333333333337,0.0
1259627071.jpg,কিছু বাচ্চা বাইরে <unk> খেলছে,0.1999999996,0.249999999375,0.2222222167901236,0.2222222167901236,0.0,0.2222222167901236,0,0,0.2222222222222222,0.12499999984374999
4780.png,একটি <unk> <unk> বিক্রি করছে,0.1999999996,0.1999999996,0.19999999460000012,0.19999999460000012,0.0,0.19999999460000012,0,0,0.43999999999999995,0.12499999984374999
90.png,একটি নৌকায় কয়েকজন মানুষ আছে।,0.3999999992,0.1999999998,0.2666666618666667,0.2666666618666667,0.0,0.2666666618666667,0,0,0.2702702702702703,0.15384615372781063
815.png,কয়েকজন মানুষ আছে।,0.6666666644444444,0.3999999992,0.49999999406250006,0.49999999406250006,0.0,0.49999999406250006,0,0,0.5882352941176471,0.33333333277777777
2219805677_7b7cc188c7.jpg,একটি কুকুর পানিতে লাফ দিয়েছে,0.5999999988,0.37499999953124996,0.46153845609467453,0.46153845609467453,0.2222222167901236,0.46153845609467453,0,0,0.5909090909090908,0.29999999969999996
1674612291_7154c5ab61.jpg,একটি সাদা কুকুর লাফ দিলো,0.7999999984,0.6666666655555555,0.7272727209917357,0.7272727209917357,0.2222222167901236,0.7272727209917357,0,0,0.5454545454545454,0.571428570612245
427683329_95d510a087.jpg,সানগ্লাস পরনে চশমা পরিহিত একজন মহিলা একটি বিয়ার পান করছে,0.29999999969999996,0.4285714279591837,0.35294117121107266,0.35294117121107266,0.09090908599173579,0.2666666618666667,0,0,0.39344262295081966,0.21428571413265304
7849.png,সমুদ্রের পারে কয়েকজন ছেলে টায়ার কাঁধে গামছা নিয়ে পানিতে নেমে জাল ছুড়ে মারলো আর নদীতে নৌকা ভিড়ানো একটা টায়ার কাঁধে গামছা নিয়ে পানিতে নেমে জাল ছুড়ে মারলো আর নদীতে নৌকা ভিড়ানো একটা টায়ার কাঁধে গামছা নিয়ে পানিতে নেমে জাল ছুড়ে,0.0499999999875,0.16666666652777776,0.07692307334319543,0.07692307334319543,0.0,0.07692307334319543,0,0,0.22535211267605637,0.07142857140306122
2215.png,একজন পুরুষ মাথায় কাপড় বেঁধে মাথায় কাপড় বেঁধে মাথায় কাপড় বেঁধে মাথায় কাপড় বেঁধে মাথায় কাপড় বেঁধে মাথায় কাপড় বেঁধে মাথায় কাপড় বেঁধে মাথায় কাপড় বেঁধে মাথায় কাপড় বেঁধে মাথায় কাপড় বেঁধে মাথায় কাপড় বেঁধে মাথায় কাপড় বেঁধে মাথায় কাপড়,0.02499999999375,0.1999999996,0.0444444424493828,0.0444444424493828,0.0,0.0444444424493828,0,0,0.21621621621621623,0.1111111109876543
4108.png,দুইজন লোক,0.0,0.0,0.0,0.0,0.0,0.0,0,0,0.16666666666666663,0.0
5182.png,একটি ছেলে দাড়িয়ে আছে।,0.9999999975,0.571428570612245,0.7272727213223142,0.7272727213223142,0.44444443901234576,0.7272727213223142,0,0,0.5909090909090908,0.571428570612245
1623.png,কয়েকজন পুরুষ আছে।,0.3333333322222222,0.09090909082644627,0.14285713928571436,0.14285713928571436,0.0,0.14285713928571436,0,0,0.2571428571428571,0.07692307686390532
6381.png,একজন লোক হাতে একটি আয়না দিয়ে জড়িয়ে আছে,0.12499999984374999,0.1111111109876543,0.11764705370242234,0.11764705370242234,0.0,0.11764705370242234,0,0,0.25,0.07142857137755101
2049646140_d0de01e3c4.jpg,একটি শিশু একটি <unk>,0.49999999875,0.49999999875,0.4999999937500001,0.4999999937500001,0.33333332722222225,0.4999999937500001,0,0,0.5333333333333333,0.3999999992
360.png,একজন পুরুষ হেঁটে যাচ্ছে।,0.249999999375,0.1999999996,0.2222222167901236,0.2222222167901236,0.0,0.2222222167901236,0,0,0.5555555555555556,0.12499999984374999
7929.png,একজন পুরুষ বসে আছে।,0.249999999375,0.249999999375,0.2499999943750001,0.2499999943750001,0.0,0.2499999943750001,0,0,0.5,0.14285714265306124
3611603026_9112b0c53f.jpg,এক মহিলা একটি শপিং ব্যাগ নিয়ে দাঁড়িয়ে আছে,0.6249999992187499,0.49999999949999996,0.5555555500000001,0.5555555500000001,0.24999999476562512,0.4444444390123457,0,0,0.4193548387096774,0.3846153843195266
2094323311_27d58b1513.jpg,একটি কুকুর তার নাক স্পর্শ করছে,0.33333333277777777,0.24999999968749997,0.2857142804081633,0.2857142804081633,0.16666666152777793,0.2857142804081633,0,0,0.5,0.16666666652777776
2887614578_ed7ba21775.jpg,একটি কুকুর ঘাসের উপর দৌড়াচ্ছে,0.5999999988,0.5999999988,0.5999999938,0.5999999938,0.4999999937500001,0.5999999938,0,0,0.75,0.4285714279591837
6136.png,একজন পুরুষ মাথায় গোল টুপি পরে দাড়িয়ে আছে।,0.37499999953124996,0.4285714279591837,0.3999999944888889,0.3999999944888889,0.15384614863905344,0.3999999944888889,0,0,0.6071428571428572,0.24999999979166665
4792.png,তিনজন পুরুষ আছে।,0.6666666644444444,0.3999999992,0.49999999406250006,0.49999999406250006,0.0,0.49999999406250006,0,0,0.44999999999999996,0.33333333277777777
3050650135_23f9d9d2f8.jpg,একজন ফুটবল খেলোয়াড় বলের জন্য অপেক্ষা করছে,0.2857142853061225,0.2857142853061225,0.28571428030612256,0.28571428030612256,0.0,0.28571428030612256,0,0,0.5483870967741935,0.16666666652777776
486720042_b785e7f88c.jpg,একটি কালো কুকুর একটি কালো কুকুর,0.6666666655555555,0.24999999984375,0.363636359338843,0.363636359338843,0.12499999554687513,0.363636359338843,0,0,0.33333333333333337,0.21428571413265304
2302516347_26054442f9.jpg,একজন মহিলা একটি <unk> এর ছবি তুলছেন,0.571428570612245,0.30769230745562126,0.39999999505,0.39999999505,0.15384614863905344,0.33333332820987654,0,0,0.4,0.26666666648888887
4696.png,একটি পাহাড়ি রাস্তার ধারে একটি মেয়ে পাহারে বসে আছে,0.1111111109876543,0.249999999375,0.15384614934911253,0.15384614934911253,0.0,0.15384614934911253,0,0,0.28125,0.09090909082644627
2273591668_069dcb4641.jpg,দুটি ধূসর কুকুর একটি ঝোপের পাশ থেকে লাফ দিচ্ছে,0.4444444439506172,0.4444444439506172,0.4444444389506173,0.4444444389506173,0.24999999468750006,0.4444444389506173,0,0,0.5161290322580645,0.28571428551020406
2732625904_4fbb653434.jpg,একজন লোক রাস্তায় সাইকেল চালাচ্ছে,0.3999999992,0.33333333277777777,0.36363635801652905,0.36363635801652905,0.2222222167901236,0.36363635801652905,0,0,0.5454545454545454,0.2222222219753086
2873837796_543e415e98.jpg,কালো কুকুরটি কালো কুকুর,0.49999999875,0.33333333277777777,0.3999999944,0.3999999944,0.24999999468750006,0.3999999944,0,0,0.5,0.2857142853061225
950273886_88c324e663.jpg,এক লোক একটি পাথরের উপর আরোহণ করছে,0.4285714279591837,0.3333333329629629,0.374999994609375,0.374999994609375,0.2857142804081633,0.374999994609375,0,0,0.4814814814814815,0.23076923059171597
812.png,একটি <unk> সামনে দিয়ে হেটে যাচ্ছে।,0.0,0.0,0.0,0.0,0.0,0.0,0,0,0.33333333333333337,0.0
1797507760_384744fb34.jpg,তিন জন লোক একটি ছেলে একটি ছোট ছেলে দুজনেই নীল জামা বিহীন লোক <unk> <unk>,0.19999999986666667,0.37499999953124996,0.26086956045368626,0.26086956045368626,0.11764705577854677,0.21052631224376733,0,0,0.27450980392156865,0.1874999998828125
1248940539_46d33ed487.jpg,একটি ছোট মেয়েটি সৈকতে খেলছে,0.3999999992,0.3999999992,0.39999999420000004,0.39999999420000004,0.2499999943750001,0.39999999420000004,0,0,0.4347826086956522,0.24999999968749997
3666188047_e81e1d97a7.jpg,একটি ছোট ছেলে একটি <unk> খাচ্ছে,0.6666666655555555,0.49999999937499995,0.5714285657142858,0.5714285657142858,0.4999999943055557,0.5714285657142858,0,0,0.6296296296296297,0.3333333329629629
3048.png,একজন পুরুষ দুইটি গরু দিয়ে জমিতে কাজ করছে।,0.6249999992187499,0.7142857132653061,0.6666666608,0.6666666608,0.6153846094674558,0.6666666608,0,0,0.7241379310344828,0.49999999949999996
242.png,নদীতে নৌকা ও একজন পুরুষ বসে আছে।,0.2857142853061225,0.33333333277777777,0.3076923022485208,0.3076923022485208,0.0,0.3076923022485208,0,0,0.2666666666666667,0.18181818165289254
3370.png,একজন পুরুষ দাড়িয়ে আছে।,0.49999999875,0.49999999875,0.4999999937500001,0.4999999937500001,0.33333332722222225,0.4999999937500001,0,0,0.6666666666666667,0.33333333277777777
516725192_c9cdd63878.jpg,একজন লোক সমুদ্রের দিকে একটি পাখি নিয়ে,0.14285714265306124,0.14285714265306124,0.14285713765306143,0.14285713765306143,0.0,0.14285713765306143,0,0,0.4242424242424242,0.07692307686390532
107318069_e9f2ef32de.jpg,দুই <unk> বেলুন বেলুন থেকে নিচে নামার প্রস্তুতি নিচ্ছে,0.1111111109876543,0.3333333322222222,0.16666666263888896,0.16666666263888896,0.0,0.16666666263888896,0,0,0.2647058823529411,0.0999999999
2173677067_9d0732bcc2.jpg,একটি ছোট্ট শিশু একটি পোল হাতে ভর দিয়ে একটি পোল হাতে ভর দিয়ে একটি পোল হাতে ভর দিয়ে একটি পোল হাতে ভর দিয়ে একটি পোল হাতে ভর দিয়ে একটি পোল হাতে ভর দিয়ে একটি পোল হাতে ভর দিয়ে একটি পোল,0.0499999999875,0.18181818165289254,0.07843136913494825,0.07843136913494825,0.04081632326530638,0.07843136913494825,0,0,0.17829457364341084,0.124999999921875
5438.png,একটি <unk> সবুজ ঘাসে ঘেরা একটি <unk> একটি সুন্দর ছায়া দেখা যাচ্ছে,0.0,0.0,0.0,0.0,0.0,0.0,0,0,0.25,0.0
_MG_2020.JPG,লোকটির মুখে কালো দাঁড়ি,0.49999999875,0.6666666644444444,0.5714285648979592,0.5714285648979592,0.39999999360000005,0.5714285648979592,0,0,0.6153846153846154,0.3999999992
7747.png,একটি শিশু আছে।,0.9999999966666667,0.9999999966666667,0.9999999916666666,0.9999999916666666,0.9999999900000001,0.9999999916666666,1,1,1.0,0.9999999966666667
806.png,একজন পুরুষ মানুষ আছে।,0.249999999375,0.16666666638888888,0.1999999948000001,0.1999999948000001,0.0,0.1999999948000001,0,0,0.4545454545454546,0.1111111109876543
3662406028_29b9e46a6f.jpg,কালো স্যুট পরা একজন লোক একটি বাক্স ও এক লোক দাঁড়িয়ে আছে,0.3333333330555555,0.3333333330555555,0.3333333280555556,0.3333333280555556,0.13333332860000016,0.24999999515625004,0,0,0.4782608695652174,0.21052631567867036
6213.png,একজন পুরুষ বসে আছে।,0.49999999875,0.6666666644444444,0.5714285648979592,0.5714285648979592,0.16666666263888896,0.5714285648979592,0,0,0.6428571428571428,0.3999999992
2921094201_2ed70a7963.jpg,একজন মহিলা একটি আসনে বসে আছে,0.6666666655555555,0.3636363633057851,0.47058823017301044,0.47058823017301044,0.13333332871111125,0.3529411714878893,0,0,0.33333333333333337,0.30769230745562126
5321.png,রাস্তা দিয়ে কয়েকজন মানুষ আছে।,0.1999999996,0.249999999375,0.2222222167901236,0.2222222167901236,0.0,0.2222222167901236,0,0,0.47619047619047616,0.12499999984374999
2125.png,১ জন ছেলে কাঁদে নেয়া একজন পুরুষ আছে।,0.12499999984374999,0.249999999375,0.16666666194444454,0.16666666194444454,0.0,0.16666666194444454,0,0,0.28,0.09090909082644627
50.png,একজন নারী কাজ করছে।,0.249999999375,0.1111111109876543,0.15384614934911253,0.15384614934911253,0.0,0.15384614934911253,0,0,0.3125,0.08333333326388888
2909875716_25c8652614.jpg,একটি মেয়ে ফুল ধরে আছে,0.3999999992,0.15384615372781063,0.22222221796296296,0.22222221796296296,0.0,0.22222221796296296,0,0,0.29032258064516125,0.124999999921875
2675685200_0913d84d9b.jpg,একটি ছোট ছেলে একটি পুরনো ঘরের কিচেনে খেলছে,0.49999999937499995,0.3999999996,0.4444444390123457,0.4444444390123457,0.374999994609375,0.4444444390123457,0,0,0.5675675675675675,0.23076923059171597
5233.png,একজন পুরুষ হেঁটে যাচ্ছে।,0.49999999875,0.2222222219753086,0.3076923029585799,0.3076923029585799,0.18181817752066123,0.3076923029585799,0,0,0.34285714285714286,0.18181818165289254
2072.png,একজন পুরুষ বসে আছে।,0.7499999981250001,0.7499999981250001,0.7499999931250001,0.7499999931250001,0.33333332722222225,0.7499999931250001,0,0,0.8571428571428572,0.5999999988
9070.png,কয়েকজন মানুষ আছে।,0.0,0.0,0.0,0.0,0.0,0.0,0,0,0.31818181818181823,0.0
2517284816_9b8fd3c6b6.jpg,একটি শিশু একসাথে হয়ে একসাথে হয়ে একসাথে হয়ে একসাথে হয়ে একসাথে হয়ে একসাথে হয়ে একসাথে হয়ে একসাথে হয়ে একসাথে হয়ে একসাথে হয়ে একসাথে হয়ে একসাথে হয়ে একসাথে হয়ে একসাথে হয়ে একসাথে হয়ে একসাথে হয়ে একসাথে হয়ে একসাথে হয়ে একসাথে হয়ে,0.02499999999375,0.3333333322222222,0.04651162658734455,0.04651162658734455,0.0,0.04651162658734455,0,0,0.13291139240506333,0.16666666638888888
572.png,একজন বয়স্ক নারী আছে।,0.9999999975,0.3999999996,0.5714285665306122,0.5714285665306122,0.4999999954166666,0.5714285665306122,0,0,0.3913043478260869,0.49999999937499995
8525.png,একটি নৌকায় কয়েকজন মানুষ আছে।,0.7999999984,0.7999999984,0.7999999934,0.7999999934,0.4999999937500001,0.7999999934,0,0,0.9,0.6666666655555555
940973925_a2e6d7951c.jpg,একজন লোক একটি বিল্ডিং থেকে নামছে,0.16666666638888888,0.14285714265306124,0.15384614863905344,0.15384614863905344,0.0,0.15384614863905344,0,0,0.30612244897959184,0.08333333326388888
6151.png,একজন লোক একটি হোটেলের সামনে একটি হোটেলের সামনে একটি হোটেলের সামনে একটি হোটেলের সামনে একটি হোটেলের সামনে একটি হোটেলের সামনে একটি হোটেলের সামনে একটি হোটেলের সামনে একটি হোটেলের সামনে একটি হোটেলের সামনে একটি হোটেলের সামনে একটি হোটেলের সামনে একটি হোটেলের,0.02499999999375,0.249999999375,0.04545454378099179,0.04545454378099179,0.0,0.04545454378099179,0,0,0.11627906976744184,0.12499999984374999
2070831523_5035d5537e.jpg,এক বাইকার একটি বাইক চালাচ্ছেন।,0.1999999996,0.16666666638888888,0.1818181765289258,0.1818181765289258,0.0,0.1818181765289258,0,0,0.42307692307692313,0.0999999999
7112.png,একটি সেতুর উপর দিয়ে যাচ্ছে।,0.7999999984,0.26666666648888887,0.39999999585,0.39999999585,0.22222221851851853,0.39999999585,0,0,0.4444444444444444,0.26666666648888887
2815.png,একটি নৌকায় একজন মানুষ দাড়িয়ে আছে।,0.6666666655555555,0.24999999984375,0.363636359338843,0.363636359338843,0.2222222167901236,0.363636359338843,0,0,0.368421052631579,0.2222222220987654
468.png,একটি ছোট ছেলে বালতি দিয়ে খেলছে,0.16666666638888888,0.07142857137755101,0.09999999570000016,0.09999999570000016,0.0,0.09999999570000016,0,0,0.28,0.05555555552469135
2456907314_49bc4591c4.jpg,একজন পুরুষ বসে আছে একজন পুরুষ মানুষ।,0.14285714265306124,0.07692307686390532,0.0999999953500002,0.0999999953500002,0.0,0.0999999953500002,0,0,0.2978723404255319,0.05882352937716263
IMG_2758.JPG,লোক টি দাঁড়িয়ে আছে,0.9999999975,0.9999999975,0.9999999925,0.9999999925,0.9999999916666666,0.9999999925,1,1,1.0,0.9999999975
3259228898_cefd04580b.jpg,একজন লোক এবং একজন লোক দেখছে,0.33333333277777777,0.2857142853061225,0.3076923022485208,0.3076923022485208,0.1818181765289258,0.3076923022485208,0,0,0.5185185185185186,0.2222222219753086
1074.png,কতগুলো মেয়ে একসাথে দাড়িয়ে আছে যার মাঝে একজন নারী আছে।,0.3999999996,0.2352941175086505,0.29629629141289443,0.29629629141289443,0.15384614934911253,0.29629629141289443,0,0,0.41666666666666663,0.1739130434026465
476.png,নদীতে নৌকা আছে।,0.3333333322222222,0.14285714265306124,0.1999999954000001,0.1999999954000001,0.0,0.1999999954000001,0,0,0.2962962962962963,0.1111111109876543
2570559405_dc93007f76.jpg,একটি কুকুর একটি রিং থেকে একটি রিং থেকে একটি রিং থেকে একটি রিং থেকে একটি রিং থেকে একটি রিং থেকে একটি রিং থেকে একটি রিং থেকে একটি রিং থেকে একটি রিং থেকে একটি রিং থেকে একটি রিং থেকে একটি রিং,0.0499999999875,0.2857142853061225,0.08510638040742426,0.08510638040742426,0.04444444211358036,0.08510638040742426,0,0,0.14876033057851235,0.2222222219753086
406901451_7eafd7568a.jpg,একটি কুকুর একটি <unk>,0.49999999875,0.3999999992,0.4444444385185186,0.4444444385185186,0.28571428000000004,0.4444444385185186,0,0,0.5294117647058824,0.33333333277777777
580.png,একজন পুরুষ বসে আছে।,0.9999999975,0.3636363633057851,0.533333328711111,0.533333328711111,0.3076923036686391,0.533333328711111,0,0,0.31818181818181823,0.3999999996
366713533_bd6d48cf02.jpg,কিছু মানুষ বাইরে দাঁড়িয়ে আছে,0.1999999996,0.249999999375,0.2222222167901236,0.2222222167901236,0.0,0.2222222167901236,0,0,0.2941176470588235,0.12499999984374999
2763.png,একটি শিশু একটি রাস্তা দিয়ে হেঁটে যাচ্ছে।,0.571428570612245,0.571428570612245,0.5714285656122451,0.5714285656122451,0.3333333277777778,0.5714285656122451,0,0,0.5,0.4444444439506172
1569687608_0e3b3ad044.jpg,একটি ছেলে এবং একটি ছেলে,0.1999999996,0.12499999984374999,0.15384614887573977,0.15384614887573977,0.0,0.15384614887573977,0,0,0.31818181818181823,0.0999999999
2067.png,একটি ব্যানার ও অনেকগুলো মানুষ আছে।,0.16666666638888888,0.1999999996,0.1818181765289258,0.1818181765289258,0.0,0.1818181765289258,0,0,0.4782608695652174,0.0999999999
8849.png,সাঁকোর উপর দিয়ে পানি ঝরছে আর সেই পুকুরে মাছ ধরার ট্রলার ভিড়ানো তাতে কিছু গাছের ডাল দেখা যাচ্ছে।,0.2222222220987654,0.24999999984375,0.23529411252595164,0.23529411252595164,0.08695651780718354,0.1599999958400001,0,0,0.2698412698412699,0.1379310344351962
5633.png,একজন বয়স্ক পুরুষ বসে লিখছে।,0.3999999992,0.3999999992,0.39999999420000004,0.39999999420000004,0.07999999724800008,0.39999999420000004,0,0,0.6,0.24999999968749997
1721.png,একজন পুরুষ বসে আছে।,0.249999999375,0.249999999375,0.2499999943750001,0.2499999943750001,0.0,0.2499999943750001,0,0,0.6,0.14285714265306124
397815951_3b02090324.jpg,একটি কালো কুকুর বল নিয়ে লাফ দিচ্ছে,0.2857142853061225,0.33333333277777777,0.3076923022485208,0.3076923022485208,0.0,0.3076923022485208,0,0,0.41666666666666663,0.18181818165289254
2337809114_899ba61330.jpg,একটি ছোট মেয়ে একটি শিশুকে ধরে আছে,0.4285714279591837,0.19999999986666667,0.2727272681404959,0.2727272681404959,0.09999999570000016,0.2727272681404959,0,0,0.33333333333333337,0.124999999921875
2804851816_9aae9071ca.jpg,একটি বাদামী কুকুর একটি মাঠ দিয়ে হেঁটে যাচ্ছে,0.24999999968749997,0.33333333277777777,0.2857142804081633,0.2857142804081633,0.0,0.2857142804081633,0,0,0.5357142857142857,0.18181818165289254
268365231_a0acecdc45.jpg,একজন লোক একটি ছবির জন্য কিছু একটা পড়ছে,0.24999999968749997,0.14285714275510203,0.1818181770247935,0.1818181770247935,0.0,0.1818181770247935,0,0,0.38,0.10526315783933518
6772.png,দুইজন মানুষ আছে।,0.6666666644444444,0.6666666644444444,0.6666666594444445,0.6666666594444445,0.4999999925000001,0.6666666594444445,0,0,0.8181818181818181,0.49999999875
3371533654_73a12a35a4.jpg,একটি ছেলে রাস্তায় একটি টায়ার নিয়ে দাঁড়িয়ে আছে,0.24999999968749997,0.1999999998,0.22222221703703712,0.22222221703703712,0.0,0.22222221703703712,0,0,0.31034482758620685,0.06666666662222222
4388.png,একজন পুরুষ মাথায় ইট নিচ্ছে।,0.5999999988,0.49999999916666665,0.5454545395041324,0.5454545395041324,0.2222222167901236,0.36363635801652905,0,0,0.36363636363636365,0.37499999953124996
2419186511_f0ce5f9685.jpg,একটি শিশু একটি <unk> থেকে জল থেকে জল থেকে জল থেকে জল থেকে জল থেকে জল থেকে জল থেকে জল থেকে জল থেকে জল থেকে জল থেকে জল থেকে জল থেকে জল থেকে জল থেকে জল থেকে জল থেকে জল,0.07499999998125,0.2727272724793388,0.11764705539407928,0.11764705539407928,0.04444444211358036,0.11764705539407928,0,0,0.14754098360655743,0.1999999998
3120648767_812c72eabe.jpg,একজন সাইকেল চালক একটি ময়লা সাইকেল চালাচ্ছে।,0.14285714265306124,0.3333333322222222,0.1999999954000001,0.1999999954000001,0.0,0.1999999954000001,0,0,0.3870967741935484,0.12499999984374999
3973.png,একজন পুরুষ দাড়িয়ে আছে।,0.49999999875,0.2222222219753086,0.3076923029585799,0.3076923029585799,0.18181817752066123,0.3076923029585799,0,0,0.2777777777777778,0.1999999998
7701.png,একটি লোক সৈকতে ঢেউয়ের পাশ দিয়ে একটি সৈকতে ঢেউয়ের পাশ দিয়ে একটি সৈকতে ঢেউয়ের পাশ দিয়ে একটি সৈকতে ঢেউয়ের পাশ দিয়ে একটি সৈকতে ঢেউয়ের পাশ দিয়ে একটি সৈকতে ঢেউয়ের পাশ দিয়ে একটি সৈকতে ঢেউয়ের পাশ দিয়ে একটি সৈকতে ঢেউয়ের পাশ,0.0,0.0,0.0,0.0,0.0,0.0,0,0,0.11920529801324509,0.0
464527562_a18f095225.jpg,একটি কুকুর একটি লাল ফ্রিসবি ধরার চেষ্টা করছে,0.37499999953124996,0.49999999916666665,0.4285714230612245,0.4285714230612245,0.16666666152777793,0.2857142804081633,0,0,0.4222222222222223,0.29999999969999996
8794.png,বৃষ্টির পানিতে নেমে ছাতা নিয়ে যাচ্ছে আর একজন লোক হেঁটে যাচ্ছে।,0.3636363633057851,0.28571428551020406,0.31999999481600006,0.31999999481600006,0.14285713857142868,0.249999995390625,0,0,0.2564102564102564,0.1999999999
5226.png,দুরে অনেকগুলো ইট আছে।,0.49999999875,0.33333333277777777,0.3999999944,0.3999999944,0.0,0.3999999944,0,0,0.4545454545454546,0.24999999968749997
img-20211205-wa0002.jpg,টিনের ঘরের দুর্দশা।,0.0,0.0,0.0,0.0,0.0,0.0,0,0,0.23529411764705888,0.0
345906597_1290292371895717_1418973623691667358_n.jpg,একজন ছোট মেয়ে হেটে যাচ্ছে যার গায়ে জামা পরে একটা ব্যাগ নিয়ে হেঁটে যাচ্ছে।,0.07142857137755101,0.0624999999609375,0.06666666164444482,0.06666666164444482,0.0,0.06666666164444482,0,0,0.34042553191489366,0.03448275860879905
1300.png,২ জন পুরুষ দাড়িয়ে আছে।,0.5999999988,0.24999999979166665,0.3529411719031142,0.3529411719031142,0.21052631224376733,0.3529411719031142,0,0,0.28260869565217395,0.24999999979166665
2635.png,৪ জন ছোট ছেলে।,0.0,0.0,0.0,0.0,0.0,0.0,0,0,0.2272727272727273,0.0
5921.png,একজন পুরুষ মাথায় টুপি পরে আছে।,0.49999999916666665,0.37499999953124996,0.4285714230612245,0.4285714230612245,0.0,0.2857142804081633,0,0,0.3589743589743589,0.2727272724793388
9122.png,একজন নারী আছে।,0.9999999966666667,0.4285714279591837,0.5999999946000001,0.5999999946000001,0.24999999562500003,0.5999999946000001,0,0,0.4347826086956522,0.4285714279591837
5754.png,কয়েকজন মানুষ আছে।,0.3333333322222222,0.3333333322222222,0.33333332722222225,0.33333332722222225,0.0,0.33333332722222225,0,0,0.6666666666666667,0.1999999996
1262583859_653f1469a9.jpg,সবুজ শার্ট পরা একজন আফ্রো আমেরিকান চশমা পরা একজন আফ্রো আমেরিকান চশমা পরা একজন আফ্রো আমেরিকান চশমা পরা একজন আফ্রো আমেরিকান চশমা পরা একজন আফ্রো আমেরিকান চশমা পরা একজন আফ্রো আমেরিকান চশমা পরা একজন আফ্রো আমেরিকান চশমা পরা একজন আফ্রো,0.0499999999875,0.14285714275510203,0.07407407020576152,0.07407407020576152,0.03846153469674592,0.07407407020576152,0,0,0.2601156069364162,0.10526315783933518
2465497494_43d74df57c.jpg,নীল জ্যাকেট পরিহিত একজন বাচ্চা তার হাতে একটি শিশু হাতে একটি শিশু হাতে একটি শিশু হাতে একটি শিশু হাতে একটি শিশু হাতে একটি শিশু হাতে একটি শিশু হাতে একটি শিশু হাতে একটি শিশু হাতে একটি শিশু হাতে একটি শিশু হাতে,0.07499999998125,0.23076923059171597,0.11320754342470642,0.11320754342470642,0.0,0.11320754342470642,0,0,0.1897810218978102,0.13333333324444444
241347204_007d83e252.jpg,লাল ফুটবল দলটি লাল ফুটবল খেলোয়াড় লাল জামা পরে আছে,0.1999999998,0.2222222219753086,0.21052631058171756,0.21052631058171756,0.0,0.21052631058171756,0,0,0.41666666666666663,0.14285714275510203
2330536645_2d36b516e1.jpg,দুই বাচ্চা পানিতে খেলছে।,0.249999999375,0.3333333322222222,0.28571428000000004,0.28571428000000004,0.0,0.28571428000000004,0,0,0.6428571428571428,0.16666666638888888
2089442007_6fc798548c.jpg,একটি কুকুর একটি লাঠি নিয়ে খেলছে,0.33333333277777777,0.49999999875,0.3999999944,0.3999999944,0.24999999468750006,0.3999999944,0,0,0.5238095238095238,0.2857142853061225
1860.png,পাশাপাশি তিনজন পুরুষ আছে।,0.49999999875,0.2222222219753086,0.3076923029585799,0.3076923029585799,0.0,0.3076923029585799,0,0,0.2647058823529411,0.1999999998
5063.png,একটি দালানে একজন লোক একটি বেঞ্চে বসে।,0.14285714265306124,0.16666666638888888,0.15384614863905344,0.15384614863905344,0.0,0.15384614863905344,0,0,0.3846153846153846,0.09090909082644627
421153376_d1d325568f.jpg,একটি সাদা কুকুর একটি পুকুরে লাফ দিচ্ছে,0.2857142853061225,0.6666666644444444,0.39999999500000005,0.39999999500000005,0.1818181765289258,0.39999999500000005,0,0,0.56,0.2857142853061225
2337.png,একজন পুরুষ জাল নিয়ে আছে।,0.1999999996,0.249999999375,0.2222222167901236,0.2222222167901236,0.0,0.2222222167901236,0,0,0.2941176470588235,0.12499999984374999
1287073593_f3d2a62455.jpg,এক লোক স্লেজ গাড়ী টেনে নিয়ে যাচ্ছে,0.2857142853061225,0.16666666652777776,0.2105263109141275,0.2105263109141275,0.0,0.15384614863905344,0,0,0.3846153846153846,0.11764705875432525
2543589122_ec3e55f434.jpg,একটি কুকুর একটি ফ্রিসবি নিয়ে খেলছে,0.49999999916666665,0.7499999981250001,0.5999999940000001,0.5999999940000001,0.24999999468750006,0.5999999940000001,0,0,0.5652173913043479,0.49999999916666665
424307754_1e2f44d265.jpg,এক লোক একটি বাদামী রঙের পোশাক পরিহিত একজন লোক দাঁড়িয়ে আছে,0.2727272724793388,0.49999999916666665,0.3529411714878893,0.3529411714878893,0.2666666618666667,0.3529411714878893,0,0,0.3902439024390244,0.23076923059171597
2860872588_f2c7b30e1a.jpg,দুটি কুকুর রাস্তায় শুয়ে আছে,0.3999999992,0.6666666644444444,0.49999999406250006,0.49999999406250006,0.33333332777777785,0.49999999406250006,0,0,0.5294117647058824,0.33333333277777777
3549408779_4d453db080.jpg,একটি সাদা কালো কুকুর জলের মধ্য দিয়ে চলেছে।,0.49999999937499995,0.6666666655555555,0.5714285657142858,0.5714285657142858,0.4999999943055557,0.5714285657142858,0,0,0.6071428571428572,0.3999999996
3455419642_894d03f153.jpg,একজন মহিলা একটি কালো এবং কালো কুকুর বল ধরার চেষ্টা করছে,0.5454545449586776,0.5999999993999999,0.5714285658956916,0.5714285658956916,0.21052631058171756,0.4761904707482993,0,0,0.5,0.4285714282653061
3368207495_1e2dbd6d3f.jpg,একটি কুকুর একটি জমিতে একটি ঝুড়ি ও একটি গরু নিয়ে যাচ্ছে।,0.2727272724793388,0.4285714279591837,0.33333332820987654,0.33333332820987654,0.24999999500000003,0.33333332820987654,0,0,0.4736842105263158,0.16666666652777776
7633.png,একটি সেতু আছে।,0.3333333322222222,0.3333333322222222,0.33333332722222225,0.33333332722222225,0.0,0.33333332722222225,0,0,0.36363636363636365,0.1999999996
5864.png,একজন মানুষ ছাতা নিয়ে আছে।,0.3999999992,0.6666666644444444,0.49999999406250006,0.49999999406250006,0.0,0.49999999406250006,0,0,0.5294117647058824,0.33333333277777777
2765747519_2b851e01d6.jpg,একজন নারী তাকিয়ে আছে।,0.0,0.0,0.0,0.0,0.0,0.0,0,0,0.33333333333333337,0.0
7434.png,একজন নারী বসে কাজ করছে।,0.1999999996,0.0999999999,0.13333332871111125,0.13333332871111125,0.0,0.13333332871111125,0,0,0.275,0.09090909082644627
3346040664_5b584e6133.jpg,একজন ফুটবল খেলোয়াড় বল ড্রিবল করছে,0.33333333277777777,0.2222222219753086,0.2666666615111111,0.2666666615111111,0.0,0.2666666615111111,0,0,0.5,0.15384615372781063
972381743_5677b420ab.jpg,এক মেয়ে ছাতার নিচে ছাতা হাতে নিয়ে রাস্তা দিয়ে হেঁটে যাচ্ছে,0.09090909082644627,0.08333333326388888,0.08695651667296815,0.08695651667296815,0.0,0.08695651667296815,0,0,0.35185185185185186,0.04761904759637188
3116.png,৩ জন পুরুষ দাড়িয়ে আছে।,0.3999999992,0.6666666644444444,0.49999999406250006,0.49999999406250006,0.08695651879017023,0.49999999406250006,0,0,0.6,0.33333333277777777
8566.png,চুল টি গাছে হেলান দিয়ে আছে,0.16666666638888888,0.0999999999,0.12499999515625017,0.12499999515625017,0.0,0.12499999515625017,0,0,0.4193548387096774,0.06666666662222222
3334953664_a669038795.jpg,একজন বেসবল ক্যাপ পরা একজন মানুষের হাত তুলে দিচ্ছে।,0.2222222219753086,0.33333333277777777,0.2666666615111111,0.2666666615111111,0.15384614887573977,0.2666666615111111,0,0,0.4722222222222222,0.16666666652777776
4832.png,ধান ক্ষেত আছে।,0.3333333322222222,0.3333333322222222,0.33333332722222225,0.33333332722222225,0.0,0.33333332722222225,0,0,0.30000000000000004,0.1999999996
1516714577_7d1c35a8d8.jpg,একটি মেয়ে একটি ইটের বাড়ির সামনের দিকে তাকিয়ে আছে,0.2222222219753086,0.2857142853061225,0.24999999476562512,0.24999999476562512,0.0,0.24999999476562512,0,0,0.36363636363636365,0.15384615372781063
765298136_7805fbb079.jpg,একটি লাল রঙের পোশাক পরিহিত একজন লোক পানির উপর দিয়ে মাছ ধরার চেষ্টা করছে,0.28571428551020406,0.3636363633057851,0.31999999481600006,0.31999999481600006,0.17391303841209843,0.23999999488000007,0,0,0.4528301886792453,0.21052631567867036
3872.png,একটি লোক ও কয়েকজন মানুষ দেখা যাচ্ছে।,0.4285714279591837,0.2727272724793388,0.33333332820987654,0.33333332820987654,0.16666666138888903,0.33333332820987654,0,0,0.3939393939393939,0.23076923059171597
1466307489_cb8a74de09.jpg,একদল লোক একটি অফ <unk>,0.5999999988,0.19999999986666667,0.29999999595000004,0.29999999595000004,0.1111111075308643,0.29999999595000004,0,0,0.32258064516129037,0.1764705881314879
3344.png,একজন লোক মুখে রঙ মেখে আছে।,0.8333333319444445,0.8333333319444445,0.8333333269444445,0.8333333269444445,0.5999999938,0.8333333269444445,0,0,0.85,0.7142857132653061
8873.png,একজন মহিলা একটি <unk>,0.249999999375,0.1111111109876543,0.15384614934911253,0.15384614934911253,0.0,0.15384614934911253,0,0,0.21621621621621623,0.08333333326388888
5029.png,একটি <unk> একটি <unk> একটি <unk> একটি <unk> একটি <unk> <unk> সামনে একটি <unk> <unk> সামনে একটি <unk> <unk> সামনে একটি <unk> <unk> সামনে একটি <unk> <unk> সামনে একটি <unk> <unk> সামনে একটি <unk> <unk> সামনে একটি <unk> <unk> সামনে,0.02499999999375,0.249999999375,0.04545454378099179,0.04545454378099179,0.0,0.04545454378099179,0,0,0.05031446540880502,0.16666666638888888
8917.png,একজন পুরুষ একটি হাঁসের বাচ্চা ছেলে।,0.16666666638888888,0.3333333322222222,0.2222222172839507,0.2222222172839507,0.0,0.2222222172839507,0,0,0.3666666666666667,0.12499999984374999
3543294190_0037c59607.jpg,এক লোক একটি সাইকেল চালাচ্ছে,0.1999999996,0.12499999984374999,0.15384614887573977,0.15384614887573977,0.0,0.15384614887573977,0,0,0.33333333333333337,0.08333333326388888
5787.png,সূর্যাস্তের সময় একটা নৌকায় দুইজন মানুষ আছে।,0.14285714265306124,0.1999999996,0.16666666152777793,0.16666666152777793,0.0,0.16666666152777793,0,0,0.33333333333333337,0.09090909082644627
3673032164_6c6843de87.jpg,একদল লোক সবাই বন্য এলাকায় একসাথে ছবি তুলছে,0.0,0.0,0.0,0.0,0.0,0.0,0,0,0.26086956521739135,0.0
3323498985_fd9d2803fd.jpg,এক ছোট ছেলে সাগরের পানিতে লাফাচ্ছে,0.33333333277777777,0.2857142853061225,0.3076923022485208,0.3076923022485208,0.0,0.3076923022485208,0,0,0.40909090909090906,0.18181818165289254
4080.png,একটা মেয়ে টির মুখে হাসি আছে,0.0,0.0,0.0,0.0,0.0,0.0,0,0,0.3928571428571429,0.0
4950.png,কুয়াশার সময় একজন লোক একটা গাছের উপর দিয়ে একটি নৌকা দেখা যাচ্ছে।,0.08333333326388888,0.249999999375,0.1249999960937501,0.1249999960937501,0.0,0.1249999960937501,0,0,0.2666666666666667,0.06666666662222222
1319.png,একজন নারী ও একজন নারী ও একজন নারী ও একজন নারী ও একজন নারী ও একজন নারী ও একজন নারী ও একজন নারী ও একজন নারী ও একজন নারী ও একজন নারী ও একজন নারী ও একজন নারী ও একজন,0.07499999998125,0.37499999953124996,0.12499999717013895,0.12499999717013895,0.043478258270321514,0.12499999717013895,0,0,0.25373134328358204,0.37499999953124996
2230.png,একটি লোক পানিতে নেমে যাচ্ছে।,0.0,0.0,0.0,0.0,0.0,0.0,0,0,0.2666666666666667,0.0
4571.png,একটি পুকুর ও আকাশে কালো চুল কালো হয়ে আছে,0.0,0.0,0.0,0.0,0.0,0.0,0,0,0.2142857142857143,0.0
2546.png,এক লোক পানির ছিটা তৈরি করেছে,0.0,0.0,0.0,0.0,0.0,0.0,0,0,0.46153846153846156,0.0
1296412797_85b6d2f8d6.jpg,একজন লোক বাতাসে ভাসছে,0.249999999375,0.14285714265306124,0.1818181768595043,0.1818181768595043,0.0,0.1818181768595043,0,0,0.31999999999999995,0.0999999999
3341077091_7ca0833373.jpg,এক স্কেটবোর্ডার একটি স্কেটবোর্ড কৌশল দেখাচ্ছে,0.33333333277777777,0.33333333277777777,0.3333333277777778,0.3333333277777778,0.19999999460000012,0.3333333277777778,0,0,0.6,0.1999999998
8695.png,একজন নারী দাড়িয়ে আছে।,0.49999999875,0.33333333277777777,0.3999999944,0.3999999944,0.0,0.3999999944,0,0,0.47619047619047616,0.2857142853061225
1287704027.jpg,একটি <unk> দোকানে একটি <unk> দোকানে খাবার রান্না করছে,0.2222222219753086,0.1111111110493827,0.14814814359396444,0.14814814359396444,0.0,0.14814814359396444,0,0,0.42105263157894735,0.04761904759637188
4135.png,অনেকগুলো মানুষ আছে।,0.9999999966666667,0.49999999916666665,0.6666666607407408,0.6666666607407408,0.28571428081632655,0.6666666607407408,0,0,0.5,0.49999999916666665
3085357792_efcf297c71.jpg,রাস্তার ধারে এক মেয়ে হাটছে,0.0,0.0,0.0,0.0,0.0,0.0,0,0,0.33333333333333337,0.0
2661138991_d55aa0e5dc.jpg,একজন লোক এবং একজন লোক ছবি তোলার জন্য পোজ দেয়,0.0999999999,0.16666666638888888,0.12499999515625017,0.12499999515625017,0.0,0.12499999515625017,0,0,0.4054054054054054,0.07692307686390532
3574627719_790325430e.jpg,একজন লোক গান করছে,0.49999999875,0.33333333277777777,0.3999999944,0.3999999944,0.0,0.3999999944,0,0,0.4782608695652174,0.24999999968749997
1810651611_35aae644fb.jpg,একটি ছোট্ট বাচ্চা দোলনায় দুলছে,0.5999999988,0.4285714279591837,0.4999999943055557,0.4999999943055557,0.1999999948000001,0.4999999943055557,0,0,0.5238095238095238,0.3333333329629629
3208571574_6dc1a461c5.jpg,দুজন লোক,0.4999999975,0.14285714265306124,0.22222221827160496,0.22222221827160496,0.0,0.22222221827160496,0,0,0.33333333333333337,0.12499999984374999
IMG_2909.JPG,লোক টি বসে আছে,0.9999999975,0.9999999975,0.9999999925,0.9999999925,0.9999999916666666,0.9999999925,1,1,1.0,0.9999999975
3550276904_19de3561c5.jpg,একজন বৃদ্ধ মহিলা একটি শিশুকে একসাথে বসে আছেন,0.6249999992187499,0.41666666631944443,0.4999999947,0.4999999947,0.33333332820987654,0.4999999947,0,0,0.5777777777777777,0.3333333331111111
177.png,একটা মহিলা বসে আছে,0.0,0.0,0.0,0.0,0.0,0.0,0,0,0.31999999999999995,0.0
6027.png,একজন পুরুষ দাড়িয়ে আছে।,0.7499999981250001,0.7499999981250001,0.7499999931250001,0.7499999931250001,0.33333332722222225,0.7499999931250001,0,0,0.8,0.5999999988
3523471597_87e0bf3b21.jpg,একটি ব্যস্ত রাস্তায় একটি মেয়ে এবং একটি ইটের ভবনের সামনে দাঁড়িয়ে আছে।,0.41666666631944443,0.3571428568877551,0.3846153793491125,0.3846153793491125,0.0833333282986114,0.30769230248520707,0,0,0.34042553191489366,0.21052631567867036
check-62a87bb8527e1_600.webp,একটি শিশু দাড়িয়ে আছে।,0.249999999375,0.1999999996,0.2222222167901236,0.2222222167901236,0.0,0.2222222167901236,0,0,0.31818181818181823,0.12499999984374999
5993.png,চারজন পুরুষ আছে।,0.3333333322222222,0.249999999375,0.28571428000000004,0.28571428000000004,0.0,0.28571428000000004,0,0,0.6,0.16666666638888888
466956209_2ffcea3941.jpg,একজন লোক একটি খাড়া পাহাড়ের নিচে নামছে,0.571428570612245,0.4444444439506172,0.49999999445312515,0.49999999445312515,0.1428571377551022,0.374999994609375,0,0,0.48484848484848486,0.3333333330555555
1244140539.jpg,একটি ছোট বাদামি কুকুর শুয়ে আছে,0.6666666655555555,0.3636363633057851,0.47058823017301044,0.47058823017301044,0.1818181765289258,0.47058823017301044,0,0,0.5833333333333333,0.3333333330555555
3597.png,একজন পুরুষ কাজ করছে।,0.9999999975,0.9999999975,0.9999999925,0.9999999925,0.9999999916666666,0.9999999925,1,1,1.0,0.9999999975
2363540508_9dd1ccf7c7.jpg,একটি শিশু আছে।,0.3333333322222222,0.16666666638888888,0.2222222172839507,0.2222222172839507,0.0,0.2222222172839507,0,0,0.2272727272727273,0.14285714265306124
149.png,বৃষ্টির মাঝে একজন পুরুষ কাজ করছে।,0.0,0.0,0.0,0.0,0.0,0.0,0,0,0.22058823529411764,0.0
428796930_476a3d6395.jpg,একটি কালো কুকুর একটি কালো রঙের বল নিয়ে খেলছে,0.6666666659259258,0.7499999990624999,0.7058823471280277,0.7058823471280277,0.5333333276444445,0.7058823471280277,0,0,0.7419354838709677,0.5555555549382716
8279.png,একজন পুরুষ মাথায় গোল টুপি পরে দাড়িয়ে চেয়ে আছেন।,0.2222222219753086,0.49999999875,0.3076923029585799,0.3076923029585799,0.0,0.3076923029585799,0,0,0.375,0.18181818165289254
6841.png,একজন ছোট ছেলে হাতে একটি বস্তার উপরে তাকিয়ে আছেন।,0.3333333329629629,0.29999999969999996,0.31578946836565097,0.31578946836565097,0.0,0.31578946836565097,0,0,0.47058823529411764,0.1874999998828125
118647903.jpg,ছেলেরা ফুটবল খেলছে,0.3333333322222222,0.12499999984374999,0.18181817752066123,0.18181817752066123,0.0,0.18181817752066123,0,0,0.25806451612903225,0.0999999999
413.png,অনেকগুলো মানুষ ও সবজির মুরগির দোকানে বসে থেকে রান্না করছে।,0.3999999996,0.571428570612245,0.4705882298961938,0.4705882298961938,0.13333332835555572,0.4705882298961938,0,0,0.3846153846153846,0.30769230745562126
6585.png,সূর্যের আলো দেখা যাচ্ছে।,0.249999999375,0.1111111109876543,0.15384614934911253,0.15384614934911253,0.0,0.15384614934911253,0,0,0.2857142857142857,0.08333333326388888
468930779_8008d90e10.jpg,একটি কালো কুকুর পানিতে সাঁতার কাটছে,0.8333333319444445,0.5555555549382716,0.6666666609777778,0.6666666609777778,0.3076923024852071,0.6666666609777778,0,0,0.625,0.49999999949999996
533713007_bf9f3e25b4.jpg,একটি টেবিলে বসে থাকা একজন মহিলা খাবার নিয়ে টেবিলে বসে থাকা একজন মহিলা খাবার নিয়ে টেবিলে বসে থাকা একজন মহিলা খাবার নিয়ে টেবিলে বসে থাকা একজন মহিলা খাবার নিয়ে টেবিলে বসে থাকা একজন মহিলা খাবার নিয়ে টেবিলে বসে থাকা একজন,0.099999999975,0.3333333330555555,0.15384615023668646,0.15384615023668646,0.04166666360243077,0.11538461178994093,0,0,0.25,0.26666666648888887
2354540393_a149722680.jpg,ফুলেল শার্ট পরা একজন স্বর্ণকেশী চুল এবং ফুলেল শার্ট পরা একজন স্বর্ণকেশী চুল এবং ফুলেল শার্ট পরা একজন স্বর্ণকেশী চুল এবং ফুলেল শার্ট পরা একজন স্বর্ণকেশী চুল এবং ফুলেল শার্ট পরা একজন স্বর্ণকেশী চুল এবং ফুলেল শার্ট পরা একজন স্বর্ণকেশী,0.02499999999375,0.09090909082644627,0.03921568287581729,0.03921568287581729,0.0,0.03921568287581729,0,0,0.17964071856287422,0.05882352937716263
2699.png,শাড়ি পরা একটা লোক দেয়ালে আলোর <unk>,0.0,0.0,0.0,0.0,0.0,0.0,0,0,0.21212121212121215,0.0
454.png,একটি কাঁচা ঘরের সামনে একজন নারী পাশাপাশি দাড়িয়ে আছে।,0.1111111109876543,0.1999999996,0.14285713806122466,0.14285713806122466,0.0,0.14285713806122466,0,0,0.38235294117647056,0.07692307686390532
344863961_189328100645338_2244274616637855776_n.jpg,তার পরনে সাদা শার্ট ও সাদা শার্ট ও সাদা শার্ট ও সাদা শার্ট ও সাদা শার্ট ও সাদা শার্ট ও সাদা শার্ট ও সাদা শার্ট ও সাদা শার্ট ও সাদা শার্ট ও সাদা শার্ট ও সাদা শার্ট ও সাদা শার্ট,0.12499999996875,0.49999999949999996,0.19999999672000002,0.19999999672000002,0.16666666355034723,0.19999999672000002,0,0,0.18181818181818177,0.49999999949999996
4346.png,একজন লোক হাতে নিয়ে হেঁটে যাচ্ছে।,0.49999999916666665,0.4285714279591837,0.4615384558579882,0.4615384558579882,0.0,0.4615384558579882,0,0,0.4545454545454546,0.29999999969999996
2148991939_3b9fd6c439.jpg,একটি কালো কুকুর পানি থেকে উঠে,0.49999999916666665,0.49999999916666665,0.4999999941666667,0.4999999941666667,0.39999999420000004,0.4999999941666667,0,0,0.6842105263157895,0.3333333329629629
455.png,একটি লাল রঙের উইগ পরা একজন ছোট মেয়ে হাঁসি মুখে দাঁড়িয়ে আছে।,0.16666666652777776,0.2857142853061225,0.2105263109141275,0.2105263109141275,0.0,0.2105263109141275,0,0,0.31707317073170727,0.11764705875432525
781387473_208ba152b3.jpg,এক মহিলা একটি দোকানের সামনে,0.1999999996,0.09090909082644627,0.12499999554687513,0.12499999554687513,0.0,0.12499999554687513,0,0,0.31818181818181823,0.07142857137755101
3331797838_b3e33dbe17.jpg,এক লোক সাইকেল চালাচ্ছে,0.7499999981250001,0.5999999988,0.6666666602469137,0.6666666602469137,0.28571428000000004,0.6666666602469137,0,0,0.6363636363636364,0.49999999916666665
2811.png,একটি শিশু আছে।,0.9999999966666667,0.49999999916666665,0.6666666607407408,0.6666666607407408,0.28571428081632655,0.6666666607407408,0,0,0.4285714285714286,0.49999999916666665
8159.png,সমুদ্রের পারে একজন মানুষ আছে।,0.5999999988,0.4285714279591837,0.4999999943055557,0.4999999943055557,0.1999999948000001,0.4999999943055557,0,0,0.7037037037037037,0.3333333329629629
278.png,একজন বয়স্ক নারী তাকিয়ে আছে।,0.1999999996,0.16666666638888888,0.1818181765289258,0.1818181765289258,0.0,0.1818181765289258,0,0,0.31999999999999995,0.0999999999
2861100960_457ceda7fa.jpg,টুপি ও টুপি ও মাথায় একটি ফলের টুপি পরে আছে,0.1999999998,0.33333333277777777,0.24999999500000003,0.24999999500000003,0.14285713806122466,0.24999999500000003,0,0,0.4,0.18181818165289254
8659.png,একজন পুরুষ মাথায় বোঝা নিয়ে আছে।,0.16666666638888888,0.249999999375,0.1999999948000001,0.1999999948000001,0.0,0.1999999948000001,0,0,0.30000000000000004,0.1111111109876543
3224560800_8fefd52510.jpg,একটি <unk> একটি ছেলে আগুনের লাঠি হাতে নিয়ে ভেলকি <unk>,0.1999999998,0.33333333277777777,0.24999999500000003,0.24999999500000003,0.13333332835555572,0.24999999500000003,0,0,0.4722222222222222,0.16666666652777776
336460583_6c8ccb7188.jpg,একটি কুকুর ঘাসের উপর দৌড়াচ্ছে,0.7999999984,0.7999999984,0.7999999934,0.7999999934,0.7499999931250001,0.7999999934,0,1,1.0,0.6666666655555555
5447.png,পানিতে একজন লোক লাঠি হাতে নিয়ে পানি নিচ্ছে।,0.37499999953124996,0.29999999969999996,0.3333333280246914,0.3333333280246914,0.0,0.1428571377551022,0,0,0.34285714285714286,0.19999999986666667
inbound413747284593859205.jpg,একটি কালো রঙের একটা মুরগির পিছনে দাড়িয়ে আছে আর বাংলাদেশের পতাকা মুখোশ পরে আছে।,0.07142857137755101,0.16666666638888888,0.09999999570000016,0.09999999570000016,0.0,0.09999999570000016,0,0,0.3207547169811321,0.05263157891966759
IMG_0741.JPG,কয়েকজন পুরুষ দাড়িয়ে আছে এলোমেলো দাড়িয়ে আছে সাদা শার্ট পরে দাড়িয়ে আছে এলোমেলো দাড়িয়ে আছে সাদা শার্ট পরে দাড়িয়ে আছে এলোমেলো দাড়িয়ে আছে সাদা শার্ট পরে দাড়িয়ে আছে এলোমেলো দাড়িয়ে আছে সাদা শার্ট পরে দাড়িয়ে আছে এলোমেলো দাড়িয়ে আছে সাদা,0.02499999999375,0.249999999375,0.04545454378099179,0.04545454378099179,0.0,0.04545454378099179,0,0,0.0680272108843537,0.09090909082644627
2080.png,কয়েকজন পুরুষ বসে আছে।,0.249999999375,0.16666666638888888,0.1999999948000001,0.1999999948000001,0.0,0.1999999948000001,0,0,0.4545454545454546,0.1111111109876543
5160.png,একটি পুরাতন <unk>,0.0,0.0,0.0,0.0,0.0,0.0,0,0,0.21052631578947367,0.0
2700147489_f1664f2b61.jpg,এক লোক তার পা উপরে দাঁড়িয়ে আছে।,0.14285714265306124,0.16666666638888888,0.15384614863905344,0.15384614863905344,0.0,0.15384614863905344,0,0,0.4137931034482759,0.08333333326388888
2670637584_d96efb8afa.jpg,এক ব্যক্তি একটি গাছের নিচে ঘাসের উপর দাঁড়িয়ে আছে,0.1111111109876543,0.12499999984374999,0.11764705370242234,0.11764705370242234,0.0,0.11764705370242234,0,0,0.3589743589743589,0.06666666662222222
7665.png,একজন লোক একটি দড়ি ধরে আছে,0.0,0.0,0.0,0.0,0.0,0.0,0,0,0.42307692307692313,0.0
3726120436_740bda8416.jpg,একজন লোক একটি নীল ট্রাকের উপর বসে আছে।,0.6249999992187499,0.3846153843195266,0.4761904710204082,0.4761904710204082,0.1052631531301941,0.4761904710204082,0,0,0.5208333333333333,0.3333333331111111
3108.png,একজন পুরুষ পাশাপাশি দাড়িয়ে আছে।,0.5999999988,0.7499999981250001,0.6666666602469137,0.6666666602469137,0.28571428000000004,0.6666666602469137,0,0,0.7,0.49999999916666665
5307.png,রাস্তা দিয়ে একটা ছোট ছেলে মাঠের পাশে দাড়িয়ে আছে।,0.3333333329629629,0.4285714279591837,0.374999994609375,0.374999994609375,0.1428571377551022,0.24999999476562512,0,0,0.30000000000000004,0.23076923059171597
1181.png,গোলাপী পোশাকে একটি শিশু হাত মাথার উপর আল্পনা করছেন,0.1111111109876543,0.1111111109876543,0.11111110598765454,0.11111110598765454,0.0,0.11111110598765454,0,0,0.2571428571428571,0.05882352937716263
5839.png,সমুদ্রের পারে কয়েকজন মানুষ ।,0.5999999988,0.3333333329629629,0.42857142336734694,0.42857142336734694,0.16666666194444454,0.42857142336734694,0,0,0.43243243243243246,0.2727272724793388
3640443200_b8066f37f6.jpg,বিয়ের অনুষ্ঠানে লাল পোশাকে মিশে আছে,0.16666666638888888,0.1111111109876543,0.13333332835555572,0.13333332835555572,0.0,0.13333332835555572,0,0,0.3513513513513513,0.07692307686390532
8913.png,একজন পুরুষ মানুষ আছে।,0.49999999875,0.2222222219753086,0.3076923029585799,0.3076923029585799,0.18181817752066123,0.3076923029585799,0,0,0.375,0.1999999998
875.png,একটি ইন্ডিয়ান মহিলা দাড়িয়ে আছে যার পিছনে কিছু মানুষ আছে।,0.3999999996,0.6666666655555555,0.4999999946875,0.4999999946875,0.14285713806122466,0.37499999484375,0,0,0.2702702702702703,0.3333333330555555
4101.png,একজন পুরুষ আছে।,0.9999999966666667,0.4285714279591837,0.5999999946000001,0.5999999946000001,0.0,0.5999999946000001,0,0,0.42307692307692313,0.49999999916666665
3349309109_4024a09a17.jpg,দুইজন বালিকা একটি উটের উপর বসে আছে এবং একজন মহিলা উটে চড়ছে,0.41666666631944443,0.5555555549382716,0.47619047083900223,0.47619047083900223,0.21052631069252087,0.38095237569161,0,0,0.4444444444444444,0.3333333331111111
8967.png,একজন পুরুষ মাথার উপর ছাতা নিয়ে হেঁটে যাচ্ছে।,0.12499999984374999,0.14285714265306124,0.13333332817777796,0.13333332817777796,0.0,0.13333332817777796,0,0,0.3448275862068966,0.07692307686390532
597.png,একজন পুরুষ বসে আছে।,0.49999999875,0.3999999992,0.4444444385185186,0.4444444385185186,0.0,0.4444444385185186,0,0,0.5294117647058824,0.2857142853061225
496555371_3e1ee0d97d.jpg,দুটি কুকুর একটি সৈকতে দৌড়াচ্ছে।,0.5999999988,0.29999999969999996,0.39999999502222217,0.39999999502222217,0.0,0.2666666618666667,0,0,0.47619047619047616,0.2727272724793388
4591.png,একটি নকশা অঙ্কিত একটি দালানের পাশে একটি <unk> <unk> <unk> <unk> <unk> <unk> <unk> <unk> <unk> <unk> <unk> <unk> <unk> <unk> <unk> <unk> <unk> <unk> <unk> <unk> <unk> <unk> <unk> <unk> <unk> <unk> <unk> <unk> <unk> <unk> <unk> <unk> <unk>,0.02499999999375,0.3333333322222222,0.04651162658734455,0.04651162658734455,0.0,0.04651162658734455,0,0,0.11875000000000002,0.12499999984374999
1715.png,একজন পুরুষ আছে।,0.3333333322222222,0.249999999375,0.28571428000000004,0.28571428000000004,0.0,0.28571428000000004,0,0,0.5714285714285714,0.16666666638888888
3030294889_78b2ccbe51.jpg,একটি সুইমিং পুলের মধ্যে একটি উচ্চ লাফ দিলো,0.12499999984374999,0.1999999996,0.15384614887573977,0.15384614887573977,0.0,0.15384614887573977,0,0,0.31034482758620685,0.09090909082644627
1517807181_ca6588f2a0.jpg,একজন বাচ্চা ছেলে হেটে যাচ্ছে একজন ছোট ছেলে হাতে ব্যাট হাতে লাঠি নিয়ে হেটে যাচ্ছে একজন ছোট ছেলে হাতে ব্যাট হাতে লাঠি নিয়ে হেটে যাচ্ছে একজন ছোট ছেলে হাতে ব্যাট হাতে লাঠি নিয়ে হেটে যাচ্ছে একজন ছোট ছেলে হাতে ব্যাট,0.0,0.0,0.0,0.0,0.0,0.0,0,0,0.14492753623188404,0.0
9035.png,আগুন জ্বলছে।,0.4999999975,0.06666666662222222,0.11764705660899655,0.11764705660899655,0.0,0.11764705660899655,0,0,0.25,0.0624999999609375
8119.png,একটি <unk> একটি ভবনের সামনে একজন পুরুষ মাথায় কিছু মানুষ দেখা যাচ্ছে।,0.08333333326388888,0.16666666638888888,0.11111110654321005,0.11111110654321005,0.0,0.11111110654321005,0,0,0.3015873015873016,0.0624999999609375
2715337869_e4fe36db50.jpg,একটি মেয়ে হ্রদে লাফ দিলো,0.7999999984,0.6666666655555555,0.7272727209917357,0.7272727209917357,0.4444444385185186,0.7272727209917357,0,0,0.7222222222222222,0.571428570612245
3231237864_8cb1c6d863.jpg,একজন লোক হাতে একটি গোল করে আছে।,0.2857142853061225,0.1999999998,0.23529411252595167,0.23529411252595167,0.13333332835555572,0.23529411252595167,0,0,0.43243243243243246,0.13333333324444444
3757.png,একদল লোক একটি বৃত্তে বসে থাকা বেশ কয়েকজন লোক বসে বিশ্রাম নিচ্ছে,0.08333333326388888,0.0999999999,0.09090908586776886,0.09090908586776886,0.0,0.09090908586776886,0,0,0.3829787234042553,0.05263157891966759
3513.png,কয়েকটি গাছ আছে।,0.3333333322222222,0.249999999375,0.28571428000000004,0.28571428000000004,0.0,0.28571428000000004,0,0,0.4666666666666667,0.16666666638888888
1408.png,একটি শিশু আছে।,0.3333333322222222,0.1999999996,0.24999999468750006,0.24999999468750006,0.0,0.24999999468750006,0,0,0.42105263157894735,0.14285714265306124
2124040721_bffc0a091a.jpg,টুপি পরা একজন লোক একটি <unk> <unk>,0.2857142853061225,0.2857142853061225,0.28571428030612256,0.28571428030612256,0.0,0.24999999476562512,0,0,0.3125,0.18181818165289254
2255.png,একজন নারী শাড়ি পরে চেয়ে আছে যার চুল লম্বা কালো।,0.0999999999,0.08333333326388888,0.09090908586776886,0.09090908586776886,0.0,0.09090908586776886,0,0,0.34375,0.04761904759637188
2041867793_552819a40b.jpg,একটি স্বর্ণকেশী মহিলা একটি টেবিলে বসে আছেন।,0.571428570612245,0.28571428551020406,0.3809523761451248,0.3809523761451248,0.10526315346260404,0.28571428099773244,0,0,0.3793103448275862,0.19999999986666667
444057017_f1e0fcaef7.jpg,একটি মেয়ে গোলাপী রঙের ফিতা ধরে আছে,0.2857142853061225,0.49999999875,0.36363635834710756,0.36363635834710756,0.0,0.36363635834710756,0,0,0.33333333333333337,0.2222222219753086
5728.png,একটি ব্রীজ ও কয়েজন মানুষ দেখা যাচ্ছে।,0.2857142853061225,0.18181818165289254,0.22222221722222232,0.22222221722222232,0.0,0.22222221722222232,0,0,0.4,0.13333333324444444
444481722_690d0cadcf.jpg,একজন মহিলা একটি কালো প্যান্ট পরে একটি কালো প্যান্ট পরে একটি কালো প্যান্ট পরে একটি কালো প্যান্ট পরে একটি কালো প্যান্ট পরে একটি কালো প্যান্ট পরে একটি কালো প্যান্ট পরে একটি কালো প্যান্ট পরে একটি কালো প্যান্ট পরে একটি কালো,0.02499999999375,0.08333333326388888,0.03846153489645003,0.03846153489645003,0.0,0.03846153489645003,0,0,0.21999999999999997,0.06666666662222222
697.png,একজন পুরুষ ও দুইটি শিশু দাড়িয়ে আছে।,0.14285714265306124,0.12499999984374999,0.13333332817777796,0.13333332817777796,0.0,0.13333332817777796,0,0,0.3928571428571429,0.07142857137755101
inbound362938418199018836.jpg,কয়েকটি পা দেখা যাচ্ছে।,0.0,0.0,0.0,0.0,0.0,0.0,0,0,0.2692307692307693,0.0
299178969_5ca1de8e40.jpg,একটি হাস্যজ্জ্বোল বালক হাসছে,0.49999999875,0.24999999968749997,0.33333332833333335,0.33333332833333335,0.0,0.33333332833333335,0,0,0.4054054054054054,0.1999999998
8190.png,একজন পুরুষ বসে আছে।,0.7499999981250001,0.3333333329629629,0.4615384565680474,0.4615384565680474,0.0,0.3076923029585799,0,0,0.3125,0.29999999969999996
2286.png,অনেকগুলো শিশু একটি মেশিন দিয়ে কাজ করছে।,0.14285714265306124,0.16666666638888888,0.15384614863905344,0.15384614863905344,0.0,0.15384614863905344,0,0,0.34615384615384615,0.08333333326388888
1173.png,একজন নারী আছে।,0.9999999966666667,0.49999999916666665,0.6666666607407408,0.6666666607407408,0.28571428081632655,0.6666666607407408,0,0,0.5263157894736843,0.49999999916666665
5992.png,একজন লোক একটি <unk>,0.49999999875,0.2857142853061225,0.36363635834710756,0.36363635834710756,0.0,0.36363635834710756,0,0,0.41666666666666663,0.2222222219753086
2790.png,একটি ঝুলন্ত একটি ছেলে ও শার্ট এবং সাদা শার্ট কালো শার্ট কালো শার্ট কালো শার্ট কালো শার্ট কালো শার্ট কালো শার্ট কালো শার্ট কালো শার্ট কালো শার্ট কালো শার্ট কালো শার্ট কালো শার্ট কালো শার্ট কালো শার্ট কালো শার্ট কালো,0.02499999999375,0.0999999999,0.039999996784000263,0.039999996784000263,0.0,0.039999996784000263,0,0,0.13669064748201443,0.05882352937716263
8916.png,পানিতে ডুবে আছে ৩ জন মানুষ।,0.49999999916666665,0.21428571413265304,0.2999999955,0.2999999955,0.11111110697530877,0.19999999560000006,0,0,0.38888888888888884,0.1764705881314879
5433.png,একটি গাছ ও সূর্য অস্ত যাচ্ছে ও সূর্য আছে।,0.4444444439506172,0.6666666655555555,0.5333333278222222,0.5333333278222222,0.3076923024852071,0.5333333278222222,0,0,0.48275862068965514,0.4444444439506172
547.png,একজন পুরুষ একজন ছোট ছেলে পানিতে জাল দিয়ে পানিতে নেমে জাল ছুড়ে দিয়ে মাথা থেকে পানিতে জাল দিয়ে পানিতে নেমে জাল ছুড়ে দিয়ে মাথা থেকে পানিতে জাল দিয়ে পানিতে নেমে জাল ছুড়ে দিয়ে মাথা থেকে পানিতে জাল দিয়ে পানিতে নেমে,0.0499999999875,0.1999999998,0.07999999676800014,0.07999999676800014,0.0,0.07999999676800014,0,0,0.19696969696969702,0.10526315783933518
274.png,একজন পুরুষ বসে আছে।,0.7499999981250001,0.24999999979166665,0.37499999578125004,0.37499999578125004,0.14285713928571436,0.37499999578125004,0,0,0.2727272727272727,0.23076923059171597
3388094307_5a83be64a5.jpg,টেনিস খেলোয়াড়টি ব্যাট ঘুরানোর সময় <unk> <unk>,0.14285714265306124,0.14285714265306124,0.14285713765306143,0.14285713765306143,0.0,0.14285713765306143,0,0,0.26315789473684215,0.08333333326388888
4992.png,একটি পর্যটন এলাকায় একজন পুরুষ ও একটি বাসার ছাদে ঢুকে আছে ও একটি পুরাতন একটি বাসার ছাদে নিচে বসে আছে।,0.09999999995,0.2857142853061225,0.14814814419753095,0.14814814419753095,0.0,0.14814814419753095,0,0,0.23287671232876717,0.10526315783933518
3857.png,একটি দম্পতি একটি দোকানের সামনে দাঁড়িয়ে আছে,0.14285714265306124,0.09090909082644627,0.11111110623456812,0.11111110623456812,0.0,0.11111110623456812,0,0,0.32692307692307687,0.0624999999609375
1697.png,কিছু মানুষ একটি শিশুকে ছবি আঁকছে।,0.0,0.0,0.0,0.0,0.0,0.0,0,0,0.3111111111111111,0.0
630476551_2ee7399f77.jpg,একটি ছোট ছেলে পানিতে ভিজে গেলো,0.33333333277777777,0.1999999998,0.24999999500000003,0.24999999500000003,0.14285713806122466,0.24999999500000003,0,0,0.43999999999999995,0.14285714275510203
141755290_4b954529f3.jpg,এক ব্যক্তি একটি লাল এবং লাল এবং লাল এবং লাল এবং লাল এবং লাল এবং লাল এবং লাল এবং লাল এবং লাল এবং লাল এবং লাল এবং লাল এবং লাল এবং লাল এবং লাল এবং লাল এবং লাল এবং লাল,0.0499999999875,0.13333333324444444,0.0727272687338845,0.0727272687338845,0.037735845154859775,0.0727272687338845,0,0,0.180327868852459,0.1111111110493827
2922807898_b5a06d5c70.jpg,একটি সাদা কুকুর একটি সাদা কুকুর দৌড়াচ্ছে,0.571428570612245,0.3333333330555555,0.42105262648199443,0.42105262648199443,0.2352941128027682,0.42105262648199443,0,0,0.46153846153846156,0.24999999979166665
8805.png,একজন পুরুষ দাঁড়িয়ে আছে।,0.249999999375,0.14285714265306124,0.1818181768595043,0.1818181768595043,0.0,0.1818181768595043,0,0,0.3076923076923077,0.0999999999
343487759_287037936983498_8779235962694618402_n.jpg,একটি লোক লম্বা চুল শূন্যে তুলে ধরে রাখার জায়গায় বসে আছে,0.09090909082644627,0.14285714265306124,0.11111110623456812,0.11111110623456812,0.0,0.11111110623456812,0,0,0.3414634146341463,0.05882352937716263
4598.png,একজন পুরুষ হাতে পায়ে দাঁড়িয়ে আছে।,0.49999999916666665,0.7499999981250001,0.5999999940000001,0.5999999940000001,0.24999999468750006,0.5999999940000001,0,0,0.7142857142857143,0.4285714279591837
7519.png,একজন পুরুষ আছে।,0.9999999966666667,0.4285714279591837,0.5999999946000001,0.5999999946000001,0.24999999562500003,0.5999999946000001,0,0,0.43999999999999995,0.4285714279591837
5048.png,একটি নৌকা আছে।,0.3333333322222222,0.3333333322222222,0.33333332722222225,0.33333332722222225,0.0,0.33333332722222225,0,0,0.36363636363636365,0.1999999996
3706.png,একজন বৃদ্ধ পুরুষ মাথায় টুপি শার্ট পরা পুরুষ।,0.49999999937499995,0.4444444439506172,0.4705882297577854,0.4705882297577854,0.13333332817777796,0.4705882297577854,0,0,0.4545454545454546,0.30769230745562126
7297.png,একটি নৌকা ও কয়েকজন মানুষ আছে।,0.33333333277777777,0.6666666644444444,0.44444443901234576,0.44444443901234576,0.28571428081632655,0.44444443901234576,0,0,0.4285714285714286,0.2857142853061225
2068960566_21e85ae0dc.jpg,একটি বাচ্চা মেয়ে লাফাচ্ছে,0.0,0.0,0.0,0.0,0.0,0.0,0,0,0.30434782608695654,0.0
4547.png,একটা ছোট একটা বাচ্চা একটা বাসের উপর বসে বই পড়ছে,0.0,0.0,0.0,0.0,0.0,0.0,0,0,0.2777777777777778,0.0
1204996216_71d7519d9a.jpg,এক ছেলে পিকনিক টেবিলের বেঞ্চে শুয়ে আছে।,0.7142857132653061,0.6249999992187499,0.6666666608,0.6666666608,0.4615384558579882,0.6666666608,0,0,0.8214285714285714,0.49999999949999996
116457850.jpg,শিশুরা খেলা করছে,0.3333333322222222,0.08333333326388888,0.1333333299555556,0.1333333299555556,0.0,0.1333333299555556,0,0,0.16666666666666663,0.07142857137755101
1777.png,জলাশয়ে কয়েকটি নৌকা আছে।,0.249999999375,0.0999999999,0.14285713857142868,0.14285713857142868,0.0,0.14285713857142868,0,0,0.19512195121951215,0.07692307686390532
2464259416_238ef13a2e.jpg,একটি কালো কুকুর এবং একটি কালো কুকুর ও একটি কালো কুকুর ও একটি কালো কুকুর ও একটি কালো কুকুর ও একটি কালো কুকুর ও একটি কালো কুকুর ও একটি কালো কুকুর ও একটি কালো কুকুর ও একটি কালো কুকুর ও,0.0499999999875,0.2857142853061225,0.08510638040742426,0.08510638040742426,0.0,0.08510638040742426,0,0,0.15384615384615385,0.1999999998
481887827_f8975dabf1.jpg,একটি বহিরঙ্গন বাজারে কিছু এলোমেলো বসে আছে,0.4285714279591837,0.37499999953124996,0.3999999944888889,0.3999999944888889,0.1818181765289258,0.3999999944888889,0,0,0.36363636363636365,0.24999999979166665
468911753_cc595f5da0.jpg,একটি কুকুর ঘাসের উপর দৌড়াচ্ছে,0.5999999988,0.4285714279591837,0.4999999943055557,0.4999999943055557,0.2222222167901236,0.4999999943055557,0,0,0.6190476190476191,0.3333333329629629
314603661_51e05e0e24.jpg,একটি কুকুর একটি <unk>,0.9999999975,0.4444444439506172,0.6153846101775148,0.6153846101775148,0.18181817752066123,0.6153846101775148,0,0,0.39473684210526316,0.37499999953124996
2025.png,একজন পুরুষ হাতে ছোট ছেলে।,0.1999999996,0.045454545433884296,0.07407407100137185,0.07407407100137185,0.0,0.07407407100137185,0,0,0.16666666666666663,0.03846153844674556
4481.png,কয়েকজন পুরুষ বসে আছে।,0.7499999981250001,0.49999999916666665,0.5999999940000001,0.5999999940000001,0.24999999468750006,0.5999999940000001,0,0,0.5238095238095238,0.4285714279591837
3191805046_77c334b506.jpg,একজন লোক একটি ঢালু কাঠামো বেয়ে নিচে নামছে,0.24999999968749997,0.3999999992,0.3076923024852071,0.3076923024852071,0.1818181768595043,0.3076923024852071,0,0,0.4285714285714286,0.18181818165289254
4205.png,একটি শিশু আছে।,0.9999999966666667,0.49999999916666665,0.6666666607407408,0.6666666607407408,0.28571428081632655,0.6666666607407408,0,0,0.5454545454545454,0.49999999916666665
3368819708_0bfa0808f8.jpg,একজন নারী শুয়ে আছে।,0.249999999375,0.249999999375,0.2499999943750001,0.2499999943750001,0.0,0.2499999943750001,0,0,0.5555555555555556,0.14285714265306124
3637013_c675de7705.jpg,একটি খাল দিয়ে হেটে যাচ্ছে কিছু মানুষ।,0.14285714265306124,0.12499999984374999,0.13333332817777796,0.13333332817777796,0.0,0.13333332817777796,0,0,0.3448275862068966,0.07142857137755101
2102315758_a9148a842f.jpg,সৈকতে দুই বাচ্চা বালিতে খেলছে,0.3999999992,0.2222222219753086,0.2857142807142858,0.2857142807142858,0.0,0.2222222167901236,0,0,0.38888888888888884,0.16666666652777776
2793.png,তিনজন মানুষ আছে।,0.3333333322222222,0.249999999375,0.28571428000000004,0.28571428000000004,0.0,0.28571428000000004,0,0,0.5,0.16666666638888888
6078.png,একজন বাচ্চা মেয়ে বাচ্চাকে কুলে নিয়ে বসে আছে।,0.12499999984374999,0.0999999999,0.11111110604938293,0.11111110604938293,0.0,0.11111110604938293,0,0,0.40625,0.05882352937716263
8383.png,একজন মানুষ হেঁটে যাচ্ছে।,0.9999999975,0.9999999975,0.9999999925,0.9999999925,0.9999999916666666,0.9999999925,1,1,1.0,0.9999999975
6335.png,একটি ভাসমান বাজার দিয়ে একজন মহিলা বসে আছে।,0.37499999953124996,0.3333333329629629,0.3529411710726644,0.3529411710726644,0.0,0.23529411238754333,0,0,0.3529411764705882,0.23076923059171597
1904.png,একজন নারী ও একটি শিশু দাড়িয়ে আছে যার চুল কালো রঙ এর,0.3333333330555555,0.571428570612245,0.42105262648199443,0.42105262648199443,0.2352941128027682,0.42105262648199443,0,0,0.4736842105263158,0.26666666648888887
95734036_bef6d1a871.jpg,ব্যাকপ্যাক পিঠে একটি মানুষ,0.249999999375,0.1999999996,0.2222222167901236,0.2222222167901236,0.0,0.2222222167901236,0,0,0.2592592592592593,0.12499999984374999
4781.png,কয়েকজন মানুষ আছে।,0.6666666644444444,0.2222222219753086,0.3333333290277778,0.3333333290277778,0.0,0.3333333290277778,0,0,0.3548387096774194,0.1999999998
3136043366_b3f8607a0e.jpg,দুজন মিলে একজন খেলোয়াড় রা ফুটবল নিয়ে দৌড়াচ্ছে,0.12499999984374999,0.1999999996,0.15384614887573977,0.15384614887573977,0.0,0.15384614887573977,0,0,0.3548387096774194,0.08333333326388888
7532.png,একজন পুরুষ ও একটি শিশু আছে।,0.6666666655555555,0.4444444439506172,0.5333333278222222,0.5333333278222222,0.15384614887573977,0.5333333278222222,0,0,0.5588235294117647,0.4444444439506172
2380765956_6313d8cae3.jpg,একজন পুরুষ দাড়িয়ে আছে।,0.0,0.0,0.0,0.0,0.0,0.0,0,0,0.23684210526315785,0.0
893.png,একটা লোক একটা নেট <unk>,0.0,0.0,0.0,0.0,0.0,0.0,0,0,0.23529411764705888,0.0
4928.png,একটি নৌকায় কয়েকজন মানুষ আছে।,0.1999999996,0.249999999375,0.2222222167901236,0.2222222167901236,0.0,0.2222222167901236,0,0,0.2564102564102564,0.12499999984374999
2657484284_daa07a3a1b.jpg,তিনটি লোক একটি খাল দিয়ে একটি বন্য এলাকা যেখানে লাল এবং তাদের মধ্যে একটি বন্য এলাকা যেখানে লাল এবং তাদের মধ্যে একটি বন্য এলাকা যেখানে লাল এবং তাদের মধ্যে একটি বন্য এলাকা যেখানে লাল এবং তাদের মধ্যে একটি বন্য এলাকা,0.07499999998125,0.19999999986666667,0.10909090508429765,0.10909090508429765,0.0,0.10909090508429765,0,0,0.22972972972972971,0.12499999994791666
3591458156_f1a9a33918.jpg,একটি ঘোড়ায় চড়ে দুজন মহিলা একটি ভলিবল খেলছে,0.24999999968749997,0.1999999998,0.22222221703703712,0.22222221703703712,0.0,0.22222221703703712,0,0,0.38235294117647056,0.06666666662222222
3323076458_3ce72a1dae.jpg,একটি কুকুর একটি ছোট সাদা কুকুরটি দৌড়াচ্ছে,0.4285714279591837,0.49999999916666665,0.4615384558579882,0.4615384558579882,0.1818181765289258,0.4615384558579882,0,0,0.4814814814814815,0.3333333329629629
3570800810_978c993133.jpg,একজন মহিলা শারি হাতে নিয়ে হেঁটে যাচ্ছে।,0.14285714265306124,0.12499999984374999,0.13333332817777796,0.13333332817777796,0.0,0.13333332817777796,0,0,0.2962962962962963,0.07692307686390532
132489044_3be606baf7.jpg,একজন লোক তার বাহু খোলার অপেক্ষায় আছে,0.14285714265306124,0.16666666638888888,0.15384614863905344,0.15384614863905344,0.0,0.15384614863905344,0,0,0.42307692307692313,0.08333333326388888
2521213787_ca9b5a1758.jpg,একটি কার পেছনের দুই পায়ে দাঁড়িয়ে আছে,0.14285714265306124,0.14285714265306124,0.14285713765306143,0.14285713765306143,0.0,0.14285713765306143,0,0,0.3928571428571429,0.07692307686390532
1191.png,একজন মেয়ে শিশু আছে।,0.7499999981250001,0.2727272724793388,0.3999999955555556,0.3999999955555556,0.15384615005917168,0.3999999955555556,0,0,0.4,0.24999999979166665
2921578694_a46ae0d313.jpg,ঢেউয়ের বুকে এক ব্যক্তি পানির উপর একটি পালতোলা <unk>,0.4444444439506172,0.3999999996,0.4210526261495845,0.4210526261495845,0.13333332817777796,0.4210526261495845,0,0,0.34883720930232553,0.26666666648888887
7692.png,দূরে একজন মানুষ দেখা যাচ্ছে।,0.5999999988,0.29999999969999996,0.39999999502222217,0.39999999502222217,0.15384614934911253,0.39999999502222217,0,0,0.2702702702702703,0.29999999969999996
7676.png,একটি কুকুর একটি <unk>,0.49999999875,0.6666666644444444,0.5714285648979592,0.5714285648979592,0.39999999360000005,0.5714285648979592,0,0,0.5333333333333333,0.49999999875
DSC_1088.JPG,লোক টি দাঁড়িয়ে আছে,0.249999999375,0.249999999375,0.2499999943750001,0.2499999943750001,0.0,0.2499999943750001,0,0,0.6923076923076923,0.14285714265306124
1818403842_553a2a392c.jpg,একটি কালো কুকুর পুকুরে জল ছিটিয়ে দিলো,0.571428570612245,0.49999999937499995,0.5333333276444445,0.5333333276444445,0.36363635801652905,0.4615384558579882,0,0,0.7083333333333333,0.3636363633057851
3890.png,একজন পুরুষ বসে আছে।,0.9999999975,0.4444444439506172,0.6153846101775148,0.6153846101775148,0.5454545404958677,0.6153846101775148,0,0,0.4117647058823529,0.4444444439506172
3251234434_d01e25a50a.jpg,বরফের মধ্যে এক লোক একটি বরফের উপর দাড়িয়ে আছে,0.3333333329629629,0.19999999986666667,0.2499999951041667,0.2499999951041667,0.0,0.1666666618402779,0,0,0.3508771929824561,0.149999999925
1087168168_70280d024a.jpg,একটি ছোটো ছেলে <unk>,0.7499999981250001,0.37499999953124996,0.49999999472222234,0.49999999472222234,0.0,0.49999999472222234,0,0,0.3548387096774194,0.37499999953124996
IMG_0122.JPG,লোক টি খাবার আছে,0.7499999981250001,0.7499999981250001,0.7499999931250001,0.7499999931250001,0.33333332722222225,0.7499999931250001,0,0,0.7272727272727273,0.5999999988
8638.png,একজন পুরুষ হাতে কিছু মানুষ হেঁটে যাচ্ছে।,0.0,0.0,0.0,0.0,0.0,0.0,0,0,0.24,0.0
7982.png,একজন লোক একটি মোটর বাইক চালাচ্ছে।,0.0,0.0,0.0,0.0,0.0,0.0,0,0,0.25,0.0
2543247940_083f1b7969.jpg,একটি সাদা কুকুর ঘাসের উপর দৌড়াচ্ছে,0.8333333319444445,0.45454545413223135,0.5882352888581315,0.5882352888581315,0.39999999502222217,0.5882352888581315,0,0,0.4871794871794872,0.41666666631944443
1897025969_0c41688fa6.jpg,একটি কালো কুকুর একটি বল দিয়ে খেলছে,0.7142857132653061,0.6249999992187499,0.6666666608,0.6666666608,0.3076923022485208,0.5333333276444445,0,0,0.5357142857142857,0.4444444439506172
6521.png,একজন পুরুষ হেঁটে যাচ্ছে।,0.249999999375,0.3333333322222222,0.28571428000000004,0.28571428000000004,0.0,0.28571428000000004,0,0,0.5333333333333333,0.16666666638888888
269898095_d00ac7d7a4.jpg,রাস্তার পাশে একটি কালো রঙের একটি কালো কুকুর একটি পার্কে একটি রাস্তায় ছুটছে,0.15384615372781063,0.2857142853061225,0.1999999952500001,0.1999999952500001,0.11111110654321005,0.1999999952500001,0,0,0.36,0.14285714275510203
181103691_fb2f956abd.jpg,একটি বিশাল জনতা দেখছে,0.49999999875,0.18181818165289254,0.26666666240000003,0.26666666240000003,0.15384615005917168,0.26666666240000003,0,0,0.40909090909090906,0.15384615372781063
2704362232_7d84503433.jpg,একটি ছেলে পানি ছিটাচ্ছে,0.7499999981250001,0.3333333329629629,0.4615384565680474,0.4615384565680474,0.18181817752066123,0.4615384565680474,0,0,0.3939393939393939,0.3333333329629629
767.png,ঘাসের উপর একজন বৃদ্ধ মহিলা একটি শিশু বসে আছে।,0.1111111109876543,0.12499999984374999,0.11764705370242234,0.11764705370242234,0.0,0.11764705370242234,0,0,0.36363636363636365,0.06666666662222222
2884301336_dc8e974431.jpg,একটি সাদা সার্ফবোর্ডে একটি কুকুর পানি দিয়ে লাফ দিচ্ছে,0.3333333329629629,0.37499999953124996,0.3529411710726644,0.3529411710726644,0.1428571377551022,0.24999999476562512,0,0,0.5,0.15384615372781063
3198.png,সূর্যাস্তের সময় নদীতে একটা নৌকায় মানুষ আছে।,0.4285714279591837,0.5999999988,0.4999999943055557,0.4999999943055557,0.1999999948000001,0.4999999943055557,0,0,0.4137931034482759,0.3333333329629629
20220909_134416.jpg,একটি দোকানে বসে দুই মহিলা বসে আছে আর কিছু মানুষ আছে।,0.3636363633057851,0.4444444439506172,0.39999999464999997,0.39999999464999997,0.11111110604938293,0.39999999464999997,0,0,0.4444444444444444,0.28571428551020406
382701159_f98c1988cd.jpg,সমুদ্রের ঢেউয়ে এক লোক,0.49999999875,0.2857142853061225,0.36363635834710756,0.36363635834710756,0.2222222172839507,0.36363635834710756,0,0,0.2666666666666667,0.2222222219753086
225909073_25c3c33a29.jpg,একটি কুকুর পাথুরে সৈকতে পানির মধ্যে দৌড়াচ্ছে,0.4285714279591837,0.3333333329629629,0.374999994609375,0.374999994609375,0.16666666138888903,0.374999994609375,0,0,0.53125,0.24999999979166665
3660826540_481d25fbb0.jpg,একটি শিশু একটি গাছের উপর দাঁড়িয়ে আছে।,0.14285714265306124,0.1999999996,0.16666666152777793,0.16666666152777793,0.0,0.16666666152777793,0,0,0.4,0.0999999999
2347.png,রাতের বেলা লোকজন একটি <unk>,0.0,0.0,0.0,0.0,0.0,0.0,0,0,0.2068965517241379,0.0
3825.png,সরিষা ক্ষেতের মাঝ দিয়ে একটি টাওয়ার আছে।,0.4285714279591837,0.3333333329629629,0.374999994609375,0.374999994609375,0.1428571377551022,0.374999994609375,0,0,0.5,0.23076923059171597
1211196579.jpg,একটি পাথুরে পর্বত <unk> খোলা মাঠে বসে আছে,0.37499999953124996,0.29999999969999996,0.3333333280246914,0.3333333280246914,0.14285713765306143,0.3333333280246914,0,0,0.5,0.19999999986666667
1397923690_d3bf1f799e.jpg,একজন লোক একটি বরফের পাহাড়ে দাঁড়িয়ে আছে।,0.2857142853061225,0.24999999968749997,0.2666666613333334,0.2666666613333334,0.0,0.2666666613333334,0,0,0.4814814814814815,0.15384615372781063
386470686_1ae9242878.jpg,একটি ছেলে একটি গাছের ডালের মধ্যে দিয়ে গাছ কাটছে।,0.3333333329629629,0.4285714279591837,0.374999994609375,0.374999994609375,0.2999999949,0.374999994609375,0,0,0.5555555555555556,0.2352941175086505
3721.png,একজন পুরুষ চাতালে কাজ করছে।,0.3999999992,0.49999999875,0.4444444385185186,0.4444444385185186,0.28571428000000004,0.4444444385185186,0,0,0.5789473684210527,0.2857142853061225
349.png,একজন ছেলে খালি শরীরে আছে।,0.3999999992,0.1999999998,0.2666666618666667,0.2666666618666667,0.0,0.2666666618666667,0,0,0.2777777777777778,0.16666666652777776
IMG_2771.JPG,একটা লোক টি বসে আছে,0.7999999984,0.7999999984,0.7999999934,0.7999999934,0.6666666602469137,0.7999999934,0,0,0.6875,0.6666666655555555
6601.png,একজন পুরুষ মানুষ আছে।,0.7499999981250001,0.29999999969999996,0.42857142387755104,0.42857142387755104,0.16666666263888896,0.42857142387755104,0,0,0.40909090909090906,0.29999999969999996
831.png,একটা ছোট ছেলে বসে আছে।,0.3999999992,0.124999999921875,0.1904761866666667,0.1904761866666667,0.10526315445983389,0.1904761866666667,0,0,0.2549019607843137,0.15384615372781063
2686.png,একটি সেতু আছে।,0.0,0.0,0.0,0.0,0.0,0.0,0,0,0.17647058823529416,0.0
3076052114_233f42ae5b.jpg,একটি কালো কুকুর একটি বল ধরার চেষ্টা করছে,0.24999999968749997,0.2222222219753086,0.23529411238754333,0.23529411238754333,0.0,0.23529411238754333,0,0,0.3448275862068966,0.14285714275510203
6533.png,দুইজন পুরুষ একটি বাচ্চা নিয়ে যাচ্ছে আর পাশে একটি শিশু আছে।,0.2727272724793388,0.16666666657407406,0.20689654687277062,0.20689654687277062,0.0,0.13793102967895376,0,0,0.3088235294117647,0.079999999968
3358558292_6ab14193ed.jpg,তিনজন মহিলা ছবি তুলছেন,0.249999999375,0.08333333326388888,0.1249999960937501,0.1249999960937501,0.0,0.1249999960937501,0,0,0.19999999999999996,0.07142857137755101
3386.png,একজন পুরুষ বসে আছে।,0.9999999975,0.4444444439506172,0.6153846101775148,0.6153846101775148,0.5454545404958677,0.6153846101775148,0,0,0.4117647058823529,0.4444444439506172
3323419265_7fefaa9d5d.jpg,একটি ছেলে কেকের উপর বসে আছে,0.33333333277777777,0.3999999992,0.36363635801652905,0.36363635801652905,0.2222222167901236,0.36363635801652905,0,0,0.44999999999999996,0.2222222219753086
1969.png,একজন পুরুষ হাতে মোবাইল নিয়ে দাঁড়িয়ে আছে।,0.0,0.0,0.0,0.0,0.0,0.0,0,0,0.3076923076923077,0.0
3618525295_d32d634b2e.jpg,একটি টেবিলে কয়েকজন লোক বসে আছে,0.6666666655555555,0.3636363633057851,0.47058823017301044,0.47058823017301044,0.13333332871111125,0.47058823017301044,0,0,0.41666666666666663,0.30769230745562126
3164328039_2c56acf594.jpg,একটি সাদা কালো এবং সাদা কালো এবং সাদা কালো এবং সাদা কালো এবং সাদা কালো এবং সাদা কালো এবং সাদা কালো এবং সাদা কালো এবং সাদা কালো এবং সাদা কালো এবং সাদা কালো এবং সাদা কালো এবং সাদা কালো এবং,0.0499999999875,0.2222222219753086,0.08163265002915464,0.08163265002915464,0.0,0.04255318893617037,0,0,0.16666666666666663,0.18181818165289254
623A0159.JPG,মহিলা টি বড় গাছ আছে,0.3999999992,0.33333333277777777,0.36363635801652905,0.36363635801652905,0.0,0.36363635801652905,0,0,0.4285714285714286,0.2222222219753086
7139.png,একজন মহিলা মানুষ বসে কাজ করছে।,0.16666666638888888,0.3333333322222222,0.2222222172839507,0.2222222172839507,0.0,0.2222222172839507,0,0,0.4411764705882353,0.12499999984374999
2783620390_02c166c733.jpg,একজন মোটরসাইকেল আরোহী বাইকের উপরে <unk>,0.8333333319444445,0.3124999998046875,0.45454545016528936,0.45454545016528936,0.29999999595000004,0.45454545016528936,0,0,0.5135135135135135,0.3124999998046875
2745.png,অনেকগুলো মিষ্টি আছে।,0.3333333322222222,0.1111111109876543,0.16666666263888896,0.16666666263888896,0.0,0.16666666263888896,0,0,0.19444444444444442,0.09090909082644627
3860.png,কয়েকজন মানুষ আছে।,0.3333333322222222,0.09090909082644627,0.14285713928571436,0.14285713928571436,0.0,0.14285713928571436,0,0,0.25,0.08333333326388888
3070130228_67dcfee9ae.jpg,ফুটবল খেলোয়াড়রা <unk>,0.3333333322222222,0.3333333322222222,0.33333332722222225,0.33333332722222225,0.0,0.33333332722222225,0,0,0.4285714285714286,0.1999999996
2209888959_d636b1be0b.jpg,একটি মেয়ে একটি লাল রঙের পোশাক পরেন।,0.2857142853061225,0.33333333277777777,0.3076923022485208,0.3076923022485208,0.0,0.3076923022485208,0,0,0.48,0.1111111110493827
8034.png,কয়েকজন মানুষ কাজ করছে।,0.0,0.0,0.0,0.0,0.0,0.0,0,0,0.30000000000000004,0.0
693785581_68bec8312a.jpg,একটি ছেলে একটি বলকে লাথি দিচ্ছে,0.49999999916666665,0.2727272724793388,0.3529411714878893,0.3529411714878893,0.15384614887573977,0.3529411714878893,0,0,0.4375,0.16666666652777776
2259203920_6b93b721ce.jpg,একটি সাদা কুকুর একটি পথ দিয়ে দৌড়ায়,0.4285714279591837,0.3333333329629629,0.374999994609375,0.374999994609375,0.1428571377551022,0.374999994609375,0,0,0.5,0.16666666652777776
2892989340_bb7e0e5548.jpg,একজন লোক সার্ফিং করছে,0.7499999981250001,0.49999999916666665,0.5999999940000001,0.5999999940000001,0.24999999468750006,0.5999999940000001,0,0,0.5,0.4285714279591837
241346317_be3f07bd2e.jpg,অনেকগুলো মানুষের কোলাহল দেখা যাচ্ছে।,0.0,0.0,0.0,0.0,0.0,0.0,0,0,0.2962962962962963,0.0
8340.png,একটি লোক এবং একজন লোক,0.0,0.0,0.0,0.0,0.0,0.0,0,0,0.2692307692307693,0.0
3590739067_58baffb3a7.jpg,একটি লম্বা চুল <unk>,0.49999999875,0.2222222219753086,0.3076923029585799,0.3076923029585799,0.0,0.3076923029585799,0,0,0.22857142857142854,0.1999999998
169.png,একজন বৃদ্ধ লোক শুয়ে আছে আর একজন পুরুষ বসে আছে।,0.0999999999,0.14285714265306124,0.11764705384083066,0.11764705384083066,0.0,0.11764705384083066,0,0,0.3142857142857143,0.06666666662222222
241346402_5c070a0c6d.jpg,এক লোক একটি সোডা বিক্রি করছে,0.33333333277777777,0.15384615372781063,0.21052631124653745,0.21052631124653745,0.0,0.13333332835555572,0,0,0.3783783783783784,0.11764705875432525
1289142574_2bd6a082dd.jpg,একটি ছেলে একটি খেলার মাঠে লাফ দিচ্ছে,0.4285714279591837,0.37499999953124996,0.3999999944888889,0.3999999944888889,0.15384614863905344,0.3999999944888889,0,0,0.5,0.2727272724793388
8743.png,একজন পুরুষ বসে আছে।,0.249999999375,0.3333333322222222,0.28571428000000004,0.28571428000000004,0.0,0.28571428000000004,0,0,0.5,0.16666666638888888
1508269285_6c5723f67d.jpg,একটি কুকুর একটি বিশাল বাদামি কুকুর,0.33333333277777777,0.2222222219753086,0.2666666615111111,0.2666666615111111,0.0,0.2666666615111111,0,0,0.34782608695652173,0.18181818165289254
951.png,একজন বয়স্ক নারী আছে।,0.49999999875,0.49999999875,0.4999999937500001,0.4999999937500001,0.11764705577854677,0.4999999937500001,0,0,0.4,0.33333333277777777
6101.png,একটি সাদা পোশাক পরিহিত একজন বালক একটি দেয়ালে উঠছে,0.2222222219753086,0.16666666652777776,0.1904761853968255,0.1904761853968255,0.0,0.1904761853968255,0,0,0.28888888888888886,0.1111111110493827
2692.png,একটি <unk> <unk> <unk> <unk> <unk> <unk> <unk> <unk> <unk> <unk> <unk> <unk> <unk> <unk> <unk> <unk> <unk> <unk> <unk> <unk> <unk> <unk> <unk> <unk> <unk> <unk> <unk> <unk> <unk> <unk> <unk> <unk> <unk> <unk> <unk> <unk> <unk> <unk> <unk>,0.02499999999375,0.12499999984374999,0.04166666387152797,0.04166666387152797,0.0,0.04166666387152797,0,0,0.06289308176100628,0.1111111109876543
1794.png,একটি শিশু আছে।,0.9999999966666667,0.37499999953124996,0.5454545404958677,0.5454545404958677,0.22222221827160496,0.5454545404958677,0,0,0.31034482758620685,0.4285714279591837
3625.png,কিছু স্কুলের মাঝে বাচ্চাগুলো তাকিয়ে আছে।,0.16666666638888888,0.3333333322222222,0.2222222172839507,0.2222222172839507,0.0,0.2222222172839507,0,0,0.22916666666666663,0.12499999984374999
3317073508_7e13565c1b.jpg,লাল রঙের জার্সি পড়া এক ফুটবল খেলোয়াড় বল লাথি মারার প্রস্তুতি নিচ্ছে,0.3333333330555555,0.3333333330555555,0.3333333280555556,0.3333333280555556,0.09090908582644655,0.24999999479166674,0,0,0.3513513513513513,0.1999999999
8369.png,একটি পুরাতন একটি গাছ আছে।,0.0,0.0,0.0,0.0,0.0,0.0,0,0,0.2777777777777778,0.0
6982.png,একজন লোক সাইকেল নিয়ে যাচ্ছে।,0.3999999992,0.24999999968749997,0.3076923024852071,0.3076923024852071,0.0,0.3076923024852071,0,0,0.5789473684210527,0.18181818165289254
6777.png,একজন পুরুষ ও একজন পুরুষ বসে আছে।,0.4285714279591837,0.9999999966666667,0.5999999946000001,0.5999999946000001,0.24999999562500003,0.5999999946000001,0,0,0.5172413793103448,0.5999999988
6857.png,একজন লোক গাছে উঠতে গিয়ে <unk> ঝুলছে,0.0,0.0,0.0,0.0,0.0,0.0,0,0,0.3125,0.0
314904143_5a216a192b.jpg,একজন লোক একটি পাথরের উপরে উঠছে,0.33333333277777777,0.3999999992,0.36363635801652905,0.36363635801652905,0.15384614887573977,0.36363635801652905,0,0,0.5833333333333333,0.2222222219753086
7538.png,৩ জন ছোট ছেলে মানুষ।,0.0,0.0,0.0,0.0,0.0,0.0,0,0,0.20588235294117652,0.0
2833582518_074bef3ed6.jpg,একটি গ্রেহাউন্ড কুকুর দৌড়াচ্ছে,0.9999999975,0.571428570612245,0.7272727213223142,0.7272727213223142,0.44444443901234576,0.7272727213223142,0,0,0.6333333333333333,0.571428570612245
4355.png,একটি নৌকা বাধা আছে কিছু শাপলা নিয়ে আছে।,0.49999999937499995,0.30769230745562126,0.3809523758730159,0.3809523758730159,0.0,0.37499999453125,0,0,0.43999999999999995,0.24999999984375
2423894412_d952d5d103.jpg,একজন নারী বসে আছে।,0.249999999375,0.14285714265306124,0.1818181768595043,0.1818181768595043,0.0,0.1818181768595043,0,0,0.34615384615384615,0.0999999999
2921670682_6a77a6c3e9.jpg,একজন লোক সাইকেল দিয়ে সাইকেল নিয়ে নামছে,0.2857142853061225,0.2857142853061225,0.28571428030612256,0.28571428030612256,0.15384614863905344,0.28571428030612256,0,0,0.4193548387096774,0.18181818165289254
8020.png,সমুদ্রের পারে কয়েকজন মানুষ আছে।,0.3999999992,0.49999999875,0.4444444385185186,0.4444444385185186,0.0,0.4444444385185186,0,0,0.2777777777777778,0.2857142853061225
3211437611_bd4af3730b.jpg,একটি সাদা এবং সাদা বিবাহের পার্টি <unk> <unk> <unk>,0.2222222219753086,0.6666666644444444,0.3333333290277778,0.3333333290277778,0.0,0.3333333290277778,0,0,0.36363636363636365,0.2857142853061225
3592992234_6d3fe58a70.jpg,একটি শিশু পতাকা নিয়ে যাচ্ছে।,0.3999999992,0.2222222219753086,0.2857142807142858,0.2857142807142858,0.0,0.2857142807142858,0,0,0.43333333333333335,0.16666666652777776
526.png,একজন মহিলা একটি কালো কোট পরে সিগারেট পান করছে,0.3333333329629629,0.4285714279591837,0.374999994609375,0.374999994609375,0.2857142804081633,0.374999994609375,0,0,0.5151515151515151,0.23076923059171597
8664.png,একটি পুকুর ও কয়েকটি গাছ আছে।,0.16666666638888888,0.249999999375,0.1999999948000001,0.1999999948000001,0.0,0.1999999948000001,0,0,0.30000000000000004,0.1111111109876543
3463268965_f22884fc69.jpg,একজন লোক তার পিছনে ফ্লিপ করছেন,0.33333333277777777,0.2857142853061225,0.3076923022485208,0.3076923022485208,0.1818181765289258,0.3076923022485208,0,0,0.4516129032258065,0.18181818165289254
2331510788_986809bbb4.jpg,একটি বাদামী কুকুর একটি গাছের ভিতর লাফিয়ে যাচ্ছে,0.37499999953124996,0.37499999953124996,0.37499999453125,0.37499999453125,0.28571428030612256,0.37499999453125,0,0,0.5161290322580645,0.24999999979166665
8754.png,একজন পুরুষ হেঁটে যাচ্ছে।,0.7499999981250001,0.29999999969999996,0.42857142387755104,0.42857142387755104,0.3333333290277778,0.42857142387755104,0,0,0.3513513513513513,0.3333333329629629
2940594396_20c40947b0.jpg,হেলমেট পরিহিত একজন লোক বেগুনি রঙের <unk> চালাচ্ছে ।,0.3333333329629629,0.37499999953124996,0.3529411710726644,0.3529411710726644,0.13333332817777796,0.23529411238754333,0,0,0.5555555555555556,0.21428571413265304
2248487950_c62d0c81a9.jpg,একজন লোক একটি ইটের ভবনের সামনের রাস্তায় দাঁড়িয়ে আছে।,0.1111111109876543,0.12499999984374999,0.11764705370242234,0.11764705370242234,0.0,0.11764705370242234,0,0,0.4054054054054054,0.06666666662222222
4947.png,লাল মরিচ ধরে ফুল রাখা আছে।,0.33333333277777777,0.3999999992,0.36363635801652905,0.36363635801652905,0.0,0.36363635801652905,0,0,0.33333333333333337,0.2222222219753086
3091580843_178042c50b.jpg,একটি দোকানের সামনে একটি ভবনে পিঠ দিয়ে একটি ভবনে পিঠ দিয়ে একটি ভবনে পিঠ দিয়ে একটি ভবনে পিঠ দিয়ে একটি ভবনে পিঠ দিয়ে একটি ভবনে পিঠ দিয়ে একটি ভবনে পিঠ দিয়ে একটি ভবনে পিঠ দিয়ে একটি ভবনে পিঠ দিয়ে একটি,0.07499999998125,0.29999999969999996,0.11999999675200007,0.11999999675200007,0.0833333302517362,0.11999999675200007,0,0,0.1901408450704225,0.23076923059171597
345290432_629788248643423_8548931692453873638_n.jpg,একজন লোক মাটিতে শুয়ে ভিক্ষা করছে,0.33333333277777777,0.24999999968749997,0.2857142804081633,0.2857142804081633,0.0,0.2857142804081633,0,0,0.3529411764705882,0.18181818165289254
8200.png,একজন ছোট ছেলে হাফ প্যান্ট পরে পানিতে নেমে একটা পাতিল নিয়ে পানিতে নেমে একটা পাতিল নিয়ে পানিতে নেমে একটা পাতিল নিয়ে পানিতে নেমে একটা পাতিল নিয়ে পানিতে নেমে একটা পাতিল নিয়ে পানিতে নেমে একটা পাতিল নিয়ে পানিতে নেমে একটা পাতিল,0.0499999999875,0.18181818165289254,0.07843136913494825,0.07843136913494825,0.0,0.04166666387152797,0,0,0.1527777777777778,0.09999999995
6907.png,একজন পুরুষ ও একজন মানুষ আছে।,0.33333333277777777,0.3999999992,0.36363635801652905,0.36363635801652905,0.2222222167901236,0.36363635801652905,0,0,0.5454545454545454,0.24999999968749997
4168.png,অনেকগুলো মানুষ আছে।,0.9999999966666667,0.4285714279591837,0.5999999946000001,0.5999999946000001,0.24999999562500003,0.5999999946000001,0,0,0.4137931034482759,0.4285714279591837
IMG_2826.JPG,মহিলা টি শাড়ি পরে আছে,0.9999999980000001,0.9999999980000001,0.9999999930000001,0.9999999930000001,0.9999999925,0.9999999930000001,1,1,1.0,0.9999999980000001
3400041870_4e7732b40f.jpg,পাশাপাশি দুইজন ছেলে দাড়িয়ে আছে।,0.1999999996,0.07692307686390532,0.11111110697530877,0.11111110697530877,0.0,0.11111110697530877,0,0,0.23684210526315785,0.05882352937716263
7333.png,একজন নারী আছে।,0.3333333322222222,0.1999999996,0.24999999468750006,0.24999999468750006,0.0,0.24999999468750006,0,0,0.23529411764705888,0.14285714265306124
62.png,<unk> <unk> হরিণ আছে।,0.249999999375,0.16666666638888888,0.1999999948000001,0.1999999948000001,0.0,0.1999999948000001,0,0,0.26086956521739135,0.12499999984374999
IMG_2339.JPG,লোক টি হাসছে,0.9999999966666667,0.9999999966666667,0.9999999916666666,0.9999999916666666,0.9999999900000001,0.9999999916666666,1,1,1.0,0.9999999966666667
3116039960_54d1d68145.jpg,নীল রঙের বিভিন্ন রঙের বিভিন্ন রঙের বিভিন্ন রঙের বিভিন্ন রঙের বিভিন্ন রঙের বিভিন্ন রঙের বিভিন্ন রঙের বিভিন্ন রঙের বিভিন্ন রঙের বিভিন্ন রঙের বিভিন্ন রঙের বিভিন্ন রঙের বিভিন্ন রঙের বিভিন্ন রঙের বিভিন্ন রঙের বিভিন্ন রঙের বিভিন্ন রঙের বিভিন্ন রঙের বিভিন্ন রঙের,0.0499999999875,0.1999999998,0.07999999676800014,0.07999999676800014,0.04166666360243077,0.07999999676800014,0,0,0.10169491525423724,0.1999999998
7998.png,একজন লোক হাতে একটা ছুড়ছে।,0.3999999992,0.11764705875432525,0.1818181781404959,0.1818181781404959,0.0999999967000001,0.1818181781404959,0,0,0.25531914893617025,0.10526315783933518
929.png,ঘরের সামনে একজন নারী ও তিনজন নারী ও তিনজন নারী ও তিনজন নারী ও তিনজন নারী ও তিনজন নারী ও তিনজন নারী ও তিনজন নারী ও তিনজন নারী ও তিনজন নারী ও তিনজন নারী ও তিনজন নারী ও তিনজন নারী,0.099999999975,0.6666666655555555,0.17391304113421555,0.17391304113421555,0.13636363428719006,0.17391304113421555,0,0,0.11851851851851847,0.37499999953124996
4464.png,একজন পুরুষ হেঁটে যাচ্ছে।,0.9999999975,0.6666666655555555,0.7999999936,0.7999999936,0.49999999406250006,0.7999999936,0,0,0.6818181818181819,0.6666666655555555
6834.png,একজন লোক একটি পাথর <unk> <unk> উপেক্ষা করে এক পর্বতারোহী একটি পাথর <unk> <unk> উপেক্ষা করে এক পর্বতারোহী একটি পাথর <unk> <unk> উপেক্ষা করে এক পর্বতারোহী একটি পাথর <unk> <unk> উপেক্ষা করে এক পর্বতারোহী একটি পাথর <unk> <unk> উপেক্ষা করে,0.0499999999875,0.1111111110493827,0.06896551293698006,0.06896551293698006,0.0,0.06896551293698006,0,0,0.25149700598802394,0.08695652170132324
8510.png,একজন পুরুষ আছে।,0.9999999966666667,0.37499999953124996,0.5454545404958677,0.5454545404958677,0.22222221827160496,0.5454545404958677,0,0,0.3928571428571429,0.4285714279591837
110595925_f3395c8bd6.jpg,সাইকেল এবং সাদা সাইকেল এবং সাদা সাইকেল এবং সাদা সাইকেল এবং সাদা সাইকেল এবং সাদা সাইকেল এবং সাদা সাইকেল এবং সাদা সাইকেল এবং সাদা সাইকেল এবং সাদা সাইকেল এবং সাদা সাইকেল এবং সাদা সাইকেল এবং সাদা সাইকেল এবং সাদা সাইকেল,0.0499999999875,0.24999999968749997,0.08333333052083343,0.08333333052083343,0.0,0.08333333052083343,0,0,0.16326530612244894,0.14285714265306124
7557.png,একটি দল একটি <unk> চড়ছে,0.0,0.0,0.0,0.0,0.0,0.0,0,0,0.32352941176470584,0.0
3042679440_010b2c596c.jpg,লোকজন একটি <unk>,0.3333333322222222,0.249999999375,0.28571428000000004,0.28571428000000004,0.0,0.28571428000000004,0,0,0.3529411764705882,0.16666666638888888
200710224.jpg.webp,একজন ছোট ছেলে হাতের <unk>,0.1999999996,0.09090909082644627,0.12499999554687513,0.12499999554687513,0.0,0.12499999554687513,0,0,0.180327868852459,0.06666666662222222
8478.png,একটি ছেলে একটি গাছের পাশে দাঁড়িয়ে আছে,0.2857142853061225,0.18181818165289254,0.22222221722222232,0.22222221722222232,0.0,0.22222221722222232,0,0,0.5833333333333333,0.13333333324444444
5553.png,একটি দালানের সামনে একটি মন্দির।,0.1999999996,0.0999999999,0.13333332871111125,0.13333332871111125,0.0,0.13333332871111125,0,0,0.2857142857142857,0.07692307686390532
3016759846_062663f8ab.jpg,লাল রঙের পোশাক পরিহিত দুইজন নারী একটি পতাকার দিকে তাকিয়ে আছে।,0.18181818165289254,0.24999999968749997,0.21052631069252087,0.21052631069252087,0.0,0.15999999494400013,0,0,0.36,0.11764705875432525
7965.png,লাল শাড়ি পরিহিত একজন মহিলা একটি আলোর <unk> <unk> <unk> <unk> <unk> <unk> <unk> <unk> <unk> <unk> <unk> <unk> <unk> <unk> <unk> <unk> <unk> <unk> <unk> <unk> <unk> <unk> <unk> <unk> <unk> <unk> <unk> <unk> <unk> <unk> <unk> <unk> <unk>,0.07499999998125,0.1874999998828125,0.10714285302295935,0.10714285302295935,0.0,0.07142856732142881,0,0,0.12578616352201255,0.16666666657407406
3439.png,সানগ্লাস পরা একজন পুরুষ এবং মহিলা এবং মহিলা এবং মহিলা এবং মহিলা এবং মহিলা এবং মহিলা এবং মহিলা এবং মহিলা এবং মহিলা এবং মহিলা এবং মহিলা এবং মহিলা এবং মহিলা এবং মহিলা এবং মহিলা এবং মহিলা এবং মহিলা এবং মহিলা,0.0499999999875,0.2222222219753086,0.08163265002915464,0.08163265002915464,0.0,0.04081632351520222,0,0,0.13286713286713292,0.16666666652777776
708945669_08e7ffb9a7.jpg,একজন লোক একটি ছবির জন্য পোজ দিচ্ছে,0.571428570612245,0.4444444439506172,0.49999999445312515,0.49999999445312515,0.2857142804081633,0.49999999445312515,0,0,0.6875,0.3333333330555555
8202.png,একটি নৌকায় দুইজন মানুষ দাড়িয়ে আছে যাতে উপরে সূর্য অস্ত যাচ্ছে।,0.2727272724793388,0.7499999981250001,0.3999999955555556,0.3999999955555556,0.15384615005917168,0.3999999955555556,0,0,0.33333333333333337,0.24999999979166665
6651.png,পানিতে দাড়িয়ে হাতে একটি শিশু কোলে নিয়ে আছে।,0.24999999968749997,0.3999999992,0.3076923024852071,0.3076923024852071,0.1818181768595043,0.3076923024852071,0,0,0.3846153846153846,0.18181818165289254
6219.png,কয়েকজন মানুষ আছে।,0.3333333322222222,0.16666666638888888,0.2222222172839507,0.2222222172839507,0.0,0.2222222172839507,0,0,0.26315789473684215,0.12499999984374999
5647.png,একজন বুড়ো শাড়ি পরে চেয়ে আছে যার গায়ে পরে তাকিয়ে আছে।,0.2727272724793388,0.49999999916666665,0.3529411714878893,0.3529411714878893,0.13333332871111125,0.3529411714878893,0,0,0.4651162790697675,0.23076923059171597
347410789_635498211778311_7617224015997252371_n.jpg,একজন পুরুষ ও একজন পুরুষ একটি ফাঁকা বিলের মাঝে দাঁড়িয়ে আছে।,0.2727272724793388,0.29999999969999996,0.28571428045351477,0.28571428045351477,0.0,0.28571428045351477,0,0,0.44999999999999996,0.1874999998828125
2970.png,একটি নৌকায় কয়েকজন মানুষ আছে।,0.7999999984,0.3333333330555555,0.47058823058823535,0.47058823058823535,0.26666666240000003,0.47058823058823535,0,0,0.42553191489361697,0.3999999996
3621329299_6fb3f2935c.jpg,এক লোক তার সাইকেল নিয়ে মাটির রাস্তায় সাইকেল চালাচ্ছে,0.2222222219753086,0.24999999968749997,0.23529411238754333,0.23529411238754333,0.0,0.23529411238754333,0,0,0.3142857142857143,0.14285714275510203
5362.png,একটি <unk>,0.999999995,0.49999999875,0.6666666600000001,0.6666666600000001,0.33333332944444444,0.6666666600000001,0,0,0.5384615384615384,0.49999999875
3695517194_2a6b604cb2.jpg,একজন লোক একটি ফুটবল ধরে আছে।,0.33333333277777777,0.3999999992,0.36363635801652905,0.36363635801652905,0.0,0.36363635801652905,0,0,0.31818181818181823,0.2222222219753086
1557838421_a33f2a4911.jpg,দুটি কুকুর একটি সাদা রঙের একটি সাদা রঙের একটি সাদা রঙের একটি সাদা রঙের একটি সাদা রঙের একটি সাদা রঙের একটি সাদা রঙের একটি সাদা রঙের একটি সাদা রঙের একটি সাদা রঙের একটি সাদা রঙের একটি সাদা রঙের একটি সাদা,0.099999999975,0.3999999996,0.15999999673600007,0.15999999673600007,0.04878048685306366,0.11999999675200007,0,0,0.21379310344827585,0.33333333277777777
6493.png,একজন পুরুষ তাকিয়ে আছে।,0.7499999981250001,0.5999999988,0.6666666602469137,0.6666666602469137,0.28571428000000004,0.6666666602469137,0,0,0.631578947368421,0.49999999916666665
3584196366_a4b43d6644.jpg,সমুদ্রের পারে অনেকগুলো মানুষ আছে।,0.1999999996,0.07692307686390532,0.11111110697530877,0.11111110697530877,0.0,0.11111110697530877,0,0,0.2857142857142857,0.0624999999609375
236476706_175081ce18.jpg,একটি যুবতী মেয়ে একে অপরকে সুইমস্যুট পড়ে হাঁটছে,0.24999999968749997,0.16666666652777776,0.1999999950000001,0.1999999950000001,0.0,0.09999999510000022,0,0,0.34375,0.1111111110493827
160805827_5e6646b753.jpg,একজন পুরুষ একটি নৌকা দেখা যাচ্ছে।,0.16666666638888888,0.16666666638888888,0.16666666138888903,0.16666666138888903,0.0,0.16666666138888903,0,0,0.34285714285714286,0.09090909082644627
1943.png,রাস্তা দিয়ে হেটে যাচ্ছে একজন পুরুষ।,0.33333333277777777,0.15384615372781063,0.21052631124653745,0.21052631124653745,0.0,0.21052631124653745,0,0,0.3191489361702128,0.124999999921875
6126.png,একজন লোক বনের মধ্যে <unk>,0.1999999996,0.12499999984374999,0.15384614887573977,0.15384614887573977,0.0,0.15384614887573977,0,0,0.3666666666666667,0.08333333326388888
7319.png,একজন পুরুষ বক্তৃতা দিচ্ছে।,0.249999999375,0.1999999996,0.2222222167901236,0.2222222167901236,0.0,0.2222222167901236,0,0,0.3157894736842105,0.12499999984374999
IMG_8241.JPG,লোক টি বসে আছে,0.7499999981250001,0.5999999988,0.6666666602469137,0.6666666602469137,0.28571428000000004,0.6666666602469137,0,0,0.5714285714285714,0.49999999916666665
243.png,পানিতে কয়েকজন মানুষ আছে।,0.49999999875,0.2222222219753086,0.3076923029585799,0.3076923029585799,0.18181817752066123,0.3076923029585799,0,0,0.29032258064516125,0.1999999998
8713.png,একটি শিশু আছে।,0.3333333322222222,0.3333333322222222,0.33333332722222225,0.33333332722222225,0.0,0.33333332722222225,0,0,0.5454545454545454,0.1999999996
7441.png,একটি শিশু সাইকেল চালিয়ে যাচ্ছে।,0.1999999996,0.0999999999,0.13333332871111125,0.13333332871111125,0.0,0.13333332871111125,0,0,0.30000000000000004,0.07142857137755101
3527261343_efa07ea596.jpg,একজন মোটরসাইকেল আরোহী তার আঙুল দেখাচ্ছে,0.16666666638888888,0.14285714265306124,0.15384614863905344,0.15384614863905344,0.0,0.15384614863905344,0,0,0.46341463414634143,0.08333333326388888
3639845565_be547c38ba.jpg,একটি খালে একটি লঞ্ছ ঘাটে বসে আছে,0.2857142853061225,0.24999999968749997,0.2666666613333334,0.2666666613333334,0.0,0.2666666613333334,0,0,0.3571428571428571,0.15384615372781063
2862469183_a4334b904a.jpg,একটি কুকুর ঘাসের মধ্যে খেলা করছে,0.33333333277777777,0.24999999968749997,0.2857142804081633,0.2857142804081633,0.0,0.24999999500000003,0,0,0.40625,0.16666666652777776
7937.png,একজন পুরুষ মাথায় বেনি মুখ ভাসিয়ে চেয়ে আছেন।,0.37499999953124996,0.3333333329629629,0.3529411710726644,0.3529411710726644,0.13333332817777796,0.3529411710726644,0,0,0.46153846153846156,0.21428571413265304
2445654384_4ee3e486e1.jpg,একটি মেয়ে একটি স্লাইড থেকে পিছলে পড়ছে,0.2857142853061225,0.1999999998,0.23529411252595167,0.23529411252595167,0.0,0.23529411252595167,0,0,0.41025641025641024,0.14285714275510203
2922981282_203f04bf9b.jpg,একজন লোক একটি ছবির জন্য একটি ছবির জন্য একটি ছবির জন্য একটি ছবির জন্য একটি ছবির জন্য একটি ছবির জন্য একটি ছবির জন্য একটি ছবির জন্য একটি ছবির জন্য একটি ছবির জন্য একটি ছবির জন্য একটি ছবির জন্য একটি ছবির,0.0499999999875,0.16666666652777776,0.07692307334319543,0.07692307334319543,0.0,0.07692307334319543,0,0,0.22012578616352196,0.0999999999
1056249424_ef2a2e041c.jpg,কয়েকজন মানুষ আছে।,0.0,0.0,0.0,0.0,0.0,0.0,0,0,0.25,0.0
5350.png,৪ জন ছেলে একসাথে হয়ে পাহারের পুকুরে বসে আছে।,0.3333333329629629,0.37499999953124996,0.3529411710726644,0.3529411710726644,0.13333332817777796,0.3529411710726644,0,0,0.5,0.21428571413265304
1161.png,একজন বয়স্ক পুরুষ দাড়িয়ে আছে।,0.5999999988,0.2727272724793388,0.374999995234375,0.374999995234375,0.14285713857142868,0.374999995234375,0,0,0.42105263157894735,0.23076923059171597
5629.png,একটি শিশু একটি রংধনু দেখছেন।,0.3999999992,0.6666666644444444,0.49999999406250006,0.49999999406250006,0.33333332777777785,0.49999999406250006,0,0,0.42105263157894735,0.3999999992
3157622277_9f59b4f62f.jpg,একটি লাল রঙের একটি লাল রঙের একটি লাল রঙের একটি লাল রঙের একটি লাল রঙের একটি লাল রঙের একটি লাল রঙের একটি লাল রঙের একটি লাল রঙের একটি লাল রঙের একটি লাল রঙের একটি লাল রঙের একটি লাল রঙের একটি,0.02499999999375,0.3333333322222222,0.04651162658734455,0.04651162658734455,0.0,0.04651162658734455,0,0,0.12328767123287676,0.1999999996
3393343330_b13df4d8ec.jpg,দোকানের সামনে একটা টেবিলের দোকানের ভিতর দাঁড়িয়ে আছে,0.12499999984374999,0.12499999984374999,0.12499999484375018,0.12499999484375018,0.0,0.12499999484375018,0,0,0.36363636363636365,0.07142857137755101
3685.png,একটি <unk> কয়েকজন মানুষ ভিড় করেছে দেখা যাচ্ছে।,0.24999999968749997,0.3999999992,0.3076923024852071,0.3076923024852071,0.1818181768595043,0.3076923024852071,0,0,0.4193548387096774,0.18181818165289254
1124448967_2221af8dc5.jpg,একটি লোক রাস্তার পাশে বসে আছে,0.49999999916666665,0.23076923059171597,0.31578946903047095,0.31578946903047095,0.0,0.21052631124653745,0,0,0.38095238095238093,0.19999999986666667
2557922709_24d2a9655a.jpg,একজন মহিলা একটি <unk>,0.249999999375,0.14285714265306124,0.1818181768595043,0.1818181768595043,0.0,0.1818181768595043,0,0,0.2857142857142857,0.0999999999
242559369_9ae90ed0b4.jpg,এক লোক পাথরের উপরে পাথরের উপরে উঠছে,0.2857142853061225,0.16666666652777776,0.2105263109141275,0.2105263109141275,0.0,0.2105263109141275,0,0,0.43181818181818177,0.13333333324444444
86.png,বৃষ্টির সময় একজন নারী দাড়িয়ে আছে একজন মহিলা।,0.12499999984374999,0.07692307686390532,0.09523809043083924,0.09523809043083924,0.0,0.09523809043083924,0,0,0.32608695652173914,0.05263157891966759
517.png,একটি শিশু আছে।,0.3333333322222222,0.249999999375,0.28571428000000004,0.28571428000000004,0.0,0.28571428000000004,0,0,0.33333333333333337,0.16666666638888888
134724228_30408cd77f.jpg,একটি শিশু দাড়িয়ে আছে।,0.249999999375,0.1111111109876543,0.15384614934911253,0.15384614934911253,0.0,0.15384614934911253,0,0,0.30434782608695654,0.08333333326388888
6663.png,মাটির রাস্তা দিয়ে কয়েকজন মানুষ হেঁটে যাচ্ছে।,0.2857142853061225,0.6666666644444444,0.39999999500000005,0.39999999500000005,0.24999999562500003,0.39999999500000005,0,0,0.40740740740740744,0.24999999968749997
3556598205_86c180769d.jpg,একটি লোক একটি ডার্ট বাইক নিয়ে একটি ডার্ট বাইক নিয়ে একটি ডার্ট বাইক নিয়ে একটি ডার্ট বাইক নিয়ে একটি ডার্ট বাইক নিয়ে একটি ডার্ট বাইক নিয়ে একটি ডার্ট বাইক নিয়ে একটি ডার্ট বাইক নিয়ে একটি ডার্ট বাইক নিয়ে একটি ডার্ট,0.0499999999875,0.2222222219753086,0.08163265002915464,0.08163265002915464,0.0,0.08163265002915464,0,0,0.16778523489932884,0.16666666652777776
5157.png,ধান ক্ষেত আছে।,0.3333333322222222,0.249999999375,0.28571428000000004,0.28571428000000004,0.0,0.28571428000000004,0,0,0.4375,0.16666666638888888
2483792149_a9b4ffecec.jpg,ধান ক্ষেত আছে।,0.0,0.0,0.0,0.0,0.0,0.0,0,0,0.25,0.0
248.png,একজন পুরুষ বসে আছে।,0.7499999981250001,0.29999999969999996,0.42857142387755104,0.42857142387755104,0.0,0.42857142387755104,0,0,0.38888888888888884,0.2727272724793388
20220910_135736.jpg,একটি <unk> একটি <unk> একটি <unk>,0.16666666638888888,0.09090909082644627,0.11764705411764723,0.11764705411764723,0.0,0.11764705411764723,0,0,0.30434782608695654,0.08333333326388888
8909.png,একজন নারী আছে।,0.9999999966666667,0.9999999966666667,0.9999999916666666,0.9999999916666666,0.9999999900000001,0.9999999916666666,1,1,1.0,0.9999999966666667
3716244806_97d5a1fb61.jpg,পাথরের উপর বসে পাথরের উপর বসে আছে।,0.4285714279591837,0.49999999916666665,0.4615384558579882,0.4615384558579882,0.2666666615111111,0.4615384558579882,0,0,0.44999999999999996,0.4285714279591837
7123.png,একজন মানুষ ছাতা নিয়ে আছে।,0.1999999996,0.249999999375,0.2222222167901236,0.2222222167901236,0.0,0.2222222167901236,0,0,0.5882352941176471,0.12499999984374999
8930.png,একজন বৃদ্ধ নারী কলশী নিয়ে বসে আছে।,0.2857142853061225,0.49999999875,0.36363635834710756,0.36363635834710756,0.0,0.36363635834710756,0,0,0.45833333333333337,0.2222222219753086
3387542157_81bfd00072.jpg,নীল জামা পরিহিত একজন এশিয়ান মেয়ে হাতে একটি বল নিয়ে দাঁড়িয়ে আছে,0.08333333326388888,0.1999999996,0.11764705453287211,0.11764705453287211,0.0,0.11764705453287211,0,0,0.3023255813953488,0.0624999999609375
2672445419_251ce9419a.jpg,একটি ছেলে একটি খেলার মাঠে একটি খেলার মাঠে একটি খেলার মাঠে একটি খেলার মাঠে একটি খেলার মাঠে একটি খেলার মাঠে একটি খেলার মাঠে একটি খেলার মাঠে একটি খেলার মাঠে একটি খেলার মাঠে একটি খেলার মাঠে একটি খেলার মাঠে একটি খেলার,0.099999999975,0.4444444439506172,0.1632653030570596,0.1632653030570596,0.045454543419421574,0.12499999717013895,0,0,0.15753424657534243,0.4444444439506172
2579268572_d78f8436cb.jpg,একটি শিশু আছে।,0.3333333322222222,0.16666666638888888,0.2222222172839507,0.2222222172839507,0.0,0.2222222172839507,0,0,0.25,0.12499999984374999
5631.png,ধান ক্ষেতের মাঝে একজন পুরুষ হাতে একটা শাপলা নিয়ে আছে।,0.1999999998,0.49999999875,0.28571428122448983,0.28571428122448983,0.16666666263888896,0.28571428122448983,0,0,0.33333333333333337,0.16666666652777776
6589.png,একটি মহিলা বসে আছে।,0.49999999875,0.49999999875,0.4999999937500001,0.4999999937500001,0.33333332722222225,0.4999999937500001,0,0,0.6428571428571428,0.33333333277777777
4557.png,কয়েকজন নারী আছে।,0.6666666644444444,0.33333333277777777,0.44444443901234576,0.44444443901234576,0.0,0.44444443901234576,0,0,0.5,0.2857142853061225
3043908909_bb54d2c08e.jpg,একদল লোক বসে আছেন।,0.7499999981250001,0.5999999988,0.6666666602469137,0.6666666602469137,0.28571428000000004,0.6666666602469137,0,0,0.6363636363636364,0.49999999916666665
2976684095_ce7ccfd423.jpg,একটি ছোট্ট ছেলে ফুটপাতে দৌড়াচ্ছে,0.3999999992,0.33333333277777777,0.36363635801652905,0.36363635801652905,0.0,0.36363635801652905,0,0,0.36,0.2222222219753086
5325.png,একজন পুরুষ বসে আছে।,0.249999999375,0.16666666638888888,0.1999999948000001,0.1999999948000001,0.0,0.1999999948000001,0,0,0.26086956521739135,0.1111111109876543
1789.png,অনেকগুলো নারী ও পুরুষ আছে।,0.5999999988,0.23076923059171597,0.33333332895061735,0.33333332895061735,0.11764705508650528,0.3157894694736842,0,0,0.26530612244897955,0.21428571413265304
2761.png,একজন বয়স্ক পুরুষ দাড়িয়ে চেয়ে আছে যার চুল দাড়িগোঁফ লম্বা সাদা শার্ট পরে দাড়িয়ে আছে যার চুল দাড়িগোঁফ লম্বা সাদা শার্ট পরে দাড়িয়ে আছে যার চুল দাড়িগোঁফ লম্বা সাদা শার্ট পরে দাড়িয়ে আছে যার চুল দাড়িগোঁফ লম্বা সাদা শার্ট পরে,0.1499999999625,0.46153846118343195,0.22641509055179784,0.22641509055179784,0.08888888653827165,0.22641509055179784,0,0,0.27083333333333337,0.29999999985
7516.png,পাঁচজন ছেলে পানিতে গোসল করছে।,0.1999999996,0.249999999375,0.2222222167901236,0.2222222167901236,0.0,0.2222222167901236,0,0,0.3571428571428571,0.12499999984374999
1066.png,একটি সুন্দর সবুজ লনে একটি সুন্দর নকশা।,0.2857142853061225,0.14285714275510203,0.19047618585034026,0.19047618585034026,0.0,0.19047618585034026,0,0,0.3137254901960784,0.06666666662222222
7712.png,একজন পুরুষ দাড়িয়ে আছে।,0.7499999981250001,0.7499999981250001,0.7499999931250001,0.7499999931250001,0.33333332722222225,0.7499999931250001,0,0,0.8666666666666667,0.5999999988
1075867198_27ca2e7efe.jpg,একটি কুকুর সৈকতে বল ধরার চেষ্টা করছে,0.2857142853061225,0.33333333277777777,0.3076923022485208,0.3076923022485208,0.10526315346260404,0.3076923022485208,0,0,0.3846153846153846,0.18181818165289254
2414397449_2ac3b78e0d.jpg,একটি কুকুর ঘাসের মধ্যে দিয়ে দৌড়াচ্ছে,0.33333333277777777,0.33333333277777777,0.3333333277777778,0.3333333277777778,0.0,0.26086956113421556,0,0,0.368421052631579,0.1999999998
1271210445_7f7ecf3791.jpg,একটি টেবিলে বসে মেয়েটি আর বহু রঙের বাতি লাগানো ছবি তোলেন।,0.18181818165289254,0.16666666652777776,0.17391303833648408,0.17391303833648408,0.0,0.17391303833648408,0,0,0.29166666666666663,0.09523809519274376
180506881_de0f59770f.jpg,একজন পুরুষ একটি দেয়ালের সামনে দাড়িয়ে আছে একজন দাড়িয়ে আছে আর আরেকজন লোক রাস্তার পাশে দাড়িয়ে আছে একজন দাড়িয়ে আছে আর আরেকজন লোক রাস্তার পাশে দাড়িয়ে আছে একজন দাড়িয়ে আছে আর আরেকজন লোক রাস্তার পাশে দাড়িয়ে আছে একজন দাড়িয়ে আছে,0.0499999999875,0.1999999998,0.07999999676800014,0.07999999676800014,0.0,0.04347825858223074,0,0,0.17834394904458595,0.09999999995
3005126574_49c28ffbee.jpg,লোকটি <unk>,0.4999999975,0.1999999996,0.28571428081632655,0.28571428081632655,0.0,0.28571428081632655,0,0,0.2142857142857143,0.16666666638888888
2851931813_eaf8ed7be3.jpg,একটি ছোট্ট মেয়ে বাইরে একটি খেলনা ধরে আছে,0.37499999953124996,0.2727272724793388,0.31578946847645434,0.31578946847645434,0.11764705384083066,0.31578946847645434,0,0,0.5357142857142857,0.15384615372781063
307321761_606fc91673.jpg,একটি পরিবার একটি উঠোনে বসে আছে,0.33333333277777777,0.2222222219753086,0.2666666615111111,0.2666666615111111,0.0,0.2666666615111111,0,0,0.375,0.16666666652777776
6962.png,একটি টিনের <unk> একটি টিনের <unk> একটি টিনের <unk>,0.1111111109876543,0.07692307686390532,0.09090908599173579,0.09090908599173579,0.0,0.09090908599173579,0,0,0.34693877551020413,0.06666666662222222
3507.png,একটি গাড়ির আয়না ধরে একটি গাড়ী চড়ছে,0.14285714265306124,0.3333333322222222,0.1999999954000001,0.1999999954000001,0.0,0.1999999954000001,0,0,0.4,0.12499999984374999
2714220101_c31db50b10.jpg,সাদা রঙের গলাবন্ধ পরিহিত একটি সাদা কুকুর একটি <unk> পাশে দৌড়াচ্ছে,0.3636363633057851,0.7999999984,0.499999995078125,0.499999995078125,0.28571428122448983,0.499999995078125,0,0,0.40909090909090906,0.3999999996
3512791890_eb065b460a.jpg,এক বাচ্চা মেয়ে একটি ছবির জন্য পোজ দিচ্ছে।,0.37499999953124996,0.29999999969999996,0.3333333280246914,0.3333333280246914,0.12499999492187522,0.23529411238754333,0,0,0.3928571428571429,0.19999999986666667
8262.png,একটি কালো কুকুর খাবারের জন্য,0.1999999996,0.14285714265306124,0.16666666152777793,0.16666666152777793,0.0,0.16666666152777793,0,0,0.37037037037037035,0.1111111109876543
3552796830_2dd2aa9c2c.jpg,একজন লোক তার বন্ধুর পিঠে নিয়ে একজন লোক,0.12499999984374999,0.12499999984374999,0.12499999484375018,0.12499999484375018,0.0,0.12499999484375018,0,0,0.2894736842105263,0.07692307686390532
1416.png,একটি গ্রামে তিনজন মানুষ বসে আছে।,0.16666666638888888,0.14285714265306124,0.15384614863905344,0.15384614863905344,0.0,0.15384614863905344,0,0,0.43999999999999995,0.08333333326388888
7591.png,একটি শিশু আছে।,0.0,0.0,0.0,0.0,0.0,0.0,0,0,0.25,0.0
8561.png,একটি সেতুর উপরে একটি শিশু হেঁটে যাচ্ছে।,0.0,0.0,0.0,0.0,0.0,0.0,0,0,0.3142857142857143,0.0
237953705_cfe6999307.jpg,একটি ছোট ছেলে একটি ফ্রিসবি নিয়ে খেলছে।,0.2857142853061225,0.2857142853061225,0.28571428030612256,0.28571428030612256,0.0,0.28571428030612256,0,0,0.5,0.18181818165289254
8373.png,একজন পুরুষ আছে।,0.9999999966666667,0.9999999966666667,0.9999999916666666,0.9999999916666666,0.9999999900000001,0.9999999916666666,1,1,1.0,0.9999999966666667
3042483842_beb23828b9.jpg,একজন লোক একটি কালো জ্যাকেট পরা একজন মহিলার সাথে ছবি তুলছে,0.3636363633057851,0.4444444439506172,0.39999999464999997,0.39999999464999997,0.22222221703703712,0.29999999475000005,0,0,0.5,0.26666666648888887
4971.png,জলাশয়ের পারে একটি নৌকা যাচ্ছে।,0.3999999992,0.24999999968749997,0.3076923024852071,0.3076923024852071,0.0,0.15384614887573977,0,0,0.3548387096774194,0.18181818165289254
2561481438_447b852e4d.jpg,একটি কুকুর ঘাসের মধ্যে দৌড়াচ্ছে,0.5999999988,0.37499999953124996,0.46153845609467453,0.46153845609467453,0.1818181768595043,0.46153845609467453,0,0,0.5172413793103448,0.29999999969999996
2272491304_cb7c7ed16f.jpg,একদল লোক পাহাড় বেয়ে উঠতে নিচ্ছে,0.16666666638888888,0.16666666638888888,0.16666666138888903,0.16666666138888903,0.0,0.16666666138888903,0,0,0.34615384615384615,0.09090909082644627
1459.png,একজন পুরুষ হাতে একটি চায়ের দোকানে দাড়িয়ে আছে যার মাঝে একজন পুরুষ দাড়িয়ে আছে যার মাঝে একজন পুরুষ দাড়িয়ে আছে যার মাঝে একজন পুরুষ দাড়িয়ে আছে যার মাঝে একজন পুরুষ দাড়িয়ে আছে যার মাঝে একজন পুরুষ দাড়িয়ে আছে যার মাঝে,0.12499999996875,0.3333333331111111,0.18181817778512405,0.18181817778512405,0.11320754323958716,0.18181817778512405,0,0,0.28767123287671237,0.249999999875
2326879311_555ebef188.jpg,একটি লোক ঘুমাচ্ছে,0.6666666644444444,0.49999999875,0.5714285648979592,0.5714285648979592,0.0,0.5714285648979592,0,0,0.6,0.3999999992
3520869880_2e8b7d7842.jpg,একজন নারী বসে আছে।,0.0,0.0,0.0,0.0,0.0,0.0,0,0,0.31818181818181823,0.0
535249787_0fcaa613a0.jpg,একটি ছোট ছেলে একটি বলে আঘাত করছে,0.7142857132653061,0.45454545413223135,0.5555555501851852,0.5555555501851852,0.37499999484375,0.5555555501851852,0,0,0.6071428571428572,0.3999999996
2109.png,পাশাপাশি কয়েকজন পুরুষ পাশাপাশি দাড়িয়ে আছে।,0.16666666638888888,0.16666666638888888,0.16666666138888903,0.16666666138888903,0.0,0.16666666138888903,0,0,0.42307692307692313,0.0999999999
2141065212_463a6997e1.jpg,একজন বেসবল খেলোয়াড় মুখে বেসবল ছুঁড়ে মারলো,0.14285714265306124,0.1999999996,0.16666666152777793,0.16666666152777793,0.0,0.16666666152777793,0,0,0.32558139534883723,0.0999999999
11391827.jpg,একটি ধূসর রঙের জ্যাকেট এবং ধূসর রঙের জ্যাকেট এবং ধূসর রঙের জ্যাকেট এবং ধূসর রঙের জ্যাকেট এবং ধূসর রঙের জ্যাকেট এবং ধূসর রঙের জ্যাকেট এবং ধূসর রঙের জ্যাকেট এবং ধূসর রঙের জ্যাকেট এবং ধূসর রঙের জ্যাকেট এবং ধূসর রঙের জ্যাকেট,0.02499999999375,0.0999999999,0.039999996784000263,0.039999996784000263,0.0,0.039999996784000263,0,0,0.21875,0.07142857137755101
7216.png,একজন নারী আছে।,0.9999999966666667,0.4285714279591837,0.5999999946000001,0.5999999946000001,0.24999999562500003,0.5999999946000001,0,0,0.41666666666666663,0.49999999916666665
378170167_9b5119d918.jpg,একটি কুকুর গ্রামীণ এলাকায় <unk> দৌড়াচ্ছে,0.33333333277777777,0.49999999875,0.3999999944,0.3999999944,0.24999999468750006,0.3999999944,0,0,0.5769230769230769,0.24999999968749997
1799271536_6e69c8f1dc.jpg,একটি কুকুর একটি সাদা কুকুরটি লাফ দিচ্ছে,0.2857142853061225,0.33333333277777777,0.3076923022485208,0.3076923022485208,0.0,0.3076923022485208,0,0,0.5384615384615384,0.1999999998
102.png,একটি শিশু আছে।,0.6666666644444444,0.1111111110493827,0.190476187845805,0.190476187845805,0.0,0.190476187845805,0,0,0.1095890410958904,0.1111111110493827
421730441_6b2267fd31.jpg,একজন পুরুষ মোবাইলে কথা বলছে।,0.1999999996,0.16666666638888888,0.1818181765289258,0.1818181765289258,0.0,0.1818181765289258,0,0,0.30000000000000004,0.0999999999
IMG_9840.JPG,মহিলা টি শাড়ি পরে আছে,0.9999999980000001,0.9999999980000001,0.9999999930000001,0.9999999930000001,0.9999999925,0.9999999930000001,1,1,1.0,0.9999999980000001
7846.png,একজন বাচ্চা মেয়ে দাড়িয়ে আছে।,0.3999999992,0.33333333277777777,0.36363635801652905,0.36363635801652905,0.0,0.36363635801652905,0,0,0.5,0.2222222219753086
1745110280_0cbff5e273.jpg,একটি কুকুর লম্বা ঘাসের মধ্যে বসে আছে।,0.4285714279591837,0.5999999988,0.4999999943055557,0.4999999943055557,0.1999999948000001,0.4999999943055557,0,0,0.6799999999999999,0.3333333329629629
7316.png,একটি নৌকায় কয়েকজন মানুষ আছে।,0.7999999984,0.7999999984,0.7999999934,0.7999999934,0.4999999937500001,0.7999999934,0,0,0.85,0.6666666655555555
6903.png,একজন পুরুষ পানিতে পরে আছে।,0.3999999992,0.33333333277777777,0.36363635801652905,0.36363635801652905,0.0,0.36363635801652905,0,0,0.36363636363636365,0.2222222219753086
1698.png,কিছু ছেলে মেয়ে হাত তুলে আছে।,0.16666666638888888,0.1999999996,0.1818181765289258,0.1818181765289258,0.0,0.1818181765289258,0,0,0.3529411764705882,0.0999999999
IMG_0028.JPG,একটা লোক দাঁড়িয়ে আছে,0.7499999981250001,0.7499999981250001,0.7499999931250001,0.7499999931250001,0.33333332722222225,0.7499999931250001,0,1,1.0,0.5999999988
4826.png,একটি রাস্তা দিয়ে একজন মানুষ হেঁটে যাচ্ছে।,0.2857142853061225,0.3999999992,0.33333332791666676,0.33333332791666676,0.0,0.33333332791666676,0,0,0.3846153846153846,0.1999999998
2822290399_97c809d43b.jpg,একটি সাদা কুকুর একটি কালো কুকুর একটি কালো কুকুর একটি বিশাল পোডল কুকুর দৌড়াচ্ছে,0.28571428551020406,0.4444444439506172,0.3478260818903592,0.3478260818903592,0.21052631124653745,0.3478260818903592,0,0,0.4444444444444444,0.2727272724793388
1073.png,একটি শিশু বসে আছে।,0.249999999375,0.07692307686390532,0.11764705508650528,0.11764705508650528,0.0,0.11764705508650528,0,0,0.25,0.0624999999609375
1827560917_c8d3c5627f.jpg,একটি কালো কুকুর একটি লাঠি নিয়ে খেলছে,0.4285714279591837,0.3333333329629629,0.374999994609375,0.374999994609375,0.1428571377551022,0.374999994609375,0,0,0.46875,0.24999999979166665
1952.png,৩ জন মহিলা বাচ্চা মেয়ে যার পরনে একটি বাচ্চা মেয়ে যার পরনে একটি বাচ্চা মেয়ে যার পরনে একটি বাচ্চা মেয়ে যার পরনে একটি বাচ্চা মেয়ে যার পরনে একটি বাচ্চা মেয়ে যার পরনে একটি বাচ্চা মেয়ে যার পরনে একটি বাচ্চা মেয়ে,0.0,0.0,0.0,0.0,0.0,0.0,0,0,0.3049645390070922,0.0
263522013_d118d46b2d.jpg,একটি কুকুর পানির মধ্যে খেলা করছে,0.33333333277777777,0.49999999875,0.3999999944,0.3999999944,0.24999999468750006,0.3999999944,0,0,0.6363636363636364,0.24999999968749997
2938875913_0ed920a6be.jpg,একজন ফুটবল খেলোয়াড় বলের পেছনে দৌড়াচ্ছে,0.49999999916666665,0.4285714279591837,0.4615384558579882,0.4615384558579882,0.36363635801652905,0.4615384558579882,0,0,0.6666666666666667,0.29999999969999996
10815824_2997e03d76.jpg,একটি ব্যারেলের আগুনের পাশে দুজন মহিলা একটি ব্যারেলের আগুনের পিছনে ঘোড়ার পিছনে ঘোড়ার পিছনে ঘাসের মাঠে একটি ব্যারেলের আগুনের পিছনে ঘোড়ার পিছনে ঘোড়ার পিছনে ঘাসের মাঠে একটি ব্যারেলের আগুনের পিছনে ঘোড়ার পিছনে ঘোড়ার পিছনে ঘাসের মাঠে একটি ব্যারেলের আগুনের পিছনে,0.07499999998125,0.3333333329629629,0.1224489765431071,0.1224489765431071,0.0,0.1224489765431071,0,0,0.23529411764705888,0.1874999998828125
4657.png,নদীতে নৌকা ও কয়েকজন মানুষ আছে।,0.16666666638888888,0.14285714265306124,0.15384614863905344,0.15384614863905344,0.0,0.15384614863905344,0,0,0.34615384615384615,0.09090909082644627
2801851082_8c3c480c0f.jpg,একটি মেয়ে একটি টায়ারের উপর দাঁড়িয়ে আছে,0.571428570612245,0.571428570612245,0.5714285656122451,0.5714285656122451,0.16666666138888903,0.5714285656122451,0,0,0.6923076923076923,0.3333333329629629
3204525212_d548c7fca7.jpg,একটি সাদা কুকুর একটি <unk> দিকে তাকিয়ে আছে,0.6249999992187499,0.3571428568877551,0.4545454495041322,0.4545454495041322,0.2105263109141275,0.36363635867768596,0,0,0.4130434782608695,0.26666666648888887
3282925526_535ff9f2b2.jpg,একজন লোক একটি কালো কুকুরের কলার পরে বসে আছে,0.2222222219753086,0.1999999998,0.21052631058171756,0.21052631058171756,0.09999999510000022,0.21052631058171756,0,0,0.40625,0.11764705875432525
2885912662_a3a2dfde45.jpg,একটি ছোট ছেলে একটি ফুটবল ছুঁড়ে মারছে ।,0.37499999953124996,0.37499999953124996,0.37499999453125,0.37499999453125,0.14285713765306143,0.37499999453125,0,0,0.6206896551724138,0.16666666652777776
5366.png,একটি ব্যানের উপরে কিছু মানুষ।,0.0,0.0,0.0,0.0,0.0,0.0,0,0,0.26315789473684215,0.0
3208032657_27b9d6c4f3.jpg,একটি লোক একটি স্কেটবোর্ড চালাচ্ছে,0.3999999992,0.2857142853061225,0.33333332791666676,0.33333332791666676,0.1999999948000001,0.33333332791666676,0,0,0.48275862068965514,0.2222222219753086
20220909_133111.jpg,কয়েকজন মানুষ বসে আছে।,0.49999999875,0.33333333277777777,0.3999999944,0.3999999944,0.0,0.3999999944,0,0,0.40909090909090906,0.24999999968749997
1803.png,একজন পুরুষ ও একজন নারী দাড়িয়ে আছে।,0.2857142853061225,0.49999999875,0.36363635834710756,0.36363635834710756,0.2222222172839507,0.36363635834710756,0,0,0.43999999999999995,0.24999999968749997
2103568100_5d018c495b.jpg,একটি কুকুর পানির মধ্য দিয়ে চলেছে।,0.6666666655555555,0.30769230745562126,0.4210526268144044,0.4210526268144044,0.15384614887573977,0.4210526268144044,0,0,0.5,0.30769230745562126
4769.png,একটি বাড়ীতে আসা যাওয়া <unk>,0.1999999996,0.3333333322222222,0.24999999468750006,0.24999999468750006,0.0,0.24999999468750006,0,0,0.33333333333333337,0.14285714265306124
3724487641_d2096f10e5.jpg,একজন বালক এবং তাদের পেছনে একটি <unk>,0.0,0.0,0.0,0.0,0.0,0.0,0,0,0.2592592592592593,0.0
2508918369_2659db1cb6.jpg,গগলস পরা একজন বালক সাঁতার কাটছে,0.16666666638888888,0.1999999996,0.1818181765289258,0.1818181765289258,0.0,0.1818181765289258,0,0,0.29166666666666663,0.0999999999
5471.png,অনেক মানুষ একটি মসজিদের সামনে অনেক মানুষ।,0.14285714265306124,0.249999999375,0.1818181768595043,0.1818181768595043,0.0,0.1818181768595043,0,0,0.31034482758620685,0.1111111109876543
3823.png,জলাশয়ের পারে একটি শিশু আছে।,0.0,0.0,0.0,0.0,0.0,0.0,0,0,0.23404255319148937,0.0
7272.png,একটি শিশু একটি পুরনো চেয়ার এ দৌড়াচ্ছে,0.0,0.0,0.0,0.0,0.0,0.0,0,0,0.36,0.0
1302.png,একটা মহিলা গরুর গাড়িতে করে একটা গরুকে খাবার নিয়ে যাচ্ছে।,0.1999999998,0.16666666652777776,0.181818176694215,0.181818176694215,0.0,0.181818176694215,0,0,0.4054054054054054,0.10526315783933518
3404552106_f516df0f5b.jpg,একজন নারী নৃত্য করছে।,0.249999999375,0.09090909082644627,0.13333332924444455,0.13333332924444455,0.0,0.13333332924444455,0,0,0.2558139534883721,0.07142857137755101
4140.png,একজন পুরুষ হেঁটে যাচ্ছে।,0.249999999375,0.16666666638888888,0.1999999948000001,0.1999999948000001,0.0,0.1999999948000001,0,0,0.33333333333333337,0.1111111109876543
5119.png,একটি <unk>,0.999999995,0.6666666644444444,0.799999992,0.799999992,0.6666666577777778,0.799999992,0,0,0.6363636363636364,0.999999995
386.png,একজন পুরুষ হাতে কিছু বিক্রি করছে আর তার সামনে একজন লোক নৌকা নিয়ে যাচ্ছে।,0.28571428551020406,0.49999999937499995,0.36363635867768596,0.36363635867768596,0.0999999953500002,0.36363635867768596,0,0,0.36,0.2352941175086505
2903469015_a1e7d969c2.jpg,কুকুরের দৌড় প্রতিযোগিতা অনুষ্ঠিত হচ্ছে,0.0,0.0,0.0,0.0,0.0,0.0,0,0,0.34042553191489366,0.0
2048.png,একজন নারী ও একজন নারী আছে।,0.16666666638888888,0.16666666638888888,0.16666666138888903,0.16666666138888903,0.0,0.16666666138888903,0,0,0.4347826086956522,0.1111111109876543
1202.png,একজন ছোট মেয়ে শিশু আছে।,0.1999999996,0.16666666638888888,0.1818181765289258,0.1818181765289258,0.0,0.1818181765289258,0,0,0.5,0.0999999999
347003820_1459342507937686_7845772507901901708_n.jpg,কয়েকজন পুরুষ আছে।,0.0,0.0,0.0,0.0,0.0,0.0,0,0,0.28,0.0
6095.png,একটি শিশু তাকিয়ে আছে।,0.9999999975,0.9999999975,0.9999999925,0.9999999925,0.9999999916666666,0.9999999925,1,1,1.0,0.9999999975
3649224118_abe73c672c.jpg,একটি ছেলে সৈকতে একটি সৈকতে হাটছে,0.33333333277777777,0.2857142853061225,0.3076923022485208,0.3076923022485208,0.1818181765289258,0.3076923022485208,0,0,0.4545454545454546,0.2222222219753086
3337332770_5eda5cceb7.jpg,একটি সাদা কুকুর বরফের মধ্যে দৌড়াচ্ছে,0.49999999916666665,0.5999999988,0.5454545395041324,0.5454545395041324,0.4444444385185186,0.5454545395041324,0,0,0.6666666666666667,0.37499999953124996
1348891916_ebd4413033.jpg,একটি তামাটে কুকুর পানিতে লাফ দিল,0.49999999916666665,0.5999999988,0.5454545395041324,0.5454545395041324,0.0,0.4285714230612245,0,0,0.4444444444444444,0.37499999953124996
8958.png,রাস্তা দিয়ে একটি বট গাছ আছে।,0.16666666638888888,0.1999999996,0.1818181765289258,0.1818181765289258,0.0,0.1818181765289258,0,0,0.44999999999999996,0.0999999999
1880.png,একজন নারী ও একটি শিশু কোলে নিয়ে দাড়িয়ে আছে একজন মেয়ে বসে আছে এবং পিছনে একজন মেয়ে বসে আছে এবং পিছনে একজন মেয়ে বসে আছে এবং পিছনে একজন মেয়ে বসে আছে এবং পিছনে একজন মেয়ে বসে আছে এবং পিছনে একজন,0.1499999999625,0.8571428559183674,0.25531914629244007,0.25531914629244007,0.1777777753876543,0.25531914629244007,0,0,0.20143884892086328,0.4285714282653061
6173.png,বৃষ্টিতে একজন পুরুষ ছাতা নিয়ে হেঁটে যাচ্ছে।,0.7142857132653061,0.8333333319444445,0.7692307630769232,0.7692307630769232,0.7272727209917357,0.7692307630769232,0,0,0.7307692307692308,0.6249999992187499
3366571152_20afb88ac1.jpg,একটি টেবিলের চারপাশে অনেক মানুষ,0.1999999996,0.249999999375,0.2222222167901236,0.2222222167901236,0.0,0.2222222167901236,0,0,0.4285714285714286,0.12499999984374999
993.png,কয়েকজন পুরুষ বসে আছে।,0.7499999981250001,0.7499999981250001,0.7499999931250001,0.7499999931250001,0.33333332722222225,0.7499999931250001,0,0,0.8666666666666667,0.5999999988
20220909_134104.jpg,একজন পুরুষ বসে আছে।,0.0,0.0,0.0,0.0,0.0,0.0,0,0,0.2857142857142857,0.0
3008370541_ce29ce49f0.jpg,একটি কালো কুকুর পানিতে ঝাপ দিচ্ছে,0.8333333319444445,0.9999999980000001,0.909090902479339,0.909090902479339,0.6666666602469137,0.909090902479339,0,0,0.8571428571428572,0.8333333319444445
3429351222_17ae744daf.jpg,সমুদ্র সৈকতে একটি পরিবার হেঁটে যাচ্ছে,0.49999999916666665,0.4285714279591837,0.4615384558579882,0.4615384558579882,0.1818181765289258,0.4615384558579882,0,0,0.43333333333333335,0.3333333329629629
2393298349_e659308218.jpg,একজন লোক ও একটি কুকুর একটি মাঠে একটি সাদা কুকুর একটি মাঠে একটি সাদা কুকুর একটি মাঠে একটি সাদা কুকুর একটি মাঠে একটি সাদা কুকুর একটি মাঠে একটি সাদা কুকুর একটি মাঠে একটি সাদা কুকুর একটি মাঠে একটি সাদা কুকুর,0.12499999996875,0.249999999875,0.16666666216666678,0.16666666216666678,0.07999999653600014,0.1333333288444446,0,0,0.28671328671328666,0.19999999986666667
136693284.jpg,লাল শার্টের একটি শিশু লাল রঙের জামা পরে একটি ফুটবলের দিকে তাকিয়ে আছে,0.23076923059171597,0.4285714279591837,0.2999999951500001,0.2999999951500001,0.09090908586776886,0.2999999951500001,0,0,0.3829787234042553,0.13333333324444444
6144.png,একজন মেয়ে ধান হাতে ফুল নিয়ে আছে।,0.2857142853061225,0.6666666644444444,0.39999999500000005,0.39999999500000005,0.0,0.39999999500000005,0,0,0.40909090909090906,0.24999999968749997
7786.png,তিনটি শিশু নগ্ন হয়ে আছে।,0.0,0.0,0.0,0.0,0.0,0.0,0,0,0.368421052631579,0.0
391324644_d23fdf06cb.jpg,একজন স্কেটবোর্ডার একটি লাল রেলের উপর দিয়ে লাফ দিচ্ছে,0.3333333329629629,0.29999999969999996,0.31578946836565097,0.31578946836565097,0.11764705370242234,0.31578946836565097,0,0,0.43243243243243246,0.1874999998828125
2384.png,একটি নৌকায় দুইজন মানুষ আছে।,0.3999999992,0.49999999875,0.4444444385185186,0.4444444385185186,0.0,0.4444444385185186,0,0,0.42105263157894735,0.2857142853061225
2994104606_bc2df6c1f4.jpg,একটি সাদা কুকুর একটি মাঠে খেলছে,0.33333333277777777,0.49999999875,0.3999999944,0.3999999944,0.0,0.3999999944,0,0,0.47619047619047616,0.2857142853061225
7088.png,একটি ছেলে পানিতে জাল দিয়ে মাছ ধরছেন।,0.14285714265306124,0.049999999975,0.07407407017832666,0.07407407017832666,0.0,0.07407407017832666,0,0,0.33333333333333337,0.03846153844674556
15.png,একজন পুরুষ কাজ করছে।,0.249999999375,0.07692307686390532,0.11764705508650528,0.11764705508650528,0.0,0.11764705508650528,0,0,0.21276595744680848,0.06666666662222222
7402.png,সামনে অনেক রকমের খাবার দেখা যাচ্ছে।,0.16666666638888888,0.12499999984374999,0.1428571377551022,0.1428571377551022,0.0,0.1428571377551022,0,0,0.30434782608695654,0.07692307686390532
3524436870_7670df68e8.jpg,একটি কুকুর ঘাসের উপর দৌড়াচ্ছে,0.5999999988,0.49999999916666665,0.5454545395041324,0.5454545395041324,0.2499999943750001,0.39999999420000004,0,0,0.44999999999999996,0.37499999953124996
2014.png,একজন নারী কোমরে ধান <unk>,0.1999999996,0.16666666638888888,0.1818181765289258,0.1818181765289258,0.0,0.1818181765289258,0,0,0.31818181818181823,0.0999999999
3495.png,একজন নারী তাকিয়ে আছে।,0.7499999981250001,0.7499999981250001,0.7499999931250001,0.7499999931250001,0.33333332722222225,0.7499999931250001,0,0,0.8,0.5999999988
3342487512_fd33971dea.jpg,একজন স্নোবোর্ডার একটি লাফ দিলো আর চারজন লোক লাফ দেয়,0.1999999998,0.33333333277777777,0.24999999500000003,0.24999999500000003,0.09090908599173579,0.19999999480000014,0,0,0.4629629629629629,0.15384615372781063
2261169495_98254e2e66.jpg,একজন লোক একটি <unk>,0.7499999981250001,0.49999999916666665,0.5999999940000001,0.5999999940000001,0.24999999468750006,0.3999999944,0,0,0.29166666666666663,0.4285714279591837
3290465391_258429e2f9.jpg,একজন লোক একটি <unk>,0.7499999981250001,0.49999999916666665,0.5999999940000001,0.5999999940000001,0.2666666631111111,0.49999999472222234,0,0,0.44999999999999996,0.4285714279591837
2994107810_af56326389.jpg,একজন বাস্কেটবল খেলোয়াড় বল হাতে নিয়ে বল হাতে নিয়ে দাঁড়িয়ে আছে,0.2727272724793388,0.3333333329629629,0.29999999475000005,0.29999999475000005,0.17391303841209843,0.29999999475000005,0,0,0.453125,0.21428571413265304
3559781965_d4ec00e506.jpg,একটি বাদামী কুকুর ঘাসের উপর দৌড়াচ্ছে,0.8333333319444445,0.5555555549382716,0.6666666609777778,0.6666666609777778,0.46153845609467453,0.6666666609777778,0,0,0.6666666666666667,0.49999999949999996
1973.png,একজন পুরুষ তাকিয়ে আছে।,0.49999999875,0.49999999875,0.4999999937500001,0.4999999937500001,0.33333332722222225,0.4999999937500001,0,0,0.6470588235294117,0.33333333277777777
3097171315_0ba7d283b1.jpg,কালো জামা পরা এক লোক একটি সাদা রঙের কম্বলের ওপর তিনজন লোক একটি <unk> এর ভিতর টেলিভিশন দেখছে,0.16666666657407406,0.29999999969999996,0.21428570954081638,0.21428570954081638,0.07999999558400024,0.21428570954081638,0,0,0.3970588235294118,0.08695652170132324
7695.png,একজন নারী ও মহিলা একটি ছবির জন্য পোজ দিচ্ছেন।,0.1111111109876543,0.1111111109876543,0.11111110598765454,0.11111110598765454,0.0,0.11111110598765454,0,0,0.375,0.0624999999609375
5493.png,একটি ছোট্ট মেয়ে একটি হলের মধ্যে বসে আছে,0.12499999984374999,0.09090909082644627,0.10526315290858747,0.10526315290858747,0.0,0.10526315290858747,0,0,0.36585365853658536,0.06666666662222222
5398.png,একজন পুরুষ হাতে একটা ব্যাগ নিয়ে হেঁটে যাচ্ছে।,0.37499999953124996,0.29999999969999996,0.3333333280246914,0.3333333280246914,0.0,0.3333333280246914,0,0,0.46875,0.21428571413265304
513269597_c38308feaf.jpg,একটি কালো কুকুর মুখে একটি লাঠি বহন করছে,0.49999999937499995,0.3999999996,0.4444444390123457,0.4444444390123457,0.15384614863905344,0.4444444390123457,0,0,0.5675675675675675,0.2727272724793388
9030.png,একটি ছেলে মেয়ে বসে আছে।,0.5999999988,0.49999999916666665,0.5454545395041324,0.5454545395041324,0.2222222167901236,0.5454545395041324,0,0,0.4782608695652174,0.37499999953124996
3468130925_2b1489d19a.jpg,একজন রাগবি খেলোয়াড় বল নিয়ে দৌড়াচ্ছে,0.6666666655555555,0.2222222220987654,0.33333332930555554,0.33333332930555554,0.1818181781404959,0.33333332930555554,0,0,0.45833333333333337,0.2222222220987654
2960.png,একটি বড় গাছের নিচে বসে আছে।,0.16666666638888888,0.08333333326388888,0.11111110654321005,0.11111110654321005,0.0,0.11111110654321005,0,0,0.23404255319148937,0.05882352937716263
3426144752_28d63615ca.jpg,একটি শিশু লাল <unk>,0.49999999875,0.24999999968749997,0.33333332833333335,0.33333332833333335,0.0,0.1818181768595043,0,0,0.42307692307692313,0.1999999998
3484019369_354e0b88c0.jpg,একজন হকি খেলোয়াড় আরেকজনকে ধরে আছে,0.16666666638888888,0.249999999375,0.1999999948000001,0.1999999948000001,0.0,0.1999999948000001,0,0,0.48,0.1111111109876543
3547647914_4dd56a8c1b.jpg,বাইরে একদল লোক ফুটপাতে দাঁড়িয়ে আছেন।,0.33333333277777777,0.3999999992,0.36363635801652905,0.36363635801652905,0.2222222167901236,0.36363635801652905,0,0,0.625,0.2222222219753086
2137.png,একটি নৌকায় কয়েকজন মানুষ আছে।,0.1999999996,0.12499999984374999,0.15384614887573977,0.15384614887573977,0.0,0.15384614887573977,0,0,0.3548387096774194,0.09090909082644627
1594038143_57f299aa8a.jpg,একজন নারী আছে।,0.0,0.0,0.0,0.0,0.0,0.0,0,0,0.1923076923076923,0.0
1174525839_7c1e6cfa86.jpg,একজন মহিলা সাগরের পানিতে লাফাচ্ছে,0.1999999996,0.3333333322222222,0.24999999468750006,0.24999999468750006,0.0,0.24999999468750006,0,0,0.40909090909090906,0.14285714265306124
347375312_1283645985559368_3766867741936536733_n.jpg,একটি ছোট মহিলাটি একটি জমিতে একটি পুকুরের পাশে ঘাসের উপর দিয়ে হাঁটছে,0.08333333326388888,0.16666666638888888,0.11111110654321005,0.11111110654321005,0.0,0.11111110654321005,0,0,0.34782608695652173,0.06666666662222222
20220909_134236.jpg,একটি শিশু বসে আছে।,0.249999999375,0.14285714265306124,0.1818181768595043,0.1818181768595043,0.0,0.1818181768595043,0,0,0.4545454545454546,0.0999999999
2356.png,দূরে একজন মানুষ হেঁটে যাচ্ছে।,0.1999999996,0.16666666638888888,0.1818181765289258,0.1818181765289258,0.0,0.1818181765289258,0,0,0.4347826086956522,0.0999999999
8703.png,একটি রিক্সা ও একজন পুরুষ ও দুইটি শিশু আছে।,0.2222222219753086,0.1999999998,0.21052631058171756,0.21052631058171756,0.0,0.21052631058171756,0,0,0.3666666666666667,0.124999999921875
1225443522_1633e7121f.jpg,এক মহিলা একটি কুকুরকে অনুসরণ করছে,0.49999999916666665,0.19999999986666667,0.2857142813605443,0.2857142813605443,0.10526315390581731,0.2857142813605443,0,0,0.38888888888888884,0.1764705881314879
3146232740_df3da0163b.jpg,একটি কালো এবং সাদা কালো এবং সাদা কালো এবং সাদা কালো এবং সাদা কালো এবং সাদা কালো এবং সাদা কালো এবং সাদা কালো এবং সাদা কালো এবং সাদা কালো এবং সাদা কালো এবং সাদা কালো এবং সাদা কালো এবং সাদা,0.099999999975,0.3636363633057851,0.15686274165321037,0.15686274165321037,0.12244897629321125,0.15686274165321037,0,0,0.2583333333333333,0.3636363633057851
8851.png,একজন পুরুষ দাড়িয়ে আছে।,0.49999999875,0.49999999875,0.4999999937500001,0.4999999937500001,0.0,0.4999999937500001,0,0,0.6666666666666667,0.33333333277777777
3247341210_5d1e50df23.jpg,বাচ্চারা যখন <unk> <unk>,0.249999999375,0.12499999984374999,0.16666666194444454,0.16666666194444454,0.0,0.16666666194444454,0,0,0.2857142857142857,0.0999999999
3198237818_cb5eb302f0.jpg,বিকিনি পরিহিত তিনজন বিকিনি পরে আছে,0.33333333277777777,0.24999999968749997,0.2857142804081633,0.2857142804081633,0.16666666152777793,0.2857142804081633,0,0,0.4193548387096774,0.18181818165289254
3475.png,সমুদ্রের পারে একটা লোক দাঁড়িয়ে আছে।,0.16666666638888888,0.12499999984374999,0.1428571377551022,0.1428571377551022,0.0,0.1428571377551022,0,0,0.26,0.09090909082644627
3074842262_62b1b2168c.jpg,একটি ছোট্ট ছেলে একটি মাঠে খেলছে।,0.33333333277777777,0.24999999968749997,0.2857142804081633,0.2857142804081633,0.0,0.2857142804081633,0,0,0.34615384615384615,0.18181818165289254
1376.png,কয়েকজন পুরুষ দাড়িয়ে আছে।,0.49999999875,0.24999999968749997,0.33333332833333335,0.33333332833333335,0.1999999954000001,0.33333332833333335,0,0,0.375,0.1999999998
11.png,একটি সবজির দোকান।,0.3333333322222222,0.07142857137755101,0.11764705577854677,0.11764705577854677,0.0,0.11764705577854677,0,0,0.20408163265306123,0.06666666662222222
7912.png,একজন পুরুষ একটি মোটর সাইকেল চালিয়ে যাচ্ছে।,0.2857142853061225,0.33333333277777777,0.3076923022485208,0.3076923022485208,0.0,0.3076923022485208,0,0,0.4137931034482759,0.18181818165289254
5976.png,একজন পুরুষ আছে।,0.9999999966666667,0.7499999981250001,0.8571428497959185,0.8571428497959185,0.39999999360000005,0.8571428497959185,0,0,0.7333333333333334,0.7499999981250001
9113.png,টুপি পরিহিত একজন লোক দাঁড়িয়ে আছে।,0.49999999916666665,0.23076923059171597,0.31578946903047095,0.31578946903047095,0.11764705453287211,0.31578946903047095,0,0,0.34042553191489366,0.1874999998828125
7907.png,একজন পুরুষ বসে একজন পুরুষ বসে একজন পুরুষ বসে একজন পুরুষ বসে একজন পুরুষ বসে একজন পুরুষ বসে একজন পুরুষ বসে একজন পুরুষ বসে একজন পুরুষ বসে একজন পুরুষ বসে একজন পুরুষ বসে একজন পুরুষ বসে একজন পুরুষ বসে একজন,0.0499999999875,0.33333333277777777,0.08695651943289232,0.08695651943289232,0.0,0.08695651943289232,0,0,0.125,0.2857142853061225
2317714088_bcd081f926.jpg,দুজন <unk> একটি বাড়ীর সামনে দাঁড়িয়ে আছে,0.4285714279591837,0.37499999953124996,0.3999999944888889,0.3999999944888889,0.15384614863905344,0.3999999944888889,0,0,0.5769230769230769,0.24999999979166665
800.png,একজন পুরুষ তাকিয়ে আছে।,0.9999999975,0.9999999975,0.9999999925,0.9999999925,0.9999999916666666,0.9999999925,1,1,1.0,0.9999999975
6568.png,একটি নৌকায় দুইজন মানুষ আছে।,0.7999999984,0.9999999975,0.8888888819753088,0.8888888819753088,0.5714285648979592,0.8888888819753088,0,0,0.736842105263158,0.7999999984
1663.png,একজন পুরুষ একটি হুইল চেয়ারে বসে আছে আর নিচে একটি শিশু চাকা ঘুরিয়ে <unk>,0.14285714275510203,0.33333333277777777,0.19999999560000006,0.19999999560000006,0.0,0.19999999560000006,0,0,0.3793103448275862,0.119999999952
8591.png,কয়েকজন মানুষ কাজ করছে।,0.249999999375,0.14285714265306124,0.1818181768595043,0.1818181768595043,0.0,0.1818181768595043,0,0,0.3793103448275862,0.0999999999
2920.png,রাস্তা দিয়ে একটি শিশু হেঁটে যাচ্ছে।,0.33333333277777777,0.49999999875,0.3999999944,0.3999999944,0.24999999468750006,0.3999999944,0,0,0.4,0.24999999968749997
3269380710_9161b0bd00.jpg,একটি লোক দেয়ালে হেলান দিয়ে তাকিয়ে আছে,0.2857142853061225,0.18181818165289254,0.22222221722222232,0.22222221722222232,0.0,0.1818181768595043,0,0,0.33333333333333337,0.124999999921875
1281282435.jpg,দু'জন লোক ডকের উপর দিয়ে লাফ দিচ্ছে,0.2857142853061225,0.1999999998,0.23529411252595167,0.23529411252595167,0.0,0.23529411252595167,0,0,0.4838709677419355,0.13333333324444444
2404692474_37da774368.jpg,একটি কুকুর একটি বলের পিছনে ছুটছে ।,0.4285714279591837,0.49999999916666665,0.4615384558579882,0.4615384558579882,0.1818181765289258,0.4615384558579882,0,0,0.625,0.3333333329629629
947.png,সামনে একজন নারী ও একজন নারী ও একজন নারী ও একজন নারী ও একজন নারী ও একজন নারী ও একজন নারী ও একজন নারী ও একজন নারী ও একজন নারী ও একজন নারী ও একজন নারী ও একজন নারী ও,0.0499999999875,0.2857142853061225,0.08510638040742426,0.08510638040742426,0.0,0.08510638040742426,0,0,0.12030075187969924,0.2222222219753086
6995.png,একটি রাস্তা দিয়ে একটি ভবন আছে।,0.16666666638888888,0.12499999984374999,0.1428571377551022,0.1428571377551022,0.0,0.1428571377551022,0,0,0.3548387096774194,0.08333333326388888
1417637704_572b4d6557.jpg,একটি ছেলে স্টিয়ারিং এর সামনের দিকে তাকিয়ে আছে,0.12499999984374999,0.1999999996,0.15384614887573977,0.15384614887573977,0.0,0.15384614887573977,0,0,0.3448275862068966,0.08333333326388888
3107368071_724613fc4f.jpg,একজন পুরুষ হাতে <unk>,0.249999999375,0.07692307686390532,0.11764705508650528,0.11764705508650528,0.0,0.11764705508650528,0,0,0.2222222222222222,0.06666666662222222
3210.png,একজন নারী মাথায় কিছু নিয়ে বসে আছে।,0.2857142853061225,0.33333333277777777,0.3076923022485208,0.3076923022485208,0.0,0.3076923022485208,0,0,0.5652173913043479,0.18181818165289254
3476237185_9389c536a3.jpg,কালো কুকুরটি ঘাসের উপর খেলছে,0.3999999992,0.24999999968749997,0.3076923024852071,0.3076923024852071,0.1818181768595043,0.3076923024852071,0,0,0.5263157894736843,0.1999999998
2358561039_e215a8d6cd.jpg,এক <unk> এক লোককে টেনে নিয়ে যাচ্ছে,0.4285714279591837,0.4285714279591837,0.42857142295918377,0.42857142295918377,0.3333333277777778,0.42857142295918377,0,0,0.6799999999999999,0.29999999969999996
5581.png,একটি নৌকায় ২ জন মানুষ।,0.3999999992,0.2222222219753086,0.2857142807142858,0.2857142807142858,0.0,0.1818181765289258,0,0,0.6086956521739131,0.16666666652777776
4860.png,রাস্তা দিয়ে একজন মানুষ হেঁটে যাচ্ছে।,0.49999999916666665,0.49999999916666665,0.4999999941666667,0.4999999941666667,0.19999999460000012,0.4999999941666667,0,0,0.45833333333333337,0.37499999953124996
6492.png,অনেকগুলো মানুষ একসাথে দাড়িয়ে আছে।,0.3999999992,0.33333333277777777,0.36363635801652905,0.36363635801652905,0.0,0.36363635801652905,0,0,0.3571428571428571,0.2222222219753086
8504.png,একজন পুরুষ আছে।,0.3333333322222222,0.14285714265306124,0.1999999954000001,0.1999999954000001,0.0,0.1999999954000001,0,0,0.36363636363636365,0.1111111109876543
217838128_1f0a84ddc1.jpg,একটি নৌকায় একজন মানুষ আছে।,0.3999999992,0.24999999968749997,0.3076923024852071,0.3076923024852071,0.0,0.16666666152777793,0,0,0.42307692307692313,0.18181818165289254
3043904009_3b5e0412cd.jpg,একজন পুরুষ এবং মহিলা একটি <unk> <unk> <unk> <unk> <unk> <unk> <unk> <unk> <unk> <unk> <unk> <unk> <unk> <unk> <unk> <unk> <unk> <unk> <unk> <unk> <unk> <unk> <unk> <unk> <unk> <unk> <unk> <unk> <unk> <unk> <unk> <unk> <unk> <unk> <unk>,0.0499999999875,0.16666666652777776,0.07692307334319543,0.07692307334319543,0.0,0.07692307334319543,0,0,0.1132075471698113,0.124999999921875
6809.png,সামনে একজন নারী ও পিছনের হয়ে।,0.0,0.0,0.0,0.0,0.0,0.0,0,0,0.33333333333333337,0.0
3259110412_9908c45144.jpg,একজন স্কিচালক পাহাড়ের চূড়ায় দাঁড়িয়ে আছে,0.16666666638888888,0.14285714265306124,0.15384614863905344,0.15384614863905344,0.0,0.15384614863905344,0,0,0.3076923076923077,0.08333333326388888
2114355355_9d7e2d8178.jpg,একটি সাদা কুকুর নৌকায় চড়ছে,0.5999999988,0.3333333329629629,0.42857142336734694,0.42857142336734694,0.16666666194444454,0.42857142336734694,0,0,0.4285714285714286,0.29999999969999996
4763.png,জলাশয়ের পাশে একটি নৌকা দেখা যাচ্ছে।,0.33333333277777777,0.3999999992,0.36363635801652905,0.36363635801652905,0.0,0.36363635801652905,0,0,0.6363636363636364,0.2222222219753086
3315616181_15dd137e27.jpg,একজন লোক স্কেটবোর্ডে চড়ে শূন্যে লাফ দিচ্ছে,0.2857142853061225,0.2222222219753086,0.24999999476562512,0.24999999476562512,0.1428571377551022,0.24999999476562512,0,0,0.38888888888888884,0.14285714275510203
2434.png,কালো রঙের একটা কালো রঙের একটা কালো রঙের একটা কালো রঙের একটা কালো রঙের একটা কালো রঙের একটা কালো রঙের একটা কালো রঙের একটা কালো রঙের একটা কালো রঙের একটা কালো রঙের একটা কালো রঙের একটা কালো রঙের একটা কালো,0.0,0.0,0.0,0.0,0.0,0.0,0,0,0.11724137931034484,0.0
4776.png,একজন পুরুষ দাড়িয়ে আছে।,0.9999999975,0.49999999937499995,0.6666666611111112,0.6666666611111112,0.5999999946000001,0.6666666611111112,0,0,0.5357142857142857,0.571428570612245
245252561_4f20f1c89e.jpg,একটি কুকুর একটি বাদামী কুকুর দৌড়ে যাচ্ছে,0.571428570612245,0.3636363633057851,0.4444444391975309,0.4444444391975309,0.11111110654321005,0.4444444391975309,0,0,0.5357142857142857,0.1999999998
3222041930_f642f49d28.jpg,একজন লোক একটি <unk> একটি ছবি তুলছে,0.4285714279591837,0.21428571413265304,0.28571428099773244,0.28571428099773244,0.1428571377551022,0.24999999476562512,0,0,0.39473684210526316,0.15384615372781063
1919.png,একজন পুরুষ মাথায় কিছু একটা ঝুড়ি নিয়ে দাড়িয়ে আছে।,0.2222222219753086,0.33333333277777777,0.2666666615111111,0.2666666615111111,0.0,0.2666666615111111,0,0,0.40625,0.15384615372781063
100577935.jpg,একজন লোক একটি ছবির জন্য একটি ছবির জন্য একটি ছবির জন্য একটি ছবির জন্য একটি ছবির জন্য একটি ছবির জন্য একটি ছবির জন্য একটি ছবির জন্য একটি ছবির জন্য একটি ছবির জন্য একটি ছবির জন্য একটি ছবির জন্য একটি ছবির,0.12499999996875,0.23809523798185941,0.16393442166084402,0.16393442166084402,0.045454543419421574,0.13114753642569216,0,0,0.3459119496855346,0.3333333329629629
2532.png,কয়েকজন মানুষ আছে।,0.3333333322222222,0.249999999375,0.28571428000000004,0.28571428000000004,0.0,0.28571428000000004,0,0,0.5,0.16666666638888888
3679502342_7fe6ef8a36.jpg,একটি লোক একটি দালানের সামনে দাড়িয়ে আছে,0.2857142853061225,0.2222222219753086,0.24999999476562512,0.24999999476562512,0.0,0.24999999476562512,0,0,0.5,0.15384615372781063
2959941749_fa99097463.jpg,একজন হকি খেলোয়াড় গোল ব্লক করার চেষ্টা করছেন,0.37499999953124996,0.7499999981250001,0.49999999472222234,0.49999999472222234,0.1999999954000001,0.49999999472222234,0,0,0.5757575757575757,0.3333333329629629
396.png,একজন নারী হেঁটে যাচ্ছে।,0.7499999981250001,0.37499999953124996,0.49999999472222234,0.49999999472222234,0.1999999954000001,0.49999999472222234,0,0,0.48275862068965514,0.3333333329629629
3247500085_c4f641aa84.jpg,একজন লোক বাদ্যযন্ত্র বাজাচ্ছে,0.7499999981250001,0.5999999988,0.6666666602469137,0.6666666602469137,0.28571428000000004,0.6666666602469137,0,0,0.65,0.49999999916666665
2059842472_f4fb61ea08.jpg,একটি ছোট্ট ছেলেটি রংচঙা ব্লানকেটে দাঁড়িয়ে আছে।,0.2857142853061225,0.2222222219753086,0.24999999476562512,0.24999999476562512,0.1428571377551022,0.24999999476562512,0,0,0.3571428571428571,0.14285714275510203
5583.png,একটি রাস্তার পাশে অনেক মানুষ আছে।,0.33333333277777777,0.1999999998,0.24999999500000003,0.24999999500000003,0.0,0.24999999500000003,0,0,0.3589743589743589,0.15384615372781063
1921398767_771743bf4e.jpg,একটি কুকুর সমুদ্রের ঢেউয়ের সামনে দাঁড়িয়ে আছে,0.2857142853061225,0.3999999992,0.33333332791666676,0.33333332791666676,0.1999999948000001,0.33333332791666676,0,0,0.4285714285714286,0.1999999998
8924.png,সমুদ্র সৈকতে একটি ছেলে সৈকতে বালুতে দৌড়াচ্ছে।,0.14285714265306124,0.1111111109876543,0.12499999492187522,0.12499999492187522,0.0,0.12499999492187522,0,0,0.5,0.07142857137755101
979.png,৩ জন পুরুষ আছে।,0.49999999875,0.3999999992,0.4444444385185186,0.4444444385185186,0.0,0.4444444385185186,0,0,0.5,0.2857142853061225
3433470650_a8b1c27173.jpg,একটি ইটের দালানের বাইরে অনেক মানুষ শক্তি দেখাচ্ছে ।,0.3333333329629629,0.24999999979166665,0.28571428054421777,0.28571428054421777,0.10526315290858747,0.28571428054421777,0,0,0.43181818181818177,0.16666666657407406
2988439935_7cea05bc48.jpg,লাল রঙের জার্সি পরিহিত একজন ফুটবল খেলোয়াড় বলের জন্য প্রস্তুত,0.49999999949999996,0.6249999992187499,0.5555555500000001,0.5555555500000001,0.24999999476562512,0.5555555500000001,0,0,0.6363636363636364,0.3846153843195266
2077.png,এটি একটি ব্রীজ দেখা যাচ্ছে।,0.0,0.0,0.0,0.0,0.0,0.0,0,0,0.23529411764705888,0.0
1022454428_b6b660a67b.jpg,একজন পুরুষ একটি গাড়ির পাশে একটি ছেলেকে গাড়ির পাশে একটি ছেলেকে নিয়ে একটি বড় বড় সাইকেলের পাশে একটি মেয়ে একটি গাড়ি থেকে একটি বড় বড় সাইকেলের পাশে একটি মেয়ে একটি গাড়ি থেকে একটি বড় বড় সাইকেলের পাশে একটি মেয়ে একটি,0.1499999999625,0.29999999985,0.199999995488889,0.199999995488889,0.04166666360243077,0.15094339246707023,0,0,0.2789115646258503,0.19230769223372782
3462.png,একটি বাঘ আছে।,0.3333333322222222,0.249999999375,0.28571428000000004,0.28571428000000004,0.0,0.28571428000000004,0,0,0.3571428571428571,0.16666666638888888
6811.png,নৌকার উপর একজন পুরুষ বসে আছে,0.33333333277777777,0.2222222219753086,0.2666666615111111,0.2666666615111111,0.0,0.2666666615111111,0,0,0.368421052631579,0.15384615372781063
2308271254_27fb466eb4.jpg,একটি কুকুর পানিতে সাঁতার কাটছে,0.3999999992,0.33333333277777777,0.36363635801652905,0.36363635801652905,0.0,0.36363635801652905,0,0,0.6842105263157895,0.2222222219753086
5534.png,একটি দোকানে একজন পুরুষ ছাতা মাথায় দিয়ে ছাতা নিয়ে বসে আছে।,0.3636363633057851,0.9999999975,0.533333328711111,0.533333328711111,0.3076923036686391,0.533333328711111,0,0,0.368421052631579,0.3999999996
1631.png,একজন নারী বসে আছে।,0.49999999875,0.3999999992,0.4444444385185186,0.4444444385185186,0.28571428000000004,0.4444444385185186,0,0,0.6,0.2857142853061225
1552.png,কয়েকজন নারী হাত তুলে নাচ করছে যার মাঝে একজনের হাতে কিছু বিক্রি করছে যার মাঝে একজনের হাতে কিছু বিক্রি করছে যার মাঝে একজনের হাতে কিছু বিক্রি করছে যার মাঝে একজনের হাতে কিছু বিক্রি করছে যার মাঝে একজনের হাতে কিছু বিক্রি,0.0499999999875,0.6666666644444444,0.09302325447268796,0.09302325447268796,0.04878048685306366,0.09302325447268796,0,0,0.2925170068027211,0.15384615372781063
1027.png,পানিতে কয়েকজন মানুষ আছে।,0.249999999375,0.14285714265306124,0.1818181768595043,0.1818181768595043,0.0,0.1818181768595043,0,0,0.3846153846153846,0.0999999999
2946016853_ceca4f5a07.jpg,একটি সাদা কুকুর হলুদ রঙের চাকতি আকৃতির <unk>,0.49999999937499995,0.3333333330555555,0.39999999480000004,0.39999999480000004,0.2105263109141275,0.3809523758730159,0,0,0.4418604651162791,0.24999999984375
4868.png,একটি স্কুল দেখা যাচ্ছে।,0.249999999375,0.3333333322222222,0.28571428000000004,0.28571428000000004,0.0,0.28571428000000004,0,0,0.4285714285714286,0.16666666638888888
7227.png,একটি মরা গাছের নিচে একজন মানুষ দেখা যাচ্ছে।,0.37499999953124996,0.7499999981250001,0.49999999472222234,0.49999999472222234,0.1999999954000001,0.49999999472222234,0,0,0.4482758620689655,0.3333333329629629
536.png,দুইটি শিশু আছে।,0.6666666644444444,0.2857142853061225,0.39999999500000005,0.39999999500000005,0.0,0.39999999500000005,0,0,0.29166666666666663,0.24999999968749997
3266.png,একজন নারী একটি শিশু কোলে নিয়ে আছে।,0.2857142853061225,0.18181818165289254,0.22222221722222232,0.22222221722222232,0.0,0.22222221722222232,0,0,0.3913043478260869,0.124999999921875
3410.png,একজন নারী আছে।,0.6666666644444444,0.3999999992,0.49999999406250006,0.49999999406250006,0.0,0.49999999406250006,0,0,0.5,0.33333333277777777
3069786374_804e1123ac.jpg,একজন বাস্কেটবল খেলোয়াড় বল মারার প্রস্তুতি নিচ্ছে,0.0,0.0,0.0,0.0,0.0,0.0,0,0,0.29268292682926833,0.0
8801.png,প্রকৃতির কোলে একটি গাছের শিকর ঝুলছে প্রকৃতির <unk>,0.0,0.0,0.0,0.0,0.0,0.0,0,0,0.23529411764705888,0.0
346641231_599560082134013_8971390440590816718_n.jpg,তার পরনে একজোড়া কালো দাগ সহ একটি কুকুর এর সামনে দাঁড়িয়ে আছে,0.16666666652777776,0.18181818165289254,0.17391303833648408,0.17391303833648408,0.0,0.16666666152777793,0,0,0.34782608695652173,0.09523809519274376
