image,pred,precision,recall,f1,r1_f1,r2_f1,rl_f1,exact_match,normalized_exact_match,char_lev_ratio,token_jaccard
636.png,একজন পুরুষ ও একজন নারী ও একজন নারী ও একজন নারী ও একজন নারী ও একজন নারী ও একজন নারী ও একজন নারী ও একজন নারী ও একজন নারী ও একজন নারী ও একজন নারী ও একজন নারী ও একজন,0.099999999975,0.4444444439506172,0.1632653030570596,0.1632653030570596,0.0851063801177004,0.1632653030570596,0,0,0.1777777777777778,0.3333333329629629
1393.png,কিছু মানুষ আছে।,0.6666666644444444,0.2857142853061225,0.39999999500000005,0.39999999500000005,0.0,0.39999999500000005,0,0,0.2857142857142857,0.24999999968749997
8985.png,দূরে শহীদ মিনার।,0.0,0.0,0.0,0.0,0.0,0.0,0,0,0.15217391304347827,0.0
8975.png,একজন পুরুষ দাড়িয়ে আছে।,0.0,0.0,0.0,0.0,0.0,0.0,0,0,0.33333333333333337,0.0
5627.png,কয়েকজন মানুষ আছে।,0.6666666644444444,0.49999999875,0.5714285648979592,0.5714285648979592,0.39999999360000005,0.5714285648979592,0,0,0.6875,0.3999999992
IMG_20220921_123453.jpg,একটি মেয়ে একটি জাহাজের ডেকের উপর দিয়ে একটি <unk>,0.1111111109876543,0.0999999999,0.10526315279778417,0.10526315279778417,0.0,0.10526315279778417,0,0,0.3055555555555556,0.06666666662222222
2374652725_32f90fa15c.jpg,একটি কালো কুকুর বরফে দাঁড়িয়ে আছে।,0.6666666655555555,0.3333333330555555,0.4444444395061729,0.4444444395061729,0.2857142807142858,0.37499999484375,0,0,0.48571428571428577,0.28571428551020406
1613.png,কয়েকজন মানুষ আছে।,0.6666666644444444,0.49999999875,0.5714285648979592,0.5714285648979592,0.0,0.5714285648979592,0,0,0.5333333333333333,0.3999999992
7353.png,একজন পুরুষ মাথায় ইট নিয়ে আছে।,0.49999999916666665,0.4285714279591837,0.4615384558579882,0.4615384558579882,0.1818181765289258,0.4615384558579882,0,0,0.36,0.29999999969999996
1134.png,সামনে একজন নারী ও দুইটি শিশু আছে।,0.2857142853061225,0.49999999875,0.36363635834710756,0.36363635834710756,0.0,0.36363635834710756,0,0,0.30434782608695654,0.2222222219753086
3125309108_1011486589.jpg,একজন <unk> খেলোয়াড় বল হাতে নিয়ে দাঁড়িয়ে আছে,0.24999999968749997,0.2222222219753086,0.23529411238754333,0.23529411238754333,0.0,0.11764705370242234,0,0,0.35,0.13333333324444444
2371749487_d80195a2e7.jpg,একটি <unk> একটি এটিভিতে বসে আছে,0.8333333319444445,0.45454545413223135,0.5882352888581315,0.5882352888581315,0.2666666618666667,0.47058823017301044,0,0,0.41666666666666663,0.3999999996
634.png,একজন পুরুষ মাথায় একটি <unk>,0.3999999992,0.2857142853061225,0.33333332791666676,0.33333332791666676,0.0,0.33333332791666676,0,0,0.41666666666666663,0.1999999998
3180.png,একজন নারী ও একজন নারী আছে।,0.49999999916666665,0.49999999916666665,0.4999999941666667,0.4999999941666667,0.19999999460000012,0.4999999941666667,0,0,0.7272727272727273,0.4285714279591837
5999.png,একটি <unk>,0.0,0.0,0.0,0.0,0.0,0.0,0,0,0.2727272727272727,0.0
502671104_b2114246c7.jpg,একটি শিশু একটি পুকুরে সাঁতার কাটছে,0.33333333277777777,0.18181818165289254,0.2352941128027682,0.2352941128027682,0.0,0.2352941128027682,0,0,0.4054054054054054,0.07692307686390532
6214.png,একটি ফটক আছে।,0.3333333322222222,0.249999999375,0.28571428000000004,0.28571428000000004,0.0,0.28571428000000004,0,0,0.4285714285714286,0.16666666638888888
2877088081_7ca408cb25.jpg,একজন স্কেটবোর্ডার একটি বাঁকে ঘুরছে,0.5999999988,0.4285714279591837,0.4999999943055557,0.4999999943055557,0.3999999944,0.4999999943055557,0,0,0.6896551724137931,0.3333333329629629
3352791995_8db4979aca.jpg,একজন মহিলা একটি শান্তির চিহ্ন দেখাচ্ছে,0.33333333277777777,0.16666666652777776,0.22222221753086427,0.22222221753086427,0.0,0.1428571377551022,0,0,0.4375,0.124999999921875
3336759846_5220e27deb.jpg,একজন মহিলা একটি <unk>,0.7499999981250001,0.29999999969999996,0.42857142387755104,0.42857142387755104,0.0,0.28571428122448983,0,0,0.29268292682926833,0.29999999969999996
514222285_aa0c8d05b7.jpg,একজন লোক একটি বরফের পাহাড়ে স্কি করছে,0.2857142853061225,0.24999999968749997,0.2666666613333334,0.2666666613333334,0.0,0.2666666613333334,0,0,0.5,0.16666666652777776
8281.png,একটি ছেলে পানিতে সাঁতার কাটছে,0.3999999992,0.49999999875,0.4444444385185186,0.4444444385185186,0.0,0.2857142807142858,0,0,0.4545454545454546,0.2857142853061225
690.png,একজন নারী আছে।,0.9999999966666667,0.4285714279591837,0.5999999946000001,0.5999999946000001,0.24999999562500003,0.5999999946000001,0,0,0.41666666666666663,0.4285714279591837
IMG_20220915_163434.jpg,একটি শিশু আছে।,0.0,0.0,0.0,0.0,0.0,0.0,0,0,0.16666666666666663,0.0
1170586898.jpg,একটি ছেলে এবং একটি ছেলে এবং একটি ছেলে এবং একটি ছেলে এবং একটি ছেলে এবং একটি ছেলে এবং একটি ছেলে এবং একটি ছেলে এবং একটি ছেলে এবং একটি ছেলে এবং একটি ছেলে এবং একটি ছেলে এবং একটি ছেলে এবং একটি,0.07499999998125,0.1874999998828125,0.10714285302295935,0.10714285302295935,0.0,0.10714285302295935,0,0,0.24812030075187974,0.124999999921875
4802.png,একটি মাছ ধরার জাল দিয়ে মাছ বিক্রি করছেন।,0.0,0.0,0.0,0.0,0.0,0.0,0,0,0.2142857142857143,0.0
7408.png,একজন নারী আছে।,0.9999999966666667,0.5999999988,0.7499999934375,0.7499999934375,0.6666666600000001,0.7499999934375,0,0,0.5882352941176471,0.5999999988
2555.png,একজন বৃদ্ধ নারী তাকিয়ে আছে।,0.5999999988,0.2727272724793388,0.374999995234375,0.374999995234375,0.0,0.374999995234375,0,0,0.31707317073170727,0.23076923059171597
5898.png,একটি শিশু আছে।,0.0,0.0,0.0,0.0,0.0,0.0,0,0,0.19999999999999996,0.0
_MG_1672.JPG,একজন লোক একটি <unk>,0.249999999375,0.249999999375,0.2499999943750001,0.2499999943750001,0.0,0.2499999943750001,0,0,0.4,0.14285714265306124
IMG_0606.JPG,একজন পুরুষ ও একজন পুরুষ একটি শিশু আছে।,0.12499999984374999,0.12499999984374999,0.12499999484375018,0.12499999484375018,0.0,0.12499999484375018,0,0,0.31034482758620685,0.07692307686390532
3442.png,রাস্তার পাশ দিয়ে একজন মানুষ আছে।,0.16666666638888888,0.0999999999,0.12499999515625017,0.12499999515625017,0.0,0.12499999515625017,0,0,0.32499999999999996,0.07692307686390532
8585.png,একজন পুরুষ আছে।,0.0,0.0,0.0,0.0,0.0,0.0,0,0,0.3571428571428571,0.0
5454.png,কয়েকজন নারী ও একজন নারী ও একজন নারী ও একজন নারী ও একজন নারী ও একজন নারী ও একজন নারী ও একজন নারী ও একজন নারী ও একজন নারী ও একজন নারী ও একজন নারী ও একজন নারী ও একজন,0.0499999999875,0.24999999968749997,0.08333333052083343,0.08333333052083343,0.043478258270321514,0.08333333052083343,0,0,0.12592592592592589,0.1999999998
2663794355_e726ec7e05.jpg,একজন লোক একটি পাথরের উপর বসে আছে,0.2857142853061225,0.2222222219753086,0.24999999476562512,0.24999999476562512,0.0,0.24999999476562512,0,0,0.4358974358974359,0.14285714275510203
1357.png,একজন পুরুষ বসে আছে।,0.49999999875,0.13333333324444444,0.21052631224376733,0.21052631224376733,0.0,0.21052631224376733,0,0,0.18867924528301883,0.14285714275510203
2563578471_9a4e4c2ecc.jpg,একটি ছেলে সৈকতে বসে আছে,0.7999999984,0.571428570612245,0.6666666606944446,0.6666666606944446,0.1999999948000001,0.6666666606944446,0,0,0.6956521739130435,0.49999999937499995
peakpx.jpg,একজন নারী আছে।,0.3333333322222222,0.16666666638888888,0.2222222172839507,0.2222222172839507,0.0,0.2222222172839507,0,0,0.33333333333333337,0.12499999984374999
566794440_f9ec673a2f.jpg,একজন লোক একটি বেসবল খেলছে,0.1999999996,0.3333333322222222,0.24999999468750006,0.24999999468750006,0.0,0.24999999468750006,0,0,0.4,0.14285714265306124
9100.png,একটি শিশু আছে।,0.9999999966666667,0.5999999988,0.7499999934375,0.7499999934375,0.6666666600000001,0.7499999934375,0,0,0.5625,0.5999999988
2490863987_715383944a.jpg,একজন লোক একটি <unk> <unk>,0.7999999984,0.4444444439506172,0.5714285660204083,0.5714285660204083,0.16666666194444454,0.42857142336734694,0,0,0.42105263157894735,0.4444444439506172
pexels-niaz-sumon-103839943-10126101.jpg,একটি শিশু দাড়িয়ে আছে।,0.0,0.0,0.0,0.0,0.0,0.0,0,0,0.25,0.0
8425.png,একজন পুরুষ বসে কাজ করছে।,0.1999999996,0.3333333322222222,0.24999999468750006,0.24999999468750006,0.0,0.24999999468750006,0,0,0.4444444444444444,0.14285714265306124
7489.png,একটি কুকুর একটি পাখি নিয়ে দাঁড়িয়ে আছে।,0.2857142853061225,0.33333333277777777,0.3076923022485208,0.3076923022485208,0.0,0.3076923022485208,0,0,0.45833333333333337,0.1999999998
2271671533_7538ccd556.jpg,একটি তুষারাবৃত পাহাড়ের উপর একটি হ্রদ সহ বরফের পাহাড়ে উঠছে।,0.29999999969999996,0.3333333329629629,0.31578946836565097,0.31578946836565097,0.0,0.21052631058171756,0,0,0.38095238095238093,0.19999999986666667
314685044_da4390728e.jpg,একটি মহিলা একটি ভ্রাম্যমাণ আনন্দমেলায় <unk>,0.49999999916666665,0.3333333329629629,0.3999999946666667,0.3999999946666667,0.15384614887573977,0.3999999946666667,0,0,0.368421052631579,0.2727272724793388
5334.png,পাহার দিয়ে একটি ঝর্ণা আছে।,0.1999999996,0.1111111109876543,0.14285713806122466,0.14285713806122466,0.0,0.14285713806122466,0,0,0.3125,0.07692307686390532
3435233065_3411f2d29d.jpg,একটি শিশু অরণ্যে গাছের পাশ দিয়ে চড়ে।,0.2857142853061225,0.33333333277777777,0.3076923022485208,0.3076923022485208,0.0,0.3076923022485208,0,0,0.45833333333333337,0.18181818165289254
6424.png,একজন পুরুষ ও কয়েকটি শিশু আছে।,0.0,0.0,0.0,0.0,0.0,0.0,0,0,0.23809523809523814,0.0
1355703632_5683a4b6fb.jpg,একটি ছেলে একটি বেসবল খেলছে,0.1999999996,0.249999999375,0.2222222167901236,0.2222222167901236,0.0,0.2222222167901236,0,0,0.5263157894736843,0.14285714265306124
6949.png,একটি রাস্তা দিয়ে একটি সেতু আছে।,0.16666666638888888,0.249999999375,0.1999999948000001,0.1999999948000001,0.0,0.1999999948000001,0,0,0.3571428571428571,0.12499999984374999
2403.png,একটি নৌকায় একজন মানুষ আছে।,0.0,0.0,0.0,0.0,0.0,0.0,0,0,0.23529411764705888,0.0
2512682478_b67cc525c7.jpg,একটি শিশু একটি লাল রঙের একটি লাল রঙের একটি লাল রঙের একটি লাল রঙের একটি লাল রঙের একটি লাল রঙের একটি লাল রঙের একটি লাল রঙের একটি লাল রঙের একটি লাল রঙের একটি লাল রঙের একটি লাল রঙের একটি লাল,0.02499999999375,0.16666666638888888,0.04347825858223074,0.04347825858223074,0.0,0.04347825858223074,0,0,0.1586206896551724,0.1111111109876543
2084.png,একজন ছেলে ট্রেন এর ভিতর বসে আছে।,0.2857142853061225,0.24999999968749997,0.2666666613333334,0.2666666613333334,0.06451612586888672,0.2666666613333334,0,0,0.36363636363636365,0.15384615372781063
401476986_73918145a3.jpg,একটি কালো কুকুর একটি কালো কুকুর দৌড়ে বেড়াচ্ছে,0.49999999937499995,0.6666666655555555,0.5714285657142858,0.5714285657142858,0.33333332791666676,0.5714285657142858,0,0,0.5862068965517242,0.571428570612245
3778.png,একটি সুন্দর <unk>,0.3333333322222222,0.1111111109876543,0.16666666263888896,0.16666666263888896,0.0,0.16666666263888896,0,0,0.2666666666666667,0.0999999999
7201.png,কয়েকজন মানুষ আছে।,0.3333333322222222,0.249999999375,0.28571428000000004,0.28571428000000004,0.0,0.28571428000000004,0,0,0.4375,0.16666666638888888
4897.png,একটি জমিতে একজন মানুষ আছে।,0.1999999996,0.1999999996,0.19999999460000012,0.19999999460000012,0.0,0.19999999460000012,0,0,0.26315789473684215,0.1111111109876543
3016178284_ec50a09e8c.jpg,সাইকেল চালক তাদের সাইকেল চালাচ্ছে,0.5999999988,0.4285714279591837,0.4999999943055557,0.4999999943055557,0.1999999948000001,0.4999999943055557,0,0,0.6060606060606061,0.24999999968749997
3518.png,একটি শিশু গাছে ধাক্কা দিচ্ছে।,0.1999999996,0.0999999999,0.13333332871111125,0.13333332871111125,0.0,0.13333332871111125,0,0,0.2941176470588235,0.07142857137755101
2856252334_1b1a230e70.jpg,একটি ছেলে স্টাইল ধরে দাড়িয়ে আছে।,0.33333333277777777,0.2857142853061225,0.3076923022485208,0.3076923022485208,0.1818181765289258,0.3076923022485208,0,0,0.64,0.18181818165289254
3330654550_3efe9a71af.jpg,একটি <unk> <unk> <unk> <unk>,0.1999999996,0.1999999996,0.19999999460000012,0.19999999460000012,0.0,0.19999999460000012,0,0,0.22857142857142854,0.16666666638888888
1466479163_439db855af.jpg,একটি কুকুর একটি ফ্রিসবি ধরার চেষ্টা করছে,0.2857142853061225,0.33333333277777777,0.3076923022485208,0.3076923022485208,0.1818181765289258,0.3076923022485208,0,0,0.4285714285714286,0.1999999998
3436.png,অনেকগুলো মানুষ আছে।,0.6666666644444444,0.24999999968749997,0.36363635900826446,0.36363635900826446,0.0,0.36363635900826446,0,0,0.3666666666666667,0.2222222219753086
3441145615_b4fcd9eea0.jpg,একটি সাইকেল নিয়ে যাচ্ছে এবং পিছনে অনেকগুলো মানুষ আছে।,0.2222222219753086,0.2222222219753086,0.22222221697530875,0.22222221697530875,0.0,0.22222221697530875,0,0,0.34693877551020413,0.124999999921875
1171.png,একজন নারী ও একজন নারী আছে।,0.49999999916666665,0.49999999916666665,0.4999999941666667,0.4999999941666667,0.19999999460000012,0.4999999941666667,0,0,0.6363636363636364,0.4285714279591837
2895700779_fac1d9d278.jpg,একটি শিশু আছে।,0.3333333322222222,0.14285714265306124,0.1999999954000001,0.1999999954000001,0.0,0.1999999954000001,0,0,0.19999999999999996,0.1111111109876543
2747714500_49476225c6.jpg,কয়েকজন মেয়ে শিশু আছে।,0.249999999375,0.1999999996,0.2222222167901236,0.2222222167901236,0.0,0.2222222167901236,0,0,0.4117647058823529,0.12499999984374999
7969.png,একজন নারী আছে।,0.3333333322222222,0.3333333322222222,0.33333332722222225,0.33333332722222225,0.0,0.33333332722222225,0,0,0.6,0.1999999996
2257099774_37d0d3aa9a.jpg,একটি কালো শার্ট পরা একজন বয়স্ক লোক বাক্স,0.37499999953124996,0.29999999969999996,0.3333333280246914,0.3333333280246914,0.0,0.22222221703703712,0,0,0.33333333333333337,0.19999999986666667
_MG_3151.JPG,একটা ছেলে দাড়িয়ে আছে,0.49999999875,0.49999999875,0.4999999937500001,0.4999999937500001,0.0,0.4999999937500001,0,0,0.6153846153846154,0.33333333277777777
1263126002_881ebd7ac9.jpg,একটি শিশু একটি <unk> খাচ্ছে,0.5999999988,0.4285714279591837,0.4999999943055557,0.4999999943055557,0.1999999948000001,0.33333332791666676,0,0,0.32432432432432434,0.24999999968749997
5862.png,একটি লোক একটি <unk>,0.49999999875,0.1999999998,0.28571428122448983,0.28571428122448983,0.0,0.28571428122448983,0,0,0.2564102564102564,0.09090909082644627
3208074567_ac44aeb3f3.jpg,এক ব্যক্তি তার হাত দিয়ে একটি পানির মধ্যে পুলি দিয়ে পানি ছিটাচ্ছে,0.16666666652777776,0.33333333277777777,0.22222221753086427,0.22222221753086427,0.0,0.22222221753086427,0,0,0.3571428571428571,0.124999999921875
2974.png,অনেকগুলো নারী ও অনেকগুলো মানুষ আছে।,0.16666666638888888,0.14285714265306124,0.15384614863905344,0.15384614863905344,0.0,0.15384614863905344,0,0,0.24242424242424243,0.09090909082644627
247097023_e656d5854d.jpg,একজন লোক পাথরের উপরে দাড়িয়ে আছে।,0.49999999916666665,0.21428571413265304,0.2999999955,0.2999999955,0.13333332871111125,0.2352941128027682,0,0,0.7391304347826086,0.1764705881314879
3751594676_edfbfa0688.jpg,একটি শিশু একটি <unk>,0.249999999375,0.249999999375,0.2499999943750001,0.2499999943750001,0.1111111082098766,0.2499999943750001,0,0,0.4285714285714286,0.16666666638888888
1375.png,একটি মুরগি ও একটি গরু আছে।,0.0,0.0,0.0,0.0,0.0,0.0,0,0,0.31034482758620685,0.0
2648165716_02e2e74fd6.jpg,একটি শিশু একটি <unk>,0.49999999875,0.2857142853061225,0.36363635834710756,0.36363635834710756,0.2222222172839507,0.36363635834710756,0,0,0.33333333333333337,0.24999999968749997
3484.png,একজন পুরুষ দাড়িয়ে আছে।,0.9999999975,0.4444444439506172,0.6153846101775148,0.6153846101775148,0.5454545404958677,0.6153846101775148,0,0,0.41666666666666663,0.49999999937499995
3585123310_9a8e94bd2b.jpg,একটি কুকুর একটি ফ্রিসবি ধরার চেষ্টা করছে,0.14285714265306124,0.1999999996,0.16666666152777793,0.16666666152777793,0.0,0.16666666152777793,0,0,0.41025641025641024,0.0999999999
2869.png,একজন পুরুষ ও একজন নারী আছে।,0.16666666638888888,0.3333333322222222,0.2222222172839507,0.2222222172839507,0.0,0.2222222172839507,0,0,0.2857142857142857,0.14285714265306124
2148695079_9ae6a9b1c7.jpg,একটি সাদা কুকুর একটি বরফের পাহাড় থেকে দূরে,0.49999999937499995,0.3999999996,0.4444444390123457,0.4444444390123457,0.3076923022485208,0.4444444390123457,0,0,0.5945945945945945,0.30769230745562126
1663454406_5e2cf8c5bb.jpg,একজন মহিলা একটি <unk> অতিক্রম করার চেষ্টা করছে,0.37499999953124996,0.1874999998828125,0.24999999534722225,0.24999999534722225,0.0,0.16666666208333344,0,0,0.38235294117647056,0.149999999925
3511890331_6163612bb9.jpg,একটি ঘোড়া একটি বাদামী ঘোড়া চড়ছে,0.49999999916666665,0.23076923059171597,0.31578946903047095,0.31578946903047095,0.11764705453287211,0.31578946903047095,0,0,0.48571428571428577,0.14285714275510203
244368383_e90b6b2f20.jpg,কিছু বাচ্চা একটি বাসার সামনে দাড়িয়ে আছে।,0.14285714265306124,0.1999999996,0.16666666152777793,0.16666666152777793,0.0,0.16666666152777793,0,0,0.31999999999999995,0.09090909082644627
252802010_3d47bee500.jpg,দুটি কুকুর ঘাসের উপর দৌড়াচ্ছে,0.5999999988,0.5999999988,0.5999999938,0.5999999938,0.4999999937500001,0.5999999938,0,0,0.6842105263157895,0.4285714279591837
2839807428_efe42423f2.jpg,একটি ছেলে একটি বল মারতে লাফ দিচ্ছে,0.2857142853061225,0.2857142853061225,0.28571428030612256,0.28571428030612256,0.0,0.28571428030612256,0,0,0.46153846153846156,0.14285714275510203
3304556387_203b9d4db0.jpg,একটি কুকুর একটি কুকুরকে <unk>,0.5999999988,0.19999999986666667,0.29999999595000004,0.29999999595000004,0.0,0.19999999605000005,0,0,0.4137931034482759,0.1874999998828125
7887.png,একটি নৌকায় কয়েকজন মানুষ আছে।,0.3999999992,0.3999999992,0.39999999420000004,0.39999999420000004,0.0,0.19999999460000012,0,0,0.45833333333333337,0.24999999968749997
5950.png,একজন পুরুষ বসে আছে।,0.9999999975,0.4444444439506172,0.6153846101775148,0.6153846101775148,0.5454545404958677,0.6153846101775148,0,0,0.4242424242424242,0.4444444439506172
8992.png,একজন লোক একটি <unk>,0.49999999875,0.15384615372781063,0.2352941137716263,0.2352941137716263,0.1333333299555556,0.2352941137716263,0,0,0.25531914893617025,0.13333333324444444
8225.png,একজন ছোট ছেলে দাড়িয়ে আছে।,0.3999999992,0.18181818165289254,0.249999995390625,0.249999995390625,0.0,0.249999995390625,0,0,0.5294117647058824,0.14285714275510203
364213568_7f83e7d144.jpg,একটি কুকুর পানিতে খেলছে,0.49999999875,0.2222222219753086,0.3076923029585799,0.3076923029585799,0.18181817752066123,0.3076923029585799,0,0,0.31707317073170727,0.1999999998
278608022_4175813019.jpg,একটি ছেলে একটি ফুটবলে লাথি মারার জন্য লড়াই করছে,0.3333333329629629,0.29999999969999996,0.31578946836565097,0.31578946836565097,0.0,0.31578946836565097,0,0,0.4117647058823529,0.13333333324444444
3702436188_2c26192fd0.jpg,একজন লোক একটি <unk> উপর দিয়ে নিচে নামছে,0.24999999968749997,0.6666666644444444,0.36363635900826446,0.36363635900826446,0.22222221827160496,0.36363635900826446,0,0,0.43243243243243246,0.2222222219753086
3320356356_1497e53f80.jpg,একজন পুরুষ আছে।,0.3333333322222222,0.1999999996,0.24999999468750006,0.24999999468750006,0.0,0.24999999468750006,0,0,0.5,0.14285714265306124
3124549928_10904a5a83.jpg,একটি ছোট বাচ্চা মেয়ে,0.49999999875,0.18181818165289254,0.26666666240000003,0.26666666240000003,0.0,0.26666666240000003,0,0,0.4,0.15384615372781063
2445442929_8c81d42460.jpg,একজন পুরুষ আছে।,0.3333333322222222,0.1111111109876543,0.16666666263888896,0.16666666263888896,0.0,0.16666666263888896,0,0,0.2727272727272727,0.09090909082644627
7813.png,একজন পুরুষ আছে।,0.6666666644444444,0.3999999992,0.49999999406250006,0.49999999406250006,0.0,0.49999999406250006,0,0,0.44999999999999996,0.33333333277777777
694496803_f2a05869cf.jpg,এক লোক একটি <unk>,0.49999999875,0.1999999998,0.28571428122448983,0.28571428122448983,0.16666666263888896,0.28571428122448983,0,0,0.2564102564102564,0.18181818165289254
6723.png,কয়েকজন পুরুষ আছে।,0.9999999966666667,0.49999999916666665,0.6666666607407408,0.6666666607407408,0.5714285657142857,0.6666666607407408,0,0,0.5454545454545454,0.49999999916666665
2359.png,একটি ছেলে একটি বড় গাছের পাশে দাঁড়িয়ে আছে,0.24999999968749997,0.14285714275510203,0.1818181770247935,0.1818181770247935,0.0,0.1818181770247935,0,0,0.40740740740740744,0.10526315783933518
2608.png,একজন পুরুষ হাতে একটা <unk>,0.1999999996,0.14285714265306124,0.16666666152777793,0.16666666152777793,0.0,0.16666666152777793,0,0,0.33333333333333337,0.09090909082644627
4564.png,৪ জন ছেলে দাড়িয়ে আছে।,0.3999999992,0.24999999968749997,0.3076923024852071,0.3076923024852071,0.1818181768595043,0.3076923024852071,0,0,0.3548387096774194,0.18181818165289254
3616638478_641d02183d.jpg,দু'জন মহিলা একটি <unk> <unk>,0.3999999992,0.16666666652777776,0.23529411321799312,0.23529411321799312,0.0,0.16666666152777793,0,0,0.3076923076923077,0.16666666652777776
3477672764_7f07657a26.jpg,ছেলেরা ফুটবল খেলছে,0.3333333322222222,0.14285714265306124,0.1999999954000001,0.1999999954000001,0.0,0.1999999954000001,0,0,0.2777777777777778,0.1111111109876543
3139895886_5a6d495b13.jpg,একটি কুকুর একটি মাঠে দ্রুত দৌড়াচ্ছে।,0.49999999916666665,0.24999999979166665,0.33333332851851855,0.33333332851851855,0.19999999460000012,0.3333333277777778,0,0,0.5217391304347826,0.2222222219753086
3206058778_7053ee6b52.jpg,একজন মহিলা একটি <unk>,0.49999999875,0.2222222219753086,0.3076923029585799,0.3076923029585799,0.0,0.3076923029585799,0,0,0.25,0.18181818165289254
844.png,১ জন মহিলা ১ জন ছোট ছেলে ১ জন ছোট ছেলে ১ জন ছোট ছেলে ১ জন ছোট ছেলে ১ জন ছোট ছেলে ১ জন ছোট ছেলে ১ জন ছোট ছেলে ১ জন ছোট ছেলে ১ জন ছোট ছেলে ১,0.02499999999375,0.1111111109876543,0.04081632351520222,0.04081632351520222,0.0,0.04081632351520222,0,0,0.13761467889908252,0.07692307686390532
343942396_206148098835090_237545729238315663_n.jpg,একটি শিশু দাড়িয়ে আছে।,0.249999999375,0.08333333326388888,0.1249999960937501,0.1249999960937501,0.0,0.1249999960937501,0,0,0.2857142857142857,0.07142857137755101
4745.png,একটি নৌকায় একজন মানুষ আছে।,0.1999999996,0.3333333322222222,0.24999999468750006,0.24999999468750006,0.0,0.24999999468750006,0,0,0.3157894736842105,0.14285714265306124
3189307452_aebc12380b.jpg,একটি সাদা কুকুর একটি ফ্রিসবি নিয়ে খেলছে,0.4285714279591837,0.4285714279591837,0.42857142295918377,0.42857142295918377,0.24999999500000003,0.42857142295918377,0,0,0.5,0.29999999969999996
526955751_f519d62b58.jpg,একটি শিশু পানিতে খেলছে,0.249999999375,0.0999999999,0.14285713857142868,0.14285713857142868,0.0,0.14285713857142868,0,0,0.21739130434782605,0.07692307686390532
5537.png,একটি পরিবার একটি ভলিবল খেলছে,0.1999999996,0.0999999999,0.13333332871111125,0.13333332871111125,0.0,0.13333332871111125,0,0,0.32352941176470584,0.07692307686390532
5251.png,কয়েকজন পুরুষ দাড়িয়ে আছে।,0.7499999981250001,0.49999999916666665,0.5999999940000001,0.5999999940000001,0.24999999468750006,0.5999999940000001,0,0,0.4666666666666667,0.4285714279591837
7535.png,একটি শিশু আছে।,0.9999999966666667,0.7499999981250001,0.8571428497959185,0.8571428497959185,0.39999999360000005,0.8571428497959185,0,0,0.6923076923076923,0.7499999981250001
3625519177_4c2bb9e7f0.jpg,একজন লোক একটি <unk>,0.49999999875,0.33333333277777777,0.3999999944,0.3999999944,0.24999999468750006,0.3999999944,0,0,0.4347826086956522,0.24999999968749997
818340833_7b963c0ee3.jpg,একটি সাদা কুকুর একটি লাঠি নিয়ে দাঁড়িয়ে আছে,0.6249999992187499,0.45454545413223135,0.5263157840443214,0.5263157840443214,0.35294117121107266,0.5263157840443214,0,0,0.5405405405405406,0.3333333330555555
3000.png,সূর্য ডুবা দেখছেন সূর্য আছে।,0.1999999996,0.16666666638888888,0.1818181765289258,0.1818181765289258,0.0,0.1818181765289258,0,0,0.31999999999999995,0.1111111109876543
3452.png,একজন বয়স্ক নারী কলশী নিয়ে বসে আছে।,0.571428570612245,0.6666666655555555,0.6153846094674558,0.6153846094674558,0.36363635801652905,0.6153846094674558,0,0,0.64,0.4444444439506172
5243.png,একজন পুরুষ মানুষ আছে।,0.49999999875,0.6666666644444444,0.5714285648979592,0.5714285648979592,0.39999999360000005,0.5714285648979592,0,0,0.5333333333333333,0.3999999992
8523.png,একটি নৌকায় দুইজন মানুষ আছে।,0.3999999992,0.3999999992,0.39999999420000004,0.39999999420000004,0.0,0.19999999460000012,0,0,0.30000000000000004,0.24999999968749997
3074617663_2f2634081d.jpg,একটি কুকুর একটি টেনিস বল নিয়ে খেলছে,0.4285714279591837,0.2727272724793388,0.33333332820987654,0.33333332820987654,0.1999999948000001,0.33333332820987654,0,0,0.52,0.2222222219753086
2809793070_1a3387cd6e.jpg,কালো কুকুরটি পানি থেকে দূরে তাকাচ্ছে,0.16666666638888888,0.1999999996,0.1818181765289258,0.1818181765289258,0.0,0.1818181765289258,0,0,0.4285714285714286,0.0999999999
50030244_02cd4de372.jpg,একটি কুকুর ঘাসে বসে আছে।,0.3999999992,0.24999999968749997,0.3076923024852071,0.3076923024852071,0.0,0.3076923024852071,0,0,0.5,0.18181818165289254
3392293702_ccb0599857.jpg,তিনটি কুকুর বরফের মধ্যে একটি বরফের মধ্যে একটি বরফের মধ্যে একটি বরফের মধ্যে একটি বরফের মধ্যে একটি বরফের মধ্যে একটি বরফের মধ্যে একটি বরফের মধ্যে একটি বরফের মধ্যে একটি বরফের মধ্যে একটি বরফের মধ্যে একটি বরফের মধ্যে একটি বরফের মধ্যে,0.099999999975,0.49999999937499995,0.16666666381944448,0.16666666381944448,0.043478258270321514,0.12499999717013895,0,0,0.15116279069767447,0.3333333329629629
8899.png,একজন নারী একটি <unk>,0.49999999875,0.2857142853061225,0.36363635834710756,0.36363635834710756,0.2222222172839507,0.36363635834710756,0,0,0.4347826086956522,0.2222222219753086
1015584366_dfcec3c85a.jpg,একটি কুকুর বনের মধ্যে দিয়ে ধরে আছে,0.4285714279591837,0.2727272724793388,0.33333332820987654,0.33333332820987654,0.0909090868595043,0.33333332820987654,0,0,0.4444444444444444,0.21428571413265304
6114.png,একটি সেতুর উপরে কিছু মানুষ আছে।,0.49999999916666665,0.37499999953124996,0.4285714230612245,0.4285714230612245,0.16666666152777793,0.2857142804081633,0,0,0.43333333333333335,0.2727272724793388
5012.png,একটি ছেলে একটি দালানের সামনে বসে আছে,0.14285714265306124,0.249999999375,0.1818181768595043,0.1818181768595043,0.0,0.1818181768595043,0,0,0.4,0.1111111109876543
7307.png,একটি শিশু আছে।,0.3333333322222222,0.3333333322222222,0.33333332722222225,0.33333332722222225,0.0,0.33333332722222225,0,0,0.6,0.1999999996
2752926645_801a198ff6.jpg,লোক টির হাতে একটি ঘড়ি,0.5999999988,0.3333333329629629,0.42857142336734694,0.42857142336734694,0.0,0.2857142807142858,0,0,0.33333333333333337,0.2727272724793388
2363100645_c3423a0433.jpg,একটি মেয়ে একটি <unk>,0.49999999875,0.2857142853061225,0.36363635834710756,0.36363635834710756,0.0,0.36363635834710756,0,0,0.375,0.24999999968749997
390992388_d74daee638.jpg,একটি স্কাইয়ার বরফ ঢাকা পাহাড়ে স্কি করে,0.14285714265306124,0.16666666638888888,0.15384614863905344,0.15384614863905344,0.0,0.15384614863905344,0,0,0.5769230769230769,0.08333333326388888
542179694_e170e9e465.jpg,একটি <unk> একটি ছোট <unk>,0.5999999988,0.19999999986666667,0.29999999595000004,0.29999999595000004,0.15384614934911253,0.29999999595000004,0,0,0.34615384615384615,0.18181818165289254
2908.png,কয়েকজন পুরুষ আছে।,0.6666666644444444,0.2222222219753086,0.3333333290277778,0.3333333290277778,0.0,0.3333333290277778,0,0,0.2571428571428571,0.2222222219753086
3064716525_b8418d4946.jpg,একটি কুকুর একটি পোলের উপর দিয়ে লাফ দিচ্ছে,0.7499999990624999,0.5999999993999999,0.6666666609876544,0.6666666609876544,0.374999994609375,0.6666666609876544,0,0,0.7058823529411764,0.5555555549382716
7146.png,একটি শিশু ট্রেন এর সামনে দাড়িয়ে আছে একজন মেয়ে একটা ছেলে একটা মেয়ে একটা ছেলে একটা মেয়ে একটা ছেলে একটা মেয়ে একটা ছেলে একটা মেয়ে একটা ছেলে একটা মেয়ে একটা ছেলে একটা মেয়ে একটা ছেলে একটা মেয়ে একটা ছেলে একটা,0.02499999999375,0.3333333322222222,0.04651162658734455,0.04651162658734455,0.0,0.04651162658734455,0,0,0.11347517730496459,0.07692307686390532
3715559023_70c41b31c7.jpg,একটি শিশু ঝর্ণার পানিতে নেমে গোসল করছে।,0.2857142853061225,0.1999999998,0.23529411252595167,0.23529411252595167,0.0,0.23529411252595167,0,0,0.4285714285714286,0.13333333324444444
3214573346_d3a57f0328.jpg,একটি কুকুর একটি সাদা কুকুর একটি সাদা কুকুর একটি সাদা কুকুর একটি সাদা কুকুর একটি সাদা কুকুর একটি সাদা কুকুর একটি সাদা কুকুর একটি সাদা কুকুর একটি সাদা কুকুর একটি সাদা কুকুর একটি সাদা কুকুর একটি সাদা কুকুর একটি সাদা,0.099999999975,0.30769230745562126,0.15094339246707023,0.15094339246707023,0.043478258270321514,0.15094339246707023,0,0,0.2465753424657534,0.24999999979166665
178.png,একজন পুরুষ ঝালাইয়ের কাজ করছে।,0.1999999996,0.16666666638888888,0.1818181765289258,0.1818181765289258,0.0,0.1818181765289258,0,0,0.3913043478260869,0.0999999999
8679.png,পানিতে কয়েকজন মানুষ আছে।,0.249999999375,0.16666666638888888,0.1999999948000001,0.1999999948000001,0.0,0.1999999948000001,0,0,0.25,0.1111111109876543
3944.png,একজন পুরুষ ও একজন পুরুষ ও একজন পুরুষ বসে আছে।,0.1999999998,0.2857142853061225,0.23529411252595167,0.23529411252595167,0.0,0.23529411252595167,0,0,0.38888888888888884,0.2222222219753086
3403263046_3cc701a07a.jpg,একজন মহিলা বাস্কেটবল হাতে নিয়ে দাঁড়িয়ে আছে,0.7142857132653061,0.3846153843195266,0.4999999949499999,0.4999999949499999,0.22222221753086427,0.4999999949499999,0,0,0.5,0.3333333331111111
2468.png,একজন পুরুষ ও কয়েকজন মানুষ আছে।,0.33333333277777777,0.2857142853061225,0.3076923022485208,0.3076923022485208,0.0,0.3076923022485208,0,0,0.36,0.18181818165289254
2839532455_36a7dc4758.jpg,একটি কুকুর বল নিয়ে দাঁড়িয়ে আছে,0.6666666655555555,0.49999999937499995,0.5714285657142858,0.5714285657142858,0.16666666152777793,0.5714285657142858,0,0,0.5,0.4444444439506172
6797.png,একজন পুরুষ একটি <unk> <unk> <unk> <unk> <unk> <unk> <unk> <unk> <unk> <unk> <unk> <unk> <unk> <unk> <unk> <unk> <unk> <unk> <unk> <unk> <unk> <unk> <unk> <unk> <unk> <unk> <unk> <unk> <unk> <unk> <unk> <unk> <unk> <unk> <unk> <unk> <unk>,0.0499999999875,0.2222222219753086,0.08163265002915464,0.08163265002915464,0.0,0.08163265002915464,0,0,0.08750000000000002,0.18181818165289254
1814391289_83a1eb71d3.jpg,একটি মহিলা একটি বার কে <unk> <unk> <unk> <unk> <unk> <unk> <unk> <unk> <unk> <unk> <unk> <unk> <unk> <unk> <unk> <unk> <unk> <unk> <unk> <unk> <unk> <unk> <unk> <unk> <unk> <unk> <unk> <unk> <unk> <unk> <unk> <unk> <unk> <unk> <unk>,0.0499999999875,0.24999999968749997,0.08333333052083343,0.08333333052083343,0.0,0.08333333052083343,0,0,0.09615384615384615,0.18181818165289254
194.png,একটি নৌকায় কয়েকজন মানুষ আছে।,0.1999999996,0.1111111109876543,0.14285713806122466,0.14285713806122466,0.0,0.14285713806122466,0,0,0.4193548387096774,0.07692307686390532
4234.png,একটি বাঁশের সাঁকোর উপর থেকে মাছ ধরার জাল দিয়ে আছে।,0.1999999998,0.33333333277777777,0.24999999500000003,0.24999999500000003,0.0,0.24999999500000003,0,0,0.3529411764705882,0.14285714275510203
7752.png,সরিষা ক্ষেতের মাঝে একজন মানুষ আছে।,0.49999999916666665,0.5999999988,0.5454545395041324,0.5454545395041324,0.13333332871111125,0.5454545395041324,0,0,0.7391304347826086,0.37499999953124996
6637.png,একটি সাপ আছে।,0.6666666644444444,0.49999999875,0.5714285648979592,0.5714285648979592,0.0,0.5714285648979592,0,0,0.5,0.3999999992
3491.png,একটি নৌকায় দুইজন মানুষ আছে।,0.9999999980000001,0.8333333319444445,0.909090902479339,0.909090902479339,0.6666666602469137,0.909090902479339,0,0,0.8636363636363636,0.8333333319444445
8108.png,একজন নারী আছে।,0.9999999966666667,0.7499999981250001,0.8571428497959185,0.8571428497959185,0.39999999360000005,0.8571428497959185,0,0,0.7142857142857143,0.7499999981250001
3437.png,একজন পুরুষ মাথায় <unk> <unk>,0.7999999984,0.3999999996,0.5333333281777778,0.5333333281777778,0.15384614934911253,0.5333333281777778,0,0,0.5,0.3999999996
1148238960_f8cacec2fc.jpg,একটি <unk> একটি <unk> একটি <unk> একটি <unk> একটি <unk> একটি <unk> একটি <unk> একটি <unk> একটি <unk> একটি <unk> একটি <unk> একটি <unk> একটি <unk> একটি <unk> একটি <unk> একটি <unk> একটি <unk> একটি <unk> একটি <unk> একটি <unk>,0.07499999998125,0.49999999916666665,0.1304347802835539,0.1304347802835539,0.09090908885330583,0.1304347802835539,0,0,0.09433962264150941,0.3999999992
2944836001_b38b516286.jpg,একজন লোক তার হাত দিয়ে একটি <unk>,0.2857142853061225,0.18181818165289254,0.22222221722222232,0.22222221722222232,0.0,0.16666666152777793,0,0,0.3529411764705882,0.13333333324444444
103625356.jpg,একজন লোক একটি <unk> একটি <unk> একটি <unk> একটি <unk> একটি <unk> একটি <unk> একটি <unk> একটি <unk> একটি <unk> একটি <unk> একটি <unk> একটি <unk> একটি <unk> একটি <unk> একটি <unk> একটি <unk> একটি <unk> একটি <unk> একটি <unk>,0.12499999996875,0.3846153843195266,0.188679241509434,0.188679241509434,0.07843136891964646,0.188679241509434,0,0,0.24528301886792447,0.3333333330555555
IMG_9893.JPG,একজন লোক দাঁড়িয়ে আছে,0.7499999981250001,0.4285714279591837,0.5454545398347109,0.5454545398347109,0.2222222172839507,0.5454545398347109,0,0,0.44999999999999996,0.37499999953124996
850.png,অনেকগুলো মানুষ আছে।,0.6666666644444444,0.1999999998,0.3076923036686391,0.3076923036686391,0.0,0.3076923036686391,0,0,0.28,0.1999999998
3488.png,একজন পুরুষ একটি <unk>,0.7499999981250001,0.4285714279591837,0.5454545398347109,0.5454545398347109,0.44444443901234576,0.5454545398347109,0,0,0.4814814814814815,0.37499999953124996
660.png,একটি নৌকায় একজন লোক দাঁড়িয়ে আছে।,0.33333333277777777,0.3999999992,0.36363635801652905,0.36363635801652905,0.0,0.36363635801652905,0,0,0.4545454545454546,0.2222222219753086
7815.png,একটি শিশু একটি গরু নিয়ে হেটে যাচ্ছে আর পিছনে পাহাড় দেখা যাচ্ছে।,0.24999999979166665,0.21428571413265304,0.23076922562130187,0.23076922562130187,0.0833333282986114,0.23076922562130187,0,0,0.3529411764705882,0.14285714278911565
3851.png,একটি ছেলে বসে আছে।,0.49999999875,0.33333333277777777,0.3999999944,0.3999999944,0.0,0.3999999944,0,0,0.3913043478260869,0.24999999968749997
109.png,একটি শিশু আছে।,0.3333333322222222,0.0999999999,0.15384615005917168,0.15384615005917168,0.0,0.15384615005917168,0,0,0.1842105263157895,0.0999999999
4537.png,একজন বাচ্চা মেয়ে বসে আছে।,0.3999999992,0.24999999968749997,0.3076923024852071,0.3076923024852071,0.0,0.3076923024852071,0,0,0.40740740740740744,0.18181818165289254
1280147517_98767ca3b3.jpg,একটি নৌকার ডেকের উপর দিয়ে একটি <unk>,0.2857142853061225,0.49999999875,0.36363635834710756,0.36363635834710756,0.1428571377551022,0.36363635834710756,0,0,0.42307692307692313,0.24999999968749997
2584487952_f70e5aa9bf.jpg,একটি কুকুর ঘাসের মধ্যে দিয়ে চলছে,0.49999999916666665,0.37499999953124996,0.4285714230612245,0.4285714230612245,0.1818181765289258,0.4285714230612245,0,0,0.5,0.2727272724793388
3411393875_a9ff73c67a.jpg,একটি মেয়ে একটি পানীয় হাতে একটি পানীয় হাতে একটি পানীয় হাতে একটি পানীয় হাতে একটি পানীয় হাতে একটি পানীয় হাতে একটি পানীয় হাতে একটি পানীয় হাতে একটি পানীয় হাতে একটি পানীয় হাতে একটি পানীয় হাতে একটি পানীয় হাতে একটি পানীয়,0.02499999999375,0.07142857137755101,0.03703703318244211,0.03703703318244211,0.0,0.03703703318244211,0,0,0.21232876712328763,0.05882352937716263
3616525288_9c19223de6.jpg,ঘোড়া এবং বাদামী ঘোড়া দৌড়াচ্ছে,0.3999999992,0.3999999992,0.39999999420000004,0.39999999420000004,0.0,0.39999999420000004,0,0,0.3529411764705882,0.33333333277777777
8141.png,একজন পুরুষ ও একজন পুরুষ দাড়িয়ে আছে।,0.571428570612245,0.6666666655555555,0.6153846094674558,0.6153846094674558,0.36363635801652905,0.6153846094674558,0,0,0.5769230769230769,0.571428570612245
5240.png,একটি পুকুর ও গাছ ও গাছ আছে।,0.4285714279591837,0.4285714279591837,0.42857142295918377,0.42857142295918377,0.3333333277777778,0.42857142295918377,0,0,0.56,0.3333333329629629
6999.png,একটি হেলিকপ্টার আছে।,0.0,0.0,0.0,0.0,0.0,0.0,0,0,0.2857142857142857,0.0
2553.png,একজন পুরুষ ও একজন নারী আছে।,0.16666666638888888,0.14285714265306124,0.15384614863905344,0.15384614863905344,0.0,0.15384614863905344,0,0,0.3846153846153846,0.09090909082644627
_MG_1225.JPG,একজন লোক একটি <unk>,0.249999999375,0.1999999996,0.2222222167901236,0.2222222167901236,0.0,0.2222222167901236,0,0,0.368421052631579,0.12499999984374999
350529848_9569a3bcbc.jpg,একটি কালো কুকুর পানিতে দৌড়াচ্ছে,0.5999999988,0.23076923059171597,0.33333332895061735,0.33333332895061735,0.1249999960937501,0.22222221796296296,0,0,0.4,0.21428571413265304
387078972_514a38dc33.jpg,একটি সাদা কুকুর একটি <unk>,0.7999999984,0.49999999937499995,0.615384609704142,0.615384609704142,0.4999999937500001,0.615384609704142,0,0,0.6666666666666667,0.49999999916666665
6793.png,একজন বয়স্ক নারী আছে।,0.249999999375,0.16666666638888888,0.1999999948000001,0.1999999948000001,0.0,0.1999999948000001,0,0,0.3846153846153846,0.1111111109876543
4903.png,একটি ট্রেন এর প্লাটফর্মে অনেক মানুষ দেখা যাচ্ছে।,0.12499999984374999,0.1999999996,0.15384614887573977,0.15384614887573977,0.0,0.15384614887573977,0,0,0.25,0.08333333326388888
426920445_d07d1fd0f7.jpg,একটি কুকুর একটি ফ্রিসবি ধরার চেষ্টা করছে,0.2857142853061225,0.6666666644444444,0.39999999500000005,0.39999999500000005,0.24999999562500003,0.39999999500000005,0,0,0.47058823529411764,0.2857142853061225
3573.png,একটি বড় একটি পাখি আছে।,0.3999999992,0.6666666644444444,0.49999999406250006,0.49999999406250006,0.33333332777777785,0.49999999406250006,0,0,0.4375,0.3999999992
IMG_2134.JPG,একটি লোক রাস্তার পাশে দাঁড়িয়ে আছে,0.16666666638888888,0.14285714265306124,0.15384614863905344,0.15384614863905344,0.0,0.15384614863905344,0,0,0.2857142857142857,0.08333333326388888
6455.png,তিনটি শিশু আছে।,0.3333333322222222,0.3333333322222222,0.33333332722222225,0.33333332722222225,0.0,0.33333332722222225,0,0,0.36363636363636365,0.1999999996
1357724865_4faf4e1418.jpg,একটি <unk> একটি <unk> একটি <unk> একটি <unk>,0.37499999953124996,0.21428571413265304,0.2727272678512397,0.2727272678512397,0.0,0.2727272678512397,0,0,0.3548387096774194,0.12499999984374999
4750.png,একটি সেতু আছে।,0.6666666644444444,0.49999999875,0.5714285648979592,0.5714285648979592,0.0,0.5714285648979592,0,0,0.5,0.3999999992
IMG_8186.JPG,একটা মহিলা দাড়িয়ে আছে,0.49999999875,0.3999999992,0.4444444385185186,0.4444444385185186,0.0,0.36363635834710756,0,0,0.38095238095238093,0.2857142853061225
4311.png,একজন পুরুষ বসে আছে।,0.7499999981250001,0.5999999988,0.6666666602469137,0.6666666602469137,0.28571428000000004,0.6666666602469137,0,0,0.631578947368421,0.49999999916666665
2923497185_c64004ff2d.jpg,একটি কুকুর একটি ফ্রিসবি ধরার চেষ্টা করছে,0.2857142853061225,0.24999999968749997,0.2666666613333334,0.2666666613333334,0.13333332835555572,0.2666666613333334,0,0,0.39473684210526316,0.14285714275510203
3255732353_fbc487aefc.jpg,একটি শিশু বরফের পাহাড়ে দাঁড়িয়ে আছে।,0.33333333277777777,0.13333333324444444,0.19047618621315202,0.19047618621315202,0.0,0.16666666138888903,0,0,0.5909090909090908,0.124999999921875
2056377805_e9a9b3bcf0.jpg,একদল লোক এবং মহিলা একটি কায়ক থেকে <unk>,0.24999999968749997,0.3999999992,0.3076923024852071,0.3076923024852071,0.1818181768595043,0.3076923024852071,0,0,0.3448275862068966,0.18181818165289254
3432730942_4dc4685277.jpg,একটি লোক একটি সাদা রঙের পোশাক পরে একটি সাদা রঙের পোশাক পরে একটি সাদা রঙের পোশাক পরে একটি সাদা রঙের পোশাক পরে একটি সাদা রঙের পোশাক পরে একটি সাদা রঙের পোশাক পরে একটি সাদা রঙের পোশাক পরে একটি সাদা রঙের,0.0499999999875,0.24999999968749997,0.08333333052083343,0.08333333052083343,0.0,0.08333333052083343,0,0,0.2097902097902098,0.16666666652777776
3046.png,একজন বৃদ্ধ লোক সিগারেট নিয়ে আছে।,0.16666666638888888,0.249999999375,0.1999999948000001,0.1999999948000001,0.0,0.1999999948000001,0,0,0.40909090909090906,0.1111111109876543
1431.png,একটি শিশু একটি বাঘ শুয়ে আছে।,0.49999999916666665,0.37499999953124996,0.4285714230612245,0.4285714230612245,0.16666666152777793,0.2857142804081633,0,0,0.3793103448275862,0.3333333329629629
8753.png,একজন মানুষ আছে।,0.3333333322222222,0.1999999996,0.24999999468750006,0.24999999468750006,0.0,0.24999999468750006,0,0,0.55,0.14285714265306124
2868.png,একটি শিশু আছে।,0.9999999966666667,0.9999999966666667,0.9999999916666666,0.9999999916666666,0.9999999900000001,0.9999999916666666,1,1,1.0,0.9999999966666667
3536561454_e75993d903.jpg,একজন লোক তার সাইকেল দিয়ে বাতাসে লাফিয়ে কসরত দেখাচ্ছে,0.2222222219753086,0.2857142853061225,0.24999999476562512,0.24999999476562512,0.0,0.1666666618402779,0,0,0.3214285714285714,0.14285714275510203
418357172_bdddf71d32.jpg,সৈকতে একটি কুকুর দৌড়াচ্ছে,0.7499999981250001,0.9999999966666667,0.8571428497959185,0.8571428497959185,0.799999992,0.8571428497959185,0,0,0.7619047619047619,0.7499999981250001
5711.png,একটি পুরাতন <unk> <unk>,0.249999999375,0.07692307686390532,0.11764705508650528,0.11764705508650528,0.0,0.11764705508650528,0,0,0.2222222222222222,0.06666666662222222
3442622076_c3abe955e5.jpg,একজন লোক একটি ছবির জন্য অংগভংগি করছে,0.2857142853061225,0.1999999998,0.23529411252595167,0.23529411252595167,0.11111110654321005,0.1999999952500001,0,0,0.3928571428571429,0.13333333324444444
2614.png,একজন পুরুষ হেঁটে যাচ্ছে।,0.249999999375,0.12499999984374999,0.16666666194444454,0.16666666194444454,0.0,0.16666666194444454,0,0,0.2857142857142857,0.0999999999
Girl_with_Smile_-_Sylhet_-_Bangladesh_(13008203954).jpg,একজন বাচ্চা মেয়ে যার চুল কালো ছোট।,0.14285714265306124,0.16666666638888888,0.15384614863905344,0.15384614863905344,0.0,0.15384614863905344,0,0,0.30434782608695654,0.0999999999
1184.png,একটি শিশু আছে।,0.3333333322222222,0.0999999999,0.15384615005917168,0.15384615005917168,0.0,0.15384615005917168,0,0,0.2777777777777778,0.08333333326388888
5353.png,মসজিদের সামনে একটি মসজিদের সামনে একটি মসজিদের সামনে গোল মসজিদ।,0.1999999998,0.999999995,0.33333333000000004,0.33333333000000004,0.0,0.33333333000000004,0,0,0.19999999999999996,0.3999999992
3879.png,একটি শিশু আছে।,0.6666666644444444,0.2222222219753086,0.3333333290277778,0.3333333290277778,0.0,0.3333333290277778,0,0,0.46153846153846156,0.24999999968749997
3173215794_6bdd1f72d4.jpg,একটি বারে একজন লোক বসে আছে।,0.33333333277777777,0.2857142853061225,0.3076923022485208,0.3076923022485208,0.0,0.3076923022485208,0,0,0.4285714285714286,0.18181818165289254
6344.png,একজন বাচ্চা মেয়ে হাঁসি মুখে তাকিয়ে আছে যার চুল কালো রঙ মেখে আছে।,0.23076923059171597,0.5999999988,0.33333332895061735,0.33333332895061735,0.2499999959375,0.33333332895061735,0,0,0.38095238095238093,0.19999999986666667
2860202109_97b2b22652.jpg,চশমা পরিহিত একজন মহিলা চশমা পরে আছে,0.571428570612245,0.3636363633057851,0.4444444391975309,0.4444444391975309,0.24999999500000003,0.4444444391975309,0,0,0.4473684210526315,0.30769230745562126
3976.png,নদীতে একটা লোক ছাতা ধরে আছে।,0.16666666638888888,0.249999999375,0.1999999948000001,0.1999999948000001,0.0,0.1999999948000001,0,0,0.42105263157894735,0.1111111109876543
3555573680_41c1540a86.jpg,একটি ছেলে একটি <unk>,0.49999999875,0.24999999968749997,0.33333332833333335,0.33333332833333335,0.1999999954000001,0.33333332833333335,0,0,0.375,0.2222222219753086
1459250022_bf1eddad11.jpg,একজন লোক একটি <unk> <unk> <unk> বাজাচ্ছে,0.4285714279591837,0.7499999981250001,0.5454545398347109,0.5454545398347109,0.2222222172839507,0.5454545398347109,0,0,0.4642857142857143,0.49999999916666665
930.png,ধান ক্ষেতের মাঝ দিয়ে একজন পুরুষ কাজ করছে।,0.49999999937499995,0.49999999937499995,0.49999999437500003,0.49999999437500003,0.1818181768595043,0.46153845609467453,0,0,0.4137931034482759,0.3333333330555555
2996.png,দুইজন পুরুষ আছে।,0.6666666644444444,0.49999999875,0.5714285648979592,0.5714285648979592,0.39999999360000005,0.5714285648979592,0,0,0.5625,0.3999999992
416106657_cab2a107a5.jpg,একটি সাদা কুকুর একটি লাঠি নিয়ে একটি লাঠি নিয়ে একটি লাঠি নিয়ে একটি লাঠি নিয়ে একটি লাঠি নিয়ে একটি লাঠি নিয়ে একটি লাঠি নিয়ে একটি লাঠি নিয়ে একটি লাঠি নিয়ে একটি লাঠি নিয়ে একটি লাঠি নিয়ে একটি লাঠি নিয়ে একটি,0.07499999998125,0.49999999916666665,0.1304347802835539,0.1304347802835539,0.09090908885330583,0.1304347802835539,0,0,0.17910447761194026,0.37499999953124996
20201222_134354.jpg,একজন পুরুষ ঝালাইয়ের কাজ করছে।,0.0,0.0,0.0,0.0,0.0,0.0,0,0,0.25806451612903225,0.0
292780636_72e1968949.jpg,একটি ইটের দালানের পাশে দাঁড়িয়ে লোকটি বসে আছেন,0.49999999937499995,0.3333333330555555,0.39999999480000004,0.39999999480000004,0.11111110623456812,0.2999999949,0,0,0.3870967741935484,0.24999999984375
254901702_67ada9867c.jpg,একজন পুরুষ আছে।,0.3333333322222222,0.1999999996,0.24999999468750006,0.24999999468750006,0.0,0.24999999468750006,0,0,0.4,0.14285714265306124
3187395715_f2940c2b72.jpg,একটি ছেলে দৌড়াচ্ছে,0.6666666644444444,0.2857142853061225,0.39999999500000005,0.39999999500000005,0.24999999562500003,0.39999999500000005,0,0,0.47058823529411764,0.2857142853061225
3016708786_3591106cca.jpg,একটি ছোট ছেলে একটি ছবির জন্য পোজ দিচ্ছে,0.12499999984374999,0.1111111109876543,0.11764705370242234,0.11764705370242234,0.0,0.11764705370242234,0,0,0.4285714285714286,0.06666666662222222
2608289957_044849f73e.jpg,একটি ছেলে একটি <unk>,0.7499999981250001,0.37499999953124996,0.49999999472222234,0.49999999472222234,0.1999999954000001,0.49999999472222234,0,0,0.40740740740740744,0.24999999968749997
1146.png,একজন নারী ও একজন নারী আছে।,0.49999999916666665,0.37499999953124996,0.4285714230612245,0.4285714230612245,0.33333332791666676,0.4285714230612245,0,0,0.5333333333333333,0.3333333329629629
3044536048_e615466e7f.jpg,একটি <unk> একটি <unk>,0.7499999981250001,0.29999999969999996,0.42857142387755104,0.42857142387755104,0.2222222172839507,0.42857142387755104,0,0,0.42307692307692313,0.2857142853061225
347250381_1407041270060310_3300822586950256229_n.jpg,একটি ছেলে একটি সাইকেল নিয়ে যাচ্ছে।,0.16666666638888888,0.249999999375,0.1999999948000001,0.1999999948000001,0.0,0.1999999948000001,0,0,0.42307692307692313,0.12499999984374999
47.JPG,একজন পুরুষ ও অনেকগুলো মানুষ আছে।,0.0,0.0,0.0,0.0,0.0,0.0,0,0,0.26086956521739135,0.0
3150252702_828a570d46.jpg,একজন লোক একটি পর্বতের উপরে,0.3999999992,0.2222222219753086,0.2857142807142858,0.2857142807142858,0.16666666194444454,0.2857142807142858,0,0,0.4285714285714286,0.16666666652777776
5035.png,পাহাড় দিয়ে একটি ঝর্ণা আছে।,0.3999999992,0.3999999992,0.39999999420000004,0.39999999420000004,0.0,0.39999999420000004,0,0,0.33333333333333337,0.24999999968749997
2930580341_d36eec8e3c.jpg,একটি ছেলে একটি সুইমিং পুলে লাফ দিচ্ছে,0.4285714279591837,0.1874999998828125,0.2608695607561437,0.2608695607561437,0.12499999515625017,0.2608695607561437,0,0,0.3783783783783784,0.13333333324444444
IMG_0018.JPG,একটা মহিলা বসে আছে,0.9999999975,0.9999999975,0.9999999925,0.9999999925,0.9999999916666666,0.9999999925,1,1,1.0,0.9999999975
2958.png,একজন লোক হাতে নিয়ে দাঁড়িয়ে আছে।,0.33333333277777777,0.6666666644444444,0.44444443901234576,0.44444443901234576,0.0,0.44444443901234576,0,0,0.44999999999999996,0.2857142853061225
4301.png,একজন পুরুষ ও একজন নারী আছে।,0.8333333319444445,0.8333333319444445,0.8333333269444445,0.8333333269444445,0.19999999460000012,0.4999999941666667,0,0,0.7142857142857143,0.8333333319444445
6051.png,একটি শিশু একটি পতাকা ধরে আছে।,0.33333333277777777,0.1999999998,0.24999999500000003,0.24999999500000003,0.14285713806122466,0.24999999500000003,0,0,0.2222222222222222,0.15384615372781063
2396669903_5217a83641.jpg,একজন লোক একটি <unk>,0.7499999981250001,0.19999999986666667,0.31578947002770086,0.31578947002770086,0.0,0.2499999959375,0,0,0.19999999999999996,0.1874999998828125
1287064529_aa4e4f3c31.jpg,একটি কুকুর একটি <unk>,0.7499999981250001,0.3333333329629629,0.4615384565680474,0.4615384565680474,0.18181817752066123,0.33333332833333335,0,0,0.2857142857142857,0.3333333329629629
5906.png,একটি মেয়ে শিশু আছে।,0.9999999975,0.9999999975,0.9999999925,0.9999999925,0.9999999916666666,0.9999999925,1,1,1.0,0.9999999975
5270.png,একটি বড় একটি স্কুল দেখা যাচ্ছে।,0.33333333277777777,0.49999999875,0.3999999944,0.3999999944,0.24999999468750006,0.3999999944,0,0,0.5238095238095238,0.2857142853061225
989851184_9ef368e520.jpg,একটি কালো কুকুর একটি কালো কুকুরের সাথে খেলছে,0.49999999937499995,0.571428570612245,0.5333333276444445,0.5333333276444445,0.3076923022485208,0.4705882297577854,0,0,0.5161290322580645,0.3333333329629629
436009777_440c7679a1.jpg,এক ব্যক্তি একটি ইটের ভবনের পাশে বসে আছে,0.37499999953124996,0.37499999953124996,0.37499999453125,0.37499999453125,0.14285713765306143,0.37499999453125,0,0,0.5483870967741935,0.23076923059171597
3529.png,৪ জন ছেলে দাড়িয়ে আছে।,0.7999999984,0.28571428551020406,0.4210526272576178,0.4210526272576178,0.2499999943750001,0.4210526272576178,0,0,0.5,0.28571428551020406
3354489242_dd529ffa1f.jpg,একজন হকি গোলরক্ষক গোলপোস্টের সামনে বসে আছে,0.2857142853061225,0.1999999998,0.23529411252595167,0.23529411252595167,0.0,0.23529411252595167,0,0,0.3513513513513513,0.13333333324444444
309430053_cc58bcc36a.jpg,একটি নৌকায় দুইজন মানুষ আছে।,0.1999999996,0.249999999375,0.2222222167901236,0.2222222167901236,0.0,0.2222222167901236,0,0,0.4736842105263158,0.12499999984374999
1201.png,কয়েকজন নারী আছে।,0.6666666644444444,0.2857142853061225,0.39999999500000005,0.39999999500000005,0.0,0.39999999500000005,0,0,0.31999999999999995,0.24999999968749997
4827.png,একজন পুরুষ ও একজন পুরুষ ও একজন পুরুষ ও একজন পুরুষ ও একজন পুরুষ ও একজন পুরুষ ও একজন পুরুষ ও একজন পুরুষ ও একজন পুরুষ ও একজন পুরুষ ও একজন পুরুষ ও একজন পুরুষ ও একজন পুরুষ ও একজন,0.0,0.0,0.0,0.0,0.0,0.0,0,0,0.04081632653061229,0.0
3055716848_b253324afc.jpg,একজন লোক একটি লাফ দিচ্ছে,0.3999999992,0.1999999998,0.2666666618666667,0.2666666618666667,0.15384614934911253,0.2666666618666667,0,0,0.5555555555555556,0.15384615372781063
513116697_ad0f4dc800.jpg,একজন লোক পাহাড়ের উপরে একটি বরফের উপরে একটি বরফের উপরে একটি বরফের উপরে একটি বরফের উপরে একটি বরফের উপরে একটি বরফের উপরে একটি বরফের উপরে একটি বরফের উপরে একটি বরফের উপরে একটি বরফের উপরে একটি বরফের উপরে একটি বরফের উপরে,0.0499999999875,0.2857142853061225,0.08510638040742426,0.08510638040742426,0.0,0.08510638040742426,0,0,0.14534883720930236,0.15384615372781063
567.png,একজন পুরুষ ও একজন নারী আছে।,0.33333333277777777,0.24999999968749997,0.2857142804081633,0.2857142804081633,0.0,0.2857142804081633,0,0,0.3666666666666667,0.18181818165289254
5947.png,একজন লোক দাঁড়িয়ে আছে,0.249999999375,0.249999999375,0.2499999943750001,0.2499999943750001,0.0,0.2499999943750001,0,0,0.8,0.14285714265306124
6278.png,একটি শিশু আছে।,0.6666666644444444,0.6666666644444444,0.6666666594444445,0.6666666594444445,0.0,0.6666666594444445,0,0,0.7777777777777778,0.49999999875
IMG_20220916_181034.jpg,একটি লোক একটি <unk>,0.49999999875,0.3999999992,0.4444444385185186,0.4444444385185186,0.28571428000000004,0.4444444385185186,0,0,0.5,0.33333333277777777
2201951969_0d7520d648.jpg,একটি ছেলে তার বোর্ডে একটি সার্ফবোর্ডে সার্ফ করছে,0.12499999984374999,0.07692307686390532,0.09523809043083924,0.09523809043083924,0.0,0.09523809043083924,0,0,0.34615384615384615,0.05263157891966759
7762.png,একজন পুরুষ আছে।,0.9999999966666667,0.23076923059171597,0.374999996484375,0.374999996484375,0.14285714020408163,0.374999996484375,0,0,0.22448979591836737,0.2727272724793388
3626964430_cb5c7e5acc.jpg,একটি সাদা জামা পরা একজন সাদা জামা পরে দাড়িয়ে আছে আর তার পিছনে দাড়িয়ে আছে।,0.06666666662222222,0.14285714265306124,0.09090908648760351,0.09090908648760351,0.0,0.09090908648760351,0,0,0.31999999999999995,0.05555555552469135
1030985833.jpg,একটি কালো কুকুর একটি কালো কুকুর একটি লাল খেলনা নিয়ে খেলছে,0.8181818174380164,0.6923076917751478,0.7499999944097222,0.7499999944097222,0.4545454491735537,0.7499999944097222,0,0,0.7872340425531915,0.5454545449586776
6470.png,একজন পুরুষ ও হিজাব পরে বসে আছে।,0.571428570612245,0.7999999984,0.6666666606944446,0.6666666606944446,0.1999999948000001,0.6666666606944446,0,0,0.5652173913043479,0.49999999937499995
1286.png,একজন পুরুষ ও একজন পুরুষ দাড়িয়ে আছে।,0.4285714279591837,0.49999999916666665,0.4615384558579882,0.4615384558579882,0.36363635801652905,0.4615384558579882,0,0,0.6153846153846154,0.37499999953124996
6822.png,একজন নারী একটি মাটির ঘরের সামনে একটি পুরনো বাড়ির সামনে একটি পুরনো বাড়ির গেট এর সামনে কয়েকজন মানুষ আছে।,0.3157894735180055,0.5999999993999999,0.4137930986444709,0.4137930986444709,0.22222221761316877,0.34482758145065395,0,0,0.33783783783783783,0.3529411762629758
1092.png,একজন নারী তাকিয়ে আছে,0.49999999875,0.33333333277777777,0.3999999944,0.3999999944,0.24999999468750006,0.3999999944,0,0,0.5789473684210527,0.24999999968749997
294549892_babb130543.jpg,একজন লোক একটি হ্রদ সহ পাহাড়ের সামনে একটি হ্রদ সহ পাহাড়ের সামনে একটি হ্রদ সহ পাহাড়ের সামনে একটি হ্রদ সহ পাহাড়ের সামনে একটি হ্রদ সহ পাহাড়ের সামনে একটি হ্রদ সহ পাহাড়ের সামনে একটি হ্রদ সহ পাহাড়ের সামনে একটি হ্রদ সহ,0.0499999999875,0.2857142853061225,0.08510638040742426,0.08510638040742426,0.0,0.08510638040742426,0,0,0.1708860759493671,0.16666666652777776
6140.png,একটি শিশু আছে।,0.3333333322222222,0.249999999375,0.28571428000000004,0.28571428000000004,0.0,0.28571428000000004,0,0,0.4,0.16666666638888888
3724.png,একজন পুরুষ আছে।,0.0,0.0,0.0,0.0,0.0,0.0,0,0,0.26315789473684215,0.0
5346.png,একটি ব্রীজ দেখা যাচ্ছে একজন পুরুষ মানুষ।,0.0,0.0,0.0,0.0,0.0,0.0,0,0,0.2222222222222222,0.0
3630991662_990f397f7c.jpg,একজন লোক একটি <unk>,0.49999999875,0.11764705875432525,0.19047618721088438,0.19047618721088438,0.0,0.19047618721088438,0,0,0.20454545454545459,0.10526315783933518
3741462565_cc35966b7a.jpg,একটি শিশু আছে।,0.3333333322222222,0.1999999996,0.24999999468750006,0.24999999468750006,0.0,0.24999999468750006,0,0,0.4666666666666667,0.14285714265306124
3692593096_fbaea67476.jpg,একজন লোক তার পিছনে ছুটছে,0.0,0.0,0.0,0.0,0.0,0.0,0,0,0.33333333333333337,0.0
408748500_e8dc8c0c4f.jpg,একটি শিশু হাসছে,0.6666666644444444,0.24999999968749997,0.36363635900826446,0.36363635900826446,0.22222221827160496,0.36363635900826446,0,0,0.2962962962962963,0.2222222219753086
3257277774_aba333a94c.jpg,একটি কুকুর তুষারে দাঁড়িয়ে আছে,0.5999999988,0.7499999981250001,0.6666666602469137,0.6666666602469137,0.5714285648979592,0.6666666602469137,0,0,0.7222222222222222,0.49999999916666665
3358380484_b99b48f0c9.jpg,একটি কালো কুকুর একটি লাঠি ধরে আছে,0.4285714279591837,0.5999999988,0.4999999943055557,0.4999999943055557,0.0,0.4999999943055557,0,0,0.4782608695652174,0.24999999968749997
5345.png,সামনে কয়েকজন মানুষ আছে।,0.7499999981250001,0.5999999988,0.6666666602469137,0.6666666602469137,0.28571428000000004,0.6666666602469137,0,0,0.4,0.49999999916666665
2448793019_5881c025f9.jpg,একটি ছেলে একটি নীল রঙের স্লাইডে নীচে নামছে,0.37499999953124996,0.3333333329629629,0.3529411710726644,0.3529411710726644,0.13333332817777796,0.3529411710726644,0,0,0.5,0.23076923059171597
7289.png,সমুদ্রের পারে কয়েকজন মানুষ আছে।,0.3999999992,0.6666666644444444,0.49999999406250006,0.49999999406250006,0.33333332777777785,0.49999999406250006,0,0,0.47619047619047616,0.33333333277777777
4954.png,রাস্তা দিয়ে একটা ছেলে একটা বাসের ভিতর দিয়ে হেটে যাচ্ছেন।,0.1999999998,0.24999999968749997,0.22222221703703712,0.22222221703703712,0.0,0.22222221703703712,0,0,0.41666666666666663,0.14285714275510203
4705.png,একটি দোকানে একজন পুরুষ বসে আছে।,0.33333333277777777,0.2857142853061225,0.3076923022485208,0.3076923022485208,0.0,0.3076923022485208,0,0,0.4285714285714286,0.1999999998
2712.png,একটি সাদা পাখি জলের <unk>,0.3999999992,0.33333333277777777,0.36363635801652905,0.36363635801652905,0.0,0.36363635801652905,0,0,0.3157894736842105,0.2222222219753086
4546.png,একজন ছোট ছেলে একজন বাচ্চা।,0.1999999996,0.16666666638888888,0.1818181765289258,0.1818181765289258,0.0,0.1818181765289258,0,0,0.3939393939393939,0.1111111109876543
4739.png,একটি <unk> <unk> <unk>,0.7499999981250001,0.37499999953124996,0.49999999472222234,0.49999999472222234,0.0,0.49999999472222234,0,0,0.4444444444444444,0.2857142853061225
3258391809_38fc6211f7.jpg,একজন মহিলা তার ক্যামেরা ধরে আছে,0.49999999916666665,0.3333333329629629,0.3999999946666667,0.3999999946666667,0.15384614887573977,0.3999999946666667,0,0,0.4545454545454546,0.2727272724793388
111.png,দুইজন মানুষ আছে।,0.6666666644444444,0.49999999875,0.5714285648979592,0.5714285648979592,0.39999999360000005,0.5714285648979592,0,0,0.5,0.3999999992
2831672255_d779807c14.jpg,একটি কুকুর একটি বাধার উপর দিয়ে লাফ দিচ্ছে,0.37499999953124996,0.23076923059171597,0.2857142807256236,0.2857142807256236,0.15384614863905344,0.2857142807256236,0,0,0.5517241379310345,0.16666666652777776
2214.png,একজন পুরুষ একটি খর তুলা হচ্ছে।,0.16666666638888888,0.1111111109876543,0.13333332835555572,0.13333332835555572,0.0,0.13333332835555572,0,0,0.4242424242424242,0.07692307686390532
8658.png,একজন পুরুষ বসে কাজ করছে।,0.3999999992,0.2857142853061225,0.33333332791666676,0.33333332791666676,0.0,0.33333332791666676,0,0,0.5,0.1999999998
2473791980_805c819bd4.jpg,একজন লোক পানিতে লাফ দিচ্ছে,0.3999999992,0.3999999992,0.39999999420000004,0.39999999420000004,0.1999999948000001,0.39999999420000004,0,0,0.65,0.24999999968749997
6918.png,একটি বানর আছে।,0.9999999966666667,0.4285714279591837,0.5999999946000001,0.5999999946000001,0.24999999562500003,0.5999999946000001,0,0,0.4347826086956522,0.4285714279591837
1282.png,একজন পুরুষ দাড়িয়ে আছে।,0.7499999981250001,0.21428571413265304,0.33333332950617284,0.33333332950617284,0.12499999679687505,0.33333332950617284,0,0,0.28,0.23076923059171597
3326454455_960e5442e9.jpg,একজন লোক একটি <unk>,0.7499999981250001,0.2727272724793388,0.3999999955555556,0.3999999955555556,0.15384615005917168,0.3999999955555556,0,0,0.3448275862068966,0.24999999979166665
813.png,একটি সেতু আছে।,0.9999999966666667,0.5999999988,0.7499999934375,0.7499999934375,0.6666666600000001,0.7499999934375,0,0,0.5294117647058824,0.5999999988
3624076529_9793655a21.jpg,একটি কুকুর পানিতে সাঁতার কাটছে।,0.5999999988,0.4285714279591837,0.4999999943055557,0.4999999943055557,0.1999999948000001,0.4999999943055557,0,0,0.7083333333333333,0.3333333330555555
3208188198_2b271d2a2e.jpg,এক মেয়ে রাস্তায় হাঁটছে,0.249999999375,0.249999999375,0.2499999943750001,0.2499999943750001,0.0,0.2499999943750001,0,0,0.6470588235294117,0.14285714265306124
1112.png,একজন পুরুষ কাজ করছে।,0.7499999981250001,0.3333333329629629,0.4615384565680474,0.4615384565680474,0.18181817752066123,0.4615384565680474,0,0,0.36111111111111116,0.3333333329629629
3256272547_5ae6c66293.jpg,একজন পুরুষ আগুন দিয়ে আগুন লাগা <unk> আগুন লাগা <unk> আগুন লাগা <unk> আগুন লাগা <unk> আগুন লাগা <unk> আগুন লাগা <unk> আগুন লাগা <unk> আগুন লাগা <unk> আগুন লাগা <unk> আগুন লাগা <unk> আগুন লাগা <unk> আগুন লাগা <unk>,0.0499999999875,0.3999999992,0.08888888687407412,0.08888888687407412,0.0,0.08888888687407412,0,0,0.13605442176870752,0.2222222219753086
3049.png,একজন পুরুষ আছে।,0.6666666644444444,0.49999999875,0.5714285648979592,0.5714285648979592,0.39999999360000005,0.5714285648979592,0,0,0.6666666666666667,0.3999999992
3090386315_87ed417814.jpg,একটি কুকুর হলুদ ফুলের দিকে দৌড়ে বেড়াচ্ছে,0.4285714279591837,0.49999999916666665,0.4615384558579882,0.4615384558579882,0.1999999948000001,0.35294117121107266,0,0,0.5769230769230769,0.29999999969999996
135.png,একজন পুরুষ আছে।,0.6666666644444444,0.33333333277777777,0.44444443901234576,0.44444443901234576,0.0,0.44444443901234576,0,0,0.40909090909090906,0.2857142853061225
7890.png,একজন লোক একটি <unk>,0.249999999375,0.249999999375,0.2499999943750001,0.2499999943750001,0.0,0.2499999943750001,0,0,0.4666666666666667,0.14285714265306124
3242088278_43eea5d17e.jpg,একটি কুকুর জলের উপর দিয়ে একটি <unk>,0.2857142853061225,0.3999999992,0.33333332791666676,0.33333332791666676,0.0,0.33333332791666676,0,0,0.46153846153846156,0.2222222219753086
77.png,নদীর পাড়ে অনেক মানুষ আছে।,0.3999999992,0.3999999992,0.39999999420000004,0.39999999420000004,0.0,0.39999999420000004,0,0,0.38888888888888884,0.24999999968749997
3721881082_afe9fc734e.jpg,একটি মহিলা একটি লনে বসে আছে,0.6666666655555555,0.3999999996,0.4999999946875,0.4999999946875,0.2857142807142858,0.4999999946875,0,0,0.47619047619047616,0.3636363633057851
2460.png,নীল রঙের শার্ট গেঞ্জি পরে দাড়িয়ে আছে যার চুল কালো রঙের শার্ট গেঞ্জি পরে দাড়িয়ে আছে যার চুল কালো রঙের শার্ট গেঞ্জি পরে দাড়িয়ে আছে যার চুল কালো রঙের শার্ট গেঞ্জি পরে দাড়িয়ে আছে যার চুল কালো রঙের শার্ট গেঞ্জি,0.0,0.0,0.0,0.0,0.0,0.0,0,0,0.2246376811594203,0.0
4042.png,একজন লোক একটি <unk>,0.49999999875,0.33333333277777777,0.3999999944,0.3999999944,0.0,0.2499999943750001,0,0,0.38888888888888884,0.24999999968749997
4770.png,একজন লোক একটি <unk>,0.249999999375,0.249999999375,0.2499999943750001,0.2499999943750001,0.0,0.2499999943750001,0,0,0.4,0.14285714265306124
233.png,একটি ছোট ছেলে একটি বিল্ডিংয়ের সামনে দাঁড়িয়ে আছে,0.37499999953124996,0.13043478255198487,0.1935483831425599,0.1935483831425599,0.0,0.12903225415192518,0,0,0.34375,0.07692307689349112
2565685680_c30972455d.jpg,একটি কালো কুকুর পানিতে দৌড়াচ্ছে,0.5999999988,0.4285714279591837,0.4999999943055557,0.4999999943055557,0.3999999944,0.4999999943055557,0,0,0.5,0.3333333329629629
4001.png,একজন পুরুষ দাড়িয়ে আছে।,0.49999999875,0.6666666644444444,0.5714285648979592,0.5714285648979592,0.0,0.5714285648979592,0,0,0.6,0.3999999992
496606439_9333831e73.jpg,একজন মহিলা তার মুখে একটি পানীয় পান করছে,0.24999999968749997,0.49999999875,0.33333332833333335,0.33333332833333335,0.0,0.33333332833333335,0,0,0.4137931034482759,0.1999999998
6927.png,একজন পুরুষ আছে।,0.6666666644444444,0.3999999992,0.49999999406250006,0.49999999406250006,0.33333332777777785,0.49999999406250006,0,0,0.47619047619047616,0.33333333277777777
442594271_2c3dd38483.jpg,সমুদ্রের পারে অনেকগুলো মানুষ আছে।,0.3999999992,0.2857142853061225,0.33333332791666676,0.33333332791666676,0.0,0.33333332791666676,0,0,0.45833333333333337,0.1999999998
1564614124_0ee6799935.jpg,গোলাপি রঙের একটি মেয়ে সেজে হাতে একটা নেট ধরে আছে,0.1999999998,0.33333333277777777,0.24999999500000003,0.24999999500000003,0.0,0.24999999500000003,0,0,0.33333333333333337,0.14285714278911565
6174.png,একজন পুরুষ দাড়িয়ে আছে।,0.49999999875,0.3999999992,0.4444444385185186,0.4444444385185186,0.0,0.4444444385185186,0,0,0.6666666666666667,0.2857142853061225
4486.png,একটি ট্রেন এর উপরে আঁকাবাঁকা রেল লাইন ধরে একজন পুরুষ ছাতা ধরে হেঁটে যাচ্ছে।,0.07142857137755101,0.16666666638888888,0.09999999570000016,0.09999999570000016,0.0,0.09999999570000016,0,0,0.2941176470588235,0.05555555552469135
7693.png,কয়েকজন মানুষ আছে।,0.9999999966666667,0.29999999969999996,0.46153845727810655,0.46153845727810655,0.36363636,0.46153845727810655,0,0,0.3076923076923077,0.29999999969999996
330325191_63e11d9c93.jpg,একজন লোক পাহাড়ের উপর দিয়ে একটি পর্বতের চূড়ায় দাড়িয়ে আছে,0.3999999996,0.571428570612245,0.4705882298961938,0.4705882298961938,0.14285713806122466,0.35294117121107266,0,0,0.525,0.30769230745562126
4665.png,একটি কুমির আছে।,0.3333333322222222,0.3333333322222222,0.33333332722222225,0.33333332722222225,0.0,0.33333332722222225,0,0,0.6,0.1999999996
7942.png,অনেকগুলো মানুষ দাড়িয়ে আছে।,0.7499999981250001,0.7499999981250001,0.7499999931250001,0.7499999931250001,0.33333332722222225,0.7499999931250001,0,0,0.5,0.5999999988
1321723162.jpg,একজন লোক একটি <unk> <unk> <unk> <unk> <unk> <unk> <unk> <unk> <unk> <unk> <unk> <unk> <unk> <unk> <unk> <unk> <unk> <unk> <unk> <unk> <unk> <unk> <unk> <unk> <unk> <unk> <unk> <unk> <unk> <unk> <unk> <unk> <unk> <unk> <unk> <unk> <unk>,0.0499999999875,0.24999999968749997,0.08333333052083343,0.08333333052083343,0.043478258270321514,0.08333333052083343,0,0,0.09433962264150941,0.1999999998
7891.png,অনেকগুলো পান আছে।,0.0,0.0,0.0,0.0,0.0,0.0,0,0,0.23529411764705888,0.0
1837.png,একজন নারী ও একজন নারী দাড়িয়ে আছে।,0.571428570612245,0.49999999937499995,0.5333333276444445,0.5333333276444445,0.3076923022485208,0.5333333276444445,0,0,0.5357142857142857,0.4444444439506172
96420612_feb18fc6c6.jpg,এক লোক একটি <unk>,0.7499999981250001,0.2727272724793388,0.3999999955555556,0.3999999955555556,0.0,0.28571428000000004,0,0,0.5,0.24999999979166665
424416723_19c56cb365.jpg,একটি কুকুর বনের মধ্যে দিয়ে লাফ দিচ্ছে,0.2857142853061225,0.6666666644444444,0.39999999500000005,0.39999999500000005,0.24999999562500003,0.39999999500000005,0,0,0.48,0.24999999968749997
3639684919_cb6fbf5638.jpg,একজন লোক কনে এবং একটি ছবির জন্য পোজ দিচ্ছে,0.4444444439506172,0.4444444439506172,0.4444444389506173,0.4444444389506173,0.2727272678512397,0.4444444389506173,0,0,0.48484848484848486,0.28571428551020406
5141.png,রেল লাইনের পাশ দিয়ে একজন লোক ট্রেনের রাস্তা দিয়ে হেঁটে যাচ্ছে।,0.2727272724793388,0.2727272724793388,0.2727272674793389,0.2727272674793389,0.09999999490000026,0.18181817665289268,0,0,0.32499999999999996,0.1764705881314879
1155.png,অনেকগুলো মানুষ আছে।,0.6666666644444444,0.2857142853061225,0.39999999500000005,0.39999999500000005,0.0,0.39999999500000005,0,0,0.3125,0.24999999968749997
118309463.jpg,একটি ছেলে এবং একটি <unk> <unk>,0.33333333277777777,0.14285714275510203,0.19999999560000006,0.19999999560000006,0.0,0.19999999560000006,0,0,0.33333333333333337,0.124999999921875
1979.png,একটি নৌকায় কয়েকজন মানুষ আছে।,0.1999999996,0.05882352937716263,0.09090908731404972,0.09090908731404972,0.0,0.09090908731404972,0,0,0.25,0.04761904759637188
6714.png,একজন পুরুষ বসে আছে।,0.49999999875,0.18181818165289254,0.26666666240000003,0.26666666240000003,0.0,0.26666666240000003,0,0,0.375,0.15384615372781063
3467073304_aefe553c4d.jpg,একজন মহিলা একটি ভলিবল খেলছে,0.7999999984,0.9999999975,0.8888888819753088,0.8888888819753088,0.5714285648979592,0.8888888819753088,0,0,0.8095238095238095,0.7999999984
3590593467_be497a6139.jpg,একজন লোক একটি রেস করছে,0.3999999992,0.15384615372781063,0.22222221796296296,0.22222221796296296,0.1249999960937501,0.22222221796296296,0,0,0.45833333333333337,0.14285714275510203
2918.png,কয়েকজন পুরুষ দাড়িয়ে আছে।,0.249999999375,0.12499999984374999,0.16666666194444454,0.16666666194444454,0.0,0.16666666194444454,0,0,0.303030303030303,0.09090909082644627
9101.png,রাস্তা দিয়ে হেটে যাচ্ছে একজন মহিলা।,0.49999999916666665,0.49999999916666665,0.4999999941666667,0.4999999941666667,0.19999999460000012,0.4999999941666667,0,0,0.36363636363636365,0.3333333329629629
440190907_bf8b7ba8ef.jpg,একটি বারে একজন লোক একটি রেস্টুরেন্টের বাইরে দাঁড়িয়ে আছে।,0.1111111109876543,0.1999999996,0.14285713806122466,0.14285713806122466,0.0,0.14285713806122466,0,0,0.32432432432432434,0.08333333326388888
2531942624_c3c072064e.jpg,একটি স্কেটবোর্ডার একটি <unk> <unk>,0.3999999992,0.1999999998,0.2666666618666667,0.2666666618666667,0.0,0.2666666618666667,0,0,0.30434782608695654,0.18181818165289254
7851.png,একটি নৌকায় একজন পুরুষ আছে।,0.7999999984,0.3999999996,0.5333333281777778,0.5333333281777778,0.15384614934911253,0.39999999502222217,0,0,0.4137931034482759,0.3999999996
3350260112_fcb47ff6b2.jpg,নদীর পাড়ে অনেক মানুষ আছে।,0.3999999992,0.49999999875,0.4444444385185186,0.4444444385185186,0.28571428000000004,0.4444444385185186,0,0,0.4,0.2857142853061225
530950375_eea665583f.jpg,একজন লোক একটি <unk>,0.7499999981250001,0.3333333329629629,0.4615384565680474,0.4615384565680474,0.0,0.3076923029585799,0,0,0.3125,0.29999999969999996
7776.png,একজন পুরুষ আছে।,0.9999999966666667,0.7499999981250001,0.8571428497959185,0.8571428497959185,0.39999999360000005,0.8571428497959185,0,0,0.7333333333333334,0.7499999981250001
414.png,একজন পুরুষ বসে আছে।,0.49999999875,0.33333333277777777,0.3999999944,0.3999999944,0.24999999468750006,0.3999999944,0,0,0.4347826086956522,0.24999999968749997
8587.png,একটি ছেলে একটি গাছের নিচে দাড়িয়ে আছে।,0.2857142853061225,0.14285714275510203,0.19047618585034026,0.19047618585034026,0.0,0.19047618585034026,0,0,0.29166666666666663,0.124999999921875
2699426519_228719b1db.jpg,একটি বাদামী কুকুর ঘাসের উপর দৌড়াচ্ছে,0.9999999983333333,0.5999999993999999,0.7499999943750001,0.7499999943750001,0.42857142336734694,0.7499999943750001,0,0,0.7241379310344828,0.5999999993999999
6700.png,সূর্য অস্ত যাচ্ছে নদী দিয়ে একটি নৌকা দেখা যাচ্ছে।,0.2222222219753086,0.18181818165289254,0.19999999485000008,0.19999999485000008,0.11111110604938293,0.19999999485000008,0,0,0.26315789473684215,0.1111111110493827
423066487_07757b2b49.jpg,একজন বৃদ্ধ লোক রান্না করছেন,0.1999999996,0.16666666638888888,0.1818181765289258,0.1818181765289258,0.0,0.1818181765289258,0,0,0.45833333333333337,0.0999999999
8430.png,একটি পর্যটন এলাকায় একটি পর্যটন এলাকায় দাড়িয়ে আছে।,0.24999999968749997,0.1999999998,0.22222221703703712,0.22222221703703712,0.0,0.22222221703703712,0,0,0.3589743589743589,0.1999999998
2842865689_e37256d9ce.jpg,একজন পুরুষ বসে আছে।,0.7499999981250001,0.21428571413265304,0.33333332950617284,0.33333332950617284,0.12499999679687505,0.33333332950617284,0,0,0.37037037037037035,0.23076923059171597
6395.png,একটি ফুলে ভরা একটি ফুলের তোরা নিয়ে আছে।,0.12499999984374999,0.1111111109876543,0.11764705370242234,0.11764705370242234,0.0,0.11764705370242234,0,0,0.2777777777777778,0.06666666662222222
DSC_9075.JPG,একজন পুরুষ ও একজন নারী দাড়িয়ে আছে।,0.14285714265306124,0.249999999375,0.1818181768595043,0.1818181768595043,0.0,0.1818181768595043,0,0,0.5,0.1111111109876543
2245.png,একজন মানুষ আছে।,0.3333333322222222,0.249999999375,0.28571428000000004,0.28571428000000004,0.0,0.28571428000000004,0,0,0.2857142857142857,0.16666666638888888
516648762_0cff84ea97.jpg,একটি <unk> <unk> দোকানে একটি <unk> <unk> দোকানে দুইটা ছেলে মুখে আঙুল দিয়ে খাবার নিয়ে দাড়িয়ে আছে।,0.1764705881314879,0.37499999953124996,0.23999999545600006,0.23999999545600006,0.08695651742911174,0.23999999545600006,0,0,0.29032258064516125,0.11764705875432525
2372572028_53b76104a9.jpg,একটি ছেলে একটি লাল <unk> একটি লাল <unk> একটি লাল <unk> একটি লাল <unk> একটি লাল <unk> একটি লাল <unk> একটি লাল <unk> একটি লাল <unk> একটি লাল <unk> একটি লাল <unk> একটি লাল <unk> একটি লাল <unk> একটি লাল,0.0499999999875,0.33333333277777777,0.08695651943289232,0.08695651943289232,0.045454543419421574,0.08695651943289232,0,0,0.16551724137931034,0.24999999968749997
1893.png,একজন নারী আছে।,0.6666666644444444,0.2857142853061225,0.39999999500000005,0.39999999500000005,0.0,0.39999999500000005,0,0,0.2857142857142857,0.24999999968749997
1309.png,একজন পুরুষ মানুষ আছে। পিছনে কয়েকজন মানুষ আছে। পিছনে কয়েকজন মানুষ আছে। পিছনে কয়েকজন মানুষ আছে। পিছনে কয়েকজন মানুষ আছে। পিছনে কয়েকজন মানুষ আছে। পিছনে কয়েকজন মানুষ আছে। পিছনে কয়েকজন মানুষ আছে। পিছনে কয়েকজন মানুষ আছে। পিছনে কয়েকজন মানুষ আছে।,0.07499999998125,0.3333333329629629,0.1224489765431071,0.1224489765431071,0.0,0.08163265002915464,0,0,0.13095238095238093,0.24999999979166665
IMG_0056.JPG,লোক টির হাতে লাল গেঞ্জি পরে দাড়িয়ে আছে,0.6249999992187499,0.7142857132653061,0.6666666608,0.6666666608,0.3076923022485208,0.6666666608,0,0,0.64,0.49999999949999996
707941195_4386109029.jpg,একটি কালো কুকুর একটি কালো কুকুর,0.6666666655555555,0.4444444439506172,0.5333333278222222,0.5333333278222222,0.46153845609467453,0.5333333278222222,0,0,0.5,0.37499999953124996
IMG_2503.JPG,মহিলা টি তাকিয়ে আছে,0.9999999975,0.9999999975,0.9999999925,0.9999999925,0.9999999916666666,0.9999999925,1,1,1.0,0.9999999975
5713.png,একটি পুকুর ও সূর্য আছে।,0.0,0.0,0.0,0.0,0.0,0.0,0,0,0.30000000000000004,0.0
7913.png,একটি শিশু কাদাজলের মধ্য দিয়ে হেঁটে যাচ্ছে।,0.14285714265306124,0.3333333322222222,0.1999999954000001,0.1999999954000001,0.0,0.1999999954000001,0,0,0.23076923076923073,0.1111111109876543
7573.png,একটি কুকুর পানি ছিটিয়ে দিলো,0.0,0.0,0.0,0.0,0.0,0.0,0,0,0.368421052631579,0.0
3559993787_c49644dcc5.jpg,এক লোক তার সাইকেল দিয়ে বাতাসে লাফিয়ে কসরত দেখাচ্ছেন,0.2222222219753086,0.1999999998,0.21052631058171756,0.21052631058171756,0.11764705370242234,0.21052631058171756,0,0,0.3589743589743589,0.124999999921875
8712.png,একটি শিশু আছে।,0.6666666644444444,0.3999999992,0.49999999406250006,0.49999999406250006,0.33333332777777785,0.49999999406250006,0,0,0.38888888888888884,0.33333333277777777
8540.png,একজন ছোট ছেলে হাসি মুখে কয়েকটা ছবি এঁকে দাঁড়িয়ে আছে।,0.29999999969999996,0.24999999979166665,0.2727272675206612,0.2727272675206612,0.09999999495000023,0.2727272675206612,0,0,0.4444444444444444,0.15789473675900276
3731.png,একটি মেয়ে শিশু আছে।,0.7499999981250001,0.4285714279591837,0.5454545398347109,0.5454545398347109,0.0,0.5454545398347109,0,0,0.375,0.37499999953124996
3335885203_a3fe8e541f.jpg,ছেলেরা ফুটবল খেলছে,0.6666666644444444,0.6666666644444444,0.6666666594444445,0.6666666594444445,0.0,0.6666666594444445,0,0,0.75,0.49999999875
DSC_9293.JPG,একজন নারী নৃত্য করছে।,0.0,0.0,0.0,0.0,0.0,0.0,0,0,0.4,0.0
3349258288_5300c40430.jpg,একটি ছেলে একটি স্কেটবোর্ড দিয়ে বাতাসে লাফিয়ে কসরত দেখাচ্ছেন,0.2222222219753086,0.1999999998,0.21052631058171756,0.21052631058171756,0.0,0.21052631058171756,0,0,0.46153846153846156,0.06666666662222222
1449.png,একজন পুরুষ হাতে <unk>,0.49999999875,0.1999999998,0.28571428122448983,0.28571428122448983,0.0,0.2222222167901236,0,0,0.38888888888888884,0.16666666652777776
7009.png,একটি মন্দির।,0.4999999975,0.06666666662222222,0.11764705660899655,0.11764705660899655,0.0,0.11764705660899655,0,0,0.2666666666666667,0.0624999999609375
2376694294_9a4ecc3b90.jpg,সাঁতার কাটার পুকুরে একটি মেয়ে সাঁতার কাটছে,0.14285714265306124,0.12499999984374999,0.13333332817777796,0.13333332817777796,0.0,0.13333332817777796,0,0,0.4482758620689655,0.07692307686390532
3328646934_5cca4cebce.jpg,একজন লোক একটি বরফের উপরে লাফ দিলো,0.2857142853061225,0.24999999968749997,0.2666666613333334,0.2666666613333334,0.0,0.2666666613333334,0,0,0.3846153846153846,0.15384615372781063
3518755601_cebf11e515.jpg,সমুদ্র সৈকতে এক দম্পতি তাদের আশেপাশের প্রাপ্তবয়স্করা মরুভূমির <unk>,0.1111111109876543,0.1111111109876543,0.11111110598765454,0.11111110598765454,0.0,0.11111110598765454,0,0,0.32608695652173914,0.05882352937716263
3640329164_20cb245fd5.jpg,একটি ছেলে এবং একটি ছেলে,0.5999999988,0.2727272724793388,0.374999995234375,0.374999995234375,0.0,0.374999995234375,0,0,0.3111111111111111,0.1999999998
337647771_3b819feaba.jpg,একটি বাদামী ডোরাকাটা বাধার উপর দিয়ে গড়িয়ে পড়ছে।,0.12499999984374999,0.16666666638888888,0.1428571377551022,0.1428571377551022,0.0,0.1428571377551022,0,0,0.4516129032258065,0.08333333326388888
3265964840_5374ed9c53.jpg,একটি ছেলে তার <unk>,0.7499999981250001,0.3333333329629629,0.4615384565680474,0.4615384565680474,0.0,0.4615384565680474,0,0,0.3076923076923077,0.3333333329629629
3889.png,একজন নারী বসে কাজ করছে।,0.5999999988,0.37499999953124996,0.46153845609467453,0.46153845609467453,0.0,0.46153845609467453,0,0,0.3928571428571429,0.29999999969999996
8309.png,একজন নারী হেঁটে যাচ্ছে।,0.249999999375,0.249999999375,0.2499999943750001,0.2499999943750001,0.0,0.2499999943750001,0,0,0.5,0.14285714265306124
6091.png,একটি শিশু আছে।,0.9999999966666667,0.5999999988,0.7499999934375,0.7499999934375,0.0,0.7499999934375,0,0,0.5625,0.5999999988
village-house-design-ideas.jpg,একটি উচু জায়গা সুন্দর দৃশ্য।,0.3999999992,0.33333333277777777,0.36363635801652905,0.36363635801652905,0.0,0.36363635801652905,0,0,0.36,0.2222222219753086
cow-4684904.jpg,একজন পুরুষ দুইটি গরু নিয়ে যাচ্ছে।,0.0,0.0,0.0,0.0,0.0,0.0,0,0,0.3846153846153846,0.0
3698607223_22fe09763a.jpg,একজন লোক বরফের পাহাড় বেয়ে নিচে নামছে,0.8571428559183674,0.5454545449586776,0.6666666611728396,0.6666666611728396,0.37499999484375,0.6666666611728396,0,0,0.4772727272727273,0.4999999995833333
2108799322_e25aa6e185.jpg,একটি কালো কুকুর মুখে কিছু একটা গাছের ডাল নিয়ে দাঁড়িয়ে আছে,0.2727272724793388,0.5999999988,0.374999995234375,0.374999995234375,0.28571428122448983,0.374999995234375,0,0,0.43243243243243246,0.23076923059171597
3591170729_406fdb74e5.jpg,একজন লোক শুয়ে আছে।,0.49999999875,0.15384615372781063,0.2352941137716263,0.2352941137716263,0.1333333299555556,0.2352941137716263,0,0,0.24390243902439024,0.14285714275510203
346095804_1259484421628369_2439464680215441902_n.jpg,একটি শিশু আছে।,0.3333333322222222,0.0999999999,0.15384615005917168,0.15384615005917168,0.0,0.15384615005917168,0,0,0.15217391304347827,0.08333333326388888
3368.png,একজন নারী আছে।,0.0,0.0,0.0,0.0,0.0,0.0,0,0,0.2857142857142857,0.0
3370308329_7f2de5bb58.jpg,একজন লোক একটি বরফের মধ্যে একটি বরফের মধ্যে একটি বরফের মধ্যে একটি বরফের মধ্যে একটি বরফের মধ্যে একটি বরফের মধ্যে একটি বরফের মধ্যে একটি বরফের মধ্যে একটি বরফের মধ্যে একটি বরফের মধ্যে একটি বরফের মধ্যে একটি বরফের মধ্যে একটি বরফের,0.0499999999875,0.33333333277777777,0.08695651943289232,0.08695651943289232,0.045454543419421574,0.08695651943289232,0,0,0.12790697674418605,0.2222222219753086
457945610_1a23b9ced0.jpg,একটি মেয়ে পানিতে লাফ দিচ্ছে,0.9999999980000001,0.49999999949999996,0.6666666613333334,0.6666666613333334,0.5714285648979592,0.6666666613333334,0,0,0.8823529411764706,0.49999999949999996
3058627443_1d57ff0a2c.jpg,এক লোক সার্ফিং করছেন,0.49999999875,0.2222222219753086,0.3076923029585799,0.3076923029585799,0.18181817752066123,0.3076923029585799,0,0,0.4444444444444444,0.18181818165289254
338.png,একজন নারী হেঁটে যাচ্ছে।,0.7499999981250001,0.4285714279591837,0.5454545398347109,0.5454545398347109,0.44444443901234576,0.5454545398347109,0,0,0.48,0.37499999953124996
3697.png,একটি নৌকায় কয়েকজন মানুষ আছে।,0.9999999980000001,0.8333333319444445,0.909090902479339,0.909090902479339,0.6666666602469137,0.909090902479339,0,0,0.8695652173913043,0.8333333319444445
3512.png,একজন পুরুষ হাতে একটা ঝুড়ি নিয়ে আছে।,0.4285714279591837,0.3333333329629629,0.374999994609375,0.374999994609375,0.0,0.374999994609375,0,0,0.4444444444444444,0.23076923059171597
3591.png,একটি শিশু বসে আছে।,0.249999999375,0.14285714265306124,0.1818181768595043,0.1818181768595043,0.0,0.1818181768595043,0,0,0.2962962962962963,0.0999999999
632.png,একজন পুরুষ একটি উঠুনে বসে।,0.3999999992,0.1999999998,0.2666666618666667,0.2666666618666667,0.0,0.14285713806122466,0,0,0.3142857142857143,0.15384615372781063
2753531542_ace2c870b7.jpg,একজন লোক পাথরে আরোহণ করছে,0.3999999992,0.16666666652777776,0.23529411321799312,0.23529411321799312,0.13333332924444455,0.23529411321799312,0,0,0.3913043478260869,0.13333333324444444
1603.png,কয়েকজন পুরুষ আছে।,0.9999999966666667,0.5999999988,0.7499999934375,0.7499999934375,0.6666666600000001,0.7499999934375,0,0,0.631578947368421,0.5999999988
3570.png,একটি নৌকায় কিছু মানুষ আছে।,0.7999999984,0.6666666655555555,0.7272727209917357,0.7272727209917357,0.2222222167901236,0.7272727209917357,0,0,0.7272727272727273,0.571428570612245
3291587911_81fc33300e.jpg,একটি সাপ মুখে একটি <unk>,0.3999999992,0.124999999921875,0.1904761866666667,0.1904761866666667,0.0,0.14285713806122466,0,0,0.28,0.11764705875432525
975131015_9acd25db9c.jpg,একটি কুকুর,0.4999999975,0.16666666638888888,0.24999999562500003,0.24999999562500003,0.0,0.24999999562500003,0,0,0.2692307692307693,0.16666666638888888
6287.png,একজন পুরুষ বসে আছে।,0.9999999975,0.49999999937499995,0.6666666611111112,0.6666666611111112,0.39999999500000005,0.6666666611111112,0,0,0.5384615384615384,0.49999999937499995
4023.png,একটি শিশু আছে।,0.9999999966666667,0.9999999966666667,0.9999999916666666,0.9999999916666666,0.9999999900000001,0.9999999916666666,1,1,1.0,0.9999999966666667
5996.png,একটি ছেলে রাস্তা দিয়ে হেটে যাচ্ছে,0.0,0.0,0.0,0.0,0.0,0.0,0,0,0.2195121951219512,0.0
717.png,একজন মানুষ আছে।,0.3333333322222222,0.1999999996,0.24999999468750006,0.24999999468750006,0.0,0.24999999468750006,0,0,0.42105263157894735,0.14285714265306124
5837.png,একটি ছেলে শিশু আছে।,0.49999999875,0.33333333277777777,0.3999999944,0.3999999944,0.0,0.3999999944,0,0,0.368421052631579,0.24999999968749997
3561433412_3985208d53.jpg,একটি কুকুর একটি বাদামী এবং সাদা কুকুর একটি মাঠে দৌড়াচ্ছে,0.3999999996,0.4444444439506172,0.4210526261495845,0.4210526261495845,0.22222221697530875,0.4210526261495845,0,0,0.5135135135135135,0.29999999969999996
3589052481_059e5e2c37.jpg,একজন পুরুষ চশমা পরে আছে।,0.3999999992,0.14285714275510203,0.21052631168975072,0.21052631168975072,0.11764705508650528,0.21052631168975072,0,0,0.34375,0.13333333324444444
3444974984_963fb441a0.jpg,একজন মহিলা একটি <unk> <unk> <unk> <unk> <unk> <unk> <unk> <unk> <unk> <unk> <unk> <unk> <unk> <unk> <unk> <unk> <unk> <unk> <unk> <unk> <unk> <unk> <unk> <unk> <unk> <unk> <unk> <unk> <unk> <unk> <unk> <unk> <unk> <unk> <unk> <unk> <unk>,0.07499999998125,0.37499999953124996,0.12499999717013895,0.12499999717013895,0.043478258270321514,0.12499999717013895,0,0,0.15000000000000002,0.37499999953124996
4086.png,রাস্তা দিয়ে গাড়ি দেখা যাচ্ছে।,0.1999999996,0.09090909082644627,0.12499999554687513,0.12499999554687513,0.0,0.12499999554687513,0,0,0.23809523809523814,0.06666666662222222
2436.png,কয়েকজন পুরুষ দাড়িয়ে আছে।,0.249999999375,0.16666666638888888,0.1999999948000001,0.1999999948000001,0.0,0.1999999948000001,0,0,0.30000000000000004,0.1111111109876543
5093.png,একটি ব্রীজ থেকে একটি সেতু আছে।,0.0,0.0,0.0,0.0,0.0,0.0,0,0,0.2962962962962963,0.0
472860064_a96a228796.jpg,একটি কুকুর তার কুকুরকে পানি পান করছে,0.2857142853061225,0.3999999992,0.33333332791666676,0.33333332791666676,0.1999999948000001,0.33333332791666676,0,0,0.4814814814814815,0.1999999998
3213395965_2a823c6865.jpg,একজন মহিলা তার <unk>,0.49999999875,0.49999999875,0.4999999937500001,0.4999999937500001,0.33333332722222225,0.4999999937500001,0,0,0.5555555555555556,0.33333333277777777
3026102616_3cf350af9e.jpg,একটি সাদা রঙের একটি কুকুর একটি সাদা কুকুর,0.24999999968749997,0.2222222219753086,0.23529411238754333,0.23529411238754333,0.12499999492187522,0.23529411238754333,0,0,0.46153846153846156,0.1999999998
3604384157_99241be16e.jpg,একজন লোক একটি লাল টুপি পরা লোক,0.4285714279591837,0.29999999969999996,0.35294117121107266,0.35294117121107266,0.13333332835555572,0.35294117121107266,0,0,0.3913043478260869,0.23076923059171597
7356.png,একজন নারী আছে।,0.6666666644444444,0.33333333277777777,0.44444443901234576,0.44444443901234576,0.0,0.44444443901234576,0,0,0.4285714285714286,0.2857142853061225
6390.png,একজন পুরুষ মাথার উপর দিয়ে আছে।,0.49999999916666665,0.49999999916666665,0.4999999941666667,0.4999999941666667,0.19999999460000012,0.4999999941666667,0,0,0.7272727272727273,0.3333333329629629
2417341107_97dbab9c5e.jpg,এক মহিলা সমুদ্রের দিকে আসছে,0.1999999996,0.1999999996,0.19999999460000012,0.19999999460000012,0.0,0.19999999460000012,0,0,0.34782608695652173,0.1111111109876543
2928835996_88b9f9503d.jpg,একটি <unk> <unk> কবরে দাড়িয়ে আছে এবং পিছনে অনেকগুলো মানুষ আছে।,0.18181818165289254,0.3999999992,0.249999995390625,0.249999995390625,0.0,0.222222217229081,0,0,0.33333333333333337,0.15384615372781063
758.png,একজন বৃদ্ধ লোক একটি <unk> <unk> <unk> <unk> <unk> <unk> <unk> <unk> <unk> <unk> <unk> <unk> <unk> <unk> <unk> <unk> <unk> <unk> <unk> <unk> <unk> <unk> <unk> <unk> <unk> <unk> <unk> <unk> <unk> <unk> <unk> <unk> <unk> <unk> <unk> <unk>,0.0499999999875,0.14285714275510203,0.07407407020576152,0.07407407020576152,0.0,0.03703703318244211,0,0,0.1132075471698113,0.124999999921875
3039675864_0b7961844d.jpg,একটি লোক একটি <unk>,0.49999999875,0.18181818165289254,0.26666666240000003,0.26666666240000003,0.0,0.26666666240000003,0,0,0.31999999999999995,0.14285714265306124
6487.png,কয়েকজন পুরুষ আছে।,0.0,0.0,0.0,0.0,0.0,0.0,0,0,0.23529411764705888,0.0
388.png,একটি সেতু আছে।,0.3333333322222222,0.12499999984374999,0.18181817752066123,0.18181817752066123,0.0,0.18181817752066123,0,0,0.27586206896551724,0.0999999999
954.png,একজন নারী আছে।,0.6666666644444444,0.33333333277777777,0.44444443901234576,0.44444443901234576,0.0,0.44444443901234576,0,0,0.42105263157894735,0.2857142853061225
639.png,একটি শিশু দাড়িয়ে আছে।,0.249999999375,0.16666666638888888,0.1999999948000001,0.1999999948000001,0.0,0.1999999948000001,0,0,0.26086956521739135,0.1111111109876543
7015.png,একটি বানর আছে।,0.9999999966666667,0.4285714279591837,0.5999999946000001,0.5999999946000001,0.24999999562500003,0.5999999946000001,0,0,0.4347826086956522,0.5999999988
7945.png,একটি ছেলে একটি <unk>,0.249999999375,0.249999999375,0.2499999943750001,0.2499999943750001,0.0,0.2499999943750001,0,0,0.4285714285714286,0.16666666638888888
IMG_4884.JPG,গোলাপি শাড়ি পরে আছে,0.7499999981250001,0.49999999916666665,0.5999999940000001,0.5999999940000001,0.49999999406250006,0.5999999940000001,0,0,0.5555555555555556,0.4285714279591837
6422.png,নীল শার্ট পরা একজন লোক দাড়িয়ে তাকিয়ে আছে।,0.37499999953124996,0.7499999981250001,0.49999999472222234,0.49999999472222234,0.1999999954000001,0.49999999472222234,0,0,0.4285714285714286,0.3333333329629629
1676601498_7d59327523.jpg,একজন লোক একটি <unk>,0.49999999875,0.1999999998,0.28571428122448983,0.28571428122448983,0.15384615005917168,0.26666666240000003,0,0,0.2195121951219512,0.16666666652777776
3463.png,একটি নৌকায় তিনজন মানুষ আছে।,0.7999999984,0.6666666655555555,0.7272727209917357,0.7272727209917357,0.2222222167901236,0.7272727209917357,0,0,0.7727272727272727,0.571428570612245
516394876_8b9b8021bc.jpg,এক লোক বাক্স <unk>,0.7499999981250001,0.2727272724793388,0.3999999955555556,0.3999999955555556,0.15384615005917168,0.26666666240000003,0,0,0.2666666666666667,0.29999999969999996
3103340819_46de7954a9.jpg,একজন পুরুষ বসে আছে।,0.249999999375,0.07692307686390532,0.11764705508650528,0.11764705508650528,0.0,0.11764705508650528,0,0,0.22857142857142854,0.0624999999609375
3530502404_f8c3a3f61c.jpg,একজন লোক মোটরসাইকেলে থাকা একজন লোক মোটরসাইকেলে চড়ে একটি মোটরসাইকেলে চড়ে একটি মোটরসাইকেলে চড়ে একটি মোটরসাইকেলে চড়ে একটি মোটরসাইকেলে চড়ে একটি মোটরসাইকেলে চড়ে একটি মোটরসাইকেলে চড়ে একটি মোটরসাইকেলে চড়ে একটি মোটরসাইকেলে চড়ে একটি মোটরসাইকেলে চড়ে একটি মোটরসাইকেলে চড়ে একটি মোটরসাইকেলে,0.099999999975,0.3333333330555555,0.15384615023668646,0.15384615023668646,0.04166666360243077,0.11538461178994093,0,0,0.1959798994974874,0.28571428551020406
3530087422_7eb2b2c289.jpg,একটি কালো হেলমেট পরা একজন লোক একটি <unk> থেকে নিচে নামছে,0.2727272724793388,0.24999999979166665,0.26086956000000006,0.26086956000000006,0.09523809015873042,0.26086956000000006,0,0,0.4042553191489362,0.15789473675900276
4443.png,একটি রিক্সা ও কয়েকজন মানুষ আছে।,0.33333333277777777,0.2222222219753086,0.2666666615111111,0.2666666615111111,0.0,0.2666666615111111,0,0,0.25806451612903225,0.15384615372781063
2587818583_4aa8e7b174.jpg,একটি ছেলে একটি <unk>,0.49999999875,0.2222222219753086,0.3076923029585799,0.3076923029585799,0.0,0.2222222167901236,0,0,0.4117647058823529,0.1999999998
1215.png,একজন বৃদ্ধ লোক হাতে লাঠি হাতে লাঠি হাতে লাঠি হাতে লাঠি হাতে লাঠি হাতে লাঠি হাতে লাঠি হাতে লাঠি হাতে লাঠি হাতে লাঠি হাতে লাঠি হাতে লাঠি হাতে লাঠি হাতে লাঠি হাতে লাঠি হাতে লাঠি হাতে লাঠি হাতে লাঠি হাতে,0.0499999999875,0.09999999995,0.0666666622000003,0.0666666622000003,0.0,0.0666666622000003,0,0,0.24590163934426235,0.08695652170132324
3433259846_800a6079f0.jpg,কারাতে অনুষ্ঠানে কারাতে অনুষ্ঠানে কারাতে দল নাচের প্রশিক্ষণ নিচ্ছে,0.1111111109876543,0.1999999996,0.14285713806122466,0.14285713806122466,0.0,0.14285713806122466,0,0,0.29268292682926833,0.0999999999
2428086758_bce4733f7e.jpg,একটি কুকুর একটি ফ্রিসবি ধরছে,0.5999999988,0.3333333329629629,0.42857142336734694,0.42857142336734694,0.16666666194444454,0.42857142336734694,0,0,0.4117647058823529,0.1999999998
7467.png,একটি মাঠে একটি কুকুর হেঁটে যাচ্ছে।,0.0,0.0,0.0,0.0,0.0,0.0,0,0,0.2647058823529411,0.0
3690189273_927d42ff43.jpg,সাঁতারের <unk> সাঁতারের পোশাক পরিহিত একজন লোক এবং একটি সাঁতারের পোশাক পরে আছে,0.15384615372781063,0.24999999968749997,0.1904761855782314,0.1904761855782314,0.0,0.1904761855782314,0,0,0.3076923076923077,0.124999999921875
6198.png,একজন নারী আছে।,0.6666666644444444,0.49999999875,0.5714285648979592,0.5714285648979592,0.0,0.5714285648979592,0,0,0.6428571428571428,0.3999999992
7575.png,একজন নারী নৃত্য করছে।,0.249999999375,0.14285714265306124,0.1818181768595043,0.1818181768595043,0.0,0.1818181768595043,0,0,0.3846153846153846,0.0999999999
5521.png,একজন পুরুষ আছে।,0.9999999966666667,0.7499999981250001,0.8571428497959185,0.8571428497959185,0.39999999360000005,0.8571428497959185,0,0,0.7333333333333334,0.7499999981250001
8302.png,একজন মানুষ দেখা যাচ্ছে।,0.49999999875,0.49999999875,0.4999999937500001,0.4999999937500001,0.33333332722222225,0.4999999937500001,0,0,0.47058823529411764,0.33333333277777777
7705.png,একজন পুরুষ একটি মাটির রাস্তা দিয়ে সাইকেল চালিয়ে যাচ্ছে।,0.0,0.0,0.0,0.0,0.0,0.0,0,0,0.3055555555555556,0.0
3603116579_4a28a932e2.jpg,একজন বেসবল খেলোয়াড় বেসে <unk>,0.3999999992,0.3999999992,0.39999999420000004,0.39999999420000004,0.2499999943750001,0.39999999420000004,0,0,0.38235294117647056,0.24999999968749997
1024138940_f1fefbdce1.jpg,দুটি কুকুর একটি <unk>,0.7499999981250001,0.4285714279591837,0.5454545398347109,0.5454545398347109,0.28571428000000004,0.4444444385185186,0,0,0.5263157894736843,0.37499999953124996
3004.png,একজন পুরুষ আছে।,0.3333333322222222,0.08333333326388888,0.1333333299555556,0.1333333299555556,0.0,0.1333333299555556,0,0,0.3846153846153846,0.07142857137755101
448590900_db83c42006.jpg,ঘাসের উপর একটি কালো কুকুর দৌড়ে যাচ্ছে,0.571428570612245,0.7999999984,0.6666666606944446,0.6666666606944446,0.3999999944,0.6666666606944446,0,0,0.8,0.49999999937499995
2748729903_3c7c920c4d.jpg,একটি নৌকায় কয়েকজন মানুষ আছে।,0.1999999996,0.14285714265306124,0.16666666152777793,0.16666666152777793,0.0,0.16666666152777793,0,0,0.40740740740740744,0.09090909082644627
3268443910_b36dbc1e5c.jpg,একজন লোক টেনিস খেলোয়াড় বলে আঘাত করছেন,0.8571428559183674,0.9999999983333333,0.9230769166863906,0.9230769166863906,0.7272727209917357,0.9230769166863906,0,0,0.8928571428571429,0.8571428559183674
8888.png,একটি লোক দোকানের ভিতর দাঁড়িয়ে আছে,0.0,0.0,0.0,0.0,0.0,0.0,0,0,0.3214285714285714,0.0
inbound334067910418498238.jpg,কয়েকজন পুরুষ আছে। পিছনে কয়েকজন পুরুষ আছে। পিছনে কয়েকজন পুরুষ আছে। পিছনে কয়েকজন পুরুষ আছে। পিছনে কয়েকজন পুরুষ আছে। পিছনে কয়েকজন পুরুষ আছে। পিছনে কয়েকজন পুরুষ আছে। পিছনে কয়েকজন পুরুষ আছে। পিছনে কয়েকজন পুরুষ আছে। পিছনে কয়েকজন পুরুষ আছে। পিছনে,0.0,0.0,0.0,0.0,0.0,0.0,0,0,0.09467455621301779,0.0
2759.png,একজন পুরুষ আছে।,0.6666666644444444,0.6666666644444444,0.6666666594444445,0.6666666594444445,0.4999999925000001,0.6666666594444445,0,0,0.8181818181818181,0.49999999875
2283.png,একজন নারী আছে।,0.3333333322222222,0.249999999375,0.28571428000000004,0.28571428000000004,0.0,0.28571428000000004,0,0,0.46153846153846156,0.16666666638888888
7548.png,একটি পার্কে একটি পরিবার একটি পার্কে একটি <unk>,0.0,0.0,0.0,0.0,0.0,0.0,0,0,0.28125,0.0
3197917064_e679a44b8e.jpg,একটি সাদা কুকুর একটি কুকুর দৌড়ে বেড়াচ্ছে,0.4285714279591837,0.3333333329629629,0.374999994609375,0.374999994609375,0.2857142804081633,0.374999994609375,0,0,0.59375,0.2727272724793388
7285.png,একজন পুলিশ কর্মকর্তা দাঁড়িয়ে আছে।,0.1999999996,0.3333333322222222,0.24999999468750006,0.24999999468750006,0.0,0.24999999468750006,0,0,0.34090909090909094,0.14285714265306124
2512876666_9da03f9589.jpg,একজন লোক পাহাড়ের নিচে নামছে,0.3999999992,0.33333333277777777,0.36363635801652905,0.36363635801652905,0.2222222167901236,0.36363635801652905,0,0,0.5217391304347826,0.2222222219753086
3126773489_7ae425af17.jpg,সাদা রঙের জার্সি পরিহিত একজন বাস্কেটবল খেলোয়াড় বল হাতে নিয়ে দাঁড়িয়ে আছে,0.24999999979166665,0.5999999988,0.3529411719031142,0.3529411719031142,0.21052631069252087,0.3529411719031142,0,0,0.4375,0.21428571413265304
1498.png,একজন পুরুষ বসে আছে।,0.49999999875,0.24999999968749997,0.33333332833333335,0.33333332833333335,0.0,0.33333332833333335,0,0,0.3448275862068966,0.2222222219753086
522.png,একজন নারী ও একজন মহিলা কুলে একটি শিশু আছে।,0.4444444439506172,0.4444444439506172,0.4444444389506173,0.4444444389506173,0.12499999484375018,0.4444444389506173,0,0,0.5151515151515151,0.24999999979166665
3254662117_b2e7dede6e.jpg,একটি কালো রঙের জ্যাকেট পরিহিত একজন মহিলা এবং একটি মেয়ে,0.0999999999,0.12499999984374999,0.11111110604938293,0.11111110604938293,0.0,0.11111110604938293,0,0,0.28205128205128205,0.0624999999609375
3458434150_2b0d619244.jpg,একটি ছেলে একটি পাথুরে পাহাড় বেয়ে উঠছে,0.2857142853061225,0.2222222219753086,0.24999999476562512,0.24999999476562512,0.0,0.24999999476562512,0,0,0.48,0.09090909082644627
6329.png,একজন পুরুষ একটি শিশু আছে।,0.1999999996,0.0999999999,0.13333332871111125,0.13333332871111125,0.0,0.13333332871111125,0,0,0.33333333333333337,0.07142857137755101
3523559027_a65619a34b.jpg,অনেকগুলো মানুষ আছে।,0.3333333322222222,0.0999999999,0.15384615005917168,0.15384615005917168,0.0,0.15384615005917168,0,0,0.375,0.09090909082644627
3232470286_903a61ea16.jpg,একটি ফুটবল খেলা চলাকালীন <unk>,0.5999999988,0.29999999969999996,0.39999999502222217,0.39999999502222217,0.0,0.39999999502222217,0,0,0.5238095238095238,0.2727272724793388
7847.png,একটি রাস্তা দিয়ে এক লোক হাটছে,0.33333333277777777,0.1999999998,0.24999999500000003,0.24999999500000003,0.14285713806122466,0.24999999500000003,0,0,0.29729729729729726,0.14285714275510203
1813597483_3f09d2a020.jpg,একটি কালো কুকুর একটি দন্ডের উপর দিয়ে লাফ দিচ্ছে,0.7777777769135802,0.5384615380473372,0.6363636309504133,0.6363636309504133,0.22222221703703712,0.5999999944500001,0,0,0.675,0.4285714282653061
2923475135_a6b6e13d26.jpg,একজন লোক একটি <unk>,0.7499999981250001,0.23076923059171597,0.35294117245674744,0.35294117245674744,0.1333333299555556,0.35294117245674744,0,0,0.33333333333333337,0.21428571413265304
4841.png,একটি প্ল্যাটফর্মে দাঁড়িয়ে আছে এবং উপরে দাড়িয়ে আছে ও একজন লোক দাঁড়িয়ে আছে,0.07692307686390532,0.3333333322222222,0.12499999679687505,0.12499999679687505,0.0,0.12499999679687505,0,0,0.20408163265306123,0.07692307686390532
1131340021_83f46b150a.jpg,একটি ছেলে একটি বেড়ার উপর দাঁড়িয়ে আছে,0.14285714265306124,0.08333333326388888,0.1052631531301941,0.1052631531301941,0.0,0.1052631531301941,0,0,0.43999999999999995,0.05882352937716263
3648988742_888a16f600.jpg,একজন মহিলা তার পিছনে একটি পতাকা হাতে নিয়ে আছে।,0.2222222219753086,0.16666666652777776,0.1904761853968255,0.1904761853968255,0.0,0.1904761853968255,0,0,0.33333333333333337,0.1111111110493827
IMG_20220915_165948.jpg,একজন নারী বসে আছে।,0.249999999375,0.16666666638888888,0.1999999948000001,0.1999999948000001,0.0,0.1999999948000001,0,0,0.4347826086956522,0.1111111109876543
2255332561_3375897ff0.jpg,একজন লোক একটি পাহাড়ের উপরে উঠছে,0.49999999916666665,0.3333333329629629,0.3999999946666667,0.3999999946666667,0.3076923024852071,0.3999999946666667,0,0,0.5142857142857142,0.2727272724793388
2800934095_b84a5009dd.jpg,একটি কুকুর একটি কুমির লাফ দিচ্ছে।,0.49999999916666665,0.3333333329629629,0.3999999946666667,0.3999999946666667,0.19999999460000012,0.3999999946666667,0,0,0.5909090909090908,0.2222222219753086
2502079538_10ef2e976b.jpg,একটি শিশু একটি উটের উপর বসে আছে,0.4285714279591837,0.24999999979166665,0.31578946869806096,0.31578946869806096,0.11764705411764723,0.31578946869806096,0,0,0.45238095238095233,0.21428571413265304
337.png,একজন পুরুষ বসে আছে।,0.7499999981250001,0.21428571413265304,0.33333332950617284,0.33333332950617284,0.12499999679687505,0.33333332950617284,0,0,0.21568627450980393,0.21428571413265304
892340814_bdd61e10a4.jpg,একজন লোক পাথরে চড়ছে,0.49999999875,0.2222222219753086,0.3076923029585799,0.3076923029585799,0.18181817752066123,0.3076923029585799,0,0,0.37142857142857144,0.18181818165289254
7601.png,এটি একটি রাস্তা।,0.3333333322222222,0.0624999999609375,0.10526315512465378,0.10526315512465378,0.0,0.10526315512465378,0,0,0.13207547169811318,0.0624999999609375
5360.png,একটি নৌকায় কয়েকজন মানুষ আছে।,0.1999999996,0.16666666638888888,0.1818181765289258,0.1818181765289258,0.0,0.1818181765289258,0,0,0.375,0.0999999999
1634.png,কয়েকজন মানুষ আছে।,0.9999999966666667,0.29999999969999996,0.46153845727810655,0.46153845727810655,0.1818181785123967,0.46153845727810655,0,0,0.29268292682926833,0.37499999953124996
7455.png,একটি সেতু আছে।,0.0,0.0,0.0,0.0,0.0,0.0,0,0,0.21052631578947367,0.0
130151401.jpg,একজন পুরুষ দাড়িয়ে আছে।,0.249999999375,0.14285714265306124,0.1818181768595043,0.1818181768595043,0.0,0.1818181768595043,0,0,0.23333333333333328,0.0999999999
9146.png,একজন পুরুষ বসে আছে।,0.7499999981250001,0.49999999916666665,0.5999999940000001,0.5999999940000001,0.24999999468750006,0.5999999940000001,0,0,0.5454545454545454,0.4285714279591837
5914.png,একটি ছেলে মাথায় করে আছে।,0.5999999988,0.29999999969999996,0.39999999502222217,0.39999999502222217,0.15384614934911253,0.2666666618666667,0,0,0.4375,0.24999999979166665
244870123_dcb6e53643.jpg,একটি কুকুর একটি কুকুর খেলছে,0.3999999992,0.3999999992,0.39999999420000004,0.39999999420000004,0.2499999943750001,0.39999999420000004,0,0,0.631578947368421,0.33333333277777777
3640.png,রাস্তা দিয়ে একজন পুরুষ রাস্তা দিয়ে সাইকেল চালিয়ে যাচ্ছে।,0.4444444439506172,0.7999999984,0.5714285660204083,0.5714285660204083,0.33333332833333335,0.5714285660204083,0,0,0.5714285714285714,0.49999999937499995
1427.png,একটি দালানের বাইরে একটি দালানের বাইরে একটি ইটের দালানের সামনে বসে আছে,0.08333333326388888,0.07692307686390532,0.07999999494400031,0.07999999494400031,0.0,0.07999999494400031,0,0,0.29166666666666663,0.05555555552469135
4753.png,কয়েকজন মানুষ আছে।,0.3333333322222222,0.12499999984374999,0.18181817752066123,0.18181817752066123,0.0,0.18181817752066123,0,0,0.2222222222222222,0.0999999999
2073105823_6dacade004.jpg,একজন লোক একটি সিমেন্টের স্মৃতিস্তম্ভের উপর দিয়ে একটি সিমেন্টের স্মৃতিস্তম্ভের উপর দিয়ে একটি সিমেন্টের স্মৃতিস্তম্ভের উপর দিয়ে একটি সিমেন্টের স্মৃতিস্তম্ভের উপর দিয়ে একটি সিমেন্টের স্মৃতিস্তম্ভের উপর দিয়ে একটি সিমেন্টের স্মৃতিস্তম্ভের উপর দিয়ে একটি সিমেন্টের স্মৃতিস্তম্ভের উপর দিয়ে একটি সিমেন্টের স্মৃতিস্তম্ভের,0.07499999998125,0.49999999916666665,0.1304347802835539,0.1304347802835539,0.0,0.1304347802835539,0,0,0.16826923076923073,0.29999999969999996
3728695560_00ec1ca492.jpg,একটি টেবিলে বসে খাবার খাচ্ছেন,0.1999999996,0.1111111109876543,0.14285713806122466,0.14285713806122466,0.0,0.14285713806122466,0,0,0.2941176470588235,0.08333333326388888
6077.png,একজন ছেলে মাথা বের করে হাসি মুখে তাকিয়ে আছে।,0.2222222219753086,0.2857142853061225,0.24999999476562512,0.24999999476562512,0.0,0.24999999476562512,0,0,0.48275862068965514,0.14285714275510203
539750844_02a07ec524.jpg,একটি কুকুর একটি বল নিয়ে একটি কুকুর একটি বল নিয়ে একটি কুকুর একটি বল নিয়ে একটি কুকুর একটি বল নিয়ে একটি কুকুর একটি বল নিয়ে একটি কুকুর একটি বল নিয়ে একটি কুকুর একটি বল নিয়ে একটি কুকুর একটি বল নিয়ে,0.099999999975,0.571428570612245,0.17021276334993213,0.17021276334993213,0.08888888653827165,0.17021276334993213,0,0,0.2517482517482518,0.4285714279591837
2510197716_fddca0ac75.jpg,একটি ছেলে একটি সুইং থেকে লাফ দিচ্ছে,0.2857142853061225,0.2222222219753086,0.24999999476562512,0.24999999476562512,0.0,0.24999999476562512,0,0,0.4,0.15384615372781063
1645.png,একজন পুরুষ বসে আছে।,0.249999999375,0.14285714265306124,0.1818181768595043,0.1818181768595043,0.0,0.1818181768595043,0,0,0.33333333333333337,0.1111111109876543
1433142189_cda8652603.jpg,এক মেয়ে একটি মাঠে দাঁড়িয়ে আছে।,0.33333333277777777,0.16666666652777776,0.22222221753086427,0.22222221753086427,0.0,0.22222221753086427,0,0,0.34375,0.13333333324444444
6761.png,একটি শিশু আছে।,0.6666666644444444,0.49999999875,0.5714285648979592,0.5714285648979592,0.39999999360000005,0.5714285648979592,0,0,0.5714285714285714,0.3999999992
150.png,একজন লোক একটি বিশাল ভীড়,0.1999999996,0.14285714265306124,0.16666666152777793,0.16666666152777793,0.0,0.16666666152777793,0,0,0.375,0.0999999999
1187593464_ce862352c6.jpg,একটি কুকুর ঝোপের মধ্য দিয়ে চলছে,0.33333333277777777,0.2857142853061225,0.3076923022485208,0.3076923022485208,0.1818181765289258,0.3076923022485208,0,0,0.5454545454545454,0.18181818165289254
3180806542_49b6de312d.jpg,একজন লোক তার স্নোবোর্ড দিয়ে বাতাসে লাফ দিচ্ছে,0.24999999968749997,0.33333333277777777,0.2857142804081633,0.2857142804081633,0.0,0.2857142804081633,0,0,0.5,0.16666666652777776
2446601467_a35841cb1d.jpg,একটি শিশু কাঁদছে,0.6666666644444444,0.24999999968749997,0.36363635900826446,0.36363635900826446,0.19999999640000002,0.36363635900826446,0,0,0.4375,0.2222222219753086
6929.png,একটি গরু নিয়ে রাস্তা দিয়ে রাস্তা দিয়ে রাস্তা দিয়ে রাস্তা দিয়ে রাস্তা দিয়ে রাস্তা দিয়ে রাস্তা দিয়ে রাস্তা দিয়ে রাস্তা দিয়ে রাস্তা দিয়ে রাস্তা দিয়ে রাস্তা দিয়ে রাস্তা দিয়ে রাস্তা দিয়ে রাস্তা দিয়ে রাস্তা দিয়ে রাস্তা দিয়ে রাস্তা দিয়ে রাস্তা,0.02499999999375,0.12499999984374999,0.04166666387152797,0.04166666387152797,0.0,0.04166666387152797,0,0,0.13669064748201443,0.08333333326388888
8172.png,একজন পুরুষ বসে আছে।,0.7499999981250001,0.9999999966666667,0.8571428497959185,0.8571428497959185,0.39999999360000005,0.8571428497959185,0,0,0.7857142857142857,0.7499999981250001
3514297698_0512623955.jpg,একটি কুকুর পানিতে সাঁতার কাটছে,0.5999999988,0.29999999969999996,0.39999999502222217,0.39999999502222217,0.1999999948000001,0.39999999502222217,0,0,0.4,0.24999999979166665
3431860810_44277cd360.jpg,একটি কুকুর জলের ধারে দাঁড়িয়ে আছে,0.49999999916666665,0.3333333329629629,0.3999999946666667,0.3999999946666667,0.15384614887573977,0.3999999946666667,0,0,0.42105263157894735,0.24999999979166665
8860.png,কয়েকজন মানুষ আছে।,0.3333333322222222,0.09090909082644627,0.14285713928571436,0.14285713928571436,0.0,0.14285713928571436,0,0,0.24390243902439024,0.07692307686390532
442918418_0f29c97fa9.jpg,একটি কুকুর বনের রাস্তা দিয়ে দৌড়ে যাচ্ছে,0.4285714279591837,0.7499999981250001,0.5454545398347109,0.5454545398347109,0.2222222172839507,0.36363635834710756,0,0,0.3846153846153846,0.37499999953124996
8112.png,একজন মানুষ আছে।,0.0,0.0,0.0,0.0,0.0,0.0,0,0,0.31999999999999995,0.0
1654.png,একজন নারী দাড়িয়ে আছে।,0.7499999981250001,0.37499999953124996,0.49999999472222234,0.49999999472222234,0.1999999954000001,0.49999999472222234,0,0,0.4193548387096774,0.3333333329629629
1469.png,একজন বালক খাতায় লিখছে হাতে <unk> করছে।,0.4285714279591837,0.15789473675900276,0.23076922665680477,0.23076922665680477,0.0,0.1818181768595043,0,0,0.40740740740740744,0.13043478255198487
2953.png,একজন পুরুষ হেঁটে যাচ্ছে।,0.49999999875,0.2222222219753086,0.3076923029585799,0.3076923029585799,0.18181817752066123,0.3076923029585799,0,0,0.37037037037037035,0.18181818165289254
1378557186.jpg,একজন লোক একটি বন্দুক তাক করে আছে,0.4285714279591837,0.4285714279591837,0.42857142295918377,0.42857142295918377,0.16666666138888903,0.42857142295918377,0,0,0.6428571428571428,0.29999999969999996
3258472448_75cfab5e6f.jpg,একটি বিশাল <unk> একটি <unk> কাছে একটি <unk> কাছে একটি <unk> কাছে একটি <unk> কাছে একটি <unk> কাছে একটি <unk> কাছে একটি <unk> কাছে একটি <unk> কাছে একটি <unk> কাছে একটি <unk> কাছে একটি <unk> কাছে একটি <unk> কাছে একটি,0.0,0.0,0.0,0.0,0.0,0.0,0,0,0.16326530612244894,0.0
2620113705_a8fa89b8f6.jpg,একটি কুকুর বনের মধ্যে দিয়ে <unk>,0.33333333277777777,0.3999999992,0.36363635801652905,0.36363635801652905,0.2222222167901236,0.36363635801652905,0,0,0.3846153846153846,0.2222222219753086
6604.png,দুইটি শিশু আছে।,0.6666666644444444,0.6666666644444444,0.6666666594444445,0.6666666594444445,0.4999999925000001,0.6666666594444445,0,0,0.7777777777777778,0.49999999875
7477.png,একজন পুরুষ মাথা কাপড় পরে আছে।,0.49999999916666665,0.37499999953124996,0.4285714230612245,0.4285714230612245,0.0,0.4285714230612245,0,0,0.5806451612903225,0.2727272724793388
1527.png,সামনে কয়েকজন পুরুষ আছে।,0.249999999375,0.12499999984374999,0.16666666194444454,0.16666666194444454,0.0,0.16666666194444454,0,0,0.34615384615384615,0.0999999999
957230475_48f4285ffe.jpg,একটি ছেলে বাচ্চা ছেলে বাচ্চা।,0.3999999992,0.13333333324444444,0.19999999605000005,0.19999999605000005,0.1111111075308643,0.19999999605000005,0,0,0.25,0.124999999921875
5817.png,একজন পুরুষ একটি সেতুর উপর বসে আছে আর একজন মহিলা বসে আছে।,0.3333333330555555,0.3333333330555555,0.3333333280555556,0.3333333280555556,0.09090908582644655,0.3333333280555556,0,0,0.36363636363636365,0.2222222220987654
8499.png,একজন লোক একটি কাঠের বেড়া দিয়ে মাটি কাটছে,0.24999999968749997,0.1999999998,0.22222221703703712,0.22222221703703712,0.12499999492187522,0.22222221703703712,0,0,0.4736842105263158,0.124999999921875
496129405_b9feeda1ab.jpg,একটি কালো কুকুর ঘাসে খেলছে,0.3999999992,0.49999999875,0.4444444385185186,0.4444444385185186,0.28571428000000004,0.4444444385185186,0,0,0.7058823529411764,0.2857142853061225
1566117559_f5d98fbeb0.jpg,একটি কুকুর একটি লাঠি নিয়ে একটি কুকুর একটি লাঠি নিয়ে একটি কুকুর একটি লাঠি নিয়ে একটি কুকুর একটি লাঠি নিয়ে একটি কুকুর একটি লাঠি নিয়ে একটি কুকুর একটি লাঠি নিয়ে একটি কুকুর একটি লাঠি নিয়ে একটি কুকুর একটি লাঠি নিয়ে,0.0499999999875,0.3999999992,0.08888888687407412,0.08888888687407412,0.04651162619794489,0.08888888687407412,0,0,0.1748251748251748,0.2857142853061225
3132832452_c354c6396c.jpg,একটি মহিলা একটি কক্ষে জড়ো হয়েছিল,0.33333333277777777,0.1999999998,0.24999999500000003,0.24999999500000003,0.0,0.24999999500000003,0,0,0.2894736842105263,0.07692307686390532
IMG_20220921_124946.jpg,একজন পুরুষ হাতে একটা ক্রেস্ট নিয়ে আছে।,0.2857142853061225,0.6666666644444444,0.39999999500000005,0.39999999500000005,0.0,0.39999999500000005,0,0,0.4814814814814815,0.24999999968749997
3139.png,একজন পুরুষ ঝর্ণার পানিতে গোসল করছে।,0.33333333277777777,0.3999999992,0.36363635801652905,0.36363635801652905,0.0,0.36363635801652905,0,0,0.6,0.2222222219753086
285586547_c81f8905a1.jpg,একজন লোক একটি মোটরসাইকেল নিয়ে দাঁড়িয়ে আছে।,0.4285714279591837,0.37499999953124996,0.3999999944888889,0.3999999944888889,0.15384614863905344,0.3999999944888889,0,0,0.4242424242424242,0.24999999979166665
2056.png,লোক টি <unk>,0.3333333322222222,0.05263157891966759,0.09090908847107444,0.09090908847107444,0.0,0.09090908847107444,0,0,0.16666666666666663,0.049999999975
1394396709_65040d97ab.jpg,একটি কুকুর পানিতে সাঁতার কাটছে।,0.5999999988,0.2727272724793388,0.374999995234375,0.374999995234375,0.1818181768595043,0.374999995234375,0,0,0.5,0.24999999979166665
IMG_2762.JPG,চশমা পরা একজন পুরুষ আছে।,0.1999999996,0.249999999375,0.2222222167901236,0.2222222167901236,0.0,0.2222222167901236,0,0,0.38888888888888884,0.12499999984374999
143.png,একজন মানুষ একটি রেল লাইনের উপর দিয়ে হেটে যাচ্ছে,0.3333333329629629,0.37499999953124996,0.3529411710726644,0.3529411710726644,0.13333332817777796,0.23529411238754333,0,0,0.27118644067796616,0.21428571413265304
2634.png,একজন পুরুষ একটি সেতুর উপরে দাড়িয়ে আছে কিছু মানুষ আছে।,0.0999999999,0.14285714265306124,0.11764705384083066,0.11764705384083066,0.0,0.11764705384083066,0,0,0.3783783783783784,0.0624999999609375
7850.png,একটি লোক সৈকতে তার পিছনে একটি <unk>,0.0,0.0,0.0,0.0,0.0,0.0,0,0,0.28125,0.0
_MG_1961.JPG,একটি শিশু আছে।,0.3333333322222222,0.16666666638888888,0.2222222172839507,0.2222222172839507,0.0,0.2222222172839507,0,0,0.3529411764705882,0.12499999984374999
2831656774_36982aafdb.jpg,একটি কালো কুকুর একটি মাদুরের উপর লাফাচ্ছে,0.7142857132653061,0.3571428568877551,0.47619047129251707,0.47619047129251707,0.0,0.47619047129251707,0,0,0.48275862068965514,0.28571428551020406
145721496_687af9bb18.jpg,একটি সাদা পাখি জলের উপর দিয়ে একটি বিশাল <unk>,0.5555555549382716,0.3571428568877551,0.4347826035538753,0.4347826035538753,0.0,0.26086956022684316,0,0,0.46875,0.2352941175086505
3315726723_64c9b0a945.jpg,একটি ছোট ছেলে একটি <unk>,0.1999999996,0.249999999375,0.2222222167901236,0.2222222167901236,0.0,0.2222222167901236,0,0,0.368421052631579,0.14285714265306124
2984.png,কয়েকজন মানুষ আছে।,0.6666666644444444,0.49999999875,0.5714285648979592,0.5714285648979592,0.39999999360000005,0.5714285648979592,0,0,0.6875,0.3999999992
150582765_bad8dec237.jpg,একজন মহিলা তার ক্যামেরা দিয়ে ছবি তুলছে,0.571428570612245,0.571428570612245,0.5714285656122451,0.5714285656122451,0.3333333277777778,0.5714285656122451,0,0,0.42307692307692313,0.3999999996
2826647354_650ff5eb03.jpg,একটি ছেলে সাইকেল চালাচ্ছে,0.7499999981250001,0.5999999988,0.6666666602469137,0.6666666602469137,0.5714285648979592,0.6666666602469137,0,0,0.7777777777777778,0.49999999916666665
7512.png,একজন পুরুষ ও একজন পুরুষ আছে।,0.33333333277777777,0.1999999998,0.24999999500000003,0.24999999500000003,0.0,0.24999999500000003,0,0,0.40909090909090906,0.18181818165289254
2534194182_ac53035cf4.jpg,একটি <unk> হওয়ার সাথে কথা বলছে।,0.33333333277777777,0.2857142853061225,0.3076923022485208,0.3076923022485208,0.0,0.3076923022485208,0,0,0.3666666666666667,0.18181818165289254
7332.png,একজন পুরুষ বসে কাজ করছে।,0.3999999992,0.3999999992,0.39999999420000004,0.39999999420000004,0.2499999943750001,0.39999999420000004,0,0,0.42105263157894735,0.24999999968749997
1295669416_21cabf594d.jpg,একটি ছেলে পাথরের দেয়ালে ঝুঁকছে এবং একটি ছেলে একটি সিমেন্টের সিঁড়িতে বসে আছে,0.23076923059171597,0.2727272724793388,0.249999994826389,0.249999994826389,0.09090908586776886,0.249999994826389,0,0,0.4285714285714286,0.16666666657407406
1685463722_55843b6d3c.jpg,একটি মেয়ে একটি রাস্তায় গাড়ি চালাচ্ছে,0.16666666638888888,0.0999999999,0.12499999515625017,0.12499999515625017,0.0,0.12499999515625017,0,0,0.4666666666666667,0.07142857137755101
633.png,একজন পুরুষ আছে।,0.6666666644444444,0.33333333277777777,0.44444443901234576,0.44444443901234576,0.28571428081632655,0.44444443901234576,0,0,0.3846153846153846,0.2857142853061225
2872.png,একজন পুরুষ মানুষ আছে।,0.49999999875,0.6666666644444444,0.5714285648979592,0.5714285648979592,0.0,0.5714285648979592,0,0,0.6,0.3999999992
3594029059_cee1f4c59a.jpg,একটি সাদা পাখি জলের উপর দিয়ে একটি পাখি,0.49999999937499995,0.49999999937499995,0.49999999437500003,0.49999999437500003,0.28571428030612256,0.37499999453125,0,0,0.3448275862068966,0.29999999969999996
222.png,একটি কুমির আছে।,0.6666666644444444,0.1999999998,0.3076923036686391,0.3076923036686391,0.0,0.3076923036686391,0,0,0.24242424242424243,0.1999999998
4586.png,একটি শিশু হুইল চেয়ারে বসে আছে,0.33333333277777777,0.15384615372781063,0.21052631124653745,0.21052631124653745,0.0,0.21052631124653745,0,0,0.2857142857142857,0.124999999921875
3801.png,একজন পুরুষ পাশাপাশি দাড়িয়ে আছে।,0.5999999988,0.7499999981250001,0.6666666602469137,0.6666666602469137,0.0,0.4444444385185186,0,0,0.30000000000000004,0.49999999916666665
4888.png,একটি অনুস্তানে অনেক খাবার ও অনেকগুলো খাবার আছে।,0.12499999984374999,0.1999999996,0.15384614887573977,0.15384614887573977,0.0,0.15384614887573977,0,0,0.3125,0.09090909082644627
618292739_0fdc2ccab0.jpg,একটি অল্প বয়সী মেয়ে তার <unk>,0.16666666638888888,0.16666666638888888,0.16666666138888903,0.16666666138888903,0.0,0.16666666138888903,0,0,0.3846153846153846,0.09090909082644627
4774.png,একটি সবুজ ঘাস নিয়ে হেঁটে যাচ্ছে।,0.16666666638888888,0.14285714265306124,0.15384614863905344,0.15384614863905344,0.0,0.15384614863905344,0,0,0.31999999999999995,0.09090909082644627
7644.png,একজন পুরুষ মাথায় বস্তা নিয়ে দাড়িয়ে আছে।,0.4285714279591837,0.3333333329629629,0.374999994609375,0.374999994609375,0.1428571377551022,0.374999994609375,0,0,0.40816326530612246,0.23076923059171597
480505313_2dc686e5db.jpg,একজন লোক একটি ঝর্নার সামনে দাঁড়িয়ে আছে,0.4285714279591837,0.24999999979166665,0.31578946869806096,0.31578946869806096,0.15384614863905344,0.31578946869806096,0,0,0.44680851063829785,0.19999999986666667
3430526230_234b3550f6.jpg,একটি কালো কুকুর একটি বন্য প্রাণীকে আক্রমণ করছে,0.37499999953124996,0.29999999969999996,0.3333333280246914,0.3333333280246914,0.0,0.3333333280246914,0,0,0.368421052631579,0.21428571413265304
4686.png,কয়েকজন ছেলে গোসল করছে।,0.9999999975,0.6666666655555555,0.7999999936,0.7999999936,0.49999999406250006,0.7999999936,0,0,0.6153846153846154,0.6666666655555555
2573.png,একটি গাছের ছায়ায় একজন লোক দাঁড়িয়ে আছে।,0.4285714279591837,0.37499999953124996,0.3999999944888889,0.3999999944888889,0.0,0.2666666613333334,0,0,0.37037037037037035,0.24999999979166665
3759.png,তিনজন পুরুষ আছে।,0.6666666644444444,0.24999999968749997,0.36363635900826446,0.36363635900826446,0.22222221827160496,0.36363635900826446,0,0,0.2727272727272727,0.24999999968749997
2211.png,একজন পুরুষ আছে।,0.0,0.0,0.0,0.0,0.0,0.0,0,0,0.26086956521739135,0.0
347282286_168299646194618_7963948990199803197_n.jpg,একজন পুরুষ আছে।,0.3333333322222222,0.08333333326388888,0.1333333299555556,0.1333333299555556,0.0,0.1333333299555556,0,0,0.29166666666666663,0.07142857137755101
3123526484_02952e40fc.jpg,একটি এশিয়ান দম্পতি একটি ব্যস্ত রাস্তায় দাঁড়িয়ে আছে।,0.37499999953124996,0.5999999988,0.46153845609467453,0.46153845609467453,0.12499999492187522,0.3076923024852071,0,0,0.625,0.3333333329629629
485921585_1974b1577a.jpg,একজন লোক তার সাইকেল দিয়ে বাতাসে লাফিয়ে কসরত দেখাচ্ছেন,0.3333333329629629,0.24999999979166665,0.28571428054421777,0.28571428054421777,0.10526315290858747,0.28571428054421777,0,0,0.3829787234042553,0.16666666657407406
20201222_134232.jpg,একটি ছেলে একটি পর্যটন এলাকায় দাঁড়িয়ে আছে,0.14285714265306124,0.16666666638888888,0.15384614863905344,0.15384614863905344,0.0,0.15384614863905344,0,0,0.4285714285714286,0.09090909082644627
487074671_66db20bf47.jpg,একজন লোক একটি <unk>,0.7499999981250001,0.4285714279591837,0.5454545398347109,0.5454545398347109,0.44444443901234576,0.5454545398347109,0,0,0.46153846153846156,0.37499999953124996
3638992163_a085cc0c24.jpg,একটি কুকুর একটি বাধা উপর দিয়ে দৌড়াচ্ছে,0.571428570612245,0.49999999937499995,0.5333333276444445,0.5333333276444445,0.3076923022485208,0.5333333276444445,0,0,0.625,0.29999999969999996
3423802527_94bd2b23b0.jpg,একজন পুলিশ একটি <unk>,0.49999999875,0.33333333277777777,0.3999999944,0.3999999944,0.0,0.1999999948000001,0,0,0.24,0.24999999968749997
7437.png,একজন ছেলে একটা বাচ্চাকে কোলে নিয়ে আছে।,0.2857142853061225,0.2857142853061225,0.28571428030612256,0.28571428030612256,0.0,0.28571428030612256,0,0,0.43999999999999995,0.18181818165289254
8733.png,একটি দরজা জানালা দিয়ে দরজা জানালা দিয়ে আছে,0.24999999968749997,0.33333333277777777,0.2857142804081633,0.2857142804081633,0.16666666152777793,0.2857142804081633,0,0,0.4285714285714286,0.2222222219753086
2764178773_d63b502812.jpg,একজন লোক একটি পাহাড়ের উপরে সাইকেল নিয়ে লাফ দিচ্ছে,0.5555555549382716,0.7142857132653061,0.624999994296875,0.624999994296875,0.4285714230612245,0.624999994296875,0,0,0.6285714285714286,0.45454545413223135
9151.png,কয়েকজন মানুষ আছে।,0.6666666644444444,0.33333333277777777,0.44444443901234576,0.44444443901234576,0.28571428081632655,0.44444443901234576,0,0,0.45833333333333337,0.2857142853061225
2281.png,একজন মহিলা এবং একজন মহিলা,0.1999999996,0.12499999984374999,0.15384614887573977,0.15384614887573977,0.0,0.15384614887573977,0,0,0.3793103448275862,0.1111111109876543
2310233145_910cb5b4c8.jpg,একটি শিশু আছে।,0.6666666644444444,0.18181818165289254,0.2857142819387755,0.2857142819387755,0.16666666361111113,0.2857142819387755,0,0,0.18181818181818177,0.16666666652777776
3162045919_c2decbb69b.jpg,একজন লোক একটি ঢেউ এর উপর দিয়ে চলছে,0.37499999953124996,0.29999999969999996,0.3333333280246914,0.3333333280246914,0.24999999476562512,0.3333333280246914,0,0,0.4642857142857143,0.19999999986666667
3198962089_e647d1b0cd.jpg,একটি <unk> একটি <unk>,0.249999999375,0.12499999984374999,0.16666666194444454,0.16666666194444454,0.0,0.16666666194444454,0,0,0.31999999999999995,0.1111111109876543
3472364264_dbde5a8d0a.jpg,একটি কালো কুকুর সৈকতে খেলছে,0.7999999984,0.9999999975,0.8888888819753088,0.8888888819753088,0.5714285648979592,0.8888888819753088,0,0,0.8333333333333334,0.7999999984
2929006980_9f9f8f3d21.jpg,একটি ছোট ছেলে একটি লাল <unk>,0.49999999916666665,0.4285714279591837,0.4615384558579882,0.4615384558579882,0.0,0.4615384558579882,0,0,0.5,0.2222222219753086
574274795_57e0834e7d.jpg,একজন মানুষ একটি পর্যটন এলাকায় দাড়িয়ে আছে।,0.14285714265306124,0.1111111109876543,0.12499999492187522,0.12499999492187522,0.0,0.12499999492187522,0,0,0.30952380952380953,0.07142857137755101
1616.png,সামনে একজন পুলিশ দাড়িয়ে আছে।,0.3999999992,0.2857142853061225,0.33333332791666676,0.33333332791666676,0.1999999948000001,0.33333332791666676,0,0,0.4482758620689655,0.1999999998
7567.png,একটি শিশু আছে।,0.6666666644444444,0.24999999968749997,0.36363635900826446,0.36363635900826446,0.0,0.36363635900826446,0,0,0.22580645161290325,0.24999999968749997
6510.png,একটি পাখি আছে।,0.3333333322222222,0.07692307686390532,0.12499999679687505,0.12499999679687505,0.0,0.12499999679687505,0,0,0.2666666666666667,0.07142857137755101
252504549_135b0db5a3.jpg,একটি কুকুর একটি সৈকতে দৌড়াচ্ছে,0.5999999988,0.49999999916666665,0.5454545395041324,0.5454545395041324,0.3076923029585799,0.46153845609467453,0,0,0.5925925925925926,0.4285714279591837
2676937700_456134c7b5.jpg,একটি দম্পতি একটি ছবির জন্য পোজ দিচ্ছেন।,0.2857142853061225,0.24999999968749997,0.2666666613333334,0.2666666613333334,0.0,0.2666666613333334,0,0,0.3928571428571429,0.08333333326388888
9062.png,একটি সেতুর উপর সূর্যের আলো ছায়ার ভিতর দিয়ে একজন লোক ছাতা নিয়ে হেটে যাচ্ছে আর তার সামনে একটি সেতুর উপর সূর্যের আলো ছায়ার ভিতর দিয়ে একজন লোক ছাতা নিয়ে হেটে যাচ্ছে আর তার সামনে একটি সেতুর উপর সূর্যের আলো ছায়ার,0.0499999999875,0.3999999992,0.08888888687407412,0.08888888687407412,0.04651162619794489,0.08888888687407412,0,0,0.19727891156462585,0.09999999995
1693.png,একজন নারী বসে ভিক্ষা করছে,0.3999999992,0.2222222219753086,0.2857142807142858,0.2857142807142858,0.0,0.2857142807142858,0,0,0.3035714285714286,0.16666666652777776
6791.png,একটি নৌকায় কয়েকজন মানুষ আছে।,0.7999999984,0.3999999996,0.5333333281777778,0.5333333281777778,0.3076923029585799,0.5333333281777778,0,0,0.4871794871794872,0.4444444439506172
2089542487_b4c1ee7025.jpg,এক লোক একটি রাস্তায় দাঁড়িয়ে আছে,0.33333333277777777,0.2222222219753086,0.2666666615111111,0.2666666615111111,0.0,0.13333332835555572,0,0,0.38888888888888884,0.15384615372781063
6763.png,একটি শিশু আছে।,0.3333333322222222,0.0999999999,0.15384615005917168,0.15384615005917168,0.0,0.15384615005917168,0,0,0.18918918918918914,0.09090909082644627
3320411267_df70b90501.jpg,একজন লোক একটি বিশাল গাছের পাশে দাঁড়িয়ে আছে,0.37499999953124996,0.2727272724793388,0.31578946847645434,0.31578946847645434,0.11764705384083066,0.31578946847645434,0,0,0.3793103448275862,0.1874999998828125
2623982903_58ec7c5026.jpg,কুকুরের দৌড় প্রতিযোগিতা অনুষ্ঠিত হচ্ছে,0.9999999980000001,0.9999999980000001,0.9999999930000001,0.9999999930000001,0.9999999925,0.9999999930000001,1,1,1.0,0.9999999980000001
5482.png,একটি দোকানের পাশ দিয়ে একটা দোকানের সামনে একটি দোকানের সামনে একটি রাস্তার পাশে দাঁড়িয়ে আছে।,0.13333333324444444,0.33333333277777777,0.19047618621315202,0.19047618621315202,0.0,0.19047618621315202,0,0,0.30508474576271183,0.14285714275510203
9123.png,একটি নৌকায় কয়েকজন মানুষ আছে।,0.3999999992,0.33333333277777777,0.36363635801652905,0.36363635801652905,0.0,0.1818181765289258,0,0,0.33333333333333337,0.2222222219753086
3728164558_52729baefa.jpg,একজন লোক একটি <unk>,0.49999999875,0.18181818165289254,0.26666666240000003,0.26666666240000003,0.15384615005917168,0.26666666240000003,0,0,0.30434782608695654,0.15384615372781063
2272.png,একজন পুরুষ আছে।,0.6666666644444444,0.2222222219753086,0.3333333290277778,0.3333333290277778,0.0,0.3333333290277778,0,0,0.30000000000000004,0.2222222219753086
2813033949_e19fa08805.jpg,একটি কালো কুকুর একটি ফ্রিসবি ধরার জন্য লাফ দিচ্ছে,0.6666666659259258,0.5454545449586776,0.5999999944500001,0.5999999944500001,0.22222221703703712,0.49999999455000005,0,0,0.5,0.46153846118343195
Football_in_the_village_of_Bangladesh.jpg,কয়েকজন মানুষ আছে।,0.0,0.0,0.0,0.0,0.0,0.0,0,0,0.25,0.0
2795.png,একজন পুরুষ দাড়িয়ে আছে একজন পুরুষ একটি শিশু আছে।,0.5555555549382716,0.6249999992187499,0.5882352884429066,0.5882352884429066,0.2727272678512397,0.4705882297577854,0,0,0.4464285714285714,0.49999999949999996
2968.png,একজন বয়স্ক পুরুষ আছে।,0.7499999981250001,0.9999999966666667,0.8571428497959185,0.8571428497959185,0.39999999360000005,0.8571428497959185,0,0,0.6875,0.7499999981250001
1399.png,একজন বৃদ্ধ নারী বসে আছে।,0.7999999984,0.24999999984375,0.3809523769614513,0.3809523769614513,0.10526315445983389,0.3809523769614513,0,0,0.26086956521739135,0.3636363633057851
3551170666_01df31412d.jpg,একটি কুকুর একটি বন্য পরিবেশে দাঁড়িয়ে আছে,0.4285714279591837,0.3333333329629629,0.374999994609375,0.374999994609375,0.1428571377551022,0.374999994609375,0,0,0.5151515151515151,0.24999999979166665
6156.png,একজন লোক একটি <unk>,0.249999999375,0.14285714265306124,0.1818181768595043,0.1818181768595043,0.0,0.1818181768595043,0,0,0.2222222222222222,0.0999999999
1285.png,কয়েকজন পুরুষ আছে।,0.3333333322222222,0.0999999999,0.15384615005917168,0.15384615005917168,0.0,0.15384615005917168,0,0,0.25,0.09090909082644627
109260218_fca831f933.jpg,একটি গুহায় আলোর খাদ তিনটি <unk>,0.49999999916666665,0.2727272724793388,0.3529411714878893,0.3529411714878893,0.0,0.2857142804081633,0,0,0.3125,0.21428571413265304
8332.png,পানিতে একজন পুরুষ আছে।,0.49999999875,0.49999999875,0.4999999937500001,0.4999999937500001,0.0,0.4999999937500001,0,0,0.4,0.33333333277777777
1277743944.jpg,একটি ছেলে একটি <unk>,0.7499999981250001,0.29999999969999996,0.42857142387755104,0.42857142387755104,0.2222222172839507,0.36363635834710756,0,0,0.34615384615384615,0.24999999968749997
6061.png,একজন পুরুষ বসে আছে।,0.49999999875,0.18181818165289254,0.26666666240000003,0.26666666240000003,0.15384615005917168,0.26666666240000003,0,0,0.36,0.15384615372781063
2518094853_dfce24ce8c.jpg,একটি বাদামী কুকুর ঘাসের উপর দিয়ে চলছে,0.571428570612245,0.49999999937499995,0.5333333276444445,0.5333333276444445,0.3076923022485208,0.5333333276444445,0,0,0.6774193548387097,0.3999999996
6183.png,একজন বাচ্চা ছেলে বাচ্চা।,0.49999999875,0.2222222219753086,0.3076923029585799,0.3076923029585799,0.0,0.3076923029585799,0,0,0.4,0.18181818165289254
223299137_b0e81ac145.jpg,একটি নৌকায় কয়েকজন মানুষ আছে।,0.1999999996,0.16666666638888888,0.1818181765289258,0.1818181765289258,0.0,0.1818181765289258,0,0,0.34615384615384615,0.0999999999
6496.png,একটি নৌকায় একজন লোক বসে আছে।,0.49999999916666665,0.4285714279591837,0.4615384558579882,0.4615384558579882,0.23529411321799312,0.4615384558579882,0,0,0.5925925925925926,0.29999999969999996
955.png,একজন পুরুষ একটি পতাকা নিয়ে হেটে যাচ্ছে,0.14285714265306124,0.16666666638888888,0.15384614863905344,0.15384614863905344,0.0,0.15384614863905344,0,0,0.46153846153846156,0.08333333326388888
403523132_73b9a1a4b3.jpg,একটি কুকুর মুখে টেনিস বল নিয়ে,0.49999999916666665,0.4285714279591837,0.4615384558579882,0.4615384558579882,0.1818181765289258,0.4615384558579882,0,0,0.5,0.29999999969999996
1497.png,একটি জাহাজ <unk>,0.3333333322222222,0.09090909082644627,0.14285713928571436,0.14285713928571436,0.0,0.14285713928571436,0,0,0.1842105263157895,0.07692307686390532
4119.png,একটি শিশু মাথায় টুপি পরা একটা ছেলে মাথায় একটি শিশু আছে।,0.2727272724793388,0.2727272724793388,0.2727272674793389,0.2727272674793389,0.0,0.2727272674793389,0,0,0.525,0.124999999921875
3744832122_2f4febdff6.jpg,বেসবল খেলোয়াড় বল <unk>,0.49999999875,0.49999999875,0.4999999937500001,0.4999999937500001,0.0,0.4999999937500001,0,0,0.8125,0.33333333277777777
9138.png,একজন মানুষ আছে।,0.6666666644444444,0.49999999875,0.5714285648979592,0.5714285648979592,0.39999999360000005,0.5714285648979592,0,0,0.6666666666666667,0.3999999992
_MG_3698.JPG,দুজন লোক বসে আছে,0.7499999981250001,0.49999999916666665,0.5999999940000001,0.5999999940000001,0.33333332722222225,0.5999999940000001,0,0,0.5833333333333333,0.4285714279591837
2525.png,একজন পুরুষ আছে।,0.6666666644444444,0.33333333277777777,0.44444443901234576,0.44444443901234576,0.0,0.44444443901234576,0,0,0.4285714285714286,0.2857142853061225
3569284680_44fef444ef.jpg,একটি ছেলে একটি <unk>,0.7499999981250001,0.1764705881314879,0.28571428235827667,0.28571428235827667,0.0,0.28571428235827667,0,0,0.2272727272727273,0.14285714275510203
3446586125_cafa0bfd67.jpg,একটি ভেজা কুকুর ঘাসের মধ্য দিয়ে চলছে,0.571428570612245,0.30769230745562126,0.39999999505,0.39999999505,0.0,0.39999999505,0,0,0.3829787234042553,0.24999999984375
1860543210_47e94cf652.jpg,একজন পুরুষ এবং একটি <unk>,0.3999999992,0.09999999995,0.15999999667200002,0.15999999667200002,0.0,0.13333332871111125,0,0,0.25,0.08695652170132324
_MG_3789.JPG,একজন পুরুষ দাড়িয়ে আছে।,0.249999999375,0.249999999375,0.2499999943750001,0.2499999943750001,0.0,0.2499999943750001,0,0,0.6666666666666667,0.14285714265306124
71.png,একটি শিশু একটি <unk>,0.249999999375,0.12499999984374999,0.16666666194444454,0.16666666194444454,0.0,0.16666666194444454,0,0,0.14814814814814814,0.0999999999
2062.png,সমুদ্রের পারে একজন মানুষ আছে।,0.1999999996,0.1999999996,0.19999999460000012,0.19999999460000012,0.0,0.19999999460000012,0,0,0.35,0.1111111109876543
1042590306_95dea0916c.jpg,একজন মহিলা একটি <unk>,0.49999999875,0.2222222219753086,0.3076923029585799,0.3076923029585799,0.0,0.3076923029585799,0,0,0.2571428571428571,0.1999999998
2844018783_524b08e5aa.jpg,একটি ছেলে একটি কাঠের বন্দুক হাতে নিয়ে দাঁড়িয়ে আছে,0.2222222219753086,0.3999999992,0.2857142807142858,0.2857142807142858,0.16666666194444454,0.2857142807142858,0,0,0.40625,0.18181818165289254
3286822339_5535af6b93.jpg,একটি এশিয়ান মানুষ একটি দোকানের সামনে দাঁড়িয়ে আছে।,0.24999999968749997,0.24999999968749997,0.24999999468750006,0.24999999468750006,0.0,0.24999999468750006,0,0,0.375,0.15384615372781063
4259.png,একজন নারী আছে।,0.3333333322222222,0.16666666638888888,0.2222222172839507,0.2222222172839507,0.0,0.2222222172839507,0,0,0.3157894736842105,0.12499999984374999
7704.png,কয়েকজন পুরুষ দাড়িয়ে আছে।,0.7499999981250001,0.4285714279591837,0.5454545398347109,0.5454545398347109,0.44444443901234576,0.5454545398347109,0,0,0.4642857142857143,0.37499999953124996
2193223202_4d908c0450.jpg,একটি ছেলে একটি ছোট ছেলে একটি ছোট ছেলে একটি ছোট ছেলে একটি ছোট ছেলে একটি ছোট ছেলে একটি ছোট ছেলে একটি ছোট ছেলে একটি ছোট ছেলে একটি ছোট ছেলে একটি ছোট ছেলে একটি ছোট ছেলে একটি ছোট ছেলে একটি ছোট,0.07499999998125,0.21428571413265304,0.11111110722908106,0.11111110722908106,0.0769230731434913,0.11111110722908106,0,0,0.24060150375939848,0.14285714275510203
2144050118_3e7d2e05b1.jpg,একটি মেয়ে একটি <unk> কোলে বাচ্চা,0.49999999916666665,0.24999999979166665,0.33333332851851855,0.33333332851851855,0.0,0.33333332851851855,0,0,0.4285714285714286,0.21428571413265304
4075.png,একটি ছোট ছেলে একটি বই পড়ছে।,0.49999999916666665,0.4285714279591837,0.4615384558579882,0.4615384558579882,0.0,0.36363635801652905,0,0,0.5,0.3333333329629629
3482062809_3b694322c4.jpg,একজন মহিলা একটি <unk>,0.7499999981250001,0.1874999998828125,0.29999999650000003,0.29999999650000003,0.1111111082098766,0.29999999650000003,0,0,0.2692307692307693,0.19999999986666667
2085557551_7a88d01d4e.jpg,একটি মেয়ে তার মুখে একটি লাঠি হাতে নিয়ে দাঁড়িয়ে আছে,0.29999999969999996,0.2727272724793388,0.28571428045351477,0.28571428045351477,0.0,0.28571428045351477,0,0,0.4375,0.1764705881314879
5473.png,কয়েকজন মানুষ আছে।,0.3333333322222222,0.16666666638888888,0.2222222172839507,0.2222222172839507,0.0,0.2222222172839507,0,0,0.35,0.12499999984374999
136886677.jpg,একটি সংকীর্ণ স্থানে দুজন লোক তাদের <unk> করছে,0.37499999953124996,0.19999999986666667,0.26086956045368626,0.26086956045368626,0.0,0.26086956045368626,0,0,0.5483870967741935,0.16666666657407406
4576.png,একটি নৌকায় একজন মানুষ আছে।,0.7999999984,0.571428570612245,0.6666666606944446,0.6666666606944446,0.1999999948000001,0.6666666606944446,0,0,0.6296296296296297,0.49999999937499995
512031915_0dd03dcdf9.jpg,একটি কালো কুকুর একটি লাল বল ধরার চেষ্টা করছে,0.4444444439506172,0.3333333330555555,0.38095237569161,0.38095237569161,0.21052631069252087,0.38095237569161,0,0,0.48571428571428577,0.1874999998828125
2885382946_f541ea5722.jpg,একটি শহর এবং একটি শহর এবং একটি হ্রদ এবং একটি হ্রদ এবং একটি হ্রদ এবং একটি হ্রদ এবং একটি হ্রদ এবং একটি হ্রদ এবং একটি হ্রদ এবং একটি হ্রদ এবং একটি হ্রদ এবং একটি হ্রদ এবং একটি হ্রদ এবং একটি,0.0499999999875,0.18181818165289254,0.07843136913494825,0.07843136913494825,0.0,0.07843136913494825,0,0,0.1643835616438356,0.09090909082644627
4116.png,একটি শিশু আছে।,0.9999999966666667,0.7499999981250001,0.8571428497959185,0.8571428497959185,0.39999999360000005,0.8571428497959185,0,0,0.6923076923076923,0.7499999981250001
5312.png,একজন লোক একটি <unk> খাচ্ছে,0.3999999992,0.33333333277777777,0.36363635801652905,0.36363635801652905,0.0,0.36363635801652905,0,0,0.368421052631579,0.2222222219753086
7149.png,একজন মানুষ আছে।,0.6666666644444444,0.33333333277777777,0.44444443901234576,0.44444443901234576,0.0,0.44444443901234576,0,0,0.3913043478260869,0.2857142853061225
5166.png,একটি পুরাতন <unk>,0.6666666644444444,0.33333333277777777,0.44444443901234576,0.44444443901234576,0.28571428081632655,0.44444443901234576,0,0,0.19999999999999996,0.2857142853061225
166.png,একটি ছেলে একটি <unk> বসে আছেন,0.49999999916666665,0.24999999979166665,0.33333332851851855,0.33333332851851855,0.0,0.33333332851851855,0,0,0.2790697674418605,0.14285714275510203
3666169738_a8c74cf745.jpg,একটি শিশু একটি <unk>,0.49999999875,0.1999999998,0.28571428122448983,0.28571428122448983,0.0,0.28571428122448983,0,0,0.33333333333333337,0.14285714275510203
1659358141_0433c9bf99.jpg,একটি ধূসর কুকুর একটি টেনিস বল নিয়ে খেলছে,0.37499999953124996,0.3333333329629629,0.3529411710726644,0.3529411710726644,0.2666666613333334,0.3529411710726644,0,0,0.6,0.23076923059171597
3707738261_777075e885.jpg,একটি মেয়ে একটি পার্কে একটি পার্কে একটি পার্কে একটি পার্কে একটি পার্কে একটি পার্কে একটি পার্কে একটি পার্কে একটি পার্কে একটি পার্কে একটি পার্কে একটি পার্কে একটি পার্কে একটি পার্কে একটি পার্কে একটি পার্কে একটি পার্কে একটি পার্কে একটি পার্কে,0.07499999998125,0.29999999969999996,0.11999999675200007,0.11999999675200007,0.0,0.07999999676800014,0,0,0.2088607594936709,0.1999999998
5094.png,একটি রাস্তা দিয়ে একটি ঘর আছে।,0.16666666638888888,0.3333333322222222,0.2222222172839507,0.2222222172839507,0.0,0.2222222172839507,0,0,0.4,0.14285714265306124
2275029674_6d4891c20e.jpg,একটি কুকুর একটি সাদা কুকুর তার পিছনের পায়ে দাঁড়িয়ে আছে।,0.3999999996,0.1999999999,0.2666666620444445,0.2666666620444445,0.15384614934911253,0.2666666620444445,0,0,0.41666666666666663,0.18181818165289254
8699.png,একজন পুরুষ একটি নৌকা চালাচ্ছে।,0.3999999992,0.33333333277777777,0.36363635801652905,0.36363635801652905,0.0,0.1818181765289258,0,0,0.4347826086956522,0.2222222219753086
347.png,একজন মানুষ আছে।,0.6666666644444444,0.33333333277777777,0.44444443901234576,0.44444443901234576,0.0,0.44444443901234576,0,0,0.40909090909090906,0.2857142853061225
8388.png,একজন পুরুষ আছে।,0.6666666644444444,0.49999999875,0.5714285648979592,0.5714285648979592,0.0,0.5714285648979592,0,0,0.6428571428571428,0.3999999992
4579.png,একটি ছেলে সমুদ্রের ঢেউয়ের উপর দিয়ে হাটছে।,0.4285714279591837,0.49999999916666665,0.4615384558579882,0.4615384558579882,0.36363635801652905,0.4615384558579882,0,0,0.6071428571428572,0.29999999969999996
37.png,একজন পুরুষ আছে।,0.3333333322222222,0.03846153844674556,0.06896551533888233,0.06896551533888233,0.0,0.06896551533888233,0,0,0.25,0.03846153844674556
3405720825_b6991005eb.jpg,একটি কুকুর একটি <unk>,0.9999999975,0.28571428551020406,0.4444444404938272,0.4444444404938272,0.12499999679687505,0.2499999959375,0,0,0.2894736842105263,0.29999999969999996
3295671644_0e10891b6d.jpg,একটি কুকুর লম্বা ঘাসের মধ্যে দিয়ে চলছে,0.571428570612245,0.6666666655555555,0.6153846094674558,0.6153846094674558,0.36363635801652905,0.4999999943055557,0,0,0.6153846153846154,0.4444444439506172
2165677531_e1d5e086f7.jpg,একটি পূর্ণ একটি স্নোবোর্ডার।,0.249999999375,0.12499999984374999,0.16666666194444454,0.16666666194444454,0.0,0.16666666194444454,0,0,0.3214285714285714,0.0999999999
4720.png,রাস্তা দিয়ে গাড়ি চলাচল করছে।,0.1999999996,0.249999999375,0.2222222167901236,0.2222222167901236,0.0,0.2222222167901236,0,0,0.38888888888888884,0.12499999984374999
1921.png,একজন পুরুষ দাড়িয়ে আছে।,0.9999999975,0.3333333330555555,0.49999999562499997,0.49999999562499997,0.2857142819387755,0.49999999562499997,0,0,0.32608695652173914,0.3636363633057851
3669069522_555c97fbfb.jpg,একটি দম্পতি একটি ছবির জন্য পোজ দিচ্ছে,0.2857142853061225,0.2857142853061225,0.28571428030612256,0.28571428030612256,0.0,0.28571428030612256,0,0,0.4814814814814815,0.09090909082644627
8407.png,একজন লোক খাবার খাচ্ছে।,0.49999999875,0.15384615372781063,0.2352941137716263,0.2352941137716263,0.1333333299555556,0.2352941137716263,0,0,0.2666666666666667,0.13333333324444444
2419221084_01a14176b4.jpg,একটি সাদা কুকুর একটি <unk> ঘাসে খেলা করছে,0.24999999968749997,0.33333333277777777,0.2857142804081633,0.2857142804081633,0.19047618585034026,0.2857142804081633,0,0,0.3928571428571429,0.18181818165289254
8674.png,একজন লোক একটি <unk>,0.249999999375,0.09090909082644627,0.13333332924444455,0.13333332924444455,0.0,0.13333332924444455,0,0,0.26086956521739135,0.07142857137755101
3571193625_835da90c5e.jpg,একটি কুকুর মুখে একটি মাছ ধরার জন্য একটি <unk>,0.3333333329629629,0.37499999953124996,0.3529411710726644,0.3529411710726644,0.12499999484375018,0.3529411710726644,0,0,0.3939393939393939,0.16666666652777776
5057.png,একটি নৌকায় কয়েকজন মানুষ আছে।,0.1999999996,0.3333333322222222,0.24999999468750006,0.24999999468750006,0.0,0.24999999468750006,0,0,0.30000000000000004,0.14285714265306124
412056525_191724b058.jpg,একটি শিশু একটি শিশুকে ধরে আছে,0.16666666638888888,0.1999999996,0.1818181765289258,0.1818181765289258,0.0,0.1818181765289258,0,0,0.30000000000000004,0.12499999984374999
7585.png,একটি শিশু আছে।,0.3333333322222222,0.09090909082644627,0.14285713928571436,0.14285713928571436,0.0,0.14285713928571436,0,0,0.1724137931034483,0.07692307686390532
478750151_e0adb5030a.jpg,একটি কুকুর মাঠে একটি <unk>,0.7999999984,0.3333333330555555,0.47058823058823535,0.47058823058823535,0.2499999943750001,0.39999999420000004,0,0,0.5,0.2857142853061225
1505.png,একটি হল রুমে বসে আছে,0.3999999992,0.2222222219753086,0.2857142807142858,0.2857142807142858,0.0,0.2857142807142858,0,0,0.375,0.16666666652777776
6295.png,একজন মহিলা একটি <unk>,0.249999999375,0.14285714265306124,0.1818181768595043,0.1818181768595043,0.0,0.1818181768595043,0,0,0.20833333333333337,0.1111111109876543
3628.png,পানিতে মাছ ধরছে।,0.0,0.0,0.0,0.0,0.0,0.0,0,0,0.21739130434782605,0.0
5498.png,একটি পা দেখা যাচ্ছে।,0.0,0.0,0.0,0.0,0.0,0.0,0,0,0.2777777777777778,0.0
3523819210_99782628fc.jpg,একটি লোক দাঁড়িয়ে আছে,0.7499999981250001,0.2727272724793388,0.3999999955555556,0.3999999955555556,0.0,0.36363635834710756,0,0,0.40909090909090906,0.24999999979166665
3609032038_005c789f64.jpg,একজন লোক পাহাড়ে সাইকেল চালাচ্ছে,0.5999999988,0.4285714279591837,0.4999999943055557,0.4999999943055557,0.1999999948000001,0.4999999943055557,0,0,0.5625,0.3333333329629629
1010087179.jpg,মহিলাটি নিচে কয়লার ব্যবহারের বিরুদ্ধে ঝুঁকছে এমন একটি <unk>,0.2222222219753086,0.16666666652777776,0.1904761853968255,0.1904761853968255,0.0,0.1904761853968255,0,0,0.26086956521739135,0.10526315783933518
5977.png,একটি ছোট মেয়ে এবং একটি ছোট ছেলে,0.14285714265306124,0.249999999375,0.1818181768595043,0.1818181768595043,0.0,0.1818181768595043,0,0,0.40909090909090906,0.12499999984374999
4420.png,কয়েকজন পুরুষ ও কয়েকজন পুরুষ আছে।,0.49999999916666665,0.29999999969999996,0.37499999484375,0.37499999484375,0.0,0.37499999484375,0,0,0.44999999999999996,0.2727272724793388
3560771491_2a18b6241e.jpg,একজন মহিলা চা নিয়ে আছে।,0.0,0.0,0.0,0.0,0.0,0.0,0,0,0.375,0.0
3286620180_4b00e93e8e.jpg,একটি <unk> <unk> <unk>,0.0,0.0,0.0,0.0,0.0,0.0,0,0,0.17391304347826086,0.0
2930318834_8366811283.jpg,একজন পুরুষ আছে।,0.3333333322222222,0.16666666638888888,0.2222222172839507,0.2222222172839507,0.0,0.2222222172839507,0,0,0.2592592592592593,0.12499999984374999
3175446111_681a89f873.jpg,একটি <unk> দোকানে একজন পুরুষ একটি দোকানের সামনে দাঁড়িয়ে আছে,0.1999999998,0.2222222219753086,0.21052631058171756,0.21052631058171756,0.0,0.21052631058171756,0,0,0.35,0.124999999921875
1019.png,একটি শিশু আছে।,0.3333333322222222,0.249999999375,0.28571428000000004,0.28571428000000004,0.0,0.28571428000000004,0,0,0.2857142857142857,0.16666666638888888
1690.png,কয়েকজন মানুষ আছে।,0.3333333322222222,0.09090909082644627,0.14285713928571436,0.14285713928571436,0.0,0.14285713928571436,0,0,0.21052631578947367,0.07692307686390532
3339140382_2e49bc324a.jpg,একজন লোক বাতাসে লাফিয়ে কসরত প্রদর্শন করছে,0.14285714265306124,0.12499999984374999,0.13333332817777796,0.13333332817777796,0.0,0.13333332817777796,0,0,0.3548387096774194,0.07142857137755101
2607383384_d9ce9de793.jpg,একজন মহিলা একটি <unk> <unk> <unk> <unk> <unk> <unk> <unk> <unk> <unk> <unk> <unk> <unk> <unk> <unk> <unk> <unk> <unk> <unk> <unk> <unk> <unk> <unk> <unk> <unk> <unk> <unk> <unk> <unk> <unk> <unk> <unk> <unk> <unk> <unk> <unk> <unk> <unk>,0.0499999999875,0.2857142853061225,0.08510638040742426,0.08510638040742426,0.0,0.07843136913494825,0,0,0.09375,0.2222222219753086
7674.png,একজন পুরুষ বসে আছে।,0.49999999875,0.2222222219753086,0.3076923029585799,0.3076923029585799,0.0,0.3076923029585799,0,0,0.36363636363636365,0.18181818165289254
1381.png,একজন পুরুষ ও একজন পুরুষ আছে।,0.33333333277777777,0.33333333277777777,0.3333333277777778,0.3333333277777778,0.0,0.3333333277777778,0,0,0.48,0.24999999968749997
1820.png,একজন পুরুষ একটি শিশু আছে।,0.7999999984,0.30769230745562126,0.4444444399382716,0.4444444399382716,0.1249999960937501,0.4444444399382716,0,0,0.3555555555555555,0.28571428551020406
5931.png,একটি ফটক আছে।,0.6666666644444444,0.24999999968749997,0.36363635900826446,0.36363635900826446,0.0,0.36363635900826446,0,0,0.24137931034482762,0.2222222219753086
4796.png,একটি পুরাতন <unk>,0.6666666644444444,0.49999999875,0.5714285648979592,0.5714285648979592,0.0,0.5714285648979592,0,0,0.5714285714285714,0.49999999875
IMG_20220916_174114.jpg,একজন পুরুষ দাড়িয়ে আছে।,0.0,0.0,0.0,0.0,0.0,0.0,0,0,0.6666666666666667,0.0
2040.png,একটি গ্রামের <unk>,0.0,0.0,0.0,0.0,0.0,0.0,0,0,0.23076923076923073,0.0
3025334206_76888792e5.jpg,একটি কুকুর একটি মাঠে একটি মাঠে একটি মাঠে একটি মাঠে একটি মাঠে একটি মাঠে একটি মাঠে একটি মাঠে একটি মাঠে একটি মাঠে একটি মাঠে একটি মাঠে একটি মাঠে একটি মাঠে একটি মাঠে একটি মাঠে একটি মাঠে একটি মাঠে একটি মাঠে,0.07499999998125,0.2727272724793388,0.11764705539407928,0.11764705539407928,0.043478258270321514,0.11764705539407928,0,0,0.15714285714285714,0.2222222219753086
4176.png,একজন মহিলা একটি মাটির পাতিল দিচ্ছে।,0.16666666638888888,0.1111111109876543,0.13333332835555572,0.13333332835555572,0.0,0.13333332835555572,0,0,0.32558139534883723,0.07142857137755101
3281611946_f42deed2e1.jpg,একজন লোক একটি <unk>,0.49999999875,0.18181818165289254,0.26666666240000003,0.26666666240000003,0.15384615005917168,0.26666666240000003,0,0,0.368421052631579,0.15384615372781063
1001573224.jpg,একটি ছেলে একটি <unk>,0.49999999875,0.24999999968749997,0.33333332833333335,0.33333332833333335,0.0,0.33333332833333335,0,0,0.32258064516129037,0.2222222219753086
4664.png,একটি পুরাতন মসজিদ।,0.3333333322222222,0.3333333322222222,0.33333332722222225,0.33333332722222225,0.0,0.33333332722222225,0,0,0.3846153846153846,0.1999999996
2830.png,একজন পুরুষ ছাতা মাথায় বোঝা নিয়ে হেটে যাচ্ছেন।,0.37499999953124996,0.29999999969999996,0.3333333280246914,0.3333333280246914,0.12499999492187522,0.22222221703703712,0,0,0.3870967741935484,0.19999999986666667
7173.png,কয়েকজন মানুষ আছে।,0.3333333322222222,0.249999999375,0.28571428000000004,0.28571428000000004,0.0,0.28571428000000004,0,0,0.23076923076923073,0.16666666638888888
7346.png,একজন পুরুষ আছে।,0.6666666644444444,0.6666666644444444,0.6666666594444445,0.6666666594444445,0.16666666361111113,0.6666666594444445,0,0,0.8181818181818181,0.49999999875
4153.png,একটি ছোট ছেলে তার পিছনে একটা ছেলে একটা বেলন দিয়ে আছে।,0.2727272724793388,0.3333333329629629,0.29999999475000005,0.29999999475000005,0.0,0.2352941128027682,0,0,0.3783783783783784,0.19999999986666667
8128.png,একটি নৌকায় কয়েকজন মানুষ আছে।,0.7999999984,0.9999999975,0.8888888819753088,0.8888888819753088,0.8571428497959185,0.8888888819753088,0,0,0.8,0.7999999984
269.png,একজন লোক একটি কালো মোটরসাইকেলে চড়ে শূন্যে লাফ দিচ্ছে,0.1111111109876543,0.1111111109876543,0.11111110598765454,0.11111110598765454,0.0,0.11111110598765454,0,0,0.2777777777777778,0.06666666662222222
3264337159_e1680a35ba.jpg,একটি সাদা কুকুর জলের মধ্যে দিয়ে লাফ দিচ্ছে,0.37499999953124996,0.49999999916666665,0.4285714230612245,0.4285714230612245,0.28571428030612256,0.37499999453125,0,0,0.5862068965517242,0.2727272724793388
343409440_1006333300774451_5704544795196802486_n.jpg,একটি লোক একটি <unk>,0.7499999981250001,0.14285714278911565,0.23999999712,0.23999999712,0.0,0.23999999712,0,0,0.2222222222222222,0.10526315783933518
6541.png,একজন মানুষ আছে।,0.6666666644444444,0.6666666644444444,0.6666666594444445,0.6666666594444445,0.4999999925000001,0.6666666594444445,0,0,0.75,0.49999999875
1285067106_2adc307240.jpg,একজন বেসবল খেলোয়াড় বল <unk>,0.5999999988,0.24999999979166665,0.3529411719031142,0.3529411719031142,0.0,0.23529411321799312,0,0,0.29032258064516125,0.21428571413265304
7087.png,কয়েকজন নারী ও দুইজন নারী ও দুইজন নারী ও দুইজন নারী ও দুইজন নারী ও দুইজন নারী ও দুইজন নারী ও দুইজন নারী ও দুইজন নারী ও দুইজন নারী ও দুইজন নারী ও দুইজন নারী ও দুইজন নারী ও দুইজন,0.0499999999875,0.33333333277777777,0.08695651943289232,0.08695651943289232,0.0,0.08695651943289232,0,0,0.09629629629629632,0.24999999968749997
2752043092_f48ebfeaa2.jpg,একটি ছেলে বিছানায় স্ট্রিপ শার্ট পরে আছে,0.4285714279591837,0.49999999916666665,0.4615384558579882,0.4615384558579882,0.1818181765289258,0.4615384558579882,0,0,0.5,0.29999999969999996
3030793171_55cd646eed.jpg,একটি বাদামী কুকুর ঘাসের উপর দৌড়াচ্ছে,0.8333333319444445,0.9999999980000001,0.909090902479339,0.909090902479339,0.6666666602469137,0.909090902479339,0,0,0.8333333333333334,0.8333333319444445
7666.png,রাস্তা দিয়ে একজন মানুষ হেঁটে যাচ্ছে।,0.8333333319444445,0.8333333319444445,0.8333333269444445,0.8333333269444445,0.5999999938,0.8333333269444445,0,0,0.9090909090909091,0.7142857132653061
271177682_48da79ab33.jpg,একটি সবুজ গাড়ি কাদাজলের মধ্য দিয়ে চলছে,0.571428570612245,0.28571428551020406,0.3809523761451248,0.3809523761451248,0.10526315346260404,0.3809523761451248,0,0,0.4864864864864865,0.24999999984375
6019.png,একজন পুরুষ ছাতা নিয়ে হেটে যাচ্ছেন।,0.33333333277777777,0.33333333277777777,0.3333333277777778,0.3333333277777778,0.16666666152777793,0.3333333277777778,0,0,0.6956521739130435,0.1999999998
3681056426_fbd6c0c92c.jpg,একজন লোক একটি <unk> <unk>,0.3999999992,0.49999999875,0.4444444385185186,0.4444444385185186,0.28571428000000004,0.4444444385185186,0,0,0.275,0.33333333277777777
pexels-riiyad-14950111.jpg,রাস্তা দিয়ে হেটে যাচ্ছে একজন মানুষ হেঁটে যাচ্ছে।,0.12499999984374999,0.16666666638888888,0.1428571377551022,0.1428571377551022,0.0,0.1428571377551022,0,0,0.4285714285714286,0.07692307686390532
1166.png,একজন পুরুষ আছে।,0.9999999966666667,0.4285714279591837,0.5999999946000001,0.5999999946000001,0.24999999562500003,0.5999999946000001,0,0,0.3666666666666667,0.49999999916666665
1220027979.jpg,তিনটি বাচ্চা একটি <unk>,0.49999999875,0.1999999998,0.28571428122448983,0.28571428122448983,0.0,0.28571428122448983,0,0,0.33333333333333337,0.18181818165289254
6855.png,কয়েকজন পুরুষ আছে।,0.9999999966666667,0.9999999966666667,0.9999999916666666,0.9999999916666666,0.9999999900000001,0.9999999916666666,1,1,1.0,0.9999999966666667
2101128963_fdf8b2a0d7.jpg,একটি বেসবল খেলোয়াড় একটি বেসে স্লাইড করে,0.4285714279591837,0.7499999981250001,0.5454545398347109,0.5454545398347109,0.44444443901234576,0.5454545398347109,0,0,0.5357142857142857,0.4285714279591837
3711826708_bba64fb1e1.jpg,একটি কুকুর একটি বন্য এলাকা <unk>,0.33333333277777777,0.3999999992,0.36363635801652905,0.36363635801652905,0.2222222167901236,0.36363635801652905,0,0,0.4814814814814815,0.24999999968749997
469029994_349e138606.jpg,একজন লোক পাহাড়ের সামনে দাড়িয়ে আছে।,0.49999999916666665,0.2727272724793388,0.3529411714878893,0.3529411714878893,0.13333332871111125,0.3529411714878893,0,0,0.6551724137931034,0.21428571413265304
2780087302_6a77658cbf.jpg,একটি শিশু আইসক্রিম খাচ্ছে,0.0,0.0,0.0,0.0,0.0,0.0,0,0,0.3529411764705882,0.0
5463.png,একটি <unk> <unk> দোকানের সামনে দাঁড়িয়ে আছে।,0.14285714265306124,0.16666666638888888,0.15384614863905344,0.15384614863905344,0.0,0.15384614863905344,0,0,0.40740740740740744,0.09090909082644627
7295.png,একটি <unk> <unk> গাড়ির যন্ত্রাংশ ঠিক করে যাচ্ছে।,0.24999999968749997,0.33333333277777777,0.2857142804081633,0.2857142804081633,0.0,0.2857142804081633,0,0,0.31707317073170727,0.18181818165289254
8283.png,একটি সেতু আছে।,0.3333333322222222,0.3333333322222222,0.33333332722222225,0.33333332722222225,0.0,0.33333332722222225,0,0,0.5454545454545454,0.1999999996
143688205_630813a466.jpg,একজন নারী বসে আছে।,0.249999999375,0.14285714265306124,0.1818181768595043,0.1818181768595043,0.0,0.1818181768595043,0,0,0.368421052631579,0.0999999999
2307.png,একটি কুকুর একটি <unk>,0.49999999875,0.49999999875,0.4999999937500001,0.4999999937500001,0.33333332722222225,0.4999999937500001,0,0,0.6,0.3999999992
745563422_f4fa7d9157.jpg,একটি <unk>,0.999999995,0.33333333277777777,0.49999999500000003,0.49999999500000003,0.0,0.49999999500000003,0,0,0.28,0.33333333277777777
3718892835_a3e74a3417.jpg,একটি অল্প বয়সী ছেলে তার <unk> <unk>,0.4285714279591837,0.1874999998828125,0.2608695607561437,0.2608695607561437,0.13333332835555572,0.2608695607561437,0,0,0.36,0.16666666657407406
405961988_fcfe97f31e.jpg,একটি লোক রাস্তার পাশে দাঁড়িয়ে আছে,0.33333333277777777,0.1999999998,0.24999999500000003,0.24999999500000003,0.0,0.24999999500000003,0,0,0.32432432432432434,0.15384615372781063
356929855_6bbf33d933.jpg,একটি লোমশ কুকুর একটি লাঠি নিয়ে একটি হলুদ রঙের <unk>,0.3999999996,0.3999999996,0.3999999946000001,0.3999999946000001,0.11111110598765454,0.3999999946000001,0,0,0.45945945945945943,0.24999999979166665
3377117696_af91f13058.jpg,একজন লোক একটি বরফের পাহাড়ে নেমে আসছে,0.2857142853061225,0.2222222219753086,0.24999999476562512,0.24999999476562512,0.1428571377551022,0.24999999476562512,0,0,0.5185185185185186,0.14285714275510203
4130.png,একটি শিশু আছে।,0.3333333322222222,0.3333333322222222,0.33333332722222225,0.33333332722222225,0.0,0.33333332722222225,0,0,0.5454545454545454,0.1999999996
450.png,একজন পুরুষ আছে।,0.0,0.0,0.0,0.0,0.0,0.0,0,0,0.25,0.0
6979.png,কয়েকজন মানুষ আছে।,0.0,0.0,0.0,0.0,0.0,0.0,0,0,0.30000000000000004,0.0
2433175169_da939372f2.jpg,এক ব্যক্তি একটি বিশাল বস্তুর উপর দিয়ে লাফ দিলো,0.4444444439506172,0.3636363633057851,0.39999999464999997,0.39999999464999997,0.11111110604938293,0.39999999464999997,0,0,0.43181818181818177,0.24999999984375
8051.png,গরুর জোরে মাটি চাষ করছে।,0.1999999996,0.05882352937716263,0.09090908731404972,0.09090908731404972,0.0,0.09090908731404972,0,0,0.2666666666666667,0.04761904759637188
3969.png,দুইজন নারী ও চারজন পুরুষ আছে।,0.6666666655555555,0.571428570612245,0.6153846094674558,0.6153846094674558,0.1818181765289258,0.6153846094674558,0,0,0.6799999999999999,0.49999999937499995
1230.png,একটি ছোট ছেলে শুয়ে আছে।,0.0,0.0,0.0,0.0,0.0,0.0,0,0,0.34782608695652173,0.0
2039.png,একটি ছেলে রাস্তার পাশে একটি সাইকেল ও একজন পুরুষ আছে।,0.1999999998,0.2857142853061225,0.23529411252595167,0.23529411252595167,0.0,0.11764705384083066,0,0,0.2702702702702703,0.14285714275510203
3320209694_db579cb607.jpg,একজন লোক পাথরে বেয়ে উপরে উঠে,0.33333333277777777,0.15384615372781063,0.21052631124653745,0.21052631124653745,0.11764705453287211,0.21052631124653745,0,0,0.33333333333333337,0.124999999921875
505955292_026f1489f2.jpg,একটি ছেলে একটি ছেলে একটি ছেলে একটি ছেলে একটি ছেলে একটি ছেলে একটি ছেলে একটি ছেলে একটি ছেলে একটি ছেলে একটি ছেলে একটি ছেলে একটি ছেলে একটি ছেলে একটি ছেলে একটি ছেলে একটি ছেলে একটি ছেলে একটি ছেলে একটি ছেলে,0.07499999998125,0.2727272724793388,0.11764705539407928,0.11764705539407928,0.04081632326530638,0.11764705539407928,0,0,0.16546762589928055,0.1999999998
1164765687_7aca07bbe7.jpg,একটি কালো কুকুর মেঝেতে শুয়ে আছে,0.49999999916666665,0.13043478255198487,0.20689654829964332,0.20689654829964332,0.0,0.20689654829964332,0,0,0.3666666666666667,0.11538461534023668
285.png,কয়েকজন মানুষ আছে।,0.3333333322222222,0.14285714265306124,0.1999999954000001,0.1999999954000001,0.0,0.1999999954000001,0,0,0.33333333333333337,0.12499999984374999
5929.png,তিনজন পুরুষ আছে।,0.6666666644444444,0.33333333277777777,0.44444443901234576,0.44444443901234576,0.28571428081632655,0.44444443901234576,0,0,0.40909090909090906,0.33333333277777777
8260.png,একজন পুরুষ মানুষ আছে।,0.49999999875,0.6666666644444444,0.5714285648979592,0.5714285648979592,0.0,0.5714285648979592,0,0,0.5333333333333333,0.3999999992
2225864432_48a24f49a4.jpg,একটি মেয়ে হাসছে,0.3333333322222222,0.09090909082644627,0.14285713928571436,0.14285713928571436,0.0,0.14285713928571436,0,0,0.25,0.07692307686390532
3119.png,একটা লোক দাড়িয়ে আছে,0.249999999375,0.14285714265306124,0.1818181768595043,0.1818181768595043,0.09090908847107444,0.1818181768595043,0,0,0.4,0.10526315783933518
8936.png,দূরে একটি গাছ আছে।,0.49999999875,0.24999999968749997,0.33333332833333335,0.33333332833333335,0.1999999954000001,0.33333332833333335,0,0,0.3214285714285714,0.2222222219753086
3658427967_6e2e57458d.jpg,একটি ছেলে পানিতে ঝাঁপ দিচ্ছে,0.5999999988,0.5999999988,0.5999999938,0.5999999938,0.4999999937500001,0.5999999938,0,0,0.7058823529411764,0.4285714279591837
279.png,একজন পুরুষ একটি গরু নিয়ে আছে।,0.33333333277777777,0.2857142853061225,0.3076923022485208,0.3076923022485208,0.0,0.3076923022485208,0,0,0.4814814814814815,0.18181818165289254
2229509318_be3fef006b.jpg,একটি বাদামী কুকুর একটি লাঠি হাতে নিয়ে দাঁড়িয়ে আছে,0.6666666659259258,0.6666666659259258,0.666666660925926,0.666666660925926,0.37499999453125,0.5555555499382716,0,0,0.5,0.45454545413223135
6664.png,একটি পাখি মুখে নিয়ে আছে।,0.3999999992,0.49999999875,0.4444444385185186,0.4444444385185186,0.28571428000000004,0.4444444385185186,0,0,0.5333333333333333,0.2857142853061225
1858.png,তিনজন নারী আছে।,0.3333333322222222,0.0999999999,0.15384615005917168,0.15384615005917168,0.0,0.15384615005917168,0,0,0.20588235294117652,0.09090909082644627
2332986053_864db84971.jpg,একজন লোক একটি লাল টুপি পরে একটি লাল টুপি পরে একটি লাল টুপি পরে একটি লাল টুপি পরে একটি লাল টুপি পরে একটি লাল টুপি পরে একটি লাল টুপি পরে একটি লাল টুপি পরে একটি লাল টুপি পরে একটি লাল,0.0499999999875,0.3999999992,0.08888888687407412,0.08888888687407412,0.04651162619794489,0.08888888687407412,0,0,0.19083969465648853,0.2222222219753086
8227.png,একজন লোক পানিতে নেমে আছে।,0.3999999992,0.49999999875,0.4444444385185186,0.4444444385185186,0.0,0.4444444385185186,0,0,0.5217391304347826,0.2857142853061225
1260816604_570fc35836.jpg,একটি কালো গাড়ি,0.6666666644444444,0.24999999968749997,0.36363635900826446,0.36363635900826446,0.0,0.36363635900826446,0,0,0.34615384615384615,0.24999999968749997
3498482871_4e02f31c35.jpg,একজন পুরুষ দুইটি গরু নিয়ে আছে।,0.49999999916666665,0.23076923059171597,0.31578946903047095,0.31578946903047095,0.0,0.21052631124653745,0,0,0.28260869565217395,0.1874999998828125
3308997740_91765ecdcc.jpg,একজন লোক রঙিন লেপ মুড়িয়ে পাইপ দিয়ে মাথা <unk> পিজ্জার বাইরে দাঁড়িয়ে আছে।,0.15384615372781063,0.18181818165289254,0.16666666156250012,0.16666666156250012,0.0,0.16666666156250012,0,0,0.375,0.09090909086776859
823675317_b5fbdb17b3.jpg,একটি ছেলে একটি ভলিবল খেলছে,0.5999999988,0.4285714279591837,0.4999999943055557,0.4999999943055557,0.3999999944,0.4999999943055557,0,0,0.5416666666666667,0.24999999968749997
429270993_294ba8e64c.jpg,এক বয়স্ক লোক একটি <unk> <unk> <unk> <unk> <unk> <unk> <unk> <unk> <unk> <unk> <unk> <unk> <unk> <unk> <unk> <unk> <unk> <unk> <unk> <unk> <unk> <unk> <unk> <unk> <unk> <unk> <unk> <unk> <unk> <unk> <unk> <unk> <unk> <unk> <unk> <unk>,0.0499999999875,0.33333333277777777,0.08695651943289232,0.08695651943289232,0.0,0.08163265002915464,0,0,0.1392405063291139,0.2222222219753086
2893515010_4a3d9dcc67.jpg,একজন ফুটবল খেলোয়াড় বল হাতে নিয়ে খেলোয়াড়কে <unk>,0.6249999992187499,0.3333333331111111,0.43478260378071826,0.43478260378071826,0.16666666152777793,0.43478260378071826,0,0,0.5454545454545454,0.2777777776234568
4608.png,একজন পুরুষ ও একটি ছেলে দাঁড়িয়ে আছে,0.0,0.0,0.0,0.0,0.0,0.0,0,0,0.29166666666666663,0.0
3874.png,একজন নারী একটি শিশু আছে।,0.1999999996,0.14285714265306124,0.16666666152777793,0.16666666152777793,0.0,0.16666666152777793,0,0,0.2592592592592593,0.09090909082644627
1184440714.jpg,এক মেয়ে দড়িলাফ দিচ্ছে,0.249999999375,0.07692307686390532,0.11764705508650528,0.11764705508650528,0.0,0.11764705508650528,0,0,0.35,0.06666666662222222
362316425_bda238b4de.jpg,একজন ক্লাউন ক্লাউন উভয় বাহু তুলে দিচ্ছে,0.14285714265306124,0.08333333326388888,0.1052631531301941,0.1052631531301941,0.0,0.1052631531301941,0,0,0.30612244897959184,0.0624999999609375
3081182021_22cfa18dd4.jpg,একটি স্কেটবোর্ড চালক একটি <unk> উপর দিয়ে লাফ দিচ্ছে,0.2222222219753086,0.3999999992,0.2857142807142858,0.2857142807142858,0.16666666194444454,0.2857142807142858,0,0,0.4444444444444444,0.18181818165289254
6186.png,একজন পুরুষ ও একজন পুরুষ দাড়িয়ে আছে।,0.571428570612245,0.9999999975,0.7272727213223142,0.7272727213223142,0.6666666607407408,0.7272727213223142,0,0,0.5769230769230769,0.7999999984
4463.png,একজন পুরুষ একটি <unk>,0.49999999875,0.1999999998,0.28571428122448983,0.28571428122448983,0.16666666263888896,0.28571428122448983,0,0,0.28205128205128205,0.16666666652777776
1165.png,একজন পুরুষ বসে আছে।,0.249999999375,0.1999999996,0.2222222167901236,0.2222222167901236,0.0,0.2222222167901236,0,0,0.47058823529411764,0.12499999984374999
8300.png,একজন মানুষ আছে।,0.6666666644444444,0.3999999992,0.49999999406250006,0.49999999406250006,0.33333332777777785,0.49999999406250006,0,0,0.5555555555555556,0.33333333277777777
1122.png,একজন পুরুষ ও একজন পুরুষ বসে আছে।,0.571428570612245,0.571428570612245,0.5714285656122451,0.5714285656122451,0.3333333277777778,0.5714285656122451,0,0,0.72,0.49999999937499995
3210705660_2b14b7fb36.jpg,একটি ছেলে একটি পার্কে একটি <unk>,0.33333333277777777,0.2857142853061225,0.3076923022485208,0.3076923022485208,0.1818181765289258,0.3076923022485208,0,0,0.4,0.2222222219753086
345785626_9fa59f38ce.jpg,একটি ছেলে পানিতে সাঁতার গিয়ারে আছে,0.33333333277777777,0.2222222219753086,0.2666666615111111,0.2666666615111111,0.0,0.2666666615111111,0,0,0.4411764705882353,0.15384615372781063
8454.png,একজন বয়স্ক নারী আছে।,0.49999999875,0.6666666644444444,0.5714285648979592,0.5714285648979592,0.0,0.5714285648979592,0,0,0.5333333333333333,0.3999999992
3672109677_8caa992671.jpg,একদল লোক একটি বিনোদন দিচ্ছে,0.1999999996,0.249999999375,0.2222222167901236,0.2222222167901236,0.0,0.2222222167901236,0,0,0.5,0.12499999984374999
3412249548_00820fc4ca.jpg,একটি <unk> <unk> <unk> <unk> <unk>,0.49999999916666665,0.2727272724793388,0.3529411714878893,0.3529411714878893,0.2666666618666667,0.3529411714878893,0,0,0.2894736842105263,0.24999999968749997
3418.png,একজন মহিলা তার পিছনে আরও অসংখ্য শিশুর ছবি তুলছে,0.2222222219753086,0.13333333324444444,0.1666666618402779,0.1666666618402779,0.0,0.1666666618402779,0,0,0.33870967741935487,0.10526315783933518
255330891_86d65dfdbf.jpg,একটি মেয়ে ফুটপাতে তার হাতে একটি <unk>,0.2857142853061225,0.24999999968749997,0.2666666613333334,0.2666666613333334,0.0,0.2666666613333334,0,0,0.3870967741935484,0.16666666652777776
5628.png,একজন পুরুষ আছে।,0.9999999966666667,0.7499999981250001,0.8571428497959185,0.8571428497959185,0.39999999360000005,0.8571428497959185,0,0,0.7333333333333334,0.7499999981250001
488089932_c3a5fa4140.jpg,একটি ছোট মেয়ে একটি ব্যস্ত রাস্তায় মেলায় <unk>,0.24999999968749997,0.2222222219753086,0.23529411238754333,0.23529411238754333,0.11764705384083066,0.23529411238754333,0,0,0.35,0.14285714275510203
5701.png,একটি শিশু বসে আছে।,0.9999999975,0.9999999975,0.9999999925,0.9999999925,0.9999999916666666,0.9999999925,1,1,1.0,0.9999999975
925491651_57df3a5b36.jpg,একটি কুকুর পানিতে দৌড়াচ্ছে,0.49999999875,0.3999999992,0.4444444385185186,0.4444444385185186,0.28571428000000004,0.4444444385185186,0,0,0.47058823529411764,0.2857142853061225
2970067128_8842ab3603.jpg,একটি ছেলে তার সাইকেল দিয়ে বাতাসে লাফিয়ে কসরত দেখাচ্ছেন,0.3333333329629629,0.29999999969999996,0.31578946836565097,0.31578946836565097,0.1428571377551022,0.24999999476562512,0,0,0.42500000000000004,0.1874999998828125
501520507_c86f805ab8.jpg,এক মহিলা একটি হলের মধ্যে দাঁড়িয়ে আছে,0.14285714265306124,0.16666666638888888,0.15384614863905344,0.15384614863905344,0.0,0.15384614863905344,0,0,0.4814814814814815,0.09090909082644627
5832.png,পানিতে কয়েকজন মানুষ আছে।,0.249999999375,0.249999999375,0.2499999943750001,0.2499999943750001,0.0,0.2499999943750001,0,0,0.375,0.14285714265306124
343419618_1590809361413949_5895706419711225064_n.jpg,একটি সাপ দেখা যাচ্ছে।,0.249999999375,0.14285714265306124,0.1818181768595043,0.1818181768595043,0.0,0.1818181768595043,0,0,0.25,0.0999999999
7690.png,শহীদ মিনারের সামনে তিনজন লোক বসে আছে।,0.0,0.0,0.0,0.0,0.0,0.0,0,0,0.2692307692307693,0.0
2300.png,একটি বড় গাছ আছে।,0.49999999875,0.2857142853061225,0.36363635834710756,0.36363635834710756,0.0,0.36363635834710756,0,0,0.31999999999999995,0.2222222219753086
4173.png,একজন পুরুষ একটি পেপার পড়ছে।,0.5999999988,0.7499999981250001,0.6666666602469137,0.6666666602469137,0.28571428000000004,0.6666666602469137,0,0,0.7,0.49999999916666665
IMG_4351.JPG,মহিলা টি কালো টিপ আছে,0.5999999988,0.7499999981250001,0.6666666602469137,0.6666666602469137,0.28571428000000004,0.6666666602469137,0,0,0.6428571428571428,0.49999999916666665
5590.png,একটি শিশু আছে।,0.3333333322222222,0.249999999375,0.28571428000000004,0.28571428000000004,0.0,0.28571428000000004,0,0,0.4,0.16666666638888888
7238.png,একজন লোক বসে আছে।,0.49999999875,0.6666666644444444,0.5714285648979592,0.5714285648979592,0.0,0.5714285648979592,0,0,0.6153846153846154,0.3999999992
700884207_d3ec546494.jpg,নীল রঙের পোশাক পরিহিত একজন মহিলা একটি সাদা বালিশে বসে আছে।,0.2727272724793388,0.29999999969999996,0.28571428045351477,0.28571428045351477,0.09523809015873042,0.19047618530612256,0,0,0.39534883720930236,0.16666666657407406
985067019_705fe4a4cc.jpg,একটি শিশু একটি ফোলানো নীল ফোলানো নীল ফোলানো নীল ফোলানো নীল ফোলানো নীল ফোলানো নীল ফোলানো নীল ফোলানো নীল ফোলানো নীল ফোলানো নীল ফোলানো নীল ফোলানো নীল ফোলানো নীল ফোলানো নীল ফোলানো নীল ফোলানো নীল ফোলানো নীল ফোলানো নীল ফোলানো,0.07499999998125,0.4285714279591837,0.12765957187867819,0.12765957187867819,0.08888888653827165,0.12765957187867819,0,0,0.15714285714285714,0.24999999968749997
2952320230_26601173be.jpg,একজন টেনিস খেলোয়াড় টেনিস খেলছে,0.3999999992,0.33333333277777777,0.36363635801652905,0.36363635801652905,0.2222222167901236,0.36363635801652905,0,0,0.5,0.24999999968749997
3371567346_b6522efdb8.jpg,একটি ছেলে একটি <unk> খাচ্ছেন,0.3999999992,0.1999999998,0.2666666618666667,0.2666666618666667,0.15384614934911253,0.2666666618666667,0,0,0.42105263157894735,0.16666666652777776
2315.png,একটি মন্দির এবং কালো রঙের একটি সুন্দর দিনে এক লোক একটি ইটের ভবনের সামনে একটি <unk>,0.0624999999609375,0.0999999999,0.07692307213017781,0.07692307213017781,0.0,0.07692307213017781,0,0,0.2622950819672131,0.045454545433884296
2612949583_f45b3afe33.jpg,একটি কুকুর একটি <unk>,0.249999999375,0.14285714265306124,0.1818181768595043,0.1818181768595043,0.0,0.1818181768595043,0,0,0.33333333333333337,0.1111111109876543
3109.png,একজন লোক একটি বড় পাথরে আরোহণ করছে,0.14285714265306124,0.09090909082644627,0.11111110623456812,0.11111110623456812,0.0,0.11111110623456812,0,0,0.275,0.05882352937716263
319185571_56162796da.jpg,একটি কুকুর জলের ধারে দৌড়াচ্ছে,0.3999999992,0.24999999968749997,0.3076923024852071,0.3076923024852071,0.1818181768595043,0.3076923024852071,0,0,0.5172413793103448,0.18181818165289254
557721978_dfde31bc02.jpg,একটি মেয়ে <unk>,0.6666666644444444,0.18181818165289254,0.2857142819387755,0.2857142819387755,0.0,0.24999999468750006,0,0,0.4117647058823529,0.16666666652777776
3135.png,একটি টাওয়ার আছে।,0.3333333322222222,0.16666666638888888,0.2222222172839507,0.2222222172839507,0.0,0.2222222172839507,0,0,0.21739130434782605,0.12499999984374999
2424398046_1a55c71376.jpg,একটি শিশু একটি <unk> খাচ্ছে,0.3999999992,0.2857142853061225,0.33333332791666676,0.33333332791666676,0.0,0.33333332791666676,0,0,0.46153846153846156,0.1999999998
427167162_2c99779444.jpg,একজন লোক একটি দোকানের সামনে দাঁড়িয়ে আছে।,0.571428570612245,0.21052631567867036,0.3076923035207101,0.3076923035207101,0.16666666277777784,0.28571428030612256,0,0,0.5185185185185186,0.21052631567867036
2613.png,একজন পুরুষ এবং একজন পুরুষ বসে আছে।,0.2857142853061225,0.33333333277777777,0.3076923022485208,0.3076923022485208,0.1818181765289258,0.3076923022485208,0,0,0.46153846153846156,0.2222222219753086
3600.png,একজন নারী বসে আছে।,0.49999999875,0.49999999875,0.4999999937500001,0.4999999937500001,0.0,0.4999999937500001,0,0,0.5625,0.33333333277777777
2252.png,একজন নারী ও একজন নারী আছে।,0.33333333277777777,0.49999999875,0.3999999944,0.3999999944,0.24999999468750006,0.3999999944,0,0,0.5,0.33333333277777777
1521623639_4bda3407cc.jpg,একটি ভাস্কর্য বেয়ে উঠতে শুরু করে।,0.16666666638888888,0.1111111109876543,0.13333332835555572,0.13333332835555572,0.0,0.13333332835555572,0,0,0.26086956521739135,0.07142857137755101
6017.png,একজন পুরুষ দাড়িয়ে আছে।,0.249999999375,0.1999999996,0.2222222167901236,0.2222222167901236,0.0,0.2222222167901236,0,0,0.33333333333333337,0.12499999984374999
3293751136_b0ce285dc3.jpg,একটি ছেলে একটি লাল <unk> সামনে দাঁড়িয়ে আছে,0.37499999953124996,0.3333333329629629,0.3529411710726644,0.3529411710726644,0.0,0.23529411238754333,0,0,0.4117647058823529,0.15384615372781063
103106960.jpg,একটি ছেলে একটি গোল হয়ে আছে,0.49999999916666665,0.23076923059171597,0.31578946903047095,0.31578946903047095,0.11764705453287211,0.31578946903047095,0,0,0.4054054054054054,0.14285714275510203
_MG_1629.JPG,একজন নারী বসে আছে।,0.49999999875,0.33333333277777777,0.3999999944,0.3999999944,0.0,0.3999999944,0,0,0.5714285714285714,0.24999999968749997
12830823_87d2654e31.jpg,একটি ছেলে একটি পুকুরে পড়লো,0.1999999996,0.14285714265306124,0.16666666152777793,0.16666666152777793,0.0,0.16666666152777793,0,0,0.3142857142857143,0.1111111109876543
456512643_0aac2fa9ce.jpg,একটি বাদামী কুকুর ঘাসের উপর দিয়ে লাফিয়ে।,0.4285714279591837,0.49999999916666665,0.4615384558579882,0.4615384558579882,0.1818181765289258,0.4615384558579882,0,0,0.5384615384615384,0.29999999969999996
3314180199_2121e80368.jpg,একটি ছেলে একটি <unk>,0.49999999875,0.2857142853061225,0.36363635834710756,0.36363635834710756,0.0,0.36363635834710756,0,0,0.4,0.24999999968749997
4646.png,একটি সেতু আছে।,0.6666666644444444,0.6666666644444444,0.6666666594444445,0.6666666594444445,0.4999999925000001,0.6666666594444445,0,0,0.7777777777777778,0.49999999875
2479180530_7ebba2d8bf.jpg,একটি বাদামী কুকুর মাটিতে পড়ে গেলো,0.49999999916666665,0.4285714279591837,0.4615384558579882,0.4615384558579882,0.36363635801652905,0.4615384558579882,0,0,0.5769230769230769,0.3333333329629629
4350.png,একটা ছেলে একটি মঞ্চে বসে আছে।,0.16666666638888888,0.16666666638888888,0.16666666138888903,0.16666666138888903,0.0,0.16666666138888903,0,0,0.31818181818181823,0.09090909082644627
1947.png,একটি ব্যানার নিয়ে কয়েকজন মানুষ আছে।,0.16666666638888888,0.16666666638888888,0.16666666138888903,0.16666666138888903,0.0,0.16666666138888903,0,0,0.41666666666666663,0.09090909082644627
4013.png,একজন পুরুষ ও একজন নারী দাড়িয়ে আছে।,0.9999999985714286,0.8749999989062499,0.933333327111111,0.933333327111111,0.7692307630769232,0.933333327111111,0,0,0.8333333333333334,0.8571428559183674
3696.png,কালো জামা পরা একটা মেয়ে গাছের পাশে দাঁড়িয়ে আছে।,0.2222222219753086,0.18181818165289254,0.19999999485000008,0.19999999485000008,0.0,0.19999999485000008,0,0,0.43243243243243246,0.1111111110493827
7675.png,একজন ছোট মেয়ে শিশু আছে।,0.5999999988,0.5999999988,0.5999999938,0.5999999938,0.2499999943750001,0.5999999938,0,0,0.5,0.4285714279591837
367925122_335ed279a8.jpg,একটি ছোট মেয়ে একটি গাড়ির চাকার উপর বসে মেয়েটি ক্যামেরার দিকে তাকিয়ে আছে,0.23076923059171597,0.4285714279591837,0.2999999951500001,0.2999999951500001,0.0,0.2999999951500001,0,0,0.41666666666666663,0.1874999998828125
5986.png,সূর্য অস্ত যাচ্ছে কিছু মানুষ আছে।,0.33333333277777777,0.6666666644444444,0.44444443901234576,0.44444443901234576,0.28571428081632655,0.44444443901234576,0,0,0.38095238095238093,0.2857142853061225
8893.png,একটি শিশু আছে।,0.9999999966666667,0.9999999966666667,0.9999999916666666,0.9999999916666666,0.9999999900000001,0.9999999916666666,1,1,1.0,0.9999999966666667
2139.png,ব্যানার হাতে <unk>,0.0,0.0,0.0,0.0,0.0,0.0,0,0,0.14814814814814814,0.0
534.png,একটি গ্রামের <unk>,0.0,0.0,0.0,0.0,0.0,0.0,0,0,0.16000000000000003,0.0
3682428916_69ce66d375.jpg,একটি কালো রঙের ন্যস্ত করা তিনটি প্রতিযোগিতার <unk>,0.24999999968749997,0.33333333277777777,0.2857142804081633,0.2857142804081633,0.0,0.2857142804081633,0,0,0.3125,0.16666666652777776
1507.png,অনেকগুলো মানুষ আছে।,0.6666666644444444,0.2222222219753086,0.3333333290277778,0.3333333290277778,0.0,0.3333333290277778,0,0,0.32258064516129037,0.2222222219753086
6646.png,একটি রাস্তা দিয়ে একজন মানুষ আছে।,0.33333333277777777,0.18181818165289254,0.2352941128027682,0.2352941128027682,0.0,0.2352941128027682,0,0,0.3513513513513513,0.14285714275510203
411216802_aead9e67e3.jpg,দুটি কুকুর একসাথে খেলছে,0.49999999875,0.6666666644444444,0.5714285648979592,0.5714285648979592,0.24999999468750006,0.5714285648979592,0,0,0.5333333333333333,0.3999999992
8922.png,একটি শিশু আছে।,0.3333333322222222,0.3333333322222222,0.33333332722222225,0.33333332722222225,0.0,0.33333332722222225,0,0,0.5454545454545454,0.1999999996
9084.png,পাঁচজন শিশু আছে।,0.3333333322222222,0.07692307686390532,0.12499999679687505,0.12499999679687505,0.0,0.12499999679687505,0,0,0.15555555555555556,0.09090909082644627
2594902417_f65d8866a8.jpg,দুটি কুকুর একটি মাঠে দৌড়াচ্ছে,0.5999999988,0.5999999988,0.5999999938,0.5999999938,0.2499999943750001,0.5999999938,0,0,0.5555555555555556,0.4285714279591837
942399470_6132d3e5d2.jpg,একজন লোক একটি <unk>,0.7499999981250001,0.1874999998828125,0.29999999650000003,0.29999999650000003,0.1333333299555556,0.29999999650000003,0,0,0.24242424242424243,0.19999999986666667
3326249355_e7a7c71f06.jpg,একজন লোক একটি বিশাল <unk>,0.5999999988,0.3333333329629629,0.42857142336734694,0.42857142336734694,0.3076923029585799,0.42857142336734694,0,0,0.4,0.2727272724793388
8185.png,একটি পতাকা আছে।,0.0,0.0,0.0,0.0,0.0,0.0,0,0,0.28,0.0
554774472_b5d165ff69.jpg,একটি ছেলে সুইমিংপুলে ঝাপ দিচ্ছে,0.1999999996,0.14285714265306124,0.16666666152777793,0.16666666152777793,0.0,0.16666666152777793,0,0,0.368421052631579,0.09090909082644627
2618538137_44fffe10c4.jpg,একটি কুকুর একটি লাঠি নিয়ে একটি লাঠি নিয়ে একটি লাঠি নিয়ে একটি লাঠি নিয়ে একটি লাঠি নিয়ে একটি লাঠি নিয়ে একটি লাঠি নিয়ে একটি লাঠি নিয়ে একটি লাঠি নিয়ে একটি লাঠি নিয়ে একটি লাঠি নিয়ে একটি লাঠি নিয়ে একটি লাঠি,0.07499999998125,0.29999999969999996,0.11999999675200007,0.11999999675200007,0.04166666360243077,0.11999999675200007,0,0,0.14925373134328357,0.18181818165289254
2968216482_ede65b20a8.jpg,একজন লোক তার সাইকেল দিয়ে বাতাসে <unk>,0.2857142853061225,0.2222222219753086,0.24999999476562512,0.24999999476562512,0.1428571377551022,0.24999999476562512,0,0,0.38095238095238093,0.14285714275510203
4819.png,একটি ব্রীজ দেখা যাচ্ছে একটি ব্রীজ দেখা যাচ্ছে।,0.24999999968749997,0.6666666644444444,0.36363635900826446,0.36363635900826446,0.0,0.36363635900826446,0,0,0.31034482758620685,0.33333333277777777
2879241506_b421536330.jpg,একজন মেয়ে আয়নার সামনে দাঁড়িয়ে আছেন,0.49999999916666665,0.19999999986666667,0.2857142813605443,0.2857142813605443,0.11111110697530877,0.2857142813605443,0,0,0.3571428571428571,0.16666666657407406
4621.png,একজন পুরুষ আছে।,0.9999999966666667,0.23076923059171597,0.374999996484375,0.374999996484375,0.14285714020408163,0.374999996484375,0,0,0.22448979591836737,0.24999999979166665
20210716_142005.jpg,একটা ছোট বাচ্চা একটা পুতুল ধরে আছে,0.2857142853061225,0.18181818165289254,0.22222221722222232,0.22222221722222232,0.0,0.22222221722222232,0,0,0.375,0.13333333324444444
2255342813_5b2ac6d633.jpg,একটি ছেলে নদীতে বঁড়শি দিয়ে পানি থেকে <unk>,0.24999999968749997,0.2222222219753086,0.23529411238754333,0.23529411238754333,0.0,0.23529411238754333,0,0,0.3421052631578947,0.15384615372781063
7403.png,একটি মেয়ে এবং একটি ছোট মেয়ে একটি ছোট ছেলেকে নিয়ে দাঁড়িয়ে আছে।,0.08333333326388888,0.0999999999,0.09090908586776886,0.09090908586776886,0.0,0.09090908586776886,0,0,0.33333333333333337,0.0624999999609375
2419.png,একজন বয়স্ক পুরুষ আছে।,0.49999999875,0.49999999875,0.4999999937500001,0.4999999937500001,0.0,0.4999999937500001,0,0,0.6875,0.33333333277777777
3711.png,কয়েকজন পুরুষ দাড়িয়ে আছে।,0.49999999875,0.49999999875,0.4999999937500001,0.4999999937500001,0.33333332722222225,0.4999999937500001,0,0,0.625,0.33333333277777777
2244171992_a4beb04d8e.jpg,একদল লোক ফুটপাতে দাঁড়িয়ে আছে।,0.0,0.0,0.0,0.0,0.0,0.0,0,0,0.26315789473684215,0.0
2579572274_826598b14a.jpg,একটি ছেলে একটি ছেলে বসে আছে,0.33333333277777777,0.2857142853061225,0.3076923022485208,0.3076923022485208,0.0,0.3076923022485208,0,0,0.5,0.2222222219753086
3705976184_53ae07e898.jpg,একটি ছেলে ও একটি ছেলে একটি মাঠে একটি <unk>,0.2222222219753086,0.33333333277777777,0.2666666615111111,0.2666666615111111,0.0,0.2666666615111111,0,0,0.3666666666666667,0.2222222219753086
3435653630_3b6cca2c40.jpg,একদল লোক বাস্কেটবল খেলছে,0.249999999375,0.249999999375,0.2499999943750001,0.2499999943750001,0.0,0.2499999943750001,0,0,0.36363636363636365,0.14285714265306124
505.png,কয়েকজন পুরুষ দাড়িয়ে আছে।,0.49999999875,0.49999999875,0.4999999937500001,0.4999999937500001,0.33333332722222225,0.4999999937500001,0,0,0.625,0.33333333277777777
7744.png,একজন পুরুষ হাতে ফুল নিয়ে আছে।,0.49999999916666665,0.24999999979166665,0.33333332851851855,0.33333332851851855,0.0,0.33333332851851855,0,0,0.44999999999999996,0.19999999986666667
3248.png,একজন পুরুষ একটি শিশু আছে।,0.3999999992,0.49999999875,0.4444444385185186,0.4444444385185186,0.0,0.4444444385185186,0,0,0.33333333333333337,0.2857142853061225
3522000960_47415c3890.jpg,একজন লোক তার বোর্ডে চড়ে,0.3999999992,0.33333333277777777,0.36363635801652905,0.36363635801652905,0.2222222167901236,0.36363635801652905,0,0,0.3846153846153846,0.2222222219753086
2542.png,কয়েকজন পুরুষ মাইক্রো <unk> <unk> <unk> <unk> <unk> <unk> <unk> <unk> <unk> <unk> <unk> <unk> <unk> <unk> <unk> <unk> <unk> <unk> <unk> <unk> <unk> <unk> <unk> <unk> <unk> <unk> <unk> <unk> <unk> <unk> <unk> <unk> <unk> <unk> <unk> <unk> <unk>,0.0,0.0,0.0,0.0,0.0,0.0,0,0,0.12345679012345678,0.0
20210515_184311.jpg,কয়েকজন পুরুষ আছে।,0.0,0.0,0.0,0.0,0.0,0.0,0,0,0.2666666666666667,0.0
3231596071_f0c522a639.jpg,একজন লোক একটি <unk> <unk>,0.3999999992,0.49999999875,0.4444444385185186,0.4444444385185186,0.28571428000000004,0.4444444385185186,0,0,0.5263157894736843,0.33333333277777777
1332492622_8c66992b62.jpg,একটি ফটক আছে।,0.3333333322222222,0.0999999999,0.15384615005917168,0.15384615005917168,0.0,0.15384615005917168,0,0,0.2272727272727273,0.08333333326388888
8708.png,একজন পুরুষ হেঁটে যাচ্ছে।,0.49999999875,0.49999999875,0.4999999937500001,0.4999999937500001,0.33333332722222225,0.4999999937500001,0,0,0.4,0.33333333277777777
7716.png,একটি শিশু আছে।,0.6666666644444444,0.3999999992,0.49999999406250006,0.49999999406250006,0.0,0.49999999406250006,0,0,0.38888888888888884,0.33333333277777777
2216695423_1362cb25f3.jpg,তিনটি কুকুর এবং একটির মুখ খুলছে এবং একটির মুখ খুলছে এবং একটির মুখ খুলছে এবং একটির মুখ খুলছে এবং একটির মুখ খুলছে এবং একটির মুখ খুলছে এবং একটির মুখ খুলছে এবং একটির মুখ খুলছে এবং একটির মুখ খুলছে এবং একটির,0.02499999999375,0.249999999375,0.04545454378099179,0.04545454378099179,0.0,0.04545454378099179,0,0,0.1333333333333333,0.1111111109876543
8244.png,এক লোক পাথরের উপর দিয়ে একটি উঁচু পাহাড়ের উপরে একটি পাথরের উপর দিয়ে একটি উঁচু পাহাড়ের উপরে একটি পাথরের উপর দিয়ে একটি উঁচু পাহাড়ের উপরে একটি পাথরের উপর দিয়ে একটি উঁচু পাহাড়ের উপরে একটি পাথরের উপর দিয়ে একটি উঁচু পাহাড়ের,0.0,0.0,0.0,0.0,0.0,0.0,0,0,0.1146496815286624,0.0
2382411771_a16145f345.jpg,একটি কুকুর একটি কুকুর,0.9999999975,0.4444444439506172,0.6153846101775148,0.6153846101775148,0.16666666263888896,0.6153846101775148,0,0,0.4545454545454546,0.2857142853061225
1442.png,কয়েকজন পুরুষ আছে।,0.6666666644444444,0.2857142853061225,0.39999999500000005,0.39999999500000005,0.24999999562500003,0.39999999500000005,0,0,0.36,0.24999999968749997
3341.png,একজন পুরুষ ঝর্ণার পানিতে নেমে গোসল করছে।,0.2857142853061225,0.124999999921875,0.1739130390926277,0.1739130390926277,0.0,0.1739130390926277,0,0,0.2542372881355932,0.1111111110493827
1087539207.jpg,একটি <unk> চালক একটি ছবির জন্য পোজ দিচ্ছে,0.24999999968749997,0.2857142853061225,0.2666666613333334,0.2666666613333334,0.0,0.2666666613333334,0,0,0.4411764705882353,0.09090909082644627
3450874870_c4dcf58fb3.jpg,একজন লোক একটি পাহাড়ে উঠছে,0.5999999988,0.37499999953124996,0.46153845609467453,0.46153845609467453,0.1818181768595043,0.46153845609467453,0,0,0.5789473684210527,0.29999999969999996
8816.png,একটি ছেলে একটা ছেলে শুয়ে আছে।,0.33333333277777777,0.6666666644444444,0.44444443901234576,0.44444443901234576,0.0,0.44444443901234576,0,0,0.6,0.33333333277777777
5139.png,দুইটি শিশু আছে।,0.0,0.0,0.0,0.0,0.0,0.0,0,0,0.19999999999999996,0.0
5313.png,কয়েকজন লোক একটা ট্রাকে দল লোক মোটরসাইকেল চালাচ্ছে,0.0,0.0,0.0,0.0,0.0,0.0,0,0,0.34285714285714286,0.0
1679557684_50a206e4a9.jpg,একটি কুকুর ঘাসে ঘুরছে।,0.49999999875,0.18181818165289254,0.26666666240000003,0.26666666240000003,0.15384615005917168,0.26666666240000003,0,0,0.2894736842105263,0.15384615372781063
4340.png,একটি শিশু আছে।,0.9999999966666667,0.49999999916666665,0.6666666607407408,0.6666666607407408,0.28571428081632655,0.6666666607407408,0,0,0.4736842105263158,0.49999999916666665
2505360288_c972bd29c4.jpg,একটি কুকুর একটি <unk>,0.7499999981250001,0.3333333329629629,0.4615384565680474,0.4615384565680474,0.2222222172839507,0.4615384565680474,0,0,0.3793103448275862,0.3333333329629629
415793623_6c1225ae27.jpg,একজন লোক পাথরে আরোহণ করছে,0.7999999984,0.4444444439506172,0.5714285660204083,0.5714285660204083,0.33333332833333335,0.5714285660204083,0,0,0.5,0.3999999996
3274691778_94bb57bba3.jpg,একজন মহিলা একটি আলোর প্রতিকির দিকে তাকিয়ে আছে,0.24999999968749997,0.2857142853061225,0.2666666613333334,0.2666666613333334,0.09523809070294806,0.2666666613333334,0,0,0.46875,0.15384615372781063
487071033_27e460a1b9.jpg,একজন লোক একটি <unk>,0.7499999981250001,0.29999999969999996,0.42857142387755104,0.42857142387755104,0.16666666263888896,0.42857142387755104,0,0,0.2978723404255319,0.29999999969999996
3256043809_47258e0b3e.jpg,দুটি কুকুর জলাশয়ের কাছে সৈকত ধরে ধাওয়া করে।,0.24999999968749997,0.15384615372781063,0.1904761855782314,0.1904761855782314,0.0,0.1904761855782314,0,0,0.34375,0.10526315783933518
3446347599_0ecc49a9d5.jpg,একটি <unk>,0.999999995,0.18181818165289254,0.3076923046153846,0.3076923046153846,0.18181817983471074,0.3076923046153846,0,0,0.18518518518518523,0.18181818165289254
3029.png,একটি পর্যটন এলাকায় জমিতে কাজ করছেন ৩ টি নৌকা নিয়ে যাচ্ছে।,0.0,0.0,0.0,0.0,0.0,0.0,0,0,0.32499999999999996,0.0
5037.png,একটি শিশু আছে।,0.3333333322222222,0.249999999375,0.28571428000000004,0.28571428000000004,0.0,0.28571428000000004,0,0,0.3571428571428571,0.16666666638888888
1445754124_647168f211.jpg,একটি কুকুর একটি গাছের দিকে তাকিয়ে আছে,0.4285714279591837,0.37499999953124996,0.3999999944888889,0.3999999944888889,0.1818181765289258,0.3999999944888889,0,0,0.52,0.1999999998
909808296_23c427022d.jpg,একটি কুকুর একটি বাদামী কুকুর,0.7999999984,0.3636363633057851,0.499999995078125,0.499999995078125,0.2499999959375,0.499999995078125,0,0,0.36363636363636365,0.29999999969999996
6563.png,একজন পুরুষ একটি নৌকা চালাচ্ছে।,0.5999999988,0.2727272724793388,0.374999995234375,0.374999995234375,0.14285713857142868,0.374999995234375,0,0,0.39473684210526316,0.24999999979166665
6345.png,একটি ফলের দোকানে দুইটা ছেলে খাবার বিক্রি করছে,0.12499999984374999,0.249999999375,0.16666666194444454,0.16666666194444454,0.0,0.16666666194444454,0,0,0.30000000000000004,0.09090909082644627
6166.png,রেল লাইনের পাশে কয়েকজন মানুষ আছে।,0.33333333277777777,0.3999999992,0.36363635801652905,0.36363635801652905,0.2222222167901236,0.36363635801652905,0,0,0.5652173913043479,0.2222222219753086
7313.png,একটি মহিলা বসে আছে।,0.49999999875,0.3999999992,0.4444444385185186,0.4444444385185186,0.28571428000000004,0.4444444385185186,0,0,0.4736842105263158,0.2857142853061225
3506560025_8d0f4f9ac4.jpg,একটি ছেলে একটি <unk> <unk> <unk> <unk> <unk> <unk> <unk> <unk> <unk> <unk> <unk> <unk> <unk> <unk> <unk> <unk> <unk> <unk> <unk> <unk> <unk> <unk> <unk> <unk> <unk> <unk> <unk> <unk> <unk> <unk> <unk> <unk> <unk> <unk> <unk> <unk> <unk>,0.02499999999375,0.09090909082644627,0.03921568287581729,0.03921568287581729,0.0,0.03921568287581729,0,0,0.08227848101265822,0.07692307686390532
4773.png,একটি দোকানের ভিতর আবর্জনা দিয়ে দোকানের ভিতর বসে আছে।,0.1111111109876543,0.3333333322222222,0.16666666263888896,0.16666666263888896,0.0,0.16666666263888896,0,0,0.3055555555555556,0.1111111109876543
4506.png,একজন নারী তাকিয়ে আছে।,0.49999999875,0.3999999992,0.4444444385185186,0.4444444385185186,0.0,0.4444444385185186,0,0,0.5263157894736843,0.2857142853061225
7751.png,একজন লোক একটি ছোট ছেলে হেটে যাচ্ছে,0.4285714279591837,0.24999999979166665,0.31578946869806096,0.31578946869806096,0.11764705411764723,0.31578946869806096,0,0,0.4222222222222223,0.1874999998828125
1772859261_236c09b861.jpg,একটি কালো কুকুর পানি ছিটাচ্ছে,0.5999999988,0.5999999988,0.5999999938,0.5999999938,0.4999999937500001,0.5999999938,0,0,0.8421052631578947,0.4285714279591837
9053.png,একজন ছেলে হাসি মুখে তাকিয়ে আছে।,0.33333333277777777,0.49999999875,0.3999999944,0.3999999944,0.0,0.3999999944,0,0,0.44999999999999996,0.24999999968749997
2469.png,একজন নারী ও অনেকগুলো নারী আছে।,0.16666666638888888,0.12499999984374999,0.1428571377551022,0.1428571377551022,0.0,0.1428571377551022,0,0,0.3870967741935484,0.08333333326388888
1706.png,একজন পুরুষ বসে আছে।,0.7499999981250001,0.3333333329629629,0.4615384565680474,0.4615384565680474,0.18181817752066123,0.4615384565680474,0,0,0.375,0.3333333329629629
2214132302_80064fd79d.jpg,এক মেয়ে হেলমেট পরেছেন।,0.249999999375,0.16666666638888888,0.1999999948000001,0.1999999948000001,0.0,0.1999999948000001,0,0,0.5,0.1111111109876543
4940.png,অনেকগুলো মানুষ আছে।,0.9999999966666667,0.49999999916666665,0.6666666607407408,0.6666666607407408,0.28571428081632655,0.6666666607407408,0,0,0.5714285714285714,0.49999999916666665
3559374748_f18c7caa55.jpg,একটি নীল <unk> সম্বলিত একটি নীল রঙের গাড়ি থেকে বের হচ্ছে,0.18181818165289254,0.2857142853061225,0.22222221722222232,0.22222221722222232,0.11111110604938293,0.22222221722222232,0,0,0.35,0.14285714275510203
1243.png,একজন নারী বসে কাজ করছে।,0.3999999992,0.33333333277777777,0.36363635801652905,0.36363635801652905,0.2222222167901236,0.36363635801652905,0,0,0.5833333333333333,0.2222222219753086
2980118787_2099de53ec.jpg,একটি ছেলে তার সাইকেল দিয়ে বাতাসে লাফিয়ে কসরত দেখাচ্ছেন,0.6666666659259258,0.7499999990624999,0.7058823471280277,0.7058823471280277,0.5333333276444445,0.7058823471280277,0,0,0.8055555555555556,0.5454545449586776
426191845_1e979e9345.jpg,একটি সাদা কুকুর,0.6666666644444444,0.6666666644444444,0.6666666594444445,0.6666666594444445,0.0,0.6666666594444445,0,0,0.41666666666666663,0.49999999875
6193.png,একটি শিশু আছে।,0.3333333322222222,0.3333333322222222,0.33333332722222225,0.33333332722222225,0.0,0.33333332722222225,0,0,0.5454545454545454,0.1999999996
3789.png,পাশাপাশি দুইজন পুরুষ দাড়িয়ে আছে।,0.7999999984,0.49999999937499995,0.615384609704142,0.615384609704142,0.5454545398347109,0.615384609704142,0,0,0.6,0.4444444439506172
5653.png,একজন পুরুষ হেঁটে যাচ্ছে।,0.7499999981250001,0.7499999981250001,0.7499999931250001,0.7499999931250001,0.6666666594444445,0.7499999931250001,0,0,0.8666666666666667,0.5999999988
6054.png,একজন ছেলে দোলনায় দোল খাচ্ছে।,0.7999999984,0.49999999937499995,0.615384609704142,0.615384609704142,0.36363635834710756,0.615384609704142,0,0,0.6296296296296297,0.4444444439506172
3498327617_d2e3db3ee3.jpg,একটি কুকুর পানিতে ঝাপ দিচ্ছে,0.5999999988,0.3333333329629629,0.42857142336734694,0.42857142336734694,0.1999999948000001,0.42857142336734694,0,0,0.5384615384615384,0.2727272724793388
2386.png,একজন পুরুষ আছে।,0.6666666644444444,0.49999999875,0.5714285648979592,0.5714285648979592,0.0,0.5714285648979592,0,0,0.6,0.3999999992
3522749949_fb615cee47.jpg,একটি ছেলে একটি ফুটবলে লাথি দিচ্ছে,0.49999999916666665,0.23076923059171597,0.31578946903047095,0.31578946903047095,0.0,0.31578946903047095,0,0,0.5555555555555556,0.1999999998
5909.png,একজন পুরুষ ভ্যান নিয়ে যাচ্ছে।,0.3999999992,0.49999999875,0.4444444385185186,0.4444444385185186,0.28571428000000004,0.4444444385185186,0,0,0.631578947368421,0.2857142853061225
508958120_afe274f726.jpg,এক লোক পাথরের উপর দিয়ে লাফ দিচ্ছে,0.4285714279591837,0.37499999953124996,0.3999999944888889,0.3999999944888889,0.3076923022485208,0.3999999944888889,0,0,0.53125,0.24999999979166665
2443.png,সামনে একজন পুরুষ দাড়িয়ে আছে।,0.3999999992,0.49999999875,0.4444444385185186,0.4444444385185186,0.0,0.4444444385185186,0,0,0.5263157894736843,0.2857142853061225
2120383553_5825333a3f.jpg,একটি ছোট মেয়ে একটি <unk> ধরে আছে,0.2857142853061225,0.1999999998,0.23529411252595167,0.23529411252595167,0.0,0.23529411252595167,0,0,0.3913043478260869,0.14285714275510203
287001804_535827984641930_3966351733372935358_n.jpg,একটি স্কেটবোর্ডার ঢালু কাঠামোর উপর দিয়ে একটি <unk>,0.24999999968749997,0.6666666644444444,0.36363635900826446,0.36363635900826446,0.22222221827160496,0.36363635900826446,0,0,0.2647058823529411,0.24999999968749997
2331.png,কয়েকজন ছেলে একসাথে বসে আছে।,0.1999999996,0.16666666638888888,0.1818181765289258,0.1818181765289258,0.0,0.1818181765289258,0,0,0.33333333333333337,0.0999999999
414773731_c3f5bf43d5.jpg,একটি কুকুর একটি লাল <unk>,0.3999999992,0.3999999992,0.39999999420000004,0.39999999420000004,0.2499999943750001,0.39999999420000004,0,0,0.5,0.2857142853061225
1078.png,৪ জন মেয়ে শিশু আছে।,0.3999999992,0.18181818165289254,0.249999995390625,0.249999995390625,0.0,0.249999995390625,0,0,0.46153846153846156,0.14285714275510203
2706.png,কয়েকজন পুরুষ আছে।,0.9999999966666667,0.9999999966666667,0.9999999916666666,0.9999999916666666,0.9999999900000001,0.9999999916666666,1,1,1.0,0.9999999966666667
448257345_ce149c2ea6.jpg,একটি ছোট কুকুরছানা একটি <unk>,0.1999999996,0.14285714265306124,0.16666666152777793,0.16666666152777793,0.0,0.16666666152777793,0,0,0.42307692307692313,0.0999999999
2922222717_12195af92d.jpg,একটি কালো কুকুর তার মুখ দিয়ে শুয়ে আছে।,0.37499999953124996,0.29999999969999996,0.3333333280246914,0.3333333280246914,0.12499999492187522,0.3333333280246914,0,0,0.4390243902439024,0.21428571413265304
5796.png,একটি শিশু আছে।,0.3333333322222222,0.1999999996,0.24999999468750006,0.24999999468750006,0.0,0.24999999468750006,0,0,0.3157894736842105,0.14285714265306124
3070011270_390e597783.jpg,একটি কালো কুকুর একটি লাঠি নিয়ে একটি লাঠি নিয়ে একটি লাঠি নিয়ে একটি লাঠি নিয়ে একটি লাঠি নিয়ে একটি লাঠি নিয়ে একটি লাঠি নিয়ে একটি লাঠি নিয়ে একটি লাঠি নিয়ে একটি লাঠি নিয়ে একটি লাঠি নিয়ে একটি লাঠি নিয়ে একটি,0.0499999999875,0.49999999875,0.09090908921487605,0.09090908921487605,0.04444444211358036,0.09090908921487605,0,0,0.20895522388059706,0.2857142853061225
878758390_dd2cdc42f6.jpg,একটি সাদা কুকুর বালুতে হাটছে,0.5999999988,0.5999999988,0.5999999938,0.5999999938,0.4999999937500001,0.5999999938,0,0,0.8333333333333334,0.4285714279591837
137861003.jpg,একটি পুকুর দিয়ে এক দম্পতি যোগব্যায়াম করছে,0.14285714265306124,0.1999999996,0.16666666152777793,0.16666666152777793,0.0,0.16666666152777793,0,0,0.41860465116279066,0.0999999999
3758.png,একজন নারী ও একজন নারী আছে।,0.16666666638888888,0.16666666638888888,0.16666666138888903,0.16666666138888903,0.0,0.16666666138888903,0,0,0.35,0.1111111109876543
2644430445_47c985a2ee.jpg,একজন মহিলা এবং একজন মহিলা,0.1999999996,0.249999999375,0.2222222167901236,0.2222222167901236,0.0,0.2222222167901236,0,0,0.5,0.16666666638888888
2356574282_5078f08b58.jpg,সাদা পোশাক পরিহিত দুইজন নারী দাড়িয়ে আছে,0.571428570612245,0.28571428551020406,0.3809523761451248,0.3809523761451248,0.10526315346260404,0.3809523761451248,0,0,0.4571428571428572,0.2352941175086505
2347921097_f2e35753c0.jpg,একটি কালো কুকুর একটি কালো কুকুর,0.6666666655555555,0.28571428551020406,0.3999999954,0.3999999954,0.12499999554687513,0.3999999954,0,0,0.38095238095238093,0.24999999979166665
3210359094_ee51285301.jpg,একটি শিশু একটি বরফে খোদাই <unk>,0.33333333277777777,0.49999999875,0.3999999944,0.3999999944,0.24999999468750006,0.3999999944,0,0,0.4545454545454546,0.2857142853061225
3266406566_d64e57e65a.jpg,একজন মহিলা একটি কাঠের মেঝেতে বসে আছে,0.2857142853061225,0.2857142853061225,0.28571428030612256,0.28571428030612256,0.16666666138888903,0.28571428030612256,0,0,0.5,0.16666666652777776
5894.png,একটি শিশু আছে।,0.9999999966666667,0.49999999916666665,0.6666666607407408,0.6666666607407408,0.28571428081632655,0.6666666607407408,0,0,0.5,0.49999999916666665
6363.png,একটি নৌকায় কয়েকজন মানুষ আছে।,0.5999999988,0.49999999916666665,0.5454545395041324,0.5454545395041324,0.2222222167901236,0.5454545395041324,0,0,0.6956521739130435,0.37499999953124996
4930.png,একটি নৌকায় একজন মানুষ আছে।,0.3999999992,0.6666666644444444,0.49999999406250006,0.49999999406250006,0.0,0.49999999406250006,0,0,0.42105263157894735,0.33333333277777777
1106.png,একটি <unk> একটি পাখি আছে।,0.1999999996,0.14285714265306124,0.16666666152777793,0.16666666152777793,0.0,0.16666666152777793,0,0,0.4782608695652174,0.0999999999
1287475186_2dee85f1a5.jpg,একটি ছেলে জল স্প্রে করছে,0.3999999992,0.1999999998,0.2666666618666667,0.2666666618666667,0.0,0.2666666618666667,0,0,0.42307692307692313,0.15384615372781063
4882.png,একটি পুরাতন বাড়ী দেখা যাচ্ছে।,0.5999999988,0.49999999916666665,0.5454545395041324,0.5454545395041324,0.4444444385185186,0.5454545395041324,0,0,0.5263157894736843,0.37499999953124996
920.png,একজন পুরুষ একটি শিশু আছে।,0.3999999992,0.33333333277777777,0.36363635801652905,0.36363635801652905,0.0,0.36363635801652905,0,0,0.33333333333333337,0.2222222219753086
698107542_3aa0ba78b4.jpg,একটি ছোট্ট মেয়েটি একটি <unk>,0.3999999992,0.16666666652777776,0.23529411321799312,0.23529411321799312,0.0,0.23529411321799312,0,0,0.3076923076923077,0.14285714275510203
3431671749_e8e3a449ac.jpg,একটি গাড়ির আগুন বের হচ্ছে।,0.5999999988,0.37499999953124996,0.46153845609467453,0.46153845609467453,0.1818181768595043,0.46153845609467453,0,0,0.5454545454545454,0.29999999969999996
751109943_2a7f8e117f.jpg,একটি সুন্দরী বাচ্চা মেয়ে,0.249999999375,0.14285714265306124,0.1818181768595043,0.1818181768595043,0.0,0.1818181768595043,0,0,0.29166666666666663,0.0999999999
2865409854_afedf98860.jpg,রাস্তায় কয়েকজন মানুষ আছে।,0.249999999375,0.16666666638888888,0.1999999948000001,0.1999999948000001,0.0,0.1999999948000001,0,0,0.375,0.1111111109876543
2936707421_8e629874b8.jpg,একটি মেয়ে একটি লাল এবং একটি কুকুর দৌড়াচ্ছে,0.37499999953124996,0.2727272724793388,0.31578946847645434,0.31578946847645434,0.0,0.31578946847645434,0,0,0.5172413793103448,0.14285714275510203
5944.png,একজন পুরুষ চাপকল টিপছে।,0.49999999875,0.2222222219753086,0.3076923029585799,0.3076923029585799,0.18181817752066123,0.3076923029585799,0,0,0.29032258064516125,0.18181818165289254
3047264346_e24601bfbf.jpg,চশমা পরিহিত একজন লোক ও একজন লোক দাঁড়িয়ে আছে,0.4444444439506172,0.3636363633057851,0.39999999464999997,0.39999999464999997,0.22222221703703712,0.39999999464999997,0,0,0.4444444444444444,0.21428571413265304
2124.png,একটি নৌকায় কয়েকজন মানুষ আছে।,0.1999999996,0.14285714265306124,0.16666666152777793,0.16666666152777793,0.0,0.16666666152777793,0,0,0.36,0.09090909082644627
3587009091_37188fd07e.jpg,একটি পুকুর দিয়ে একটি হাঁস সাঁতার কাটছে।,0.7142857132653061,0.5555555549382716,0.624999994296875,0.624999994296875,0.1428571377551022,0.49999999445312515,0,0,0.7037037037037037,0.3999999996
2374570771_c395fc224a.jpg,একটি কালো কুকুর পানিতে খেলে,0.3999999992,0.33333333277777777,0.36363635801652905,0.36363635801652905,0.0,0.36363635801652905,0,0,0.40909090909090906,0.2222222219753086
3624327440_bef4f33f32.jpg,একজন লোক সমুদ্রের ঢেউয়ে সার্ফিং করছেন,0.33333333277777777,0.14285714275510203,0.19999999560000006,0.19999999560000006,0.11111110697530877,0.19999999560000006,0,0,0.42307692307692313,0.1111111110493827
6780.png,একটি নৌকায় কয়েকজন মানুষ আছে।,0.5999999988,0.5999999988,0.5999999938,0.5999999938,0.2499999943750001,0.5999999938,0,0,0.75,0.4285714279591837
2368266191_87d77750f1.jpg,একটি সাদা কুকুর ঘাসের উপর দিয়ে চলছে,0.2857142853061225,0.2222222219753086,0.24999999476562512,0.24999999476562512,0.0,0.24999999476562512,0,0,0.48,0.15384615372781063
1470.png,একজন নারী ও একটি মেয়ে বসে আছে,0.571428570612245,0.6666666655555555,0.6153846094674558,0.6153846094674558,0.5454545395041324,0.6153846094674558,0,0,0.7727272727272727,0.4444444439506172
7338.png,একটি নৌকায় কয়েকজন মানুষ আছে।,0.3999999992,0.2222222219753086,0.2857142807142858,0.2857142807142858,0.0,0.2857142807142858,0,0,0.41025641025641024,0.18181818165289254
2050.png,একজন পুরুষ দাড়িয়ে আছে।,0.0,0.0,0.0,0.0,0.0,0.0,0,0,0.2727272727272727,0.0
390986651_c801db91a0.jpg,একটি মহিলা একটি <unk>,0.49999999875,0.2222222219753086,0.3076923029585799,0.3076923029585799,0.0,0.3076923029585799,0,0,0.3870967741935484,0.1999999998
4914.png,নদী দিয়ে একটি নৌকা আছে।,0.3999999992,0.6666666644444444,0.49999999406250006,0.49999999406250006,0.0,0.49999999406250006,0,0,0.375,0.33333333277777777
2288.png,একটি ছেলে হাতে একটা নিয়ে দাড়িয়ে আছে।,0.4285714279591837,0.37499999953124996,0.3999999944888889,0.3999999944888889,0.0,0.2666666613333334,0,0,0.5185185185185186,0.2727272724793388
2075321027_c8fcbaf581.jpg,একটি লোক একটি ইটের ভবনের পাশে বসে আছে,0.12499999984374999,0.12499999984374999,0.12499999484375018,0.12499999484375018,0.0,0.12499999484375018,0,0,0.37142857142857144,0.07142857137755101
3000722396_1ae2e976c2.jpg,একটি কালো এবং সাদা কালো কুকুরটি একটি লাল বল নিয়ে খেলছে,0.6363636357851239,0.7777777769135802,0.69999999435,0.69999999435,0.5555555500000001,0.69999999435,0,0,0.6486486486486487,0.6363636357851239
5420.png,কয়েকজন পুরুষ পাশাপাশি দাড়িয়ে আছে।,0.5999999988,0.37499999953124996,0.46153845609467453,0.46153845609467453,0.2499999943750001,0.46153845609467453,0,0,0.5238095238095238,0.37499999953124996
3251906388_c09d44340e.jpg,একটি সাদা কুকুর তুষার দিয়ে চলছে।,0.49999999916666665,0.29999999969999996,0.37499999484375,0.37499999484375,0.13333332871111125,0.24999999500000003,0,0,0.43243243243243246,0.23076923059171597
5284.png,একজন পুরুষ একটি নৌকা চালাচ্ছে আর সেই নৌকায় একজন লোক তাদের <unk>,0.24999999979166665,0.5999999988,0.3529411719031142,0.3529411719031142,0.13333332924444455,0.3529411719031142,0,0,0.3913043478260869,0.23076923059171597
562928217_21f967a807.jpg,একটি কুকুর একটি ভলিবল খেলছে,0.7999999984,0.28571428551020406,0.4210526272576178,0.4210526272576178,0.2352941137716263,0.33333332895061735,0,0,0.3793103448275862,0.23076923059171597
2052953131_30834196fb.jpg,একজন লোক তার স্নোবোর্ড দিয়ে বাতাসে ভাসছে,0.2857142853061225,0.2857142853061225,0.28571428030612256,0.28571428030612256,0.16666666138888903,0.28571428030612256,0,0,0.38888888888888884,0.16666666652777776
389.png,একজন পুরুষ বসে কাজ করছে।,0.3999999992,0.1999999998,0.2666666618666667,0.2666666618666667,0.0,0.2666666618666667,0,0,0.38888888888888884,0.16666666652777776
2975073156_7543ed326f.jpg,এক মহিলা একটি <unk>,0.249999999375,0.1111111109876543,0.15384614934911253,0.15384614934911253,0.0,0.15384614934911253,0,0,0.2222222222222222,0.08333333326388888
4944.png,একজন নারী ও একজন নারী আছে।,0.49999999916666665,0.4285714279591837,0.4615384558579882,0.4615384558579882,0.1818181765289258,0.4615384558579882,0,0,0.5769230769230769,0.37499999953124996
3337.png,একজন লোক হাতে একটি <unk>,0.1999999996,0.16666666638888888,0.1818181765289258,0.1818181765289258,0.0,0.1818181765289258,0,0,0.5217391304347826,0.0999999999
5764.png,একজন পুরুষ দাড়িয়ে আছে।,0.7499999981250001,0.37499999953124996,0.49999999472222234,0.49999999472222234,0.1999999954000001,0.49999999472222234,0,0,0.5172413793103448,0.3333333329629629
4996.png,একটি পুকুরে একটি <unk>,0.49999999875,0.15384615372781063,0.2352941137716263,0.2352941137716263,0.0,0.2352941137716263,0,0,0.2727272727272727,0.07142857137755101
1527297882_dededc7891.jpg,একজন পুরুষ মাথায় দিয়ে আছে।,0.5999999988,0.21428571413265304,0.3157894694736842,0.3157894694736842,0.0,0.3157894694736842,0,0,0.3571428571428571,0.1874999998828125
6876.png,একটি সেতু আছে।,0.6666666644444444,0.13333333324444444,0.22222221919753085,0.22222221919753085,0.0,0.22222221919753085,0,0,0.4,0.124999999921875
6436.png,একজন পুরুষ একটি গরু নিয়ে আছে।,0.33333333277777777,0.2857142853061225,0.3076923022485208,0.3076923022485208,0.0,0.3076923022485208,0,0,0.5357142857142857,0.18181818165289254
2046222127_a6f300e202.jpg,একটি ছেলে একটি <unk> ধরে আছে,0.49999999916666665,0.2727272724793388,0.3529411714878893,0.3529411714878893,0.13333332871111125,0.3529411714878893,0,0,0.41666666666666663,0.23076923059171597
5291.png,একজন পুরুষ চশমা পরে আছে।,0.9999999980000001,0.45454545413223135,0.6249999949218751,0.6249999949218751,0.28571428122448983,0.374999995234375,0,0,0.33333333333333337,0.45454545413223135
2091.png,একজন পুরুষ ও অনেকগুলো পুরুষ দাড়িয়ে আছে।,0.4285714279591837,0.37499999953124996,0.3999999944888889,0.3999999944888889,0.15384614863905344,0.3999999944888889,0,0,0.4838709677419355,0.2727272724793388
408233586_f2c1be3ce1.jpg,একটি কুকুর পানিতে সাঁতার কাটছে।,0.5999999988,0.7499999981250001,0.6666666602469137,0.6666666602469137,0.5714285648979592,0.6666666602469137,0,0,0.6842105263157895,0.49999999916666665
3172283002_3c0fc624de.jpg,চারজন নারী ও মহিলা ছবি তোলার জন্য পোজ দিচ্ছে,0.4444444439506172,0.4444444439506172,0.4444444389506173,0.4444444389506173,0.16666666194444454,0.42857142336734694,0,0,0.6129032258064516,0.28571428551020406
2991993027_36ac04e9a0.jpg,একজন লোক একটি <unk> সামনে দাঁড়িয়ে আছে।,0.4285714279591837,0.4285714279591837,0.42857142295918377,0.42857142295918377,0.16666666138888903,0.42857142295918377,0,0,0.3846153846153846,0.2727272724793388
2676764246_c58205a365.jpg,কুকুরের দৌড় প্রতিযোগিতা অনুষ্ঠিত হচ্ছে,0.0,0.0,0.0,0.0,0.0,0.0,0,0,0.3125,0.0
4056.png,একজন লোক মোটরসাইকেলে চড়ছে,0.249999999375,0.249999999375,0.2499999943750001,0.2499999943750001,0.0,0.2499999943750001,0,0,0.7619047619047619,0.14285714265306124
2579899436_5086a33c7a.jpg,একটি ছেলে পানি ছিটাচ্ছে,0.49999999875,0.3999999992,0.4444444385185186,0.4444444385185186,0.18181817752066123,0.4444444385185186,0,0,0.5555555555555556,0.2857142853061225
8487.png,একজন পুরুষ ও একজন পুরুষ ও একজন পুরুষ ও একজন পুরুষ ও একজন পুরুষ ও একজন পুরুষ ও একজন পুরুষ ও একজন পুরুষ ও একজন পুরুষ ও একজন পুরুষ ও একজন পুরুষ ও একজন পুরুষ ও একজন পুরুষ ও একজন,0.0,0.0,0.0,0.0,0.0,0.0,0,0,0.12925170068027214,0.0
2339573065_91f1e3be60.jpg,একটি মেয়ে ধূমপান করছে,0.249999999375,0.14285714265306124,0.1818181768595043,0.1818181768595043,0.0,0.1818181768595043,0,0,0.25,0.0999999999
2975253472_0f0c2dea70.jpg,একজন লোক একটি বলের জন্য লাফ দিচ্ছে,0.2857142853061225,0.33333333277777777,0.3076923022485208,0.3076923022485208,0.1818181765289258,0.3076923022485208,0,0,0.3793103448275862,0.18181818165289254
3207343907_995f7ac1d2.jpg,একদল লোক একটি বরফের পাহাড় বেয়ে নিচে নামছে,0.37499999953124996,0.37499999953124996,0.37499999453125,0.37499999453125,0.14285713765306143,0.24999999468750006,0,0,0.33333333333333337,0.23076923059171597
2482.png,একটি ঘর আছে।,0.3333333322222222,0.16666666638888888,0.2222222172839507,0.2222222172839507,0.0,0.2222222172839507,0,0,0.24,0.14285714265306124
2451285022_59255e7fd9.jpg,একজন পুরুষ একটি গাড়ির কাছে একটি <unk>,0.2857142853061225,0.18181818165289254,0.22222221722222232,0.22222221722222232,0.0,0.22222221722222232,0,0,0.3589743589743589,0.13333333324444444
7266.png,একটি রাস্তা দিয়ে একজন মানুষ আছে।,0.33333333277777777,0.24999999968749997,0.2857142804081633,0.2857142804081633,0.0,0.2857142804081633,0,0,0.3571428571428571,0.18181818165289254
2562463210_d0dfd545ca.jpg,একটি শিশু একটি পুকুরে সাঁতার কাটছে,0.33333333277777777,0.1999999998,0.24999999500000003,0.24999999500000003,0.0,0.24999999500000003,0,0,0.3414634146341463,0.15384615372781063
2456030728_d3d147e774.jpg,একটি শিশু আছে।,0.3333333322222222,0.1999999996,0.24999999468750006,0.24999999468750006,0.0,0.24999999468750006,0,0,0.33333333333333337,0.14285714265306124
2321865325_79b0954a5d.jpg,একটি কুকুর একটি <unk>,0.7499999981250001,0.2727272724793388,0.3999999955555556,0.3999999955555556,0.0,0.36363635834710756,0,0,0.3913043478260869,0.2857142853061225
6433.png,১ জন ছেলে দাড়িয়ে আছে।,0.1999999996,0.3333333322222222,0.24999999468750006,0.24999999468750006,0.0,0.24999999468750006,0,0,0.4285714285714286,0.14285714265306124
2905942129_2b4bf59bc0.jpg,একটি বাচ্চা একটি লাল রঙের একটি লাল রঙের একটি লাল রঙের একটি লাল রঙের একটি লাল রঙের একটি লাল রঙের একটি লাল রঙের একটি লাল রঙের একটি লাল রঙের একটি লাল রঙের একটি লাল রঙের একটি লাল রঙের একটি লাল,0.0499999999875,0.2857142853061225,0.08510638040742426,0.08510638040742426,0.04444444211358036,0.08510638040742426,0,0,0.226027397260274,0.2222222219753086
412101267_7257e6d8c0.jpg,একটি কালো কুকুর একটি কালো কুকুর,0.33333333277777777,0.24999999968749997,0.2857142804081633,0.2857142804081633,0.09999999615000013,0.2857142804081633,0,0,0.41666666666666663,0.2222222219753086
6697.png,একজন মানুষ আছে।,0.9999999966666667,0.7499999981250001,0.8571428497959185,0.8571428497959185,0.39999999360000005,0.8571428497959185,0,0,0.7333333333333334,0.7499999981250001
8374.png,একটি নৌকায় দুইজন মানুষ আছে।,0.7999999984,0.3333333330555555,0.47058823058823535,0.47058823058823535,0.13333332924444455,0.47058823058823535,0,0,0.375,0.3636363633057851
524282699_71e678a6bd.jpg,দুটি কুকুর খেলছে,0.6666666644444444,0.3999999992,0.49999999406250006,0.49999999406250006,0.33333332777777785,0.49999999406250006,0,0,0.6428571428571428,0.33333333277777777
2857609295_16aaa85293.jpg,একটি সাদা কুকুর একটি ফ্রিসবি ধরার চেষ্টা করছে,0.49999999937499995,0.4444444439506172,0.4705882297577854,0.4705882297577854,0.16666666152777793,0.4705882297577854,0,0,0.5483870967741935,0.29999999969999996
1670592963_39731a3dac.jpg,একটি কুকুর একটি ফ্রিসবি ধরার চেষ্টা করছে।,0.4285714279591837,0.49999999916666665,0.4615384558579882,0.4615384558579882,0.36363635801652905,0.4615384558579882,0,0,0.5714285714285714,0.2222222219753086
200708306.jpg.webp,একটি শিশু আছে।,0.0,0.0,0.0,0.0,0.0,0.0,0,0,0.1785714285714286,0.0
3554210976_fbd0ef33a3.jpg,এক মহিলা একটি খাড়া খাড়া খাড়া পাহাড় বেয়ে নিচে নামছে,0.0999999999,0.1999999996,0.13333332871111125,0.13333332871111125,0.0,0.13333332871111125,0,0,0.3157894736842105,0.08333333326388888
7350.png,একজন নারী আছে।,0.9999999966666667,0.3333333329629629,0.4999999954166666,0.4999999954166666,0.19999999640000002,0.4999999954166666,0,0,0.303030303030303,0.3333333329629629
2741380826_cfe0ddf0a9.jpg,একটি কুকুর একটি ফ্রিসবি ধরার চেষ্টা করছে,0.2857142853061225,0.6666666644444444,0.39999999500000005,0.39999999500000005,0.2857142804081633,0.39999999500000005,0,0,0.5,0.2857142853061225
241347356_8a515555fd.jpg,একজন ফুটবল খেলোয়াড় বল নিয়ে দৌড়াচ্ছে,0.33333333277777777,0.24999999968749997,0.2857142804081633,0.2857142804081633,0.15384614887573977,0.2857142804081633,0,0,0.47058823529411764,0.16666666652777776
134206.jpg,একটি সাদা রঙের একজন খেলোয়াড় বলে লাথি দিচ্ছে,0.12499999984374999,0.14285714265306124,0.13333332817777796,0.13333332817777796,0.0,0.13333332817777796,0,0,0.43333333333333335,0.07692307686390532
3402081035_a54cfab1d9.jpg,সন্ধ্যাবেলা সাথে আকাশে অবতরণ করছে,0.1999999996,0.16666666638888888,0.1818181765289258,0.1818181765289258,0.0,0.1818181765289258,0,0,0.3125,0.0999999999
313.png,একটি শিশু আছে।,0.3333333322222222,0.06666666662222222,0.1111111082098766,0.1111111082098766,0.0,0.1111111082098766,0,0,0.1428571428571429,0.0624999999609375
1193.png,একটি ছেলে কালো ছোট।,0.249999999375,0.0999999999,0.14285713857142868,0.14285713857142868,0.0,0.14285713857142868,0,0,0.4666666666666667,0.07692307686390532
2894850774_2d530040a1.jpg,একটি লোক একটি <unk> একটি <unk>,0.16666666638888888,0.0999999999,0.12499999515625017,0.12499999515625017,0.0,0.12499999515625017,0,0,0.30000000000000004,0.08333333326388888
2766854400_640e2abe08.jpg,একটি মেয়ে একটি নীল চেয়ারে বসে একটি নীল চেয়ারে বসে একটি নীল চেয়ারে বসে একটি নীল চেয়ারে বসে একটি নীল চেয়ারে বসে একটি নীল চেয়ারে বসে একটি নীল চেয়ারে বসে একটি নীল চেয়ারে বসে একটি নীল চেয়ারে বসে একটি নীল,0.02499999999375,0.14285714265306124,0.04255318893617037,0.04255318893617037,0.0,0.04255318893617037,0,0,0.2158273381294964,0.09090909082644627
2084157130_f288e492e4.jpg,একটি কুকুর ঘাসে খেলছে,0.49999999875,0.33333333277777777,0.3999999944,0.3999999944,0.0,0.2499999943750001,0,0,0.5,0.24999999968749997
1000366164.jpg,একজন লোক,0.4999999975,0.1999999996,0.28571428081632655,0.28571428081632655,0.0,0.28571428081632655,0,0,0.2272727272727273,0.16666666638888888
5957.png,একজন পুরুষ ধূমপান করছে আর একজন নারী হেঁটে আসছে।,0.2222222219753086,0.49999999875,0.3076923029585799,0.3076923029585799,0.18181817752066123,0.3076923029585799,0,0,0.34285714285714286,0.1999999998
771366843_a66304161b.jpg,একজন লোক পাহাড়ের চূড়ায় দাঁড়িয়ে আছে।,0.49999999916666665,0.3333333329629629,0.3999999946666667,0.3999999946666667,0.12499999554687513,0.3999999946666667,0,0,0.4473684210526315,0.24999999979166665
2679851489_a58780291e.jpg,একটি কালো কুকুর একটি কালো কুকুর খেলছে,0.4285714279591837,0.49999999916666665,0.4615384558579882,0.4615384558579882,0.36363635801652905,0.4615384558579882,0,0,0.6,0.4285714279591837
109380144.jpg,একটি ছেলে একটি পালঙ্কে হাসছে,0.3999999992,0.16666666652777776,0.23529411321799312,0.23529411321799312,0.0,0.23529411321799312,0,0,0.28205128205128205,0.07142857137755101
8116.png,একজন ছোট ছেলে জানালার পাশে দাড়িয়ে আছে।,0.4285714279591837,0.3333333329629629,0.374999994609375,0.374999994609375,0.0,0.374999994609375,0,0,0.5517241379310345,0.23076923059171597
197504190_fd1fc3d4b7.jpg,একটি সাদা জামা পরে একটি ছোট মেয়ে,0.14285714265306124,0.14285714265306124,0.14285713765306143,0.14285713765306143,0.0,0.14285713765306143,0,0,0.29166666666666663,0.08333333326388888
3211577298_14296db6fd.jpg,একজন লোক তার বুগি বোর্ড এর উপর লাফ দিলো,0.3333333329629629,0.21428571413265304,0.26086956022684316,0.26086956022684316,0.0,0.26086956022684316,0,0,0.41666666666666663,0.149999999925
6741.png,একজন পুরুষ আছে।,0.3333333322222222,0.1999999996,0.24999999468750006,0.24999999468750006,0.0,0.24999999468750006,0,0,0.25,0.14285714265306124
3436063693_15c8d377a2.jpg,একটি ধূসর কুকুর একটি লাল <unk>,0.8333333319444445,0.3846153843195266,0.5263157845983379,0.5263157845983379,0.3529411719031142,0.5263157845983379,0,0,0.45833333333333337,0.3333333330555555
1764955991_5e53a28c87.jpg,একটি কুকুর একটি কুকুর দৌড়াচ্ছে,0.5999999988,0.49999999916666665,0.5454545395041324,0.5454545395041324,0.2352941137716263,0.5454545395041324,0,0,0.6190476190476191,0.49999999916666665
1223.png,একজন নারী বসে আছে।,0.7499999981250001,0.5999999988,0.6666666602469137,0.6666666602469137,0.28571428000000004,0.6666666602469137,0,0,0.6666666666666667,0.49999999916666665
2274.png,একজন পুরুষ রাস্তা দিয়ে একটি বাঘ নিয়ে যাচ্ছে,0.12499999984374999,0.07692307686390532,0.09523809043083924,0.09523809043083924,0.0,0.09523809043083924,0,0,0.27586206896551724,0.049999999975
3322443827_a04a94bb91.jpg,একজন লোক একটি <unk>,0.49999999875,0.3999999992,0.4444444385185186,0.4444444385185186,0.28571428000000004,0.4444444385185186,0,0,0.4285714285714286,0.2857142853061225
2277299634_e14bdb7ff7.jpg,একজন লোক শহরের রাস্তাগুলি দিয়ে দৌড়ে যাচ্ছে,0.2857142853061225,0.3999999992,0.33333332791666676,0.33333332791666676,0.1999999948000001,0.33333332791666676,0,0,0.6785714285714286,0.1999999998
307301755_48919ef1b2.jpg,একটি ছোট ছেলে একটি <unk>,0.5999999988,0.19999999986666667,0.29999999595000004,0.29999999595000004,0.1111111075308643,0.19999999605000005,0,0,0.2692307692307693,0.13333333324444444
8653.png,একটি নৌকায় কয়েকজন মানুষ আছে।,0.5999999988,0.4285714279591837,0.4999999943055557,0.4999999943055557,0.0,0.4999999943055557,0,0,0.5925925925925926,0.3333333329629629
559102835_472ff702b5.jpg,একটি ছেলে একটি ফুটবলে লাথি মারার জন্য,0.4285714279591837,0.29999999969999996,0.35294117121107266,0.35294117121107266,0.13333332835555572,0.23529411252595167,0,0,0.4285714285714286,0.15384615372781063
6640.png,সমুদ্রের পারে কয়েকটি ডাব গাছ এবং উপরে সূর্য দেখা যাচ্ছে এবং উপরে সূর্য দেখা যাচ্ছে এবং উপরে সূর্য দেখা যাচ্ছে এবং উপরে সূর্য দেখা যাচ্ছে এবং উপরে সূর্য দেখা যাচ্ছে এবং উপরে সূর্য দেখা যাচ্ছে এবং উপরে সূর্য দেখা যাচ্ছে,0.0499999999875,0.18181818165289254,0.07843136913494825,0.07843136913494825,0.0,0.07843136913494825,0,0,0.1448275862068965,0.10526315783933518
3351360323_91bb341350.jpg,সাদা রঙের পোশাক পরিহিত একজন লোক একটি <unk> <unk> <unk>,0.49999999949999996,0.6249999992187499,0.5555555500000001,0.5555555500000001,0.374999994609375,0.5555555500000001,0,0,0.6153846153846154,0.45454545413223135
346836948_179314678057526_1401882884773561562_n.jpg,একজন মানুষ ও কয়েকটি গরু আছে।,0.16666666638888888,0.14285714265306124,0.15384614863905344,0.15384614863905344,0.0,0.15384614863905344,0,0,0.2962962962962963,0.08333333326388888
3694064560_467683205b.jpg,কালো রঙের শার্ট পরা একজন লোক একটি কাঠের কাঠামোর উপর দাঁড়িয়ে আছে,0.24999999979166665,0.4285714279591837,0.31578946869806096,0.31578946869806096,0.2352941128027682,0.31578946869806096,0,0,0.37777777777777777,0.1874999998828125
3215847501_c723905ba4.jpg,সন্ধ্যাবেলা মাঠে একজন লোক দাঁড়িয়ে আছে,0.33333333277777777,0.24999999968749997,0.2857142804081633,0.2857142804081633,0.0,0.2857142804081633,0,0,0.3666666666666667,0.16666666652777776
IMG_20220915_163027.jpg,একটি লোক একটি সাইকেল চালাচ্ছে,0.1999999996,0.14285714265306124,0.16666666152777793,0.16666666152777793,0.0,0.16666666152777793,0,0,0.43999999999999995,0.0999999999
3229.png,একজন পুরুষ আছে।,0.6666666644444444,0.49999999875,0.5714285648979592,0.5714285648979592,0.0,0.5714285648979592,0,0,0.6,0.3999999992
69189650_6687da7280.jpg,একটি কুকুর একটি ফ্রিসবি ধরার চেষ্টা করছে,0.2857142853061225,0.33333333277777777,0.3076923022485208,0.3076923022485208,0.0,0.3076923022485208,0,0,0.4,0.2222222219753086
2955673642_4279b32097.jpg,একটি জ্যাক <unk> গাড়ি রাখার চেষ্টা করছে,0.2857142853061225,0.2857142853061225,0.28571428030612256,0.28571428030612256,0.0,0.28571428030612256,0,0,0.4242424242424242,0.16666666652777776
1417031097_ab656bc4bd.jpg,একটি কালো এবং কালো রঙের একটি কালো এবং কালো এবং কালো এবং কালো এবং কালো এবং কালো এবং কালো এবং কালো এবং কালো এবং কালো এবং কালো এবং কালো এবং কালো এবং কালো এবং কালো এবং কালো এবং কালো এবং,0.02499999999375,0.16666666638888888,0.04347825858223074,0.04347825858223074,0.0,0.04347825858223074,0,0,0.19672131147540983,0.1111111109876543
2520909293_9bb7f7364e.jpg,এক লোক তার সাইকেল নিয়ে একটি উচ্চ লাফ দিচ্ছে,0.3333333329629629,0.37499999953124996,0.3529411710726644,0.3529411710726644,0.13333332817777796,0.3529411710726644,0,0,0.5897435897435898,0.21428571413265304
1012212859_01547e3f17.jpg,একটি কুকুর একটি বল নিয়ে হাঁটছে,0.8333333319444445,0.45454545413223135,0.5882352888581315,0.5882352888581315,0.2666666618666667,0.5882352888581315,0,0,0.46341463414634143,0.3636363633057851
8535.png,সমুদ্রের পারে একজন মানুষ সমুদ্রের ধারে সৈকতে খেলছে,0.37499999953124996,0.5999999988,0.46153845609467453,0.46153845609467453,0.1818181768595043,0.46153845609467453,0,0,0.5,0.3333333329629629
IMG_9568.JPG,একজন নারী একটি গোলাপের বাগানে দাড়িয়ে আছে,0.2857142853061225,0.33333333277777777,0.3076923022485208,0.3076923022485208,0.0,0.3076923022485208,0,0,0.4814814814814815,0.18181818165289254
8130.png,একজন বাচ্চা মেয়ে হাঁসি মুখে দাঁড়িয়ে আছে।,0.571428570612245,0.24999999984375,0.3478260824196598,0.3478260824196598,0.19047618621315202,0.3478260824196598,0,0,0.2909090909090909,0.2222222220987654
1192.png,একজন নারী আছে।,0.9999999966666667,0.21428571413265304,0.3529411731487889,0.3529411731487889,0.266666664,0.3529411731487889,0,0,0.196078431372549,0.3333333329629629
3638.png,একজন পুরুষ আছে।,0.6666666644444444,0.24999999968749997,0.36363635900826446,0.36363635900826446,0.0,0.36363635900826446,0,0,0.368421052631579,0.2222222219753086
6735.png,একটি ব্রীজ দেখা যাচ্ছে ও মানুষ দেখা যাচ্ছে।,0.12499999984374999,0.0624999999609375,0.08333332881944468,0.08333332881944468,0.0,0.08333332881944468,0,0,0.29166666666666663,0.04761904759637188
300577375_26cc2773a1.jpg,একটি <unk> একটি কাচের <unk>,0.1999999996,0.16666666638888888,0.1818181765289258,0.1818181765289258,0.0,0.1818181765289258,0,0,0.34782608695652173,0.12499999984374999
IMG_0022.JPG,তিনজন নারী ও একজন নারী ও একজন নারী ও একজন নারী ও একজন নারী ও একজন নারী ও একজন নারী ও একজন নারী ও একজন নারী ও একজন নারী ও একজন নারী ও একজন নারী ও একজন নারী ও একজন,0.02499999999375,0.3333333322222222,0.04651162658734455,0.04651162658734455,0.0,0.04651162658734455,0,0,0.09701492537313428,0.16666666638888888
inbound4127243904367353328.jpg,কিছু ছোট বাচ্চারা স্কুলের <unk>,0.0,0.0,0.0,0.0,0.0,0.0,0,0,0.25,0.0
1071201387.jpg,একজন মহিলা একটি মহিলা একটি আসনে বসে আছেন,0.49999999937499995,0.30769230745562126,0.3809523758730159,0.3809523758730159,0.0,0.2857142807256236,0,0,0.4444444444444444,0.26666666648888887
7777.png,বনের পাশ দিয়ে একটি নৌকায় ৩ টি নৌকা নিয়ে আছে।,0.29999999969999996,0.29999999969999996,0.29999999470000005,0.29999999470000005,0.11111110598765454,0.19999999480000014,0,0,0.33333333333333337,0.1874999998828125
3176131893_7181c733aa.jpg,চারজন পুরুষ ও একজন পুরুষ বসে আছে।,0.2857142853061225,0.3999999992,0.33333332791666676,0.33333332791666676,0.0,0.33333332791666676,0,0,0.52,0.2222222219753086
4239.png,একজন মানুষ আছে।,0.6666666644444444,0.2857142853061225,0.39999999500000005,0.39999999500000005,0.24999999562500003,0.39999999500000005,0,0,0.32258064516129037,0.2857142853061225
465.png,একটি বানর,0.999999995,0.18181818165289254,0.3076923046153846,0.3076923046153846,0.18181817983471074,0.3076923046153846,0,0,0.2941176470588235,0.1999999998
3046949818_245b05f507.jpg,ছেলেরা ফুটবল খেলছে,0.3333333322222222,0.0999999999,0.15384615005917168,0.15384615005917168,0.0,0.15384615005917168,0,0,0.25806451612903225,0.08333333326388888
7938.png,একজন নারী ও কয়েকটি হাত দিয়ে আগুন জ্বেলে ফুল আছে।,0.0999999999,0.16666666638888888,0.12499999515625017,0.12499999515625017,0.0,0.12499999515625017,0,0,0.2647058823529411,0.06666666662222222
3506869953_802f463178.jpg,একজন লোক একটি <unk>,0.9999999975,0.3333333330555555,0.49999999562499997,0.49999999562499997,0.16666666263888896,0.31578947002770086,0,0,0.26315789473684215,0.3333333330555555
8755.png,একটি কালো চোখ দেখা যাচ্ছে,0.1999999996,0.3333333322222222,0.24999999468750006,0.24999999468750006,0.0,0.24999999468750006,0,0,0.4375,0.14285714265306124
3662963630_8f097e38d4.jpg,একজন স্কেটবোর্ডার একটি স্কেটবোর্ড দিয়ে বাতাসে লাফিয়ে কসরত দেখাচ্ছেন,0.4444444439506172,0.26666666648888887,0.33333332836805557,0.33333332836805557,0.0,0.28571428054421777,0,0,0.4222222222222223,0.1999999999
3343311201_eeb1a39def.jpg,একজন মহিলা একটি সুইং সেট সহ একটি সাদা কালো বার এর পাশে দাঁড়িয়ে আছে।,0.21428571413265304,0.49999999916666665,0.2999999955,0.2999999955,0.0,0.19999999560000006,0,0,0.34042553191489366,0.1874999998828125
5611.png,একজন নারী বসে আছে।,0.49999999875,0.3999999992,0.4444444385185186,0.4444444385185186,0.0,0.4444444385185186,0,0,0.6666666666666667,0.2857142853061225
2604.png,একজন পুরুষ একটি নৌকা চালিয়ে যাচ্ছে।,0.33333333277777777,0.2857142853061225,0.3076923022485208,0.3076923022485208,0.1818181765289258,0.3076923022485208,0,0,0.31999999999999995,0.18181818165289254
3335097235_538f4777c3.jpg,একটি সাদা কুকুর মুখের মধ্যে একটি লাঠি নিয়ে একটি লাঠি নিয়ে একটি লাঠি নিয়ে একটি লাঠি নিয়ে একটি লাঠি নিয়ে একটি লাঠি নিয়ে একটি লাঠি নিয়ে একটি লাঠি নিয়ে একটি লাঠি নিয়ে একটি লাঠি নিয়ে একটি লাঠি নিয়ে একটি লাঠি,0.099999999975,0.571428570612245,0.17021276334993213,0.17021276334993213,0.04651162619794489,0.17021276334993213,0,0,0.12592592592592589,0.3999999996
4501.png,একটি শিশু আছে।,0.3333333322222222,0.16666666638888888,0.2222222172839507,0.2222222172839507,0.0,0.2222222172839507,0,0,0.30000000000000004,0.12499999984374999
1473250020_dc829a090f.jpg,একজন লোক একটি পাথরের উপর দিয়ে একটি পাথরের উপর দিয়ে একটি পাথরের উপর দিয়ে একটি পাথরের উপর দিয়ে একটি পাথরের উপর দিয়ে একটি পাথরের উপর দিয়ে একটি পাথরের উপর দিয়ে একটি পাথরের উপর দিয়ে একটি পাথরের উপর দিয়ে একটি পাথরের,0.099999999975,0.3636363633057851,0.15686274165321037,0.15686274165321037,0.04166666360243077,0.15686274165321037,0,0,0.17500000000000004,0.23076923059171597
2516.png,একজন নারী আছে।,0.3333333322222222,0.14285714265306124,0.1999999954000001,0.1999999954000001,0.0,0.1999999954000001,0,0,0.34615384615384615,0.1111111109876543
1191423753.jpg,একটি ছেলে একটি দালানের সামনে দাঁড়িয়ে আছে,0.4285714279591837,0.23076923059171597,0.2999999951500001,0.2999999951500001,0.0,0.2999999951500001,0,0,0.42307692307692313,0.13333333324444444
3668.png,একজন পুরুষ বসে আছে।,0.249999999375,0.05263157891966759,0.08695651879017023,0.08695651879017023,0.0,0.08695651879017023,0,0,0.5,0.0624999999609375
1956678973_223cb1b847.jpg,একটি ছোট ছেলে একটি মাঠে খেলছে,0.16666666638888888,0.14285714265306124,0.15384614863905344,0.15384614863905344,0.0,0.15384614863905344,0,0,0.36,0.09090909082644627
43.JPG,নদীতে নৌকা ও কয়েকজন মানুষ আছে।,0.33333333277777777,0.3999999992,0.36363635801652905,0.36363635801652905,0.0,0.36363635801652905,0,0,0.4285714285714286,0.2222222219753086
2752331711_cb18abba5a.jpg,একজন লোক একটি খাড়া পাহাড় বেয়ে উঠছে,0.4285714279591837,0.3333333329629629,0.374999994609375,0.374999994609375,0.2857142804081633,0.374999994609375,0,0,0.48571428571428577,0.23076923059171597
5557.png,৩ জন ছেলে তাকিয়ে আছে যার চুল কালো রঙ দিয়ে তাকিয়ে আছে যার চুল কালো রঙ দিয়ে তাকিয়ে আছে যার চুল কালো রঙ দিয়ে তাকিয়ে আছে যার চুল কালো রঙ দিয়ে তাকিয়ে আছে যার চুল কালো রঙ দিয়ে তাকিয়ে আছে,0.02499999999375,0.249999999375,0.04545454378099179,0.04545454378099179,0.0,0.04545454378099179,0,0,0.13709677419354838,0.07692307686390532
3001612175_53567ffb58.jpg,একজন লোক একটি <unk> বসে আছে,0.49999999916666665,0.4285714279591837,0.4615384558579882,0.4615384558579882,0.1818181765289258,0.4615384558579882,0,0,0.43333333333333335,0.3333333329629629
725.png,একজন পুরুষ হেঁটে যাচ্ছে।,0.49999999875,0.24999999968749997,0.33333332833333335,0.33333332833333335,0.1999999954000001,0.33333332833333335,0,0,0.38095238095238093,0.1999999998
733964952_69f011a6c4.jpg,একটি লোক একটি <unk>,0.9999999975,0.28571428551020406,0.4444444404938272,0.4444444404938272,0.24999999664062497,0.4444444404938272,0,0,0.27450980392156865,0.24999999979166665
3708266246_97a033fcc7.jpg,একটি কুকুর একটি বাধার উপর দিয়ে লাফ দিচ্ছে,0.6249999992187499,0.6249999992187499,0.6249999942187501,0.6249999942187501,0.42857142295918377,0.6249999942187501,0,0,0.7586206896551724,0.3999999996
2737729252_b3fd9c05b1.jpg,একটি মেয়ে দাঁড়িয়ে আছে,0.49999999875,0.33333333277777777,0.3999999944,0.3999999944,0.24999999468750006,0.3999999944,0,0,0.3913043478260869,0.24999999968749997
78984436_ad96eaa802.jpg,একটি কুকুর গাছপালা দেখা যাচ্ছে,0.3999999992,0.18181818165289254,0.249999995390625,0.249999995390625,0.0,0.21052631168975072,0,0,0.2727272727272727,0.14285714275510203
8933.png,কয়েকজন মানুষ আছে।,0.6666666644444444,0.49999999875,0.5714285648979592,0.5714285648979592,0.39999999360000005,0.5714285648979592,0,0,0.6875,0.3999999992
1741.png,একদল লোক একটি টেবিল এ বসে আছে,0.571428570612245,0.3333333330555555,0.42105262648199443,0.42105262648199443,0.2352941128027682,0.42105262648199443,0,0,0.3913043478260869,0.26666666648888887
3387630781_f421a94d9d.jpg,একটি শিশু আছে।,0.6666666644444444,0.2222222219753086,0.3333333290277778,0.3333333290277778,0.19999999640000002,0.3333333290277778,0,0,0.2941176470588235,0.2222222219753086
3167.png,একজন মানুষ আছে।,0.6666666644444444,0.6666666644444444,0.6666666594444445,0.6666666594444445,0.4999999925000001,0.6666666594444445,0,0,0.8181818181818181,0.49999999875
5097.png,কয়েকজন মানুষ আছে।,0.3333333322222222,0.249999999375,0.28571428000000004,0.28571428000000004,0.0,0.28571428000000004,0,0,0.5,0.16666666638888888
465859490_b077219424.jpg,একটি দম্পতি একটি শান্তির চিহ্ন সহ একটি মেয়ে একটি মেয়ে একটি মেয়ে একটি মেয়ে একটি মেয়ে একটি মেয়ে একটি মেয়ে একটি মেয়ে একটি মেয়ে একটি মেয়ে একটি মেয়ে একটি মেয়ে একটি মেয়ে একটি মেয়ে একটি মেয়ে একটি মেয়ে একটি মেয়ে,0.0499999999875,0.09999999995,0.0666666622000003,0.0666666622000003,0.0,0.0666666622000003,0,0,0.2797202797202797,0.09090909082644627
3399284917_721aefe2a7.jpg,একটি শিশু একটি <unk>,0.49999999875,0.24999999968749997,0.33333332833333335,0.33333332833333335,0.0,0.33333332833333335,0,0,0.2727272727272727,0.1111111109876543
3619.png,একটি সেতু আছে।,0.0,0.0,0.0,0.0,0.0,0.0,0,0,0.1724137931034483,0.0
2660008870_b672a4c76a.jpg,একটি ছেলে সুইমিংপুলে পানি ছিটাচ্ছে,0.3999999992,0.3999999992,0.39999999420000004,0.39999999420000004,0.0,0.39999999420000004,0,0,0.3448275862068966,0.24999999968749997
5888.png,কয়েকজন মানুষ আছে।,0.9999999966666667,0.5999999988,0.7499999934375,0.7499999934375,0.33333332777777785,0.7499999934375,0,0,0.6666666666666667,0.5999999988
5436.png,সমুদ্রের পারে কয়েকজন মানুষ আছে।,0.5999999988,0.23076923059171597,0.33333332895061735,0.33333332895061735,0.2499999959375,0.33333332895061735,0,0,0.3137254901960784,0.21428571413265304
9145.png,একটি নৌকায় একজন মানুষ আছে।,0.9999999980000001,0.8333333319444445,0.909090902479339,0.909090902479339,0.6666666602469137,0.909090902479339,0,0,0.8636363636363636,0.8333333319444445
5272.png,একটি <unk> <unk> <unk>,0.249999999375,0.3333333322222222,0.28571428000000004,0.28571428000000004,0.0,0.28571428000000004,0,0,0.33333333333333337,0.249999999375
7620.png,একজন ছোট ছেলে হাঁসি মুখে তাকিয়ে আছে।,0.4285714279591837,0.5999999988,0.4999999943055557,0.4999999943055557,0.1999999948000001,0.4999999943055557,0,0,0.5652173913043479,0.3333333329629629
5571.png,একটি শিশু পতাকা নিয়ে আছে।,0.3999999992,0.33333333277777777,0.36363635801652905,0.36363635801652905,0.0,0.36363635801652905,0,0,0.375,0.2222222219753086
6913.png,একটি পাখি আছে।,0.6666666644444444,0.6666666644444444,0.6666666594444445,0.6666666594444445,0.4999999925000001,0.6666666594444445,0,0,0.7777777777777778,0.49999999875
1396703063_e8c3687afe.jpg,লাল টুপি পরা একজন লোক একটি লাল টুপি পরে আছে,0.5999999993999999,0.39999999973333333,0.47999999481600003,0.47999999481600003,0.26086956022684316,0.47999999481600003,0,0,0.40625,0.3529411762629758
2899374885_f3b2b1a290.jpg,একটি ছোট্ট মেয়ে সাবানের বেলুন ফুলাচ্ছে।,0.16666666638888888,0.14285714265306124,0.15384614863905344,0.15384614863905344,0.0,0.15384614863905344,0,0,0.42307692307692313,0.09090909082644627
2866.png,একজন পুরুষ বসে আছে।,0.49999999875,0.24999999968749997,0.33333332833333335,0.33333332833333335,0.1999999954000001,0.33333332833333335,0,0,0.1923076923076923,0.24999999968749997
_MG_1341.JPG,একজন পুরুষ ও চারজন পুরুষ আছে।,0.16666666638888888,0.14285714265306124,0.15384614863905344,0.15384614863905344,0.0,0.15384614863905344,0,0,0.42307692307692313,0.09090909082644627
3597715122_45878432ec.jpg,একটি এশিয়ান মানুষ একটি মঞ্চের সামনে দাঁড়িয়ে আছেন।,0.37499999953124996,0.2727272724793388,0.31578946847645434,0.31578946847645434,0.11764705384083066,0.31578946847645434,0,0,0.3846153846153846,0.13333333324444444
1227655020_b11a1bb112.jpg,একটি কালো কুকুর ঘাসে লড়াই করছে,0.6666666655555555,0.4444444439506172,0.5333333278222222,0.5333333278222222,0.21052631168975072,0.4285714230612245,0,0,0.5384615384615384,0.3999999996
2260560631_09093be4c6.jpg,একটি শিশু আছে।,0.3333333322222222,0.12499999984374999,0.18181817752066123,0.18181817752066123,0.0,0.18181817752066123,0,0,0.2142857142857143,0.1111111109876543
3155501473_510f9c9f6b.jpg,একজন মহিলা ফোনে একজন মহিলার সাথে ছবি,0.2857142853061225,0.33333333277777777,0.3076923022485208,0.3076923022485208,0.0,0.3076923022485208,0,0,0.3829787234042553,0.1999999998
2516317118_10ae66b87a.jpg,একটি শিশু একটি <unk>,0.49999999875,0.18181818165289254,0.26666666240000003,0.26666666240000003,0.0,0.26666666240000003,0,0,0.275,0.18181818165289254
3666537170_c4ecda4be8.jpg,একটি ছেলে এবং একটি ছেলে একটি <unk>,0.571428570612245,0.28571428551020406,0.3809523761451248,0.3809523761451248,0.21052631124653745,0.3809523761451248,0,0,0.4117647058823529,0.29999999969999996
2560.png,একজন পুরুষ দাড়িয়ে আছে।,0.249999999375,0.1111111109876543,0.15384614934911253,0.15384614934911253,0.0,0.15384614934911253,0,0,0.38888888888888884,0.08333333326388888
502884177_25939ac000.jpg,একটি মহিলা একটি <unk> তার <unk> তার <unk> তার <unk> তার <unk> তার <unk> তার <unk> তার <unk> তার <unk> তার <unk> তার <unk> তার <unk> তার <unk> তার <unk> তার <unk> তার <unk> তার <unk> তার <unk> তার <unk>,0.07499999998125,0.37499999953124996,0.12499999717013895,0.12499999717013895,0.0,0.1224489765431071,0,0,0.16312056737588654,0.29999999969999996
3631023049_8a85bab19f.jpg,একটি শিশু দোলনায় দোল খাওয়ার চেষ্টা করছে,0.2857142853061225,0.2222222219753086,0.24999999476562512,0.24999999476562512,0.0,0.1818181768595043,0,0,0.38888888888888884,0.14285714275510203
3044746136_8b89da5f40.jpg,একটি বিশাল দল।,0.3333333322222222,0.249999999375,0.28571428000000004,0.28571428000000004,0.0,0.28571428000000004,0,0,0.26086956521739135,0.16666666638888888
3563673070_71fa0903ed.jpg,একজন লোক সাদা রঙের পোশাক পরে আছে,0.4285714279591837,0.3333333329629629,0.374999994609375,0.374999994609375,0.1428571377551022,0.374999994609375,0,0,0.5483870967741935,0.23076923059171597
2521983429_33218366bd.jpg,সাগরের পাশে এক ব্যক্তি একটি পাথরের উপর দিয়ে হাঁটছে,0.4444444439506172,0.3636363633057851,0.39999999464999997,0.39999999464999997,0.11764705370242234,0.31578946836565097,0,0,0.6153846153846154,0.24999999984375
3518334317_bc40bae18d.jpg,একটি উচু জায়গা অনেক মানুষ একটি <unk>,0.2857142853061225,0.2222222219753086,0.24999999476562512,0.24999999476562512,0.11111110654321005,0.24999999476562512,0,0,0.25,0.11764705875432525
7354.png,একজন পুরুষ আছে।,0.3333333322222222,0.16666666638888888,0.2222222172839507,0.2222222172839507,0.0,0.2222222172839507,0,0,0.33333333333333337,0.12499999984374999
625.png,একটি শিশু দাড়িয়ে আছে।,0.0,0.0,0.0,0.0,0.0,0.0,0,0,0.23076923076923073,0.0
white-bovine-ox-grazing-agricultural-field-goa-india.jpg,সবুজ ঘাসের মাঝে একটি সুন্দর দৃশ্য।,0.49999999916666665,0.3333333329629629,0.3999999946666667,0.3999999946666667,0.3076923024852071,0.3999999946666667,0,0,0.59375,0.24999999979166665
5759.png,একজন পুরুষ ছাতা নিয়ে হেঁটে যাচ্ছে।,0.33333333277777777,0.49999999875,0.3999999944,0.3999999944,0.14285713806122466,0.3999999944,0,0,0.5238095238095238,0.24999999968749997
1401961581_76921a75c5.jpg,একজন লোক একটি <unk> <unk>,0.5999999988,0.21428571413265304,0.3157894694736842,0.3157894694736842,0.1818181768595043,0.3157894694736842,0,0,0.375,0.14285714275510203
293327462_20dee0de56.jpg,একটি বাদামী কুকুর খেলছে,0.7499999981250001,0.37499999953124996,0.49999999472222234,0.49999999472222234,0.1333333299555556,0.4444444385185186,0,0,0.4444444444444444,0.3333333329629629
1998255400_0cd086908f.jpg,একটি কুকুর একটি কুকুর,0.7499999981250001,0.24999999979166665,0.37499999578125004,0.37499999578125004,0.1999999954000001,0.37499999578125004,0,0,0.44999999999999996,0.24999999968749997
3408.png,একজন পুরুষ দাড়িয়ে আছে।,0.49999999875,0.24999999968749997,0.33333332833333335,0.33333332833333335,0.0,0.33333332833333335,0,0,0.33333333333333337,0.2222222219753086
1876.png,একজন মহিলা মাথায় কাপড় দিয়ে মাথা বের করে আছে।,0.3333333329629629,0.1764705881314879,0.23076922606508882,0.23076922606508882,0.0,0.23076922606508882,0,0,0.3548387096774194,0.13636363630165288
4803.png,একটি ব্রীজ থেকে একজন পুরুষ দাড়িয়ে আছে।,0.14285714265306124,0.249999999375,0.1818181768595043,0.1818181768595043,0.0,0.1818181768595043,0,0,0.3076923076923077,0.0999999999
399679638_d3036da331.jpg,একটি কুকুর বরফে খেলছে,0.7499999981250001,0.5999999988,0.6666666602469137,0.6666666602469137,0.5714285648979592,0.6666666602469137,0,0,0.8666666666666667,0.49999999916666665
408627152_1feaa4b94e.jpg,একটি সাদা কুকুর একটি নৌকায় একটি নৌকায় একটি নৌকায় একটি নৌকায় একটি নৌকায় একটি নৌকায় একটি নৌকায় একটি নৌকায় একটি নৌকায় একটি নৌকায় একটি নৌকায় একটি নৌকায় একটি নৌকায় একটি নৌকায় একটি নৌকায় একটি নৌকায় একটি নৌকায় একটি নৌকায় একটি,0.07499999998125,0.2727272724793388,0.11764705539407928,0.11764705539407928,0.04081632326530638,0.11764705539407928,0,0,0.240506329113924,0.24999999979166665
5558.png,সমুদ্রের পারে একজন মানুষ আছে।,0.3999999992,0.49999999875,0.4444444385185186,0.4444444385185186,0.0,0.4444444385185186,0,0,0.41666666666666663,0.2857142853061225
2497608431_8dfefc7a1a.jpg,একটি কুকুর একটি কুকুর,0.249999999375,0.08333333326388888,0.1249999960937501,0.1249999960937501,0.0,0.1249999960937501,0,0,0.40909090909090906,0.07692307686390532
3277162496_dff7eeb59e.jpg,একটি কুকুর খেলছে,0.6666666644444444,0.49999999875,0.5714285648979592,0.5714285648979592,0.0,0.5714285648979592,0,0,0.6428571428571428,0.3999999992
1044.png,একটি লঞ্চ আছে।,0.0,0.0,0.0,0.0,0.0,0.0,0,0,0.25,0.0
7829.png,একটি নৌকায় একজন মানুষ আছে।,0.7999999984,0.7999999984,0.7999999934,0.7999999934,0.4999999937500001,0.7999999934,0,0,0.9,0.6666666655555555
5448.png,একটি ভবন আছে।,0.6666666644444444,0.24999999968749997,0.36363635900826446,0.36363635900826446,0.22222221827160496,0.36363635900826446,0,0,0.30000000000000004,0.24999999968749997
2823075967_be4c350e9e.jpg,তিনটি কুকুর একটি বাদামী কুকুর একটি বাদামী কুকুর একটি বাদামী কুকুর একটি বাদামী কুকুর একটি বাদামী কুকুর একটি বাদামী কুকুর একটি বাদামী কুকুর একটি বাদামী কুকুর একটি বাদামী কুকুর একটি বাদামী কুকুর একটি বাদামী কুকুর একটি বাদামী কুকুর একটি বাদামী,0.07499999998125,0.29999999969999996,0.11999999675200007,0.11999999675200007,0.04166666360243077,0.11999999675200007,0,0,0.16352201257861632,0.2857142853061225
3019986034_7453777274.jpg,লাল রঙের একটি লাল <unk> একটি লাল <unk> একটি <unk> <unk> <unk> <unk> <unk> <unk> <unk> <unk> <unk> <unk> <unk> <unk> <unk> <unk> <unk> <unk> <unk> <unk> <unk> <unk> <unk> <unk> <unk> <unk> <unk> <unk> <unk> <unk> <unk> <unk> <unk>,0.0499999999875,0.3999999992,0.08888888687407412,0.08888888687407412,0.0,0.08888888687407412,0,0,0.11538461538461542,0.2857142853061225
6799.png,একটি শিশু মুখে রঙ মেখে আছে।,0.16666666638888888,0.3333333322222222,0.2222222172839507,0.2222222172839507,0.0,0.2222222172839507,0,0,0.38888888888888884,0.12499999984374999
2924259848_effb4dcb82.jpg,একজন লোক একটি মোটরসাইকেল চালাচ্ছে,0.7999999984,0.7999999984,0.7999999934,0.7999999934,0.4999999937500001,0.7999999934,0,0,0.7916666666666666,0.6666666655555555
8915.png,একজন পুরুষ বসে আছে।,0.7499999981250001,0.7499999981250001,0.7499999931250001,0.7499999931250001,0.33333332722222225,0.7499999931250001,0,0,0.7857142857142857,0.5999999988
275516348_cbccebc125.jpg,একটি কুকুর পানির মধ্যে দিয়ে দৌড়াচ্ছে,0.33333333277777777,0.2857142853061225,0.3076923022485208,0.3076923022485208,0.1818181765289258,0.3076923022485208,0,0,0.5833333333333333,0.18181818165289254
9104.png,একটি মেয়ে একটি শিশুর সাথে খেলারত এক বাচ্চার সাথে খেলারত এক বাচ্চার সাথে খেলারত এক বাচ্চার সাথে খেলারত এক বাচ্চার সাথে খেলারত এক বাচ্চার সাথে খেলারত এক বাচ্চার সাথে খেলারত এক বাচ্চার সাথে খেলারত এক বাচ্চার সাথে খেলারত এক বাচ্চার,0.02499999999375,0.1111111109876543,0.04081632351520222,0.04081632351520222,0.0,0.04081632351520222,0,0,0.120253164556962,0.07142857137755101
3532205154_5674b628ea.jpg,একজন মহিলা এবং একজন মহিলার গালে চুমু খাচ্ছে,0.37499999953124996,0.37499999953124996,0.37499999453125,0.37499999453125,0.14285713765306143,0.37499999453125,0,0,0.6176470588235294,0.16666666652777776
3324.png,একজন পুরুষ ও একজন পুরুষ আছে।,0.49999999916666665,0.4285714279591837,0.4615384558579882,0.4615384558579882,0.1818181765289258,0.4615384558579882,0,0,0.48,0.37499999953124996
2706023395_ac9eba0e42.jpg,একটি কাচের <unk>,0.3333333322222222,0.14285714265306124,0.1999999954000001,0.1999999954000001,0.0,0.1999999954000001,0,0,0.25,0.1111111109876543
1373.png,একটা মহিলা বসে আছে,0.249999999375,0.14285714265306124,0.1818181768595043,0.1818181768595043,0.08333333107638895,0.1818181768595043,0,0,0.40909090909090906,0.09999999995
340.png,একটি <unk> <unk> <unk> <unk> <unk> <unk> <unk> <unk> <unk> <unk> <unk> <unk> <unk> <unk> <unk> <unk> <unk> <unk> <unk> <unk> <unk> <unk> <unk> <unk> <unk> <unk> <unk> <unk> <unk> <unk> <unk> <unk> <unk> <unk> <unk> <unk> <unk> <unk> <unk>,0.02499999999375,0.0624999999609375,0.03571428161989843,0.03571428161989843,0.0,0.03571428161989843,0,0,0.09433962264150941,0.07142857137755101
7526.png,একজন নারী ও একটি শিশু আছে।,0.49999999916666665,0.4285714279591837,0.4615384558579882,0.4615384558579882,0.1818181765289258,0.4615384558579882,0,0,0.52,0.29999999969999996
2706430695_3b5667741c.jpg,একটি ছোট মেয়ে একটি <unk>,0.9999999980000001,0.45454545413223135,0.6249999949218751,0.6249999949218751,0.28571428122448983,0.499999995078125,0,0,0.41666666666666663,0.4444444439506172
7020.png,একজন মানুষ আছে।,0.6666666644444444,0.2857142853061225,0.39999999500000005,0.39999999500000005,0.0,0.39999999500000005,0,0,0.3913043478260869,0.24999999968749997
344841963_8b0fa9784c.jpg,একটি ছাতার নিচে একটি <unk>,0.3999999992,0.2222222219753086,0.2857142807142858,0.2857142807142858,0.16666666194444454,0.2857142807142858,0,0,0.30000000000000004,0.18181818165289254
4220.png,একটি নৌকায় দুইজন মানুষ আছে।,0.3999999992,0.49999999875,0.4444444385185186,0.4444444385185186,0.0,0.4444444385185186,0,0,0.4,0.2857142853061225
2157173498_2eea42ee38.jpg,একজন লোক তার <unk>,0.7499999981250001,0.29999999969999996,0.42857142387755104,0.42857142387755104,0.16666666263888896,0.33333332833333335,0,0,0.33333333333333337,0.29999999969999996
2714878018_1593c38d69.jpg,এক ছেলে শূন্যে লাফ দিচ্ছে,0.5999999988,0.37499999953124996,0.46153845609467453,0.46153845609467453,0.0,0.46153845609467453,0,0,0.5172413793103448,0.29999999969999996
3926.png,পাঁচজন পুরুষ হেঁটে যাচ্ছে।,0.0,0.0,0.0,0.0,0.0,0.0,0,0,0.33333333333333337,0.0
IMG_9576.JPG,একটি কুকুর একটি চিড়িয়াখানায় একটি পাখির ঝাঁক।,0.14285714265306124,0.14285714265306124,0.14285713765306143,0.14285713765306143,0.0,0.14285713765306143,0,0,0.31034482758620685,0.09090909082644627
3267644370_f2728d6c7a.jpg,একজন স্কিয়ার একটি <unk>,0.7499999981250001,0.37499999953124996,0.49999999472222234,0.49999999472222234,0.1999999954000001,0.49999999472222234,0,0,0.4722222222222222,0.3333333329629629
108.png,একটি প্ল্যাটফর্মে দাঁড়িয়ে একটি <unk>,0.3999999992,0.07407407404663922,0.12499999728515629,0.12499999728515629,0.0,0.12499999728515629,0,0,0.1785714285714286,0.045454545433884296
6528.png,একজন পুরুষ ও কয়েকজন মানুষ দাড়িয়ে আছে।,0.7142857132653061,0.5555555549382716,0.624999994296875,0.624999994296875,0.2857142804081633,0.49999999445312515,0,0,0.6111111111111112,0.45454545413223135
2710280476_dcccb8745a.jpg,একটি কুকুর একটি বল ধরে আছে,0.6666666655555555,0.15384615378698224,0.24999999679687504,0.24999999679687504,0.13333333046666673,0.24999999679687504,0,0,0.4,0.14814814809327845
3293596075_973b0bfd08.jpg,একটি কুকুর তুষার এর উপর দৌড়াচ্ছে,0.33333333277777777,0.33333333277777777,0.3333333277777778,0.3333333277777778,0.19999999460000012,0.3333333277777778,0,0,0.5652173913043479,0.1999999998
3109268897_d43797fc6a.jpg,নীল রঙের শার্ট পরে আছে,0.1999999996,0.14285714265306124,0.16666666152777793,0.16666666152777793,0.0,0.16666666152777793,0,0,0.3571428571428571,0.09090909082644627
200771289_31902164a7.jpg,এক পুলিশ কর্মকর্তা দাঁড়িয়ে আছে।,0.1999999996,0.16666666638888888,0.1818181765289258,0.1818181765289258,0.0,0.1818181765289258,0,0,0.45833333333333337,0.0999999999
3498354674_b636c7992f.jpg,একজন লোক একটি স্কেটবোর্ড দিয়ে বাতাসে লাফিয়ে কসরত দেখাচ্ছেন,0.3333333329629629,0.29999999969999996,0.31578946836565097,0.31578946836565097,0.0,0.23529411238754333,0,0,0.36585365853658536,0.1874999998828125
525.png,একজন নারী বসে আছে।,0.7499999981250001,0.3333333329629629,0.4615384565680474,0.4615384565680474,0.18181817752066123,0.4615384565680474,0,0,0.34375,0.29999999969999996
3259222690_69737f2a6e.jpg,একটি ক্যামেরা হাতে একটি ক্যামেরা হাতে একটি ক্যামেরা হাতে ধরে আছে,0.18181818165289254,0.16666666652777776,0.17391303833648408,0.17391303833648408,0.0,0.17391303833648408,0,0,0.375,0.14285714275510203
1528205014_1323aa9dfd.jpg,লাল টুপি পরা একজন মহিলা একটি ব্যস্ত রাস্তায় দাঁড়িয়ে আছে।,0.0999999999,0.14285714265306124,0.11764705384083066,0.11764705384083066,0.0,0.11764705384083066,0,0,0.26315789473684215,0.0624999999609375
2696060728_3043cfc38c.jpg,একজন লোক পানিতে,0.6666666644444444,0.33333333277777777,0.44444443901234576,0.44444443901234576,0.0,0.2222222172839507,0,0,0.29166666666666663,0.2857142853061225
3841.png,একটি শিশু দাড়িয়ে আছে।,0.7499999981250001,0.49999999916666665,0.5999999940000001,0.5999999940000001,0.24999999468750006,0.5999999940000001,0,0,0.35,0.4285714279591837
1810.png,একজন লোক একটি <unk>,0.49999999875,0.1111111110493827,0.181818178677686,0.181818178677686,0.0,0.09090908785123977,0,0,0.30434782608695654,0.09999999995
6502.png,একটি নৌকায় কয়েকজন মানুষ আছে।,0.5999999988,0.49999999916666665,0.5454545395041324,0.5454545395041324,0.2222222167901236,0.5454545395041324,0,0,0.6956521739130435,0.37499999953124996
3564385317_1bf5094068.jpg,এক লোক একটি <unk>,0.49999999875,0.2857142853061225,0.36363635834710756,0.36363635834710756,0.2222222172839507,0.36363635834710756,0,0,0.37037037037037035,0.2222222219753086
1121416483_c7902d0d49.jpg,একটি ছেলে একটি নীল রঙের সাঁতার কাটছে,0.2857142853061225,0.2222222219753086,0.24999999476562512,0.24999999476562512,0.0,0.12499999492187522,0,0,0.28205128205128205,0.15384615372781063
4407.png,একজন পুরুষ একটি <unk> বিক্রি করছে,0.16666666638888888,0.249999999375,0.1999999948000001,0.1999999948000001,0.0,0.1999999948000001,0,0,0.5,0.1111111109876543
461.png,একটি শিশু আছে।,0.6666666644444444,0.24999999968749997,0.36363635900826446,0.36363635900826446,0.0,0.36363635900826446,0,0,0.2857142857142857,0.2222222219753086
8757.png,একটি নৌকায় কয়েকজন মানুষ আছে।,0.3999999992,0.18181818165289254,0.249999995390625,0.249999995390625,0.0,0.12499999554687513,0,0,0.2564102564102564,0.14285714275510203
3317145805_071b15debb.jpg,একটি কালো কুকুর একটি লাল খেলনা নিয়ে দৌড়াচ্ছে,0.6249999992187499,0.5555555549382716,0.5882352884429066,0.5882352884429066,0.2666666613333334,0.4999999947,0,0,0.5476190476190477,0.3636363633057851
904.png,একজন পুরুষ বসে আছে।,0.9999999975,0.571428570612245,0.7272727213223142,0.7272727213223142,0.44444443901234576,0.7272727213223142,0,0,0.5833333333333333,0.6666666655555555
3108732084_565b423162.jpg,একজন স্কিয়ার লাফ দিচ্ছে,0.249999999375,0.4999999975,0.33333332777777785,0.33333332777777785,0.0,0.33333332777777785,0,0,0.4375,0.1999999996
3685373706_37f2ced9ff.jpg,একজন লোক বল <unk>,0.49999999875,0.1999999998,0.28571428122448983,0.28571428122448983,0.09999999735000006,0.181818178677686,0,0,0.2592592592592593,0.16666666652777776
3471841031_a949645ba8.jpg,একজন লোক একটি গাড়ির পাশে বসে আছে,0.571428570612245,0.21052631567867036,0.3076923035207101,0.3076923035207101,0.09999999570000016,0.3076923035207101,0,0,0.2676056338028169,0.18181818173553718
IMG_20220921_124603.jpg,একজন লোক কালো কোর্ট পরা,0.3999999992,0.2857142853061225,0.33333332791666676,0.33333332791666676,0.0,0.2222222167901236,0,0,0.4117647058823529,0.1999999998
3686.png,একজন পুরুষ একটি বস্তা নিয়ে আছে।,0.49999999916666665,0.7499999981250001,0.5999999940000001,0.5999999940000001,0.0,0.5999999940000001,0,0,0.4545454545454546,0.4285714279591837
2076906555_c20dc082db.jpg,একজন পুরুষ আছে।,0.3333333322222222,0.1111111109876543,0.16666666263888896,0.16666666263888896,0.0,0.16666666263888896,0,0,0.23333333333333328,0.0999999999
2344.png,একজন পুরুষ আছে।,0.6666666644444444,0.24999999968749997,0.36363635900826446,0.36363635900826446,0.22222221827160496,0.36363635900826446,0,0,0.33333333333333337,0.24999999968749997
5808.png,একটি ছেলে বসে আছে,0.49999999875,0.18181818165289254,0.26666666240000003,0.26666666240000003,0.15384615005917168,0.26666666240000003,0,0,0.6428571428571428,0.15384615372781063
2867968184_908d87cf2c.jpg,একজন স্কেটবোর্ডার একটি স্কেটবোর্ড দিয়ে লাফ দিচ্ছে,0.4285714279591837,0.49999999916666665,0.4615384558579882,0.4615384558579882,0.1818181765289258,0.4615384558579882,0,0,0.5454545454545454,0.29999999969999996
3049649128_d83d847168.jpg,একটি গাছে একটি <unk> গাছ থেকে ফুল দিয়ে শ্রদ্ধা জানাচ্ছে।,0.0999999999,0.1999999996,0.13333332871111125,0.13333332871111125,0.0,0.13333332871111125,0,0,0.33333333333333337,0.07692307686390532
2887750774_920eb171aa.jpg,একটি বাদামী কুকুর পানিতে সাঁতার কাটছে,0.33333333277777777,0.3999999992,0.36363635801652905,0.36363635801652905,0.2222222167901236,0.36363635801652905,0,0,0.7391304347826086,0.2222222219753086
3069216757_c419b3898e.jpg,একটি মেয়ে একটি ছোট বাচ্চা,0.1999999996,0.14285714265306124,0.16666666152777793,0.16666666152777793,0.0,0.16666666152777793,0,0,0.36363636363636365,0.0999999999
633456174_b768c1d6cd.jpg,একটি ছেলে তার <unk>,0.49999999875,0.33333333277777777,0.3999999944,0.3999999944,0.24999999468750006,0.3999999944,0,0,0.42105263157894735,0.24999999968749997
3966.png,একজন নারী দাড়িয়ে আছে।,0.7499999981250001,0.4285714279591837,0.5454545398347109,0.5454545398347109,0.2222222172839507,0.5454545398347109,0,0,0.4444444444444444,0.37499999953124996
649.png,একটি ছেলে একটি <unk>,0.0,0.0,0.0,0.0,0.0,0.0,0,0,0.33333333333333337,0.0
2670.png,একটি জলাশয়ে পাঁচজন লোক মাছ ধরছে।,0.16666666638888888,0.16666666638888888,0.16666666138888903,0.16666666138888903,0.0,0.16666666138888903,0,0,0.34782608695652173,0.09090909082644627
1236964638.jpg,একটি ছেলে একটি পুকুরে লাফ দিচ্ছে,0.49999999916666665,0.49999999916666665,0.4999999941666667,0.4999999941666667,0.3076923024852071,0.4999999941666667,0,0,0.8095238095238095,0.24999999968749997
5795.png,একটি ছেলে একটি পাথরের ওপর বসে আছে,0.14285714265306124,0.0999999999,0.11764705384083066,0.11764705384083066,0.0,0.11764705384083066,0,0,0.36,0.06666666662222222
_MG_2656.JPG,কয়েকজন মানুষ দাড়িয়ে আছে।,0.249999999375,0.1999999996,0.2222222167901236,0.2222222167901236,0.0,0.2222222167901236,0,0,0.7058823529411764,0.12499999984374999
1038.png,একজন পুরুষ মাথায় কাপড় বেধে শুয়ে আছে।,0.14285714265306124,0.1999999996,0.16666666152777793,0.16666666152777793,0.0,0.16666666152777793,0,0,0.43999999999999995,0.09090909082644627
2939007933_8a6ef2d073.jpg,একটি কালো রঙের একটি কালো রঙের একটি কালো রঙের একটি কালো রঙের একটি কালো রঙের একটি কালো রঙের একটি কালো রঙের একটি কালো রঙের একটি কালো রঙের একটি কালো রঙের একটি কালো রঙের একটি কালো রঙের একটি কালো রঙের একটি,0.02499999999375,0.12499999984374999,0.04166666387152797,0.04166666387152797,0.0,0.04166666387152797,0,0,0.1643835616438356,0.0999999999
495340319_705f2e63d6.jpg,লাল রঙের জার্সি পরিহিত একজন মেয়ে হকি খেলছে,0.12499999984374999,0.1999999996,0.15384614887573977,0.15384614887573977,0.0,0.15384614887573977,0,0,0.30000000000000004,0.08333333326388888
1552065993_b4dcd2eadf.jpg,একটি কুকুর একটি সবুজ ঘাসের মধ্যে দিয়ে চলছে,0.49999999937499995,0.49999999937499995,0.49999999437500003,0.49999999437500003,0.28571428030612256,0.49999999437500003,0,0,0.5666666666666667,0.3636363633057851
7727.png,একজন বৃদ্ধ নারী আছে।,0.7499999981250001,0.7499999981250001,0.7499999931250001,0.7499999931250001,0.33333332722222225,0.7499999931250001,0,0,0.8666666666666667,0.5999999988
3482787182_a5c6d4b386.jpg,একটি মেয়ে তার পিছনে তার পিছনে তার পিছনে তার পিছনে তার পিছনে তার পিছনে তার পিছনে তার পিছনে তার পিছনে তার পিছনে তার পিছনে তার পিছনে তার পিছনে তার পিছনে তার পিছনে তার পিছনে তার পিছনে তার পিছনে তার পিছনে,0.0499999999875,0.24999999968749997,0.08333333052083343,0.08333333052083343,0.0,0.0444444424493828,0,0,0.1079136690647482,0.1999999998
7825.png,কয়েকজন মানুষ আছে।,0.9999999966666667,0.49999999916666665,0.6666666607407408,0.6666666607407408,0.5714285657142857,0.6666666607407408,0,0,0.5217391304347826,0.49999999916666665
1271960365_e54033f883.jpg,একটি কালো কুকুর একটি কালো কুকুর খেলছে,0.7142857132653061,0.3571428568877551,0.47619047129251707,0.47619047129251707,0.31578946903047095,0.47619047129251707,0,0,0.5161290322580645,0.3333333329629629
3145869775_85dfae43bd.jpg,একটি মেয়ে একটি শিশুকে ধরে আছে,0.33333333277777777,0.2857142853061225,0.3076923022485208,0.3076923022485208,0.0,0.3076923022485208,0,0,0.36,0.0999999999
3614542901_29877fc342.jpg,এক মহিলা একটি স্টোরের সামনে দাঁড়িয়ে আছে,0.4285714279591837,0.4285714279591837,0.42857142295918377,0.42857142295918377,0.0909090868595043,0.42857142295918377,0,0,0.3448275862068966,0.2727272724793388
599366440_a238e805cf.jpg,একটি কুকুর একটি <unk>,0.7499999981250001,0.29999999969999996,0.42857142387755104,0.42857142387755104,0.2222222172839507,0.42857142387755104,0,0,0.36,0.24999999968749997
1119418776_58e4b93eac.jpg,একটি কালো কুকুর ঘাসের উপর দিয়ে দৌড়াচ্ছে,0.2857142853061225,0.49999999875,0.36363635834710756,0.36363635834710756,0.0,0.36363635834710756,0,0,0.5517241379310345,0.2222222219753086
2250.png,একজন পুরুষ আছে।,0.3333333322222222,0.16666666638888888,0.2222222172839507,0.2222222172839507,0.0,0.2222222172839507,0,0,0.34782608695652173,0.12499999984374999
360723732_23199af4bf.jpg,একটি কুকুর একটি লাল বল নিয়ে দাঁড়িয়ে আছে,0.6249999992187499,0.3124999998046875,0.41666666187500007,0.41666666187500007,0.18181817731404967,0.3809523758730159,0,0,0.4814814814814815,0.2222222220987654
1380.png,একজন নারী ও একজন নারী আছে।,0.16666666638888888,0.0999999999,0.12499999515625017,0.12499999515625017,0.0,0.12499999515625017,0,0,0.2777777777777778,0.07692307686390532
3548191125_514f47e493.jpg,এক ছেলে একটি রাস্তায় একটি <unk>,0.33333333277777777,0.2857142853061225,0.3076923022485208,0.3076923022485208,0.0,0.15384614863905344,0,0,0.31999999999999995,0.1999999998
6581.png,একটি <unk>,0.4999999975,0.07142857137755101,0.12499999765625001,0.12499999765625001,0.0,0.12499999765625001,0,0,0.08333333333333337,0.06666666662222222
2333584535_1eaf9baf3e.jpg,একদল কুকুর একটি স্লেজ গাড়ী নিয়ে যাচ্ছে,0.4285714279591837,0.37499999953124996,0.3999999944888889,0.3999999944888889,0.15384614863905344,0.2666666613333334,0,0,0.34615384615384615,0.24999999979166665
7038.png,একটি লঞ্চ আছে।,0.3333333322222222,0.249999999375,0.28571428000000004,0.28571428000000004,0.0,0.28571428000000004,0,0,0.3125,0.16666666638888888
IMG_0602.JPG,একটি ছোট ছেলে একটি লাল রঙের,0.49999999916666665,0.37499999953124996,0.4285714230612245,0.4285714230612245,0.2222222167901236,0.36363635801652905,0,0,0.44999999999999996,0.29999999969999996
3610687607_895fdc94bd.jpg,একজন পুরুষ দাড়িয়ে আছে।,0.249999999375,0.1111111109876543,0.15384614934911253,0.15384614934911253,0.0,0.15384614934911253,0,0,0.2941176470588235,0.08333333326388888
7107.png,শহীদ মিনার।,0.0,0.0,0.0,0.0,0.0,0.0,0,0,0.2142857142857143,0.0
5001.png,একটি নদী ও একটি নদী আছে।,0.33333333277777777,0.6666666644444444,0.44444443901234576,0.44444443901234576,0.0,0.44444443901234576,0,0,0.38888888888888884,0.3999999992
1087168168.jpg,একটি ছেলে,0.999999995,0.33333333277777777,0.49999999500000003,0.49999999500000003,0.33333332944444444,0.49999999500000003,0,0,0.2857142857142857,0.33333333277777777
2991994607_06f24ec7a6.jpg,একজন লোক একটি <unk>,0.49999999875,0.15384615372781063,0.2352941137716263,0.2352941137716263,0.0,0.2222222167901236,0,0,0.2777777777777778,0.15384615372781063
2039457436_fc30f5e1ce.jpg,একটি ছোটো ছেলে হাসছে,0.249999999375,0.16666666638888888,0.1999999948000001,0.1999999948000001,0.0,0.1999999948000001,0,0,0.25,0.1111111109876543
3178489390_13a6ae7524.jpg,একটি ছেলে একটি <unk>,0.49999999875,0.1999999998,0.28571428122448983,0.28571428122448983,0.0,0.28571428122448983,0,0,0.2571428571428571,0.18181818165289254
4270.png,একজন মেয়ে সাবানের বেলুন নিয়ে আছে।,0.16666666638888888,0.16666666638888888,0.16666666138888903,0.16666666138888903,0.0,0.16666666138888903,0,0,0.4347826086956522,0.09090909082644627
3821.png,অনেকগুলো মানুষ আছে।,0.6666666644444444,0.2857142853061225,0.39999999500000005,0.39999999500000005,0.0,0.39999999500000005,0,0,0.4,0.24999999968749997
374176648_ba4b88c221.jpg,সবুজ ঘাসের মধ্যে এক লোক ভ্রমণ করছে,0.2857142853061225,0.15384615372781063,0.1999999952500001,0.1999999952500001,0.0,0.1999999952500001,0,0,0.276595744680851,0.1111111110493827
520.png,একটি মহিলা একটি <unk>,0.7499999981250001,0.24999999979166665,0.37499999578125004,0.37499999578125004,0.0,0.2499999959375,0,0,0.23076923076923073,0.18181818165289254
7371.png,একজন পুরুষ একটি মন্দির।,0.49999999875,0.18181818165289254,0.26666666240000003,0.26666666240000003,0.0,0.1818181768595043,0,0,0.3846153846153846,0.15384615372781063
2422.png,একজন বাচ্চা ছেলে বাচ্চা।,0.249999999375,0.249999999375,0.2499999943750001,0.2499999943750001,0.0,0.2499999943750001,0,0,0.4,0.14285714265306124
1095590286.jpg,একটি কুকুর একটি কালো ও একটি কুকুর দৌড়ে বেড়াচ্ছে,0.6666666659259258,0.46153846118343195,0.545454540123967,0.545454540123967,0.1999999950000001,0.47619047083900223,0,0,0.5333333333333333,0.24999999979166665
IMG_20220916_174500.jpg,একটি লোক একটা রিকশা চালাচ্ছে আর তার <unk>,0.24999999968749997,0.33333333277777777,0.2857142804081633,0.2857142804081633,0.16666666152777793,0.2857142804081633,0,0,0.3793103448275862,0.16666666652777776
3660.png,একজন বৃদ্ধ লোক একটি <unk>,0.1999999996,0.1999999996,0.19999999460000012,0.19999999460000012,0.0,0.19999999460000012,0,0,0.44999999999999996,0.1111111109876543
7764.png,একজন পুরুষ একটি শিশু বসে আছে।,0.33333333277777777,0.1999999998,0.24999999500000003,0.24999999500000003,0.14285713806122466,0.24999999500000003,0,0,0.3846153846153846,0.15384615372781063
3896.png,একটি শিশু আছে।,0.9999999966666667,0.4285714279591837,0.5999999946000001,0.5999999946000001,0.0,0.5999999946000001,0,0,0.375,0.4285714279591837
3560125106_691c292893.jpg,একটি কুকুর একটি <unk>,0.7499999981250001,0.37499999953124996,0.49999999472222234,0.49999999472222234,0.36363635900826446,0.49999999472222234,0,0,0.3870967741935484,0.37499999953124996
441921713_1cafc7d7d2.jpg,একটি কালো রঙের শার্ট পরা একজন লোক তার বামে বিল্ডিং থেকে <unk>,0.41666666631944443,0.6249999992187499,0.4999999947,0.4999999947,0.22222221722222232,0.39999999480000004,0,0,0.47619047619047616,0.3333333331111111
4912.png,নারকেল গাছে একটি ডাব গাছ দেখা যাচ্ছে।,0.4285714279591837,0.7499999981250001,0.5454545398347109,0.5454545398347109,0.44444443901234576,0.5454545398347109,0,0,0.45833333333333337,0.37499999953124996
3440104178_6871a24e13.jpg,একটি কুকুর একটি <unk>,0.7499999981250001,0.37499999953124996,0.49999999472222234,0.49999999472222234,0.24999999468750006,0.49999999472222234,0,0,0.4444444444444444,0.2857142853061225
2291485126_b8d41a63f4.jpg,একজন লোক একটি বরফের পাহাড়ের উপর স্নোবোর্ডিং করছে,0.24999999968749997,0.24999999968749997,0.24999999468750006,0.24999999468750006,0.0,0.23529411238754333,0,0,0.34285714285714286,0.14285714275510203
3549006919_3604bc813e.jpg,একজন লোক একটি পাথরের উপর বসে আছে,0.571428570612245,0.3999999996,0.4705882298961938,0.4705882298961938,0.3999999946666667,0.4705882298961938,0,0,0.5,0.30769230745562126
3955.png,একজন পুরুষ হেঁটে যাচ্ছে।,0.0,0.0,0.0,0.0,0.0,0.0,0,0,0.33333333333333337,0.0
3534668485_6887629ff0.jpg,একজন লোক সিগারেট খাচ্ছে,0.0,0.0,0.0,0.0,0.0,0.0,0,0,0.25,0.0
640.png,একটি <unk> একটি <unk> একটি <unk>,0.0,0.0,0.0,0.0,0.0,0.0,0,0,0.19999999999999996,0.0
2599444370_9e40103027.jpg,একটি পুকুরে একটি কুকুর পুকুরে সাঁতার কাটছে।,0.7142857132653061,0.49999999949999996,0.5882352885813149,0.5882352885813149,0.2666666615111111,0.4705882298961938,0,0,0.7407407407407407,0.4444444439506172
56489627_e1de43de34.jpg,একটি দল পাহাড়ের সামনে বিশ্রাম করছে।,0.33333333277777777,0.16666666652777776,0.22222221753086427,0.22222221753086427,0.0,0.22222221753086427,0,0,0.4642857142857143,0.13333333324444444
4549.png,একজন পুরুষ মোবাইলে কথা বলছে।,0.3999999992,0.49999999875,0.4444444385185186,0.4444444385185186,0.28571428000000004,0.4444444385185186,0,0,0.6,0.2857142853061225
7590.png,একজন লোক বসে আছে,0.49999999875,0.33333333277777777,0.3999999944,0.3999999944,0.0,0.3999999944,0,0,0.45833333333333337,0.24999999968749997
attractive-young-female-with-dark-bob-hairstyle-relaxing-her-garden-after-she-took-care-shrubs-trees-smiling-happily-camera-surrounded-with-leaves-gigantic-plant-people-nature.jpg,একজন নারী আছে।,0.6666666644444444,0.18181818165289254,0.2857142819387755,0.2857142819387755,0.0,0.2857142819387755,0,0,0.19999999999999996,0.16666666652777776
8492.png,একজন পুরুষ মাথায় বোঝা নিয়ে দাঁড়িয়ে আছে।,0.571428570612245,0.21052631567867036,0.3076923035207101,0.3076923035207101,0.08333332951388904,0.3076923035207101,0,0,0.31999999999999995,0.19047619038548752
3333039854_461329aac2.jpg,একজন লোক একটি টেবিল এর কর্ম কে পুরুস্কার ধরে আছে,0.0999999999,0.249999999375,0.14285713857142868,0.14285713857142868,0.0,0.14285713857142868,0,0,0.2777777777777778,0.07692307686390532
4559.png,একটি শিশু আছে।,0.9999999966666667,0.9999999966666667,0.9999999916666666,0.9999999916666666,0.9999999900000001,0.9999999916666666,1,1,1.0,0.9999999966666667
5710.png,একজন পুরুষ একটি বাচ্চা নিয়ে যাচ্ছে।,0.16666666638888888,0.12499999984374999,0.1428571377551022,0.1428571377551022,0.0,0.1428571377551022,0,0,0.27586206896551724,0.07692307686390532
7513.png,একজন পুরুষ ও একজন পুরুষ আছে।,0.16666666638888888,0.3333333322222222,0.2222222172839507,0.2222222172839507,0.0,0.2222222172839507,0,0,0.28260869565217395,0.16666666638888888
8572.png,একটি নৌকায় কয়েকজন মানুষ আছে।,0.5999999988,0.7499999981250001,0.6666666602469137,0.6666666602469137,0.28571428000000004,0.6666666602469137,0,0,0.7,0.49999999916666665
1805.png,একজন নারী দাড়িয়ে আছে।,0.7499999981250001,0.3333333329629629,0.4615384565680474,0.4615384565680474,0.18181817752066123,0.4615384565680474,0,0,0.3939393939393939,0.29999999969999996
IMG_0666.JPG,একজন লোক একটি টেবিল এর উপরে রাখা,0.0,0.0,0.0,0.0,0.0,0.0,0,0,0.25,0.0
3546891929_f31a99cd0d.jpg,একজন লোক একটি পতাকা হাতে নিয়ে দাঁড়িয়ে আছে,0.37499999953124996,0.49999999916666665,0.4285714230612245,0.4285714230612245,0.16666666152777793,0.2857142804081633,0,0,0.33333333333333337,0.2727272724793388
7072.png,একজন পুরুষ একটি <unk> <unk> <unk> <unk> <unk> <unk> <unk> <unk> <unk> <unk> <unk> <unk> <unk> <unk> <unk> <unk> <unk> <unk> <unk> <unk> <unk> <unk> <unk> <unk> <unk> <unk> <unk> <unk> <unk> <unk> <unk> <unk> <unk> <unk> <unk> <unk> <unk>,0.0,0.0,0.0,0.0,0.0,0.0,0,0,0.05625000000000002,0.0
2729.png,একটি ছোট ছেলে তার পিছনে আরও একটি শিশু একটি লাল প্লাস্টিকের খেলনার উপর দৌড়াচ্ছে,0.28571428551020406,0.28571428551020406,0.28571428051020414,0.28571428051020414,0.11764705508650528,0.28571428051020414,0,0,0.36363636363636365,0.13636363630165288
2987576188_f82304f394.jpg,একদল লোক দাড়িয়ে আছে,0.49999999875,0.3999999992,0.4444444385185186,0.4444444385185186,0.28571428000000004,0.4444444385185186,0,0,0.4782608695652174,0.2857142853061225
42.JPG,একজন পুরুষ তাকিয়ে আছে।,0.0,0.0,0.0,0.0,0.0,0.0,0,0,0.4666666666666667,0.0
6065.png,একজন পুরুষ বসে আছে।,0.249999999375,0.249999999375,0.2499999943750001,0.2499999943750001,0.0,0.2499999943750001,0,0,0.6,0.14285714265306124
3705688385_47651205d3.jpg,একটি কালো হাঁস পানিতে নেমে <unk>,0.33333333277777777,0.3999999992,0.36363635801652905,0.36363635801652905,0.0,0.36363635801652905,0,0,0.5,0.2222222219753086
4179.png,একজন নারী আছে।,0.6666666644444444,0.24999999968749997,0.36363635900826446,0.36363635900826446,0.0,0.36363635900826446,0,0,0.32258064516129037,0.24999999968749997
7698.png,একজন বয়স্ক পুরুষ তাকিয়ে আছে।,0.9999999980000001,0.9999999980000001,0.9999999930000001,0.9999999930000001,0.9999999925,0.9999999930000001,1,1,1.0,0.9999999980000001
3156406419_38fbd52007.jpg,একজন স্কিয়ার একটি বরফের পাহাড় বেয়ে নামছে,0.2857142853061225,0.16666666652777776,0.2105263109141275,0.2105263109141275,0.0,0.2105263109141275,0,0,0.6206896551724138,0.11764705875432525
2663.png,একটি ছোট ছেলে একটি পতাকা ধরে আছে,0.0,0.0,0.0,0.0,0.0,0.0,0,0,0.30188679245283023,0.0
129441311.jpg,একজন মহিলা পানির পাশে দাঁড়িয়ে আছে।,0.49999999916666665,0.29999999969999996,0.37499999484375,0.37499999484375,0.15384614887573977,0.37499999484375,0,0,0.42105263157894735,0.23076923059171597
8168.png,একজন পুরুষ বসে আছে।,0.249999999375,0.4999999975,0.33333332777777785,0.33333332777777785,0.0,0.33333332777777785,0,0,0.31034482758620685,0.1999999996
8314.png,একজন পুরুষ মাথায় বোঝা নিয়ে আছে।,0.0,0.0,0.0,0.0,0.0,0.0,0,0,0.21739130434782605,0.0
7608.png,একটি নৌকায় দুইজন মানুষ আছে।,0.5999999988,0.4285714279591837,0.4999999943055557,0.4999999943055557,0.1999999948000001,0.4999999943055557,0,0,0.5384615384615384,0.3333333329629629
5431.png,একটি <unk> একটি <unk>,0.49999999875,0.49999999875,0.4999999937500001,0.4999999937500001,0.33333332722222225,0.4999999937500001,0,0,0.5625,0.49999999875
2606.png,একটি শিশু আছে।,0.3333333322222222,0.14285714265306124,0.1999999954000001,0.1999999954000001,0.0,0.1999999954000001,0,0,0.25,0.1111111109876543
6452.png,একটি দোকানের সামনে দাঁড়িয়ে আছে।,0.1999999996,0.16666666638888888,0.1818181765289258,0.1818181765289258,0.0,0.1818181765289258,0,0,0.34782608695652173,0.0999999999
469969326_4b84073286.jpg,এক লোক একটি হ্রদ দেখছে,0.1999999996,0.1999999996,0.19999999460000012,0.19999999460000012,0.0,0.19999999460000012,0,0,0.33333333333333337,0.1111111109876543
3476381830_3751dd9339.jpg,একজন পুরুষ আছে।,0.3333333322222222,0.16666666638888888,0.2222222172839507,0.2222222172839507,0.0,0.2222222172839507,0,0,0.375,0.12499999984374999
270816949_ffad112278.jpg,একটি খরের স্তপের উপরে একটি মানব দেহ দিয়ে ঘেরা পাহাড়ের উঁচু পাহাড়ের উঁচু পাহাড়ের উঁচু পাহাড়ের উঁচু পাহাড়ের উঁচু পাহাড়ের উঁচু পাহাড়ের উঁচু পাহাড়ের উঁচু পাহাড়ের উঁচু পাহাড়ের উঁচু পাহাড়ের উঁচু পাহাড়ের উঁচু পাহাড়ের উঁচু পাহাড়ের উঁচু পাহাড়ের উঁচু পাহাড়ের,0.07499999998125,0.29999999969999996,0.11999999675200007,0.11999999675200007,0.0,0.08163265002915464,0,0,0.120253164556962,0.1764705881314879
414568315_5adcfc23c0.jpg,একটি ছোট বাচ্চা একটি ছোট মেয়ে খাবার খাচ্ছে,0.24999999968749997,0.2857142853061225,0.2666666613333334,0.2666666613333334,0.15384614863905344,0.2666666613333334,0,0,0.5357142857142857,0.18181818165289254
4351.png,রাস্তা দিয়ে একজন মানুষ হেঁটে যাচ্ছে।,0.49999999916666665,0.4285714279591837,0.4615384558579882,0.4615384558579882,0.1818181765289258,0.4615384558579882,0,0,0.36,0.29999999969999996
2088460083_42ee8a595a.jpg,একটি সবুজ গাড়ি,0.3333333322222222,0.14285714265306124,0.1999999954000001,0.1999999954000001,0.0,0.1999999954000001,0,0,0.24,0.12499999984374999
1012212859.jpg,একটি কুকুর একটি বল নিয়ে হাঁটছে,0.6666666655555555,0.3636363633057851,0.47058823017301044,0.47058823017301044,0.13333332871111125,0.47058823017301044,0,0,0.41860465116279066,0.24999999979166665
4814.png,একটি রঙিন <unk>,0.3333333322222222,0.249999999375,0.28571428000000004,0.28571428000000004,0.0,0.28571428000000004,0,0,0.3846153846153846,0.16666666638888888
8625.png,একটা মহিলা বসে আছে,0.249999999375,0.249999999375,0.2499999943750001,0.2499999943750001,0.0,0.2499999943750001,0,0,0.46153846153846156,0.14285714275510203
4736.png,একটি রাস্তা দিয়ে একজন মানুষ আছে।,0.16666666638888888,0.14285714265306124,0.15384614863905344,0.15384614863905344,0.0,0.15384614863905344,0,0,0.3055555555555556,0.09090909082644627
3532539748_795d16ef07.jpg,একটি ছেলে একটি লাল ইটের দালানের পাশে দাঁড়িয়ে আছে,0.4444444439506172,0.3999999996,0.4210526261495845,0.4210526261495845,0.12499999484375018,0.31578946836565097,0,0,0.47058823529411764,0.28571428551020406
241346260_f50d57b517.jpg,একজন ফুটবল খেলোয়াড় বল নিয়ে দৌড়াচ্ছে,0.49999999916666665,0.3333333329629629,0.3999999946666667,0.3999999946666667,0.15384614887573977,0.3999999946666667,0,0,0.5454545454545454,0.24999999979166665
5823.png,একটি ছেলে সমুদ্রের পাড়ে দাঁড়িয়ে আছে।,0.49999999916666665,0.5999999988,0.5454545395041324,0.5454545395041324,0.0,0.36363635801652905,0,0,0.36363636363636365,0.37499999953124996
8186.png,একটি পর্যটন এলাকায় পানিতে ডুবে যাওয়া নদীতে একটি নৌকা চলছে এবং উপরে একটি নৌকা থেকে পানিতে নেমে মাছ ধরার জাল ফেলছে।,0.04761904759637188,0.0999999999,0.06451612462018759,0.06451612462018759,0.0,0.06451612462018759,0,0,0.2564102564102564,0.03846153844674556
8644.png,কয়েকজন ছেলে মেয়ে একটি ফুটবল খেলছে।,0.6666666655555555,0.571428570612245,0.6153846094674558,0.6153846094674558,0.36363635801652905,0.6153846094674558,0,0,0.6896551724137931,0.4444444439506172
3578981202_efef47e264.jpg,একজন মহিলা একটি <unk> <unk> <unk> <unk> <unk> <unk> <unk> <unk> <unk> <unk> <unk> <unk> <unk> <unk> <unk> <unk> <unk> <unk> <unk> <unk> <unk> <unk> <unk> <unk> <unk> <unk> <unk> <unk> <unk> <unk> <unk> <unk> <unk> <unk> <unk> <unk> <unk>,0.0499999999875,0.24999999968749997,0.08333333052083343,0.08333333052083343,0.04166666360243077,0.08333333052083343,0,0,0.09375,0.1999999998
1169307342_e7a4685a5c.jpg,একটি বাদামী কুকুর একটি ফ্রিসবি নিয়ে খেলছে,0.2857142853061225,0.3999999992,0.33333332791666676,0.33333332791666676,0.0,0.33333332791666676,0,0,0.4838709677419355,0.2222222219753086
3423249426_02bedf9260.jpg,কিছু মানুষ একটি গ্রামের পথ দিয়ে একটি পাথুরে পাহাড় বেয়ে উঠছে,0.0,0.0,0.0,0.0,0.0,0.0,0,0,0.35,0.0
404850242_3a55a4c874.jpg,একটি মেয়ে একটি বিশাল দল।,0.3999999992,0.1999999998,0.2666666618666667,0.2666666618666667,0.0,0.2666666618666667,0,0,0.36363636363636365,0.08333333326388888
299612419_b55fe32fea.jpg,এক দম্পতি একটি পাথরের উপর বসে আছে,0.571428570612245,0.6666666655555555,0.6153846094674558,0.6153846094674558,0.5454545395041324,0.6153846094674558,0,0,0.7692307692307692,0.4444444439506172
6951.png,একটি নৌকায় দুইজন মানুষ আছে।,0.7999999984,0.7999999984,0.7999999934,0.7999999934,0.4999999937500001,0.7999999934,0,0,0.8947368421052632,0.6666666655555555
2477121456_1ac5c6d3e4.jpg,একটি ভেজা কালো কুকুর পানিতে ভিজছে,0.6666666655555555,0.7999999984,0.7272727209917357,0.7272727209917357,0.4444444385185186,0.7272727209917357,0,0,0.7619047619047619,0.571428570612245
1316.png,একজন পুরুষ আছে।,0.3333333322222222,0.16666666638888888,0.2222222172839507,0.2222222172839507,0.0,0.2222222172839507,0,0,0.31818181818181823,0.12499999984374999
3354063643_1d8814eb13.jpg,একটি কুকুর বরফে খেলছে,0.7499999981250001,0.3333333329629629,0.4615384565680474,0.4615384565680474,0.2222222172839507,0.4615384565680474,0,0,0.45833333333333337,0.29999999969999996
8058.png,রাস্তা দিয়ে একটি রাস্তা দিয়ে হেটে যাচ্ছে।,0.2857142853061225,0.33333333277777777,0.3076923022485208,0.3076923022485208,0.1818181765289258,0.3076923022485208,0,0,0.5416666666666667,0.2222222219753086
6116.png,একটি নৌকায় একজন মানুষ আছে।,0.3999999992,0.33333333277777777,0.36363635801652905,0.36363635801652905,0.0,0.36363635801652905,0,0,0.5217391304347826,0.2222222219753086
2841449931_84a05850ec.jpg,লাল শার্ট পরা একজন মহিলা,0.3999999992,0.2222222219753086,0.2857142807142858,0.2857142807142858,0.0,0.2857142807142858,0,0,0.4285714285714286,0.16666666652777776
3562470436_6e193643ce.jpg,কালো কুকুরটি লাফ দিচ্ছে,0.249999999375,0.1111111109876543,0.15384614934911253,0.15384614934911253,0.0,0.15384614934911253,0,0,0.37142857142857144,0.08333333326388888
343214015_777760930570327_8708391486485045184_n.jpg,একজন মানুষ আছে।,0.3333333322222222,0.0624999999609375,0.10526315512465378,0.10526315512465378,0.0,0.10526315512465378,0,0,0.2142857142857143,0.0624999999609375
4342.png,একজন মহিলা একটি শিশু বসে আছে,0.33333333277777777,0.2857142853061225,0.3076923022485208,0.3076923022485208,0.0,0.3076923022485208,0,0,0.5833333333333333,0.18181818165289254
_MG_2679.JPG,লোকটির পোরনে শার্ট পরেছেন,0.49999999875,0.49999999875,0.4999999937500001,0.4999999937500001,0.33333332722222225,0.4999999937500001,0,0,0.6470588235294117,0.33333333277777777
3258397351_1a70f1993d.jpg,একটি টেবিলে বসা এক লোক একটি <unk>,0.4285714279591837,0.37499999953124996,0.3999999944888889,0.3999999944888889,0.1428571377551022,0.2666666613333334,0,0,0.41025641025641024,0.2727272724793388
4510.png,একজন পুরুষ একটি বাড়ির সামনে দাড়িয়ে আছে যার পিছনে কিছু মানুষ দাঁড়িয়ে আছে।,0.30769230745562126,0.30769230745562126,0.30769230245562135,0.30769230245562135,0.0,0.2307692255917161,0,0,0.47916666666666663,0.18181818173553718
2222498879_9e82a100ab.jpg,একটি কালো কুকুর ঘাসের উপর দৌড়াচ্ছে,0.49999999916666665,0.7499999981250001,0.5999999940000001,0.5999999940000001,0.1818181765289258,0.5999999940000001,0,0,0.5,0.4285714279591837
4839.png,কয়েকজন পুরুষ দাড়িয়ে আছে।,0.7499999981250001,0.4285714279591837,0.5454545398347109,0.5454545398347109,0.44444443901234576,0.5454545398347109,0,0,0.52,0.37499999953124996
7160.png,চশমা পরিহিত একজন বৃদ্ধ লোক চশমা পরে তাকিয়ে আছে,0.3333333329629629,0.19999999986666667,0.2499999951041667,0.2499999951041667,0.09090908619834734,0.2499999951041667,0,0,0.38235294117647056,0.15789473675900276
6482.png,একজন পুরুষ আছে।,0.9999999966666667,0.7499999981250001,0.8571428497959185,0.8571428497959185,0.39999999360000005,0.8571428497959185,0,0,0.7333333333333334,0.7499999981250001
1075867198.jpg,একটি কুকুর সৈকতে বল ধরার চেষ্টা করছে,0.4285714279591837,0.37499999953124996,0.3999999944888889,0.3999999944888889,0.0,0.2666666613333334,0,0,0.4838709677419355,0.2727272724793388
7774.png,একজন পুরুষ বসে আছে।,0.49999999875,0.6666666644444444,0.5714285648979592,0.5714285648979592,0.0,0.5714285648979592,0,0,0.7142857142857143,0.3999999992
4998.png,একটি <unk>,0.4999999975,0.14285714265306124,0.22222221827160496,0.22222221827160496,0.0,0.22222221827160496,0,0,0.16666666666666663,0.12499999984374999
341665272_80d4d61376.jpg,একটি কুকুর মুখে একটি লাঠি নিয়ে একটি কুকুর দৌড়ে বেড়াচ্ছে,0.29999999969999996,0.49999999916666665,0.37499999484375,0.37499999484375,0.2857142807142858,0.37499999484375,0,0,0.4444444444444444,0.29999999969999996
6984.png,কয়েকজন মানুষ আছে।,0.6666666644444444,0.1999999998,0.3076923036686391,0.3076923036686391,0.1818181785123967,0.3076923036686391,0,0,0.28205128205128205,0.1999999998
2772084628_c0ae29d87a.jpg,একটি ছোট ছেলে একটি ছোট ছেলে একটি ছোট ছেলে একটি ছোট ছেলে একটি ছোট ছেলে একটি ছোট ছেলে একটি ছোট ছেলে একটি ছোট ছেলে একটি ছোট ছেলে একটি ছোট ছেলে একটি ছোট ছেলে একটি ছোট ছেলে একটি ছোট ছেলে একটি,0.0499999999875,0.2857142853061225,0.08510638040742426,0.08510638040742426,0.0,0.08510638040742426,0,0,0.09774436090225569,0.24999999968749997
856.png,একটি লোক একটি নীল কম্বল দিয়ে বসে আছে,0.12499999984374999,0.3333333322222222,0.18181817752066123,0.18181817752066123,0.0,0.18181817752066123,0,0,0.2857142857142857,0.1111111109876543
8938.png,একটি ছেলে বাসের <unk>,0.0,0.0,0.0,0.0,0.0,0.0,0,0,0.2857142857142857,0.0
6300.png,দুইটি শিশু বসে আছে।,0.7499999981250001,0.7499999981250001,0.7499999931250001,0.7499999931250001,0.6666666594444445,0.7499999931250001,0,0,0.8333333333333334,0.5999999988
8233.png,একটি ছেলে আইসক্রিম খাচ্ছে আর তার পিছনে দাঁড়িয়ে আছে,0.2222222219753086,0.09523809519274376,0.1333333290444446,0.1333333290444446,0.0,0.0666666624222225,0,0,0.2647058823529411,0.07407407404663922
2794.png,একটি চলন্ত নৌকায় কয়েকজন মানুষ আছে।,0.6666666655555555,0.6666666655555555,0.6666666605555556,0.6666666605555556,0.39999999420000004,0.6666666605555556,0,0,0.72,0.49999999937499995
IMG_4800.JPG,মহিলা টি দাঁড়িয়ে আছে,0.49999999875,0.49999999875,0.4999999937500001,0.4999999937500001,0.0,0.4999999937500001,0,0,0.5833333333333333,0.33333333277777777
7609.png,একটি শিশু আছে।,0.6666666644444444,0.2222222219753086,0.3333333290277778,0.3333333290277778,0.0,0.3333333290277778,0,0,0.21212121212121215,0.1999999998
1592.png,একজন শারি পরা মহিলা টি বাচ্চা স্লেট নিয়ে আছে।,0.2222222219753086,0.1111111110493827,0.14814814359396444,0.14814814359396444,0.07999999558400024,0.14814814359396444,0,0,0.35,0.079999999968
3138746531_f6b816c126.jpg,আগুন জ্বলছে।,0.4999999975,0.16666666638888888,0.24999999562500003,0.24999999562500003,0.0,0.24999999562500003,0,0,0.31999999999999995,0.14285714265306124
1357689954_72588dfdc4.jpg,একটি ছেলে ক্যামেরায় তাকিয়ে আছে,0.3999999992,0.18181818165289254,0.249999995390625,0.249999995390625,0.14285713857142868,0.249999995390625,0,0,0.35,0.15384615372781063
3647283075_3005333222.jpg,একটি অল্প বয়সী ছেলেটি একটি স্কেটবোর্ড জাম্প করে,0.24999999968749997,0.1999999998,0.22222221703703712,0.22222221703703712,0.0,0.22222221703703712,0,0,0.48484848484848486,0.06666666662222222
3459419203_cd7c68ce4d.jpg,একটি ছেলে জলের ফোয়ারায় খেলছে,0.1999999996,0.09090909082644627,0.12499999554687513,0.12499999554687513,0.0,0.12499999554687513,0,0,0.3214285714285714,0.06666666662222222
2204.png,একজন পুরুষ আছে।,0.3333333322222222,0.06666666662222222,0.1111111082098766,0.1111111082098766,0.0,0.1111111082098766,0,0,0.3529411764705882,0.05882352937716263
_MG_2022.JPG,লোকটি দাঁড়িয়ে আছে,0.6666666644444444,0.24999999968749997,0.36363635900826446,0.36363635900826446,0.22222221827160496,0.36363635900826446,0,0,0.37037037037037035,0.24999999968749997
3603870481_1ebc696d91.jpg,একটি কালো কুকুর পানিতে সাঁতার কাটছে।,0.6666666655555555,0.4444444439506172,0.5333333278222222,0.5333333278222222,0.46153845609467453,0.5333333278222222,0,0,0.6,0.3999999996
2431470169_0eeba7d602.jpg,এক ব্যক্তি একটি সবুজ ঘাসের উপর একটি <unk>,0.37499999953124996,0.3333333329629629,0.3529411710726644,0.3529411710726644,0.2666666613333334,0.3529411710726644,0,0,0.47058823529411764,0.23076923059171597
1611.png,একজন নারী মুখ ঢেকে রেখেছে।,0.3999999992,0.1999999998,0.2666666618666667,0.2666666618666667,0.15384614934911253,0.2666666618666667,0,0,0.4054054054054054,0.16666666652777776
2205328215_3ffc094cde.jpg,নীল রঙের একটি লাল রঙের একটি লাল রঙের একটি লাল রঙের একটি লাল রঙের একটি লাল রঙের একটি লাল রঙের একটি লাল রঙের একটি লাল রঙের একটি লাল রঙের একটি লাল রঙের একটি লাল রঙের একটি লাল রঙের একটি লাল,0.02499999999375,0.16666666638888888,0.04347825858223074,0.04347825858223074,0.0,0.04347825858223074,0,0,0.1103448275862069,0.1111111109876543
6347.png,একজন নারী আছে।,0.6666666644444444,0.6666666644444444,0.6666666594444445,0.6666666594444445,0.0,0.6666666594444445,0,0,0.8181818181818181,0.49999999875
7554.png,একজন মহিলা একটি পুরনো মেঝেতে।,0.3999999992,0.33333333277777777,0.36363635801652905,0.36363635801652905,0.0,0.36363635801652905,0,0,0.4,0.2222222219753086
7540.png,একজন নারী আছে।,0.6666666644444444,0.6666666644444444,0.6666666594444445,0.6666666594444445,0.4999999925000001,0.6666666594444445,0,0,0.8181818181818181,0.49999999875
2646.png,অনেকগুলো পাখি উড়ছে।,0.0,0.0,0.0,0.0,0.0,0.0,0,0,0.1724137931034483,0.0
1775029934_e1e96038a8.jpg,একটি হরিণ স্পষ্টভাবে দেখা যাচ্ছে।,0.1999999996,0.249999999375,0.2222222167901236,0.2222222167901236,0.0,0.2222222167901236,0,0,0.4285714285714286,0.12499999984374999
7882.png,একজন পুরুষ একটি সেতু আছে।,0.5999999988,0.9999999966666667,0.7499999934375,0.7499999934375,0.33333332777777785,0.7499999934375,0,0,0.6111111111111112,0.5999999988
6067.png,মেয়ে টি দাঁড়িয়ে আছে,0.249999999375,0.1111111109876543,0.15384614934911253,0.15384614934911253,0.0,0.15384614934911253,0,0,0.36363636363636365,0.08333333326388888
816.png,একটি লঞ্চ আছে।,0.6666666644444444,0.33333333277777777,0.44444443901234576,0.44444443901234576,0.0,0.44444443901234576,0,0,0.33333333333333337,0.2857142853061225
2381583688_a6dd0a7279.jpg,একটি লোক বাসে ঘুমাচ্ছেন।,0.249999999375,0.07692307686390532,0.11764705508650528,0.11764705508650528,0.0,0.11764705508650528,0,0,0.25,0.0624999999609375
3701509233_a2275a4e57.jpg,একটি <unk> একটি নৌকা আছে।,0.3999999992,0.49999999875,0.4444444385185186,0.4444444385185186,0.28571428000000004,0.4444444385185186,0,0,0.4117647058823529,0.33333333277777777
1389323170_d1c81d6b51.jpg,একটি ছেলে একটি কাঠের কাঠামোর উপর বসে আছে,0.6249999992187499,0.3571428568877551,0.4545454495041322,0.4545454495041322,0.1999999952500001,0.4545454495041322,0,0,0.5121951219512195,0.24999999984375
3722.png,একজন লোক একটি মঞ্চে দাড়িয়ে আছে।,0.49999999916666665,0.21428571413265304,0.2999999955,0.2999999955,0.11111110697530877,0.2999999955,0,0,0.33333333333333337,0.21428571413265304
824123145_59243e504e.jpg,একজন লোক একটি <unk> <unk>,0.3999999992,0.24999999968749997,0.3076923024852071,0.3076923024852071,0.0,0.3076923024852071,0,0,0.34615384615384615,0.1999999998
3338291921_fe7ae0c8f8.jpg,একটি কুকুর মুখে লাল বোতল মুখে লাল বোতল মুখে লাল বোতল মুখে লাল বোতল মুখে লাল বোতল মুখে লাল বোতল মুখে লাল বোতল মুখে লাল বোতল মুখে লাল বোতল মুখে লাল বোতল মুখে লাল বোতল মুখে লাল বোতল মুখে লাল,0.07499999998125,0.37499999953124996,0.12499999717013895,0.12499999717013895,0.08695651912098307,0.12499999717013895,0,0,0.19548872180451127,0.29999999969999996
7594.png,একজন নারী আছে।,0.6666666644444444,0.1999999998,0.3076923036686391,0.3076923036686391,0.0,0.3076923036686391,0,0,0.2195121951219512,0.2222222219753086
180094434_b0f244832d.jpg,এক বালক একটি <unk>,0.49999999875,0.33333333277777777,0.3999999944,0.3999999944,0.0,0.1999999948000001,0,0,0.3214285714285714,0.24999999968749997
527288854_f26127b770.jpg,একজন লোক একটি খাড়া পাহাড়ে চড়ছেন,0.33333333277777777,0.1999999998,0.24999999500000003,0.24999999500000003,0.0,0.24999999500000003,0,0,0.33333333333333337,0.14285714275510203
3096163135_584901a5ae.jpg,একজন লোক একটি <unk> <unk> <unk>,0.49999999916666665,0.29999999969999996,0.37499999484375,0.37499999484375,0.14285713806122466,0.24999999500000003,0,0,0.25,0.2727272724793388
2171891283_dedd9cf416.jpg,একটি কুকুর একটি ঘাসযুক্ত মাঠে দৌড়াচ্ছে,0.33333333277777777,0.18181818165289254,0.2352941128027682,0.2352941128027682,0.0,0.2352941128027682,0,0,0.3589743589743589,0.14285714275510203
406642021_9ec852eccf.jpg,একজন লোক পাথরে আরোহণ করছে,0.5999999988,0.24999999979166665,0.3529411719031142,0.3529411719031142,0.13333332924444455,0.3529411719031142,0,0,0.5,0.21428571413265304
4054.png,একজন নারী বসে আছে।,0.0,0.0,0.0,0.0,0.0,0.0,0,0,0.4375,0.0
311267421_e204e643cf.jpg,একটি কুকুর একটি জমিতে ধানের ক্ষেত।,0.33333333277777777,0.33333333277777777,0.3333333277777778,0.3333333277777778,0.19999999460000012,0.3333333277777778,0,0,0.4782608695652174,0.2222222219753086
1861.png,এখানে কয়েকজন নারী আছে।,0.249999999375,0.14285714265306124,0.1818181768595043,0.1818181768595043,0.0,0.1818181768595043,0,0,0.31034482758620685,0.0999999999
6685.png,একজন ছেলে একটি বড় গাছ।,0.3999999992,0.24999999968749997,0.3076923024852071,0.3076923024852071,0.0,0.1818181765289258,0,0,0.3214285714285714,0.18181818165289254
7126.png,কয়েকজন মানুষ আছে।,0.6666666644444444,0.6666666644444444,0.6666666594444445,0.6666666594444445,0.4999999925000001,0.6666666594444445,0,0,0.75,0.49999999875
3333921867_6cc7d7c73d.jpg,তিনটি কুকুর একটি মাঠে দৌড়াচ্ছে,0.5999999988,0.5999999988,0.5999999938,0.5999999938,0.2499999943750001,0.5999999938,0,0,0.75,0.4285714279591837
3025.png,কয়েকজন পুরুষ বসে আছে।,0.49999999875,0.49999999875,0.4999999937500001,0.4999999937500001,0.0,0.4999999937500001,0,0,0.3529411764705882,0.33333333277777777
3292016893_24d14c8b4f.jpg,একটি কুকুর একটি হলুদ রঙের কুকুর,0.6666666655555555,0.3636363633057851,0.47058823017301044,0.47058823017301044,0.19999999460000012,0.47058823017301044,0,0,0.5217391304347826,0.24999999968749997
6740.png,একটি শিশু আছে।,0.6666666644444444,0.49999999875,0.5714285648979592,0.5714285648979592,0.39999999360000005,0.5714285648979592,0,0,0.6153846153846154,0.3999999992
3692836015_d11180727b.jpg,একটি <unk> <unk> একটি সাইকেল চালাচ্ছে,0.33333333277777777,0.33333333277777777,0.3333333277777778,0.3333333277777778,0.19999999460000012,0.3333333277777778,0,0,0.6,0.24999999968749997
351876121_c7c0221928.jpg,একটি কুকুর একটি সাদা কুকুর,0.7999999984,0.3636363633057851,0.499999995078125,0.499999995078125,0.1818181768595043,0.499999995078125,0,0,0.48275862068965514,0.29999999969999996
45.png,একটি বড় গাছ ও গাছ ও গাছ ও গাছ ও গাছ ও গাছ ও গাছ ও গাছ ও গাছ ও গাছ ও গাছ ও গাছ ও গাছ ও গাছ ও গাছ ও গাছ ও গাছ ও গাছ ও গাছ ও,0.0499999999875,0.15384615372781063,0.07547169438234266,0.07547169438234266,0.0,0.03846153489645003,0,0,0.16831683168316836,0.13333333324444444
2002.png,কয়েকজন মানুষ আছে।,0.6666666644444444,0.2222222219753086,0.3333333290277778,0.3333333290277778,0.19999999640000002,0.3333333290277778,0,0,0.2432432432432432,0.2222222219753086
619169586_0a13ee7c21.jpg,একটি দম্পতি পাহাড়ের চূড়ায় দাঁড়িয়ে আছে।,0.33333333277777777,0.2857142853061225,0.3076923022485208,0.3076923022485208,0.0,0.3076923022485208,0,0,0.45833333333333337,0.18181818165289254
371.png,একজন পুরুষ বসে আছে।,0.7499999981250001,0.24999999979166665,0.37499999578125004,0.37499999578125004,0.0,0.37499999578125004,0,0,0.2954545454545454,0.24999999979166665
1717.png,একটি মেয়ে শিশু আছে।,0.249999999375,0.1999999996,0.2222222167901236,0.2222222167901236,0.0,0.2222222167901236,0,0,0.368421052631579,0.12499999984374999
1307.png,একটি শিশু একটি <unk> নিয়ে আছে।,0.6666666655555555,0.571428570612245,0.6153846094674558,0.6153846094674558,0.36363635801652905,0.6153846094674558,0,0,0.6666666666666667,0.49999999937499995
5378.png,একটি <unk> একটি <unk>,0.49999999875,0.6666666644444444,0.5714285648979592,0.5714285648979592,0.0,0.5714285648979592,0,0,0.5333333333333333,0.3333333322222222
217583047_5e93e1e119.jpg,একজন পুরুষ একটি নৌকা চালিয়ে যাচ্ছেন একজন পুরুষ এবং একজন পুরুষ আছে।,0.24999999979166665,0.3333333329629629,0.28571428054421777,0.28571428054421777,0.0,0.28571428054421777,0,0,0.375,0.21428571413265304
2442.png,একজন পুরুষ একটি রিক্সায় মানুষ আছে।,0.49999999916666665,0.29999999969999996,0.37499999484375,0.37499999484375,0.14285713806122466,0.37499999484375,0,0,0.475,0.24999999979166665
537225246_dd0e2158a7.jpg,একজন লোক একটি <unk>,0.249999999375,0.16666666638888888,0.1999999948000001,0.1999999948000001,0.0,0.1999999948000001,0,0,0.36363636363636365,0.1111111109876543
3511062827_cd87871c67.jpg,একটি কালো কুকুর একটি লাল প্লাস্টিকের <unk>,0.571428570612245,0.4444444439506172,0.49999999445312515,0.49999999445312515,0.4285714230612245,0.49999999445312515,0,0,0.5625,0.29999999969999996
342628272_197346206398382_827924749985975414_n.jpg,একটি চায়ের দোকানে <unk>,0.49999999875,0.1111111110493827,0.181818178677686,0.181818178677686,0.0,0.181818178677686,0,0,0.17647058823529416,0.10526315783933518
424869823_7aec015d87.jpg,একটি ছেলে তার পিছনে একটি ছোট মেয়ে একটি <unk>,0.2222222219753086,0.49999999875,0.3076923029585799,0.3076923029585799,0.0,0.3076923029585799,0,0,0.31746031746031744,0.2222222219753086
7309.png,একজন বৃদ্ধ লোক তাকিয়ে আছে।,0.3999999992,0.6666666644444444,0.49999999406250006,0.49999999406250006,0.0,0.49999999406250006,0,0,0.4444444444444444,0.33333333277777777
2206594874_5e0087c6b7.jpg,একটি টেবিলের চারপাশে দাঁড়িয়ে আছে,0.1999999996,0.12499999984374999,0.15384614887573977,0.15384614887573977,0.0,0.15384614887573977,0,0,0.33333333333333337,0.08333333326388888
2647.png,ধান ক্ষেতের মাঝ দিয়ে একজন মানুষ হেঁটে যাচ্ছে।,0.12499999984374999,0.0999999999,0.11111110604938293,0.11111110604938293,0.0,0.11111110604938293,0,0,0.21875,0.05882352937716263
695.png,একটি নৌকায় কয়েকজন মানুষ আছে।,0.3999999992,0.2222222219753086,0.2857142807142858,0.2857142807142858,0.0,0.19999999460000012,0,0,0.25,0.16666666652777776
3211210739_3dea005fde.jpg,একজন লোক একটি <unk>,0.7499999981250001,0.37499999953124996,0.49999999472222234,0.49999999472222234,0.18181817752066123,0.49999999472222234,0,0,0.48275862068965514,0.3333333329629629
345284301_191488953721507_6874014176055751344_n.jpg,সবুজ ঘাস কাটার সময় নেয়,0.1999999996,0.1111111109876543,0.14285713806122466,0.14285713806122466,0.0,0.14285713806122466,0,0,0.30000000000000004,0.08333333326388888
2589.png,একজন নারী আছে।,0.3333333322222222,0.1999999996,0.24999999468750006,0.24999999468750006,0.0,0.24999999468750006,0,0,0.5555555555555556,0.14285714265306124
1278.png,একজন নারী ও একজন নারী ও একজন নারী ও একজন নারী ও একজন নারী ও একজন নারী ও একজন নারী ও একজন নারী ও একজন নারী ও একজন নারী ও একজন নারী ও একজন নারী ও একজন নারী ও একজন,0.0499999999875,0.1999999998,0.07999999676800014,0.07999999676800014,0.04166666360243077,0.07999999676800014,0,0,0.17910447761194026,0.1999999998
5065.png,একটি বাঁশের উপরে দাড়িয়ে আছে একজন পুরুষ মানুষ।,0.0,0.0,0.0,0.0,0.0,0.0,0,0,0.25806451612903225,0.0
205682549_713aa6cd88.jpg,একটি বিশাল পাথরের উপর এক লোক একটি পাথরের উপর দিয়ে একটি পাথরের উপর দিয়ে একটি পাথরের উপর দিয়ে একটি পাথরের উপর দিয়ে একটি পাথরের উপর দিয়ে একটি পাথরের উপর দিয়ে একটি পাথরের উপর দিয়ে একটি পাথরের উপর দিয়ে একটি পাথরের,0.02499999999375,0.16666666638888888,0.04347825858223074,0.04347825858223074,0.0,0.04347825858223074,0,0,0.16981132075471694,0.08333333326388888
3950.png,নদীর পাড়ে নৌকা আছে।,0.49999999875,0.3999999992,0.4444444385185186,0.4444444385185186,0.28571428000000004,0.4444444385185186,0,0,0.5,0.2857142853061225
1130401779_8c30182e3e.jpg,একটি কুকুর পানিতে লাফ দিচ্ছে,0.3999999992,0.3999999992,0.39999999420000004,0.39999999420000004,0.16666666194444454,0.2857142807142858,0,0,0.6111111111111112,0.24999999968749997
3054200086_657d4398e8.jpg,একজন আইস হকি খেলোয়াড়,0.7499999981250001,0.2727272724793388,0.3999999955555556,0.3999999955555556,0.3076923036686391,0.3999999955555556,0,0,0.4117647058823529,0.2727272724793388
1461.png,একটি শিশু আছে।,0.6666666644444444,0.6666666644444444,0.6666666594444445,0.6666666594444445,0.4999999925000001,0.6666666594444445,0,0,0.6,0.49999999875
814.png,একজন লোক একটা বেলুন নিয়ে আছে।,0.0,0.0,0.0,0.0,0.0,0.0,0,0,0.23809523809523814,0.0
2381.png,একটি <unk> একটি <unk> উপর একটি <unk>,0.0,0.0,0.0,0.0,0.0,0.0,0,0,0.18518518518518523,0.0
2206.png,একটি শিশু আছে।,0.0,0.0,0.0,0.0,0.0,0.0,0,0,0.2777777777777778,0.0
2307118114_c258e3a47e.jpg,একটি ছেলে মাথায় টুপি পরে আছে।,0.49999999916666665,0.29999999969999996,0.37499999484375,0.37499999484375,0.14285713806122466,0.37499999484375,0,0,0.5217391304347826,0.24999999979166665
6884.png,একজন নারী আছে।,0.9999999966666667,0.49999999916666665,0.6666666607407408,0.6666666607407408,0.28571428081632655,0.6666666607407408,0,0,0.4545454545454546,0.49999999916666665
3508051251_82422717b3.jpg,একজন লোক একটি স্কেটবোর্ডিং করছে,0.3999999992,0.3999999992,0.39999999420000004,0.39999999420000004,0.2499999943750001,0.39999999420000004,0,0,0.31818181818181823,0.24999999968749997
1562392511_522a26063b.jpg,একটি কুকুর একটি কার্পেট এর উপর ভর দিয়ে একটি সাদা কুকুর একটি কার্পেট এর উপর ভর দিয়ে একটি সাদা কুকুর একটি কার্পেট এর উপর ভর দিয়ে একটি সাদা কুকুর একটি কার্পেট এর উপর ভর দিয়ে একটি সাদা কুকুর একটি কার্পেট,0.0499999999875,0.2857142853061225,0.08510638040742426,0.08510638040742426,0.0,0.08510638040742426,0,0,0.25,0.15384615372781063
5746.png,কয়েকজন লোক নৌকা থেকে কিছু মানুষ নিয়ে যাচ্ছে।,0.24999999968749997,0.14285714275510203,0.1818181770247935,0.1818181770247935,0.0,0.1818181770247935,0,0,0.3571428571428571,0.09999999995
4895.png,একটি বড় একটি বড় একটি বড় একটি বড় একটি বড় একটি বড় একটি বড় একটি বড় একটি বড় একটি বড় একটি বড় একটি বড় একটি বড় একটি বড় একটি বড় একটি বড় একটি বড় একটি বড় একটি বড় একটি বড়,0.02499999999375,0.12499999984374999,0.04166666387152797,0.04166666387152797,0.0,0.04166666387152797,0,0,0.12230215827338131,0.12499999984374999
9097.png,একজন লোক হাতে লাটায় নিয়ে দাড়িয়ে আছে।,0.4285714279591837,0.24999999979166665,0.31578946869806096,0.31578946869806096,0.11764705411764723,0.31578946869806096,0,0,0.43181818181818177,0.1874999998828125
IMG_1113.JPG,একজন পুরুষ তাকিয়ে আছে।,0.0,0.0,0.0,0.0,0.0,0.0,0,0,0.33333333333333337,0.0
6978.png,একজন পুরুষ আছে।,0.3333333322222222,0.249999999375,0.28571428000000004,0.28571428000000004,0.0,0.28571428000000004,0,0,0.5333333333333333,0.16666666638888888
6712.png,একজন পুরুষ তাকিয়ে আছে।,0.9999999975,0.9999999975,0.9999999925,0.9999999925,0.9999999916666666,0.9999999925,1,1,1.0,0.9999999975
3230132205_dccfafa5ee.jpg,একজন লোক একটি <unk>,0.49999999875,0.18181818165289254,0.26666666240000003,0.26666666240000003,0.15384615005917168,0.26666666240000003,0,0,0.2857142857142857,0.15384615372781063
2180886307_5156460b2c.jpg,একটি কুকুর সাঁতার কাটছে,0.9999999975,0.7999999984,0.8888888819753088,0.8888888819753088,0.8571428497959185,0.8888888819753088,0,0,0.7894736842105263,0.7999999984
537222436_ab406234ce.jpg,লাল <unk> একটি মেয়ে <unk>,0.5999999988,0.15789473675900276,0.24999999649305557,0.24999999649305557,0.0,0.1666666632291667,0,0,0.26315789473684215,0.15789473675900276
2555622234_3e531e4014.jpg,একটি কুকুর পানির মধ্যে দৌড়াচ্ছে,0.5999999988,0.7499999981250001,0.6666666602469137,0.6666666602469137,0.28571428000000004,0.6666666602469137,0,0,0.65,0.49999999916666665
1127.png,কয়েকজন মানুষ আছে।,0.3333333322222222,0.249999999375,0.28571428000000004,0.28571428000000004,0.0,0.28571428000000004,0,0,0.47058823529411764,0.16666666638888888
8077.png,একটা ছেলে পানিতে ঝাঁপ দিচ্ছে।,0.5999999988,0.3333333329629629,0.42857142336734694,0.42857142336734694,0.16666666194444454,0.42857142336734694,0,0,0.4736842105263158,0.2727272724793388
3082934678_58534e9d2c.jpg,দুটি কুকুর ঘাসে দৌড়াচ্ছে,0.7499999981250001,0.9999999966666667,0.8571428497959185,0.8571428497959185,0.39999999360000005,0.8571428497959185,0,0,0.8125,0.7499999981250001
6707.png,একজন পুরুষ আছে।,0.6666666644444444,0.49999999875,0.5714285648979592,0.5714285648979592,0.0,0.5714285648979592,0,0,0.6428571428571428,0.3999999992
3484365373_98d5304935.jpg,একটি অল্প বয়সী মেয়ে <unk>,0.3999999992,0.33333333277777777,0.36363635801652905,0.36363635801652905,0.0,0.36363635801652905,0,0,0.368421052631579,0.2222222219753086
IMG_2913.JPG,লোক টি বসে আছে,0.9999999975,0.571428570612245,0.7272727213223142,0.7272727213223142,0.6666666607407408,0.7272727213223142,0,0,0.6428571428571428,0.571428570612245
2598.png,একজন পুরুষ মাথায় কলশী নিয়ে আছে।,0.33333333277777777,0.3999999992,0.36363635801652905,0.36363635801652905,0.0,0.36363635801652905,0,0,0.4545454545454546,0.2222222219753086
3208987435_780ae35ef0.jpg,একটি শিশু হাসছে,0.3333333322222222,0.1111111109876543,0.16666666263888896,0.16666666263888896,0.0,0.16666666263888896,0,0,0.30434782608695654,0.0999999999
2156131463_5b53636cf0.jpg,দু'জন পুরুষ এবং একজন মহিলা এবং একজন মহিলা এবং একজন মহিলা এবং একজন মহিলা এবং একজন মহিলা এবং একজন মহিলা এবং একজন মহিলা এবং একজন মহিলা এবং একজন মহিলা এবং একজন মহিলা এবং একজন মহিলা এবং একজন মহিলা এবং একজন,0.02499999999375,0.14285714265306124,0.04255318893617037,0.04255318893617037,0.0,0.04255318893617037,0,0,0.16352201257861632,0.09090909082644627
2972.png,পানিতে দুইজন মানুষ আছে।,0.249999999375,0.14285714265306124,0.1818181768595043,0.1818181768595043,0.0,0.1818181768595043,0,0,0.23076923076923073,0.0999999999
3746.png,একটা লোক একটি কাঠের কাঠামোর উপর বসে আছে,0.24999999968749997,0.1999999998,0.22222221703703712,0.22222221703703712,0.0,0.16666666194444454,0,0,0.27586206896551724,0.124999999921875
3429641260_2f035c1813.jpg,একটি স্কেটবোর্ডার একটি <unk> <unk> <unk> <unk> <unk> <unk> <unk> <unk> <unk> <unk> <unk> <unk> <unk> <unk> <unk> <unk> <unk> <unk> <unk> <unk> <unk> <unk> <unk> <unk> <unk> <unk> <unk> <unk> <unk> <unk> <unk> <unk> <unk> <unk> <unk> <unk> <unk>,0.0499999999875,0.24999999968749997,0.08333333052083343,0.08333333052083343,0.0,0.08333333052083343,0,0,0.09815950920245398,0.1111111109876543
4610.png,একজন পুরুষ মাথায় টুপি পরা মহিলা একটি <unk>,0.49999999937499995,0.30769230745562126,0.3809523758730159,0.3809523758730159,0.2105263109141275,0.3809523758730159,0,0,0.3921568627450981,0.2352941175086505
2104.png,রেল লাইন ধরে রেল লাইন ধরে রেল ট্রেনে বসে আছে।,0.1999999998,0.15384615372781063,0.17391303841209843,0.17391303841209843,0.09523809024943336,0.17391303841209843,0,0,0.34042553191489366,0.11764705875432525
3250076419_eb3de15063.jpg,একটি কুকুরছানা একটি কালো কুকুর,0.3999999992,0.15384615372781063,0.22222221796296296,0.22222221796296296,0.0,0.2222222167901236,0,0,0.44999999999999996,0.14285714265306124
3366.png,একজন পুরুষ দাড়িয়ে আছে।,0.7499999981250001,0.7499999981250001,0.7499999931250001,0.7499999931250001,0.33333332722222225,0.7499999931250001,0,0,0.4666666666666667,0.5999999988
1016887272_03199f49c4.jpg,একজন লোক একটি পাথরের গুহার ভিতরে একটি পাথরের গুহার ভিতরে একটি পাথরের গুহার ভিতরে একটি পাথরের গুহার ভিতরে একটি পাথরের গুহার ভিতরে একটি পাথরের গুহার ভিতরে একটি পাথরের গুহার ভিতরে একটি পাথরের গুহার ভিতরে একটি পাথরের গুহার ভিতরে একটি পাথরের,0.0499999999875,0.2222222219753086,0.08163265002915464,0.08163265002915464,0.04081632326530638,0.08163265002915464,0,0,0.23668639053254437,0.15384615372781063
1067.png,রাস্তার পাশে কিছু মানুষ দেখা যাচ্ছে।,0.49999999916666665,0.29999999969999996,0.37499999484375,0.37499999484375,0.0,0.37499999484375,0,0,0.44999999999999996,0.24999999979166665
IMG_20220916_173534.jpg,একজন লোক বসে আছে।,0.249999999375,0.1999999996,0.2222222167901236,0.2222222167901236,0.0,0.2222222167901236,0,0,0.5625,0.12499999984374999
5374.png,একটি পুকুরে একটি কুকুর একটি <unk>,0.0,0.0,0.0,0.0,0.0,0.0,0,0,0.2222222222222222,0.0
3354200211_35348e47d8.jpg,একজন লোক রাস্তায় <unk>,0.249999999375,0.249999999375,0.2499999943750001,0.2499999943750001,0.0,0.2499999943750001,0,0,0.4736842105263158,0.14285714265306124
4994.png,একজন পুরুষ চশমা পরে আছে।,0.9999999980000001,0.45454545413223135,0.6249999949218751,0.6249999949218751,0.28571428122448983,0.374999995234375,0,0,0.2894736842105263,0.45454545413223135
253.png,একজন মহিলা ৩ টি গরু নিয়ে আছে।,0.14285714265306124,0.16666666638888888,0.15384614863905344,0.15384614863905344,0.0,0.15384614863905344,0,0,0.4285714285714286,0.08333333326388888
755326139_ee344ece7b.jpg,একটি মেয়ে পুলে সাঁতার কাটতে হয়,0.49999999916666665,0.29999999969999996,0.37499999484375,0.37499999484375,0.0,0.24999999500000003,0,0,0.37142857142857144,0.23076923059171597
2066241589_b80e9f676c.jpg,একটি কুকুর একটি লাঠি নিয়ে ঘাসের মধ্য দিয়ে চলছে,0.4444444439506172,0.49999999937499995,0.4705882297577854,0.4705882297577854,0.3999999944888889,0.4705882297577854,0,0,0.4375,0.29999999969999996
7243.png,একটি পুরাতন <unk>,0.3333333322222222,0.249999999375,0.28571428000000004,0.28571428000000004,0.0,0.28571428000000004,0,0,0.33333333333333337,0.16666666638888888
4164.png,একজন পুরুষ বসে আছে।,0.9999999975,0.2222222220987654,0.36363636033057856,0.36363636033057856,0.19999999725000003,0.27272726950413223,0,0,0.24242424242424243,0.26666666648888887
346622475_244315994917388_3121666446830098164_n.jpg,একজন লোক একটি কাঠের বেঞ্চে বসে আছে,0.0,0.0,0.0,0.0,0.0,0.0,0,0,0.2894736842105263,0.0
5217.png,একটি ছেলে একটি পাথুরে <unk>,0.3999999992,0.33333333277777777,0.36363635801652905,0.36363635801652905,0.2222222167901236,0.36363635801652905,0,0,0.40909090909090906,0.24999999968749997
3254640083_eb34b8edfe.jpg,একটি শিশু আছে।,0.3333333322222222,0.16666666638888888,0.2222222172839507,0.2222222172839507,0.0,0.2222222172839507,0,0,0.2777777777777778,0.12499999984374999
3633.png,অনেকগুলো মানুষ আছে।,0.9999999966666667,0.7499999981250001,0.8571428497959185,0.8571428497959185,0.799999992,0.8571428497959185,0,0,0.8,0.7499999981250001
1677.png,একজন পুরুষ আছে।,0.9999999966666667,0.49999999916666665,0.6666666607407408,0.6666666607407408,0.28571428081632655,0.6666666607407408,0,0,0.45833333333333337,0.49999999916666665
4782.png,একটি উচু জায়গা সেখানে একটি উচু জায়গা সেখানে একটি পর্যটন এলাকায় ভবনগুলোর মধ্যে দিয়ে হেটে যাচ্ছে।,0.124999999921875,0.33333333277777777,0.1818181776859505,0.1818181776859505,0.0,0.1818181776859505,0,0,0.24615384615384617,0.13333333324444444
963.png,একটি সেতু আছে।,0.3333333322222222,0.249999999375,0.28571428000000004,0.28571428000000004,0.0,0.28571428000000004,0,0,0.3125,0.16666666638888888
2924.png,একজন পুরুষ আছে।,0.9999999966666667,0.9999999966666667,0.9999999916666666,0.9999999916666666,0.9999999900000001,0.9999999916666666,1,1,1.0,0.9999999966666667
7424.png,একটি নৌকায় দুইজন মানুষ আছে।,0.7999999984,0.7999999984,0.7999999934,0.7999999934,0.4999999937500001,0.7999999934,0,0,0.85,0.6666666655555555
3424.png,একজন পুরুষ মুখ দেখা যাচ্ছে।,0.1999999996,0.249999999375,0.2222222167901236,0.2222222167901236,0.0,0.2222222167901236,0,0,0.5,0.12499999984374999
3753.png,দূরে পাহাড় আছে।,0.0,0.0,0.0,0.0,0.0,0.0,0,0,0.19999999999999996,0.0
1490213660_9ea45550cf.jpg,একটি কুকুর পানিতে ভিজছে,0.7499999981250001,0.7499999981250001,0.7499999931250001,0.7499999931250001,0.6666666594444445,0.7499999931250001,0,0,0.8666666666666667,0.5999999988
2312984882_bec7849e09.jpg,একটি টেবিলের চারপাশে অনেক মানুষ একটি টেবিলের চারপাশে একটি <unk>,0.0999999999,0.12499999984374999,0.11111110604938293,0.11111110604938293,0.0,0.11111110604938293,0,0,0.32558139534883723,0.07692307686390532
8010.png,একটা ছেলে ছাতা নিয়ে আছে।,0.5999999988,0.3333333329629629,0.42857142336734694,0.42857142336734694,0.16666666194444454,0.42857142336734694,0,0,0.2941176470588235,0.2727272724793388
3688797852_89ed3cb056.jpg,অদ্ভুত সাজে সজ্জিত <unk> টুপি পরা লোকটির হাতে এক ক্লাউন মেকআপ লাগানো একজন লোক,0.14285714275510203,0.2222222219753086,0.17391303856332715,0.17391303856332715,0.0,0.10526315390581731,0,0,0.3090909090909091,0.09999999995
1777816180_08d7e8063b.jpg,একটি মেয়ে একটি পাথরের উপর বসে আছে,0.4285714279591837,0.37499999953124996,0.3999999944888889,0.3999999944888889,0.16666666138888903,0.3999999944888889,0,0,0.5,0.2727272724793388
544122267_e9e0100bc5.jpg,একটি বাচ্চা দোলনায় বসে আছে,0.3999999992,0.6666666644444444,0.49999999406250006,0.49999999406250006,0.0,0.4444444385185186,0,0,0.2941176470588235,0.33333333277777777
3485486737_953f9d3be2.jpg,একটি গাড়ির ভিতরে একটি গাড়ির ভিতরে বসে আছে।,0.24999999968749997,0.18181818165289254,0.21052631069252087,0.21052631069252087,0.11764705384083066,0.21052631069252087,0,0,0.3913043478260869,0.14285714275510203
535123126_c06c1ab9bf.jpg,একটি কুকুর একটি লাঠি নিয়ে ঝগড়া করছে,0.4285714279591837,0.3333333329629629,0.374999994609375,0.374999994609375,0.0,0.374999994609375,0,0,0.5142857142857142,0.24999999979166665
1355945307_f9e01a9a05.jpg,একটি <unk> সম্বলিত একটি <unk> আগুন নিভিয়ে দেয়,0.24999999968749997,0.1999999998,0.22222221703703712,0.22222221703703712,0.0,0.22222221703703712,0,0,0.2702702702702703,0.07142857137755101
5368.png,একটি পাখি আছে।,0.3333333322222222,0.3333333322222222,0.33333332722222225,0.33333332722222225,0.0,0.33333332722222225,0,0,0.6,0.1999999996
4702.png,একটি পুরাতন <unk>,0.3333333322222222,0.16666666638888888,0.2222222172839507,0.2222222172839507,0.0,0.2222222172839507,0,0,0.16666666666666663,0.12499999984374999
7140.png,একজন পুরুষ দুইটি শিশু আছে।,0.3999999992,0.49999999875,0.4444444385185186,0.4444444385185186,0.28571428000000004,0.4444444385185186,0,0,0.6666666666666667,0.2857142853061225
2910758605_73a3f5a5c2.jpg,একটা ছেলে ট্রেন লাইনের সামনে দাঁড়িয়ে আছে,0.14285714265306124,0.16666666638888888,0.15384614863905344,0.15384614863905344,0.0,0.15384614863905344,0,0,0.3846153846153846,0.08333333326388888
5072.png,একজন পুরুষ ও একজন পুরুষ আছে।,0.49999999916666665,0.23076923059171597,0.31578946903047095,0.31578946903047095,0.0,0.31578946903047095,0,0,0.4418604651162791,0.23076923059171597
370.png,একজন পুরুষ হেঁটে যাচ্ছে।,0.7499999981250001,0.49999999916666665,0.5999999940000001,0.5999999940000001,0.24999999468750006,0.5999999940000001,0,0,0.5416666666666667,0.4285714279591837
2097403787_77a154f5b9.jpg,একটি পাহাড়ের সামনে এক লোক একটি পাহাড়ের সামনে দাঁড়িয়ে আছে।,0.3999999996,0.49999999937499995,0.4444444390123457,0.4444444390123457,0.3076923029585799,0.4444444390123457,0,0,0.5789473684210527,0.3636363633057851
3262475923_f1f77fcd9f.jpg,একজন লোক একটি বেসে স্লাইড করে,0.33333333277777777,0.2222222219753086,0.2666666615111111,0.2666666615111111,0.15384614887573977,0.2666666615111111,0,0,0.32352941176470584,0.15384615372781063
1470132731_fa416b7504.jpg,একটি কালো কুকুর পানিতে সাঁতার কাটছে।,0.49999999916666665,0.7499999981250001,0.5999999940000001,0.5999999940000001,0.49999999406250006,0.5999999940000001,0,0,0.6956521739130435,0.4285714279591837
7253.png,একটি ছেলে একটি <unk>,0.0,0.0,0.0,0.0,0.0,0.0,0,0,0.2068965517241379,0.0
3265578645_4044a7049a.jpg,একটি বাস এর সামনে একটি গাড়ির সামনে দাঁড়িয়ে আছে,0.3333333329629629,0.49999999916666665,0.3999999946666667,0.3999999946666667,0.1428571377551022,0.3999999946666667,0,0,0.59375,0.29999999969999996
3456862740_7550bcddc2.jpg,একজন লোক একটি মোটরসাইকেল নিয়ে বাইক চালাচ্ছে,0.7142857132653061,0.5555555549382716,0.624999994296875,0.624999994296875,0.4285714230612245,0.624999994296875,0,0,0.5806451612903225,0.45454545413223135
IMG_8224.JPG,একটি লোক ও একজন পুরুষ ও একজন পুরুষ ও একজন পুরুষ ও একজন পুরুষ ও একজন পুরুষ ও একজন পুরুষ ও একজন পুরুষ ও একজন পুরুষ ও একজন পুরুষ ও একজন পুরুষ ও একজন পুরুষ ও একজন পুরুষ ও একজন,0.0499999999875,0.33333333277777777,0.08695651943289232,0.08695651943289232,0.0,0.0444444424493828,0,0,0.07586206896551728,0.2222222219753086
2696394827_7342ced36f.jpg,একটি কুকুর পানিতে একটি পানির মধ্যে দৌড়াচ্ছে,0.571428570612245,0.571428570612245,0.5714285656122451,0.5714285656122451,0.3333333277777778,0.4615384558579882,0,0,0.5357142857142857,0.37499999953124996
2220175999_081aa9cce8.jpg,একটি কুকুর পানিতে সাঁতার কাটছে,0.3999999992,0.49999999875,0.4444444385185186,0.4444444385185186,0.28571428000000004,0.4444444385185186,0,0,0.631578947368421,0.2857142853061225
7810.png,একজন পুরুষ আছে।,0.6666666644444444,0.1999999998,0.3076923036686391,0.3076923036686391,0.0,0.3076923036686391,0,0,0.28205128205128205,0.1999999998
DSC_9068.JPG,একজন নারী একটি শিশু দাড়িয়ে আছে।,0.16666666638888888,0.249999999375,0.1999999948000001,0.1999999948000001,0.0,0.1999999948000001,0,0,0.5238095238095238,0.1111111109876543
2278776373_fe499a93be.jpg,একটি কাউবয় টুপি পরা একজন লোক একটি <unk>,0.37499999953124996,0.29999999969999996,0.3333333280246914,0.3333333280246914,0.12499999492187522,0.22222221703703712,0,0,0.3666666666666667,0.21428571413265304
3110614694_fecc23ca65.jpg,একটি কুকুর বরফের মধ্যে দৌঁড়াচ্ছে,0.7999999984,0.4444444439506172,0.5714285660204083,0.5714285660204083,0.33333332833333335,0.4444444399382716,0,0,0.4411764705882353,0.4444444439506172
1280147517.jpg,একটি নৌকার ডেকের উপর দিয়ে একটি <unk>,0.2857142853061225,0.49999999875,0.36363635834710756,0.36363635834710756,0.1818181765289258,0.36363635834710756,0,0,0.42307692307692313,0.1999999998
inbound4189403605111348304.jpg,একটি বিড়াল আছে।,0.3333333322222222,0.1111111109876543,0.16666666263888896,0.16666666263888896,0.0,0.16666666263888896,0,0,0.22857142857142854,0.09090909082644627
1296770308_3db2022f5a.jpg,একজন লোক একটি <unk> <unk>,0.3999999992,0.49999999875,0.4444444385185186,0.4444444385185186,0.0,0.4444444385185186,0,0,0.375,0.24999999979166665
903.png,একজন পুরুষ ও একজন নারী আছে।,0.9999999983333333,0.8571428559183674,0.9230769166863906,0.9230769166863906,0.5454545395041324,0.6153846094674558,0,0,0.5416666666666667,0.8333333319444445
1638.png,শাড়ি পরিহিত একজন নারী বসে আছে।,0.33333333277777777,0.1999999998,0.24999999500000003,0.24999999500000003,0.0,0.24999999500000003,0,0,0.29032258064516125,0.14285714275510203
1299459550_1fd5594fa2.jpg,একটি মেয়ে অন্তর্বাস পরা একটি ছেলে অন্তর্বাস পরে পানিতে ভিজে গেলো,0.2727272724793388,0.5999999988,0.374999995234375,0.374999995234375,0.28571428122448983,0.374999995234375,0,0,0.3023255813953488,0.2727272724793388
6543.png,কয়েকজন মানুষ আছে।,0.6666666644444444,0.3999999992,0.49999999406250006,0.49999999406250006,0.33333332777777785,0.49999999406250006,0,0,0.5789473684210527,0.33333333277777777
3415178926_909db9400b.jpg,কালো জ্যাকেট পরিহিত একজন লোক ও একটি কুকুর নিয়ে একটি কালো কুকুরের সাথে ছবি তোলার জন্য অংগভংগি করছে,0.3888888886728395,0.46666666635555554,0.4242424190266299,0.4242424190266299,0.19354838201873062,0.36363635845730025,0,0,0.3529411764705882,0.3043478259546314
2559503010_84f20b3bc9.jpg,একটি ভ্রাম্যমাণ আনন্দমেলায় একটি দোকানের দোকানের সামনে দাঁড়িয়ে আছে।,0.3333333329629629,0.2727272724793388,0.29999999475000005,0.29999999475000005,0.11111110604938293,0.29999999475000005,0,0,0.5116279069767442,0.15384615372781063
8951.png,কয়েকজন মানুষ আছে।,0.6666666644444444,0.33333333277777777,0.44444443901234576,0.44444443901234576,0.0,0.44444443901234576,0,0,0.5,0.2857142853061225
3187.png,একজন পুরুষ আছে।,0.3333333322222222,0.249999999375,0.28571428000000004,0.28571428000000004,0.0,0.28571428000000004,0,0,0.5714285714285714,0.16666666638888888
452363869_cad37e609f.jpg,একটি কুকুর একটি কালো কুকুর দৌড়াচ্ছে,0.8333333319444445,0.45454545413223135,0.5882352888581315,0.5882352888581315,0.2222222167901236,0.47058823017301044,0,0,0.6521739130434783,0.3999999996
8739.png,একজন বাচ্চা ছেলে গায়ে চাদর দিয়ে হেঁটে যাচ্ছে।,0.37499999953124996,0.2727272724793388,0.31578946847645434,0.31578946847645434,0.11764705384083066,0.31578946847645434,0,0,0.3783783783783784,0.1874999998828125
8588.png,একজন কৃষক গরু নিয়ে হেঁটে যাচ্ছে।,0.33333333277777777,0.33333333277777777,0.3333333277777778,0.3333333277777778,0.0,0.16666666138888903,0,0,0.34615384615384615,0.1999999998
5846.png,একজন পুরুষ দাড়িয়ে আছে।,0.249999999375,0.3333333322222222,0.28571428000000004,0.28571428000000004,0.0,0.28571428000000004,0,0,0.4666666666666667,0.16666666638888888
1164765687.jpg,একটি কালো কুকুর মেঝেতে শুয়ে আছে,0.33333333277777777,0.1999999998,0.24999999500000003,0.24999999500000003,0.14285713806122466,0.24999999500000003,0,0,0.40625,0.14285714275510203
3203872773_6c30f64be3.jpg,একটি ছেলে বাতাসে একটি <unk>,0.1999999996,0.249999999375,0.2222222167901236,0.2222222167901236,0.0,0.2222222167901236,0,0,0.4444444444444444,0.14285714265306124
766.png,একজন ছেলে সারা মুখে হাত দিয়ে চেয়ে আছেন।,0.12499999984374999,0.16666666638888888,0.1428571377551022,0.1428571377551022,0.0,0.1428571377551022,0,0,0.46153846153846156,0.07692307686390532
8006.png,নদীতে নৌকা আছে।,0.6666666644444444,0.15384615372781063,0.24999999664062497,0.24999999664062497,0.0,0.24999999664062497,0,0,0.26086956521739135,0.15384615372781063
786.png,একজন পুরুষ আছে।,0.9999999966666667,0.5999999988,0.7499999934375,0.7499999934375,0.33333332777777785,0.7499999934375,0,0,0.5789473684210527,0.5999999988
5949.png,কয়েকজন পুরুষ ও একজন পুরুষ ও একজন পুরুষ ও একজন পুরুষ ও একজন পুরুষ ও একজন পুরুষ ও একজন পুরুষ ও একজন পুরুষ ও একজন পুরুষ ও একজন পুরুষ ও একজন পুরুষ ও একজন পুরুষ ও একজন পুরুষ ও একজন,0.02499999999375,0.249999999375,0.04545454378099179,0.04545454378099179,0.0,0.04545454378099179,0,0,0.10810810810810811,0.14285714265306124
4343.png,একটি লোক একটি <unk> <unk> <unk> <unk> <unk> <unk> <unk> <unk> <unk> <unk> <unk> <unk> <unk> <unk> <unk> <unk> <unk> <unk> <unk> <unk> <unk> <unk> <unk> <unk> <unk> <unk> <unk> <unk> <unk> <unk> <unk> <unk> <unk> <unk> <unk> <unk> <unk>,0.0499999999875,0.3999999992,0.08888888687407412,0.08888888687407412,0.04651162619794489,0.08888888687407412,0,0,0.06329113924050633,0.33333333277777777
1563.png,কয়েকজন মানুষ আছে।,0.3333333322222222,0.1111111109876543,0.16666666263888896,0.16666666263888896,0.0,0.16666666263888896,0,0,0.2941176470588235,0.09090909082644627
6083.png,ঝর্ণার পানিতে একটি সেতু আছে।,0.3999999992,0.33333333277777777,0.36363635801652905,0.36363635801652905,0.2222222167901236,0.36363635801652905,0,0,0.42307692307692313,0.2222222219753086
341.png,একজন নারী ও একজন নারী আছে।,0.49999999916666665,0.37499999953124996,0.4285714230612245,0.4285714230612245,0.16666666152777793,0.4285714230612245,0,0,0.5172413793103448,0.3333333329629629
8399.png,কয়েকজন মানুষ আছে।,0.9999999966666667,0.5999999988,0.7499999934375,0.7499999934375,0.6666666600000001,0.7499999934375,0,0,0.6,0.5999999988
2378.png,একটি শিশু পতাকা দেখা যাচ্ছে।,0.0,0.0,0.0,0.0,0.0,0.0,0,0,0.23529411764705888,0.0
1051.png,একটি দালানের সামনে কিছু লোক একটি রাস্তায় একটি রাস্তায় একটি রাস্তায় একটি রাস্তায় একটি রাস্তায় একটি রাস্তায় একটি রাস্তায় একটি রাস্তায় একটি রাস্তায় একটি রাস্তায় একটি রাস্তায় একটি রাস্তায় একটি রাস্তায় একটি রাস্তায় একটি রাস্তায় একটি রাস্তায় একটি রাস্তায় একটি,0.07499999998125,0.11538461534023668,0.09090908610651999,0.09090908610651999,0.0,0.09090908610651999,0,0,0.2914285714285715,0.13333333324444444
8483.png,পানিতে কয়েকজন মানুষ আছে।,0.7499999981250001,0.7499999981250001,0.7499999931250001,0.7499999931250001,0.33333332722222225,0.7499999931250001,0,0,0.875,0.5999999988
5850.png,একজন নারী তাকিয়ে আছে।,0.9999999975,0.9999999975,0.9999999925,0.9999999925,0.9999999916666666,0.9999999925,1,1,1.0,0.9999999975
2226534154_cbcab7ba32.jpg,একটি অনুষ্ঠানে একদল লোক।,0.249999999375,0.1999999996,0.2222222167901236,0.2222222167901236,0.0,0.2222222167901236,0,0,0.20588235294117652,0.12499999984374999
3211199368_ca78387f72.jpg,একজন লোক একটি কালো টুপি পরে একটি <unk> <unk>,0.2222222219753086,0.2222222219753086,0.22222221697530875,0.22222221697530875,0.0,0.22222221697530875,0,0,0.3142857142857143,0.14285714275510203
7933.png,একজন নারী আছে।,0.9999999966666667,0.49999999916666665,0.6666666607407408,0.6666666607407408,0.28571428081632655,0.6666666607407408,0,0,0.47619047619047616,0.49999999916666665
1008.png,একটি অদ্ভুত দেখতে <unk>,0.249999999375,0.16666666638888888,0.1999999948000001,0.1999999948000001,0.0,0.1999999948000001,0,0,0.23809523809523814,0.1111111109876543
340425915_490293058f.jpg,একটি কুকুর তুষারে শুয়ে আছে,0.7999999984,0.3333333330555555,0.47058823058823535,0.47058823058823535,0.1818181768595043,0.47058823058823535,0,0,0.4285714285714286,0.30769230745562126
5174.png,একটি ভবন আছে।,0.3333333322222222,0.1111111109876543,0.16666666263888896,0.16666666263888896,0.0,0.16666666263888896,0,0,0.19999999999999996,0.1111111109876543
5218.png,একটি <unk> <unk>,0.3333333322222222,0.1999999996,0.24999999468750006,0.24999999468750006,0.0,0.24999999468750006,0,0,0.25,0.16666666638888888
5838.png,একটি <unk> একটি রাস্তায় একটি রাস্তায় সাইকেল নিয়ে দাঁড়িয়ে আছে,0.1999999998,0.13333333324444444,0.15999999507200013,0.15999999507200013,0.0,0.15999999507200013,0,0,0.35416666666666663,0.09999999995
IMG_2918.JPG,লোক টি বসে আছে,0.9999999975,0.9999999975,0.9999999925,0.9999999925,0.9999999916666666,0.9999999925,1,1,1.0,0.9999999975
437054333_5c2761b8cd.jpg,একটি বাস এর ভিতর থেকে বিরতি নিলো,0.4285714279591837,0.29999999969999996,0.35294117121107266,0.35294117121107266,0.1818181765289258,0.3076923022485208,0,0,0.4347826086956522,0.24999999979166665
2502782508_2c8211cd6b.jpg,একজন লোক বই পড়ছেন,0.7499999981250001,0.4285714279591837,0.5454545398347109,0.5454545398347109,0.2222222172839507,0.5454545398347109,0,0,0.52,0.37499999953124996
2937697444_2367ff0e28.jpg,একজন লোক একটি <unk>,0.49999999875,0.2222222219753086,0.3076923029585799,0.3076923029585799,0.18181817752066123,0.3076923029585799,0,0,0.38095238095238093,0.18181818165289254
5017.png,সামনে শহীদ মিনার।,0.0,0.0,0.0,0.0,0.0,0.0,0,0,0.18918918918918914,0.0
3927.png,একজন নারী ও পিছনে একজন বাচ্চা মেয়ে যার পিছনে গাছ ধরে আছে।,0.3333333330555555,0.4444444439506172,0.38095237569161,0.38095237569161,0.0,0.38095237569161,0,0,0.4390243902439024,0.19999999986666667
4353.png,একটি মেয়ে হাসছে,0.6666666644444444,0.49999999875,0.5714285648979592,0.5714285648979592,0.39999999360000005,0.5714285648979592,0,0,0.6153846153846154,0.3999999992
2453990033_df53f0d8c8.jpg,একটি মেয়ে একটি পার্কে,0.49999999875,0.124999999921875,0.1999999966,0.1999999966,0.0,0.1999999966,0,0,0.2592592592592593,0.09090909082644627
3572144280_ea42bbd927.jpg,এক ব্যক্তি একটি <unk>,0.49999999875,0.2857142853061225,0.36363635834710756,0.36363635834710756,0.2222222172839507,0.36363635834710756,0,0,0.6,0.2222222219753086
412082368_371df946b3.jpg,একটি ছেলে একটি লাল <unk> <unk> করছে,0.2857142853061225,0.49999999875,0.36363635834710756,0.36363635834710756,0.10526315346260404,0.36363635834710756,0,0,0.4,0.2857142853061225
1215334959_b1970965f7.jpg,একটি পরিবার একটি ব্যস্ত ফুটপাতে হাঁটছে,0.49999999916666665,0.2727272724793388,0.3529411714878893,0.3529411714878893,0.1818181765289258,0.3076923022485208,0,0,0.3414634146341463,0.1999999998
IMG_9572.JPG,একটি স্কুল <unk>,0.0,0.0,0.0,0.0,0.0,0.0,0,0,0.36363636363636365,0.0
6045.png,একটি টাওয়ার আছে।,0.0,0.0,0.0,0.0,0.0,0.0,0,0,0.2857142857142857,0.0
3487131146_9d3aca387a.jpg,একটি ছোট ছেলে একটি লাল রঙের গাড়ি চালাচ্ছে,0.37499999953124996,0.24999999979166665,0.2999999949,0.2999999949,0.0,0.1999999950000001,0,0,0.4285714285714286,0.124999999921875
5810.png,একজন পুরুষ ও একজন নারী ও একজন নারী ও একজন নারী ও একজন নারী ও একজন নারী ও একজন নারী ও একজন নারী ও একজন নারী ও একজন নারী ও একজন নারী ও একজন নারী ও একজন নারী ও একজন,0.02499999999375,0.12499999984374999,0.04166666387152797,0.04166666387152797,0.0,0.04166666387152797,0,0,0.11851851851851847,0.09090909082644627
1786425974_c7c5ad6aa1.jpg,দুটি কুকুর একসাথে খেলছে,0.249999999375,0.07142857137755101,0.1111111075308643,0.1111111075308643,0.0,0.1111111075308643,0,0,0.375,0.07142857137755101
1259936608_e3f0064f23.jpg,একটি মেয়ে ফোয়ারায় খেলছে।,0.49999999875,0.2857142853061225,0.36363635834710756,0.36363635834710756,0.0,0.36363635834710756,0,0,0.5,0.2222222219753086
3681575323_433d007650.jpg,একটি মেয়ে একটি ছোট মেয়ে,0.1999999996,0.1999999996,0.19999999460000012,0.19999999460000012,0.0,0.19999999460000012,0,0,0.25,0.12499999984374999
316833109_6500b526dc.jpg,একটি কুকুর একটি ফ্রিসবি ধরছে,0.5999999988,0.37499999953124996,0.46153845609467453,0.46153845609467453,0.1818181768595043,0.46153845609467453,0,0,0.5161290322580645,0.2222222219753086
3486135177_772628d034.jpg,একজন স্কেটবোর্ডার একটি <unk>,0.49999999875,0.33333333277777777,0.3999999944,0.3999999944,0.0,0.1999999948000001,0,0,0.34782608695652173,0.24999999968749997
2453318633_550228acd4.jpg,একটি কুকুর একটি ফ্রিসবি ধরার চেষ্টা করছে,0.4285714279591837,0.2727272724793388,0.33333332820987654,0.33333332820987654,0.15384614863905344,0.2727272681404959,0,0,0.3793103448275862,0.16666666652777776
8636.png,একটি শিশু আছে।,0.3333333322222222,0.3333333322222222,0.33333332722222225,0.33333332722222225,0.0,0.33333332722222225,0,0,0.5454545454545454,0.1999999996
3589267801_5a222e3a60.jpg,একটি কুকুর একটি <unk>,0.7499999981250001,0.37499999953124996,0.49999999472222234,0.49999999472222234,0.1999999954000001,0.49999999472222234,0,0,0.4444444444444444,0.33333333277777777
7768.png,একটি পুকুর ও একটি পুকুর ও একটি নৌকা আছে।,0.1111111109876543,0.16666666638888888,0.13333332835555572,0.13333332835555572,0.0,0.13333332835555572,0,0,0.3793103448275862,0.0999999999
3506096155_13632955e8.jpg,একটি ছেলে সাইকেল চালাচ্ছে,0.249999999375,0.14285714265306124,0.1818181768595043,0.1818181768595043,0.0,0.1818181768595043,0,0,0.303030303030303,0.0999999999
1182733666.jpg,কয়েকজন মানুষ আছে।,0.0,0.0,0.0,0.0,0.0,0.0,0,0,0.17391304347826086,0.0
3168796547_0c14b368f9.jpg,একটি ছেলে একটি কুকুর,0.49999999875,0.2222222219753086,0.3076923029585799,0.3076923029585799,0.0,0.3076923029585799,0,0,0.31999999999999995,0.1111111109876543
3119887967_271a097464.jpg,তিনজন রেললাইনেড় পাশে দাঁড়িয়ে আছে।,0.0,0.0,0.0,0.0,0.0,0.0,0,0,0.23333333333333328,0.0
7073.png,একটি ছোট বাচ্চা মেয়ে,0.49999999875,0.13333333324444444,0.21052631224376733,0.21052631224376733,0.0,0.21052631224376733,0,0,0.23333333333333328,0.11764705875432525
7888.png,একটি লোক একটা বেলন দিয়ে দাঁড়িয়ে আছে,0.0,0.0,0.0,0.0,0.0,0.0,0,0,0.33333333333333337,0.0
2096771662_984441d20d.jpg,একজন লোক একটি ছবির জন্য ছবি তুলছে,0.2857142853061225,0.18181818165289254,0.22222221722222232,0.22222221722222232,0.0,0.16666666152777793,0,0,0.4482758620689655,0.124999999921875
2657.png,একটি বাঁশের উপরে সূর্য অস্ত যাচ্ছে।,0.33333333277777777,0.3999999992,0.36363635801652905,0.36363635801652905,0.0,0.36363635801652905,0,0,0.5217391304347826,0.2222222219753086
5020.png,একটি পুরাতন মসজিদ।,0.3333333322222222,0.14285714265306124,0.1999999954000001,0.1999999954000001,0.0,0.1999999954000001,0,0,0.375,0.1111111109876543
2079152458_40712c3b40.jpg,মুখে একটি কুকুর দৌড়ে বেড়াচ্ছে,0.5999999988,0.4285714279591837,0.4999999943055557,0.4999999943055557,0.1999999948000001,0.33333332791666676,0,0,0.40909090909090906,0.3333333329629629
6597.png,একজন পুরুষ দাড়িয়ে আছে।,0.9999999975,0.9999999975,0.9999999925,0.9999999925,0.9999999916666666,0.9999999925,1,1,1.0,0.9999999975
3767.png,কয়েকজন পুরুষ দাড়িয়ে আছে।,0.49999999875,0.49999999875,0.4999999937500001,0.4999999937500001,0.0,0.4999999937500001,0,0,0.2941176470588235,0.33333333277777777
3723903586_e98d3d8ec7.jpg,একটি দৌড়ের <unk> একটি কুকুর একটি ট্রেকে দৌড়াচ্ছে।,0.24999999968749997,0.3999999992,0.3076923024852071,0.3076923024852071,0.1818181768595043,0.3076923024852071,0,0,0.4651162790697675,0.2222222219753086
_MG_1883.JPG,একটা ছেলে দাঁড়িয়ে আছেন,0.249999999375,0.1999999996,0.2222222167901236,0.2222222167901236,0.0,0.2222222167901236,0,0,0.4736842105263158,0.12499999984374999
7114.png,একটি ছেলে ক্যামেরার দিকে তাকিয়ে আছে,0.33333333277777777,0.33333333277777777,0.3333333277777778,0.3333333277777778,0.0,0.3333333277777778,0,0,0.5909090909090908,0.1999999998
3396817186_b299ee0531.jpg,একটি কুকুর ঘাসের উপর দিয়ে চলছে,0.6666666655555555,0.30769230745562126,0.4210526268144044,0.4210526268144044,0.11764705453287211,0.4210526268144044,0,0,0.5,0.30769230745562126
3476709230_6439305bf2.jpg,একটি ছোট মেয়েটি একটি <unk>,0.1999999996,0.14285714265306124,0.16666666152777793,0.16666666152777793,0.0,0.16666666152777793,0,0,0.3076923076923077,0.0999999999
3652572138_34d6b72999.jpg,একটি <unk>,0.4999999975,0.249999999375,0.33333332777777785,0.33333332777777785,0.0,0.33333332777777785,0,0,0.33333333333333337,0.1999999996
7491.png,একটি শিশু আছে।,0.6666666644444444,0.49999999875,0.5714285648979592,0.5714285648979592,0.0,0.5714285648979592,0,0,0.5833333333333333,0.3999999992
3698.png,একটা ছেলে উপরে লাফ দিয়েছে।,0.1999999996,0.1111111109876543,0.14285713806122466,0.14285713806122466,0.0,0.14285713806122466,0,0,0.375,0.07692307686390532
6188.png,একটি শিশু তাকিয়ে আছে।,0.9999999975,0.9999999975,0.9999999925,0.9999999925,0.9999999916666666,0.9999999925,1,1,1.0,0.9999999975
543.png,কয়েকজন মানুষ আছে।,0.3333333322222222,0.0999999999,0.15384615005917168,0.15384615005917168,0.0,0.15384615005917168,0,0,0.4,0.08333333326388888
IMG_20220921_123204.jpg,একটি মেয়ে তার মাথার উপরে একটি বল মারছে,0.12499999984374999,0.1999999996,0.15384614887573977,0.15384614887573977,0.0,0.15384614887573977,0,0,0.4285714285714286,0.09090909082644627
843616798_5ab0ecb525.jpg,দুটি কুকুর একটি সাদা কুকুর,0.5999999988,0.37499999953124996,0.46153845609467453,0.46153845609467453,0.1818181768595043,0.46153845609467453,0,0,0.4444444444444444,0.37499999953124996
2114.png,একজন পুরুষ আছে।,0.9999999966666667,0.5999999988,0.7499999934375,0.7499999934375,0.33333332777777785,0.7499999934375,0,0,0.5789473684210527,0.5999999988
3342855466_44038a8aa3.jpg,একজন স্কেটবোর্ডার একটি ট্যাগযুক্ত বাইকে করে একটি ট্যাগযুক্ত বাইকে করে একটি ট্যাগযুক্ত বাইকে করে একটি ট্যাগযুক্ত বাইকে করে একটি ট্যাগযুক্ত বাইকে করে একটি ট্যাগযুক্ত বাইকে করে একটি ট্যাগযুক্ত বাইকে করে একটি ট্যাগযুক্ত বাইকে করে একটি ট্যাগযুক্ত বাইকে করে একটি ট্যাগযুক্ত,0.02499999999375,0.1999999996,0.0444444424493828,0.0444444424493828,0.0,0.0444444424493828,0,0,0.1351351351351351,0.0999999999
5131.png,একটি লঞ্চ আছে।,0.3333333322222222,0.249999999375,0.28571428000000004,0.28571428000000004,0.0,0.28571428000000004,0,0,0.33333333333333337,0.16666666638888888
inbound1443164387657121842.jpg,কয়েকজন নারী ও একজন নারী আছে।,0.0,0.0,0.0,0.0,0.0,0.0,0,0,0.23684210526315785,0.0
2407.png,কয়েকজন মানুষ আছে।,0.9999999966666667,0.37499999953124996,0.5454545404958677,0.5454545404958677,0.22222221827160496,0.5454545404958677,0,0,0.3529411764705882,0.37499999953124996
2501968935_02f2cd8079.jpg,একটি টুপি পরিহিত তিনজন লোক একটি দালানের পাশে দাঁড়িয়ে আছে,0.3999999996,0.2222222220987654,0.28571428091836737,0.28571428091836737,0.12499999492187522,0.22222221703703712,0,0,0.3829787234042553,0.13333333324444444
3611.png,কয়েকজন পুরুষ দাড়িয়ে আছে।,0.49999999875,0.33333333277777777,0.3999999944,0.3999999944,0.0,0.3999999944,0,0,0.36363636363636365,0.24999999968749997
8462.png,একটি দেয়ালের সামনে একজন পুরুষ বসে আছে।,0.571428570612245,0.9999999975,0.7272727213223142,0.7272727213223142,0.6666666607407408,0.7272727213223142,0,0,0.5185185185185186,0.571428570612245
2842439618_fb20fe2215.jpg,একটি সার্ফার তার বোর্ডে <unk>,0.1999999996,0.08333333326388888,0.11764705453287211,0.11764705453287211,0.0,0.11764705453287211,0,0,0.3913043478260869,0.0624999999609375
475042270_719ebe6c48.jpg,একটি কুকুর একটি অপরটির সাথে খেলাচ্ছে,0.6666666655555555,0.3333333330555555,0.4444444395061729,0.4444444395061729,0.12499999554687513,0.4444444395061729,0,0,0.39583333333333337,0.23076923059171597
3607405494_0df89110a6.jpg,একটি কালো কুকুর একটি কালো কুকুর,0.33333333277777777,0.24999999968749997,0.2857142804081633,0.2857142804081633,0.16666666152777793,0.2857142804081633,0,0,0.375,0.2222222219753086
2226440063_c085b30558.jpg,একটি কুকুর জলের <unk>,0.49999999875,0.49999999875,0.4999999937500001,0.4999999937500001,0.33333332722222225,0.4999999937500001,0,0,0.4347826086956522,0.33333333277777777
2816.png,একটি শিশু বসে আছে।,0.9999999975,0.9999999975,0.9999999925,0.9999999925,0.9999999916666666,0.9999999925,1,1,1.0,0.9999999975
HK7A9362.JPG,<unk> <unk> <unk> <unk> <unk> <unk>,0.16666666638888888,0.1999999996,0.1818181765289258,0.1818181765289258,0.0,0.1818181765289258,0,0,0.30434782608695654,0.1999999996
IMG_20220915_162943.jpg,একজন পুরুষ একটি গাড়ির উপর বসে আছে।,0.4285714279591837,0.2727272724793388,0.33333332820987654,0.33333332820987654,0.24999999500000003,0.33333332820987654,0,0,0.5142857142857142,0.23076923059171597
327997381_55f90dc834.jpg,একজন লোক একটি পালঙ্কে বিশ্রাম নিচ্ছে।,0.16666666638888888,0.14285714265306124,0.15384614863905344,0.15384614863905344,0.0,0.15384614863905344,0,0,0.4,0.08333333326388888
5110.png,একজন পুরুষ হেঁটে যাচ্ছে।,0.7499999981250001,0.7499999981250001,0.7499999931250001,0.7499999931250001,0.6666666594444445,0.7499999931250001,0,0,0.8666666666666667,0.5999999988
707972553_36816e53a2.jpg,একটি ছেলে হাতে একটা লোক দাঁড়িয়ে আছে।,0.2857142853061225,0.1999999998,0.23529411252595167,0.23529411252595167,0.0,0.23529411252595167,0,0,0.40909090909090906,0.13333333324444444
4436.png,একটি <unk>,0.4999999975,0.1111111109876543,0.1818181785123967,0.1818181785123967,0.0,0.1818181785123967,0,0,0.11764705882352944,0.0999999999
172092464_d9eb4f4f2f.jpg,একটি ছেলে পানিতে ভিজে গেলো,0.3999999992,0.2857142853061225,0.33333332791666676,0.33333332791666676,0.0,0.33333332791666676,0,0,0.44999999999999996,0.1999999998
8337.png,মাটির কাজ করছে।,0.6666666644444444,0.49999999875,0.5714285648979592,0.5714285648979592,0.39999999360000005,0.5714285648979592,0,0,0.5333333333333333,0.3999999992
599.png,একজন নারী আছে।,0.6666666644444444,0.24999999968749997,0.36363635900826446,0.36363635900826446,0.0,0.36363635900826446,0,0,0.2647058823529411,0.24999999968749997
8665.png,একজন নারী আছে।,0.3333333322222222,0.16666666638888888,0.2222222172839507,0.2222222172839507,0.0,0.2222222172839507,0,0,0.4,0.12499999984374999
3193335577_9bdbaf9f70.jpg,একটি শিশু পাহাড়ে উঠছে।,0.249999999375,0.0999999999,0.14285713857142868,0.14285713857142868,0.0,0.14285713857142868,0,0,0.2592592592592593,0.07692307686390532
288880576_818b6ecfef.jpg,এক লোক একটি পাথরে আরোহণ করছে,0.49999999916666665,0.2727272724793388,0.3529411714878893,0.3529411714878893,0.16666666152777793,0.3529411714878893,0,0,0.5,0.21428571413265304
383223174_7165a54c30.jpg,একটি বাদামী কুকুর একটি <unk>,0.5999999988,0.49999999916666665,0.5454545395041324,0.5454545395041324,0.36363635834710756,0.5454545395041324,0,0,0.5909090909090908,0.4285714279591837
1629.png,একটি ফলের দোকানে একজন পুরুষ আছে।,0.8333333319444445,0.49999999949999996,0.62499999453125,0.62499999453125,0.3076923024852071,0.5333333278222222,0,0,0.5588235294117647,0.45454545413223135
3330675488_8692476a4a.jpg,একটি <unk> একটি <unk>,0.7499999981250001,0.19999999986666667,0.31578947002770086,0.31578947002770086,0.0,0.31578947002770086,0,0,0.21052631578947367,0.15384615372781063
2452238877_2340609c6e.jpg,একটি কুকুর একটি বল ধরার চেষ্টা করছে,0.4285714279591837,0.29999999969999996,0.35294117121107266,0.35294117121107266,0.13333332835555572,0.35294117121107266,0,0,0.4358974358974359,0.15384615372781063
5572.png,কয়েকজন মানুষ আছে।,0.3333333322222222,0.3333333322222222,0.33333332722222225,0.33333332722222225,0.0,0.33333332722222225,0,0,0.5833333333333333,0.1999999996
637.png,কয়েকজন মানুষ আছে।,0.6666666644444444,0.2857142853061225,0.39999999500000005,0.39999999500000005,0.0,0.39999999500000005,0,0,0.31818181818181823,0.24999999968749997
6200.png,একজন নারী বসে আছে।,0.9999999975,0.4444444439506172,0.6153846101775148,0.6153846101775148,0.36363635900826446,0.6153846101775148,0,0,0.4,0.571428570612245
DSC_9198.JPG,একজন পুরুষ ও একজন পুরুষ আছে।,0.16666666638888888,0.12499999984374999,0.1428571377551022,0.1428571377551022,0.0,0.1428571377551022,0,0,0.40909090909090906,0.0999999999
7497.png,একজন পুরুষ ও একটি শিশু আছে।,0.33333333277777777,0.6666666644444444,0.44444443901234576,0.44444443901234576,0.0,0.44444443901234576,0,0,0.30000000000000004,0.2857142853061225
6416.png,একটি বাদামি কুকুর ঘাসের মধ্যে দিয়ে দৌড়ে যাচ্ছে,0.24999999968749997,0.33333333277777777,0.2857142804081633,0.2857142804081633,0.0,0.2857142804081633,0,0,0.4137931034482759,0.18181818165289254
2880.png,একজন লোক একটি <unk>,0.249999999375,0.08333333326388888,0.1249999960937501,0.1249999960937501,0.0,0.1249999960937501,0,0,0.26190476190476186,0.07692307686390532
2967630001_cdc5560c0b.jpg,একটি কুকুর সমুদ্রের পানি দিয়ে দৌড়ে যাচ্ছে,0.2857142853061225,0.3999999992,0.33333332791666676,0.33333332791666676,0.1999999948000001,0.33333332791666676,0,0,0.6296296296296297,0.1999999998
3478591390_b526580644.jpg,একজন পুরুষ আছে।,0.3333333322222222,0.1111111109876543,0.16666666263888896,0.16666666263888896,0.0,0.16666666263888896,0,0,0.2692307692307693,0.09090909082644627
3154293126_e52bd07524.jpg,একজন লোক তার স্নোবোর্ড দিয়ে বাতাসে ভাসছে,0.14285714265306124,0.16666666638888888,0.15384614863905344,0.15384614863905344,0.0,0.15384614863905344,0,0,0.4444444444444444,0.08333333326388888
374828031_9d087da5cf.jpg,এক ব্যক্তি একটি পাথরের উপর দিয়ে একটি পাথরে আরোহণ করছে,0.1999999998,0.2857142853061225,0.23529411252595167,0.23529411252595167,0.0,0.23529411252595167,0,0,0.42500000000000004,0.14285714275510203
2301379282_5fbcf230d1.jpg,একটি অল্প বয়সী একটি ছেলে একটি <unk>,0.2857142853061225,0.2857142853061225,0.28571428030612256,0.28571428030612256,0.0,0.28571428030612256,0,0,0.34615384615384615,0.0999999999
9140.png,একজন বাচ্চা ছেলে বসে আছে,0.1999999996,0.08333333326388888,0.11764705453287211,0.11764705453287211,0.0,0.11764705453287211,0,0,0.38095238095238093,0.06666666662222222
6785.png,একটি ছেলে একটি শিশু আছে।,0.5999999988,0.49999999916666665,0.5454545395041324,0.5454545395041324,0.2222222167901236,0.5454545395041324,0,0,0.4736842105263158,0.4285714279591837
4904.png,একজন পুরুষ আছে।,0.9999999966666667,0.7499999981250001,0.8571428497959185,0.8571428497959185,0.39999999360000005,0.8571428497959185,0,0,0.7857142857142857,0.7499999981250001
4372.png,একজন ছেলে জমি <unk> আছে।,0.1999999996,0.16666666638888888,0.1818181765289258,0.1818181765289258,0.0,0.1818181765289258,0,0,0.30000000000000004,0.0999999999
5202.png,একটি বাঘ আছে।,0.3333333322222222,0.249999999375,0.28571428000000004,0.28571428000000004,0.0,0.28571428000000004,0,0,0.25,0.16666666638888888
4257.png,কয়েকজন পুরুষ ও একজন পুরুষ দাড়িয়ে আছে।,0.14285714265306124,0.1999999996,0.16666666152777793,0.16666666152777793,0.0,0.16666666152777793,0,0,0.4444444444444444,0.0999999999
2467803152_70eeca1334.jpg,দুটি কুকুর ঘাসে খেলছে,0.49999999875,0.2857142853061225,0.36363635834710756,0.36363635834710756,0.2222222172839507,0.36363635834710756,0,0,0.34615384615384615,0.2222222219753086
1740.png,কয়েকজন মানুষ আছে।,0.3333333322222222,0.16666666638888888,0.2222222172839507,0.2222222172839507,0.0,0.2222222172839507,0,0,0.2857142857142857,0.12499999984374999
343612980_798755741681638_3570085702151337461_n.jpg,নদীর পাড়ে কিছু মানুষ দেখা যাচ্ছে।,0.16666666638888888,0.07692307686390532,0.10526315346260404,0.10526315346260404,0.0,0.10526315346260404,0,0,0.32608695652173914,0.05882352937716263
3638577494_fe55f7b4cb.jpg,একটি কুকুর একটি <unk> উপর দিয়ে একটি <unk> উপর দিয়ে একটি <unk> উপর দিয়ে একটি <unk> উপর দিয়ে একটি <unk> উপর দিয়ে একটি <unk> উপর দিয়ে একটি <unk> উপর দিয়ে একটি <unk> উপর দিয়ে একটি <unk> উপর দিয়ে একটি <unk>,0.07499999998125,0.29999999969999996,0.11999999675200007,0.11999999675200007,0.04081632326530638,0.11764705539407928,0,0,0.20666666666666667,0.16666666652777776
162743064_bb242faa31.jpg,একটি কুকুর একটি লাল রঙের কুকুর দৌড়াচ্ছে,0.4285714279591837,0.4285714279591837,0.42857142295918377,0.42857142295918377,0.16666666138888903,0.42857142295918377,0,0,0.5185185185185186,0.2222222219753086
8198.png,একজন পুরুষ একটি লঞ্ছ ভাসছে।,0.0,0.0,0.0,0.0,0.0,0.0,0,0,0.2941176470588235,0.0
IMG_2728.JPG,কপালে কালো টিপ আছে,0.7499999981250001,0.9999999966666667,0.8571428497959185,0.8571428497959185,0.799999992,0.8571428497959185,0,0,0.75,0.7499999981250001
8464.png,একটি নৌকায় কয়েকজন মানুষ আছে।,0.9999999980000001,0.9999999980000001,0.9999999930000001,0.9999999930000001,0.9999999925,0.9999999930000001,1,1,1.0,0.9999999980000001
IMG_8327.JPG,লোক টি বসে আছে,0.9999999975,0.9999999975,0.9999999925,0.9999999925,0.9999999916666666,0.9999999925,1,1,1.0,0.9999999975
2088120475_d6318364f5.jpg,একদল মানুষ একটি বিশাল মূর্তির সামনে দাঁড়িয়ে আছে,0.24999999968749997,0.15384615372781063,0.1904761855782314,0.1904761855782314,0.0,0.1904761855782314,0,0,0.38235294117647056,0.10526315783933518
IMG_0640.JPG,একটি শিশু বসে আছে।,0.249999999375,0.249999999375,0.2499999943750001,0.2499999943750001,0.0,0.2499999943750001,0,0,0.5384615384615384,0.14285714265306124
3710674892_857b8056f7.jpg,একটি শিশু মুখে একটি খেলনা নিয়ে একটি খেলনা নিয়ে একটি খেলনা নিয়ে একটি খেলনা নিয়ে একটি খেলনা নিয়ে একটি খেলনা নিয়ে একটি খেলনা নিয়ে একটি খেলনা নিয়ে একটি খেলনা নিয়ে একটি খেলনা নিয়ে একটি খেলনা নিয়ে একটি খেলনা নিয়ে একটি,0.07499999998125,0.29999999969999996,0.11999999675200007,0.11999999675200007,0.043478258270321514,0.11999999675200007,0,0,0.1586206896551724,0.1999999998
895502702_5170ada2ee.jpg,একটি কালো কুকুর একটি ফ্রিসবি ধরার চেষ্টা করছে,0.37499999953124996,0.4285714279591837,0.3999999944888889,0.3999999944888889,0.15384614863905344,0.3999999944888889,0,0,0.5641025641025641,0.23076923059171597
3549464203_8ab9c6160b.jpg,একটি মেয়ে একটি ধাতব পোল ধরে আছে,0.14285714265306124,0.08333333326388888,0.1052631531301941,0.1052631531301941,0.0,0.1052631531301941,0,0,0.31818181818181823,0.05882352937716263
256283122_a4ef4a17cb.jpg,একটি ছেলে একটি বেসবল মাঠে একটি বেসবল মাঠে একটি বেসবল মাঠে একটি বেসবল মাঠে একটি বেসবল মাঠে একটি বেসবল মাঠে একটি বেসবল মাঠে একটি বেসবল মাঠে একটি বেসবল মাঠে একটি বেসবল মাঠে একটি বেসবল মাঠে একটি বেসবল মাঠে একটি বেসবল,0.0499999999875,0.1999999998,0.07999999676800014,0.07999999676800014,0.0,0.07999999676800014,0,0,0.23899371069182385,0.09999999995
287999021_998c2eeb91.jpg,একজন লোক একটি পর্বতে উঠছেন,0.3999999992,0.18181818165289254,0.249999995390625,0.249999995390625,0.14285713857142868,0.249999995390625,0,0,0.32499999999999996,0.14285714275510203
6539.png,একজন পুরুষ পাশাপাশি দাড়িয়ে আছে।,0.3999999992,0.49999999875,0.4444444385185186,0.4444444385185186,0.0,0.4444444385185186,0,0,0.44999999999999996,0.2857142853061225
122634567.jpg,একটি লোক দাঁড়িয়ে আছে,0.7499999981250001,0.14285714278911565,0.23999999712,0.23999999712,0.0,0.15999999718400001,0,0,0.22413793103448276,0.16666666657407406
7031.png,একজন নারী একটি শিশু কোলে নিয়ে আছে।,0.2857142853061225,0.33333333277777777,0.3076923022485208,0.3076923022485208,0.1818181765289258,0.3076923022485208,0,0,0.4782608695652174,0.18181818165289254
3021.png,ফসলের ক্ষেত দিয়ে একজন বুড়ো পুরুষ মাথায় বোঝা নিয়ে আছে।,0.1999999998,0.2857142853061225,0.23529411252595167,0.23529411252595167,0.0,0.23529411252595167,0,0,0.5277777777777778,0.13333333324444444
495.png,লোক টির নাকে নাকফুল,0.0,0.0,0.0,0.0,0.0,0.0,0,0,0.29166666666666663,0.0
1980882959_9a161f3469.jpg,একটি লোক রাস্তায় সাইকেল চালাচ্ছে,0.3999999992,0.33333333277777777,0.36363635801652905,0.36363635801652905,0.2222222167901236,0.36363635801652905,0,0,0.5,0.2222222219753086
6291.png,একজন পুরুষ একটি মাটির উপর লাফ দিচ্ছে।,0.14285714265306124,0.1111111109876543,0.12499999492187522,0.12499999492187522,0.0,0.12499999492187522,0,0,0.3448275862068966,0.07142857137755101
1159574340_99ba8c3c59.jpg,একজন লোক একটি লাল টুপি পরে একটি লাল টুপি পরে একটি লাল টুপি পরে একটি লাল টুপি পরে একটি লাল টুপি পরে একটি লাল টুপি পরে একটি লাল টুপি পরে একটি লাল টুপি পরে একটি লাল টুপি পরে একটি লাল,0.0499999999875,0.16666666652777776,0.07692307334319543,0.07692307334319543,0.0,0.07692307334319543,0,0,0.20610687022900764,0.06666666662222222
8254.png,লাল <unk> একটি মেয়ে লাল শাড়ী পরে আছে,0.37499999953124996,0.1874999998828125,0.24999999534722225,0.24999999534722225,0.0,0.16666666208333344,0,0,0.36,0.149999999925
320093980_5388cb3733.jpg,একটি কালো রঙের একটি কালো রঙের একটি কালো রঙের একটি কালো রঙের একটি কালো রঙের একটি কালো রঙের একটি কালো রঙের একটি কালো রঙের একটি কালো রঙের একটি কালো রঙের একটি কালো রঙের একটি কালো রঙের একটি কালো রঙের একটি,0.02499999999375,0.09090909082644627,0.03921568287581729,0.03921568287581729,0.0,0.03921568287581729,0,0,0.15753424657534243,0.07692307686390532
3550763985_800cfee7e4.jpg,একটি শিশু একটি <unk>,0.49999999875,0.33333333277777777,0.3999999944,0.3999999944,0.0,0.3999999944,0,0,0.34615384615384615,0.14285714265306124
2268601066_b018b124fd.jpg,একজন লোক তার <unk> <unk> <unk> <unk> <unk> <unk> <unk> <unk> <unk> <unk> <unk> <unk> <unk> <unk> <unk> <unk> <unk> <unk> <unk> <unk> <unk> <unk> <unk> <unk> <unk> <unk> <unk> <unk> <unk> <unk> <unk> <unk> <unk> <unk> <unk> <unk> <unk>,0.0499999999875,0.13333333324444444,0.0727272687338845,0.0727272687338845,0.0,0.0727272687338845,0,0,0.13291139240506333,0.124999999921875
3275527950_41aca690a1.jpg,অনেকগুলো মানুষ আছে।,0.0,0.0,0.0,0.0,0.0,0.0,0,0,0.2941176470588235,0.0
6157.png,একটি জলপ্রপাতের দৃশ্য।,0.3333333322222222,0.0624999999609375,0.10526315512465378,0.10526315512465378,0.0,0.10526315512465378,0,0,0.16981132075471694,0.05882352937716263
1782.png,একটি ছেলে জঙ্গল দিয়ে হেঁটে যাচ্ছে।,0.49999999916666665,0.49999999916666665,0.4999999941666667,0.4999999941666667,0.19999999460000012,0.4999999941666667,0,0,0.4545454545454546,0.3333333329629629
3091338773_9cf10467b4.jpg,একটি কুকুর একটি লাঠি ধরে আছে,0.33333333277777777,0.33333333277777777,0.3333333277777778,0.3333333277777778,0.19999999460000012,0.3333333277777778,0,0,0.5454545454545454,0.2222222219753086
8825.png,একটি পুকুর পাড়ে কিছু মানুষ আছে।,0.16666666638888888,0.1999999996,0.1818181765289258,0.1818181765289258,0.0,0.1818181765289258,0,0,0.30000000000000004,0.0999999999
IMG_0720.JPG,কয়েকজন মানুষ আছে।,0.3333333322222222,0.1999999996,0.24999999468750006,0.24999999468750006,0.0,0.24999999468750006,0,0,0.47058823529411764,0.14285714265306124
6632.png,একজন পুরুষ হেঁটে যাচ্ছে।,0.7499999981250001,0.7499999981250001,0.7499999931250001,0.7499999931250001,0.33333332722222225,0.7499999931250001,0,0,0.8,0.5999999988
3004291289_c4892898ae.jpg,একজন লোক হাসছে,0.6666666644444444,0.2857142853061225,0.39999999500000005,0.39999999500000005,0.0,0.39999999500000005,0,0,0.6363636363636364,0.24999999968749997
2649406158_ded6be38de.jpg,একটি কুকুর একটি <unk>,0.7499999981250001,0.23076923059171597,0.35294117245674744,0.35294117245674744,0.0,0.26666666240000003,0,0,0.20833333333333337,0.23076923059171597
1806580620_a8fe0fb9f8.jpg,একটি মেয়ে একটি নীল রঙের একটি জাহাজের <unk>,0.12499999984374999,0.16666666638888888,0.1428571377551022,0.1428571377551022,0.0,0.1428571377551022,0,0,0.30000000000000004,0.09090909082644627
1007320043_627395c3d8.jpg,একটি শিশু একটি লাল <unk>,0.5999999988,0.29999999969999996,0.39999999502222217,0.39999999502222217,0.1818181768595043,0.39999999502222217,0,0,0.3846153846153846,0.2727272724793388
3266399073_40820596d5.jpg,একটি দম্পতি পানীয় হাতে পানীয় হাতে পানীয় হাতে পানীয় হাতে পানীয় হাতে পানীয় হাতে পানীয় হাতে পানীয় হাতে পানীয় হাতে পানীয় হাতে পানীয় হাতে পানীয় হাতে পানীয় হাতে পানীয় হাতে পানীয় হাতে পানীয় হাতে পানীয় হাতে পানীয় হাতে পানীয় হাতে,0.02499999999375,0.16666666638888888,0.04347825858223074,0.04347825858223074,0.0,0.04347825858223074,0,0,0.15602836879432624,0.1111111109876543
8673.png,একটি সেতুর উপর দিয়ে একজন পুরুষ দাড়িয়ে আছে।,0.24999999968749997,0.6666666644444444,0.36363635900826446,0.36363635900826446,0.0,0.36363635900826446,0,0,0.3870967741935484,0.2222222219753086
958.png,একটি শিশু আছে।,0.3333333322222222,0.1999999996,0.24999999468750006,0.24999999468750006,0.0,0.24999999468750006,0,0,0.2222222222222222,0.14285714265306124
4524.png,কয়েকজন মানুষ আছে।,0.0,0.0,0.0,0.0,0.0,0.0,0,0,0.25,0.0
2733659177_d74a00995b.jpg,একটি ছেলে একটি গাছের নিচে বসে আছে।,0.571428570612245,0.571428570612245,0.5714285656122451,0.5714285656122451,0.4999999941666667,0.5714285656122451,0,0,0.8260869565217391,0.3333333329629629
2164363131_6930455d45.jpg,একটি সাদা কুকুর একটি <unk> দৌড়াচ্ছে,0.6666666655555555,0.30769230745562126,0.4210526268144044,0.4210526268144044,0.15384614887573977,0.3999999946666667,0,0,0.4545454545454546,0.21428571413265304
3934.png,একজন পুরুষ একটি <unk>,0.249999999375,0.12499999984374999,0.16666666194444454,0.16666666194444454,0.0,0.16666666194444454,0,0,0.25806451612903225,0.09090909082644627
294353408_d459bdaa68.jpg,একটি কুকুর তার কোলে একটি সাদা কুকুর কে পুরুস্কার দিচ্ছে,0.3999999996,0.571428570612245,0.4705882298961938,0.4705882298961938,0.13333332835555572,0.4705882298961938,0,0,0.5555555555555556,0.2727272724793388
2269795781_46a296aa21.jpg,একজন টেনিস খেলোয়াড় বলে আঘাত করছেন,0.49999999916666665,0.3333333329629629,0.3999999946666667,0.3999999946666667,0.13333332871111125,0.3529411714878893,0,0,0.72,0.24999999979166665
2891162278_fbf96be4f4.jpg,একটি ছেলে তার <unk> লাফ দিচ্ছে,0.33333333277777777,0.24999999968749997,0.2857142804081633,0.2857142804081633,0.16666666152777793,0.2857142804081633,0,0,0.3793103448275862,0.16666666652777776
3569406219_f37ebf7b92.jpg,একটি লোক একটি <unk>,0.249999999375,0.16666666638888888,0.1999999948000001,0.1999999948000001,0.0,0.1999999948000001,0,0,0.21875,0.12499999984374999
6559.png,একটি নৌকায় কয়েকজন মানুষ আছে।,0.5999999988,0.7499999981250001,0.6666666602469137,0.6666666602469137,0.28571428000000004,0.6666666602469137,0,0,0.7,0.49999999916666665
2716903793_fb7a3d8ba6.jpg,একটি ছেলে একটি শিশুকে ধরে আছে,0.33333333277777777,0.3999999992,0.36363635801652905,0.36363635801652905,0.0,0.36363635801652905,0,0,0.44999999999999996,0.24999999968749997
2865376471_43c5e6b941.jpg,একটি কুকুর একটি ফ্রিসবি নিয়ে দাঁড়িয়ে আছে,0.4285714279591837,0.3333333329629629,0.374999994609375,0.374999994609375,0.1428571377551022,0.374999994609375,0,0,0.4411764705882353,0.16666666652777776
3218861747_5c5c547b66.jpg,একটি ছেলে একটি <unk>,0.49999999875,0.2857142853061225,0.36363635834710756,0.36363635834710756,0.0,0.36363635834710756,0,0,0.3214285714285714,0.12499999984374999
5638.png,একটা লোক বসে আছে,0.0,0.0,0.0,0.0,0.0,0.0,0,0,0.33333333333333337,0.0
3376898612_41c91de476.jpg,এক লোক দৌড়াচ্ছে,0.3333333322222222,0.14285714265306124,0.1999999954000001,0.1999999954000001,0.0,0.1999999954000001,0,0,0.20512820512820518,0.1111111109876543
3399618896_9ef60cd32c.jpg,একজন পুরুষ ও একটি ছেলে বসে আছে,0.2857142853061225,0.2222222219753086,0.24999999476562512,0.24999999476562512,0.0,0.24999999476562512,0,0,0.33333333333333337,0.14285714275510203
95734035_84732a92c1.jpg,একজন পুরুষ ও একটি শিশু আছে।,0.16666666638888888,0.12499999984374999,0.1428571377551022,0.1428571377551022,0.0,0.1428571377551022,0,0,0.303030303030303,0.07692307686390532
8731.png,কিছু ছেলেমেয়ে একটি মঞ্চের উপর বসে আছে আর তার বাবা তার <unk> <unk> <unk> <unk> <unk> <unk> <unk> <unk> <unk> <unk> <unk> <unk> <unk> <unk> <unk> <unk> <unk> <unk> <unk> <unk> <unk> <unk> <unk> <unk> <unk> <unk> <unk> <unk> <unk>,0.0,0.0,0.0,0.0,0.0,0.0,0,0,0.12337662337662336,0.0
5634.png,একজন পুরুষ হেঁটে যাচ্ছে।,0.249999999375,0.249999999375,0.2499999943750001,0.2499999943750001,0.0,0.2499999943750001,0,0,0.5333333333333333,0.14285714265306124
913.png,একজন নারী আছে।,0.6666666644444444,0.33333333277777777,0.44444443901234576,0.44444443901234576,0.0,0.44444443901234576,0,0,0.44999999999999996,0.2857142853061225
IMG_0618.JPG,রঙিন পোশাক পরিহিত একজন মহিলা ও একটি শিশু কোলে নিয়ে আছে।,0.18181818165289254,0.33333333277777777,0.2352941128027682,0.2352941128027682,0.0,0.2352941128027682,0,0,0.3846153846153846,0.13333333324444444
5294.png,রাস্তা দিয়ে একটি রাস্তা দিয়ে হেটে চলছে।,0.2857142853061225,0.33333333277777777,0.3076923022485208,0.3076923022485208,0.1818181765289258,0.3076923022485208,0,0,0.41666666666666663,0.2222222219753086
5935.png,একজন পুরুষ আছে।,0.9999999966666667,0.9999999966666667,0.9999999916666666,0.9999999916666666,0.9999999900000001,0.9999999916666666,1,1,1.0,0.9999999966666667
242064301_a9d12f1754.jpg,একজন লোক দাঁড়িয়ে আছেন,0.49999999875,0.2222222219753086,0.3076923029585799,0.3076923029585799,0.18181817752066123,0.3076923029585799,0,0,0.34375,0.18181818165289254
2308978137_bfe776d541.jpg,কয়েকজন পুরুষ আছে।,0.0,0.0,0.0,0.0,0.0,0.0,0,0,0.21875,0.0
152029243_b3582c36fa.jpg,এক লোক একটি পাথুরে পাহাড় বেয়ে উপরে উঠছে,0.49999999937499995,0.3636363633057851,0.42105262626038775,0.42105262626038775,0.13333332817777796,0.31578946847645434,0,0,0.4285714285714286,0.26666666648888887
4027.png,একটি শিশু আছে।,0.9999999966666667,0.4285714279591837,0.5999999946000001,0.5999999946000001,0.0,0.5999999946000001,0,0,0.3913043478260869,0.4285714279591837
2908466042_bf07cb52c7.jpg,একটি কুকুরছানা একটি ছোট সাদা কুকুরকে খাবার খাচ্ছে,0.12499999984374999,0.14285714265306124,0.13333332817777796,0.13333332817777796,0.0,0.13333332817777796,0,0,0.4444444444444444,0.07692307686390532
5767.png,একটি <unk> একটি গাড়ি আছে।,0.3999999992,0.33333333277777777,0.36363635801652905,0.36363635801652905,0.0,0.36363635801652905,0,0,0.41666666666666663,0.24999999968749997
3218481970_1fa627b3da.jpg,একজন বাস্কেটবল খেলোয়াড় বল হাতে নিয়ে দাঁড়িয়ে আছে,0.37499999953124996,0.49999999916666665,0.4285714230612245,0.4285714230612245,0.33333332791666676,0.4285714230612245,0,0,0.65625,0.2727272724793388
4110.png,কয়েকজন মানুষ আছে।,0.3333333322222222,0.09090909082644627,0.14285713928571436,0.14285713928571436,0.0,0.14285713928571436,0,0,0.2857142857142857,0.09090909082644627
6679.png,একটি পুকুর ও একটি ডাব গাছ আছে।,0.2857142853061225,0.49999999875,0.36363635834710756,0.36363635834710756,0.0,0.36363635834710756,0,0,0.40909090909090906,0.24999999968749997
5408.png,একজন পুরুষ পানিতে নেমে গোসল করছে।,0.49999999916666665,0.5999999988,0.5454545395041324,0.5454545395041324,0.4444444385185186,0.5454545395041324,0,0,0.6521739130434783,0.37499999953124996
5269.png,একটি উচু জায়গা অনেক গুলো পাখি উড়ছে।,0.2857142853061225,0.6666666644444444,0.39999999500000005,0.39999999500000005,0.0,0.39999999500000005,0,0,0.33333333333333337,0.24999999968749997
300.png,একজন পুরুষ বসে আছে।,0.249999999375,0.04761904759637188,0.07999999724800008,0.07999999724800008,0.0,0.07999999724800008,0,0,0.25,0.04347826085066162
1476.png,চারজন পুরুষ আছে।,0.6666666644444444,0.24999999968749997,0.36363635900826446,0.36363635900826446,0.22222221827160496,0.36363635900826446,0,0,0.37037037037037035,0.2222222219753086
3086790344_9487c58624.jpg,একটি মেয়ে পানিতে সাঁতার কাটছে।,0.5999999988,0.49999999916666665,0.5454545395041324,0.5454545395041324,0.2222222167901236,0.5454545395041324,0,0,0.7619047619047619,0.37499999953124996
747921928_48eb02aab2.jpg,একটি বিশাল লোমশ কুকুর পানি থেকে বিরতি নিলো,0.12499999984374999,0.16666666638888888,0.1428571377551022,0.1428571377551022,0.0,0.1428571377551022,0,0,0.4285714285714286,0.07692307686390532
2892395757_0a1b0eedd2.jpg,একটি কালো রঙের পোশাক পরিহিত একজন লোক একটি <unk>,0.4444444439506172,0.3999999996,0.4210526261495845,0.4210526261495845,0.23529411238754333,0.4210526261495845,0,0,0.4285714285714286,0.28571428551020406
4743.png,একজন লোক একটি বড় কাগজে স্বাক্ষর করছে,0.2857142853061225,0.24999999968749997,0.2666666613333334,0.2666666613333334,0.0,0.13333332817777796,0,0,0.4137931034482759,0.16666666652777776
3558796959_fc4450be56.jpg,একজন টেনিস ব্যাট হাতে টেনিস ব্যাট হাতে টেনিস ব্যাট হাতে টেনিস বলকে মারতে যাচ্ছে,0.21428571413265304,0.3333333329629629,0.26086956022684316,0.26086956022684316,0.09523809043083924,0.26086956022684316,0,0,0.41509433962264153,0.23076923059171597
1396064003_3fd949c9dd.jpg,একজন লোক প্যারাসেইল করছে,0.49999999875,0.2857142853061225,0.36363635834710756,0.36363635834710756,0.2222222172839507,0.36363635834710756,0,0,0.5,0.2222222219753086
808245064_8a7971fc5b.jpg,একজন লোক দাঁড়িয়ে আছে,0.49999999875,0.33333333277777777,0.3999999944,0.3999999944,0.24999999468750006,0.3999999944,0,0,0.5416666666666667,0.24999999968749997
3223055565_68973f5d20.jpg,একটি কালো কুকুর লাফ দিচ্ছে,0.3999999992,0.14285714275510203,0.21052631168975072,0.21052631168975072,0.11764705508650528,0.21052631168975072,0,0,0.4117647058823529,0.11764705875432525
929679367_ff8c7df2ee.jpg,একটি কালো এবং সাদা কালো এবং সাদা কালো এবং সাদা কালো এবং সাদা কালো এবং সাদা কালো এবং সাদা কালো এবং সাদা কালো এবং সাদা কালো এবং সাদা কালো এবং সাদা কালো এবং সাদা কালো এবং সাদা কালো এবং সাদা,0.0499999999875,0.18181818165289254,0.07843136913494825,0.07843136913494825,0.0,0.07843136913494825,0,0,0.19999999999999996,0.16666666652777776
6354.png,একটি দোকানে একজন পুরুষ বসে আছে।,0.33333333277777777,0.49999999875,0.3999999944,0.3999999944,0.0,0.3999999944,0,0,0.5,0.24999999968749997
IMG_2242.JPG,একটা ছেলে বসে আছে,0.49999999875,0.49999999875,0.4999999937500001,0.4999999937500001,0.33333332722222225,0.4999999937500001,0,0,0.5833333333333333,0.33333333277777777
1424237335_b3be9920ba.jpg,দুটি শিশু একটি প্লে গ্রাউন্ডে ঝুলছে,0.49999999916666665,0.3333333329629629,0.3999999946666667,0.3999999946666667,0.2666666618666667,0.3999999946666667,0,0,0.42105263157894735,0.24999999979166665
5568.png,একটি শিশু হেঁটে যাচ্ছে।,0.49999999875,0.6666666644444444,0.5714285648979592,0.5714285648979592,0.39999999360000005,0.5714285648979592,0,0,0.6153846153846154,0.3999999992
346891387_1219679685581860_7056564485612599010_n.jpg,একজন পুরুষ মাথায় একটা লোক বসে মরিচ বাছায় করছে,0.1111111109876543,0.0999999999,0.10526315279778417,0.10526315279778417,0.0,0.10526315279778417,0,0,0.39583333333333337,0.05555555552469135
1292.png,একজন লোক একটি <unk> <unk>,0.1999999996,0.05263157891966759,0.0833333299652779,0.0833333299652779,0.0,0.0833333299652779,0,0,0.18604651162790697,0.045454545433884296
3593.png,একজন মানুষ আছে।,0.3333333322222222,0.1999999996,0.24999999468750006,0.24999999468750006,0.0,0.24999999468750006,0,0,0.2666666666666667,0.14285714265306124
3286017638_c688c83e3d.jpg,একটি ছেলে একটি ফুটবল খেলছে,0.5999999988,0.21428571413265304,0.3157894694736842,0.3157894694736842,0.11764705508650528,0.3157894694736842,0,0,0.3076923076923077,0.14285714265306124
506738508_327efdf9c3.jpg,একজন লোক হাততালি <unk>,0.249999999375,0.08333333326388888,0.1249999960937501,0.1249999960937501,0.0,0.1249999960937501,0,0,0.21739130434782605,0.06666666662222222
2796801478_8ebd7e550b.jpg,একজন স্কেটবোর্ডার একটি ঢালু কাঠামোর উপর দিয়ে কলাকৌশল করছে,0.4444444439506172,0.3999999996,0.4210526261495845,0.4210526261495845,0.11764705370242234,0.31578946836565097,0,0,0.5348837209302326,0.26666666648888887
2747436384_9470c56cb9.jpg,একটি ছেলে ও একজন পুরুষ এবং তার মধ্যে একটি ঢেউ এর উপর দাঁড়িয়ে আছে,0.21428571413265304,0.49999999916666665,0.2999999955,0.2999999955,0.11111110697530877,0.2999999955,0,0,0.29166666666666663,0.1874999998828125
IMG_2277.JPG,মহিলা টি বসে আছে,0.9999999975,0.9999999975,0.9999999925,0.9999999925,0.9999999916666666,0.9999999925,1,1,1.0,0.9999999975
94232465_a135df2711.jpg,একটি শিশু একটি পথ ধরে একটি <unk>,0.2857142853061225,0.1999999998,0.23529411252595167,0.23529411252595167,0.13333332835555572,0.23529411252595167,0,0,0.3846153846153846,0.16666666652777776
465994762_1760e83c5d.jpg,একটি কুকুর একটি লাঠি বহন করে,0.33333333277777777,0.49999999875,0.3999999944,0.3999999944,0.24999999468750006,0.3999999944,0,0,0.47619047619047616,0.2857142853061225
3907.png,একটি ভ্রাম্যমাণ আনন্দমেলায় একটি <unk>,0.1999999996,0.249999999375,0.2222222167901236,0.2222222167901236,0.0,0.2222222167901236,0,0,0.2692307692307693,0.14285714265306124
822836318_21544f0f78.jpg,একটি শিশু তুষারের মধ্যে বসে আছে,0.49999999916666665,0.23076923059171597,0.31578946903047095,0.31578946903047095,0.11764705453287211,0.31578946903047095,0,0,0.4666666666666667,0.21428571413265304
2368.png,একজন পুরুষ ও একজন নারী আছে।,0.16666666638888888,0.1999999996,0.1818181765289258,0.1818181765289258,0.0,0.1818181765289258,0,0,0.38095238095238093,0.1111111109876543
899.png,একজন পুরুষ বসে আছে।,0.49999999875,0.33333333277777777,0.3999999944,0.3999999944,0.24999999468750006,0.3999999944,0,0,0.3913043478260869,0.24999999968749997
7611.png,একজন পুরুষ বসে কাজ করছে।,0.5999999988,0.37499999953124996,0.46153845609467453,0.46153845609467453,0.36363635834710756,0.46153845609467453,0,0,0.5483870967741935,0.37499999953124996
6815.png,একজন পুরুষ ও একজন নারী আছে।,0.33333333277777777,0.6666666644444444,0.44444443901234576,0.44444443901234576,0.0,0.44444443901234576,0,0,0.4285714285714286,0.33333333277777777
2984174290_a915748d77.jpg,একজন লোক সমুদ্রের ঢেউ এর সাহায্যে সার্ফ করছে,0.37499999953124996,0.49999999916666665,0.4285714230612245,0.4285714230612245,0.0,0.2857142804081633,0,0,0.5625,0.2727272724793388
2279945145_8815c59217.jpg,একটি কুকুর একটি লাল এবং একটি কুকুর,0.2857142853061225,0.33333333277777777,0.3076923022485208,0.3076923022485208,0.16666666138888903,0.3076923022485208,0,0,0.48,0.24999999968749997
3637966641_1b108a35ba.jpg,একটি বেসবল খেলোয়াড় একটি বল ধরার চেষ্টা করছে,0.49999999937499995,0.28571428551020406,0.36363635867768596,0.36363635867768596,0.1999999952500001,0.36363635867768596,0,0,0.46875,0.2352941175086505
107582366_d86f2d3347.jpg,একজন পুরুষ ও একজন নারী আছে।,0.16666666638888888,0.12499999984374999,0.1428571377551022,0.1428571377551022,0.0,0.1428571377551022,0,0,0.4137931034482759,0.08333333326388888
8581.png,একটি শিশু পানিতে খেলা করছে,0.5999999988,0.7499999981250001,0.6666666602469137,0.6666666602469137,0.28571428000000004,0.4444444385185186,0,0,0.3448275862068966,0.49999999916666665
2045928594_92510c1c2a.jpg,একটি লাল রঙের একটি লাল রঙের একটি লাল রঙের একটি লাল রঙের একটি লাল রঙের একটি লাল রঙের একটি লাল রঙের একটি লাল রঙের একটি লাল রঙের একটি লাল রঙের একটি লাল রঙের একটি লাল রঙের একটি লাল রঙের একটি,0.0499999999875,0.14285714275510203,0.07407407020576152,0.07407407020576152,0.0,0.07407407020576152,0,0,0.18493150684931503,0.13333333324444444
2044063458_fcc76a7636.jpg,একটি কুকুর একটি লাল বল ধরার চেষ্টা করছে,0.37499999953124996,0.37499999953124996,0.37499999453125,0.37499999453125,0.14285713765306143,0.37499999453125,0,0,0.5172413793103448,0.24999999979166665
2839789830_89668775a4.jpg,একটি কুকুর একটি ফ্রিসবি নিয়ে দৌড়াচ্ছে,0.49999999916666665,0.49999999916666665,0.4999999941666667,0.4999999941666667,0.19999999460000012,0.4999999941666667,0,0,0.5,0.37499999953124996
_MG_1856.JPG,ট্রেন এর ধরজায় একজন লোক ট্রেনের রাস্তা দিয়ে একজন ট্রেন লাইনের উপর দিয়ে একজন ট্রেন লাইনের উপর দিয়ে একজন ট্রেন লাইনের উপর দিয়ে একজন ট্রেন লাইনের উপর দিয়ে একজন ট্রেন লাইনের উপর দিয়ে একজন ট্রেন লাইনের উপর দিয়ে একজন ট্রেন,0.0499999999875,0.3999999992,0.08888888687407412,0.08888888687407412,0.0,0.08888888687407412,0,0,0.12048192771084343,0.15384615372781063
9038.png,একটি বড় একটি গাড়ি আছে।,0.0,0.0,0.0,0.0,0.0,0.0,0,0,0.3125,0.0
4861.png,দূরে একজন মানুষ আছে।,0.0,0.0,0.0,0.0,0.0,0.0,0,0,0.3571428571428571,0.0
2918769188_565dd48060.jpg,একটি ছেলে পানিতে সাঁতার কাটছে,0.3999999992,0.3999999992,0.39999999420000004,0.39999999420000004,0.2499999943750001,0.39999999420000004,0,0,0.6,0.24999999968749997
2339.png,পাঁচজন ছেলে খালি গায়ে দড়ি টানাটানি করছে।,0.14285714265306124,0.1111111109876543,0.12499999492187522,0.12499999492187522,0.0,0.12499999492187522,0,0,0.36363636363636365,0.06666666662222222
535309053_ec737abde8.jpg,একটি ছাতার ছায়ায় একটি তাঁবু দড়িতে <unk>,0.4285714279591837,0.49999999916666665,0.4615384558579882,0.4615384558579882,0.0,0.3076923022485208,0,0,0.3076923076923077,0.4285714279591837
3153067758_53f003b1df.jpg,একটি <unk> <unk> একটি <unk> <unk> <unk> <unk> <unk> <unk> <unk> <unk> <unk> <unk> <unk> <unk> <unk> <unk> <unk> <unk> <unk> <unk> <unk> <unk> <unk> <unk> <unk> <unk> <unk> <unk> <unk> <unk> <unk> <unk> <unk> <unk> <unk> <unk> <unk> <unk>,0.02499999999375,0.14285714265306124,0.04255318893617037,0.04255318893617037,0.0,0.04255318893617037,0,0,0.08176100628930816,0.12499999984374999
3518126579_e70e0cbb2b.jpg,একটি স্কেটবোর্ডার একটি <unk>,0.249999999375,0.0999999999,0.14285713857142868,0.14285713857142868,0.0,0.14285713857142868,0,0,0.3913043478260869,0.08333333326388888
6881.png,একটি ছেলে তার সাইকেল নিয়ে যাচ্ছে,0.16666666638888888,0.249999999375,0.1999999948000001,0.1999999948000001,0.0,0.1999999948000001,0,0,0.5714285714285714,0.1111111109876543
8282.png,একজন নারী আছে।,0.3333333322222222,0.3333333322222222,0.33333332722222225,0.33333332722222225,0.0,0.33333332722222225,0,0,0.6,0.1999999996
3363750526_efcedc47a9.jpg,একটি কুকুর একটি সৈকতে দৌড়াচ্ছে,0.7999999984,0.9999999975,0.8888888819753088,0.8888888819753088,0.5714285648979592,0.8888888819753088,0,0,0.8,0.9999999975
3110649716_c17e14670e.jpg,একজন পুরুষ ও একজন পুরুষ ও একজন পুরুষ ও একজন পুরুষ ও একজন পুরুষ ও একজন পুরুষ ও একজন পুরুষ ও একজন পুরুষ ও একজন পুরুষ ও একজন পুরুষ ও একজন পুরুষ ও একজন পুরুষ ও একজন পুরুষ ও একজন,0.02499999999375,0.0999999999,0.039999996784000263,0.039999996784000263,0.0,0.039999996784000263,0,0,0.2108843537414966,0.08333333326388888
6397.png,একটি শিশু হেঁটে যাচ্ছে।,0.249999999375,0.05882352937716263,0.09523809206349215,0.09523809206349215,0.0,0.09523809206349215,0,0,0.15517241379310343,0.05555555552469135
4639.png,একটি <unk> কয়েকজন মানুষ আছে।,0.3999999992,0.3999999992,0.39999999420000004,0.39999999420000004,0.0,0.39999999420000004,0,0,0.30000000000000004,0.24999999968749997
3362805914_72f60ee8cb.jpg,একটি ছোট ছেলে ঘাসের উপর বসে আছে,0.571428570612245,0.3999999996,0.4705882298961938,0.4705882298961938,0.1818181765289258,0.4705882298961938,0,0,0.5652173913043479,0.30769230745562126
3247423890_163f00a2cb.jpg,একটি ছেলে একটি বল ধরার জন্য বাতাসে লাফ দিয়ে একটি বল ধরার জন্য বাতাসে লাফ দিয়ে একটি বল ধরার জন্য বাতাসে লাফ দিয়ে একটি বল ধরার জন্য বাতাসে লাফ দিয়ে একটি বল ধরার জন্য বাতাসে লাফ দিয়ে একটি বল ধরার,0.0499999999875,0.33333333277777777,0.08695651943289232,0.08695651943289232,0.0,0.08695651943289232,0,0,0.204225352112676,0.16666666652777776
1150.png,কয়েকজন নারী ও একজন নারী আছে।,0.33333333277777777,0.2857142853061225,0.3076923022485208,0.3076923022485208,0.0,0.3076923022485208,0,0,0.31999999999999995,0.1999999998
7640.png,একজন পুরুষ একটি মন্দির।,0.249999999375,0.12499999984374999,0.16666666194444454,0.16666666194444454,0.0,0.16666666194444454,0,0,0.23076923076923073,0.0999999999
2414986483_004936f84b.jpg,একটি মেয়ে একটি <unk>,0.49999999875,0.2857142853061225,0.36363635834710756,0.36363635834710756,0.0,0.36363635834710756,0,0,0.41666666666666663,0.24999999968749997
3109704348_c6416244ce.jpg,একজন লোক একটি কালো রঙের জার্সি পরিহিত একজন মহিলা হকি খেলছে,0.18181818165289254,0.6666666644444444,0.2857142819387755,0.2857142819387755,0.13333332871111125,0.2857142819387755,0,0,0.34883720930232553,0.18181818165289254
7604.png,একজন মানুষ আছে।,0.6666666644444444,0.6666666644444444,0.6666666594444445,0.6666666594444445,0.4999999925000001,0.6666666594444445,0,0,0.8181818181818181,0.49999999875
4322.png,রাস্তা দিয়ে একটা ছেলে গ্রামের রাস্তা দিয়ে হেটে যাচ্ছে একজন পুরুষ রাস্তা দিয়ে হেটে যাচ্ছে একজন পুরুষ রাস্তা দিয়ে হেটে যাচ্ছে একজন পুরুষ রাস্তা দিয়ে হেটে যাচ্ছে একজন পুরুষ রাস্তা দিয়ে হেটে যাচ্ছে একজন পুরুষ রাস্তা দিয়ে হেটে যাচ্ছে একজন,0.0,0.0,0.0,0.0,0.0,0.0,0,0,0.09868421052631582,0.0
3690431163_1d81e19549.jpg,চশমা পরিহিত দুইজন পুরুষ আছে।,0.1999999996,0.0999999999,0.13333332871111125,0.13333332871111125,0.0,0.13333332871111125,0,0,0.3414634146341463,0.07692307686390532
IMG_9585.JPG,একটি মহিলা বসে আছে,0.49999999875,0.24999999968749997,0.33333332833333335,0.33333332833333335,0.0,0.2222222167901236,0,0,0.3125,0.1999999998
7387.png,একজন পুরুষ রাস্তা দিয়ে যাচ্ছেন।,0.0,0.0,0.0,0.0,0.0,0.0,0,0,0.2727272727272727,0.0
8836.png,একটি নৌকায় কয়েকজন মানুষ আছে।,0.5999999988,0.4285714279591837,0.4999999943055557,0.4999999943055557,0.1999999948000001,0.4999999943055557,0,0,0.6153846153846154,0.3333333329629629
3170110692_d1e0e66cee.jpg,একটি ছেলে একটি <unk> খাচ্ছে,0.1999999996,0.1111111109876543,0.14285713806122466,0.14285713806122466,0.0,0.14285713806122466,0,0,0.31818181818181823,0.08333333326388888
8365.png,একজন বৃদ্ধ পুরুষ বসে আছে।,0.5999999988,0.7499999981250001,0.6666666602469137,0.6666666602469137,0.5714285648979592,0.6666666602469137,0,0,0.6666666666666667,0.49999999916666665
3316.png,কয়েকজন মানুষ আছে।,0.6666666644444444,0.33333333277777777,0.44444443901234576,0.44444443901234576,0.0,0.44444443901234576,0,0,0.4545454545454546,0.2857142853061225
4429.png,একজন পুরুষ বসে আছে।,0.249999999375,0.1999999996,0.2222222167901236,0.2222222167901236,0.0,0.2222222167901236,0,0,0.33333333333333337,0.12499999984374999
7075.png,একটি নৌকায় কয়েকজন মানুষ আছে।,0.9999999980000001,0.49999999949999996,0.6666666613333334,0.6666666613333334,0.6153846101775148,0.6666666613333334,0,0,0.5,0.6249999992187499
2615.png,একটি ছোট মেয়ে দোলনায় বসে আছে।,0.16666666638888888,0.14285714265306124,0.15384614863905344,0.15384614863905344,0.0,0.15384614863905344,0,0,0.37037037037037035,0.08333333326388888
7363.png,একটি লোক একটি <unk>,0.49999999875,0.33333333277777777,0.3999999944,0.3999999944,0.0,0.3999999944,0,0,0.4736842105263158,0.33333333277777777
2315418282_80bd0bb1c0.jpg,একটি কুকুর একটি বরফের উপরে একটি লাল রঙের <unk>,0.3333333329629629,0.3333333329629629,0.333333327962963,0.333333327962963,0.12499999484375018,0.333333327962963,0,0,0.48571428571428577,0.15384615372781063
2522540026_6ee8ab4c6a.jpg,একটি <unk> একটি <unk> থেকে <unk>,0.33333333277777777,0.16666666652777776,0.22222221753086427,0.22222221753086427,0.0,0.22222221753086427,0,0,0.25,0.15384615372781063
644.png,লোক টি লোক দাড়িয়ে আছে,0.1999999996,0.14285714265306124,0.16666666152777793,0.16666666152777793,0.0,0.16666666152777793,0,0,0.4347826086956522,0.0999999999
642987597_03b21a1437.jpg,একটি ছেলে একটি বড় বড় বড় বড় বড় বড় বড় বড় বড় বড় বড় বড় বড় বড় বড় বড় বড় বড় বড় বড় ছেলে একটি বড় বড় বড় বড় বড় বড় বড় বড় বড় বড় বড় বড় বড় বড় বড়,0.02499999999375,0.3333333322222222,0.04651162658734455,0.04651162658734455,0.0,0.04651162658734455,0,0,0.10655737704918034,0.1999999996
3399798295_a452963365.jpg,একজন মহিলা এবং মহিলা ছবি তোলার জন্য পোজ দিচ্ছে,0.1111111109876543,0.16666666638888888,0.13333332835555572,0.13333332835555572,0.0,0.13333332835555572,0,0,0.3902439024390244,0.07692307686390532
6472.png,একজন পুরুষ ও একটি শিশু আছে।,0.49999999916666665,0.49999999916666665,0.4999999941666667,0.4999999941666667,0.0,0.4999999941666667,0,0,0.4,0.3333333329629629
374567836_3ae12ecffb.jpg,একটি কুকুর একটি ফ্রিসবি নিয়ে খেলছে,0.6666666655555555,0.3333333330555555,0.4444444395061729,0.4444444395061729,0.24999999468750006,0.4444444395061729,0,0,0.4782608695652174,0.2857142853061225
583087629_a09334e1fb.jpg,একটি ছোট ছেলে একটি লাল <unk>,0.33333333277777777,0.2222222219753086,0.2666666615111111,0.2666666615111111,0.0,0.2666666615111111,0,0,0.46153846153846156,0.16666666652777776
2679926555_b11cf45595.jpg,একটি মেয়ে বাতাসে লাফ দিচ্ছে,0.3999999992,0.2222222219753086,0.2857142807142858,0.2857142807142858,0.0,0.2857142807142858,0,0,0.34782608695652173,0.18181818165289254
1620.png,একজন পুরুষ একটি শিশু আছে।,0.5999999988,0.21428571413265304,0.3157894694736842,0.3157894694736842,0.11764705508650528,0.3157894694736842,0,0,0.2678571428571429,0.1874999998828125
3937.png,একটি নৌকায় কয়েকজন মানুষ আছে।,0.1999999996,0.249999999375,0.2222222167901236,0.2222222167901236,0.0,0.2222222167901236,0,0,0.30000000000000004,0.12499999984374999
3063544435_10516c6937.jpg,একজন লোক পানির মধ্যে একজন লোক,0.16666666638888888,0.16666666638888888,0.16666666138888903,0.16666666138888903,0.0,0.16666666138888903,0,0,0.34782608695652173,0.1111111109876543
3352871762_c9e88592d3.jpg,সানগ্লাস পরা একজন মহিলা এবং একজন মহিলা এবং একজন মহিলা এবং একজন মহিলা এবং একজন মহিলা এবং একজন মহিলা এবং একজন মহিলা এবং একজন মহিলা এবং একজন মহিলা এবং একজন মহিলা এবং একজন মহিলা এবং একজন মহিলা এবং একজন মহিলা,0.099999999975,0.28571428551020406,0.14814814425240067,0.14814814425240067,0.042553188646446534,0.1224489765431071,0,0,0.26086956521739135,0.21052631567867036
7586.png,ট্রেনের জানালার সামনে পেন্সিল হাতে পেন্সিল দিয়ে তাকিয়ে আছে।,0.2222222219753086,0.13333333324444444,0.1666666618402779,0.1666666618402779,0.0,0.1666666618402779,0,0,0.2777777777777778,0.09999999995
58.png,একজন নারী আছে।,0.6666666644444444,0.24999999968749997,0.36363635900826446,0.36363635900826446,0.0,0.18181817752066123,0,0,0.23333333333333328,0.2222222219753086
2709648336_15455e60b2.jpg,একটি কুকুর একটি <unk>,0.7499999981250001,0.4285714279591837,0.5454545398347109,0.5454545398347109,0.24999999468750006,0.5454545398347109,0,0,0.4285714285714286,0.2857142853061225
2319197581_94f807b204.jpg,সাদা <unk> একটি সাদা কুকুর,0.5999999988,0.5999999988,0.5999999938,0.5999999938,0.4999999937500001,0.5999999938,0,0,0.5555555555555556,0.49999999916666665
3144705706_391d7b77c7.jpg,দুটি শিশু তুষারের মধ্যে একটি <unk>,0.33333333277777777,0.2857142853061225,0.3076923022485208,0.3076923022485208,0.0,0.16666666138888903,0,0,0.2727272727272727,0.1999999998
3717845800_ab45e255b8.jpg,একটি ফুটবল খেলোয়াড় বল ধরে আছে,0.33333333277777777,0.2222222219753086,0.2666666615111111,0.2666666615111111,0.0,0.2666666615111111,0,0,0.3939393939393939,0.15384615372781063
2208310655_a3d83080c5.jpg,একটি মেয়ে এবং একজন মহিলা,0.3999999992,0.15384615372781063,0.22222221796296296,0.22222221796296296,0.0,0.22222221796296296,0,0,0.3214285714285714,0.13333333324444444
3405942945_f4af2934a6.jpg,একটি শিশু একটি ছোট ছেলে,0.3999999992,0.33333333277777777,0.36363635801652905,0.36363635801652905,0.16666666194444454,0.2857142807142858,0,0,0.32432432432432434,0.24999999968749997
2960759328_2d31e4af9b.jpg,একজন লোক একটি সাদা রঙের ডোরাকাটা জামা পরা একজন লোক একটি <unk>,0.16666666652777776,0.18181818165289254,0.17391303833648408,0.17391303833648408,0.0,0.17391303833648408,0,0,0.37777777777777777,0.1111111110493827
3273625566_2454f1556b.jpg,একটি রেসিং কুকুর একটি রেসিং <unk>,0.49999999916666665,0.5999999988,0.5454545395041324,0.5454545395041324,0.0,0.5454545395041324,0,0,0.6086956521739131,0.33333333277777777
1504.png,একজন পুরুষ মানুষ আছে।,0.9999999975,0.3636363633057851,0.533333328711111,0.533333328711111,0.3076923036686391,0.533333328711111,0,0,0.32608695652173914,0.3999999996
240696675_7d05193aa0.jpg,একটি কালো কুকুর ঘাসের উপর দিয়ে চলেছে,0.4285714279591837,0.49999999916666665,0.4615384558579882,0.4615384558579882,0.0,0.3076923022485208,0,0,0.43999999999999995,0.29999999969999996
3496983524_b21ecdb0c7.jpg,একটি ছেলে লাল গাড়ির যন্ত্রাংশ ঠিক করছে।,0.4285714279591837,0.3333333329629629,0.374999994609375,0.374999994609375,0.2222222172839507,0.36363635834710756,0,0,0.3939393939393939,0.24999999979166665
283.png,একজন পুরুষ বসে আছে।,0.49999999875,0.33333333277777777,0.3999999944,0.3999999944,0.24999999468750006,0.3999999944,0,0,0.44999999999999996,0.24999999968749997
2922.png,একজন নারী একটি খরের স্তপ থেকে একটা মাটির ঘরের সামনে একটি বাশে বসে আছে।,0.07142857137755101,0.05882352937716263,0.06451612403746136,0.06451612403746136,0.0,0.06451612403746136,0,0,0.36363636363636365,0.03703703702331961
3453313865_1ebff5393c.jpg,একজন লোক ফুটপাতে তার <unk> রাস্তায় স্কেটবোর্ড চালাচ্ছে ।,0.3333333329629629,0.29999999969999996,0.31578946836565097,0.31578946836565097,0.12499999484375018,0.31578946836565097,0,0,0.5277777777777778,0.1874999998828125
3537400880_8f410d747d.jpg,একটি মেয়ে একটি <unk>,0.249999999375,0.14285714265306124,0.1818181768595043,0.1818181768595043,0.0,0.1818181768595043,0,0,0.25,0.1111111109876543
1335.png,কয়েকজন পুরুষ দাড়িয়ে আছে।,0.7499999981250001,0.4285714279591837,0.5454545398347109,0.5454545398347109,0.2222222172839507,0.5454545398347109,0,0,0.46153846153846156,0.37499999953124996
3793.png,একটি নৌকায় কয়েকজন মানুষ আছে।,0.5999999988,0.37499999953124996,0.46153845609467453,0.46153845609467453,0.36363635834710756,0.46153845609467453,0,0,0.4838709677419355,0.3333333329629629
inbound4643021152316756623.jpg,কয়েকজন মানুষ আছে।,0.3333333322222222,0.1999999996,0.24999999468750006,0.24999999468750006,0.0,0.24999999468750006,0,0,0.2142857142857143,0.14285714265306124
inbound414927263478164719.jpg,একটি পাখি আছে।,0.6666666644444444,0.18181818165289254,0.2857142819387755,0.2857142819387755,0.0,0.2857142819387755,0,0,0.23529411764705888,0.18181818165289254
1330.png,একটি মেয়ে গ্রামের রাস্তা দিয়ে হেটে যাচ্ছে এবং পাশে একটি মেয়ে গ্রামের রাস্তা দিয়ে হেটে যাচ্ছে এবং পাশে একটি মেয়ে গ্রামের রাস্তা দিয়ে হেটে যাচ্ছে এবং পাশে একটি মেয়ে গ্রামের রাস্তা দিয়ে হেটে যাচ্ছে এবং পাশে একটি মেয়ে গ্রামের রাস্তা,0.0,0.0,0.0,0.0,0.0,0.0,0,0,0.14685314685314688,0.0
709.png,একজন নারী আছে।,0.0,0.0,0.0,0.0,0.0,0.0,0,0,0.23809523809523814,0.0
6146.png,একটি ট্রেন লাইনের উপর দিয়ে একজন মানুষ দেখা যাচ্ছে।,0.2222222219753086,0.33333333277777777,0.2666666615111111,0.2666666615111111,0.0,0.2666666615111111,0,0,0.5428571428571429,0.15384615372781063
1136.png,একজন বয়স্ক পুরুষ দাড়িয়ে আছে।,0.7999999984,0.3636363633057851,0.499999995078125,0.499999995078125,0.14285713857142868,0.499999995078125,0,0,0.36585365853658536,0.3999999996
3220151692_d398ef9779.jpg,একটি ছেলে একটি <unk>,0.49999999875,0.2857142853061225,0.36363635834710756,0.36363635834710756,0.2222222172839507,0.36363635834710756,0,0,0.3571428571428571,0.24999999968749997
3845.png,কয়েকজন মানুষ আছে।,0.3333333322222222,0.1111111109876543,0.16666666263888896,0.16666666263888896,0.0,0.16666666263888896,0,0,0.2727272727272727,0.0999999999
3901.png,একটি লোক একটি <unk> <unk> <unk>,0.16666666638888888,0.12499999984374999,0.1428571377551022,0.1428571377551022,0.0,0.1428571377551022,0,0,0.28,0.0999999999
1714316707_8bbaa2a2ba.jpg,একজন নারী আছে।,0.0,0.0,0.0,0.0,0.0,0.0,0,0,0.25,0.0
3271252073_0a1b9525fc.jpg,একজন লোক একটি ছবির জন্য পোজ দিচ্ছে,0.14285714265306124,0.09090909082644627,0.11111110623456812,0.11111110623456812,0.0,0.11111110623456812,0,0,0.27083333333333337,0.0624999999609375
8068.png,একজন নারী আছে।,0.9999999966666667,0.4285714279591837,0.5999999946000001,0.5999999946000001,0.24999999562500003,0.5999999946000001,0,0,0.4347826086956522,0.4285714279591837
2192131110_8a40e7c028.jpg,একজন লোক একটি স্কেটবোর্ড জাম্প করছে,0.33333333277777777,0.3999999992,0.36363635801652905,0.36363635801652905,0.2222222167901236,0.36363635801652905,0,0,0.42307692307692313,0.2222222219753086
6382.png,একজন মেয়ে গাছে গাছের ডাল নিয়ে আছে।,0.2857142853061225,0.6666666644444444,0.39999999500000005,0.39999999500000005,0.12499999515625017,0.39999999500000005,0,0,0.5135135135135135,0.24999999968749997
2257798999_d9d1b9a45a.jpg,একটি কুকুর ঘাসে খেলছে,0.7499999981250001,0.5999999988,0.6666666602469137,0.6666666602469137,0.28571428000000004,0.6666666602469137,0,0,0.7058823529411764,0.49999999916666665
1954.png,পানিতে একজন পুরুষ আছে।,0.49999999875,0.33333333277777777,0.3999999944,0.3999999944,0.24999999468750006,0.3999999944,0,0,0.5,0.24999999968749997
2903617548_d3e38d7f88.jpg,একটি মেয়ে একটি লাল <unk> থেকে বের হয়ে আছে,0.2222222219753086,0.2222222219753086,0.22222221697530875,0.22222221697530875,0.0,0.22222221697530875,0,0,0.40625,0.13333333324444444
3592.png,একজন পুরুষ একটি জাল ফেলছে।,0.1999999996,0.12499999984374999,0.15384614887573977,0.15384614887573977,0.0,0.15384614887573977,0,0,0.30000000000000004,0.08333333326388888
6084.png,পানিতে একজন পুরুষ আছে।,0.9999999975,0.9999999975,0.9999999925,0.9999999925,0.9999999916666666,0.9999999925,1,1,1.0,0.9999999975
8155.png,একজন মানুষ আছে।,0.3333333322222222,0.16666666638888888,0.2222222172839507,0.2222222172839507,0.0,0.2222222172839507,0,0,0.36363636363636365,0.12499999984374999
7256.png,কয়েকজন মানুষ আছে।,0.6666666644444444,0.3999999992,0.49999999406250006,0.49999999406250006,0.33333332777777785,0.49999999406250006,0,0,0.5789473684210527,0.33333333277777777
6194.png,একটি ছেলে তাকিয়ে আছে।,0.49999999875,0.49999999875,0.4999999937500001,0.4999999937500001,0.33333332722222225,0.4999999937500001,0,0,0.7333333333333334,0.33333333277777777
3370085095_6abbb67c1d.jpg,একজন লোক একটি <unk>,0.49999999875,0.24999999968749997,0.33333332833333335,0.33333332833333335,0.0,0.2499999943750001,0,0,0.4375,0.1999999998
ob_1718260802.jpg,সামনে একজন ছোট ছেলে মেয়ে যার মাঝে একজন মেয়ে শিশু আছে।,0.0,0.0,0.0,0.0,0.0,0.0,0,0,0.2432432432432432,0.0
2603334363_cfa32c4482.jpg,একটি অল্প বয়সী মেয়ে একটি ট্রাইসাইকেল চালাচ্ছে,0.571428570612245,0.49999999937499995,0.5333333276444445,0.5333333276444445,0.3076923022485208,0.5333333276444445,0,0,0.6216216216216216,0.29999999969999996
3675825945_96b2916959.jpg,একটি স্কেটবোর্ডার একটি স্কেটবোর্ড চালাচ্ছে,0.5999999988,0.3333333329629629,0.42857142336734694,0.42857142336734694,0.33333332833333335,0.42857142336734694,0,0,0.575,0.2222222219753086
3025315215_a5d367971a.jpg,একটি কালো কুকুর একটি রঙিন কাপড়ের সুড়ঙ্গের ভেতর বসে আছে,0.3999999996,0.4444444439506172,0.4210526261495845,0.4210526261495845,0.3529411710726644,0.4210526261495845,0,0,0.5384615384615384,0.21428571413265304
4344.png,একজন পুরুষ আছে।,0.9999999966666667,0.49999999916666665,0.6666666607407408,0.6666666607407408,0.28571428081632655,0.6666666607407408,0,0,0.55,0.49999999916666665
3552.png,আগুনের শিখার পাশে আগুন বের হচ্ছে।,0.0,0.0,0.0,0.0,0.0,0.0,0,0,0.29166666666666663,0.0
3707.png,একটি দালানের সামনে একজন লোক একটি দোকানের সামনে দাঁড়িয়ে আছে,0.0999999999,0.249999999375,0.14285713857142868,0.14285713857142868,0.0,0.14285713857142868,0,0,0.22499999999999998,0.09090909082644627
319847643_df7c2a1d25.jpg,একটি শিশু একটি বড় মাথা বের করে,0.4285714279591837,0.37499999953124996,0.3999999944888889,0.3999999944888889,0.0,0.3999999944888889,0,0,0.6071428571428572,0.18181818165289254
2822891602_ff61df2ece.jpg,একটি ছেলে সাঁতার কাটছে,0.9999999975,0.3999999996,0.5714285665306122,0.5714285665306122,0.3333333290277778,0.5714285665306122,0,0,0.3783783783783784,0.3999999996
1318.png,একজন মহিলা একটি শান্তির চিহ্ন দেখাচ্ছে,0.33333333277777777,0.2857142853061225,0.3076923022485208,0.3076923022485208,0.0,0.3076923022485208,0,0,0.46153846153846156,0.18181818165289254
1747.png,একটি শিশু তাকিয়ে আছে।,0.49999999875,0.49999999875,0.4999999937500001,0.4999999937500001,0.0,0.4999999937500001,0,0,0.46153846153846156,0.33333333277777777
3296150666_aae2f64348.jpg,একটি ময়লা ময়লা রাস্তায় ছুটছে ।,0.16666666638888888,0.1999999996,0.1818181765289258,0.1818181765289258,0.0,0.1818181765289258,0,0,0.44999999999999996,0.1111111109876543
_MG_2334.JPG,একটা লোক বসে আছে,0.9999999975,0.9999999975,0.9999999925,0.9999999925,0.9999999916666666,0.9999999925,1,1,1.0,0.9999999975
3325974730_3ee192e4ff.jpg,একজন লোক তার স্নোবোর্ড দিয়ে বাতাসে লাফিয়ে কসরত দেখাচ্ছেন,0.4444444439506172,0.4444444439506172,0.4444444389506173,0.4444444389506173,0.24999999468750006,0.4444444389506173,0,0,0.575,0.28571428551020406
4139.png,রেল লাইনের পাশ দিয়ে একজন মানুষ হেঁটে যাচ্ছে।,0.37499999953124996,0.21428571413265304,0.2727272678512397,0.2727272678512397,0.0,0.1818181770247935,0,0,0.2857142857142857,0.15789473675900276
3154693053_cfcd05c226.jpg,সাদা জামা পরা একজন বাস্কেটবল খেলোয়াড় বল হাতে নিয়ে দাঁড়িয়ে বাস্কেটবল খেলছে,0.3333333330555555,0.6666666655555555,0.4444444395061729,0.4444444395061729,0.374999995234375,0.4444444395061729,0,0,0.5102040816326531,0.30769230745562126
2147.png,একজন পুরুষ তাকিয়ে আছে।,0.49999999875,0.15384615372781063,0.2352941137716263,0.2352941137716263,0.1333333299555556,0.2352941137716263,0,0,0.33333333333333337,0.13333333324444444
3721799573_2f470950e0.jpg,একজন পুরুষ এবং একজন মহিলা এবং একটি ছবির জন্য পোজ দিচ্ছে,0.2727272724793388,0.37499999953124996,0.31578946847645434,0.31578946847645434,0.11764705384083066,0.31578946847645434,0,0,0.4285714285714286,0.21428571413265304
_MG_1776.JPG,একটি ট্রেন এর উপরে দেখা যাচ্ছে,0.33333333277777777,0.6666666644444444,0.44444443901234576,0.44444443901234576,0.28571428081632655,0.44444443901234576,0,0,0.47619047619047616,0.2857142853061225
1032460886.jpg,একটি কালো রঙের দালানের সামনে এক লোক একটি কাচের <unk>,0.29999999969999996,0.37499999953124996,0.3333333280246914,0.3333333280246914,0.12499999492187522,0.3333333280246914,0,0,0.4864864864864865,0.21428571413265304
3726076549_0efb38854b.jpg,একজন লোক তার সাইকেল দিয়ে বাতাসে লাফিয়ে কসরত দেখাচ্ছেন,0.2222222219753086,0.2857142853061225,0.24999999476562512,0.24999999476562512,0.08333332881944468,0.24999999476562512,0,0,0.368421052631579,0.14285714275510203
743571049_68080e8751.jpg,একটি শিশু একটি দোলনায় বসে আছে,0.49999999916666665,0.3333333329629629,0.3999999946666667,0.3999999946666667,0.1818181765289258,0.3999999946666667,0,0,0.4285714285714286,0.1999999998
2951750234_a4741f708b.jpg,একটি বাদামী কুকুর একটি ট্র্যাকের উপর দিয়ে লাফ দিচ্ছে,0.4444444439506172,0.30769230745562126,0.3636363584710744,0.3636363584710744,0.09999999510000022,0.3636363584710744,0,0,0.5813953488372092,0.2352941175086505
4345.png,একটা বাচ্চা ছেলে হাঁসি মুখে তাকিয়ে আছে।,0.14285714265306124,0.1999999996,0.16666666152777793,0.16666666152777793,0.0,0.16666666152777793,0,0,0.5217391304347826,0.09090909082644627
6721.png,একজন লোক একটা বাসের ভিতর থেকে একজন মানুষ আছে।,0.2222222219753086,0.3999999992,0.2857142807142858,0.2857142807142858,0.16666666194444454,0.2857142807142858,0,0,0.3529411764705882,0.18181818165289254
3700.png,একজন শারি পরা মহিলা বসে খাতায় লিখছে বসে আছে একজন মহিলা।,0.2727272724793388,0.29999999969999996,0.28571428045351477,0.28571428045351477,0.21052631058171756,0.28571428045351477,0,0,0.475,0.1874999998828125
156.png,একটি <unk> একটি বড় বড় বড় <unk> একটি বড় বড় <unk> একটি বড় বড় <unk> একটি বড় বড় <unk> একটি বড় বড় <unk> একটি বড় বড় <unk> একটি বড় বড় <unk> একটি বড় বড় <unk> একটি বড় বড় <unk> একটি,0.0499999999875,0.11764705875432525,0.07017543438596516,0.07017543438596516,0.0,0.07017543438596516,0,0,0.20714285714285718,0.05555555552469135
7027.png,ট্রেন এর প্লাটফর্মে কিছু মানুষ আছে।,0.16666666638888888,0.16666666638888888,0.16666666138888903,0.16666666138888903,0.0869565182608697,0.16666666138888903,0,0,0.30434782608695654,0.09523809519274376
2265367960_7928c5642f.jpg,একজন লোক একটি <unk>,0.249999999375,0.16666666638888888,0.1999999948000001,0.1999999948000001,0.0,0.1999999948000001,0,0,0.30434782608695654,0.1111111109876543
2910.png,একজন পুরুষ ঝর্ণার পানিতে ঝাঁপ দিচ্ছে।,0.49999999916666665,0.5999999988,0.5454545395041324,0.5454545395041324,0.14285713806122466,0.5454545395041324,0,0,0.625,0.37499999953124996
5941.png,একটি নৌকায় কয়েকজন মানুষ আছে।,0.3999999992,0.24999999968749997,0.3076923024852071,0.3076923024852071,0.0,0.3076923024852071,0,0,0.31034482758620685,0.18181818165289254
2377.png,একজন পুরুষ ও কয়েকজন মানুষ দাড়িয়ে আছে।,0.2857142853061225,0.1999999998,0.23529411252595167,0.23529411252595167,0.13333332835555572,0.23529411252595167,0,0,0.38888888888888884,0.13333333324444444
4836.png,কয়েকজন পুরুষ গোছল করছে।,0.49999999875,0.33333333277777777,0.3999999944,0.3999999944,0.24999999468750006,0.3999999944,0,0,0.5769230769230769,0.24999999968749997
3099504809_565e17e49d.jpg,একজন লোক পাহাড়ে উঠছে,0.249999999375,0.16666666638888888,0.1999999948000001,0.1999999948000001,0.0,0.1999999948000001,0,0,0.4,0.12499999984374999
5685.png,একজন নারী দাড়িয়ে আছে।,0.249999999375,0.1999999996,0.2222222167901236,0.2222222167901236,0.0,0.2222222167901236,0,0,0.375,0.12499999984374999
632251903_b36701a5e9.jpg,এক ছেলে অন্তর্বাস পরে একটি পুকুরে লাফ দিচ্ছে,0.24999999968749997,0.24999999968749997,0.24999999468750006,0.24999999468750006,0.0,0.24999999468750006,0,0,0.3783783783783784,0.14285714275510203
5966.png,একজন নারী আছে।,0.9999999966666667,0.4285714279591837,0.5999999946000001,0.5999999946000001,0.49999999500000003,0.5999999946000001,0,0,0.3448275862068966,0.4285714279591837
535399240_0714a6e950.jpg,একটি ছোট মেয়ে একটি লাল <unk> একটি লাল <unk> একটি লাল <unk> একটি লাল <unk> একটি লাল <unk> একটি লাল <unk> একটি লাল <unk> একটি লাল <unk> একটি লাল <unk> একটি লাল <unk> একটি লাল <unk> একটি লাল <unk> একটি,0.07499999998125,0.2727272724793388,0.11764705539407928,0.11764705539407928,0.04166666360243077,0.11764705539407928,0,0,0.1724137931034483,0.15384615372781063
7129.png,একটি নৌকায় একজন মানুষ কাজ করছে।,0.49999999916666665,0.5999999988,0.5454545395041324,0.5454545395041324,0.2222222167901236,0.36363635801652905,0,0,0.3913043478260869,0.37499999953124996
3417662443_2eaea88977.jpg,একজন পুরুষ ও একজন পুরুষ আছে।,0.16666666638888888,0.12499999984374999,0.1428571377551022,0.1428571377551022,0.0,0.1428571377551022,0,0,0.4193548387096774,0.09090909082644627
2251992614_0c601fae2c.jpg,একজন লোক একটি ব্যস্ত ফুটপাতে দাঁড়িয়ে আছে,0.4285714279591837,0.4285714279591837,0.42857142295918377,0.42857142295918377,0.16666666138888903,0.3076923022485208,0,0,0.35185185185185186,0.2727272724793388
3458.png,রাস্তা দিয়ে একজন মানুষ রাস্তা দিয়ে রাস্তা দিয়ে রাস্তা দিয়ে রাস্তা দিয়ে রাস্তা দিয়ে রাস্তা দিয়ে রাস্তা দিয়ে রাস্তা দিয়ে রাস্তা দিয়ে রাস্তা দিয়ে রাস্তা দিয়ে রাস্তা দিয়ে রাস্তা দিয়ে রাস্তা দিয়ে রাস্তা দিয়ে রাস্তা দিয়ে রাস্তা দিয়ে রাস্তা দিয়ে,0.07499999998125,0.21428571413265304,0.11111110722908106,0.11111110722908106,0.04651162619794489,0.11111110722908106,0,0,0.21276595744680848,0.2857142853061225
3122888809_9ae9b4b9b2.jpg,দুটি কুকুর একটি কালো কুকুর দৌড়ে বেড়াচ্ছে,0.571428570612245,0.3333333330555555,0.42105262648199443,0.42105262648199443,0.3076923022485208,0.3999999944888889,0,0,0.5333333333333333,0.2727272724793388
3644.png,পাশাপাশি দুইজন পুরুষ আছে।,0.49999999875,0.24999999968749997,0.33333332833333335,0.33333332833333335,0.0,0.33333332833333335,0,0,0.3214285714285714,0.2222222219753086
5791.png,একজন পুরুষ বসে আছে।,0.49999999875,0.49999999875,0.4999999937500001,0.4999999937500001,0.33333332722222225,0.4999999937500001,0,0,0.6470588235294117,0.33333333277777777
2130.png,একজন লোক একটা ছেলে বসে আছে।,0.33333333277777777,0.3999999992,0.36363635801652905,0.36363635801652905,0.2222222167901236,0.36363635801652905,0,0,0.5,0.2222222219753086
3526150930_580908dab6.jpg,একটি মেয়ে <unk>,0.3333333322222222,0.08333333326388888,0.1333333299555556,0.1333333299555556,0.0,0.1333333299555556,0,0,0.24,0.07692307686390532
2765029348_667111fc30.jpg,একজন লোক একটি পাহাড়ের উপরে একটি পাহাড়ের উপরে একটি পাহাড়ের উপরে একটি পাহাড়ের উপরে একটি পাহাড়ের উপরে একটি পাহাড়ের উপরে একটি পাহাড়ের উপরে একটি পাহাড়ের উপরে একটি পাহাড়ের উপরে একটি পাহাড়ের উপরে একটি পাহাড়ের উপরে একটি পাহাড়ের উপরে একটি পাহাড়ের,0.0499999999875,0.2222222219753086,0.08163265002915464,0.08163265002915464,0.0,0.08163265002915464,0,0,0.14534883720930236,0.16666666652777776
128404184.jpg,একটি শিশু একটি <unk>,0.249999999375,0.08333333326388888,0.1249999960937501,0.1249999960937501,0.0,0.1249999960937501,0,0,0.21739130434782605,0.07692307686390532
5655.png,একটি হেলিকপ্টার আছে।,0.3333333322222222,0.3333333322222222,0.33333332722222225,0.33333332722222225,0.0,0.33333332722222225,0,0,0.3846153846153846,0.1999999996
3362592729_893e26b806.jpg,একজন লোক একটি <unk> <unk> <unk> <unk> <unk> <unk> <unk> <unk> <unk> <unk> <unk> <unk> <unk> <unk> <unk> <unk> <unk> <unk> <unk> <unk> <unk> <unk> <unk> <unk> <unk> <unk> <unk> <unk> <unk> <unk> <unk> <unk> <unk> <unk> <unk> <unk> <unk>,0.0,0.0,0.0,0.0,0.0,0.0,0,0,0.07547169811320753,0.0
2494.png,একজন নারী ও একজন নারী আছে।,0.8333333319444445,0.41666666631944443,0.5555555504938272,0.5555555504938272,0.249999995390625,0.5555555504938272,0,0,0.4444444444444444,0.3999999996
8247.png,ইট ভাটায় দুইটি শ্রমিক ইট নিয়ে দাঁড়িয়ে আছে।,0.0,0.0,0.0,0.0,0.0,0.0,0,0,0.2857142857142857,0.0
3346614841_698f9aa486.jpg,একজন পুরুষ,0.4999999975,0.1999999996,0.28571428081632655,0.28571428081632655,0.0,0.28571428081632655,0,0,0.33333333333333337,0.16666666638888888
2629346153_155ba73ae9.jpg,একটি কুকুর একটি ফ্রিসবি ধরার চেষ্টা করছে,0.4285714279591837,0.3333333329629629,0.374999994609375,0.374999994609375,0.1428571377551022,0.374999994609375,0,0,0.4193548387096774,0.16666666652777776
1094606832.jpg,একজন লোক একটি বারে <unk> <unk>,0.33333333277777777,0.24999999968749997,0.2857142804081633,0.2857142804081633,0.0,0.1428571377551022,0,0,0.28125,0.18181818165289254
590.png,একজন ছোট ছেলে হাতে একটা সিগারেট নিয়ে দাঁড়িয়ে আছে।,0.1111111109876543,0.249999999375,0.15384614934911253,0.15384614934911253,0.0,0.15384614934911253,0,0,0.34375,0.08333333326388888
757133580_ba974ef649.jpg,একটি ছেলে পতাকা নিয়ে ঘুড়ি <unk>,0.33333333277777777,0.2222222219753086,0.2666666615111111,0.2666666615111111,0.0,0.2666666615111111,0,0,0.33333333333333337,0.15384615372781063
2070.png,একটি শিশু একটি গাছের নিচে বসে আছে।,0.2857142853061225,0.3999999992,0.33333332791666676,0.33333332791666676,0.0,0.33333332791666676,0,0,0.4347826086956522,0.2222222219753086
ob_1716989674.jpg,একজন পুরুষ আছে।,0.0,0.0,0.0,0.0,0.0,0.0,0,0,0.17500000000000004,0.0
3264.png,একটি রাস্তা দিয়ে একজন মানুষ আছে।,0.49999999916666665,0.9999999966666667,0.6666666607407408,0.6666666607407408,0.5714285657142857,0.6666666607407408,0,0,0.5,0.49999999916666665
3069037969_bb7319e0dc.jpg,একটি কুকুর পুলে সাঁতার কাটছে,0.7999999984,0.9999999975,0.8888888819753088,0.8888888819753088,0.5714285648979592,0.8888888819753088,0,0,0.8333333333333334,0.7999999984
7469.png,একটি ট্রেন এর সামনে একটি বড় বড় বড় বড় বড় বড় বড় বড় বড় বড় বড় বড় বড় বড় বড় বড় বড় বড় বড় বড় বড় বড় বড় বড় বড় বড় বড় বড় বড় বড় বড় বড় বড় বড় বড়,0.0499999999875,0.15384615372781063,0.07547169438234266,0.07547169438234266,0.0,0.07547169438234266,0,0,0.1544715447154471,0.0999999999
3327.png,অনেকগুলো মানুষ দাড়িয়ে আছে।,0.7499999981250001,0.37499999953124996,0.49999999472222234,0.49999999472222234,0.1999999954000001,0.33333332833333335,0,0,0.32258064516129037,0.4285714279591837
1358089136_976e3d2e30.jpg,একজন লোক একটি বরফের পাহাড় বেয়ে নিচে নামছে,0.49999999937499995,0.571428570612245,0.5333333276444445,0.5333333276444445,0.3076923022485208,0.5333333276444445,0,0,0.6333333333333333,0.3636363633057851
2467850190_07a74d89b7.jpg,একটি কালো কুকুর একটি কালো রঙ এর সামনে বসে আছে,0.3999999996,0.49999999937499995,0.4444444390123457,0.4444444390123457,0.0,0.4444444390123457,0,0,0.48484848484848486,0.24999999979166665
2029.png,কয়েকজন মানুষ আছে।,0.3333333322222222,0.07142857137755101,0.11764705577854677,0.11764705577854677,0.0,0.11764705577854677,0,0,0.23076923076923073,0.0624999999609375
4806.png,একটি নৌকা আছে।,0.3333333322222222,0.3333333322222222,0.33333332722222225,0.33333332722222225,0.0,0.33333332722222225,0,0,0.36363636363636365,0.1999999996
245.png,একটি নৌকায় একজন মানুষ আছে।,0.3999999992,0.2222222219753086,0.2857142807142858,0.2857142807142858,0.16666666194444454,0.2857142807142858,0,0,0.40625,0.16666666652777776
3634400263_c6fcaa48e1.jpg,একটি ছেলে তার সাইকেল দিয়ে বাতাসে লাফিয়ে কসরত দেখাচ্ছেন,0.2222222219753086,0.2857142853061225,0.24999999476562512,0.24999999476562512,0.0,0.12499999492187522,0,0,0.41666666666666663,0.14285714275510203
2844.png,একজন পুরুষ দাড়িয়ে আছে।,0.9999999975,0.3636363633057851,0.533333328711111,0.533333328711111,0.42857142459183667,0.533333328711111,0,0,0.375,0.3999999996
1213336750_2269b51397.jpg,একজন লোক একটি <unk> <unk> <unk> <unk> <unk> <unk> <unk> <unk> <unk> <unk> <unk> <unk> <unk> <unk> <unk> <unk> <unk> <unk> <unk> <unk> <unk> <unk> <unk> <unk> <unk> <unk> <unk> <unk> <unk> <unk> <unk> <unk> <unk> <unk> <unk> <unk> <unk>,0.0499999999875,0.24999999968749997,0.08333333052083343,0.08333333052083343,0.0,0.08333333052083343,0,0,0.09433962264150941,0.1999999998
469259974_bb03c15c42.jpg,একজন পুরুষ বই পড়ছে,0.49999999875,0.2857142853061225,0.36363635834710756,0.36363635834710756,0.0,0.36363635834710756,0,0,0.5,0.2222222219753086
3486538055_bcf4d3dfda.jpg,একটি কুকুর একটি বাদামী কুকুর খেলছে,0.9999999983333333,0.4999999995833333,0.6666666614814816,0.6666666614814816,0.4999999943055557,0.6666666614814816,0,0,0.5483870967741935,0.3999999996
8480.png,একটি শিশু দাড়িয়ে আছে।,0.249999999375,0.3333333322222222,0.28571428000000004,0.28571428000000004,0.0,0.28571428000000004,0,0,0.3076923076923077,0.16666666638888888
339350939_6643bfb270.jpg,সমুদ্রের পাড়ে বালির মধ্যে একটি কুকুর,0.49999999916666665,0.37499999953124996,0.4285714230612245,0.4285714230612245,0.24999999468750006,0.3999999944,0,0,0.3793103448275862,0.2727272724793388
3610.png,একজন পুরুষ হাতে নিয়ে দাঁড়িয়ে আছে,0.33333333277777777,0.2857142853061225,0.3076923022485208,0.3076923022485208,0.1818181765289258,0.3076923022485208,0,0,0.6799999999999999,0.18181818165289254
8173.png,একটি সেতুর পারে কয়েকটি ভবন আছে।,0.16666666638888888,0.1999999996,0.1818181765289258,0.1818181765289258,0.0,0.1818181765289258,0,0,0.40909090909090906,0.0999999999
412.png,একজন নারী বসে আছে।,0.7499999981250001,0.37499999953124996,0.49999999472222234,0.49999999472222234,0.1999999954000001,0.49999999472222234,0,0,0.3928571428571429,0.37499999953124996
3045613316_4e88862836.jpg,একজন লোক একটি <unk> <unk>,0.3999999992,0.2857142853061225,0.33333332791666676,0.33333332791666676,0.1999999948000001,0.33333332791666676,0,0,0.42307692307692313,0.2222222219753086
7078.png,একটি ছেলে পানিতে নেমে আছে।,0.5999999988,0.29999999969999996,0.39999999502222217,0.39999999502222217,0.15384614934911253,0.36363635801652905,0,0,0.44999999999999996,0.24999999979166665
6358.png,একজন পুরুষ ও একজন পুরুষ এবং একজন পুরুষ এবং একজন পুরুষ এবং একজন পুরুষ এবং একজন পুরুষ এবং একজন পুরুষ এবং একজন পুরুষ এবং একজন পুরুষ এবং একজন পুরুষ এবং একজন পুরুষ এবং একজন পুরুষ এবং একজন পুরুষ এবং একজন,0.0,0.0,0.0,0.0,0.0,0.0,0,0,0.09433962264150941,0.0
1517.png,শহীদ মিনার।,0.0,0.0,0.0,0.0,0.0,0.0,0,0,0.09090909090909094,0.0
7063.png,কয়েকজন পুরুষ ও কয়েকজন পুরুষ দাড়িয়ে আছে।,0.571428570612245,0.9999999975,0.7272727213223142,0.7272727213223142,0.6666666607407408,0.7272727213223142,0,0,0.5714285714285714,0.7999999984
1865.png,একজন পুরুষ একটি ঘর ও একজন পুরুষ আছে।,0.24999999968749997,0.2857142853061225,0.2666666613333334,0.2666666613333334,0.0,0.2666666613333334,0,0,0.4137931034482759,0.18181818165289254
5959.png,নদীর পাড়ে অনেক মানুষ আছে।,0.3999999992,0.2857142853061225,0.33333332791666676,0.33333332791666676,0.1999999948000001,0.33333332791666676,0,0,0.4666666666666667,0.1999999998
8067.png,একটি শিশু আছে।,0.9999999966666667,0.5999999988,0.7499999934375,0.7499999934375,0.33333332777777785,0.7499999934375,0,0,0.5294117647058824,0.5999999988
3079787482_0757e9d167.jpg,একটি শিশু,0.4999999975,0.16666666638888888,0.24999999562500003,0.24999999562500003,0.0,0.24999999562500003,0,0,0.16666666666666663,0.14285714265306124
1912.png,একজন নারী সাইকেল চালাচ্ছে।,0.7499999981250001,0.37499999953124996,0.49999999472222234,0.49999999472222234,0.1999999954000001,0.49999999472222234,0,0,0.41666666666666663,0.4285714279591837
3799.png,একজন পুরুষ ও একটি কালো গরুকে খাবার নিয়ে আছে।,0.4444444439506172,0.6666666655555555,0.5333333278222222,0.5333333278222222,0.15384614887573977,0.5333333278222222,0,0,0.5806451612903225,0.3636363633057851
3174228611_6cf9d2266b.jpg,সাদা জামা পরা বাস্কেটবল খেলোয়াড় বল ড্রিবল করছে,0.37499999953124996,0.37499999953124996,0.37499999453125,0.37499999453125,0.28571428030612256,0.37499999453125,0,0,0.4864864864864865,0.23076923059171597
3174.png,একটি গাছের নিচে কয়েকটা গাছ আছে।,0.16666666638888888,0.16666666638888888,0.16666666138888903,0.16666666138888903,0.0,0.16666666138888903,0,0,0.26086956521739135,0.09090909082644627
7320.png,একজন লোক একটি <unk>,0.249999999375,0.07142857137755101,0.1111111075308643,0.1111111075308643,0.0,0.1111111075308643,0,0,0.2272727272727273,0.0624999999609375
7091.png,একজন পুরুষ একটি শিশু আছে।,0.5999999988,0.2727272724793388,0.374999995234375,0.374999995234375,0.14285713857142868,0.374999995234375,0,0,0.43243243243243246,0.23076923059171597
515335111_c4afd5b903.jpg,একজন লোক একটি নৌকা বাইছে,0.5999999988,0.3333333329629629,0.42857142336734694,0.42857142336734694,0.16666666194444454,0.42857142336734694,0,0,0.3571428571428571,0.29999999969999996
3010.png,কয়েকজন মানুষ আছে।,0.9999999966666667,0.9999999966666667,0.9999999916666666,0.9999999916666666,0.9999999900000001,0.9999999916666666,1,1,1.0,0.9999999966666667
670.png,একটি রাস্তা দিয়ে একজন পুরুষ সাইকেল চালিয়ে যাচ্ছে,0.6249999992187499,0.41666666631944443,0.4999999947,0.4999999947,0.33333332820987654,0.4999999947,0,0,0.46808510638297873,0.3846153843195266
7081.png,একজন মেয়ে দাড়িয়ে আছে।,0.49999999875,0.2857142853061225,0.36363635834710756,0.36363635834710756,0.0,0.36363635834710756,0,0,0.375,0.24999999968749997
3204.png,একজন ছোট ছেলে একটা বাচ্চাকে ধরে দাড়িয়ে আছে।,0.12499999984374999,0.3333333322222222,0.18181817752066123,0.18181817752066123,0.0,0.18181817752066123,0,0,0.2142857142857143,0.0999999999
535.png,একজন লোক বেলচা দিয়ে পানি দিয়ে আছে।,0.14285714265306124,0.16666666638888888,0.15384614863905344,0.15384614863905344,0.0,0.15384614863905344,0,0,0.4782608695652174,0.09090909082644627
3547600292_6f8aac7f2e.jpg,একটি পাখি আছে।,0.9999999966666667,0.3333333329629629,0.4999999954166666,0.4999999954166666,0.33333332777777785,0.4999999954166666,0,0,0.2727272727272727,0.37499999953124996
2086678529_b3301c2d71.jpg,একটি মেয়ে একটি শান্তির চিহ্ন ধরে আছে,0.2857142853061225,0.3999999992,0.33333332791666676,0.33333332791666676,0.1999999948000001,0.33333332791666676,0,0,0.43999999999999995,0.2222222219753086
3485657956_7481582565.jpg,একটি কালো কুকুর ঘাসের উপর বসে আছে,0.571428570612245,0.49999999937499995,0.5333333276444445,0.5333333276444445,0.3076923022485208,0.5333333276444445,0,0,0.6333333333333333,0.3636363633057851
7348.png,একজন পুরুষ একটি জাল দিয়ে মাছ ধরছে।,0.4285714279591837,0.37499999953124996,0.3999999944888889,0.3999999944888889,0.15384614863905344,0.3999999944888889,0,0,0.3548387096774194,0.24999999979166665
3687.png,একজন নারী আছে।,0.9999999966666667,0.9999999966666667,0.9999999916666666,0.9999999916666666,0.9999999900000001,0.9999999916666666,1,1,1.0,0.9999999966666667
6237.png,একটি নৌকা আছে।,0.6666666644444444,0.3999999992,0.49999999406250006,0.49999999406250006,0.0,0.49999999406250006,0,0,0.5294117647058824,0.33333333277777777
595.png,কয়েকজন নারী ও পুরুষ আছে।,0.1999999996,0.1999999996,0.19999999460000012,0.19999999460000012,0.0,0.19999999460000012,0,0,0.368421052631579,0.1111111109876543
2957071266_1b40ec7d96.jpg,একটি কালো কুকুর একটি মাঠে দৌড়াচ্ছে,0.9999999983333333,0.4999999995833333,0.6666666614814816,0.6666666614814816,0.374999995234375,0.5555555504938272,0,0,0.5428571428571429,0.5555555549382716
8220.png,একজন পুরুষ মাথায় ইট নিচ্ছে।,0.3999999992,0.49999999875,0.4444444385185186,0.4444444385185186,0.28571428000000004,0.4444444385185186,0,0,0.5789473684210527,0.2857142853061225
5532.png,একজন ছোট মেয়ে শিশু আছে।,0.3999999992,0.6666666644444444,0.49999999406250006,0.49999999406250006,0.0,0.49999999406250006,0,0,0.5,0.33333333277777777
3765.png,কয়েকজন নারী ও একজন নারী ও একজন নারী ও একজন নারী ও একজন নারী ও একজন নারী ও একজন নারী ও একজন নারী ও একজন নারী ও একজন নারী ও একজন নারী ও একজন নারী ও একজন নারী ও একজন,0.07499999998125,0.4285714279591837,0.12765957187867819,0.12765957187867819,0.08888888653827165,0.12765957187867819,0,0,0.12592592592592589,0.37499999953124996
2496370758_a3fbc49837.jpg,ঘাসের মধ্যে দুটি কুকুর দৌড়াচ্ছে,0.7999999984,0.4444444439506172,0.5714285660204083,0.5714285660204083,0.33333332833333335,0.5714285660204083,0,0,0.5428571428571429,0.3999999996
2916009941_34a0013803.jpg,একটি ছোট ছেলে একটি <unk> <unk> <unk> <unk> <unk> <unk> <unk> <unk> <unk> <unk> <unk> <unk> <unk> <unk> <unk> <unk> <unk> <unk> <unk> <unk> <unk> <unk> <unk> <unk> <unk> <unk> <unk> <unk> <unk> <unk> <unk> <unk> <unk> <unk> <unk> <unk>,0.07499999998125,0.2727272724793388,0.11764705539407928,0.11764705539407928,0.04081632326530638,0.08333333052083343,0,0,0.12101910828025475,0.1999999998
7444.png,পানিতে কয়েকজন মানুষ আছে।,0.49999999875,0.24999999968749997,0.33333332833333335,0.33333332833333335,0.0,0.33333332833333335,0,0,0.4285714285714286,0.1999999998
IMG_0322.JPG,একটি মহিলা বসে আছে,0.7499999981250001,0.7499999981250001,0.7499999931250001,0.7499999931250001,0.6666666594444445,0.7499999931250001,0,1,1.0,0.5999999988
7322.png,একজন পুরুষ একটি রাস্তা দিয়ে হেঁটে যাচ্ছে।,0.4285714279591837,0.7499999981250001,0.5454545398347109,0.5454545398347109,0.2222222172839507,0.5454545398347109,0,0,0.5,0.37499999953124996
436013859_793d870b6f.jpg,এক লোক তার কুকুরকে রিং নিয়ে দৌড়াচ্ছেন,0.14285714265306124,0.1999999996,0.16666666152777793,0.16666666152777793,0.0,0.16666666152777793,0,0,0.375,0.09090909082644627
3433.png,একজন পুরুষ একটি নৌকা আছে।,0.7999999984,0.7999999984,0.7999999934,0.7999999934,0.7499999931250001,0.7999999934,0,0,0.85,0.6666666655555555
907.png,একটি পুরাতন মসজিদ।,0.3333333322222222,0.14285714265306124,0.1999999954000001,0.1999999954000001,0.0,0.1999999954000001,0,0,0.31999999999999995,0.1111111109876543
531261613_f1a045cd75.jpg,রাস্তা দিয়ে একজন পুরুষ রাস্তা দিয়ে হেটে যাচ্ছে একজন লোক সাইকেল চালাচ্ছে,0.16666666652777776,0.24999999968749997,0.1999999950000001,0.1999999950000001,0.0,0.1999999950000001,0,0,0.44680851063829785,0.13333333324444444
2994.png,একজন পুরুষ বসে আছে।,0.0,0.0,0.0,0.0,0.0,0.0,0,0,0.5,0.0
1554.png,কয়েকজন নারী ও একজন নারী আছে।,0.16666666638888888,0.249999999375,0.1999999948000001,0.1999999948000001,0.0,0.1999999948000001,0,0,0.2857142857142857,0.12499999984374999
5195.png,একটি দোকানে মাছ বিক্রেতার বাজারে খাবার বিক্রি করছে,0.12499999984374999,0.1111111109876543,0.11764705370242234,0.11764705370242234,0.0,0.11764705370242234,0,0,0.3142857142857143,0.06666666662222222
1260.png,একজন পুরুষ একটি ঝুড়ি নিয়ে আছে।,0.49999999916666665,0.29999999969999996,0.37499999484375,0.37499999484375,0.0,0.24999999500000003,0,0,0.39473684210526316,0.2727272724793388
3544233095_4bca71df1d.jpg,একটি মেয়ে একটি মাটির রাস্তা দিয়ে হেটে যাচ্ছে আর একজন মেয়ে দাঁড়িয়ে আছে।,0.15384615372781063,0.14285714275510203,0.14814814304526766,0.14814814304526766,0.0,0.14814814304526766,0,0,0.30508474576271183,0.0624999999609375
493542985_c85ad29ebe.jpg,একটি ছেলে পানিতে লাফ দিচ্ছে,0.1999999996,0.1999999996,0.19999999460000012,0.19999999460000012,0.0,0.19999999460000012,0,0,0.37037037037037035,0.1111111109876543
7351.png,একটি ছোট্ট মেয়ে একটি গোলাপ ধরে আছে।,0.2857142853061225,0.33333333277777777,0.3076923022485208,0.3076923022485208,0.0,0.3076923022485208,0,0,0.45833333333333337,0.1999999998
6864.png,একজন পুরুষ মাথায় বস্তা নিয়ে যাচ্ছে।,0.0,0.0,0.0,0.0,0.0,0.0,0,0,0.32258064516129037,0.0
4185.png,একজন ছোট মেয়ে হাঁসি দিয়ে দাঁড়িয়ে আছে।,0.2857142853061225,0.3999999992,0.33333332791666676,0.33333332791666676,0.0,0.33333332791666676,0,0,0.5217391304347826,0.1999999998
1249.png,একজন পুরুষ আছে।,0.0,0.0,0.0,0.0,0.0,0.0,0,0,0.3076923076923077,0.0
8597.png,তিনটি শিশু একটি <unk>,0.249999999375,0.249999999375,0.2499999943750001,0.2499999943750001,0.0,0.2499999943750001,0,0,0.15555555555555556,0.14285714265306124
4043.png,একজন লোক দেয়ালে লাগানো ছবি দেখছে,0.33333333277777777,0.2857142853061225,0.3076923022485208,0.3076923022485208,0.0,0.3076923022485208,0,0,0.5833333333333333,0.18181818165289254
86542183_5e312ae4d4.jpg,একটি শিশু একটি বরফের মধ্যে একটি বরফের মধ্যে একটি বরফের মধ্যে একটি বরফের মধ্যে একটি বরফের মধ্যে একটি বরফের মধ্যে একটি বরফের মধ্যে একটি বরফের মধ্যে একটি বরফের মধ্যে একটি বরফের মধ্যে একটি বরফের মধ্যে একটি বরফের মধ্যে একটি বরফের,0.02499999999375,0.16666666638888888,0.04347825858223074,0.04347825858223074,0.0,0.04347825858223074,0,0,0.08771929824561409,0.1111111109876543
345897245_1894017154315894_6837571183850247667_n.jpg,একজন নারী আছে।,0.0,0.0,0.0,0.0,0.0,0.0,0,0,0.25,0.0
3343.png,একজন নারী দাড়িয়ে আছে।,0.49999999875,0.6666666644444444,0.5714285648979592,0.5714285648979592,0.0,0.5714285648979592,0,0,0.5714285714285714,0.3999999992
4699.png,একটি শিশু আছে।,0.9999999966666667,0.9999999966666667,0.9999999916666666,0.9999999916666666,0.9999999900000001,0.9999999916666666,1,1,1.0,0.9999999966666667
3397228832_8ce5b1c26f.jpg,একজন লোক পানিতে ডিঙি নৌকায় চড়ে সমুদ্রের পানিতে তার বোর্ডে <unk>,0.18181818165289254,0.33333333277777777,0.2352941128027682,0.2352941128027682,0.13333332871111125,0.2352941128027682,0,0,0.40476190476190477,0.14285714275510203
2715035273_8fc8b1291c.jpg,একটি কালো রঙের পোশাক পরা লোক টি শার্ট পরা লোক রাস্তায় <unk>,0.16666666652777776,0.2857142853061225,0.2105263109141275,0.2105263109141275,0.0,0.2105263109141275,0,0,0.3414634146341463,0.13333333324444444
2892995070_39f3c9a56e.jpg,একটি কুকুর সৈকতে দৌড়াচ্ছে,0.7499999981250001,0.29999999969999996,0.42857142387755104,0.42857142387755104,0.16666666263888896,0.42857142387755104,0,0,0.5,0.29999999969999996
4710.png,একজন মানুষ রাস্তা দিয়ে আগুন জ্বলছে।,0.16666666638888888,0.1999999996,0.1818181765289258,0.1818181765289258,0.0,0.1818181765289258,0,0,0.29166666666666663,0.0999999999
2746072388_b127f8259b.jpg,নীল শার্ট পরা ছেলেটি চোখ বন্ধ করে আছে,0.12499999984374999,0.12499999984374999,0.12499999484375018,0.12499999484375018,0.0,0.12499999484375018,0,0,0.42307692307692313,0.07142857137755101
1329.png,একজন ছেলে মানুষ আছে।,0.49999999875,0.49999999875,0.4999999937500001,0.4999999937500001,0.0,0.4999999937500001,0,0,0.6666666666666667,0.33333333277777777
7623.png,একজন নারী আছে।,0.3333333322222222,0.3333333322222222,0.33333332722222225,0.33333332722222225,0.0,0.33333332722222225,0,0,0.4,0.1999999996
8848.png,একজন নারী আছে।,0.3333333322222222,0.3333333322222222,0.33333332722222225,0.33333332722222225,0.0,0.33333332722222225,0,0,0.6,0.1999999996
2187503678_fd743e0a00.jpg,একটি সুন্দর দৃশ্য।,0.3333333322222222,0.16666666638888888,0.2222222172839507,0.2222222172839507,0.0,0.2222222172839507,0,0,0.26086956521739135,0.12499999984374999
3719461451_07de35af3a.jpg,একটি সাদা রঙের পোশাক পরিহিত একটি সাদা রঙের একটি সাদা পাখি মুখে নিয়ে,0.15384615372781063,0.2857142853061225,0.1999999952500001,0.1999999952500001,0.11111110654321005,0.1999999952500001,0,0,0.34782608695652173,0.15384615372781063
3377570617_d2f2225a74.jpg,একজন পুরুষ এবং ক্যামেরার দিকে তাকিয়ে আছে,0.14285714265306124,0.16666666638888888,0.15384614863905344,0.15384614863905344,0.0,0.15384614863905344,0,0,0.33333333333333337,0.08333333326388888
3342.png,একটি শিশু পার্কে বসে আছে,0.7999999984,0.30769230745562126,0.4444444399382716,0.4444444399382716,0.1249999960937501,0.4444444399382716,0,0,0.6875,0.30769230745562126
6079.png,একটি ছেলে একটি দালানের সামনে দাঁড়িয়ে আছে।,0.571428570612245,0.3636363633057851,0.4444444391975309,0.4444444391975309,0.0,0.33333332820987654,0,0,0.4358974358974359,0.30769230745562126
3484832904_08619300d9.jpg,বেসবল খেলোয়াড় বল <unk>,0.249999999375,0.249999999375,0.2499999943750001,0.2499999943750001,0.0,0.2499999943750001,0,0,0.29268292682926833,0.14285714265306124
3526805681_38461c0d5d.jpg,একটি কুকুর একটি <unk> <unk> <unk> <unk> <unk> <unk> <unk> <unk> <unk> <unk> <unk> <unk> <unk> <unk> <unk> <unk> <unk> <unk> <unk> <unk> <unk> <unk> <unk> <unk> <unk> <unk> <unk> <unk> <unk> <unk> <unk> <unk> <unk> <unk> <unk> <unk> <unk>,0.099999999975,0.21052631567867036,0.13559321592645804,0.13559321592645804,0.04166666360243077,0.11999999675200007,0,0,0.16352201257861632,0.1999999998
3115.png,কয়েকজন মানুষ আছে।,0.3333333322222222,0.1999999996,0.24999999468750006,0.24999999468750006,0.0,0.24999999468750006,0,0,0.35,0.14285714265306124
3328247381_a9f7fb4898.jpg,একটি ছেলে নদীতে একটি ছোট ছেলে,0.49999999916666665,0.21428571413265304,0.2999999955,0.2999999955,0.0,0.19999999560000006,0,0,0.4,0.14285714275510203
4682.png,একটি নৌকা আছে।,0.6666666644444444,0.6666666644444444,0.6666666594444445,0.6666666594444445,0.4999999925000001,0.6666666594444445,0,0,0.6,0.49999999875
5295.png,ধান ক্ষেত।,0.999999995,0.6666666644444444,0.799999992,0.799999992,0.6666666577777778,0.799999992,0,0,0.6,0.6666666644444444
3627076769_3b71e73018.jpg,একজন লোক একটি <unk> স্পর্শ করছেন৷,0.33333333277777777,0.16666666652777776,0.22222221753086427,0.22222221753086427,0.0,0.22222221753086427,0,0,0.34615384615384615,0.13333333324444444
1659358133_95cd1027bd.jpg,একটি পিরামিড পিরামিড কাছ থেকে লাফিয়ে পড়ে,0.14285714265306124,0.1999999996,0.16666666152777793,0.16666666152777793,0.0,0.16666666152777793,0,0,0.33333333333333337,0.0999999999
5137.png,একজন ছেলে পানিতে নেমে গোসল করছে।,0.16666666638888888,0.16666666638888888,0.16666666138888903,0.16666666138888903,0.0,0.16666666138888903,0,0,0.40909090909090906,0.0999999999
3563871276_c8b2a00df5.jpg,একটি লোক একটা বেলন দেখা যাচ্ছে।,0.16666666638888888,0.16666666638888888,0.16666666138888903,0.16666666138888903,0.0,0.16666666138888903,0,0,0.3913043478260869,0.0999999999
_MG_1790.JPG,লোক টির পোশাক পরেছে,0.49999999875,0.3999999992,0.4444444385185186,0.4444444385185186,0.28571428000000004,0.4444444385185186,0,0,0.4375,0.2857142853061225
435827376_4384c3005a.jpg,একটি <unk>,0.4999999975,0.1111111109876543,0.1818181785123967,0.1818181785123967,0.0,0.1818181785123967,0,0,0.125,0.0999999999
2635905544_dbc65d0622.jpg,একটি কুকুর একটি ফুটবল খেলছে,0.7999999984,0.571428570612245,0.6666666606944446,0.6666666606944446,0.3999999944,0.6666666606944446,0,0,0.6538461538461539,0.571428570612245
4323.png,একটি নৌকার উপর একজন লোক বসে আছে,0.4285714279591837,0.37499999953124996,0.3999999944888889,0.3999999944888889,0.3076923022485208,0.3999999944888889,0,0,0.5483870967741935,0.24999999979166665
8250.png,একজন পুরুষ বসে আছে।,0.249999999375,0.249999999375,0.2499999943750001,0.2499999943750001,0.0,0.2499999943750001,0,0,0.5333333333333333,0.14285714265306124
258476074_f28f4a1ae6.jpg,একটি <unk> একটি গাড়ি চালাচ্ছে,0.1999999996,0.14285714265306124,0.16666666152777793,0.16666666152777793,0.0,0.16666666152777793,0,0,0.3913043478260869,0.0999999999
6007.png,জানালা দিয়ে তাকিয়ে আছে একজন বাচ্চা মেয়ে।,0.4285714279591837,0.49999999916666665,0.4615384558579882,0.4615384558579882,0.1818181765289258,0.4615384558579882,0,0,0.48,0.29999999969999996
20220909_134408.jpg,কয়েকজন মানুষ আছে।,0.3333333322222222,0.16666666638888888,0.2222222172839507,0.2222222172839507,0.0,0.2222222172839507,0,0,0.4545454545454546,0.12499999984374999
9128.png,একজন বাচ্চা মেয়ে হাঁসি দিয়ে জড়িয়ে আছে আর তার চোখ দেখা যাচ্ছে একজন ছোট ছেলে।,0.19999999986666667,0.4285714279591837,0.2727272681404959,0.2727272681404959,0.19999999560000006,0.2727272681404959,0,0,0.37254901960784315,0.16666666657407406
inbound609042146108403498.jpg,একটি পাখি একটি লাঠি নিয়ে একটি <unk>,0.2857142853061225,0.18181818165289254,0.22222221722222232,0.22222221722222232,0.0,0.22222221722222232,0,0,0.275,0.14285714275510203
2082005167_a0d6a70020.jpg,একটি কালো কুকুর একটি <unk>,0.7999999984,0.571428570612245,0.6666666606944446,0.6666666606944446,0.4444444385185186,0.6666666606944446,0,0,0.631578947368421,0.571428570612245
2262.png,একজন পুরুষ বসে আছে।,0.49999999875,0.18181818165289254,0.26666666240000003,0.26666666240000003,0.0,0.26666666240000003,0,0,0.2682926829268293,0.15384615372781063
3383545083_1d7c95b003.jpg,একটি কালো কুকুর একটি কালো কুকুর,0.6666666655555555,0.49999999937499995,0.5714285657142858,0.5714285657142858,0.33333332791666676,0.5714285657142858,0,0,0.6071428571428572,0.4285714279591837
3184891327_8785194e3c.jpg,ছেলেরা ফুটবল খেলছে,0.6666666644444444,0.24999999968749997,0.36363635900826446,0.36363635900826446,0.22222221827160496,0.36363635900826446,0,0,0.5,0.24999999968749997
236730743_0d4fd8de5a.jpg,একজন লোক একটি নৌকা থেকে বিরতি নিচ্ছে,0.14285714265306124,0.249999999375,0.1818181768595043,0.1818181768595043,0.0,0.1818181768595043,0,0,0.43999999999999995,0.0999999999
3173461705_b5cdeef1eb.jpg,একটি কুকুর তুষারের মধ্যে দৌড়াচ্ছে,0.3999999992,0.24999999968749997,0.3076923024852071,0.3076923024852071,0.1818181768595043,0.3076923024852071,0,0,0.4285714285714286,0.18181818165289254
1052.png,একজন পুরুষ একটি বাসার সামনে দাড়িয়ে আছে।,0.4285714279591837,0.37499999953124996,0.3999999944888889,0.3999999944888889,0.15384614863905344,0.3999999944888889,0,0,0.4814814814814815,0.2727272724793388
2842.png,একজন পুরুষ ও একজন পুরুষ আছে।,0.16666666638888888,0.12499999984374999,0.1428571377551022,0.1428571377551022,0.0,0.1428571377551022,0,0,0.2962962962962963,0.09090909082644627
3957.png,একটি <unk>,0.4999999975,0.12499999984374999,0.19999999640000002,0.19999999640000002,0.0,0.19999999640000002,0,0,0.14814814814814814,0.1111111109876543
1045.png,একটি <unk> দেখা যাচ্ছে।,0.0,0.0,0.0,0.0,0.0,0.0,0,0,0.368421052631579,0.0
2278.png,একটি শিশু আছে।,0.3333333322222222,0.16666666638888888,0.2222222172839507,0.2222222172839507,0.0,0.2222222172839507,0,0,0.19999999999999996,0.12499999984374999
6856.png,একজন ছেলে তাকিয়ে আছে।,0.249999999375,0.08333333326388888,0.1249999960937501,0.1249999960937501,0.0,0.1249999960937501,0,0,0.3571428571428571,0.06666666662222222
2760371526_63f3d01760.jpg,একটি ছেলে সুইমিংপুলে পানি দিয়ে যাচ্ছে,0.49999999916666665,0.4285714279591837,0.4615384558579882,0.4615384558579882,0.2222222167901236,0.36363635801652905,0,0,0.5454545454545454,0.29999999969999996
953941506_5082c9160c.jpg,একটি কুকুর পানিতে ভিজে গেলো,0.3999999992,0.33333333277777777,0.36363635801652905,0.36363635801652905,0.0,0.36363635801652905,0,0,0.5,0.2222222219753086
2218843713_cf28ea319e.jpg,একটি সেতু থেকে পানিতে একটি পুকুর দিয়ে চলছে,0.24999999968749997,0.1999999998,0.22222221703703712,0.22222221703703712,0.12499999492187522,0.22222221703703712,0,0,0.4571428571428572,0.13333333324444444
6408.png,একটি শিশু আছে।,0.6666666644444444,0.49999999875,0.5714285648979592,0.5714285648979592,0.39999999360000005,0.5714285648979592,0,0,0.5833333333333333,0.3999999992
5624.png,একটি ছেলে জানালার বাইরে বসে আছে।,0.33333333277777777,0.24999999968749997,0.2857142804081633,0.2857142804081633,0.0,0.2857142804081633,0,0,0.30000000000000004,0.16666666652777776
5844.png,একটি দম্পতি জলের ধারে দাঁড়িয়ে আছে।,0.0,0.0,0.0,0.0,0.0,0.0,0,0,0.36363636363636365,0.0
162.png,কয়েকজন পুরুষ আছে।,0.3333333322222222,0.09090909082644627,0.14285713928571436,0.14285713928571436,0.0,0.14285713928571436,0,0,0.23076923076923073,0.07692307686390532
4018.png,একটি সুন্দর <unk>,0.0,0.0,0.0,0.0,0.0,0.0,0,0,0.16666666666666663,0.0
8315.png,সমুদ্রের পারে কয়েকজন মানুষ আছে।,0.0,0.0,0.0,0.0,0.0,0.0,0,0,0.2564102564102564,0.0
2404520067_87798dbaee.jpg,একটি কালো কুকুর একটি জমিতে একটি কালো কুকুর দৌড়ে বেড়াচ্ছে,0.1999999998,0.33333333277777777,0.24999999500000003,0.24999999500000003,0.0,0.24999999500000003,0,0,0.43243243243243246,0.1999999998
2864.png,একটি শিশু একটি পথ ধরে আছে,0.0,0.0,0.0,0.0,0.0,0.0,0,0,0.36363636363636365,0.0
1348113612_5bfc5f429e.jpg,একটি কালো কুকুর পানিতে সাঁতার কাটছে,0.49999999916666665,0.4285714279591837,0.4615384558579882,0.4615384558579882,0.2666666618666667,0.4615384558579882,0,0,0.5454545454545454,0.29999999969999996
7561.png,একটি পুকুর ঘাটে কয়েকটা নৌকা থেকে লাফ দিয়ে মাছ ধরছে।,0.1999999998,0.3999999992,0.2666666618666667,0.2666666618666667,0.15384614934911253,0.2666666618666667,0,0,0.4411764705882353,0.15384615372781063
3143953179_1c08c023a5.jpg,একটি দালানের সামনে একটি পরিবার একটি <unk>,0.4285714279591837,0.3333333329629629,0.374999994609375,0.374999994609375,0.1428571377551022,0.24999999476562512,0,0,0.31034482758620685,0.2727272724793388
300222673_573fd4044b.jpg,একজন লোক একটি সাদা বালিশে ঘুমাচ্ছে,0.49999999916666665,0.2727272724793388,0.3529411714878893,0.3529411714878893,0.2666666618666667,0.3529411714878893,0,0,0.40909090909090906,0.23076923059171597
2528552898_9e49a7033f.jpg,একটি <unk> গাড়ি থেকে লাফ দিচ্ছে,0.49999999916666665,0.4285714279591837,0.4615384558579882,0.4615384558579882,0.0,0.4615384558579882,0,0,0.5652173913043479,0.29999999969999996
3123463486_f5b36a3624.jpg,একটি কালো কুকুর খেলছে,0.7499999981250001,0.37499999953124996,0.49999999472222234,0.49999999472222234,0.1999999954000001,0.49999999472222234,0,0,0.5,0.3333333329629629
1143882946.jpg,একজন লোক একটি বেগুনি রঙের একটি বেগুনি রঙের একটি বেগুনি রঙের একটি বেগুনি রঙের একটি বেগুনি রঙের একটি বেগুনি রঙের একটি বেগুনি রঙের একটি বেগুনি রঙের একটি বেগুনি রঙের একটি বেগুনি রঙের একটি বেগুনি রঙের একটি বেগুনি রঙের একটি বেগুনি,0.07499999998125,0.24999999979166665,0.11538461178994093,0.11538461178994093,0.0,0.07999999676800014,0,0,0.23270440251572322,0.15384615372781063
3381584882_341ee3092f.jpg,একজন লোক তার উপরে একটি উঁচু পাহাড়ের উপরে একটি উঁচু পাহাড়ের উপরে একটি উঁচু পাহাড়ের উপরে একটি উঁচু পাহাড়ের উপরে একটি উঁচু পাহাড়ের উপরে একটি উঁচু পাহাড়ের উপরে একটি উঁচু পাহাড়ের উপরে একটি উঁচু পাহাড়ের উপরে একটি উঁচু পাহাড়ের উপরে,0.0499999999875,0.2857142853061225,0.08510638040742426,0.08510638040742426,0.04081632326530638,0.08510638040742426,0,0,0.14556962025316456,0.124999999921875
7337.png,একজন পুরুষ বসে কাজ করছে।,0.5999999988,0.5999999988,0.5999999938,0.5999999938,0.4999999937500001,0.5999999938,0,0,0.6842105263157895,0.4285714279591837
3252588185_3210fe94be.jpg,একজন মহিলা ও মহিলা এবং একটি গাছের পাশে দাঁড়িয়ে আছে,0.49999999949999996,0.45454545413223135,0.4761904707482993,0.4761904707482993,0.12499999492187522,0.38095237560090706,0,0,0.39534883720930236,0.3571428568877551
7213.png,একজন পুরুষ ও একজন পুরুষ আছে।,0.16666666638888888,0.3333333322222222,0.2222222172839507,0.2222222172839507,0.0,0.2222222172839507,0,0,0.275,0.16666666638888888
5569.png,একজন পুরুষ একটি সাপ নিয়ে দাড়িয়ে আছে।,0.4285714279591837,0.5999999988,0.4999999943055557,0.4999999943055557,0.0,0.4999999943055557,0,0,0.52,0.3333333329629629
1174629344_a2e1a2bdbf.jpg,একটি ব্যস্ত ফুটপাতে লোকজন হেটে যাচ্ছে,0.49999999916666665,0.49999999916666665,0.4999999941666667,0.4999999941666667,0.0,0.4999999941666667,0,0,0.52,0.3333333329629629
3665987581_5e6b0a65f2.jpg,একটি কুকুর একটি <unk>,0.7499999981250001,0.3333333329629629,0.4615384565680474,0.4615384565680474,0.1999999954000001,0.4615384565680474,0,0,0.3548387096774194,0.37499999953124996
2933.png,একটি টটিনের ঘরের সামনে দাড়িয়ে আছে।,0.33333333277777777,0.49999999875,0.3999999944,0.3999999944,0.24999999468750006,0.3999999944,0,0,0.4347826086956522,0.24999999968749997
3474958471_9106beb07f.jpg,একজন স্কিয়ার শূন্যে ভাসছে,0.49999999875,0.1999999998,0.28571428122448983,0.28571428122448983,0.0,0.28571428122448983,0,0,0.36585365853658536,0.16666666652777776
3503544012_1771be9d3a.jpg,একটি আইস হকি গোলরক্ষক একটি গোল হওয়া বাধা <unk> <unk>,0.3999999996,0.3999999996,0.3999999946000001,0.3999999946000001,0.11111110598765454,0.29999999470000005,0,0,0.4871794871794872,0.21428571413265304
346620288_911969649912436_8809766019913583813_n.jpg,একটি ছেলে একটি দালানের সামনে দাঁড়িয়ে আছে,0.14285714265306124,0.1999999996,0.16666666152777793,0.16666666152777793,0.0,0.16666666152777793,0,0,0.5,0.0999999999
8565.png,একজন নারী ও দুইটি শিশু আছে।,0.49999999916666665,0.2727272724793388,0.3529411714878893,0.3529411714878893,0.0,0.2352941128027682,0,0,0.30952380952380953,0.21428571413265304
1124.png,একজন বয়স্ক নারী আছে।,0.7499999981250001,0.9999999966666667,0.8571428497959185,0.8571428497959185,0.39999999360000005,0.8571428497959185,0,0,0.6666666666666667,0.7499999981250001
2341254813_c53a5ef27a.jpg,একটি স্কেটবোর্ডার একটি স্কেটবোর্ডে চড়ে ঢালু স্কেটবোর্ডিং ট্রিক করছে,0.2222222219753086,0.15384615372781063,0.18181817681818194,0.18181817681818194,0.0,0.18181817681818194,0,0,0.4042553191489362,0.06666666662222222
3546.png,একজন নারী কলশী নিয়ে আছে।,0.3999999992,0.33333333277777777,0.36363635801652905,0.36363635801652905,0.2222222167901236,0.36363635801652905,0,0,0.4782608695652174,0.2222222219753086
5125.png,একজন পুরুষ বসে আছে।,0.49999999875,0.24999999968749997,0.33333332833333335,0.33333332833333335,0.0,0.33333332833333335,0,0,0.2692307692307693,0.1999999998
8954.png,একটি পাখি আছে।,0.9999999966666667,0.9999999966666667,0.9999999916666666,0.9999999916666666,0.9999999900000001,0.9999999916666666,1,1,1.0,0.9999999966666667
5034.png,রাস্তার পাশে একটি রিক্সা ও অনেকগুলো মানুষ আছে।,0.49999999937499995,0.571428570612245,0.5333333276444445,0.5333333276444445,0.3076923022485208,0.3999999944888889,0,0,0.3666666666666667,0.3999999996
2417.png,একজন পুরুষ ও একজন নারী আছে।,0.0,0.0,0.0,0.0,0.0,0.0,0,0,0.34782608695652173,0.0
1856.png,একটি শিশু আছে।,0.3333333322222222,0.1999999996,0.24999999468750006,0.24999999468750006,0.0,0.24999999468750006,0,0,0.3529411764705882,0.14285714265306124
1819261140_6c022f4b1d.jpg,একটি কালো টুপি পরা একজন লোক একটি <unk>,0.49999999937499995,0.4444444439506172,0.4705882297577854,0.4705882297577854,0.2999999951500001,0.3999999944888889,0,0,0.4285714285714286,0.3333333330555555
3004823335_9b82cbd8a7.jpg,একটি কালো কুকুর ঘাসের উপর বসে আছে,0.571428570612245,0.7999999984,0.6666666606944446,0.6666666606944446,0.3999999944,0.6666666606944446,0,0,0.7083333333333333,0.49999999937499995
8448.png,একজন পুরুষ ও একজন নারী আছে।,0.49999999916666665,0.4285714279591837,0.4615384558579882,0.4615384558579882,0.1818181765289258,0.4615384558579882,0,0,0.4,0.3333333329629629
7743.png,একজন পুরুষ হাতে ফটো নিয়ে আছে।,0.33333333277777777,0.49999999875,0.3999999944,0.3999999944,0.24999999468750006,0.3999999944,0,0,0.55,0.24999999968749997
3134.png,একটি শিশু আছে।,0.3333333322222222,0.07692307686390532,0.12499999679687505,0.12499999679687505,0.0,0.12499999679687505,0,0,0.33333333333333337,0.06666666662222222
IMG_0607.JPG,একটা মহিলা ও পিছনে অনেকগুলো মানুষ হেঁটে যাচ্ছে।,0.12499999984374999,0.1999999996,0.15384614887573977,0.15384614887573977,0.0,0.15384614887573977,0,0,0.33333333333333337,0.08333333326388888
2199250692_a16b0c2ae1.jpg,একজন পুরুষ একটি রাস্তা দিয়ে হেঁটে যাচ্ছে।,0.4285714279591837,0.2727272724793388,0.33333332820987654,0.33333332820987654,0.24999999500000003,0.33333332820987654,0,0,0.3846153846153846,0.23076923059171597
2222186636_85e03e0b75.jpg,একটি বারে তিনজন লোক দাঁড়িয়ে আছে,0.6666666655555555,0.4444444439506172,0.5333333278222222,0.5333333278222222,0.39999999420000004,0.5333333278222222,0,0,0.5454545454545454,0.3636363633057851
3846.png,নদীর পাড়ে অনেক মানুষ আছে।,0.1999999996,0.249999999375,0.2222222167901236,0.2222222167901236,0.0,0.2222222167901236,0,0,0.3529411764705882,0.12499999984374999
3606909929_90a1a072b7.jpg,একটি নীল <unk> সম্বলিত রেসিং কারের আগুন বের হচ্ছে,0.4444444439506172,0.2352941175086505,0.3076923029289941,0.3076923029289941,0.08333332881944468,0.3076923029289941,0,0,0.4117647058823529,0.18181818173553718
7413.png,একজন পুরুষ গাছে উঠছে।,0.249999999375,0.16666666638888888,0.1999999948000001,0.1999999948000001,0.0,0.1999999948000001,0,0,0.5,0.1111111109876543
3488512097_e500cb499f.jpg,একজন লোক একটি মোটরসাইকেল নিয়ে একটি মোটরসাইকেলে চড়ে একটি <unk>,0.3999999996,0.26666666648888887,0.319999994944,0.319999994944,0.14285713806122466,0.24999999500000003,0,0,0.37777777777777777,0.16666666652777776
7715.png,একজন বাচ্চা মেয়ে হাঁসি মুখে দাঁড়িয়ে আছে।,0.2857142853061225,0.2222222219753086,0.24999999476562512,0.24999999476562512,0.1428571377551022,0.24999999476562512,0,0,0.3529411764705882,0.14285714275510203
5085.png,একটি পরিবার একটি রেঁস্তোরার বাইরে দাঁড়িয়ে আছে,0.0,0.0,0.0,0.0,0.0,0.0,0,0,0.3448275862068966,0.0
3249125548_700d874380.jpg,এক লোক সাইকেল চালাচ্ছে,0.49999999875,0.24999999968749997,0.33333332833333335,0.33333332833333335,0.0,0.33333332833333335,0,0,0.4193548387096774,0.1999999998
3272541970_ac0f1de274.jpg,একজন লোক একটি স্কেটবোর্ড চালাচ্ছে,0.3999999992,0.2857142853061225,0.33333332791666676,0.33333332791666676,0.15384614934911253,0.2666666618666667,0,0,0.4782608695652174,0.2222222219753086
8471.png,একজন পুরুষ ও একজন পুরুষ ও একজন পুরুষ ও একজন পুরুষ ও একজন পুরুষ ও একজন পুরুষ ও একজন পুরুষ ও একজন পুরুষ ও একজন পুরুষ ও একজন পুরুষ ও একজন পুরুষ ও একজন পুরুষ ও একজন পুরুষ ও একজন,0.02499999999375,0.249999999375,0.04545454378099179,0.04545454378099179,0.0,0.04545454378099179,0,0,0.17006802721088432,0.16666666638888888
2978394277_4572967b97.jpg,একজন লোক একটি <unk>,0.249999999375,0.08333333326388888,0.1249999960937501,0.1249999960937501,0.0,0.1249999960937501,0,0,0.1842105263157895,0.06666666662222222
2119660490_ce0d4d1f73.jpg,একটি কুকুর একটি সাদা কুকুর শুয়ে আছে,0.571428570612245,0.28571428551020406,0.3809523761451248,0.3809523761451248,0.16666666138888903,0.3809523761451248,0,0,0.4444444444444444,0.21428571413265304
7833.png,একজন পুরুষ আছে।,0.3333333322222222,0.3333333322222222,0.33333332722222225,0.33333332722222225,0.0,0.33333332722222225,0,0,0.36363636363636365,0.1999999996
5434.png,একটি শিশু আছে।,0.9999999966666667,0.9999999966666667,0.9999999916666666,0.9999999916666666,0.9999999900000001,0.9999999916666666,1,1,1.0,0.9999999966666667
5019.png,একটি নৌকায় কয়েকজন মানুষ আছে।,0.1999999996,0.3333333322222222,0.24999999468750006,0.24999999468750006,0.0,0.24999999468750006,0,0,0.30000000000000004,0.14285714265306124
2351762979_0941aecced.jpg,একটি ছেলে একটি গোল হয়ে আছে,0.16666666638888888,0.249999999375,0.1999999948000001,0.1999999948000001,0.0,0.1999999948000001,0,0,0.4782608695652174,0.12499999984374999
2709359730_13bca100af.jpg,একটি কুকুর একটি অপরটির সাথে খেলাচ্ছে,0.16666666638888888,0.249999999375,0.1999999948000001,0.1999999948000001,0.0,0.1999999948000001,0,0,0.43999999999999995,0.12499999984374999
3524612244_64f00afec5.jpg,কয়েকজন মানুষ বসে আছে।,0.249999999375,0.16666666638888888,0.1999999948000001,0.1999999948000001,0.0,0.1999999948000001,0,0,0.31818181818181823,0.1111111109876543
1010673430.jpg,একটি ছোট বাচ্চা মুখে একটি খেলনা নিয়ে খেলা করছে,0.3333333329629629,0.1874999998828125,0.23999999520000007,0.23999999520000007,0.13333332817777796,0.23999999520000007,0,0,0.4838709677419355,0.14285714275510203
440737340_5af34ca9cf.jpg,একটি মেয়ে একটি কালো রঙের একটি ছোট কালো রঙের একটি ছোট কালো রঙের একটি ছোট কালো রঙের একটি ছোট কালো রঙের একটি ছোট কালো রঙের একটি ছোট কালো রঙের একটি ছোট কালো রঙের একটি ছোট কালো রঙের একটি ছোট কালো,0.07499999998125,0.24999999979166665,0.11538461178994093,0.11538461178994093,0.042553188646446534,0.11538461178994093,0,0,0.2086330935251799,0.18181818165289254
3159424456_f316bdc1d5.jpg,একজন মহিলা একটি শিশুকে ধরে আছে,0.8333333319444445,0.5555555549382716,0.6666666609777778,0.6666666609777778,0.46153845609467453,0.6666666609777778,0,0,0.6451612903225806,0.49999999949999996
1432.png,একজন পুরুষ আছে।,0.3333333322222222,0.05263157891966759,0.09090908847107444,0.09090908847107444,0.0,0.09090908847107444,0,0,0.1578947368421053,0.049999999975
1000268201_693b08cb0e.jpg,একটি মহিলা একটি <unk>,0.49999999875,0.2857142853061225,0.36363635834710756,0.36363635834710756,0.0,0.36363635834710756,0,0,0.4,0.12499999984374999
3323661814_1e8e1ae88c.jpg,তিন মেয়ে নাচের জন্য পোজ দিচ্ছে,0.16666666638888888,0.1999999996,0.1818181765289258,0.1818181765289258,0.0,0.1818181765289258,0,0,0.38095238095238093,0.0999999999
3336682980_1082a66878.jpg,একটি ছেলে একে অপরকে জড়িয়ে আছে,0.49999999916666665,0.19999999986666667,0.2857142813605443,0.2857142813605443,0.0,0.2352941128027682,0,0,0.29166666666666663,0.1764705881314879
531152619_6db02a7ed9.jpg,একটি কুকুর একটি লাল কলার পরে একটি কুকুর,0.37499999953124996,0.29999999969999996,0.3333333280246914,0.3333333280246914,0.0,0.3333333280246914,0,0,0.4545454545454546,0.18181818165289254
4988.png,একদল লোক একটি ছবির জন্য পোজ দিচ্ছে,0.0,0.0,0.0,0.0,0.0,0.0,0,0,0.23076923076923073,0.0
3595643050_d312e4b652.jpg,একটি কুকুর একটি বাড়ির সামনের উঠোনে একটি বাড়ির সামনের উঠোনে একটি বাড়ির সামনের উঠোনে একটি বাড়ির সামনের উঠোনে একটি বাড়ির সামনের উঠোনে একটি বাড়ির সামনের উঠোনে একটি বাড়ির সামনের উঠোনে একটি বাড়ির সামনের উঠোনে একটি বাড়ির সামনের উঠোনে একটি বাড়ির,0.099999999975,0.4444444439506172,0.1632653030570596,0.1632653030570596,0.09302325408328828,0.13333333129876546,0,0,0.1785714285714286,0.29999999969999996
5306.png,একটি <unk>,0.4999999975,0.249999999375,0.33333332777777785,0.33333332777777785,0.0,0.33333332777777785,0,0,0.2666666666666667,0.1999999996
1506.png,ফসলের ক্ষেতে একজন পুরুষ মানুষ।,0.3999999992,0.2857142853061225,0.33333332791666676,0.33333332791666676,0.1999999948000001,0.33333332791666676,0,0,0.48,0.1999999998
5989.png,একজন পুরুষ আছে।,0.9999999966666667,0.7499999981250001,0.8571428497959185,0.8571428497959185,0.39999999360000005,0.8571428497959185,0,0,0.6875,0.7499999981250001
2737759676_4bc9be2daf.jpg,চশমা পরিহিত একজন লোক চশমা পরে আছে।,0.4285714279591837,0.29999999969999996,0.35294117121107266,0.35294117121107266,0.1428571377551022,0.35294117121107266,0,0,0.5151515151515151,0.23076923059171597
3360730513_211e1a4db6.jpg,একটি মেয়ে একটি প্যারেডে <unk>,0.5999999988,0.3333333329629629,0.42857142336734694,0.42857142336734694,0.16666666194444454,0.42857142336734694,0,0,0.3513513513513513,0.1999999998
1707.png,একটি রাস্তা দিয়ে গাছ আছে।,0.3999999992,0.1111111110493827,0.17391303992438567,0.17391303992438567,0.0,0.17391303992438567,0,0,0.375,0.09523809519274376
4091.png,কয়েকজন মানুষ আছে।,0.3333333322222222,0.1999999996,0.24999999468750006,0.24999999468750006,0.0,0.24999999468750006,0,0,0.44999999999999996,0.14285714265306124
2269021076_cefc9af989.jpg,একটি স্কেটবোর্ডার একটি <unk>,0.49999999875,0.18181818165289254,0.26666666240000003,0.26666666240000003,0.0,0.26666666240000003,0,0,0.2790697674418605,0.18181818165289254
8284.png,একজন পুরুষ মাথায় ঝুড়ি নিয়ে আছে।,0.6666666655555555,0.3999999996,0.4999999946875,0.4999999946875,0.24999999468750006,0.4999999946875,0,0,0.5238095238095238,0.3333333330555555
254527963_3f5824b0e8.jpg,একটি কালো কুকুর একটি সৈকতে একটি কালো কুকুর,0.49999999937499995,0.6666666655555555,0.5714285657142858,0.5714285657142858,0.33333332791666676,0.5714285657142858,0,0,0.6206896551724138,0.6666666655555555
8990.png,কয়েকজন মানুষ আছে।,0.3333333322222222,0.14285714265306124,0.1999999954000001,0.1999999954000001,0.0,0.1999999954000001,0,0,0.375,0.1111111109876543
3133403457_95dfe11da1.jpg,একটি ছেলে একটি <unk>,0.249999999375,0.14285714265306124,0.1818181768595043,0.1818181768595043,0.0,0.1818181768595043,0,0,0.22580645161290325,0.1111111109876543
1865794069_6e3a1e57bb.jpg,একটি ছেলে একটি ফুটবলে লাথি দিচ্ছে,0.9999999983333333,0.4999999995833333,0.6666666614814816,0.6666666614814816,0.499999995078125,0.6666666614814816,0,0,0.48571428571428577,0.49999999949999996
2419797375_553f867472.jpg,সানগ্লাস পরা একজন লোক একটি গাড়ির উপর বসে একটি জাহাজের স্টিয়ারিং এর উপর বসে একটি জাহাজের স্টিয়ারিং এর উপর বসে একটি জাহাজের স্টিয়ারিং এর উপর বসে একটি জাহাজের স্টিয়ারিং এর উপর বসে একটি জাহাজের স্টিয়ারিং এর উপর বসে একটি জাহাজের,0.07499999998125,0.29999999969999996,0.11999999675200007,0.11999999675200007,0.0,0.11999999675200007,0,0,0.17500000000000004,0.16666666657407406
7054.png,একটি ছেলে পানিতে ভিজে গেলো,0.3999999992,0.18181818165289254,0.249999995390625,0.249999995390625,0.0,0.249999995390625,0,0,0.25,0.14285714275510203
745880539_cd3f948837.jpg,একটি কুকুর একটি ফ্রিসবি ধরার চেষ্টা করছে,0.4285714279591837,0.2727272724793388,0.33333332820987654,0.33333332820987654,0.15384614863905344,0.33333332820987654,0,0,0.4642857142857143,0.16666666652777776
3119875880_22f9129a1c.jpg,একজন লোক পাথরে আরোহণ করছে,0.1999999996,0.249999999375,0.2222222167901236,0.2222222167901236,0.0,0.2222222167901236,0,0,0.44999999999999996,0.12499999984374999
487487795_54705c406e.jpg,একটি কুকুর একটি কালো কুকুর,0.7999999984,0.24999999984375,0.3809523769614513,0.3809523769614513,0.10526315445983389,0.28571428181405895,0,0,0.42105263157894735,0.24999999979166665
3105315670_5f86f73753.jpg,একজন লোক একটি <unk> <unk> <unk> <unk> <unk> <unk> <unk> <unk> <unk> <unk> <unk> <unk> <unk> <unk> <unk> <unk> <unk> <unk> <unk> <unk> <unk> <unk> <unk> <unk> <unk> <unk> <unk> <unk> <unk> <unk> <unk> <unk> <unk> <unk> <unk> <unk> <unk>,0.0499999999875,0.124999999921875,0.07142856732142881,0.07142856732142881,0.0,0.07142856732142881,0,0,0.13207547169811318,0.124999999921875
6357.png,একটি শিশু বসে আছে।,0.49999999875,0.24999999968749997,0.33333332833333335,0.33333332833333335,0.0,0.33333332833333335,0,0,0.28125,0.1999999998
2613993276_3c365cca12.jpg,একটি কুকুর ঘাসের মধ্যে দিয়ে চলেছে,0.49999999916666665,0.49999999916666665,0.4999999941666667,0.4999999941666667,0.24999999468750006,0.4999999941666667,0,0,0.5,0.3333333329629629
2602.png,একজন বয়স্ক নারী আছে।,0.249999999375,0.3333333322222222,0.28571428000000004,0.28571428000000004,0.0,0.28571428000000004,0,0,0.2666666666666667,0.16666666638888888
8643.png,একজন পুরুষ দুইটি গরু আছে।,0.3999999992,0.2857142853061225,0.33333332791666676,0.33333332791666676,0.0,0.33333332791666676,0,0,0.52,0.1999999998
3425069551_aba046a1b6.jpg,একজন টেনিস খেলোয়াড় বলে আঘাত করছেন,0.49999999916666665,0.19999999986666667,0.2857142813605443,0.2857142813605443,0.10526315390581731,0.2857142813605443,0,0,0.5161290322580645,0.19999999986666667
241345811_46b5f157d4.jpg,একজন <unk> <unk> <unk> <unk>,0.1999999996,0.14285714265306124,0.16666666152777793,0.16666666152777793,0.0,0.16666666152777793,0,0,0.2222222222222222,0.12499999984374999
8865.png,একটি নৌকায় কয়েকজন মানুষ আছে।,0.7999999984,0.3636363633057851,0.499999995078125,0.499999995078125,0.14285713857142868,0.499999995078125,0,0,0.44999999999999996,0.3636363633057851
1499495021_d295ce577c.jpg,এক দম্পতি পানির দিকে তাকিয়ে আছে,0.16666666638888888,0.08333333326388888,0.11111110654321005,0.11111110654321005,0.0,0.11111110654321005,0,0,0.31818181818181823,0.0624999999609375
2176.png,একজন পুরুষ একটি উঠুনে বসে।,0.1999999996,0.249999999375,0.2222222167901236,0.2222222167901236,0.0,0.2222222167901236,0,0,0.3157894736842105,0.12499999984374999
4623.png,কয়েকজন মানুষ আছে।,0.6666666644444444,0.2857142853061225,0.39999999500000005,0.39999999500000005,0.0,0.39999999500000005,0,0,0.3846153846153846,0.24999999968749997
8222.png,একজন পুরুষ বসে আছে।,0.49999999875,0.33333333277777777,0.3999999944,0.3999999944,0.24999999468750006,0.3999999944,0,0,0.5217391304347826,0.24999999968749997
3059.png,একজন পুরুষ মাথায় বোঝা নিয়ে আছে।,0.33333333277777777,0.49999999875,0.3999999944,0.3999999944,0.0,0.3999999944,0,0,0.5238095238095238,0.24999999968749997
3389448506_7025e7cc12.jpg,একটি ভেজা কুকুর একটি ফ্রিসবি নিয়ে দৌড়াচ্ছে,0.2857142853061225,0.3999999992,0.33333332791666676,0.33333332791666676,0.0,0.33333332791666676,0,0,0.4444444444444444,0.2222222219753086
7613.png,একটা ছেলে মাথায় একটি শহীদ মিনারের সামনে তাকিয়ে আছে।,0.3333333329629629,0.49999999916666665,0.3999999946666667,0.3999999946666667,0.15384614887573977,0.3999999946666667,0,0,0.4411764705882353,0.24999999979166665
3226796100_08c49cfa5c.jpg,একটি ছেলে একটি <unk>,0.49999999875,0.33333333277777777,0.3999999944,0.3999999944,0.0,0.3999999944,0,0,0.41666666666666663,0.2857142853061225
3747.png,একটি শিশু তাকিয়ে আছে।,0.7499999981250001,0.49999999916666665,0.5999999940000001,0.5999999940000001,0.24999999468750006,0.5999999940000001,0,0,0.5789473684210527,0.4285714279591837
2233426944_0959835ced.jpg,তিনটি কুকুর একটি কালো কুকুর খেলছে,0.33333333277777777,0.18181818165289254,0.2352941128027682,0.2352941128027682,0.13333332871111125,0.2352941128027682,0,0,0.4545454545454546,0.14285714275510203
20201221_201223.jpg,একজন পুরুষ ও মহিলা একটি <unk>,0.16666666638888888,0.1999999996,0.1818181765289258,0.1818181765289258,0.0,0.1818181765289258,0,0,0.4545454545454546,0.0999999999
6557.png,একজন বাচ্চা ছেলে হাঁসি মুখে তাকিয়ে আছে।,0.4285714279591837,0.4285714279591837,0.42857142295918377,0.42857142295918377,0.3333333277777778,0.42857142295918377,0,0,0.6,0.2727272724793388
8746.png,একদল লোক একটি <unk>,0.49999999875,0.15384615372781063,0.2352941137716263,0.2352941137716263,0.0,0.2352941137716263,0,0,0.22580645161290325,0.13333333324444444
964.png,একটি <unk> একটি <unk>,0.249999999375,0.14285714265306124,0.1818181768595043,0.1818181768595043,0.0,0.1818181768595043,0,0,0.16000000000000003,0.12499999984374999
1052358063.jpg,একটি স্কেটবোর্ডার একটি <unk>,0.7499999981250001,0.2727272724793388,0.3999999955555556,0.3999999955555556,0.15384615005917168,0.3999999955555556,0,0,0.42105263157894735,0.249999999375
351.png,কুয়াশার মধ্যে দিয়ে একজন মানুষ হেঁটে যাচ্ছে।,0.2857142853061225,0.24999999968749997,0.2666666613333334,0.2666666613333334,0.15384614863905344,0.2666666613333334,0,0,0.2727272727272727,0.15384615372781063
3294964868_16f4f9fa9d.jpg,একজন স্কিয়ার একটি বরফের উপরে উঠেছে,0.33333333277777777,0.3999999992,0.36363635801652905,0.36363635801652905,0.2222222167901236,0.36363635801652905,0,0,0.5384615384615384,0.2222222219753086
605.png,কয়েকজন মানুষ আছে।,0.9999999966666667,0.2727272724793388,0.42857142459183667,0.42857142459183667,0.33333333000000004,0.42857142459183667,0,0,0.30000000000000004,0.2727272724793388
1883.png,একজন পুরুষ আছে।,0.6666666644444444,0.24999999968749997,0.36363635900826446,0.36363635900826446,0.0,0.36363635900826446,0,0,0.3214285714285714,0.2222222219753086
8894.png,কয়েকজন মানুষ আছে।,0.6666666644444444,0.33333333277777777,0.44444443901234576,0.44444443901234576,0.0,0.44444443901234576,0,0,0.44999999999999996,0.2857142853061225
4541.png,একটি ছেলে একটি <unk>,0.0,0.0,0.0,0.0,0.0,0.0,0,0,0.2857142857142857,0.0
1790.png,একজন পুরুষ ও একজন নারী আছে।,0.49999999916666665,0.37499999953124996,0.4285714230612245,0.4285714230612245,0.16666666152777793,0.4285714230612245,0,0,0.4482758620689655,0.3333333329629629
3287549827_04dec6fb6e.jpg,একজন লোক বরফের মধ্যে দিয়ে নিচে নামছে,0.14285714265306124,0.249999999375,0.1818181768595043,0.1818181768595043,0.0,0.1818181768595043,0,0,0.46153846153846156,0.0999999999
1343426964_cde3fb54e8.jpg,একটি ছেলে একটি <unk>,0.9999999975,0.26666666648888887,0.4210526278116344,0.4210526278116344,0.0,0.31578947002770086,0,0,0.3571428571428571,0.21428571413265304
3280644151_3d89cb1e0e.jpg,একজন লোক একটি <unk> একটি <unk> একটি <unk> একটি <unk> একটি <unk> একটি <unk> একটি <unk> একটি <unk> একটি <unk> একটি <unk> একটি <unk> একটি <unk> একটি <unk> একটি <unk> একটি <unk> একটি <unk> একটি <unk> একটি <unk> একটি <unk>,0.099999999975,0.28571428551020406,0.14814814425240067,0.14814814425240067,0.043478258270321514,0.14814814425240067,0,0,0.1823899371069182,0.1999999998
3120266797_47e7d91614.jpg,একজন লোক পাহাড়ের দিকে তাকিয়ে আছে,0.33333333277777777,0.24999999968749997,0.2857142804081633,0.2857142804081633,0.0,0.2857142804081633,0,0,0.4814814814814815,0.16666666652777776
3537474810_cf676b3259.jpg,দুজন লোক একটি বলে লাথি মারার প্রস্তুতি নিচ্ছে,0.37499999953124996,0.19999999986666667,0.26086956045368626,0.26086956045368626,0.09523809070294806,0.26086956045368626,0,0,0.4,0.149999999925
20220909_132450.jpg,একটি <unk> একটি ছোট ছেলে একটি <unk> <unk>,0.0,0.0,0.0,0.0,0.0,0.0,0,0,0.2325581395348837,0.0
4455.png,একজন লোক একটি <unk> <unk>,0.3999999992,0.15384615372781063,0.22222221796296296,0.22222221796296296,0.0,0.1818181765289258,0,0,0.23809523809523814,0.13333333324444444
342204631_146602491711125_3676620178136048845_n.jpg,একটি লঞ্ছ ঘাটে কিছু লোক দাঁড়িয়ে আছে,0.2857142853061225,0.11764705875432525,0.16666666239583344,0.16666666239583344,0.0,0.15384614863905344,0,0,0.3513513513513513,0.09523809519274376
1788.png,কয়েকজন নারী ও একজন নারী আছে।,0.8333333319444445,0.45454545413223135,0.5882352888581315,0.5882352888581315,0.2666666618666667,0.3529411714878893,0,0,0.41463414634146345,0.45454545413223135
2661567396_cbe4c2e5be.jpg,একটি মহিলা একটি <unk>,0.7499999981250001,0.29999999969999996,0.42857142387755104,0.42857142387755104,0.16666666263888896,0.28571428122448983,0,0,0.25,0.1999999998
2856080862_95d793fa9d.jpg,একটি ছেলে একটি পার্কে বসে আছে,0.16666666638888888,0.4999999975,0.24999999562500003,0.24999999562500003,0.0,0.24999999562500003,0,0,0.35,0.16666666638888888
624058168_f1c5e87e59.jpg,একটি কুকুর একটি চেইন পেছনে একটি কুকুর একটি <unk>,0.3333333329629629,0.29999999969999996,0.31578946836565097,0.31578946836565097,0.15384614887573977,0.31578946836565097,0,0,0.37142857142857144,0.2222222219753086
1978.png,একজন পুরুষ মানুষ আছে।,0.49999999875,0.24999999968749997,0.33333332833333335,0.33333332833333335,0.0,0.33333332833333335,0,0,0.33333333333333337,0.1999999998
7086.png,একটি <unk> <unk> <unk>,0.249999999375,0.05555555552469135,0.09090908785123977,0.09090908785123977,0.0,0.09090908785123977,0,0,0.1333333333333333,0.05263157891966759
3325129757_7a1979ac11.jpg,একটি লোক একটি বরফের পাহাড়ে আরোহণ করছে,0.4285714279591837,0.1874999998828125,0.2608695607561437,0.2608695607561437,0.1428571377551022,0.24999999476562512,0,0,0.37209302325581395,0.15384615372781063
7670.png,ধান ক্ষেতের মাঝে জমিতে ধানের ক্ষেত।,0.33333333277777777,0.18181818165289254,0.2352941128027682,0.2352941128027682,0.13333332871111125,0.2352941128027682,0,0,0.41025641025641024,0.13333333324444444
5960.png,একজন বয়স্ক পুরুষ গরু আছে।,0.7999999984,0.6666666655555555,0.7272727209917357,0.7272727209917357,0.2222222167901236,0.7272727209917357,0,0,0.6,0.571428570612245
1235681222_819231767a.jpg,একটি পরিবার একটি <unk>,0.249999999375,0.16666666638888888,0.1999999948000001,0.1999999948000001,0.0,0.1999999948000001,0,0,0.25,0.12499999984374999
2154.png,একটি নৌকায় কয়েকজন মানুষ আছে।,0.3999999992,0.1999999998,0.2666666618666667,0.2666666618666667,0.0,0.2666666618666667,0,0,0.33333333333333337,0.15384615372781063
3620.png,একটি শিশু আছে।,0.6666666644444444,0.49999999875,0.5714285648979592,0.5714285648979592,0.39999999360000005,0.5714285648979592,0,0,0.5714285714285714,0.3999999992
31.png,একটি শিশু আছে।,0.3333333322222222,0.05882352937716263,0.09999999735000006,0.09999999735000006,0.0,0.09999999735000006,0,0,0.16666666666666663,0.05555555552469135
5087.png,একজন বৃদ্ধ লোক হাড়ি নিয়ে বসে আছে।,0.571428570612245,0.6666666655555555,0.6153846094674558,0.6153846094674558,0.36363635801652905,0.6153846094674558,0,0,0.6521739130434783,0.4444444439506172
5731.png,একজন পুরুষ আছে।,0.6666666644444444,0.6666666644444444,0.6666666594444445,0.6666666594444445,0.4999999925000001,0.6666666594444445,0,0,0.8181818181818181,0.49999999875
2051194177_fbeee211e3.jpg,একটি কুকুর পানির মধ্যে একটি <unk>,0.49999999916666665,0.2727272724793388,0.3529411714878893,0.3529411714878893,0.16666666152777793,0.2857142804081633,0,0,0.4482758620689655,0.18181818165289254
1035.png,একজন পুরুষ মানুষ আছে।,0.7499999981250001,0.4285714279591837,0.5454545398347109,0.5454545398347109,0.44444443901234576,0.5454545398347109,0,0,0.5384615384615384,0.37499999953124996
5402.png,কয়েকজন মানুষ গোছল করছে।,0.49999999875,0.6666666644444444,0.5714285648979592,0.5714285648979592,0.39999999360000005,0.5714285648979592,0,0,0.6470588235294117,0.3999999992
3547313700_39368b9a2f.jpg,একটি কুকুর একটি বাদামী কুকুর খেলছে,0.33333333277777777,0.49999999875,0.3999999944,0.3999999944,0.2222222167901236,0.3999999944,0,0,0.5217391304347826,0.33333333277777777
1057.png,একটি ঘর আছে।,0.3333333322222222,0.12499999984374999,0.18181817752066123,0.18181817752066123,0.0,0.18181817752066123,0,0,0.24137931034482762,0.1111111109876543
2404.png,একজন নারী দাড়িয়ে আছে।,0.249999999375,0.1999999996,0.2222222167901236,0.2222222167901236,0.0,0.2222222167901236,0,0,0.4,0.12499999984374999
5225.png,একটি গাছের সারি পরা একজন পুরুষ একটি গাছের মাঝে একটি সেতু আছে।,0.08333333326388888,0.3333333322222222,0.1333333299555556,0.1333333299555556,0.0,0.1333333299555556,0,0,0.2954545454545454,0.09090909082644627
4534.png,একজন নারী আছে।,0.3333333322222222,0.1999999996,0.24999999468750006,0.24999999468750006,0.0,0.24999999468750006,0,0,0.4,0.14285714265306124
3686078365_9e655e238f.jpg,একজন মহিলা একটি প্যারেডে হাটছে।,0.3999999992,0.1999999998,0.2666666618666667,0.2666666618666667,0.15384614934911253,0.2666666618666667,0,0,0.375,0.16666666652777776
3096918227_f9d26a7db2.jpg,একটি স্কেটবোর্ডার একটি <unk> থেকে শূন্যে ভাসছে,0.571428570612245,0.7999999984,0.6666666606944446,0.6666666606944446,0.1999999948000001,0.6666666606944446,0,0,0.5333333333333333,0.571428570612245
4619.png,একটি ভ্রাম্যমাণ আনন্দমেলায় একটি মন্দির।,0.1999999996,0.16666666638888888,0.1818181765289258,0.1818181765289258,0.0,0.1818181765289258,0,0,0.2592592592592593,0.1111111109876543
101669240_b2d3e7f17b.jpg,একটি শিশু একটি বরফের মধ্যে স্কি করছে,0.4285714279591837,0.24999999979166665,0.31578946869806096,0.31578946869806096,0.0,0.2105263109141275,0,0,0.36585365853658536,0.19999999986666667
2636514498_01fcc5f501.jpg,একটি অল্প বয়সী মেয়ে তার <unk>,0.16666666638888888,0.249999999375,0.1999999948000001,0.1999999948000001,0.0,0.1999999948000001,0,0,0.36363636363636365,0.1111111109876543
3209523192_05a4cef844.jpg,একজন স্কিয়ার পাহাড়েে পরে যাচ্ছে,0.3999999992,0.15384615372781063,0.22222221796296296,0.22222221796296296,0.0,0.14285713806122466,0,0,0.5416666666666667,0.13333333324444444
5323.png,একজন মহিলা একটি ব্যাগ নিয়ে দাড়িয়ে আছে,0.2857142853061225,0.49999999875,0.36363635834710756,0.36363635834710756,0.0,0.36363635834710756,0,0,0.46153846153846156,0.2222222219753086
2748435417_ea7bbcc17c.jpg,একজন লোক একটি টেলিভিশন দেখছে,0.3999999992,0.18181818165289254,0.249999995390625,0.249999995390625,0.0,0.249999995390625,0,0,0.4285714285714286,0.14285714275510203
7800.png,একজন পুরুষ বসে আছে।,0.7499999981250001,0.5999999988,0.6666666602469137,0.6666666602469137,0.28571428000000004,0.6666666602469137,0,0,0.6111111111111112,0.49999999916666665
2206403470_8c25aa3cf8.jpg,একটি ছেলে একটি ছোট ছেলে একটি ছোট ছেলে একটি ছোট ছেলে একটি ছোট ছেলে একটি ছোট ছেলে একটি ছোট ছেলে একটি ছোট ছেলে একটি ছোট ছেলে একটি ছোট ছেলে একটি ছোট ছেলে একটি ছোট ছেলে একটি ছোট ছেলে একটি ছোট,0.0499999999875,0.1999999998,0.07999999676800014,0.07999999676800014,0.04166666360243077,0.07999999676800014,0,0,0.19548872180451127,0.18181818165289254
7999.png,একটি মহিলা একটি লাল গাড়ির বাইরে বৃষ্টির মধ্যে ঘুমাচ্ছে,0.1111111109876543,0.05882352937716263,0.07692307233727837,0.07692307233727837,0.0,0.07692307233727837,0,0,0.27692307692307694,0.045454545433884296
4656.png,পাহাড় আছে।,0.4999999975,0.249999999375,0.33333332777777785,0.33333332777777785,0.0,0.33333332777777785,0,0,0.4285714285714286,0.1999999996
2285152690_3fb93f65f1.jpg,একজন বাস্কেটবল খেলোয়াড় বল হাতে নিয়ে যাচ্ছে,0.2857142853061225,0.2857142853061225,0.28571428030612256,0.28571428030612256,0.16666666138888903,0.28571428030612256,0,0,0.6774193548387097,0.16666666652777776
3763.png,একজন নারী হেঁটে আসছে।,0.49999999875,0.49999999875,0.4999999937500001,0.4999999937500001,0.33333332722222225,0.4999999937500001,0,0,0.6666666666666667,0.33333333277777777
1236951314_0308dc4138.jpg,একটি ছেলে একটি পুকুরে লাফ দিচ্ছে,0.49999999916666665,0.23076923059171597,0.31578946903047095,0.31578946903047095,0.23529411321799312,0.31578946903047095,0,0,0.43333333333333335,0.15384615372781063
3264937930_9623496b64.jpg,একটি রঙিন বইয়ের <unk>,0.249999999375,0.16666666638888888,0.1999999948000001,0.1999999948000001,0.0,0.1999999948000001,0,0,0.34782608695652173,0.1111111109876543
477254932_56b48d775d.jpg,একটি ছেলে একটি পুকুরে লাফ দিচ্ছে,0.49999999916666665,0.24999999979166665,0.33333332851851855,0.33333332851851855,0.12499999554687513,0.33333332851851855,0,0,0.47619047619047616,0.21428571413265304
8682.png,একটি নৌকায় কয়েকজন মানুষ আছে।,0.5999999988,0.3333333329629629,0.42857142336734694,0.42857142336734694,0.16666666194444454,0.42857142336734694,0,0,0.5151515151515151,0.29999999969999996
2687529141_edee32649e.jpg,একজন লোক একটি <unk> <unk>,0.3999999992,0.3999999992,0.39999999420000004,0.39999999420000004,0.0,0.39999999420000004,0,0,0.33333333333333337,0.2857142853061225
4294.png,কয়েকজন পুরুষ আছে। পিছনে কয়েকজন পুরুষ আছে। পিছনে কয়েকজন পুরুষ আছে। পিছনে কয়েকজন পুরুষ আছে। পিছনে কয়েকজন পুরুষ আছে। পিছনে কয়েকজন পুরুষ আছে। পিছনে কয়েকজন পুরুষ আছে। পিছনে কয়েকজন পুরুষ আছে। পিছনে কয়েকজন পুরুষ আছে। পিছনে কয়েকজন পুরুষ আছে। পিছনে,0.099999999975,0.3333333330555555,0.15384615023668646,0.15384615023668646,0.03999999655200029,0.15384615023668646,0,0,0.18934911242603547,0.24999999979166665
3364258732_9942c557e5.jpg,তিনটি মেয়ে কারাটে চর্চা করছে,0.1999999996,0.16666666638888888,0.1818181765289258,0.1818181765289258,0.0,0.1818181765289258,0,0,0.36,0.0999999999
4248.png,একটি শিশু আছে।,0.9999999966666667,0.49999999916666665,0.6666666607407408,0.6666666607407408,0.28571428081632655,0.6666666607407408,0,0,0.4285714285714286,0.49999999916666665
145.png,একটা পাকা <unk>,0.3333333322222222,0.039999999984,0.07142856946428576,0.07142856946428576,0.0,0.07142856946428576,0,0,0.33333333333333337,0.04347826085066162
7855.png,একটি নৌকায় কয়েকজন মানুষ আছে।,0.7999999984,0.9999999975,0.8888888819753088,0.8888888819753088,0.5714285648979592,0.8888888819753088,0,0,0.7,0.7999999984
3336065481_2c21e622c8.jpg,একটি শিশু একটি <unk>,0.49999999875,0.14285714275510203,0.22222221851851853,0.22222221851851853,0.0,0.22222221851851853,0,0,0.33333333333333337,0.14285714265306124
inbound755042063650565929.jpg,একটি পাখি আছে।,0.3333333322222222,0.16666666638888888,0.2222222172839507,0.2222222172839507,0.0,0.2222222172839507,0,0,0.24,0.12499999984374999
8632.png,একটি শিশু আছে।,0.9999999966666667,0.9999999966666667,0.9999999916666666,0.9999999916666666,0.9999999900000001,0.9999999916666666,1,1,1.0,0.9999999966666667
1609.png,একটি শিশু বসে আছে।,0.49999999875,0.49999999875,0.4999999937500001,0.4999999937500001,0.33333332722222225,0.4999999937500001,0,0,0.6923076923076923,0.33333333277777777
311619377_2ba3b36675.jpg,একটি কালো এবং কালো ডোরাকাটা <unk> একটি কালো বোরকা পরা একজন বৃদ্ধা আঙুল দিয়ে তাকিয়ে আছে।,0.24999999984375,0.49999999937499995,0.33333332861111115,0.33333332861111115,0.0,0.24999999534722225,0,0,0.3793103448275862,0.2352941175086505
209605542_ca9cc52e7b.jpg,এক ব্যক্তি একটি পাথরে চড়ছে,0.1999999996,0.16666666638888888,0.1818181765289258,0.1818181765289258,0.0,0.1818181765289258,0,0,0.45833333333333337,0.1111111109876543
528500099_7be78a0ca5.jpg,একজন পুরুষ,0.4999999975,0.1111111109876543,0.1818181785123967,0.1818181785123967,0.0,0.1818181785123967,0,0,0.21052631578947367,0.0999999999
472661386_723aae880b.jpg,একদল লোক একটি ছবির জন্য পোজ দিচ্ছে,0.14285714265306124,0.1999999996,0.16666666152777793,0.16666666152777793,0.0,0.16666666152777793,0,0,0.42307692307692313,0.09090909082644627
5656.png,একটি ছেলে একটি বাসার ভেতর দিয়ে একজন পুরুষ আছে।,0.2222222219753086,0.2222222219753086,0.22222221697530875,0.22222221697530875,0.0,0.22222221697530875,0,0,0.38235294117647056,0.14285714275510203
5151.png,একজন পুরুষ ও কয়েকটি পোস্টারের সামনে দাড়িয়ে আছে।,0.49999999937499995,0.49999999937499995,0.49999999437500003,0.49999999437500003,0.14285713765306143,0.37499999453125,0,0,0.4545454545454546,0.3333333330555555
IMG-20220513-WA0071.jpg,কয়েকজন মানুষ আছে।,0.0,0.0,0.0,0.0,0.0,0.0,0,0,0.3076923076923077,0.0
501.png,অনেক লোকজন দেখা যাচ্ছে।,0.249999999375,0.07692307686390532,0.11764705508650528,0.11764705508650528,0.0,0.11764705508650528,0,0,0.36363636363636365,0.06666666662222222
2206960564_325ed0c7ae.jpg,একটি সাদা কুকুর একটি টেনিস বল নিয়ে দাঁড়িয়ে আছে,0.1111111109876543,0.16666666638888888,0.13333332835555572,0.13333332835555572,0.0,0.13333332835555572,0,0,0.4516129032258065,0.07692307686390532
3409326324_a704565e8f.jpg,একটি হেলিকপ্টার থেকে লাফ দিচ্ছে,0.1999999996,0.14285714265306124,0.16666666152777793,0.16666666152777793,0.0,0.16666666152777793,0,0,0.3928571428571429,0.09090909082644627
2019.png,একটি নৌকায় কয়েকজন মানুষ আছে।,0.1999999996,0.07142857137755101,0.10526315390581731,0.10526315390581731,0.0,0.10526315390581731,0,0,0.23636363636363633,0.06666666662222222
3545586120_283d728a97.jpg,একজন লোক একটি <unk>,0.249999999375,0.249999999375,0.2499999943750001,0.2499999943750001,0.0,0.2499999943750001,0,0,0.5333333333333333,0.14285714265306124
5230.png,একটি বড় গাছ ও দূরে পাহাড় আছে।,0.4285714279591837,0.37499999953124996,0.3999999944888889,0.3999999944888889,0.0,0.2666666613333334,0,0,0.41666666666666663,0.24999999979166665
2587017287_888c811b5a.jpg,একটি ভেজা কুকুর পানিতে একটি লাঠি নিয়ে পানিতে একটি লাঠি নিয়ে পানিতে একটি লাঠি নিয়ে পানিতে একটি লাঠি নিয়ে পানিতে একটি লাঠি নিয়ে পানিতে একটি লাঠি নিয়ে পানিতে একটি লাঠি নিয়ে পানিতে একটি লাঠি নিয়ে পানিতে একটি লাঠি নিয়ে পানিতে,0.07499999998125,0.5999999988,0.13333333129876546,0.13333333129876546,0.08888888653827165,0.13333333129876546,0,0,0.13571428571428568,0.37499999953124996
6176.png,একটি পাল তোলা নৌকা বাধা আছে একজন ছেলে।,0.0,0.0,0.0,0.0,0.0,0.0,0,0,0.2941176470588235,0.0
3866.png,একটি নৌকায় কয়েকজন মানুষ আছে।,0.7999999984,0.7999999984,0.7999999934,0.7999999934,0.2499999943750001,0.7999999934,0,0,0.65,0.6666666655555555
3403797144_53e49412ec.jpg,একজন সার্ফার তরঙ্গে আটকা পড়েছে,0.3999999992,0.33333333277777777,0.36363635801652905,0.36363635801652905,0.2222222167901236,0.36363635801652905,0,0,0.5,0.2222222219753086
4603.png,একটি ব্রীজ দেখা যাচ্ছে।,0.49999999875,0.3999999992,0.4444444385185186,0.4444444385185186,0.28571428000000004,0.4444444385185186,0,0,0.40909090909090906,0.2857142853061225
2114126343_a0f74ff63b.jpg,একটি মেয়ে সুইমিংপুলে লোকজন দেখছে,0.1999999996,0.14285714265306124,0.16666666152777793,0.16666666152777793,0.0,0.16666666152777793,0,0,0.2692307692307693,0.09090909082644627
2073964624_52da3a0fc4.jpg,একজন পুরুষ একটি সাইকেল চালাচ্ছে,0.5999999988,0.3333333329629629,0.42857142336734694,0.42857142336734694,0.16666666194444454,0.42857142336734694,0,0,0.4838709677419355,0.2727272724793388
3537201804_ce07aff237.jpg,চারটি শিশু আছে।,0.3333333322222222,0.12499999984374999,0.18181817752066123,0.18181817752066123,0.0,0.18181817752066123,0,0,0.25,0.1111111109876543
8237.png,একজন পুরুষ মাথার উপর দিয়ে মাথায় বোঝা নিয়ে যাচ্ছে।,0.0,0.0,0.0,0.0,0.0,0.0,0,0,0.33333333333333337,0.0
47.png,একটি ছোট মেয়েটি তার পেছনে একটি রাস্তা দিয়ে হেটে যাচ্ছে এবং রাস্তা দিয়ে হেটে যাচ্ছে,0.39999999973333333,0.21428571420918366,0.2790697627690644,0.2790697627690644,0.19512194662700783,0.2790697627690644,0,0,0.4807692307692307,0.21428571420918366
2496399593_a24954a5ca.jpg,একটি মেয়ে একটি গাছের পাশে দাঁড়িয়ে হাসছে,0.4285714279591837,0.4285714279591837,0.42857142295918377,0.42857142295918377,0.16666666138888903,0.42857142295918377,0,0,0.6153846153846154,0.29999999969999996
3096.png,একটি টেবিল এর সামনে টেবিল এ খাবার খাচ্ছে।,0.12499999984374999,0.07692307686390532,0.09523809043083924,0.09523809043083924,0.0,0.09523809043083924,0,0,0.2857142857142857,0.05882352937716263
9067.png,একটি শিশু আছে।,0.9999999966666667,0.7499999981250001,0.8571428497959185,0.8571428497959185,0.39999999360000005,0.8571428497959185,0,0,0.6923076923076923,0.7499999981250001
2673148534_8daf0de833.jpg,একটি সাদা কুকুর ঘাসের উপর দিয়ে চলছে,0.2857142853061225,0.2857142853061225,0.28571428030612256,0.28571428030612256,0.0,0.28571428030612256,0,0,0.5,0.18181818165289254
1282392036.jpg,একটি মহিলা একটি ছোট ছেলেকে একটি <unk>,0.571428570612245,0.3636363633057851,0.4444444391975309,0.4444444391975309,0.24999999500000003,0.4444444391975309,0,0,0.41463414634146345,0.24999999979166665
2999162229_80d17099b6.jpg,একটি শিশু হাতে ফুল নিয়ে আছে।,0.16666666638888888,0.12499999984374999,0.1428571377551022,0.1428571377551022,0.0,0.1428571377551022,0,0,0.31034482758620685,0.07692307686390532
3192.png,একজন পুরুষ মানুষ আছে।,0.249999999375,0.05555555552469135,0.09090908785123977,0.09090908785123977,0.0,0.09090908785123977,0,0,0.4,0.04761904759637188
7056.png,একজন মহিলা তার বাবা তার <unk> <unk> <unk> <unk> <unk> <unk> <unk> <unk> <unk> <unk> <unk> <unk> <unk> <unk> <unk> <unk> <unk> <unk> <unk> <unk> <unk> <unk> <unk> <unk> <unk> <unk> <unk> <unk> <unk> <unk> <unk> <unk> <unk> <unk> <unk>,0.0,0.0,0.0,0.0,0.0,0.0,0,0,0.10191082802547768,0.0
3159092624_66af4e207e.jpg,একটি ছোট ছেলে একটি গাছের পাশে দাঁড়িয়ে আছে।,0.37499999953124996,0.24999999979166665,0.2999999949,0.2999999949,0.15384614863905344,0.2999999949,0,0,0.5555555555555556,0.1874999998828125
2762702644_2aa3bf9680.jpg,একজন লোক একটি <unk>,0.49999999875,0.124999999921875,0.1999999966,0.1999999966,0.0,0.1999999966,0,0,0.2592592592592593,0.11764705875432525
3102204862_f1d220230b.jpg,একজন লোক একটি <unk> <unk>,0.5999999988,0.4285714279591837,0.4999999943055557,0.4999999943055557,0.3999999944,0.4999999943055557,0,0,0.52,0.37499999953124996
289616152_012a9f16c6.jpg,একজন লোক একটি <unk>,0.49999999875,0.33333333277777777,0.3999999944,0.3999999944,0.0,0.2499999943750001,0,0,0.375,0.24999999968749997
3070713991_8696796937.jpg,একজন লোক একটা বেলন দেখা যাচ্ছে।,0.0,0.0,0.0,0.0,0.0,0.0,0,0,0.33333333333333337,0.0
6808.png,তিনজন পুরুষ পাশাপাশি দাড়িয়ে আছে।,0.9999999980000001,0.5555555549382716,0.7142857086734694,0.7142857086734694,0.6666666611111112,0.7142857086734694,0,0,0.5555555555555556,0.7142857132653061
7196.png,একজন নারী আছে।,0.6666666644444444,0.3999999992,0.49999999406250006,0.49999999406250006,0.0,0.49999999406250006,0,0,0.4444444444444444,0.33333333277777777
6313.png,একজন নারী আছে।,0.3333333322222222,0.1999999996,0.24999999468750006,0.24999999468750006,0.0,0.24999999468750006,0,0,0.4444444444444444,0.14285714265306124
4783.png,একটি <unk>,0.4999999975,0.16666666638888888,0.24999999562500003,0.24999999562500003,0.0,0.24999999562500003,0,0,0.16666666666666663,0.14285714265306124
2789238858_14261dd25a.jpg,একটি গ্রেহাউন্ড কুকুর দৌড়াচ্ছে,0.9999999975,0.571428570612245,0.7272727213223142,0.7272727213223142,0.44444443901234576,0.7272727213223142,0,0,0.6551724137931034,0.571428570612245
2068465241_3bcabacfd7.jpg,একটি ছোট মেয়ে একটি <unk>,0.5999999988,0.2727272724793388,0.374999995234375,0.374999995234375,0.14285713857142868,0.374999995234375,0,0,0.33333333333333337,0.24999999979166665
121551810.jpg,একটি <unk> একটি ছেলে তার সাইকেল চালাচ্ছে,0.4285714279591837,0.24999999979166665,0.31578946869806096,0.31578946869806096,0.11764705411764723,0.2105263109141275,0,0,0.3214285714285714,0.13333333324444444
3756.png,একজন পুরুষ একটি জানালা দিয়ে তাকিয়ে আছে।,0.7142857132653061,0.7142857132653061,0.7142857082653062,0.7142857082653062,0.3333333277777778,0.5714285656122451,0,0,0.5428571428571429,0.5555555549382716
2282895743_f803f1cf01.jpg,একজন মহিলা একটি ব্যস্ত ফুটপাতে হাঁটছে,0.49999999916666665,0.37499999953124996,0.4285714230612245,0.4285714230612245,0.16666666152777793,0.4285714230612245,0,0,0.4571428571428572,0.29999999969999996
3280672302_2967177653.jpg,একটি মেয়ে একটি মেয়ে,0.249999999375,0.14285714265306124,0.1818181768595043,0.1818181768595043,0.0,0.1818181768595043,0,0,0.38095238095238093,0.12499999984374999
2239938351_43c73c887c.jpg,দুটি কুকুর একটি অপরটির সাথে খেলছে,0.6666666655555555,0.49999999937499995,0.5714285657142858,0.5714285657142858,0.33333332791666676,0.5714285657142858,0,0,0.7083333333333333,0.3999999996
8251.png,একজন পুরুষ বসে আছে।,0.49999999875,0.49999999875,0.4999999937500001,0.4999999937500001,0.0,0.4999999937500001,0,0,0.4285714285714286,0.33333333277777777
1395.png,কয়েকজন নারী দাড়িয়ে আছে।,0.249999999375,0.1111111109876543,0.15384614934911253,0.15384614934911253,0.0,0.15384614934911253,0,0,0.2777777777777778,0.09090909082644627
4505.png,একটি মাটির ঘরের সামনে একটি মাটির ঘরের সামনে দাড়িয়ে আছে।,0.0999999999,0.16666666638888888,0.12499999515625017,0.12499999515625017,0.0,0.12499999515625017,0,0,0.23684210526315785,0.0999999999
1130369873_d80a1aa59c.jpg,একটি কুকুর একটি সবুজ রঙের ন্যস্ত পোশাক পরা একটি কুকুর একটি সবুজ রঙের ন্যস্ত পোশাক পরা একটি কুকুর একটি সবুজ রঙের ন্যস্ত পোশাক পরা একটি কুকুর একটি সবুজ রঙের ন্যস্ত পোশাক পরা একটি কুকুর একটি সবুজ রঙের ন্যস্ত পোশাক পরা,0.0499999999875,0.2222222219753086,0.08163265002915464,0.08163265002915464,0.0,0.08163265002915464,0,0,0.16981132075471694,0.14285714275510203
_MG_2288.JPG,একটা সোনার দোকানে,0.0,0.0,0.0,0.0,0.0,0.0,0,0,0.33333333333333337,0.0
189.png,একজন পুরুষ ও একজন পুরুষ আছে।,0.16666666638888888,0.1999999996,0.1818181765289258,0.1818181765289258,0.0,0.1818181765289258,0,0,0.5,0.12499999984374999
3602838407_bf13e49243.jpg,একটি কালো কুকুর পানিতে লাফ দিচ্ছে,0.49999999916666665,0.49999999916666665,0.4999999941666667,0.4999999941666667,0.2857142807142858,0.4999999941666667,0,0,0.5454545454545454,0.3333333329629629
3273325447_81c94000da.jpg,একজন লোক তার <unk>,0.249999999375,0.1999999996,0.2222222167901236,0.2222222167901236,0.0,0.2222222167901236,0,0,0.36,0.12499999984374999
4863.png,কয়েকজন মানুষ আছে।,0.0,0.0,0.0,0.0,0.0,0.0,0,0,0.19444444444444442,0.0
2423292784_166ee54e0b.jpg,একটি ছেলে একটি <unk>,0.7499999981250001,0.37499999953124996,0.49999999472222234,0.49999999472222234,0.33333332722222225,0.49999999472222234,0,0,0.625,0.3999999992
2113530024_5bc6a90e42.jpg,ছেলেরা ফুটবল খেলছে,0.6666666644444444,0.3999999992,0.49999999406250006,0.49999999406250006,0.0,0.49999999406250006,0,0,0.6,0.33333333277777777
8564.png,একজন নারী আছে।,0.3333333322222222,0.16666666638888888,0.2222222172839507,0.2222222172839507,0.0,0.2222222172839507,0,0,0.33333333333333337,0.12499999984374999
3189.png,একজন পুরুষ বসে আছে।,0.9999999975,0.4444444439506172,0.6153846101775148,0.6153846101775148,0.5454545404958677,0.6153846101775148,0,0,0.4117647058823529,0.49999999937499995
4090.png,একটি নৌকায় একজন মানুষ আছে।,0.3999999992,0.16666666652777776,0.23529411321799312,0.23529411321799312,0.0,0.23529411321799312,0,0,0.3421052631578947,0.13333333324444444
133.png,একজন পুরুষ একটি নৌকা আছে।,0.3999999992,0.3999999992,0.39999999420000004,0.39999999420000004,0.0,0.39999999420000004,0,0,0.5555555555555556,0.24999999968749997
1980.png,একজন পুরুষ বসে আছে।,0.0,0.0,0.0,0.0,0.0,0.0,0,0,0.38888888888888884,0.0
8925.png,একজন বয়স্ক নারী তাকিয়ে আছে।,0.5999999988,0.7499999981250001,0.6666666602469137,0.6666666602469137,0.28571428000000004,0.6666666602469137,0,0,0.736842105263158,0.49999999916666665
2362481035_a7600875d0.jpg,একটি বাচ্চা একটি টায়ারের দোলনায় দোলছে।,0.33333333277777777,0.2857142853061225,0.3076923022485208,0.3076923022485208,0.0,0.3076923022485208,0,0,0.5384615384615384,0.1999999998
20210824_073557.jpg,একটি <unk>,0.4999999975,0.14285714265306124,0.22222221827160496,0.22222221827160496,0.0,0.22222221827160496,0,0,0.18181818181818177,0.12499999984374999
7069.png,একটি সাদা পাখি রয়েছে যার মাঝে একজন লোক মিলে গাছের ডাল নিয়ে যাচ্ছে।,0.23076923059171597,0.4285714279591837,0.2999999951500001,0.2999999951500001,0.11111110654321005,0.2999999951500001,0,0,0.34090909090909094,0.1764705881314879
2760.png,কয়েকজন মানুষ আছে।,0.9999999966666667,0.9999999966666667,0.9999999916666666,0.9999999916666666,0.9999999900000001,0.9999999916666666,1,1,1.0,0.9999999966666667
1863.png,একজন পুরুষ আছে।,0.6666666644444444,0.24999999968749997,0.36363635900826446,0.36363635900826446,0.0,0.36363635900826446,0,0,0.3125,0.24999999968749997
3529721084_4b405baf54.jpg,একটি মোটরসাইকেলে থাকা এক ব্যক্তি একটি মোটরসাইকেলে বসে আছে,0.2222222219753086,0.09523809519274376,0.1333333290444446,0.1333333290444446,0.07142856729591861,0.1333333290444446,0,0,0.33333333333333337,0.09090909086776859
2316.png,অনেকগুলো মানুষ আছে।,0.0,0.0,0.0,0.0,0.0,0.0,0,0,0.2727272727272727,0.0
8477.png,একজন নারী আছে।,0.6666666644444444,0.6666666644444444,0.6666666594444445,0.6666666594444445,0.4999999925000001,0.6666666594444445,0,0,0.8,0.49999999875
1220401002_3f44b1f3f7.jpg,একটি ছোট ছেলে একটি ছোট ছেলে একটি ছোট ছেলে একটি ছোট ছেলে একটি ছোট ছেলে একটি ছোট ছেলে একটি ছোট ছেলে একটি ছোট ছেলে একটি ছোট ছেলে একটি ছোট ছেলে একটি ছোট ছেলে একটি ছোট ছেলে একটি ছোট ছেলে একটি,0.0,0.0,0.0,0.0,0.0,0.0,0,0,0.1278195488721805,0.0
1463732130_a754441289.jpg,একটি মেয়ে ট্রাম্পোলিনে লাফাচ্ছে,0.7499999981250001,0.7499999981250001,0.7499999931250001,0.7499999931250001,0.6666666594444445,0.7499999931250001,0,0,0.9444444444444444,0.5999999988
3229282764_a4a515f4e2.jpg,একটি মেয়ে একটি ছেলেকে নিয়ে খেলছে,0.33333333277777777,0.49999999875,0.3999999944,0.3999999944,0.24999999468750006,0.3999999944,0,0,0.5238095238095238,0.2857142853061225
7212.png,একটি শিশু আছে।,0.9999999966666667,0.5999999988,0.7499999934375,0.7499999934375,0.0,0.7499999934375,0,0,0.6,0.5999999988
1026.png,সরিষা ক্ষেতের মাঝে একটি শিশু মাথায় বোঝা নিয়ে আছে।,0.3333333329629629,0.3333333329629629,0.333333327962963,0.333333327962963,0.12499999484375018,0.333333327962963,0,0,0.5588235294117647,0.19999999986666667
3774.png,একজন পুরুষ আছে।,0.9999999966666667,0.4285714279591837,0.5999999946000001,0.5999999946000001,0.24999999562500003,0.5999999946000001,0,0,0.3928571428571429,0.4285714279591837
2110.png,একটি <unk> বিজ্ঞাপনের দিকে তাকিয়ে আছে,0.0,0.0,0.0,0.0,0.0,0.0,0,0,0.2592592592592593,0.0
3154.png,একজন নারী ও একজন নারী দাড়িয়ে আছে।,0.14285714265306124,0.249999999375,0.1818181768595043,0.1818181768595043,0.08695651780718354,0.1818181768595043,0,0,0.41666666666666663,0.12499999984374999
10.png,একজন নারী হেঁটে আসছে।,0.249999999375,0.09090909082644627,0.13333332924444455,0.13333332924444455,0.0,0.13333332924444455,0,0,0.2894736842105263,0.07692307686390532
2955985301_e4139bc772.jpg,মহিলা টি তাকিয়ে আছে,0.49999999875,0.3999999992,0.4444444385185186,0.4444444385185186,0.0,0.3076923029585799,0,0,0.2857142857142857,0.2857142853061225
6509.png,একজন বয়স্ক নারী আছে।,0.7499999981250001,0.7499999981250001,0.7499999931250001,0.7499999931250001,0.33333332722222225,0.7499999931250001,0,0,0.875,0.5999999988
6334.png,কয়েকজন মানুষ আছে।,0.9999999966666667,0.9999999966666667,0.9999999916666666,0.9999999916666666,0.9999999900000001,0.9999999916666666,1,1,1.0,0.9999999966666667
3427852996_d383abd819.jpg,একজন লোক তার সাইকেল নিয়ে কৌশল দেখাচ্ছে,0.7142857132653061,0.5555555549382716,0.624999994296875,0.624999994296875,0.4285714230612245,0.624999994296875,0,0,0.5263157894736843,0.45454545413223135
4203.png,একজন পুরুষ বসে আছে।,0.9999999975,0.6666666655555555,0.7999999936,0.7999999936,0.7499999934375,0.7999999936,0,0,0.6363636363636364,0.6666666655555555
2387197355_237f6f41ee.jpg,একজন লোক একটি <unk> <unk>,0.3999999992,0.2857142853061225,0.33333332791666676,0.33333332791666676,0.1999999948000001,0.33333332791666676,0,0,0.3548387096774194,0.2222222219753086
3718964174_cb2dc1615e.jpg,একজন নারী তাকিয়ে আছে,0.49999999875,0.18181818165289254,0.26666666240000003,0.26666666240000003,0.15384615005917168,0.26666666240000003,0,0,0.3548387096774194,0.18181818165289254
2931950813_93145c4746.jpg,একটি ছোট কালো রঙের ডোরাকাটা শার্ট পরা একজন লোক একটি <unk> একটি <unk>,0.15384615372781063,0.24999999968749997,0.1904761855782314,0.1904761855782314,0.0,0.1904761855782314,0,0,0.34693877551020413,0.0624999999609375
390360326_26f5936189.jpg,দুটি কুকুর একসাথে দৌড়াচ্ছে,0.49999999875,0.18181818165289254,0.26666666240000003,0.26666666240000003,0.0,0.26666666240000003,0,0,0.5,0.16666666652777776
3138.png,৫ জন ছেলে দাড়িয়ে আছে।,0.5999999988,0.1874999998828125,0.28571428181405895,0.28571428181405895,0.10526315445983389,0.28571428181405895,0,0,0.4285714285714286,0.1874999998828125
118939861.jpg,একজন লোক একটি সাদা পালঙ্কে বিশ্রাম নিচ্ছে।,0.4285714279591837,0.24999999979166665,0.31578946869806096,0.31578946869806096,0.11764705411764723,0.2105263109141275,0,0,0.29166666666666663,0.21428571413265304
_MG_2298.JPG,একটি ছেলে হাতে একটা নিয়ে বসে আছে।,0.2857142853061225,0.49999999875,0.36363635834710756,0.36363635834710756,0.0,0.36363635834710756,0,0,0.5454545454545454,0.2222222219753086
6652.png,একজন পুরুষ মানুষ বসে আছে।,0.0,0.0,0.0,0.0,0.0,0.0,0,0,0.38888888888888884,0.0
8009.png,একটি সেতু আছে।,0.0,0.0,0.0,0.0,0.0,0.0,0,0,0.17647058823529416,0.0
1387785218_cee67735f5.jpg,একটি ছোট মেয়ে তার <unk> তার <unk> তার <unk> তার <unk> তার <unk> তার <unk> তার <unk> তার <unk> তার <unk> তার <unk> তার <unk> তার <unk> তার <unk> তার <unk> তার <unk> তার <unk> তার <unk> তার <unk> তার,0.0499999999875,0.18181818165289254,0.07843136913494825,0.07843136913494825,0.0,0.04166666387152797,0,0,0.12318840579710144,0.14285714275510203
635.png,একজন বয়স্ক নারী আছে।,0.7499999981250001,0.49999999916666665,0.5999999940000001,0.5999999940000001,0.0,0.5999999940000001,0,0,0.5238095238095238,0.49999999916666665
3202.png,একজন পুরুষ আছে।,0.9999999966666667,0.49999999916666665,0.6666666607407408,0.6666666607407408,0.28571428081632655,0.6666666607407408,0,0,0.5,0.49999999916666665
5594.png,একজন পুরুষ আছে।,0.3333333322222222,0.249999999375,0.28571428000000004,0.28571428000000004,0.0,0.28571428000000004,0,0,0.4666666666666667,0.16666666638888888
2285741931_07159a21f2.jpg,একটি শিশু একটি লাল <unk>,0.3999999992,0.24999999968749997,0.3076923024852071,0.3076923024852071,0.0,0.3076923024852071,0,0,0.4285714285714286,0.1999999998
3329169877_175cb16845.jpg,একজন লোক একটি <unk> থেকে লাফ দিচ্ছে,0.571428570612245,0.30769230745562126,0.39999999505,0.39999999505,0.22222221753086427,0.39999999505,0,0,0.48,0.26666666648888887
2704257993_d485058a5f.jpg,একটি ছেলে একটি কারাতে অনুশীলন করছে,0.49999999916666665,0.1874999998828125,0.27272726851239676,0.27272726851239676,0.09999999615000013,0.2222222172839507,0,0,0.33333333333333337,0.14285714265306124
2978271431_f6a7f19825.jpg,একটি সাদা গাড়ি রাস্তায়।,0.49999999875,0.1999999998,0.28571428122448983,0.28571428122448983,0.0,0.14285713857142868,0,0,0.625,0.16666666652777776
2839038702_e168128665.jpg,একটি কুকুর একটি হ্রদ এবং একটি কুকুর দৌড়াচ্ছে,0.37499999953124996,0.29999999969999996,0.3333333280246914,0.3333333280246914,0.16666666152777793,0.3333333280246914,0,0,0.48484848484848486,0.2222222219753086
558.png,একজন পুরুষ বসে আছে।,0.0,0.0,0.0,0.0,0.0,0.0,0,0,0.2777777777777778,0.0
5675.png,একজন লোক একটি <unk>,0.0,0.0,0.0,0.0,0.0,0.0,0,0,0.19999999999999996,0.0
327.png,একজন নারী আছে।,0.6666666644444444,0.49999999875,0.5714285648979592,0.5714285648979592,0.0,0.5714285648979592,0,0,0.5333333333333333,0.3999999992
_MG_1797.JPG,লোক টির হাতে সাদা কাগজ নিয়ে দাঁড়িয়ে আছে,0.6249999992187499,0.7142857132653061,0.6666666608,0.6666666608,0.15384614863905344,0.5333333276444445,0,0,0.43999999999999995,0.49999999949999996
4402.png,রাস্তার দুইপাশে গাছের সারি আর পাড়ে কিছু মানুষ।,0.12499999984374999,0.1999999996,0.15384614887573977,0.15384614887573977,0.0,0.15384614887573977,0,0,0.24137931034482762,0.08333333326388888
7101.png,দুইজন পুরুষ আছে।,0.9999999966666667,0.49999999916666665,0.6666666607407408,0.6666666607407408,0.28571428081632655,0.6666666607407408,0,0,0.5238095238095238,0.49999999916666665
_MG_2278.JPG,দোকানে দুইটা ছেলে একটা বাসের সামনে দাড়িয়ে আছে।,0.12499999984374999,0.14285714265306124,0.13333332817777796,0.13333332817777796,0.0,0.13333332817777796,0,0,0.5172413793103448,0.07142857137755101
363.png,একটি অনুস্তানে কিছু মানুষ কাজ করছে।,0.16666666638888888,0.1999999996,0.1818181765289258,0.1818181765289258,0.0,0.1818181765289258,0,0,0.2857142857142857,0.0999999999
5587.png,একটি নৌকায় একজন পুরুষ আছে।,0.3999999992,0.3999999992,0.39999999420000004,0.39999999420000004,0.0,0.39999999420000004,0,0,0.6842105263157895,0.24999999968749997
_MG_1217.JPG,একজন পুরুষ আছে।,0.0,0.0,0.0,0.0,0.0,0.0,0,0,0.368421052631579,0.0
5998.png,নদীতে একটি লঞ্চ আছে।,0.249999999375,0.1999999996,0.2222222167901236,0.2222222167901236,0.0,0.2222222167901236,0,0,0.33333333333333337,0.12499999984374999
1308.png,একজন নারী আছে।,0.3333333322222222,0.12499999984374999,0.18181817752066123,0.18181817752066123,0.0,0.18181817752066123,0,0,0.3076923076923077,0.0999999999
179009558_69be522c63.jpg,একটি শিশু একটি <unk>,0.49999999875,0.15384615372781063,0.2352941137716263,0.2352941137716263,0.0,0.2352941137716263,0,0,0.23529411764705888,0.07692307686390532
6205.png,একজন পুরুষ রঙ মেখে আছে।,0.3999999992,0.3999999992,0.39999999420000004,0.39999999420000004,0.15384614934911253,0.39999999420000004,0,0,0.6111111111111112,0.24999999968749997
3525841965_7814484515.jpg,একটি মেয়ে শিশু আছে।,0.249999999375,0.16666666638888888,0.1999999948000001,0.1999999948000001,0.0,0.1999999948000001,0,0,0.2727272727272727,0.1111111109876543
195.png,একজন পুরুষ একটি সাইকেল নিয়ে আছে।,0.0,0.0,0.0,0.0,0.0,0.0,0,0,0.4347826086956522,0.0
6266.png,একজন নারী আছে।,0.3333333322222222,0.249999999375,0.28571428000000004,0.28571428000000004,0.0,0.28571428000000004,0,0,0.2857142857142857,0.16666666638888888
8149.png,একজন পুরুষ পানিতে নেমে মাছ ধরছে।,0.16666666638888888,0.12499999984374999,0.1428571377551022,0.1428571377551022,0.0,0.1428571377551022,0,0,0.3548387096774194,0.07692307686390532
3604928725_58147c87cd.jpg,একটি দম্পতি জলে খেলে,0.249999999375,0.0999999999,0.14285713857142868,0.14285713857142868,0.0,0.14285713857142868,0,0,0.25,0.07692307686390532
6442.png,একটি ছেলে মাথায় <unk>,0.0,0.0,0.0,0.0,0.0,0.0,0,0,0.2777777777777778,0.0
113637264.jpg,একটি ছেলে একটি <unk> থেকে লাফ দিচ্ছে,0.2857142853061225,0.3999999992,0.33333332791666676,0.33333332791666676,0.1999999948000001,0.33333332791666676,0,0,0.375,0.2222222219753086
2637.png,একজন নারী আছে।,0.0,0.0,0.0,0.0,0.0,0.0,0,0,0.375,0.0
219301555_17883a51bd.jpg,এক তরুণী ঝর্নার মাঝে দাঁড়িয়ে আছে।,0.16666666638888888,0.16666666638888888,0.16666666138888903,0.16666666138888903,0.0,0.16666666138888903,0,0,0.2894736842105263,0.09090909082644627
241347580_a1e20321d3.jpg,একজন মহিলা একটি <unk> দেখছে,0.1999999996,0.14285714265306124,0.16666666152777793,0.16666666152777793,0.0,0.16666666152777793,0,0,0.3214285714285714,0.09090909082644627
3640104986_5d8c9a9948.jpg,একটি টেবিলে রঙিন <unk> সামনে দাঁড়িয়ে আছে,0.2857142853061225,0.2222222219753086,0.24999999476562512,0.24999999476562512,0.0,0.15384614863905344,0,0,0.4285714285714286,0.15384615372781063
1384292980.jpg,এক মহিলা একটি সাদা জামা পরে একটি ছবির জন্য পোজ দিচ্ছে,0.2727272724793388,0.2727272724793388,0.2727272674793389,0.2727272674793389,0.09999999490000026,0.2727272674793389,0,0,0.4871794871794872,0.1111111110493827
539667015_fd0a3bea07.jpg,একটি ছেলে হাসছে,0.3333333322222222,0.12499999984374999,0.18181817752066123,0.18181817752066123,0.0,0.18181817752066123,0,0,0.27586206896551724,0.0999999999
6046.png,একটি নৌকায় একজন পুরুষ আছে।,0.1999999996,0.16666666638888888,0.1818181765289258,0.1818181765289258,0.0,0.1818181765289258,0,0,0.31999999999999995,0.0999999999
2150.png,একজন পুরুষ একটি শিশু আছে।,0.5999999988,0.49999999916666665,0.5454545395041324,0.5454545395041324,0.2222222167901236,0.5454545395041324,0,0,0.40909090909090906,0.37499999953124996
2675.png,কয়েকজন নারী ও দুইজন নারী আছে।,0.0,0.0,0.0,0.0,0.0,0.0,0,0,0.33333333333333337,0.0
350443876_c9769f5734.jpg,একজন লোক একটি টেবিল পরিষ্কার করছে,0.49999999916666665,0.24999999979166665,0.33333332851851855,0.33333332851851855,0.12499999554687513,0.33333332851851855,0,0,0.34042553191489366,0.19999999986666667
8474.png,একজন নারী বসে রান্না করছে,0.1999999996,0.3333333322222222,0.24999999468750006,0.24999999468750006,0.0,0.24999999468750006,0,0,0.4444444444444444,0.14285714265306124
3286406057_a1668655af.jpg,একটি মেয়ে তার <unk> <unk> <unk> <unk> <unk> <unk> <unk> <unk> <unk> <unk> <unk> <unk> <unk> <unk> <unk> <unk> <unk> <unk> <unk> <unk> <unk> <unk> <unk> <unk> <unk> <unk> <unk> <unk> <unk> <unk> <unk> <unk> <unk> <unk> <unk> <unk> <unk>,0.02499999999375,0.12499999984374999,0.04166666387152797,0.04166666387152797,0.0,0.04166666387152797,0,0,0.14012738853503182,0.09090909082644627
2205088706_d7e633e00d.jpg,এক ছেলে একটি অনুর্বর ভূমি দিয়ে হেঁটে যাচ্ছে,0.12499999984374999,0.16666666638888888,0.1428571377551022,0.1428571377551022,0.0,0.1428571377551022,0,0,0.39473684210526316,0.07692307686390532
8919.png,একজন নারী হেঁটে যাচ্ছে।,0.7499999981250001,0.7499999981250001,0.7499999931250001,0.7499999931250001,0.6666666594444445,0.7499999931250001,0,0,0.8571428571428572,0.5999999988
3334.png,একজন লোক বসে আছে।,0.49999999875,0.3999999992,0.4444444385185186,0.4444444385185186,0.0,0.4444444385185186,0,0,0.5882352941176471,0.2857142853061225
2698666984_13e17236ae.jpg,একটি ছেলে একটি পানির মধ্যে দাঁড়িয়ে আছে।,0.14285714265306124,0.12499999984374999,0.13333332817777796,0.13333332817777796,0.0,0.13333332817777796,0,0,0.48,0.07692307686390532
272940778_a184dbea42.jpg,একটি কুকুর একটি কালো কুকুর,0.7999999984,0.49999999937499995,0.615384609704142,0.615384609704142,0.36363635834710756,0.615384609704142,0,0,0.5357142857142857,0.4285714279591837
p987.jpg,একজন বাচ্চা মেয়ে হাঁসি মুখে দাঁড়িয়ে আছে।,0.14285714265306124,0.249999999375,0.1818181768595043,0.1818181768595043,0.0,0.1818181768595043,0,0,0.41666666666666663,0.0999999999
7505.png,একজন পুরুষ নৌকা চালাচ্ছে।,0.249999999375,0.12499999984374999,0.16666666194444454,0.16666666194444454,0.0,0.16666666194444454,0,0,0.3793103448275862,0.0999999999
3375014075_157388f8a9.jpg,একটি ছেলে একটি কালো কুকুর,0.3999999992,0.33333333277777777,0.36363635801652905,0.36363635801652905,0.19047618721088438,0.36363635801652905,0,0,0.41666666666666663,0.24999999968749997
797.png,একজন নারী আছে।,0.0,0.0,0.0,0.0,0.0,0.0,0,0,0.2068965517241379,0.0
3571.png,এটি একটি <unk>,0.3333333322222222,0.12499999984374999,0.18181817752066123,0.18181817752066123,0.0,0.18181817752066123,0,0,0.24137931034482762,0.0999999999
4986.png,একজন পুরুষ একটি গ্রামের <unk>,0.0,0.0,0.0,0.0,0.0,0.0,0,0,0.38095238095238093,0.0
2553619107_d382a820f9.jpg,একজন লোক তীব্র স্রোতের মাঝে নৌকা চালাচ্ছে,0.571428570612245,0.571428570612245,0.5714285656122451,0.5714285656122451,0.16666666138888903,0.42857142295918377,0,0,0.4444444444444444,0.3999999996
2549.png,একটি ছেলে একটি সাপ নিয়ে দাড়িয়ে আছে,0.2857142853061225,0.15384615372781063,0.1999999952500001,0.1999999952500001,0.0,0.0999999953500002,0,0,0.37037037037037035,0.11764705875432525
2277081067_d2b4c98bce.jpg,একটি ছেলে সাগরের পানিতে ভিজে গেলো,0.33333333277777777,0.3999999992,0.36363635801652905,0.36363635801652905,0.2222222167901236,0.36363635801652905,0,0,0.5238095238095238,0.2222222219753086
1014.png,সমুদ্রের পারে কয়েকজন মানুষ আছে।,0.5999999988,0.49999999916666665,0.5454545395041324,0.5454545395041324,0.2222222167901236,0.5454545395041324,0,0,0.64,0.37499999953124996
3566.png,একটি পাহাড়ি রাস্তার দুইপাশে সবুজ ধান শুকানোর মাঠে একটি সেতু আছে।,0.09090909082644627,0.12499999984374999,0.10526315290858747,0.10526315290858747,0.0,0.10526315290858747,0,0,0.26190476190476186,0.05882352937716263
4990.png,কয়েকজন নারী ও অনেকগুলো মানুষ আছে।,0.6666666655555555,0.49999999937499995,0.5714285657142858,0.5714285657142858,0.16666666152777793,0.5714285657142858,0,0,0.6333333333333333,0.49999999937499995
3399944164_ec24123945.jpg,একজন মহিলা একটি <unk> শুয়ে আছে।,0.49999999916666665,0.3333333329629629,0.3999999946666667,0.3999999946666667,0.15384614887573977,0.3999999946666667,0,0,0.4571428571428572,0.2727272724793388
9135.png,একটি লোক একটা ব্যাগের উপর বসে আছে।,0.14285714265306124,0.249999999375,0.1818181768595043,0.1818181768595043,0.0,0.1818181768595043,0,0,0.28,0.0999999999
3284460070_6805990149.jpg,লাল হেলমেট পরিহিত একজন লোক সাইকেল নিয়ে জঙ্গলের মধ্যে মাউন্টেন <unk> বনের রাস্তায় সাইকেল নিয়ে জঙ্গলের মধ্যে মাউন্টেন <unk> বনের রাস্তায় সাইকেল নিয়ে জঙ্গলের মধ্যে মাউন্টেন <unk> বনের রাস্তায় সাইকেল নিয়ে জঙ্গলের মধ্যে মাউন্টেন <unk> বনের রাস্তায় সাইকেল নিয়ে জঙ্গলের,0.099999999975,0.6666666655555555,0.17391304113421555,0.17391304113421555,0.09090908885330583,0.1304347802835539,0,0,0.15934065934065933,0.26666666648888887
2403078014_4b1d6f8bde.jpg,এক লোক সাইকেল চালাচ্ছে,0.49999999875,0.2222222219753086,0.3076923029585799,0.3076923029585799,0.18181817752066123,0.3076923029585799,0,0,0.5,0.1999999998
2739332078_13d9acce59.jpg,একজন মহিলা একটি গ্লাস ধরে আছে,0.33333333277777777,0.33333333277777777,0.3333333277777778,0.3333333277777778,0.0,0.3333333277777778,0,0,0.6363636363636364,0.1999999998
244571201_0339d8e8d1.jpg,তিনটি ছেলে একটি পুকুরে লাফ দিচ্ছে,0.33333333277777777,0.2222222219753086,0.2666666615111111,0.2666666615111111,0.15384614887573977,0.2666666615111111,0,0,0.4285714285714286,0.15384615372781063
2261962622_e9318a95eb.jpg,একজন মেয়ে বাস্কেটবল খেলছে,0.249999999375,0.1999999996,0.2222222167901236,0.2222222167901236,0.0,0.2222222167901236,0,0,0.4375,0.12499999984374999
3148571800_c5515e6c3d.jpg,একজন লোক একটি <unk> <unk>,0.7999999984,0.49999999937499995,0.615384609704142,0.615384609704142,0.36363635834710756,0.615384609704142,0,0,0.5333333333333333,0.49999999937499995
773.png,একজন মানুষ আছে।,0.0,0.0,0.0,0.0,0.0,0.0,0,0,0.2857142857142857,0.0
4742.png,একটি লোক হাতে একটা ব্যাগ নিয়ে দাঁড়িয়ে আছে।,0.37499999953124996,0.23076923059171597,0.2857142807256236,0.2857142807256236,0.1052631531301941,0.2857142807256236,0,0,0.3548387096774194,0.1874999998828125
990890291_afc72be141.jpg,হেলমেট পরিহিত একজন লোক তার সাইকেল চালাচ্ছে,0.2857142853061225,0.33333333277777777,0.3076923022485208,0.3076923022485208,0.1818181765289258,0.3076923022485208,0,0,0.4,0.18181818165289254
3480052428_c034b98a08.jpg,একটি মহিলা ও একজন মহিলা একটি চাইনিজ উঠোনে দাঁড়িয়ে আছেন,0.1999999998,0.15384615372781063,0.17391303841209843,0.17391303841209843,0.09523809024943336,0.17391303841209843,0,0,0.3584905660377359,0.10526315783933518
2594.png,একজন পুরুষ আছে।,0.3333333322222222,0.16666666638888888,0.2222222172839507,0.2222222172839507,0.0,0.2222222172839507,0,0,0.375,0.12499999984374999
6517.png,একটি রাস্তা দিয়ে একজন নারী রাস্তা দিয়ে হেঁটে আসছে।,0.2222222219753086,0.2857142853061225,0.24999999476562512,0.24999999476562512,0.15384614946745573,0.24999999476562512,0,0,0.4375,0.18181818165289254
6998.png,গরুর গাড়ি ও গরু আছে।,0.1999999996,0.0999999999,0.13333332871111125,0.13333332871111125,0.0,0.13333332871111125,0,0,0.22857142857142854,0.07142857137755101
3579842996_3a62ec1bc7.jpg,একটি ছেলে একটি <unk>,0.49999999875,0.3999999992,0.4444444385185186,0.4444444385185186,0.0,0.4444444385185186,0,0,0.41666666666666663,0.33333333277777777
20220602_171836.jpg,একটি শিশু দাড়িয়ে আছে।,0.0,0.0,0.0,0.0,0.0,0.0,0,0,0.30434782608695654,0.0
3658.png,চারজন পুরুষ আছে।,0.6666666644444444,0.6666666644444444,0.6666666594444445,0.6666666594444445,0.4999999925000001,0.6666666594444445,0,0,0.8181818181818181,0.49999999875
2278110011_ba846e7795.jpg,একটি ছোট ছেলেটি তার হাতে একটি লাল খেলনা ধরে আছে,0.1999999998,0.2857142853061225,0.23529411252595167,0.23529411252595167,0.13333332835555572,0.23529411252595167,0,0,0.4545454545454546,0.14285714275510203
8174.png,একজন নারী আছে।,0.6666666644444444,0.3999999992,0.49999999406250006,0.49999999406250006,0.33333332777777785,0.49999999406250006,0,0,0.5263157894736843,0.33333333277777777
224.png,একজন পুরুষ একটি টিনের ঘর দেখা যাচ্ছে।,0.2857142853061225,0.16666666652777776,0.2105263109141275,0.2105263109141275,0.0,0.2105263109141275,0,0,0.30952380952380953,0.11764705875432525
460195978_fc522a4979.jpg,একটি কুকুর একটি কালো কুকুর,0.5999999988,0.37499999953124996,0.46153845609467453,0.46153845609467453,0.36363635834710756,0.46153845609467453,0,0,0.44999999999999996,0.2857142853061225
8842.png,একজন লোক দুইটা লোহা কাটছে।,0.3999999992,0.2857142853061225,0.33333332791666676,0.33333332791666676,0.1999999948000001,0.33333332791666676,0,0,0.46153846153846156,0.1999999998
3193.png,একজন বালক আছে।,0.9999999966666667,0.9999999966666667,0.9999999916666666,0.9999999916666666,0.9999999900000001,0.9999999916666666,1,1,1.0,0.9999999966666667
5285.png,একটি জলাশয় আছে।,0.6666666644444444,0.24999999968749997,0.36363635900826446,0.36363635900826446,0.0,0.36363635900826446,0,0,0.2666666666666667,0.2222222219753086
6307.png,একটি শিশু মাথার উপর লাফ দিয়ে হেঁটে যাচ্ছে,0.0,0.0,0.0,0.0,0.0,0.0,0,0,0.33333333333333337,0.0
6066.png,একটি নৌকায় কয়েকজন মানুষ আছে।,0.3999999992,0.6666666644444444,0.49999999406250006,0.49999999406250006,0.33333332777777785,0.49999999406250006,0,0,0.44999999999999996,0.33333333277777777
504904434_889f426c6e.jpg,একটি ছেলে একটি লাল ইটের দালানের সামনে একটি <unk>,0.4444444439506172,0.3333333330555555,0.38095237569161,0.38095237569161,0.15384614887573977,0.28571428054421777,0,0,0.4117647058823529,0.19999999986666667
3609952704_3719ab0524.jpg,একটি ছেলে একটি ছেলে একটি বল হাতে নিয়ে দাঁড়িয়ে আছে,0.49999999949999996,0.41666666631944443,0.4545454491735537,0.4545454491735537,0.19999999485000008,0.4545454491735537,0,0,0.5,0.30769230745562126
4730.png,একটি ট্রেন যাচ্ছে,0.3333333322222222,0.4999999975,0.39999999360000005,0.39999999360000005,0.0,0.39999999360000005,0,0,0.4545454545454546,0.249999999375
2529205842_bdcb49d65b.jpg,<unk> ব্লু বাস্কেটবল খেলছে,0.49999999875,0.6666666644444444,0.5714285648979592,0.5714285648979592,0.39999999360000005,0.5714285648979592,0,0,0.6470588235294117,0.3999999992
3181409177_edb09c2718.jpg,একজন লোক বাইসাইকেলে চড়ে শূন্যে ভাসছে,0.16666666638888888,0.1999999996,0.1818181765289258,0.1818181765289258,0.09523809151927451,0.1818181765289258,0,0,0.3448275862068966,0.09999999995
735787579_617b047319.jpg,এক মহিলা একটি শিশুকে ধরে আছে,0.16666666638888888,0.14285714265306124,0.15384614863905344,0.15384614863905344,0.0,0.15384614863905344,0,0,0.33333333333333337,0.08333333326388888
1288.png,সামনে একটি লোক সাইকেল চালাচ্ছে আর তার পিছনে একটি <unk>,0.1999999998,0.1111111110493827,0.14285713816326545,0.14285713816326545,0.0,0.14285713816326545,0,0,0.29230769230769227,0.0833333332986111
358559906_d5f3f584f4.jpg,একটি ছেলে পানিতে লাফ দিচ্ছে,0.3999999992,0.2222222219753086,0.2857142807142858,0.2857142807142858,0.0,0.2857142807142858,0,0,0.3846153846153846,0.16666666652777776
261.png,একজন মানুষ আছে।,0.9999999966666667,0.21428571413265304,0.3529411731487889,0.3529411731487889,0.13333333084444446,0.3529411731487889,0,0,0.22916666666666663,0.2727272724793388
3544312930_3a0b8d70c1.jpg,লাল রঙের জামা পরিহিত একজন মহিলা তার মুখ সরিয়ে রয়েছে,0.3999999996,0.30769230745562126,0.34782608173913043,0.34782608173913043,0.28571428054421777,0.34782608173913043,0,0,0.5833333333333333,0.2222222220987654
8117.png,কয়েকজন মানুষ দাড়িয়ে আছে।,0.49999999875,0.2857142853061225,0.36363635834710756,0.36363635834710756,0.2222222172839507,0.36363635834710756,0,0,0.48,0.24999999968749997
5222.png,একটি সেতু আছে।,0.6666666644444444,0.33333333277777777,0.44444443901234576,0.44444443901234576,0.0,0.44444443901234576,0,0,0.4285714285714286,0.2857142853061225
8798.png,একটি নৌকায় একজন মানুষ আছে।,0.5999999988,0.49999999916666665,0.5454545395041324,0.5454545395041324,0.2222222167901236,0.36363635801652905,0,0,0.5172413793103448,0.37499999953124996
2565657591_6c1cdfc092.jpg,একজন লোক একটি <unk>,0.249999999375,0.1999999996,0.2222222167901236,0.2222222167901236,0.0,0.2222222167901236,0,0,0.2941176470588235,0.12499999984374999
3189002057_3ef61b803e.jpg,একটি দম্পতি জলের ধারে দৌড়াচ্ছে,0.1999999996,0.16666666638888888,0.1818181765289258,0.1818181765289258,0.0,0.1818181765289258,0,0,0.4285714285714286,0.0999999999
7188.png,একজন পুরুষ বসে আছে।,0.249999999375,0.3333333322222222,0.28571428000000004,0.28571428000000004,0.1333333299555556,0.28571428000000004,0,0,0.3571428571428571,0.16666666638888888
7128.png,গাছের সারির মাঝে একটি গাছের সারির মাঝে দাঁড়িয়ে আছে।,0.1111111109876543,0.3333333322222222,0.16666666263888896,0.16666666263888896,0.0,0.16666666263888896,0,0,0.21875,0.12499999984374999
2951092164_4940b9a517.jpg,একটি ছেলে একটি <unk>,0.7499999981250001,0.24999999979166665,0.37499999578125004,0.37499999578125004,0.0,0.37499999578125004,0,0,0.26190476190476186,0.18181818165289254
2472.png,কয়েকজন পুরুষ দাড়িয়ে আছে।,0.249999999375,0.0624999999609375,0.0999999967000001,0.0999999967000001,0.0,0.0999999967000001,0,0,0.25,0.05263157891966759
3660361818_e05367693f.jpg,একজন লোক একটি ছাদে নিচে নামছে,0.33333333277777777,0.2222222219753086,0.2666666615111111,0.2666666615111111,0.0,0.2666666615111111,0,0,0.36585365853658536,0.15384615372781063
3117562746_62f57a02b5.jpg,একটি কুকুর তুষার দিয়ে চলছে,0.5999999988,0.37499999953124996,0.46153845609467453,0.46153845609467453,0.2222222167901236,0.46153845609467453,0,0,0.5769230769230769,0.29999999969999996
8689.png,একজন লোক পানির মধ্যে একটি মাছ ধরার জাল নিয়ে দাঁড়িয়ে আছে,0.18181818165289254,0.24999999968749997,0.21052631069252087,0.21052631069252087,0.0,0.13333332924444455,0,0,0.33333333333333337,0.11764705875432525
6821.png,সমুদ্র পাড়ে একজন পুরুষ হেঁটে যাচ্ছে।,0.49999999916666665,0.24999999979166665,0.33333332851851855,0.33333332851851855,0.12499999554687513,0.22222221753086427,0,0,0.34782608695652173,0.19999999986666667
267836606_bbea2267c8.jpg,একটি কালো কুকুর একটি কালো কুকুরের সাথে,0.4285714279591837,0.49999999916666665,0.4615384558579882,0.4615384558579882,0.36363635801652905,0.4615384558579882,0,0,0.6,0.4285714279591837
629.png,একজন পুরুষ পানিতে নেমে গোসল করছে।,0.33333333277777777,0.3999999992,0.36363635801652905,0.36363635801652905,0.0,0.36363635801652905,0,0,0.5652173913043479,0.2222222219753086
8592.png,কয়েকজন মানুষ আছে।,0.3333333322222222,0.3333333322222222,0.33333332722222225,0.33333332722222225,0.0,0.33333332722222225,0,0,0.5,0.1999999996
7621.png,একটি ছোট বাচ্চা একটি রেডিও <unk>,0.33333333277777777,0.18181818165289254,0.2352941128027682,0.2352941128027682,0.0,0.2352941128027682,0,0,0.3421052631578947,0.14285714275510203
2786299623_a3c48bd318.jpg,এক মহিলা সৈকতে একটি সৈকতে হাঁটছে,0.6666666655555555,0.49999999937499995,0.5714285657142858,0.5714285657142858,0.4444444385185186,0.5454545395041324,0,0,0.7272727272727273,0.4444444439506172
1265.png,কয়েকজন নারী ও পুরুষ আছে।,0.3999999992,0.33333333277777777,0.36363635801652905,0.36363635801652905,0.0,0.36363635801652905,0,0,0.44999999999999996,0.2222222219753086
5938.png,একজন পুরুষ একটি অনুস্তানে দাড়িয়ে আছে।,0.49999999916666665,0.7499999981250001,0.5999999940000001,0.5999999940000001,0.24999999468750006,0.5999999940000001,0,0,0.52,0.4285714279591837
315880837_90db309bab.jpg,বরফের মধ্যে একটি কুকুর দৌড়ে বেড়াচ্ছে,0.33333333277777777,0.33333333277777777,0.3333333277777778,0.3333333277777778,0.0,0.16666666138888903,0,0,0.3571428571428571,0.1999999998
inbound96910276058087115.jpg,একটি মুরগির মাথা দেখা যাচ্ছে।,0.1999999996,0.0999999999,0.13333332871111125,0.13333332871111125,0.0,0.13333332871111125,0,0,0.33333333333333337,0.07692307686390532
4540.png,একজন পুরুষ পানিতে জাল ফেলছে।,0.1999999996,0.1999999996,0.19999999460000012,0.19999999460000012,0.0,0.19999999460000012,0,0,0.42105263157894735,0.1111111109876543
3641456303_c50c33337b.jpg,একটি মহিলা একটি পার্কে বসে আছে,0.49999999916666665,0.29999999969999996,0.37499999484375,0.37499999484375,0.2222222167901236,0.37499999484375,0,0,0.4117647058823529,0.24999999979166665
1474474514_b3eb492722.jpg,একটি ছোট ছেলে একটি <unk>,0.1999999996,0.249999999375,0.2222222167901236,0.2222222167901236,0.0,0.2222222167901236,0,0,0.33333333333333337,0.14285714265306124
537758332_8beb9cf522.jpg,একটি ছেলে একটি <unk>,0.49999999875,0.1999999998,0.28571428122448983,0.28571428122448983,0.0,0.28571428122448983,0,0,0.2941176470588235,0.18181818165289254
3495453699_1c9faedf3c.jpg,এক মহিলা একটি <unk>,0.7499999981250001,0.24999999979166665,0.37499999578125004,0.37499999578125004,0.11764705577854677,0.21052631224376733,0,0,0.26315789473684215,0.24999999979166665
7418.png,একটি নৌকায় কয়েকজন মানুষ আছে।,0.7999999984,0.6666666655555555,0.7272727209917357,0.7272727209917357,0.4444444385185186,0.7272727209917357,0,0,0.9047619047619048,0.571428570612245
7479.png,একটি শিশু পানিতে নেমে গোসল করছে।,0.16666666638888888,0.1999999996,0.1818181765289258,0.1818181765289258,0.0,0.1818181765289258,0,0,0.2857142857142857,0.0999999999
3087.png,একটি শিশু একটি <unk> <unk> <unk> <unk> <unk> <unk> <unk> <unk> <unk> <unk> <unk> <unk> <unk> <unk> <unk> <unk> <unk> <unk> <unk> <unk> <unk> <unk> <unk> <unk> <unk> <unk> <unk> <unk> <unk> <unk> <unk> <unk> <unk> <unk> <unk> <unk> <unk>,0.02499999999375,0.06666666662222222,0.036363632383471504,0.036363632383471504,0.0,0.036363632383471504,0,0,0.09493670886075944,0.0624999999609375
1579287915_4257c54451.jpg,একজন লোক পাহাড় বেয়ে নিচে নামছে,0.33333333277777777,0.24999999968749997,0.2857142804081633,0.2857142804081633,0.16666666152777793,0.2857142804081633,0,0,0.4117647058823529,0.16666666652777776
IMG_2217.JPG,লোক টির মুখে সাদা শার্ট পরে,0.49999999916666665,0.37499999953124996,0.4285714230612245,0.4285714230612245,0.1818181765289258,0.4285714230612245,0,0,0.5416666666666667,0.2727272724793388
7739.png,একটি বড় কালো রঙ <unk>,0.1999999996,0.1999999996,0.19999999460000012,0.19999999460000012,0.0,0.19999999460000012,0,0,0.31034482758620685,0.1111111109876543
3084011028_d1e2c40d7d.jpg,চারজন পুরুষ এবং মহিলা ছবি তুলছে,0.33333333277777777,0.3999999992,0.36363635801652905,0.36363635801652905,0.2222222167901236,0.36363635801652905,0,0,0.4545454545454546,0.2222222219753086
6861.png,একজন মানুষ হেঁটে যাচ্ছে।,0.249999999375,0.249999999375,0.2499999943750001,0.2499999943750001,0.0,0.2499999943750001,0,0,0.5333333333333333,0.14285714265306124
4896.png,এটি একটি রাস্তা।,0.0,0.0,0.0,0.0,0.0,0.0,0,0,0.19999999999999996,0.0
1446933195_8fe9725d62.jpg,একটি কুকুর একটি লাল খেলনা নিয়ে খেলা করছে,0.37499999953124996,0.2727272724793388,0.31578946847645434,0.31578946847645434,0.11764705384083066,0.31578946847645434,0,0,0.4642857142857143,0.16666666652777776
7461.png,কয়েকজন নারী ও একজন নারী আছে।,0.16666666638888888,0.16666666638888888,0.16666666138888903,0.16666666138888903,0.0,0.16666666138888903,0,0,0.31818181818181823,0.0999999999
IMG_8202.JPG,একটা মহিলা বসে আছে,0.7499999981250001,0.7499999981250001,0.7499999931250001,0.7499999931250001,0.33333332722222225,0.7499999931250001,0,0,0.5384615384615384,0.5999999988
2260.png,একজন পুরুষ ও একজন পুরুষ একটি ছবির জন্য পোজ দিচ্ছেন,0.0999999999,0.249999999375,0.14285713857142868,0.14285713857142868,0.0,0.14285713857142868,0,0,0.28205128205128205,0.09090909082644627
3261.png,একজন লোক দাড়িয়ে আছে যার চুল কালো দাঁড়ি,0.49999999937499995,0.3333333330555555,0.39999999480000004,0.39999999480000004,0.11111110623456812,0.39999999480000004,0,0,0.47619047619047616,0.24999999984375
5528.png,একজন পুরুষ ঝালাইয়ের কাজ করছে।,0.7999999984,0.9999999975,0.8888888819753088,0.8888888819753088,0.5714285648979592,0.8888888819753088,0,0,0.7142857142857143,0.7999999984
697582336_601462e052.jpg,একটি কালো কুকুর ঘাসের উপর দৌড়াচ্ছে,0.8333333319444445,0.7142857132653061,0.7692307630769232,0.7692307630769232,0.36363635801652905,0.4615384558579882,0,0,0.5454545454545454,0.6249999992187499
5370.png,তিনটি ছেলে জঙ্গল দিয়ে হেটে যাচ্ছে আর মাঝি একা দাঁড়িয়ে আছে,0.09090909082644627,0.249999999375,0.13333332924444455,0.13333332924444455,0.0,0.13333332924444455,0,0,0.2702702702702703,0.07142857137755101
3041487045_b48ac7ed08.jpg,একটি কুকুর ঘাসের মধ্যে দিয়ে চলছে,0.49999999916666665,0.5999999988,0.5454545395041324,0.5454545395041324,0.2222222167901236,0.5454545395041324,0,0,0.7727272727272727,0.37499999953124996
9045.png,একটি ছেলে একটি বস্তা নিয়ে দাড়িয়ে আছে।,0.4285714279591837,0.2727272724793388,0.33333332820987654,0.33333332820987654,0.0,0.22222221722222232,0,0,0.3846153846153846,0.21428571413265304
3090957866_f1b2b7f214.jpg,এক বয়স্ক লোক হেঁটে যাচ্ছে,0.3999999992,0.18181818165289254,0.249999995390625,0.249999995390625,0.14285713857142868,0.249999995390625,0,0,0.3448275862068966,0.14285714275510203
3090398639_68c0dfa9a5.jpg,একটি সাইকেল আরোহী তার সাইকেল চালাচ্ছে,0.49999999916666665,0.4285714279591837,0.4615384558579882,0.4615384558579882,0.19999999460000012,0.4615384558579882,0,0,0.52,0.3333333329629629
6423.png,একজন নারী আছে।,0.3333333322222222,0.249999999375,0.28571428000000004,0.28571428000000004,0.0,0.28571428000000004,0,0,0.46153846153846156,0.16666666638888888
_MG_3607.JPG,একটা ছেলে বসে আছে,0.7499999981250001,0.7499999981250001,0.7499999931250001,0.7499999931250001,0.6666666607407408,0.7499999931250001,0,1,1.0,0.5999999988
1379.png,একজন লোক একটা ছেলে বসে আছে আর পাশে কয়েকজন মানুষ আছে।,0.2727272724793388,0.5999999988,0.374999995234375,0.374999995234375,0.07999999513600028,0.249999995390625,0,0,0.4814814814814815,0.23076923059171597
2452686995_621878f561.jpg,একটি রাস্তা দিয়ে পানি জমে থাকা গাছের নিচে একটি রাস্তা দিয়ে পানি আছে।,0.23076923059171597,0.23076923059171597,0.2307692255917161,0.2307692255917161,0.08333332826388919,0.2307692255917161,0,0,0.39534883720930236,0.15789473675900276
5301.png,পানিতে কয়েকজন মানুষ আছে।,0.7499999981250001,0.37499999953124996,0.49999999472222234,0.49999999472222234,0.1999999954000001,0.49999999472222234,0,0,0.43333333333333335,0.37499999953124996
2447284966_d6bbdb4b6e.jpg,একজন লোক একটি <unk>,0.49999999875,0.124999999921875,0.1999999966,0.1999999966,0.0,0.1999999966,0,0,0.23529411764705888,0.14285714275510203
8304.png,একজন পুরুষ আছে।,0.6666666644444444,0.6666666644444444,0.6666666594444445,0.6666666594444445,0.0,0.6666666594444445,0,0,0.7272727272727273,0.49999999875
2838.png,কয়েকজন পুরুষ পাশাপাশি দাড়িয়ে আছে।,0.9999999980000001,0.9999999980000001,0.9999999930000001,0.9999999930000001,0.4999999937500001,0.7999999934,0,0,0.5238095238095238,0.9999999980000001
2226.png,একটি নৌকায় একজন মানুষ আছে।,0.1999999996,0.12499999984374999,0.15384614887573977,0.15384614887573977,0.0,0.15384614887573977,0,0,0.33333333333333337,0.08333333326388888
1116.png,একটি বাঘ গ্রাস খাচ্ছে,0.0,0.0,0.0,0.0,0.0,0.0,0,0,0.21875,0.0
5883.png,একজন পুরুষ বসে আছে।,0.7499999981250001,0.49999999916666665,0.5999999940000001,0.5999999940000001,0.24999999468750006,0.5999999940000001,0,0,0.5714285714285714,0.4285714279591837
2338627102_6708a9b4fd.jpg,একজন লোক পাহাড়ের চূড়ায় দাড়িয়ে আছে,0.16666666638888888,0.1111111109876543,0.13333332835555572,0.13333332835555572,0.0,0.13333332835555572,0,0,0.37142857142857144,0.07142857137755101
2704934519_457dc38986.jpg,একটি শিশু পানিতে খেলছে।,0.249999999375,0.16666666638888888,0.1999999948000001,0.1999999948000001,0.0,0.1999999948000001,0,0,0.42105263157894735,0.1111111109876543
3516825206_5750824874.jpg,একটি ছোট বাচ্চা মেয়ে একটি ছোট বাচ্চা মেয়ে বসে আছে,0.0999999999,0.14285714265306124,0.11764705384083066,0.11764705384083066,0.0,0.11764705384083066,0,0,0.41666666666666663,0.08333333326388888
3354883962_170d19bfe4.jpg,একটি সাদা কুকুর একটি লাঠি নিয়ে একটি সাদা কুকুর,0.3333333329629629,0.37499999953124996,0.3529411710726644,0.3529411710726644,0.2666666613333334,0.3529411710726644,0,0,0.37209302325581395,0.29999999969999996
2058124718_89822bc96e.jpg,একটি ধূসর কুকুর একটি অপরটির সাথে খেলাচ্ছে,0.4285714279591837,0.24999999979166665,0.31578946869806096,0.31578946869806096,0.0,0.2666666613333334,0,0,0.4137931034482759,0.19999999986666667
8634.png,দুইজন নারী বসে আছে।,0.7499999981250001,0.49999999916666665,0.5999999940000001,0.5999999940000001,0.24999999468750006,0.5999999940000001,0,0,0.5789473684210527,0.4285714279591837
4738.png,একটি উচু জায়গা দিয়ে গাছ আছে।,0.16666666638888888,0.3333333322222222,0.2222222172839507,0.2222222172839507,0.0,0.2222222172839507,0,0,0.2272727272727273,0.12499999984374999
3275704430_a75828048f.jpg,একজন লোক একটি বিশাল <unk>,0.1999999996,0.14285714265306124,0.16666666152777793,0.16666666152777793,0.0,0.16666666152777793,0,0,0.36363636363636365,0.09090909082644627
1578.png,একজন নারী আছে।,0.3333333322222222,0.09090909082644627,0.14285713928571436,0.14285713928571436,0.0,0.14285713928571436,0,0,0.21621621621621623,0.09090909082644627
539744890_85e63f5854.jpg,একটি ছেলে একটি খুঁটিতে দুলছে,0.5999999988,0.21428571413265304,0.3157894694736842,0.3157894694736842,0.2352941137716263,0.3157894694736842,0,0,0.32499999999999996,0.13333333324444444
1196602179.jpg,একটি মহিলা একটি উচু দালানের বাইরে দাঁড়িয়ে আছে।,0.37499999953124996,0.23076923059171597,0.2857142807256236,0.2857142807256236,0.1052631531301941,0.2857142807256236,0,0,0.3939393939393939,0.11764705875432525
498.png,কয়েকজন ছেলে মেয়ে দাড়িয়ে আছে।,0.3999999992,0.33333333277777777,0.36363635801652905,0.36363635801652905,0.2222222167901236,0.36363635801652905,0,0,0.4285714285714286,0.2222222219753086
6762.png,একটি লোক খাবার বিক্রি করছে,0.0,0.0,0.0,0.0,0.0,0.0,0,0,0.33333333333333337,0.0
1989.png,একজন পুরুষ বসে আছে।,0.49999999875,0.33333333277777777,0.3999999944,0.3999999944,0.0,0.3999999944,0,0,0.4545454545454546,0.24999999968749997
3195040792_a03954a19f.jpg,তিনটি কুকুর বরফের মধ্যে দৌড়াচ্ছে,0.9999999980000001,0.9999999980000001,0.9999999930000001,0.9999999930000001,0.9999999925,0.9999999930000001,1,1,1.0,0.9999999980000001
1273001772_1585562051.jpg,সাঁতারের কাপড় পরিহিত একদল লোক পুকুরে পড়লো,0.14285714265306124,0.1999999996,0.16666666152777793,0.16666666152777793,0.0,0.16666666152777793,0,0,0.27586206896551724,0.09090909082644627
4891.png,একটি মসজিদের পাশে একটি নৌকা দেখা যাচ্ছে।,0.14285714265306124,0.249999999375,0.1818181768595043,0.1818181768595043,0.0,0.1818181768595043,0,0,0.2692307692307693,0.1111111109876543
8788.png,একটি শিশু একটি শিশু,0.49999999875,0.49999999875,0.4999999937500001,0.4999999937500001,0.33333332722222225,0.4999999937500001,0,0,0.6923076923076923,0.49999999875
4209.png,একটি শিশু বেলুন ধরে আছে,0.5999999988,0.49999999916666665,0.5454545395041324,0.5454545395041324,0.2222222167901236,0.5454545395041324,0,0,0.6666666666666667,0.37499999953124996
2219.png,পাশাপাশি তিনজন ছেলে একসাথে দাড়িয়ে আছে।,0.16666666638888888,0.1111111109876543,0.13333332835555572,0.13333332835555572,0.0,0.13333332835555572,0,0,0.32432432432432434,0.07142857137755101
IMG_8289.JPG,লোক টি বসে আছে,0.9999999975,0.7999999984,0.8888888819753088,0.8888888819753088,0.5714285648979592,0.4444444385185186,0,0,0.4375,0.7999999984
3393394134_0caac47e1c.jpg,একটি কুকুর ঘাসে শুয়ে আছে,0.5999999988,0.3333333329629629,0.42857142336734694,0.42857142336734694,0.2222222167901236,0.42857142336734694,0,0,0.5333333333333333,0.2727272724793388
3636543173_15f56515e5.jpg,তিনজন লোক হাততালি দেয়,0.249999999375,0.07692307686390532,0.11764705508650528,0.11764705508650528,0.0,0.11764705508650528,0,0,0.2777777777777778,0.06666666662222222
3391209042_d2de8a8978.jpg,একটি মেয়ে মাথায় একটা মোবাইলের দিকে তাকিয়ে আছে,0.12499999984374999,0.1111111109876543,0.11764705370242234,0.11764705370242234,0.0,0.11764705370242234,0,0,0.2558139534883721,0.0624999999609375
6708.png,একটি শিশু বসে আছে।,0.49999999875,0.49999999875,0.4999999937500001,0.4999999937500001,0.0,0.4999999937500001,0,0,0.6153846153846154,0.33333333277777777
3548.png,একজন পুরুষ ও একজন পুরুষ বসে আছে।,0.571428570612245,0.4444444439506172,0.49999999445312515,0.49999999445312515,0.1428571377551022,0.374999994609375,0,0,0.5588235294117647,0.29999999969999996
7936.png,একজন পুরুষ বসে কাজ করছে।,0.1999999996,0.249999999375,0.2222222167901236,0.2222222167901236,0.0,0.2222222167901236,0,0,0.5,0.12499999984374999
2052202553_373dad145b.jpg,একটি কুকুর পানিতে সাঁতার কাটছে।,0.5999999988,0.37499999953124996,0.46153845609467453,0.46153845609467453,0.1818181768595043,0.46153845609467453,0,0,0.4137931034482759,0.29999999969999996
3392.png,একজন লোক বসে আছে,0.49999999875,0.15384615372781063,0.2352941137716263,0.2352941137716263,0.0,0.11764705508650528,0,0,0.46153846153846156,0.14285714275510203
760180310_3c6bd4fd1f.jpg,একটি কুকুর একটি খেলনার দিকে তাকিয়ে আছে,0.571428570612245,0.28571428551020406,0.3809523761451248,0.3809523761451248,0.10526315346260404,0.3809523761451248,0,0,0.3846153846153846,0.19999999986666667
530454257_66d58b49ee.jpg,একটি ছোট ছেলে একটি <unk>,0.7999999984,0.26666666648888887,0.39999999585,0.39999999585,0.1111111075308643,0.29999999595000004,0,0,0.2571428571428571,0.19999999986666667
7921.png,একটি মসজিদ আছে।,0.0,0.0,0.0,0.0,0.0,0.0,0,0,0.2222222222222222,0.0
381052465_722e00807b.jpg,একটি <unk> একটি <unk>,0.249999999375,0.249999999375,0.2499999943750001,0.2499999943750001,0.0,0.2499999943750001,0,0,0.4375,0.1999999996
343571247_549607250634340_8226430945829526946_n.jpg,সবুজ ঘাস কাটার যন্ত্রটি এক লোক তাদের পিছনে দূরে তাকাচ্ছেন তাদের পিছনে দূরে তাকাচ্ছেন তাদের পিছনে দূরে তাকাচ্ছেন তাদের পিছনে দূরে তাকাচ্ছেন তাদের পিছনে দূরে তাকাচ্ছেন তাদের পিছনে দূরে তাকাচ্ছেন তাদের পিছনে দূরে তাকাচ্ছেন তাদের পিছনে দূরে তাকাচ্ছেন তাদের পিছনে,0.0499999999875,0.14285714275510203,0.07407407020576152,0.07407407020576152,0.03846153469674592,0.07407407020576152,0,0,0.27710843373493976,0.09090909086776859
3190.png,একজন নারী দাড়িয়ে আছে।,0.7499999981250001,0.5999999988,0.6666666602469137,0.6666666602469137,0.28571428000000004,0.6666666602469137,0,0,0.375,0.49999999916666665
3651476768_2bae721a6b.jpg,একজন লোক বসে আছে,0.249999999375,0.1999999996,0.2222222167901236,0.2222222167901236,0.0,0.2222222167901236,0,0,0.42105263157894735,0.12499999984374999
594.png,একটি নৌকায় একজন মানুষ আছে।,0.1999999996,0.1999999996,0.19999999460000012,0.19999999460000012,0.0,0.19999999460000012,0,0,0.2666666666666667,0.1111111109876543
1600208439_e94527b80f.jpg,একটি কালো কুকুর একটি ফ্রিসবি নিয়ে দৌড়াচ্ছে,0.4285714279591837,0.7499999981250001,0.5454545398347109,0.5454545398347109,0.0,0.5454545398347109,0,0,0.5555555555555556,0.4285714279591837
3085226474_62aba51179.jpg,একজন লোক একটি <unk>,0.249999999375,0.14285714265306124,0.1818181768595043,0.1818181768595043,0.0,0.1818181768595043,0,0,0.24,0.0999999999
1884.png,সামনে একজন পুরুষ পাশাপাশি দাড়িয়ে আছে।,0.33333333277777777,0.1999999998,0.24999999500000003,0.24999999500000003,0.14285713806122466,0.24999999500000003,0,0,0.4390243902439024,0.16666666652777776
3322.png,একটি নৌকায় দুইজন মানুষ আছে।,0.3999999992,0.3999999992,0.39999999420000004,0.39999999420000004,0.0,0.19999999460000012,0,0,0.303030303030303,0.24999999968749997
6576.png,একটি ছেলে মানুষ,0.3333333322222222,0.09090909082644627,0.14285713928571436,0.14285713928571436,0.0,0.14285713928571436,0,0,0.33333333333333337,0.07692307686390532
7287.png,একজন পুরুষ ও একজন পুরুষ মানুষ।,0.16666666638888888,0.1111111109876543,0.13333332835555572,0.13333332835555572,0.0,0.13333332835555572,0,0,0.41666666666666663,0.08333333326388888
4150.png,একজন পুরুষ মুখে রঙ মেখে আছে।,0.16666666638888888,0.1999999996,0.1818181765289258,0.1818181765289258,0.0,0.1818181765289258,0,0,0.5,0.0999999999
3478176372_7c510a0cef.jpg,একজন লোক একটি বলের জন্য লড়াই করছে,0.4285714279591837,0.37499999953124996,0.3999999944888889,0.3999999944888889,0.15384614863905344,0.3999999944888889,0,0,0.43243243243243246,0.24999999979166665
659.png,একজন নারী বসে খাবার খাচ্ছে।,0.5999999988,0.5999999988,0.5999999938,0.5999999938,0.4999999937500001,0.5999999938,0,0,0.7894736842105263,0.4285714279591837
7627.png,একটা মূর্তির সামনে একটা ছেলে একটা ছেলে একটা ছেলে একটা ছেলে একটা ছেলে একটা ছেলে একটা ছেলে একটা ছেলে একটা ছেলে একটা ছেলে একটা ছেলে একটা ছেলে একটা ছেলে একটা ছেলে একটা ছেলে একটা ছেলে একটা ছেলে একটা ছেলে একটা,0.0,0.0,0.0,0.0,0.0,0.0,0,0,0.09154929577464788,0.0
2744600462_5804577296.jpg,একজন লোক সাইকেল চালাচ্ছে,0.7499999981250001,0.49999999916666665,0.5999999940000001,0.5999999940000001,0.24999999468750006,0.5999999940000001,0,0,0.625,0.4285714279591837
2573667207_a1bf49befc.jpg,একজন লোক একটি <unk>,0.49999999875,0.24999999968749997,0.33333332833333335,0.33333332833333335,0.18181817752066123,0.3076923029585799,0,0,0.25,0.1999999998
1624.png,একজন পুরুষ মানুষ আছে।,0.249999999375,0.14285714265306124,0.1818181768595043,0.1818181768595043,0.0,0.1818181768595043,0,0,0.375,0.0999999999
1836.png,একজন পুরুষ ও একজন নারী দাড়িয়ে আছে।,0.7142857132653061,0.7142857132653061,0.7142857082653062,0.7142857082653062,0.4999999941666667,0.7142857082653062,0,0,0.84,0.6249999992187499
199.png,একজন পুরুষ আছে।,0.3333333322222222,0.1111111109876543,0.16666666263888896,0.16666666263888896,0.0,0.16666666263888896,0,0,0.2222222222222222,0.09090909082644627
IMG_0326.JPG,একটা মেয়ে দাড়িয়ে আছে,0.9999999975,0.9999999975,0.9999999925,0.9999999925,0.9999999916666666,0.9999999925,1,1,1.0,0.9999999975
3452341579_0147d2199b.jpg,একজন সাইকেল আরোহী তার সাইকেল চালাচ্ছে,0.33333333277777777,0.18181818165289254,0.2352941128027682,0.2352941128027682,0.0,0.2352941128027682,0,0,0.34615384615384615,0.15384615372781063
3275.png,৪ জন মহিলা ও একজন পুরুষ বসে আছে।,0.24999999968749997,0.6666666644444444,0.36363635900826446,0.36363635900826446,0.0,0.36363635900826446,0,0,0.4,0.2222222219753086
10863862.jpg,একটি স্কেটবোর্ডার একটি ছাদে মেরামতের কাজ করছেন।,0.14285714265306124,0.14285714265306124,0.14285713765306143,0.14285713765306143,0.0,0.14285713765306143,0,0,0.34375,0.08333333326388888
1286408831_05282582ed.jpg,একটি শিশু একটি <unk> একটি লাল রেলের উপরে একটি <unk> একটি লাল রেলের উপরে একটি <unk> একটি লাল রেলের উপরে একটি <unk> একটি লাল রেলের উপরে একটি <unk> একটি লাল রেলের উপরে একটি <unk> একটি লাল রেলের উপরে একটি <unk>,0.0499999999875,0.33333333277777777,0.08695651943289232,0.08695651943289232,0.03921568266051552,0.08695651943289232,0,0,0.17763157894736847,0.1999999998
1360.png,একটি নৌকায় একজন পুরুষ আছে।,0.3999999992,0.49999999875,0.4444444385185186,0.4444444385185186,0.0,0.4444444385185186,0,0,0.4736842105263158,0.2857142853061225
2580.png,একজন পুরুষ ও পুরুষ আছে।,0.3999999992,0.3999999992,0.39999999420000004,0.39999999420000004,0.0,0.39999999420000004,0,0,0.55,0.2857142853061225
7432.png,পানিতে একজন ছোট ছেলে পানিতে লাফ দিচ্ছে।,0.2857142853061225,0.49999999875,0.36363635834710756,0.36363635834710756,0.2222222172839507,0.36363635834710756,0,0,0.48,0.24999999968749997
2970461648_fe14ba0359.jpg,একটি ছেলে একটি শহর জুড়ে একটি শহর জুড়ে একটি শহর জুড়ে একটি শহর জুড়ে একটি শহর জুড়ে একটি শহর জুড়ে একটি শহর জুড়ে একটি শহর জুড়ে একটি শহর জুড়ে একটি শহর জুড়ে একটি শহর জুড়ে একটি শহর জুড়ে একটি শহর,0.0499999999875,0.1999999998,0.07999999676800014,0.07999999676800014,0.0,0.07999999676800014,0,0,0.17808219178082196,0.1111111109876543
713.png,একজন পুরুষ আছে।,0.9999999966666667,0.37499999953124996,0.5454545404958677,0.5454545404958677,0.22222221827160496,0.5454545404958677,0,0,0.3928571428571429,0.37499999953124996
110201971.jpg,ঘরের ভিতর একজন পুরুষ ও একটি কুকুর একটি <unk>,0.3333333329629629,0.3333333329629629,0.333333327962963,0.333333327962963,0.0,0.333333327962963,0,0,0.326530612244898,0.14285714275510203
2603125422_659391f961.jpg,একটি বড় দালানের সামনে একজন লোক একটি <unk>,0.37499999953124996,0.37499999953124996,0.37499999453125,0.37499999453125,0.15384614863905344,0.37499999453125,0,0,0.4838709677419355,0.24999999979166665
1115565519_d976d4b1f1.jpg,একটি মেয়ে একটি <unk> <unk> <unk> <unk> <unk> <unk> <unk> <unk> <unk> <unk> <unk> <unk> <unk> <unk> <unk> <unk> <unk> <unk> <unk> <unk> <unk> <unk> <unk> <unk> <unk> <unk> <unk> <unk> <unk> <unk> <unk> <unk> <unk> <unk> <unk> <unk> <unk>,0.0499999999875,0.2222222219753086,0.08163265002915464,0.08163265002915464,0.0,0.08163265002915464,0,0,0.07594936708860756,0.1999999998
3454.png,কয়েকজন পুরুষ দাড়িয়ে আছে।,0.7499999981250001,0.37499999953124996,0.49999999472222234,0.49999999472222234,0.39999999500000005,0.49999999472222234,0,0,0.4666666666666667,0.3333333329629629
6005.png,একজন নারী আছে।,0.6666666644444444,0.49999999875,0.5714285648979592,0.5714285648979592,0.0,0.5714285648979592,0,0,0.5333333333333333,0.3999999992
3372.png,একজন পুরুষ ও একজন পুরুষ ও একজন পুরুষ ও একজন পুরুষ ও একজন পুরুষ ও একজন পুরুষ ও একজন পুরুষ ও একজন পুরুষ ও একজন পুরুষ ও একজন পুরুষ ও একজন পুরুষ ও একজন পুরুষ ও একজন পুরুষ ও একজন,0.07499999998125,0.16666666657407406,0.10344827154577901,0.10344827154577901,0.0,0.10344827154577901,0,0,0.27210884353741494,0.1111111110493827
7534.png,কয়েকজন মানুষ আছে।,0.9999999966666667,0.29999999969999996,0.46153845727810655,0.46153845727810655,0.36363636,0.3076923036686391,0,0,0.2558139534883721,0.3333333329629629
2125626631_a4b63af97e.jpg,একটি কুকুর একটি ফ্রিসবি ধরার জন্য দৌড়াচ্ছে,0.4285714279591837,0.5999999988,0.4999999943055557,0.4999999943055557,0.2352941128027682,0.4999999943055557,0,0,0.5862068965517242,0.37499999953124996
3348.png,একটি রাস্তা দিয়ে একটা ছোট ছেলে হেটে যাচ্ছে।,0.6249999992187499,0.3571428568877551,0.4545454495041322,0.4545454495041322,0.1999999952500001,0.4545454495041322,0,0,0.36363636363636365,0.29411764688581316
9141.png,একজন পুরুষ বসে আছে।,0.49999999875,0.33333333277777777,0.3999999944,0.3999999944,0.0,0.3999999944,0,0,0.5263157894736843,0.24999999968749997
3053916979_848d32261b.jpg,একটি <unk> বাস্কেটবল খেলোয়াড়,0.49999999875,0.33333333277777777,0.3999999944,0.3999999944,0.0,0.36363635834710756,0,0,0.33333333333333337,0.24999999968749997
3702038926_966fdaa311.jpg,এক মহিলা একটি ছোট ছেলে একটি ব্যস্ত রাস্তায় দাঁড়িয়ে আছে।,0.1999999998,0.24999999968749997,0.22222221703703712,0.22222221703703712,0.0,0.22222221703703712,0,0,0.3513513513513513,0.14285714275510203
3405011838_f81117c99f.jpg,কিছু লোক একটি বিশাল দল দাঁড়িয়ে আছে,0.4285714279591837,0.29999999969999996,0.35294117121107266,0.35294117121107266,0.2666666615111111,0.35294117121107266,0,0,0.4193548387096774,0.21428571413265304
3136674757_57406c305c.jpg,একটি মহিলা এবং একটি ছোট মেয়েকে ধরে আছে,0.37499999953124996,0.3333333329629629,0.3529411710726644,0.3529411710726644,0.13333332817777796,0.3529411710726644,0,0,0.5277777777777778,0.23076923059171597
1081595465.jpg,একটি ভ্রাম্যমাণ আনন্দমেলায় একটি লোক একটি <unk>,0.14285714265306124,0.06666666662222222,0.09090908648760351,0.09090908648760351,0.0,0.09090908648760351,0,0,0.24242424242424243,0.05263157891966759
3597146852_3d000a5d5f.jpg,একটি স্কেটবোর্ডার একটি <unk>,0.7499999981250001,0.29999999969999996,0.42857142387755104,0.42857142387755104,0.0,0.28571428122448983,0,0,0.5263157894736843,0.1999999998
1842.png,একজন পুরুষ বসে আছে,0.249999999375,0.06666666662222222,0.10526315445983389,0.10526315445983389,0.0,0.10526315445983389,0,0,0.5625,0.05882352937716263
3399906919_bc8562b257.jpg,একজন মহিলা একটি দালানের সামনে বসে আছে,0.4285714279591837,0.19999999986666667,0.2727272681404959,0.2727272681404959,0.0,0.2727272681404959,0,0,0.4193548387096774,0.16666666657407406
5379.png,একটি ব্রীজ দেখা যাচ্ছে ও কয়েকজন মানুষ আছে।,0.12499999984374999,0.16666666638888888,0.1428571377551022,0.1428571377551022,0.0,0.1428571377551022,0,0,0.3793103448275862,0.07692307686390532
2292406847_f366350600.jpg,একটি নৌকায় কয়েকজন মানুষ আছে।,0.1999999996,0.249999999375,0.2222222167901236,0.2222222167901236,0.0,0.2222222167901236,0,0,0.5,0.12499999984374999
1801.png,একজন নারী ও একজন নারী আছে।,0.9999999983333333,0.4285714282653061,0.5999999952,0.5999999952,0.33333332895061735,0.49999999530000006,0,0,0.4130434782608695,0.4444444439506172
5316.png,একজন পুরুষ আছে।,0.0,0.0,0.0,0.0,0.0,0.0,0,0,0.33333333333333337,0.0
35506150_cbdb630f4f.jpg,একজন লোক কাঠের বেঞ্চে বসে আছে,0.49999999916666665,0.5999999988,0.5454545395041324,0.5454545395041324,0.4444444385185186,0.5454545395041324,0,0,0.6666666666666667,0.37499999953124996
1982.png,একজন লোক পানির ভেতর দিয়ে মাছ ধরছেন।,0.14285714265306124,0.12499999984374999,0.13333332817777796,0.13333332817777796,0.0,0.13333332817777796,0,0,0.2535211267605634,0.07692307686390532
3229519418_040f05ced1.jpg,একজন পুরুষ আছে।,0.3333333322222222,0.1111111109876543,0.16666666263888896,0.16666666263888896,0.0,0.16666666263888896,0,0,0.28125,0.09090909082644627
542269487_5d77b363eb.jpg,একটি মেয়ে একটি কুকুরকে <unk>,0.1999999996,0.07692307686390532,0.11111110697530877,0.11111110697530877,0.0,0.11111110697530877,0,0,0.2692307692307693,0.06666666662222222
3033612929_764d977bd5.jpg,দুটি কুকুর একটি বলের পিছনে শুকছে,0.33333333277777777,0.6666666644444444,0.44444443901234576,0.44444443901234576,0.28571428081632655,0.44444443901234576,0,0,0.5454545454545454,0.2857142853061225
IMG_0712.JPG,একটি লোক একটি ইটের দালানের সামনে দাঁড়িয়ে আছে,0.37499999953124996,0.49999999916666665,0.4285714230612245,0.4285714230612245,0.0,0.4285714230612245,0,0,0.4,0.29999999969999996
3171451305_f87b9e09ee.jpg,একদল লোক একসাথে ছবি তুলছে,0.3999999992,0.15384615372781063,0.22222221796296296,0.22222221796296296,0.0,0.22222221796296296,0,0,0.29166666666666663,0.13333333324444444
3473264983_67917a931f.jpg,একজন পুলিশ কর্মকর্তা,0.0,0.0,0.0,0.0,0.0,0.0,0,0,0.33333333333333337,0.0
1035019794.jpg,নীল জামা পরা ছেলেটি বেসবল খেলছে,0.33333333277777777,0.2222222219753086,0.2666666615111111,0.2666666615111111,0.15384614887573977,0.2666666615111111,0,0,0.33333333333333337,0.15384615372781063
8838.png,একটি <unk> একটি <unk>,0.0,0.0,0.0,0.0,0.0,0.0,0,0,0.21052631578947367,0.0
6676.png,একটি সভাকক্ষে অনেক মানুষ দাড়িয়ে আছে।,0.33333333277777777,0.6666666644444444,0.44444443901234576,0.44444443901234576,0.09523809151927451,0.44444443901234576,0,0,0.33333333333333337,0.2857142853061225
532457586_bddfc5251d.jpg,একটি ছেলে একটি <unk>,0.49999999875,0.14285714275510203,0.22222221851851853,0.22222221851851853,0.0,0.1111111075308643,0,0,0.18604651162790697,0.13333333324444444
2609836649_b55831ed41.jpg,একটি কুকুর একটি লাঠি নিয়ে একটি লাঠি নিয়ে একটি লাঠি নিয়ে একটি লাঠি নিয়ে একটি লাঠি নিয়ে একটি লাঠি নিয়ে একটি লাঠি নিয়ে একটি লাঠি নিয়ে একটি লাঠি নিয়ে একটি লাঠি নিয়ে একটি লাঠি নিয়ে একটি লাঠি নিয়ে একটি লাঠি,0.0499999999875,0.3999999992,0.08888888687407412,0.08888888687407412,0.04651162619794489,0.08888888687407412,0,0,0.16417910447761197,0.2857142853061225
4865.png,একটি পতাকা <unk> পরে আছে।,0.0,0.0,0.0,0.0,0.0,0.0,0,0,0.19444444444444442,0.0
118187095.jpg,একটি ছোট বাচ্চা খেলনা গাড়ীতে বসে আছে,0.2857142853061225,0.18181818165289254,0.22222221722222232,0.22222221722222232,0.0,0.22222221722222232,0,0,0.48484848484848486,0.124999999921875
3519155763_045a6a55e2.jpg,একটি কুকুর বল ধরার চেষ্টা করছে,0.8333333319444445,0.45454545413223135,0.5882352888581315,0.5882352888581315,0.2666666618666667,0.5882352888581315,0,0,0.5909090909090908,0.45454545413223135
4187.png,একজন পুরুষ আছে।,0.3333333322222222,0.14285714265306124,0.1999999954000001,0.1999999954000001,0.0,0.1999999954000001,0,0,0.31999999999999995,0.1111111109876543
3708.png,কয়েকজন মানুষ আছে।,0.6666666644444444,0.49999999875,0.5714285648979592,0.5714285648979592,0.0,0.5714285648979592,0,0,0.6428571428571428,0.3999999992
8969.png,একটি ছেলে সাইকেল চালাচ্ছে,0.249999999375,0.1999999996,0.2222222167901236,0.2222222167901236,0.0,0.2222222167901236,0,0,0.6190476190476191,0.12499999984374999
6727.png,একজন পুরুষ আছে।,0.9999999966666667,0.37499999953124996,0.5454545404958677,0.5454545404958677,0.22222221827160496,0.5454545404958677,0,0,0.3793103448275862,0.4285714279591837
3461106572_920c8c0112.jpg,একটি রুমে দাড়িয়ে আছে,0.49999999875,0.1999999998,0.28571428122448983,0.28571428122448983,0.0,0.28571428122448983,0,0,0.3076923076923077,0.16666666652777776
822.png,একজন পুরুষ শুয়ে ঘুমাচ্ছে।,0.49999999875,0.49999999875,0.4999999937500001,0.4999999937500001,0.33333332722222225,0.4999999937500001,0,0,0.6875,0.33333333277777777
111419142.jpg,একদল লোক একটি <unk> <unk> করছে,0.33333333277777777,0.24999999968749997,0.2857142804081633,0.2857142804081633,0.16666666152777793,0.2857142804081633,0,0,0.3666666666666667,0.18181818165289254
2178095150_436b035741.jpg,একটি রেসিং কুকুর একটি ট্র্যাকের চারপাশে দৌড়াচ্ছে,0.14285714265306124,0.249999999375,0.1818181768595043,0.1818181768595043,0.0,0.1818181768595043,0,0,0.6,0.1111111110493827
3228960484_9aab98b91a.jpg,একজন মহিলা পার্কিং লটে স্কেটিং করছে,0.0,0.0,0.0,0.0,0.0,0.0,0,0,0.34375,0.0
103031977.jpg,একটি মেয়ে একটি কাচের দরজার সামনে দাঁড়িয়ে আছে।,0.12499999984374999,0.16666666638888888,0.1428571377551022,0.1428571377551022,0.0,0.1428571377551022,0,0,0.42105263157894735,0.08333333326388888
3396275223_ee080df8b5.jpg,একজন পুরুষ ও দুইজন নারী নৃত্য করছে।,0.14285714265306124,0.1111111109876543,0.12499999492187522,0.12499999492187522,0.0,0.12499999492187522,0,0,0.40909090909090906,0.06666666662222222
1408958345_68eea9a4e4.jpg,একটি মেয়ে সৈকতের পাশে দাঁড়িয়ে আছে,0.33333333277777777,0.24999999968749997,0.2857142804081633,0.2857142804081633,0.15384614887573977,0.2857142804081633,0,0,0.48275862068965514,0.16666666652777776
8507.png,একটি রেস্তোরাঁয় খাবার নিয়ে একটি খাবারের দোকানের কর্মচারী <unk> দোকানে বসে আছে,0.16666666652777776,0.18181818165289254,0.17391303833648408,0.17391303833648408,0.0,0.08695651667296815,0,0,0.31999999999999995,0.09999999995
IMG_20220915_163343.jpg,একটি লোক হাতে নিয়ে আছে।,0.0,0.0,0.0,0.0,0.0,0.0,0,0,0.4,0.0
2924483864_cfdb900a13.jpg,একটি কালো ও সাদা ও সাদা ও সাদা ও সাদা ও সাদা ও সাদা ও সাদা ও সাদা ও সাদা ও সাদা ও সাদা ও সাদা ও সাদা ও সাদা ও সাদা ও সাদা ও সাদা ও সাদা ও সাদা,0.0499999999875,0.18181818165289254,0.07843136913494825,0.07843136913494825,0.0,0.07843136913494825,0,0,0.14851485148514854,0.15384615372781063
2189.png,একটি নৌকায় কয়েকজন মানুষ আছে।,0.0,0.0,0.0,0.0,0.0,0.0,0,0,0.25,0.0
inbound234575385126653505.jpg,একটি স্কুল দেখা যাচ্ছে।,0.0,0.0,0.0,0.0,0.0,0.0,0,0,0.19999999999999996,0.0
2907244809_07ab2c6b6c.jpg,একজন স্কেটবোর্ডার একটি স্কেটবোর্ড দিয়ে বাতাসে লাফিয়ে কসরত দেখাচ্ছেন,0.2222222219753086,0.33333333277777777,0.2666666615111111,0.2666666615111111,0.0,0.2666666615111111,0,0,0.48888888888888893,0.15384615372781063
8099.png,একটি শিশু বসে আছে।,0.7499999981250001,0.49999999916666665,0.5999999940000001,0.5999999940000001,0.49999999406250006,0.5999999940000001,0,0,0.4347826086956522,0.4285714279591837
1691573772_1adef8e40e.jpg,একজন মহিলা তার সাইকেল চালাচ্ছে,0.5999999988,0.49999999916666665,0.5454545395041324,0.5454545395041324,0.2222222167901236,0.5454545395041324,0,0,0.75,0.37499999953124996
5702.png,কয়েকজন নারী ও অনেকগুলো নারী বসে আছে।,0.4285714279591837,0.5999999988,0.4999999943055557,0.4999999943055557,0.1999999948000001,0.4999999943055557,0,0,0.56,0.37499999953124996
475816542_f5c2736815.jpg,একটি কালো কুকুর একটি কালো কুকুর,0.8333333319444445,0.5555555549382716,0.6666666609777778,0.6666666609777778,0.3076923024852071,0.6666666609777778,0,0,0.6129032258064516,0.4285714279591837
5175.png,একটি সেতু আছে।,0.3333333322222222,0.3333333322222222,0.33333332722222225,0.33333332722222225,0.0,0.33333332722222225,0,0,0.33333333333333337,0.1999999996
5099.png,একটি রাস্তা দিয়ে একজন মানুষ হেঁটে যাচ্ছে।,0.0,0.0,0.0,0.0,0.0,0.0,0,0,0.34615384615384615,0.0
3188036349_8e4e2d6ca8.jpg,একটি ছেলে তার পিছনে একটি <unk>,0.49999999916666665,0.3333333329629629,0.3999999946666667,0.3999999946666667,0.0,0.3999999946666667,0,0,0.33333333333333337,0.18181818165289254
3650111717_346804ec2f.jpg,একটি কুকুর একটি ফ্রিসবি নিয়ে দৌড়াচ্ছে,0.49999999916666665,0.2727272724793388,0.3529411714878893,0.3529411714878893,0.13333332871111125,0.3529411714878893,0,0,0.475,0.1999999998
3312.png,একজন লোক ও প্যান্ট পরা একজন লোক দাড়িয়ে আছে।,0.4444444439506172,0.49999999937499995,0.4705882297577854,0.4705882297577854,0.0869565171266543,0.4705882297577854,0,0,0.40625,0.29999999969999996
7430.png,একজন নারী বসে আছে।,0.49999999875,0.3999999992,0.4444444385185186,0.4444444385185186,0.0,0.4444444385185186,0,0,0.33333333333333337,0.2857142853061225
4878.png,কয়েকজন পুরুষ আছে।,0.6666666644444444,0.49999999875,0.5714285648979592,0.5714285648979592,0.0,0.5714285648979592,0,0,0.6,0.3999999992
8364.png,রাস্তার পাশে একটি লোক সাইকেল চালিয়ে যাচ্ছে।,0.14285714265306124,0.1999999996,0.16666666152777793,0.16666666152777793,0.0,0.16666666152777793,0,0,0.40740740740740744,0.09090909082644627
8245.png,ফসলের ক্ষেতে কয়েকজন মানুষ আছে।,0.1999999996,0.16666666638888888,0.1818181765289258,0.1818181765289258,0.0,0.1818181765289258,0,0,0.4285714285714286,0.0999999999
5865.png,একটি কুকুর একটি <unk> সামনে দাঁড়িয়ে আছে,0.2857142853061225,0.6666666644444444,0.39999999500000005,0.39999999500000005,0.24999999562500003,0.39999999500000005,0,0,0.3846153846153846,0.2857142853061225
IMG_2727.JPG,একটি <unk> একটি <unk> একটি <unk> করছে,0.2857142853061225,0.33333333277777777,0.3076923022485208,0.3076923022485208,0.0,0.3076923022485208,0,0,0.4814814814814815,0.2857142853061225
4039.png,একটি শিশু আছে।,0.3333333322222222,0.249999999375,0.28571428000000004,0.28571428000000004,0.0,0.28571428000000004,0,0,0.4,0.16666666638888888
3325497914_f9014d615b.jpg,একটি মেয়ে একটি <unk>,0.49999999875,0.1999999998,0.28571428122448983,0.28571428122448983,0.0,0.28571428122448983,0,0,0.2571428571428571,0.09090909082644627
DSC_1095.JPG,লোক টির হাতে চুড়ি,0.249999999375,0.249999999375,0.2499999943750001,0.2499999943750001,0.0,0.2499999943750001,0,0,0.3076923076923077,0.14285714265306124
4221.png,একটি শিশু হাসছে,0.6666666644444444,0.3999999992,0.49999999406250006,0.49999999406250006,0.0,0.49999999406250006,0,0,0.5,0.33333333277777777
5875.png,একটি ছেলে একটি পুকুরে হাঁটছে,0.1999999996,0.0624999999609375,0.09523809151927451,0.09523809151927451,0.0,0.09523809151927451,0,0,0.19672131147540983,0.05882352937716263
3536.png,একটি শিশু আছে।,0.9999999966666667,0.4285714279591837,0.5999999946000001,0.5999999946000001,0.24999999562500003,0.5999999946000001,0,0,0.3913043478260869,0.49999999916666665
5190.png,একটি পুকুর ঘাটে কয়েকটা <unk> ঝর্নার মাঝে একটি ঝর্নার মাঝে একটি ঝর্নার মাঝে হাঁটছে,0.07142857137755101,0.16666666638888888,0.09999999570000016,0.09999999570000016,0.0,0.09999999570000016,0,0,0.2727272727272727,0.07692307686390532
5783.png,একটি মসজিদের সামনে একটি মন্দির।,0.3999999992,0.18181818165289254,0.249999995390625,0.249999995390625,0.0,0.249999995390625,0,0,0.33333333333333337,0.14285714265306124
7005.png,একজন পুরুষ ও একজন নারী ও একজন নারী ও একজন নারী ও একজন নারী ও একজন নারী ও একজন নারী ও একজন নারী ও একজন নারী ও একজন নারী ও একজন নারী ও একজন নারী ও একজন নারী ও একজন,0.0499999999875,0.1111111110493827,0.06896551293698006,0.06896551293698006,0.0,0.06896551293698006,0,0,0.2148148148148148,0.10526315783933518
2486.png,শাড়ি পরিহিত কয়েকজন নারী আছে।,0.3999999992,0.2222222219753086,0.2857142807142858,0.2857142807142858,0.0,0.2857142807142858,0,0,0.36363636363636365,0.18181818165289254
IMG_20220921_125719.jpg,একজন পুরুষ বসে আছে।,0.249999999375,0.1111111109876543,0.15384614934911253,0.15384614934911253,0.0,0.15384614934911253,0,0,0.40909090909090906,0.08333333326388888
6062.png,চারজন পুরুষ আছে।,0.6666666644444444,0.49999999875,0.5714285648979592,0.5714285648979592,0.39999999360000005,0.5714285648979592,0,0,0.5625,0.3999999992
8654.png,একজন পুরুষ একটি নৌকা নিয়ে আছে।,0.6666666655555555,0.49999999937499995,0.5714285657142858,0.5714285657142858,0.16666666152777793,0.5714285657142858,0,0,0.5714285714285714,0.3999999996
2656.png,সমুদ্রের পারে একজন মানুষ আছে।,0.3999999992,0.18181818165289254,0.249999995390625,0.249999995390625,0.0,0.249999995390625,0,0,0.3076923076923077,0.16666666652777776
8554.png,একজন পুরুষ দাড়িয়ে আছে।,0.0,0.0,0.0,0.0,0.0,0.0,0,0,0.42105263157894735,0.0
4232.png,একটি লোক একটি রঙিন রঙিন রঙিন রঙিন রঙিন রঙিন রঙিন রঙিন রঙিন রঙিন রঙিন রঙিন রঙিন রঙিন রঙিন রঙিন রঙিন রঙিন রঙিন রঙিন রঙিন রঙিন রঙিন রঙিন রঙিন রঙিন রঙিন রঙিন রঙিন রঙিন রঙিন রঙিন রঙিন রঙিন রঙিন রঙিন রঙিন,0.0,0.0,0.0,0.0,0.0,0.0,0,0,0.08860759493670889,0.0
3143980056_7a64a94b58.jpg,তিনটি ছেলে এবং তাদের বাবা তাদের বাবা তাদের বাবা তাদের বাবা তাদের বাবা তাদের বাবা তাদের বাবা তাদের বাবা তাদের বাবা তাদের বাবা তাদের বাবা তাদের বাবা তাদের বাবা তাদের বাবা তাদের বাবা তাদের বাবা তাদের বাবা তাদের বাবা তাদের,0.0,0.0,0.0,0.0,0.0,0.0,0,0,0.07913669064748197,0.0
1547883892_e29b3db42e.jpg,একজন লোক একটি বই পড়ছে,0.3999999992,0.49999999875,0.4444444385185186,0.4444444385185186,0.0,0.4444444385185186,0,0,0.5454545454545454,0.2857142853061225
4000.png,একটি মেয়ে <unk> <unk> <unk> <unk> <unk> <unk> <unk> <unk> <unk> <unk> <unk> <unk> <unk> <unk> <unk> <unk> <unk> <unk> <unk> <unk> <unk> <unk> <unk> <unk> <unk> <unk> <unk> <unk> <unk> <unk> <unk> <unk> <unk> <unk> <unk> <unk> <unk> <unk>,0.0499999999875,0.24999999968749997,0.08333333052083343,0.08333333052083343,0.0,0.08333333052083343,0,0,0.09493670886075944,0.2222222219753086
347793778_804434861028582_2795420169027079545_n.jpg,একজন পুরুষ দাড়িয়ে আছে।,0.249999999375,0.0999999999,0.14285713857142868,0.14285713857142868,0.0,0.14285713857142868,0,0,0.2222222222222222,0.07692307686390532
3547.png,একটি শিশু আছে।,0.9999999966666667,0.4285714279591837,0.5999999946000001,0.5999999946000001,0.24999999562500003,0.5999999946000001,0,0,0.375,0.4285714279591837
8252.png,একটি ছেলে একটি পুকুরের ধারে গাছের পাশে দাঁড়িয়ে আছে,0.1111111109876543,0.06666666662222222,0.08333332857638914,0.08333332857638914,0.0,0.08333332857638914,0,0,0.34545454545454546,0.045454545433884296
3227148358_f152303584.jpg,একটি সারস পাখি দ্রুত ঘাড় <unk>,0.49999999916666665,0.3333333329629629,0.3999999946666667,0.3999999946666667,0.0,0.36363635801652905,0,0,0.4285714285714286,0.24999999979166665
5522.png,সূর্য অস্ত যাচ্ছে একজন লোক ছাতা ধরে আছে,0.0,0.0,0.0,0.0,0.0,0.0,0,0,0.2857142857142857,0.0
2529.png,একজন লোক কাঠের বেড়ার উপর দিয়ে পাইপ ধরে আছে,0.1111111109876543,0.12499999984374999,0.11764705370242234,0.11764705370242234,0.0,0.11764705370242234,0,0,0.35,0.0624999999609375
1389.png,কয়েকজন পুরুষ আছে।,0.9999999966666667,0.24999999979166665,0.39999999626666666,0.39999999626666666,0.15384615100591717,0.39999999626666666,0,0,0.24489795918367352,0.24999999979166665
3263946591_a1558b77d3.jpg,একজন লোক একটি মোটরসাইকেলে করে একটি মোটরসাইকেলে করে একটি মোটরসাইকেলে করে একটি মোটরসাইকেলে করে একটি মোটরসাইকেলে করে একটি মোটরসাইকেলে করে একটি মোটরসাইকেলে করে একটি মোটরসাইকেলে করে একটি মোটরসাইকেলে করে একটি মোটরসাইকেলে করে একটি মোটরসাইকেলে করে একটি মোটরসাইকেলে করে একটি মোটরসাইকেলে,0.02499999999375,0.16666666638888888,0.04347825858223074,0.04347825858223074,0.0,0.04347825858223074,0,0,0.24623115577889443,0.0999999999
4437.png,একটি লোক একটি <unk> বিক্রি করছে,0.16666666638888888,0.249999999375,0.1999999948000001,0.1999999948000001,0.0,0.1999999948000001,0,0,0.4545454545454546,0.12499999984374999
3350785999_462f333c44.jpg,অনেকগুলো নারী ও শিশু আছে।,0.3999999992,0.33333333277777777,0.36363635801652905,0.36363635801652905,0.2222222167901236,0.36363635801652905,0,0,0.4347826086956522,0.2222222219753086
IMG_9579.JPG,একটা ছেলে হাতে নিয়ে দাঁড়িয়ে আছে,0.33333333277777777,0.33333333277777777,0.3333333277777778,0.3333333277777778,0.19999999460000012,0.3333333277777778,0,0,0.5263157894736843,0.1999999998
3650986674_3e101c606b.jpg,একটি কুকুর একটি লাঠি নিয়ে একটি কুকুর দৌড়াচ্ছে,0.6249999992187499,0.5555555549382716,0.5882352884429066,0.5882352884429066,0.0,0.5882352884429066,0,0,0.5428571428571429,0.3333333329629629
2927878881_90b42fc444.jpg,একজন লোক একটি বালুর পাহাড় দিয়ে হাঁটছে।,0.2857142853061225,0.2857142853061225,0.28571428030612256,0.28571428030612256,0.16666666138888903,0.28571428030612256,0,0,0.5,0.16666666652777776
3348208268_6d97d951eb.jpg,একজন লোক একটি <unk> <unk>,0.5999999988,0.19999999986666667,0.29999999595000004,0.29999999595000004,0.1111111075308643,0.29999999595000004,0,0,0.3214285714285714,0.21428571413265304
3396.png,একজন পুরুষ ও গরু আছে।,0.3999999992,0.3999999992,0.39999999420000004,0.39999999420000004,0.0,0.39999999420000004,0,0,0.631578947368421,0.24999999968749997
8736.png,একটি <unk>,0.0,0.0,0.0,0.0,0.0,0.0,0,0,0.13636363636363635,0.0
1814.png,গ্রামের রাস্তা দিয়ে একটি শিশু আছে।,0.16666666638888888,0.16666666638888888,0.16666666138888903,0.16666666138888903,0.0,0.16666666138888903,0,0,0.31818181818181823,0.09090909082644627
265223847_636ba039c1.jpg,সন্ধ্যাবেলা দুইজন লোক একটা <unk> অবতরণ করছে,0.2857142853061225,0.33333333277777777,0.3076923022485208,0.3076923022485208,0.11111110654321005,0.3076923022485208,0,0,0.40625,0.18181818165289254
483136916_16976f4902.jpg,একটি কুকুর একটি লাঠি ধরে আছে,0.6666666655555555,0.3636363633057851,0.47058823017301044,0.47058823017301044,0.1818181765289258,0.47058823017301044,0,0,0.5714285714285714,0.29999999969999996
4733.png,একজন পুরুষ ও একটি খরের ওপর দিয়ে হেটে যাচ্ছে,0.1111111109876543,0.14285714265306124,0.12499999492187522,0.12499999492187522,0.0,0.12499999492187522,0,0,0.28125,0.06666666662222222
9004.png,সরিষা ক্ষেতের সামনে একজন লোক সরিষা ক্ষেতের সামনে দাঁড়িয়ে আছে।,0.0999999999,0.3333333322222222,0.15384615005917168,0.15384615005917168,0.06451612486992742,0.15384615005917168,0,0,0.3023255813953488,0.1111111109876543
8614.png,একজন পুরুষ ও একজন পুরুষ আছে।,0.49999999916666665,0.23076923059171597,0.31578946903047095,0.31578946903047095,0.0,0.31578946903047095,0,0,0.40909090909090906,0.23076923059171597
661749711_6f408dad62.jpg,একটি কুকুর একটি লাল বল নিয়ে খেলছে,0.7142857132653061,0.5555555549382716,0.624999994296875,0.624999994296875,0.5714285657142858,0.624999994296875,0,0,0.6129032258064516,0.3999999996
1180.png,কিছু পুলিশ একটি রাস্তার পাশে দাড়িয়ে আছে।,0.2857142853061225,0.13333333324444444,0.18181817731404967,0.18181817731404967,0.0,0.18181817731404967,0,0,0.4,0.09999999995
3640407952_bb38fb9d55.jpg,একটি চলন্ত গাড়িতে কয়েকজন মানুষ আছে।,0.16666666638888888,0.0624999999609375,0.0909090868595043,0.0909090868595043,0.0,0.0909090868595043,0,0,0.31999999999999995,0.04761904759637188
1030.png,একজন নারী কলশী নিয়ে আছে।,0.7999999984,0.3636363633057851,0.499999995078125,0.499999995078125,0.28571428122448983,0.499999995078125,0,0,0.43243243243243246,0.4444444439506172
8239.png,একজন মানুষ ছাতা নিয়ে হেঁটে যাচ্ছে।,0.6666666655555555,0.26666666648888887,0.3809523765079365,0.3809523765079365,0.10526315390581731,0.3809523765079365,0,0,0.38095238095238093,0.24999999984375
229951087_4c20600c32.jpg,একজন লোক তার <unk> <unk>,0.3999999992,0.2857142853061225,0.33333332791666676,0.33333332791666676,0.0,0.33333332791666676,0,0,0.42307692307692313,0.2857142853061225
2933643390_1c6086684b.jpg,একজন ফুটবল খেলোয়াড় একটি ফুটবল খেলছে,0.33333333277777777,0.49999999875,0.3999999944,0.3999999944,0.2666666618666667,0.3999999944,0,0,0.4814814814814815,0.2857142853061225
3033825101_44a4390f16.jpg,বেসবল খেলোয়াড় বল ধরার জন্য প্রথম বেসের দিকে যাচ্ছে,0.2222222219753086,0.33333333277777777,0.2666666615111111,0.2666666615111111,0.15384614887573977,0.2666666615111111,0,0,0.4444444444444444,0.15384615372781063
3497106366_d1a256e723.jpg,একটি সার্ফার একটি সার্ফার,0.7499999981250001,0.3333333329629629,0.4615384565680474,0.4615384565680474,0.18181817752066123,0.3076923029585799,0,0,0.41666666666666663,0.24999999968749997
1199.png,একজন পুরুষ মানুষ আছে।,0.9999999975,0.24999999984375,0.3999999964,0.3999999964,0.1111111082098766,0.3999999964,0,0,0.3111111111111111,0.2727272724793388
8767.png,একজন পুরুষ আছে।,0.3333333322222222,0.3333333322222222,0.33333332722222225,0.33333332722222225,0.0,0.33333332722222225,0,0,0.36363636363636365,0.1999999996
2914800692_0c512d27b8.jpg,একজন লোক তার সাইকেল দিয়ে বাতাসে লাফিয়ে কসরত দেখাচ্ছেন,0.3333333329629629,0.37499999953124996,0.3529411710726644,0.3529411710726644,0.2727272678512397,0.3529411710726644,0,0,0.6216216216216216,0.2222222220987654
5915.png,গাড়ির ভিতর একটি গাড়ি আছে।,0.1999999996,0.14285714265306124,0.16666666152777793,0.16666666152777793,0.0,0.16666666152777793,0,0,0.34615384615384615,0.09090909082644627
2466420387_86fe77c966.jpg,একজন মহিলা একটি ছেলে আইসক্রিম খাচ্ছে,0.33333333277777777,0.24999999968749997,0.2857142804081633,0.2857142804081633,0.16666666152777793,0.2857142804081633,0,0,0.48275862068965514,0.16666666652777776
3204712107_5a06a81002.jpg,একজন মহিলা একটি <unk>,0.249999999375,0.249999999375,0.2499999943750001,0.2499999943750001,0.0,0.2499999943750001,0,0,0.375,0.14285714265306124
3384.png,একটি মেয়ে হাসতেছে।,0.3333333322222222,0.08333333326388888,0.1333333299555556,0.1333333299555556,0.0,0.1333333299555556,0,0,0.2142857142857143,0.07142857137755101
528.png,একজন পুরুষ ও একটি <unk> <unk>,0.16666666638888888,0.249999999375,0.1999999948000001,0.1999999948000001,0.0,0.1999999948000001,0,0,0.40909090909090906,0.12499999984374999
93922153_8d831f7f01.jpg,এক লোক একটি পাথরে আরোহণ করা এক লোক একটি পাথরের উপর দাঁড়িয়ে আছে।,0.15384615372781063,0.33333333277777777,0.21052631124653745,0.21052631124653745,0.0,0.21052631124653745,0,0,0.34042553191489366,0.14285714275510203
2252403744_148fc11f68.jpg,একটি শিশু হাসছে,0.6666666644444444,0.2857142853061225,0.39999999500000005,0.39999999500000005,0.0,0.2222222172839507,0,0,0.3157894736842105,0.24999999968749997
6832.png,একটি হ্রদে একটি বিমান উড়ছে,0.1999999996,0.16666666638888888,0.1818181765289258,0.1818181765289258,0.0,0.1818181765289258,0,0,0.40909090909090906,0.1111111109876543
2410399168_1462c422d4.jpg,দুটি কুকুর একটি বাদামী কুকুর দৌড়াচ্ছে,0.33333333277777777,0.6666666644444444,0.44444443901234576,0.44444443901234576,0.28571428081632655,0.44444443901234576,0,0,0.4375,0.33333333277777777
8876.png,একটি নৌকায় দুইজন মানুষ আছে।,0.7999999984,0.9999999975,0.8888888819753088,0.8888888819753088,0.8571428497959185,0.8888888819753088,0,0,0.7894736842105263,0.7999999984
young-stylish-woman-walking-with-smartphone-listening-music-headphones-summer-vacation.jpg,একটি মেয়ে দাড়িয়ে আছে,0.249999999375,0.0999999999,0.14285713857142868,0.14285713857142868,0.0,0.14285713857142868,0,0,0.28205128205128205,0.07692307686390532
107985741.jpg,একদল লোক বাইরে দাঁড়িয়ে আছে,0.5999999988,0.3333333329629629,0.42857142336734694,0.42857142336734694,0.2222222167901236,0.42857142336734694,0,0,0.34375,0.2727272724793388
1002.png,একজন পুরুষ আছে।,0.0,0.0,0.0,0.0,0.0,0.0,0,0,0.31818181818181823,0.0
437917001_ae1106f34e.jpg,একটি ছেলে একটি নীল রঙের ফিতা পরে একটি নীল রঙের ফিতা পরে একটি নীল রঙের ফিতা পরে একটি নীল রঙের ফিতা পরে একটি নীল রঙের ফিতা পরে একটি নীল রঙের ফিতা পরে একটি নীল রঙের ফিতা পরে একটি নীল রঙের,0.02499999999375,0.14285714265306124,0.04255318893617037,0.04255318893617037,0.0,0.04255318893617037,0,0,0.2720588235294118,0.08333333326388888
1995.png,একটি ছেলে একটি নৌকা।,0.0,0.0,0.0,0.0,0.0,0.0,0,0,0.2093023255813954,0.0
4673.png,অনেকগুলো ছাত্রী ও কয়েকটি শিশু আছে।,0.33333333277777777,0.3999999992,0.36363635801652905,0.36363635801652905,0.0,0.36363635801652905,0,0,0.5,0.2222222219753086
5756.png,একজন পুরুষ একটি বাচ্চা নিয়ে বসে আছে।,0.4285714279591837,0.37499999953124996,0.3999999944888889,0.3999999944888889,0.15384614863905344,0.3999999944888889,0,0,0.5,0.2727272724793388
1426014905_da60d72957.jpg,একজন লোক একটি সেতুর উপর দাঁড়িয়ে আছে,0.2857142853061225,0.2857142853061225,0.28571428030612256,0.28571428030612256,0.11111110654321005,0.28571428030612256,0,0,0.6538461538461539,0.16666666652777776
8837.png,একটি শিশু আছে।,0.3333333322222222,0.1111111109876543,0.16666666263888896,0.16666666263888896,0.0,0.16666666263888896,0,0,0.20588235294117652,0.0999999999
2353119813_685bace18e.jpg,একটি কুকুর একটি ফুটবলে লাথি মারার জন্য,0.4285714279591837,0.4285714279591837,0.42857142295918377,0.42857142295918377,0.2222222172839507,0.42857142295918377,0,0,0.4814814814814815,0.24999999968749997
1513.png,কয়েকজন মানুষ আছে।,0.3333333322222222,0.14285714265306124,0.1999999954000001,0.1999999954000001,0.0,0.1999999954000001,0,0,0.31818181818181823,0.1111111109876543
5135.png,<unk> <unk> একটি <unk>,0.249999999375,0.249999999375,0.2499999943750001,0.2499999943750001,0.0,0.2499999943750001,0,0,0.33333333333333337,0.1999999996
8021.png,সমুদ্রের পারে একজন লোক দাঁড়িয়ে আছে।,0.33333333277777777,0.33333333277777777,0.3333333277777778,0.3333333277777778,0.0,0.3333333277777778,0,0,0.30434782608695654,0.1999999998
6977.png,একটি চারা বুনছে।,0.0,0.0,0.0,0.0,0.0,0.0,0,0,0.30000000000000004,0.0
8707.png,একটি নৌকায় একজন মানুষ আছে।,0.5999999988,0.5999999988,0.5999999938,0.5999999938,0.4999999937500001,0.5999999938,0,0,0.736842105263158,0.4285714279591837
2592711202_55f8c64495.jpg,একটি মেয়ে তার <unk> <unk>,0.5999999988,0.24999999979166665,0.3529411719031142,0.3529411719031142,0.13333332924444455,0.3529411719031142,0,0,0.3513513513513513,0.16666666652777776
5077.png,কয়েকজন পুরুষ ও একজন পুরুষ আছে।,0.49999999916666665,0.5999999988,0.5454545395041324,0.5454545395041324,0.2222222167901236,0.5454545395041324,0,0,0.4285714285714286,0.4285714279591837
2834752476_3177e617f1.jpg,একজন পুরুষ রঙ মেখে আছে।,0.0,0.0,0.0,0.0,0.0,0.0,0,0,0.38095238095238093,0.0
369.png,কয়েকজন মানুষ আছে।,0.3333333322222222,0.1999999996,0.24999999468750006,0.24999999468750006,0.0,0.24999999468750006,0,0,0.4285714285714286,0.14285714265306124
6488.png,একজন নারী আছে।,0.3333333322222222,0.12499999984374999,0.18181817752066123,0.18181817752066123,0.0,0.18181817752066123,0,0,0.28125,0.0999999999
6933.png,একটি গাড়ি ও গাড়ি আছে।,0.3999999992,0.33333333277777777,0.36363635801652905,0.36363635801652905,0.0,0.36363635801652905,0,0,0.4444444444444444,0.24999999968749997
7748.png,একজন পুরুষ ও একজন নারী আছে।,0.16666666638888888,0.0999999999,0.12499999515625017,0.12499999515625017,0.0,0.12499999515625017,0,0,0.3421052631578947,0.08333333326388888
90011335_cfdf9674c2.jpg,সমুদ্রের জলে একটি <unk>,0.49999999875,0.2857142853061225,0.36363635834710756,0.36363635834710756,0.0,0.2499999943750001,0,0,0.375,0.2222222219753086
3905.png,কয়েকজন পুরুষ আছে।,0.6666666644444444,0.3999999992,0.49999999406250006,0.49999999406250006,0.0,0.49999999406250006,0,0,0.44999999999999996,0.33333333277777777
6745.png,একজন পুরুষ একটি নৌকা থেকে কিছু মানুষ আছে।,0.24999999968749997,0.6666666644444444,0.36363635900826446,0.36363635900826446,0.22222221827160496,0.36363635900826446,0,0,0.5116279069767442,0.2222222219753086
2595.png,পানিতে দুইজন মানুষ আছে।,0.249999999375,0.12499999984374999,0.16666666194444454,0.16666666194444454,0.0,0.16666666194444454,0,0,0.2068965517241379,0.09090909082644627
271770120_880e8d8e52.jpg,একটি কালো কুকুর ঘাসের উপর দৌড়াচ্ছে,0.49999999916666665,0.37499999953124996,0.4285714230612245,0.4285714230612245,0.2222222167901236,0.36363635801652905,0,0,0.4782608695652174,0.2727272724793388
7176.png,সাদা জামা পরা একটা ছেলে বসে আছে,0.14285714265306124,0.249999999375,0.1818181768595043,0.1818181768595043,0.0,0.1818181768595043,0,0,0.47619047619047616,0.0999999999
1917203130_fcaff8b10e.jpg,এক মেয়ে একটি জাহাজের পাটাতনের উপর দিয়ে একটি খুঁটিতে নেমে আছে,0.2727272724793388,0.2727272724793388,0.2727272674793389,0.2727272674793389,0.09999999490000026,0.2727272674793389,0,0,0.41463414634146345,0.16666666657407406
4973.png,একজন পুরুষ আছে।,0.9999999966666667,0.7499999981250001,0.8571428497959185,0.8571428497959185,0.39999999360000005,0.8571428497959185,0,0,0.7333333333333334,0.7499999981250001
20200807_184812.jpg,একজন পুরুষ বসে আছে।,0.249999999375,0.249999999375,0.2499999943750001,0.2499999943750001,0.0,0.2499999943750001,0,0,0.5,0.14285714265306124
5064.png,একটি ছেলে দাঁড়িয়ে আছে।,0.7499999981250001,0.5999999988,0.6666666602469137,0.6666666602469137,0.33333332722222225,0.6666666602469137,0,0,0.7647058823529411,0.49999999916666665
2911658792_6a6ef07e3a.jpg,একটি শিশু গাছের উপর উঠেছে,0.1999999996,0.1111111109876543,0.14285713806122466,0.14285713806122466,0.0,0.14285713806122466,0,0,0.29729729729729726,0.07692307686390532
3917.png,একজন পুরুষ ও একজন পুরুষ ও একজন পুরুষ ও একজন পুরুষ ও একজন পুরুষ ও একজন পুরুষ ও একজন পুরুষ ও একজন পুরুষ ও একজন পুরুষ ও একজন পুরুষ ও একজন পুরুষ ও একজন পুরুষ ও একজন পুরুষ ও একজন,0.0,0.0,0.0,0.0,0.0,0.0,0,0,0.061224489795918324,0.0
1507563902_6ec8d5d822.jpg,একটি স্কেটবোর্ডার একটি জাহাজের <unk>,0.3999999992,0.18181818165289254,0.249999995390625,0.249999995390625,0.0,0.249999995390625,0,0,0.29166666666666663,0.15384615372781063
4468.png,একটি শিশু আছে।,0.9999999966666667,0.5999999988,0.7499999934375,0.7499999934375,0.33333332777777785,0.7499999934375,0,0,0.6,0.5999999988
2009.png,একটি নৌকায় একজন মানুষ আছে।,0.1999999996,0.07692307686390532,0.11111110697530877,0.11111110697530877,0.0,0.11111110697530877,0,0,0.2545454545454545,0.06666666662222222
8598.png,একটি নৌকা আছে।,0.6666666644444444,0.3999999992,0.49999999406250006,0.49999999406250006,0.0,0.49999999406250006,0,0,0.4736842105263158,0.33333333277777777
3265.png,কয়েকজন মানুষ আছে।,0.9999999966666667,0.49999999916666665,0.6666666607407408,0.6666666607407408,0.28571428081632655,0.6666666607407408,0,0,0.5454545454545454,0.49999999916666665
_MG_1973.JPG,লোক টির হাতে মাক্স আছে,0.3999999992,0.49999999875,0.4444444385185186,0.4444444385185186,0.28571428000000004,0.4444444385185186,0,0,0.5333333333333333,0.2857142853061225
2616.png,তিনজন পুরুষ আছে।,0.0,0.0,0.0,0.0,0.0,0.0,0,0,0.375,0.0
2339516180_12493e8ecf.jpg,একটি ছেলে একটি ছোট কুকুরকে ধরে আছে,0.0,0.0,0.0,0.0,0.0,0.0,0,0,0.4242424242424242,0.0
448658518_eec0b648a6.jpg,একটি পতাকা দেখা যাচ্ছে,0.249999999375,0.1111111109876543,0.15384614934911253,0.15384614934911253,0.0,0.15384614934911253,0,0,0.35,0.08333333326388888
7148.png,একজন বালক বসে আছে।,0.249999999375,0.1999999996,0.2222222167901236,0.2222222167901236,0.0,0.2222222167901236,0,0,0.4193548387096774,0.12499999984374999
2540203582_9a9ac92a5d.jpg,একটি শিশু একটি লাল সবুজ ঘাসের উপর লাফাচ্ছে,0.37499999953124996,0.37499999953124996,0.37499999453125,0.37499999453125,0.14285713765306143,0.37499999453125,0,0,0.43333333333333335,0.24999999979166665
2682194299_92005b26c6.jpg,একটি কুকুর একটি লাল সাদা লাল সাদা লাল সাদা লাল সাদা লাল সাদা লাল সাদা লাল সাদা লাল সাদা লাল সাদা লাল সাদা লাল সাদা লাল সাদা লাল সাদা লাল সাদা লাল সাদা লাল সাদা লাল সাদা লাল সাদা লাল,0.099999999975,0.4444444439506172,0.1632653030570596,0.1632653030570596,0.043478258270321514,0.1224489765431071,0,0,0.1885245901639344,0.3333333329629629
3222250187_ef610f267e.jpg,ভলিবল খেলোয়ার একটি ছেলে ভলিবল খেলছে,0.33333333277777777,0.33333333277777777,0.3333333277777778,0.3333333277777778,0.19999999460000012,0.3333333277777778,0,0,0.46153846153846156,0.2222222219753086
2754271176_4a2cda8c15.jpg,একটি ছেলে একটি <unk> বসে আছে,0.33333333277777777,0.33333333277777777,0.3333333277777778,0.3333333277777778,0.0,0.3333333277777778,0,0,0.3529411764705882,0.2222222219753086
4210.png,একটি শিশু আছে।,0.3333333322222222,0.14285714265306124,0.1999999954000001,0.1999999954000001,0.0,0.1999999954000001,0,0,0.23076923076923073,0.1111111109876543
1245194315.jpg,একজন লোক একটি <unk>,0.49999999875,0.1999999998,0.28571428122448983,0.28571428122448983,0.1333333299555556,0.28571428122448983,0,0,0.2558139534883721,0.16666666652777776
3619232550_0b1e1fd4e4.jpg,একজন লোক টি বসে আছে,0.0,0.0,0.0,0.0,0.0,0.0,0,0,0.35,0.0
5705.png,দূরে কয়েকজন মানুষ দেখা যাচ্ছে।,0.3999999992,0.6666666644444444,0.49999999406250006,0.49999999406250006,0.33333332777777785,0.49999999406250006,0,0,0.5789473684210527,0.33333333277777777
3151860914_46e30cd5ea.jpg,একজন লোক একটি কুকুর,0.49999999875,0.24999999968749997,0.33333332833333335,0.33333332833333335,0.1999999954000001,0.33333332833333335,0,0,0.40740740740740744,0.2222222219753086
2602258549_7401a3cdae.jpg,একজন পুরুষ এবং একজন মহিলার সাথে পরিচিত হচ্ছে।,0.37499999953124996,0.23076923059171597,0.2857142807256236,0.2857142807256236,0.1052631531301941,0.2857142807256236,0,0,0.5,0.11764705875432525
186890605_ddff5b694e.jpg,একটি শিশু দোলনায় দোল খাচ্ছে,0.5999999988,0.29999999969999996,0.39999999502222217,0.39999999502222217,0.15384614934911253,0.39999999502222217,0,0,0.4285714285714286,0.24999999979166665
5780.png,একজন পুরুষ বসে আছে,0.49999999875,0.2857142853061225,0.36363635834710756,0.36363635834710756,0.2222222172839507,0.36363635834710756,0,0,0.4444444444444444,0.24999999968749997
606.png,দূরে একজন মানুষ আছে।,0.0,0.0,0.0,0.0,0.0,0.0,0,0,0.25,0.0
6366.png,একজন পুরুষ আছে।,0.6666666644444444,0.49999999875,0.5714285648979592,0.5714285648979592,0.0,0.5714285648979592,0,0,0.6428571428571428,0.3999999992
8826.png,লোক বসে আছে,0.3333333322222222,0.1111111109876543,0.16666666263888896,0.16666666263888896,0.0,0.16666666263888896,0,0,0.2666666666666667,0.09090909082644627
2760716468_b541e9fd0f.jpg,একজন লোক বসে আছে,0.7499999981250001,0.49999999916666665,0.5999999940000001,0.5999999940000001,0.49999999406250006,0.5999999940000001,0,0,0.5789473684210527,0.4285714279591837
6593.png,<unk> <unk> রান্না করার জন্য রান্না করার জন্য রান্না করার জন্য রান্না করার জন্য রান্না করার জন্য রান্না করার জন্য রান্না করার জন্য রান্না করার জন্য রান্না করার জন্য রান্না করার জন্য রান্না করার জন্য রান্না করার জন্য রান্না করার,0.02499999999375,0.12499999984374999,0.04166666387152797,0.04166666387152797,0.0,0.04166666387152797,0,0,0.06289308176100628,0.0999999999
3681172959_6674c118d2.jpg,একজন লোক একটি কালো রঙের জামা পরে রাস্তায় <unk>,0.2222222219753086,0.15384615372781063,0.18181817681818194,0.18181817681818194,0.0,0.12499999492187522,0,0,0.33333333333333337,0.09999999995
6498.png,নদীতে একটা ছেলে পানিতে নেমে আছে।,0.0,0.0,0.0,0.0,0.0,0.0,0,0,0.31999999999999995,0.0
7673.png,একজন নারী ও একজন নারী হেঁটে আসছে।,0.7142857132653061,0.45454545413223135,0.5555555501851852,0.5555555501851852,0.24999999500000003,0.5555555501851852,0,0,0.5384615384615384,0.3636363633057851
2574194729_1f099647ee.jpg,একটি ভেজা কুকুর দৌড়াচ্ছে,0.7499999981250001,0.5999999988,0.6666666602469137,0.6666666602469137,0.0,0.6666666602469137,0,0,0.5882352941176471,0.49999999916666665
7476.png,একটি নৌকায় কয়েকজন মানুষ আছে।,0.3999999992,0.33333333277777777,0.36363635801652905,0.36363635801652905,0.0,0.1818181765289258,0,0,0.28,0.2222222219753086
1110208841_5bb6806afe.jpg,একটি কুকুর একটি কুকুরকে ধরার চেষ্টা করছে,0.4285714279591837,0.2727272724793388,0.33333332820987654,0.33333332820987654,0.13333332835555572,0.33333332820987654,0,0,0.368421052631579,0.14285714275510203
512026551_ba63ddbd31.jpg,একটি কুকুর পানিতে সাঁতার কাটছে।,0.3999999992,0.24999999968749997,0.3076923024852071,0.3076923024852071,0.1818181768595043,0.3076923024852071,0,0,0.4642857142857143,0.18181818165289254
5127.png,ধান ক্ষেত আছে।,0.6666666644444444,0.3999999992,0.49999999406250006,0.49999999406250006,0.33333332777777785,0.49999999406250006,0,0,0.4117647058823529,0.33333333277777777
3125041578_c1f2d73b6d.jpg,একজন লোক একটি গোল এর সামনে দাঁড়িয়ে আছে,0.24999999968749997,0.33333333277777777,0.2857142804081633,0.2857142804081633,0.0,0.2857142804081633,0,0,0.4285714285714286,0.16666666652777776
345908027_2564875103669439_2159177169263922977_n.jpg,একটি শিশু একটি সাইকেল চালাচ্ছে,0.1999999996,0.12499999984374999,0.15384614887573977,0.15384614887573977,0.0,0.15384614887573977,0,0,0.41666666666666663,0.09090909082644627
6006.png,একজন মানুষ আছে।,0.0,0.0,0.0,0.0,0.0,0.0,0,0,0.24,0.0
482047956_9a29e9cee6.jpg,একটি মেয়ে একটি <unk> ডগ খাচ্ছেন,0.33333333277777777,0.24999999968749997,0.2857142804081633,0.2857142804081633,0.0,0.2857142804081633,0,0,0.4193548387096774,0.18181818165289254
3278.png,একজন ছোট মেয়ে শিশু আছে।,0.3999999992,0.6666666644444444,0.49999999406250006,0.49999999406250006,0.33333332777777785,0.49999999406250006,0,0,0.4375,0.33333333277777777
345885287_1398081547656319_4679718544674903276_n.jpg,একটি শিশু একটি রাস্তায় <unk>,0.3999999992,0.33333333277777777,0.36363635801652905,0.36363635801652905,0.0,0.2857142807142858,0,0,0.2777777777777778,0.24999999968749997
3319020762_d429d56a69.jpg,একটি শিশু পানিতে সাঁতার কাটছে,0.3999999992,0.33333333277777777,0.36363635801652905,0.36363635801652905,0.2222222167901236,0.36363635801652905,0,0,0.4347826086956522,0.2222222219753086
3597354819_0069aaf16e.jpg,একটি ছেলে একটি পাথরের উপরে উঠছে।,0.16666666638888888,0.1999999996,0.1818181765289258,0.1818181765289258,0.0,0.1818181765289258,0,0,0.3913043478260869,0.1111111109876543
3490736665_38710f4b91.jpg,একটি কুকুর বল ধরার জন্য লাফ দিচ্ছে,0.4285714279591837,0.49999999916666665,0.4615384558579882,0.4615384558579882,0.1818181765289258,0.4615384558579882,0,0,0.52,0.29999999969999996
3421177332_a05741cfa4.jpg,একজন মহিলা একটি <unk>,0.49999999875,0.2222222219753086,0.3076923029585799,0.3076923029585799,0.0,0.2222222167901236,0,0,0.24,0.18181818165289254
792362827_5ab5281b99.jpg,একদল লোক বাইরে দাঁড়িয়ে আছে।,0.3999999992,0.2857142853061225,0.33333332791666676,0.33333332791666676,0.1999999948000001,0.33333332791666676,0,0,0.4,0.1999999998
1152.png,একজন পুরুষ ও একজন পুরুষ আছে।,0.0,0.0,0.0,0.0,0.0,0.0,0,0,0.33333333333333337,0.0
7989.png,একটি <unk> সামনে দাঁড়িয়ে আছে।,0.3999999992,0.2857142853061225,0.33333332791666676,0.33333332791666676,0.0,0.33333332791666676,0,0,0.40740740740740744,0.1999999998
2059616165_b7c99c1009.jpg,একটি কুকুর মুখে একটি কালো খেলনা নিয়ে দৌড়াচ্ছে,0.37499999953124996,0.9999999966666667,0.5454545404958677,0.5454545404958677,0.22222221827160496,0.36363635900826446,0,0,0.4473684210526315,0.4285714279591837
3453544202_3855ab34b6.jpg,একজন লোক একটি মোটরসাইকেল চালিয়ে যাচ্ছে,0.49999999916666665,0.3333333329629629,0.3999999946666667,0.3999999946666667,0.1818181765289258,0.3999999946666667,0,0,0.5862068965517242,0.24999999979166665
2752175795_c9def67895.jpg,একজন লোক একটি <unk>,0.49999999875,0.2857142853061225,0.36363635834710756,0.36363635834710756,0.2222222172839507,0.36363635834710756,0,0,0.33333333333333337,0.2222222219753086
512634877_d7ad8c8329.jpg,একটি কুকুর একটি লাল লাল লাল লাল লাল লাল লাল লাল লাল লাল লাল লাল লাল লাল লাল লাল লাল লাল লাল লাল লাল লাল লাল লাল লাল লাল লাল লাল লাল লাল লাল লাল লাল লাল লাল লাল লাল,0.12499999996875,0.3846153843195266,0.188679241509434,0.188679241509434,0.0833333302517362,0.15999999673600007,0,0,0.139344262295082,0.49999999916666665
4799.png,একজন নারী ও একজন নারী আছে।,0.8333333319444445,0.7142857132653061,0.7692307630769232,0.7692307630769232,0.36363635801652905,0.7692307630769232,0,0,0.7916666666666666,0.6666666655555555
8555.png,একটি কুমির লাফ দিচ্ছে।,0.0,0.0,0.0,0.0,0.0,0.0,0,0,0.40740740740740744,0.0
4726.png,একজন পুরুষ একটি নৌকা চালিয়ে যাচ্ছে।,0.33333333277777777,0.3999999992,0.36363635801652905,0.36363635801652905,0.0,0.36363635801652905,0,0,0.5217391304347826,0.2222222219753086
3086526292_f799d237c7.jpg,একটি ছেলে রাস্তায় দাঁড়িয়ে আছে,0.5999999988,0.29999999969999996,0.39999999502222217,0.39999999502222217,0.15384614934911253,0.39999999502222217,0,0,0.368421052631579,0.2727272724793388
3726170067_094cc1b7e5.jpg,একজন লোক একটি <unk> <unk>,0.3999999992,0.3999999992,0.39999999420000004,0.39999999420000004,0.13333332924444455,0.39999999420000004,0,0,0.4736842105263158,0.2857142853061225
562588230_edb2c071c8.jpg,একটি ছেলে একটি লাল প্লাস্টিকের খেলনায় বসে আছে,0.24999999968749997,0.33333333277777777,0.2857142804081633,0.2857142804081633,0.0,0.2857142804081633,0,0,0.4838709677419355,0.09090909082644627
480283163_660508409664239_5696440675217695690_n.jpg,একজন নারী আছে।,0.0,0.0,0.0,0.0,0.0,0.0,0,0,0.16666666666666663,0.0
3152317129_177b4678b7.jpg,একটি ছেলে পুকুরে জল ছড়িয়ে পুকুরে জল ছড়িয়ে পুকুরে জল ছড়িয়ে পুকুরে জল ছড়িয়ে পুকুরে জল ছড়িয়ে পুকুরে জল ছড়িয়ে পুকুরে জল ছড়িয়ে পুকুরে জল ছড়িয়ে পুকুরে জল ছড়িয়ে পুকুরে জল ছড়িয়ে পুকুরে জল ছড়িয়ে পুকুরে জল ছড়িয়ে পুকুরে জল,0.02499999999375,0.1999999996,0.0444444424493828,0.0444444424493828,0.0,0.0444444424493828,0,0,0.16551724137931034,0.1111111109876543
3229442620_fd47d01b59.jpg,একটি পাখি একটি পাখি,0.49999999875,0.33333333277777777,0.3999999944,0.3999999944,0.24999999468750006,0.3999999944,0,0,0.40909090909090906,0.33333333277777777
2488.png,একটি নৌকায় কয়েকজন মানুষ আছে।,0.3999999992,0.33333333277777777,0.36363635801652905,0.36363635801652905,0.0,0.36363635801652905,0,0,0.35,0.2222222219753086
2363419943_717e6b119d.jpg,এক মহিলা একটি দোকানের সামনে দাঁড়িয়ে আছে,0.14285714265306124,0.0999999999,0.11764705384083066,0.11764705384083066,0.0,0.11764705384083066,0,0,0.36111111111111116,0.06666666662222222
2623930900_b9df917b82.jpg,একজন বৃদ্ধ লোক,0.6666666644444444,0.2857142853061225,0.39999999500000005,0.39999999500000005,0.0,0.39999999500000005,0,0,0.27586206896551724,0.33333333277777777
3295452057_0c987f895f.jpg,একটি কুকুর একটি কালো কুকুর একটি <unk>,0.4285714279591837,0.2727272724793388,0.33333332820987654,0.33333332820987654,0.16666666138888903,0.33333332820987654,0,0,0.5,0.24999999968749997
inbound1536357592172230642.jpg,একটি <unk>,0.4999999975,0.12499999984374999,0.19999999640000002,0.19999999640000002,0.0,0.19999999640000002,0,0,0.18181818181818177,0.12499999984374999
542405691_0594b1ce72.jpg,একটি ছেলে একটি <unk> খেলনা নিয়ে খেলছে,0.4285714279591837,0.3333333329629629,0.374999994609375,0.374999994609375,0.1428571377551022,0.24999999476562512,0,0,0.43333333333333335,0.16666666652777776
5596.png,একটি চলন্ত নৌকায় কয়েকজন মানুষ আছে।,0.16666666638888888,0.07692307686390532,0.10526315346260404,0.10526315346260404,0.0,0.10526315346260404,0,0,0.30952380952380953,0.0624999999609375
357725852_6f55cb9abc.jpg,একটি নৌকায় একজন লোক পানির দিকে তাকিয়ে আছে,0.49999999937499995,0.4444444439506172,0.4705882297577854,0.4705882297577854,0.2666666613333334,0.4705882297577854,0,0,0.47058823529411764,0.30769230745562126
3187492926_8aa85f80c6.jpg,এক বালিকা ঢেউ এর সাহায্যে পানি পাখা দিয়ে সাঁতার কাটছে,0.0999999999,0.1111111109876543,0.10526315279778417,0.10526315279778417,0.0,0.10526315279778417,0,0,0.38235294117647056,0.05882352937716263
2092.png,একটি শিশু একটি গাড়ির সাথে সাথে সাথে সাথে সাথে সাথে সাথে সাথে সাথে সাথে সাথে সাথে সাথে সাথে সাথে সাথে সাথে সাথে সাথে সাথে সাথে সাথে সাথে সাথে সাথে সাথে সাথে সাথে সাথে সাথে সাথে সাথে সাথে সাথে সাথে সাথে,0.0,0.0,0.0,0.0,0.0,0.0,0,0,0.09836065573770492,0.0
7710.png,একটি পাখির পালক এবং একটি কুকুর,0.49999999916666665,0.23076923059171597,0.31578946903047095,0.31578946903047095,0.11764705453287211,0.21052631124653745,0,0,0.29268292682926833,0.19999999986666667
2170222061_e8bce4a32d.jpg,একটি কালো কুকুর একটি কালো কুকুর একটি কালো এবং একটি কালো কুকুর একটি কালো এবং একটি কালো কুকুর একটি কালো এবং একটি কালো কুকুর একটি কালো এবং একটি কালো কুকুর একটি কালো এবং একটি কালো কুকুর একটি কালো এবং একটি,0.07499999998125,0.3333333329629629,0.1224489765431071,0.1224489765431071,0.042553188646446534,0.1224489765431071,0,0,0.2571428571428571,0.24999999968749997
3998.png,একজন নারী আছে।,0.3333333322222222,0.249999999375,0.28571428000000004,0.28571428000000004,0.0,0.28571428000000004,0,0,0.4666666666666667,0.16666666638888888
1716445442_9cf3528342.jpg,এক ব্যক্তি একটি পাথরের উপর দিয়ে হেঁটে যাচ্ছে,0.24999999968749997,0.18181818165289254,0.21052631069252087,0.21052631069252087,0.11764705384083066,0.21052631069252087,0,0,0.4722222222222222,0.124999999921875
428.png,একটি মহিলা একটি <unk>,0.49999999875,0.14285714275510203,0.22222221851851853,0.22222221851851853,0.0,0.22222221851851853,0,0,0.2432432432432432,0.13333333324444444
3052.png,একজন পুরুষ একটি শিশু আছে।,0.3999999992,0.49999999875,0.4444444385185186,0.4444444385185186,0.28571428000000004,0.4444444385185186,0,0,0.5,0.2857142853061225
3695.png,একটি নৌকায় কয়েকজন মানুষ আছে।,0.3999999992,0.24999999968749997,0.3076923024852071,0.3076923024852071,0.0,0.3076923024852071,0,0,0.3571428571428571,0.1999999998
232193739_ed5f348c7a.jpg,একটি ছেলে একটি <unk>,0.249999999375,0.16666666638888888,0.1999999948000001,0.1999999948000001,0.0,0.1999999948000001,0,0,0.375,0.12499999984374999
2255685792_f70474c6db.jpg,একজন লোক স্কি করছে,0.49999999875,0.18181818165289254,0.26666666240000003,0.26666666240000003,0.0,0.22222221851851853,0,0,0.2857142857142857,0.16666666652777776
inbound1169727335265747590.jpg,একটি বাঘ আছে।,0.3333333322222222,0.14285714265306124,0.1999999954000001,0.1999999954000001,0.0,0.1999999954000001,0,0,0.25,0.12499999984374999
716.png,কয়েকজন মানুষ আছে।,0.3333333322222222,0.1999999996,0.24999999468750006,0.24999999468750006,0.0,0.24999999468750006,0,0,0.2777777777777778,0.14285714265306124
5805.png,একটি নৌকায় একজন মানুষ আছে।,0.5999999988,0.7499999981250001,0.6666666602469137,0.6666666602469137,0.28571428000000004,0.6666666602469137,0,0,0.631578947368421,0.49999999916666665
2272548482_0b4aec5cdd.jpg,সাদা জামা পরা একজন বাস্কেটবল খেলোয়াড় বল হাতে নিয়ে দাঁড়িয়ে আছে,0.2727272724793388,0.49999999916666665,0.3529411714878893,0.3529411714878893,0.0,0.2352941128027682,0,0,0.3902439024390244,0.21428571413265304
2600.png,একজন লোক একটি <unk> সামনে একটি <unk> সামনে একটি <unk> সামনে একটি <unk> সামনে একটি <unk> সামনে একটি <unk> সামনে একটি <unk> সামনে একটি <unk> সামনে একটি <unk> সামনে একটি <unk> সামনে একটি <unk> সামনে একটি <unk> সামনে একটি <unk>,0.099999999975,0.49999999937499995,0.16666666381944448,0.16666666381944448,0.0,0.12499999717013895,0,0,0.11949685534591192,0.3333333329629629
6486.png,একজন পুরুষ আছে।,0.6666666644444444,0.49999999875,0.5714285648979592,0.5714285648979592,0.0,0.5714285648979592,0,0,0.6923076923076923,0.3999999992
3081.png,একটি পুকুর ও সূর্য অস্ত যাচ্ছে একটি বিল্ডিং বানানোর কাজ করছে একটি বিল্ডিং বানানোর কাজ করছে।,0.1874999998828125,0.23076923059171597,0.20689654663495852,0.20689654663495852,0.0740740690809331,0.20689654663495852,0,0,0.3114754098360656,0.09523809519274376
7145.png,একটি রাস্তা দিয়ে একটি গাড়ি দেখা যাচ্ছে।,0.14285714265306124,0.07142857137755101,0.09523809070294806,0.09523809070294806,0.0,0.09523809070294806,0,0,0.2564102564102564,0.05555555552469135
3607.png,একটি শিশু তাকিয়ে আছে।,0.7499999981250001,0.9999999966666667,0.8571428497959185,0.8571428497959185,0.39999999360000005,0.8571428497959185,0,0,0.6923076923076923,0.7499999981250001
3187117682_986ffd6b67.jpg,একটি কুকুর মুখের মধ্যে একটি সাদা কুকুর,0.4285714279591837,0.24999999979166665,0.31578946869806096,0.31578946869806096,0.15384614863905344,0.31578946869806096,0,0,0.33333333333333337,0.21428571413265304
7394.png,একটা মেয়ে শাড়ি পরে প্রার্থনা করছে।,0.0,0.0,0.0,0.0,0.0,0.0,0,0,0.3571428571428571,0.0
277.png,একজন পুরুষ হেঁটে যাচ্ছে।,0.249999999375,0.249999999375,0.2499999943750001,0.2499999943750001,0.0,0.2499999943750001,0,0,0.4736842105263158,0.14285714265306124
317.png,একজন পুরুষ ছাতা নিয়ে আছে।,0.5999999988,0.5999999988,0.5999999938,0.5999999938,0.4999999937500001,0.5999999938,0,0,0.5789473684210527,0.4285714279591837
3119903318_d032141839.jpg,একটি ছোট ছেলে একটি <unk>,0.3999999992,0.24999999968749997,0.3076923024852071,0.3076923024852071,0.0,0.15384614887573977,0,0,0.29166666666666663,0.1999999998
944.png,একজন পুরুষ কাজ করছে।,0.9999999975,0.7999999984,0.8888888819753088,0.8888888819753088,0.5714285648979592,0.8888888819753088,0,0,0.7894736842105263,0.7999999984
3346.png,একটি শিশু মাথার উপর বোঝা নিয়ে হেটে যাচ্ছে একজন ছোট ছেলে মাথায় বোঝা নিয়ে হেটে যাচ্ছে একজন ছোট ছেলে মাথায় বোঝা নিয়ে হেটে যাচ্ছে একজন ছোট ছেলে মাথায় বোঝা নিয়ে হেটে যাচ্ছে একজন ছোট ছেলে মাথায় বোঝা নিয়ে হেটে যাচ্ছে,0.07499999998125,0.21428571413265304,0.11111110722908106,0.11111110722908106,0.03846153469674592,0.11111110722908106,0,0,0.2302158273381295,0.13636363630165288
Shifting-trend-in-material-use-for-rural-dwelling-units-of-Bangladesh.png,একটি বাঘ আছে।,0.0,0.0,0.0,0.0,0.0,0.0,0,0,0.3125,0.0
8446.png,তিনটি শিশু আছে।,0.6666666644444444,0.49999999875,0.5714285648979592,0.5714285648979592,0.39999999360000005,0.5714285648979592,0,0,0.5,0.3999999992
3742.png,একজন পুরুষ মাথায় বোঝা নিয়ে যাচ্ছে।,0.49999999916666665,0.3333333329629629,0.3999999946666667,0.3999999946666667,0.0,0.3999999946666667,0,0,0.4838709677419355,0.24999999979166665
411863595_d77156687e.jpg,একটি কুকুর একটি মাঠে একটি <unk>,0.49999999916666665,0.24999999979166665,0.33333332851851855,0.33333332851851855,0.0,0.33333332851851855,0,0,0.3829787234042553,0.15384615372781063
8661.png,একটা মূর্তির সামনে একজন পুরুষ বসে আছে।,0.14285714265306124,0.12499999984374999,0.13333332817777796,0.13333332817777796,0.0,0.13333332817777796,0,0,0.3448275862068966,0.07142857137755101
2631625732_75b714e685.jpg,একদল লোক একটি <unk>,0.249999999375,0.16666666638888888,0.1999999948000001,0.1999999948000001,0.0,0.1999999948000001,0,0,0.25,0.1111111109876543
138718600_f430ebca17.jpg,একটি সাইকেল আছে।,0.3333333322222222,0.12499999984374999,0.18181817752066123,0.18181817752066123,0.0,0.18181817752066123,0,0,0.2666666666666667,0.0999999999
3111502208_71e2a414f5.jpg,একদল পুরুষ একটি <unk>,0.249999999375,0.16666666638888888,0.1999999948000001,0.1999999948000001,0.0,0.1999999948000001,0,0,0.30434782608695654,0.1111111109876543
5910.png,একজন পুরুষ ও একজন পুরুষ আছে।,0.16666666638888888,0.3333333322222222,0.2222222172839507,0.2222222172839507,0.0,0.2222222172839507,0,0,0.31818181818181823,0.16666666638888888
3029463004_c2d2c8f404.jpg,একটি সার্ফার একটি বিশাল ঢেউয়ের উপর চড়ছে,0.14285714265306124,0.12499999984374999,0.13333332817777796,0.13333332817777796,0.0,0.13333332817777796,0,0,0.5483870967741935,0.07692307686390532
2436081047_bca044c1d3.jpg,একটি স্কেটবোর্ডার একটি স্কেটবোর্ড জাম্প করছে,0.16666666638888888,0.14285714265306124,0.15384614863905344,0.15384614863905344,0.0,0.15384614863905344,0,0,0.3666666666666667,0.09090909082644627
IMG_20220915_163442.jpg,একটি মেয়ে একটি ইটের তৈরি করছে।,0.49999999916666665,0.24999999979166665,0.33333332851851855,0.33333332851851855,0.12499999554687513,0.22222221753086427,0,0,0.4285714285714286,0.14285714275510203
4734.png,এটি একটি <unk>,0.3333333322222222,0.16666666638888888,0.2222222172839507,0.2222222172839507,0.0,0.2222222172839507,0,0,0.20833333333333337,0.12499999984374999
2522809984_2e8a7df4fb.jpg,একটি ভেজা কুকুর পানিতে সাঁতরাচ্ছে।,0.5999999988,0.49999999916666665,0.5454545395041324,0.5454545395041324,0.2222222167901236,0.5454545395041324,0,0,0.7727272727272727,0.37499999953124996
2893476169_f38dd32051.jpg,একজন লোক একটি <unk>,0.49999999875,0.2857142853061225,0.36363635834710756,0.36363635834710756,0.2222222172839507,0.36363635834710756,0,0,0.3928571428571429,0.2222222219753086
8931.png,একটি পানির ফোয়ারায় শিশুরা পানির মধ্যে দাঁড়িয়ে আছে,0.12499999984374999,0.06666666662222222,0.0869565171266543,0.0869565171266543,0.0,0.0869565171266543,0,0,0.2978723404255319,0.049999999975
3762.png,একজন পুরুষ ও কয়েকটি গরু আছে।,0.49999999916666665,0.49999999916666665,0.4999999941666667,0.4999999941666667,0.19999999460000012,0.4999999941666667,0,0,0.6666666666666667,0.3333333329629629
2890731828_8a7032503a.jpg,আগুন নিভিয়ে দেয়,0.3333333322222222,0.16666666638888888,0.2222222172839507,0.2222222172839507,0.0,0.2222222172839507,0,0,0.35,0.12499999984374999
7070.png,মহিলা টি তাকিয়ে আছে,0.249999999375,0.249999999375,0.2499999943750001,0.2499999943750001,0.0,0.2499999943750001,0,0,0.5333333333333333,0.14285714265306124
2949.png,একটা লোক গাছে হেলান দিয়ে দাঁড়িয়ে আছে।,0.14285714265306124,0.12499999984374999,0.13333332817777796,0.13333332817777796,0.0,0.13333332817777796,0,0,0.375,0.07692307686390532
664.png,একটি ছেলে পানিতে লাফাচ্ছে,0.249999999375,0.12499999984374999,0.16666666194444454,0.16666666194444454,0.0,0.16666666194444454,0,0,0.42307692307692313,0.09090909082644627
3568505408_4e30def669.jpg,একজন রোডিও ক্লাউন একটি ঘোড়া চড়ছে,0.33333333277777777,0.16666666652777776,0.22222221753086427,0.22222221753086427,0.0,0.22222221753086427,0,0,0.3555555555555555,0.13333333324444444
2757779501_c41c86a595.jpg,একজন লোক একটি পাথুরে পাহাড় বেয়ে উঠছেন,0.4285714279591837,0.5999999988,0.4999999943055557,0.4999999943055557,0.3333333277777778,0.4999999943055557,0,0,0.6666666666666667,0.3333333329629629
3616771728_2c16bf8d85.jpg,ঘোড়া এবং কালো ঘোড়া এবং কালো ঘোড়া এবং কালো ঘোড়া এবং কালো ঘোড়া এবং কালো ঘোড়া এবং কালো ঘোড়া এবং কালো ঘোড়া এবং কালো ঘোড়া এবং কালো ঘোড়া এবং কালো ঘোড়া এবং কালো ঘোড়া এবং কালো ঘোড়া এবং কালো ঘোড়া,0.02499999999375,0.0624999999609375,0.03571428161989843,0.03571428161989843,0.0,0.03571428161989843,0,0,0.26890756302521013,0.07142857137755101
4679.png,একটি সেতুর উপরে একটি সেতু আছে।,0.33333333277777777,0.18181818165289254,0.2352941128027682,0.2352941128027682,0.0,0.2352941128027682,0,0,0.3157894736842105,0.15384615372781063
110695011.jpg,একটি ব্যস্ত ফুটপাতে একজন লোক তার সাইকেল চালাচ্ছে,0.49999999937499995,0.24999999984375,0.33333332861111115,0.33333332861111115,0.22222221722222232,0.2999999949,0,0,0.41860465116279066,0.21052631567867036
6053.png,একটি নৌকায় কয়েকজন মানুষ আছে।,0.3999999992,0.2857142853061225,0.33333332791666676,0.33333332791666676,0.0,0.33333332791666676,0,0,0.5185185185185186,0.1999999998
1332823164_c70a5d930e.jpg,সমুদ্রের পারে একজন মেয়ে সমুদ্রের পানিতে হাঁটছে,0.2857142853061225,0.33333333277777777,0.3076923022485208,0.3076923022485208,0.1818181765289258,0.3076923022485208,0,0,0.4666666666666667,0.1999999998
5636.png,কয়েকজন মানুষ আছে।,0.3333333322222222,0.14285714265306124,0.1999999954000001,0.1999999954000001,0.0,0.1999999954000001,0,0,0.28,0.12499999984374999
3177.png,টুপি পরে লোকটি বসে আছে,0.3999999992,0.11764705875432525,0.1818181781404959,0.1818181781404959,0.0,0.1818181781404959,0,0,0.2666666666666667,0.10526315783933518
343218198_1ca90e0734.jpg,একটি কালো কুকুর একটি কালো কুকুর খেলছে,0.4285714279591837,0.5999999988,0.4999999943055557,0.4999999943055557,0.3999999944,0.4999999943055557,0,0,0.5,0.49999999916666665
1029802110.jpg,লাল রঙের জামা পরিহিত বাচ্চারা একজন মহিলার সাথে ইউরোপের রাস্তায় দাঁড়িয়ে আছে,0.16666666652777776,0.24999999968749997,0.1999999950000001,0.1999999950000001,0.0,0.1052631531301941,0,0,0.38,0.1111111110493827
2707969386_94dde00ce4.jpg,একটি কুকুর একটি বাধার উপর দিয়ে দৌড়াচ্ছে,0.571428570612245,0.6666666655555555,0.6153846094674558,0.6153846094674558,0.36363635801652905,0.6153846094674558,0,0,0.7777777777777778,0.49999999937499995
2591486448_48d5438343.jpg,একটি কুকুর একটি কুকুর,0.49999999875,0.2857142853061225,0.36363635834710756,0.36363635834710756,0.0,0.36363635834710756,0,0,0.42307692307692313,0.2857142853061225
8101.png,রাতের বেলা একটি <unk> একটি <unk>,0.16666666638888888,0.12499999984374999,0.1428571377551022,0.1428571377551022,0.0,0.1428571377551022,0,0,0.25806451612903225,0.09090909082644627
1262077938_8b9516c273.jpg,একজন মহিলা একটি পার্কের বেঞ্চে বসে আছে,0.8571428559183674,0.4285714282653061,0.5714285664399094,0.5714285664399094,0.3076923022485208,0.5333333276444445,0,0,0.7333333333333334,0.39999999973333333
3051754615_3d6494c2ae.jpg,একদল লোক একটি বিনোদন দিচ্ছে,0.5999999988,0.49999999916666665,0.5454545395041324,0.5454545395041324,0.4444444385185186,0.5454545395041324,0,0,0.7142857142857143,0.37499999953124996
3367851138_757d6bd2ef.jpg,একটি জাহাজ <unk>,0.6666666644444444,0.24999999968749997,0.36363635900826446,0.36363635900826446,0.0,0.36363635900826446,0,0,0.2941176470588235,0.24999999968749997
_MG_2689.JPG,একটি ট্রেন দাড়িয়ে আছে আর ট্রেন দাড়িয়ে আছে আর ট্রেন দাড়িয়ে আছে আর ট্রেন দাড়িয়ে আছে আর ট্রেন দাড়িয়ে আছে আর ট্রেন দাড়িয়ে আছে আর ট্রেন দাড়িয়ে আছে আর ট্রেন দাড়িয়ে আছে আর ট্রেন দাড়িয়ে আছে আর ট্রেন দাড়িয়ে আছে,0.07499999998125,0.7499999981250001,0.13636363464876033,0.13636363464876033,0.09523809386621315,0.13636363464876033,0,0,0.1428571428571429,0.49999999916666665
7426.png,একটি লোক একটি <unk>,0.0,0.0,0.0,0.0,0.0,0.0,0,0,0.19047619047619047,0.0
3000428313_8a1e65e20e.jpg,একটি ছেলে একটি সুইমিং পুলে লাফ দিচ্ছে,0.2857142853061225,0.24999999968749997,0.2666666613333334,0.2666666613333334,0.15384614863905344,0.2666666613333334,0,0,0.36363636363636365,0.18181818165289254
837.png,একজন পুরুষ বসে আছে।,0.49999999875,0.49999999875,0.4999999937500001,0.4999999937500001,0.33333332722222225,0.4999999937500001,0,0,0.7142857142857143,0.33333333277777777
468310111_d9396abcbd.jpg,সবুজ ঘাসের মাঠে কয়েকটি গরু ঘাস খাচ্ছে।,0.14285714265306124,0.12499999984374999,0.13333332817777796,0.13333332817777796,0.0,0.13333332817777796,0,0,0.4,0.07142857137755101
3407584080_c6abf71ae3.jpg,একজন স্কিয়ার তুষারের উপর দিয়ে উড়ছে,0.33333333277777777,0.2857142853061225,0.3076923022485208,0.3076923022485208,0.0,0.3076923022485208,0,0,0.6451612903225806,0.18181818165289254
1801663973_5ad393caeb.jpg,একজন লোক একটি ছোট ছেলে একটি ছোট ছেলেকে একটি ঘাসের উপর বসে আছে,0.46153846118343195,0.39999999973333333,0.4285714232908164,0.4285714232908164,0.07692307189349143,0.28571428053571435,0,0,0.3913043478260869,0.2777777776234568
3436418401_b00ceb27c0.jpg,একটি মেয়ে সৈকতের পানিতে ভিজে গেলো,0.33333333277777777,0.3999999992,0.36363635801652905,0.36363635801652905,0.0,0.1818181765289258,0,0,0.4285714285714286,0.2222222219753086
4317.png,একটি নৌকায় একজন মানুষ আছে।,0.5999999988,0.4285714279591837,0.4999999943055557,0.4999999943055557,0.1999999948000001,0.4999999943055557,0,0,0.5714285714285714,0.3333333329629629
1664.png,একটি শিশু দাড়িয়ে আছে।,0.249999999375,0.1999999996,0.2222222167901236,0.2222222167901236,0.0,0.2222222167901236,0,0,0.4285714285714286,0.12499999984374999
7011.png,একটি নৌকায় দুইজন মানুষ আছে।,0.5999999988,0.49999999916666665,0.5454545395041324,0.5454545395041324,0.0,0.36363635801652905,0,0,0.34782608695652173,0.37499999953124996
3215081286_d55541aa6b.jpg,একটি <unk> একটি ব্যস্ত শহরে একটি ব্যস্ত শহরে একটি ব্যস্ত শহরে একটি ব্যস্ত শহরে একটি ব্যস্ত শহরে একটি ব্যস্ত শহরে একটি ব্যস্ত শহরে একটি ব্যস্ত শহরে একটি ব্যস্ত শহরে একটি ব্যস্ত শহরে একটি ব্যস্ত শহরে একটি ব্যস্ত শহরে একটি ব্যস্ত,0.02499999999375,0.14285714265306124,0.04255318893617037,0.04255318893617037,0.0,0.04255318893617037,0,0,0.18023255813953487,0.0999999999
6902.png,একজন পুরুষ একটি পতাকা হাতে নিয়ে যাচ্ছে।,0.2857142853061225,0.49999999875,0.36363635834710756,0.36363635834710756,0.2222222172839507,0.36363635834710756,0,0,0.46153846153846156,0.2222222219753086
2030.png,কয়েকজন মানুষ আছে।,0.6666666644444444,0.3999999992,0.49999999406250006,0.49999999406250006,0.0,0.49999999406250006,0,0,0.5882352941176471,0.33333333277777777
3474999131_788cbf253f.jpg,একটি কুকুর একটি বাধা পার হচ্ছে।,0.49999999916666665,0.4285714279591837,0.4615384558579882,0.4615384558579882,0.36363635801652905,0.4615384558579882,0,0,0.625,0.2222222219753086
7893.png,একজন নারী আছে।,0.9999999966666667,0.49999999916666665,0.6666666607407408,0.6666666607407408,0.28571428081632655,0.6666666607407408,0,0,0.4347826086956522,0.49999999916666665
9034.png,একজন নারী একটি ঝুড়ি নিয়ে দাড়িয়ে আছে,0.14285714265306124,0.249999999375,0.1818181768595043,0.1818181768595043,0.0,0.1818181768595043,0,0,0.41666666666666663,0.0999999999
8391.png,একটি নৌকায় দুইজন মানুষ আছে।,0.7999999984,0.6666666655555555,0.7272727209917357,0.7272727209917357,0.4444444385185186,0.7272727209917357,0,0,0.7083333333333333,0.571428570612245
1264.png,৩ জন পুরুষ ও পিছনে অনেকগুলো পুরুষ দাড়িয়ে আছে।,0.5555555549382716,0.7142857132653061,0.624999994296875,0.624999994296875,0.2857142804081633,0.624999994296875,0,0,0.7419354838709677,0.49999999949999996
820169182_f5e78d7d19.jpg,একটি ছোট বাচ্চা একটি রঙিন প্লাস্টিকের রঙিন প্লাস্টিকের রঙিন প্লাস্টিকের রঙিন প্লাস্টিকের রঙিন প্লাস্টিকের রঙিন প্লাস্টিকের রঙিন প্লাস্টিকের রঙিন প্লাস্টিকের রঙিন প্লাস্টিকের রঙিন প্লাস্টিকের রঙিন প্লাস্টিকের রঙিন প্লাস্টিকের রঙিন প্লাস্টিকের রঙিন প্লাস্টিকের রঙিন প্লাস্টিকের রঙিন প্লাস্টিকের রঙিন প্লাস্টিকের রঙিন প্লাস্টিকের,0.07499999998125,0.49999999916666665,0.1304347802835539,0.1304347802835539,0.045454543419421574,0.1304347802835539,0,0,0.1132075471698113,0.37499999953124996
7864.png,একটি নৌকায় কয়েকজন মানুষ আছে।,0.7999999984,0.7999999984,0.7999999934,0.7999999934,0.4999999937500001,0.7999999934,0,0,0.85,0.6666666655555555
8421.png,একটি শিশু আছে।,0.6666666644444444,0.49999999875,0.5714285648979592,0.5714285648979592,0.0,0.5714285648979592,0,0,0.5833333333333333,0.3999999992
3547524138_4157f660b0.jpg,একদল মহিলা একটি <unk>,0.49999999875,0.33333333277777777,0.3999999944,0.3999999944,0.0,0.3999999944,0,0,0.4347826086956522,0.24999999968749997
3259579174_30a8a27058.jpg,একটি শিশু একটি সুইমিং পুলে,0.1999999996,0.0999999999,0.13333332871111125,0.13333332871111125,0.0,0.13333332871111125,0,0,0.3157894736842105,0.08333333326388888
870.png,একটি শিশু আছে।,0.9999999966666667,0.4285714279591837,0.5999999946000001,0.5999999946000001,0.24999999562500003,0.5999999946000001,0,0,0.375,0.4285714279591837
3509.png,একজন পুরুষ দাড়িয়ে আছে।,0.49999999875,0.6666666644444444,0.5714285648979592,0.5714285648979592,0.0,0.5714285648979592,0,0,0.6,0.3999999992
2602679255_785b851b46.jpg,একজন মহিলা একটি সাইকেল হাতে নিয়ে দাঁড়িয়ে আছে,0.37499999953124996,0.37499999953124996,0.37499999453125,0.37499999453125,0.1999999952500001,0.37499999453125,0,0,0.33333333333333337,0.23076923059171597
3351586010_7ffaa90ea8.jpg,একটি রাস্তায় এক লোক তার পিছনে একটি <unk>,0.24999999968749997,0.33333333277777777,0.2857142804081633,0.2857142804081633,0.0,0.2857142804081633,0,0,0.3448275862068966,0.18181818165289254
6500.png,একজন মেয়ে হাঁসি মুখে তাকিয়ে আছে।,0.33333333277777777,0.49999999875,0.3999999944,0.3999999944,0.0,0.3999999944,0,0,0.5,0.24999999968749997
5975.png,একটি <unk>,0.4999999975,0.16666666638888888,0.24999999562500003,0.24999999562500003,0.0,0.24999999562500003,0,0,0.16666666666666663,0.14285714265306124
6015.png,একটা সাদা বেলুন আছে।,0.0,0.0,0.0,0.0,0.0,0.0,0,0,0.2692307692307693,0.0
1509786421_f03158adfc.jpg,একটি ছেলে নীল রঙের জামা পরে আছে।,0.2857142853061225,0.15384615372781063,0.1999999952500001,0.1999999952500001,0.0,0.1999999952500001,0,0,0.41666666666666663,0.1111111110493827
203114209_e4cd71a6b7.jpg,একটি ছেলে একটি <unk>,0.49999999875,0.14285714275510203,0.22222221851851853,0.22222221851851853,0.0,0.22222221851851853,0,0,0.38095238095238093,0.13333333324444444
315021440_122d56ebd7.jpg,একটি কুকুর একটি ছোট কুকুর একটি বিশাল বাদামি কুকুর একটি বিশাল বাদামি কুকুর একটি বিশাল বাদামি কুকুর একটি বিশাল বাদামি কুকুর একটি বিশাল বাদামি কুকুর একটি বিশাল বাদামি কুকুর একটি বিশাল বাদামি কুকুর একটি বিশাল বাদামি কুকুর একটি বিশাল বাদামি,0.0499999999875,0.2857142853061225,0.08510638040742426,0.08510638040742426,0.0,0.08510638040742426,0,0,0.13291139240506333,0.1999999998
1579198375_84b18e003a.jpg,একজন মহিলা তার <unk>,0.49999999875,0.49999999875,0.4999999937500001,0.4999999937500001,0.33333332722222225,0.4999999937500001,0,0,0.625,0.33333333277777777
3315323307_bd148a8964.jpg,একটি কুকুর একটি পথ ধরে ছুটে চলেছে,0.2857142853061225,0.33333333277777777,0.3076923022485208,0.3076923022485208,0.1818181765289258,0.3076923022485208,0,0,0.4411764705882353,0.1999999998
488590040_35a3e96c89.jpg,একজন লোক একটি <unk>,0.249999999375,0.14285714265306124,0.1818181768595043,0.1818181768595043,0.0,0.1818181768595043,0,0,0.2777777777777778,0.0999999999
4879.png,একটি সেতু আছে।,0.3333333322222222,0.1111111109876543,0.16666666263888896,0.16666666263888896,0.0,0.16666666263888896,0,0,0.2727272727272727,0.09090909082644627
143688895_e837c3bc76.jpg,একজন লোক একটি খাড়া পাথর বেয়ে উঠছে,0.4285714279591837,0.3333333329629629,0.374999994609375,0.374999994609375,0.16666666138888903,0.28571428030612256,0,0,0.72,0.23076923059171597
3227594168_3351722aae.jpg,একটি মেয়ে একটি <unk>,0.249999999375,0.1111111109876543,0.15384614934911253,0.15384614934911253,0.0,0.15384614934911253,0,0,0.21875,0.09090909082644627
3423.png,একটি শিশু আছে।,0.6666666644444444,0.2857142853061225,0.39999999500000005,0.39999999500000005,0.24999999562500003,0.39999999500000005,0,0,0.33333333333333337,0.24999999968749997
1033767085.jpg,একটি ছেলে একটি <unk>,0.7499999981250001,0.19999999986666667,0.31578947002770086,0.31578947002770086,0.0,0.31578947002770086,0,0,0.4,0.14285714275510203
2795287622_da187a3e86.jpg,একটি ছেলে সুইমিংপুলে ঝাপিয়ে পরলো,0.1999999996,0.1999999996,0.19999999460000012,0.19999999460000012,0.0,0.19999999460000012,0,0,0.6666666666666667,0.1111111109876543
3192069971_83c5a90b4c.jpg,একটি ছোট ছেলে একটি লাল টুপি পরে একটি লাল টুপি পরে একটি লাল টুপি পরে একটি লাল টুপি পরে একটি লাল টুপি পরে একটি লাল টুপি পরে একটি লাল টুপি পরে একটি লাল টুপি পরে একটি লাল টুপি পরে একটি,0.0499999999875,0.2222222219753086,0.08163265002915464,0.08163265002915464,0.0,0.08163265002915464,0,0,0.2153846153846154,0.15384615372781063
3724759125_2dc0e1f4a3.jpg,একটি ছেলে একটি ছোট ছেলে তার পিছনে একটি ছোট ছেলে তার পিছনে একটি ছোট ছেলে তার পিছনে একটি ছোট ছেলে তার পিছনে একটি ছোট ছেলে তার পিছনে একটি ছোট ছেলে তার পিছনে একটি ছোট ছেলে তার পিছনে একটি ছোট ছেলে,0.07499999998125,0.3333333329629629,0.1224489765431071,0.1224489765431071,0.0,0.1224489765431071,0,0,0.23703703703703705,0.18181818165289254
2998861375_02817e0147.jpg,একজন পুলিশ কর্মকর্তা,0.0,0.0,0.0,0.0,0.0,0.0,0,0,0.24,0.0
3203742047_6a55065411.jpg,একজন লোক একটি বরফের মধ্যে একটি বরফের মধ্যে একটি বরফের মধ্যে একটি বরফের মধ্যে একটি বরফের মধ্যে একটি বরফের মধ্যে একটি বরফের মধ্যে একটি বরফের মধ্যে একটি বরফের মধ্যে একটি বরফের মধ্যে একটি বরফের মধ্যে একটি বরফের মধ্যে একটি বরফের,0.07499999998125,0.37499999953124996,0.12499999717013895,0.12499999717013895,0.043478258270321514,0.08333333052083343,0,0,0.18604651162790697,0.29999999969999996
7570.png,একজন নারী আছে।,0.6666666644444444,0.2857142853061225,0.39999999500000005,0.39999999500000005,0.0,0.39999999500000005,0,0,0.4,0.24999999968749997
1098.png,কয়েকজন মানুষ আছে।,0.3333333322222222,0.1111111109876543,0.16666666263888896,0.16666666263888896,0.0,0.16666666263888896,0,0,0.2571428571428571,0.09090909082644627
3406409018_03de95181e.jpg,একজন হকি খেলোয়াড় রা গোল করার চেষ্টা করছেন,0.6249999992187499,0.49999999949999996,0.5555555500000001,0.5555555500000001,0.24999999476562512,0.4444444390123457,0,0,0.631578947368421,0.3846153843195266
7602.png,একজন মানুষ দেখা যাচ্ছে।,0.49999999875,0.33333333277777777,0.3999999944,0.3999999944,0.24999999468750006,0.3999999944,0,0,0.4782608695652174,0.24999999968749997
4094.png,কয়েকজন মানুষ আছে।,0.3333333322222222,0.1111111109876543,0.16666666263888896,0.16666666263888896,0.0,0.16666666263888896,0,0,0.23529411764705888,0.09090909082644627
2568417021_afa68423e5.jpg,একটি ছেলে একটি <unk>,0.9999999975,0.3333333330555555,0.49999999562499997,0.49999999562499997,0.18181817752066123,0.37499999578125004,0,0,0.34782608695652173,0.29999999969999996
312156254_ef31dca5ed.jpg,একটি কালো কুকুর একটি ফুটবল নিয়ে একটি কালো ফুটবল নিয়ে একটি কালো ফুটবল নিয়ে একটি কালো ফুটবল নিয়ে একটি কালো ফুটবল নিয়ে একটি কালো ফুটবল নিয়ে একটি কালো ফুটবল নিয়ে একটি কালো ফুটবল নিয়ে একটি কালো ফুটবল নিয়ে একটি কালো,0.099999999975,0.3333333330555555,0.15384615023668646,0.15384615023668646,0.08695651912098307,0.15384615023668646,0,0,0.2214765100671141,0.29999999969999996
3522989916_f20319cc59.jpg,দুটি কুকুর ঘাসে লড়াই করছে,0.3999999992,0.3999999992,0.39999999420000004,0.39999999420000004,0.2499999943750001,0.39999999420000004,0,0,0.6666666666666667,0.24999999968749997
2053006423_6adf69ca67.jpg,একটি ছেলে একটি পাথরের উপরে একটি <unk> <unk>,0.12499999984374999,0.1111111109876543,0.11764705370242234,0.11764705370242234,0.0,0.11764705370242234,0,0,0.31707317073170727,0.07692307686390532
3302.png,একটি নৌকায় কয়েকজন মানুষ আছে।,0.7999999984,0.3636363633057851,0.499999995078125,0.499999995078125,0.14285713857142868,0.499999995078125,0,0,0.475,0.3999999996
1394368714_3bc7c19969.jpg,একজন লোক কে <unk>,0.49999999875,0.2222222219753086,0.3076923029585799,0.3076923029585799,0.18181817752066123,0.3076923029585799,0,0,0.2941176470588235,0.18181818165289254
9052.png,সূর্যের আলোয় আলোকিত করে যাচ্ছে।,0.0,0.0,0.0,0.0,0.0,0.0,0,0,0.22857142857142854,0.0
2934801096_230ae78d7e.jpg,একজন লোক একটি <unk>,0.49999999875,0.16666666652777776,0.2499999959375,0.2499999959375,0.0,0.2499999959375,0,0,0.23809523809523814,0.15384615372781063
210686241_b8e069fff3.jpg,একজন পুরুষ আছে।,0.0,0.0,0.0,0.0,0.0,0.0,0,0,0.4285714285714286,0.0
3591462960_86045906bd.jpg,একজন পুরুষ ও একটি ষাঁড়ের লড়াইয়ে <unk>,0.2857142853061225,0.1999999998,0.23529411252595167,0.23529411252595167,0.0,0.23529411252595167,0,0,0.34285714285714286,0.13333333324444444
IMG_2416.JPG,লোক টি বসে আছে,0.49999999875,0.49999999875,0.4999999937500001,0.4999999937500001,0.0,0.4999999937500001,0,0,0.5833333333333333,0.33333333277777777
3530342993_a4a1f0e516.jpg,একটি ছেলে তার সাইকেল নিয়ে একটি <unk>,0.2857142853061225,0.2222222219753086,0.24999999476562512,0.24999999476562512,0.1428571377551022,0.24999999476562512,0,0,0.4285714285714286,0.15384615372781063
460350019_af60511a3b.jpg,একটি কুকুর একটি কুকুরকে ধরে আছে,0.33333333277777777,0.33333333277777777,0.3333333277777778,0.3333333277777778,0.19999999460000012,0.3333333277777778,0,0,0.5,0.2222222219753086
2272426567_9e9fb79db0.jpg,একটি কুকুর তুষার দিয়ে চলছে,0.5999999988,0.5999999988,0.5999999938,0.5999999938,0.4999999937500001,0.5999999938,0,0,0.7777777777777778,0.4285714279591837
2720.png,একজন নারী আছে।,0.9999999966666667,0.49999999916666665,0.6666666607407408,0.6666666607407408,0.28571428081632655,0.6666666607407408,0,0,0.4545454545454546,0.49999999916666665
2907073768_08fd7bdf60.jpg,একজন সাইকেল আরোহী তার সাইকেল দিয়ে বাতাসে লাফিয়ে কসরত দেখাচ্ছেন,0.3999999996,0.3999999996,0.3999999946000001,0.3999999946000001,0.11111110598765454,0.3999999946000001,0,0,0.5813953488372092,0.26666666648888887
5803.png,একজন পুরুষ ছাতা নিয়ে হেটে যাচ্ছেন।,0.8333333319444445,0.3333333331111111,0.4761904716553288,0.4761904716553288,0.24999999468750006,0.4761904716553288,0,0,0.6818181818181819,0.3124999998046875
2378149488_648e5deeac.jpg,একটি ছেলে একটি শপিং কার্টের পিছনে অপেক্ষা করছে,0.37499999953124996,0.29999999969999996,0.3333333280246914,0.3333333280246914,0.13333332817777796,0.23529411238754333,0,0,0.38888888888888884,0.14285714275510203
2502835694_4fe121bbea.jpg,একটি স্মৃতিসৌধের সামনে একটি দালানের সামনে একদল লোক একটি দালানের সামনে কিছু লোক জড়ো হয়েছিল।,0.26666666648888887,0.571428570612245,0.36363635896694213,0.36363635896694213,0.19999999560000006,0.36363635896694213,0,0,0.3709677419354839,0.3333333330555555
2739331794_4ae78f69a0.jpg,একজন মোটরসাইকেল চালক,0.6666666644444444,0.3999999992,0.49999999406250006,0.49999999406250006,0.33333332777777785,0.49999999406250006,0,0,0.5714285714285714,0.33333333277777777
2751.png,দুজন লোক একটি সাদা শার্ট পরা একজন লোক একটি সাদা শার্ট পরা একজন লোক একটি সাদা শার্ট পরা একজন লোক একটি সাদা শার্ট পরা একজন লোক একটি সাদা শার্ট পরা একজন লোক একটি সাদা শার্ট পরা একজন লোক একটি সাদা,0.0,0.0,0.0,0.0,0.0,0.0,0,0,0.15172413793103445,0.0
5565.png,একটি মেয়ে শিশু আছে।,0.249999999375,0.249999999375,0.2499999943750001,0.2499999943750001,0.0,0.2499999943750001,0,0,0.5,0.14285714265306124
1718.png,একজন নারী ও চারজন পুরুষ আছে।,0.33333333277777777,0.24999999968749997,0.2857142804081633,0.2857142804081633,0.16666666152777793,0.2857142804081633,0,0,0.43333333333333335,0.18181818165289254
14.png,একটি দোকানে একজন পুরুষ বসে আছে।,0.33333333277777777,0.124999999921875,0.1818181776859505,0.1818181776859505,0.0,0.0909090868595043,0,0,0.24193548387096775,0.11764705875432525
5979.png,একটি ছেলে একটি পুকুরে লাফাচ্ছে,0.1999999996,0.1111111109876543,0.14285713806122466,0.14285713806122466,0.0,0.14285713806122466,0,0,0.23529411764705888,0.08333333326388888
7889.png,একজন মানুষ আছে।,0.6666666644444444,0.15384615372781063,0.24999999664062497,0.24999999664062497,0.0,0.24999999664062497,0,0,0.17647058823529416,0.16666666652777776
1379026456_153fd8b51b.jpg,একজন লোক তার হাতে একটি পানীয় হাতে নিয়ে দাঁড়িয়ে আছে,0.29999999969999996,0.29999999969999996,0.29999999470000005,0.29999999470000005,0.0,0.29999999470000005,0,0,0.47058823529411764,0.19999999986666667
3014546644_d53db746ec.jpg,একটি কালো কুকুর একটি ঘাসের মধ্য দিয়ে ছুটে চলেছে,0.4444444439506172,0.49999999937499995,0.4705882297577854,0.4705882297577854,0.13333332817777796,0.3999999946666667,0,0,0.5625,0.3333333330555555
3784.png,একটি শিশু একটি সবুজ ঘাসের উপর বসে আছে।,0.49999999937499995,0.3999999996,0.4444444390123457,0.4444444390123457,0.24999999476562512,0.4444444390123457,0,0,0.5625,0.30769230745562126
3268191118_ba25fabab6.jpg,একজন লোক তার স্কেটবোর্ড দিয়ে বাতাসে একটি ঢালু কাঠামোর উপর দিয়ে একটি ঢালু কাঠামোর উপর দিয়ে একটি ঢালু কাঠামোর উপর দিয়ে একটি ঢালু কাঠামোর উপর দিয়ে একটি ঢালু কাঠামোর উপর দিয়ে একটি ঢালু কাঠামোর উপর দিয়ে একটি ঢালু কাঠামোর উপর,0.099999999975,0.6666666655555555,0.17391304113421555,0.17391304113421555,0.09090908885330583,0.17391304113421555,0,0,0.16233766233766234,0.30769230745562126
5261.png,একটি মহিলা দাড়িয়ে আছে,0.7499999981250001,0.24999999979166665,0.37499999578125004,0.37499999578125004,0.14285713928571436,0.37499999578125004,0,0,0.6,0.23076923059171597
5083.png,একটি ছেলে রেল লাইনের উপর দিয়ে একটি রেল লাইনের পাশে একটি রেল লাইনের পাশে একটি রেল লাইনের পাশে একটি রেল লাইনের পাশে একটি রেল লাইনের পাশে একটি রেল লাইনের পাশে একটি রেল লাইনের পাশে একটি রেল লাইনের পাশে একটি রেল,0.02499999999375,0.3333333322222222,0.04651162658734455,0.04651162658734455,0.0,0.04651162658734455,0,0,0.08108108108108103,0.1111111109876543
1394927474_0afdd82fc4.jpg,একটি পুরাতন <unk> সামনে একটি বড় বড় দালানের সামনে একটি বড় বড় দালানের সামনে একটি বড় বড় দালানের সামনে একটি বড় বড় দালানের সামনে একটি বড় বড় দালানের সামনে একটি বড় বড় দালানের সামনে একটি বড় বড় দালানের সামনে একটি,0.12499999996875,0.3124999998046875,0.1785714244260205,0.1785714244260205,0.03703703301097437,0.1785714244260205,0,0,0.28104575163398693,0.24999999984375
1804.png,একটি শিশু আছে।,0.3333333322222222,0.09090909082644627,0.14285713928571436,0.14285713928571436,0.0,0.14285713928571436,0,0,0.1707317073170732,0.0999999999
2735979477_eef7c680f9.jpg,একটি কুকুর একটি কালো কুকুর দৌড়ে বেড়াচ্ছে,0.14285714265306124,0.1999999996,0.16666666152777793,0.16666666152777793,0.0,0.16666666152777793,0,0,0.5,0.1111111109876543
2971211296_2587c3924d.jpg,এক খেলোয়াড় একটি ফুটবল ধরে আছে,0.33333333277777777,0.33333333277777777,0.3333333277777778,0.3333333277777778,0.0,0.1818181765289258,0,0,0.36363636363636365,0.1999999998
3036.png,একজন নারী আছে।,0.9999999966666667,0.49999999916666665,0.6666666607407408,0.6666666607407408,0.28571428081632655,0.6666666607407408,0,0,0.4347826086956522,0.49999999916666665
3963.png,একজন লোক একটি <unk>,0.49999999875,0.49999999875,0.4999999937500001,0.4999999937500001,0.0,0.4999999937500001,0,0,0.42105263157894735,0.33333333277777777
123997871_6a9ca987b1.jpg,একজন লোক একটি <unk>,0.249999999375,0.1111111109876543,0.15384614934911253,0.15384614934911253,0.0,0.15384614934911253,0,0,0.2432432432432432,0.08333333326388888
6512.png,একটি শিশু আছে।,0.9999999966666667,0.9999999966666667,0.9999999916666666,0.9999999916666666,0.9999999900000001,0.9999999916666666,1,1,1.0,0.9999999966666667
4197.png,একজন নারী আছে।,0.6666666644444444,0.1999999998,0.3076923036686391,0.3076923036686391,0.0,0.3076923036686391,0,0,0.4285714285714286,0.18181818165289254
3674565156_14d3b41450.jpg,একজন মহিলা এবং একটি মেয়ে,0.5999999988,0.16666666657407406,0.2608695615879017,0.2608695615879017,0.09523809206349215,0.2608695615879017,0,0,0.2727272727272727,0.16666666657407406
1188.png,একজন পুরুষ দাড়িয়ে আছে।,0.7499999981250001,0.3333333329629629,0.4615384565680474,0.4615384565680474,0.18181817752066123,0.4615384565680474,0,0,0.4,0.3333333329629629
3225310099_d8e419ba56.jpg,একটি নৌকায় কয়েকজন মানুষ আছে।,0.5999999988,0.149999999925,0.239999996608,0.239999996608,0.0,0.16666666152777793,0,0,0.33333333333333337,0.149999999925
1985.png,নদীর পাড়ে কিছু মানুষ আছে।,0.1999999996,0.1999999996,0.19999999460000012,0.19999999460000012,0.0,0.19999999460000012,0,0,0.44999999999999996,0.1111111109876543
2866093652_aa717eb9ce.jpg,একদল লোক দর্শকদের সামনে একটি <unk>,0.33333333277777777,0.2857142853061225,0.3076923022485208,0.3076923022485208,0.0,0.3076923022485208,0,0,0.43333333333333335,0.18181818165289254
2935986346_29df6cf692.jpg,একটি কালো কুকুর একটি কালো কুকুর,0.33333333277777777,0.3999999992,0.36363635801652905,0.36363635801652905,0.0,0.36363635801652905,0,0,0.4285714285714286,0.33333333277777777
916.png,একটি মাঠে অনেকগুলো মানুষ আছে।,0.5999999988,0.7499999981250001,0.6666666602469137,0.6666666602469137,0.28571428000000004,0.6666666602469137,0,0,0.42105263157894735,0.49999999916666665
8397.png,একজন নারী আছে।,0.3333333322222222,0.16666666638888888,0.2222222172839507,0.2222222172839507,0.0,0.2222222172839507,0,0,0.34782608695652173,0.12499999984374999
2662.png,একজন পুরুষ দাড়িয়ে আছে।,0.7499999981250001,0.5999999988,0.6666666602469137,0.6666666602469137,0.28571428000000004,0.6666666602469137,0,0,0.5,0.49999999916666665
608257195_6ec6f48e37.jpg,একজন লোক একটি বন্য রাস্তা দিয়ে সাইকেল চালাচ্ছে,0.37499999953124996,0.37499999953124996,0.37499999453125,0.37499999453125,0.14285713765306143,0.37499999453125,0,0,0.53125,0.23076923059171597
2930622766_fa8f84deb1.jpg,একটি ছেলে একটি ভবন।,0.49999999875,0.14285714275510203,0.22222221851851853,0.22222221851851853,0.0,0.22222221851851853,0,0,0.2264150943396226,0.07692307686390532
2689.png,একটি মঞ্চে দাড়িয়ে আছে কিছু ছেলেমেয়ে।,0.16666666638888888,0.12499999984374999,0.1428571377551022,0.1428571377551022,0.0,0.1428571377551022,0,0,0.30000000000000004,0.07692307686390532
949.png,একজন মানুষ আছে।,0.0,0.0,0.0,0.0,0.0,0.0,0,0,0.2857142857142857,0.0
5486.png,একটা ছেলে দাঁড়ায় আছে,0.249999999375,0.16666666638888888,0.1999999948000001,0.1999999948000001,0.0,0.1999999948000001,0,0,0.55,0.1111111109876543
2187904131_96ea83b9b5.jpg,একটি পরিবার স্কি করছে,0.49999999875,0.3999999992,0.4444444385185186,0.4444444385185186,0.28571428000000004,0.4444444385185186,0,0,0.47058823529411764,0.2857142853061225
7237.png,একটি শিশু দাড়িয়ে আছে।,0.49999999875,0.14285714275510203,0.22222221851851853,0.22222221851851853,0.0,0.22222221851851853,0,0,0.38095238095238093,0.124999999921875
4837.png,একটি নৌকায় একজন মানুষ আছে।,0.0,0.0,0.0,0.0,0.0,0.0,0,0,0.2647058823529411,0.0
6282.png,একজন নারী আছে।,0.3333333322222222,0.3333333322222222,0.33333332722222225,0.33333332722222225,0.0,0.33333332722222225,0,0,0.6,0.1999999996
3697378565_7060d9281a.jpg,একটি <unk> <unk> <unk> <unk> <unk> <unk> <unk> <unk> <unk> <unk> <unk> <unk> <unk> <unk> <unk> <unk> <unk> <unk> <unk> <unk> <unk> <unk> <unk> <unk> <unk> <unk> <unk> <unk> <unk> <unk> <unk> <unk> <unk> <unk> <unk> <unk> <unk> <unk> <unk>,0.02499999999375,0.14285714265306124,0.04255318893617037,0.04255318893617037,0.0,0.04255318893617037,0,0,0.0691823899371069,0.12499999984374999
9041.png,ধান ক্ষেতের পথ ধরে হেটে যাচ্ছে কিছু মানুষ।,0.0,0.0,0.0,0.0,0.0,0.0,0,0,0.25,0.0
3198231851_6b1727482b.jpg,একটি কুকুর একটি বল নিয়ে খেলছে,0.33333333277777777,0.33333333277777777,0.3333333277777778,0.3333333277777778,0.0,0.3333333277777778,0,0,0.40909090909090906,0.2222222219753086
9026.png,জমিতে একজন মানুষ কাজ করছে।,0.3999999992,0.6666666644444444,0.49999999406250006,0.49999999406250006,0.33333332777777785,0.49999999406250006,0,0,0.5263157894736843,0.33333333277777777
3421480658_b3518b6819.jpg,একটি ছোট বাচ্চা একটি <unk> বসে আছে।,0.571428570612245,0.3636363633057851,0.4444444391975309,0.4444444391975309,0.24999999500000003,0.4444444391975309,0,0,0.44999999999999996,0.23076923059171597
538.png,একজন পুরুষ কাজ করছে।,0.7499999981250001,0.7499999981250001,0.7499999931250001,0.7499999931250001,0.33333332722222225,0.7499999931250001,0,0,0.8666666666666667,0.5999999988
2956895529_ec6275060e.jpg,একটি ছেলে তার সাইকেল দিয়ে বাতাসে লাফিয়ে কসরত দেখাচ্ছেন,0.3333333329629629,0.29999999969999996,0.31578946836565097,0.31578946836565097,0.16666666194444454,0.2857142807142858,0,0,0.4722222222222222,0.19999999986666667
6658.png,কিছু ছেলে একটি ছেলে দাড়িয়ে আছে যার মাঝে কিছু মানুষ দাড়িয়ে আছে।,0.16666666652777776,0.24999999968749997,0.1999999950000001,0.1999999950000001,0.11111110623456812,0.1999999950000001,0,0,0.41025641025641024,0.15384615372781063
431.png,দোকানে একজন পুরুষ বসে আছে।,0.1999999996,0.14285714265306124,0.16666666152777793,0.16666666152777793,0.0,0.16666666152777793,0,0,0.33333333333333337,0.09090909082644627
3085667865_fa001816be.jpg,একটি ছেলে পানিতে লাফ দিচ্ছে,0.1999999996,0.16666666638888888,0.1818181765289258,0.1818181765289258,0.0,0.1818181765289258,0,0,0.36363636363636365,0.0999999999
2592019072_a6c0090da4.jpg,একটি মেয়ে দড়িলাফ দিচ্ছে,0.49999999875,0.1999999998,0.28571428122448983,0.28571428122448983,0.0,0.28571428122448983,0,0,0.4736842105263158,0.18181818165289254
434792818_56375e203f.jpg,এক লোক একটি লাল <unk>,0.3999999992,0.33333333277777777,0.36363635801652905,0.36363635801652905,0.16666666194444454,0.36363635801652905,0,0,0.36,0.2222222219753086
5496.png,একজন পুরুষ হাতে কচ্ছপ নিয়ে আছে।,0.33333333277777777,0.24999999968749997,0.2857142804081633,0.2857142804081633,0.0,0.2857142804081633,0,0,0.29166666666666663,0.16666666652777776
5543.png,কয়েকজন পুরুষ বসে আছে।,0.49999999875,0.6666666644444444,0.5714285648979592,0.5714285648979592,0.0,0.5714285648979592,0,0,0.6666666666666667,0.3999999992
640203018_c0e7175831.jpg,একটি সাইকেল হাতে একটি সাইকেল চালাচ্ছে,0.49999999916666665,0.2727272724793388,0.3529411714878893,0.3529411714878893,0.13333332871111125,0.3529411714878893,0,0,0.5128205128205128,0.18181818165289254
2949014128_0d96196261.jpg,দুজন ছেলে একটি ফুটবল খেলছে,0.3999999992,0.16666666652777776,0.23529411321799312,0.23529411321799312,0.0,0.23529411321799312,0,0,0.42105263157894735,0.13333333324444444
3155451946_c0862c70cb.jpg,একজন বাস্কেটবল খেলোয়াড় বল হাতে নিয়ে দাঁড়িয়ে আছে,0.37499999953124996,0.3333333329629629,0.3529411710726644,0.3529411710726644,0.13333332817777796,0.3529411710726644,0,0,0.5405405405405406,0.21428571413265304
6035.png,একজন নারী কোমরে বোঝা নিয়ে হেঁটে আসছে।,0.4285714279591837,0.4285714279591837,0.42857142295918377,0.42857142295918377,0.3333333277777778,0.42857142295918377,0,0,0.625,0.2727272724793388
7111.png,একজন পুরুষ বসে আছে।,0.9999999975,0.4444444439506172,0.6153846101775148,0.6153846101775148,0.5454545404958677,0.6153846101775148,0,0,0.4,0.49999999937499995
370713359_7560808550.jpg,একটি টেবিলে বসে আছে,0.49999999875,0.2222222219753086,0.3076923029585799,0.3076923029585799,0.0,0.3076923029585799,0,0,0.38888888888888884,0.1999999998
5617.png,পানিতে একজন মানুষ আছে।,0.249999999375,0.0999999999,0.14285713857142868,0.14285713857142868,0.0,0.14285713857142868,0,0,0.19999999999999996,0.07692307686390532
1418266617_b32143275b.jpg,একটি কুকুর একটি লাল রঙের কুকুর,0.49999999916666665,0.23076923059171597,0.31578946903047095,0.31578946903047095,0.0,0.31578946903047095,0,0,0.4285714285714286,0.18181818165289254
3189964753_a95536ced9.jpg,একদল লোক দাড়িয়ে আছে,0.249999999375,0.1111111109876543,0.15384614934911253,0.15384614934911253,0.0,0.15384614934911253,0,0,0.33333333333333337,0.08333333326388888
4638.png,একটি পর্যটন এলাকায় কয়েকজন মানুষ আছে।,0.16666666638888888,0.14285714265306124,0.15384614863905344,0.15384614863905344,0.0,0.15384614863905344,0,0,0.2962962962962963,0.09090909082644627
8869.png,একটি সেতু আছে।,0.3333333322222222,0.1999999996,0.24999999468750006,0.24999999468750006,0.0,0.24999999468750006,0,0,0.33333333333333337,0.14285714265306124
6546.png,একটি শিশু আছে।,0.6666666644444444,0.49999999875,0.5714285648979592,0.5714285648979592,0.39999999360000005,0.5714285648979592,0,0,0.6153846153846154,0.3999999992
1248953128_24c9f8d924.jpg,একটি শিশু একটি ছেলে একটি ফুটবলে লাথি দিচ্ছে,0.12499999984374999,0.12499999984374999,0.12499999484375018,0.12499999484375018,0.0,0.12499999484375018,0,0,0.5,0.07692307686390532
3522349685_f046f0e250.jpg,একজন মহিলা একটি <unk>,0.249999999375,0.1999999996,0.2222222167901236,0.2222222167901236,0.0,0.2222222167901236,0,0,0.34782608695652173,0.12499999984374999
191003285_edd8d0cf58.jpg,একটি ছেলে একটি ইটের তৈরি আসনে বসে আছে,0.37499999953124996,0.19999999986666667,0.26086956045368626,0.26086956045368626,0.0,0.24999999468750006,0,0,0.3928571428571429,0.15384615372781063
5812.png,একজন পুরুষ আছে।,0.6666666644444444,0.33333333277777777,0.44444443901234576,0.44444443901234576,0.0,0.44444443901234576,0,0,0.40909090909090906,0.2857142853061225
5847.png,একটি <unk> দোকানে একজন লোক বসে আছে আর একজন লোক বসে আছে আর একজন লোক বসে আছে আর একজন লোক বসে আছে আর একজন লোক বসে আছে আর একজন লোক বসে আছে আর একজন লোক বসে আছে আর একজন লোক,0.0499999999875,0.24999999968749997,0.08333333052083343,0.08333333052083343,0.0,0.08333333052083343,0,0,0.17391304347826086,0.14285714275510203
381976882_0063d16d88.jpg,একটি কুকুর একটি কুকুর একটি কুকুর একটি কুকুর একটি কুকুর একটি কুকুর একটি কুকুর একটি কুকুর একটি কুকুর একটি কুকুর একটি কুকুর একটি কুকুর একটি কুকুর একটি কুকুর একটি কুকুর একটি কুকুর একটি কুকুর একটি কুকুর একটি কুকুর একটি কুকুর,0.0499999999875,0.24999999968749997,0.08333333052083343,0.08333333052083343,0.043478258270321514,0.08333333052083343,0,0,0.11949685534591192,0.24999999968749997
8451.png,কয়েকজন পুরুষ দাড়িয়ে আছে।,0.49999999875,0.6666666644444444,0.5714285648979592,0.5714285648979592,0.0,0.5714285648979592,0,0,0.5625,0.3999999992
8630.png,একটি গরু আছে।,0.6666666644444444,0.33333333277777777,0.44444443901234576,0.44444443901234576,0.28571428081632655,0.44444443901234576,0,0,0.35,0.2857142853061225
5698.png,একটি শিশু দাড়িয়ে আছে।,0.49999999875,0.49999999875,0.4999999937500001,0.4999999937500001,0.33333332722222225,0.4999999937500001,0,0,0.6923076923076923,0.33333333277777777
146.png,একজন পুরুষ বসে কাজ করছে।,0.3999999992,0.33333333277777777,0.36363635801652905,0.36363635801652905,0.2222222167901236,0.36363635801652905,0,0,0.34782608695652173,0.2222222219753086
6107.png,একটি বড় গাছ ও ভবন আছে।,0.16666666638888888,0.14285714265306124,0.15384614863905344,0.15384614863905344,0.0,0.15384614863905344,0,0,0.33333333333333337,0.08333333326388888
2836325261_a3bf5c59be.jpg,একজন মহিলা একটি ঐতিহ্যবাহী পোশাকে।,0.5999999988,0.2727272724793388,0.374999995234375,0.374999995234375,0.28571428122448983,0.374999995234375,0,0,0.32432432432432434,0.23076923059171597
3357.png,রাস্তা দিয়ে কয়েকজন মানুষ আছে।,0.3999999992,0.49999999875,0.4444444385185186,0.4444444385185186,0.28571428000000004,0.4444444385185186,0,0,0.3157894736842105,0.2857142853061225
1067180831.jpg,কুকুরটি ঘাসের উপর লাফ দিচ্ছে,0.1999999996,0.14285714265306124,0.16666666152777793,0.16666666152777793,0.0,0.16666666152777793,0,0,0.4,0.0999999999
3616846215_d61881b60f.jpg,একজন পুরুষ আছে।,0.3333333322222222,0.09090909082644627,0.14285713928571436,0.14285713928571436,0.0,0.14285713928571436,0,0,0.26315789473684215,0.07692307686390532
2711720095_0b98426d3c.jpg,একজন লোক একটি ছবির জন্য অংগভংগি করছেন,0.4285714279591837,0.2727272724793388,0.33333332820987654,0.33333332820987654,0.2352941128027682,0.33333332820987654,0,0,0.3555555555555555,0.19999999986666667
3222842866_cb85243ce4.jpg,একটি কুকুর একটি লাল রঙের কুকুর,0.33333333277777777,0.3999999992,0.36363635801652905,0.36363635801652905,0.0,0.36363635801652905,0,0,0.4545454545454546,0.2857142853061225
3496028495_431cfdc042.jpg,একটি কুকুর সাঁতার কাটছে।,0.7499999981250001,0.3333333329629629,0.4615384565680474,0.4615384565680474,0.2222222172839507,0.4615384565680474,0,0,0.46875,0.29999999969999996
3595398879_13e33b8916.jpg,একজন লোক একটি <unk>,0.49999999875,0.18181818165289254,0.26666666240000003,0.26666666240000003,0.0,0.26666666240000003,0,0,0.2666666666666667,0.16666666652777776
6374.png,একটি শিশু আছে।,0.6666666644444444,0.49999999875,0.5714285648979592,0.5714285648979592,0.39999999360000005,0.5714285648979592,0,0,0.5,0.3999999992
3498240367_cbd8c6efbf.jpg,একজন নারী আছে।,0.0,0.0,0.0,0.0,0.0,0.0,0,0,0.20833333333333337,0.0
3259757648_71edb4347b.jpg,একটি কুকুর একটি ফ্রিসবি ধরার চেষ্টা করছে,0.4285714279591837,0.4285714279591837,0.42857142295918377,0.42857142295918377,0.3333333277777778,0.42857142295918377,0,0,0.5714285714285714,0.1999999998
5096.png,অনেকগুলো মানুষ আছে।,0.9999999966666667,0.7499999981250001,0.8571428497959185,0.8571428497959185,0.799999992,0.8571428497959185,0,0,0.7058823529411764,0.7499999981250001
965.png,একটি শিশু একটি <unk>,0.249999999375,0.16666666638888888,0.1999999948000001,0.1999999948000001,0.0,0.1999999948000001,0,0,0.33333333333333337,0.12499999984374999
6694.png,একজন লোক একটি <unk>,0.249999999375,0.14285714265306124,0.1818181768595043,0.1818181768595043,0.0,0.1818181768595043,0,0,0.3214285714285714,0.0999999999
9080.png,একজন পুরুষ আছে।,0.3333333322222222,0.3333333322222222,0.33333332722222225,0.33333332722222225,0.0,0.33333332722222225,0,0,0.5454545454545454,0.1999999996
8106.png,একজন নারী বসে আছে।,0.49999999875,0.49999999875,0.4999999937500001,0.4999999937500001,0.33333332722222225,0.4999999937500001,0,0,0.5384615384615384,0.33333333277777777
5779.png,একজন মানুষ আছে।,0.6666666644444444,0.33333333277777777,0.44444443901234576,0.44444443901234576,0.0,0.44444443901234576,0,0,0.375,0.2857142853061225
3288839246_fdb00395ae.jpg,লাল রঙের জামা পরিহিত একজন মেয়ে একটি দড়ি ধরে আছে,0.29999999969999996,0.23076923059171597,0.2608695600756144,0.2608695600756144,0.09523809024943336,0.2608695600756144,0,0,0.3653846153846154,0.15789473675900276
3519.png,একজন পুরুষ বসে ভিক্ষা করছে আর তার পাশে বসে আছে।,0.1999999998,0.3999999992,0.2666666618666667,0.2666666618666667,0.15384614934911253,0.2666666618666667,0,0,0.4411764705882353,0.16666666652777776
2925577165_b83d31a7f6.jpg,একজন লোক একটি আলোকিত একটি আলোকিত একটি আলোকিত একটি আলোকিত একটি আলোকিত একটি আলোকিত একটি আলোকিত একটি আলোকিত একটি আলোকিত একটি আলোকিত একটি আলোকিত একটি আলোকিত একটি আলোকিত একটি আলোকিত একটি আলোকিত একটি আলোকিত একটি আলোকিত একটি আলোকিত একটি আলোকিত,0.02499999999375,0.249999999375,0.04545454378099179,0.04545454378099179,0.0,0.04545454378099179,0,0,0.1404494382022472,0.14285714265306124
7926.png,একজন মানুষ আছে।,0.6666666644444444,0.3999999992,0.49999999406250006,0.49999999406250006,0.33333332777777785,0.49999999406250006,0,0,0.5789473684210527,0.33333333277777777
3423509305_e399d005db.jpg,একটি কুকুর একটি লাঠি ধরে ক্যামেরার দিকে দৌড়াচ্ছে,0.37499999953124996,0.4285714279591837,0.3999999944888889,0.3999999944888889,0.15384614863905344,0.3999999944888889,0,0,0.4838709677419355,0.18181818165289254
617.png,একজন নারী মাথায় বোঝা নিয়ে আছে।,0.33333333277777777,0.3999999992,0.36363635801652905,0.36363635801652905,0.0,0.36363635801652905,0,0,0.55,0.2222222219753086
569.png,একজন পুরুষ আছে।,0.6666666644444444,0.49999999875,0.5714285648979592,0.5714285648979592,0.39999999360000005,0.5714285648979592,0,0,0.5,0.3999999992
8558.png,একটি পুকুর ভিড়ানো আছে কিছু মানুষ আছে।,0.2857142853061225,0.33333333277777777,0.3076923022485208,0.3076923022485208,0.0,0.3076923022485208,0,0,0.4,0.18181818165289254
3389.png,অনেক মানুষ আছে।,0.6666666644444444,0.13333333324444444,0.22222221919753085,0.22222221919753085,0.12499999765625001,0.22222221919753085,0,0,0.40909090909090906,0.16666666652777776
IMG_5079.JPG,মেয়ে টির নাকে নাকফুল,0.7499999981250001,0.7499999981250001,0.7499999931250001,0.7499999931250001,0.6666666594444445,0.7499999931250001,0,0,0.8571428571428572,0.5999999988
_MG_3770.JPG,চশমা পরা একজন পুরুষ আছে।,0.0,0.0,0.0,0.0,0.0,0.0,0,0,0.2777777777777778,0.0
1968.png,একটি মাটির রাস্তা দিয়ে মাথায় বোঝা নিয়ে আছে।,0.12499999984374999,0.249999999375,0.16666666194444454,0.16666666194444454,0.0,0.16666666194444454,0,0,0.2962962962962963,0.09090909082644627
564.png,একজন পুরুষ আছে।,0.3333333322222222,0.16666666638888888,0.2222222172839507,0.2222222172839507,0.0,0.2222222172839507,0,0,0.34782608695652173,0.12499999984374999
2632111399_b3c1630f8e.jpg,একজন খেলোয়াড় বল ধরে আছে,0.3999999992,0.2857142853061225,0.33333332791666676,0.33333332791666676,0.0,0.33333332791666676,0,0,0.40909090909090906,0.1999999998
2381102729_12fc4d4c76.jpg,একটি কুকুর জলে সাঁতার কাটছে,0.3999999992,0.2222222219753086,0.2857142807142858,0.2857142807142858,0.1249999960937501,0.2857142807142858,0,0,0.4482758620689655,0.16666666652777776
1312227131_771b5ed201.jpg,একজন মানুষ আছে।,0.0,0.0,0.0,0.0,0.0,0.0,0,0,0.2272727272727273,0.0
2151056407_c9c09b0a02.jpg,দুটি সাদা কুকুর খেলছে,0.7499999981250001,0.37499999953124996,0.49999999472222234,0.49999999472222234,0.1999999954000001,0.33333332833333335,0,0,0.33333333333333337,0.3333333329629629
342203384_736946961437121_699889236294303292_n.jpg,একজন বয়স্ক বালিকার হাত ধরে চেয়ে আছে একজন <unk> ভাব নিয়ে দাড়িয়ে আছে একজন <unk> ভাব নিয়ে দাড়িয়ে আছে একজন <unk> ভাব নিয়ে দাড়িয়ে আছে একজন <unk> ভাব নিয়ে দাড়িয়ে আছে একজন <unk> ভাব নিয়ে দাড়িয়ে আছে একজন <unk> ভাব,0.02499999999375,0.16666666638888888,0.04347825858223074,0.04347825858223074,0.0,0.04347825858223074,0,0,0.15540540540540537,0.0624999999609375
40.JPG,একজন পুরুষ আছে।,0.0,0.0,0.0,0.0,0.0,0.0,0,0,0.46153846153846156,0.0
3919.png,একজন নারী আছে।,0.9999999966666667,0.5999999988,0.7499999934375,0.7499999934375,0.33333332777777785,0.7499999934375,0,0,0.5263157894736843,0.5999999988
3353950389_1153d5e452.jpg,কালো রঙের শার্ট পরা একজন লোক ছবি তুলছে,0.37499999953124996,0.21428571413265304,0.2727272678512397,0.2727272678512397,0.0999999953500002,0.2727272678512397,0,0,0.4285714285714286,0.16666666657407406
3368671163_0171259581.jpg,একটি কুকুর একটি ফ্রিসবি ধরার চেষ্টা করছে,0.4285714279591837,0.2727272724793388,0.33333332820987654,0.33333332820987654,0.1428571377551022,0.33333332820987654,0,0,0.4545454545454546,0.23076923059171597
1685990174_09c4fb7df8.jpg,একদল লোক একটি মাঠে একটি মাঠে <unk>,0.2857142853061225,0.3999999992,0.33333332791666676,0.33333332791666676,0.1999999948000001,0.33333332791666676,0,0,0.4,0.24999999968749997
130211457_be3f6b335d.jpg,লাল রঙের পোশাক পরিহিত একজন মহিলা একটি শান্তির চিহ্ন দেখিয়ে দাঁড়িয়ে আছে,0.4999999995833333,0.21428571420918366,0.29999999565,0.29999999565,0.08695651667296815,0.29999999565,0,0,0.375,0.19999999993333334
2315867011_fc5fc9fa6d.jpg,একটি ছেলে একটি ছোট ছেলে একটি লাল রঙের পোশাক পরে আছে,0.18181818165289254,0.2222222219753086,0.19999999485000008,0.19999999485000008,0.0,0.19999999485000008,0,0,0.43243243243243246,0.13333333324444444
2654.png,একজন ছোট ছেলে হাসি লেগে আছে।,0.33333333277777777,0.2222222219753086,0.2666666615111111,0.2666666615111111,0.0,0.2666666615111111,0,0,0.40740740740740744,0.15384615372781063
4423.png,একটি <unk> একটি <unk> গাড়ির সাথে,0.16666666638888888,0.1111111109876543,0.13333332835555572,0.13333332835555572,0.0,0.13333332835555572,0,0,0.2727272727272727,0.08333333326388888
6530.png,একজন মানুষ আছে।,0.3333333322222222,0.249999999375,0.28571428000000004,0.28571428000000004,0.0,0.28571428000000004,0,0,0.5333333333333333,0.16666666638888888
7895.png,একজন পুরুষ ও একজন পুরুষ বসে আছে।,0.571428570612245,0.6666666655555555,0.6153846094674558,0.6153846094674558,0.36363635801652905,0.6153846094674558,0,0,0.6799999999999999,0.571428570612245
6605.png,দুইজন পুরুষ ও ডানপাশের জন পুরুষ আছে।,0.2857142853061225,0.33333333277777777,0.3076923022485208,0.3076923022485208,0.0,0.3076923022485208,0,0,0.45945945945945943,0.1999999998
3179.png,কয়েকজন মানুষ আছে।,0.6666666644444444,0.2857142853061225,0.39999999500000005,0.39999999500000005,0.24999999562500003,0.39999999500000005,0,0,0.46153846153846156,0.24999999968749997
9039.png,সমুদ্রের পারে একজন মানুষ আছে।,0.5999999988,0.5999999988,0.5999999938,0.5999999938,0.2499999943750001,0.5999999938,0,0,0.75,0.4285714279591837
5669.png,কয়েকজন পুরুষ পাশাপাশি দাড়িয়ে আছে।,0.5999999988,0.7499999981250001,0.6666666602469137,0.6666666602469137,0.28571428000000004,0.6666666602469137,0,0,0.6190476190476191,0.49999999916666665
3324746155_71e14f60ce.jpg,একটি ছেলে একটি ফুটবলে লাথি মারার জন্য,0.2857142853061225,0.24999999968749997,0.2666666613333334,0.2666666613333334,0.0,0.2666666613333334,0,0,0.33333333333333337,0.16666666652777776
894.png,একজন পুরুষ ও একজন নারী আছে।,0.9999999983333333,0.4999999995833333,0.6666666614814816,0.6666666614814816,0.499999995078125,0.6666666614814816,0,0,0.4666666666666667,0.5555555549382716
6226.png,একটি শিশু আছে।,0.3333333322222222,0.12499999984374999,0.18181817752066123,0.18181817752066123,0.0,0.18181817752066123,0,0,0.22580645161290325,0.0999999999
1244306891_8e78ae1620.jpg,সাঁতারের স্যুটটিতে থাকা তিনটি মেয়ে সাঁতারের স্যুটে একটি পুকুরে একসাথে হাসছে,0.09090909082644627,0.1999999996,0.12499999554687513,0.12499999554687513,0.0,0.12499999554687513,0,0,0.30434782608695654,0.07142857137755101
6945.png,একটি শিশু একটি শিশু আছে।,0.3999999992,0.49999999875,0.4444444385185186,0.4444444385185186,0.28571428000000004,0.4444444385185186,0,0,0.625,0.3999999992
1363843090_9425d93064.jpg,একটি কালো কুকুর একটি লাল বল নিয়ে খেলছে,0.49999999937499995,0.3999999996,0.4444444390123457,0.4444444390123457,0.24999999476562512,0.4444444390123457,0,0,0.4285714285714286,0.24999999979166665
4012.png,একটা ছেলে একটি <unk>,0.49999999875,0.2857142853061225,0.36363635834710756,0.36363635834710756,0.0,0.1818181768595043,0,0,0.3076923076923077,0.2222222219753086
2244613488_4d1f9edb33.jpg,একদল লোক পর্বতের <unk> <unk>,0.1999999996,0.16666666638888888,0.1818181765289258,0.1818181765289258,0.0,0.1818181765289258,0,0,0.2647058823529411,0.1111111109876543
6072.png,কয়েকজন মানুষ আছে।,0.9999999966666667,0.49999999916666665,0.6666666607407408,0.6666666607407408,0.5714285657142857,0.6666666607407408,0,0,0.5454545454545454,0.49999999916666665
3395173129_f0ac0a1ed4.jpg,একজন লোক একটি কালো স্যুট পরা একজন লোক একটি কালো স্যুট পরা একজন লোক একটি কালো স্যুট পরা একজন লোক একটি কালো স্যুট পরা একজন লোক একটি কালো স্যুট পরা একজন লোক একটি কালো স্যুট পরা একজন লোক একটি কালো,0.07499999998125,0.23076923059171597,0.11320754342470642,0.11320754342470642,0.04444444211358036,0.11320754342470642,0,0,0.226027397260274,0.19999999986666667
1798209205_77dbf525b0.jpg,একজন মহিলা একটি টেবিল এ বসে আছে,0.2857142853061225,0.3999999992,0.33333332791666676,0.33333332791666676,0.1999999948000001,0.33333332791666676,0,0,0.375,0.1999999998
5661.png,দোকানের ভিতর আবর্জনা,0.0,0.0,0.0,0.0,0.0,0.0,0,0,0.2142857142857143,0.0
2613920405_e91e6ebd7a.jpg,একজন পুরুষ ও দুইটি গরু আছে।,0.33333333277777777,0.2222222219753086,0.2666666615111111,0.2666666615111111,0.0,0.2666666615111111,0,0,0.3548387096774194,0.15384615372781063
7940.png,একটি সেতুর উপর দিয়ে একটি রাস্তা দিয়ে একজন লোক ছাতা মাথায় করে যাচ্ছে।,0.3846153843195266,0.3846153843195266,0.3846153793195266,0.3846153793195266,0.24999999479166674,0.3846153793195266,0,0,0.48,0.2777777776234568
4074.png,একটি শিশু আছে।,0.9999999966666667,0.49999999916666665,0.6666666607407408,0.6666666607407408,0.5714285657142857,0.6666666607407408,0,0,0.4736842105263158,0.49999999916666665
808.png,কয়েকজন পুরুষ আছে।,0.3333333322222222,0.16666666638888888,0.2222222172839507,0.2222222172839507,0.0,0.2222222172839507,0,0,0.3157894736842105,0.12499999984374999
8737.png,একটি <unk> <unk> <unk>,0.0,0.0,0.0,0.0,0.0,0.0,0,0,0.2666666666666667,0.0
536537638_f5ee42410b.jpg,লাল রঙের পোশাক পরিহিত একজন লোক একটি বিশাল <unk>,0.2222222219753086,0.2857142853061225,0.24999999476562512,0.24999999476562512,0.12499999484375018,0.24999999476562512,0,0,0.4651162790697675,0.14285714275510203
3068735836_872fba3068.jpg,একটি মোটরসাইকেলের সাথে সাইকেল এর সামনে সাইকেল চালাচ্ছে,0.24999999968749997,0.1999999998,0.22222221703703712,0.22222221703703712,0.0,0.22222221703703712,0,0,0.5945945945945945,0.14285714275510203
6695.png,একটি দালানের সামনে একটি <unk>,0.1999999996,0.05555555552469135,0.0869565182608697,0.0869565182608697,0.0,0.0869565182608697,0,0,0.23809523809523814,0.05555555552469135
1633.png,একজন নারী ও একজন নারী আছে।,0.16666666638888888,0.249999999375,0.1999999948000001,0.1999999948000001,0.0,0.1999999948000001,0,0,0.44999999999999996,0.14285714265306124
3164347907_2813f8ff0b.jpg,একজন লোক একটি <unk> <unk>,0.3999999992,0.24999999968749997,0.3076923024852071,0.3076923024852071,0.0,0.3076923024852071,0,0,0.4285714285714286,0.1999999998
2578.png,একজন পুরুষ ও কয়েকটি গরু নিয়ে দাড়িয়ে আছে।,0.49999999937499995,0.6666666655555555,0.5714285657142858,0.5714285657142858,0.33333332791666676,0.5714285657142858,0,0,0.7142857142857143,0.3999999996
3237760601_5334f3f3b5.jpg,একজন লোক তার স্কি করছে,0.1999999996,0.3333333322222222,0.24999999468750006,0.24999999468750006,0.0,0.24999999468750006,0,0,0.47058823529411764,0.14285714265306124
541.png,একটা ছোট ছেলে একটা নৌকা চালাচ্ছে।,0.16666666638888888,0.07692307686390532,0.10526315346260404,0.10526315346260404,0.0,0.10526315346260404,0,0,0.33333333333333337,0.0624999999609375
4118.png,একজন ছোট মেয়ে শিশু তাকিয়ে আছে।,0.49999999916666665,0.29999999969999996,0.37499999484375,0.37499999484375,0.14285713806122466,0.37499999484375,0,0,0.47058823529411764,0.23076923059171597
460478198_83039f2593.jpg,একটি কুকুর জলের ধারে পানিতে লাফ দিচ্ছে,0.4285714279591837,0.3333333329629629,0.374999994609375,0.374999994609375,0.1428571377551022,0.374999994609375,0,0,0.48571428571428577,0.24999999979166665
741.png,একজন বৃদ্ধ লোক বসে আছে,0.3999999992,0.2857142853061225,0.33333332791666676,0.33333332791666676,0.0,0.33333332791666676,0,0,0.5217391304347826,0.1999999998
2183227136_8bb657846b.jpg,একজন লোক সমুদ্রের পাড়ে দাড়িয়ে আছে।,0.16666666638888888,0.16666666638888888,0.16666666138888903,0.16666666138888903,0.0,0.16666666138888903,0,0,0.2692307692307693,0.09090909082644627
5405.png,রাস্তা দিয়ে একজন পুরুষ হেঁটে যাচ্ছে।,0.49999999916666665,0.29999999969999996,0.37499999484375,0.37499999484375,0.19999999460000012,0.37499999484375,0,0,0.6,0.23076923059171597
6930.png,একটি মাটির ঘর আছে।,0.249999999375,0.16666666638888888,0.1999999948000001,0.1999999948000001,0.0,0.1999999948000001,0,0,0.38095238095238093,0.12499999984374999
374103842_17873ce505.jpg,একজন লোক একটি <unk> সামনে দাঁড়িয়ে আছে,0.4285714279591837,0.2727272724793388,0.33333332820987654,0.33333332820987654,0.24999999500000003,0.33333332820987654,0,0,0.46153846153846156,0.19999999986666667
2865564810_5c63328cd4.jpg,একজন লোক একটি <unk>,0.49999999875,0.24999999968749997,0.33333332833333335,0.33333332833333335,0.1999999954000001,0.33333332833333335,0,0,0.28888888888888886,0.1999999998
172092461_a9a9762e13.jpg,একজন লোক পানিতে ভিজে গেলো,0.3999999992,0.24999999968749997,0.3076923024852071,0.3076923024852071,0.1818181768595043,0.3076923024852071,0,0,0.42105263157894735,0.18181818165289254
468102269_135938e209.jpg,এক দম্পতি একসাথে দাঁড়িয়ে আছে।,0.5999999988,0.5999999988,0.5999999938,0.5999999938,0.4999999937500001,0.5999999938,0,0,0.6818181818181819,0.4285714279591837
7226.png,একটি অনুস্তানে কিছু ছেলেমেয়ে বসে আছে।,0.8333333319444445,0.7142857132653061,0.7692307630769232,0.7692307630769232,0.5454545395041324,0.7692307630769232,0,0,0.782608695652174,0.6249999992187499
3159641529_c2c74f3eaf.jpg,একটি সাদা কুকুর ঘাসের মধ্যে দৌড়াচ্ছে,0.6666666655555555,0.4444444439506172,0.5333333278222222,0.5333333278222222,0.3076923024852071,0.5333333278222222,0,0,0.59375,0.3636363633057851
2171576939_d1e72daab2.jpg,একটি শিশু একটি <unk>,0.249999999375,0.1111111109876543,0.15384614934911253,0.15384614934911253,0.0,0.15384614934911253,0,0,0.21875,0.0999999999
3188044631_ca3a9cc737.jpg,একটি বিশাল কক্ষে এক মহিলা একটি কক্ষে দাঁড়িয়ে আছে,0.3333333329629629,0.29999999969999996,0.31578946836565097,0.31578946836565097,0.0,0.31578946836565097,0,0,0.4358974358974359,0.1764705881314879
5744.png,একজন ছোট ছেলে সারা শরীরে আছে।,0.6666666655555555,0.3999999996,0.4999999946875,0.4999999946875,0.2857142807142858,0.4999999946875,0,0,0.5161290322580645,0.3333333330555555
380034515_4fbdfa6b26.jpg,একটি কুকুর একটি নীল রঙের কুকুর একটি বেড়ার উপর দিয়ে লাফ দিচ্ছে,0.16666666652777776,0.6666666644444444,0.2666666631111111,0.2666666631111111,0.15384615100591717,0.2666666631111111,0,0,0.5,0.1999999998
3622929632_26fb800000.jpg,একটি কুকুর একটি লাঠি ধরে আছে,0.8333333319444445,0.6249999992187499,0.7142857083673471,0.7142857083673471,0.33333332791666676,0.7142857083673471,0,0,0.6428571428571428,0.49999999937499995
7239.png,একটি নৌকা ও একজন পুরুষ মানুষ।,0.16666666638888888,0.0999999999,0.12499999515625017,0.12499999515625017,0.0,0.12499999515625017,0,0,0.47619047619047616,0.07142857137755101
1689.png,কয়েকজন পুরুষ আছে।,0.6666666644444444,0.1999999998,0.3076923036686391,0.3076923036686391,0.0,0.3076923036686391,0,0,0.23684210526315785,0.2222222219753086
1565.png,একটি দালানের সামনে একটি লোক স্টিলের পাইপ দিয়ে আছে।,0.1111111109876543,0.08333333326388888,0.09523809024943336,0.09523809024943336,0.0,0.09523809024943336,0,0,0.3529411764705882,0.05555555552469135
2533424347_cf2f84872b.jpg,একটি নীল ও সাদা রেস গাড়ি থেকে বের হচ্ছে,0.4444444439506172,0.3333333330555555,0.38095237569161,0.38095237569161,0.13333332817777796,0.38095237569161,0,0,0.34375,0.2352941175086505
7523.png,একটি ফুটবল খেলা হচ্ছে।,0.249999999375,0.249999999375,0.2499999943750001,0.2499999943750001,0.0,0.2499999943750001,0,0,0.3529411764705882,0.14285714265306124
8455.png,সূর্যাস্তের সময় একটা নৌকায় একজন লোক দাঁড়িয়ে আছে।,0.37499999953124996,0.5999999988,0.46153845609467453,0.46153845609467453,0.1818181768595043,0.46153845609467453,0,0,0.5151515151515151,0.29999999969999996
6371.png,একজন পুরুষ একটি সেতুর উপর দিয়ে হেটে যাচ্ছে একজন পুরুষ এবং একজন পুরুষ দাড়িয়ে আছে।,0.26666666648888887,0.26666666648888887,0.26666666148888896,0.26666666148888896,0.0,0.18181817731404967,0,0,0.3448275862068966,0.19047619038548752
3024172109_a10198e1dd.jpg,একজন স্কেটবোর্ডার একটি স্কেটবোর্ড চালাচ্ছে,0.1999999996,0.249999999375,0.2222222167901236,0.2222222167901236,0.0,0.2222222167901236,0,0,0.3571428571428571,0.12499999984374999
799486353_f665d7b0f0.jpg,একটি মেয়ে পানিতে তার হাতে একটি লাঠি হাতে নিয়ে দাঁড়িয়ে আছে,0.18181818165289254,0.15384615372781063,0.16666666156250012,0.16666666156250012,0.0,0.16666666156250012,0,0,0.36,0.09999999995
DSC_1209.JPG,সামনে তিনজন পুরুষ দাড়িয়ে আছে।,0.1999999996,0.14285714265306124,0.16666666152777793,0.16666666152777793,0.0,0.16666666152777793,0,0,0.42105263157894735,0.09090909082644627
7838.png,একটি নৌকায় দুইজন মানুষ আছে।,0.5999999988,0.2727272724793388,0.374999995234375,0.374999995234375,0.14285713857142868,0.374999995234375,0,0,0.4,0.2727272724793388
181777261_84c48b31cb.jpg,সমুদ্র পাড়ে অনেক মানুষ বসে আছে।,0.49999999916666665,0.2727272724793388,0.3529411714878893,0.3529411714878893,0.19999999460000012,0.3333333277777778,0,0,0.5357142857142857,0.21428571413265304
211981411_e88b8043c2.jpg,একটি সাদা এসইউভি এবং একটি এসইউভি চালাচ্ছে,0.14285714265306124,0.249999999375,0.1818181768595043,0.1818181768595043,0.0,0.1818181768595043,0,0,0.2666666666666667,0.12499999984374999
5510.png,একটি নদীর পাড়ে কিছু মানুষ আছে।,0.16666666638888888,0.16666666638888888,0.16666666138888903,0.16666666138888903,0.0,0.16666666138888903,0,0,0.2702702702702703,0.09090909082644627
976392326_082dafc3c5.jpg,একজন লোক পাথরে আরোহণ করছে,0.1999999996,0.14285714265306124,0.16666666152777793,0.16666666152777793,0.0,0.16666666152777793,0,0,0.33333333333333337,0.09090909082644627
5794.png,লোক টি তাকিয়ে আছে যার চুল কালো রঙ এর,0.0,0.0,0.0,0.0,0.0,0.0,0,0,0.27586206896551724,0.0
119082045.jpg,একজন পুরোহিত নীল রঙের জ্যাকেট পরা একজন মহিলা দোকানের সামনে দাঁড়িয়ে আছে।,0.3333333330555555,0.30769230745562126,0.319999994752,0.319999994752,0.153846148846154,0.28571428054421777,0,0,0.4,0.1764705881314879
3794.png,একজন লোক প্রার্থনা করছে।,0.249999999375,0.16666666638888888,0.1999999948000001,0.1999999948000001,0.0,0.1999999948000001,0,0,0.4285714285714286,0.1111111109876543
8570.png,একজন মানুষ আছে।,0.3333333322222222,0.249999999375,0.28571428000000004,0.28571428000000004,0.0,0.28571428000000004,0,0,0.4375,0.16666666638888888
3341782693_426bf7139b.jpg,একটি ছেলে পানিতে ভিজছে,0.249999999375,0.16666666638888888,0.1999999948000001,0.1999999948000001,0.0,0.1999999948000001,0,0,0.31999999999999995,0.1111111109876543
3647693147_0d0434351b.jpg,একটি শিশু আছে।,0.3333333322222222,0.16666666638888888,0.2222222172839507,0.2222222172839507,0.0,0.2222222172839507,0,0,0.30000000000000004,0.12499999984374999
1540631615_8b42c1b160.jpg,একটি মেয়ে একটি লাল <unk>,0.5999999988,0.2727272724793388,0.374999995234375,0.374999995234375,0.0,0.249999995390625,0,0,0.2962962962962963,0.16666666652777776
165.png,একজন পুরুষ বাঁশ ধরে আছে।,0.3999999992,0.24999999968749997,0.3076923024852071,0.3076923024852071,0.0,0.3076923024852071,0,0,0.30000000000000004,0.18181818165289254
780.png,একটি হামিংবার্ড,0.0,0.0,0.0,0.0,0.0,0.0,0,0,0.1515151515151515,0.0
2081615901_13092cac56.jpg,একটি ছোট বাচ্চা একটি বেড়া দিয়ে খেলছে,0.2857142853061225,0.13333333324444444,0.18181817731404967,0.18181817731404967,0.0,0.18181817731404967,0,0,0.4375,0.10526315783933518
4898.png,একটি ব্রীজ ও ভবন আছে।,0.3999999992,0.6666666644444444,0.49999999406250006,0.49999999406250006,0.0,0.49999999406250006,0,0,0.5,0.33333333277777777
1259627071.jpg,কিছু লোক একটি <unk>,0.7499999981250001,0.1764705881314879,0.28571428235827667,0.28571428235827667,0.10526315512465378,0.28571428235827667,0,0,0.2142857142857143,0.1874999998828125
4780.png,একটি লোক মাছ বিক্রি করছে,0.3999999992,0.3999999992,0.39999999420000004,0.39999999420000004,0.2499999943750001,0.39999999420000004,0,0,0.5263157894736843,0.24999999968749997
90.png,একটি নৌকায় কয়েকজন মানুষ আছে।,0.3999999992,0.1999999998,0.2666666618666667,0.2666666618666667,0.0,0.2666666618666667,0,0,0.2702702702702703,0.15384615372781063
815.png,কয়েকজন মানুষ আছে।,0.6666666644444444,0.3999999992,0.49999999406250006,0.49999999406250006,0.0,0.49999999406250006,0,0,0.5882352941176471,0.33333333277777777
2219805677_7b7cc188c7.jpg,একটি কুকুর পানিতে লাফ দিচ্ছে,0.5999999988,0.37499999953124996,0.46153845609467453,0.46153845609467453,0.2222222167901236,0.46153845609467453,0,0,0.5909090909090908,0.29999999969999996
1674612291_7154c5ab61.jpg,একটি কুকুর একটি ফ্রিসবি নিয়ে দৌড়াচ্ছে,0.49999999916666665,0.49999999916666665,0.4999999941666667,0.4999999941666667,0.23529411321799312,0.4999999941666667,0,0,0.5,0.37499999953124996
427683329_95d510a087.jpg,সানগ্লাস পরা একজন মহিলা একটি মোটা ব্যাক্তি,0.571428570612245,0.26666666648888887,0.36363635896694213,0.36363635896694213,0.19999999560000006,0.36363635896694213,0,0,0.360655737704918,0.2222222220987654
7849.png,সমুদ্রের পারে কয়েকজন মানুষ আছে।,0.1999999996,0.08333333326388888,0.11764705453287211,0.11764705453287211,0.0,0.11764705453287211,0,0,0.23809523809523814,0.0624999999609375
2215.png,একজন পুরুষ আছে।,0.6666666644444444,0.3999999992,0.49999999406250006,0.49999999406250006,0.0,0.49999999406250006,0,0,0.5625,0.33333333277777777
4108.png,নীল রঙের শার্ট পরা একজন লোক হাসছে,0.14285714265306124,0.16666666638888888,0.15384614863905344,0.15384614863905344,0.0,0.15384614863905344,0,0,0.3076923076923077,0.08333333326388888
5182.png,একজন পুরুষ আছে।,0.9999999966666667,0.49999999916666665,0.6666666607407408,0.6666666607407408,0.28571428081632655,0.6666666607407408,0,0,0.5238095238095238,0.49999999916666665
1623.png,কয়েকজন পুরুষ দাড়িয়ে আছে।,0.249999999375,0.09090909082644627,0.13333332924444455,0.13333332924444455,0.0,0.13333332924444455,0,0,0.37142857142857144,0.07142857137755101
6381.png,একজন লোক হাতে একটি <unk>,0.1999999996,0.1111111109876543,0.14285713806122466,0.14285713806122466,0.0,0.14285713806122466,0,0,0.3214285714285714,0.09090909082644627
2049646140_d0de01e3c4.jpg,একটি ছেলে একটি <unk>,0.249999999375,0.249999999375,0.2499999943750001,0.2499999943750001,0.0,0.2499999943750001,0,0,0.4,0.16666666638888888
360.png,একজন পুরুষ হেঁটে যাচ্ছে।,0.249999999375,0.1999999996,0.2222222167901236,0.2222222167901236,0.0,0.2222222167901236,0,0,0.5555555555555556,0.12499999984374999
7929.png,একটা লোক বসে আছে আর তার পাশে একজন নারী বসে আছে।,0.09090909082644627,0.249999999375,0.13333332924444455,0.13333332924444455,0.0,0.13333332924444455,0,0,0.22857142857142854,0.07692307686390532
3611603026_9112b0c53f.jpg,এক নারী একটি দোকানের সামনে দাঁড়িয়ে আছে।,0.14285714265306124,0.12499999984374999,0.13333332817777796,0.13333332817777796,0.0,0.13333332817777796,0,0,0.3870967741935484,0.07142857137755101
2094323311_27d58b1513.jpg,একটি কুকুর তার কুকুরের সাথে খেলছে,0.33333333277777777,0.24999999968749997,0.2857142804081633,0.2857142804081633,0.16666666152777793,0.2857142804081633,0,0,0.5357142857142857,0.16666666652777776
2887614578_ed7ba21775.jpg,একটি কুকুর ঘাসের উপর একটি কালো কুকুর,0.4285714279591837,0.5999999988,0.4999999943055557,0.4999999943055557,0.3999999944,0.4999999943055557,0,0,0.5769230769230769,0.4285714279591837
6136.png,একজন পুরুষ একটি শিশু আছে।,0.7999999984,0.571428570612245,0.6666666606944446,0.6666666606944446,0.1999999948000001,0.6666666606944446,0,0,0.6956521739130435,0.49999999937499995
4792.png,পাশাপাশি দুইজন পুরুষ আছে।,0.9999999975,0.7999999984,0.8888888819753088,0.8888888819753088,0.28571428000000004,0.6666666602469137,0,0,0.30000000000000004,0.7999999984
3050650135_23f9d9d2f8.jpg,একটি ছেলে একটি গেম <unk>,0.1999999996,0.09090909082644627,0.12499999554687513,0.12499999554687513,0.0,0.12499999554687513,0,0,0.2692307692307693,0.08333333326388888
486720042_b785e7f88c.jpg,একটি কালো কুকুর একটি কালো কুকুর,0.6666666655555555,0.24999999984375,0.363636359338843,0.363636359338843,0.12499999554687513,0.363636359338843,0,0,0.33333333333333337,0.21428571413265304
2302516347_26054442f9.jpg,একজন লোক একটি <unk> <unk> <unk> <unk> <unk> <unk> <unk> <unk> <unk> <unk> <unk> <unk> <unk> <unk> <unk> <unk> <unk> <unk> <unk> <unk> <unk> <unk> <unk> <unk> <unk> <unk> <unk> <unk> <unk> <unk> <unk> <unk> <unk> <unk> <unk> <unk> <unk>,0.099999999975,0.30769230745562126,0.15094339246707023,0.15094339246707023,0.043478258270321514,0.11320754342470642,0,0,0.1383647798742138,0.23076923059171597
4696.png,একটি ছেলে পাহারে একটি পথ দিয়ে হেটে যাচ্ছে,0.12499999984374999,0.249999999375,0.16666666194444454,0.16666666194444454,0.0,0.16666666194444454,0,0,0.37037037037037035,0.0999999999
2273591668_069dcb4641.jpg,দুটি কুকুর একটি <unk>,0.7499999981250001,0.4285714279591837,0.5454545398347109,0.5454545398347109,0.2222222172839507,0.5454545398347109,0,0,0.42307692307692313,0.37499999953124996
2732625904_4fbb653434.jpg,একটি ছেলে তার সাইকেল চালাচ্ছে,0.5999999988,0.37499999953124996,0.46153845609467453,0.46153845609467453,0.2222222167901236,0.46153845609467453,0,0,0.5517241379310345,0.29999999969999996
2873837796_543e415e98.jpg,একটি কালো কুকুর একটি <unk>,0.5999999988,0.37499999953124996,0.46153845609467453,0.46153845609467453,0.1818181768595043,0.46153845609467453,0,0,0.5416666666666667,0.3333333329629629
950273886_88c324e663.jpg,একজন লোক পাথরে আরোহণ করছে,0.1999999996,0.16666666638888888,0.1818181765289258,0.1818181765289258,0.0,0.1818181765289258,0,0,0.6,0.0999999999
812.png,একটি <unk> <unk> <unk>,0.0,0.0,0.0,0.0,0.0,0.0,0,0,0.2666666666666667,0.0
1797507760_384744fb34.jpg,এক দম্পতি একটি বড় পাথরে আরোহণ করছে,0.2857142853061225,0.24999999968749997,0.2666666613333334,0.2666666613333334,0.0,0.2666666613333334,0,0,0.37037037037037035,0.15384615372781063
1248940539_46d33ed487.jpg,একটি ছোট মেয়ে সৈকতে খেলছে,0.3999999992,0.3999999992,0.39999999420000004,0.39999999420000004,0.2499999943750001,0.39999999420000004,0,0,0.4347826086956522,0.24999999968749997
3666188047_e81e1d97a7.jpg,একটি ছেলে একটি চামচ হাতে নিয়ে বসে আছে,0.37499999953124996,0.49999999916666665,0.4285714230612245,0.4285714230612245,0.16666666152777793,0.4285714230612245,0,0,0.5,0.29999999969999996
3048.png,একজন পুরুষ দুইটি গরু দিয়ে জমিতে গরু নিয়ে আছে।,0.5555555549382716,0.7142857132653061,0.624999994296875,0.624999994296875,0.5714285657142858,0.624999994296875,0,0,0.6774193548387097,0.49999999949999996
242.png,একটি নৌকায় কয়েকজন মানুষ আছে।,0.0,0.0,0.0,0.0,0.0,0.0,0,0,0.2857142857142857,0.0
3370.png,একজন পুরুষ দাড়িয়ে আছে।,0.49999999875,0.49999999875,0.4999999937500001,0.4999999937500001,0.33333332722222225,0.4999999937500001,0,0,0.6666666666666667,0.33333333277777777
516725192_c9cdd63878.jpg,একজন লোক সমুদ্রের দিকে একটি পাখি নিয়ে দাঁড়িয়ে আছে,0.3333333329629629,0.4285714279591837,0.374999994609375,0.374999994609375,0.1428571377551022,0.374999994609375,0,0,0.48484848484848486,0.23076923059171597
107318069_e9f2ef32de.jpg,একটি <unk> বেলুন ঘিরে আছে,0.1999999996,0.3333333322222222,0.24999999468750006,0.24999999468750006,0.0,0.24999999468750006,0,0,0.3913043478260869,0.14285714265306124
2173677067_9d0732bcc2.jpg,একটি ছোট ছেলে একটি ছোট ছেলেকে <unk>,0.2857142853061225,0.2222222219753086,0.24999999476562512,0.24999999476562512,0.1428571377551022,0.24999999476562512,0,0,0.375,0.16666666652777776
5438.png,একটি <unk> একটি <unk>,0.0,0.0,0.0,0.0,0.0,0.0,0,0,0.19999999999999996,0.0
_MG_2020.JPG,লোকটির মুখে হাসি মুখে তাকিয়ে আছে।,0.49999999916666665,0.9999999966666667,0.6666666607407408,0.6666666607407408,0.5714285657142857,0.6666666607407408,0,0,0.55,0.5999999988
7747.png,একটি শিশু আছে।,0.9999999966666667,0.9999999966666667,0.9999999916666666,0.9999999916666666,0.9999999900000001,0.9999999916666666,1,1,1.0,0.9999999966666667
806.png,একজন পুরুষ মানুষ আছে।,0.249999999375,0.16666666638888888,0.1999999948000001,0.1999999948000001,0.0,0.1999999948000001,0,0,0.4545454545454546,0.1111111109876543
3662406028_29b9e46a6f.jpg,কালো স্যুট পরা একজন লোক একটি <unk> <unk>,0.37499999953124996,0.24999999979166665,0.2999999949,0.2999999949,0.09523809070294806,0.2999999949,0,0,0.3695652173913043,0.1874999998828125
6213.png,একজন পুরুষ বসে আছে।,0.49999999875,0.6666666644444444,0.5714285648979592,0.5714285648979592,0.16666666263888896,0.5714285648979592,0,0,0.6428571428571428,0.3999999992
2921094201_2ed70a7963.jpg,একজন মহিলা একটি সাদা আসনে বসে আছে,0.571428570612245,0.3636363633057851,0.4444444391975309,0.4444444391975309,0.12499999515625017,0.33333332820987654,0,0,0.33333333333333337,0.28571428551020406
5321.png,রাস্তা দিয়ে একটি বড় গাছ আছে।,0.33333333277777777,0.3999999992,0.36363635801652905,0.36363635801652905,0.2222222167901236,0.36363635801652905,0,0,0.5238095238095238,0.2222222219753086
2125.png,১ জন পুরুষ ভিক্ষুক।,0.0,0.0,0.0,0.0,0.0,0.0,0,0,0.2142857142857143,0.0
50.png,একজন নারী আছে।,0.6666666644444444,0.2222222219753086,0.3333333290277778,0.3333333290277778,0.0,0.3333333290277778,0,0,0.3125,0.1999999998
2909875716_25c8652614.jpg,একটি মেয়ে ফুলের মাঠে দাঁড়িয়ে আছে,0.49999999916666665,0.23076923059171597,0.31578946903047095,0.31578946903047095,0.0,0.21052631124653745,0,0,0.3870967741935484,0.1874999998828125
2675685200_0913d84d9b.jpg,একটি ছেলে একটি টেবিল পরিষ্কার করছে,0.49999999916666665,0.29999999969999996,0.37499999484375,0.37499999484375,0.14285713806122466,0.37499999484375,0,0,0.5135135135135135,0.16666666652777776
5233.png,একজন পুরুষ রাস্তা দিয়ে হেটে যাচ্ছে একজন পুরুষ মানুষ।,0.1111111109876543,0.1111111109876543,0.11111110598765454,0.11111110598765454,0.0,0.11111110598765454,0,0,0.2857142857142857,0.06666666662222222
2072.png,একজন পুরুষ বসে আছে।,0.7499999981250001,0.7499999981250001,0.7499999931250001,0.7499999931250001,0.33333332722222225,0.7499999931250001,0,0,0.8571428571428572,0.5999999988
9070.png,একজন পুরুষ আগুন নিয়ে আছে।,0.1999999996,0.1111111109876543,0.14285713806122466,0.14285713806122466,0.0,0.14285713806122466,0,0,0.31818181818181823,0.07692307686390532
2517284816_9b8fd3c6b6.jpg,অনেকগুলো ছাত্রী একসাথে হয়ে দাড়িয়ে আছে।,0.16666666638888888,0.16666666638888888,0.16666666138888903,0.16666666138888903,0.0,0.16666666138888903,0,0,0.275,0.09090909082644627
572.png,একজন বয়স্ক নারী আছে।,0.9999999975,0.3999999996,0.5714285665306122,0.5714285665306122,0.4999999954166666,0.5714285665306122,0,0,0.3913043478260869,0.49999999937499995
8525.png,একটি নৌকায় কয়েকজন মানুষ আছে।,0.7999999984,0.7999999984,0.7999999934,0.7999999934,0.4999999937500001,0.7999999934,0,0,0.9,0.6666666655555555
940973925_a2e6d7951c.jpg,একজন লোক একটি <unk> সামনে দাড়িয়ে আছে,0.2857142853061225,0.24999999968749997,0.2666666613333334,0.2666666613333334,0.0,0.2666666613333334,0,0,0.34615384615384615,0.15384615372781063
6151.png,একজন পুরুষ একটি শহীদ মিনার আছে।,0.33333333277777777,0.49999999875,0.3999999944,0.3999999944,0.0,0.3999999944,0,0,0.3913043478260869,0.24999999968749997
2070831523_5035d5537e.jpg,একজন লোক সাইকেল চালাচ্ছে,0.7499999981250001,0.37499999953124996,0.49999999472222234,0.49999999472222234,0.24999999468750006,0.49999999472222234,0,0,0.5357142857142857,0.3333333329629629
7112.png,একটি সেতু আছে।,0.9999999966666667,0.9999999966666667,0.9999999916666666,0.9999999916666666,0.9999999900000001,0.9999999916666666,1,1,1.0,0.9999999966666667
2815.png,একটি পুকুর ও সূর্য অস্ত যাচ্ছে নদীতে একটি নৌকা দেখা যাচ্ছে।,0.09090909082644627,0.0624999999609375,0.07407406919067246,0.07407406919067246,0.0,0.07407406919067246,0,0,0.4385964912280702,0.039999999984
468.png,একটি ছেলে একটি ছোট ছেলে <unk>,0.49999999916666665,0.21428571413265304,0.2999999955,0.2999999955,0.0,0.2999999955,0,0,0.31999999999999995,0.13333333324444444
2456907314_49bc4591c4.jpg,একজন পুরুষ দাড়িয়ে আছে।,0.249999999375,0.07692307686390532,0.11764705508650528,0.11764705508650528,0.0,0.11764705508650528,0,0,0.33333333333333337,0.0624999999609375
IMG_2758.JPG,একটা লোক বসে আছে,0.49999999875,0.49999999875,0.4999999937500001,0.4999999937500001,0.0,0.4999999937500001,0,0,0.41666666666666663,0.33333333277777777
3259228898_cefd04580b.jpg,একজন লোক একটি <unk>,0.9999999975,0.571428570612245,0.7272727213223142,0.7272727213223142,0.44444443901234576,0.7272727213223142,0,0,0.5555555555555556,0.571428570612245
1074.png,কয়েকজন নারী আছে।,0.9999999966666667,0.5999999988,0.7499999934375,0.7499999934375,0.6666666600000001,0.7499999934375,0,0,0.55,0.5999999988
476.png,একটি গাড়ি ও কয়েকটি গাড়ি আছে।,0.16666666638888888,0.14285714265306124,0.15384614863905344,0.15384614863905344,0.0,0.15384614863905344,0,0,0.37037037037037035,0.09090909082644627
2570559405_dc93007f76.jpg,একটি কুকুর একটি রিং নিয়ে দাঁড়িয়ে আছে,0.4285714279591837,0.3333333329629629,0.374999994609375,0.374999994609375,0.16666666138888903,0.374999994609375,0,0,0.5384615384615384,0.2727272724793388
406901451_7eafd7568a.jpg,একটি কুকুর একটি লাল <unk>,0.5999999988,0.5999999988,0.5999999938,0.5999999938,0.2499999943750001,0.5999999938,0,0,0.6111111111111112,0.49999999916666665
580.png,একজন পুরুষ বসে আছে।,0.9999999975,0.3636363633057851,0.533333328711111,0.533333328711111,0.3076923036686391,0.533333328711111,0,0,0.31818181818181823,0.3999999996
366713533_bd6d48cf02.jpg,একদল লোক একটি ভবনের সামনে দাঁড়িয়ে আছে,0.4285714279591837,0.49999999916666665,0.4615384558579882,0.4615384558579882,0.1818181765289258,0.3076923022485208,0,0,0.4814814814814815,0.29999999969999996
2763.png,একজন মহিলা একটি শিশু আছে।,0.5999999988,0.4285714279591837,0.4999999943055557,0.4999999943055557,0.1999999948000001,0.4999999943055557,0,0,0.6086956521739131,0.3333333329629629
1569687608_0e3b3ad044.jpg,একটি ছেলে এবং একটি ছেলে,0.1999999996,0.12499999984374999,0.15384614887573977,0.15384614887573977,0.0,0.15384614887573977,0,0,0.31818181818181823,0.0999999999
2067.png,রাস্তার পাশে কয়েকজন মানুষ আছে।,0.3999999992,0.3999999992,0.39999999420000004,0.39999999420000004,0.2499999943750001,0.39999999420000004,0,0,0.7,0.24999999968749997
8849.png,একটি পুকুর ও গাছ আছে।,0.1999999996,0.14285714265306124,0.16666666152777793,0.16666666152777793,0.0,0.16666666152777793,0,0,0.2962962962962963,0.09090909082644627
5633.png,একজন বয়স্ক পুরুষ বসে আছে।,0.5999999988,0.5999999988,0.5999999938,0.5999999938,0.07999999724800008,0.5999999938,0,0,0.6842105263157895,0.4285714279591837
1721.png,একজন নারী বসে আছে।,0.0,0.0,0.0,0.0,0.0,0.0,0,0,0.4666666666666667,0.0
397815951_3b02090324.jpg,একটি কালো কুকুর বল নিয়ে একটি বল ধরার জন্য লাফ দিচ্ছে,0.18181818165289254,0.33333333277777777,0.2352941128027682,0.2352941128027682,0.0,0.2352941128027682,0,0,0.42105263157894735,0.15384615372781063
2337809114_899ba61330.jpg,একটি ছোট মেয়ে একটি শিশুকে ধরে আছে,0.2857142853061225,0.2222222219753086,0.24999999476562512,0.24999999476562512,0.0,0.24999999476562512,0,0,0.33333333333333337,0.15384615372781063
2804851816_9aae9071ca.jpg,একটি বাদামী কুকুর ঘাসের মধ্য দিয়ে চলে।,0.4285714279591837,0.29999999969999996,0.35294117121107266,0.35294117121107266,0.0,0.35294117121107266,0,0,0.4838709677419355,0.21428571413265304
268365231_a0acecdc45.jpg,একজন লোক একটি ছবির জন্য পোজ দিচ্ছে,0.2857142853061225,0.14285714275510203,0.19047618585034026,0.19047618585034026,0.0,0.19047618585034026,0,0,0.33999999999999997,0.1111111110493827
6772.png,একজন মানুষ আছে।,0.6666666644444444,0.6666666644444444,0.6666666594444445,0.6666666594444445,0.4999999925000001,0.6666666594444445,0,0,0.8181818181818181,0.49999999875
3371533654_73a12a35a4.jpg,একটি <unk> একটি কালো ষাঁড় তার <unk>,0.4285714279591837,0.29999999969999996,0.35294117121107266,0.35294117121107266,0.2666666615111111,0.35294117121107266,0,0,0.41463414634146345,0.16666666652777776
4388.png,একজন পুরুষ আছে।,0.9999999966666667,0.49999999916666665,0.6666666607407408,0.6666666607407408,0.5714285657142857,0.6666666607407408,0,0,0.45833333333333337,0.49999999916666665
2419186511_f0ce5f9685.jpg,একটি শিশু একটি <unk>,0.7499999981250001,0.2727272724793388,0.3999999955555556,0.3999999955555556,0.2222222172839507,0.3999999955555556,0,0,0.33333333333333337,0.24999999968749997
3120648767_812c72eabe.jpg,একজন লোক তার সাইকেল দিয়ে বাতাসে লাফিয়ে কসরত দেখাচ্ছে,0.1111111109876543,0.3333333322222222,0.16666666263888896,0.16666666263888896,0.0,0.16666666263888896,0,0,0.36111111111111116,0.09090909082644627
3973.png,কয়েকজন মানুষ আছে।,0.6666666644444444,0.2222222219753086,0.3333333290277778,0.3333333290277778,0.19999999640000002,0.3333333290277778,0,0,0.2777777777777778,0.2222222219753086
7701.png,একটি লোক একটি পালতোলা <unk>,0.0,0.0,0.0,0.0,0.0,0.0,0,0,0.33333333333333337,0.0
464527562_a18f095225.jpg,একটি কুকুর একটি লাল <unk>,0.3999999992,0.33333333277777777,0.36363635801652905,0.36363635801652905,0.2222222167901236,0.36363635801652905,0,0,0.32499999999999996,0.24999999968749997
8794.png,একজন মানুষ আছে।,0.6666666644444444,0.3999999992,0.49999999406250006,0.49999999406250006,0.0,0.49999999406250006,0,0,0.4444444444444444,0.33333333277777777
5226.png,দুরে একটি ব্রীজ দেখা যাচ্ছে।,0.1999999996,0.1111111109876543,0.14285713806122466,0.14285713806122466,0.0,0.14285713806122466,0,0,0.23529411764705888,0.07692307686390532
img-20211205-wa0002.jpg,একটি পাখি আছে।,0.3333333322222222,0.1111111109876543,0.16666666263888896,0.16666666263888896,0.0,0.16666666263888896,0,0,0.16666666666666663,0.09090909082644627
345906597_1290292371895717_1418973623691667358_n.jpg,একজন নারী আছে।,0.0,0.0,0.0,0.0,0.0,0.0,0,0,0.27586206896551724,0.0
1300.png,একজন নারী ও দুইজন পুরুষ আছে।,0.49999999916666665,0.24999999979166665,0.33333332851851855,0.33333332851851855,0.0,0.33333332851851855,0,0,0.32608695652173914,0.23076923059171597
2635.png,৪ জন পুরুষ আছে।,0.249999999375,0.16666666638888888,0.1999999948000001,0.1999999948000001,0.0,0.1999999948000001,0,0,0.40909090909090906,0.1111111109876543
5921.png,একটি শিশু আছে।,0.3333333322222222,0.12499999984374999,0.18181817752066123,0.18181817752066123,0.0,0.18181817752066123,0,0,0.19999999999999996,0.0999999999
9122.png,একজন নারী আছে।,0.9999999966666667,0.4285714279591837,0.5999999946000001,0.5999999946000001,0.24999999562500003,0.5999999946000001,0,0,0.4347826086956522,0.4285714279591837
5754.png,একজন ছেলে হাঁসি মুখে দাঁড়িয়ে আছে।,0.33333333277777777,0.6666666644444444,0.44444443901234576,0.44444443901234576,0.0,0.44444443901234576,0,0,0.40625,0.2857142853061225
1262583859_653f1469a9.jpg,হেলমেট পরা একজন লোক হেলমেট পরে সাইকেল চালাচ্ছে,0.24999999968749997,0.2857142853061225,0.2666666613333334,0.2666666613333334,0.1052631531301941,0.2666666613333334,0,0,0.45238095238095233,0.16666666652777776
2465497494_43d74df57c.jpg,একটি শিশু একটি শিশু,0.49999999875,0.15384615372781063,0.2352941137716263,0.2352941137716263,0.0,0.2352941137716263,0,0,0.30000000000000004,0.1111111109876543
241347204_007d83e252.jpg,লাল শার্ট ও লাল শার্ট ও লাল শার্ট ও লাল শার্ট ও লাল শার্ট ও লাল শার্ট ও লাল শার্ট ও লাল শার্ট ও লাল শার্ট ও লাল শার্ট ও লাল শার্ট ও লাল শার্ট ও লাল শার্ট ও লাল,0.0499999999875,0.2222222219753086,0.08163265002915464,0.08163265002915464,0.0,0.08163265002915464,0,0,0.2100840336134454,0.1999999998
2330536645_2d36b516e1.jpg,দু'জন ছেলে পানিতে খেলছে।,0.249999999375,0.3333333322222222,0.28571428000000004,0.28571428000000004,0.0,0.28571428000000004,0,0,0.6428571428571428,0.16666666638888888
2089442007_6fc798548c.jpg,একটি কুকুর পানিতে ভিজে গেলো,0.5999999988,0.7499999981250001,0.6666666602469137,0.6666666602469137,0.5714285648979592,0.6666666602469137,0,0,0.7058823529411764,0.49999999916666665
1860.png,কয়েকজন পুরুষ আছে।,0.6666666644444444,0.2222222219753086,0.3333333290277778,0.3333333290277778,0.0,0.3333333290277778,0,0,0.23529411764705888,0.2222222219753086
5063.png,একটি দালানে তিনজন লোক বসে আছে,0.16666666638888888,0.16666666638888888,0.16666666138888903,0.16666666138888903,0.0,0.16666666138888903,0,0,0.45833333333333337,0.09090909082644627
421153376_d1d325568f.jpg,একটি কুকুর একটি জলের মধ্যে দিয়ে চলছে,0.4285714279591837,0.49999999916666665,0.4615384558579882,0.4615384558579882,0.24999999562500003,0.4615384558579882,0,0,0.5882352941176471,0.3333333329629629
2337.png,একজন পুরুষ আছে।,0.3333333322222222,0.249999999375,0.28571428000000004,0.28571428000000004,0.0,0.28571428000000004,0,0,0.3076923076923077,0.16666666638888888
1287073593_f3d2a62455.jpg,একদল কুকুর,0.999999995,0.2222222219753086,0.36363636,0.36363636,0.22222221975308643,0.36363636,0,0,0.2692307692307693,0.2222222219753086
2543589122_ec3e55f434.jpg,একটি কুকুর একটি লাল বল নিয়ে খেলছে,0.4285714279591837,0.7499999981250001,0.5454545398347109,0.5454545398347109,0.2222222172839507,0.5454545398347109,0,0,0.5416666666666667,0.4285714279591837
424307754_1e2f44d265.jpg,এক লোক একটি কালো এবং একটি কুকুর দৌড়াচ্ছে,0.37499999953124996,0.49999999916666665,0.4285714230612245,0.4285714230612245,0.33333332791666676,0.4285714230612245,0,0,0.5357142857142857,0.29999999969999996
2860872588_f2c7b30e1a.jpg,একটি কুকুর রাস্তায় খেলছে,0.49999999875,0.6666666644444444,0.5714285648979592,0.5714285648979592,0.0,0.5714285648979592,0,0,0.5625,0.3999999992
3549408779_4d453db080.jpg,একটি কালো কুকুর পানিতে সাঁতার কাটছে,0.9999999983333333,0.7499999990624999,0.8571428510204081,0.8571428510204081,0.6666666606944446,0.8571428510204081,0,0,0.7586206896551724,0.7499999990624999
3455419642_894d03f153.jpg,একটি কালো কুকুর একটি বল ধরার চেষ্টা করছে,0.49999999937499995,0.3999999996,0.4444444390123457,0.4444444390123457,0.24999999476562512,0.4444444390123457,0,0,0.46341463414634143,0.30769230745562126
3368207495_1e2dbd6d3f.jpg,একটি কুকুর একটি জমিতে একটি জমিতে একটি জমিতে একটি জমিতে একটি জমিতে একটি জমিতে একটি জমিতে একটি জমিতে একটি জমিতে একটি জমিতে একটি জমিতে একটি জমিতে একটি জমিতে একটি জমিতে একটি জমিতে একটি জমিতে একটি জমিতে একটি জমিতে একটি জমিতে,0.07499999998125,0.4285714279591837,0.12765957187867819,0.12765957187867819,0.08888888653827165,0.12765957187867819,0,0,0.11949685534591192,0.2857142853061225
7633.png,একটি সেতু আছে।,0.3333333322222222,0.3333333322222222,0.33333332722222225,0.33333332722222225,0.0,0.33333332722222225,0,0,0.36363636363636365,0.1999999996
5864.png,একজন পুরুষ ছাতা নিয়ে দাঁড়িয়ে আছে।,0.16666666638888888,0.3333333322222222,0.2222222172839507,0.2222222172839507,0.0,0.2222222172839507,0,0,0.33333333333333337,0.124999999921875
2765747519_2b851e01d6.jpg,একটি শিশু তাকিয়ে আছে।,0.49999999875,0.3999999992,0.4444444385185186,0.4444444385185186,0.28571428000000004,0.4444444385185186,0,0,0.4736842105263158,0.2857142853061225
7434.png,একজন নারী আছে।,0.3333333322222222,0.0999999999,0.15384615005917168,0.15384615005917168,0.0,0.15384615005917168,0,0,0.19999999999999996,0.1111111109876543
3346040664_5b584e6133.jpg,একজন বাস্কেটবল খেলোয়াড় বল ড্রিবল করছে,0.49999999916666665,0.3333333329629629,0.3999999946666667,0.3999999946666667,0.19999999460000012,0.3999999946666667,0,0,0.5789473684210527,0.24999999979166665
972381743_5677b420ab.jpg,এক মেয়ে ছাতার নিচে ছাতা হাতে নিয়ে রাস্তা পার হচ্ছেন,0.0999999999,0.08333333326388888,0.09090908586776886,0.09090908586776886,0.0,0.09090908586776886,0,0,0.33333333333333337,0.049999999975
3116.png,একজন পুরুষ ও একজন পুরুষ দাড়িয়ে আছে।,0.2857142853061225,0.6666666644444444,0.39999999500000005,0.39999999500000005,0.0,0.39999999500000005,0,0,0.34615384615384615,0.33333333277777777
8566.png,চুল গুলো গাছের পাশে দাঁড়িয়ে আছে,0.16666666638888888,0.0999999999,0.12499999515625017,0.12499999515625017,0.0,0.12499999515625017,0,0,0.3870967741935484,0.06666666662222222
3334953664_a669038795.jpg,একজন বেসবল ক্যাপ পরা একজন পুরুষ আছে।,0.2857142853061225,0.33333333277777777,0.3076923022485208,0.3076923022485208,0.1818181765289258,0.3076923022485208,0,0,0.5357142857142857,0.1999999998
4832.png,ধান ক্ষেত আছে।,0.3333333322222222,0.3333333322222222,0.33333332722222225,0.33333332722222225,0.0,0.33333332722222225,0,0,0.30000000000000004,0.1999999996
1516714577_7d1c35a8d8.jpg,একটি মেয়ে একটি <unk>,0.49999999875,0.2857142853061225,0.36363635834710756,0.36363635834710756,0.0,0.36363635834710756,0,0,0.4782608695652174,0.14285714275510203
765298136_7805fbb079.jpg,একজন লোক পানির উপর দিয়ে পিছলা খাচ্ছে,0.2857142853061225,0.24999999968749997,0.2666666613333334,0.2666666613333334,0.0,0.2666666613333334,0,0,0.5172413793103448,0.15384615372781063
3872.png,একজন পুরুষ তাকিয়ে আছে।,0.249999999375,0.14285714265306124,0.1818181768595043,0.1818181768595043,0.0,0.1818181768595043,0,0,0.36363636363636365,0.0999999999
1466307489_cb8a74de09.jpg,একটি দল একটি গাড়ি চালাচ্ছে,0.1999999996,0.1111111109876543,0.14285713806122466,0.14285713806122466,0.0,0.14285713806122466,0,0,0.4193548387096774,0.08333333326388888
3344.png,একজন লোক <unk>,0.3333333322222222,0.16666666638888888,0.2222222172839507,0.2222222172839507,0.0,0.2222222172839507,0,0,0.30000000000000004,0.12499999984374999
8873.png,একজন মহিলা তার পিছনে তার পিছনে তার পিছনে তার পিছনে তার পিছনে তার পিছনে তার পিছনে তার পিছনে তার পিছনে তার পিছনে তার পিছনে তার পিছনে তার পিছনে তার পিছনে তার পিছনে তার পিছনে তার পিছনে তার পিছনে তার পিছনে,0.0499999999875,0.2222222219753086,0.08163265002915464,0.08163265002915464,0.0,0.08163265002915464,0,0,0.15602836879432624,0.18181818165289254
5029.png,একটি লোক একটি <unk>,0.49999999875,0.49999999875,0.4999999937500001,0.4999999937500001,0.33333332722222225,0.4999999937500001,0,0,0.5714285714285714,0.3999999992
8917.png,একজন ছেলে জানালার পাশে বসে আছে একজন বাচ্চা কোলে নিয়ে আছে।,0.2727272724793388,0.37499999953124996,0.31578946847645434,0.31578946847645434,0.0,0.21052631069252087,0,0,0.33333333333333337,0.21428571413265304
3543294190_0037c59607.jpg,একটি ছেলে তার সাইকেল নিয়ে যাচ্ছে,0.16666666638888888,0.0999999999,0.12499999515625017,0.12499999515625017,0.0,0.12499999515625017,0,0,0.36363636363636365,0.06666666662222222
5787.png,সমুদ্রের পারে একজন মানুষ আছে।,0.5999999988,0.5999999988,0.5999999938,0.5999999938,0.2499999943750001,0.5999999938,0,0,0.65,0.4285714279591837
3673032164_6c6843de87.jpg,একদল লোক ছবি তুলছে,0.0,0.0,0.0,0.0,0.0,0.0,0,0,0.19999999999999996,0.0
3323498985_fd9d2803fd.jpg,এক মহিলা এবং একটি ছেলে,0.1999999996,0.1999999996,0.19999999460000012,0.19999999460000012,0.0,0.19999999460000012,0,0,0.29166666666666663,0.1111111109876543
4080.png,গলায় কালো মালা পরে আছে,0.0,0.0,0.0,0.0,0.0,0.0,0,0,0.3214285714285714,0.0
4950.png,একটি শিশু আছে।,0.3333333322222222,0.249999999375,0.28571428000000004,0.28571428000000004,0.0,0.28571428000000004,0,0,0.3571428571428571,0.16666666638888888
1319.png,একজন নারী ও একজন নারী ও একজন নারী ও একজন নারী ও একজন নারী ও একজন নারী ও একজন নারী ও একজন নারী ও একজন নারী ও একজন নারী ও একজন নারী ও একজন নারী ও একজন নারী ও একজন,0.07499999998125,0.37499999953124996,0.12499999717013895,0.12499999717013895,0.043478258270321514,0.12499999717013895,0,0,0.25373134328358204,0.37499999953124996
2230.png,একটি মেয়ে শিশু আছে।,0.249999999375,0.12499999984374999,0.16666666194444454,0.16666666194444454,0.0,0.16666666194444454,0,0,0.30000000000000004,0.09090909082644627
4571.png,একটি পুকুর ও একটি বাড়ী দেখা যাচ্ছে।,0.2857142853061225,0.6666666644444444,0.39999999500000005,0.39999999500000005,0.24999999562500003,0.39999999500000005,0,0,0.34782608695652173,0.2857142853061225
2546.png,একটি ছেলে পানি ছিটানো হচ্ছে।,0.0,0.0,0.0,0.0,0.0,0.0,0,0,0.3214285714285714,0.0
1296412797_85b6d2f8d6.jpg,একটি শিশু বাতাসে লাফ দিচ্ছে,0.5999999988,0.3333333329629629,0.42857142336734694,0.42857142336734694,0.16666666194444454,0.42857142336734694,0,0,0.4375,0.2727272724793388
3341077091_7ca0833373.jpg,একটি স্কেটবোর্ডার একটি স্কেটবোর্ড দিয়ে কসরত দেখাচ্ছেন,0.2857142853061225,0.2857142853061225,0.28571428030612256,0.28571428030612256,0.0,0.28571428030612256,0,0,0.5,0.18181818165289254
8695.png,একজন নারী দাড়িয়ে আছে।,0.49999999875,0.33333333277777777,0.3999999944,0.3999999944,0.0,0.3999999944,0,0,0.47619047619047616,0.2857142853061225
1287704027.jpg,একটি রেস্তোরাঁয় খাবার <unk> দোকানে খাবার রান্না করছে,0.12499999984374999,0.05882352937716263,0.07999999558400024,0.07999999558400024,0.0,0.07999999558400024,0,0,0.39473684210526316,0.045454545433884296
4135.png,অনেকগুলো মানুষ আছে।,0.9999999966666667,0.49999999916666665,0.6666666607407408,0.6666666607407408,0.28571428081632655,0.6666666607407408,0,0,0.5,0.49999999916666665
3085357792_efcf297c71.jpg,একটি মেয়ে একটি কুকুর,0.249999999375,0.09090909082644627,0.13333332924444455,0.13333332924444455,0.0,0.13333332924444455,0,0,0.2777777777777778,0.07692307686390532
2661138991_d55aa0e5dc.jpg,একজন লোক একটি ছবির জন্য পোজ দেয়,0.2857142853061225,0.33333333277777777,0.3076923022485208,0.3076923022485208,0.0,0.3076923022485208,0,0,0.48275862068965514,0.18181818165289254
3574627719_790325430e.jpg,একজন লোক গান গাচ্ছে আর একজন লোক গান গাচ্ছে আর একজন লোক গান গাচ্ছে আর একজন লোক গান গাচ্ছে আর একজন লোক গান গাচ্ছে আর একজন লোক গান গাচ্ছে আর একজন লোক গান গাচ্ছে আর একজন লোক গান গাচ্ছে আর,0.0499999999875,0.18181818165289254,0.07843136913494825,0.07843136913494825,0.0,0.07843136913494825,0,0,0.21678321678321677,0.14285714275510203
1810651611_35aae644fb.jpg,একটি ছোট বাচ্চা দোলনায় দুলছে,0.5999999988,0.4285714279591837,0.4999999943055557,0.4999999943055557,0.1999999948000001,0.4999999943055557,0,0,0.5238095238095238,0.3333333329629629
3208571574_6dc1a461c5.jpg,চার লোক একটি ছবির জন্য পোজ দিচ্ছে,0.14285714265306124,0.14285714265306124,0.14285713765306143,0.14285713765306143,0.0,0.14285713765306143,0,0,0.33333333333333337,0.07692307686390532
IMG_2909.JPG,লোক টি বসে আছে,0.9999999975,0.9999999975,0.9999999925,0.9999999925,0.9999999916666666,0.9999999925,1,1,1.0,0.9999999975
3550276904_19de3561c5.jpg,একজন বৃদ্ধ মহিলা একটি <unk> <unk> বসে আছে,0.6249999992187499,0.41666666631944443,0.4999999947,0.4999999947,0.33333332820987654,0.4999999947,0,0,0.5333333333333333,0.3571428568877551
177.png,একটা মহিলা বসে আছে,0.0,0.0,0.0,0.0,0.0,0.0,0,0,0.31999999999999995,0.0
6027.png,একটি লোক দাড়িয়ে আছে যার পিছনে কালো প্যান্ট পরে দাড়িয়ে আছে যার পিছনে কালো প্যান্ট পরে দাড়িয়ে আছে যার পিছনে কালো প্যান্ট পরে দাড়িয়ে আছে যার পিছনে কালো প্যান্ট পরে দাড়িয়ে আছে যার পিছনে কালো প্যান্ট পরে দাড়িয়ে আছে যার,0.07499999998125,0.2727272724793388,0.11764705539407928,0.11764705539407928,0.0,0.11764705539407928,0,0,0.21985815602836878,0.1764705881314879
3523471597_87e0bf3b21.jpg,একটি ব্যস্ত রাস্তায় একটি মেয়ে একটি ভবনের সামনে দাঁড়িয়ে আছে।,0.3999999996,0.28571428551020406,0.33333332819444444,0.33333332819444444,0.09090908599173579,0.24999999493055564,0,0,0.375,0.16666666657407406
check-62a87bb8527e1_600.webp,একটি শিশু দাড়িয়ে আছে।,0.249999999375,0.1999999996,0.2222222167901236,0.2222222167901236,0.0,0.2222222167901236,0,0,0.31818181818181823,0.12499999984374999
5993.png,একটা ছেলে বসে আছে।,0.0,0.0,0.0,0.0,0.0,0.0,0,0,0.33333333333333337,0.0
466956209_2ffcea3941.jpg,একজন লোক একটি খাড়া পাহাড় বেয়ে উপরে উঠছে,0.49999999937499995,0.4444444439506172,0.4705882297577854,0.4705882297577854,0.13333332817777796,0.3529411710726644,0,0,0.4545454545454546,0.30769230745562126
1244140539.jpg,একটি কুকুর একটি সাদা বালিশে শুয়ে আছে,0.571428570612245,0.4444444439506172,0.49999999445312515,0.49999999445312515,0.2857142804081633,0.49999999445312515,0,0,0.55,0.29999999969999996
3597.png,একজন পুরুষ আছে।,0.6666666644444444,0.49999999875,0.5714285648979592,0.5714285648979592,0.39999999360000005,0.5714285648979592,0,0,0.6666666666666667,0.3999999992
2363540508_9dd1ccf7c7.jpg,একটি শিশু আছে।,0.3333333322222222,0.16666666638888888,0.2222222172839507,0.2222222172839507,0.0,0.2222222172839507,0,0,0.2272727272727273,0.14285714265306124
149.png,একজন পুরুষ একটি <unk>,0.249999999375,0.049999999975,0.08333333048611122,0.08333333048611122,0.0,0.08333333048611122,0,0,0.2142857142857143,0.04761904759637188
428796930_476a3d6395.jpg,একটি কালো কুকুর একটি কালো কুকুর খেলছে,0.7142857132653061,0.6249999992187499,0.6666666608,0.6666666608,0.4615384558579882,0.6666666608,0,0,0.6896551724137931,0.7499999981250001
8279.png,একজন বয়স্ক পুরুষ আছে।,0.9999999975,0.9999999975,0.9999999925,0.9999999925,0.9999999916666666,0.9999999925,1,1,1.0,0.9999999975
6841.png,একজন ছোট ছেলে হাতে একটি বস্তার উপরে চেয়ে আছেন।,0.2222222219753086,0.1999999998,0.21052631058171756,0.21052631058171756,0.0,0.21052631058171756,0,0,0.4242424242424242,0.11764705875432525
118647903.jpg,একটি ছেলে একটি ফুটবলে লাথি মারছে,0.16666666638888888,0.12499999984374999,0.1428571377551022,0.1428571377551022,0.0,0.1428571377551022,0,0,0.3870967741935484,0.08333333326388888
413.png,সামনে অনেকগুলো খাবার <unk>,0.249999999375,0.16666666638888888,0.1999999948000001,0.1999999948000001,0.0,0.1999999948000001,0,0,0.33333333333333337,0.1111111109876543
6585.png,একজন মানুষ আছে।,0.6666666644444444,0.3999999992,0.49999999406250006,0.49999999406250006,0.33333332777777785,0.49999999406250006,0,0,0.47619047619047616,0.33333333277777777
468930779_8008d90e10.jpg,একটি কালো কুকুর পানিতে সাঁতার কাটছে।,0.6666666655555555,0.571428570612245,0.6153846094674558,0.6153846094674558,0.1818181765289258,0.6153846094674558,0,0,0.625,0.4444444439506172
533713007_bf9f3e25b4.jpg,একটি টেবিলে বসে খাবার খাচ্ছেন একটি টেবিলে খাবার খাচ্ছে।,0.4444444439506172,0.3333333330555555,0.38095237569161,0.38095237569161,0.11764705370242234,0.38095237569161,0,0,0.45238095238095233,0.2222222219753086
2354540393_a149722680.jpg,ফুলেল শার্ট পরা একজন মহিলা একটি <unk>,0.14285714265306124,0.14285714265306124,0.14285713765306143,0.14285713765306143,0.0,0.14285713765306143,0,0,0.2592592592592593,0.07692307686390532
2699.png,একজন নারী ও একজন নারী দাড়িয়ে আছে।,0.571428570612245,0.571428570612245,0.5714285656122451,0.5714285656122451,0.3333333277777778,0.5714285656122451,0,0,0.76,0.49999999937499995
454.png,একজন নারী ও একজন নারী আছে।,0.16666666638888888,0.1999999996,0.1818181765289258,0.1818181765289258,0.0,0.1818181765289258,0,0,0.4,0.12499999984374999
344863961_189328100645338_2244274616637855776_n.jpg,সূর্য উজ্জ্বলভাবে জ্বলছে এবং উপরে উজ্জ্বলভাবে জ্বলছে এবং উপরে উজ্জ্বলভাবে জ্বলছে এবং উপরে উজ্জ্বলভাবে জ্বলছে এবং উপরে উজ্জ্বলভাবে জ্বলছে এবং উপরে উজ্জ্বলভাবে জ্বলছে এবং উপরে উজ্জ্বলভাবে জ্বলছে এবং উপরে উজ্জ্বলভাবে জ্বলছে এবং উপরে উজ্জ্বলভাবে জ্বলছে এবং উপরে উজ্জ্বলভাবে জ্বলছে এবং,0.0499999999875,0.33333333277777777,0.08695651943289232,0.08695651943289232,0.0,0.08695651943289232,0,0,0.12060301507537685,0.24999999968749997
4346.png,একজন পুরুষ মাথায় ঝুড়ি নিয়ে হেঁটে যাচ্ছে।,0.2857142853061225,0.2857142853061225,0.28571428030612256,0.28571428030612256,0.0,0.28571428030612256,0,0,0.5384615384615384,0.16666666652777776
2148991939_3b9fd6c439.jpg,একটি কালো কুকুর পানিতে সাঁতার কাটছে।,0.49999999916666665,0.49999999916666665,0.4999999941666667,0.4999999941666667,0.39999999420000004,0.4999999941666667,0,0,0.5909090909090908,0.3333333329629629
455.png,একজন বালিকা আছে।,0.0,0.0,0.0,0.0,0.0,0.0,0,0,0.375,0.0
781387473_208ba152b3.jpg,একটি শিশু একটি দোকানের সামনে দাঁড়িয়ে আছে,0.2857142853061225,0.18181818165289254,0.22222221722222232,0.22222221722222232,0.0,0.22222221722222232,0,0,0.38636363636363635,0.06666666662222222
3331797838_b3e33dbe17.jpg,এক লোক তার সাইকেল চালাচ্ছে,0.5999999988,0.5999999988,0.5999999938,0.5999999938,0.2499999943750001,0.5999999938,0,0,0.6521739130434783,0.4285714279591837
2811.png,একটি শিশু আছে।,0.9999999966666667,0.49999999916666665,0.6666666607407408,0.6666666607407408,0.28571428081632655,0.6666666607407408,0,0,0.4285714285714286,0.49999999916666665
8159.png,সমুদ্রের পারে একজন মানুষ আছে।,0.5999999988,0.4285714279591837,0.4999999943055557,0.4999999943055557,0.1999999948000001,0.4999999943055557,0,0,0.7037037037037037,0.3333333329629629
278.png,একজন বয়স্ক নারী তাকিয়ে আছে।,0.1999999996,0.16666666638888888,0.1818181765289258,0.1818181765289258,0.0,0.1818181765289258,0,0,0.31999999999999995,0.0999999999
2861100960_457ceda7fa.jpg,টুপি পরিহিত একজন লোক দাঁড়িয়ে আছে,0.33333333277777777,0.33333333277777777,0.3333333277777778,0.3333333277777778,0.19999999460000012,0.3333333277777778,0,0,0.4545454545454546,0.1999999998
8659.png,একজন পুরুষ মাথায় করে নিয়ে আছে।,0.16666666638888888,0.249999999375,0.1999999948000001,0.1999999948000001,0.0,0.1999999948000001,0,0,0.33333333333333337,0.1111111109876543
3224560800_8fefd52510.jpg,একটি ছেলে একটি <unk>,0.249999999375,0.16666666638888888,0.1999999948000001,0.1999999948000001,0.0,0.1999999948000001,0,0,0.33333333333333337,0.12499999984374999
336460583_6c8ccb7188.jpg,একটি কুকুর ঘাসের উপর দৌড়াচ্ছে,0.9999999980000001,0.9999999980000001,0.9999999930000001,0.9999999930000001,0.9999999925,0.9999999930000001,1,1,1.0,0.9999999980000001
5447.png,একজন পুরুষ পানিতে লাফ দিচ্ছে।,0.3999999992,0.33333333277777777,0.36363635801652905,0.36363635801652905,0.0,0.36363635801652905,0,0,0.5416666666666667,0.2222222219753086
inbound413747284593859205.jpg,একটি কালো রঙের একটি কালো এবং একটি পাখি।,0.24999999968749997,0.33333333277777777,0.2857142804081633,0.2857142804081633,0.0,0.2857142804081633,0,0,0.3793103448275862,0.2222222219753086
IMG_0741.JPG,একজন পুরুষ বসে আছে ও একজন পুরুষ ও একজন পুরুষ ও একজন পুরুষ ও একজন পুরুষ ও একজন পুরুষ ও একজন পুরুষ ও একজন পুরুষ ও একজন পুরুষ ও একজন পুরুষ ও একজন পুরুষ ও একজন পুরুষ ও একজন পুরুষ,0.0499999999875,0.49999999875,0.09090908921487605,0.09090908921487605,0.0476190462698413,0.09090908921487605,0,0,0.06849315068493156,0.2857142853061225
2080.png,কয়েকজন পুরুষ আছে।,0.3333333322222222,0.16666666638888888,0.2222222172839507,0.2222222172839507,0.0,0.2222222172839507,0,0,0.36363636363636365,0.12499999984374999
5160.png,একটি পুরাতন <unk>,0.0,0.0,0.0,0.0,0.0,0.0,0,0,0.21052631578947367,0.0
2700147489_f1664f2b61.jpg,একটি ছেলে তার <unk>,0.49999999875,0.49999999875,0.4999999937500001,0.4999999937500001,0.0,0.4999999937500001,0,0,0.4736842105263158,0.33333333277777777
2670637584_d96efb8afa.jpg,একটি ছোট ছেলে একটি গাছের পাশে দাঁড়িয়ে আছে,0.12499999984374999,0.12499999984374999,0.12499999484375018,0.12499999484375018,0.0,0.12499999484375018,0,0,0.3214285714285714,0.07692307686390532
7665.png,একজন লোক একটি <unk>,0.0,0.0,0.0,0.0,0.0,0.0,0,0,0.2666666666666667,0.0
3726120436_740bda8416.jpg,একজন লোক একটি গাড়ির পাশে বসে আছে।,0.7142857132653061,0.3846153843195266,0.4999999949499999,0.4999999949499999,0.11111110654321005,0.4999999949499999,0,0,0.45833333333333337,0.3571428568877551
3108.png,একজন পুরুষ পাশাপাশি দাড়িয়ে আছে।,0.5999999988,0.7499999981250001,0.6666666602469137,0.6666666602469137,0.28571428000000004,0.6666666602469137,0,0,0.7,0.49999999916666665
5307.png,রাস্তা দিয়ে একটা ছোট ছেলে হেটে যাচ্ছে আর রাস্তা দিয়ে একটা ছোট ছেলে হেটে যাচ্ছে আর রাস্তা দিয়ে একটা ছোট ছেলে হেটে যাচ্ছে আর রাস্তা দিয়ে একটা ছোট ছেলে হেটে যাচ্ছে আর রাস্তা দিয়ে একটা ছোট ছেলে হেটে যাচ্ছে আর,0.099999999975,0.571428570612245,0.17021276334993213,0.17021276334993213,0.04444444211358036,0.17021276334993213,0,0,0.16417910447761197,0.3636363633057851
1181.png,গোলাপী সিল্কের পোশাকের ছয় নারী নৃত্য করছে,0.0,0.0,0.0,0.0,0.0,0.0,0,0,0.24137931034482762,0.0
5839.png,সমুদ্রের পারে একজন মানুষ আছে।,0.5999999988,0.3333333329629629,0.42857142336734694,0.42857142336734694,0.16666666194444454,0.42857142336734694,0,0,0.4242424242424242,0.2727272724793388
3640443200_b8066f37f6.jpg,বিয়ের অনুষ্ঠানে উপস্থিত একদল লোক।,0.0,0.0,0.0,0.0,0.0,0.0,0,0,0.2702702702702703,0.0
8913.png,একজন পুরুষ ও একজন পুরুষ মানুষ।,0.6666666655555555,0.4444444439506172,0.5333333278222222,0.5333333278222222,0.46153845609467453,0.5333333278222222,0,0,0.5625,0.3333333329629629
875.png,একটি শিশু আছে।,0.3333333322222222,0.16666666638888888,0.2222222172839507,0.2222222172839507,0.0,0.2222222172839507,0,0,0.23809523809523814,0.12499999984374999
4101.png,একজন পুরুষ আছে।,0.9999999966666667,0.4285714279591837,0.5999999946000001,0.5999999946000001,0.0,0.5999999946000001,0,0,0.42307692307692313,0.49999999916666665
3349309109_4024a09a17.jpg,একজন বালিকা উটে চড়ছে,0.9999999975,0.4444444439506172,0.6153846101775148,0.6153846101775148,0.36363635900826446,0.6153846101775148,0,0,0.4411764705882353,0.49999999937499995
8967.png,একজন পুরুষ ছাতা নিয়ে হেঁটে যাচ্ছে।,0.16666666638888888,0.14285714265306124,0.15384614863905344,0.15384614863905344,0.0,0.15384614863905344,0,0,0.3913043478260869,0.09090909082644627
597.png,একজন পুরুষ বসে আছে।,0.49999999875,0.3999999992,0.4444444385185186,0.4444444385185186,0.0,0.4444444385185186,0,0,0.5294117647058824,0.2857142853061225
496555371_3e1ee0d97d.jpg,দুটি কুকুর একটি সৈকতে ছুটছে।,0.5999999988,0.29999999969999996,0.39999999502222217,0.39999999502222217,0.0,0.2666666618666667,0,0,0.4285714285714286,0.2727272724793388
4591.png,একটি <unk> <unk> <unk> <unk> <unk> <unk> <unk> <unk> <unk> <unk> <unk> <unk> <unk> <unk> <unk> <unk> <unk> <unk> <unk> <unk> <unk> <unk> <unk> <unk> <unk> <unk> <unk> <unk> <unk> <unk> <unk> <unk> <unk> <unk> <unk> <unk> <unk> <unk> <unk>,0.02499999999375,0.3333333322222222,0.04651162658734455,0.04651162658734455,0.0,0.04651162658734455,0,0,0.10062893081761004,0.249999999375
1715.png,একজন পুরুষ আছে।,0.3333333322222222,0.249999999375,0.28571428000000004,0.28571428000000004,0.0,0.28571428000000004,0,0,0.5714285714285714,0.16666666638888888
3030294889_78b2ccbe51.jpg,এক লোক তার ঘাড়ের উপর দিয়ে লাফ দিচ্ছে,0.37499999953124996,0.5999999988,0.46153845609467453,0.46153845609467453,0.1818181768595043,0.46153845609467453,0,0,0.5384615384615384,0.29999999969999996
1517807181_ca6588f2a0.jpg,একজন বাচ্চা ছেলে হাতে নিয়ে আছে।,0.0,0.0,0.0,0.0,0.0,0.0,0,0,0.25,0.0
9035.png,আগুন জ্বলছে।,0.4999999975,0.06666666662222222,0.11764705660899655,0.11764705660899655,0.0,0.11764705660899655,0,0,0.25,0.0624999999609375
8119.png,একটি <unk> একটি <unk>,0.0,0.0,0.0,0.0,0.0,0.0,0,0,0.20833333333333337,0.0
2715337869_e4fe36db50.jpg,একটি মেয়ে পানিতে লাফ দিলো,0.7999999984,0.6666666655555555,0.7272727209917357,0.7272727209917357,0.4444444385185186,0.7272727209917357,0,0,0.7222222222222222,0.571428570612245
3231237864_8cb1c6d863.jpg,একজন মেয়ে বল ধরে আছে।,0.1999999996,0.249999999375,0.2222222167901236,0.2222222167901236,0.0,0.2222222167901236,0,0,0.3529411764705882,0.14285714265306124
3757.png,একদল লোক একটি টেবিল পরিষ্কার করছে,0.0,0.0,0.0,0.0,0.0,0.0,0,0,0.2978723404255319,0.0
3513.png,কয়েকটি গাছ আছে।,0.3333333322222222,0.249999999375,0.28571428000000004,0.28571428000000004,0.0,0.28571428000000004,0,0,0.4666666666666667,0.16666666638888888
1408.png,একজন ছোট ছেলে খাবার খাচ্ছে।,0.3999999992,0.1999999998,0.2666666618666667,0.2666666618666667,0.0,0.2666666618666667,0,0,0.42105263157894735,0.15384615372781063
2124040721_bffc0a091a.jpg,একটি টুপি পরা একজন লোক,0.3999999992,0.2857142853061225,0.33333332791666676,0.33333332791666676,0.0,0.33333332791666676,0,0,0.4,0.1999999998
2255.png,একজন নারী আছে।,0.3333333322222222,0.12499999984374999,0.18181817752066123,0.18181817752066123,0.0,0.18181817752066123,0,0,0.2666666666666667,0.0999999999
2041867793_552819a40b.jpg,একটি কালো শার্ট পরা একজন মহিলা খাবার রান্না করছেন,0.1111111109876543,0.16666666638888888,0.13333332835555572,0.13333332835555572,0.0,0.13333332835555572,0,0,0.34285714285714286,0.07142857137755101
444057017_f1e0fcaef7.jpg,একটি মেয়ে একটি জিপ চড়ছে,0.3999999992,0.49999999875,0.4444444385185186,0.4444444385185186,0.0,0.4444444385185186,0,0,0.47058823529411764,0.33333333277777777
5728.png,একটি মন্দিরের সামনে একটি টিনের ঘর দেখা যাচ্ছে।,0.12499999984374999,0.09090909082644627,0.10526315290858747,0.10526315290858747,0.0,0.10526315290858747,0,0,0.3513513513513513,0.0624999999609375
444481722_690d0cadcf.jpg,একজন মহিলা একটি মহিলা একটি মহিলা একটি মহিলা একটি মহিলা একটি মহিলা একটি মহিলা একটি মহিলা একটি মহিলা একটি মহিলা একটি মহিলা একটি মহিলা একটি মহিলা একটি মহিলা একটি মহিলা একটি মহিলা একটি মহিলা একটি মহিলা একটি মহিলা একটি মহিলা,0.0499999999875,0.16666666652777776,0.07692307334319543,0.07692307334319543,0.0,0.07692307334319543,0,0,0.17500000000000004,0.08333333326388888
697.png,একজন পুরুষ ও একজন মানুষ আছে।,0.16666666638888888,0.12499999984374999,0.1428571377551022,0.1428571377551022,0.0,0.1428571377551022,0,0,0.3571428571428571,0.08333333326388888
inbound362938418199018836.jpg,একটি বাঘ আছে।,0.3333333322222222,0.14285714265306124,0.1999999954000001,0.1999999954000001,0.0,0.1999999954000001,0,0,0.1923076923076923,0.1111111109876543
299178969_5ca1de8e40.jpg,একটি ছেলে হাসছে,0.9999999966666667,0.37499999953124996,0.5454545404958677,0.5454545404958677,0.0,0.5454545404958677,0,0,0.3571428571428571,0.37499999953124996
8190.png,একটি দোকানের ভিতর কয়েকজন মানুষ আছে।,0.33333333277777777,0.2222222219753086,0.2666666615111111,0.2666666615111111,0.0,0.2666666615111111,0,0,0.28125,0.15384615372781063
2286.png,একজন লোক একটি মেশিন দিয়ে কাজ করছে।,0.2857142853061225,0.33333333277777777,0.3076923022485208,0.3076923022485208,0.0,0.3076923022485208,0,0,0.36,0.18181818165289254
1173.png,একজন নারী আছে।,0.9999999966666667,0.49999999916666665,0.6666666607407408,0.6666666607407408,0.28571428081632655,0.6666666607407408,0,0,0.5263157894736843,0.49999999916666665
5992.png,একজন পুরুষ আছে।,0.9999999966666667,0.4285714279591837,0.5999999946000001,0.5999999946000001,0.24999999562500003,0.5999999946000001,0,0,0.45833333333333337,0.4285714279591837
2790.png,একজন পুরুষ হাতে নিয়ে দাড়িয়ে আছে।,0.33333333277777777,0.49999999875,0.3999999944,0.3999999944,0.24999999468750006,0.3999999944,0,0,0.5714285714285714,0.24999999968749997
8916.png,নদীতে একটি নৌকা ও কয়েকজন মানুষ আছে।,0.2857142853061225,0.49999999875,0.36363635834710756,0.36363635834710756,0.2222222172839507,0.36363635834710756,0,0,0.52,0.2222222219753086
5433.png,একটি রাস্তা দিয়ে একটি গাছ দেখা যাচ্ছে।,0.4285714279591837,0.3333333329629629,0.374999994609375,0.374999994609375,0.1428571377551022,0.374999994609375,0,0,0.5161290322580645,0.24999999979166665
547.png,একজন পুরুষ একটি শিশু আছে।,0.1999999996,0.0999999999,0.13333332871111125,0.13333332871111125,0.0,0.13333332871111125,0,0,0.28205128205128205,0.07142857137755101
274.png,একজন পুরুষ বসে আছে।,0.7499999981250001,0.24999999979166665,0.37499999578125004,0.37499999578125004,0.14285713928571436,0.37499999578125004,0,0,0.2727272727272727,0.23076923059171597
3388094307_5a83be64a5.jpg,একজন টেনিস খেলোয়াড়টি দুহাত দিয়ে টেনিস খেলছে,0.4285714279591837,0.23076923059171597,0.2999999951500001,0.2999999951500001,0.0,0.28571428030612256,0,0,0.48275862068965514,0.18181818165289254
4992.png,একটি পর্যটন এলাকায় একটা বাসা আছে।,0.33333333277777777,0.2857142853061225,0.3076923022485208,0.3076923022485208,0.0,0.3076923022485208,0,0,0.36,0.18181818165289254
3857.png,একজন মহিলা একটি দোকানের সামনে দাঁড়িয়ে আছে,0.2857142853061225,0.18181818165289254,0.22222221722222232,0.22222221722222232,0.0,0.22222221722222232,0,0,0.40384615384615385,0.124999999921875
1697.png,একজন নারী ও একজন নারী আছে।,0.6666666655555555,0.3333333330555555,0.4444444395061729,0.4444444395061729,0.12499999554687513,0.4444444395061729,0,0,0.4,0.2727272724793388
630476551_2ee7399f77.jpg,একটি ছেলে পানিতে ভিজে গেলো,0.1999999996,0.1999999996,0.19999999460000012,0.19999999460000012,0.0,0.19999999460000012,0,0,0.5294117647058824,0.1111111109876543
141755290_4b954529f3.jpg,একটি <unk> একটি <unk> একটি <unk>,0.16666666638888888,0.12499999984374999,0.1428571377551022,0.1428571377551022,0.0,0.1428571377551022,0,0,0.2666666666666667,0.1111111109876543
2922807898_b5a06d5c70.jpg,একটি সাদা কুকুর একটি সাদা কুকুর দৌড়াচ্ছে,0.571428570612245,0.3333333330555555,0.42105262648199443,0.42105262648199443,0.2352941128027682,0.42105262648199443,0,0,0.46153846153846156,0.24999999979166665
8805.png,একজন পুরুষ একটি গাড়ি দেখা যাচ্ছে।,0.33333333277777777,0.2857142853061225,0.3076923022485208,0.3076923022485208,0.0,0.3076923022485208,0,0,0.42307692307692313,0.18181818165289254
343487759_287037936983498_8779235962694618402_n.jpg,একটি শিশু দাড়িয়ে আছে।,0.249999999375,0.14285714265306124,0.1818181768595043,0.1818181768595043,0.0,0.1818181768595043,0,0,0.34375,0.0999999999
4598.png,একজন পুরুষ আছে।,0.9999999966666667,0.7499999981250001,0.8571428497959185,0.8571428497959185,0.39999999360000005,0.8571428497959185,0,0,0.7333333333333334,0.7499999981250001
7519.png,একজন পুরুষ আছে।,0.9999999966666667,0.4285714279591837,0.5999999946000001,0.5999999946000001,0.24999999562500003,0.5999999946000001,0,0,0.43999999999999995,0.4285714279591837
5048.png,একটি নদী ও দূরে পাহাড় আছে।,0.16666666638888888,0.3333333322222222,0.2222222172839507,0.2222222172839507,0.0,0.2222222172839507,0,0,0.2777777777777778,0.12499999984374999
3706.png,একজন বৃদ্ধ পুরুষ তাকিয়ে আছে।,0.7999999984,0.7999999984,0.7999999934,0.7999999934,0.4999999937500001,0.7999999934,0,0,0.85,0.6666666655555555
7297.png,একটি নৌকায় কয়েকজন মানুষ আছে।,0.5999999988,0.16666666657407406,0.2608695615879017,0.2608695615879017,0.0,0.2608695615879017,0,0,0.44999999999999996,0.149999999925
2068960566_21e85ae0dc.jpg,একটি বাচ্চা মেয়ে দোলনায় দুলছে,0.1999999996,0.249999999375,0.2222222167901236,0.2222222167901236,0.0,0.2222222167901236,0,0,0.5263157894736843,0.12499999984374999
4547.png,একটি শিশু আছে।,0.6666666644444444,0.33333333277777777,0.44444443901234576,0.44444443901234576,0.0,0.44444443901234576,0,0,0.38095238095238093,0.2857142853061225
1204996216_71d7519d9a.jpg,একটি ছেলে পিকনিক টেবিলের বেঞ্চে শুয়ে আছে।,0.8571428559183674,0.7499999990624999,0.7999999939555555,0.7999999939555555,0.4615384558579882,0.7999999939555555,0,0,0.8571428571428572,0.6666666659259258
116457850.jpg,বাচ্চারা খেলছে,0.0,0.0,0.0,0.0,0.0,0.0,0,0,0.2666666666666667,0.0
1777.png,কয়েকজন মানুষ আছে।,0.6666666644444444,0.1999999998,0.3076923036686391,0.3076923036686391,0.0,0.3076923036686391,0,0,0.2195121951219512,0.18181818165289254
2464259416_238ef13a2e.jpg,একটি কালো কুকুর এবং একটি কালো কুকুর একটি অনুর্বর ভূমি দিয়ে একটি অনুর্বর ভূমি দিয়ে একটি অনুর্বর ভূমি দিয়ে একটি অনুর্বর ভূমি দিয়ে একটি অনুর্বর ভূমি দিয়ে একটি অনুর্বর ভূমি দিয়ে একটি অনুর্বর ভূমি দিয়ে একটি অনুর্বর ভূমি দিয়ে একটি,0.0499999999875,0.2857142853061225,0.08510638040742426,0.08510638040742426,0.0,0.08510638040742426,0,0,0.16025641025641024,0.16666666652777776
481887827_f8975dabf1.jpg,একজন পুরুষ বসে আছে।,0.249999999375,0.1999999996,0.2222222167901236,0.2222222167901236,0.0,0.2222222167901236,0,0,0.47619047619047616,0.12499999984374999
468911753_cc595f5da0.jpg,একটি কুকুর ঘাসের মধ্যে দিয়ে সবুজ ঘাসের মধ্যে দিয়ে সবুজ ঘাসের মধ্যে দিয়ে সবুজ ঘাসের মধ্যে দিয়ে সবুজ ঘাসের মধ্যে দিয়ে সবুজ ঘাসের মধ্যে দিয়ে সবুজ ঘাসের মধ্যে দিয়ে সবুজ ঘাসের মধ্যে দিয়ে সবুজ ঘাসের মধ্যে দিয়ে সবুজ ঘাসের মধ্যে,0.07499999998125,0.23076923059171597,0.11320754342470642,0.11320754342470642,0.045454543419421574,0.11320754342470642,0,0,0.17333333333333334,0.19999999986666667
314603661_51e05e0e24.jpg,একটি কুকুর একটি লাল <unk>,0.7999999984,0.4444444439506172,0.5714285660204083,0.5714285660204083,0.16666666194444454,0.5714285660204083,0,0,0.4473684210526315,0.3333333329629629
2025.png,একজন পুরুষ হাতে নিয়ে হেটে যাচ্ছে একজন ছোট ছেলে।,0.2222222219753086,0.09090909086776859,0.12903225386056202,0.12903225386056202,0.0,0.12903225386056202,0,0,0.20253164556962022,0.07142857140306122
4481.png,কয়েকজন মানুষ বসে আছে।,0.49999999875,0.33333333277777777,0.3999999944,0.3999999944,0.24999999468750006,0.3999999944,0,0,0.4285714285714286,0.24999999968749997
3191805046_77c334b506.jpg,একজন লোক একটি পথ দিয়ে লাফ দিচ্ছে,0.2857142853061225,0.3999999992,0.33333332791666676,0.33333332791666676,0.1999999948000001,0.33333332791666676,0,0,0.5,0.1999999998
4205.png,একটি শিশু আছে।,0.9999999966666667,0.49999999916666665,0.6666666607407408,0.6666666607407408,0.28571428081632655,0.6666666607407408,0,0,0.5454545454545454,0.49999999916666665
3368819708_0bfa0808f8.jpg,একজন নারী আছে।,0.3333333322222222,0.249999999375,0.28571428000000004,0.28571428000000004,0.0,0.28571428000000004,0,0,0.5,0.16666666638888888
3637013_c675de7705.jpg,একটি গাছের মাঝে একটি খাল দিয়ে হেটে যাচ্ছে একজন পুরুষ হেঁটে যাচ্ছে।,0.08333333326388888,0.12499999984374999,0.09999999510000022,0.09999999510000022,0.0,0.09999999510000022,0,0,0.37209302325581395,0.05555555552469135
2102315758_a9148a842f.jpg,এক মহিলা সৈকতের পাশে দাঁড়িয়ে আছে,0.16666666638888888,0.249999999375,0.1999999948000001,0.1999999948000001,0.0,0.1999999948000001,0,0,0.4782608695652174,0.1111111109876543
2793.png,একটি গ্রামের রাস্তা দিয়ে কয়েকজন মানুষ আছে।,0.14285714265306124,0.249999999375,0.1818181768595043,0.1818181768595043,0.0,0.1818181768595043,0,0,0.30434782608695654,0.0999999999
6078.png,একজন বাচ্চা ছেলে বাচ্চা।,0.49999999875,0.1999999998,0.28571428122448983,0.28571428122448983,0.0,0.28571428122448983,0,0,0.28125,0.16666666652777776
8383.png,একটি নৌকায় দুইজন মানুষ আছে।,0.1999999996,0.249999999375,0.2222222167901236,0.2222222167901236,0.0,0.2222222167901236,0,0,0.3157894736842105,0.12499999984374999
6335.png,একটি নৌকায় দুইজন মানুষ আছে।,0.3999999992,0.3999999992,0.39999999420000004,0.39999999420000004,0.0,0.19999999460000012,0,0,0.30000000000000004,0.24999999968749997
1904.png,একজন নারী ও একজন নারী দাড়িয়ে আছে।,0.571428570612245,0.571428570612245,0.5714285656122451,0.5714285656122451,0.3333333277777778,0.5714285656122451,0,0,0.625,0.49999999937499995
95734036_bef6d1a871.jpg,একটি লোক একটি ট্রেলে <unk>,0.1999999996,0.1999999996,0.19999999460000012,0.19999999460000012,0.0,0.19999999460000012,0,0,0.3076923076923077,0.12499999984374999
4781.png,কয়েকজন মানুষ আছে।,0.6666666644444444,0.2222222219753086,0.3333333290277778,0.3333333290277778,0.0,0.3333333290277778,0,0,0.3548387096774194,0.1999999998
3136043366_b3f8607a0e.jpg,একজন <unk> <unk> <unk> <unk>,0.1999999996,0.07142857137755101,0.10526315390581731,0.10526315390581731,0.0,0.10526315390581731,0,0,0.19354838709677424,0.06666666662222222
7532.png,একজন পুরুষ ও একটি শিশু আছে।,0.6666666655555555,0.4444444439506172,0.5333333278222222,0.5333333278222222,0.15384614887573977,0.5333333278222222,0,0,0.5588235294117647,0.4444444439506172
2380765956_6313d8cae3.jpg,একজন পুরুষ দাড়িয়ে আছে।,0.0,0.0,0.0,0.0,0.0,0.0,0,0,0.23684210526315785,0.0
893.png,একজন পুরুষ মানুষ দাড়িয়ে আছে।,0.1999999996,0.249999999375,0.2222222167901236,0.2222222167901236,0.0,0.2222222167901236,0,0,0.38095238095238093,0.12499999984374999
4928.png,একটি <unk> <unk> <unk> <unk> <unk>,0.0,0.0,0.0,0.0,0.0,0.0,0,0,0.20512820512820518,0.0
2657484284_daa07a3a1b.jpg,একটি দম্পতি একটি বন্য এলাকা দিয়ে একটি বন্য এলাকা দিয়ে একটি বন্য এলাকা দিয়ে একটি বন্য এলাকা দিয়ে একটি বন্য এলাকা দিয়ে একটি বন্য এলাকা দিয়ে একটি বন্য এলাকা দিয়ে একটি বন্য এলাকা দিয়ে একটি বন্য এলাকা দিয়ে একটি বন্য,0.02499999999375,0.16666666638888888,0.04347825858223074,0.04347825858223074,0.0,0.04347825858223074,0,0,0.2185430463576159,0.0999999999
3591458156_f1a9a33918.jpg,একটি কুকুরের সাথে একটি কুকুর একটি অনুর্বর ভূমি দিয়ে একটি অনুর্বর ভূমি দিয়ে একটি অনুর্বর ভূমি দিয়ে একটি অনুর্বর ভূমি দিয়ে একটি অনুর্বর ভূমি দিয়ে একটি অনুর্বর ভূমি দিয়ে একটি অনুর্বর ভূমি দিয়ে একটি অনুর্বর ভূমি দিয়ে একটি অনুর্বর ভূমি,0.0499999999875,0.1999999998,0.07999999676800014,0.07999999676800014,0.0,0.07999999676800014,0,0,0.22499999999999998,0.06666666662222222
3323076458_3ce72a1dae.jpg,একটি কুকুর একটি <unk>,0.7499999981250001,0.49999999916666665,0.5999999940000001,0.5999999940000001,0.24999999468750006,0.3999999944,0,0,0.4285714285714286,0.49999999916666665
3570800810_978c993133.jpg,একজন লোক বেলচা দিয়ে আছে।,0.3999999992,0.1999999998,0.2666666618666667,0.2666666618666667,0.15384614934911253,0.2666666618666667,0,0,0.33333333333333337,0.15384615372781063
132489044_3be606baf7.jpg,একজন লোক একটি সাদা জানালা দিয়ে বসে আছেন।,0.24999999968749997,0.24999999968749997,0.24999999468750006,0.24999999468750006,0.0,0.24999999468750006,0,0,0.3928571428571429,0.15384615372781063
2521213787_ca9b5a1758.jpg,একটি নীল রঙের গাড়ি থেকে বের হচ্ছে,0.4285714279591837,0.4285714279591837,0.42857142295918377,0.42857142295918377,0.16666666138888903,0.42857142295918377,0,0,0.4642857142857143,0.2727272724793388
1191.png,একজন পুরুষ মাথায় ক্যাপ পরে আছে।,0.33333333277777777,0.18181818165289254,0.2352941128027682,0.2352941128027682,0.0,0.2352941128027682,0,0,0.36363636363636365,0.13333333324444444
2921578694_a46ae0d313.jpg,একটি পালতোলা নৌকায় একজন লোক তার পালতোলা <unk>,0.6249999992187499,0.6249999992187499,0.6249999942187501,0.6249999942187501,0.28571428030612256,0.37499999453125,0,0,0.35,0.49999999949999996
7692.png,একটি রাস্তা দিয়ে একজন মানুষ দেখা যাচ্ছে।,0.571428570612245,0.3999999996,0.4705882298961938,0.4705882298961938,0.13333332835555572,0.35294117121107266,0,0,0.43243243243243246,0.3636363633057851
7676.png,একটি কুকুর একটি <unk>,0.49999999875,0.6666666644444444,0.5714285648979592,0.5714285648979592,0.39999999360000005,0.5714285648979592,0,0,0.5333333333333333,0.49999999875
DSC_1088.JPG,লোক টি দাঁড়িয়ে আছে,0.249999999375,0.249999999375,0.2499999943750001,0.2499999943750001,0.0,0.2499999943750001,0,0,0.6923076923076923,0.14285714265306124
1818403842_553a2a392c.jpg,একটি কালো কুকুর পানিতে ভিজছে,0.5999999988,0.37499999953124996,0.46153845609467453,0.46153845609467453,0.2222222167901236,0.46153845609467453,0,0,0.5263157894736843,0.29999999969999996
3890.png,একজন পুরুষ বসে আছে।,0.9999999975,0.4444444439506172,0.6153846101775148,0.6153846101775148,0.5454545404958677,0.6153846101775148,0,0,0.4117647058823529,0.4444444439506172
3251234434_d01e25a50a.jpg,একজন লোক একটি বরফের উপর দাঁড়িয়ে আছে,0.571428570612245,0.26666666648888887,0.36363635896694213,0.36363635896694213,0.0,0.2727272681404959,0,0,0.4,0.2222222220987654
1087168168_70280d024a.jpg,একটি ছেলে,0.999999995,0.24999999968749997,0.399999996,0.399999996,0.16666666486111115,0.399999996,0,0,0.19354838709677424,0.2857142853061225
IMG_0122.JPG,একটা মহিলা খাবার আছে,0.7499999981250001,0.7499999981250001,0.7499999931250001,0.7499999931250001,0.33333332722222225,0.7499999931250001,0,0,0.8571428571428572,0.5999999988
8638.png,একজন পুরুষ একটি ক্ষেতের মধ্য দিয়ে হেঁটে যাচ্ছে।,0.12499999984374999,0.3333333322222222,0.18181817752066123,0.18181817752066123,0.0,0.18181817752066123,0,0,0.32608695652173914,0.0999999999
7982.png,একজন লোক একটি <unk>,0.0,0.0,0.0,0.0,0.0,0.0,0,0,0.2666666666666667,0.0
2543247940_083f1b7969.jpg,একটি কুকুর ঘাসের উপর দিয়ে চলছে,0.6666666655555555,0.3636363633057851,0.47058823017301044,0.47058823017301044,0.14285713806122466,0.47058823017301044,0,0,0.47058823529411764,0.30769230745562126
1897025969_0c41688fa6.jpg,একটি কালো কুকুর একটি বল নিয়ে খেলছে,0.7142857132653061,0.6249999992187499,0.6666666608,0.6666666608,0.3076923022485208,0.5333333276444445,0,0,0.5357142857142857,0.4444444439506172
6521.png,একজন পুরুষ হেঁটে যাচ্ছে।,0.249999999375,0.3333333322222222,0.28571428000000004,0.28571428000000004,0.0,0.28571428000000004,0,0,0.5333333333333333,0.16666666638888888
269898095_d00ac7d7a4.jpg,একটি কালো রঙের একটি কুকুর রাস্তায় চলছে,0.2857142853061225,0.16666666652777776,0.2105263109141275,0.2105263109141275,0.0,0.2105263109141275,0,0,0.4222222222222223,0.08333333326388888
181103691_fb2f956abd.jpg,একটি বিশাল <unk> একটি বিশাল মূর্তির সামনে একটি বিশাল <unk>,0.1999999998,0.2857142853061225,0.23529411252595167,0.23529411252595167,0.10526315279778417,0.23529411252595167,0,0,0.375,0.1999999998
2704362232_7d84503433.jpg,একটি ছেলে সুইমিংপুলে সাঁতার কাটছে,0.5999999988,0.37499999953124996,0.46153845609467453,0.46153845609467453,0.1818181768595043,0.46153845609467453,0,0,0.4482758620689655,0.29999999969999996
767.png,একজন নারী মরিচের উপরে বসে আছে।,0.0,0.0,0.0,0.0,0.0,0.0,0,0,0.2727272727272727,0.0
2884301336_dc8e974431.jpg,একটি কুকুর পানির মধ্যে পিছলে যাচ্ছে,0.33333333277777777,0.2857142853061225,0.3076923022485208,0.3076923022485208,0.1818181765289258,0.3076923022485208,0,0,0.5,0.18181818165289254
3198.png,সুর্য অস্ত যাচ্ছে নদীতে একটি নৌকা আছে।,0.2857142853061225,0.3999999992,0.33333332791666676,0.33333332791666676,0.0,0.33333332791666676,0,0,0.31999999999999995,0.1999999998
20220909_134416.jpg,একটি লোক বসে আছে,0.7499999981250001,0.3333333329629629,0.4615384565680474,0.4615384565680474,0.18181817752066123,0.4615384565680474,0,0,0.36363636363636365,0.3333333329629629
382701159_f98c1988cd.jpg,একজন লোক সমুদ্রের ঢেউ এর উপর দিয়ে ঝাঁপিয়ে পড়ছে।,0.2222222219753086,0.3999999992,0.2857142807142858,0.2857142807142858,0.16666666194444454,0.2857142807142858,0,0,0.47058823529411764,0.16666666652777776
225909073_25c3c33a29.jpg,একটি কুকুর পানির মধ্যে দৌড়াচ্ছে,0.3999999992,0.2857142853061225,0.33333332791666676,0.33333332791666676,0.1999999948000001,0.33333332791666676,0,0,0.40625,0.1999999998
3660826540_481d25fbb0.jpg,একটি শিশু হাসছে,0.3333333322222222,0.1999999996,0.24999999468750006,0.24999999468750006,0.0,0.24999999468750006,0,0,0.20833333333333337,0.14285714265306124
2347.png,একটি <unk> <unk>,0.0,0.0,0.0,0.0,0.0,0.0,0,0,0.09999999999999998,0.0
3825.png,একটি টাওয়ার আছে।,0.3333333322222222,0.08333333326388888,0.1333333299555556,0.1333333299555556,0.0,0.1333333299555556,0,0,0.16279069767441856,0.07142857137755101
1211196579.jpg,একটি পাথুরে পাহাড়ে একজন লোক বসে আছে,0.4285714279591837,0.16666666657407406,0.23999999577600004,0.23999999577600004,0.13333332835555572,0.23999999577600004,0,0,0.3846153846153846,0.149999999925
1397923690_d3bf1f799e.jpg,একজন লোক একটি বরফের উপরে দাঁড়িয়ে আছে।,0.2857142853061225,0.24999999968749997,0.2666666613333334,0.2666666613333334,0.0,0.2666666613333334,0,0,0.46875,0.15384615372781063
386470686_1ae9242878.jpg,একটি ছেলে একটি গাছের ডালের মধ্যে দিয়ে গাছ কাটছে।,0.3333333329629629,0.4285714279591837,0.374999994609375,0.374999994609375,0.2999999949,0.374999994609375,0,0,0.5555555555555556,0.2352941175086505
3721.png,একজন পুরুষ আছে।,0.6666666644444444,0.49999999875,0.5714285648979592,0.5714285648979592,0.39999999360000005,0.5714285648979592,0,0,0.6666666666666667,0.3999999992
349.png,একজন ছেলে খালি শরীরে আছে।,0.3999999992,0.1999999998,0.2666666618666667,0.2666666618666667,0.0,0.2666666618666667,0,0,0.2777777777777778,0.16666666652777776
IMG_2771.JPG,একটা লোক বসে আছে,0.7499999981250001,0.5999999988,0.6666666602469137,0.6666666602469137,0.28571428000000004,0.6666666602469137,0,0,0.6923076923076923,0.49999999916666665
6601.png,একজন পুরুষ ও দুইটি শিশু আছে।,0.33333333277777777,0.33333333277777777,0.3333333277777778,0.3333333277777778,0.0,0.3333333277777778,0,0,0.5909090909090908,0.1999999998
831.png,একজন পুরুষ বসে আছে।,0.9999999975,0.24999999984375,0.3999999964,0.3999999964,0.22222221919753085,0.3999999964,0,0,0.24137931034482762,0.3999999996
2686.png,একটি সেতু আছে।,0.0,0.0,0.0,0.0,0.0,0.0,0,0,0.17647058823529416,0.0
3076052114_233f42ae5b.jpg,একটি কুকুর একটি বল ধরার চেষ্টা করছে,0.14285714265306124,0.1999999996,0.16666666152777793,0.16666666152777793,0.0,0.16666666152777793,0,0,0.3846153846153846,0.0999999999
6533.png,একজন পুরুষ একটি শিশু আছে।,0.3999999992,0.1111111110493827,0.17391303992438567,0.17391303992438567,0.0,0.17391303992438567,0,0,0.2777777777777778,0.09999999995
3358558292_6ab14193ed.jpg,তিনজন মহিলা একসাথে ছবি তুলছেন,0.1999999996,0.08333333326388888,0.11764705453287211,0.11764705453287211,0.0,0.11764705453287211,0,0,0.2571428571428571,0.06666666662222222
3386.png,একজন লোক বসে আছে,0.49999999875,0.2222222219753086,0.3076923029585799,0.3076923029585799,0.0,0.3076923029585799,0,0,0.32352941176470584,0.18181818165289254
3323419265_7fefaa9d5d.jpg,একটি ছেলে <unk> খাচ্ছে,0.49999999875,0.2857142853061225,0.36363635834710756,0.36363635834710756,0.0,0.36363635834710756,0,0,0.42307692307692313,0.24999999968749997
1969.png,একজন পুরুষ মাথায় ফুল নিয়ে দাঁড়িয়ে আছে।,0.0,0.0,0.0,0.0,0.0,0.0,0,0,0.28,0.0
3618525295_d32d634b2e.jpg,একটি টেবিলে কয়েকজন লোক বসে আছে।,0.49999999916666665,0.3333333329629629,0.3999999946666667,0.3999999946666667,0.15384614887573977,0.3999999946666667,0,0,0.41666666666666663,0.2727272724793388
3164328039_2c56acf594.jpg,একটি সাদা কালো কুকুর বল ধরার চেষ্টা করছে,0.6249999992187499,0.5555555549382716,0.5882352884429066,0.5882352884429066,0.0,0.4705882297577854,0,0,0.5,0.41666666631944443
623A0159.JPG,মহিলা টি কালো টিপ আছে,0.3999999992,0.49999999875,0.4444444385185186,0.4444444385185186,0.0,0.4444444385185186,0,0,0.4444444444444444,0.2857142853061225
7139.png,একজন পুরুষ বসে রান্না ঘরে রান্না ঘরে রান্না করছে,0.0,0.0,0.0,0.0,0.0,0.0,0,0,0.3529411764705882,0.0
2783620390_02c166c733.jpg,একজন মোটরসাইকেল আরোহী তার মোটরসাইকেল চালিয়ে রীতিমতো ভেসে যাচ্ছে,0.6666666659259258,0.374999999765625,0.47999999500800006,0.47999999500800006,0.17391303879017025,0.374999994609375,0,0,0.5352112676056338,0.2777777776234568
2745.png,কয়েকজন মানুষ আছে।,0.9999999966666667,0.3333333329629629,0.4999999954166666,0.4999999954166666,0.19999999640000002,0.3333333290277778,0,0,0.3055555555555556,0.3333333329629629
3860.png,একটি সেতু আছে।,0.0,0.0,0.0,0.0,0.0,0.0,0,0,0.2666666666666667,0.0
3070130228_67dcfee9ae.jpg,লাল হেলমেট ও সাদা হেলমেট ও সাদা হেলমেট ও সাদা হেলমেট ও সাদা হেলমেট ও সাদা হেলমেট ও সাদা হেলমেট ও সাদা হেলমেট ও সাদা হেলমেট ও সাদা হেলমেট ও সাদা হেলমেট ও সাদা হেলমেট ও সাদা হেলমেট ও সাদা,0.0499999999875,0.1999999998,0.07999999676800014,0.07999999676800014,0.0,0.07999999676800014,0,0,0.18181818181818177,0.16666666652777776
2209888959_d636b1be0b.jpg,একটি মেয়ে একটি লাল রঙের <unk>,0.33333333277777777,0.33333333277777777,0.3333333277777778,0.3333333277777778,0.0,0.3333333277777778,0,0,0.5714285714285714,0.11764705875432525
8034.png,কয়েকজন মানুষ কাজ করছে।,0.0,0.0,0.0,0.0,0.0,0.0,0,0,0.30000000000000004,0.0
693785581_68bec8312a.jpg,একটি ছেলে একটি বলকে ধরার চেষ্টা করছে,0.4285714279591837,0.2727272724793388,0.33333332820987654,0.33333332820987654,0.1428571377551022,0.33333332820987654,0,0,0.46875,0.15384615372781063
2259203920_6b93b721ce.jpg,একটি কুকুর একটি পথ দিয়ে দৌড়াচ্ছে,0.49999999916666665,0.3333333329629629,0.3999999946666667,0.3999999946666667,0.15384614887573977,0.3999999946666667,0,0,0.47058823529411764,0.18181818165289254
2892989340_bb7e0e5548.jpg,একজন ঢেউ এর উপর সার্ফ করছে,0.33333333277777777,0.33333333277777777,0.3333333277777778,0.3333333277777778,0.0,0.3333333277777778,0,0,0.6153846153846154,0.1999999998
241346317_be3f07bd2e.jpg,অনেকগুলো মানুষের কোলাহল দেখা যাচ্ছে।,0.0,0.0,0.0,0.0,0.0,0.0,0,0,0.2962962962962963,0.0
8340.png,একটি মেয়ে,0.0,0.0,0.0,0.0,0.0,0.0,0,0,0.1333333333333333,0.0
3590739067_58baffb3a7.jpg,একটি লম্বা চুলের একজন গিটার বাজছে,0.49999999916666665,0.3333333329629629,0.3999999946666667,0.3999999946666667,0.0,0.2666666615111111,0,0,0.4571428571428572,0.2727272724793388
169.png,একজন পুরুষ বসে আছে।,0.249999999375,0.14285714265306124,0.1818181768595043,0.1818181768595043,0.0,0.1818181768595043,0,0,0.2962962962962963,0.0999999999
241346402_5c070a0c6d.jpg,একজন লোক,0.999999995,0.1999999998,0.33333333000000004,0.33333333000000004,0.1999999978,0.33333333000000004,0,0,0.19444444444444442,0.1999999998
1289142574_2bd6a082dd.jpg,একটি ছেলে একটি খেলার মাঠে লাফ দিচ্ছে,0.4285714279591837,0.37499999953124996,0.3999999944888889,0.3999999944888889,0.15384614863905344,0.3999999944888889,0,0,0.5,0.2727272724793388
8743.png,একজন পুরুষ দাড়িয়ে আছে।,0.249999999375,0.3333333322222222,0.28571428000000004,0.28571428000000004,0.0,0.28571428000000004,0,0,0.4666666666666667,0.16666666638888888
1508269285_6c5723f67d.jpg,একটি কুকুর একটি বন্য ক্ষেতের মধ্য দিয়ে <unk>,0.24999999968749997,0.24999999968749997,0.24999999468750006,0.24999999468750006,0.0,0.24999999468750006,0,0,0.34375,0.15384615372781063
951.png,একজন বয়স্ক নারী আছে।,0.49999999875,0.49999999875,0.4999999937500001,0.4999999937500001,0.11764705577854677,0.4999999937500001,0,0,0.4,0.33333333277777777
6101.png,একটি ছেলে একটি করাত দিয়ে মাটি থেকে লাফ দিচ্ছে।,0.1111111109876543,0.08333333326388888,0.09523809024943336,0.09523809024943336,0.0,0.09523809024943336,0,0,0.37777777777777777,0.05263157891966759
2692.png,একটি <unk> কবরে দাড়িয়ে আছে।,0.1999999996,0.12499999984374999,0.15384614887573977,0.15384614887573977,0.0,0.15384614887573977,0,0,0.31818181818181823,0.08333333326388888
1794.png,একটি শিশু আছে।,0.9999999966666667,0.37499999953124996,0.5454545404958677,0.5454545404958677,0.22222221827160496,0.5454545404958677,0,0,0.31034482758620685,0.4285714279591837
3625.png,কিছু ছেলে ছেলে বসে আছে।,0.5999999988,0.19999999986666667,0.29999999595000004,0.29999999595000004,0.1111111075308643,0.29999999595000004,0,0,0.2857142857142857,0.19999999986666667
3317073508_7e13565c1b.jpg,লাল জার্সি পরিহিত একজন ফুটবল খেলোয়াড় বল লাথি মারার প্রস্তুতি নিচ্ছে,0.3636363633057851,0.3333333330555555,0.3478260816635161,0.3478260816635161,0.13793102986920347,0.26086956000000006,0,0,0.41891891891891897,0.21052631567867036
8369.png,একটি পুরাতন একটি পুরাতন মসজিদ।,0.0,0.0,0.0,0.0,0.0,0.0,0,0,0.2272727272727273,0.0
6982.png,একজন পুরুষ সাইকেল চালাচ্ছে।,0.49999999875,0.24999999968749997,0.33333332833333335,0.33333332833333335,0.0,0.33333332833333335,0,0,0.5263157894736843,0.1999999998
6777.png,একজন পুরুষ বসে আছে।,0.7499999981250001,0.9999999966666667,0.8571428497959185,0.8571428497959185,0.39999999360000005,0.8571428497959185,0,0,0.7857142857142857,0.7499999981250001
6857.png,একজন পুরুষ একটি গাছে ঘেরা একটি বড় গাছের সারি করে একটি গাছের উপর দিয়ে গাছ <unk> করছে,0.11764705875432525,0.2222222219753086,0.15384614920118356,0.15384614920118356,0.0,0.15384614920118356,0,0,0.3114754098360656,0.09523809519274376
314904143_5a216a192b.jpg,একজন লোক পাথরে আরোহণ করছে,0.1999999996,0.1999999996,0.19999999460000012,0.19999999460000012,0.0,0.19999999460000012,0,0,0.55,0.1111111109876543
7538.png,একজন মেয়ে দাড়িয়ে আছে।,0.49999999875,0.1999999998,0.28571428122448983,0.28571428122448983,0.0,0.28571428122448983,0,0,0.2571428571428571,0.18181818165289254
2833582518_074bef3ed6.jpg,একটি কুকুর একটি <unk>,0.49999999875,0.3999999992,0.4444444385185186,0.4444444385185186,0.28571428000000004,0.4444444385185186,0,0,0.44999999999999996,0.33333333277777777
4355.png,একটি চলন্ত নৌকায় কয়েকজন মানুষ আছে।,0.49999999916666665,0.23076923059171597,0.31578946903047095,0.31578946903047095,0.0,0.31578946903047095,0,0,0.4,0.19999999986666667
2423894412_d952d5d103.jpg,একজন নারী একটি গাছের নিচে বসে আছে,0.2857142853061225,0.18181818165289254,0.22222221722222232,0.22222221722222232,0.0,0.22222221722222232,0,0,0.5384615384615384,0.124999999921875
2921670682_6a77a6c3e9.jpg,একজন লোক তার সাইকেল নিয়ে নিচে নামছে,0.4285714279591837,0.4285714279591837,0.42857142295918377,0.42857142295918377,0.16666666138888903,0.42857142295918377,0,0,0.4411764705882353,0.2727272724793388
8020.png,কয়েকজন মানুষ আছে।,0.6666666644444444,0.49999999875,0.5714285648979592,0.5714285648979592,0.0,0.5714285648979592,0,0,0.5,0.3999999992
3211437611_bd4af3730b.jpg,একটি সাদা বিবাহের পার্টিতে একটি ছবির জন্য পোজ দিচ্ছে,0.2222222219753086,0.6666666644444444,0.3333333290277778,0.3333333290277778,0.0,0.3333333290277778,0,0,0.4,0.2222222219753086
3592992234_6d3fe58a70.jpg,একটি শিশু পতাকা নিয়ে আছে।,0.3999999992,0.2222222219753086,0.2857142807142858,0.2857142807142858,0.0,0.2857142807142858,0,0,0.3666666666666667,0.16666666652777776
526.png,একজন মহিলা একটি লাল বাক্স হাতে একটি লাল বাক্স হাতে একটি কালো রঙের পোশাক পরা লোক সিগারেট পান করছেন,0.15789473675900276,0.4285714279591837,0.23076922665680477,0.23076922665680477,0.16666666277777784,0.23076922665680477,0,0,0.3142857142857143,0.16666666657407406
8664.png,একটি পুকুর <unk> আছে।,0.249999999375,0.249999999375,0.2499999943750001,0.2499999943750001,0.0,0.2499999943750001,0,0,0.375,0.14285714265306124
3463268965_f22884fc69.jpg,একজন লোক তার পিছনে তার পিছনে তার পিছনে তার পিছনে তার পিছনে তার পিছনে তার পিছনে তার পিছনে তার পিছনে তার পিছনে তার পিছনে তার পিছনে তার পিছনে তার পিছনে তার পিছনে তার পিছনে তার পিছনে তার পিছনে তার পিছনে,0.07499999998125,0.119999999952,0.09230768754556237,0.09230768754556237,0.06349205875535434,0.09230768754556237,0,0,0.30000000000000004,0.2222222219753086
2331510788_986809bbb4.jpg,একটি কুকুর মুখের মধ্যে একটি কালো কুকুর দৌড়ে বেড়াচ্ছে,0.3333333329629629,0.5999999988,0.42857142336734694,0.42857142336734694,0.33333332833333335,0.42857142336734694,0,0,0.4117647058823529,0.3333333329629629
8754.png,একজন পুরুষ হেঁটে যাচ্ছে।,0.7499999981250001,0.29999999969999996,0.42857142387755104,0.42857142387755104,0.3333333290277778,0.42857142387755104,0,0,0.3513513513513513,0.3333333329629629
2940594396_20c40947b0.jpg,একটি সাইকেল চালক রাস্তায় সাইকেল চালাচ্ছে,0.16666666638888888,0.16666666638888888,0.16666666138888903,0.16666666138888903,0.0,0.16666666138888903,0,0,0.41666666666666663,0.0999999999
2248487950_c62d0c81a9.jpg,একজন লোক একটি ইটের দালানের সামনে দাঁড়িয়ে আছে।,0.24999999968749997,0.14285714275510203,0.1818181770247935,0.1818181770247935,0.0,0.1818181770247935,0,0,0.3548387096774194,0.09999999995
4947.png,একটি শিশু আছে।,0.3333333322222222,0.249999999375,0.28571428000000004,0.28571428000000004,0.0,0.28571428000000004,0,0,0.3125,0.16666666638888888
3091580843_178042c50b.jpg,একটি দোকানের ভিতর একটি দোকানের ভিতর থেকে তার <unk> দোকানের ভিতর থেকে তার <unk> দোকানের ভিতর থেকে তার <unk> দোকানের ভিতর থেকে তার <unk> দোকানের ভিতর থেকে তার <unk> দোকানের ভিতর থেকে তার <unk> দোকানের ভিতর থেকে তার <unk> দোকানের,0.07499999998125,0.37499999953124996,0.12499999717013895,0.12499999717013895,0.04166666360243077,0.08510638040742426,0,0,0.14935064935064934,0.18181818165289254
345290432_629788248643423_8548931692453873638_n.jpg,একজন নারী বসে আছে।,0.49999999875,0.24999999968749997,0.33333332833333335,0.33333332833333335,0.0,0.33333332833333335,0,0,0.38235294117647056,0.2222222219753086
8200.png,একটি শিশু আছে।,0.9999999966666667,0.37499999953124996,0.5454545404958677,0.5454545404958677,0.22222221827160496,0.5454545404958677,0,0,0.33333333333333337,0.4285714279591837
6907.png,একটি শিশু আছে।,0.0,0.0,0.0,0.0,0.0,0.0,0,0,0.26315789473684215,0.0
4168.png,কয়েকজন পুরুষ দাড়িয়ে আছে।,0.49999999875,0.2857142853061225,0.36363635834710756,0.36363635834710756,0.2222222172839507,0.36363635834710756,0,0,0.3793103448275862,0.2222222219753086
IMG_2826.JPG,মহিলা টি শাড়ি পরে আছে,0.9999999980000001,0.9999999980000001,0.9999999930000001,0.9999999930000001,0.9999999925,0.9999999930000001,1,1,1.0,0.9999999980000001
3400041870_4e7732b40f.jpg,একজন পুরুষ ও একজন মেয়ে দাড়িয়ে আছে।,0.2857142853061225,0.2222222219753086,0.24999999476562512,0.24999999476562512,0.0,0.24999999476562512,0,0,0.42105263157894735,0.08333333326388888
7333.png,একজন নারী আছে।,0.3333333322222222,0.1999999996,0.24999999468750006,0.24999999468750006,0.0,0.24999999468750006,0,0,0.23529411764705888,0.14285714265306124
62.png,কিছু মহিলা মানুষ আছে।,0.49999999875,0.33333333277777777,0.3999999944,0.3999999944,0.0,0.3999999944,0,0,0.34782608695652173,0.24999999968749997
IMG_2339.JPG,লোক টি হাসছে,0.9999999966666667,0.9999999966666667,0.9999999916666666,0.9999999916666666,0.9999999900000001,0.9999999916666666,1,1,1.0,0.9999999966666667
3116039960_54d1d68145.jpg,নীল রঙের জামা পরিহিত একজন মহিলা ভিড়ে দাঁড়িয়ে আছে।,0.2222222219753086,0.1999999998,0.21052631058171756,0.21052631058171756,0.11764705370242234,0.21052631058171756,0,0,0.33333333333333337,0.124999999921875
7998.png,একজন লোক একটি পালতোলা নৌকা দেখা যাচ্ছে,0.2857142853061225,0.11764705875432525,0.16666666239583344,0.16666666239583344,0.0909090868595043,0.16666666239583344,0,0,0.2978723404255319,0.09523809519274376
929.png,একটি সরু গেট এর সামনে একজন নারী ও একজন নারী ও একজন নারী ও একজন নারী ও একজন নারী ও একজন নারী ও একজন নারী ও একজন নারী ও একজন নারী ও একজন নারী ও একজন নারী ও একজন নারী,0.0499999999875,0.33333333277777777,0.08695651943289232,0.08695651943289232,0.045454543419421574,0.08695651943289232,0,0,0.11194029850746268,0.18181818165289254
4464.png,একজন পুরুষ রাস্তা দিয়ে হেঁটে যাচ্ছে।,0.6666666655555555,0.6666666655555555,0.6666666605555556,0.6666666605555556,0.39999999420000004,0.6666666605555556,0,0,0.9090909090909091,0.49999999937499995
6834.png,একজন লোক একটি পাথরের উপর বসে আছে,0.2857142853061225,0.49999999875,0.36363635834710756,0.36363635834710756,0.0,0.36363635834710756,0,0,0.5,0.2222222219753086
8510.png,একজন পুরুষ আছে।,0.9999999966666667,0.37499999953124996,0.5454545404958677,0.5454545404958677,0.22222221827160496,0.5454545404958677,0,0,0.3928571428571429,0.4285714279591837
110595925_f3395c8bd6.jpg,সাইকেল চালক তার সাইকেল চালাচ্ছে,0.7999999984,0.49999999937499995,0.615384609704142,0.615384609704142,0.36363635834710756,0.615384609704142,0,0,0.5909090909090908,0.37499999953124996
7557.png,একজন লোক একটি <unk> <unk> <unk> <unk> <unk> <unk> <unk> <unk> <unk> <unk> <unk> <unk> <unk> <unk> <unk> <unk> <unk> <unk> <unk> <unk> <unk> <unk> <unk> <unk> <unk> <unk> <unk> <unk> <unk> <unk> <unk> <unk> <unk> <unk> <unk> <unk> <unk>,0.02499999999375,0.12499999984374999,0.04166666387152797,0.04166666387152797,0.0,0.04166666387152797,0,0,0.08176100628930816,0.0999999999
3042679440_010b2c596c.jpg,একটি বিশাল <unk> একটি <unk> <unk>,0.16666666638888888,0.12499999984374999,0.1428571377551022,0.1428571377551022,0.0,0.1428571377551022,0,0,0.2777777777777778,0.0999999999
200710224.jpg.webp,একজন ছেলে বাচ্চা।,0.0,0.0,0.0,0.0,0.0,0.0,0,0,0.1311475409836066,0.0
8478.png,একজন পুরুষ আছে।,0.6666666644444444,0.18181818165289254,0.2857142819387755,0.2857142819387755,0.0,0.2857142819387755,0,0,0.2727272727272727,0.16666666652777776
5553.png,একটি পুরাতন <unk>,0.6666666644444444,0.1999999998,0.3076923036686391,0.3076923036686391,0.0,0.3076923036686391,0,0,0.33333333333333337,0.18181818165289254
3016759846_062663f8ab.jpg,লাল রঙের পোশাক পরিহিত একজন মহিলা একটি ছবির জন্য পোজ দিচ্ছেন।,0.2727272724793388,0.21428571413265304,0.23999999488000007,0.23999999488000007,0.0,0.23999999488000007,0,0,0.33999999999999997,0.149999999925
7965.png,একজন নারী দাড়িয়ে আছে।,0.9999999975,0.3999999996,0.5714285665306122,0.5714285665306122,0.16666666263888896,0.5714285665306122,0,0,0.35,0.49999999937499995
3439.png,সানগ্লাস পরা একজন মহিলা এবং মহিলা এবং মহিলা এবং মহিলা এবং মহিলা এবং মহিলা এবং মহিলা এবং মহিলা এবং মহিলা এবং মহিলা এবং মহিলা এবং মহিলা এবং মহিলা এবং মহিলা এবং মহিলা এবং মহিলা এবং মহিলা এবং মহিলা এবং মহিলা,0.02499999999375,0.1111111109876543,0.04081632351520222,0.04081632351520222,0.0,0.04081632351520222,0,0,0.13286713286713292,0.08333333326388888
708945669_08e7ffb9a7.jpg,একজন লোক একটি ছবির জন্য পোজ দিচ্ছে,0.571428570612245,0.4444444439506172,0.49999999445312515,0.49999999445312515,0.2857142804081633,0.49999999445312515,0,0,0.6875,0.3333333330555555
8202.png,একজন পুরুষ দাড়িয়ে আছে যাতে কিছু মানুষ আছে।,0.12499999984374999,0.249999999375,0.16666666194444454,0.16666666194444454,0.0,0.16666666194444454,0,0,0.3214285714285714,0.09090909082644627
6651.png,একজন বাচ্চা মেয়ে হাঁসি মুখে দাঁড়িয়ে আছে।,0.2857142853061225,0.3999999992,0.33333332791666676,0.33333332791666676,0.16666666138888903,0.33333332791666676,0,0,0.5185185185185186,0.1999999998
6219.png,কয়েকজন মানুষ আছে।,0.3333333322222222,0.16666666638888888,0.2222222172839507,0.2222222172839507,0.0,0.2222222172839507,0,0,0.26315789473684215,0.12499999984374999
5647.png,একজন বয়স্ক নারী তাকিয়ে আছে।,0.7999999984,0.6666666655555555,0.7272727209917357,0.7272727209917357,0.2222222167901236,0.7272727209917357,0,0,0.65,0.571428570612245
347410789_635498211778311_7617224015997252371_n.jpg,একজন পুরুষ একটি ব্রীজ পার হচ্ছে।,0.33333333277777777,0.1999999998,0.24999999500000003,0.24999999500000003,0.0,0.24999999500000003,0,0,0.42105263157894735,0.14285714275510203
2970.png,একটি নৌকায় কয়েকজন মানুষ আছে।,0.7999999984,0.3333333330555555,0.47058823058823535,0.47058823058823535,0.26666666240000003,0.47058823058823535,0,0,0.42553191489361697,0.3999999996
3621329299_6fb3f2935c.jpg,একটি সাইকেল আরোহী তার সাইকেল দিয়ে বাতাসে লাফিয়ে কসরত দেখাচ্ছেন,0.29999999969999996,0.24999999979166665,0.2727272675206612,0.2727272675206612,0.0,0.2727272675206612,0,0,0.4807692307692307,0.16666666657407406
5362.png,এটি একটি জাহাজের <unk>,0.7499999981250001,0.7499999981250001,0.7499999931250001,0.7499999931250001,0.33333332722222225,0.7499999931250001,0,0,0.7333333333333334,0.5999999988
3695517194_2a6b604cb2.jpg,একজন লোক একটি ফুটবল খেলোয়াড় একটি ফুটবল খেলোয়াড় একটি ফুটবল খেলোয়াড় একটি ফুটবল খেলোয়াড় একটি ফুটবল খেলোয়াড় একটি ফুটবল খেলোয়াড় একটি ফুটবল খেলোয়াড় একটি ফুটবল খেলোয়াড় একটি ফুটবল খেলোয়াড় একটি ফুটবল খেলোয়াড় একটি ফুটবল খেলোয়াড় একটি ফুটবল খেলোয়াড় একটি ফুটবল,0.0499999999875,0.3999999992,0.08888888687407412,0.08888888687407412,0.0,0.08888888687407412,0,0,0.2554347826086957,0.24999999968749997
1557838421_a33f2a4911.jpg,দুটি কুকুর একটি সাদা রঙের একটি সাদা রঙের একটি সাদা রঙের একটি সাদা রঙের একটি সাদা রঙের একটি সাদা রঙের একটি সাদা রঙের একটি সাদা রঙের একটি সাদা রঙের একটি সাদা রঙের একটি সাদা রঙের একটি সাদা রঙের একটি সাদা,0.099999999975,0.3999999996,0.15999999673600007,0.15999999673600007,0.04878048685306366,0.11999999675200007,0,0,0.21379310344827585,0.33333333277777777
6493.png,একজন বয়স্ক নারী তাকিয়ে আছে।,0.9999999980000001,0.9999999980000001,0.9999999930000001,0.9999999930000001,0.9999999925,0.9999999930000001,1,1,1.0,0.9999999980000001
3584196366_a4b43d6644.jpg,সমুদ্রের পারে অনেকগুলো মানুষ আছে।,0.1999999996,0.07692307686390532,0.11111110697530877,0.11111110697530877,0.0,0.11111110697530877,0,0,0.2857142857142857,0.0624999999609375
236476706_175081ce18.jpg,একটি যুবতী একটি মেয়ে একটি ব্যস্ত রাস্তায় দাঁড়িয়ে আছে,0.3333333329629629,0.24999999979166665,0.28571428054421777,0.28571428054421777,0.10526315290858747,0.28571428054421777,0,0,0.32608695652173914,0.1874999998828125
160805827_5e6646b753.jpg,একজন পুরুষ আছে।,0.3333333322222222,0.0999999999,0.15384615005917168,0.15384615005917168,0.0,0.15384615005917168,0,0,0.22857142857142854,0.08333333326388888
1943.png,একজন মানুষ হেঁটে যাচ্ছে।,0.249999999375,0.07692307686390532,0.11764705508650528,0.11764705508650528,0.0,0.11764705508650528,0,0,0.21276595744680848,0.06666666662222222
6126.png,একজন পুরুষ আছে।,0.6666666644444444,0.6666666644444444,0.6666666594444445,0.6666666594444445,0.4999999925000001,0.6666666594444445,0,0,0.8181818181818181,0.49999999875
7319.png,একজন পুরুষ একটি নৌকা চালিয়ে যাচ্ছে।,0.33333333277777777,0.3999999992,0.36363635801652905,0.36363635801652905,0.10526315390581731,0.19047618621315202,0,0,0.4347826086956522,0.2222222219753086
IMG_8241.JPG,লোক টি বসে আছে,0.7499999981250001,0.5999999988,0.6666666602469137,0.6666666602469137,0.28571428000000004,0.6666666602469137,0,0,0.5714285714285714,0.49999999916666665
243.png,কয়েকজন মানুষ আছে।,0.6666666644444444,0.2222222219753086,0.3333333290277778,0.3333333290277778,0.19999999640000002,0.3333333290277778,0,0,0.22580645161290325,0.2222222219753086
8713.png,একজন নারী আছে।,0.6666666644444444,0.6666666644444444,0.6666666594444445,0.6666666594444445,0.0,0.6666666594444445,0,0,0.8181818181818181,0.49999999875
7441.png,একটি শিশু আছে।,0.0,0.0,0.0,0.0,0.0,0.0,0,0,0.23809523809523814,0.0
3527261343_efa07ea596.jpg,একজন মোটরসাইকেল আরোহী একটি মোটরসাইকেল চালাচ্ছে,0.16666666638888888,0.0999999999,0.12499999515625017,0.12499999515625017,0.0,0.12499999515625017,0,0,0.4390243902439024,0.07142857137755101
3639845565_be547c38ba.jpg,একটি কাঠের তৈরি কাঠের তৈরি কাঠের তৈরি কাঠের তৈরি কাঠের তৈরি কাঠের তৈরি কাঠের তৈরি কাঠের তৈরি কাঠের তৈরি কাঠের তৈরি কাঠের তৈরি কাঠের তৈরি কাঠের তৈরি কাঠের তৈরি কাঠের তৈরি কাঠের তৈরি কাঠের তৈরি কাঠের তৈরি কাঠের তৈরি কাঠের,0.02499999999375,0.12499999984374999,0.04166666387152797,0.04166666387152797,0.0,0.04166666387152797,0,0,0.15714285714285714,0.1111111109876543
2862469183_a4334b904a.jpg,একটি কুকুর ঘাসের মধ্যে দৌড়াচ্ছে,0.3999999992,0.24999999968749997,0.3076923024852071,0.3076923024852071,0.0,0.2666666618666667,0,0,0.4375,0.18181818165289254
7937.png,একজন পুরুষ মাথায় বেনি করছে।,0.5999999988,0.3333333329629629,0.42857142336734694,0.42857142336734694,0.16666666194444454,0.42857142336734694,0,0,0.42105263157894735,0.2727272724793388
2445654384_4ee3e486e1.jpg,একটি মেয়ে একটি নীল স্লাইডে চড়ে,0.33333333277777777,0.1999999998,0.24999999500000003,0.24999999500000003,0.14285713806122466,0.24999999500000003,0,0,0.41025641025641024,0.15384615372781063
2922981282_203f04bf9b.jpg,একজন মহিলা একটি ছবির জন্য পোজ দেয়,0.2857142853061225,0.16666666652777776,0.2105263109141275,0.2105263109141275,0.11764705411764723,0.2105263109141275,0,0,0.42307692307692313,0.124999999921875
1056249424_ef2a2e041c.jpg,একটি ছেলে একটি মাঠে বসে আছে,0.33333333277777777,0.18181818165289254,0.2352941128027682,0.2352941128027682,0.0,0.2352941128027682,0,0,0.34615384615384615,0.07142857137755101
5350.png,৪ জন ছেলে একসাথে হয়ে হাসতেছে।,0.16666666638888888,0.12499999984374999,0.1428571377551022,0.1428571377551022,0.0,0.1428571377551022,0,0,0.4642857142857143,0.07692307686390532
1161.png,একজন পুরুষ মানুষ আছে।,0.49999999875,0.2222222219753086,0.3076923029585799,0.3076923029585799,0.0,0.3076923029585799,0,0,0.3421052631578947,0.18181818165289254
5629.png,একটি মেয়ে একটি রঙিন বেলুন ধরে আছে,0.14285714265306124,0.3333333322222222,0.1999999954000001,0.1999999954000001,0.0,0.1999999954000001,0,0,0.38095238095238093,0.12499999984374999
3157622277_9f59b4f62f.jpg,একটি কালো এবং কালো এবং কালো এবং কালো এবং কালো এবং কালো এবং কালো এবং কালো এবং কালো এবং কালো এবং কালো এবং কালো এবং কালো এবং কালো এবং কালো এবং কালো এবং কালো এবং কালো এবং কালো এবং কালো,0.02499999999375,0.3333333322222222,0.04651162658734455,0.04651162658734455,0.0,0.04651162658734455,0,0,0.08333333333333337,0.1999999996
3393343330_b13df4d8ec.jpg,একজন পুরুষ বসে আছে।,0.49999999875,0.24999999968749997,0.33333332833333335,0.33333332833333335,0.0,0.33333332833333335,0,0,0.40625,0.1999999998
3685.png,একটি <unk> একটি <unk>,0.0,0.0,0.0,0.0,0.0,0.0,0,0,0.25,0.0
1124448967_2221af8dc5.jpg,একটি ছেলে একটি ইটের দালানের সামনে বসে আছে,0.24999999968749997,0.15384615372781063,0.1904761855782314,0.1904761855782314,0.0,0.1904761855782314,0,0,0.3793103448275862,0.11764705875432525
2557922709_24d2a9655a.jpg,একজন মহিলা একটি <unk>,0.249999999375,0.14285714265306124,0.1818181768595043,0.1818181768595043,0.0,0.1818181768595043,0,0,0.2857142857142857,0.0999999999
242559369_9ae90ed0b4.jpg,এক লোক একটি পাথরে আরোহণ করছে,0.16666666638888888,0.1999999996,0.1818181765289258,0.1818181765289258,0.0,0.1818181765289258,0,0,0.3783783783783784,0.0999999999
86.png,একজন নারী আছে।,0.3333333322222222,0.1111111109876543,0.16666666263888896,0.16666666263888896,0.0,0.16666666263888896,0,0,0.21212121212121215,0.0999999999
517.png,একটি শিশু আছে।,0.3333333322222222,0.249999999375,0.28571428000000004,0.28571428000000004,0.0,0.28571428000000004,0,0,0.33333333333333337,0.16666666638888888
134724228_30408cd77f.jpg,একজন পুরুষ হেঁটে যাচ্ছে।,0.0,0.0,0.0,0.0,0.0,0.0,0,0,0.3793103448275862,0.0
6663.png,একটি খরের স্তপের উপরে কিছু মানুষ আছে।,0.2857142853061225,0.6666666644444444,0.39999999500000005,0.39999999500000005,0.24999999562500003,0.39999999500000005,0,0,0.4814814814814815,0.24999999979166665
3556598205_86c180769d.jpg,একটি লোক একটি <unk>,0.49999999875,0.2222222219753086,0.3076923029585799,0.3076923029585799,0.0,0.3076923029585799,0,0,0.2692307692307693,0.1999999998
5157.png,ধান ক্ষেত আছে।,0.3333333322222222,0.249999999375,0.28571428000000004,0.28571428000000004,0.0,0.28571428000000004,0,0,0.4375,0.16666666638888888
2483792149_a9b4ffecec.jpg,একজন পুরুষ মাথায় বোঝা নিয়ে আছে।,0.16666666638888888,0.1111111109876543,0.13333332835555572,0.13333332835555572,0.0,0.13333332835555572,0,0,0.33333333333333337,0.07142857137755101
248.png,একজন পুরুষ বসে কাজ করছে।,0.3999999992,0.1999999998,0.2666666618666667,0.2666666618666667,0.0,0.2666666618666667,0,0,0.36111111111111116,0.15384615372781063
20220910_135736.jpg,একটি <unk> একটি <unk>,0.249999999375,0.09090909082644627,0.13333332924444455,0.13333332924444455,0.0,0.13333332924444455,0,0,0.2727272727272727,0.08333333326388888
8909.png,একজন নারী আছে।,0.9999999966666667,0.9999999966666667,0.9999999916666666,0.9999999916666666,0.9999999900000001,0.9999999916666666,1,1,1.0,0.9999999966666667
3716244806_97d5a1fb61.jpg,পাথরের উপর বসে আছে,0.7499999981250001,0.49999999916666665,0.5999999940000001,0.5999999940000001,0.3333333290277778,0.5999999940000001,0,0,0.36,0.4285714279591837
7123.png,একজন মানুষ ছাতা নিয়ে আছে।,0.1999999996,0.249999999375,0.2222222167901236,0.2222222167901236,0.0,0.2222222167901236,0,0,0.5882352941176471,0.12499999984374999
8930.png,একজন বৃদ্ধ নারী বসে আছে।,0.3999999992,0.49999999875,0.4444444385185186,0.4444444385185186,0.0,0.4444444385185186,0,0,0.5294117647058824,0.2857142853061225
3387542157_81bfd00072.jpg,একটি ছেলে একটি <unk> <unk>,0.5999999988,0.4285714279591837,0.4999999943055557,0.4999999943055557,0.0,0.4999999943055557,0,0,0.4482758620689655,0.2857142853061225
2672445419_251ce9419a.jpg,একটি ছেলে একটি খেলার মাঠে একটি <unk>,0.571428570612245,0.4444444439506172,0.49999999445312515,0.49999999445312515,0.1818181765289258,0.3999999944888889,0,0,0.52,0.4285714279591837
2579268572_d78f8436cb.jpg,একটি শিশু আছে।,0.3333333322222222,0.16666666638888888,0.2222222172839507,0.2222222172839507,0.0,0.2222222172839507,0,0,0.25,0.12499999984374999
5631.png,ধান ক্ষেতের মাঝে একজন মহিলা বসে আছে।,0.14285714265306124,0.249999999375,0.1818181768595043,0.1818181768595043,0.0,0.1818181768595043,0,0,0.29268292682926833,0.0999999999
6589.png,একজন পুরুষ বসে আছে।,0.9999999975,0.9999999975,0.9999999925,0.9999999925,0.9999999916666666,0.9999999925,1,1,1.0,0.9999999975
4557.png,কয়েকজন পুরুষ আছে।,0.6666666644444444,0.33333333277777777,0.44444443901234576,0.44444443901234576,0.0,0.44444443901234576,0,0,0.5,0.2857142853061225
3043908909_bb54d2c08e.jpg,একদল লোক বসে আছে,0.7499999981250001,0.5999999988,0.6666666602469137,0.6666666602469137,0.28571428000000004,0.6666666602469137,0,0,0.5909090909090908,0.49999999916666665
2976684095_ce7ccfd423.jpg,একটি ছেলে একটি লাল জামা পরে একটি লাল জামা পরে একটি লাল জামা পরে একটি লাল জামা পরে একটি লাল জামা পরে একটি লাল জামা পরে একটি লাল জামা পরে একটি লাল জামা পরে একটি লাল জামা পরে একটি লাল,0.0499999999875,0.33333333277777777,0.08695651943289232,0.08695651943289232,0.045454543419421574,0.08695651943289232,0,0,0.17692307692307696,0.2222222219753086
5325.png,একজন পুরুষ আছে।,0.3333333322222222,0.16666666638888888,0.2222222172839507,0.2222222172839507,0.0,0.2222222172839507,0,0,0.34782608695652173,0.12499999984374999
1789.png,কয়েকজন নারী আছে।,0.6666666644444444,0.15384615372781063,0.24999999664062497,0.24999999664062497,0.0,0.24999999664062497,0,0,0.17021276595744683,0.15384615372781063
2761.png,একজন বয়স্ক পুরুষ আছে।,0.9999999975,0.571428570612245,0.7272727213223142,0.7272727213223142,0.44444443901234576,0.7272727213223142,0,0,0.5925925925925926,0.571428570612245
7516.png,একটি শিশু আছে।,0.6666666644444444,0.49999999875,0.5714285648979592,0.5714285648979592,0.39999999360000005,0.5714285648979592,0,0,0.5384615384615384,0.3999999992
1066.png,একটি সুন্দর সবুজ বাড়ির সুন্দর সবুজ বাড়ির সুন্দর সবুজ বাড়ির সুন্দর সবুজ বাড়ির সুন্দর সবুজ বাড়ির সুন্দর সবুজ বাড়ির সুন্দর সবুজ বাড়ির সুন্দর সবুজ বাড়ির সুন্দর সবুজ বাড়ির সুন্দর সবুজ রঙের একটি সুন্দর সবুজ লনে ফুলের <unk>,0.05405405403944485,0.14285714275510203,0.07843136853517897,0.07843136853517897,0.0,0.07843136853517897,0,0,0.21656050955414008,0.05555555552469135
7712.png,একজন মানুষ আছে।,0.9999999966666667,0.7499999981250001,0.8571428497959185,0.8571428497959185,0.39999999360000005,0.8571428497959185,0,0,0.7333333333333334,0.7499999981250001
1075867198_27ca2e7efe.jpg,একটি কুকুর সৈকতে বল ধরার চেষ্টা করছে,0.2857142853061225,0.33333333277777777,0.3076923022485208,0.3076923022485208,0.10526315346260404,0.3076923022485208,0,0,0.3846153846153846,0.18181818165289254
2414397449_2ac3b78e0d.jpg,একটি কুকুর একটি ফ্রিসবি নিয়ে দৌড়াচ্ছে,0.49999999916666665,0.1764705881314879,0.26086956113421556,0.26086956113421556,0.0,0.26086956113421556,0,0,0.39473684210526316,0.10526315783933518
1271210445_7f7ecf3791.jpg,একটি টেবিলে বসে ভূট্টা খাচ্ছে,0.3999999992,0.16666666652777776,0.23529411321799312,0.23529411321799312,0.0,0.23529411321799312,0,0,0.2647058823529411,0.13333333324444444
180506881_de0f59770f.jpg,একজন পুরুষ একটি দরজায় দাড়িয়ে আছে একজন পুরুষ দাড়িয়ে আছে।,0.0999999999,0.16666666638888888,0.12499999515625017,0.12499999515625017,0.0,0.12499999515625017,0,0,0.32499999999999996,0.08333333326388888
3005126574_49c28ffbee.jpg,লোকটি তার <unk>,0.3333333322222222,0.1999999996,0.24999999468750006,0.24999999468750006,0.0,0.24999999468750006,0,0,0.2857142857142857,0.14285714265306124
2851931813_eaf8ed7be3.jpg,একটি ছোট মেয়ে একটি খেলনা ধরে আছে,0.4285714279591837,0.37499999953124996,0.3999999944888889,0.3999999944888889,0.1999999948000001,0.3999999944888889,0,0,0.5769230769230769,0.2727272724793388
307321761_606fc91673.jpg,একটি পরিবার একটি <unk> <unk> <unk> তাদের পিছনে একটি ছোট ছেলে একটি উঠোনে বসে আছে,0.19999999986666667,0.3333333329629629,0.2499999951041667,0.2499999951041667,0.0,0.2499999951041667,0,0,0.3035714285714286,0.1874999998828125
6962.png,একটি পুরাতন <unk>,0.3333333322222222,0.07692307686390532,0.12499999679687505,0.12499999679687505,0.0,0.12499999679687505,0,0,0.33333333333333337,0.06666666662222222
3507.png,একটি গাড়ির সাথে একটি গাড়ির সাথে নিয়ে যাচ্ছে।,0.24999999968749997,0.6666666644444444,0.36363635900826446,0.36363635900826446,0.0,0.36363635900826446,0,0,0.3571428571428571,0.33333333277777777
2714220101_c31db50b10.jpg,একটি সাদা কুকুর একটি লাঠি নিয়ে একটি <unk>,0.37499999953124996,0.5999999988,0.46153845609467453,0.46153845609467453,0.36363635834710756,0.46153845609467453,0,0,0.5,0.37499999953124996
3512791890_eb065b460a.jpg,দুটি মেয়ে একজনের কোলে বাচ্চা হাসছে,0.49999999916666665,0.29999999969999996,0.37499999484375,0.37499999484375,0.0,0.24999999500000003,0,0,0.375,0.23076923059171597
8262.png,একটি কালো কুকুর খাবার খাচ্ছে,0.1999999996,0.14285714265306124,0.16666666152777793,0.16666666152777793,0.0,0.16666666152777793,0,0,0.40740740740740744,0.1111111109876543
3552796830_2dd2aa9c2c.jpg,একজন লোক তার <unk>,0.249999999375,0.12499999984374999,0.16666666194444454,0.16666666194444454,0.0,0.16666666194444454,0,0,0.3125,0.09090909082644627
1416.png,একজন নারী বসে আছে।,0.7499999981250001,0.4285714279591837,0.5454545398347109,0.5454545398347109,0.2222222172839507,0.5454545398347109,0,0,0.48,0.37499999953124996
7591.png,একটি শিশু আছে।,0.0,0.0,0.0,0.0,0.0,0.0,0,0,0.25,0.0
8561.png,একজন পুরুষ মাথার উপর দিয়ে হেটে যাচ্ছে একজন পুরুষ মানুষ।,0.1999999998,0.2222222219753086,0.21052631058171756,0.21052631058171756,0.0,0.21052631058171756,0,0,0.23076923076923073,0.13333333324444444
237953705_cfe6999307.jpg,একটি ছোট ছেলে একটি ফ্রিসবি ধরার চেষ্টা করছে,0.12499999984374999,0.14285714265306124,0.13333332817777796,0.13333332817777796,0.0,0.13333332817777796,0,0,0.3421052631578947,0.07692307686390532
8373.png,একজন পুরুষ আছে।,0.9999999966666667,0.9999999966666667,0.9999999916666666,0.9999999916666666,0.9999999900000001,0.9999999916666666,1,1,1.0,0.9999999966666667
3042483842_beb23828b9.jpg,একজন লোক একটি কালো টুপি পরা একজন লোক ছবি তুলছে,0.29999999969999996,0.3333333329629629,0.31578946836565097,0.31578946836565097,0.11764705370242234,0.31578946836565097,0,0,0.4571428571428572,0.21428571413265304
4971.png,একটি পর্যটন এলাকায় কয়েকজন মানুষ আছে।,0.6666666655555555,0.49999999937499995,0.5714285657142858,0.5714285657142858,0.16666666152777793,0.4285714230612245,0,0,0.34883720930232553,0.3999999996
2561481438_447b852e4d.jpg,একটি কুকুর ঘাসের মধ্যে দৌড়াচ্ছে,0.5999999988,0.37499999953124996,0.46153845609467453,0.46153845609467453,0.1818181768595043,0.46153845609467453,0,0,0.5172413793103448,0.29999999969999996
2272491304_cb7c7ed16f.jpg,একদল লোক পাহাড় বেয়ে নিচে নামছে,0.16666666638888888,0.16666666638888888,0.16666666138888903,0.16666666138888903,0.0,0.16666666138888903,0,0,0.3076923076923077,0.09090909082644627
1459.png,একজন পুরুষ বসে আছে।,0.7499999981250001,0.3333333329629629,0.4615384565680474,0.4615384565680474,0.11764705577854677,0.4615384565680474,0,0,0.4,0.37499999953124996
2326879311_555ebef188.jpg,একটি ছেলে রাস্তায় দাঁড়িয়ে আছে।,0.1999999996,0.249999999375,0.2222222167901236,0.2222222167901236,0.0,0.2222222167901236,0,0,0.5555555555555556,0.12499999984374999
3520869880_2e8b7d7842.jpg,একজন নারী একটি শিশু আছে।,0.1999999996,0.16666666638888888,0.1818181765289258,0.1818181765289258,0.0,0.1818181765289258,0,0,0.36363636363636365,0.0999999999
535249787_0fcaa613a0.jpg,একটি ছেলে খেলার মাঠে একটি বলে আঘাত করছেন,0.37499999953124996,0.2727272724793388,0.31578946847645434,0.31578946847645434,0.11111110623456812,0.31578946847645434,0,0,0.5172413793103448,0.1874999998828125
2109.png,পাশাপাশি দুইজন পুরুষ আছে।,0.49999999875,0.33333333277777777,0.3999999944,0.3999999944,0.0,0.3999999944,0,0,0.4545454545454546,0.24999999968749997
2141065212_463a6997e1.jpg,একজন কোচ সাইডলাইনে দাঁড়িয়ে,0.249999999375,0.1999999996,0.2222222167901236,0.2222222167901236,0.0,0.2222222167901236,0,0,0.3157894736842105,0.12499999984374999
11391827.jpg,একটি ধূসর রঙের একটি ধূসর রঙের একটি ধূসর রঙের একটি ধূসর রঙের একটি ধূসর রঙের একটি ধূসর রঙের একটি ধূসর রঙের একটি ধূসর রঙের একটি ধূসর রঙের একটি ধূসর রঙের একটি ধূসর রঙের একটি ধূসর রঙের একটি ধূসর রঙের একটি,0.0499999999875,0.13333333324444444,0.0727272687338845,0.0727272687338845,0.0,0.0727272687338845,0,0,0.21383647798742134,0.08333333326388888
7216.png,একজন নারী আছে।,0.9999999966666667,0.4285714279591837,0.5999999946000001,0.5999999946000001,0.24999999562500003,0.5999999946000001,0,0,0.41666666666666663,0.49999999916666665
378170167_9b5119d918.jpg,একটি কুকুর একটি ঘাসযুক্ত অঞ্চলে দৌড়াচ্ছে,0.33333333277777777,0.49999999875,0.3999999944,0.3999999944,0.24999999468750006,0.3999999944,0,0,0.5555555555555556,0.2857142853061225
1799271536_6e69c8f1dc.jpg,একটি কুকুর পানিতে লাফ দিচ্ছে,0.3999999992,0.33333333277777777,0.36363635801652905,0.36363635801652905,0.0,0.36363635801652905,0,0,0.5238095238095238,0.2222222219753086
102.png,একজন ছোট মেয়ে হাঁসি মুখে দাঁড়িয়ে আছে।,0.2857142853061225,0.1111111110493827,0.1599999958400001,0.1599999958400001,0.0,0.1599999958400001,0,0,0.3214285714285714,0.09090909086776859
421730441_6b2267fd31.jpg,একজন পুরুষ আছে।,0.3333333322222222,0.16666666638888888,0.2222222172839507,0.2222222172839507,0.0,0.2222222172839507,0,0,0.33333333333333337,0.12499999984374999
IMG_9840.JPG,মহিলা টি শাড়ি পরে আছে,0.9999999980000001,0.9999999980000001,0.9999999930000001,0.9999999930000001,0.9999999925,0.9999999930000001,1,1,1.0,0.9999999980000001
7846.png,একজন বাচ্চা মেয়ে দাড়িয়ে আছে।,0.3999999992,0.33333333277777777,0.36363635801652905,0.36363635801652905,0.0,0.36363635801652905,0,0,0.5,0.2222222219753086
1745110280_0cbff5e273.jpg,একটি কুকুর লম্বা ঘাসের মধ্যে দিয়ে দৌড়ে যাচ্ছে,0.24999999968749997,0.3999999992,0.3076923024852071,0.3076923024852071,0.1818181768595043,0.3076923024852071,0,0,0.5172413793103448,0.18181818165289254
7316.png,একটি নৌকায় কয়েকজন মানুষ আছে।,0.7999999984,0.7999999984,0.7999999934,0.7999999934,0.4999999937500001,0.7999999934,0,0,0.85,0.6666666655555555
6903.png,একজন পুরুষ পানিতে নেমে আছে।,0.3999999992,0.33333333277777777,0.36363635801652905,0.36363635801652905,0.0,0.36363635801652905,0,0,0.36363636363636365,0.2222222219753086
1698.png,কিছু ছোট ছেলে মেয়ে দাড়িয়ে আছে।,0.49999999916666665,0.1764705881314879,0.26086956113421556,0.26086956113421556,0.0,0.1818181765289258,0,0,0.33333333333333337,0.149999999925
IMG_0028.JPG,একটা লোক দাঁড়িয়ে আছে,0.7499999981250001,0.7499999981250001,0.7499999931250001,0.7499999931250001,0.33333332722222225,0.7499999931250001,0,1,1.0,0.5999999988
4826.png,একটি বড় গাছ ও দূরে একজন মানুষ আছে।,0.24999999968749997,0.3999999992,0.3076923024852071,0.3076923024852071,0.0,0.15384614887573977,0,0,0.3846153846153846,0.18181818165289254
2822290399_97c809d43b.jpg,একটি কুকুর একটি কালো কুকুর দৌড়াচ্ছে,0.49999999916666665,0.3333333329629629,0.3999999946666667,0.3999999946666667,0.15384614887573977,0.3999999946666667,0,0,0.5,0.2222222219753086
1073.png,একজন নারী ও কয়েকটি শিশু আছে।,0.16666666638888888,0.07692307686390532,0.10526315346260404,0.10526315346260404,0.0,0.10526315346260404,0,0,0.25531914893617025,0.05555555552469135
1827560917_c8d3c5627f.jpg,একটি কালো কুকুর একটি লাল কলার পরা একটি কুকুর,0.3333333329629629,0.4285714279591837,0.374999994609375,0.374999994609375,0.1428571377551022,0.374999994609375,0,0,0.4375,0.29999999969999996
1952.png,একজন পুরুষ একটি গরু নিয়ে আছে।,0.16666666638888888,0.16666666638888888,0.16666666138888903,0.16666666138888903,0.0,0.16666666138888903,0,0,0.2857142857142857,0.09090909082644627
263522013_d118d46b2d.jpg,একটি কুকুর একটি লাঠি নিয়ে খেলছে,0.33333333277777777,0.49999999875,0.3999999944,0.3999999944,0.24999999468750006,0.3999999944,0,0,0.5714285714285714,0.2857142853061225
2938875913_0ed920a6be.jpg,একজন ফুটবল খেলোয়াড় একটি বলে লাথি মারার জন্য,0.37499999953124996,0.4285714279591837,0.3999999944888889,0.3999999944888889,0.3076923022485208,0.3999999944888889,0,0,0.65625,0.24999999979166665
10815824_2997e03d76.jpg,একজন লোক একটি ব্যারেলের আগুনের পাশে দাঁড়িয়ে আছে,0.37499999953124996,0.37499999953124996,0.37499999453125,0.37499999453125,0.14285713765306143,0.37499999453125,0,0,0.46875,0.23076923059171597
4657.png,একটি নৌকায় কয়েকজন মানুষ আছে।,0.3999999992,0.2857142853061225,0.33333332791666676,0.33333332791666676,0.0,0.33333332791666676,0,0,0.46153846153846156,0.2222222219753086
2801851082_8c3c480c0f.jpg,একটি মেয়ে একটি ধাতব দন্ডের উপর বসে আছে,0.37499999953124996,0.4285714279591837,0.3999999944888889,0.3999999944888889,0.0,0.3999999944888889,0,0,0.5172413793103448,0.18181818165289254
3204525212_d548c7fca7.jpg,একটি কুকুর একটি <unk>,0.9999999975,0.28571428551020406,0.4444444404938272,0.4444444404938272,0.1111111082098766,0.35294117245674744,0,0,0.26086956521739135,0.24999999979166665
3282925526_535ff9f2b2.jpg,একটি ছেলে ঘুমাচ্ছে,0.0,0.0,0.0,0.0,0.0,0.0,0,0,0.24137931034482762,0.0
2885912662_a3a2dfde45.jpg,একটি ছোট ছেলে একটি লাল বল দিয়ে শুয়ে আছে,0.3333333329629629,0.37499999953124996,0.3529411710726644,0.3529411710726644,0.13333332817777796,0.3529411710726644,0,0,0.5862068965517242,0.19999999986666667
5366.png,একটি ব্যানের মাঝে একটি নৌকা আছে।,0.16666666638888888,0.249999999375,0.1999999948000001,0.1999999948000001,0.0,0.1999999948000001,0,0,0.38095238095238093,0.12499999984374999
3208032657_27b9d6c4f3.jpg,একটি স্কেটবোর্ডার একটি <unk>,0.7499999981250001,0.3333333329629629,0.4615384565680474,0.4615384565680474,0.0,0.4615384565680474,0,0,0.36363636363636365,0.2222222219753086
20220909_133111.jpg,কয়েকজন মানুষ বসে আছে।,0.49999999875,0.33333333277777777,0.3999999944,0.3999999944,0.0,0.3999999944,0,0,0.40909090909090906,0.24999999968749997
1803.png,একজন পুরুষ একটি সাপ আছে।,0.3999999992,0.16666666652777776,0.23529411321799312,0.23529411321799312,0.0,0.23529411321799312,0,0,0.5,0.14285714275510203
2103568100_5d018c495b.jpg,একটি কুকুর পানিতে হাঁটছে,0.7499999981250001,0.37499999953124996,0.49999999472222234,0.49999999472222234,0.18181817752066123,0.49999999472222234,0,0,0.5238095238095238,0.3333333329629629
4769.png,একটি মন্দির।,0.999999995,0.6666666644444444,0.799999992,0.799999992,0.0,0.799999992,0,0,0.6153846153846154,0.6666666644444444
3724487641_d2096f10e5.jpg,সাঁতারের প্যান্ট পরিহিত একজন লোক,0.1999999996,0.14285714265306124,0.16666666152777793,0.16666666152777793,0.0,0.16666666152777793,0,0,0.48484848484848486,0.09090909082644627
2508918369_2659db1cb6.jpg,একটি ছেলে সুইমিংপুলে,0.6666666644444444,0.24999999968749997,0.36363635900826446,0.36363635900826446,0.22222221827160496,0.36363635900826446,0,0,0.4117647058823529,0.2222222219753086
5471.png,অনেক মানুষ একটি মসজিদের সামনে অনেক মানুষ আছে।,0.24999999968749997,0.49999999875,0.33333332833333335,0.33333332833333335,0.0,0.33333332833333335,0,0,0.375,0.24999999968749997
3823.png,একটি <unk>,0.0,0.0,0.0,0.0,0.0,0.0,0,0,0.1578947368421053,0.0
7272.png,একটি শিশু একটি পুরনো মেঝেতে।,0.0,0.0,0.0,0.0,0.0,0.0,0,0,0.38888888888888884,0.0
1302.png,একজন পুরুষ একটি গরু আছে।,0.7999999984,0.571428570612245,0.6666666606944446,0.6666666606944446,0.1999999948000001,0.6666666606944446,0,0,0.625,0.49999999937499995
3404552106_f516df0f5b.jpg,একজন নারী ও পিছনে কয়েকজন মানুষ আছে।,0.14285714265306124,0.09090909082644627,0.11111110623456812,0.11111110623456812,0.0,0.11111110623456812,0,0,0.28260869565217395,0.05882352937716263
4140.png,একজন মানুষ আছে।,0.9999999966666667,0.49999999916666665,0.6666666607407408,0.6666666607407408,0.28571428081632655,0.6666666607407408,0,0,0.45833333333333337,0.49999999916666665
5119.png,একটি <unk>,0.999999995,0.6666666644444444,0.799999992,0.799999992,0.6666666577777778,0.799999992,0,0,0.6363636363636364,0.999999995
386.png,একজন পুরুষ একটি নৌকা আছে।,0.5999999988,0.37499999953124996,0.46153845609467453,0.46153845609467453,0.1818181768595043,0.46153845609467453,0,0,0.5172413793103448,0.29999999969999996
2903469015_a1e7d969c2.jpg,একটি রেসিং <unk> একটি কুকুর,0.3999999992,0.2857142853061225,0.33333332791666676,0.33333332791666676,0.0,0.3076923024852071,0,0,0.2941176470588235,0.2222222219753086
2048.png,একজন নারী ও একজন নারী বসে আছে।,0.14285714265306124,0.16666666638888888,0.15384614863905344,0.15384614863905344,0.0,0.15384614863905344,0,0,0.3529411764705882,0.0999999999
1202.png,একজন ছোট ছেলে টায়ার নিয়ে দাড়িয়ে আছে।,0.4285714279591837,0.149999999925,0.22222221821673527,0.22222221821673527,0.0,0.22222221821673527,0,0,0.41666666666666663,0.13043478255198487
347003820_1459342507937686_7845772507901901708_n.jpg,কয়েকজন পুরুষ আছে।,0.0,0.0,0.0,0.0,0.0,0.0,0,0,0.28,0.0
6095.png,একটি ছেলে টায়ার দিয়ে চেয়ে আছেন।,0.16666666638888888,0.249999999375,0.1999999948000001,0.1999999948000001,0.0,0.1999999948000001,0,0,0.44999999999999996,0.1111111109876543
3649224118_abe73c672c.jpg,সৈকতে এক মেয়ে সমুদ্রসৈকতে দাঁড়িয়ে আছে,0.16666666638888888,0.1999999996,0.1818181765289258,0.1818181765289258,0.0,0.1818181765289258,0,0,0.33333333333333337,0.0999999999
3337332770_5eda5cceb7.jpg,একটি কুকুর বরফের মধ্যে দৌড়াচ্ছে,0.5999999988,0.5999999988,0.5999999938,0.5999999938,0.4999999937500001,0.5999999938,0,0,0.7619047619047619,0.4285714279591837
1348891916_ebd4413033.jpg,একটি কুকুর পানিতে দৌড়াচ্ছে,0.9999999975,0.49999999937499995,0.6666666611111112,0.6666666611111112,0.39999999500000005,0.6666666611111112,0,0,0.5185185185185186,0.49999999937499995
8958.png,রাস্তা দিয়ে একটি রাস্তা দিয়ে হেটে চলছে।,0.0,0.0,0.0,0.0,0.0,0.0,0,0,0.33333333333333337,0.0
1880.png,একজন নারী আছে।,0.9999999966666667,0.4285714279591837,0.5999999946000001,0.5999999946000001,0.24999999562500003,0.5999999946000001,0,0,0.4347826086956522,0.4285714279591837
6173.png,একজন পুরুষ ছাতা নিয়ে হেঁটে যাচ্ছে।,0.8333333319444445,0.8333333319444445,0.8333333269444445,0.8333333269444445,0.7999999934,0.8333333269444445,0,0,0.9047619047619048,0.7142857132653061
3366571152_20afb88ac1.jpg,একটি টেবিলে তিন জন বসে আছে,0.33333333277777777,0.3999999992,0.36363635801652905,0.36363635801652905,0.2222222167901236,0.36363635801652905,0,0,0.52,0.2222222219753086
993.png,কয়েকজন পুরুষ আছে।,0.6666666644444444,0.49999999875,0.5714285648979592,0.5714285648979592,0.0,0.5714285648979592,0,0,0.6666666666666667,0.3999999992
20220909_134104.jpg,একজন পুরুষ বসে আছে।,0.0,0.0,0.0,0.0,0.0,0.0,0,0,0.2857142857142857,0.0
3008370541_ce29ce49f0.jpg,একটি কালো কুকুর পানিতে ঝাপ দিচ্ছে,0.8333333319444445,0.9999999980000001,0.909090902479339,0.909090902479339,0.6666666602469137,0.909090902479339,0,0,0.8571428571428572,0.8333333319444445
3429351222_17ae744daf.jpg,তিনজন প্রাপ্তবয়স্ক লোক দাঁড়িয়ে আছে,0.1999999996,0.14285714265306124,0.16666666152777793,0.16666666152777793,0.0,0.16666666152777793,0,0,0.2857142857142857,0.09090909082644627
2393298349_e659308218.jpg,একজন লোক ও একটি কুকুর একটি কুকুর,0.571428570612245,0.3333333330555555,0.42105262648199443,0.42105262648199443,0.2352941128027682,0.31578946869806096,0,0,0.34883720930232553,0.23076923059171597
136693284.jpg,লাল শার্টের একটি ছেলে একটি কালো এবং সাদা কালো এবং সাদা কালো এবং সাদা কালো এবং সাদা কালো এবং সাদা কালো এবং সাদা কালো এবং সাদা কালো এবং সাদা কালো এবং সাদা কালো এবং সাদা কালো এবং সাদা কালো এবং,0.07499999998125,0.2727272724793388,0.11764705539407928,0.11764705539407928,0.04081632326530638,0.11764705539407928,0,0,0.17886178861788615,0.16666666652777776
6144.png,একজন নারী আছে।,0.6666666644444444,0.6666666644444444,0.6666666594444445,0.6666666594444445,0.0,0.6666666594444445,0,0,0.7272727272727273,0.49999999875
7786.png,তিনটি ছেলে খালি গায়ে পানি দিচ্ছে।,0.16666666638888888,0.1999999996,0.1818181765289258,0.1818181765289258,0.0,0.1818181765289258,0,0,0.4545454545454546,0.0999999999
391324644_d23fdf06cb.jpg,একজন স্কেটবোর্ডার একটি স্কেটবোর্ড দিয়ে নিচে নামছে,0.2857142853061225,0.14285714275510203,0.19047618585034026,0.19047618585034026,0.0,0.19047618585034026,0,0,0.3939393939393939,0.1111111110493827
2384.png,একটি নৌকায় একজন লোক বসে আছে।,0.49999999916666665,0.7499999981250001,0.5999999940000001,0.5999999940000001,0.24999999468750006,0.5999999940000001,0,0,0.47619047619047616,0.4285714279591837
2994104606_bc2df6c1f4.jpg,একটি কুকুর একটি লাঠি নিয়ে খেলছে,0.33333333277777777,0.49999999875,0.3999999944,0.3999999944,0.24999999468750006,0.3999999944,0,0,0.38095238095238093,0.2857142853061225
7088.png,একটি ছেলে দদাঁড়িয়ে হাসছে আর মাঝি নৌকা থেকে জেলেরা মাছ ধরছে।,0.18181818165289254,0.09999999995,0.1290322534027057,0.1290322534027057,0.0,0.1290322534027057,0,0,0.352112676056338,0.0689655172175981
15.png,একজন পুরুষ একটি টিনের ঘরের সামনে দাড়িয়ে আছে।,0.24999999968749997,0.15384615372781063,0.1904761855782314,0.1904761855782314,0.0,0.1904761855782314,0,0,0.3191489361702128,0.1111111110493827
7402.png,সামনে অনেক রকমের খাবার <unk>,0.3999999992,0.24999999968749997,0.3076923024852071,0.3076923024852071,0.0,0.3076923024852071,0,0,0.25,0.18181818165289254
3524436870_7670df68e8.jpg,একটি কুকুর একটি কালো কুকুর,0.3999999992,0.33333333277777777,0.36363635801652905,0.36363635801652905,0.2222222167901236,0.36363635801652905,0,0,0.4347826086956522,0.2857142853061225
2014.png,একজন নারী একটি শিশু দাড়িয়ে আছে একজন মহিলা লাটি ভর করে,0.09090909082644627,0.16666666638888888,0.11764705411764723,0.11764705411764723,0.0,0.11764705411764723,0,0,0.34883720930232553,0.06666666662222222
3495.png,একজন নারী তাকিয়ে আছে।,0.7499999981250001,0.7499999981250001,0.7499999931250001,0.7499999931250001,0.33333332722222225,0.7499999931250001,0,0,0.8,0.5999999988
3342487512_fd33971dea.jpg,একজন স্নোবোর্ডার লাফ দিচ্ছে,0.49999999875,0.14285714275510203,0.22222221851851853,0.22222221851851853,0.12499999679687505,0.22222221851851853,0,0,0.7083333333333333,0.124999999921875
2261169495_98254e2e66.jpg,একজন লোক একটি <unk>,0.7499999981250001,0.49999999916666665,0.5999999940000001,0.5999999940000001,0.24999999468750006,0.3999999944,0,0,0.29166666666666663,0.4285714279591837
3290465391_258429e2f9.jpg,একজন লোক একটি <unk>,0.7499999981250001,0.49999999916666665,0.5999999940000001,0.5999999940000001,0.2666666631111111,0.49999999472222234,0,0,0.44999999999999996,0.4285714279591837
2994107810_af56326389.jpg,সাদা জার্সি পরিহিত একজন বাস্কেটবল খেলোয়াড় বল হাতে নিয়ে দাঁড়িয়ে আছে,0.3636363633057851,0.3636363633057851,0.3636363583057851,0.3636363583057851,0.19999999480000014,0.3636363583057851,0,0,0.34090909090909094,0.24999999984375
3559781965_d4ec00e506.jpg,একটি বাদামী কুকুর একটি বাদামী কুকুর দৌড়ে বেড়াচ্ছে,0.24999999968749997,0.24999999968749997,0.24999999468750006,0.24999999468750006,0.0,0.24999999468750006,0,0,0.5277777777777778,0.18181818165289254
1973.png,একজন পুরুষ আছে।,0.6666666644444444,0.49999999875,0.5714285648979592,0.5714285648979592,0.39999999360000005,0.5714285648979592,0,0,0.5882352941176471,0.3999999992
3097171315_0ba7d283b1.jpg,একটি বারে একজন লোক একটি <unk>,0.49999999916666665,0.29999999969999996,0.37499999484375,0.37499999484375,0.15384614887573977,0.31578946903047095,0,0,0.3846153846153846,0.16666666652777776
7695.png,একজন পুরুষ এবং একজন মহিলা একটি ছবির জন্য পোজ দিচ্ছেন।,0.29999999969999996,0.2727272724793388,0.28571428045351477,0.28571428045351477,0.10526315279778417,0.28571428045351477,0,0,0.375,0.13333333324444444
5493.png,একটি শিশু ও মহিলা একটি সাদা রঙের একটি শিশু বসে আছে,0.2727272724793388,0.19999999986666667,0.23076922571005928,0.23076922571005928,0.08333332840277806,0.23076922571005928,0,0,0.3902439024390244,0.1764705881314879
5398.png,একজন পুরুষ একটি গাড়ির যন্ত্রাংশ নিয়ে রাস্তার পাশে দাড়িয়ে আছে।,0.29999999969999996,0.1764705881314879,0.22222221739369005,0.22222221739369005,0.0,0.14814814337448576,0,0,0.32499999999999996,0.15789473675900276
513269597_c38308feaf.jpg,একটি কালো কুকুর মুখে একটি লাঠি নিয়ে ঘাসের মধ্য দিয়ে চলছে,0.3636363633057851,0.4444444439506172,0.39999999464999997,0.39999999464999997,0.12499999515625017,0.38095237560090706,0,0,0.5384615384615384,0.26666666648888887
9030.png,একজন ছেলে মেয়ে বসে আছে।,0.5999999988,0.49999999916666665,0.5454545395041324,0.5454545395041324,0.2222222167901236,0.5454545395041324,0,0,0.4375,0.37499999953124996
3468130925_2b1489d19a.jpg,একজন লোক একটি <unk>,0.249999999375,0.12499999984374999,0.16666666194444454,0.16666666194444454,0.0,0.16666666194444454,0,0,0.25806451612903225,0.09090909082644627
2960.png,একটি বড় গাছের চারপাশে অনেক মানুষ।,0.49999999916666665,0.24999999979166665,0.33333332851851855,0.33333332851851855,0.12499999554687513,0.33333332851851855,0,0,0.3829787234042553,0.19999999986666667
3426144752_28d63615ca.jpg,একটি ছোট ছেলে তার মুখ স্থির করে আছে,0.24999999968749997,0.2857142853061225,0.2666666613333334,0.2666666613333334,0.15384614863905344,0.2666666613333334,0,0,0.46153846153846156,0.16666666652777776
3484019369_354e0b88c0.jpg,একজন লোক হকি খেলছে,0.249999999375,0.14285714265306124,0.1818181768595043,0.1818181768595043,0.0,0.1818181768595043,0,0,0.33333333333333337,0.1111111109876543
3547647914_4dd56a8c1b.jpg,একদল লোক ফুটপাতে দাঁড়িয়ে আছে,0.5999999988,0.5999999988,0.5999999938,0.5999999938,0.2499999943750001,0.5999999938,0,0,0.7894736842105263,0.4285714279591837
2137.png,একটি নৌকায় কয়েকজন মানুষ আছে।,0.1999999996,0.12499999984374999,0.15384614887573977,0.15384614887573977,0.0,0.15384614887573977,0,0,0.3548387096774194,0.09090909082644627
1594038143_57f299aa8a.jpg,একজন নারী আছে।,0.0,0.0,0.0,0.0,0.0,0.0,0,0,0.1923076923076923,0.0
1174525839_7c1e6cfa86.jpg,একজন মহিলা সাগরের পাশে দাঁড়িয়ে আছে,0.0,0.0,0.0,0.0,0.0,0.0,0,0,0.36,0.0
347375312_1283645985559368_3766867741936536733_n.jpg,একটি মহিলা এবং একটি ছোট মেয়ে এবং একটি ছোট মেয়ে এবং একটি ছোট মেয়ে এবং একটি ছোট মেয়ে এবং একটি ছোট মেয়ে এবং একটি ছোট মেয়ে এবং একটি ছোট মেয়ে এবং একটি ছোট মেয়ে এবং একটি ছোট মেয়ে এবং একটি,0.0499999999875,0.33333333277777777,0.08695651943289232,0.08695651943289232,0.0,0.08695651943289232,0,0,0.16793893129770987,0.2222222219753086
20220909_134236.jpg,একটি শিশু আছে।,0.0,0.0,0.0,0.0,0.0,0.0,0,0,0.31818181818181823,0.0
2356.png,দূরে একজন মানুষ ছাতা নিয়ে হেঁটে যাচ্ছে।,0.14285714265306124,0.16666666638888888,0.15384614863905344,0.15384614863905344,0.0,0.15384614863905344,0,0,0.29166666666666663,0.08333333326388888
8703.png,একটি বাস ও একজন মানুষ আছে।,0.33333333277777777,0.49999999875,0.3999999944,0.3999999944,0.0,0.3999999944,0,0,0.3513513513513513,0.24999999968749997
1225443522_1633e7121f.jpg,একজন লোক একটি <unk>,0.49999999875,0.2222222219753086,0.3076923029585799,0.3076923029585799,0.0,0.3076923029585799,0,0,0.3055555555555556,0.18181818165289254
3146232740_df3da0163b.jpg,একটি কালো কুকুর পানি থেকে বেরিয়ে আসছে,0.7142857132653061,0.49999999949999996,0.5882352885813149,0.5882352885813149,0.13333332835555572,0.5882352885813149,0,0,0.5625,0.45454545413223135
8851.png,একজন পুরুষ ও একজন পুরুষ আছে।,0.33333333277777777,0.49999999875,0.3999999944,0.3999999944,0.0,0.3999999944,0,0,0.4545454545454546,0.33333333277777777
3247341210_5d1e50df23.jpg,একজন লোক একটি <unk>,0.49999999875,0.24999999968749997,0.33333332833333335,0.33333332833333335,0.0,0.33333332833333335,0,0,0.3846153846153846,0.1999999998
3198237818_cb5eb302f0.jpg,বিকিনি পরিহিত তিনজন মহিলা বিকিনি পরে আছে,0.2857142853061225,0.24999999968749997,0.2666666613333334,0.2666666613333334,0.15384614863905344,0.2666666613333334,0,0,0.3548387096774194,0.16666666652777776
3475.png,একজন পুরুষ বসে আছে।,0.249999999375,0.12499999984374999,0.16666666194444454,0.16666666194444454,0.0,0.16666666194444454,0,0,0.30000000000000004,0.1111111109876543
3074842262_62b1b2168c.jpg,একটি ছোট ছেলে একটি <unk>,0.5999999988,0.37499999953124996,0.46153845609467453,0.46153845609467453,0.0,0.46153845609467453,0,0,0.42307692307692313,0.3333333329629629
1376.png,পাশাপাশি কয়েকজন পুরুষ দাড়িয়ে আছে।,0.3999999992,0.24999999968749997,0.3076923024852071,0.3076923024852071,0.1818181768595043,0.3076923024852071,0,0,0.46875,0.18181818165289254
11.png,একটি কুমির আছে।,0.6666666644444444,0.14285714275510203,0.2352941144636678,0.2352941144636678,0.0,0.2352941144636678,0,0,0.18367346938775508,0.14285714275510203
7912.png,একজন নারী দাড়িয়ে আছে একজন মহিলা একটি <unk> <unk> <unk> <unk> <unk> <unk> <unk> <unk> <unk> <unk> <unk> <unk> <unk> <unk> <unk> <unk> <unk> <unk> <unk> <unk> <unk> <unk> <unk> <unk> <unk> <unk> <unk> <unk> <unk> <unk> <unk> <unk> <unk>,0.099999999975,0.26666666648888887,0.14545454143471084,0.14545454143471084,0.045454543419421574,0.10909090508429765,0,0,0.14465408805031443,0.18181818165289254
5976.png,একজন পুরুষ আছে।,0.9999999966666667,0.7499999981250001,0.8571428497959185,0.8571428497959185,0.39999999360000005,0.8571428497959185,0,0,0.7333333333333334,0.7499999981250001
9113.png,টুপি পরা একজন লোক রাস্তা দিয়ে হেঁটে যাচ্ছে।,0.24999999968749997,0.16666666652777776,0.1999999950000001,0.1999999950000001,0.1052631531301941,0.1999999950000001,0,0,0.34090909090909094,0.11764705875432525
7907.png,একজন পুরুষ বসে একজন পুরুষ বসে একজন পুরুষ বসে একজন পুরুষ বসে একজন পুরুষ বসে একজন পুরুষ বসে একজন পুরুষ বসে একজন পুরুষ বসে একজন পুরুষ বসে একজন পুরুষ বসে একজন পুরুষ বসে একজন পুরুষ বসে একজন পুরুষ বসে একজন,0.0499999999875,0.33333333277777777,0.08695651943289232,0.08695651943289232,0.0,0.08695651943289232,0,0,0.125,0.2857142853061225
2317714088_bcd081f926.jpg,একটি ছেলে একটি <unk> দেখছেন।,0.1999999996,0.16666666638888888,0.1818181765289258,0.1818181765289258,0.0,0.1818181765289258,0,0,0.30000000000000004,0.1111111109876543
800.png,একজন বয়স্ক পুরুষ আছে।,0.7499999981250001,0.7499999981250001,0.7499999931250001,0.7499999931250001,0.0,0.7499999931250001,0,0,0.5625,0.5999999988
6568.png,একটি নৌকায় কয়েকজন মানুষ আছে।,0.7999999984,0.9999999975,0.8888888819753088,0.8888888819753088,0.5714285648979592,0.8888888819753088,0,0,0.7,0.7999999984
1663.png,একজন পুরুষ বসে কাজ করছে।,0.1999999996,0.16666666638888888,0.1818181765289258,0.1818181765289258,0.0,0.1818181765289258,0,0,0.4736842105263158,0.0999999999
8591.png,একজন বৃদ্ধ নারী বসে কাজ করছে।,0.33333333277777777,0.2857142853061225,0.3076923022485208,0.3076923022485208,0.0,0.3076923022485208,0,0,0.34285714285714286,0.18181818165289254
2920.png,একটি রাস্তা দিয়ে একজন মানুষ আছে।,0.16666666638888888,0.249999999375,0.1999999948000001,0.1999999948000001,0.0,0.1999999948000001,0,0,0.3055555555555556,0.1111111109876543
3269380710_9161b0bd00.jpg,একটি লোক একটি ছবির জন্য পোজ দিচ্ছে,0.2857142853061225,0.18181818165289254,0.22222221722222232,0.22222221722222232,0.0,0.22222221722222232,0,0,0.40909090909090906,0.13333333324444444
1281282435.jpg,একজন পুরুষ এবং একজন মহিলা একটি ব্রিজ পার হচ্ছে।,0.1111111109876543,0.14285714265306124,0.12499999492187522,0.12499999492187522,0.0,0.12499999492187522,0,0,0.368421052631579,0.07142857137755101
2404692474_37da774368.jpg,একটি কুকুর বল ধরার চেষ্টা করছে,0.49999999916666665,0.29999999969999996,0.37499999484375,0.37499999484375,0.14285713806122466,0.37499999484375,0,0,0.45833333333333337,0.24999999979166665
947.png,একজন নারী ও একজন নারী বসে আছে।,0.571428570612245,0.571428570612245,0.5714285656122451,0.5714285656122451,0.3333333277777778,0.5714285656122451,0,0,0.75,0.49999999937499995
6995.png,একটি সেতুর উপরে একটি সেতু আছে।,0.16666666638888888,0.12499999984374999,0.1428571377551022,0.1428571377551022,0.0,0.1428571377551022,0,0,0.29032258064516125,0.08333333326388888
1417637704_572b4d6557.jpg,একটি গাড়ির স্টিয়ারিং হুইলে একটি গাড়ির হুইলে একটি গাড়ির হুইলে একটি গাড়ির হুইলে একটি গাড়ির হুইলে একটি গাড়ির হুইলে একটি গাড়ির হুইলে একটি গাড়ির হুইলে একটি গাড়ির হুইলে একটি গাড়ির হুইলে একটি গাড়ির হুইলে একটি গাড়ির হুইলে একটি গাড়ির হুইলে,0.0,0.0,0.0,0.0,0.0,0.0,0,0,0.13749999999999996,0.0
3107368071_724613fc4f.jpg,একজন পুরুষ ও একজন পুরুষ ও একজন পুরুষ ও একজন পুরুষ ও একজন পুরুষ ও একজন পুরুষ ও একজন পুরুষ ও একজন পুরুষ ও একজন পুরুষ ও একজন পুরুষ ও একজন পুরুষ ও একজন পুরুষ ও একজন পুরুষ ও একজন,0.0,0.0,0.0,0.0,0.0,0.0,0,0,0.2108843537414966,0.0
3210.png,একজন নারী মাথায় একটি <unk>,0.3999999992,0.33333333277777777,0.36363635801652905,0.36363635801652905,0.08333333048611122,0.23076922748520712,0,0,0.368421052631579,0.2222222219753086
3476237185_9389c536a3.jpg,একটি কালো কুকুর একটি কালো কুকুর দৌড়াচ্ছে,0.7142857132653061,0.45454545413223135,0.5555555501851852,0.5555555501851852,0.12499999515625017,0.5555555501851852,0,0,0.6,0.29999999969999996
2358561039_e215a8d6cd.jpg,একজন লোক <unk>,0.6666666644444444,0.2857142853061225,0.39999999500000005,0.39999999500000005,0.24999999562500003,0.39999999500000005,0,0,0.31999999999999995,0.24999999968749997
5581.png,একটি নৌকায় দুইজন মানুষ আছে।,0.5999999988,0.49999999916666665,0.5454545395041324,0.5454545395041324,0.2222222167901236,0.5454545395041324,0,0,0.6956521739130435,0.37499999953124996
4860.png,রাস্তা দিয়ে একজন মানুষ হেঁটে যাচ্ছে।,0.49999999916666665,0.49999999916666665,0.4999999941666667,0.4999999941666667,0.19999999460000012,0.4999999941666667,0,0,0.45833333333333337,0.37499999953124996
6492.png,কয়েকজন পুরুষ ও একজন নারী ও একজন নারী ও একজন নারী ও একজন নারী ও একজন নারী ও একজন নারী ও একজন নারী ও একজন নারী ও একজন নারী ও একজন নারী ও একজন নারী ও একজন নারী ও একজন,0.099999999975,0.6666666655555555,0.17391304113421555,0.17391304113421555,0.09090908885330583,0.1304347802835539,0,0,0.16176470588235292,0.571428570612245
8504.png,একজন পুরুষ আছে।,0.3333333322222222,0.14285714265306124,0.1999999954000001,0.1999999954000001,0.0,0.1999999954000001,0,0,0.36363636363636365,0.1111111109876543
217838128_1f0a84ddc1.jpg,একটি নৌকায় একজন মানুষ আছে।,0.3999999992,0.24999999968749997,0.3076923024852071,0.3076923024852071,0.0,0.16666666152777793,0,0,0.42307692307692313,0.18181818165289254
3043904009_3b5e0412cd.jpg,একজন লোক একটি <unk> <unk> <unk> <unk> <unk> <unk> <unk> <unk> <unk> <unk> <unk> <unk> <unk> <unk> <unk> <unk> <unk> <unk> <unk> <unk> <unk> <unk> <unk> <unk> <unk> <unk> <unk> <unk> <unk> <unk> <unk> <unk> <unk> <unk> <unk> <unk> <unk>,0.07499999998125,0.24999999979166665,0.11538461178994093,0.11538461178994093,0.04444444211358036,0.08510638040742426,0,0,0.10062893081761004,0.23076923059171597
6809.png,কয়েকজন পুরুষ ও অনেকগুলো পুরুষ আছে।,0.33333333277777777,0.24999999968749997,0.2857142804081633,0.2857142804081633,0.0,0.2857142804081633,0,0,0.4,0.18181818165289254
3259110412_9908c45144.jpg,একজন লোক একটি <unk>,0.49999999875,0.49999999875,0.4999999937500001,0.4999999937500001,0.0,0.36363635834710756,0,0,0.375,0.33333333277777777
2114355355_9d7e2d8178.jpg,একটি সাদা কুকুর একটি বড় বড় বড় বড় বড় বড় বড় বড় বড় বড় বড় বড় বড় বড় বড় বড় বড় বড় বড় বড় বড় বড় বড় বড় বড় বড় বড় বড় বড় বড় বড় বড় বড় বড় বড় বড়,0.07499999998125,0.3333333329629629,0.1224489765431071,0.1224489765431071,0.0,0.1224489765431071,0,0,0.14754098360655743,0.24999999968749997
4763.png,জলাশয়ের পাশে একটি নৌকা দেখা যাচ্ছে।,0.33333333277777777,0.3999999992,0.36363635801652905,0.36363635801652905,0.0,0.36363635801652905,0,0,0.6363636363636364,0.2222222219753086
3315616181_15dd137e27.jpg,একজন লোক তার বোর্ডটিকে <unk>,0.3999999992,0.2222222219753086,0.2857142807142858,0.2857142807142858,0.16666666194444454,0.2857142807142858,0,0,0.36111111111111116,0.16666666652777776
2434.png,একটি কালো রঙের একটি কালো রঙের পাখি আছে।,0.12499999984374999,0.1111111109876543,0.11764705370242234,0.11764705370242234,0.0,0.11764705370242234,0,0,0.2857142857142857,0.07692307686390532
4776.png,একজন পুরুষ বসে আছে।,0.7499999981250001,0.37499999953124996,0.49999999472222234,0.49999999472222234,0.1999999954000001,0.49999999472222234,0,0,0.4285714285714286,0.37499999953124996
245252561_4f20f1c89e.jpg,একটি কুকুর একটি বাদামী কুকুর দৌড়ে যাচ্ছে,0.571428570612245,0.3636363633057851,0.4444444391975309,0.4444444391975309,0.11111110654321005,0.4444444391975309,0,0,0.5357142857142857,0.1999999998
3222041930_f642f49d28.jpg,একজন লোক একটি লাল রঙের শার্ট পরা একজন লোক,0.2222222219753086,0.2222222219753086,0.22222221697530875,0.22222221697530875,0.12499999484375018,0.22222221697530875,0,0,0.39473684210526316,0.14285714275510203
1919.png,একটি শিশু আছে।,0.3333333322222222,0.16666666638888888,0.2222222172839507,0.2222222172839507,0.0,0.2222222172839507,0,0,0.33333333333333337,0.12499999984374999
100577935.jpg,একজন লোক তার মার কাছে ছবি তুলছে,0.4285714279591837,0.49999999916666665,0.4615384558579882,0.4615384558579882,0.36363635801652905,0.4615384558579882,0,0,0.6153846153846154,0.29999999969999996
2532.png,কয়েকজন মানুষ আছে।,0.3333333322222222,0.249999999375,0.28571428000000004,0.28571428000000004,0.0,0.28571428000000004,0,0,0.5,0.16666666638888888
3679502342_7fe6ef8a36.jpg,একজন পুরুষ ও একজন পুরুষ দাড়িয়ে আছে।,0.2857142853061225,0.2857142853061225,0.28571428030612256,0.28571428030612256,0.0,0.28571428030612256,0,0,0.36363636363636365,0.0999999999
2959941749_fa99097463.jpg,একজন গোলরক্ষক খেলোয়াড়দের সামনে একটি গোল হওয়া বাধা উপরে একটি গোল হওয়া বাধা উপরে একটি গোল হওয়া বাধা উপরে একটি গোল হওয়া বাধা উপরে একটি গোল হওয়া বাধা উপরে একটি গোল হওয়া বাধা উপরে একটি গোল হওয়া বাধা উপরে একটি,0.0499999999875,0.16666666652777776,0.07692307334319543,0.07692307334319543,0.0,0.07692307334319543,0,0,0.21052631578947367,0.10526315783933518
396.png,একজন নারী হেঁটে যাচ্ছে।,0.7499999981250001,0.37499999953124996,0.49999999472222234,0.49999999472222234,0.1999999954000001,0.49999999472222234,0,0,0.48275862068965514,0.3333333329629629
3247500085_c4f641aa84.jpg,একজন লোক বাদ্যযন্ত্র বাজাচ্ছে,0.7499999981250001,0.5999999988,0.6666666602469137,0.6666666602469137,0.28571428000000004,0.6666666602469137,0,0,0.65,0.49999999916666665
2059842472_f4fb61ea08.jpg,একটি ছোট ছেলে একটি ছোট ছেলে,0.33333333277777777,0.2222222219753086,0.2666666615111111,0.2666666615111111,0.15384614887573977,0.2666666615111111,0,0,0.303030303030303,0.1999999998
5583.png,একটি শিশু আছে।,0.3333333322222222,0.3333333322222222,0.33333332722222225,0.33333332722222225,0.0,0.33333332722222225,0,0,0.30000000000000004,0.1999999996
1921398767_771743bf4e.jpg,একটি কুকুর সমুদ্রের দিকে ছুটে চলেছে,0.33333333277777777,0.3999999992,0.36363635801652905,0.36363635801652905,0.2222222167901236,0.36363635801652905,0,0,0.5217391304347826,0.2222222219753086
8924.png,সমুদ্রের পারে একজন পুরুষ এবং উপরে একটি ছোট ছেলে,0.3333333329629629,0.37499999953124996,0.3529411710726644,0.3529411710726644,0.13333332817777796,0.3529411710726644,0,0,0.5294117647058824,0.21428571413265304
979.png,৩ জন পুরুষ আছে।,0.49999999875,0.3999999992,0.4444444385185186,0.4444444385185186,0.0,0.4444444385185186,0,0,0.5,0.2857142853061225
3433470650_a8b1c27173.jpg,একজন লোক একটি ইটের ভবনের পাশে দাঁড়িয়ে আছে।,0.37499999953124996,0.24999999979166665,0.2999999949,0.2999999949,0.09523809070294806,0.2999999949,0,0,0.33333333333333337,0.1764705881314879
2988439935_7cea05bc48.jpg,লাল জামা পরা সকার খেলোয়াড় বলকে লাথি মারার জন্য প্রস্তুত,0.3999999996,0.49999999937499995,0.4444444390123457,0.4444444390123457,0.24999999476562512,0.4444444390123457,0,0,0.5263157894736843,0.28571428551020406
2077.png,এটি একটি ব্রীজ দেখা যাচ্ছে।,0.0,0.0,0.0,0.0,0.0,0.0,0,0,0.23529411764705888,0.0
1022454428_b6b660a67b.jpg,একজন পুরুষ একটি শিশু আছে।,0.5999999988,0.29999999969999996,0.39999999502222217,0.39999999502222217,0.15384614934911253,0.39999999502222217,0,0,0.4736842105263158,0.24999999979166665
3462.png,পানিতে একটি বাঘ আছে।,0.49999999875,0.49999999875,0.4999999937500001,0.4999999937500001,0.0,0.4999999937500001,0,0,0.6428571428571428,0.33333333277777777
6811.png,একটি নৌকায় একজন লোক লোহা <unk>,0.33333333277777777,0.2222222219753086,0.2666666615111111,0.2666666615111111,0.0,0.2666666615111111,0,0,0.39473684210526316,0.15384615372781063
2308271254_27fb466eb4.jpg,একটি কুকুর পানিতে সাঁতার কাটছে,0.3999999992,0.33333333277777777,0.36363635801652905,0.36363635801652905,0.0,0.36363635801652905,0,0,0.6842105263157895,0.2222222219753086
5534.png,একটি দোকানে একজন পুরুষ ছাতা নিয়ে বসে আছে।,0.49999999937499995,0.9999999975,0.6666666611111112,0.6666666611111112,0.39999999500000005,0.6666666611111112,0,0,0.5,0.49999999937499995
1631.png,একজন নারী বসে আছে।,0.49999999875,0.3999999992,0.4444444385185186,0.4444444385185186,0.28571428000000004,0.4444444385185186,0,0,0.6,0.2857142853061225
1552.png,কয়েকজন নারী ও একজন নারী ও একজন নারী ও একজন নারী ও একজন নারী ও একজন নারী ও একজন নারী ও একজন নারী ও একজন নারী ও একজন নারী ও একজন নারী ও একজন নারী ও একজন নারী ও একজন,0.0499999999875,0.6666666644444444,0.09302325447268796,0.09302325447268796,0.04878048685306366,0.09302325447268796,0,0,0.2962962962962963,0.3999999992
1027.png,পানিতে কয়েকজন মানুষ আছে।,0.249999999375,0.14285714265306124,0.1818181768595043,0.1818181768595043,0.0,0.1818181768595043,0,0,0.3846153846153846,0.0999999999
2946016853_ceca4f5a07.jpg,একটি কুকুর একটি লাল প্লাস্টিকের খেলনায় খেলছে,0.2857142853061225,0.1999999998,0.23529411252595167,0.23529411252595167,0.13333332835555572,0.23529411252595167,0,0,0.4285714285714286,0.14285714275510203
4868.png,একটি স্কুল দেখা যাচ্ছে।,0.249999999375,0.3333333322222222,0.28571428000000004,0.28571428000000004,0.0,0.28571428000000004,0,0,0.4285714285714286,0.16666666638888888
7227.png,একজন মানুষ আছে।,0.6666666644444444,0.49999999875,0.5714285648979592,0.5714285648979592,0.39999999360000005,0.5714285648979592,0,0,0.6666666666666667,0.3999999992
536.png,একজন ছোট ছেলে একজন পুরুষ আছে।,0.33333333277777777,0.2857142853061225,0.3076923022485208,0.3076923022485208,0.0,0.3076923022485208,0,0,0.41666666666666663,0.1999999998
3266.png,একজন নারী আছে।,0.3333333322222222,0.249999999375,0.28571428000000004,0.28571428000000004,0.0,0.28571428000000004,0,0,0.6,0.16666666638888888
3410.png,একজন নারী আছে।,0.6666666644444444,0.3999999992,0.49999999406250006,0.49999999406250006,0.0,0.49999999406250006,0,0,0.5,0.33333333277777777
3069786374_804e1123ac.jpg,সাদা জামা পরা একজন বাস্কেটবল খেলোয়াড় বল <unk>,0.12499999984374999,0.14285714265306124,0.13333332817777796,0.13333332817777796,0.0,0.13333332817777796,0,0,0.29268292682926833,0.07142857137755101
8801.png,একজন নারী আছে।,0.3333333322222222,0.16666666638888888,0.2222222172839507,0.2222222172839507,0.0,0.2222222172839507,0,0,0.36363636363636365,0.12499999984374999
346641231_599560082134013_8971390440590816718_n.jpg,তার মুখ স্থির,0.6666666644444444,0.15384615372781063,0.24999999664062497,0.24999999664062497,0.0,0.14285713928571436,0,0,0.19999999999999996,0.15384615372781063
