image,pred,precision,recall,f1,r1_f1,r2_f1,rl_f1,exact_match,normalized_exact_match,char_lev_ratio,token_jaccard
636.png,একজন পুরুষ বসে আছে।,0.7499999981250001,0.3333333329629629,0.4615384565680474,0.4615384565680474,0.18181817752066123,0.4615384565680474,0,0,0.36363636363636365,0.3333333329629629
1393.png,কয়েকজন পুরুষ বসে আছে।,0.49999999875,0.16666666652777776,0.2499999959375,0.2499999959375,0.0,0.2499999959375,0,0,0.2857142857142857,0.14285714275510203
8985.png,একটি নৌকা দেখা যাচ্ছে।,0.49999999875,0.6666666644444444,0.5714285648979592,0.5714285648979592,0.39999999360000005,0.5714285648979592,0,0,0.5384615384615384,0.3999999992
8975.png,একজন পুরুষ দাড়িয়ে আছে।,0.0,0.0,0.0,0.0,0.0,0.0,0,0,0.33333333333333337,0.0
5627.png,কয়েকজন মানুষ আছে।,0.6666666644444444,0.49999999875,0.5714285648979592,0.5714285648979592,0.39999999360000005,0.5714285648979592,0,0,0.6875,0.3999999992
IMG_20220921_123453.jpg,একটি ছেলে একটি নৌকা থেকে একটি নৌকা থেকে একটি নৌকা থেকে একটি নৌকা থেকে একটি নৌকা থেকে একটি নৌকা থেকে একটি নৌকা থেকে একটি নৌকা থেকে একটি নৌকা থেকে একটি নৌকা থেকে একটি নৌকা থেকে একটি নৌকা থেকে একটি নৌকা,0.0499999999875,0.1999999998,0.07999999676800014,0.07999999676800014,0.0,0.07999999676800014,0,0,0.1428571428571429,0.18181818165289254
2374652725_32f90fa15c.jpg,একটি কুকুর একটি কুকুর খেলছে,0.7999999984,0.4444444439506172,0.5714285660204083,0.5714285660204083,0.15384614934911253,0.5714285660204083,0,0,0.48571428571428577,0.24999999968749997
1613.png,কয়েকজন পুরুষ বসে আছে।,0.49999999875,0.49999999875,0.4999999937500001,0.4999999937500001,0.33333332722222225,0.4999999937500001,0,0,0.6,0.33333333277777777
7353.png,একজন পুরুষ দাড়িয়ে আছে।,0.49999999875,0.2857142853061225,0.36363635834710756,0.36363635834710756,0.0,0.36363635834710756,0,0,0.4,0.2222222219753086
1134.png,একজন পুরুষ বসে আছে।,0.49999999875,0.49999999875,0.4999999937500001,0.4999999937500001,0.33333332722222225,0.4999999937500001,0,0,0.6428571428571428,0.33333333277777777
3125309108_1011486589.jpg,একদল লোক বল নিয়ে খেলছে,0.3999999992,0.2222222219753086,0.2857142807142858,0.2857142807142858,0.0,0.2857142807142858,0,0,0.3783783783783784,0.16666666652777776
2371749487_d80195a2e7.jpg,একটি শিশু একটি <unk>,0.7499999981250001,0.2727272724793388,0.3999999955555556,0.3999999955555556,0.15384615005917168,0.3999999955555556,0,0,0.33333333333333337,0.1999999998
634.png,একজন পুরুষ মাথায় <unk> <unk> <unk> <unk> <unk> <unk> <unk> <unk> <unk> <unk> <unk> <unk> <unk> <unk> <unk> <unk> <unk> <unk> <unk> <unk> <unk> <unk> <unk> <unk> <unk> <unk> <unk> <unk> <unk> <unk> <unk> <unk> <unk> <unk> <unk> <unk> <unk>,0.0499999999875,0.2857142853061225,0.08510638040742426,0.08510638040742426,0.0,0.08510638040742426,0,0,0.0625,0.2222222219753086
3180.png,একজন পুরুষ ও একজন পুরুষ ও একজন পুরুষ ও একজন পুরুষ ও একজন পুরুষ ও একজন পুরুষ ও একজন পুরুষ ও একজন পুরুষ ও একজন পুরুষ ও একজন পুরুষ ও একজন পুরুষ ও একজন পুরুষ ও একজন পুরুষ ও একজন,0.0499999999875,0.33333333277777777,0.08695651943289232,0.08695651943289232,0.0,0.08695651943289232,0,0,0.2857142857142857,0.2857142853061225
5999.png,একটি মুরগি ও একটি মুরগি আছে।,0.16666666638888888,0.3333333322222222,0.2222222172839507,0.2222222172839507,0.0,0.2222222172839507,0,0,0.4,0.16666666638888888
502671104_b2114246c7.jpg,একটি শিশু একটি পুকুরে লাফ দিচ্ছে,0.33333333277777777,0.18181818165289254,0.2352941128027682,0.2352941128027682,0.0,0.2352941128027682,0,0,0.29729729729729726,0.07692307686390532
6214.png,একজন লোক একটি <unk>,0.7499999981250001,0.1874999998828125,0.29999999650000003,0.29999999650000003,0.1111111082098766,0.2499999943750001,0,0,0.4666666666666667,0.19999999986666667
2877088081_7ca408cb25.jpg,এক ব্যক্তি একটি স্কেটবোর্ডে চড়ে শূন্যে লাফ দিচ্ছে,0.24999999968749997,0.2222222219753086,0.23529411238754333,0.23529411238754333,0.13333332817777796,0.23529411238754333,0,0,0.4864864864864865,0.13333333324444444
3352791995_8db4979aca.jpg,একটি ছোট ছেলে একটি <unk>,0.3999999992,0.24999999968749997,0.3076923024852071,0.3076923024852071,0.0,0.3076923024852071,0,0,0.34615384615384615,0.1999999998
3336759846_5220e27deb.jpg,একজন মহিলা এবং একজন মহিলা এবং তার <unk> <unk>,0.3333333329629629,0.29999999969999996,0.31578946836565097,0.31578946836565097,0.11764705370242234,0.31578946836565097,0,0,0.4722222222222222,0.16666666652777776
514222285_aa0c8d05b7.jpg,একজন স্কাইয়ার বরফের পাহাড় বেয়ে নামছে,0.0,0.0,0.0,0.0,0.0,0.0,0,0,0.3414634146341463,0.0
8281.png,একটি শিশু একটি শিশু পানিতে সাঁতার কাটছে,0.4285714279591837,0.7499999981250001,0.5454545398347109,0.5454545398347109,0.2222222172839507,0.36363635834710756,0,0,0.4242424242424242,0.49999999916666665
690.png,একজন নারী বসে আছে।,0.9999999975,0.571428570612245,0.7272727213223142,0.7272727213223142,0.44444443901234576,0.7272727213223142,0,0,0.5416666666666667,0.571428570612245
IMG_20220915_163434.jpg,একটি শিশু একটি <unk> <unk> <unk> <unk> <unk> <unk>,0.0,0.0,0.0,0.0,0.0,0.0,0,0,0.23076923076923073,0.0
1170586898.jpg,একটি শিশু একটি শিশু একটি শিশু একটি শিশু একটি শিশু একটি শিশু একটি শিশু একটি শিশু একটি শিশু একটি শিশু একটি শিশু একটি শিশু একটি শিশু একটি শিশু একটি শিশু একটি শিশু একটি শিশু একটি শিশু একটি শিশু একটি শিশু,0.0499999999875,0.124999999921875,0.07142856732142881,0.07142856732142881,0.0,0.07142856732142881,0,0,0.2158273381294964,0.07142857137755101
4802.png,একজন পুরুষ আছে।,0.3333333322222222,0.3333333322222222,0.33333332722222225,0.33333332722222225,0.0,0.33333332722222225,0,0,0.4545454545454546,0.1999999996
7408.png,একজন পুরুষ বসে আছে।,0.49999999875,0.3999999992,0.4444444385185186,0.4444444385185186,0.0,0.4444444385185186,0,0,0.3529411764705882,0.2857142853061225
2555.png,একজন বয়স্ক পুরুষ বসে আছে।,0.7999999984,0.3636363633057851,0.499999995078125,0.499999995078125,0.14285713857142868,0.499999995078125,0,0,0.3902439024390244,0.3333333330555555
5898.png,একজন পুরুষ একটি দোকানের সামনে দাঁড়িয়ে আছে,0.2857142853061225,0.24999999968749997,0.2666666613333334,0.2666666613333334,0.15384614863905344,0.2666666613333334,0,0,0.5666666666666667,0.15384615372781063
_MG_1672.JPG,একজন পুরুষ দাড়িয়ে আছে,0.249999999375,0.14285714265306124,0.1818181768595043,0.1818181768595043,0.0,0.1818181768595043,0,0,0.4,0.0999999999
IMG_0606.JPG,একজন পুরুষ দাড়িয়ে আছে।,0.0,0.0,0.0,0.0,0.0,0.0,0,0,0.6,0.0
3442.png,একজন মানুষ আছে।,0.3333333322222222,0.0999999999,0.15384615005917168,0.15384615005917168,0.0,0.15384615005917168,0,0,0.25,0.0999999999
8585.png,একজন পুরুষ একটি শিশু আছে।,0.1999999996,0.249999999375,0.2222222167901236,0.2222222167901236,0.0,0.2222222167901236,0,0,0.3076923076923077,0.12499999984374999
5454.png,কয়েকজন পুরুষ বসে আছে।,0.249999999375,0.249999999375,0.2499999943750001,0.2499999943750001,0.0,0.2499999943750001,0,0,0.31034482758620685,0.14285714265306124
2663794355_e726ec7e05.jpg,একটি শিশু একটি নৌকা থেকে <unk>,0.16666666638888888,0.16666666638888888,0.16666666138888903,0.16666666138888903,0.0,0.16666666138888903,0,0,0.5,0.0999999999
1357.png,একজন পুরুষ বসে আছে।,0.49999999875,0.13333333324444444,0.21052631224376733,0.21052631224376733,0.0,0.21052631224376733,0,0,0.18867924528301883,0.14285714275510203
2563578471_9a4e4c2ecc.jpg,একটি শিশু একটি ছোট ছেলে বসে আছে,0.7142857132653061,0.7142857132653061,0.7142857082653062,0.7142857082653062,0.4999999941666667,0.7142857082653062,0,0,0.5217391304347826,0.6249999992187499
peakpx.jpg,একজন নারী আছে।,0.3333333322222222,0.16666666638888888,0.2222222172839507,0.2222222172839507,0.0,0.2222222172839507,0,0,0.33333333333333337,0.12499999984374999
566794440_f9ec673a2f.jpg,একজন বেসবল খেলোয়াড় বলে লাথি মারছে,0.16666666638888888,0.3333333322222222,0.2222222172839507,0.2222222172839507,0.0,0.2222222172839507,0,0,0.45833333333333337,0.12499999984374999
9100.png,একটি শিশু আছে।,0.9999999966666667,0.5999999988,0.7499999934375,0.7499999934375,0.6666666600000001,0.7499999934375,0,0,0.5625,0.5999999988
2490863987_715383944a.jpg,একজন পুরুষ এবং একজন পুরুষ এবং একজন পুরুষ এবং একজন পুরুষ এবং একজন পুরুষ এবং একজন পুরুষ এবং একজন পুরুষ এবং একজন পুরুষ এবং একজন পুরুষ এবং একজন পুরুষ এবং একজন পুরুষ এবং একজন পুরুষ এবং একজন পুরুষ এবং একজন,0.02499999999375,0.1111111109876543,0.04081632351520222,0.04081632351520222,0.0,0.04081632351520222,0,0,0.25,0.09090909082644627
pexels-niaz-sumon-103839943-10126101.jpg,একটি শিশু বসে আছে,0.0,0.0,0.0,0.0,0.0,0.0,0,0,0.25,0.0
8425.png,একজন পুরুষ বসে আছে।,0.49999999875,0.6666666644444444,0.5714285648979592,0.5714285648979592,0.0,0.5714285648979592,0,0,0.6428571428571428,0.3999999992
7489.png,একটি কুকুর একটি <unk>,0.249999999375,0.16666666638888888,0.1999999948000001,0.1999999948000001,0.0,0.1999999948000001,0,0,0.34782608695652173,0.12499999984374999
2271671533_7538ccd556.jpg,পাহাড়ের চূড়ায় একজন লোক পাহাড়ের চূড়ায় দাঁড়িয়ে আছে,0.37499999953124996,0.37499999953124996,0.37499999453125,0.37499999453125,0.15384614863905344,0.37499999453125,0,0,0.4375,0.23076923059171597
314685044_da4390728e.jpg,একজন লোক একটি দোকানের সামনে দাঁড়িয়ে আছে,0.4285714279591837,0.3333333329629629,0.374999994609375,0.374999994609375,0.0,0.374999994609375,0,0,0.5757575757575757,0.23076923059171597
5334.png,একটি নৌকায় কয়েকজন মানুষ আছে।,0.3999999992,0.3999999992,0.39999999420000004,0.39999999420000004,0.2499999943750001,0.39999999420000004,0,0,0.34375,0.24999999968749997
3435233065_3411f2d29d.jpg,একটি শিশু একটি গাছের নিচে লাফ দিচ্ছে,0.571428570612245,0.6666666655555555,0.6153846094674558,0.6153846094674558,0.1818181765289258,0.6153846094674558,0,0,0.625,0.49999999937499995
6424.png,একজন পুরুষ দাড়িয়ে আছে।,0.0,0.0,0.0,0.0,0.0,0.0,0,0,0.375,0.0
1355703632_5683a4b6fb.jpg,একটি বেসবল খেলছে,0.3333333322222222,0.249999999375,0.28571428000000004,0.28571428000000004,0.0,0.28571428000000004,0,0,0.5625,0.16666666638888888
6949.png,একটি গাছের নিচে একটি গাছের নিচে একটি গাছের নিচে বসে আছে।,0.18181818165289254,0.49999999875,0.26666666240000003,0.26666666240000003,0.15384615005917168,0.26666666240000003,0,0,0.39473684210526316,0.2857142853061225
2403.png,একটি নৌকায় একজন পুরুষ বসে আছে।,0.16666666638888888,0.1111111109876543,0.13333332835555572,0.13333332835555572,0.0,0.13333332835555572,0,0,0.23529411764705888,0.07142857137755101
2512682478_b67cc525c7.jpg,একটি শিশু দোলনায় একটি লাল বল নিয়ে খেলছে,0.24999999968749997,0.33333333277777777,0.2857142804081633,0.2857142804081633,0.0,0.2857142804081633,0,0,0.5714285714285714,0.18181818165289254
2084.png,একজন পুরুষ বসে আছে।,0.7499999981250001,0.37499999953124996,0.49999999472222234,0.49999999472222234,0.1999999954000001,0.49999999472222234,0,0,0.3939393939393939,0.3333333329629629
401476986_73918145a3.jpg,একটি কুকুর একটি কুকুর দৌড়াচ্ছে,0.7999999984,0.30769230745562126,0.4444444399382716,0.4444444399382716,0.2222222167901236,0.36363635801652905,0,0,0.6086956521739131,0.2857142853061225
3778.png,একজন পুরুষ ও একজন পুরুষ ও একজন পুরুষ ও একজন পুরুষ ও একজন পুরুষ ও একজন পুরুষ ও একজন পুরুষ ও একজন পুরুষ ও একজন পুরুষ ও একজন পুরুষ ও একজন পুরুষ ও একজন পুরুষ ও একজন পুরুষ ও একজন,0.0,0.0,0.0,0.0,0.0,0.0,0,0,0.108843537414966,0.0
7201.png,একটি শিশু একটি নৌকা থেকে দূরে কিছু মানুষ আছে।,0.1111111109876543,0.249999999375,0.15384614934911253,0.15384614934911253,0.0,0.15384614934911253,0,0,0.24137931034482762,0.09090909082644627
4897.png,একটি শিশু আছে।,0.3333333322222222,0.1999999996,0.24999999468750006,0.24999999468750006,0.0,0.24999999468750006,0,0,0.26315789473684215,0.14285714265306124
3016178284_ec50a09e8c.jpg,একজন সাইকেল চালাচ্ছে,0.6666666644444444,0.2857142853061225,0.39999999500000005,0.39999999500000005,0.24999999562500003,0.39999999500000005,0,0,0.4242424242424242,0.2857142853061225
3518.png,একটি শিশু একটি শিশু আছে।,0.1999999996,0.1999999996,0.19999999460000012,0.19999999460000012,0.0,0.19999999460000012,0,0,0.47058823529411764,0.14285714265306124
2856252334_1b1a230e70.jpg,একজন পুরুষ দাড়িয়ে আছে।,0.0,0.0,0.0,0.0,0.0,0.0,0,0,0.43999999999999995,0.0
3330654550_3efe9a71af.jpg,একজন সাইকেল চালাচ্ছে,0.6666666644444444,0.33333333277777777,0.44444443901234576,0.44444443901234576,0.28571428081632655,0.44444443901234576,0,0,0.42307692307692313,0.2857142853061225
1466479163_439db855af.jpg,একটি কুকুর একটি ফ্রিসবি ধরার জন্য একটি ফ্রিসবি ধরার জন্য একটি ফ্রিসবি ধরার জন্য একটি ফ্রিসবি ধরার জন্য একটি ফ্রিসবি ধরার জন্য একটি ফ্রিসবি ধরার জন্য একটি ফ্রিসবি ধরার জন্য একটি ফ্রিসবি ধরার জন্য একটি ফ্রিসবি ধরার জন্য একটি ফ্রিসবি,0.0499999999875,0.33333333277777777,0.08695651943289232,0.08695651943289232,0.045454543419421574,0.08695651943289232,0,0,0.12426035502958577,0.2222222219753086
3436.png,কয়েকজন পুরুষ বসে আছে।,0.49999999875,0.24999999968749997,0.33333332833333335,0.33333332833333335,0.0,0.33333332833333335,0,0,0.33333333333333337,0.1999999998
3441145615_b4fcd9eea0.jpg,একদল লোক একটি <unk>,0.49999999875,0.33333333277777777,0.3999999944,0.3999999944,0.0,0.3076923029585799,0,0,0.2592592592592593,0.24999999968749997
1171.png,একজন পুরুষ বসে আছে।,0.49999999875,0.13333333324444444,0.21052631224376733,0.21052631224376733,0.0,0.21052631224376733,0,0,0.36363636363636365,0.11764705875432525
2895700779_fac1d9d278.jpg,একজন মহিলা তার <unk> <unk> <unk> <unk> <unk> <unk> <unk> <unk> <unk> <unk> <unk> <unk> <unk> <unk> <unk> <unk> <unk> <unk> <unk> <unk> <unk> <unk> <unk> <unk> <unk> <unk> <unk> <unk> <unk> <unk> <unk> <unk> <unk> <unk> <unk> <unk> <unk>,0.0499999999875,0.15384615372781063,0.07547169438234266,0.07547169438234266,0.0,0.03773584533997901,0,0,0.10691823899371067,0.14285714275510203
2747714500_49476225c6.jpg,একটি শিশু একটি শিশু আছে।,0.1999999996,0.14285714265306124,0.16666666152777793,0.16666666152777793,0.0,0.16666666152777793,0,0,0.36,0.1111111109876543
7969.png,একজন পুরুষ আছে।,0.3333333322222222,0.3333333322222222,0.33333332722222225,0.33333332722222225,0.0,0.33333332722222225,0,0,0.5454545454545454,0.1999999996
2257099774_37d0d3aa9a.jpg,একজন পুরুষ একটি লোক একটি দোকানের সামনে একটি লোক একটি দোকানের সামনে একটি লোক একটি দোকানের সামনে একটি লোক একটি দোকানের সামনে একটি লোক একটি দোকানের সামনে একটি লোক একটি দোকানের সামনে একটি লোক একটি দোকানের সামনে একটি লোক একটি,0.099999999975,0.3999999996,0.15999999673600007,0.15999999673600007,0.04166666360243077,0.15999999673600007,0,0,0.19496855345911945,0.3333333330555555
_MG_3151.JPG,একজন মহিলা টি,0.0,0.0,0.0,0.0,0.0,0.0,0,0,0.2857142857142857,0.0
1263126002_881ebd7ac9.jpg,একটি শিশু একটি খেলনা নিয়ে বসে আছে,0.4285714279591837,0.4285714279591837,0.42857142295918377,0.42857142295918377,0.16666666138888903,0.28571428030612256,0,0,0.34782608695652173,0.1999999998
5862.png,একটি লোক একটি <unk>,0.49999999875,0.1999999998,0.28571428122448983,0.28571428122448983,0.0,0.28571428122448983,0,0,0.2564102564102564,0.09090909082644627
3208074567_ac44aeb3f3.jpg,একটি শিশু পানিতে লাফ দিচ্ছে।,0.1999999996,0.16666666638888888,0.1818181765289258,0.1818181765289258,0.0,0.1818181765289258,0,0,0.31818181818181823,0.0999999999
2974.png,একজন পুরুষ বসে আছে।,0.49999999875,0.13333333324444444,0.21052631224376733,0.21052631224376733,0.0,0.10526315445983389,0,0,0.2727272727272727,0.11764705875432525
247097023_e656d5854d.jpg,একজন পুরুষ এবং একজন পুরুষ বসে আছে।,0.14285714265306124,0.07142857137755101,0.09523809070294806,0.09523809070294806,0.0,0.09523809070294806,0,0,0.39473684210526316,0.05555555552469135
3751594676_edfbfa0688.jpg,একটি শিশু একটি খেলনা নিয়ে খেলছে,0.33333333277777777,0.49999999875,0.3999999944,0.3999999944,0.09999999615000013,0.3999999944,0,0,0.5238095238095238,0.2857142853061225
1375.png,একটি গরু নিয়ে বসে আছে,0.0,0.0,0.0,0.0,0.0,0.0,0,0,0.30434782608695654,0.0
2648165716_02e2e74fd6.jpg,একটি শিশু একটি <unk> <unk> <unk> <unk> <unk> <unk> <unk> <unk> <unk> <unk> <unk> <unk> <unk> <unk> <unk> <unk> <unk> <unk> <unk> <unk> <unk> <unk> <unk> <unk> <unk> <unk> <unk> <unk> <unk> <unk> <unk> <unk> <unk> <unk> <unk> <unk> <unk>,0.099999999975,0.26666666648888887,0.14545454143471084,0.14545454143471084,0.04444444211358036,0.10909090508429765,0,0,0.14556962025316456,0.24999999968749997
3484.png,একজন পুরুষ দাড়িয়ে আছে,0.7499999981250001,0.3333333329629629,0.4615384565680474,0.4615384565680474,0.36363635900826446,0.4615384565680474,0,0,0.41666666666666663,0.3333333329629629
3585123310_9a8e94bd2b.jpg,একটি কুকুর একটি কুকুর বসে আছে,0.49999999916666665,0.29999999969999996,0.37499999484375,0.37499999484375,0.14285713806122466,0.37499999484375,0,0,0.4358974358974359,0.2727272724793388
2869.png,একজন পুরুষ দাড়িয়ে আছে।,0.249999999375,0.3333333322222222,0.28571428000000004,0.28571428000000004,0.0,0.28571428000000004,0,0,0.33333333333333337,0.16666666638888888
2148695079_9ae6a9b1c7.jpg,একটি কুকুর একটি কুকুর খেলছে,0.3999999992,0.2857142853061225,0.33333332791666676,0.33333332791666676,0.1999999948000001,0.33333332791666676,0,0,0.4814814814814815,0.24999999968749997
1663454406_5e2cf8c5bb.jpg,একজন পুরুষ ও একজন পুরুষ ও একজন পুরুষ ও একজন পুরুষ ও একজন পুরুষ ও একজন পুরুষ ও একজন পুরুষ ও একজন পুরুষ ও একজন পুরুষ ও একজন পুরুষ ও একজন পুরুষ ও একজন পুরুষ ও একজন পুরুষ ও একজন,0.0499999999875,0.124999999921875,0.07142856732142881,0.07142856732142881,0.0,0.07142856732142881,0,0,0.22448979591836737,0.12499999984374999
3511890331_6163612bb9.jpg,একটি কুকুর একটি কুকুর দৌড়াচ্ছে,0.3999999992,0.15384615372781063,0.22222221796296296,0.22222221796296296,0.0,0.22222221796296296,0,0,0.37142857142857144,0.0999999999
244368383_e90b6b2f20.jpg,একদল লোক একসাথে বসে আছে।,0.1999999996,0.249999999375,0.2222222167901236,0.2222222167901236,0.0,0.2222222167901236,0,0,0.38888888888888884,0.12499999984374999
252802010_3d47bee500.jpg,একটি কুকুর একটি ফ্রিসবি নিয়ে দৌড়াচ্ছে,0.16666666638888888,0.3333333322222222,0.2222222172839507,0.2222222172839507,0.0,0.2222222172839507,0,0,0.41666666666666663,0.14285714265306124
2839807428_efe42423f2.jpg,একজন পুরুষ একটি <unk>,0.249999999375,0.14285714265306124,0.1818181768595043,0.1818181768595043,0.0,0.1818181768595043,0,0,0.2692307692307693,0.1111111109876543
3304556387_203b9d4db0.jpg,একটি কুকুর একটি কুকুর খেলছে,0.3999999992,0.13333333324444444,0.19999999605000005,0.19999999605000005,0.0,0.19999999605000005,0,0,0.5172413793103448,0.14285714265306124
7887.png,একটি নৌকায় কয়েকজন মানুষ আছে।,0.3999999992,0.3999999992,0.39999999420000004,0.39999999420000004,0.0,0.19999999460000012,0,0,0.45833333333333337,0.24999999968749997
5950.png,একজন লোক একটি <unk>,0.49999999875,0.124999999921875,0.1999999966,0.1999999966,0.0,0.15384614934911253,0,0,0.21212121212121215,0.11764705875432525
8992.png,একজন লোক <unk>,0.6666666644444444,0.15384615372781063,0.24999999664062497,0.24999999664062497,0.14285714020408163,0.24999999664062497,0,0,0.20512820512820518,0.14285714275510203
8225.png,একজন পুরুষ বসে আছে।,0.49999999875,0.18181818165289254,0.26666666240000003,0.26666666240000003,0.15384615005917168,0.26666666240000003,0,0,0.4285714285714286,0.15384615372781063
364213568_7f83e7d144.jpg,একটি কুকুর একটি কুকুর খেলছে,0.5999999988,0.3333333329629629,0.42857142336734694,0.42857142336734694,0.1999999966,0.42857142336734694,0,0,0.44999999999999996,0.2222222219753086
278608022_4175813019.jpg,একটি ফুটবল খেলছে,0.6666666644444444,0.49999999875,0.5714285648979592,0.5714285648979592,0.39999999360000005,0.5714285648979592,0,0,0.7857142857142857,0.3999999992
3702436188_2c26192fd0.jpg,এক স্কেটবোর্ডার একটি স্কেটবোর্ডে চড়ে কসরত দেখাচ্ছেন,0.14285714265306124,0.3333333322222222,0.1999999954000001,0.1999999954000001,0.0,0.1999999954000001,0,0,0.3513513513513513,0.1111111109876543
3320356356_1497e53f80.jpg,একজন লোক পাহাড়ের চূড়ায় দাড়িয়ে আছে,0.33333333277777777,0.3999999992,0.36363635801652905,0.36363635801652905,0.2222222167901236,0.36363635801652905,0,0,0.6086956521739131,0.2222222219753086
3124549928_10904a5a83.jpg,একটি শিশু একটি বরফের মধ্যে একটি লাল রঙের জামা পরে একটি লাল রঙের জামা পরে একটি লাল রঙের জামা পরে একটি লাল রঙের জামা পরে একটি লাল রঙের জামা পরে একটি লাল রঙের জামা পরে একটি লাল রঙের জামা পরে,0.07499999998125,0.37499999953124996,0.12499999717013895,0.12499999717013895,0.08695651912098307,0.12499999717013895,0,0,0.2028985507246377,0.15384615372781063
2445442929_8c81d42460.jpg,একজন পুরুষ বসে আছে।,0.49999999875,0.2222222219753086,0.3076923029585799,0.3076923029585799,0.0,0.3076923029585799,0,0,0.36363636363636365,0.18181818165289254
7813.png,একজন পুরুষ দাড়িয়ে আছে,0.49999999875,0.3999999992,0.4444444385185186,0.4444444385185186,0.0,0.4444444385185186,0,0,0.65,0.2857142853061225
694496803_f2a05869cf.jpg,একটি মেয়ে একটি <unk> <unk> <unk> <unk> <unk> <unk> <unk> <unk> <unk> <unk> <unk> <unk> <unk> <unk> <unk> <unk> <unk> <unk> <unk> <unk> <unk> <unk> <unk> <unk> <unk> <unk> <unk> <unk> <unk> <unk> <unk> <unk> <unk> <unk> <unk> <unk> <unk>,0.0499999999875,0.1999999998,0.07999999676800014,0.07999999676800014,0.0,0.07999999676800014,0,0,0.08860759493670889,0.09090909082644627
6723.png,কয়েকজন পুরুষ একসাথে বসে আছে।,0.5999999988,0.49999999916666665,0.5454545395041324,0.5454545395041324,0.2222222167901236,0.5454545395041324,0,0,0.40909090909090906,0.37499999953124996
2359.png,একটি শিশু একটি গাছের নিচে বসে আছে,0.2857142853061225,0.33333333277777777,0.3076923022485208,0.3076923022485208,0.1818181765289258,0.3076923022485208,0,0,0.5652173913043479,0.1999999998
2608.png,একজন পুরুষ বসে আছে।,0.7499999981250001,0.4285714279591837,0.5454545398347109,0.5454545398347109,0.2222222172839507,0.5454545398347109,0,0,0.5,0.37499999953124996
4564.png,কয়েকজন পুরুষ দাড়িয়ে আছে।,0.9999999975,0.49999999937499995,0.6666666611111112,0.6666666611111112,0.39999999500000005,0.6666666611111112,0,0,0.5161290322580645,0.49999999937499995
3616638478_641d02183d.jpg,এক মহিলা একটি <unk> <unk>,0.3999999992,0.18181818165289254,0.249999995390625,0.249999995390625,0.14285713857142868,0.249999995390625,0,0,0.34615384615384615,0.16666666652777776
3477672764_7f07657a26.jpg,একটি ফুটবল খেলোয়াড় বল নিয়ে খেলছে,0.33333333277777777,0.18181818165289254,0.2352941128027682,0.2352941128027682,0.12499999554687513,0.22222221753086427,0,0,0.5294117647058824,0.13333333324444444
3139895886_5a6d495b13.jpg,একটি কালো কুকুর একটি কুকুর দৌড়াচ্ছে,0.49999999916666665,0.29999999969999996,0.37499999484375,0.37499999484375,0.19999999460000012,0.37499999484375,0,0,0.5652173913043479,0.2727272724793388
3206058778_7053ee6b52.jpg,একজন নারী একটি শিশু বসে আছে,0.49999999916666665,0.2727272724793388,0.3529411714878893,0.3529411714878893,0.0,0.3529411714878893,0,0,0.36111111111111116,0.24999999979166665
844.png,একজন পুরুষ দাড়িয়ে আছে।,0.7499999981250001,0.37499999953124996,0.49999999472222234,0.49999999472222234,0.1999999954000001,0.49999999472222234,0,0,0.4642857142857143,0.37499999953124996
343942396_206148098835090_237545729238315663_n.jpg,একজন পুরুষ বসে আছে।,0.0,0.0,0.0,0.0,0.0,0.0,0,0,0.20408163265306123,0.0
4745.png,একটি নৌকায় একজন মানুষ আছে।,0.1999999996,0.3333333322222222,0.24999999468750006,0.24999999468750006,0.0,0.24999999468750006,0,0,0.3157894736842105,0.14285714265306124
3189307452_aebc12380b.jpg,একটি কুকুর বরফের মধ্যে দিয়ে চলছে,0.6666666655555555,0.6666666655555555,0.6666666605555556,0.6666666605555556,0.5999999938,0.6666666605555556,0,0,0.8260869565217391,0.49999999937499995
526955751_f519d62b58.jpg,একটি শিশু একটি ঢেউ এর উপর দিয়ে চলছে,0.37499999953124996,0.24999999979166665,0.2999999949,0.2999999949,0.0,0.1999999950000001,0,0,0.3846153846153846,0.124999999921875
5537.png,একটি মেয়ে দাড়িয়ে আছে,0.249999999375,0.0999999999,0.14285713857142868,0.14285713857142868,0.0,0.14285713857142868,0,0,0.3076923076923077,0.07692307686390532
5251.png,একজন পুরুষ দাড়িয়ে আছে,0.49999999875,0.33333333277777777,0.3999999944,0.3999999944,0.0,0.3999999944,0,0,0.4545454545454546,0.24999999968749997
7535.png,একজন পুরুষ আছে।,0.3333333322222222,0.249999999375,0.28571428000000004,0.28571428000000004,0.0,0.28571428000000004,0,0,0.46153846153846156,0.16666666638888888
3625519177_4c2bb9e7f0.jpg,একজন স্কেটবোর্ডার একটি <unk>,0.49999999875,0.33333333277777777,0.3999999944,0.3999999944,0.24999999468750006,0.3999999944,0,0,0.4347826086956522,0.24999999968749997
818340833_7b963c0ee3.jpg,একটি কুকুর একটি ফ্রিসবি নিয়ে আছে।,0.49999999916666665,0.2727272724793388,0.3529411714878893,0.3529411714878893,0.13333332871111125,0.3529411714878893,0,0,0.45945945945945943,0.16666666652777776
3000.png,একজন পুরুষ দাড়িয়ে আছে।,0.7499999981250001,0.49999999916666665,0.5999999940000001,0.5999999940000001,0.24999999468750006,0.5999999940000001,0,0,0.52,0.4285714279591837
3452.png,একজন পুরুষ বসে আছে।,0.49999999875,0.33333333277777777,0.3999999944,0.3999999944,0.0,0.3999999944,0,0,0.4545454545454546,0.24999999968749997
5243.png,একজন পুরুষ বসে আছে।,0.249999999375,0.3333333322222222,0.28571428000000004,0.28571428000000004,0.0,0.28571428000000004,0,0,0.3571428571428571,0.16666666638888888
8523.png,একটি নৌকায় একজন পুরুষ বসে আছে।,0.33333333277777777,0.3999999992,0.36363635801652905,0.36363635801652905,0.0,0.1818181765289258,0,0,0.36363636363636365,0.2222222219753086
3074617663_2f2634081d.jpg,একটি কুকুর একটি কুকুর খেলছে,0.3999999992,0.3999999992,0.39999999420000004,0.39999999420000004,0.2499999943750001,0.39999999420000004,0,0,0.5714285714285714,0.33333333277777777
2809793070_1a3387cd6e.jpg,একটি কালো কুকুর একটি কুকুর খেলছে,0.49999999916666665,0.5999999988,0.5454545395041324,0.5454545395041324,0.24999999468750006,0.5454545395041324,0,0,0.6363636363636364,0.49999999916666665
50030244_02cd4de372.jpg,একটি কুকুর একটি ফ্রিসবি নিয়ে খেলছে,0.16666666638888888,0.12499999984374999,0.1428571377551022,0.1428571377551022,0.0,0.1428571377551022,0,0,0.3913043478260869,0.08333333326388888
3392293702_ccb0599857.jpg,বরফের মধ্যে একটি কুকুর বরফের মধ্যে খেলছে,0.4285714279591837,0.4285714279591837,0.42857142295918377,0.42857142295918377,0.3076923022485208,0.42857142295918377,0,0,0.5161290322580645,0.3333333329629629
8899.png,একজন পুরুষ বসে আছে,0.249999999375,0.14285714265306124,0.1818181768595043,0.1818181768595043,0.0,0.1818181768595043,0,0,0.4347826086956522,0.0999999999
1015584366_dfcec3c85a.jpg,একটি কুকুর একটি কুকুর,0.7499999981250001,0.2727272724793388,0.3999999955555556,0.3999999955555556,0.15384615005917168,0.3999999955555556,0,0,0.36111111111111116,0.1999999998
6114.png,একটি নৌকায় দুইজন মানুষ আছে।,0.3999999992,0.24999999968749997,0.3076923024852071,0.3076923024852071,0.0,0.2222222167901236,0,0,0.3157894736842105,0.18181818165289254
5012.png,একজন পুরুষ দাড়িয়ে আছে,0.249999999375,0.249999999375,0.2499999943750001,0.2499999943750001,0.0,0.2499999943750001,0,0,0.6666666666666667,0.14285714265306124
7307.png,একজন পুরুষ মাথায় ছাতা নিয়ে আছে।,0.33333333277777777,0.6666666644444444,0.44444443901234576,0.44444443901234576,0.0,0.44444443901234576,0,0,0.4285714285714286,0.2857142853061225
2752926645_801a198ff6.jpg,একটা লোক দাঁড়িয়ে আছে,0.49999999875,0.24999999968749997,0.33333332833333335,0.33333332833333335,0.0,0.3076923029585799,0,0,0.32352941176470584,0.1999999998
2363100645_c3423a0433.jpg,একটি মেয়ে তার <unk>,0.49999999875,0.2857142853061225,0.36363635834710756,0.36363635834710756,0.0,0.36363635834710756,0,0,0.4375,0.2222222219753086
390992388_d74daee638.jpg,একজন স্কাইয়ার পাহাড়ের চূড়ায় দাঁড়িয়ে আছে,0.33333333277777777,0.2857142853061225,0.3076923022485208,0.3076923022485208,0.0,0.3076923022485208,0,0,0.46153846153846156,0.18181818165289254
542179694_e170e9e465.jpg,একটি গাড়ির পাশে একটি কুকুর একটি <unk>,0.571428570612245,0.26666666648888887,0.36363635896694213,0.36363635896694213,0.13333332835555572,0.36363635896694213,0,0,0.3846153846153846,0.1999999998
2908.png,কয়েকজন পুরুষ দাড়িয়ে আছে।,0.7499999981250001,0.3333333329629629,0.4615384565680474,0.4615384565680474,0.36363635900826446,0.4615384565680474,0,0,0.3846153846153846,0.3333333329629629
3064716525_b8418d4946.jpg,একটি কুকুর একটি কুকুর লাফ দিচ্ছে,0.6666666655555555,0.571428570612245,0.6153846094674558,0.6153846094674558,0.5454545395041324,0.6153846094674558,0,0,0.6799999999999999,0.571428570612245
7146.png,একটি শিশু আছে।,0.3333333322222222,0.3333333322222222,0.33333332722222225,0.33333332722222225,0.0,0.33333332722222225,0,0,0.5454545454545454,0.1999999996
3715559023_70c41b31c7.jpg,একটি শিশু পানিতে লাফ দিচ্ছে,0.1999999996,0.1111111109876543,0.14285713806122466,0.14285713806122466,0.0,0.14285713806122466,0,0,0.2857142857142857,0.07692307686390532
3214573346_d3a57f0328.jpg,একটি কুকুর একটি কুকুর একটি কুকুর খেলছে,0.4285714279591837,0.37499999953124996,0.3999999944888889,0.3999999944888889,0.15384614863905344,0.3999999944888889,0,0,0.5161290322580645,0.24999999968749997
178.png,একজন পুরুষ দাড়িয়ে আছে।,0.49999999875,0.33333333277777777,0.3999999944,0.3999999944,0.0,0.3999999944,0,0,0.4347826086956522,0.24999999968749997
8679.png,একদল লোক একসাথে খেলছে,0.249999999375,0.07692307686390532,0.11764705508650528,0.11764705508650528,0.0,0.11764705508650528,0,0,0.35,0.0624999999609375
3944.png,একজন পুরুষ দাড়িয়ে আছে।,0.49999999875,0.2857142853061225,0.36363635834710756,0.36363635834710756,0.0,0.36363635834710756,0,0,0.45833333333333337,0.24999999968749997
3403263046_3cc701a07a.jpg,একজন বাস্কেটবল খেলোয়াড় বল নিয়ে,0.5999999988,0.23076923059171597,0.33333332895061735,0.33333332895061735,0.11764705508650528,0.33333332895061735,0,0,0.3877551020408163,0.19999999986666667
2468.png,একজন পুরুষ বসে আছে,0.249999999375,0.14285714265306124,0.1818181768595043,0.1818181768595043,0.0,0.1818181768595043,0,0,0.36,0.0999999999
2839532455_36a7dc4758.jpg,একটি কুকুর একটি কুকুর খেলছে,0.7999999984,0.49999999937499995,0.615384609704142,0.615384609704142,0.1818181768595043,0.615384609704142,0,0,0.5714285714285714,0.4285714279591837
6797.png,একজন পুরুষ বসে আছে।,0.249999999375,0.3333333322222222,0.28571428000000004,0.28571428000000004,0.0,0.28571428000000004,0,0,0.5,0.16666666638888888
1814391289_83a1eb71d3.jpg,একটি ছোট মেয়ে একটি <unk>,0.3999999992,0.24999999968749997,0.3076923024852071,0.3076923024852071,0.0,0.3076923024852071,0,0,0.2941176470588235,0.1999999998
194.png,একটি নৌকা আছে।,0.3333333322222222,0.07692307686390532,0.12499999679687505,0.12499999679687505,0.0,0.12499999679687505,0,0,0.19354838709677424,0.07142857137755101
4234.png,একজন পুরুষ মাথায় একটি নৌকা থেকে <unk>,0.2857142853061225,0.33333333277777777,0.3076923022485208,0.3076923022485208,0.0,0.3076923022485208,0,0,0.3076923076923077,0.18181818165289254
7752.png,একজন পুরুষ মাথায় <unk> <unk> <unk> <unk> <unk> <unk> <unk> <unk> <unk> <unk> <unk> <unk> <unk> <unk> <unk> <unk> <unk> <unk> <unk> <unk> <unk> <unk> <unk> <unk> <unk> <unk> <unk> <unk> <unk> <unk> <unk> <unk> <unk> <unk> <unk> <unk> <unk>,0.0499999999875,0.3999999992,0.08888888687407412,0.08888888687407412,0.04651162619794489,0.08888888687407412,0,0,0.07499999999999996,0.2857142853061225
6637.png,একটি শিশু আছে।,0.6666666644444444,0.49999999875,0.5714285648979592,0.5714285648979592,0.0,0.5714285648979592,0,0,0.5714285714285714,0.3999999992
3491.png,একটি নৌকায় একজন পুরুষ বসে আছে।,0.6666666655555555,0.6666666655555555,0.6666666605555556,0.6666666605555556,0.39999999420000004,0.6666666605555556,0,0,0.8181818181818181,0.49999999937499995
8108.png,একটি শিশু আছে।,0.3333333322222222,0.249999999375,0.28571428000000004,0.28571428000000004,0.0,0.28571428000000004,0,0,0.4285714285714286,0.16666666638888888
3437.png,একজন পুরুষ আছে।,0.6666666644444444,0.1999999998,0.3076923036686391,0.3076923036686391,0.1818181785123967,0.3076923036686391,0,0,0.4444444444444444,0.18181818165289254
1148238960_f8cacec2fc.jpg,একটি রাস্তা দিয়ে সাইকেল চালিয়ে যাচ্ছে,0.33333333277777777,0.33333333277777777,0.3333333277777778,0.3333333277777778,0.0,0.16666666138888903,0,0,0.2894736842105263,0.2222222219753086
2944836001_b38b516286.jpg,একটি ছেলে একটি বল ধরার চেষ্টা করছে,0.4285714279591837,0.2727272724793388,0.33333332820987654,0.33333332820987654,0.12499999515625017,0.22222221722222232,0,0,0.48,0.14285714275510203
103625356.jpg,একজন লোক একটি <unk> <unk> <unk> <unk> <unk> <unk> <unk> <unk> <unk> <unk> <unk> <unk> <unk> <unk> <unk> <unk> <unk> <unk> <unk> <unk> <unk> <unk> <unk> <unk> <unk> <unk> <unk> <unk> <unk> <unk> <unk> <unk> <unk> <unk> <unk> <unk> <unk>,0.12499999996875,0.3846153843195266,0.188679241509434,0.188679241509434,0.1176470551787775,0.188679241509434,0,0,0.14465408805031443,0.3333333330555555
IMG_9893.JPG,একজন পুরুষ বসে আছে,0.49999999875,0.3999999992,0.4444444385185186,0.4444444385185186,0.28571428000000004,0.4444444385185186,0,0,0.5714285714285714,0.2857142853061225
850.png,কয়েকজন মানুষ দেখা যাচ্ছে।,0.49999999875,0.33333333277777777,0.3999999944,0.3999999944,0.24999999468750006,0.3999999944,0,0,0.43999999999999995,0.24999999968749997
3488.png,একজন পুরুষ বসে আছে।,0.7499999981250001,0.4285714279591837,0.5454545398347109,0.5454545398347109,0.2222222172839507,0.5454545398347109,0,0,0.4444444444444444,0.37499999953124996
660.png,একজন পুরুষ বসে আছে।,0.249999999375,0.1999999996,0.2222222167901236,0.2222222167901236,0.0,0.2222222167901236,0,0,0.4375,0.12499999984374999
7815.png,একটি শিশু একটি মাঠে খেলছে,0.1999999996,0.07142857137755101,0.10526315390581731,0.10526315390581731,0.0,0.10526315390581731,0,0,0.3529411764705882,0.0624999999609375
3851.png,একজন পুরুষ বসে আছে।,0.7499999981250001,0.49999999916666665,0.5999999940000001,0.5999999940000001,0.24999999468750006,0.5999999940000001,0,0,0.5454545454545454,0.4285714279591837
109.png,একটি শিশু বসে আছে,0.49999999875,0.09523809519274376,0.15999999718400001,0.15999999718400001,0.08695651939508513,0.15999999718400001,0,0,0.26315789473684215,0.09523809519274376
4537.png,একটি শিশু বসে আছে।,0.7499999981250001,0.37499999953124996,0.49999999472222234,0.49999999472222234,0.1999999954000001,0.49999999472222234,0,0,0.37037037037037035,0.3333333329629629
1280147517_98767ca3b3.jpg,একটি নৌকায় কয়েকজন মানুষ আছে।,0.1999999996,0.249999999375,0.2222222167901236,0.2222222167901236,0.0,0.2222222167901236,0,0,0.38888888888888884,0.12499999984374999
2584487952_f70e5aa9bf.jpg,ঘাসের মধ্যে একটি কুকুর ঘাসের মধ্যে দৌড়াচ্ছে,0.4285714279591837,0.37499999953124996,0.3999999944888889,0.3999999944888889,0.16666666138888903,0.3999999944888889,0,0,0.5,0.29999999969999996
3411393875_a9ff73c67a.jpg,একজন মহিলা এবং তার পিছনে দাঁড়িয়ে আছে,0.2857142853061225,0.1999999998,0.23529411252595167,0.23529411252595167,0.0,0.23529411252595167,0,0,0.38888888888888884,0.14285714275510203
3616525288_9c19223de6.jpg,একদল লোক একটি ফুটবল খেলছে,0.1999999996,0.16666666638888888,0.1818181765289258,0.1818181765289258,0.0,0.1818181765289258,0,0,0.30000000000000004,0.0999999999
8141.png,একজন পুরুষ দাড়িয়ে আছে,0.49999999875,0.33333333277777777,0.3999999944,0.3999999944,0.24999999468750006,0.3999999944,0,0,0.35,0.24999999968749997
5240.png,একটি নৌকায় কয়েকজন মানুষ আছে।,0.1999999996,0.1999999996,0.19999999460000012,0.19999999460000012,0.0,0.19999999460000012,0,0,0.52,0.1111111109876543
6999.png,একজন পুরুষ দাড়িয়ে আছে।,0.0,0.0,0.0,0.0,0.0,0.0,0,0,0.2666666666666667,0.0
2553.png,একজন পুরুষ বসে আছে।,0.249999999375,0.14285714265306124,0.1818181768595043,0.1818181768595043,0.0,0.1818181768595043,0,0,0.3076923076923077,0.0999999999
_MG_1225.JPG,একদল লোক একটি <unk> <unk> <unk> <unk> <unk> <unk> <unk> <unk> <unk> <unk> <unk> <unk> <unk> <unk> <unk> <unk> <unk> <unk> <unk> <unk> <unk> <unk> <unk> <unk> <unk> <unk> <unk> <unk> <unk> <unk> <unk> <unk> <unk> <unk> <unk> <unk> <unk>,0.02499999999375,0.1999999996,0.0444444424493828,0.0444444424493828,0.0,0.0444444424493828,0,0,0.04402515723270439,0.12499999984374999
350529848_9569a3bcbc.jpg,একটি কুকুর একটি কুকুর খেলছে,0.7999999984,0.30769230745562126,0.4444444399382716,0.4444444399382716,0.1249999960937501,0.3529411719031142,0,0,0.43999999999999995,0.24999999979166665
387078972_514a38dc33.jpg,একটি কুকুর একটি কুকুর খেলছে,0.5999999988,0.37499999953124996,0.46153845609467453,0.46153845609467453,0.1999999948000001,0.46153845609467453,0,0,0.48275862068965514,0.33333333277777777
6793.png,একজন পুরুষ বসে আছে।,0.49999999875,0.33333333277777777,0.3999999944,0.3999999944,0.24999999468750006,0.3999999944,0,0,0.42307692307692313,0.24999999968749997
4903.png,একজন মানুষ আছে।,0.3333333322222222,0.3333333322222222,0.33333332722222225,0.33333332722222225,0.0,0.33333332722222225,0,0,0.3076923076923077,0.1999999996
426920445_d07d1fd0f7.jpg,একটি কুকুর একটি ফ্রিসবি নিয়ে দৌড়াচ্ছে,0.33333333277777777,0.6666666644444444,0.44444443901234576,0.44444443901234576,0.28571428081632655,0.44444443901234576,0,0,0.5151515151515151,0.33333333277777777
3573.png,একটি নৌকায় দুইজন মানুষ আছে।,0.1999999996,0.3333333322222222,0.24999999468750006,0.24999999468750006,0.0,0.24999999468750006,0,0,0.3157894736842105,0.14285714265306124
IMG_2134.JPG,একটি ছেলে একটি <unk>,0.249999999375,0.14285714265306124,0.1818181768595043,0.1818181768595043,0.0,0.1818181768595043,0,0,0.23529411764705888,0.1111111109876543
6455.png,একটি শিশু আছে।,0.3333333322222222,0.3333333322222222,0.33333332722222225,0.33333332722222225,0.0,0.33333332722222225,0,0,0.36363636363636365,0.1999999996
1357724865_4faf4e1418.jpg,একটি শিশু একটি পাথরে আরোহণ করছে,0.33333333277777777,0.14285714275510203,0.19999999560000006,0.19999999560000006,0.0,0.19999999560000006,0,0,0.3448275862068966,0.09090909082644627
4750.png,পানিতে একজন মানুষ আছে।,0.249999999375,0.249999999375,0.2499999943750001,0.2499999943750001,0.0,0.2499999943750001,0,0,0.4666666666666667,0.14285714265306124
IMG_8186.JPG,একটা মেয়ে দাড়িয়ে আছে,0.249999999375,0.1999999996,0.2222222167901236,0.2222222167901236,0.0,0.2222222167901236,0,0,0.38095238095238093,0.12499999984374999
4311.png,একজন পুরুষ বসে আছে।,0.7499999981250001,0.5999999988,0.6666666602469137,0.6666666602469137,0.28571428000000004,0.6666666602469137,0,0,0.631578947368421,0.49999999916666665
2923497185_c64004ff2d.jpg,একটি কুকুর একটি ফ্রিসবি ধরার জন্য লাফ দিচ্ছে,0.24999999968749997,0.24999999968749997,0.24999999468750006,0.24999999468750006,0.12499999492187522,0.24999999468750006,0,0,0.46875,0.13333333324444444
3255732353_fbc487aefc.jpg,বরফের মধ্যে এক ব্যক্তি বরফের পাহাড়ে দাঁড়িয়ে আছে,0.37499999953124996,0.49999999916666665,0.4285714230612245,0.4285714230612245,0.16666666152777793,0.4285714230612245,0,0,0.46875,0.29999999969999996
2056377805_e9a9b3bcf0.jpg,একজন মহিলা একটি মেয়ে একটি ঢেউ এর উপর দিয়ে একটি ঢেউ এর উপর দিয়ে একটি ঢেউ এর উপর দিয়ে একটি ঢেউ এর উপর দিয়ে একটি ঢেউ এর উপর দিয়ে একটি ঢেউ এর উপর দিয়ে একটি ঢেউ এর উপর দিয়ে একটি,0.02499999999375,0.07692307686390532,0.03773584533997901,0.03773584533997901,0.0,0.03773584533997901,0,0,0.2028985507246377,0.049999999975
3432730942_4dc4685277.jpg,একজন পুরুষ ও একজন পুরুষ ও একজন পুরুষ ও একজন পুরুষ ও একজন পুরুষ ও একজন পুরুষ ও একজন পুরুষ ও একজন পুরুষ ও একজন পুরুষ ও একজন পুরুষ ও একজন পুরুষ ও একজন পুরুষ ও একজন পুরুষ ও একজন,0.0,0.0,0.0,0.0,0.0,0.0,0,0,0.15646258503401356,0.0
3046.png,একজন পুরুষ বসে আছে।,0.49999999875,0.49999999875,0.4999999937500001,0.4999999937500001,0.33333332722222225,0.4999999937500001,0,0,0.7333333333333334,0.33333333277777777
1431.png,একটি শিশু বসে আছে,0.49999999875,0.14285714275510203,0.22222221851851853,0.22222221851851853,0.0,0.22222221851851853,0,0,0.31034482758620685,0.13333333324444444
8753.png,একজন পুরুষ আছে।,0.3333333322222222,0.1999999996,0.24999999468750006,0.24999999468750006,0.0,0.24999999468750006,0,0,0.44999999999999996,0.14285714265306124
2868.png,একটি শিশু একটি শিশু আছে।,0.5999999988,0.9999999966666667,0.7499999934375,0.7499999934375,0.6666666600000001,0.7499999934375,0,0,0.5625,0.9999999966666667
3536561454_e75993d903.jpg,একজন স্কেট বোর্ডার কলা কৌশল দেখাচ্ছে,0.16666666638888888,0.14285714265306124,0.15384614863905344,0.15384614863905344,0.0,0.15384614863905344,0,0,0.3666666666666667,0.08333333326388888
418357172_bdddf71d32.jpg,একটি কুকুর একটি কুকুর খেলছে,0.3999999992,0.6666666644444444,0.49999999406250006,0.49999999406250006,0.33333332777777785,0.49999999406250006,0,0,0.5789473684210527,0.49999999875
5711.png,একজন পুরুষ দাড়িয়ে আছে।,0.49999999875,0.15384615372781063,0.2352941137716263,0.2352941137716263,0.0,0.2222222167901236,0,0,0.5555555555555556,0.13333333324444444
3442622076_c3abe955e5.jpg,একজন মহিলা এবং একজন মহিলা এবং একজন মহিলা একসাথে দাঁড়িয়ে আছে,0.09090909082644627,0.16666666638888888,0.11764705411764723,0.11764705411764723,0.0,0.11764705411764723,0,0,0.34090909090909094,0.09090909082644627
2614.png,একজন পুরুষ দাড়িয়ে আছে।,0.49999999875,0.24999999968749997,0.33333332833333335,0.33333332833333335,0.0,0.33333332833333335,0,0,0.3214285714285714,0.2222222219753086
Girl_with_Smile_-_Sylhet_-_Bangladesh_(13008203954).jpg,একজন মহিলা এবং একজন মহিলা এবং একজন মহিলা এবং একজন মহিলা এবং একজন মহিলা এবং একজন মহিলা এবং একজন মহিলা এবং একজন মহিলা এবং একজন মহিলা এবং একজন মহিলা এবং একজন মহিলা এবং একজন মহিলা এবং একজন মহিলা এবং একজন,0.0,0.0,0.0,0.0,0.0,0.0,0,0,0.15625,0.0
1184.png,একটি শিশু দাড়িয়ে আছে।,0.249999999375,0.0999999999,0.14285713857142868,0.14285713857142868,0.0,0.14285713857142868,0,0,0.33333333333333337,0.07692307686390532
5353.png,এটি একটি মসজিদ।,0.6666666644444444,0.999999995,0.799999992,0.799999992,0.6666666577777778,0.799999992,0,0,0.7272727272727273,0.6666666644444444
3879.png,একজন মহিলা একটি <unk>,0.249999999375,0.249999999375,0.2499999943750001,0.2499999943750001,0.0,0.2499999943750001,0,0,0.3125,0.14285714265306124
3173215794_6bdd1f72d4.jpg,একদল লোক একটি <unk>,0.49999999875,0.2857142853061225,0.36363635834710756,0.36363635834710756,0.0,0.28571428122448983,0,0,0.26315789473684215,0.2222222219753086
6344.png,একজন বাচ্চা মেয়ে বসে আছে।,0.5999999988,0.5999999988,0.5999999938,0.5999999938,0.4999999937500001,0.5999999938,0,0,0.8333333333333334,0.4285714279591837
2860202109_97b2b22652.jpg,একজন মহিলা এবং সাদা শার্ট পরা একজন মহিলা এবং সাদা শার্ট পরা একজন মহিলা এবং সাদা শার্ট পরা একজন মহিলা এবং সাদা শার্ট পরা একজন মহিলা এবং সাদা শার্ট পরা একজন মহিলা এবং সাদা শার্ট পরা একজন মহিলা এবং সাদা,0.02499999999375,0.09090909082644627,0.03921568287581729,0.03921568287581729,0.0,0.03921568287581729,0,0,0.18493150684931503,0.0624999999609375
3976.png,একজন পুরুষ বসে আছে।,0.249999999375,0.249999999375,0.2499999943750001,0.2499999943750001,0.0,0.2499999943750001,0,0,0.3571428571428571,0.14285714265306124
3555573680_41c1540a86.jpg,একটি শিশু একটি নৌকা থেকে একটি নৌকা থেকে <unk>,0.2222222219753086,0.24999999968749997,0.23529411238754333,0.23529411238754333,0.0,0.23529411238754333,0,0,0.4,0.18181818165289254
1459250022_bf1eddad11.jpg,একদল লোক <unk> <unk> <unk> <unk> <unk> <unk> <unk> <unk> <unk> <unk> <unk> <unk> <unk> <unk> <unk> <unk> <unk> <unk> <unk> <unk> <unk> <unk> <unk> <unk> <unk> <unk> <unk> <unk> <unk> <unk> <unk> <unk> <unk> <unk> <unk> <unk> <unk> <unk>,0.0499999999875,0.3999999992,0.08888888687407412,0.08888888687407412,0.04651162619794489,0.08888888687407412,0,0,0.06289308176100628,0.33333333277777777
930.png,একজন পুরুষ বসে আছে।,0.249999999375,0.1999999996,0.2222222167901236,0.2222222167901236,0.0,0.2222222167901236,0,0,0.4736842105263158,0.12499999984374999
2996.png,একজন পুরুষ দাড়িয়ে আছে,0.249999999375,0.249999999375,0.2499999943750001,0.2499999943750001,0.0,0.2499999943750001,0,0,0.3125,0.14285714265306124
416106657_cab2a107a5.jpg,একটি কুকুর একটি কুকুর দৌড়াচ্ছে,0.5999999988,0.7499999981250001,0.6666666602469137,0.6666666602469137,0.33333332777777785,0.6666666602469137,0,0,0.65,0.7499999981250001
20201222_134354.jpg,একজন পুরুষ বসে আছে,0.49999999875,0.2857142853061225,0.36363635834710756,0.36363635834710756,0.2222222172839507,0.36363635834710756,0,0,0.4,0.2222222219753086
292780636_72e1968949.jpg,একজন লোক একটি <unk>,0.7499999981250001,0.21428571413265304,0.33333332950617284,0.33333332950617284,0.24999999664062497,0.33333332950617284,0,0,0.29032258064516125,0.21428571413265304
254901702_67ada9867c.jpg,একজন পুরুষ দাড়িয়ে আছে,0.249999999375,0.1999999996,0.2222222167901236,0.2222222167901236,0.0,0.2222222167901236,0,0,0.44999999999999996,0.12499999984374999
3187395715_f2940c2b72.jpg,একটি স্কেটবোর্ডার একটি <unk>,0.49999999875,0.2857142853061225,0.36363635834710756,0.36363635834710756,0.0,0.36363635834710756,0,0,0.4814814814814815,0.12499999984374999
3016708786_3591106cca.jpg,একটি ছোট ছেলে একটি <unk>,0.3999999992,0.16666666652777776,0.23529411321799312,0.23529411321799312,0.0,0.23529411321799312,0,0,0.24,0.15384615372781063
2608289957_044849f73e.jpg,একটি শিশু একটি শিশু বসে আছে,0.6666666655555555,0.49999999937499995,0.5714285657142858,0.5714285657142858,0.16666666152777793,0.5714285657142858,0,0,0.5555555555555556,0.37499999953124996
1146.png,একজন পুরুষ বসে আছে।,0.49999999875,0.24999999968749997,0.33333332833333335,0.33333332833333335,0.0,0.33333332833333335,0,0,0.3666666666666667,0.1999999998
3044536048_e615466e7f.jpg,সমুদ্রের ঢেউয়ে এক সার্ফার,0.7499999981250001,0.49999999916666665,0.5999999940000001,0.5999999940000001,0.49999999406250006,0.5999999940000001,0,0,0.7391304347826086,0.4285714279591837
347250381_1407041270060310_3300822586950256229_n.jpg,একটি রাস্তা দিয়ে একজন পুরুষ বসে আছে।,0.2857142853061225,0.33333333277777777,0.3076923022485208,0.3076923022485208,0.0,0.3076923022485208,0,0,0.42307692307692313,0.18181818165289254
47.JPG,একজন বয়স্ক পুরুষ বসে আছে,0.3999999992,0.3999999992,0.39999999420000004,0.39999999420000004,0.2499999943750001,0.39999999420000004,0,0,0.4736842105263158,0.24999999968749997
3150252702_828a570d46.jpg,একজন লোক একটি পাহাড়ের চূড়ায় দাঁড়িয়ে আছে,0.2857142853061225,0.2222222219753086,0.24999999476562512,0.24999999476562512,0.1428571377551022,0.24999999476562512,0,0,0.4285714285714286,0.14285714275510203
5035.png,একদল লোক একটি পাথরে আরোহণ করছে,0.16666666638888888,0.1111111109876543,0.13333332835555572,0.13333332835555572,0.0,0.13333332835555572,0,0,0.3529411764705882,0.07142857137755101
2930580341_d36eec8e3c.jpg,একটি ছেলে একটি বল ধরার চেষ্টা করছে,0.2857142853061225,0.18181818165289254,0.22222221722222232,0.22222221722222232,0.12499999515625017,0.22222221722222232,0,0,0.3783783783783784,0.13333333324444444
IMG_0018.JPG,একটা মহিলা বসে আছে,0.9999999975,0.9999999975,0.9999999925,0.9999999925,0.9999999916666666,0.9999999925,1,1,1.0,0.9999999975
2958.png,একজন পুরুষ ও একজন পুরুষ দাড়িয়ে আছে।,0.2857142853061225,0.6666666644444444,0.39999999500000005,0.39999999500000005,0.0,0.39999999500000005,0,0,0.3846153846153846,0.33333333277777777
4301.png,একজন পুরুষ ও একজন পুরুষ দাড়িয়ে আছে।,0.571428570612245,0.6666666655555555,0.6153846094674558,0.6153846094674558,0.09999999570000016,0.6153846094674558,0,0,0.6923076923076923,0.571428570612245
6051.png,একটি শিশু একটি শিশু বসে আছে,0.49999999916666665,0.16666666657407406,0.24999999604166667,0.24999999604166667,0.14285713806122466,0.24999999604166667,0,0,0.3055555555555556,0.16666666652777776
2396669903_5217a83641.jpg,একটি শিশু একটি <unk> <unk> <unk> <unk> <unk> <unk> <unk> <unk> <unk> <unk> <unk> <unk> <unk> <unk> <unk> <unk> <unk> <unk> <unk> <unk> <unk> <unk> <unk> <unk> <unk> <unk> <unk> <unk> <unk> <unk> <unk> <unk> <unk> <unk> <unk> <unk> <unk>,0.0499999999875,0.10526315783933518,0.06779660577994857,0.06779660577994857,0.0,0.06779660577994857,0,0,0.15822784810126578,0.07692307686390532
1287064529_aa4e4f3c31.jpg,একটি কুকুর একটি কুকুর,0.49999999875,0.24999999968749997,0.33333332833333335,0.33333332833333335,0.18181817752066123,0.33333332833333335,0,0,0.3928571428571429,0.24999999968749997
5906.png,একটি শিশু একটি শিশু আছে।,0.5999999988,0.7499999981250001,0.6666666602469137,0.6666666602469137,0.28571428000000004,0.6666666602469137,0,0,0.625,0.7499999981250001
5270.png,এটি একটি মন্দির।,0.0,0.0,0.0,0.0,0.0,0.0,0,0,0.21052631578947367,0.0
989851184_9ef368e520.jpg,একটি কালো কুকুর একটি কালো কুকুর একটি <unk>,0.6249999992187499,0.3846153843195266,0.4761904710204082,0.4761904710204082,0.2666666613333334,0.4761904710204082,0,0,0.5161290322580645,0.37499999953124996
436009777_440c7679a1.jpg,একজন লোক একটি <unk> <unk> <unk> <unk> <unk> <unk> <unk> <unk> <unk> <unk> <unk> <unk> <unk> <unk> <unk> <unk> <unk> <unk> <unk> <unk> <unk> <unk> <unk> <unk> <unk> <unk> <unk> <unk> <unk> <unk> <unk> <unk> <unk> <unk> <unk> <unk> <unk>,0.0499999999875,0.24999999968749997,0.08333333052083343,0.08333333052083343,0.043478258270321514,0.08333333052083343,0,0,0.08805031446540879,0.1999999998
3529.png,কয়েকজন পুরুষ দাড়িয়ে আছে,0.49999999875,0.3999999992,0.4444444385185186,0.4444444385185186,0.12499999679687505,0.4444444385185186,0,0,0.6,0.2857142853061225
3354489242_dd529ffa1f.jpg,একজন হকি খেলোয়াড়,0.6666666644444444,0.1999999998,0.3076923036686391,0.3076923036686391,0.1818181785123967,0.3076923036686391,0,0,0.5,0.18181818165289254
309430053_cc58bcc36a.jpg,একটি নৌকায় একজন পুরুষ একটি ঢেউ এর উপর দিয়ে চলছে,0.1999999998,0.1999999998,0.19999999480000014,0.19999999480000014,0.0,0.19999999480000014,0,0,0.32432432432432434,0.08333333326388888
1201.png,কয়েকজন পুরুষ বসে আছে।,0.7499999981250001,0.4285714279591837,0.5454545398347109,0.5454545398347109,0.2222222172839507,0.5454545398347109,0,0,0.48,0.37499999953124996
4827.png,একটি বাঘ আছে।,0.3333333322222222,0.249999999375,0.28571428000000004,0.28571428000000004,0.0,0.28571428000000004,0,0,0.46153846153846156,0.16666666638888888
3055716848_b253324afc.jpg,একজন স্কেটবোর্ডার একটি স্কেটবোর্ড কৌশল দেখাচ্ছে,0.6666666655555555,0.3999999996,0.4999999946875,0.4999999946875,0.28571428081632655,0.4999999946875,0,0,0.5416666666666667,0.3333333330555555
513116697_ad0f4dc800.jpg,একজন স্কাইয়ার পাহাড়ের চূড়ায় দাঁড়িয়ে আছে,0.16666666638888888,0.249999999375,0.1999999948000001,0.1999999948000001,0.0,0.1999999948000001,0,0,0.42307692307692313,0.1111111109876543
567.png,একজন পুরুষ দাড়িয়ে আছে।,0.7499999981250001,0.37499999953124996,0.49999999472222234,0.49999999472222234,0.1999999954000001,0.49999999472222234,0,0,0.4666666666666667,0.3333333329629629
5947.png,একটি শিশু একটি <unk>,0.0,0.0,0.0,0.0,0.0,0.0,0,0,0.2666666666666667,0.0
6278.png,একজন পুরুষ মাথায় <unk> <unk> <unk>,0.0,0.0,0.0,0.0,0.0,0.0,0,0,0.20833333333333337,0.0
IMG_20220916_181034.jpg,একজন পুরুষ বসে আছে।,0.0,0.0,0.0,0.0,0.0,0.0,0,0,0.38888888888888884,0.0
2201951969_0d7520d648.jpg,একটি শিশু একটি ঢেউ এর উপর দিয়ে একটি ঢেউ এর উপর দিয়ে একটি ঢেউ এর উপর দিয়ে একটি ঢেউ এর উপর দিয়ে একটি ঢেউ এর উপর দিয়ে একটি ঢেউ এর উপর দিয়ে একটি ঢেউ এর উপর দিয়ে একটি ঢেউ এর,0.0,0.0,0.0,0.0,0.0,0.0,0,0,0.2222222222222222,0.0
7762.png,একজন পুরুষ বসে আছে।,0.7499999981250001,0.23076923059171597,0.35294117245674744,0.35294117245674744,0.1333333299555556,0.35294117245674744,0,0,0.24489795918367352,0.24999999979166665
3626964430_cb5c7e5acc.jpg,একদল লোক মাঠে খেলছে,0.7499999981250001,0.5999999988,0.6666666602469137,0.6666666602469137,0.28571428000000004,0.6666666602469137,0,0,0.55,0.49999999916666665
1030985833.jpg,একটি কুকুর একটি কুকুর খেলছে,0.9999999980000001,0.3846153843195266,0.5555555509259259,0.5555555509259259,0.1249999960937501,0.5555555509259259,0,0,0.4042553191489362,0.29999999969999996
6470.png,একজন পুরুষ বসে আছে।,0.9999999975,0.7999999984,0.8888888819753088,0.8888888819753088,0.5714285648979592,0.8888888819753088,0,0,0.736842105263158,0.7999999984
1286.png,একজন পুরুষ দাড়িয়ে আছে,0.49999999875,0.33333333277777777,0.3999999944,0.3999999944,0.24999999468750006,0.3999999944,0,0,0.5416666666666667,0.24999999968749997
6822.png,একজন পুরুষ দাড়িয়ে আছে।,0.49999999875,0.49999999875,0.4999999937500001,0.4999999937500001,0.33333332722222225,0.4999999937500001,0,0,0.75,0.33333333277777777
1092.png,একজন মহিলা একসাথে ছবি তুলছে,0.1999999996,0.16666666638888888,0.1818181765289258,0.1818181765289258,0.0,0.1818181765289258,0,0,0.4,0.0999999999
294549892_babb130543.jpg,একজন লোক পাহাড়ের চূড়ায় দাঁড়িয়ে আছে,0.49999999916666665,0.4285714279591837,0.4615384558579882,0.4615384558579882,0.1818181765289258,0.4615384558579882,0,0,0.6,0.29999999969999996
6140.png,একটি শিশু কোলে নিয়ে বসে আছে,0.16666666638888888,0.14285714265306124,0.15384614863905344,0.15384614863905344,0.0,0.15384614863905344,0,0,0.4444444444444444,0.08333333326388888
3724.png,একজন পুরুষ বসে আছে।,0.0,0.0,0.0,0.0,0.0,0.0,0,0,0.3157894736842105,0.0
5346.png,একটি সেতুর উপর দিয়ে হেটে যাচ্ছে ও একটি সেতুর উপর দিয়ে হেটে যাচ্ছে ও একটি সেতুর উপর দিয়ে হেটে যাচ্ছে ও একটি সেতুর উপর দিয়ে হেটে যাচ্ছে ও একটি সেতুর উপর দিয়ে হেটে যাচ্ছে ও একটি সেতুর উপর দিয়ে হেটে,0.07499999998125,0.5999999988,0.13333333129876546,0.13333333129876546,0.09302325408328828,0.13333333129876546,0,0,0.12408759124087587,0.3333333329629629
3630991662_990f397f7c.jpg,একজন পুরুষ এবং একজন পুরুষ এবং একজন পুরুষ এবং একজন পুরুষ এবং একজন পুরুষ এবং একজন পুরুষ এবং একজন পুরুষ এবং একজন পুরুষ এবং একজন পুরুষ এবং একজন পুরুষ এবং একজন পুরুষ এবং একজন পুরুষ এবং একজন পুরুষ এবং একজন,0.02499999999375,0.0999999999,0.039999996784000263,0.039999996784000263,0.0,0.039999996784000263,0,0,0.23124999999999996,0.08333333326388888
3741462565_cc35966b7a.jpg,একটি শিশু একটি খেলনা নিয়ে খেলছে,0.33333333277777777,0.16666666652777776,0.22222221753086427,0.22222221753086427,0.0,0.22222221753086427,0,0,0.4285714285714286,0.1111111109876543
3692593096_fbaea67476.jpg,একজন পুরুষ দাড়িয়ে আছে,0.0,0.0,0.0,0.0,0.0,0.0,0,0,0.2666666666666667,0.0
408748500_e8dc8c0c4f.jpg,একটি শিশু একটি শিশু কোলে নিয়ে দাঁড়িয়ে আছে,0.24999999968749997,0.24999999968749997,0.24999999468750006,0.24999999468750006,0.14285713765306143,0.24999999468750006,0,0,0.5185185185185186,0.16666666652777776
3257277774_aba333a94c.jpg,একটি কুকুর বরফের মধ্যে দৌড়াচ্ছে,0.7999999984,0.6666666655555555,0.7272727209917357,0.7272727209917357,0.4444444385185186,0.4444444385185186,0,0,0.5714285714285714,0.571428570612245
3358380484_b99b48f0c9.jpg,একটি কুকুর একটি কুকুর দৌড়াচ্ছে,0.5999999988,0.5999999988,0.5999999938,0.5999999938,0.2499999943750001,0.5999999938,0,0,0.75,0.3999999992
5345.png,কয়েকজন পুরুষ ও কয়েকজন পুরুষ ও কয়েকজন পুরুষ ও কয়েকজন পুরুষ ও কয়েকজন পুরুষ ও কয়েকজন পুরুষ ও কয়েকজন পুরুষ ও কয়েকজন পুরুষ ও কয়েকজন পুরুষ ও কয়েকজন পুরুষ ও কয়েকজন পুরুষ ও কয়েকজন পুরুষ ও কয়েকজন পুরুষ ও কয়েকজন,0.0499999999875,0.15384615372781063,0.07547169438234266,0.07547169438234266,0.0,0.07547169438234266,0,0,0.18012422360248448,0.15384615372781063
2448793019_5881c025f9.jpg,একটি শিশু একটি <unk>,0.249999999375,0.1999999996,0.2222222167901236,0.2222222167901236,0.0,0.2222222167901236,0,0,0.35,0.14285714265306124
7289.png,একজন পুরুষ দাড়িয়ে আছে।,0.249999999375,0.3333333322222222,0.28571428000000004,0.28571428000000004,0.11764705577854677,0.28571428000000004,0,0,0.4666666666666667,0.16666666638888888
4954.png,একজন পুরুষ দাড়িয়ে আছে।,0.0,0.0,0.0,0.0,0.0,0.0,0,0,0.26315789473684215,0.0
4705.png,একজন পুরুষ বসে আছে।,0.249999999375,0.14285714265306124,0.1818181768595043,0.1818181768595043,0.0,0.1818181768595043,0,0,0.2857142857142857,0.1111111109876543
2712.png,একটি সাদা কুকুর একটি ফ্রিসবি ধরার জন্য একটি পাখি নিয়ে আছে।,0.2727272724793388,0.49999999916666665,0.3529411714878893,0.3529411714878893,0.0,0.3529411714878893,0,0,0.4,0.24999999979166665
4546.png,একজন মহিলা তার মুখে একটি শিশু আছে।,0.4285714279591837,0.3333333329629629,0.374999994609375,0.374999994609375,0.1428571377551022,0.374999994609375,0,0,0.48484848484848486,0.2727272724793388
4739.png,একজন পুরুষ দাড়িয়ে আছে।,0.9999999975,0.9999999975,0.9999999925,0.9999999925,0.9999999916666666,0.9999999925,1,1,1.0,0.9999999975
3258391809_38fc6211f7.jpg,একজন মহিলা তার <unk> <unk> <unk> <unk> <unk> <unk> <unk> <unk> <unk> <unk> <unk> <unk> <unk> <unk> <unk> <unk> <unk> <unk> <unk> <unk> <unk> <unk> <unk> <unk> <unk> <unk> <unk> <unk> <unk> <unk> <unk> <unk> <unk> <unk> <unk> <unk> <unk>,0.0499999999875,0.2222222219753086,0.08163265002915464,0.08163265002915464,0.042553188646446534,0.08163265002915464,0,0,0.10691823899371067,0.1999999998
111.png,একটি শিশু দাড়িয়ে আছে,0.49999999875,0.11764705875432525,0.19047618721088438,0.19047618721088438,0.0,0.19047618721088438,0,0,0.375,0.1111111110493827
2831672255_d779807c14.jpg,একটি কুকুর একটি ফ্রিসবি ধরার চেষ্টা করছে,0.4285714279591837,0.23076923059171597,0.2999999951500001,0.2999999951500001,0.16666666138888903,0.2999999951500001,0,0,0.4642857142857143,0.18181818165289254
2214.png,একজন পুরুষ বসে আছে।,0.49999999875,0.2222222219753086,0.3076923029585799,0.3076923029585799,0.0,0.3076923029585799,0,0,0.33333333333333337,0.1999999998
8658.png,একজন পুরুষ বসে আছে।,0.7499999981250001,0.4285714279591837,0.5454545398347109,0.5454545398347109,0.2222222172839507,0.5454545398347109,0,0,0.5625,0.37499999953124996
2473791980_805c819bd4.jpg,একটি সার্ফার একটি ঢেউ থেকে পানি থেকে পানি থেকে পানি থেকে পানি থেকে পানি থেকে পানি থেকে পানি থেকে পানি থেকে পানি থেকে পানি থেকে পানি থেকে পানি থেকে পানি থেকে পানি থেকে পানি থেকে পানি থেকে পানি থেকে পানি,0.02499999999375,0.14285714265306124,0.04255318893617037,0.04255318893617037,0.0,0.04255318893617037,0,0,0.1707317073170732,0.09090909082644627
6918.png,একজন পুরুষ বসে আছে।,0.249999999375,0.14285714265306124,0.1818181768595043,0.1818181768595043,0.0,0.1818181768595043,0,0,0.3913043478260869,0.0999999999
1282.png,কয়েকজন মানুষ দাড়িয়ে আছে।,0.249999999375,0.07142857137755101,0.1111111075308643,0.1111111075308643,0.0,0.1111111075308643,0,0,0.21999999999999997,0.06666666662222222
3326454455_960e5442e9.jpg,একটি ছেলে একটি বল নিয়ে খেলছে,0.16666666638888888,0.14285714265306124,0.15384614863905344,0.15384614863905344,0.0,0.15384614863905344,0,0,0.33333333333333337,0.09090909082644627
813.png,একটি নৌকা দেখা যাচ্ছে।,0.249999999375,0.1999999996,0.2222222167901236,0.2222222167901236,0.0,0.2222222167901236,0,0,0.23529411764705888,0.12499999984374999
3624076529_9793655a21.jpg,একটি কুকুর একটি কুকুর খেলছে,0.5999999988,0.24999999979166665,0.3529411719031142,0.3529411719031142,0.1999999948000001,0.3529411719031142,0,0,0.5,0.24999999968749997
3208188198_2b271d2a2e.jpg,একটি ছোট ছেলে একটি কুকুর দৌড়াচ্ছে,0.33333333277777777,0.3999999992,0.36363635801652905,0.36363635801652905,0.0,0.36363635801652905,0,0,0.5217391304347826,0.24999999968749997
1112.png,কয়েকজন মানুষ আছে।,0.6666666644444444,0.2222222219753086,0.3333333290277778,0.3333333290277778,0.0,0.3333333290277778,0,0,0.3055555555555556,0.2222222219753086
3256272547_5ae6c66293.jpg,একজন পুরুষ বসে আছে।,0.249999999375,0.1999999996,0.2222222167901236,0.2222222167901236,0.0,0.2222222167901236,0,0,0.4444444444444444,0.12499999984374999
3049.png,একজন পুরুষ মাথায় <unk>,0.49999999875,0.49999999875,0.4999999937500001,0.4999999937500001,0.33333332722222225,0.4999999937500001,0,0,0.625,0.33333333277777777
3090386315_87ed417814.jpg,একটি কুকুর একটি কুকুর দৌড়াচ্ছে,0.5999999988,0.4285714279591837,0.4999999943055557,0.4999999943055557,0.3999999944,0.4999999943055557,0,0,0.75,0.4285714279591837
135.png,একজন পুরুষ দাড়িয়ে আছে।,0.49999999875,0.33333333277777777,0.3999999944,0.3999999944,0.0,0.3999999944,0,0,0.2727272727272727,0.24999999968749997
7890.png,একজন লোক স্কেটবোর্ডিং করছে,0.249999999375,0.249999999375,0.2499999943750001,0.2499999943750001,0.0,0.2499999943750001,0,0,0.5,0.14285714265306124
3242088278_43eea5d17e.jpg,একটি কুকুর একটি সাদা কুকুর একটি সাদা কুকুর একটি সাদা কুকুর একটি সাদা কুকুর একটি সাদা কুকুর একটি সাদা কুকুর একটি সাদা কুকুর একটি সাদা কুকুর একটি সাদা কুকুর একটি সাদা কুকুর একটি সাদা কুকুর একটি সাদা কুকুর একটি সাদা,0.02499999999375,0.249999999375,0.04545454378099179,0.04545454378099179,0.0,0.04545454378099179,0,0,0.10273972602739723,0.16666666638888888
77.png,পানিতে একটি নৌকা দেখা যাচ্ছে।,0.1999999996,0.05555555552469135,0.0869565182608697,0.0869565182608697,0.0,0.0869565182608697,0,0,0.2777777777777778,0.045454545433884296
3721881082_afe9fc734e.jpg,একজন মহিলা বসে আছে,0.7499999981250001,0.29999999969999996,0.42857142387755104,0.42857142387755104,0.16666666263888896,0.42857142387755104,0,0,0.37142857142857144,0.2727272724793388
2460.png,একটা লোক দাঁড়িয়ে আছে,0.249999999375,0.05882352937716263,0.09523809206349215,0.09523809206349215,0.0,0.09523809206349215,0,0,0.14754098360655743,0.049999999975
4042.png,একজন পুরুষ ও একটি শিশু একটি <unk>,0.14285714265306124,0.249999999375,0.1818181768595043,0.1818181768595043,0.0,0.1818181768595043,0,0,0.31999999999999995,0.1111111109876543
4770.png,একজন পুরুষ বসে আছে।,0.49999999875,0.49999999875,0.4999999937500001,0.4999999937500001,0.0,0.4999999937500001,0,0,0.6666666666666667,0.33333333277777777
233.png,একটি শিশু একটি <unk>,0.49999999875,0.2222222219753086,0.3076923029585799,0.3076923029585799,0.18181817752066123,0.3076923029585799,0,0,0.28125,0.2222222219753086
2565685680_c30972455d.jpg,একটি কুকুর পানিতে সাঁতার কাটছে,0.3999999992,0.2857142853061225,0.33333332791666676,0.33333332791666676,0.0,0.33333332791666676,0,0,0.4444444444444444,0.1999999998
4001.png,একজন পুরুষ দাড়িয়ে আছে,0.249999999375,0.3333333322222222,0.28571428000000004,0.28571428000000004,0.0,0.28571428000000004,0,0,0.6,0.16666666638888888
496606439_9333831e73.jpg,একটি মেয়ে একটি <unk>,0.249999999375,0.249999999375,0.2499999943750001,0.2499999943750001,0.0,0.2499999943750001,0,0,0.38888888888888884,0.16666666638888888
6927.png,একজন পুরুষ বসে আছে।,0.49999999875,0.3999999992,0.4444444385185186,0.4444444385185186,0.28571428000000004,0.4444444385185186,0,0,0.5238095238095238,0.2857142853061225
442594271_2c3dd38483.jpg,সমুদ্রের পারে কয়েকজন মানুষ আছে।,0.3999999992,0.2857142853061225,0.33333332791666676,0.33333332791666676,0.0,0.33333332791666676,0,0,0.41666666666666663,0.1999999998
1564614124_0ee6799935.jpg,একটি মেয়ে একটি শিশু আছে।,0.3999999992,0.11764705875432525,0.1818181781404959,0.1818181781404959,0.0,0.1818181781404959,0,0,0.44999999999999996,0.1111111109876543
6174.png,একজন পুরুষ দাড়িয়ে আছে।,0.49999999875,0.3999999992,0.4444444385185186,0.4444444385185186,0.0,0.4444444385185186,0,0,0.6666666666666667,0.2857142853061225
4486.png,একজন পুরুষ বসে আছে।,0.0,0.0,0.0,0.0,0.0,0.0,0,0,0.31818181818181823,0.0
7693.png,একজন পুরুষ বসে আছে।,0.49999999875,0.1999999998,0.28571428122448983,0.28571428122448983,0.0,0.28571428122448983,0,0,0.28205128205128205,0.16666666652777776
330325191_63e11d9c93.jpg,একজন লোক পাহাড়ের চূড়ায় দাঁড়িয়ে আছে,0.6666666655555555,0.6666666655555555,0.6666666605555556,0.6666666605555556,0.5999999938,0.6666666605555556,0,0,0.9130434782608696,0.49999999937499995
4665.png,একটি মুরগি আছে।,0.3333333322222222,0.3333333322222222,0.33333332722222225,0.33333332722222225,0.0,0.33333332722222225,0,0,0.6,0.1999999996
7942.png,কয়েকজন মানুষ আছে।,0.6666666644444444,0.49999999875,0.5714285648979592,0.5714285648979592,0.39999999360000005,0.5714285648979592,0,0,0.5,0.3999999992
1321723162.jpg,একটি ছেলে একটি <unk> <unk> <unk> <unk> <unk> <unk> <unk> <unk> <unk> <unk> <unk> <unk> <unk> <unk> <unk> <unk> <unk> <unk> <unk> <unk> <unk> <unk> <unk> <unk> <unk> <unk> <unk> <unk> <unk> <unk> <unk> <unk> <unk> <unk> <unk> <unk> <unk>,0.02499999999375,0.12499999984374999,0.04166666387152797,0.04166666387152797,0.0,0.04166666387152797,0,0,0.09493670886075944,0.0999999999
7891.png,একজন পুরুষ বসে আছে।,0.249999999375,0.1999999996,0.2222222167901236,0.2222222167901236,0.0,0.2222222167901236,0,0,0.47058823529411764,0.12499999984374999
1837.png,একজন পুরুষ দাড়িয়ে আছে।,0.7499999981250001,0.37499999953124996,0.49999999472222234,0.49999999472222234,0.0,0.33333332833333335,0,0,0.3571428571428571,0.3333333329629629
96420612_feb18fc6c6.jpg,একজন পুরুষ একটি শিশু একটি <unk>,0.33333333277777777,0.6666666644444444,0.44444443901234576,0.44444443901234576,0.0,0.44444443901234576,0,0,0.4782608695652174,0.33333333277777777
424416723_19c56cb365.jpg,একটি কুকুর একটি কুকুর লাফ দিচ্ছে,0.33333333277777777,0.6666666644444444,0.44444443901234576,0.44444443901234576,0.28571428081632655,0.44444443901234576,0,0,0.7272727272727273,0.3999999992
3639684919_cb6fbf5638.jpg,একজন মহিলা এবং একজন মহিলা,0.3999999992,0.13333333324444444,0.19999999605000005,0.19999999605000005,0.0,0.19999999605000005,0,0,0.30434782608695654,0.15384615372781063
5141.png,রেল লাইনের পাশে একটি ট্রেন এর ট্রেন এর ট্রেন এর ট্রেন এর ট্রেন এর ট্রেন এর ট্রেন এর ট্রেন এর ট্রেন এর ট্রেন এর ট্রেন এর ট্রেন এর ট্রেন এর ট্রেন এর ট্রেন এর ট্রেন এর ট্রেন এর ট্রেন এর,0.0499999999875,0.18181818165289254,0.07843136913494825,0.07843136913494825,0.0,0.04651162658734455,0,0,0.16428571428571426,0.14285714275510203
1155.png,কয়েকজন মানুষ আছে।,0.3333333322222222,0.14285714265306124,0.1999999954000001,0.1999999954000001,0.0,0.1999999954000001,0,0,0.1875,0.1111111109876543
118309463.jpg,একটি <unk> <unk> <unk> <unk> <unk> <unk> <unk> <unk> <unk> <unk> <unk> <unk> <unk> <unk> <unk> <unk> <unk> <unk> <unk> <unk> <unk> <unk> <unk> <unk> <unk> <unk> <unk> <unk> <unk> <unk> <unk> <unk> <unk> <unk> <unk> <unk> <unk> <unk> <unk>,0.02499999999375,0.16666666638888888,0.04347825858223074,0.04347825858223074,0.0,0.04347825858223074,0,0,0.10062893081761004,0.14285714265306124
1979.png,একটি নৌকায় কয়েকজন মানুষ আছে।,0.1999999996,0.05882352937716263,0.09090908731404972,0.09090908731404972,0.0,0.09090908731404972,0,0,0.25,0.04761904759637188
6714.png,একজন পুরুষ বসে আছে।,0.49999999875,0.18181818165289254,0.26666666240000003,0.26666666240000003,0.0,0.26666666240000003,0,0,0.375,0.15384615372781063
3467073304_aefe553c4d.jpg,একজন মহিলা একটি <unk>,0.49999999875,0.49999999875,0.4999999937500001,0.4999999937500001,0.33333332722222225,0.4999999937500001,0,0,0.5882352941176471,0.33333333277777777
3590593467_be497a6139.jpg,একজন রেসার একটি মোটরসাইকেলে চড়ে শূন্যে লাফ দিচ্ছে,0.37499999953124996,0.23076923059171597,0.2857142807256236,0.2857142807256236,0.1052631531301941,0.2857142807256236,0,0,0.4117647058823529,0.1874999998828125
2918.png,কয়েকজন মানুষ আছে।,0.0,0.0,0.0,0.0,0.0,0.0,0,0,0.21212121212121215,0.0
9101.png,একজন পুরুষ দাড়িয়ে আছে।,0.249999999375,0.16666666638888888,0.1999999948000001,0.1999999948000001,0.0,0.1999999948000001,0,0,0.33333333333333337,0.1111111109876543
440190907_bf8b7ba8ef.jpg,একজন লোক একটি নৌকা থেকে <unk>,0.16666666638888888,0.1999999996,0.1818181765289258,0.1818181765289258,0.0,0.1818181765289258,0,0,0.38095238095238093,0.0999999999
2531942624_c3c072064e.jpg,একজন স্কেটবোর্ডার একটি <unk>,0.49999999875,0.1999999998,0.28571428122448983,0.28571428122448983,0.0,0.28571428122448983,0,0,0.2682926829268293,0.16666666652777776
7851.png,একটি নৌকায় কয়েকজন মানুষ আছে।,0.3999999992,0.24999999968749997,0.3076923024852071,0.3076923024852071,0.0,0.3076923024852071,0,0,0.4482758620689655,0.18181818165289254
3350260112_fcb47ff6b2.jpg,একটি নৌকা দেখা যাচ্ছে।,0.249999999375,0.249999999375,0.2499999943750001,0.2499999943750001,0.0,0.2499999943750001,0,0,0.2666666666666667,0.14285714265306124
530950375_eea665583f.jpg,একজন লোক একটি <unk> <unk> <unk>,0.49999999916666665,0.3333333329629629,0.3999999946666667,0.3999999946666667,0.0,0.2666666615111111,0,0,0.34375,0.29999999969999996
7776.png,একজন বয়স্ক পুরুষ আছে।,0.7499999981250001,0.7499999981250001,0.7499999931250001,0.7499999931250001,0.0,0.7499999931250001,0,0,0.5625,0.5999999988
414.png,একজন পুরুষ বসে আছে।,0.49999999875,0.33333333277777777,0.3999999944,0.3999999944,0.24999999468750006,0.3999999944,0,0,0.4347826086956522,0.24999999968749997
8587.png,একজন পুরুষ একটি গাছের নিচে নেমে যাচ্ছে।,0.14285714265306124,0.249999999375,0.1818181768595043,0.1818181768595043,0.0,0.1818181768595043,0,0,0.3846153846153846,0.0999999999
2699426519_228719b1db.jpg,একটি কুকুর একটি ফ্রিসবি ধরার জন্য লাফ দিচ্ছে,0.24999999968749997,0.24999999968749997,0.24999999468750006,0.24999999468750006,0.0,0.24999999468750006,0,0,0.43243243243243246,0.15384615372781063
6700.png,একটি নৌকায় একজন মানুষ আছে।,0.7999999984,0.7999999984,0.7999999934,0.7999999934,0.4999999937500001,0.7999999934,0,0,0.8947368421052632,0.6666666655555555
423066487_07757b2b49.jpg,একজন লোক একটি টেবিল পরিষ্কার করছে,0.16666666638888888,0.1999999996,0.1818181765289258,0.1818181765289258,0.0,0.1818181765289258,0,0,0.31999999999999995,0.0999999999
8430.png,একটি নৌকা দেখা যাচ্ছে।,0.49999999875,0.24999999968749997,0.33333332833333335,0.33333332833333335,0.1999999954000001,0.33333332833333335,0,0,0.34375,0.1999999998
2842865689_e37256d9ce.jpg,একজন পুরুষ বসে আছে।,0.7499999981250001,0.21428571413265304,0.33333332950617284,0.33333332950617284,0.12499999679687505,0.33333332950617284,0,0,0.37037037037037035,0.23076923059171597
6395.png,একজন পুরুষ আছে।,0.0,0.0,0.0,0.0,0.0,0.0,0,0,0.19999999999999996,0.0
DSC_9075.JPG,একজন পুরুষ দাড়িয়ে আছে।,0.249999999375,0.249999999375,0.2499999943750001,0.2499999943750001,0.0,0.2499999943750001,0,0,0.6666666666666667,0.14285714265306124
2245.png,একজন পুরুষ দাড়িয়ে আছে।,0.249999999375,0.249999999375,0.2499999943750001,0.2499999943750001,0.0,0.2499999943750001,0,0,0.2666666666666667,0.14285714265306124
516648762_0cff84ea97.jpg,একটি কালো রঙের একটি কালো রঙের একটি কালো রঙের একটি কালো রঙের একটি কালো রঙের একটি কালো রঙের একটি কালো রঙের একটি কালো রঙের একটি কালো রঙের একটি কালো রঙের একটি কালো রঙের একটি কালো রঙের একটি কালো রঙের একটি,0.0499999999875,0.16666666652777776,0.07692307334319543,0.07692307334319543,0.0,0.07692307334319543,0,0,0.226027397260274,0.1111111109876543
2372572028_53b76104a9.jpg,একটি শিশু বসে আছে,0.49999999875,0.1999999998,0.28571428122448983,0.28571428122448983,0.0,0.28571428122448983,0,0,0.38888888888888884,0.16666666652777776
1893.png,একজন নারী বসে আছে।,0.49999999875,0.2857142853061225,0.36363635834710756,0.36363635834710756,0.0,0.36363635834710756,0,0,0.3214285714285714,0.2222222219753086
1309.png,একজন পুরুষ দাড়িয়ে আছে।,0.7499999981250001,0.3333333329629629,0.4615384565680474,0.4615384565680474,0.18181817752066123,0.4615384565680474,0,0,0.4375,0.29999999969999996
IMG_0056.JPG,একটা লোক টি,0.6666666644444444,0.49999999875,0.5714285648979592,0.5714285648979592,0.39999999360000005,0.5714285648979592,0,0,0.5833333333333333,0.3999999992
707941195_4386109029.jpg,একটি কুকুর একটি কুকুর খেলছে,0.5999999988,0.3333333329629629,0.42857142336734694,0.42857142336734694,0.16666666194444454,0.42857142336734694,0,0,0.631578947368421,0.2222222219753086
IMG_2503.JPG,একটা লোক টি,0.3333333322222222,0.249999999375,0.28571428000000004,0.28571428000000004,0.0,0.28571428000000004,0,0,0.33333333333333337,0.16666666638888888
5713.png,একটি সেতুর উপর দিয়ে একজন মানুষ আছে।,0.14285714265306124,0.1999999996,0.16666666152777793,0.16666666152777793,0.0,0.16666666152777793,0,0,0.3076923076923077,0.09090909082644627
7913.png,একটি শিশু আছে।,0.6666666644444444,0.6666666644444444,0.6666666594444445,0.6666666594444445,0.4999999925000001,0.6666666594444445,0,0,0.7777777777777778,0.49999999875
7573.png,একটি কুকুর পানিতে লাফ দিচ্ছে,0.1999999996,0.1999999996,0.19999999460000012,0.19999999460000012,0.0,0.19999999460000012,0,0,0.5263157894736843,0.1111111109876543
3559993787_c49644dcc5.jpg,একজন সাইকেল চালক একটি সাইকেল নিয়ে একটি সাইকেল নিয়ে একটি সাইকেল নিয়ে একটি সাইকেল নিয়ে একটি সাইকেল নিয়ে একটি সাইকেল নিয়ে একটি সাইকেল নিয়ে একটি সাইকেল নিয়ে একটি সাইকেল নিয়ে একটি সাইকেল নিয়ে একটি সাইকেল নিয়ে একটি সাইকেল নিয়ে একটি,0.12499999996875,0.49999999949999996,0.19999999672000002,0.19999999672000002,0.12499999690104173,0.19999999672000002,0,0,0.1863354037267081,0.3999999996
8712.png,একটি শিশু একটি সৈকতে খেলছে,0.1999999996,0.1999999996,0.19999999460000012,0.19999999460000012,0.0,0.19999999460000012,0,0,0.2222222222222222,0.12499999984374999
8540.png,একটি শিশু তাকিয়ে আছে,0.49999999875,0.6666666644444444,0.5714285648979592,0.5714285648979592,0.39999999360000005,0.5714285648979592,0,0,0.6153846153846154,0.3999999992
3731.png,একটি শিশু দাড়িয়ে আছে,0.49999999875,0.2857142853061225,0.36363635834710756,0.36363635834710756,0.2222222172839507,0.36363635834710756,0,0,0.45833333333333337,0.2222222219753086
3335885203_a3fe8e541f.jpg,একদল লোক রা ফুটবল খেলছে,0.1999999996,0.3333333322222222,0.24999999468750006,0.24999999468750006,0.0,0.24999999468750006,0,0,0.6111111111111112,0.14285714265306124
DSC_9293.JPG,একজন নারী মাথায় <unk>,0.249999999375,0.12499999984374999,0.16666666194444454,0.16666666194444454,0.0,0.16666666194444454,0,0,0.33333333333333337,0.09090909082644627
3349258288_5300c40430.jpg,একটি ছেলে একটি <unk>,0.49999999875,0.1999999998,0.28571428122448983,0.28571428122448983,0.0,0.28571428122448983,0,0,0.28,0.1999999998
1449.png,একজন পুরুষ বসে আছে।,0.7499999981250001,0.5999999988,0.6666666602469137,0.6666666602469137,0.5714285648979592,0.6666666602469137,0,0,0.6666666666666667,0.49999999916666665
7009.png,একটি মন্দির।,0.4999999975,0.06666666662222222,0.11764705660899655,0.11764705660899655,0.0,0.11764705660899655,0,0,0.2666666666666667,0.0624999999609375
2376694294_9a4ecc3b90.jpg,একটি শিশু একটি পুকুরে লাফ দিচ্ছে,0.16666666638888888,0.12499999984374999,0.1428571377551022,0.1428571377551022,0.0,0.1428571377551022,0,0,0.37037037037037035,0.08333333326388888
3328646934_5cca4cebce.jpg,একজন মহিলা একটি শিশু একটি ঢেউ এর উপর দিয়ে লাফ দিচ্ছে,0.2727272724793388,0.24999999979166665,0.26086956000000006,0.26086956000000006,0.0,0.26086956000000006,0,0,0.3846153846153846,0.11764705875432525
3518755601_cebf11e515.jpg,সমুদ্রের পারে একজন পুরুষ বসে আছে।,0.16666666638888888,0.1111111109876543,0.13333332835555572,0.13333332835555572,0.0,0.13333332835555572,0,0,0.45833333333333337,0.07142857137755101
3640329164_20cb245fd5.jpg,একটি শিশু একটি পুকুরে লাফ দিচ্ছে,0.33333333277777777,0.18181818165289254,0.2352941128027682,0.2352941128027682,0.0,0.2352941128027682,0,0,0.33333333333333337,0.07692307686390532
337647771_3b819feaba.jpg,একটি শিশু একটি <unk> <unk>,0.5999999988,0.29999999969999996,0.39999999502222217,0.39999999502222217,0.15384614934911253,0.39999999502222217,0,0,0.41666666666666663,0.1999999998
3265964840_5374ed9c53.jpg,একজন লোক একটি <unk>,0.9999999975,0.30769230745562126,0.4705882311418685,0.4705882311418685,0.2666666631111111,0.4705882311418685,0,0,0.33333333333333337,0.3333333330555555
3889.png,একজন পুরুষ বসে আছে।,0.7499999981250001,0.37499999953124996,0.49999999472222234,0.49999999472222234,0.1999999954000001,0.49999999472222234,0,0,0.4285714285714286,0.3333333329629629
8309.png,একজন নারী মাথায় <unk>,0.249999999375,0.249999999375,0.2499999943750001,0.2499999943750001,0.0,0.2499999943750001,0,0,0.5333333333333333,0.14285714265306124
6091.png,একজন মহিলা একটি মেয়ে দাঁড়িয়ে আছে,0.33333333277777777,0.3999999992,0.36363635801652905,0.36363635801652905,0.2222222167901236,0.36363635801652905,0,0,0.4545454545454546,0.2222222219753086
village-house-design-ideas.jpg,একটি নৌকা থেকে <unk>,0.49999999875,0.3999999992,0.4444444385185186,0.4444444385185186,0.0,0.4444444385185186,0,0,0.375,0.2857142853061225
cow-4684904.jpg,একটি গরু ও একটি গরু নিয়ে আছে।,0.0,0.0,0.0,0.0,0.0,0.0,0,0,0.3076923076923077,0.0
3698607223_22fe09763a.jpg,একজন স্নোবোর্ডার একটি বরফের পাহাড়ে উঠছে।,0.33333333277777777,0.18181818165289254,0.2352941128027682,0.2352941128027682,0.0,0.2352941128027682,0,0,0.4,0.13333333324444444
2108799322_e25aa6e185.jpg,একটি কুকুর একটি কুকুর দৌড়াচ্ছে,0.5999999988,0.5999999988,0.5999999938,0.5999999938,0.2499999943750001,0.5999999938,0,0,0.7,0.5999999988
3591170729_406fdb74e5.jpg,একজন লোক বসে আছে,0.49999999875,0.15384615372781063,0.2352941137716263,0.2352941137716263,0.1333333299555556,0.2352941137716263,0,0,0.24390243902439024,0.14285714275510203
346095804_1259484421628369_2439464680215441902_n.jpg,একটি নৌকায় কয়েকজন মানুষ আছে।,0.1999999996,0.0999999999,0.13333332871111125,0.13333332871111125,0.0,0.13333332871111125,0,0,0.26190476190476186,0.07142857137755101
3368.png,একজন পুরুষ আছে।,0.0,0.0,0.0,0.0,0.0,0.0,0,0,0.2857142857142857,0.0
3370308329_7f2de5bb58.jpg,একজন লোক বরফের পাহাড়ে দাঁড়িয়ে আছে,0.33333333277777777,0.33333333277777777,0.3333333277777778,0.3333333277777778,0.19999999460000012,0.3333333277777778,0,0,0.4347826086956522,0.1999999998
457945610_1a23b9ced0.jpg,একটি মেয়ে একটি ঢেউ থেকে পানি থেকে পানি থেকে পানি থেকে পানি থেকে পানি থেকে পানি থেকে পানি থেকে পানি থেকে পানি থেকে পানি থেকে পানি থেকে পানি থেকে পানি থেকে পানি থেকে পানি থেকে পানি থেকে পানি থেকে পানি,0.0499999999875,0.49999999875,0.09090908921487605,0.09090908921487605,0.0476190462698413,0.09090908921487605,0,0,0.1652892561983471,0.2857142853061225
3058627443_1d57ff0a2c.jpg,একটি সার্ফার একটি ঢেউ এর উপর দিয়ে লাফ দিলো,0.3333333329629629,0.3333333329629629,0.333333327962963,0.333333327962963,0.24999999468750006,0.333333327962963,0,0,0.36363636363636365,0.21428571413265304
338.png,একজন পুরুষ দাড়িয়ে আছে।,0.0,0.0,0.0,0.0,0.0,0.0,0,0,0.24,0.0
3697.png,একটি নৌকায় একজন মানুষ আছে।,0.7999999984,0.6666666655555555,0.7272727209917357,0.7272727209917357,0.2222222167901236,0.7272727209917357,0,0,0.782608695652174,0.571428570612245
3512.png,একজন মহিলা একটি শিশু আছে।,0.3999999992,0.15384615372781063,0.22222221796296296,0.22222221796296296,0.0,0.22222221796296296,0,0,0.2777777777777778,0.124999999921875
3591.png,একজন পুরুষ বসে আছে।,0.7499999981250001,0.4285714279591837,0.5454545398347109,0.5454545398347109,0.44444443901234576,0.5454545398347109,0,0,0.4814814814814815,0.37499999953124996
632.png,একজন পুরুষ বসে আছে।,0.49999999875,0.2222222219753086,0.3076923029585799,0.3076923029585799,0.0,0.3076923029585799,0,0,0.3142857142857143,0.1999999998
2753531542_ace2c870b7.jpg,একজন লোক একটি পাথরে আরোহণ করছে,0.49999999916666665,0.24999999979166665,0.33333332851851855,0.33333332851851855,0.12499999554687513,0.33333332851851855,0,0,0.375,0.19999999986666667
1603.png,কয়েকজন পুরুষ দাড়িয়ে আছে।,0.7499999981250001,0.5999999988,0.6666666602469137,0.6666666602469137,0.28571428000000004,0.6666666602469137,0,0,0.42105263157894735,0.49999999916666665
3570.png,একটি নৌকায় কয়েকজন মানুষ আছে।,0.7999999984,0.6666666655555555,0.7272727209917357,0.7272727209917357,0.2222222167901236,0.7272727209917357,0,0,0.7727272727272727,0.571428570612245
3291587911_81fc33300e.jpg,একটি কালো কুকুর একটি <unk>,0.5999999988,0.1874999998828125,0.28571428181405895,0.28571428181405895,0.0,0.1904761866666667,0,0,0.4,0.1874999998828125
975131015_9acd25db9c.jpg,একটি কুকুর বসে আছে,0.249999999375,0.16666666638888888,0.1999999948000001,0.1999999948000001,0.0,0.1999999948000001,0,0,0.36363636363636365,0.12499999984374999
6287.png,একজন পুরুষ বসে আছে।,0.9999999975,0.49999999937499995,0.6666666611111112,0.6666666611111112,0.39999999500000005,0.6666666611111112,0,0,0.5384615384615384,0.49999999937499995
4023.png,একজন নারী আছে।,0.3333333322222222,0.3333333322222222,0.33333332722222225,0.33333332722222225,0.0,0.33333332722222225,0,0,0.6,0.1999999996
5996.png,একটি ছেলে একটি শিশু একটি <unk>,0.0,0.0,0.0,0.0,0.0,0.0,0,0,0.19512195121951215,0.0
717.png,একজন পুরুষ ছাতা নিয়ে যাচ্ছে।,0.3999999992,0.2857142853061225,0.33333332791666676,0.33333332791666676,0.0,0.33333332791666676,0,0,0.5,0.1999999998
5837.png,একজন পুরুষ আছে।,0.3333333322222222,0.08333333326388888,0.1333333299555556,0.1333333299555556,0.0,0.1333333299555556,0,0,0.3157894736842105,0.07142857137755101
3561433412_3985208d53.jpg,একটি কুকুর একটি ফ্রিসবি ধরার জন্য একটি ফ্রিসবি ধরার জন্য একটি ফ্রিসবি ধরার জন্য একটি ফ্রিসবি ধরার জন্য একটি ফ্রিসবি ধরার জন্য একটি ফ্রিসবি ধরার জন্য একটি ফ্রিসবি ধরার জন্য একটি ফ্রিসবি ধরার জন্য একটি ফ্রিসবি ধরার জন্য একটি ফ্রিসবি,0.12499999996875,0.5555555549382716,0.2040816295710121,0.2040816295710121,0.0851063801177004,0.2040816295710121,0,0,0.17159763313609466,0.4444444439506172
3589052481_059e5e2c37.jpg,একজন মহিলা এবং একজন পুরুষ এবং একজন পুরুষ এবং একজন পুরুষ এবং একজন পুরুষ এবং একজন পুরুষ এবং একজন পুরুষ এবং একজন পুরুষ এবং একজন পুরুষ এবং একজন পুরুষ এবং একজন পুরুষ এবং একজন পুরুষ এবং একজন পুরুষ এবং একজন,0.12499999996875,0.3571428568877551,0.18518518127572023,0.18518518127572023,0.15384615003698232,0.14814814425240067,0,0,0.275,0.3333333330555555
3444974984_963fb441a0.jpg,একজন মহিলা তার পিছনে কয়েকজন মানুষ আছে।,0.2857142853061225,0.24999999968749997,0.2666666613333334,0.2666666613333334,0.0,0.2666666613333334,0,0,0.39473684210526316,0.16666666652777776
4086.png,একটি গাড়ির পাশে একটি গাড়ির পাশে বসে আছে,0.12499999984374999,0.14285714265306124,0.13333332817777796,0.13333332817777796,0.0,0.13333332817777796,0,0,0.3571428571428571,0.09090909082644627
2436.png,কয়েকজন পুরুষ দাড়িয়ে আছে।,0.249999999375,0.16666666638888888,0.1999999948000001,0.1999999948000001,0.0,0.1999999948000001,0,0,0.30000000000000004,0.1111111109876543
5093.png,একটি শিশু আছে।,0.0,0.0,0.0,0.0,0.0,0.0,0,0,0.19999999999999996,0.0
472860064_a96a228796.jpg,একটি কুকুর একটি কুকুর খেলছে,0.3999999992,0.3999999992,0.39999999420000004,0.39999999420000004,0.2499999943750001,0.39999999420000004,0,0,0.6,0.33333333277777777
3213395965_2a823c6865.jpg,একজন মহিলা তার <unk> <unk> <unk>,0.33333333277777777,0.49999999875,0.3999999944,0.3999999944,0.24999999468750006,0.3999999944,0,0,0.4347826086956522,0.33333333277777777
3026102616_3cf350af9e.jpg,একটি সাদা কুকুর একটি সাদা কালো বিড়ালটি একটি সাদা কালো বিড়ালটি একটি সাদা কালো বিড়ালটি একটি সাদা কালো বিড়ালটি একটি সাদা কালো বিড়ালটি একটি সাদা কালো বিড়ালটি একটি সাদা কালো বিড়ালটি একটি সাদা কালো বিড়ালটি একটি সাদা কালো বিড়ালটি একটি,0.0499999999875,0.2222222219753086,0.08163265002915464,0.08163265002915464,0.0,0.08163265002915464,0,0,0.21476510067114096,0.18181818165289254
3604384157_99241be16e.jpg,একজন পুরুষ ও একজন পুরুষ ও একজন পুরুষ ও একজন পুরুষ ও একজন পুরুষ ও একজন পুরুষ ও একজন পুরুষ ও একজন পুরুষ ও একজন পুরুষ ও একজন পুরুষ ও একজন পুরুষ ও একজন পুরুষ ও একজন পুরুষ ও একজন,0.0,0.0,0.0,0.0,0.0,0.0,0,0,0.1768707482993197,0.0
7356.png,একজন পুরুষ ও একজন পুরুষ ও একজন পুরুষ ও একজন পুরুষ ও একজন পুরুষ ও একজন পুরুষ ও একজন পুরুষ ও একজন পুরুষ ও একজন পুরুষ ও একজন পুরুষ ও একজন পুরুষ ও একজন পুরুষ ও একজন পুরুষ ও একজন,0.0499999999875,0.33333333277777777,0.08695651943289232,0.08695651943289232,0.045454543419421574,0.08695651943289232,0,0,0.12244897959183676,0.2857142853061225
6390.png,একজন পুরুষ দাড়িয়ে আছে।,0.7499999981250001,0.49999999916666665,0.5999999940000001,0.5999999940000001,0.24999999468750006,0.5999999940000001,0,0,0.7142857142857143,0.4285714279591837
2417341107_97dbab9c5e.jpg,একটি ছেলে সমুদ্রের দিকে তাকিয়ে আছে,0.33333333277777777,0.2857142853061225,0.3076923022485208,0.3076923022485208,0.1818181765289258,0.3076923022485208,0,0,0.3913043478260869,0.18181818165289254
2928835996_88b9f9503d.jpg,কয়েকজন মানুষ আছে।,0.3333333322222222,0.1999999996,0.24999999468750006,0.24999999468750006,0.0,0.24999999468750006,0,0,0.3529411764705882,0.14285714265306124
758.png,একজন পুরুষ ও একজন পুরুষ বসে আছে,0.2857142853061225,0.14285714275510203,0.19047618585034026,0.19047618585034026,0.0,0.19047618585034026,0,0,0.28,0.124999999921875
3039675864_0b7961844d.jpg,একজন পুরুষ ও একজন পুরুষ ও একজন পুরুষ ও একজন পুরুষ ও একজন পুরুষ ও একজন পুরুষ ও একজন পুরুষ ও একজন পুরুষ ও একজন পুরুষ ও একজন পুরুষ ও একজন পুরুষ ও একজন পুরুষ ও একজন পুরুষ ও একজন,0.02499999999375,0.1999999996,0.0444444424493828,0.0444444424493828,0.0,0.0444444424493828,0,0,0.18367346938775508,0.14285714265306124
6487.png,একজন পুরুষ বসে আছে।,0.249999999375,0.0999999999,0.14285713857142868,0.14285713857142868,0.0,0.14285713857142868,0,0,0.2647058823529411,0.07692307686390532
388.png,একজন পুরুষ দাড়িয়ে আছে।,0.249999999375,0.0999999999,0.14285713857142868,0.14285713857142868,0.0,0.14285713857142868,0,0,0.28205128205128205,0.08333333326388888
954.png,একজন নারী দাড়িয়ে আছে,0.249999999375,0.16666666638888888,0.1999999948000001,0.1999999948000001,0.0,0.1999999948000001,0,0,0.4736842105263158,0.1111111109876543
639.png,একটি শিশু দাড়িয়ে আছে,0.0,0.0,0.0,0.0,0.0,0.0,0,0,0.26086956521739135,0.0
7015.png,একটি শিশু একটি মুরগি ও একটি মুরগি ও একটি মুরগি ও একটি মুরগি ও একটি মুরগি ও একটি মুরগি ও একটি মুরগি ও একটি মুরগি ও একটি মুরগি ও একটি মুরগি ও একটি মুরগি ও একটি মুরগি ও একটি মুরগি,0.07499999998125,0.4285714279591837,0.12765957187867819,0.12765957187867819,0.04444444211358036,0.12765957187867819,0,0,0.11194029850746268,0.2857142853061225
7945.png,একজন পুরুষ একটি শিশু আছে।,0.3999999992,0.49999999875,0.4444444385185186,0.4444444385185186,0.28571428000000004,0.4444444385185186,0,0,0.40909090909090906,0.2857142853061225
IMG_4884.JPG,একজন নারী মাথায় <unk>,0.249999999375,0.3333333322222222,0.28571428000000004,0.28571428000000004,0.0,0.28571428000000004,0,0,0.4,0.16666666638888888
6422.png,লোকটির মুখে মোজ,0.0,0.0,0.0,0.0,0.0,0.0,0,0,0.2666666666666667,0.0
1676601498_7d59327523.jpg,একজন লোক পাহাড়ের চূড়ায় দাঁড়িয়ে আছে,0.49999999916666665,0.2727272724793388,0.3529411714878893,0.3529411714878893,0.13333332871111125,0.3529411714878893,0,0,0.38095238095238093,0.21428571413265304
3463.png,একটি নৌকায় একজন মানুষ আছে।,0.9999999980000001,0.8333333319444445,0.909090902479339,0.909090902479339,0.6666666602469137,0.909090902479339,0,0,0.8636363636363636,0.8333333319444445
516394876_8b9b8021bc.jpg,একজন লোক একটি <unk> <unk> <unk> <unk> <unk> <unk> <unk> <unk> <unk> <unk> <unk> <unk> <unk> <unk> <unk> <unk> <unk> <unk> <unk> <unk> <unk> <unk> <unk> <unk> <unk> <unk> <unk> <unk> <unk> <unk> <unk> <unk> <unk> <unk> <unk> <unk> <unk>,0.099999999975,0.3636363633057851,0.15686274165321037,0.15686274165321037,0.043478258270321514,0.11764705539407928,0,0,0.11949685534591192,0.1999999998
3103340819_46de7954a9.jpg,একটি শিশু একটি সাদা কুকুর একটি বল নিয়ে খেলছে,0.2222222219753086,0.18181818165289254,0.19999999485000008,0.19999999485000008,0.0,0.19999999485000008,0,0,0.37777777777777777,0.06666666662222222
3530502404_f8c3a3f61c.jpg,একজন লোক একটি মোটরসাইকেলে থাকা একজন লোক একটি মোটরসাইকেলে বসে আছে,0.45454545413223135,0.41666666631944443,0.4347826033270321,0.4347826033270321,0.2608695600756144,0.4347826033270321,0,0,0.5625,0.3571428568877551
3530087422_7eb2b2c289.jpg,একটি গাড়ির নিচে নামছে,0.249999999375,0.07142857137755101,0.1111111075308643,0.1111111075308643,0.0,0.1111111075308643,0,0,0.22580645161290325,0.07142857137755101
4443.png,একটি গাড়ি দেখা যাচ্ছে,0.249999999375,0.16666666638888888,0.1999999948000001,0.1999999948000001,0.0,0.1999999948000001,0,0,0.37037037037037035,0.1111111109876543
2587818583_4aa8e7b174.jpg,একটি শিশু একটি শিশু একটি শিশু একটি শিশু একটি শিশু একটি শিশু একটি শিশু একটি শিশু একটি শিশু একটি শিশু একটি শিশু একটি শিশু একটি শিশু একটি শিশু একটি শিশু একটি শিশু একটি শিশু একটি শিশু একটি শিশু একটি শিশু,0.0499999999875,0.11764705875432525,0.07017543438596516,0.07017543438596516,0.0,0.07017543438596516,0,0,0.2230215827338129,0.16666666638888888
1215.png,একজন পুরুষ দাড়িয়ে আছে।,0.49999999875,0.1999999998,0.28571428122448983,0.28571428122448983,0.0,0.28571428122448983,0,0,0.30000000000000004,0.16666666652777776
3433259846_800a6079f0.jpg,একটি মেয়ে একটি বল নিয়ে খেলছে,0.16666666638888888,0.1999999996,0.1818181765289258,0.1818181765289258,0.0,0.1818181765289258,0,0,0.4,0.1111111109876543
2428086758_bce4733f7e.jpg,একটি কুকুর একটি কুকুর দৌড়াচ্ছে,0.5999999988,0.3333333329629629,0.42857142336734694,0.42857142336734694,0.16666666194444454,0.42857142336734694,0,0,0.5,0.2222222219753086
7467.png,একটি শিশু একটি গাছের নিচে একটি গাছের নিচে একটি গাছের নিচে একটি গাছের নিচে একটি গাছের নিচে একটি গাছের নিচে একটি গাছের নিচে একটি গাছের নিচে একটি গাছের নিচে একটি গাছের নিচে একটি গাছের নিচে একটি গাছের নিচে একটি গাছের,0.0,0.0,0.0,0.0,0.0,0.0,0,0,0.15068493150684936,0.0
3690189273_927d42ff43.jpg,একজন মহিলা একটি <unk> <unk> <unk> <unk> <unk> <unk> <unk> <unk> <unk> <unk> <unk> <unk> <unk> <unk> <unk> <unk> <unk> <unk> <unk> <unk> <unk> <unk> <unk> <unk> <unk> <unk> <unk> <unk> <unk> <unk> <unk> <unk> <unk> <unk> <unk> <unk> <unk>,0.0499999999875,0.24999999968749997,0.08333333052083343,0.08333333052083343,0.043478258270321514,0.08333333052083343,0,0,0.09375,0.1999999998
6198.png,একজন পুরুষ বসে আছে।,0.7499999981250001,0.7499999981250001,0.7499999931250001,0.7499999931250001,0.33333332722222225,0.7499999931250001,0,0,0.8571428571428572,0.5999999988
7575.png,একজন নারী ও একজন নারী ও একজন নারী ও একজন নারী ও একজন নারী ও একজন নারী ও একজন নারী ও একজন নারী ও একজন নারী ও একজন নারী ও একজন নারী ও একজন নারী ও একজন নারী ও একজন,0.02499999999375,0.14285714265306124,0.04255318893617037,0.04255318893617037,0.0,0.04255318893617037,0,0,0.14179104477611937,0.1111111109876543
5521.png,লোকটির মুখে মোজ,0.0,0.0,0.0,0.0,0.0,0.0,0,0,0.2666666666666667,0.0
8302.png,একজন মানুষ আছে।,0.3333333322222222,0.1111111109876543,0.16666666263888896,0.16666666263888896,0.0,0.16666666263888896,0,0,0.23529411764705888,0.09090909082644627
7705.png,একজন পুরুষ বসে আছে।,0.49999999875,0.49999999875,0.4999999937500001,0.4999999937500001,0.33333332722222225,0.4999999937500001,0,0,0.5,0.33333333277777777
3603116579_4a28a932e2.jpg,বেসবল প্লেয়ার বেসে <unk>,0.49999999875,0.2222222219753086,0.3076923029585799,0.3076923029585799,0.0,0.2499999943750001,0,0,0.5,0.18181818165289254
1024138940_f1fefbdce1.jpg,দুটি কুকুর খেলছে,0.9999999966666667,0.4285714279591837,0.5999999946000001,0.5999999946000001,0.49999999500000003,0.5999999946000001,0,0,0.5263157894736843,0.4285714279591837
3004.png,একজন পুরুষ বসে আছে।,0.249999999375,0.08333333326388888,0.1249999960937501,0.1249999960937501,0.0,0.1249999960937501,0,0,0.4285714285714286,0.06666666662222222
448590900_db83c42006.jpg,একটি কুকুর একটি মাঠে দৌড়াচ্ছে,0.5999999988,0.5999999988,0.5999999938,0.5999999938,0.36363635834710756,0.5999999938,0,0,0.6,0.49999999916666665
2748729903_3c7c920c4d.jpg,একটি নৌকায় কয়েকজন মানুষ আছে।,0.1999999996,0.14285714265306124,0.16666666152777793,0.16666666152777793,0.0,0.16666666152777793,0,0,0.40740740740740744,0.09090909082644627
3268443910_b36dbc1e5c.jpg,একজন টেনিস খেলোয়াড় বলে আঘাত করার জন্য প্রস্তুত করার জন্য প্রস্তুত করার জন্য প্রস্তুত করার জন্য প্রস্তুত করার জন্য প্রস্তুত করার জন্য প্রস্তুত করার জন্য প্রস্তুত করার জন্য প্রস্তুত করার জন্য প্রস্তুত করার জন্য প্রস্তুত করার জন্য প্রস্তুত করার জন্য,0.12499999996875,0.8333333319444445,0.21739130198487713,0.21739130198487713,0.1818181797210744,0.21739130198487713,0,0,0.15934065934065933,0.5555555549382716
8888.png,একজন পুরুষ বসে আছে।,0.49999999875,0.3999999992,0.4444444385185186,0.4444444385185186,0.28571428000000004,0.4444444385185186,0,0,0.55,0.2857142853061225
inbound334067910418498238.jpg,একজন পুরুষ ও একজন পুরুষ ও একজন পুরুষ ও একজন পুরুষ ও একজন পুরুষ ও একজন পুরুষ ও একজন পুরুষ ও একজন পুরুষ ও একজন পুরুষ ও একজন পুরুষ ও একজন পুরুষ ও একজন পুরুষ ও একজন পুরুষ ও একজন,0.02499999999375,0.16666666638888888,0.04347825858223074,0.04347825858223074,0.0,0.04347825858223074,0,0,0.108843537414966,0.12499999984374999
2759.png,একজন মহিলা একসাথে বসে আছে।,0.1999999996,0.3333333322222222,0.24999999468750006,0.24999999468750006,0.0,0.24999999468750006,0,0,0.3157894736842105,0.14285714265306124
2283.png,একজন নারী মাথায় <unk> <unk> <unk> <unk> <unk> <unk> <unk> <unk> <unk> <unk> <unk> <unk> <unk> <unk> <unk> <unk> <unk> <unk> <unk> <unk> <unk> <unk> <unk> <unk> <unk> <unk> <unk> <unk> <unk> <unk> <unk> <unk> <unk> <unk> <unk> <unk> <unk>,0.02499999999375,0.1111111109876543,0.04081632351520222,0.04081632351520222,0.0,0.04081632351520222,0,0,0.08805031446540879,0.08333333326388888
7548.png,কয়েকজন মানুষ দাড়িয়ে আছে,0.49999999875,0.18181818165289254,0.26666666240000003,0.26666666240000003,0.15384615005917168,0.26666666240000003,0,0,0.33333333333333337,0.16666666652777776
3197917064_e679a44b8e.jpg,একটি কুকুর বরফের মধ্যে দৌড়াচ্ছে,0.9999999980000001,0.5555555549382716,0.7142857086734694,0.7142857086734694,0.33333332833333335,0.5714285660204083,0,0,0.5625,0.5555555549382716
7285.png,একজন লোক একটি <unk> <unk> <unk> <unk> <unk> <unk> <unk> <unk> <unk> <unk> <unk> <unk> <unk> <unk> <unk> <unk> <unk> <unk> <unk> <unk> <unk> <unk> <unk> <unk> <unk> <unk> <unk> <unk> <unk> <unk> <unk> <unk> <unk> <unk> <unk> <unk> <unk>,0.02499999999375,0.07692307686390532,0.03773584533997901,0.03773584533997901,0.0,0.03773584533997901,0,0,0.08176100628930816,0.0624999999609375
2512876666_9da03f9589.jpg,একজন লোক পাহাড়ের চূড়ায় দাঁড়িয়ে আছে,0.49999999916666665,0.2727272724793388,0.3529411714878893,0.3529411714878893,0.249999995390625,0.3529411714878893,0,0,0.45238095238095233,0.23076923059171597
3126773489_7ae425af17.jpg,একজন বাস্কেটবল খেলোয়াড় বল নিয়ে খেলছে,0.49999999916666665,0.5999999988,0.5454545395041324,0.5454545395041324,0.3076923024852071,0.5454545395041324,0,0,0.7692307692307692,0.37499999953124996
1498.png,একজন পুরুষ বসে আছে,0.49999999875,0.24999999968749997,0.33333332833333335,0.33333332833333335,0.0,0.33333332833333335,0,0,0.3448275862068966,0.2222222219753086
522.png,একজন নারী বসে আছে।,0.7499999981250001,0.29999999969999996,0.42857142387755104,0.42857142387755104,0.16666666263888896,0.42857142387755104,0,0,0.303030303030303,0.3333333329629629
3254662117_b2e7dede6e.jpg,একটি মেয়ে একটি মেয়ে একটি <unk> <unk>,0.14285714265306124,0.12499999984374999,0.13333332817777796,0.13333332817777796,0.0,0.13333332817777796,0,0,0.2962962962962963,0.09090909082644627
3458434150_2b0d619244.jpg,একজন লোক পাথরের চূড়ায় আরোহণ করছে,0.6666666655555555,0.49999999937499995,0.5714285657142858,0.5714285657142858,0.33333332791666676,0.5714285657142858,0,0,0.75,0.3999999996
6329.png,একজন পুরুষ দাড়িয়ে আছে।,0.0,0.0,0.0,0.0,0.0,0.0,0,0,0.38888888888888884,0.0
3523559027_a65619a34b.jpg,কয়েকজন মানুষ আছে।,0.3333333322222222,0.0999999999,0.15384615005917168,0.15384615005917168,0.0,0.15384615005917168,0,0,0.26315789473684215,0.09090909082644627
3232470286_903a61ea16.jpg,একটি ফুটবল দল একটি <unk>,0.7999999984,0.3999999996,0.5333333281777778,0.5333333281777778,0.0,0.5333333281777778,0,0,0.5789473684210527,0.29999999969999996
7847.png,একজন পুরুষ এবং পিছনে কয়েকজন মানুষ হেঁটে আসছে।,0.37499999953124996,0.29999999969999996,0.3333333280246914,0.3333333280246914,0.12499999492187522,0.3333333280246914,0,0,0.4390243902439024,0.19999999986666667
1813597483_3f09d2a020.jpg,একটি কালো কুকুর একটি কুকুর লাফ দিচ্ছে,0.7142857132653061,0.45454545413223135,0.5555555501851852,0.5555555501851852,0.37499999484375,0.5555555501851852,0,0,0.53125,0.3636363633057851
2923475135_a6b6e13d26.jpg,একজন লোক একটি <unk>,0.7499999981250001,0.23076923059171597,0.35294117245674744,0.35294117245674744,0.1333333299555556,0.35294117245674744,0,0,0.33333333333333337,0.21428571413265304
4841.png,একটি সেতুর উপর দিয়ে একটি সেতুর উপর দিয়ে একটি সেতুর উপর দিয়ে একটি সেতুর উপর দিয়ে একটি সেতুর উপর দিয়ে একটি সেতুর উপর দিয়ে একটি সেতুর উপর দিয়ে একটি সেতুর উপর দিয়ে একটি সেতুর উপর দিয়ে একটি সেতুর উপর দিয়ে,0.02499999999375,0.3333333322222222,0.04651162658734455,0.04651162658734455,0.0,0.04651162658734455,0,0,0.06040268456375841,0.16666666638888888
1131340021_83f46b150a.jpg,একটি ছেলে একটি <unk> থেকে লাফ দিচ্ছে,0.14285714265306124,0.08333333326388888,0.1052631531301941,0.1052631531301941,0.0,0.1052631531301941,0,0,0.3870967741935484,0.05882352937716263
3648988742_888a16f600.jpg,একটি শিশু একটি <unk> <unk> <unk> <unk> <unk> <unk> <unk> <unk> <unk> <unk> <unk> <unk> <unk> <unk> <unk> <unk> <unk> <unk> <unk> <unk> <unk> <unk> <unk> <unk> <unk> <unk> <unk> <unk> <unk> <unk> <unk> <unk> <unk> <unk> <unk> <unk> <unk>,0.0499999999875,0.1999999998,0.07999999676800014,0.07999999676800014,0.0,0.07999999676800014,0,0,0.10126582278481011,0.14285714265306124
IMG_20220915_165948.jpg,একজন পুরুষ বসে আছে।,0.249999999375,0.16666666638888888,0.1999999948000001,0.1999999948000001,0.0,0.1999999948000001,0,0,0.4782608695652174,0.1111111109876543
2255332561_3375897ff0.jpg,একজন লোক পাহাড়ের চূড়ায় দাঁড়িয়ে আছে,0.6666666655555555,0.3999999996,0.4999999946875,0.4999999946875,0.2857142807142858,0.4999999946875,0,0,0.6666666666666667,0.3333333330555555
2800934095_b84a5009dd.jpg,একটি কুকুর একটি কুকুর দৌড়াচ্ছে,0.5999999988,0.49999999916666665,0.5454545395041324,0.5454545395041324,0.4444444385185186,0.5454545395041324,0,0,0.6190476190476191,0.49999999916666665
2502079538_10ef2e976b.jpg,একটি শিশু একটি <unk>,0.9999999975,0.3333333330555555,0.49999999562499997,0.49999999562499997,0.0,0.49999999562499997,0,0,0.33333333333333337,0.29999999969999996
337.png,একজন মহিলা বসে আছে,0.7499999981250001,0.21428571413265304,0.33333332950617284,0.33333332950617284,0.24999999664062497,0.33333332950617284,0,0,0.27450980392156865,0.21428571413265304
892340814_bdd61e10a4.jpg,একজন লোক পাথরে আরোহণ করছে,0.3999999992,0.3999999992,0.39999999420000004,0.39999999420000004,0.2499999943750001,0.39999999420000004,0,0,0.65,0.24999999968749997
7601.png,এটি একটি গাছের নিচে একটি গাছের নিচে একটি গাছের নিচে একটি গাছের নিচে একটি গাছের নিচে একটি গাছের নিচে একটি গাছের নিচে একটি গাছের নিচে একটি গাছের নিচে একটি গাছের নিচে একটি গাছের নিচে একটি গাছের নিচে একটি গাছের নিচে,0.0499999999875,0.124999999921875,0.07142856732142881,0.07142856732142881,0.0,0.07142856732142881,0,0,0.2551724137931034,0.124999999921875
5360.png,একটি নৌকা দেখা যাচ্ছে।,0.249999999375,0.14285714265306124,0.1818181768595043,0.1818181768595043,0.0,0.1818181768595043,0,0,0.33333333333333337,0.0999999999
1634.png,একজন পুরুষ বসে আছে।,0.7499999981250001,0.21428571413265304,0.33333332950617284,0.33333332950617284,0.16666666263888896,0.33333332950617284,0,0,0.24390243902439024,0.19999999986666667
7455.png,একটি নৌকায় একজন পুরুষ আছে।,0.0,0.0,0.0,0.0,0.0,0.0,0,0,0.3157894736842105,0.0
130151401.jpg,একজন পুরুষ বসে আছে,0.249999999375,0.14285714265306124,0.1818181768595043,0.1818181768595043,0.0,0.1818181768595043,0,0,0.23333333333333328,0.0999999999
9146.png,একজন পুরুষ বসে আছে।,0.7499999981250001,0.49999999916666665,0.5999999940000001,0.5999999940000001,0.24999999468750006,0.5999999940000001,0,0,0.5454545454545454,0.4285714279591837
5914.png,একটি শিশু একটি <unk> <unk> <unk> <unk> <unk> <unk> <unk> <unk> <unk> <unk> <unk> <unk> <unk> <unk> <unk> <unk> <unk> <unk> <unk> <unk> <unk> <unk> <unk> <unk> <unk> <unk> <unk> <unk> <unk> <unk> <unk> <unk> <unk> <unk> <unk> <unk> <unk>,0.02499999999375,0.0999999999,0.039999996784000263,0.039999996784000263,0.0,0.039999996784000263,0,0,0.069620253164557,0.08333333326388888
244870123_dcb6e53643.jpg,একটি কুকুর একটি কুকুর খেলছে,0.3999999992,0.3999999992,0.39999999420000004,0.39999999420000004,0.2499999943750001,0.39999999420000004,0,0,0.631578947368421,0.33333333277777777
3640.png,একজন পুরুষ ছাতা নিয়ে রাস্তা দিয়ে একজন পুরুষ ছাতা নিয়ে রাস্তা দিয়ে একজন পুরুষ ছাতা নিয়ে রাস্তা দিয়ে একজন পুরুষ ছাতা নিয়ে রাস্তা দিয়ে একজন পুরুষ ছাতা নিয়ে রাস্তা দিয়ে একজন পুরুষ ছাতা নিয়ে রাস্তা দিয়ে একজন পুরুষ ছাতা নিয়ে,0.0499999999875,0.1999999998,0.07999999676800014,0.07999999676800014,0.04166666360243077,0.07999999676800014,0,0,0.18493150684931503,0.14285714275510203
1427.png,একজন লোক একটি <unk> <unk> <unk> <unk> <unk> <unk> <unk> <unk> <unk> <unk> <unk> <unk> <unk> <unk> <unk> <unk> <unk> <unk> <unk> <unk> <unk> <unk> <unk> <unk> <unk> <unk> <unk> <unk> <unk> <unk> <unk> <unk> <unk> <unk> <unk> <unk> <unk>,0.02499999999375,0.0999999999,0.039999996784000263,0.039999996784000263,0.0,0.039999996784000263,0,0,0.07547169811320753,0.0999999999
4753.png,একজন পুরুষ বসে আছে।,0.249999999375,0.12499999984374999,0.16666666194444454,0.16666666194444454,0.0,0.16666666194444454,0,0,0.2962962962962963,0.09090909082644627
2073105823_6dacade004.jpg,একজন স্কেটবোর্ডার একটি <unk>,0.49999999875,0.33333333277777777,0.3999999944,0.3999999944,0.0,0.3999999944,0,0,0.5,0.24999999968749997
3728695560_00ec1ca492.jpg,একজন পুরুষ বসে আছে।,0.249999999375,0.06666666662222222,0.10526315445983389,0.10526315445983389,0.0,0.10526315445983389,0,0,0.21739130434782605,0.0624999999609375
6077.png,একজন বাচ্চা মেয়ে বসে আছে।,0.3999999992,0.2857142853061225,0.33333332791666676,0.33333332791666676,0.0,0.33333332791666676,0,0,0.41666666666666663,0.1999999998
539750844_02a07ec524.jpg,একটি কুকুর একটি কুকুর একটি কুকুর দৌড়াচ্ছে,0.4285714279591837,0.4285714279591837,0.42857142295918377,0.42857142295918377,0.3333333277777778,0.42857142295918377,0,0,0.5357142857142857,0.2857142853061225
2510197716_fddca0ac75.jpg,একটি শিশু একটি <unk>,0.49999999875,0.6666666644444444,0.5714285648979592,0.5714285648979592,0.39999999360000005,0.5714285648979592,0,0,0.3571428571428571,0.49999999875
1645.png,একজন পুরুষ বসে আছে।,0.249999999375,0.14285714265306124,0.1818181768595043,0.1818181768595043,0.0,0.1818181768595043,0,0,0.33333333333333337,0.1111111109876543
1433142189_cda8652603.jpg,একটি শিশু একটি পাহাড়ে দাঁড়িয়ে আছে,0.33333333277777777,0.24999999968749997,0.2857142804081633,0.2857142804081633,0.0,0.2857142804081633,0,0,0.42307692307692313,0.18181818165289254
6761.png,একজন পুরুষ দাড়িয়ে আছে।,0.249999999375,0.1111111109876543,0.15384614934911253,0.15384614934911253,0.0,0.15384614934911253,0,0,0.2666666666666667,0.08333333326388888
150.png,একজন পুরুষ দাড়িয়ে আছে,0.0,0.0,0.0,0.0,0.0,0.0,0,0,0.25,0.0
1187593464_ce862352c6.jpg,একটি কুকুর একটি ফ্রিসবি নিয়ে দৌড়াচ্ছে,0.6666666655555555,0.49999999937499995,0.5714285657142858,0.5714285657142858,0.33333332791666676,0.5714285657142858,0,0,0.7083333333333333,0.4444444439506172
3180806542_49b6de312d.jpg,একজন স্কিয়ার একটি পাহাড়ের চূড়ায় দাঁড়িয়ে আছে,0.14285714265306124,0.1999999996,0.16666666152777793,0.16666666152777793,0.0,0.16666666152777793,0,0,0.3793103448275862,0.0999999999
2446601467_a35841cb1d.jpg,একটি শিশু একটি শিশু বসে আছে,0.33333333277777777,0.24999999968749997,0.2857142804081633,0.2857142804081633,0.15384614887573977,0.2857142804081633,0,0,0.42105263157894735,0.1999999998
6929.png,একটি গরু নিয়ে যাচ্ছে।,0.249999999375,0.09090909082644627,0.13333332924444455,0.13333332924444455,0.0,0.13333332924444455,0,0,0.31034482758620685,0.07142857137755101
8172.png,একজন পুরুষ বসে আছে।,0.7499999981250001,0.9999999966666667,0.8571428497959185,0.8571428497959185,0.39999999360000005,0.8571428497959185,0,0,0.7857142857142857,0.7499999981250001
3514297698_0512623955.jpg,একটি কুকুর একটি কুকুর সাঁতার কাটছে।,0.49999999916666665,0.37499999953124996,0.4285714230612245,0.4285714230612245,0.33333332791666676,0.4285714230612245,0,0,0.5333333333333333,0.2222222219753086
3431860810_44277cd360.jpg,একটি কুকুর একটি কুকুর খেলছে,0.5999999988,0.24999999979166665,0.3529411719031142,0.3529411719031142,0.0,0.3529411719031142,0,0,0.37209302325581395,0.1999999998
8860.png,একটি নৌকা থেকে দূরে কিছু নৌকা থেকে দূরে নৌকা থেকে দূরে নৌকা থেকে দূরে নৌকা থেকে দূরে নৌকা থেকে দূরে নৌকা থেকে দূরে নৌকা থেকে দূরে নৌকা থেকে দূরে নৌকা থেকে দূরে নৌকা থেকে দূরে নৌকা থেকে দূরে নৌকা থেকে,0.02499999999375,0.09090909082644627,0.03921568287581729,0.03921568287581729,0.0,0.03921568287581729,0,0,0.22499999999999998,0.06666666662222222
442918418_0f29c97fa9.jpg,একটি কুকুর একটি কুকুর খেলছে,0.3999999992,0.49999999875,0.4444444385185186,0.4444444385185186,0.28571428000000004,0.4444444385185186,0,0,0.4736842105263158,0.3999999992
8112.png,একজন পুরুষ ও একজন পুরুষ ও একজন পুরুষ ও একজন পুরুষ ও একজন পুরুষ ও একজন পুরুষ ও একজন পুরুষ ও একজন পুরুষ ও একজন পুরুষ ও একজন পুরুষ ও একজন পুরুষ ও একজন পুরুষ ও একজন পুরুষ ও একজন,0.02499999999375,0.14285714265306124,0.04255318893617037,0.04255318893617037,0.0,0.04255318893617037,0,0,0.12244897959183676,0.1111111109876543
1654.png,একজন পুরুষ দাড়িয়ে আছে।,0.9999999975,0.49999999937499995,0.6666666611111112,0.6666666611111112,0.39999999500000005,0.6666666611111112,0,0,0.4838709677419355,0.49999999937499995
1469.png,একজন পুরুষ বসে আছে।,0.49999999875,0.10526315783933518,0.17391304045368622,0.17391304045368622,0.0,0.17391304045368622,0,0,0.33333333333333337,0.09523809519274376
2953.png,একজন পুরুষ দাড়িয়ে আছে।,0.49999999875,0.2857142853061225,0.36363635834710756,0.36363635834710756,0.18181817752066123,0.36363635834710756,0,0,0.4444444444444444,0.2222222219753086
1378557186.jpg,একটি কুকুর একটি কুকুর খেলছে,0.5999999988,0.29999999969999996,0.39999999502222217,0.39999999502222217,0.15384614934911253,0.39999999502222217,0,0,0.3928571428571429,0.1999999998
3258472448_75cfab5e6f.jpg,একজন পুরুষ ও একজন পুরুষ ও একজন পুরুষ ও একজন পুরুষ ও একজন পুরুষ ও একজন পুরুষ ও একজন পুরুষ ও একজন পুরুষ ও একজন পুরুষ ও একজন পুরুষ ও একজন পুরুষ ও একজন পুরুষ ও একজন পুরুষ ও একজন,0.02499999999375,0.06666666662222222,0.036363632383471504,0.036363632383471504,0.0,0.036363632383471504,0,0,0.217687074829932,0.05882352937716263
2620113705_a8fa89b8f6.jpg,একটি কুকুর একটি কুকুর খেলছে,0.5999999988,0.37499999953124996,0.46153845609467453,0.46153845609467453,0.2499999943750001,0.46153845609467453,0,0,0.5,0.33333333277777777
6604.png,একজন বাচ্চা মেয়ে বসে আছে।,0.3999999992,0.33333333277777777,0.36363635801652905,0.36363635801652905,0.0,0.36363635801652905,0,0,0.4,0.2222222219753086
7477.png,একজন পুরুষ দাড়িয়ে আছে।,0.7499999981250001,0.37499999953124996,0.49999999472222234,0.49999999472222234,0.0,0.49999999472222234,0,0,0.4193548387096774,0.3333333329629629
1527.png,কয়েকজন পুরুষ বসে আছে।,0.249999999375,0.12499999984374999,0.16666666194444454,0.16666666194444454,0.0,0.16666666194444454,0,0,0.2692307692307693,0.0999999999
957230475_48f4285ffe.jpg,একটি শিশু একটি <unk> <unk> <unk> <unk> <unk> <unk> <unk> <unk> <unk> <unk> <unk> <unk> <unk> <unk> <unk> <unk> <unk> <unk> <unk> <unk> <unk> <unk> <unk> <unk> <unk> <unk> <unk> <unk> <unk> <unk> <unk> <unk> <unk> <unk> <unk> <unk> <unk>,0.07499999998125,0.19999999986666667,0.10909090508429765,0.10909090508429765,0.04166666360243077,0.10909090508429765,0,0,0.14556962025316456,0.18181818165289254
5817.png,একটি সেতুর উপর দিয়ে একটি সেতুর উপর বসে আছে,0.3333333329629629,0.24999999979166665,0.28571428054421777,0.28571428054421777,0.10526315290858747,0.28571428054421777,0,0,0.37209302325581395,0.19999999986666667
8499.png,একজন পুরুষ দাড়িয়ে আছে।,0.249999999375,0.3333333322222222,0.28571428000000004,0.28571428000000004,0.0,0.28571428000000004,0,0,0.4666666666666667,0.16666666638888888
496129405_b9feeda1ab.jpg,একটি কুকুর একটি কুকুর খেলছে,0.3999999992,0.49999999875,0.4444444385185186,0.4444444385185186,0.0,0.4444444385185186,0,0,0.5789473684210527,0.3999999992
1566117559_f5d98fbeb0.jpg,একটি কুকুর একটি কুকুর একটি <unk>,0.33333333277777777,0.3999999992,0.36363635801652905,0.36363635801652905,0.2222222167901236,0.36363635801652905,0,0,0.4347826086956522,0.33333333277777777
3132832452_c354c6396c.jpg,একদল লোক একটি টেবিল এর সামনে বসে আছে,0.49999999937499995,0.26666666648888887,0.3478260821172023,0.3478260821172023,0.19047618585034026,0.3478260821172023,0,0,0.42105263157894735,0.2222222220987654
IMG_20220921_124946.jpg,একজন পুরুষ বসে আছে,0.9999999975,0.7999999984,0.8888888819753088,0.8888888819753088,0.5714285648979592,0.8888888819753088,0,0,0.7,0.7999999984
3139.png,একটি শিশু পানিতে নেমে পানিতে নেমে পানিতে নেমে পানিতে নেমে পানিতে নেমে পানিতে নেমে পানিতে নেমে পানিতে নেমে পানিতে নেমে পানিতে নেমে পানিতে নেমে পানিতে নেমে পানিতে নেমে পানিতে নেমে পানিতে নেমে পানিতে নেমে পানিতে নেমে পানিতে নেমে পানিতে নেমে,0.02499999999375,0.1999999996,0.0444444424493828,0.0444444424493828,0.0,0.0444444424493828,0,0,0.12230215827338131,0.12499999984374999
285586547_c81f8905a1.jpg,একজন লোক একটি <unk>,0.49999999875,0.24999999968749997,0.33333332833333335,0.33333332833333335,0.1999999954000001,0.33333332833333335,0,0,0.33333333333333337,0.1999999998
2056.png,একজন নারী দাড়িয়ে আছে।,0.249999999375,0.3333333322222222,0.28571428000000004,0.28571428000000004,0.0,0.28571428000000004,0,0,0.5,0.16666666638888888
1394396709_65040d97ab.jpg,একটি কুকুর পানিতে লাফ দিলো,0.5999999988,0.2727272724793388,0.374999995234375,0.374999995234375,0.1818181768595043,0.374999995234375,0,0,0.4642857142857143,0.24999999979166665
IMG_2762.JPG,একজন পুরুষ বসে আছে,0.249999999375,0.249999999375,0.2499999943750001,0.2499999943750001,0.0,0.2499999943750001,0,0,0.4285714285714286,0.14285714265306124
143.png,একজন পুরুষ দাড়িয়ে আছে।,0.49999999875,0.24999999968749997,0.33333332833333335,0.33333332833333335,0.0,0.33333332833333335,0,0,0.2666666666666667,0.1999999998
2634.png,একজন পুরুষ দাড়িয়ে আছে।,0.249999999375,0.14285714265306124,0.1818181768595043,0.1818181768595043,0.0,0.1818181768595043,0,0,0.29166666666666663,0.0999999999
7850.png,সমুদ্রের পারে একজন পুরুষ দাড়িয়ে আছে।,0.33333333277777777,0.2857142853061225,0.3076923022485208,0.3076923022485208,0.0,0.3076923022485208,0,0,0.6153846153846154,0.18181818165289254
_MG_1961.JPG,একজন পুরুষ বসে আছে।,0.249999999375,0.1999999996,0.2222222167901236,0.2222222167901236,0.0,0.2222222167901236,0,0,0.4117647058823529,0.12499999984374999
2831656774_36982aafdb.jpg,একটি কুকুর একটি কুকুর একটি কুকুর একটি কুকুর একটি কুকুর একটি কুকুর একটি কুকুর একটি কুকুর একটি কুকুর একটি কুকুর একটি কুকুর একটি কুকুর একটি কুকুর একটি কুকুর একটি কুকুর একটি কুকুর একটি কুকুর একটি কুকুর একটি কুকুর একটি কুকুর,0.099999999975,0.28571428551020406,0.14814814425240067,0.14814814425240067,0.0769230731434913,0.14814814425240067,0,0,0.19496855345911945,0.3999999992
145721496_687af9bb18.jpg,একটি বিশাল বিশাল বিশাল বিশাল ঢেউ এর উপর দিয়ে যাচ্ছে,0.3999999996,0.28571428551020406,0.33333332819444444,0.33333332819444444,0.0,0.24999999493055564,0,0,0.5,0.24999999984375
3315726723_64c9b0a945.jpg,একটি ছোট ছেলে একটি <unk>,0.1999999996,0.249999999375,0.2222222167901236,0.2222222167901236,0.0,0.2222222167901236,0,0,0.368421052631579,0.14285714265306124
2984.png,একটি শিশু দাড়িয়ে আছে।,0.249999999375,0.039999999984,0.06896551481569568,0.06896551481569568,0.0,0.06896551481569568,0,0,0.25,0.04166666664930555
150582765_bad8dec237.jpg,একজন মহিলা তার <unk> <unk> <unk> <unk> <unk> <unk> <unk> <unk> <unk> <unk> <unk> <unk> <unk> <unk> <unk> <unk> <unk> <unk> <unk> <unk> <unk> <unk> <unk> <unk> <unk> <unk> <unk> <unk> <unk> <unk> <unk> <unk> <unk> <unk> <unk> <unk> <unk>,0.0499999999875,0.2857142853061225,0.08510638040742426,0.08510638040742426,0.04444444211358036,0.08510638040742426,0,0,0.0691823899371069,0.2222222219753086
2826647354_650ff5eb03.jpg,একটি শিশু একটি সাইকেল চালাচ্ছে,0.5999999988,0.5999999988,0.5999999938,0.5999999938,0.28571428000000004,0.5999999938,0,0,0.75,0.49999999916666665
7512.png,একজন পুরুষ বসে আছে।,0.49999999875,0.1999999998,0.28571428122448983,0.28571428122448983,0.0,0.28571428122448983,0,0,0.3571428571428571,0.18181818165289254
2534194182_ac53035cf4.jpg,একদল লোক একটি মঞ্চে নাচ করছে,0.33333333277777777,0.2857142853061225,0.3076923022485208,0.3076923022485208,0.0,0.3076923022485208,0,0,0.3666666666666667,0.18181818165289254
7332.png,একজন পুরুষ বসে আছে।,0.7499999981250001,0.5999999988,0.6666666602469137,0.6666666602469137,0.28571428000000004,0.6666666602469137,0,0,0.631578947368421,0.49999999916666665
1295669416_21cabf594d.jpg,একটি ছেলে একটি <unk>,0.49999999875,0.18181818165289254,0.26666666240000003,0.26666666240000003,0.0,0.13333332924444455,0,0,0.19148936170212771,0.16666666652777776
1685463722_55843b6d3c.jpg,একটি ছেলে একটি গাড়ির পাশে দাঁড়িয়ে আছে,0.14285714265306124,0.0999999999,0.11764705384083066,0.11764705384083066,0.0,0.11764705384083066,0,0,0.4117647058823529,0.06666666662222222
633.png,একজন পুরুষ বসে আছে।,0.49999999875,0.33333333277777777,0.3999999944,0.3999999944,0.24999999468750006,0.3999999944,0,0,0.42307692307692313,0.24999999968749997
2872.png,একজন পুরুষ বসে আছে।,0.49999999875,0.6666666644444444,0.5714285648979592,0.5714285648979592,0.0,0.5714285648979592,0,0,0.6428571428571428,0.3999999992
3594029059_cee1f4c59a.jpg,একটি সাদা পাখি পানি থেকে লাফ দিচ্ছে,0.4285714279591837,0.37499999953124996,0.3999999944888889,0.3999999944888889,0.3076923022485208,0.3999999944888889,0,0,0.4545454545454546,0.2727272724793388
222.png,একজন পুরুষ আছে।,0.3333333322222222,0.0999999999,0.15384615005917168,0.15384615005917168,0.0,0.15384615005917168,0,0,0.21212121212121215,0.09090909082644627
4586.png,একটি শিশু একটি শিশু একটি শিশু একটি শিশু একটি শিশু একটি শিশু একটি শিশু একটি শিশু একটি শিশু একটি শিশু একটি শিশু একটি শিশু একটি শিশু একটি শিশু একটি শিশু একটি শিশু একটি শিশু একটি শিশু একটি শিশু একটি শিশু,0.0,0.0,0.0,0.0,0.0,0.0,0,0,0.12230215827338131,0.0
3801.png,একজন পুরুষ দাড়িয়ে আছে।,0.49999999875,0.49999999875,0.4999999937500001,0.4999999937500001,0.0,0.4999999937500001,0,0,0.3125,0.33333333277777777
4888.png,একটি নৌকা থেকে <unk>,0.0,0.0,0.0,0.0,0.0,0.0,0,0,0.2777777777777778,0.0
618292739_0fdc2ccab0.jpg,একটি মেয়ে একটি শিশু একটি <unk>,0.33333333277777777,0.2857142853061225,0.3076923022485208,0.3076923022485208,0.1818181765289258,0.3076923022485208,0,0,0.3846153846153846,0.2222222219753086
4774.png,একটি জমির উপরে <unk>,0.249999999375,0.14285714265306124,0.1818181768595043,0.1818181768595043,0.0,0.1818181768595043,0,0,0.19999999999999996,0.1111111109876543
7644.png,একজন নারী ও একজন পুরুষ দাড়িয়ে আছে।,0.571428570612245,0.30769230745562126,0.39999999505,0.39999999505,0.2857142804081633,0.374999994609375,0,0,0.38888888888888884,0.24999999979166665
480505313_2dc686e5db.jpg,এক দম্পতি দাঁড়িয়ে আছে,0.249999999375,0.12499999984374999,0.16666666194444454,0.16666666194444454,0.0,0.16666666194444454,0,0,0.28125,0.09090909082644627
3430526230_234b3550f6.jpg,একটি কুকুর একটি কুকুর খেলছে,0.3999999992,0.1999999998,0.2666666618666667,0.2666666618666667,0.0,0.2666666618666667,0,0,0.47619047619047616,0.18181818165289254
4686.png,একজন পুরুষ বসে আছে।,0.249999999375,0.16666666638888888,0.1999999948000001,0.1999999948000001,0.0,0.1999999948000001,0,0,0.3846153846153846,0.1111111109876543
2573.png,একজন পুরুষ দাড়িয়ে আছে।,0.7499999981250001,0.37499999953124996,0.49999999472222234,0.49999999472222234,0.1999999954000001,0.49999999472222234,0,0,0.4444444444444444,0.3333333329629629
3759.png,একজন পুরুষ দাড়িয়ে আছে,0.7499999981250001,0.2727272724793388,0.3999999955555556,0.3999999955555556,0.15384615005917168,0.26666666240000003,0,0,0.33333333333333337,0.24999999979166665
2211.png,একজন পুরুষ বসে আছে।,0.0,0.0,0.0,0.0,0.0,0.0,0,0,0.34782608695652173,0.0
347282286_168299646194618_7963948990199803197_n.jpg,একজন পুরুষ একটি গাছের নিচে নেমে আসছে,0.14285714265306124,0.14285714265306124,0.14285713765306143,0.14285713765306143,0.0,0.14285713765306143,0,0,0.42307692307692313,0.07692307686390532
3123526484_02952e40fc.jpg,একদল লোক একটি ব্যস্ত রাস্তায় দাঁড়িয়ে আছে,0.4285714279591837,0.5999999988,0.4999999943055557,0.4999999943055557,0.13333332835555572,0.35294117121107266,0,0,0.625,0.3333333329629629
485921585_1974b1577a.jpg,একজন লোক একটি কৌশল দেখাচ্ছে,0.3999999992,0.2857142853061225,0.33333332791666676,0.33333332791666676,0.1999999948000001,0.33333332791666676,0,0,0.5185185185185186,0.1999999998
20201222_134232.jpg,একজন পুরুষ দাড়িয়ে আছে,0.249999999375,0.16666666638888888,0.1999999948000001,0.1999999948000001,0.0,0.1999999948000001,0,0,0.31818181818181823,0.1111111109876543
487074671_66db20bf47.jpg,একজন লোক একটি <unk>,0.7499999981250001,0.4285714279591837,0.5454545398347109,0.5454545398347109,0.44444443901234576,0.5454545398347109,0,0,0.46153846153846156,0.37499999953124996
3638992163_a085cc0c24.jpg,একটি কুকুর একটি ফ্রিসবি ধরার জন্য লাফ দিলো,0.49999999937499995,0.49999999937499995,0.49999999437500003,0.49999999437500003,0.28571428030612256,0.49999999437500003,0,0,0.7,0.2727272724793388
3423802527_94bd2b23b0.jpg,একদল লোক <unk> <unk> <unk> <unk>,0.16666666638888888,0.16666666638888888,0.16666666138888903,0.16666666138888903,0.0,0.16666666138888903,0,0,0.3214285714285714,0.12499999984374999
7437.png,একজন পুরুষ আছে।,0.9999999966666667,0.4285714279591837,0.5999999946000001,0.5999999946000001,0.49999999500000003,0.5999999946000001,0,0,0.43999999999999995,0.49999999916666665
8733.png,একজন পুরুষ দাড়িয়ে আছে।,0.249999999375,0.16666666638888888,0.1999999948000001,0.1999999948000001,0.0,0.1999999948000001,0,0,0.40909090909090906,0.1111111109876543
2764178773_d63b502812.jpg,একজন লোক একটি পাহাড়ের চূড়ায় দাঁড়িয়ে আছে,0.4285714279591837,0.4285714279591837,0.42857142295918377,0.42857142295918377,0.3333333277777778,0.42857142295918377,0,0,0.5714285714285714,0.2727272724793388
9151.png,একটি নৌকায় কয়েকজন মানুষ আছে।,0.5999999988,0.49999999916666665,0.5454545395041324,0.5454545395041324,0.2222222167901236,0.36363635801652905,0,0,0.30000000000000004,0.37499999953124996
2281.png,একজন মহিলা একটি শিশু আছে।,0.3999999992,0.24999999968749997,0.3076923024852071,0.3076923024852071,0.0,0.3076923024852071,0,0,0.4137931034482759,0.1999999998
2310233145_910cb5b4c8.jpg,একটি সেতুর উপর একটি সেতুর উপর দিয়ে ঘেরা একটি সেতুর উপর দিয়ে ঘেরা একটি সেতুর উপর দিয়ে ঘেরা একটি সেতুর উপর দিয়ে ঘেরা একটি সেতুর উপর দিয়ে ঘেরা একটি সেতুর উপর দিয়ে ঘেরা একটি সেতুর উপর দিয়ে ঘেরা একটি সেতুর,0.0499999999875,0.24999999968749997,0.08333333052083343,0.08333333052083343,0.043478258270321514,0.08333333052083343,0,0,0.2068965517241379,0.18181818165289254
3162045919_c2decbb69b.jpg,একটি সার্ফার একটি ঢেউ এর উপর দিয়ে একটি ঢেউ এর উপর দিয়ে চলছে,0.15384615372781063,0.33333333277777777,0.21052631124653745,0.21052631124653745,0.09999999510000022,0.21052631124653745,0,0,0.4347826086956522,0.18181818165289254
3198962089_e647d1b0cd.jpg,একজন লোক একটি বরফ থেকে বের হচ্ছে,0.571428570612245,0.4444444439506172,0.49999999445312515,0.49999999445312515,0.1428571377551022,0.49999999445312515,0,0,0.5588235294117647,0.3333333330555555
3472364264_dbde5a8d0a.jpg,একটি কুকুর সমুদ্রের ধারে একটি কুকুর দৌড়াচ্ছে,0.4285714279591837,0.7499999981250001,0.5454545398347109,0.5454545398347109,0.44444443901234576,0.5454545398347109,0,0,0.5517241379310345,0.49999999916666665
2929006980_9f9f8f3d21.jpg,একটি শিশু একটি <unk>,0.7499999981250001,0.4285714279591837,0.5454545398347109,0.5454545398347109,0.0,0.5454545398347109,0,0,0.4285714285714286,0.2857142853061225
574274795_57e0834e7d.jpg,একজন পুরুষ আছে।,0.0,0.0,0.0,0.0,0.0,0.0,0,0,0.2857142857142857,0.0
1616.png,কয়েকজন পুরুষ দাড়িয়ে আছে।,0.7499999981250001,0.4285714279591837,0.5454545398347109,0.5454545398347109,0.2222222172839507,0.5454545398347109,0,0,0.5172413793103448,0.37499999953124996
7567.png,একজন পুরুষ ছাতা নিয়ে যাচ্ছে।,0.0,0.0,0.0,0.0,0.0,0.0,0,0,0.22580645161290325,0.0
6510.png,একটি নৌকা দেখা যাচ্ছে ও একজন মানুষ আছে।,0.24999999968749997,0.49999999875,0.33333332833333335,0.33333332833333335,0.0,0.1904761855782314,0,0,0.3125,0.1999999998
252504549_135b0db5a3.jpg,একটি কুকুর একটি কুকুর দৌড়াচ্ছে,0.5999999988,0.29999999969999996,0.39999999502222217,0.39999999502222217,0.3076923029585799,0.39999999502222217,0,0,0.5185185185185186,0.2857142853061225
2676937700_456134c7b5.jpg,একজন পুরুষ ও একজন পুরুষ ও একজন পুরুষ ও একজন পুরুষ ও একজন পুরুষ ও একজন পুরুষ ও একজন পুরুষ ও একজন পুরুষ ও একজন পুরুষ ও একজন পুরুষ ও একজন পুরুষ ও একজন পুরুষ ও একজন পুরুষ ও একজন,0.0499999999875,0.1999999998,0.07999999676800014,0.07999999676800014,0.0,0.07999999676800014,0,0,0.18367346938775508,0.09090909082644627
9062.png,একজন মানুষ আছে।,0.6666666644444444,0.3999999992,0.49999999406250006,0.49999999406250006,0.33333332777777785,0.49999999406250006,0,0,0.5,0.33333333277777777
1693.png,একজন পুরুষ বসে আছে।,0.9999999975,0.4444444439506172,0.6153846101775148,0.6153846101775148,0.5454545404958677,0.6153846101775148,0,0,0.4242424242424242,0.4444444439506172
6791.png,একটি নৌকায় কয়েকজন মানুষ আছে।,0.7999999984,0.3999999996,0.5333333281777778,0.5333333281777778,0.3076923029585799,0.5333333281777778,0,0,0.4871794871794872,0.4444444439506172
2089542487_b4c1ee7025.jpg,একটি ছেলে একটি <unk>,0.7499999981250001,0.15789473675900276,0.26086956211720225,0.26086956211720225,0.0,0.26086956211720225,0,0,0.34615384615384615,0.11764705875432525
6763.png,একজন পুরুষ বসে আছে।,0.7499999981250001,0.29999999969999996,0.42857142387755104,0.42857142387755104,0.11764705577854677,0.42857142387755104,0,0,0.29729729729729726,0.29999999969999996
3320411267_df70b90501.jpg,একটি শিশু একটি গাছের নিচে নামার সময় একটি পাথরের উপর দিয়ে ঘেরা একটি গাছের নিচে নামার সময় একটি পাথরের উপর দিয়ে ঘেরা একটি গাছের নিচে নামার সময় একটি পাথরের উপর দিয়ে ঘেরা একটি গাছের নিচে নামার সময় একটি পাথরের উপর,0.07499999998125,0.24999999979166665,0.11538461178994093,0.11538461178994093,0.0,0.11538461178994093,0,0,0.22368421052631582,0.0624999999609375
2623982903_58ec7c5026.jpg,একটি রেসে একটি কুকুর দৌড়াচ্ছে,0.1999999996,0.1999999996,0.19999999460000012,0.19999999460000012,0.0,0.19999999460000012,0,0,0.4,0.12499999984374999
5482.png,একজন পুরুষ দাড়িয়ে আছে।,0.7499999981250001,0.7499999981250001,0.7499999931250001,0.7499999931250001,0.6666666594444445,0.7499999931250001,0,0,0.8666666666666667,0.5999999988
9123.png,একটি নৌকায় কয়েকজন মানুষ আছে।,0.3999999992,0.33333333277777777,0.36363635801652905,0.36363635801652905,0.0,0.1818181765289258,0,0,0.33333333333333337,0.2222222219753086
3728164558_52729baefa.jpg,এক ব্যক্তি একটি দালানের সামনে দাঁড়িয়ে আছে,0.4285714279591837,0.2727272724793388,0.33333332820987654,0.33333332820987654,0.12499999515625017,0.33333332820987654,0,0,0.4444444444444444,0.19999999986666667
2272.png,একজন পুরুষ দাড়িয়ে আছে।,0.49999999875,0.2222222219753086,0.3076923029585799,0.3076923029585799,0.0,0.3076923029585799,0,0,0.3666666666666667,0.1999999998
2813033949_e19fa08805.jpg,একটি কুকুর একটি ফ্রিসবি ধরার চেষ্টা করছে,0.571428570612245,0.26666666648888887,0.36363635896694213,0.36363635896694213,0.19999999560000006,0.36363635896694213,0,0,0.4642857142857143,0.2352941175086505
Football_in_the_village_of_Bangladesh.jpg,একটি শিশু একটি শিশু দাড়িয়ে আছে,0.16666666638888888,0.3333333322222222,0.2222222172839507,0.2222222172839507,0.0,0.2222222172839507,0,0,0.35,0.16666666638888888
2795.png,একজন পুরুষ বসে আছে।,0.7499999981250001,0.37499999953124996,0.49999999472222234,0.49999999472222234,0.1999999954000001,0.49999999472222234,0,0,0.36363636363636365,0.3333333329629629
2968.png,একজন পুরুষ বসে আছে।,0.7499999981250001,0.9999999966666667,0.8571428497959185,0.8571428497959185,0.39999999360000005,0.8571428497959185,0,0,0.7857142857142857,0.7499999981250001
1399.png,একজন পুরুষ বসে আছে।,0.9999999975,0.24999999984375,0.3999999964,0.3999999964,0.3333333301851852,0.3999999964,0,0,0.26086956521739135,0.3999999996
3551170666_01df31412d.jpg,একটি কুকুর একটি <unk>,0.7499999981250001,0.3333333329629629,0.4615384565680474,0.4615384565680474,0.18181817752066123,0.4615384565680474,0,0,0.3939393939393939,0.3333333329629629
6156.png,একজন লোক একটি <unk> <unk>,0.1999999996,0.14285714265306124,0.16666666152777793,0.16666666152777793,0.0,0.16666666152777793,0,0,0.2592592592592593,0.0999999999
1285.png,কয়েকজন পুরুষ বসে আছে।,0.49999999875,0.1999999998,0.28571428122448983,0.28571428122448983,0.16666666263888896,0.28571428122448983,0,0,0.25,0.18181818165289254
109260218_fca831f933.jpg,একদল লোক পাথরের চূড়ায় দাঁড়িয়ে আছে,0.33333333277777777,0.33333333277777777,0.3333333277777778,0.3333333277777778,0.19999999460000012,0.3333333277777778,0,0,0.4347826086956522,0.1999999998
8332.png,একটি শিশু পানিতে লাফ দিচ্ছে।,0.5999999988,0.7499999981250001,0.6666666602469137,0.6666666602469137,0.5714285648979592,0.6666666602469137,0,0,0.7058823529411764,0.49999999916666665
1277743944.jpg,একটি ছেলে একটি <unk>,0.7499999981250001,0.29999999969999996,0.42857142387755104,0.42857142387755104,0.2222222172839507,0.36363635834710756,0,0,0.34615384615384615,0.24999999968749997
6061.png,একজন পুরুষ বসে আছে।,0.49999999875,0.18181818165289254,0.26666666240000003,0.26666666240000003,0.15384615005917168,0.26666666240000003,0,0,0.36,0.15384615372781063
2518094853_dfce24ce8c.jpg,একটি কুকুর একটি ফ্রিসবি ধরার জন্য একটি ফ্রিসবি ধরার জন্য একটি ফ্রিসবি ধরার জন্য একটি ফ্রিসবি ধরার জন্য একটি ফ্রিসবি ধরার জন্য একটি ফ্রিসবি ধরার জন্য একটি ফ্রিসবি ধরার জন্য একটি ফ্রিসবি ধরার জন্য একটি ফ্রিসবি ধরার জন্য একটি ফ্রিসবি,0.07499999998125,0.37499999953124996,0.12499999717013895,0.12499999717013895,0.043478258270321514,0.12499999717013895,0,0,0.16568047337278102,0.24999999968749997
6183.png,একজন বাচ্চা মেয়ে বসে আছে।,0.3999999992,0.3999999992,0.39999999420000004,0.39999999420000004,0.0,0.39999999420000004,0,0,0.6,0.24999999968749997
223299137_b0e81ac145.jpg,একজন পুরুষ বসে আছে।,0.249999999375,0.16666666638888888,0.1999999948000001,0.1999999948000001,0.0,0.1999999948000001,0,0,0.3448275862068966,0.1111111109876543
6496.png,একটি নৌকায় একজন মানুষ আছে।,0.7999999984,0.571428570612245,0.6666666606944446,0.6666666606944446,0.2499999959375,0.6666666606944446,0,0,0.6666666666666667,0.49999999937499995
955.png,একটি ভবনের সামনে একটি ভবনের সামনে একটি ভবনের সামনে একটি ভবনের সামনে একটি ভবনের সামনে একটি ভবনের সামনে একটি ভবনের সামনে একটি ভবনের সামনে একটি ভবনের সামনে একটি ভবনের সামনে একটি ভবনের সামনে একটি ভবনের সামনে একটি ভবনের সামনে একটি,0.0,0.0,0.0,0.0,0.0,0.0,0,0,0.06395348837209303,0.0
403523132_73b9a1a4b3.jpg,একটি কুকুর একটি টেনিস বল ধরার জন্য একটি টেনিস বল ধরার জন্য একটি টেনিস বল ধরার জন্য একটি টেনিস বল ধরার জন্য একটি টেনিস বল ধরার জন্য একটি টেনিস বল ধরার জন্য একটি টেনিস বল ধরার জন্য একটি টেনিস বল,0.1499999999625,0.4999999995833333,0.23076922713017753,0.23076922713017753,0.1199999965200001,0.23076922713017753,0,0,0.2516556291390728,0.41666666631944443
1497.png,একটি নৌকা থেকে একটি <unk>,0.1999999996,0.09090909082644627,0.12499999554687513,0.12499999554687513,0.0,0.12499999554687513,0,0,0.22580645161290325,0.07142857137755101
4119.png,একজন পুরুষ বসে আছে।,0.7499999981250001,0.4285714279591837,0.5454545398347109,0.5454545398347109,0.2222222172839507,0.5454545398347109,0,0,0.4137931034482759,0.37499999953124996
3744832122_2f4febdff6.jpg,বেসবল প্লেয়ার বেসে <unk>,0.249999999375,0.249999999375,0.2499999943750001,0.2499999943750001,0.0,0.2499999943750001,0,0,0.625,0.14285714265306124
9138.png,একজন পুরুষ দাড়িয়ে আছে।,0.249999999375,0.249999999375,0.2499999943750001,0.2499999943750001,0.0,0.2499999943750001,0,0,0.5333333333333333,0.14285714265306124
_MG_3698.JPG,একজন পুরুষ বসে আছে,0.49999999875,0.49999999875,0.4999999937500001,0.4999999937500001,0.33333332722222225,0.4999999937500001,0,0,0.6428571428571428,0.33333333277777777
2525.png,একজন নারী আছে।,0.9999999966666667,0.49999999916666665,0.6666666607407408,0.6666666607407408,0.28571428081632655,0.6666666607407408,0,0,0.47619047619047616,0.49999999916666665
3569284680_44fef444ef.jpg,একটি ছেলে একটি <unk>,0.7499999981250001,0.1764705881314879,0.28571428235827667,0.28571428235827667,0.0,0.28571428235827667,0,0,0.2272727272727273,0.14285714275510203
3446586125_cafa0bfd67.jpg,একটি কুকুর একটি ফ্রিসবি নিয়ে দৌড়াচ্ছে,0.6666666655555555,0.571428570612245,0.6153846094674558,0.6153846094674558,0.33333332791666676,0.5714285657142858,0,0,0.5862068965517242,0.49999999937499995
1860543210_47e94cf652.jpg,একজন পুরুষ ও একজন পুরুষ দাড়িয়ে আছে,0.14285714265306124,0.0999999999,0.11764705384083066,0.11764705384083066,0.0,0.11764705384083066,0,0,0.2857142857142857,0.07692307686390532
_MG_3789.JPG,একটা ছেলে দাড়িয়ে আছে,0.7499999981250001,0.7499999981250001,0.7499999931250001,0.7499999931250001,0.33333332722222225,0.7499999931250001,0,0,0.8461538461538461,0.5999999988
71.png,একজন পুরুষ বসে আছে।,0.249999999375,0.12499999984374999,0.16666666194444454,0.16666666194444454,0.0,0.16666666194444454,0,0,0.33333333333333337,0.09090909082644627
2062.png,সমুদ্রের পারে একজন মানুষ আছে।,0.1999999996,0.1999999996,0.19999999460000012,0.19999999460000012,0.0,0.19999999460000012,0,0,0.35,0.1111111109876543
1042590306_95dea0916c.jpg,একজন মহিলা একটি <unk>,0.49999999875,0.2222222219753086,0.3076923029585799,0.3076923029585799,0.0,0.3076923029585799,0,0,0.2571428571428571,0.1999999998
2844018783_524b08e5aa.jpg,একটি শিশু বসে আছে,0.249999999375,0.1999999996,0.2222222167901236,0.2222222167901236,0.0,0.2222222167901236,0,0,0.3125,0.12499999984374999
3286822339_5535af6b93.jpg,একটি দোকানের সামনে একটি দোকানের সামনে দাঁড়িয়ে আছে,0.12499999984374999,0.16666666638888888,0.1428571377551022,0.1428571377551022,0.0,0.1428571377551022,0,0,0.40625,0.0999999999
4259.png,একজন নারী মাথায় <unk> <unk> <unk> <unk> <unk> <unk> <unk> <unk> <unk> <unk> <unk> <unk> <unk> <unk> <unk> <unk> <unk> <unk> <unk> <unk> <unk> <unk> <unk> <unk> <unk> <unk> <unk> <unk> <unk> <unk> <unk> <unk> <unk> <unk> <unk> <unk> <unk>,0.0,0.0,0.0,0.0,0.0,0.0,0,0,0.06289308176100628,0.0
7704.png,একজন পুরুষ দাড়িয়ে আছে,0.49999999875,0.2857142853061225,0.36363635834710756,0.36363635834710756,0.2222222172839507,0.36363635834710756,0,0,0.4642857142857143,0.2222222219753086
2193223202_4d908c0450.jpg,একটি ছোট বাচ্চা একটি <unk>,0.3999999992,0.14285714275510203,0.21052631168975072,0.21052631168975072,0.0,0.21052631168975072,0,0,0.2777777777777778,0.0624999999609375
2144050118_3e7d2e05b1.jpg,একটি মেয়ে একটি <unk> <unk> <unk> <unk> <unk> <unk> <unk> <unk> <unk> <unk> <unk> <unk> <unk> <unk> <unk> <unk> <unk> <unk> <unk> <unk> <unk> <unk> <unk> <unk> <unk> <unk> <unk> <unk> <unk> <unk> <unk> <unk> <unk> <unk> <unk> <unk> <unk>,0.07499999998125,0.24999999979166665,0.11538461178994093,0.11538461178994093,0.0,0.11538461178994093,0,0,0.11392405063291144,0.24999999979166665
4075.png,একজন পুরুষ বসে আছে।,0.249999999375,0.1999999996,0.2222222167901236,0.2222222167901236,0.0,0.2222222167901236,0,0,0.47058823529411764,0.12499999984374999
3482062809_3b694322c4.jpg,এক ব্যক্তি একটি <unk>,0.49999999875,0.124999999921875,0.1999999966,0.1999999966,0.0,0.1999999966,0,0,0.2692307692307693,0.124999999921875
2085557551_7a88d01d4e.jpg,একটি শিশু একটি শিশু আছে।,0.1999999996,0.0999999999,0.13333332871111125,0.13333332871111125,0.0,0.13333332871111125,0,0,0.3448275862068966,0.08333333326388888
5473.png,একজন পুরুষ বসে আছে।,0.7499999981250001,0.49999999916666665,0.5999999940000001,0.5999999940000001,0.24999999468750006,0.5999999940000001,0,0,0.6,0.4285714279591837
136886677.jpg,একটি নৌকায় কয়েকজন মানুষ আছে।,0.3999999992,0.13333333324444444,0.19999999605000005,0.19999999605000005,0.0,0.19999999605000005,0,0,0.4642857142857143,0.124999999921875
4576.png,একটি নৌকায় একজন পুরুষ বসে আছে।,0.6666666655555555,0.571428570612245,0.6153846094674558,0.6153846094674558,0.36363635801652905,0.6153846094674558,0,0,0.6666666666666667,0.4444444439506172
512031915_0dd03dcdf9.jpg,একটি কুকুর একটি কুকুর একটি কুকুর একটি কুকুর একটি কুকুর একটি কুকুর একটি কুকুর একটি কুকুর একটি কুকুর একটি কুকুর একটি কুকুর একটি কুকুর একটি কুকুর একটি কুকুর একটি কুকুর একটি কুকুর একটি কুকুর একটি কুকুর একটি কুকুর একটি কুকুর,0.07499999998125,0.24999999979166665,0.11538461178994093,0.11538461178994093,0.0,0.11538461178994093,0,0,0.16981132075471694,0.18181818165289254
2885382946_f541ea5722.jpg,একটি নৌকা থেকে একটি নৌকা থেকে একটি নৌকা থেকে একটি নৌকা থেকে একটি নৌকা থেকে একটি নৌকা থেকে একটি নৌকা থেকে একটি নৌকা থেকে একটি নৌকা থেকে একটি নৌকা থেকে একটি নৌকা থেকে একটি নৌকা থেকে একটি নৌকা থেকে একটি,0.0499999999875,0.18181818165289254,0.07843136913494825,0.07843136913494825,0.0,0.07843136913494825,0,0,0.17293233082706772,0.0999999999
4116.png,একটি শিশু একটি শিশু আছে।,0.5999999988,0.7499999981250001,0.6666666602469137,0.6666666602469137,0.28571428000000004,0.6666666602469137,0,0,0.625,0.7499999981250001
5312.png,একজন লোক একটি <unk> <unk> <unk> <unk> <unk> <unk> <unk> <unk> <unk> <unk> <unk> <unk> <unk> <unk> <unk> <unk> <unk> <unk> <unk> <unk> <unk> <unk> <unk> <unk> <unk> <unk> <unk> <unk> <unk> <unk> <unk> <unk> <unk> <unk> <unk> <unk> <unk>,0.0499999999875,0.33333333277777777,0.08695651943289232,0.08695651943289232,0.0,0.08695651943289232,0,0,0.07547169811320753,0.24999999968749997
7149.png,সমুদ্রের পারে একজন পুরুষ দাড়িয়ে আছে।,0.9999999983333333,0.9999999983333333,0.9999999933333332,0.9999999933333332,0.9999999930000001,0.9999999933333332,1,1,1.0,0.9999999983333333
5166.png,এটি একটি মন্দির।,0.0,0.0,0.0,0.0,0.0,0.0,0,0,0.19999999999999996,0.0
166.png,একটি শিশু একটি ছেলে বসে আছে,0.33333333277777777,0.16666666652777776,0.22222221753086427,0.22222221753086427,0.0,0.22222221753086427,0,0,0.3076923076923077,0.06666666662222222
3666169738_a8c74cf745.jpg,একটি শিশু একটি শিশু একটি শিশু একটি শিশু একটি শিশু একটি শিশু একটি শিশু একটি শিশু একটি শিশু একটি শিশু একটি শিশু একটি শিশু একটি শিশু একটি শিশু একটি শিশু একটি শিশু একটি শিশু একটি শিশু একটি শিশু একটি শিশু,0.0499999999875,0.1999999998,0.07999999676800014,0.07999999676800014,0.0,0.07999999676800014,0,0,0.237410071942446,0.16666666638888888
1659358141_0433c9bf99.jpg,একটি কুকুর একটি কুকুর দৌড়াচ্ছে,0.5999999988,0.49999999916666665,0.5454545395041324,0.5454545395041324,0.2222222167901236,0.5454545395041324,0,0,0.7272727272727273,0.49999999916666665
3707738261_777075e885.jpg,একটি শিশু একটি শিশু একটি <unk> <unk> <unk> <unk> <unk> <unk> <unk> <unk> <unk> <unk> <unk> <unk> <unk> <unk> <unk> <unk> <unk> <unk> <unk> <unk> <unk> <unk> <unk> <unk> <unk> <unk> <unk> <unk> <unk> <unk> <unk> <unk> <unk> <unk> <unk>,0.0499999999875,0.1999999998,0.07999999676800014,0.07999999676800014,0.0,0.07999999676800014,0,0,0.10828025477707004,0.1111111109876543
5094.png,একটি শিশু আছে।,0.3333333322222222,0.3333333322222222,0.33333332722222225,0.33333332722222225,0.0,0.33333332722222225,0,0,0.30000000000000004,0.1999999996
2275029674_6d4891c20e.jpg,একটি কুকুর একটি সাদা কুকুর খেলছে,0.49999999916666665,0.49999999916666665,0.4999999941666667,0.4999999941666667,0.28571428081632655,0.4999999941666667,0,0,0.5,0.4285714279591837
8699.png,একজন পুরুষ বসে আছে।,0.7499999981250001,0.2727272724793388,0.3999999955555556,0.3999999955555556,0.15384615005917168,0.3999999955555556,0,0,0.4347826086956522,0.24999999979166665
347.png,একজন পুরুষ বসে আছে।,0.7499999981250001,0.49999999916666665,0.5999999940000001,0.5999999940000001,0.24999999468750006,0.5999999940000001,0,0,0.5454545454545454,0.4285714279591837
8388.png,একজন পুরুষ বসে আছে।,0.49999999875,0.49999999875,0.4999999937500001,0.4999999937500001,0.0,0.4999999937500001,0,0,0.7142857142857143,0.33333333277777777
4579.png,সমুদ্রের ঢেউয়ে এক ব্যক্তি সমুদ্রের ঢেউয়ে এক মেয়ে সমুদ্রের ঢেউয়ে এক মেয়ে সমুদ্রের ঢেউয়ে এক মেয়ে সমুদ্রের ঢেউয়ে এক মেয়ে সমুদ্রের ঢেউয়ে এক মেয়ে সমুদ্রের ঢেউয়ে এক মেয়ে সমুদ্রের ঢেউয়ে এক মেয়ে সমুদ্রের ঢেউয়ে এক মেয়ে সমুদ্রের ঢেউয়ে এক মেয়ে,0.02499999999375,0.16666666638888888,0.04347825858223074,0.04347825858223074,0.0,0.04347825858223074,0,0,0.11801242236024845,0.0999999999
37.png,একজন পুরুষ মাথায় ছাতা ধরে আছে।,0.33333333277777777,0.07692307689349112,0.12499999687500009,0.12499999687500009,0.0,0.12499999687500009,0,0,0.3214285714285714,0.07142857140306122
3405720825_b6991005eb.jpg,একটি কুকুর একটি কুকুর খেলছে,0.5999999988,0.24999999979166665,0.3529411719031142,0.3529411719031142,0.11764705508650528,0.3529411719031142,0,0,0.43333333333333335,0.18181818165289254
3295671644_0e10891b6d.jpg,একটি কুকুর একটি ফ্রিসবি নিয়ে দৌড়াচ্ছে,0.33333333277777777,0.3999999992,0.36363635801652905,0.36363635801652905,0.2222222167901236,0.36363635801652905,0,0,0.5833333333333333,0.24999999968749997
2165677531_e1d5e086f7.jpg,একদল লোক একটি পথ ধরে আছে,0.33333333277777777,0.2222222219753086,0.2666666615111111,0.2666666615111111,0.15384614887573977,0.2666666615111111,0,0,0.3939393939393939,0.15384615372781063
4720.png,একটি নৌকা দেখা যাচ্ছে।,0.49999999875,0.1999999998,0.28571428122448983,0.28571428122448983,0.16666666263888896,0.28571428122448983,0,0,0.32352941176470584,0.16666666652777776
1921.png,একজন পুরুষ দাড়িয়ে আছে।,0.9999999975,0.3333333330555555,0.49999999562499997,0.49999999562499997,0.2857142819387755,0.49999999562499997,0,0,0.32608695652173914,0.3636363633057851
3669069522_555c97fbfb.jpg,একদল লোক বসে আছে,0.7499999981250001,0.49999999916666665,0.5999999940000001,0.5999999940000001,0.24999999468750006,0.5999999940000001,0,0,0.40909090909090906,0.4285714279591837
8407.png,একজন পুরুষ বসে আছে।,0.49999999875,0.15384615372781063,0.2352941137716263,0.2352941137716263,0.0,0.2352941137716263,0,0,0.2142857142857143,0.13333333324444444
2419221084_01a14176b4.jpg,একটি কুকুর একটি কুকুর খেলছে,0.3999999992,0.33333333277777777,0.36363635801652905,0.36363635801652905,0.0,0.36363635801652905,0,0,0.4285714285714286,0.2857142853061225
8674.png,একজন পুরুষ একটি নৌকা থেকে <unk>,0.16666666638888888,0.16666666638888888,0.16666666138888903,0.16666666138888903,0.0,0.16666666138888903,0,0,0.4782608695652174,0.09090909082644627
3571193625_835da90c5e.jpg,একটি কুকুর একটি কুকুর একটি কুকুর একটি কুকুর একটি কুকুর একটি কুকুর একটি কুকুর একটি কুকুর একটি কুকুর একটি কুকুর একটি কুকুর একটি কুকুর একটি কুকুর একটি কুকুর একটি কুকুর একটি কুকুর একটি কুকুর একটি কুকুর একটি কুকুর একটি কুকুর,0.07499999998125,0.37499999953124996,0.12499999717013895,0.12499999717013895,0.043478258270321514,0.12499999717013895,0,0,0.14465408805031443,0.2857142853061225
5057.png,একটি নৌকায় একজন মানুষ আছে।,0.1999999996,0.3333333322222222,0.24999999468750006,0.24999999468750006,0.0,0.24999999468750006,0,0,0.3157894736842105,0.14285714265306124
412056525_191724b058.jpg,একজন পুরুষ বসে আছে।,0.49999999875,0.11764705875432525,0.19047618721088438,0.19047618721088438,0.0,0.19047618721088438,0,0,0.368421052631579,0.10526315783933518
7585.png,একজন পুরুষ বসে আছে।,0.49999999875,0.24999999968749997,0.33333332833333335,0.33333332833333335,0.1999999954000001,0.33333332833333335,0,0,0.4137931034482759,0.1999999998
478750151_e0adb5030a.jpg,একটি কুকুর একটি কুকুর একটি কুকুর খেলছে,0.4285714279591837,0.24999999979166665,0.31578946869806096,0.31578946869806096,0.11764705411764723,0.31578946869806096,0,0,0.4130434782608695,0.18181818165289254
1505.png,কয়েকজন পুরুষ বসে আছে।,0.7499999981250001,0.4285714279591837,0.5454545398347109,0.5454545398347109,0.2222222172839507,0.5454545398347109,0,0,0.43999999999999995,0.37499999953124996
6295.png,একজন নারী ও একজন নারী ও একজন মহিলা এবং একজন মহিলা এবং একজন মহিলা এবং একজন মহিলা এবং একজন মহিলা এবং একজন মহিলা এবং একজন মহিলা এবং একজন মহিলা এবং একজন মহিলা এবং একজন মহিলা এবং একজন মহিলা এবং একজন,0.099999999975,0.1739130434026465,0.12698412230788628,0.12698412230788628,0.0,0.12698412230788628,0,0,0.3205128205128205,0.149999999925
3628.png,একজন মানুষ আছে।,0.6666666644444444,0.33333333277777777,0.44444443901234576,0.44444443901234576,0.28571428081632655,0.44444443901234576,0,0,0.4782608695652174,0.2857142853061225
5498.png,একটি বাঘ আছে।,0.3333333322222222,0.3333333322222222,0.33333332722222225,0.33333332722222225,0.0,0.33333332722222225,0,0,0.41666666666666663,0.1999999996
3523819210_99782628fc.jpg,একটা লোক বসে আছে,0.7499999981250001,0.4285714279591837,0.5454545398347109,0.5454545398347109,0.44444443901234576,0.5454545398347109,0,0,0.5454545454545454,0.37499999953124996
3609032038_005c789f64.jpg,একজন সাইকেল চালক একটি পাথরে আরোহণ করছে,0.2857142853061225,0.2857142853061225,0.28571428030612256,0.28571428030612256,0.0,0.28571428030612256,0,0,0.375,0.16666666652777776
1010087179.jpg,একজন মহিলা টি,0.3333333322222222,0.16666666638888888,0.2222222172839507,0.2222222172839507,0.0,0.2222222172839507,0,0,0.17647058823529416,0.12499999984374999
5977.png,একটি শিশু একটি <unk> <unk> <unk> <unk> <unk> <unk> <unk> <unk> <unk> <unk> <unk> <unk> <unk> <unk> <unk> <unk> <unk> <unk> <unk> <unk> <unk> <unk> <unk> <unk> <unk> <unk> <unk> <unk> <unk> <unk> <unk> <unk> <unk> <unk> <unk> <unk> <unk>,0.0499999999875,0.49999999875,0.09090908921487605,0.09090908921487605,0.0,0.09090908921487605,0,0,0.069620253164557,0.3999999992
4420.png,কয়েকজন পুরুষ দাড়িয়ে আছে।,0.9999999975,0.3999999996,0.5714285665306122,0.5714285665306122,0.16666666263888896,0.42857142387755104,0,0,0.35,0.3999999996
3560771491_2a18b6241e.jpg,একটি শিশু একটি গাছের ডাল নিয়ে দাঁড়িয়ে আছে,0.12499999984374999,0.16666666638888888,0.1428571377551022,0.1428571377551022,0.0,0.1428571377551022,0,0,0.37037037037037035,0.08333333326388888
3286620180_4b00e93e8e.jpg,একদল লোক একটি <unk>,0.49999999875,0.33333333277777777,0.3999999944,0.3999999944,0.24999999468750006,0.3999999944,0,0,0.3913043478260869,0.24999999968749997
2930318834_8366811283.jpg,একজন পুরুষ ও একজন পুরুষ দাড়িয়ে আছে।,0.14285714265306124,0.16666666638888888,0.15384614863905344,0.15384614863905344,0.0,0.15384614863905344,0,0,0.3846153846153846,0.0999999999
3175446111_681a89f873.jpg,একটি লোক একটি <unk> <unk> <unk>,0.16666666638888888,0.249999999375,0.1999999948000001,0.1999999948000001,0.0,0.1999999948000001,0,0,0.48275862068965514,0.16666666638888888
1019.png,একজন পুরুষ বসে আছে।,0.249999999375,0.249999999375,0.2499999943750001,0.2499999943750001,0.0,0.2499999943750001,0,0,0.5,0.14285714265306124
1690.png,একজন পুরুষ বসে আছে।,0.9999999975,0.3636363633057851,0.533333328711111,0.533333328711111,0.3076923036686391,0.533333328711111,0,0,0.368421052631579,0.3636363633057851
3339140382_2e49bc324a.jpg,একজন লোক বাতাসে লাফ দিচ্ছে,0.1999999996,0.12499999984374999,0.15384614887573977,0.15384614887573977,0.0,0.15384614887573977,0,0,0.3548387096774194,0.08333333326388888
2607383384_d9ce9de793.jpg,একজন মহিলা এবং তার <unk> <unk> <unk> <unk> <unk>,0.2222222219753086,0.2857142853061225,0.24999999476562512,0.24999999476562512,0.0,0.19999999485000008,0,0,0.2682926829268293,0.1999999998
7674.png,একজন পুরুষ বসে আছে।,0.49999999875,0.2222222219753086,0.3076923029585799,0.3076923029585799,0.0,0.3076923029585799,0,0,0.36363636363636365,0.18181818165289254
1381.png,একজন পুরুষ দাড়িয়ে আছে।,0.49999999875,0.33333333277777777,0.3999999944,0.3999999944,0.0,0.3999999944,0,0,0.28,0.24999999968749997
1820.png,একজন পুরুষ দাড়িয়ে আছে।,0.7499999981250001,0.23076923059171597,0.35294117245674744,0.35294117245674744,0.1333333299555556,0.35294117245674744,0,0,0.28888888888888886,0.21428571413265304
5931.png,একটি ছোট ছেলে একটি <unk> <unk> <unk>,0.14285714265306124,0.12499999984374999,0.13333332817777796,0.13333332817777796,0.0,0.13333332817777796,0,0,0.3448275862068966,0.09090909082644627
4796.png,এটি একটি মন্দির।,0.3333333322222222,0.249999999375,0.28571428000000004,0.28571428000000004,0.0,0.28571428000000004,0,0,0.5,0.1999999996
IMG_20220916_174114.jpg,একজন পুরুষ দাড়িয়ে আছে।,0.0,0.0,0.0,0.0,0.0,0.0,0,0,0.6666666666666667,0.0
2040.png,কয়েকজন মানুষ আছে।,0.3333333322222222,0.14285714265306124,0.1999999954000001,0.1999999954000001,0.0,0.1999999954000001,0,0,0.34615384615384615,0.1111111109876543
3025334206_76888792e5.jpg,একটি কুকুর একটি কুকুর খেলছে,0.5999999988,0.2727272724793388,0.374999995234375,0.374999995234375,0.1818181768595043,0.374999995234375,0,0,0.4736842105263158,0.2222222219753086
4176.png,একজন পুরুষ বসে আছে।,0.7499999981250001,0.24999999979166665,0.37499999578125004,0.37499999578125004,0.14285713928571436,0.37499999578125004,0,0,0.29032258064516125,0.23076923059171597
3281611946_f42deed2e1.jpg,একজন পুরুষ ও একজন পুরুষ দাড়িয়ে আছে,0.14285714265306124,0.16666666638888888,0.15384614863905344,0.15384614863905344,0.0,0.15384614863905344,0,0,0.3846153846153846,0.0999999999
1001573224.jpg,একজন পুরুষ একটি ছেলে একটি <unk>,0.33333333277777777,0.24999999968749997,0.2857142804081633,0.2857142804081633,0.0,0.2857142804081633,0,0,0.3548387096774194,0.18181818165289254
4664.png,এটি একটি মন্দির।,0.3333333322222222,0.3333333322222222,0.33333332722222225,0.33333332722222225,0.0,0.33333332722222225,0,0,0.2727272727272727,0.1999999996
2830.png,একজন পুরুষ ছাতা নিয়ে দাড়িয়ে আছে।,0.33333333277777777,0.24999999968749997,0.2857142804081633,0.2857142804081633,0.14285713806122466,0.2857142804081633,0,0,0.4516129032258065,0.18181818165289254
7173.png,একটি নৌকায় কয়েকজন মানুষ আছে।,0.1999999996,0.249999999375,0.2222222167901236,0.2222222167901236,0.0,0.2222222167901236,0,0,0.2564102564102564,0.12499999984374999
7346.png,একজন পুরুষ দাড়িয়ে আছে।,0.49999999875,0.6666666644444444,0.5714285648979592,0.5714285648979592,0.15384615005917168,0.5714285648979592,0,0,0.6,0.3999999992
4153.png,একটি শিশু একটি শিশু বসে আছে।,0.49999999916666665,0.49999999916666665,0.4999999941666667,0.4999999941666667,0.19999999460000012,0.4999999941666667,0,0,0.5714285714285714,0.4285714279591837
8128.png,একজন পুরুষ বসে আছে।,0.49999999875,0.2222222219753086,0.3076923029585799,0.3076923029585799,0.18181817752066123,0.3076923029585799,0,0,0.3125,0.18181818165289254
269.png,একজন লোক একটি <unk>,0.49999999875,0.2222222219753086,0.3076923029585799,0.3076923029585799,0.18181817752066123,0.3076923029585799,0,0,0.4,0.2222222219753086
3264337159_e1680a35ba.jpg,একটি কুকুর একটি পাখি নিয়ে যাচ্ছে,0.33333333277777777,0.33333333277777777,0.3333333277777778,0.3333333277777778,0.19999999460000012,0.3333333277777778,0,0,0.5833333333333333,0.2222222219753086
343409440_1006333300774451_5704544795196802486_n.jpg,একটি শিশু একটি <unk>,0.7499999981250001,0.14285714278911565,0.23999999712,0.23999999712,0.0,0.23999999712,0,0,0.18518518518518523,0.10526315783933518
6541.png,একজন পুরুষ মাথায় <unk> <unk> <unk> <unk> <unk> <unk> <unk> <unk> <unk> <unk> <unk> <unk> <unk> <unk> <unk> <unk> <unk> <unk> <unk> <unk> <unk> <unk> <unk> <unk> <unk> <unk> <unk> <unk> <unk> <unk> <unk> <unk> <unk> <unk> <unk> <unk> <unk>,0.0499999999875,0.6666666644444444,0.09302325447268796,0.09302325447268796,0.0,0.09302325447268796,0,0,0.08750000000000002,0.3999999992
1285067106_2adc307240.jpg,একজন বেসবল ক্যাপ পরা একজন বেসবল ক্যাপ পরা একজন বেসবল ক্যাপ পরা একজন বেসবল ক্যাপ পরা একজন বেসবল ক্যাপ পরা একজন বেসবল ক্যাপ পরা একজন বেসবল ক্যাপ পরা একজন বেসবল ক্যাপ পরা একজন বেসবল ক্যাপ পরা একজন বেসবল ক্যাপ পরা,0.0499999999875,0.2222222219753086,0.08163265002915464,0.08163265002915464,0.0,0.08163265002915464,0,0,0.1775147928994083,0.18181818165289254
7087.png,কয়েকজন পুরুষ দাড়িয়ে আছে।,0.49999999875,0.33333333277777777,0.3999999944,0.3999999944,0.0,0.3999999944,0,0,0.40909090909090906,0.24999999968749997
2752043092_f48ebfeaa2.jpg,একটি শিশু একটি খেলনা নিয়ে খেলছে,0.33333333277777777,0.2222222219753086,0.2666666615111111,0.2666666615111111,0.0,0.2666666615111111,0,0,0.47619047619047616,0.16666666652777776
3030793171_55cd646eed.jpg,একটি কুকুর একটি ফ্রিসবি ধরার জন্য লাফ দিলো,0.24999999968749997,0.3999999992,0.3076923024852071,0.3076923024852071,0.1818181768595043,0.3076923024852071,0,0,0.4666666666666667,0.1999999998
7666.png,একজন পুরুষ ছাতা নিয়ে হেঁটে আসছে।,0.33333333277777777,0.1999999998,0.24999999500000003,0.24999999500000003,0.14285713806122466,0.24999999500000003,0,0,0.4722222222222222,0.14285714275510203
271177682_48da79ab33.jpg,একটি গাড়ির পাশে একটি গাড়ির পাশে দাঁড়িয়ে আছে,0.24999999968749997,0.14285714275510203,0.1818181770247935,0.1818181770247935,0.0,0.1818181770247935,0,0,0.37735849056603776,0.12499999984374999
6019.png,একজন পুরুষ দাড়িয়ে আছে।,0.49999999875,0.24999999968749997,0.33333332833333335,0.33333332833333335,0.1999999954000001,0.33333332833333335,0,0,0.4347826086956522,0.1999999998
3681056426_fbd6c0c92c.jpg,একদল লোক একটি <unk>,0.49999999875,0.49999999875,0.4999999937500001,0.4999999937500001,0.33333332722222225,0.4999999937500001,0,0,0.275,0.33333333277777777
pexels-riiyad-14950111.jpg,একজন পুরুষ একটি নৌকা থেকে দূরে <unk>,0.14285714265306124,0.16666666638888888,0.15384614863905344,0.15384614863905344,0.0,0.15384614863905344,0,0,0.4,0.08333333326388888
1166.png,একজন পুরুষ বসে আছে,0.49999999875,0.2857142853061225,0.36363635834710756,0.36363635834710756,0.2222222172839507,0.36363635834710756,0,0,0.4,0.24999999968749997
1220027979.jpg,একটি ছোট বাচ্চা একটি <unk>,0.5999999988,0.29999999969999996,0.39999999502222217,0.39999999502222217,0.0,0.39999999502222217,0,0,0.375,0.18181818165289254
6855.png,কয়েকজন পুরুষ বসে আছে।,0.7499999981250001,0.9999999966666667,0.8571428497959185,0.8571428497959185,0.39999999360000005,0.8571428497959185,0,0,0.8,0.7499999981250001
2101128963_fdf8b2a0d7.jpg,বেসবল খেলোয়াড় বেসে বেসে <unk>,0.3999999992,0.33333333277777777,0.36363635801652905,0.36363635801652905,0.2222222167901236,0.36363635801652905,0,0,0.43999999999999995,0.24999999968749997
3711826708_bba64fb1e1.jpg,একটি কুকুর একটি কুকুর একটি কুকুর একটি কুকুর একটি কুকুর একটি কুকুর একটি কুকুর একটি কুকুর একটি কুকুর একটি কুকুর একটি কুকুর একটি কুকুর একটি কুকুর একটি কুকুর একটি কুকুর একটি কুকুর একটি কুকুর একটি কুকুর একটি কুকুর একটি কুকুর,0.07499999998125,0.4285714279591837,0.12765957187867819,0.12765957187867819,0.04651162619794489,0.12765957187867819,0,0,0.1383647798742138,0.3999999992
469029994_349e138606.jpg,একজন লোক পাহাড়ের চূড়ায় দাঁড়িয়ে আছে,0.49999999916666665,0.7499999981250001,0.5999999940000001,0.5999999940000001,0.24999999468750006,0.5999999940000001,0,0,0.6551724137931034,0.4285714279591837
2780087302_6a77658cbf.jpg,একদল শিশু একটি ছোট বাচ্চা একটি <unk> <unk> <unk>,0.1111111109876543,0.0999999999,0.10526315279778417,0.10526315279778417,0.0,0.10526315279778417,0,0,0.2857142857142857,0.06666666662222222
5463.png,একটি দোকানের সামনে দাড়িয়ে আছে,0.1999999996,0.16666666638888888,0.1818181765289258,0.1818181765289258,0.0,0.1818181765289258,0,0,0.5217391304347826,0.0999999999
7295.png,একজন পুরুষ বসে আছে।,0.49999999875,0.16666666652777776,0.2499999959375,0.2499999959375,0.14285713928571436,0.2499999959375,0,0,0.2682926829268293,0.14285714275510203
8283.png,একজন পুরুষ দাড়িয়ে আছে।,0.49999999875,0.6666666644444444,0.5714285648979592,0.5714285648979592,0.0,0.5714285648979592,0,0,0.6,0.3999999992
143688205_630813a466.jpg,একজন পুরুষ আছে।,0.3333333322222222,0.14285714265306124,0.1999999954000001,0.1999999954000001,0.0,0.1999999954000001,0,0,0.3214285714285714,0.1111111109876543
2307.png,একটি কুকুর একটি <unk>,0.49999999875,0.49999999875,0.4999999937500001,0.4999999937500001,0.33333332722222225,0.4999999937500001,0,0,0.6,0.3999999992
745563422_f4fa7d9157.jpg,একজন মহিলা একটি টেবিলে বসে আছে,0.6666666655555555,0.30769230745562126,0.4210526268144044,0.4210526268144044,0.19999999460000012,0.4210526268144044,0,0,0.52,0.26666666648888887
3718892835_a3e74a3417.jpg,একটি শিশু একটি শিশু একটি <unk> <unk>,0.14285714265306124,0.08333333326388888,0.1052631531301941,0.1052631531301941,0.0,0.1052631531301941,0,0,0.4,0.07142857137755101
405961988_fcfe97f31e.jpg,একজন পুরুষ বসে আছে,0.249999999375,0.16666666638888888,0.1999999948000001,0.1999999948000001,0.0,0.1999999948000001,0,0,0.3846153846153846,0.1111111109876543
356929855_6bbf33d933.jpg,একটি কুকুর একটি কুকুর দৌড়াচ্ছে,0.5999999988,0.29999999969999996,0.39999999502222217,0.39999999502222217,0.1999999948000001,0.39999999502222217,0,0,0.4411764705882353,0.24999999968749997
3377117696_af91f13058.jpg,একজন স্কাইয়ার একটি স্কি করছে,0.3999999992,0.3999999992,0.39999999420000004,0.39999999420000004,0.1818181768595043,0.39999999420000004,0,0,0.5909090909090908,0.24999999968749997
4130.png,একটি শিশু একটি শিশু আছে।,0.1999999996,0.3333333322222222,0.24999999468750006,0.24999999468750006,0.0,0.24999999468750006,0,0,0.375,0.1999999996
450.png,একজন পুরুষ দাড়িয়ে আছে।,0.0,0.0,0.0,0.0,0.0,0.0,0,0,0.29166666666666663,0.0
6979.png,কয়েকজন মানুষ আছে।,0.0,0.0,0.0,0.0,0.0,0.0,0,0,0.30000000000000004,0.0
2433175169_da939372f2.jpg,একজন লোক একটি <unk>,0.249999999375,0.0999999999,0.14285713857142868,0.14285713857142868,0.0,0.14285713857142868,0,0,0.20454545454545459,0.07692307686390532
8051.png,একজন পুরুষ ও একজন পুরুষ ও একজন পুরুষ ও একজন পুরুষ ও একজন পুরুষ ও একজন পুরুষ ও একজন পুরুষ ও একজন পুরুষ ও একজন পুরুষ ও একজন পুরুষ ও একজন পুরুষ ও একজন পুরুষ ও একজন পুরুষ ও একজন,0.0,0.0,0.0,0.0,0.0,0.0,0,0,0.19727891156462585,0.0
3969.png,চারজন পুরুষ দাড়িয়ে আছে।,0.7499999981250001,0.4285714279591837,0.5454545398347109,0.5454545398347109,0.44444443901234576,0.5454545398347109,0,0,0.56,0.4285714279591837
1230.png,একটি শিশু আছে।,0.0,0.0,0.0,0.0,0.0,0.0,0,0,0.21739130434782605,0.0
2039.png,একটি শিশু একটি নৌকা থেকে <unk>,0.0,0.0,0.0,0.0,0.0,0.0,0,0,0.24,0.0
3320209694_db579cb607.jpg,একজন লোক পাথরের উপর দিয়ে লাফ দিচ্ছে,0.14285714265306124,0.1999999996,0.16666666152777793,0.16666666152777793,0.0,0.16666666152777793,0,0,0.3846153846153846,0.09090909082644627
505955292_026f1489f2.jpg,একটি শিশু একটি <unk>,0.49999999875,0.49999999875,0.4999999937500001,0.4999999937500001,0.33333332722222225,0.4999999937500001,0,0,0.3571428571428571,0.3999999992
1164765687_7aca07bbe7.jpg,একটি কুকুর একটি কুকুর খেলছে,0.3999999992,0.2222222219753086,0.2857142807142858,0.2857142807142858,0.0,0.2857142807142858,0,0,0.4285714285714286,0.1999999998
285.png,একটি নৌকায় কয়েকজন মানুষ আছে।,0.1999999996,0.14285714265306124,0.16666666152777793,0.16666666152777793,0.0,0.16666666152777793,0,0,0.45833333333333337,0.0999999999
5929.png,একজন পুরুষ দাড়িয়ে আছে।,0.49999999875,0.33333333277777777,0.3999999944,0.3999999944,0.0,0.3999999944,0,0,0.4545454545454546,0.2857142853061225
8260.png,একজন পুরুষ দাড়িয়ে আছে।,0.49999999875,0.6666666644444444,0.5714285648979592,0.5714285648979592,0.0,0.5714285648979592,0,0,0.5333333333333333,0.3999999992
2225864432_48a24f49a4.jpg,একটি মেয়ে একটি মেয়ে বসে আছে,0.33333333277777777,0.18181818165289254,0.2352941128027682,0.2352941128027682,0.0,0.2352941128027682,0,0,0.2571428571428571,0.15384615372781063
3119.png,একটা লোক দাড়িয়ে আছে,0.249999999375,0.14285714265306124,0.1818181768595043,0.1818181768595043,0.09090908847107444,0.1818181768595043,0,0,0.4,0.10526315783933518
8936.png,একটি নৌকা দেখা যাচ্ছে।,0.0,0.0,0.0,0.0,0.0,0.0,0,0,0.2857142857142857,0.0
3658427967_6e2e57458d.jpg,একটি শিশু একটি শিশু একটি ঢেউ থেকে লাফ দিচ্ছে,0.3333333329629629,0.4285714279591837,0.374999994609375,0.374999994609375,0.11764705370242234,0.374999994609375,0,0,0.5,0.2222222219753086
279.png,একজন পুরুষ দাড়িয়ে আছে,0.249999999375,0.14285714265306124,0.1818181768595043,0.1818181768595043,0.0,0.1818181768595043,0,0,0.40740740740740744,0.0999999999
2229509318_be3fef006b.jpg,একটি কুকুর একটি কুকুর খেলছে,0.5999999988,0.3333333329629629,0.42857142336734694,0.42857142336734694,0.16666666194444454,0.42857142336734694,0,0,0.5217391304347826,0.2222222219753086
6664.png,একটি নৌকায় একজন পুরুষ একটি পাখি নিয়ে আছে।,0.37499999953124996,0.3333333329629629,0.3529411710726644,0.3529411710726644,0.1999999954000001,0.3529411710726644,0,0,0.4375,0.2222222219753086
1858.png,একজন নারী আছে।,0.6666666644444444,0.1999999998,0.3076923036686391,0.3076923036686391,0.0,0.3076923036686391,0,0,0.2647058823529411,0.1999999998
2332986053_864db84971.jpg,একজন পুরুষ একটি শিশু আছে।,0.1999999996,0.1999999996,0.19999999460000012,0.19999999460000012,0.0,0.19999999460000012,0,0,0.3913043478260869,0.1111111109876543
8227.png,একটি নৌকায় কয়েকজন মানুষ আছে।,0.3999999992,0.49999999875,0.4444444385185186,0.4444444385185186,0.28571428000000004,0.4444444385185186,0,0,0.55,0.2857142853061225
1260816604_570fc35836.jpg,একটি গাড়ির পাশে একটি <unk>,0.3999999992,0.24999999968749997,0.3076923024852071,0.3076923024852071,0.0,0.3076923024852071,0,0,0.31999999999999995,0.0999999999
3498482871_4e02f31c35.jpg,একটি গরু নিয়ে দাড়িয়ে আছে,0.3999999992,0.15384615372781063,0.22222221796296296,0.22222221796296296,0.0,0.22222221796296296,0,0,0.3125,0.124999999921875
3308997740_91765ecdcc.jpg,একজন মহিলা এবং একজন মহিলা তার <unk> <unk> <unk> <unk> <unk> <unk> <unk> <unk> <unk> <unk> <unk> <unk> <unk> <unk> <unk> <unk> <unk> <unk> <unk> <unk> <unk> <unk> <unk> <unk> <unk> <unk> <unk> <unk> <unk> <unk> <unk> <unk> <unk> <unk>,0.0499999999875,0.1999999998,0.07999999676800014,0.07999999676800014,0.0,0.07999999676800014,0,0,0.11949685534591192,0.16666666652777776
823675317_b5fbdb17b3.jpg,একটি ছেলে একটি বল নিয়ে খেলছে,0.49999999916666665,0.4285714279591837,0.4615384558579882,0.4615384558579882,0.36363635801652905,0.4615384558579882,0,0,0.5833333333333333,0.2222222219753086
429270993_294ba8e64c.jpg,এক ব্যক্তি একটি <unk> <unk> <unk> <unk> <unk> <unk> <unk> <unk> <unk> <unk> <unk> <unk> <unk> <unk> <unk> <unk> <unk> <unk> <unk> <unk> <unk> <unk> <unk> <unk> <unk> <unk> <unk> <unk> <unk> <unk> <unk> <unk> <unk> <unk> <unk> <unk> <unk>,0.02499999999375,0.16666666638888888,0.04347825858223074,0.04347825858223074,0.0,0.04347825858223074,0,0,0.13207547169811318,0.1111111109876543
2893515010_4a3d9dcc67.jpg,ওকলাহোমা ফুটবল খেলোয়াড় বল নিয়ে খেলছে,0.49999999916666665,0.37499999953124996,0.4285714230612245,0.4285714230612245,0.16666666152777793,0.4285714230612245,0,0,0.5172413793103448,0.2727272724793388
4608.png,একজন পুরুষ দাড়িয়ে আছে,0.0,0.0,0.0,0.0,0.0,0.0,0,0,0.47058823529411764,0.0
3874.png,একজন নারী দাড়িয়ে আছে।,0.249999999375,0.14285714265306124,0.1818181768595043,0.1818181768595043,0.0,0.1818181768595043,0,0,0.2962962962962963,0.0999999999
1184440714.jpg,একটি ছেলে একটি ফ্রিসবি ধরার জন্য লাফ দিচ্ছে,0.49999999937499995,0.30769230745562126,0.3809523758730159,0.3809523758730159,0.1052631531301941,0.2857142807256236,0,0,0.3111111111111111,0.1874999998828125
362316425_bda238b4de.jpg,একদল লোক একটি <unk> <unk> <unk> <unk> <unk> <unk> <unk> <unk> <unk> <unk> <unk> <unk> <unk> <unk> <unk> <unk> <unk> <unk> <unk> <unk> <unk> <unk> <unk> <unk> <unk> <unk> <unk> <unk> <unk> <unk> <unk> <unk> <unk> <unk> <unk> <unk> <unk>,0.0499999999875,0.24999999968749997,0.08333333052083343,0.08333333052083343,0.042553188646446534,0.08333333052083343,0,0,0.10062893081761004,0.1999999998
3081182021_22cfa18dd4.jpg,একটি ছেলে একটি <unk>,0.249999999375,0.1999999996,0.2222222167901236,0.2222222167901236,0.0,0.2222222167901236,0,0,0.33333333333333337,0.14285714265306124
6186.png,একজন পুরুষ ও একজন পুরুষ দাড়িয়ে আছে।,0.571428570612245,0.9999999975,0.7272727213223142,0.7272727213223142,0.6666666607407408,0.7272727213223142,0,0,0.5769230769230769,0.7999999984
4463.png,একজন পুরুষ বসে আছে।,0.9999999975,0.3999999996,0.5714285665306122,0.5714285665306122,0.3333333290277778,0.5714285665306122,0,0,0.3589743589743589,0.3999999996
1165.png,একজন পুরুষ বসে আছে।,0.249999999375,0.1999999996,0.2222222167901236,0.2222222167901236,0.0,0.2222222167901236,0,0,0.47058823529411764,0.12499999984374999
8300.png,একটি নৌকায় দুইজন মানুষ আছে।,0.1999999996,0.1999999996,0.19999999460000012,0.19999999460000012,0.0,0.19999999460000012,0,0,0.3157894736842105,0.1111111109876543
1122.png,কয়েকজন পুরুষ দাড়িয়ে আছে।,0.7499999981250001,0.4285714279591837,0.5454545398347109,0.5454545398347109,0.2222222172839507,0.5454545398347109,0,0,0.48,0.37499999953124996
3210705660_2b14b7fb36.jpg,একটি শিশু একটি ছোট ছেলে একটি মাঠে খেলছে,0.37499999953124996,0.4285714279591837,0.3999999944888889,0.3999999944888889,0.0,0.3999999944888889,0,0,0.40740740740740744,0.29999999969999996
345785626_9fa59f38ce.jpg,একটি শিশু একটি ঢেউ থেকে পানি থেকে পানি থেকে পানি থেকে পানি থেকে পানি থেকে পানি থেকে পানি থেকে পানি থেকে পানি থেকে পানি থেকে পানি থেকে পানি থেকে পানি থেকে পানি থেকে পানি থেকে পানি থেকে পানি থেকে পানি,0.02499999999375,0.14285714265306124,0.04255318893617037,0.04255318893617037,0.0,0.04255318893617037,0,0,0.1652892561983471,0.09090909082644627
8454.png,একজন পুরুষ মাথায় টুপি পরা একজন পুরুষ মাথায় টুপি পরা একজন পুরুষ মাথায় টুপি পরা একজন পুরুষ মাথায় টুপি পরা একজন পুরুষ মাথায় টুপি পরা একজন পুরুষ মাথায় টুপি পরা একজন পুরুষ মাথায় টুপি পরা একজন পুরুষ মাথায় টুপি পরা,0.0499999999875,0.6666666644444444,0.09302325447268796,0.09302325447268796,0.04878048685306366,0.09302325447268796,0,0,0.1258278145695364,0.33333333277777777
3672109677_8caa992671.jpg,একদল লোক একটি <unk> <unk> <unk> <unk> <unk> <unk> <unk> <unk> <unk> <unk> <unk> <unk> <unk> <unk> <unk> <unk> <unk> <unk> <unk> <unk> <unk> <unk> <unk> <unk> <unk> <unk> <unk> <unk> <unk> <unk> <unk> <unk> <unk> <unk> <unk> <unk> <unk>,0.099999999975,0.3636363633057851,0.15686274165321037,0.15686274165321037,0.04081632326530638,0.11764705539407928,0,0,0.11949685534591192,0.18181818165289254
3412249548_00820fc4ca.jpg,একজন পুরুষ এবং চশমা পরা একজন লোক তার মুখে একটি <unk>,0.2727272724793388,0.37499999953124996,0.31578946847645434,0.31578946847645434,0.11764705384083066,0.31578946847645434,0,0,0.30000000000000004,0.19999999986666667
3418.png,একজন মহিলা একসাথে দাঁড়িয়ে আছে,0.1999999996,0.06666666662222222,0.09999999615000013,0.09999999615000013,0.0,0.09999999615000013,0,0,0.23636363636363633,0.0624999999609375
255330891_86d65dfdbf.jpg,একটি মেয়ে একটি মেয়ে একটি <unk> <unk> <unk> <unk> <unk> <unk> <unk> <unk> <unk> <unk> <unk> <unk> <unk> <unk> <unk> <unk> <unk> <unk> <unk> <unk> <unk> <unk> <unk> <unk> <unk> <unk> <unk> <unk> <unk> <unk> <unk> <unk> <unk> <unk> <unk>,0.02499999999375,0.12499999984374999,0.04166666387152797,0.04166666387152797,0.0,0.04166666387152797,0,0,0.12101910828025475,0.0999999999
5628.png,একজন পুরুষ দাড়িয়ে আছে।,0.7499999981250001,0.7499999981250001,0.7499999931250001,0.7499999931250001,0.0,0.7499999931250001,0,0,0.6,0.5999999988
488089932_c3a5fa4140.jpg,একটি ছোট ছেলে একটি <unk> <unk> <unk> <unk> <unk> <unk> <unk> <unk> <unk> <unk> <unk> <unk> <unk> <unk> <unk> <unk> <unk> <unk> <unk> <unk> <unk> <unk> <unk> <unk> <unk> <unk> <unk> <unk> <unk> <unk> <unk> <unk> <unk> <unk> <unk> <unk>,0.0499999999875,0.1999999998,0.07999999676800014,0.07999999676800014,0.04081632326530638,0.07843136913494825,0,0,0.15286624203821653,0.16666666652777776
5701.png,একটি শিশু বসে আছে,0.7499999981250001,0.7499999981250001,0.7499999931250001,0.7499999931250001,0.6666666594444445,0.7499999931250001,0,1,1.0,0.5999999988
925491651_57df3a5b36.jpg,একটি কুকুর পানিতে সাঁতার কাটছে।,0.3999999992,0.3999999992,0.39999999420000004,0.39999999420000004,0.2499999943750001,0.39999999420000004,0,0,0.5263157894736843,0.24999999968749997
2970067128_8842ab3603.jpg,একটি সাইকেল চালক একটি সাইকেল চালাচ্ছে,0.33333333277777777,0.1999999998,0.24999999500000003,0.24999999500000003,0.0,0.24999999500000003,0,0,0.45238095238095233,0.16666666652777776
501520507_c86f805ab8.jpg,একজন মহিলা একটি মেয়ে একটি <unk>,0.49999999916666665,0.4285714279591837,0.4615384558579882,0.4615384558579882,0.0,0.4615384558579882,0,0,0.5925925925925926,0.3333333329629629
5832.png,একজন পুরুষ বসে আছে।,0.49999999875,0.49999999875,0.4999999937500001,0.4999999937500001,0.33333332722222225,0.4999999937500001,0,0,0.5,0.33333333277777777
343419618_1590809361413949_5895706419711225064_n.jpg,একজন পুরুষ ছাতা নিয়ে যাচ্ছে।,0.1999999996,0.09090909082644627,0.12499999554687513,0.12499999554687513,0.0,0.12499999554687513,0,0,0.25,0.06666666662222222
7690.png,একজন পুরুষ আছে।,0.0,0.0,0.0,0.0,0.0,0.0,0,0,0.3076923076923077,0.0
2300.png,একটি গাছের নিচে একটি গাছের নিচে একটি গাছের নিচে একটি গাছের নিচে একটি গাছের নিচে একটি গাছের নিচে একটি গাছের নিচে একটি গাছের নিচে একটি গাছের নিচে একটি গাছের নিচে একটি গাছের নিচে একটি গাছের নিচে একটি গাছের নিচে একটি,0.07499999998125,0.4285714279591837,0.12765957187867819,0.12765957187867819,0.08888888653827165,0.12765957187867819,0,0,0.2191780821917808,0.4285714279591837
4173.png,একজন পুরুষ বসে আছে,0.49999999875,0.49999999875,0.4999999937500001,0.4999999937500001,0.33333332722222225,0.4999999937500001,0,0,0.6470588235294117,0.33333333277777777
IMG_4351.JPG,একজন মহিলা টি,0.6666666644444444,0.49999999875,0.5714285648979592,0.5714285648979592,0.39999999360000005,0.5714285648979592,0,0,0.19999999999999996,0.3999999992
5590.png,একজন পুরুষ দাড়িয়ে আছে।,0.49999999875,0.49999999875,0.4999999937500001,0.4999999937500001,0.14285713928571436,0.4999999937500001,0,0,0.33333333333333337,0.33333333277777777
7238.png,একজন মহিলা বসে আছে,0.249999999375,0.3333333322222222,0.28571428000000004,0.28571428000000004,0.0,0.28571428000000004,0,0,0.5714285714285714,0.16666666638888888
700884207_d3ec546494.jpg,একটি শিশু একটি <unk> <unk> <unk> <unk> <unk> <unk> <unk> <unk> <unk> <unk> <unk> <unk> <unk> <unk> <unk> <unk> <unk> <unk> <unk> <unk> <unk> <unk> <unk> <unk> <unk> <unk> <unk> <unk> <unk> <unk> <unk> <unk> <unk> <unk> <unk> <unk> <unk>,0.0499999999875,0.24999999968749997,0.08333333052083343,0.08333333052083343,0.0,0.08333333052083343,0,0,0.11392405063291144,0.1111111109876543
985067019_705fe4a4cc.jpg,একটি শিশু বসে আছে,0.49999999875,0.2857142853061225,0.36363635834710756,0.36363635834710756,0.2222222172839507,0.36363635834710756,0,0,0.4,0.24999999968749997
2952320230_26601173be.jpg,একজন টেনিস খেলছে,0.6666666644444444,0.33333333277777777,0.44444443901234576,0.44444443901234576,0.28571428081632655,0.44444443901234576,0,0,0.47619047619047616,0.2857142853061225
3371567346_b6522efdb8.jpg,একটি শিশু একটি <unk>,0.49999999875,0.1999999998,0.28571428122448983,0.28571428122448983,0.16666666263888896,0.28571428122448983,0,0,0.38888888888888884,0.18181818165289254
2315.png,একজন পুরুষ দাড়িয়ে আছে।,0.49999999875,0.1999999998,0.28571428122448983,0.28571428122448983,0.16666666263888896,0.28571428122448983,0,0,0.2432432432432432,0.16666666652777776
2612949583_f45b3afe33.jpg,একটি কুকুর একটি <unk>,0.249999999375,0.14285714265306124,0.1818181768595043,0.1818181768595043,0.0,0.1818181768595043,0,0,0.33333333333333337,0.1111111109876543
3109.png,একজন পুরুষ একটি পাথরে আরোহণ করছে,0.16666666638888888,0.09090909082644627,0.11764705411764723,0.11764705411764723,0.0,0.11764705411764723,0,0,0.2857142857142857,0.0624999999609375
319185571_56162796da.jpg,একটি কুকুর একটি কুকুর দৌড়াচ্ছে,0.5999999988,0.3333333329629629,0.42857142336734694,0.42857142336734694,0.1818181768595043,0.42857142336734694,0,0,0.5151515151515151,0.2222222219753086
557721978_dfde31bc02.jpg,একটি ছোট মেয়ে একটি ছোট ছেলে একটি ছোট ছেলে একটি ছোট ছেলে একটি ছোট ছেলে একটি ছোট ছেলে একটি ছোট ছেলে একটি ছোট ছেলে একটি ছোট ছেলে একটি ছোট ছেলে একটি ছোট ছেলে একটি ছোট ছেলে একটি ছোট ছেলে একটি,0.07499999998125,0.2727272724793388,0.11764705539407928,0.11764705539407928,0.08163264977925878,0.11764705539407928,0,0,0.17293233082706772,0.24999999979166665
3135.png,সরিষা ক্ষেতের মাঝ দিয়ে সরিষা ক্ষেত।,0.49999999916666665,0.3333333329629629,0.3999999946666667,0.3999999946666667,0.19999999460000012,0.3999999946666667,0,0,0.6086956521739131,0.2727272724793388
2424398046_1a55c71376.jpg,একটি শিশু একটি গিটার বাজাচ্ছে,0.7999999984,0.571428570612245,0.6666666606944446,0.6666666606944446,0.1999999948000001,0.6666666606944446,0,0,0.6538461538461539,0.4285714279591837
427167162_2c99779444.jpg,একজন লোক একটি <unk> <unk>,0.7999999984,0.21052631567867036,0.33333332975694446,0.33333332975694446,0.27272726950413223,0.24999999649305557,0,0,0.38095238095238093,0.24999999984375
2613.png,একটি শিশু একটি <unk>,0.0,0.0,0.0,0.0,0.0,0.0,0,0,0.1785714285714286,0.0
3600.png,একজন পুরুষ বসে আছে।,0.7499999981250001,0.7499999981250001,0.7499999931250001,0.7499999931250001,0.0,0.7499999931250001,0,0,0.5625,0.5999999988
2252.png,একজন পুরুষ দাড়িয়ে আছে।,0.249999999375,0.249999999375,0.2499999943750001,0.2499999943750001,0.0,0.2499999943750001,0,0,0.5333333333333333,0.14285714265306124
1521623639_4bda3407cc.jpg,একটি মুরগি ও একটি মুরগি ও একটি মুরগি ও একটি মুরগি ও একটি মুরগি ও একটি মুরগি ও একটি মুরগি ও একটি মুরগি ও একটি মুরগি ও একটি মুরগি ও একটি মুরগি ও একটি মুরগি ও একটি মুরগি ও একটি,0.02499999999375,0.1111111109876543,0.04081632351520222,0.04081632351520222,0.0,0.04081632351520222,0,0,0.16541353383458646,0.09090909082644627
6017.png,একজন পুরুষ দাড়িয়ে আছে।,0.249999999375,0.1999999996,0.2222222167901236,0.2222222167901236,0.0,0.2222222167901236,0,0,0.33333333333333337,0.12499999984374999
3293751136_b0ce285dc3.jpg,একটি ছেলে একটি <unk> <unk> <unk> <unk> <unk> <unk> <unk> <unk> <unk> <unk> <unk> <unk> <unk> <unk> <unk> <unk> <unk> <unk> <unk> <unk> <unk> <unk> <unk> <unk> <unk> <unk> <unk> <unk> <unk> <unk> <unk> <unk> <unk> <unk> <unk> <unk> <unk>,0.07499999998125,0.3333333329629629,0.1224489765431071,0.1224489765431071,0.0,0.08163265002915464,0,0,0.08860759493670889,0.2222222219753086
103106960.jpg,একটি ছোট ছেলে একটি <unk>,0.5999999988,0.37499999953124996,0.46153845609467453,0.46153845609467453,0.1818181768595043,0.3076923024852071,0,0,0.33333333333333337,0.2222222219753086
_MG_1629.JPG,একজন নারী ও একজন মহিলা একটি মঞ্চে দাড়িয়ে আছে,0.3333333329629629,0.49999999916666665,0.3999999946666667,0.3999999946666667,0.0,0.3999999946666667,0,0,0.4242424242424242,0.2727272724793388
12830823_87d2654e31.jpg,একটি শিশু একটি ধাতব দন্ডের উপর দিয়ে একটি ধাতব দন্ডের উপর দিয়ে একটি ধাতব দন্ডের উপর দিয়ে একটি ধাতব দন্ডের উপর দিয়ে একটি ধাতব দন্ডের উপর দিয়ে একটি ধাতব দন্ডের উপর দিয়ে একটি ধাতব দন্ডের উপর দিয়ে একটি ধাতব দন্ডের,0.02499999999375,0.16666666638888888,0.04347825858223074,0.04347825858223074,0.0,0.04347825858223074,0,0,0.20125786163522008,0.09090909082644627
456512643_0aac2fa9ce.jpg,একটি কুকুর একটি ফ্রিসবি ধরার জন্য একটি ফ্রিসবি ধরার জন্য একটি ফ্রিসবি ধরার জন্য একটি ফ্রিসবি ধরার জন্য একটি ফ্রিসবি ধরার জন্য একটি ফ্রিসবি ধরার জন্য একটি ফ্রিসবি ধরার জন্য একটি ফ্রিসবি ধরার জন্য একটি ফ্রিসবি ধরার জন্য একটি ফ্রিসবি,0.0499999999875,0.6666666644444444,0.09302325447268796,0.09302325447268796,0.04878048685306366,0.09302325447268796,0,0,0.14201183431952658,0.33333333277777777
3314180199_2121e80368.jpg,একটি শিশু একটি বল নিয়ে খেলছে,0.49999999916666665,0.4285714279591837,0.4615384558579882,0.4615384558579882,0.21052631168975072,0.4615384558579882,0,0,0.65,0.2222222219753086
4646.png,জলাশয় দেখা যাচ্ছে।,0.6666666644444444,0.24999999968749997,0.36363635900826446,0.36363635900826446,0.22222221827160496,0.36363635900826446,0,0,0.34615384615384615,0.24999999968749997
2479180530_7ebba2d8bf.jpg,একটি কুকুর একটি কুকুর দৌড়াচ্ছে,0.5999999988,0.4285714279591837,0.4999999943055557,0.4999999943055557,0.1999999948000001,0.4999999943055557,0,0,0.6,0.4285714279591837
4350.png,একজন পুরুষ বসে আছে।,0.249999999375,0.16666666638888888,0.1999999948000001,0.1999999948000001,0.0,0.1999999948000001,0,0,0.31818181818181823,0.1111111109876543
1947.png,কয়েকজন পুরুষ দাড়িয়ে আছে।,0.249999999375,0.16666666638888888,0.1999999948000001,0.1999999948000001,0.0,0.1999999948000001,0,0,0.35,0.1111111109876543
4013.png,একজন পুরুষ দাড়িয়ে আছে।,0.9999999975,0.49999999937499995,0.6666666611111112,0.6666666611111112,0.39999999500000005,0.6666666611111112,0,0,0.5,0.571428570612245
3696.png,একজন নারী মাথায় <unk> <unk> <unk>,0.33333333277777777,0.49999999875,0.3999999944,0.3999999944,0.24999999468750006,0.3999999944,0,0,0.4347826086956522,0.33333333277777777
7675.png,একজন মহিলা টি,0.3333333322222222,0.1111111109876543,0.16666666263888896,0.16666666263888896,0.0,0.16666666263888896,0,0,0.25,0.09090909082644627
367925122_335ed279a8.jpg,একটি শিশু একটি লাল খেলনা নিয়ে একটি শিশু একটি খেলনা নিয়ে একটি শিশু একটি খেলনা নিয়ে একটি শিশু একটি খেলনা নিয়ে একটি শিশু একটি খেলনা নিয়ে একটি শিশু একটি খেলনা নিয়ে একটি শিশু একটি খেলনা নিয়ে একটি শিশু একটি খেলনা,0.0499999999875,0.1999999998,0.07999999676800014,0.07999999676800014,0.0,0.07999999676800014,0,0,0.1748251748251748,0.09090909082644627
5986.png,একজন মানুষ আছে।,0.6666666644444444,0.6666666644444444,0.6666666594444445,0.6666666594444445,0.4999999925000001,0.6666666594444445,0,0,0.8333333333333334,0.49999999875
8893.png,একটি শিশু একটি শিশু আছে।,0.5999999988,0.9999999966666667,0.7499999934375,0.7499999934375,0.6666666600000001,0.7499999934375,0,0,0.5625,0.9999999966666667
2139.png,কয়েকজন পুরুষ দাড়িয়ে আছে।,0.249999999375,0.14285714265306124,0.1818181768595043,0.1818181768595043,0.0,0.1818181768595043,0,0,0.37037037037037035,0.0999999999
534.png,কয়েকজন পুরুষ দাড়িয়ে আছে।,0.49999999875,0.49999999875,0.4999999937500001,0.4999999937500001,0.33333332722222225,0.4999999937500001,0,0,0.625,0.33333333277777777
3682428916_69ce66d375.jpg,একটি সাদা কালো রঙের একটি সাদা কালো রঙের একটি সাদা কালো রঙের একটি সাদা কালো রঙের একটি সাদা কালো রঙের একটি সাদা কালো রঙের একটি সাদা কালো রঙের একটি সাদা কালো রঙের একটি সাদা কালো রঙের একটি সাদা কালো রঙের,0.0499999999875,0.16666666652777776,0.07692307334319543,0.07692307334319543,0.0,0.07692307334319543,0,0,0.17266187050359716,0.14285714275510203
1507.png,একজন পুরুষ বসে আছে।,0.49999999875,0.2222222219753086,0.3076923029585799,0.3076923029585799,0.15384615005917168,0.3076923029585799,0,0,0.28205128205128205,0.1999999998
6646.png,একটি গাছের নিচে একটি গাছের নিচে একটি গাছের নিচে একটি গাছের নিচে একটি গাছের নিচে একটি গাছের নিচে একটি গাছের নিচে একটি গাছের নিচে একটি গাছের নিচে একটি গাছের নিচে একটি গাছের নিচে একটি গাছের নিচে একটি গাছের নিচে একটি,0.02499999999375,0.09090909082644627,0.03921568287581729,0.03921568287581729,0.0,0.03921568287581729,0,0,0.17123287671232879,0.08333333326388888
411216802_aead9e67e3.jpg,দুটি কুকুর একটি কুকুর খেলছে,0.3999999992,0.6666666644444444,0.49999999406250006,0.49999999406250006,0.33333332777777785,0.49999999406250006,0,0,0.631578947368421,0.3999999992
8922.png,একটি শিশু আছে।,0.3333333322222222,0.3333333322222222,0.33333332722222225,0.33333332722222225,0.0,0.33333332722222225,0,0,0.5454545454545454,0.1999999996
9084.png,একজন পুরুষ বসে আছে।,0.249999999375,0.07692307686390532,0.11764705508650528,0.11764705508650528,0.0,0.11764705508650528,0,0,0.19999999999999996,0.08333333326388888
2594902417_f65d8866a8.jpg,দুটি কুকুর একটি কুকুর খেলছে,0.5999999988,0.5999999988,0.5999999938,0.5999999938,0.2499999943750001,0.5999999938,0,0,0.5555555555555556,0.49999999916666665
942399470_6132d3e5d2.jpg,একজন লোক একটি <unk> <unk> <unk> <unk> <unk> <unk>,0.3333333329629629,0.1874999998828125,0.23999999520000007,0.23999999520000007,0.09999999510000022,0.23999999520000007,0,0,0.30000000000000004,0.19999999986666667
3326249355_e7a7c71f06.jpg,একজন লোক একটি <unk>,0.7499999981250001,0.3333333329629629,0.4615384565680474,0.4615384565680474,0.16666666263888896,0.4615384565680474,0,0,0.37142857142857144,0.29999999969999996
8185.png,একজন পুরুষ বসে আছে।,0.49999999875,0.2857142853061225,0.36363635834710756,0.36363635834710756,0.2222222172839507,0.36363635834710756,0,0,0.43999999999999995,0.24999999968749997
554774472_b5d165ff69.jpg,একটি শিশু একটি বল নিয়ে একটি সুইমিং পুলে লাফ দিচ্ছে,0.3999999996,0.571428570612245,0.4705882298961938,0.4705882298961938,0.2666666615111111,0.4705882298961938,0,0,0.5294117647058824,0.3636363633057851
2618538137_44fffe10c4.jpg,একটি কুকুর একটি কুকুর একটি কুকুর একটি কুকুর একটি কুকুর একটি কুকুর একটি কুকুর একটি কুকুর একটি কুকুর একটি কুকুর একটি কুকুর একটি কুকুর একটি কুকুর একটি কুকুর একটি কুকুর একটি কুকুর একটি কুকুর একটি কুকুর একটি কুকুর একটি কুকুর,0.07499999998125,0.29999999969999996,0.11999999675200007,0.11999999675200007,0.04166666360243077,0.11999999675200007,0,0,0.1383647798742138,0.2222222219753086
2968216482_ede65b20a8.jpg,একজন লোক একটি সাইকেল চালাচ্ছে,0.3999999992,0.2222222219753086,0.2857142807142858,0.2857142807142858,0.16666666194444454,0.2857142807142858,0,0,0.37037037037037035,0.16666666652777776
4819.png,একটি শিশু আছে।,0.3333333322222222,0.3333333322222222,0.33333332722222225,0.33333332722222225,0.0,0.33333332722222225,0,0,0.5,0.1999999996
2879241506_b421536330.jpg,একটি মেয়ে একটি <unk> <unk> <unk> <unk> <unk> <unk> <unk> <unk> <unk> <unk> <unk> <unk> <unk> <unk> <unk> <unk> <unk> <unk> <unk> <unk> <unk> <unk> <unk> <unk> <unk> <unk> <unk> <unk> <unk> <unk> <unk> <unk> <unk> <unk> <unk> <unk> <unk>,0.02499999999375,0.1111111109876543,0.04081632351520222,0.04081632351520222,0.0,0.04081632351520222,0,0,0.10126582278481011,0.09090909082644627
4621.png,একটি শিশু পানিতে খেলছে,0.7499999981250001,0.23076923059171597,0.35294117245674744,0.35294117245674744,0.1333333299555556,0.2352941137716263,0,0,0.22448979591836737,0.23076923059171597
20210716_142005.jpg,একটি শিশু একটি <unk> <unk>,0.0,0.0,0.0,0.0,0.0,0.0,0,0,0.35,0.0
2255342813_5b2ac6d633.jpg,একজন পুরুষ বসে আছে।,0.249999999375,0.1111111109876543,0.15384614934911253,0.15384614934911253,0.0,0.15384614934911253,0,0,0.3055555555555556,0.08333333326388888
7403.png,একটি মেয়ে একটি শিশু দাড়িয়ে আছে,0.16666666638888888,0.0999999999,0.12499999515625017,0.12499999515625017,0.0,0.12499999515625017,0,0,0.3157894736842105,0.07692307686390532
2419.png,একজন বয়স্ক পুরুষ বসে আছে,0.1999999996,0.249999999375,0.2222222167901236,0.2222222167901236,0.0,0.2222222167901236,0,0,0.5789473684210527,0.12499999984374999
3711.png,কয়েকজন পুরুষ দাড়িয়ে আছে।,0.49999999875,0.49999999875,0.4999999937500001,0.4999999937500001,0.33333332722222225,0.4999999937500001,0,0,0.625,0.33333333277777777
2244171992_a4beb04d8e.jpg,একদল লোক একটি ছোট ছেলে একটি <unk>,0.14285714265306124,0.1999999996,0.16666666152777793,0.16666666152777793,0.0,0.16666666152777793,0,0,0.2222222222222222,0.0999999999
2579572274_826598b14a.jpg,একটি শিশু একটি শিশু বসে আছে,0.33333333277777777,0.2857142853061225,0.3076923022485208,0.3076923022485208,0.0,0.3076923022485208,0,0,0.5,0.2222222219753086
3705976184_53ae07e898.jpg,একটি ছেলে একটি মাঠে খেলছে,0.1999999996,0.16666666638888888,0.1818181765289258,0.1818181765289258,0.0,0.1818181765289258,0,0,0.47619047619047616,0.1111111109876543
3435653630_3b6cca2c40.jpg,একজন মহিলা একটি <unk>,0.249999999375,0.16666666638888888,0.1999999948000001,0.1999999948000001,0.0,0.1999999948000001,0,0,0.2727272727272727,0.1111111109876543
505.png,কয়েকজন পুরুষ দাড়িয়ে আছে।,0.49999999875,0.49999999875,0.4999999937500001,0.4999999937500001,0.33333332722222225,0.4999999937500001,0,0,0.625,0.33333333277777777
7744.png,একজন পুরুষ আছে।,0.6666666644444444,0.16666666652777776,0.2666666631111111,0.2666666631111111,0.0,0.2666666631111111,0,0,0.4444444444444444,0.15384615372781063
3248.png,একজন পুরুষ দাড়িয়ে আছে,0.249999999375,0.0624999999609375,0.0999999967000001,0.0999999967000001,0.0,0.0999999967000001,0,0,0.33333333333333337,0.05263157891966759
3522000960_47415c3890.jpg,একজন সার্ফার একটি ঢেউ থেকে লাফ দিচ্ছে,0.2857142853061225,0.33333333277777777,0.3076923022485208,0.3076923022485208,0.1818181765289258,0.3076923022485208,0,0,0.5,0.18181818165289254
2542.png,কয়েকজন পুরুষ বসে আছে।,0.249999999375,0.1999999996,0.2222222167901236,0.2222222167901236,0.0,0.2222222167901236,0,0,0.30000000000000004,0.12499999984374999
20210515_184311.jpg,একজন পুরুষ দাড়িয়ে আছে।,0.0,0.0,0.0,0.0,0.0,0.0,0,0,0.24137931034482762,0.0
3231596071_f0c522a639.jpg,একজন লোক একটি <unk>,0.49999999875,0.49999999875,0.4999999937500001,0.4999999937500001,0.33333332722222225,0.4999999937500001,0,0,0.6666666666666667,0.33333333277777777
1332492622_8c66992b62.jpg,একটি <unk> <unk> <unk> <unk>,0.3999999992,0.2222222219753086,0.2857142807142858,0.2857142807142858,0.16666666194444454,0.2857142807142858,0,0,0.26315789473684215,0.1999999998
8708.png,একজন পুরুষ বসে আছে।,0.7499999981250001,0.7499999981250001,0.7499999931250001,0.7499999931250001,0.33333332722222225,0.7499999931250001,0,0,0.5333333333333333,0.5999999988
7716.png,একজন নারী মাথায় <unk>,0.0,0.0,0.0,0.0,0.0,0.0,0,0,0.2222222222222222,0.0
2216695423_1362cb25f3.jpg,দুটি কুকুর একটি কুকুর খেলছে,0.3999999992,0.49999999875,0.4444444385185186,0.4444444385185186,0.0,0.4444444385185186,0,0,0.5555555555555556,0.33333333277777777
8244.png,একটি বিশাল পাথরের উপর এক ব্যক্তি একটি <unk>,0.0,0.0,0.0,0.0,0.0,0.0,0,0,0.28125,0.0
2382411771_a16145f345.jpg,একটি কুকুর একটি কুকুর দৌড়াচ্ছে,0.7999999984,0.4444444439506172,0.5714285660204083,0.5714285660204083,0.15384614934911253,0.5714285660204083,0,0,0.5151515151515151,0.24999999968749997
1442.png,কয়েকজন পুরুষ দাড়িয়ে আছে।,0.49999999875,0.2857142853061225,0.36363635834710756,0.36363635834710756,0.0,0.36363635834710756,0,0,0.36,0.2222222219753086
3341.png,একজন পুরুষ বসে আছে।,0.249999999375,0.0624999999609375,0.0999999967000001,0.0999999967000001,0.0,0.0999999967000001,0,0,0.4666666666666667,0.0624999999609375
1087539207.jpg,একটি শিশু একটি <unk>,0.49999999875,0.2857142853061225,0.36363635834710756,0.36363635834710756,0.0,0.36363635834710756,0,0,0.38095238095238093,0.14285714265306124
3450874870_c4dcf58fb3.jpg,একজন স্কি করছে,0.6666666644444444,0.24999999968749997,0.36363635900826446,0.36363635900826446,0.0,0.36363635900826446,0,0,0.3666666666666667,0.2222222219753086
8816.png,একজন পুরুষ আছে।,0.3333333322222222,0.3333333322222222,0.33333332722222225,0.33333332722222225,0.0,0.33333332722222225,0,0,0.6363636363636364,0.1999999996
5139.png,একটি শিশু একটি শিশু আছে।,0.0,0.0,0.0,0.0,0.0,0.0,0,0,0.20833333333333337,0.0
5313.png,একজন লোক একটি সাইকেল চালাচ্ছে,0.1999999996,0.249999999375,0.2222222167901236,0.2222222167901236,0.0,0.2222222167901236,0,0,0.4285714285714286,0.12499999984374999
1679557684_50a206e4a9.jpg,একটি কুকুর একটি কুকুর খেলছে,0.5999999988,0.21428571413265304,0.3157894694736842,0.3157894694736842,0.14285713857142868,0.3157894694736842,0,0,0.3207547169811321,0.16666666652777776
4340.png,একটি শিশু একটি শিশু আছে।,0.5999999988,0.49999999916666665,0.5454545395041324,0.5454545395041324,0.2222222167901236,0.5454545395041324,0,0,0.5789473684210527,0.49999999916666665
2505360288_c972bd29c4.jpg,একটি কুকুর একটি কুকুর একটি <unk>,0.49999999916666665,0.3333333329629629,0.3999999946666667,0.3999999946666667,0.1818181765289258,0.3999999946666667,0,0,0.48275862068965514,0.3333333329629629
415793623_6c1225ae27.jpg,একজন পুরুষ একটি পাথরে আরোহণ করছে,0.49999999916666665,0.3333333329629629,0.3999999946666667,0.3999999946666667,0.15384614887573977,0.3999999946666667,0,0,0.48571428571428577,0.24999999979166665
3274691778_94bb57bba3.jpg,একজন পুরুষ ও একজন পুরুষ ও একজন পুরুষ ও একজন পুরুষ ও একজন পুরুষ ও একজন পুরুষ ও একজন পুরুষ ও একজন পুরুষ ও একজন পুরুষ ও একজন পুরুষ ও একজন পুরুষ ও একজন পুরুষ ও একজন পুরুষ ও একজন,0.07499999998125,0.19999999986666667,0.10909090508429765,0.10909090508429765,0.0,0.10909090508429765,0,0,0.23129251700680276,0.07692307686390532
487071033_27e460a1b9.jpg,একটি শিশু একটি <unk>,0.7499999981250001,0.29999999969999996,0.42857142387755104,0.42857142387755104,0.16666666263888896,0.36363635834710756,0,0,0.2857142857142857,0.1999999998
3256043809_47258e0b3e.jpg,একটি কুকুর একটি কুকুর দৌড়াচ্ছে,0.3999999992,0.33333333277777777,0.36363635801652905,0.36363635801652905,0.2222222167901236,0.36363635801652905,0,0,0.5833333333333333,0.2857142853061225
3446347599_0ecc49a9d5.jpg,একটি কুকুর একটি নৌকা থেকে পানি থেকে বের হচ্ছে,0.1111111109876543,0.0999999999,0.10526315279778417,0.10526315279778417,0.0,0.10526315279778417,0,0,0.32558139534883723,0.0624999999609375
3029.png,একজন মানুষ আছে।,0.9999999966666667,0.37499999953124996,0.5454545404958677,0.5454545404958677,0.22222221827160496,0.5454545404958677,0,0,0.3666666666666667,0.49999999916666665
5037.png,একটি শিশু একটি শিশু আছে।,0.1999999996,0.249999999375,0.2222222167901236,0.2222222167901236,0.0,0.2222222167901236,0,0,0.3125,0.16666666638888888
1445754124_647168f211.jpg,একটি কুকুর একটি কুকুর,0.7499999981250001,0.37499999953124996,0.49999999472222234,0.49999999472222234,0.24999999468750006,0.49999999472222234,0,0,0.47619047619047616,0.33333333277777777
909808296_23c427022d.jpg,একটি কুকুর একটি কুকুর খেলছে,0.7999999984,0.3636363633057851,0.499999995078125,0.499999995078125,0.28571428122448983,0.499999995078125,0,0,0.38636363636363635,0.2222222219753086
6563.png,একজন পুরুষ বসে আছে।,0.9999999975,0.3636363633057851,0.533333328711111,0.533333328711111,0.3076923036686391,0.533333328711111,0,0,0.368421052631579,0.3999999996
6345.png,একজন পুরুষ বসে আছে,0.0,0.0,0.0,0.0,0.0,0.0,0,0,0.3125,0.0
6166.png,কয়েকজন মানুষ আছে।,0.6666666644444444,0.3999999992,0.49999999406250006,0.49999999406250006,0.33333332777777785,0.49999999406250006,0,0,0.38095238095238093,0.33333333277777777
7313.png,একজন পুরুষ বসে আছে।,0.9999999975,0.7999999984,0.8888888819753088,0.8888888819753088,0.5714285648979592,0.8888888819753088,0,0,0.736842105263158,0.7999999984
3506560025_8d0f4f9ac4.jpg,একটি ছোট মেয়ে একটি <unk> <unk> <unk> <unk> <unk> <unk> <unk> <unk> <unk> <unk> <unk> <unk> <unk> <unk> <unk> <unk> <unk> <unk> <unk> <unk> <unk> <unk> <unk> <unk> <unk> <unk> <unk> <unk> <unk> <unk> <unk> <unk> <unk> <unk> <unk> <unk>,0.02499999999375,0.09090909082644627,0.03921568287581729,0.03921568287581729,0.0,0.03921568287581729,0,0,0.08917197452229297,0.07142857137755101
4773.png,একটি দোকানের সামনে একটি দোকানের সামনে একটি দোকানের সামনে একটি দোকানের সামনে একটি দোকানের সামনে একটি দোকানের সামনে একটি দোকানের সামনে একটি দোকানের সামনে একটি দোকানের সামনে একটি দোকানের সামনে একটি দোকানের সামনে একটি দোকানের সামনে একটি দোকানের সামনে একটি,0.02499999999375,0.14285714265306124,0.04255318893617037,0.04255318893617037,0.0,0.04255318893617037,0,0,0.09883720930232553,0.1111111109876543
4506.png,একজন মহিলা একসাথে বসে আছে।,0.3999999992,0.33333333277777777,0.36363635801652905,0.36363635801652905,0.2222222167901236,0.36363635801652905,0,0,0.5833333333333333,0.2222222219753086
7751.png,একজন পুরুষ দাড়িয়ে আছে,0.249999999375,0.08333333326388888,0.1249999960937501,0.1249999960937501,0.0,0.1249999960937501,0,0,0.23404255319148937,0.06666666662222222
1772859261_236c09b861.jpg,একটি কুকুর একটি কুকুর খেলছে,0.5999999988,0.49999999916666665,0.5454545395041324,0.5454545395041324,0.28571428000000004,0.5454545395041324,0,0,0.5714285714285714,0.49999999916666665
9053.png,একজন পুরুষ বসে আছে।,0.249999999375,0.249999999375,0.2499999943750001,0.2499999943750001,0.0,0.2499999943750001,0,0,0.5,0.14285714265306124
2469.png,কয়েকজন পুরুষ দাড়িয়ে আছে।,0.249999999375,0.12499999984374999,0.16666666194444454,0.16666666194444454,0.0,0.16666666194444454,0,0,0.29032258064516125,0.09090909082644627
1706.png,একজন পুরুষ দাড়িয়ে আছে।,0.9999999975,0.4444444439506172,0.6153846101775148,0.6153846101775148,0.36363635900826446,0.6153846101775148,0,0,0.46875,0.49999999937499995
2214132302_80064fd79d.jpg,এক মেয়ে একটি রাস্তায় দৌড়াচ্ছে,0.3999999992,0.1999999998,0.2666666618666667,0.2666666618666667,0.0,0.1818181765289258,0,0,0.28205128205128205,0.15384615372781063
4940.png,কয়েকজন মানুষ আছে।,0.6666666644444444,0.33333333277777777,0.44444443901234576,0.44444443901234576,0.0,0.44444443901234576,0,0,0.38095238095238093,0.2857142853061225
3559374748_f18c7caa55.jpg,একটি বাঘ থেকে <unk>,0.249999999375,0.14285714265306124,0.1818181768595043,0.1818181768595043,0.0,0.1818181768595043,0,0,0.28,0.0999999999
1243.png,একজন পুরুষ বসে আছে।,0.249999999375,0.16666666638888888,0.1999999948000001,0.1999999948000001,0.0,0.1999999948000001,0,0,0.375,0.1111111109876543
2980118787_2099de53ec.jpg,একজন সাইকেল চালক একটি সাইকেল নিয়ে বাতাসে লাফ দিচ্ছে,0.3333333329629629,0.5999999988,0.42857142336734694,0.42857142336734694,0.16666666194444454,0.42857142336734694,0,0,0.5,0.29999999969999996
426191845_1e979e9345.jpg,একটি কুকুর একটি বিশাল পাহাড়ের চূড়ায় দাঁড়িয়ে আছে,0.24999999968749997,0.6666666644444444,0.36363635900826446,0.36363635900826446,0.22222221827160496,0.36363635900826446,0,0,0.45945945945945943,0.24999999968749997
6193.png,একটি শিশু একটি শিশু আছে।,0.1999999996,0.3333333322222222,0.24999999468750006,0.24999999468750006,0.0,0.24999999468750006,0,0,0.375,0.1999999996
3789.png,চারজন পুরুষ দাড়িয়ে আছে,0.49999999875,0.24999999968749997,0.33333332833333335,0.33333332833333335,0.1999999954000001,0.33333332833333335,0,0,0.4666666666666667,0.1999999998
5653.png,একটি শিশু দাড়িয়ে আছে,0.0,0.0,0.0,0.0,0.0,0.0,0,0,0.4,0.0
6054.png,একটি শিশু বসে আছে।,0.49999999875,0.49999999875,0.4999999937500001,0.4999999937500001,0.0,0.4999999937500001,0,0,0.5714285714285714,0.33333333277777777
3498327617_d2e3db3ee3.jpg,একটি কুকুর পানিতে লাফ দিচ্ছে।,0.5999999988,0.3333333329629629,0.42857142336734694,0.42857142336734694,0.1999999948000001,0.42857142336734694,0,0,0.5384615384615384,0.2727272724793388
2386.png,জমির মাঝ দিয়ে জমির মাঝ দিয়ে জমির মাঝ দিয়ে জমির মাঝ দিয়ে জমির মাঝ দিয়ে জমির মাঝ দিয়ে জমির মাঝ দিয়ে জমির মাঝ দিয়ে জমির মাঝ দিয়ে জমির মাঝ দিয়ে জমির মাঝ দিয়ে জমির মাঝ দিয়ে জমির মাঝ দিয়ে জমির,0.0,0.0,0.0,0.0,0.0,0.0,0,0,0.1428571428571429,0.0
3522749949_fb615cee47.jpg,একটি ফুটবল খেলছে,0.6666666644444444,0.3999999992,0.49999999406250006,0.49999999406250006,0.33333332777777785,0.49999999406250006,0,0,0.5,0.33333333277777777
5909.png,একজন পুরুষ বসে আছে।,0.49999999875,0.49999999875,0.4999999937500001,0.4999999937500001,0.33333332722222225,0.4999999937500001,0,0,0.7058823529411764,0.33333333277777777
508958120_afe274f726.jpg,একজন লোক একটি পাথরে আরোহণ করছে,0.49999999916666665,0.23076923059171597,0.31578946903047095,0.31578946903047095,0.0,0.31578946903047095,0,0,0.38,0.21428571413265304
2443.png,একজন পুরুষ দাড়িয়ে আছে।,0.49999999875,0.49999999875,0.4999999937500001,0.4999999937500001,0.0,0.4999999937500001,0,0,0.6666666666666667,0.33333333277777777
2120383553_5825333a3f.jpg,একটি শিশু একটি <unk> <unk> <unk> <unk> <unk> <unk> <unk> <unk> <unk> <unk> <unk> <unk> <unk> <unk> <unk> <unk> <unk> <unk> <unk> <unk> <unk> <unk> <unk> <unk> <unk> <unk> <unk> <unk> <unk> <unk> <unk> <unk> <unk> <unk> <unk> <unk> <unk>,0.0499999999875,0.1999999998,0.07999999676800014,0.07999999676800014,0.0,0.07999999676800014,0,0,0.09493670886075944,0.18181818165289254
287001804_535827984641930_3966351733372935358_n.jpg,একজন পুরুষ দাড়িয়ে আছে।,0.249999999375,0.249999999375,0.2499999943750001,0.2499999943750001,0.0,0.2499999943750001,0,0,0.2857142857142857,0.14285714265306124
2331.png,চারজন পুরুষ দাড়িয়ে আছে।,0.49999999875,0.33333333277777777,0.3999999944,0.3999999944,0.24999999468750006,0.3999999944,0,0,0.5,0.24999999968749997
414773731_c3f5bf43d5.jpg,একটি কুকুর একটি কুকুর খেলছে,0.3999999992,0.3999999992,0.39999999420000004,0.39999999420000004,0.2499999943750001,0.39999999420000004,0,0,0.5714285714285714,0.33333333277777777
1078.png,একজন মহিলা একসাথে একসাথে বসে আছে।,0.16666666638888888,0.3333333322222222,0.2222222172839507,0.2222222172839507,0.0,0.2222222172839507,0,0,0.3142857142857143,0.14285714265306124
2706.png,কয়েকজন পুরুষ দাড়িয়ে আছে।,0.7499999981250001,0.9999999966666667,0.8571428497959185,0.8571428497959185,0.39999999360000005,0.8571428497959185,0,0,0.75,0.7499999981250001
448257345_ce149c2ea6.jpg,একটি কুকুর একটি <unk>,0.49999999875,0.2857142853061225,0.36363635834710756,0.36363635834710756,0.2222222172839507,0.36363635834710756,0,0,0.34615384615384615,0.24999999968749997
2922222717_12195af92d.jpg,একটি কুকুর একটি <unk>,0.7499999981250001,0.29999999969999996,0.42857142387755104,0.42857142387755104,0.16666666263888896,0.42857142387755104,0,0,0.4,0.2727272724793388
5796.png,একটা মেয়ে বসে আছে,0.0,0.0,0.0,0.0,0.0,0.0,0,0,0.33333333333333337,0.0
3070011270_390e597783.jpg,একটি কুকুর একটি কুকুর খেলছে,0.3999999992,0.49999999875,0.4444444385185186,0.4444444385185186,0.28571428000000004,0.4444444385185186,0,0,0.5789473684210527,0.3999999992
878758390_dd2cdc42f6.jpg,একটি কুকুর সমুদ্রের ধারে দৌড়াচ্ছে,0.3999999992,0.3999999992,0.39999999420000004,0.39999999420000004,0.0,0.39999999420000004,0,0,0.47619047619047616,0.24999999968749997
137861003.jpg,একটি কুকুর একটি মাছ ধরার জন্য একটি <unk>,0.37499999953124996,0.3333333329629629,0.3529411710726644,0.3529411710726644,0.0,0.3529411710726644,0,0,0.4,0.1111111109876543
3758.png,একজন মহিলা একসাথে বসে আছে,0.3999999992,0.15384615372781063,0.22222221796296296,0.22222221796296296,0.1249999960937501,0.22222221796296296,0,0,0.26315789473684215,0.124999999921875
2644430445_47c985a2ee.jpg,একজন মহিলা এবং একটি মেয়ে একটি <unk> <unk> <unk> <unk> <unk> <unk> <unk> <unk> <unk> <unk> <unk> <unk> <unk> <unk> <unk> <unk> <unk> <unk> <unk> <unk> <unk> <unk> <unk> <unk> <unk> <unk> <unk> <unk> <unk> <unk> <unk> <unk> <unk> <unk>,0.0499999999875,0.1999999998,0.07999999676800014,0.07999999676800014,0.0,0.07999999676800014,0,0,0.10126582278481011,0.14285714275510203
2356574282_5078f08b58.jpg,একজন নারী ও একজন নারী ও একজন মহিলা টি,0.2222222219753086,0.24999999968749997,0.23529411238754333,0.23529411238754333,0.13333332817777796,0.23529411238754333,0,0,0.3666666666666667,0.18181818165289254
2347921097_f2e35753c0.jpg,একটি কুকুর একটি কুকুর খেলছে,0.3999999992,0.3999999992,0.39999999420000004,0.39999999420000004,0.0,0.39999999420000004,0,0,0.44999999999999996,0.33333333277777777
3210359094_ee51285301.jpg,একটি শিশু একটি বরফের পাহাড়ে দাঁড়িয়ে আছে,0.2857142853061225,0.49999999875,0.36363635834710756,0.36363635834710756,0.2222222172839507,0.36363635834710756,0,0,0.42307692307692313,0.24999999968749997
3266406566_d64e57e65a.jpg,একটি শিশু বসে আছে,0.7499999981250001,0.4285714279591837,0.5454545398347109,0.5454545398347109,0.2222222172839507,0.5454545398347109,0,0,0.41666666666666663,0.37499999953124996
5894.png,একটি শিশু আছে।,0.9999999966666667,0.49999999916666665,0.6666666607407408,0.6666666607407408,0.28571428081632655,0.6666666607407408,0,0,0.5,0.49999999916666665
6363.png,একটি নৌকায় একজন পুরুষ বসে আছে।,0.33333333277777777,0.33333333277777777,0.3333333277777778,0.3333333277777778,0.0,0.3333333277777778,0,0,0.4782608695652174,0.1999999998
4930.png,একটি নৌকায় একজন পুরুষ আছে।,0.3999999992,0.6666666644444444,0.49999999406250006,0.49999999406250006,0.0,0.49999999406250006,0,0,0.42105263157894735,0.33333333277777777
1106.png,একটি শিশু একটি <unk>,0.49999999875,0.2857142853061225,0.36363635834710756,0.36363635834710756,0.2222222172839507,0.36363635834710756,0,0,0.34782608695652173,0.24999999968749997
1287475186_2dee85f1a5.jpg,একটি শিশু একটি শিশু একটি শিশু একটি শিশু একটি শিশু একটি শিশু একটি শিশু একটি শিশু একটি শিশু একটি শিশু একটি শিশু একটি শিশু একটি শিশু একটি শিশু একটি শিশু একটি শিশু একটি শিশু একটি শিশু একটি শিশু একটি শিশু,0.02499999999375,0.1999999996,0.0444444424493828,0.0444444424493828,0.0,0.0444444424493828,0,0,0.1007194244604317,0.16666666638888888
4882.png,এটি একটি নৌকা দেখা যাচ্ছে।,0.3999999992,0.49999999875,0.4444444385185186,0.4444444385185186,0.28571428000000004,0.4444444385185186,0,0,0.5263157894736843,0.2857142853061225
920.png,একজন পুরুষ বসে আছে।,0.49999999875,0.33333333277777777,0.3999999944,0.3999999944,0.0,0.3999999944,0,0,0.40909090909090906,0.24999999968749997
698107542_3aa0ba78b4.jpg,একটি মেয়ে একটি <unk>,0.49999999875,0.16666666652777776,0.2499999959375,0.2499999959375,0.0,0.2499999959375,0,0,0.3076923076923077,0.15384615372781063
3431671749_e8e3a449ac.jpg,একটি গাড়ির পাশে একটি গাড়ির পাশে বসে আছে,0.24999999968749997,0.24999999968749997,0.24999999468750006,0.24999999468750006,0.0,0.24999999468750006,0,0,0.43243243243243246,0.18181818165289254
751109943_2a7f8e117f.jpg,একটি মেয়ে একটি শিশু বসে আছে,0.33333333277777777,0.24999999968749997,0.2857142804081633,0.2857142804081633,0.0,0.2857142804081633,0,0,0.4482758620689655,0.09090909082644627
2865409854_afedf98860.jpg,একটি শিশু একটি <unk>,0.249999999375,0.16666666638888888,0.1999999948000001,0.1999999948000001,0.0,0.1999999948000001,0,0,0.23809523809523814,0.12499999984374999
2936707421_8e629874b8.jpg,একটি ছোট ছেলে একটি বল ধরার জন্য একটি ফ্রিসবি ধরার চেষ্টা করছে,0.3333333330555555,0.3636363633057851,0.3478260816635161,0.3478260816635161,0.19047618530612256,0.3478260816635161,0,0,0.4666666666666667,0.21428571413265304
5944.png,একজন পুরুষ বসে আছে।,0.7499999981250001,0.3333333329629629,0.4615384565680474,0.4615384565680474,0.18181817752066123,0.4615384565680474,0,0,0.3870967741935484,0.29999999969999996
3047264346_e24601bfbf.jpg,একজন পুরুষ এবং একজন পুরুষ এবং একজন পুরুষ এবং একজন পুরুষ এবং একজন পুরুষ এবং একজন পুরুষ এবং একজন পুরুষ এবং একজন পুরুষ এবং একজন পুরুষ এবং একজন পুরুষ এবং একজন পুরুষ এবং একজন পুরুষ এবং একজন পুরুষ এবং একজন,0.0499999999875,0.33333333277777777,0.08695651943289232,0.08695651943289232,0.045454543419421574,0.08695651943289232,0,0,0.19374999999999998,0.2857142853061225
2124.png,একটি নৌকায় কয়েকজন মানুষ আছে।,0.1999999996,0.14285714265306124,0.16666666152777793,0.16666666152777793,0.0,0.16666666152777793,0,0,0.36,0.09090909082644627
3587009091_37188fd07e.jpg,একটি কুকুর পানিতে সাঁতার কাটছে।,0.7999999984,0.4444444439506172,0.5714285660204083,0.5714285660204083,0.33333332833333335,0.5714285660204083,0,0,0.5925925925925926,0.4444444439506172
2374570771_c395fc224a.jpg,একটি কুকুর পানিতে সাঁতার কাটছে।,0.3999999992,0.33333333277777777,0.36363635801652905,0.36363635801652905,0.2222222167901236,0.36363635801652905,0,0,0.5454545454545454,0.2222222219753086
3624327440_bef4f33f32.jpg,সমুদ্রের ঢেউয়ে এক সার্ফার,0.7499999981250001,0.7499999981250001,0.7499999931250001,0.7499999931250001,0.33333332722222225,0.4999999937500001,0,0,0.4117647058823529,0.5999999988
6780.png,একটি নৌকায় একজন পুরুষ বসে আছে।,0.33333333277777777,0.3999999992,0.36363635801652905,0.36363635801652905,0.0,0.36363635801652905,0,0,0.5909090909090908,0.2222222219753086
2368266191_87d77750f1.jpg,একটি কুকুর একটি কুকুর একটি কুকুর একটি কুকুর একটি কুকুর একটি কুকুর একটি কুকুর একটি কুকুর একটি কুকুর একটি কুকুর একটি কুকুর একটি কুকুর একটি কুকুর একটি কুকুর একটি কুকুর একটি কুকুর একটি কুকুর একটি কুকুর একটি কুকুর একটি কুকুর,0.07499999998125,0.3333333329629629,0.1224489765431071,0.1224489765431071,0.042553188646446534,0.1224489765431071,0,0,0.16352201257861632,0.24999999968749997
1470.png,একজন মহিলা তার <unk> <unk> <unk> <unk> <unk> <unk> <unk> <unk> <unk> <unk> <unk> <unk> <unk> <unk> <unk> <unk> <unk> <unk> <unk> <unk> <unk> <unk> <unk> <unk> <unk> <unk> <unk> <unk> <unk> <unk> <unk> <unk> <unk> <unk> <unk> <unk> <unk>,0.07499999998125,0.3333333329629629,0.1224489765431071,0.1224489765431071,0.0851063801177004,0.1224489765431071,0,0,0.10691823899371067,0.29999999969999996
7338.png,একটি নৌকায় কয়েকজন মানুষ আছে।,0.3999999992,0.2222222219753086,0.2857142807142858,0.2857142807142858,0.0,0.2857142807142858,0,0,0.41025641025641024,0.18181818165289254
2050.png,একজন পুরুষ দাড়িয়ে আছে।,0.0,0.0,0.0,0.0,0.0,0.0,0,0,0.2727272727272727,0.0
390986651_c801db91a0.jpg,একজন লোক একটি <unk>,0.49999999875,0.2222222219753086,0.3076923029585799,0.3076923029585799,0.0,0.3076923029585799,0,0,0.4193548387096774,0.18181818165289254
4914.png,একটি নৌকায় একজন মানুষ আছে।,0.3999999992,0.6666666644444444,0.49999999406250006,0.49999999406250006,0.0,0.49999999406250006,0,0,0.42105263157894735,0.33333333277777777
2288.png,একটি শিশু দাড়িয়ে আছে,0.0,0.0,0.0,0.0,0.0,0.0,0,0,0.46153846153846156,0.0
2075321027_c8fcbaf581.jpg,একজন লোক একটি <unk>,0.49999999875,0.24999999968749997,0.33333332833333335,0.33333332833333335,0.1999999954000001,0.33333332833333335,0,0,0.33333333333333337,0.1999999998
3000722396_1ae2e976c2.jpg,একটি কালো কুকুর একটি বল ধরার জন্য একটি বল ধরার জন্য একটি বল ধরার জন্য একটি বল ধরার জন্য একটি বল ধরার জন্য একটি বল ধরার জন্য একটি বল ধরার জন্য একটি বল ধরার জন্য একটি বল ধরার জন্য একটি,0.099999999975,0.30769230745562126,0.15094339246707023,0.15094339246707023,0.08695651912098307,0.15094339246707023,0,0,0.2214765100671141,0.2727272724793388
5420.png,কয়েকজন পুরুষ দাড়িয়ে আছে।,0.7499999981250001,0.37499999953124996,0.49999999472222234,0.49999999472222234,0.39999999500000005,0.49999999472222234,0,0,0.4666666666666667,0.4285714279591837
3251906388_c09d44340e.jpg,একটি কুকুর বরফের মধ্যে দৌড়াচ্ছে,0.5999999988,0.49999999916666665,0.5454545395041324,0.5454545395041324,0.4444444385185186,0.5454545395041324,0,0,0.625,0.37499999953124996
5284.png,একটি নৌকায় একজন পুরুষ বসে আছে।,0.33333333277777777,0.3999999992,0.36363635801652905,0.36363635801652905,0.0,0.1818181765289258,0,0,0.36363636363636365,0.2222222219753086
562928217_21f967a807.jpg,একটি কুকুর একটি বল ধরার জন্য একটি বল ধরার জন্য একটি বল ধরার জন্য একটি বল ধরার জন্য একটি বল ধরার জন্য একটি বল ধরার জন্য একটি বল ধরার জন্য একটি বল ধরার জন্য একটি বল ধরার জন্য একটি বল,0.17499999995624999,0.5384615380473372,0.26415093959416164,0.26415093959416164,0.1176470551787775,0.26415093959416164,0,0,0.2751677852348994,0.49999999949999996
2052953131_30834196fb.jpg,একজন স্কি করছে,0.3333333322222222,0.14285714265306124,0.1999999954000001,0.1999999954000001,0.0,0.1999999954000001,0,0,0.31999999999999995,0.1111111109876543
389.png,একজন পুরুষ বসে আছে।,0.7499999981250001,0.23076923059171597,0.35294117245674744,0.35294117245674744,0.1333333299555556,0.35294117245674744,0,0,0.3055555555555556,0.24999999979166665
2975073156_7543ed326f.jpg,একটি ছেলে একটি <unk>,0.7499999981250001,0.24999999979166665,0.37499999578125004,0.37499999578125004,0.14285713928571436,0.37499999578125004,0,0,0.2592592592592593,0.18181818165289254
4944.png,একজন মহিলা বসে আছে,0.249999999375,0.14285714265306124,0.1818181768595043,0.1818181768595043,0.0,0.1818181768595043,0,0,0.3846153846153846,0.0999999999
3337.png,একজন লোক তার <unk> <unk> <unk>,0.16666666638888888,0.16666666638888888,0.16666666138888903,0.16666666138888903,0.0,0.16666666138888903,0,0,0.4347826086956522,0.1111111109876543
5764.png,একজন পুরুষ দাড়িয়ে আছে।,0.7499999981250001,0.37499999953124996,0.49999999472222234,0.49999999472222234,0.1999999954000001,0.49999999472222234,0,0,0.5172413793103448,0.3333333329629629
4996.png,একটি নৌকা দেখা যাচ্ছে,0.49999999875,0.15384615372781063,0.2352941137716263,0.2352941137716263,0.0,0.2352941137716263,0,0,0.2954545454545454,0.14285714275510203
1527297882_dededc7891.jpg,একজন নারী মাথায় <unk>,0.49999999875,0.14285714275510203,0.22222221851851853,0.22222221851851853,0.0,0.22222221851851853,0,0,0.28125,0.124999999921875
6876.png,একটি সেতুর উপর দিয়ে একজন পুরুষ দাড়িয়ে আছে।,0.49999999937499995,0.26666666648888887,0.3478260821172023,0.3478260821172023,0.1999999954000001,0.3478260821172023,0,0,0.39622641509433965,0.21052631567867036
6436.png,একজন পুরুষ দাড়িয়ে আছে।,0.249999999375,0.14285714265306124,0.1818181768595043,0.1818181768595043,0.0,0.1818181768595043,0,0,0.3571428571428571,0.0999999999
2046222127_a6f300e202.jpg,একটি ছোট ছেলে একটি <unk>,0.3999999992,0.2857142853061225,0.33333332791666676,0.33333332791666676,0.0,0.33333332791666676,0,0,0.35,0.2222222219753086
5291.png,একজন পুরুষ আছে।,0.9999999966666667,0.2727272724793388,0.42857142459183667,0.42857142459183667,0.16666666361111113,0.42857142459183667,0,0,0.33333333333333337,0.2727272724793388
2091.png,কয়েকজন পুরুষ বসে আছে।,0.249999999375,0.12499999984374999,0.16666666194444454,0.16666666194444454,0.0,0.16666666194444454,0,0,0.29032258064516125,0.09090909082644627
408233586_f2c1be3ce1.jpg,একটি কুকুর পানিতে লাফ দিচ্ছে,0.5999999988,0.7499999981250001,0.6666666602469137,0.6666666602469137,0.5714285648979592,0.6666666602469137,0,0,0.7222222222222222,0.49999999916666665
3172283002_3c0fc624de.jpg,একদল মহিলা এবং একজন মহিলা একসাথে ছবি তুলছে,0.37499999953124996,0.23076923059171597,0.2857142807256236,0.2857142807256236,0.1052631531301941,0.2857142807256236,0,0,0.41666666666666663,0.1764705881314879
2991993027_36ac04e9a0.jpg,একদল লোক একসাথে দাঁড়িয়ে আছে,0.5999999988,0.4285714279591837,0.4999999943055557,0.4999999943055557,0.1999999948000001,0.4999999943055557,0,0,0.46153846153846156,0.3333333329629629
2676764246_c58205a365.jpg,একটি কুকুর একটি কুকুর খেলছে,0.3999999992,0.33333333277777777,0.36363635801652905,0.36363635801652905,0.2222222167901236,0.36363635801652905,0,0,0.5,0.2857142853061225
4056.png,একজন লোক একটি মোটরসাইকেলে বসে আছে,0.33333333277777777,0.2222222219753086,0.2666666615111111,0.2666666615111111,0.0,0.1999999948000001,0,0,0.6,0.15384615372781063
2579899436_5086a33c7a.jpg,একটি ছেলে একটি ঢেউ থেকে লাফ দিলো,0.4285714279591837,0.3333333329629629,0.374999994609375,0.374999994609375,0.1428571377551022,0.33333332791666676,0,0,0.4545454545454546,0.2222222219753086
8487.png,কয়েকজন মানুষ দাড়িয়ে আছে।,0.249999999375,0.249999999375,0.2499999943750001,0.2499999943750001,0.0,0.2499999943750001,0,0,0.4444444444444444,0.14285714265306124
2339573065_91f1e3be60.jpg,একজন মহিলা এবং একটি মেয়ে একটি <unk> <unk> <unk> <unk> <unk> <unk> <unk> <unk> <unk> <unk> <unk> <unk> <unk> <unk> <unk> <unk> <unk> <unk> <unk> <unk> <unk> <unk> <unk> <unk> <unk> <unk> <unk> <unk> <unk> <unk> <unk> <unk> <unk> <unk>,0.0499999999875,0.14285714275510203,0.07407407020576152,0.07407407020576152,0.0,0.04255318893617037,0,0,0.11392405063291144,0.1111111110493827
2975253472_0f0c2dea70.jpg,একটি ফুটবল খেলোয়াড় বল নিয়ে দৌড়াচ্ছে,0.33333333277777777,0.1999999998,0.24999999500000003,0.24999999500000003,0.14285713806122466,0.24999999500000003,0,0,0.64,0.15384615372781063
3207343907_995f7ac1d2.jpg,একজন লোক স্কি করছে,0.49999999875,0.3999999992,0.4444444385185186,0.4444444385185186,0.2222222172839507,0.4444444385185186,0,0,0.5294117647058824,0.2857142853061225
2482.png,একজন পুরুষ বসে আছে।,0.249999999375,0.16666666638888888,0.1999999948000001,0.1999999948000001,0.0,0.1999999948000001,0,0,0.36,0.12499999984374999
2451285022_59255e7fd9.jpg,একজন পুরুষ ও একটি কুকুর একটি <unk>,0.14285714265306124,0.0999999999,0.11764705384083066,0.11764705384083066,0.0,0.11764705384083066,0,0,0.34615384615384615,0.06666666662222222
7266.png,একজন পুরুষ দাড়িয়ে আছে।,0.7499999981250001,0.37499999953124996,0.49999999472222234,0.49999999472222234,0.1999999954000001,0.49999999472222234,0,0,0.4285714285714286,0.37499999953124996
2562463210_d0dfd545ca.jpg,একটি শিশু একটি শিশু,0.249999999375,0.12499999984374999,0.16666666194444454,0.16666666194444454,0.0,0.16666666194444454,0,0,0.19999999999999996,0.1111111109876543
2456030728_d3d147e774.jpg,একটি শিশু একটি শিশু আছে।,0.1999999996,0.1999999996,0.19999999460000012,0.19999999460000012,0.0,0.19999999460000012,0,0,0.38888888888888884,0.14285714265306124
2321865325_79b0954a5d.jpg,একটি কুকুর একটি কুকুর খেলছে,0.5999999988,0.4285714279591837,0.4999999943055557,0.4999999943055557,0.0,0.4999999943055557,0,0,0.3913043478260869,0.2857142853061225
6433.png,একজন পুরুষ দাড়িয়ে আছে।,0.49999999875,0.6666666644444444,0.5714285648979592,0.5714285648979592,0.0,0.5714285648979592,0,0,0.6,0.3999999992
2905942129_2b4bf59bc0.jpg,একটি শিশু একটি শিশু একটি লাল <unk> একটি শিশু একটি লাল <unk> একটি শিশু একটি লাল <unk> একটি শিশু একটি লাল <unk> একটি শিশু একটি লাল <unk> একটি শিশু একটি লাল <unk> একটি শিশু একটি লাল <unk> একটি শিশু একটি,0.0499999999875,0.3999999992,0.08888888687407412,0.08888888687407412,0.04651162619794489,0.08888888687407412,0,0,0.2027972027972028,0.2857142853061225
412101267_7257e6d8c0.jpg,একটি কুকুর একটি কুকুর খেলছে,0.5999999988,0.37499999953124996,0.46153845609467453,0.46153845609467453,0.2499999943750001,0.46153845609467453,0,0,0.5789473684210527,0.37499999953124996
6697.png,একজন পুরুষ দাড়িয়ে আছে।,0.7499999981250001,0.7499999981250001,0.7499999931250001,0.7499999931250001,0.33333332722222225,0.7499999931250001,0,0,0.8666666666666667,0.5999999988
8374.png,একজন পুরুষ বসে আছে।,0.9999999975,0.3333333330555555,0.49999999562499997,0.49999999562499997,0.2857142819387755,0.49999999562499997,0,0,0.29166666666666663,0.3999999996
524282699_71e678a6bd.jpg,একটি কুকুর একটি কুকুর দৌড়াচ্ছে,0.7999999984,0.3636363633057851,0.499999995078125,0.499999995078125,0.0,0.499999995078125,0,0,0.5,0.1999999998
2857609295_16aaa85293.jpg,একটি কুকুর একটি ফ্রিসবি ধরার জন্য লাফ দিচ্ছে,0.7499999990624999,0.5454545449586776,0.6315789418282548,0.6315789418282548,0.4705882298961938,0.6315789418282548,0,0,0.6451612903225806,0.4999999995833333
1670592963_39731a3dac.jpg,একটি কুকুর একটি কুকুর লাফ দিচ্ছে,0.49999999916666665,0.49999999916666665,0.4999999941666667,0.4999999941666667,0.39999999420000004,0.4999999941666667,0,0,0.72,0.2857142853061225
200708306.jpg.webp,একটি শিশু আছে।,0.0,0.0,0.0,0.0,0.0,0.0,0,0,0.1785714285714286,0.0
3554210976_fbd0ef33a3.jpg,একজন লোক পাহাড়ের চূড়ায় দাঁড়িয়ে আছে,0.33333333277777777,0.13333333324444444,0.19047618621315202,0.19047618621315202,0.0,0.19047618621315202,0,0,0.3913043478260869,0.10526315783933518
7350.png,একজন নারী মাথায় <unk>,0.49999999875,0.2222222219753086,0.3076923029585799,0.3076923029585799,0.18181817752066123,0.3076923029585799,0,0,0.303030303030303,0.18181818165289254
2741380826_cfe0ddf0a9.jpg,একটি কুকুর একটি ফ্রিসবি ধরার চেষ্টা করছে,0.2857142853061225,0.6666666644444444,0.39999999500000005,0.39999999500000005,0.2857142804081633,0.39999999500000005,0,0,0.5,0.2857142853061225
241347356_8a515555fd.jpg,একদল ফুটবল খেলোয়াড় বল ধরার জন্য লড়াই করছে,0.24999999968749997,0.2222222219753086,0.23529411238754333,0.23529411238754333,0.13333332817777796,0.23529411238754333,0,0,0.4390243902439024,0.14285714275510203
134206.jpg,একজন ফুটবল খেলোয়াড় বল ধরার জন্য একটি বলে লাথি মারছে,0.0999999999,0.14285714265306124,0.11764705384083066,0.11764705384083066,0.0,0.11764705384083066,0,0,0.3589743589743589,0.06666666662222222
3402081035_a54cfab1d9.jpg,একজন লোক একটি <unk>,0.49999999875,0.2857142853061225,0.36363635834710756,0.36363635834710756,0.2222222172839507,0.36363635834710756,0,0,0.33333333333333337,0.2222222219753086
313.png,একজন পুরুষ আছে।,0.3333333322222222,0.06666666662222222,0.1111111082098766,0.1111111082098766,0.0,0.1111111082098766,0,0,0.19999999999999996,0.0624999999609375
1193.png,একজন পুরুষ বসে আছে।,0.49999999875,0.49999999875,0.4999999937500001,0.4999999937500001,0.0,0.4999999937500001,0,0,0.6,0.33333333277777777
2894850774_2d530040a1.jpg,একজন লোক একটি লোক বসে আছে,0.33333333277777777,0.1999999998,0.24999999500000003,0.24999999500000003,0.0,0.24999999500000003,0,0,0.3783783783783784,0.15384615372781063
2766854400_640e2abe08.jpg,একটি শিশু একটি শিশু একটি শিশু একটি শিশু একটি শিশু একটি শিশু একটি শিশু একটি শিশু একটি শিশু একটি শিশু একটি শিশু একটি শিশু একটি শিশু একটি শিশু একটি শিশু একটি শিশু একটি শিশু একটি শিশু একটি শিশু একটি শিশু,0.02499999999375,0.14285714265306124,0.04255318893617037,0.04255318893617037,0.0,0.04255318893617037,0,0,0.1294964028776978,0.12499999984374999
2084157130_f288e492e4.jpg,একটি কুকুর একটি ফ্রিসবি ধরার জন্য একটি ফ্রিসবি ধরার জন্য একটি ফ্রিসবি ধরার জন্য একটি ফ্রিসবি ধরার জন্য একটি ফ্রিসবি ধরার জন্য একটি ফ্রিসবি ধরার জন্য একটি ফ্রিসবি ধরার জন্য একটি ফ্রিসবি ধরার জন্য একটি ফ্রিসবি ধরার জন্য একটি ফ্রিসবি,0.0499999999875,0.33333333277777777,0.08695651943289232,0.08695651943289232,0.045454543419421574,0.08695651943289232,0,0,0.15384615384615385,0.2222222219753086
1000366164.jpg,একজন পুরুষ বসে আছে,0.249999999375,0.07142857137755101,0.1111111075308643,0.1111111075308643,0.0,0.1111111075308643,0,0,0.31818181818181823,0.07142857137755101
5957.png,একজন পুরুষ ও একজন পুরুষ ও একজন পুরুষ ও একজন পুরুষ ও একজন পুরুষ ও একজন পুরুষ ও একজন পুরুষ ও একজন পুরুষ ও একজন পুরুষ ও একজন পুরুষ ও একজন পুরুষ ও একজন পুরুষ ও একজন পুরুষ ও একজন,0.0499999999875,0.49999999875,0.09090908921487605,0.09090908921487605,0.0476190462698413,0.09090908921487605,0,0,0.12925170068027214,0.3999999992
771366843_a66304161b.jpg,পাহাড়ের চূড়ায় এক ব্যক্তি পাহাড়ের চূড়ায় দাঁড়িয়ে আছে,0.24999999968749997,0.2222222219753086,0.23529411238754333,0.23529411238754333,0.0,0.23529411238754333,0,0,0.4473684210526315,0.14285714275510203
2679851489_a58780291e.jpg,একটি কালো কুকুর একটি কুকুর খেলছে,0.49999999916666665,0.49999999916666665,0.4999999941666667,0.4999999941666667,0.39999999420000004,0.4999999941666667,0,0,0.6521739130434783,0.4285714279591837
109380144.jpg,একটি ছেলে একসাথে বসে আছে,0.5999999988,0.21428571413265304,0.3157894694736842,0.3157894694736842,0.11764705508650528,0.21052631168975072,0,0,0.2564102564102564,0.1874999998828125
8116.png,একজন মহিলা টি,0.0,0.0,0.0,0.0,0.0,0.0,0,0,0.30000000000000004,0.0
197504190_fd1fc3d4b7.jpg,একটি শিশু একটি মাঠে একটি মাঠে একটি মাঠে একটি মাঠে একটি মাঠে একটি মাঠে একটি মাঠে একটি মাঠে একটি মাঠে একটি মাঠে একটি মাঠে একটি মাঠে একটি মাঠে একটি মাঠে একটি মাঠে একটি মাঠে একটি মাঠে একটি মাঠে একটি মাঠে,0.0499999999875,0.2857142853061225,0.08510638040742426,0.08510638040742426,0.0,0.08510638040742426,0,0,0.1007194244604317,0.24999999968749997
3211577298_14296db6fd.jpg,একটি সার্ফার একটি ঢেউ এর উপর সার্ফ করছে,0.6249999992187499,0.45454545413223135,0.5263157840443214,0.5263157840443214,0.24999999476562512,0.5263157840443214,0,0,0.5333333333333333,0.3333333329629629
6741.png,একজন পুরুষ বসে আছে।,0.249999999375,0.1999999996,0.2222222167901236,0.2222222167901236,0.0,0.2222222167901236,0,0,0.30000000000000004,0.12499999984374999
3436063693_15c8d377a2.jpg,একটি কুকুর একটি কুকুর খেলছে,0.5999999988,0.23076923059171597,0.33333332895061735,0.33333332895061735,0.16666666194444454,0.33333332895061735,0,0,0.375,0.1999999998
1764955991_5e53a28c87.jpg,একটি কুকুর একটি কুকুর দৌড়াচ্ছে,0.5999999988,0.49999999916666665,0.5454545395041324,0.5454545395041324,0.2352941137716263,0.5454545395041324,0,0,0.6190476190476191,0.49999999916666665
1223.png,একজন নারী বসে আছে।,0.7499999981250001,0.5999999988,0.6666666602469137,0.6666666602469137,0.28571428000000004,0.6666666602469137,0,0,0.6666666666666667,0.49999999916666665
2274.png,একজন পুরুষ বসে আছে,0.249999999375,0.07692307686390532,0.11764705508650528,0.11764705508650528,0.0,0.11764705508650528,0,0,0.4,0.0624999999609375
3322443827_a04a94bb91.jpg,এক ব্যক্তি একটি বেঞ্চে বসে আছে,0.49999999916666665,0.24999999979166665,0.33333332851851855,0.33333332851851855,0.12499999554687513,0.33333332851851855,0,0,0.4137931034482759,0.21428571413265304
2277299634_e14bdb7ff7.jpg,এক ব্যক্তি একটি <unk> <unk> <unk> <unk> <unk> <unk> <unk> <unk> <unk> <unk> <unk> <unk> <unk> <unk> <unk> <unk> <unk> <unk> <unk> <unk> <unk> <unk> <unk> <unk> <unk> <unk> <unk> <unk> <unk> <unk> <unk> <unk> <unk> <unk> <unk> <unk> <unk>,0.0499999999875,0.24999999968749997,0.08333333052083343,0.08333333052083343,0.043478258270321514,0.08333333052083343,0,0,0.08805031446540879,0.1999999998
307301755_48919ef1b2.jpg,একটি শিশু একটি <unk>,0.49999999875,0.13333333324444444,0.21052631224376733,0.21052631224376733,0.0,0.21052631224376733,0,0,0.24242424242424243,0.09090909082644627
8653.png,একটি নৌকায় কয়েকজন মানুষ আছে।,0.5999999988,0.4285714279591837,0.4999999943055557,0.4999999943055557,0.0,0.4999999943055557,0,0,0.5925925925925926,0.3333333329629629
559102835_472ff702b5.jpg,একটি ফুটবল খেলছে,0.9999999966666667,0.37499999953124996,0.5454545404958677,0.5454545404958677,0.22222221827160496,0.5454545404958677,0,0,0.48,0.37499999953124996
6640.png,একটি নৌকায় দুইজন মানুষ আছে।,0.3999999992,0.6666666644444444,0.49999999406250006,0.49999999406250006,0.33333332777777785,0.49999999406250006,0,0,0.5263157894736843,0.33333333277777777
3351360323_91bb341350.jpg,একজন লোক একটি <unk> <unk>,0.1999999996,0.14285714265306124,0.16666666152777793,0.16666666152777793,0.0,0.16666666152777793,0,0,0.34615384615384615,0.0999999999
346836948_179314678057526_1401882884773561562_n.jpg,একটি গরু নিয়ে যাচ্ছে।,0.249999999375,0.14285714265306124,0.1818181768595043,0.1818181768595043,0.0,0.1818181768595043,0,0,0.33333333333333337,0.0999999999
3694064560_467683205b.jpg,একজন পুরুষ বসে আছে,0.249999999375,0.16666666638888888,0.1999999948000001,0.1999999948000001,0.0,0.1999999948000001,0,0,0.3846153846153846,0.1111111109876543
3215847501_c723905ba4.jpg,একজন পুরুষ দাড়িয়ে আছে।,0.249999999375,0.12499999984374999,0.16666666194444454,0.16666666194444454,0.0,0.16666666194444454,0,0,0.4,0.09090909082644627
IMG_20220915_163027.jpg,একজন পুরুষ ও একজন পুরুষ বসে আছে,0.2857142853061225,0.2857142853061225,0.28571428030612256,0.28571428030612256,0.16666666138888903,0.28571428030612256,0,0,0.48275862068965514,0.1999999998
3229.png,একজন পুরুষ দাড়িয়ে আছে,0.49999999875,0.49999999875,0.4999999937500001,0.4999999937500001,0.33333332722222225,0.4999999937500001,0,0,0.8666666666666667,0.33333333277777777
69189650_6687da7280.jpg,একটি কুকুর একটি ফ্রিসবি নিয়ে দৌড়াচ্ছে,0.33333333277777777,0.33333333277777777,0.3333333277777778,0.3333333277777778,0.0,0.3333333277777778,0,0,0.5,0.24999999968749997
2955673642_4279b32097.jpg,একটি গাড়ির পাশে একটি গাড়ির পাশে দাঁড়িয়ে আছে,0.24999999968749997,0.2222222219753086,0.23529411238754333,0.23529411238754333,0.0,0.23529411238754333,0,0,0.5454545454545454,0.09090909082644627
1417031097_ab656bc4bd.jpg,একটি কালো রঙের একটি কালো রঙের একটি কালো রঙের একটি কালো রঙের একটি কালো রঙের একটি কালো রঙের একটি কালো রঙের একটি কালো রঙের একটি কালো রঙের একটি কালো রঙের একটি কালো রঙের একটি কালো রঙের একটি কালো রঙের একটি,0.02499999999375,0.16666666638888888,0.04347825858223074,0.04347825858223074,0.0,0.04347825858223074,0,0,0.17123287671232879,0.12499999984374999
2520909293_9bb7f7364e.jpg,একজন লোক একটি সাইকেল নিয়ে বাতাসে লাফ দিচ্ছে,0.49999999937499995,0.4444444439506172,0.4705882297577854,0.4705882297577854,0.0,0.37499999453125,0,0,0.5128205128205128,0.30769230745562126
1012212859_01547e3f17.jpg,একটি কুকুর একটি বল নিয়ে খেলছে,0.8333333319444445,0.45454545413223135,0.5882352888581315,0.5882352888581315,0.2666666618666667,0.5882352888581315,0,0,0.46341463414634143,0.3636363633057851
8535.png,সমুদ্রের পারে একজন পুরুষ ও একটি নৌকায় দুইজন মানুষ আছে।,0.3999999996,0.7999999984,0.5333333281777778,0.5333333281777778,0.3076923029585799,0.5333333281777778,0,0,0.4871794871794872,0.3636363633057851
IMG_9568.JPG,একটি মেয়ে একটি মেয়ে দাঁড়িয়ে আছে,0.6666666655555555,0.6666666655555555,0.6666666605555556,0.6666666605555556,0.39999999420000004,0.6666666605555556,0,0,0.75,0.6666666655555555
8130.png,একটি শিশু একটি শিশু আছে।,0.5999999988,0.9999999966666667,0.7499999934375,0.7499999934375,0.6666666600000001,0.7499999934375,0,0,0.5625,0.9999999966666667
1192.png,একজন মহিলা একসাথে বসে আছে,0.1999999996,0.07142857137755101,0.10526315390581731,0.10526315390581731,0.0,0.10526315390581731,0,0,0.23529411764705888,0.07692307686390532
3638.png,একজন পুরুষ বসে আছে।,0.49999999875,0.24999999968749997,0.33333332833333335,0.33333332833333335,0.0,0.33333332833333335,0,0,0.3793103448275862,0.1999999998
6735.png,একটি ব্রীজ দেখা যাচ্ছে ও একটি ব্রীজ দেখা যাচ্ছে ও একটি ব্রীজ দেখা যাচ্ছে ও একটি ব্রীজ দেখা যাচ্ছে ও একটি ব্রীজ দেখা যাচ্ছে ও একটি ব্রীজ দেখা যাচ্ছে ও একটি ব্রীজ দেখা যাচ্ছে ও একটি ব্রীজ দেখা যাচ্ছে ও,0.02499999999375,0.0624999999609375,0.03571428161989843,0.03571428161989843,0.0,0.03571428161989843,0,0,0.2148148148148148,0.05263157891966759
300577375_26cc2773a1.jpg,একটি দোকানের সামনে একটি দোকানের সামনে একটি দোকানের সামনে একটি দোকানের সামনে একটি দোকানের সামনে একটি দোকানের সামনে একটি দোকানের সামনে একটি দোকানের সামনে একটি দোকানের সামনে একটি দোকানের সামনে একটি দোকানের সামনে একটি দোকানের সামনে একটি দোকানের সামনে একটি,0.02499999999375,0.16666666638888888,0.04347825858223074,0.04347825858223074,0.0,0.04347825858223074,0,0,0.09302325581395354,0.12499999984374999
IMG_0022.JPG,একটা মহিলা টি,0.6666666644444444,0.49999999875,0.5714285648979592,0.5714285648979592,0.39999999360000005,0.5714285648979592,0,0,0.6153846153846154,0.3999999992
inbound4127243904367353328.jpg,কয়েকজন পুরুষ বসে আছে।,0.249999999375,0.12499999984374999,0.16666666194444454,0.16666666194444454,0.0,0.16666666194444454,0,0,0.2857142857142857,0.09090909082644627
1071201387.jpg,একজন লোক একটি গাড়ির পাশে বসে আছে,0.571428570612245,0.4444444439506172,0.49999999445312515,0.49999999445312515,0.1428571377551022,0.49999999445312515,0,0,0.3939393939393939,0.3333333330555555
7777.png,একটি নৌকায় কয়েকজন মানুষ আছে।,0.1999999996,0.1999999996,0.19999999460000012,0.19999999460000012,0.0,0.19999999460000012,0,0,0.23333333333333328,0.1111111109876543
3176131893_7181c733aa.jpg,কয়েকজন পুরুষ বসে আছে।,0.249999999375,0.1999999996,0.2222222167901236,0.2222222167901236,0.0,0.2222222167901236,0,0,0.4444444444444444,0.12499999984374999
4239.png,একজন মানুষ আছে।,0.6666666644444444,0.2857142853061225,0.39999999500000005,0.39999999500000005,0.24999999562500003,0.39999999500000005,0,0,0.32258064516129037,0.2857142853061225
465.png,একটি শিশু একটি বাঘ নিয়ে আছে।,0.33333333277777777,0.18181818165289254,0.2352941128027682,0.2352941128027682,0.0,0.2352941128027682,0,0,0.35,0.07142857137755101
3046949818_245b05f507.jpg,একদল যুবক একটি ফুটবল খেলছে,0.1999999996,0.0999999999,0.13333332871111125,0.13333332871111125,0.0,0.13333332871111125,0,0,0.25806451612903225,0.07142857137755101
7938.png,একজন পুরুষ বসে আছে।,0.0,0.0,0.0,0.0,0.0,0.0,0,0,0.33333333333333337,0.0
3506869953_802f463178.jpg,একজন লোক একটি <unk>,0.9999999975,0.3333333330555555,0.49999999562499997,0.49999999562499997,0.16666666263888896,0.31578947002770086,0,0,0.26315789473684215,0.3333333330555555
8755.png,একটি শিশু একটি <unk>,0.249999999375,0.3333333322222222,0.28571428000000004,0.28571428000000004,0.0,0.28571428000000004,0,0,0.3571428571428571,0.1999999996
3662963630_8f097e38d4.jpg,একটি স্কেটবোর্ডার একটি স্কেটবোর্ড কৌশল দেখাচ্ছে,0.49999999916666665,0.3333333329629629,0.3999999946666667,0.3999999946666667,0.0,0.3999999946666667,0,0,0.5294117647058824,0.1999999998
3343311201_eeb1a39def.jpg,একটি ছোট ছেলে একটি কালো কুকুর একটি <unk>,0.37499999953124996,0.49999999916666665,0.4285714230612245,0.4285714230612245,0.16666666152777793,0.4285714230612245,0,0,0.4642857142857143,0.3333333329629629
5611.png,একজন পুরুষ বসে আছে।,0.7499999981250001,0.5999999988,0.6666666602469137,0.6666666602469137,0.5714285648979592,0.6666666602469137,0,0,0.7777777777777778,0.49999999916666665
2604.png,একজন পুরুষ বসে আছে।,0.7499999981250001,0.4285714279591837,0.5454545398347109,0.5454545398347109,0.2222222172839507,0.5454545398347109,0,0,0.48,0.37499999953124996
3335097235_538f4777c3.jpg,একটি সাদা কুকুর একটি কুকুর খেলছে,0.49999999916666665,0.4285714279591837,0.4615384558579882,0.4615384558579882,0.2222222167901236,0.4615384558579882,0,0,0.5454545454545454,0.37499999953124996
4501.png,একটি শিশু একটি শিশু আছে।,0.1999999996,0.16666666638888888,0.1818181765289258,0.1818181765289258,0.0,0.1818181765289258,0,0,0.4,0.12499999984374999
1473250020_dc829a090f.jpg,এক মেয়ে পাথরের উপর দাঁড়িয়ে আছে,0.6666666655555555,0.3636363633057851,0.47058823017301044,0.47058823017301044,0.39999999502222217,0.47058823017301044,0,0,0.59375,0.3333333330555555
2516.png,একজন নারী আছে।,0.3333333322222222,0.14285714265306124,0.1999999954000001,0.1999999954000001,0.0,0.1999999954000001,0,0,0.34615384615384615,0.1111111109876543
1191423753.jpg,একজন পুরুষ দাড়িয়ে আছে,0.249999999375,0.05263157891966759,0.08695651879017023,0.08695651879017023,0.0,0.08695651879017023,0,0,0.2857142857142857,0.045454545433884296
3668.png,একজন পুরুষ বসে আছে।,0.249999999375,0.05263157891966759,0.08695651879017023,0.08695651879017023,0.0,0.08695651879017023,0,0,0.5,0.0624999999609375
1956678973_223cb1b847.jpg,একটি ছোট ছেলে একটি <unk>,0.1999999996,0.1111111109876543,0.14285713806122466,0.14285713806122466,0.0,0.14285713806122466,0,0,0.25,0.08333333326388888
43.JPG,একটি নৌকা দেখা যাচ্ছে।,0.249999999375,0.3333333322222222,0.28571428000000004,0.28571428000000004,0.0,0.28571428000000004,0,0,0.9230769230769231,0.16666666638888888
2752331711_cb18abba5a.jpg,একজন লোক একটি পাথরে আরোহণ করছে,0.49999999916666665,0.3333333329629629,0.3999999946666667,0.3999999946666667,0.3076923024852071,0.3999999946666667,0,0,0.5142857142857142,0.24999999979166665
5557.png,একজন বয়স্ক পুরুষ আছে।,0.7499999981250001,0.7499999981250001,0.7499999931250001,0.7499999931250001,0.0,0.7499999931250001,0,0,0.5625,0.5999999988
3001612175_53567ffb58.jpg,একজন লোক একটি গাড়ির পাশে বসে আছে,0.4285714279591837,0.4285714279591837,0.42857142295918377,0.42857142295918377,0.16666666138888903,0.42857142295918377,0,0,0.5,0.29999999969999996
725.png,একজন পুরুষ দাড়িয়ে আছে।,0.0,0.0,0.0,0.0,0.0,0.0,0,0,0.2857142857142857,0.0
733964952_69f011a6c4.jpg,একজন মহিলা একটি লোক একটি <unk> <unk> <unk> <unk> <unk> <unk> <unk> <unk> <unk> <unk> <unk> <unk> <unk> <unk> <unk> <unk> <unk> <unk> <unk> <unk> <unk> <unk> <unk> <unk> <unk> <unk> <unk> <unk> <unk> <unk> <unk> <unk> <unk> <unk> <unk>,0.12499999996875,0.3571428568877551,0.18518518127572023,0.18518518127572023,0.0769230731434913,0.18518518127572023,0,0,0.16981132075471694,0.21428571413265304
3708266246_97a033fcc7.jpg,একটি কুকুর একটি ফ্রিসবি ধরার জন্য লাফ দিচ্ছে,0.49999999937499995,0.4444444439506172,0.4705882297577854,0.4705882297577854,0.28571428030612256,0.4705882297577854,0,0,0.59375,0.24999999979166665
2737729252_b3fd9c05b1.jpg,একটি মেয়ে একটি মেয়ে একটি মেয়ে একটি মেয়ে একটি মেয়ে একটি মেয়ে একটি মেয়ে একটি মেয়ে একটি মেয়ে একটি মেয়ে একটি মেয়ে একটি মেয়ে একটি মেয়ে একটি মেয়ে একটি মেয়ে একটি মেয়ে একটি মেয়ে একটি মেয়ে একটি মেয়ে একটি মেয়ে,0.02499999999375,0.16666666638888888,0.04347825858223074,0.04347825858223074,0.0,0.04347825858223074,0,0,0.1151079136690647,0.14285714265306124
78984436_ad96eaa802.jpg,একটি কুকুর একটি কুকুর খেলছে,0.5999999988,0.21428571413265304,0.3157894694736842,0.3157894694736842,0.0,0.3157894694736842,0,0,0.3275862068965517,0.16666666652777776
8933.png,একজন পুরুষ আছে।,0.0,0.0,0.0,0.0,0.0,0.0,0,0,0.4375,0.0
1741.png,কয়েকজন পুরুষ বসে আছে,0.49999999875,0.33333333277777777,0.3999999944,0.3999999944,0.14285713928571436,0.3999999944,0,0,0.55,0.24999999968749997
3387630781_f421a94d9d.jpg,একটি শিশু একটি শিশু বসে আছে,0.49999999916666665,0.3333333329629629,0.3999999946666667,0.3999999946666667,0.3076923024852071,0.3999999946666667,0,0,0.38235294117647056,0.1999999998
3167.png,একজন পুরুষ দাড়িয়ে আছে।,0.249999999375,0.3333333322222222,0.28571428000000004,0.28571428000000004,0.17391304105860117,0.28571428000000004,0,0,0.4666666666666667,0.16666666638888888
5097.png,কয়েকজন পুরুষ দাড়িয়ে আছে।,0.0,0.0,0.0,0.0,0.0,0.0,0,0,0.375,0.0
465859490_b077219424.jpg,একদল লোক একটি <unk> <unk> <unk> <unk> <unk> <unk> <unk> <unk> <unk> <unk> <unk> <unk> <unk> <unk> <unk> <unk> <unk> <unk> <unk> <unk> <unk> <unk> <unk> <unk> <unk> <unk> <unk> <unk> <unk> <unk> <unk> <unk> <unk> <unk> <unk> <unk> <unk>,0.0499999999875,0.33333333277777777,0.08695651943289232,0.08695651943289232,0.045454543419421574,0.08695651943289232,0,0,0.14465408805031443,0.24999999968749997
3399284917_721aefe2a7.jpg,একটি শিশু একটি শিশু একটি <unk>,0.33333333277777777,0.24999999968749997,0.2857142804081633,0.2857142804081633,0.0,0.2857142804081633,0,0,0.33333333333333337,0.1111111109876543
3619.png,একটি সেতুর উপরে একটি নৌকা দেখা যাচ্ছে।,0.14285714265306124,0.14285714265306124,0.14285713765306143,0.14285713765306143,0.0,0.14285713765306143,0,0,0.48275862068965514,0.08333333326388888
2660008870_b672a4c76a.jpg,একটি শিশু একটি ঢেউ এর উপর লাফ দিচ্ছে,0.24999999968749997,0.24999999968749997,0.24999999468750006,0.24999999468750006,0.14285713765306143,0.24999999468750006,0,0,0.37037037037037035,0.15384615372781063
5888.png,কয়েকজন মানুষ আছে।,0.9999999966666667,0.5999999988,0.7499999934375,0.7499999934375,0.33333332777777785,0.7499999934375,0,0,0.6666666666666667,0.5999999988
5436.png,একটি নৌকায় কয়েকজন মানুষ আছে।,0.5999999988,0.23076923059171597,0.33333332895061735,0.33333332895061735,0.2499999959375,0.33333332895061735,0,0,0.37254901960784315,0.21428571413265304
9145.png,একজন পুরুষ বসে আছে।,0.7499999981250001,0.49999999916666665,0.5999999940000001,0.5999999940000001,0.24999999468750006,0.5999999940000001,0,0,0.5454545454545454,0.4285714279591837
5272.png,একজন পুরুষ একটি নৌকা থেকে <unk> <unk> <unk> <unk> <unk> <unk> <unk> <unk> <unk> <unk> <unk> <unk> <unk> <unk> <unk> <unk> <unk> <unk> <unk> <unk> <unk> <unk> <unk> <unk> <unk> <unk> <unk> <unk> <unk> <unk> <unk> <unk> <unk> <unk> <unk>,0.02499999999375,0.3333333322222222,0.04651162658734455,0.04651162658734455,0.0,0.04651162658734455,0,0,0.03164556962025311,0.12499999984374999
7620.png,একজন বয়স্ক পুরুষ আছে।,0.9999999975,0.7999999984,0.8888888819753088,0.8888888819753088,0.5714285648979592,0.8888888819753088,0,0,0.8,0.7999999984
5571.png,একজন পুরুষ আছে।,0.0,0.0,0.0,0.0,0.0,0.0,0,0,0.25,0.0
6913.png,একটি মুরগি ও একটি মুরগি ও একটি মুরগি আছে।,0.2222222219753086,0.16666666652777776,0.1904761853968255,0.1904761853968255,0.0,0.1904761853968255,0,0,0.4,0.16666666638888888
1396703063_e8c3687afe.jpg,একজন লোক একটি <unk> <unk> <unk> <unk> <unk> <unk> <unk> <unk> <unk> <unk> <unk> <unk> <unk> <unk> <unk> <unk> <unk> <unk> <unk> <unk> <unk> <unk> <unk> <unk> <unk> <unk> <unk> <unk> <unk> <unk> <unk> <unk> <unk> <unk> <unk> <unk> <unk>,0.099999999975,0.26666666648888887,0.14545454143471084,0.14545454143471084,0.07547169419722341,0.14545454143471084,0,0,0.16352201257861632,0.2857142853061225
2899374885_f3b2b1a290.jpg,একটি শিশু একটি শিশু আছে।,0.3999999992,0.2857142853061225,0.33333332791666676,0.33333332791666676,0.1818181768595043,0.33333332791666676,0,0,0.4444444444444444,0.2222222219753086
2866.png,একটি শিশু আছে।,0.9999999966666667,0.37499999953124996,0.5454545404958677,0.5454545404958677,0.22222221827160496,0.5454545404958677,0,0,0.34615384615384615,0.49999999916666665
_MG_1341.JPG,একজন পুরুষ দাড়িয়ে আছে।,0.0,0.0,0.0,0.0,0.0,0.0,0,0,0.6,0.0
3597715122_45878432ec.jpg,একদল লোক একটি <unk>,0.249999999375,0.16666666638888888,0.1999999948000001,0.1999999948000001,0.0,0.1999999948000001,0,0,0.21153846153846156,0.1111111109876543
1227655020_b11a1bb112.jpg,একটি কালো কুকুর একটি কুকুর খেলছে,0.8333333319444445,0.5555555549382716,0.6666666609777778,0.6666666609777778,0.3076923024852071,0.6666666609777778,0,0,0.6363636363636364,0.49999999937499995
2260560631_09093be4c6.jpg,একটি শিশু আছে।,0.3333333322222222,0.12499999984374999,0.18181817752066123,0.18181817752066123,0.0,0.18181817752066123,0,0,0.2142857142857143,0.1111111109876543
3155501473_510f9c9f6b.jpg,একজন মহিলা এবং তার <unk> <unk> <unk> <unk> <unk> <unk> <unk> <unk> <unk> <unk> <unk> <unk> <unk> <unk> <unk> <unk> <unk> <unk> <unk> <unk> <unk> <unk> <unk> <unk> <unk> <unk> <unk> <unk> <unk> <unk> <unk> <unk> <unk> <unk> <unk> <unk>,0.07499999998125,0.37499999953124996,0.12499999717013895,0.12499999717013895,0.0,0.12499999717013895,0,0,0.11392405063291144,0.1999999998
2516317118_10ae66b87a.jpg,একটি ছোট বাচ্চা মেয়ে বসে আছে,0.49999999916666665,0.24999999979166665,0.33333332851851855,0.33333332851851855,0.249999995390625,0.33333332851851855,0,0,0.35,0.19999999986666667
3666537170_c4ecda4be8.jpg,একটি শিশু একটি বল নিয়ে খেলছে,0.33333333277777777,0.14285714275510203,0.19999999560000006,0.19999999560000006,0.0,0.19999999560000006,0,0,0.3529411764705882,0.08333333326388888
2560.png,একজন পুরুষ দাড়িয়ে আছে।,0.249999999375,0.1111111109876543,0.15384614934911253,0.15384614934911253,0.0,0.15384614934911253,0,0,0.38888888888888884,0.08333333326388888
502884177_25939ac000.jpg,এক মহিলা একটি মেয়ে একটি <unk> <unk> <unk> <unk> <unk> <unk> <unk> <unk> <unk> <unk> <unk> <unk> <unk> <unk> <unk> <unk> <unk> <unk> <unk> <unk> <unk> <unk> <unk> <unk> <unk> <unk> <unk> <unk> <unk> <unk> <unk> <unk> <unk> <unk> <unk>,0.099999999975,0.49999999937499995,0.16666666381944448,0.16666666381944448,0.043478258270321514,0.08333333052083343,0,0,0.08917197452229297,0.3333333329629629
3631023049_8a85bab19f.jpg,একটি শিশু একটি <unk>,0.49999999875,0.2222222219753086,0.3076923029585799,0.3076923029585799,0.18181817752066123,0.3076923029585799,0,0,0.31999999999999995,0.1999999998
3044746136_8b89da5f40.jpg,একদল লোক বসে আছে,0.7499999981250001,0.5999999988,0.6666666602469137,0.6666666602469137,0.28571428000000004,0.6666666602469137,0,0,0.5909090909090908,0.49999999916666665
3563673070_71fa0903ed.jpg,একটি নৌকায় একজন মহিলা একটি নৌকায় একটি নৌকায় একটি নৌকায় একটি নৌকায় একটি নৌকায় একটি নৌকায় একটি নৌকায় একটি নৌকায় একটি নৌকায় একটি নৌকায় একটি নৌকায় একটি নৌকায় একটি নৌকায় একটি নৌকায় একটি নৌকায় একটি নৌকায় একটি নৌকায় একটি নৌকায়,0.02499999999375,0.1111111109876543,0.04081632351520222,0.04081632351520222,0.0,0.04081632351520222,0,0,0.18125000000000002,0.08333333326388888
2521983429_33218366bd.jpg,একটি কুকুর সমুদ্রের দিকে তাকিয়ে আছে,0.49999999916666665,0.29999999969999996,0.37499999484375,0.37499999484375,0.16666666152777793,0.3529411714878893,0,0,0.4642857142857143,0.23076923059171597
3518334317_bc40bae18d.jpg,একজন লোক একটি <unk> <unk> <unk>,0.33333333277777777,0.24999999968749997,0.2857142804081633,0.2857142804081633,0.16666666152777793,0.2857142804081633,0,0,0.4285714285714286,0.1999999998
7354.png,একজন পুরুষ বসে আছে।,0.249999999375,0.16666666638888888,0.1999999948000001,0.1999999948000001,0.0,0.1999999948000001,0,0,0.38095238095238093,0.1111111109876543
625.png,একটি মঞ্চে দাড়িয়ে আছে,0.0,0.0,0.0,0.0,0.0,0.0,0,0,0.2142857142857143,0.0
white-bovine-ox-grazing-agricultural-field-goa-india.jpg,একটি গরু ও একটি গরু ও একটি গরু ও একটি গরু ও একটি গরু ও একটি গরু ও একটি গরু ও একটি গরু ও একটি গরু ও একটি গরু ও একটি গরু ও একটি গরু ও একটি গরু ও একটি,0.02499999999375,0.1111111109876543,0.04081632351520222,0.04081632351520222,0.0,0.04081632351520222,0,0,0.17500000000000004,0.09090909082644627
5759.png,একজন পুরুষ দাড়িয়ে আছে।,0.7499999981250001,0.29999999969999996,0.42857142387755104,0.42857142387755104,0.3333333290277778,0.42857142387755104,0,0,0.6,0.2727272724793388
1401961581_76921a75c5.jpg,একজন লোক একটি <unk>,0.49999999875,0.14285714275510203,0.22222221851851853,0.22222221851851853,0.0,0.22222221851851853,0,0,0.33333333333333337,0.14285714275510203
293327462_20dee0de56.jpg,একটি কুকুর একটি কুকুর খেলছে,0.5999999988,0.37499999953124996,0.46153845609467453,0.46153845609467453,0.1818181768595043,0.46153845609467453,0,0,0.631578947368421,0.37499999953124996
1998255400_0cd086908f.jpg,একটি কুকুর একটি কুকুর একটি <unk>,0.49999999916666665,0.24999999979166665,0.33333332851851855,0.33333332851851855,0.16666666152777793,0.33333332851851855,0,0,0.5217391304347826,0.2222222219753086
3408.png,একজন পুরুষ দাড়িয়ে আছে।,0.49999999875,0.24999999968749997,0.33333332833333335,0.33333332833333335,0.0,0.33333332833333335,0,0,0.33333333333333337,0.2222222219753086
1876.png,একজন নারী আছে।,0.3333333322222222,0.1999999996,0.24999999468750006,0.24999999468750006,0.0,0.24999999468750006,0,0,0.375,0.14285714265306124
4803.png,একটি সেতুর উপর একটি সেতুর উপর দিয়ে একজন লোক দাঁড়িয়ে আছে,0.09090909082644627,0.249999999375,0.13333332924444455,0.13333332924444455,0.0,0.13333332924444455,0,0,0.2195121951219512,0.09090909082644627
399679638_d3036da331.jpg,একটি কুকুর বরফের মধ্যে খেলছে,0.7999999984,0.7999999984,0.7999999934,0.7999999934,0.2499999943750001,0.5999999938,0,0,0.65,0.6666666655555555
408627152_1feaa4b94e.jpg,একটি কুকুর একটি <unk>,0.49999999875,0.33333333277777777,0.3999999944,0.3999999944,0.24999999468750006,0.3999999944,0,0,0.47619047619047616,0.2857142853061225
5558.png,সমুদ্রের পারে একজন মানুষ দাড়িয়ে আছে,0.33333333277777777,0.49999999875,0.3999999944,0.3999999944,0.0,0.3999999944,0,0,0.5416666666666667,0.24999999968749997
2497608431_8dfefc7a1a.jpg,একটি কুকুর একটি কুকুর খেলছে,0.1999999996,0.14285714265306124,0.16666666152777793,0.16666666152777793,0.0,0.16666666152777793,0,0,0.48,0.1111111109876543
3277162496_dff7eeb59e.jpg,একটি কুকুর একটি কুকুর খেলছে,0.3999999992,0.49999999875,0.4444444385185186,0.4444444385185186,0.0,0.4444444385185186,0,0,0.631578947368421,0.3999999992
1044.png,একটি নৌকা দেখা যাচ্ছে।,0.0,0.0,0.0,0.0,0.0,0.0,0,0,0.3846153846153846,0.0
7829.png,একজন পুরুষ বসে আছে।,0.249999999375,0.1999999996,0.2222222167901236,0.2222222167901236,0.0,0.2222222167901236,0,0,0.4,0.12499999984374999
5448.png,একটি সাদা ও সাদা ও সাদা ও সাদা ও সাদা ও সাদা ও সাদা ও সাদা ও সাদা ও সাদা ও সাদা ও সাদা ও সাদা ও সাদা ও সাদা ও সাদা ও সাদা ও সাদা ও সাদা ও সাদা,0.0,0.0,0.0,0.0,0.0,0.0,0,0,0.07920792079207917,0.0
2823075967_be4c350e9e.jpg,একটি কুকুর একটি কুকুর একটি কুকুর একটি কুকুর একটি কুকুর একটি কুকুর একটি কুকুর একটি কুকুর একটি কুকুর একটি কুকুর একটি কুকুর একটি কুকুর একটি কুকুর একটি কুকুর একটি কুকুর একটি কুকুর একটি কুকুর একটি কুকুর একটি কুকুর একটি কুকুর,0.07499999998125,0.29999999969999996,0.11999999675200007,0.11999999675200007,0.04651162619794489,0.11999999675200007,0,0,0.15094339622641506,0.3999999992
3019986034_7453777274.jpg,একজন মহিলা তার <unk> <unk> <unk> <unk> <unk> <unk> <unk> <unk> <unk> <unk> <unk> <unk> <unk> <unk> <unk> <unk> <unk> <unk> <unk> <unk> <unk> <unk> <unk> <unk> <unk> <unk> <unk> <unk> <unk> <unk> <unk> <unk> <unk> <unk> <unk> <unk> <unk>,0.0499999999875,0.3999999992,0.08888888687407412,0.08888888687407412,0.04651162619794489,0.08888888687407412,0,0,0.09433962264150941,0.2857142853061225
6799.png,একটি শিশু একটি শিশু একটি শিশু একটি শিশু একটি শিশু একটি শিশু একটি শিশু একটি শিশু একটি শিশু একটি শিশু একটি শিশু একটি শিশু একটি শিশু একটি শিশু একটি শিশু একটি শিশু একটি শিশু একটি শিশু একটি শিশু একটি শিশু,0.0,0.0,0.0,0.0,0.0,0.0,0,0,0.05755395683453235,0.0
2924259848_effb4dcb82.jpg,একজন বাইক চালক বাতাসে লাফ দিচ্ছে,0.33333333277777777,0.24999999968749997,0.2857142804081633,0.2857142804081633,0.0,0.2857142804081633,0,0,0.5,0.16666666652777776
8915.png,একজন পুরুষ বসে আছে।,0.7499999981250001,0.7499999981250001,0.7499999931250001,0.7499999931250001,0.33333332722222225,0.7499999931250001,0,0,0.7857142857142857,0.5999999988
275516348_cbccebc125.jpg,একটি কুকুর একটি কুকুর দৌড়াচ্ছে,0.5999999988,0.29999999969999996,0.39999999502222217,0.39999999502222217,0.1999999948000001,0.39999999502222217,0,0,0.5416666666666667,0.24999999968749997
9104.png,একটি শিশু একটি শিশু আছে।,0.1999999996,0.14285714265306124,0.16666666152777793,0.16666666152777793,0.0,0.16666666152777793,0,0,0.31999999999999995,0.1111111109876543
3532205154_5674b628ea.jpg,একজন মহিলা এবং একজন মহিলা এবং একজন মহিলা,0.24999999968749997,0.24999999968749997,0.24999999468750006,0.24999999468750006,0.08695651742911174,0.24999999468750006,0,0,0.5294117647058824,0.124999999921875
3324.png,একজন পুরুষ বসে আছে।,0.49999999875,0.2857142853061225,0.36363635834710756,0.36363635834710756,0.0,0.36363635834710756,0,0,0.36,0.2222222219753086
2706023395_ac9eba0e42.jpg,একটি <unk> <unk> <unk>,0.249999999375,0.14285714265306124,0.1818181768595043,0.1818181768595043,0.0,0.1818181768595043,0,0,0.25,0.12499999984374999
1373.png,একজন মহিলা বসে আছে,0.249999999375,0.14285714265306124,0.1818181768595043,0.1818181768595043,0.08333333107638895,0.1818181768595043,0,0,0.40909090909090906,0.09999999995
340.png,একজন পুরুষ বসে আছে।,0.0,0.0,0.0,0.0,0.0,0.0,0,0,0.16666666666666663,0.0
7526.png,একজন পুরুষ দাড়িয়ে আছে।,0.249999999375,0.14285714265306124,0.1818181768595043,0.1818181768595043,0.0,0.1818181768595043,0,0,0.36,0.0999999999
2706430695_3b5667741c.jpg,একটি ছোট ছেলে একটি ছোট ছেলে একটি ছোট ছেলে একটি ছোট ছেলে একটি ছোট ছেলে একটি ছোট ছেলে একটি ছোট ছেলে একটি ছোট ছেলে একটি ছোট ছেলে একটি ছোট ছেলে একটি ছোট ছেলে একটি ছোট ছেলে একটি ছোট ছেলে একটি,0.07499999998125,0.2727272724793388,0.11764705539407928,0.11764705539407928,0.04081632326530638,0.11764705539407928,0,0,0.16541353383458646,0.1999999998
7020.png,একজন পুরুষ দাড়িয়ে আছে,0.249999999375,0.14285714265306124,0.1818181768595043,0.1818181768595043,0.0,0.1818181768595043,0,0,0.4782608695652174,0.0999999999
344841963_8b0fa9784c.jpg,একটি দোকানের সামনে কিছু মানুষ আছে।,0.33333333277777777,0.1999999998,0.24999999500000003,0.24999999500000003,0.0,0.1818181765289258,0,0,0.33333333333333337,0.14285714275510203
4220.png,একটি নৌকায় কয়েকজন মানুষ আছে।,0.3999999992,0.49999999875,0.4444444385185186,0.4444444385185186,0.0,0.4444444385185186,0,0,0.4,0.2857142853061225
2157173498_2eea42ee38.jpg,একজন লোক একটি ঢেউ এর উপর দিয়ে লাফ দিচ্ছে,0.2222222219753086,0.1999999998,0.21052631058171756,0.21052631058171756,0.11764705370242234,0.21052631058171756,0,0,0.38888888888888884,0.124999999921875
2714878018_1593c38d69.jpg,একটি শিশু একটি শিশু একটি লাফ দিচ্ছে,0.14285714265306124,0.12499999984374999,0.13333332817777796,0.13333332817777796,0.0,0.13333332817777796,0,0,0.48275862068965514,0.09090909082644627
3926.png,একজন পুরুষ এবং তার পিছনে কয়েকজন মানুষ আছে।,0.0,0.0,0.0,0.0,0.0,0.0,0,0,0.32258064516129037,0.0
IMG_9576.JPG,একটি কুকুর একটি <unk>,0.249999999375,0.3333333322222222,0.28571428000000004,0.28571428000000004,0.0,0.28571428000000004,0,0,0.2666666666666667,0.1999999996
3267644370_f2728d6c7a.jpg,একজন স্কিয়ার বাতাসে লাফ দিচ্ছে,0.1999999996,0.12499999984374999,0.15384614887573977,0.15384614887573977,0.0,0.15384614887573977,0,0,0.38888888888888884,0.08333333326388888
108.png,একটি গাড়ির পাশে একটি <unk>,0.1999999996,0.12499999984374999,0.15384614887573977,0.15384614887573977,0.0,0.15384614887573977,0,0,0.2142857142857143,0.0999999999
6528.png,একদল লোক একটি <unk>,0.249999999375,0.06666666662222222,0.10526315445983389,0.10526315445983389,0.0,0.10526315445983389,0,0,0.16666666666666663,0.05555555552469135
2710280476_dcccb8745a.jpg,একটি কুকুর একটি বল নিয়ে খেলছে,0.33333333277777777,0.11764705875432525,0.17391303947069953,0.17391303947069953,0.06666666384444457,0.17391303947069953,0,0,0.4285714285714286,0.09999999995
3293596075_973b0bfd08.jpg,একটি কুকুর বরফের মধ্যে দৌড়াচ্ছে,0.7999999984,0.6666666655555555,0.7272727209917357,0.7272727209917357,0.4444444385185186,0.36363635801652905,0,0,0.5238095238095238,0.571428570612245
3109268897_d43797fc6a.jpg,কালো রঙের শার্ট পরা একজন লোক তার মুখে <unk>,0.4444444439506172,0.30769230745562126,0.3636363584710744,0.3636363584710744,0.09999999510000022,0.2727272676446281,0,0,0.32258064516129037,0.2222222220987654
200771289_31902164a7.jpg,একজন পুরুষ এবং একজন পুরুষ ও একজন পুরুষ ও একজন পুরুষ ও একজন পুরুষ ও একজন পুরুষ ও একজন পুরুষ ও একজন পুরুষ ও একজন পুরুষ ও একজন পুরুষ ও একজন পুরুষ ও একজন পুরুষ ও একজন পুরুষ ও একজন,0.0,0.0,0.0,0.0,0.0,0.0,0,0,0.1351351351351351,0.0
3498354674_b636c7992f.jpg,একজন স্কেটবোর্ডার একটি স্কেটবোর্ড কৌশল দেখাচ্ছে,0.49999999916666665,0.37499999953124996,0.4285714230612245,0.4285714230612245,0.33333332791666676,0.4285714230612245,0,0,0.5405405405405406,0.2727272724793388
525.png,একজন পুরুষ বসে আছে,0.249999999375,0.1111111109876543,0.15384614934911253,0.15384614934911253,0.0,0.15384614934911253,0,0,0.33333333333333337,0.08333333326388888
3259222690_69737f2a6e.jpg,একজন মহিলা একটি <unk>,0.7499999981250001,0.24999999979166665,0.37499999578125004,0.37499999578125004,0.2857142819387755,0.37499999578125004,0,0,0.3076923076923077,0.24999999979166665
1528205014_1323aa9dfd.jpg,একটি লোক একটি ব্যস্ত রাস্তায় দাঁড়িয়ে আছে,0.2857142853061225,0.1999999998,0.23529411252595167,0.23529411252595167,0.13333332835555572,0.23529411252595167,0,0,0.3214285714285714,0.14285714275510203
2696060728_3043cfc38c.jpg,একটি সার্ফার একটি ঢেউ এর উপর দিয়ে,0.2857142853061225,0.14285714275510203,0.19047618585034026,0.19047618585034026,0.0,0.19047618585034026,0,0,0.3589743589743589,0.11764705875432525
3841.png,একজন পুরুষ দাড়িয়ে আছে।,0.7499999981250001,0.49999999916666665,0.5999999940000001,0.5999999940000001,0.24999999468750006,0.5999999940000001,0,0,0.6,0.4285714279591837
1810.png,একদল লোক একটি <unk>,0.249999999375,0.05555555552469135,0.09090908785123977,0.09090908785123977,0.0,0.09090908785123977,0,0,0.21739130434782605,0.04761904759637188
6502.png,একটি নৌকায় একজন মানুষ আছে।,0.5999999988,0.49999999916666665,0.5454545395041324,0.5454545395041324,0.2222222167901236,0.5454545395041324,0,0,0.6956521739130435,0.37499999953124996
3564385317_1bf5094068.jpg,এক ব্যক্তি একটি <unk>,0.249999999375,0.14285714265306124,0.1818181768595043,0.1818181768595043,0.0,0.1818181768595043,0,0,0.2941176470588235,0.0999999999
1121416483_c7902d0d49.jpg,একটি শিশু একটি <unk>,0.249999999375,0.1111111109876543,0.15384614934911253,0.15384614934911253,0.0,0.15384614934911253,0,0,0.2777777777777778,0.09090909082644627
4407.png,একজন পুরুষ ও একজন পুরুষ ও একজন পুরুষ ও একজন পুরুষ ও একজন পুরুষ ও একজন পুরুষ ও একজন পুরুষ ও একজন পুরুষ ও একজন পুরুষ ও একজন পুরুষ ও একজন পুরুষ ও একজন পুরুষ ও একজন পুরুষ ও একজন,0.02499999999375,0.249999999375,0.04545454378099179,0.04545454378099179,0.0,0.04545454378099179,0,0,0.08843537414965985,0.16666666638888888
461.png,একজন পুরুষ বসে আছে।,0.49999999875,0.33333333277777777,0.3999999944,0.3999999944,0.0,0.3999999944,0,0,0.47619047619047616,0.24999999968749997
8757.png,একটি নৌকা দেখা যাচ্ছে।,0.9999999975,0.3636363633057851,0.533333328711111,0.533333328711111,0.3076923036686391,0.533333328711111,0,0,0.33333333333333337,0.3636363633057851
3317145805_071b15debb.jpg,একটি কুকুর একটি কুকুর খেলছে,0.7999999984,0.24999999984375,0.3809523769614513,0.3809523769614513,0.2222222167901236,0.36363635801652905,0,0,0.55,0.2857142853061225
904.png,একজন পুরুষ বসে আছে।,0.9999999975,0.571428570612245,0.7272727213223142,0.7272727213223142,0.44444443901234576,0.7272727213223142,0,0,0.5833333333333333,0.6666666655555555
3108732084_565b423162.jpg,একজন স্কাইয়ার একটি বরফের পাহাড়ে স্কি করছে,0.2857142853061225,0.3999999992,0.33333332791666676,0.33333332791666676,0.1999999948000001,0.33333332791666676,0,0,0.4666666666666667,0.1999999998
3685373706_37f2ced9ff.jpg,একজন মহিলা একটি <unk>,0.49999999875,0.1999999998,0.28571428122448983,0.28571428122448983,0.0,0.181818178677686,0,0,0.23684210526315785,0.16666666652777776
3471841031_a949645ba8.jpg,একজন লোক একটি গাড়ির পাশে বসে আছে,0.571428570612245,0.21052631567867036,0.3076923035207101,0.3076923035207101,0.09999999570000016,0.3076923035207101,0,0,0.2676056338028169,0.18181818173553718
IMG_20220921_124603.jpg,একজন পুরুষ ও একজন পুরুষ দাড়িয়ে আছে,0.4285714279591837,0.23076923059171597,0.2999999951500001,0.2999999951500001,0.11111110654321005,0.2999999951500001,0,0,0.5,0.13333333324444444
3686.png,একজন পুরুষ বসে আছে।,0.7499999981250001,0.7499999981250001,0.7499999931250001,0.7499999931250001,0.1999999954000001,0.7499999931250001,0,0,0.5625,0.5999999988
2076906555_c20dc082db.jpg,একজন পুরুষ এবং একজন পুরুষ ও একজন পুরুষ এবং একজন পুরুষ ও একজন পুরুষ এবং একজন পুরুষ ও একজন পুরুষ এবং একজন পুরুষ ও একজন পুরুষ এবং একজন পুরুষ ও একজন পুরুষ এবং একজন পুরুষ ও একজন পুরুষ এবং একজন,0.0499999999875,0.2222222219753086,0.08163265002915464,0.08163265002915464,0.0,0.08163265002915464,0,0,0.16883116883116878,0.18181818165289254
2344.png,একজন পুরুষ দাড়িয়ে আছে।,0.49999999875,0.24999999968749997,0.33333332833333335,0.33333332833333335,0.1999999954000001,0.33333332833333335,0,0,0.3666666666666667,0.2222222219753086
5808.png,একটি শিশু বসে আছে।,0.49999999875,0.49999999875,0.4999999937500001,0.4999999937500001,0.33333332722222225,0.4999999937500001,0,0,0.6428571428571428,0.33333333277777777
2867968184_908d87cf2c.jpg,এক ব্যক্তি একটি স্কেটবোর্ডে চড়ে লাফ দিচ্ছে,0.2857142853061225,0.1999999998,0.23529411252595167,0.23529411252595167,0.13333332835555572,0.23529411252595167,0,0,0.5116279069767442,0.13333333324444444
3049649128_d83d847168.jpg,একটি শিশু একটি <unk> <unk> <unk> <unk> <unk> <unk> <unk> <unk> <unk> <unk> <unk> <unk> <unk> <unk> <unk> <unk> <unk> <unk> <unk> <unk> <unk> <unk> <unk> <unk> <unk> <unk> <unk> <unk> <unk> <unk> <unk> <unk> <unk> <unk> <unk> <unk> <unk>,0.02499999999375,0.1999999996,0.0444444424493828,0.0444444424493828,0.0,0.0444444424493828,0,0,0.06329113924050633,0.14285714265306124
2887750774_920eb171aa.jpg,একটি কুকুর একটি কুকুর সাঁতার কাটছে,0.33333333277777777,0.3999999992,0.36363635801652905,0.36363635801652905,0.2222222167901236,0.36363635801652905,0,0,0.5652173913043479,0.2857142853061225
3069216757_c419b3898e.jpg,একটি মেয়ে একটি <unk>,0.249999999375,0.14285714265306124,0.1818181768595043,0.1818181768595043,0.0,0.1818181768595043,0,0,0.2727272727272727,0.1111111109876543
633456174_b768c1d6cd.jpg,একটি ছেলে স্কেটবোর্ডিং করছে,0.49999999875,0.33333333277777777,0.3999999944,0.3999999944,0.24999999468750006,0.3999999944,0,0,0.4736842105263158,0.24999999968749997
3966.png,একজন পুরুষ দাড়িয়ে আছে।,0.49999999875,0.2857142853061225,0.36363635834710756,0.36363635834710756,0.2222222172839507,0.36363635834710756,0,0,0.40740740740740744,0.2222222219753086
649.png,একজন পুরুষ বসে আছে,0.249999999375,0.249999999375,0.2499999943750001,0.2499999943750001,0.0,0.2499999943750001,0,0,0.6,0.14285714265306124
2670.png,একটি শিশু একটি নৌকা থেকে পানি থেকে পানি থেকে পানি থেকে পানি থেকে পানি থেকে পানি থেকে পানি থেকে পানি থেকে পানি থেকে পানি থেকে পানি থেকে পানি থেকে পানি থেকে পানি থেকে পানি থেকে পানি থেকে পানি থেকে পানি,0.0499999999875,0.33333333277777777,0.08695651943289232,0.08695651943289232,0.045454543419421574,0.08695651943289232,0,0,0.14049586776859502,0.2222222219753086
1236964638.jpg,একটি ছেলে একটি পুকুরে লাফ দিচ্ছে,0.49999999916666665,0.49999999916666665,0.4999999941666667,0.4999999941666667,0.3076923024852071,0.4999999941666667,0,0,0.8095238095238095,0.24999999968749997
5795.png,একজন পুরুষ বসে আছে।,0.7499999981250001,0.7499999981250001,0.7499999931250001,0.7499999931250001,0.33333332722222225,0.7499999931250001,0,0,0.8,0.5999999988
_MG_2656.JPG,একদল লোক একটি <unk>,0.249999999375,0.249999999375,0.2499999943750001,0.2499999943750001,0.0,0.2499999943750001,0,0,0.4,0.14285714265306124
1038.png,একজন পুরুষ মাথায় <unk> <unk> <unk> <unk> <unk> <unk> <unk> <unk> <unk> <unk> <unk> <unk> <unk> <unk> <unk> <unk> <unk> <unk> <unk> <unk> <unk> <unk> <unk> <unk> <unk> <unk> <unk> <unk> <unk> <unk> <unk> <unk> <unk> <unk> <unk> <unk> <unk>,0.02499999999375,0.1999999996,0.0444444424493828,0.0444444424493828,0.0,0.0444444424493828,0,0,0.05625000000000002,0.12499999984374999
2939007933_8a6ef2d073.jpg,একটি মোটরক্রস বাইক চালাচ্ছে,0.249999999375,0.12499999984374999,0.16666666194444454,0.16666666194444454,0.0,0.16666666194444454,0,0,0.40625,0.09090909082644627
495340319_705f2e63d6.jpg,একজন মহিলা হকি খেলছে,0.249999999375,0.1999999996,0.2222222167901236,0.2222222167901236,0.0,0.2222222167901236,0,0,0.3157894736842105,0.12499999984374999
1552065993_b4dcd2eadf.jpg,একটি কুকুর একটি কুকুর দৌড়াচ্ছে,0.5999999988,0.5999999988,0.5999999938,0.5999999938,0.2499999943750001,0.5999999938,0,0,0.85,0.5999999988
7727.png,একজন পুরুষ বসে আছে।,0.7499999981250001,0.7499999981250001,0.7499999931250001,0.7499999931250001,0.0,0.7499999931250001,0,0,0.6,0.5999999988
3482787182_a5c6d4b386.jpg,একটি মেয়ে একটি মেয়ে একটি মেয়ে একটি মেয়ে একটি মেয়ে একটি মেয়ে একটি মেয়ে একটি মেয়ে একটি মেয়ে একটি মেয়ে একটি মেয়ে একটি মেয়ে একটি মেয়ে একটি মেয়ে একটি মেয়ে একটি মেয়ে একটি মেয়ে একটি মেয়ে একটি মেয়ে একটি মেয়ে,0.02499999999375,0.12499999984374999,0.04166666387152797,0.04166666387152797,0.0,0.04166666387152797,0,0,0.12230215827338131,0.1111111109876543
7825.png,একজন পুরুষ দাড়িয়ে আছে।,0.249999999375,0.16666666638888888,0.1999999948000001,0.1999999948000001,0.0,0.1999999948000001,0,0,0.26086956521739135,0.1111111109876543
1271960365_e54033f883.jpg,একটি কুকুর একটি কুকুর খেলছে,0.5999999988,0.21428571413265304,0.3157894694736842,0.3157894694736842,0.1818181768595043,0.3157894694736842,0,0,0.4736842105263158,0.2222222219753086
3145869775_85dfae43bd.jpg,একটি মেয়ে একটি লাল রঙের জামা পরা একটি মেয়ে একটি লাল রঙের জামা পরা একটি মেয়ে একটি লাল রঙের জামা পরা একটি মেয়ে একটি লাল রঙের জামা পরা একটি মেয়ে একটি লাল রঙের জামা পরা একটি মেয়ে একটি লাল রঙের,0.0499999999875,0.2857142853061225,0.08510638040742426,0.08510638040742426,0.03703703301097437,0.08510638040742426,0,0,0.2992700729927007,0.1111111109876543
3614542901_29877fc342.jpg,একদল লোক একসাথে ছবি তুলছে,0.1999999996,0.14285714265306124,0.16666666152777793,0.16666666152777793,0.0,0.16666666152777793,0,0,0.3793103448275862,0.09090909082644627
599366440_a238e805cf.jpg,একটি কুকুর একটি কুকুর খেলছে,0.7999999984,0.3636363633057851,0.499999995078125,0.499999995078125,0.1999999948000001,0.499999995078125,0,0,0.5,0.29999999969999996
1119418776_58e4b93eac.jpg,একটি কালো কুকুর একটি কুকুর খেলছে,0.33333333277777777,0.49999999875,0.3999999944,0.3999999944,0.24999999468750006,0.3999999944,0,0,0.5172413793103448,0.33333333277777777
2250.png,একজন পুরুষ বসে আছে।,0.249999999375,0.16666666638888888,0.1999999948000001,0.1999999948000001,0.0,0.1999999948000001,0,0,0.34782608695652173,0.1111111109876543
360723732_23199af4bf.jpg,একটি কুকুর একটি কুকুর একটি কুকুর একটি কুকুর একটি কুকুর একটি কুকুর একটি কুকুর একটি কুকুর একটি কুকুর একটি কুকুর একটি কুকুর একটি কুকুর একটি কুকুর একটি কুকুর একটি কুকুর একটি কুকুর একটি কুকুর একটি কুকুর একটি কুকুর একটি কুকুর,0.12499999996875,0.249999999875,0.16666666216666678,0.16666666216666678,0.0689655128121287,0.16666666216666678,0,0,0.25786163522012584,0.16666666638888888
1380.png,একজন পুরুষ বসে আছে।,0.249999999375,0.0999999999,0.14285713857142868,0.14285713857142868,0.0,0.14285713857142868,0,0,0.2727272727272727,0.07692307686390532
3548191125_514f47e493.jpg,একটি শিশু একটি <unk>,0.49999999875,0.24999999968749997,0.33333332833333335,0.33333332833333335,0.1999999954000001,0.33333332833333335,0,0,0.24242424242424243,0.2222222219753086
6581.png,একজন পুরুষ দাড়িয়ে আছে।,0.249999999375,0.07142857137755101,0.1111111075308643,0.1111111075308643,0.0,0.1111111075308643,0,0,0.3076923076923077,0.05882352937716263
2333584535_1eaf9baf3e.jpg,একদল কুকুর একটি কুকুর খেলছে,0.3999999992,0.24999999968749997,0.3076923024852071,0.3076923024852071,0.1818181768595043,0.3076923024852071,0,0,0.4516129032258065,0.1999999998
7038.png,একটি নৌকা দেখা যাচ্ছে ও একটি নৌকা দেখা যাচ্ছে ও একটি নৌকা দেখা যাচ্ছে ও একটি নৌকা দেখা যাচ্ছে ও একটি নৌকা দেখা যাচ্ছে ও একটি নৌকা দেখা যাচ্ছে ও একটি নৌকা দেখা যাচ্ছে ও একটি নৌকা দেখা যাচ্ছে ও,0.0,0.0,0.0,0.0,0.0,0.0,0,0,0.25984251968503935,0.0
IMG_0602.JPG,একটি শিশু একটি <unk>,0.249999999375,0.249999999375,0.2499999943750001,0.2499999943750001,0.0,0.2499999943750001,0,0,0.3529411764705882,0.16666666638888888
3610687607_895fdc94bd.jpg,একজন লোক একটি শিশু বসে আছে,0.49999999916666665,0.3333333329629629,0.3999999946666667,0.3999999946666667,0.3076923024852071,0.3999999946666667,0,0,0.47058823529411764,0.24999999979166665
7107.png,একজন পুরুষ বসে আছে।,0.7499999981250001,0.7499999981250001,0.7499999931250001,0.7499999931250001,0.33333332722222225,0.7499999931250001,0,0,0.8571428571428572,0.5999999988
5001.png,একটি নৌকায় কয়েকজন মানুষ আছে।,0.3999999992,0.6666666644444444,0.49999999406250006,0.49999999406250006,0.0,0.49999999406250006,0,0,0.4,0.33333333277777777
1087168168.jpg,একটি মেয়ে একটি <unk>,0.49999999875,0.33333333277777777,0.3999999944,0.3999999944,0.1333333299555556,0.3999999944,0,0,0.4285714285714286,0.2857142853061225
2991994607_06f24ec7a6.jpg,একজন লোক একটি <unk> <unk> <unk> <unk> <unk> <unk> <unk> <unk> <unk> <unk> <unk> <unk> <unk> <unk> <unk> <unk> <unk> <unk> <unk> <unk> <unk> <unk> <unk> <unk> <unk> <unk> <unk> <unk> <unk> <unk> <unk> <unk> <unk> <unk> <unk> <unk> <unk>,0.07499999998125,0.37499999953124996,0.12499999717013895,0.12499999717013895,0.043478258270321514,0.12499999717013895,0,0,0.11949685534591192,0.15384615372781063
2039457436_fc30f5e1ce.jpg,একটি শিশু একটি <unk> <unk>,0.1999999996,0.16666666638888888,0.1818181765289258,0.1818181765289258,0.0,0.1818181765289258,0,0,0.2857142857142857,0.12499999984374999
3178489390_13a6ae7524.jpg,একটি শিশু একটি <unk>,0.249999999375,0.0999999999,0.14285713857142868,0.14285713857142868,0.0,0.14285713857142868,0,0,0.19999999999999996,0.08333333326388888
4270.png,একজন পুরুষ ও একজন পুরুষ ও একজন পুরুষ আছে।,0.2222222219753086,0.33333333277777777,0.2666666615111111,0.2666666615111111,0.15384614887573977,0.2666666615111111,0,0,0.4242424242424242,0.24999999968749997
3821.png,কয়েকজন মানুষ আছে।,0.3333333322222222,0.14285714265306124,0.1999999954000001,0.1999999954000001,0.0,0.1999999954000001,0,0,0.31999999999999995,0.1111111109876543
374176648_ba4b88c221.jpg,পাহাড়ের চূড়ায় এক ব্যক্তি পাহাড়ের চূড়ায় দাঁড়িয়ে আছে,0.12499999984374999,0.07692307686390532,0.09523809043083924,0.09523809043083924,0.0,0.09523809043083924,0,0,0.375,0.049999999975
520.png,একজন পুরুষ বসে আছে।,0.49999999875,0.33333333277777777,0.3999999944,0.3999999944,0.24999999468750006,0.3999999944,0,0,0.4782608695652174,0.24999999968749997
7371.png,একজন পুরুষ বসে আছে।,0.49999999875,0.2857142853061225,0.36363635834710756,0.36363635834710756,0.0,0.36363635834710756,0,0,0.3846153846153846,0.24999999968749997
2422.png,একজন বাচ্চা মেয়ে শিশু আছে।,0.1999999996,0.249999999375,0.2222222167901236,0.2222222167901236,0.0,0.2222222167901236,0,0,0.47058823529411764,0.12499999984374999
1095590286.jpg,একটি কুকুর একটি কুকুর দৌড়াচ্ছে,0.7999999984,0.3333333330555555,0.47058823058823535,0.47058823058823535,0.2222222167901236,0.47058823058823535,0,0,0.75,0.2857142853061225
IMG_20220916_174500.jpg,একজন পুরুষ ছাতা নিয়ে রাস্তা দিয়ে রিক্সা ও একজন পুরুষ ছাতা নিয়ে রাস্তা দিয়ে রিক্সা ও একজন পুরুষ ছাতা নিয়ে রাস্তা দিয়ে রিক্সা ও একজন পুরুষ ছাতা নিয়ে রাস্তা দিয়ে রিক্সা ও একজন পুরুষ ছাতা নিয়ে রাস্তা দিয়ে রিক্সা ও,0.0499999999875,0.14285714275510203,0.07407407020576152,0.07407407020576152,0.0,0.07407407020576152,0,0,0.24460431654676262,0.09999999995
3660.png,একজন পুরুষ মাথায় টুপি পরা একজন পুরুষ বসে আছে।,0.3333333329629629,0.5999999988,0.42857142336734694,0.42857142336734694,0.0,0.42857142336734694,0,0,0.4242424242424242,0.3333333329629629
7764.png,একজন পুরুষ বসে আছে।,0.49999999875,0.1999999998,0.28571428122448983,0.28571428122448983,0.16666666263888896,0.28571428122448983,0,0,0.30434782608695654,0.18181818165289254
3896.png,একজন নারী একটি শিশু আছে।,0.5999999988,0.4285714279591837,0.4999999943055557,0.4999999943055557,0.0,0.4999999943055557,0,0,0.375,0.3333333329629629
3560125106_691c292893.jpg,একটি কুকুর একটি <unk>,0.7499999981250001,0.37499999953124996,0.49999999472222234,0.49999999472222234,0.36363635900826446,0.49999999472222234,0,0,0.3870967741935484,0.37499999953124996
441921713_1cafc7d7d2.jpg,একটি লোক একটি <unk>,0.7499999981250001,0.37499999953124996,0.49999999472222234,0.49999999472222234,0.1999999954000001,0.49999999472222234,0,0,0.4666666666666667,0.37499999953124996
4912.png,একটি সেতুর উপর দিয়ে মাছ ধরার জাল দিয়ে মাছ ধরার জাল দিয়ে মাছ ধরার জাল দিয়ে মাছ ধরার জাল দিয়ে মাছ ধরার জাল দিয়ে মাছ ধরার জাল দিয়ে মাছ ধরার জাল দিয়ে মাছ ধরার জাল দিয়ে মাছ ধরার জাল দিয়ে,0.02499999999375,0.249999999375,0.04545454378099179,0.04545454378099179,0.0,0.04545454378099179,0,0,0.06106870229007633,0.0999999999
3440104178_6871a24e13.jpg,একটি কুকুর একটি কুকুর খেলছে,0.5999999988,0.37499999953124996,0.46153845609467453,0.46153845609467453,0.2222222167901236,0.46153845609467453,0,0,0.4814814814814815,0.2857142853061225
2291485126_b8d41a63f4.jpg,একজন লোক একটি বরফের পাহাড়ে স্কি করছে,0.4285714279591837,0.3333333329629629,0.374999994609375,0.374999994609375,0.0,0.374999994609375,0,0,0.45945945945945943,0.23076923059171597
3549006919_3604bc813e.jpg,একজন লোক একটি পাথরে আরোহণ করছে,0.49999999916666665,0.29999999969999996,0.37499999484375,0.37499999484375,0.2857142807142858,0.37499999484375,0,0,0.48275862068965514,0.23076923059171597
3955.png,একজন পুরুষ দাড়িয়ে আছে।,0.0,0.0,0.0,0.0,0.0,0.0,0,0,0.33333333333333337,0.0
3534668485_6887629ff0.jpg,একজন পুরুষ বসে আছে,0.0,0.0,0.0,0.0,0.0,0.0,0,0,0.2222222222222222,0.0
640.png,একদল লোক একটি <unk> <unk>,0.0,0.0,0.0,0.0,0.0,0.0,0,0,0.18181818181818177,0.0
2599444370_9e40103027.jpg,একটি কুকুর একটি কুকুর সাঁতার কাটছে,0.8333333319444445,0.49999999949999996,0.62499999453125,0.62499999453125,0.19999999460000012,0.62499999453125,0,0,0.8695652173913043,0.49999999937499995
56489627_e1de43de34.jpg,একদল লোক পাহাড়ের চূড়ায় দাঁড়িয়ে আছে,0.16666666638888888,0.12499999984374999,0.1428571377551022,0.1428571377551022,0.0,0.1428571377551022,0,0,0.4642857142857143,0.07692307686390532
4549.png,একজন পুরুষ বসে আছে,0.49999999875,0.49999999875,0.4999999937500001,0.4999999937500001,0.33333332722222225,0.4999999937500001,0,0,0.7333333333333334,0.33333333277777777
7590.png,একজন লোক বসে আছে,0.49999999875,0.33333333277777777,0.3999999944,0.3999999944,0.0,0.3999999944,0,0,0.45833333333333337,0.24999999968749997
attractive-young-female-with-dark-bob-hairstyle-relaxing-her-garden-after-she-took-care-shrubs-trees-smiling-happily-camera-surrounded-with-leaves-gigantic-plant-people-nature.jpg,একজন নারী আছে।,0.6666666644444444,0.18181818165289254,0.2857142819387755,0.2857142819387755,0.0,0.2857142819387755,0,0,0.19999999999999996,0.16666666652777776
8492.png,একজন পুরুষ দাড়িয়ে আছে।,0.249999999375,0.3333333322222222,0.28571428000000004,0.28571428000000004,0.0,0.28571428000000004,0,0,0.4666666666666667,0.16666666638888888
3333039854_461329aac2.jpg,একজন লোক একটি রেস্তোরাঁর সামনে একজন লোক একটি রেস্তোরাঁর সামনে একজন লোক একটি রেস্তোরাঁর সামনে একজন লোক একটি রেস্তোরাঁর সামনে একজন লোক একটি রেস্তোরাঁর সামনে একজন লোক একটি রেস্তোরাঁর সামনে একজন লোক একটি রেস্তোরাঁর সামনে একজন লোক একটি রেস্তোরাঁর সামনে,0.02499999999375,0.249999999375,0.04545454378099179,0.04545454378099179,0.0,0.04545454378099179,0,0,0.11428571428571432,0.12499999984374999
4559.png,একটি শিশু একটি শিশু বসে আছে,0.33333333277777777,0.6666666644444444,0.44444443901234576,0.44444443901234576,0.28571428081632655,0.44444443901234576,0,0,0.4736842105263158,0.3999999992
5710.png,একজন পুরুষ বসে আছে।,0.249999999375,0.3333333322222222,0.28571428000000004,0.28571428000000004,0.0,0.28571428000000004,0,0,0.5,0.16666666638888888
7513.png,একজন পুরুষ বসে আছে।,0.249999999375,0.3333333322222222,0.28571428000000004,0.28571428000000004,0.0,0.28571428000000004,0,0,0.3571428571428571,0.16666666638888888
8572.png,একটি নৌকায় একজন পুরুষ বসে আছে।,0.49999999916666665,0.4285714279591837,0.4615384558579882,0.4615384558579882,0.1818181765289258,0.4615384558579882,0,0,0.6538461538461539,0.29999999969999996
1805.png,একজন পুরুষ বসে আছে।,0.49999999875,0.2222222219753086,0.3076923029585799,0.3076923029585799,0.09090908847107444,0.3076923029585799,0,0,0.303030303030303,0.18181818165289254
IMG_0666.JPG,একজন পুরুষ ও একজন পুরুষ ও একজন পুরুষ ও একজন পুরুষ ও একজন পুরুষ ও একজন পুরুষ ও একজন পুরুষ ও একজন পুরুষ ও একজন পুরুষ ও একজন পুরুষ ও একজন পুরুষ ও একজন পুরুষ ও একজন পুরুষ ও একজন,0.02499999999375,0.1111111109876543,0.04081632351520222,0.04081632351520222,0.0,0.04081632351520222,0,0,0.08843537414965985,0.09090909082644627
3546891929_f31a99cd0d.jpg,একজন পুরুষ ও একজন পুরুষ ও একজন পুরুষ ও একজন পুরুষ ও একজন পুরুষ ও একজন পুরুষ ও একজন পুরুষ ও একজন পুরুষ ও একজন পুরুষ ও একজন পুরুষ ও একজন পুরুষ ও একজন পুরুষ ও একজন পুরুষ ও একজন,0.02499999999375,0.16666666638888888,0.04347825858223074,0.04347825858223074,0.0,0.04347825858223074,0,0,0.24489795918367352,0.12499999984374999
7072.png,একজন পুরুষ বসে আছে।,0.249999999375,0.3333333322222222,0.28571428000000004,0.28571428000000004,0.0,0.28571428000000004,0,0,0.5,0.16666666638888888
2729.png,একটি শিশু একটি শিশু একটি ছোট বাচ্চা একটি ছোট বাচ্চা একটি ছোট বাচ্চা একটি ছোট বাচ্চা একটি ছোট বাচ্চা একটি ছোট বাচ্চা একটি ছোট বাচ্চা একটি ছোট বাচ্চা একটি ছোট বাচ্চা একটি ছোট বাচ্চা একটি ছোট বাচ্চা একটি ছোট বাচ্চা,0.07499999998125,0.21428571413265304,0.11111110722908106,0.11111110722908106,0.04651162619794489,0.11111110722908106,0,0,0.1724137931034483,0.2857142853061225
2987576188_f82304f394.jpg,একজন পুরুষ দাড়িয়ে আছে।,0.0,0.0,0.0,0.0,0.0,0.0,0,0,0.3448275862068966,0.0
42.JPG,একটা ছেলে বসে আছে,0.7499999981250001,0.7499999981250001,0.7499999931250001,0.7499999931250001,0.33333332722222225,0.7499999931250001,0,0,0.8333333333333334,0.5999999988
6065.png,একজন পুরুষ দাড়িয়ে আছে।,0.249999999375,0.249999999375,0.2499999943750001,0.2499999943750001,0.0,0.2499999943750001,0,0,0.5333333333333333,0.14285714265306124
3705688385_47651205d3.jpg,একটি কুকুর পানিতে লাফ দিচ্ছে।,0.3999999992,0.3999999992,0.39999999420000004,0.39999999420000004,0.0,0.39999999420000004,0,0,0.5555555555555556,0.24999999968749997
4179.png,একজন পুরুষ দাড়িয়ে আছে,0.49999999875,0.24999999968749997,0.33333332833333335,0.33333332833333335,0.1999999954000001,0.33333332833333335,0,0,0.4838709677419355,0.2222222219753086
7698.png,একজন বয়স্ক পুরুষ দাড়িয়ে আছে,0.5999999988,0.5999999988,0.5999999938,0.5999999938,0.4999999937500001,0.5999999938,0,0,0.9,0.4285714279591837
3156406419_38fbd52007.jpg,একজন স্কাইয়ার বরফের পাহাড় বেয়ে নামছে,0.16666666638888888,0.14285714265306124,0.15384614863905344,0.15384614863905344,0.0,0.15384614863905344,0,0,0.5769230769230769,0.08333333326388888
2663.png,একটি শিশু একটি <unk> <unk> <unk> <unk> <unk> <unk> <unk> <unk> <unk> <unk> <unk> <unk> <unk> <unk> <unk> <unk> <unk> <unk> <unk> <unk> <unk> <unk> <unk> <unk> <unk> <unk> <unk> <unk> <unk> <unk> <unk> <unk> <unk> <unk> <unk> <unk> <unk>,0.0,0.0,0.0,0.0,0.0,0.0,0,0,0.10759493670886078,0.0
129441311.jpg,একটি মেয়ে একটি <unk>,0.249999999375,0.1111111109876543,0.15384614934911253,0.15384614934911253,0.0,0.15384614934911253,0,0,0.2432432432432432,0.09090909082644627
8168.png,একজন পুরুষ বসে আছে।,0.249999999375,0.4999999975,0.33333332777777785,0.33333332777777785,0.0,0.33333332777777785,0,0,0.31034482758620685,0.1999999996
8314.png,একজন পুরুষ একটি শিশু আছে।,0.0,0.0,0.0,0.0,0.0,0.0,0,0,0.26086956521739135,0.0
7608.png,একটি নৌকায় একজন পুরুষ বসে আছে।,0.6666666655555555,0.571428570612245,0.6153846094674558,0.6153846094674558,0.36363635801652905,0.6153846094674558,0,0,0.5652173913043479,0.4444444439506172
5431.png,একটি দোকানের সামনে একটি সেতুর উপর দিয়ে একটি সেতুর উপর দিয়ে একটি সেতুর উপর দিয়ে একটি গাড়ি দেখা যাচ্ছে,0.05263157891966759,0.3333333322222222,0.09090908847107444,0.09090908847107444,0.0,0.09090908847107444,0,0,0.12676056338028174,0.09090909082644627
2606.png,একজন বাচ্চা মেয়ে দাড়িয়ে আছে।,0.3999999992,0.2857142853061225,0.33333332791666676,0.33333332791666676,0.0,0.33333332791666676,0,0,0.31034482758620685,0.1999999998
6452.png,একটি শিশু আছে।,0.3333333322222222,0.16666666638888888,0.2222222172839507,0.2222222172839507,0.0,0.2222222172839507,0,0,0.21739130434782605,0.12499999984374999
469969326_4b84073286.jpg,একজন পুরুষ একটি নৌকা থেকে একটি পাথরে আরোহণ করছে,0.2222222219753086,0.15384615372781063,0.18181817681818194,0.18181817681818194,0.0,0.18181817681818194,0,0,0.36170212765957444,0.10526315783933518
3476381830_3751dd9339.jpg,একজন পুরুষ দাড়িয়ে আছে,0.249999999375,0.16666666638888888,0.1999999948000001,0.1999999948000001,0.0,0.1999999948000001,0,0,0.3125,0.1111111109876543
270816949_ffad112278.jpg,পাহাড়ের চূড়ায় একজন লোক পাহাড়ের চূড়ায় দাঁড়িয়ে আছে,0.37499999953124996,0.4285714279591837,0.3999999944888889,0.3999999944888889,0.12499999492187522,0.3999999944888889,0,0,0.53125,0.24999999979166665
414568315_5adcfc23c0.jpg,একটি শিশু একটি শিশু একটি শিশু একটি শিশু একটি শিশু একটি শিশু একটি শিশু একটি শিশু একটি শিশু একটি শিশু একটি শিশু একটি শিশু একটি শিশু একটি শিশু একটি শিশু একটি শিশু একটি শিশু একটি শিশু একটি শিশু একটি শিশু,0.0499999999875,0.6666666644444444,0.09302325447268796,0.09302325447268796,0.04878048685306366,0.09302325447268796,0,0,0.2158273381294964,0.6666666644444444
4351.png,একজন পুরুষ বসে আছে।,0.249999999375,0.14285714265306124,0.1818181768595043,0.1818181768595043,0.0,0.1818181768595043,0,0,0.33333333333333337,0.0999999999
2088460083_42ee8a595a.jpg,একটি গাড়ির পাশে দাঁড়িয়ে আছে,0.1999999996,0.14285714265306124,0.16666666152777793,0.16666666152777793,0.0,0.16666666152777793,0,0,0.4,0.0999999999
1012212859.jpg,একটি কুকুর একটি বল নিয়ে খেলছে,0.6666666655555555,0.3636363633057851,0.47058823017301044,0.47058823017301044,0.13333332871111125,0.47058823017301044,0,0,0.4482758620689655,0.2727272724793388
4814.png,একটি মন্দির।,0.4999999975,0.249999999375,0.33333332777777785,0.33333332777777785,0.0,0.33333332777777785,0,0,0.3846153846153846,0.1999999996
8625.png,একজন নারী বসে আছে।,0.7499999981250001,0.7499999981250001,0.7499999931250001,0.7499999931250001,0.6666666594444445,0.7499999931250001,0,0,0.8461538461538461,0.5999999988
4736.png,একজন পুরুষ দাড়িয়ে আছে।,0.249999999375,0.14285714265306124,0.1818181768595043,0.1818181768595043,0.0,0.1818181768595043,0,0,0.2962962962962963,0.1111111109876543
3532539748_795d16ef07.jpg,একজন পুরুষ ও একটি ছেলে একটি <unk>,0.4285714279591837,0.29999999969999996,0.35294117121107266,0.35294117121107266,0.13333332835555572,0.35294117121107266,0,0,0.38235294117647056,0.23076923059171597
241346260_f50d57b517.jpg,ওকলাহোমা ফুটবল খেলোয়াড় বল নিয়ে দৌড়াচ্ছে,0.33333333277777777,0.24999999968749997,0.2857142804081633,0.2857142804081633,0.16666666152777793,0.2857142804081633,0,0,0.4545454545454546,0.16666666652777776
5823.png,সমুদ্রের পারে একজন পুরুষ দাড়িয়ে আছে,0.33333333277777777,0.3999999992,0.36363635801652905,0.36363635801652905,0.2222222167901236,0.36363635801652905,0,0,0.625,0.2222222219753086
8186.png,একটি নৌকায় কয়েকজন মানুষ আছে।,0.7999999984,0.7999999984,0.7999999934,0.7999999934,0.7499999931250001,0.7999999934,0,0,0.9,0.6666666655555555
8644.png,একটি শিশু একটি ফুটবল খেলছে,0.1999999996,0.249999999375,0.2222222167901236,0.2222222167901236,0.0,0.2222222167901236,0,0,0.5263157894736843,0.14285714265306124
3578981202_efef47e264.jpg,একটি শিশু একটি <unk> <unk> <unk> <unk> <unk> <unk> <unk> <unk> <unk> <unk> <unk> <unk> <unk> <unk> <unk> <unk> <unk> <unk> <unk> <unk> <unk> <unk> <unk> <unk> <unk> <unk> <unk> <unk> <unk> <unk> <unk> <unk> <unk> <unk> <unk> <unk> <unk>,0.099999999975,0.3999999996,0.15999999673600007,0.15999999673600007,0.0833333302517362,0.15999999673600007,0,0,0.08860759493670889,0.49999999875
1169307342_e7a4685a5c.jpg,একটি কুকুর একটি কুকুর খেলছে,0.3999999992,0.3999999992,0.39999999420000004,0.39999999420000004,0.0,0.39999999420000004,0,0,0.5263157894736843,0.33333333277777777
3423249426_02bedf9260.jpg,একজন পুরুষ ও একজন পুরুষ ও একজন পুরুষ ও একজন পুরুষ ও একজন পুরুষ ও একজন পুরুষ ও একজন পুরুষ ও একজন পুরুষ ও একজন পুরুষ ও একজন পুরুষ ও একজন পুরুষ ও একজন পুরুষ ও একজন পুরুষ ও একজন,0.02499999999375,0.08333333326388888,0.03846153489645003,0.03846153489645003,0.0,0.03846153489645003,0,0,0.16326530612244894,0.07142857137755101
404850242_3a55a4c874.jpg,একজন মহিলা একটি <unk>,0.49999999875,0.3999999992,0.4444444385185186,0.4444444385185186,0.0,0.4444444385185186,0,0,0.4285714285714286,0.29999999969999996
299612419_b55fe32fea.jpg,একজন পুরুষ এবং একজন লোক একটি পাথরে আরোহণ করছে,0.2222222219753086,0.24999999968749997,0.23529411238754333,0.23529411238754333,0.0,0.23529411238754333,0,0,0.3035714285714286,0.15384615372781063
6951.png,একটি নৌকায় দুইজন মানুষ আছে।,0.7999999984,0.7999999984,0.7999999934,0.7999999934,0.4999999937500001,0.7999999934,0,0,0.8947368421052632,0.6666666655555555
2477121456_1ac5c6d3e4.jpg,একটি কুকুর পানিতে সাঁতার কাটছে,0.9999999980000001,0.8333333319444445,0.909090902479339,0.909090902479339,0.6666666602469137,0.909090902479339,0,0,0.8636363636363636,0.8333333319444445
1316.png,কয়েকজন পুরুষ দাড়িয়ে আছে।,0.7499999981250001,0.49999999916666665,0.5999999940000001,0.5999999940000001,0.24999999468750006,0.5999999940000001,0,0,0.5454545454545454,0.4285714279591837
3354063643_1d8814eb13.jpg,একটি কুকুর বরফের মধ্যে একটি কুকুর একটি কুকুর একটি কুকুর একটি কুকুর একটি কুকুর একটি কুকুর একটি কুকুর একটি কুকুর একটি কুকুর একটি কুকুর একটি কুকুর একটি কুকুর একটি কুকুর একটি কুকুর একটি কুকুর একটি কুকুর একটি কুকুর একটি কুকুর,0.07499999998125,0.4285714279591837,0.12765957187867819,0.12765957187867819,0.04444444211358036,0.12765957187867819,0,0,0.13124999999999998,0.37499999953124996
8058.png,একটি শিশু একটি গাছের নিচে একটি গাছের নিচে একটি গাছের নিচে একটি শিশু হেঁটে আসছে।,0.13333333324444444,0.33333333277777777,0.19047618621315202,0.19047618621315202,0.10526315390581731,0.19047618621315202,0,0,0.37735849056603776,0.1999999998
6116.png,একটি নৌকায় একজন পুরুষ বসে আছে।,0.49999999916666665,0.49999999916666665,0.4999999941666667,0.4999999941666667,0.19999999460000012,0.4999999941666667,0,0,0.6521739130434783,0.3333333329629629
2841449931_84a05850ec.jpg,একজন মহিলা এবং কালো শার্ট পরা একজন মহিলা তার <unk> <unk> <unk> <unk> <unk> <unk> <unk> <unk> <unk> <unk> <unk> <unk> <unk> <unk> <unk> <unk> <unk> <unk> <unk> <unk> <unk> <unk> <unk> <unk> <unk> <unk> <unk> <unk> <unk> <unk> <unk>,0.07499999998125,0.3333333329629629,0.1224489765431071,0.1224489765431071,0.0,0.08163265002915464,0,0,0.09554140127388533,0.21428571413265304
3562470436_6e193643ce.jpg,একটি কালো কুকুর একটি কুকুর দৌড়াচ্ছে,0.6666666655555555,0.4444444439506172,0.5333333278222222,0.5333333278222222,0.3076923024852071,0.5333333278222222,0,0,0.5714285714285714,0.4444444439506172
343214015_777760930570327_8708391486485045184_n.jpg,একজন পুরুষ দাড়িয়ে আছে।,0.0,0.0,0.0,0.0,0.0,0.0,0,0,0.19999999999999996,0.0
4342.png,একজন মহিলা একটি <unk>,0.249999999375,0.1999999996,0.2222222167901236,0.2222222167901236,0.0,0.2222222167901236,0,0,0.33333333333333337,0.12499999984374999
_MG_2679.JPG,একটা লোক দাঁড়িয়ে আছে,0.7499999981250001,0.4285714279591837,0.5454545398347109,0.5454545398347109,0.2222222172839507,0.5454545398347109,0,0,0.5652173913043479,0.4285714279591837
3258397351_1a70f1993d.jpg,একদল লোক একটি <unk>,0.7499999981250001,0.37499999953124996,0.49999999472222234,0.49999999472222234,0.0,0.33333332833333335,0,0,0.33333333333333337,0.3333333329629629
4510.png,একজন পুরুষ ও একজন পুরুষ ও একজন পুরুষ ও একজন পুরুষ ও একজন পুরুষ ও একজন পুরুষ ও একজন পুরুষ ও একজন পুরুষ ও একজন পুরুষ ও একজন পুরুষ ও একজন পুরুষ ও একজন পুরুষ ও একজন পুরুষ ও একজন,0.0499999999875,0.15384615372781063,0.07547169438234266,0.07547169438234266,0.0,0.07547169438234266,0,0,0.17006802721088432,0.14285714275510203
2222498879_9e82a100ab.jpg,একটি কুকুর একটি কুকুর দৌড়াচ্ছে,0.5999999988,0.7499999981250001,0.6666666602469137,0.6666666602469137,0.5714285648979592,0.6666666602469137,0,0,0.65,0.7499999981250001
4839.png,কয়েকজন পুরুষ দাড়িয়ে আছে।,0.7499999981250001,0.4285714279591837,0.5454545398347109,0.5454545398347109,0.44444443901234576,0.5454545398347109,0,0,0.52,0.37499999953124996
7160.png,একজন লোক একটি <unk>,0.249999999375,0.249999999375,0.2499999943750001,0.2499999943750001,0.0,0.2499999943750001,0,0,0.4375,0.14285714265306124
6482.png,একজন পুরুষ দাড়িয়ে আছে।,0.9999999975,0.9999999975,0.9999999925,0.9999999925,0.9999999916666666,0.9999999925,1,1,1.0,0.9999999975
1075867198.jpg,একটি কুকুর সমুদ্রের দিকে ছুটে চলছে,0.33333333277777777,0.24999999968749997,0.2857142804081633,0.2857142804081633,0.0,0.2857142804081633,0,0,0.4193548387096774,0.18181818165289254
7774.png,একজন পুরুষ বসে আছে।,0.49999999875,0.6666666644444444,0.5714285648979592,0.5714285648979592,0.0,0.5714285648979592,0,0,0.7142857142857143,0.3999999992
4998.png,একটি দোকানের সামনে একটি মন্দির।,0.1999999996,0.14285714265306124,0.16666666152777793,0.16666666152777793,0.0,0.16666666152777793,0,0,0.20833333333333337,0.0999999999
341665272_80d4d61376.jpg,একটি কুকুর একটি কুকুর খেলছে,0.5999999988,0.2727272724793388,0.374999995234375,0.374999995234375,0.2222222167901236,0.374999995234375,0,0,0.47619047619047616,0.2857142853061225
6984.png,একটি নৌকায় কয়েকজন মানুষ আছে।,0.7999999984,0.3999999996,0.5333333281777778,0.5333333281777778,0.3076923029585799,0.5333333281777778,0,0,0.41025641025641024,0.3999999996
2772084628_c0ae29d87a.jpg,একটি ছেলে একটি ছেলে একটি <unk>,0.33333333277777777,0.2857142853061225,0.3076923022485208,0.3076923022485208,0.0,0.3076923022485208,0,0,0.4545454545454546,0.24999999968749997
856.png,একজন পুরুষ বসে আছে।,0.249999999375,0.12499999984374999,0.16666666194444454,0.16666666194444454,0.0,0.16666666194444454,0,0,0.3571428571428571,0.09090909082644627
8938.png,একজন পুরুষ বসে আছে,0.49999999875,0.6666666644444444,0.5714285648979592,0.5714285648979592,0.39999999360000005,0.5714285648979592,0,0,0.7857142857142857,0.3999999992
6300.png,একজন পুরুষ বসে আছে।,0.49999999875,0.49999999875,0.4999999937500001,0.4999999937500001,0.33333332722222225,0.4999999937500001,0,0,0.5,0.33333333277777777
8233.png,একটি শিশু বসে আছে,0.49999999875,0.09523809519274376,0.15999999718400001,0.15999999718400001,0.08695651939508513,0.15999999718400001,0,0,0.20588235294117652,0.09090909086776859
2794.png,একটি নৌকা দেখা যাচ্ছে ও একটি নৌকা দেখা যাচ্ছে ও একটি নৌকা দেখা যাচ্ছে ও একটি নৌকা দেখা যাচ্ছে ও একটি নৌকা দেখা যাচ্ছে ও একটি নৌকা দেখা যাচ্ছে ও একটি নৌকা দেখা যাচ্ছে ও একটি নৌকা দেখা যাচ্ছে ও,0.099999999975,0.1999999999,0.1333333288444446,0.1333333288444446,0.034482754203329934,0.1333333288444446,0,0,0.3464566929133859,0.149999999925
IMG_4800.JPG,মহিলা টি,0.4999999975,0.249999999375,0.33333332777777785,0.33333332777777785,0.0,0.33333332777777785,0,0,0.2142857142857143,0.1999999996
7609.png,একজন পুরুষ দাড়িয়ে আছে।,0.7499999981250001,0.3333333329629629,0.4615384565680474,0.4615384565680474,0.18181817752066123,0.4615384565680474,0,0,0.36363636363636365,0.29999999969999996
1592.png,একজন নারী বসে আছে।,0.7499999981250001,0.29999999969999996,0.42857142387755104,0.42857142387755104,0.3333333290277778,0.42857142387755104,0,0,0.30000000000000004,0.29999999969999996
3138746531_f6b816c126.jpg,একজন পুরুষ ও একজন পুরুষ ও একজন পুরুষ ও একজন পুরুষ ও একজন পুরুষ ও একজন পুরুষ ও একজন পুরুষ ও একজন পুরুষ ও একজন পুরুষ ও একজন পুরুষ ও একজন পুরুষ ও একজন পুরুষ ও একজন পুরুষ ও একজন,0.0,0.0,0.0,0.0,0.0,0.0,0,0,0.1496598639455783,0.0
1357689954_72588dfdc4.jpg,একটি শিশু একটি <unk>,0.7499999981250001,0.2727272724793388,0.3999999955555556,0.3999999955555556,0.15384615005917168,0.3999999955555556,0,0,0.2857142857142857,0.18181818165289254
3647283075_3005333222.jpg,একটি শিশু একটি <unk>,0.49999999875,0.1999999998,0.28571428122448983,0.28571428122448983,0.0,0.28571428122448983,0,0,0.2727272727272727,0.09090909082644627
3459419203_cd7c68ce4d.jpg,একটি শিশু একটি শিশু পানিতে সাঁতার কাটছে,0.4285714279591837,0.5999999988,0.4999999943055557,0.4999999943055557,0.3999999944,0.4999999943055557,0,0,0.52,0.4285714279591837
2204.png,একজন পুরুষ দাড়িয়ে আছে,0.249999999375,0.06666666662222222,0.10526315445983389,0.10526315445983389,0.0,0.10526315445983389,0,0,0.3529411764705882,0.05555555552469135
_MG_2022.JPG,লোক টির হাতে চুড়ি পরে আছে,0.33333333277777777,0.24999999968749997,0.2857142804081633,0.2857142804081633,0.0,0.2857142804081633,0,0,0.44999999999999996,0.18181818165289254
3603870481_1ebc696d91.jpg,একটি কালো কুকুর একটি কুকুর খেলছে,0.6666666655555555,0.4444444439506172,0.5333333278222222,0.5333333278222222,0.3076923024852071,0.5333333278222222,0,0,0.625,0.3333333329629629
2431470169_0eeba7d602.jpg,একজন লোক একটি সাদা <unk> <unk> <unk>,0.14285714265306124,0.1999999996,0.16666666152777793,0.16666666152777793,0.0,0.16666666152777793,0,0,0.3076923076923077,0.1111111109876543
1611.png,একজন পুরুষ মাথায় <unk> <unk> <unk> <unk> <unk> <unk> <unk> <unk> <unk> <unk> <unk> <unk> <unk> <unk> <unk> <unk> <unk> <unk> <unk> <unk> <unk> <unk> <unk> <unk> <unk> <unk> <unk> <unk> <unk> <unk> <unk> <unk> <unk> <unk> <unk> <unk> <unk>,0.02499999999375,0.0999999999,0.039999996784000263,0.039999996784000263,0.0,0.039999996784000263,0,0,0.08750000000000002,0.08333333326388888
2205328215_3ffc094cde.jpg,এক ব্যক্তি একটি সাইকেল নিয়ে লাফ দিচ্ছে,0.2857142853061225,0.3999999992,0.33333332791666676,0.33333332791666676,0.0,0.33333332791666676,0,0,0.3846153846153846,0.1999999998
6347.png,একজন পুরুষ মাথায় <unk>,0.49999999875,0.6666666644444444,0.5714285648979592,0.5714285648979592,0.39999999360000005,0.5714285648979592,0,0,0.5625,0.3999999992
7554.png,একজন মহিলা একটি লোক বসে আছে,0.49999999916666665,0.49999999916666665,0.4999999941666667,0.4999999941666667,0.0,0.4999999941666667,0,0,0.5714285714285714,0.3333333329629629
7540.png,একজন নারী আছে।,0.6666666644444444,0.6666666644444444,0.6666666594444445,0.6666666594444445,0.4999999925000001,0.6666666594444445,0,0,0.8181818181818181,0.49999999875
2646.png,একজন পুরুষ বসে আছে।,0.49999999875,0.24999999968749997,0.33333332833333335,0.33333332833333335,0.0,0.33333332833333335,0,0,0.3448275862068966,0.1999999998
1775029934_e1e96038a8.jpg,একটি মুরগি ও একটি মুরগি ও একটি মুরগি ও একটি মুরগি ও একটি মুরগি ও একটি মুরগি ও একটি মুরগি ও একটি মুরগি ও একটি মুরগি ও একটি মুরগি ও একটি মুরগি ও একটি মুরগি ও একটি মুরগি ও একটি,0.02499999999375,0.249999999375,0.04545454378099179,0.04545454378099179,0.0,0.04545454378099179,0,0,0.1428571428571429,0.16666666638888888
7882.png,একটি নৌকা থেকে একটি নৌকা থেকে <unk>,0.0,0.0,0.0,0.0,0.0,0.0,0,0,0.26086956521739135,0.0
6067.png,একটি মেয়ে শিশু দাড়িয়ে আছে,0.3999999992,0.2222222219753086,0.2857142807142858,0.2857142807142858,0.0,0.2857142807142858,0,0,0.4193548387096774,0.16666666652777776
816.png,একটি নৌকা দেখা যাচ্ছে।,0.249999999375,0.16666666638888888,0.1999999948000001,0.1999999948000001,0.0,0.1999999948000001,0,0,0.4285714285714286,0.1111111109876543
2381583688_a6dd0a7279.jpg,একজন লোক একটি <unk> <unk> <unk> <unk> <unk> <unk> <unk> <unk> <unk> <unk> <unk> <unk> <unk> <unk> <unk> <unk> <unk> <unk> <unk> <unk> <unk> <unk> <unk> <unk> <unk> <unk> <unk> <unk> <unk> <unk> <unk> <unk> <unk> <unk> <unk> <unk> <unk>,0.0499999999875,0.15384615372781063,0.07547169438234266,0.07547169438234266,0.0,0.07547169438234266,0,0,0.10062893081761004,0.13333333324444444
3701509233_a2275a4e57.jpg,সমুদ্রের পারে একজন মানুষ আছে।,0.0,0.0,0.0,0.0,0.0,0.0,0,0,0.25,0.0
1389323170_d1c81d6b51.jpg,একটি শিশু বসে আছে,0.7499999981250001,0.21428571413265304,0.33333332950617284,0.33333332950617284,0.12499999679687505,0.33333332950617284,0,0,0.375,0.21428571413265304
3722.png,একজন লোক একটি মঞ্চে দাড়িয়ে আছে।,0.49999999916666665,0.21428571413265304,0.2999999955,0.2999999955,0.11111110697530877,0.2999999955,0,0,0.33333333333333337,0.21428571413265304
824123145_59243e504e.jpg,একটি মেয়ে একটি স্কেটবোর্ড চালাচ্ছে,0.1999999996,0.12499999984374999,0.15384614887573977,0.15384614887573977,0.0,0.15384614887573977,0,0,0.37142857142857144,0.09090909082644627
3338291921_fe7ae0c8f8.jpg,একটি কুকুর একটি কুকুর খেলছে,0.5999999988,0.37499999953124996,0.46153845609467453,0.46153845609467453,0.1818181768595043,0.46153845609467453,0,0,0.4666666666666667,0.24999999968749997
7594.png,একজন পুরুষ বসে আছে।,0.49999999875,0.1999999998,0.28571428122448983,0.28571428122448983,0.0,0.28571428122448983,0,0,0.19512195121951215,0.1999999998
180094434_b0f244832d.jpg,একটি ছেলে একটি <unk>,0.249999999375,0.16666666638888888,0.1999999948000001,0.1999999948000001,0.0,0.1999999948000001,0,0,0.33333333333333337,0.12499999984374999
527288854_f26127b770.jpg,একজন পুরুষ একটি পাথরে আরোহণ করছে,0.6666666655555555,0.3999999996,0.4999999946875,0.4999999946875,0.14285713806122466,0.4999999946875,0,0,0.5151515151515151,0.3333333330555555
3096163135_584901a5ae.jpg,একজন লোক একটি <unk> <unk> <unk> <unk> <unk> <unk> <unk> <unk> <unk> <unk> <unk> <unk> <unk> <unk> <unk> <unk> <unk> <unk> <unk> <unk> <unk> <unk> <unk> <unk> <unk> <unk> <unk> <unk> <unk> <unk> <unk> <unk> <unk> <unk> <unk> <unk> <unk>,0.07499999998125,0.29999999969999996,0.11999999675200007,0.11999999675200007,0.04166666360243077,0.07999999676800014,0,0,0.10062893081761004,0.2727272724793388
2171891283_dedd9cf416.jpg,একটি কুকুর একটি কুকুর দৌড়াচ্ছে,0.1999999996,0.1999999996,0.19999999460000012,0.19999999460000012,0.0,0.19999999460000012,0,0,0.4,0.14285714265306124
406642021_9ec852eccf.jpg,একজন লোক পাথরে আরোহণ করছে,0.5999999988,0.24999999979166665,0.3529411719031142,0.3529411719031142,0.13333332924444455,0.3529411719031142,0,0,0.5,0.21428571413265304
4054.png,একজন পুরুষ বসে আছে।,0.0,0.0,0.0,0.0,0.0,0.0,0,0,0.375,0.0
311267421_e204e643cf.jpg,একটি কুকুর একটি কুকুর দৌড়াচ্ছে,0.5999999988,0.49999999916666665,0.5454545395041324,0.5454545395041324,0.2222222167901236,0.5454545395041324,0,0,0.6818181818181819,0.49999999916666665
1861.png,কয়েকজন পুরুষ দাড়িয়ে আছে।,0.49999999875,0.2857142853061225,0.36363635834710756,0.36363635834710756,0.0,0.36363635834710756,0,0,0.31034482758620685,0.2222222219753086
6685.png,একজন পুরুষ আছে।,0.6666666644444444,0.24999999968749997,0.36363635900826446,0.36363635900826446,0.22222221827160496,0.36363635900826446,0,0,0.3214285714285714,0.2222222219753086
7126.png,একজন পুরুষ বসে আছে।,0.9999999975,0.2352941175086505,0.38095237750566896,0.38095237750566896,0.10526315512465378,0.28571428235827667,0,0,0.5,0.24999999984375
3333921867_6cc7d7c73d.jpg,একটি কুকুর একটি কুকুর খেলছে,0.3999999992,0.18181818165289254,0.249999995390625,0.249999995390625,0.14285713857142868,0.249999995390625,0,0,0.44999999999999996,0.16666666652777776
3025.png,কয়েকজন পুরুষ বসে আছে।,0.49999999875,0.49999999875,0.4999999937500001,0.4999999937500001,0.0,0.4999999937500001,0,0,0.3529411764705882,0.33333333277777777
3292016893_24d14c8b4f.jpg,একটি কুকুর বরফে খেলছে,0.7499999981250001,0.49999999916666665,0.5999999940000001,0.5999999940000001,0.15384615005917168,0.3999999955555556,0,0,0.4285714285714286,0.4285714279591837
6740.png,একটি শিশু একটি নৌকা নিয়ে দাড়িয়ে আছে,0.2857142853061225,0.49999999875,0.36363635834710756,0.36363635834710756,0.2222222172839507,0.36363635834710756,0,0,0.4782608695652174,0.24999999968749997
3692836015_d11180727b.jpg,একজন পুরুষ বসে আছে,0.0,0.0,0.0,0.0,0.0,0.0,0,0,0.2727272727272727,0.0
351876121_c7c0221928.jpg,একটি কুকুর একটি কুকুর খেলছে,0.5999999988,0.37499999953124996,0.46153845609467453,0.46153845609467453,0.1818181768595043,0.46153845609467453,0,0,0.56,0.24999999968749997
45.png,একটি নৌকা দেখা যাচ্ছে ও একটি নৌকা দেখা যাচ্ছে ও একটি নৌকা দেখা যাচ্ছে ও একটি নৌকা দেখা যাচ্ছে ও একটি নৌকা দেখা যাচ্ছে ও একটি নৌকা দেখা যাচ্ছে ও একটি নৌকা দেখা যাচ্ছে ও একটি নৌকা দেখা যাচ্ছে ও,0.02499999999375,0.07692307686390532,0.03773584533997901,0.03773584533997901,0.0,0.03773584533997901,0,0,0.19685039370078738,0.05882352937716263
2002.png,কয়েকজন পুরুষ দাড়িয়ে আছে।,0.249999999375,0.1111111109876543,0.15384614934911253,0.15384614934911253,0.0,0.15384614934911253,0,0,0.21621621621621623,0.09090909082644627
619169586_0a13ee7c21.jpg,একজন লোক পাহাড়ের চূড়ায় দাঁড়িয়ে আছে,0.33333333277777777,0.14285714275510203,0.19999999560000006,0.19999999560000006,0.0,0.19999999560000006,0,0,0.4347826086956522,0.1111111110493827
371.png,একজন পুরুষ বসে আছে,0.7499999981250001,0.24999999979166665,0.37499999578125004,0.37499999578125004,0.14285713928571436,0.37499999578125004,0,0,0.2954545454545454,0.24999999979166665
1717.png,একজন পুরুষ দাড়িয়ে আছে।,0.49999999875,0.3999999992,0.4444444385185186,0.4444444385185186,0.28571428000000004,0.4444444385185186,0,0,0.5789473684210527,0.2857142853061225
1307.png,একটি শিশু একটি শিশু আছে।,0.5999999988,0.4285714279591837,0.4999999943055557,0.4999999943055557,0.1999999948000001,0.4999999943055557,0,0,0.625,0.4285714279591837
5378.png,একটি শিশু একটি <unk>,0.249999999375,0.3333333322222222,0.28571428000000004,0.28571428000000004,0.0,0.28571428000000004,0,0,0.3571428571428571,0.249999999375
217583047_5e93e1e119.jpg,একজন পুরুষ বসে আছে।,0.7499999981250001,0.3333333329629629,0.4615384565680474,0.4615384565680474,0.18181817752066123,0.4615384565680474,0,0,0.4736842105263158,0.29999999969999996
2442.png,একজন পুরুষ বসে আছে।,0.9999999975,0.3999999996,0.5714285665306122,0.5714285665306122,0.3333333290277778,0.5714285665306122,0,0,0.35,0.4444444439506172
537225246_dd0e2158a7.jpg,একদল লোক একটি <unk> <unk>,0.1999999996,0.16666666638888888,0.1818181765289258,0.1818181765289258,0.0,0.1818181765289258,0,0,0.31818181818181823,0.1111111109876543
3511062827_cd87871c67.jpg,একটি কুকুর একটি কুকুর খেলছে,0.5999999988,0.49999999916666665,0.5454545395041324,0.5454545395041324,0.2222222167901236,0.5454545395041324,0,0,0.5909090909090908,0.49999999916666665
342628272_197346206398382_827924749985975414_n.jpg,অনেকগুলো মানুষ আছে।,0.0,0.0,0.0,0.0,0.0,0.0,0,0,0.15094339622641506,0.0
424869823_7aec015d87.jpg,একটি শিশু একটি শিশু আছে।,0.1999999996,0.249999999375,0.2222222167901236,0.2222222167901236,0.0,0.2222222167901236,0,0,0.375,0.16666666638888888
7309.png,একজন বয়স্ক পুরুষ আছে।,0.7499999981250001,0.9999999966666667,0.8571428497959185,0.8571428497959185,0.39999999360000005,0.8571428497959185,0,0,0.6875,0.7499999981250001
2206594874_5e0087c6b7.jpg,একজন পুরুষ বসে আছে,0.9999999975,0.49999999937499995,0.6666666611111112,0.6666666611111112,0.39999999500000005,0.6666666611111112,0,0,0.4242424242424242,0.49999999937499995
2647.png,জমির পাশ দিয়ে একজন পুরুষ বসে আছে।,0.2857142853061225,0.1999999998,0.23529411252595167,0.23529411252595167,0.0,0.23529411252595167,0,0,0.3125,0.13333333324444444
695.png,একটি নৌকায় কয়েকজন মানুষ আছে।,0.3999999992,0.2222222219753086,0.2857142807142858,0.2857142807142858,0.0,0.19999999460000012,0,0,0.25,0.16666666652777776
3211210739_3dea005fde.jpg,একজন স্কেটবোর্ডার একটি <unk>,0.7499999981250001,0.37499999953124996,0.49999999472222234,0.49999999472222234,0.0,0.49999999472222234,0,0,0.48275862068965514,0.3333333329629629
345284301_191488953721507_6874014176055751344_n.jpg,একজন পুরুষ দাড়িয়ে আছে।,0.0,0.0,0.0,0.0,0.0,0.0,0,0,0.23333333333333328,0.0
2589.png,একজন নারী ও একজন মহিলা এবং একজন মহিলা এবং একজন মহিলা এবং একজন মহিলা এবং একজন মহিলা এবং একজন মহিলা এবং একজন মহিলা এবং একজন মহিলা এবং একজন মহিলা এবং একজন মহিলা এবং একজন মহিলা এবং একজন মহিলা এবং একজন,0.02499999999375,0.1999999996,0.0444444424493828,0.0444444424493828,0.0,0.0444444424493828,0,0,0.15822784810126578,0.1111111109876543
1278.png,একজন পুরুষ দাড়িয়ে আছে।,0.7499999981250001,0.29999999969999996,0.42857142387755104,0.42857142387755104,0.16666666263888896,0.42857142387755104,0,0,0.33333333333333337,0.29999999969999996
5065.png,একজন পুরুষ দাড়িয়ে আছে।,0.0,0.0,0.0,0.0,0.0,0.0,0,0,0.47058823529411764,0.0
205682549_713aa6cd88.jpg,পাহাড়ের চূড়ায় একজন লোক পাহাড়ের চূড়ায় দাঁড়িয়ে আছে,0.49999999937499995,0.571428570612245,0.5333333276444445,0.5333333276444445,0.3076923022485208,0.3333333280246914,0,0,0.59375,0.3636363633057851
3950.png,একটি নৌকায় কয়েকজন মানুষ আছে।,0.1999999996,0.1999999996,0.19999999460000012,0.19999999460000012,0.0,0.19999999460000012,0,0,0.5,0.1111111109876543
1130401779_8c30182e3e.jpg,একটি কুকুর একটি কুকুর খেলছে,0.1999999996,0.1999999996,0.19999999460000012,0.19999999460000012,0.0,0.19999999460000012,0,0,0.42105263157894735,0.14285714265306124
3054200086_657d4398e8.jpg,হকি খেলছে,0.999999995,0.3999999992,0.5714285657142857,0.5714285657142857,0.3999999952,0.5714285657142857,0,0,0.3529411764705882,0.3999999992
1461.png,কয়েকজন পুরুষ বসে আছে।,0.249999999375,0.3333333322222222,0.28571428000000004,0.28571428000000004,0.0,0.28571428000000004,0,0,0.4666666666666667,0.16666666638888888
814.png,একদল শিশু একটি মঞ্চে নাচ করছে,0.0,0.0,0.0,0.0,0.0,0.0,0,0,0.36363636363636365,0.0
2381.png,একটি শিশু বসে আছে,0.0,0.0,0.0,0.0,0.0,0.0,0,0,0.35,0.0
2206.png,একজন পুরুষ বসে আছে।,0.7499999981250001,0.5999999988,0.6666666602469137,0.6666666602469137,0.5714285648979592,0.6666666602469137,0,0,0.7222222222222222,0.49999999916666665
2307118114_c258e3a47e.jpg,একজন পুরুষ দাড়িয়ে আছে।,0.249999999375,0.14285714265306124,0.1818181768595043,0.1818181768595043,0.0,0.1818181768595043,0,0,0.34782608695652173,0.0999999999
6884.png,একজন নারী ও একজন মহিলা একটি শিশু আছে।,0.37499999953124996,0.49999999916666665,0.4285714230612245,0.4285714230612245,0.16666666152777793,0.4285714230612245,0,0,0.4642857142857143,0.29999999969999996
3508051251_82422717b3.jpg,একটি ছেলে একটি স্কেটবোর্ডে চড়ে কসরত দেখাচ্ছেন,0.2857142853061225,0.1111111110493827,0.1599999958400001,0.1599999958400001,0.0,0.1599999958400001,0,0,0.32352941176470584,0.049999999975
1562392511_522a26063b.jpg,একটি কুকুর একটি কুকুর খেলছে,0.3999999992,0.2857142853061225,0.33333332791666676,0.33333332791666676,0.0,0.33333332791666676,0,0,0.31818181818181823,0.24999999968749997
5746.png,একটি নৌকায় কয়েকজন মানুষ আছে।,0.5999999988,0.5999999988,0.5999999938,0.5999999938,0.2499999943750001,0.5999999938,0,0,0.75,0.4285714279591837
4895.png,একটি নৌকা দেখা যাচ্ছে ও ভবন দেখা যাচ্ছে ও ভবন দেখা যাচ্ছে ও ভবন দেখা যাচ্ছে ও ভবন দেখা যাচ্ছে ও ভবন দেখা যাচ্ছে ও ভবন দেখা যাচ্ছে ও ভবন দেখা যাচ্ছে ও ভবন দেখা যাচ্ছে ও ভবন দেখা যাচ্ছে,0.12499999996875,0.49999999949999996,0.19999999672000002,0.19999999672000002,0.0833333302517362,0.15999999673600007,0,0,0.17692307692307696,0.3636363633057851
9097.png,একজন পুরুষ দাড়িয়ে আছে,0.49999999875,0.33333333277777777,0.3999999944,0.3999999944,0.24999999468750006,0.3999999944,0,0,0.5217391304347826,0.24999999968749997
IMG_1113.JPG,একজন পুরুষ এবং একজন পুরুষ এবং একজন পুরুষ এবং একজন পুরুষ এবং একজন পুরুষ এবং একজন পুরুষ এবং একজন পুরুষ এবং একজন পুরুষ এবং একজন পুরুষ এবং একজন পুরুষ এবং একজন পুরুষ এবং একজন পুরুষ এবং একজন পুরুষ এবং একজন,0.0,0.0,0.0,0.0,0.0,0.0,0,0,0.07499999999999996,0.0
6978.png,একজন পুরুষ আছে।,0.3333333322222222,0.249999999375,0.28571428000000004,0.28571428000000004,0.0,0.28571428000000004,0,0,0.5333333333333333,0.16666666638888888
6712.png,একজন পুরুষ আছে।,0.9999999966666667,0.7499999981250001,0.8571428497959185,0.8571428497959185,0.39999999360000005,0.8571428497959185,0,0,0.7333333333333334,0.7499999981250001
3230132205_dccfafa5ee.jpg,একজন লোক একটি <unk> <unk> <unk> <unk> <unk> <unk> <unk> <unk> <unk> <unk> <unk> <unk> <unk> <unk> <unk> <unk> <unk> <unk> <unk> <unk> <unk> <unk> <unk> <unk> <unk> <unk> <unk> <unk> <unk> <unk> <unk> <unk> <unk> <unk> <unk> <unk> <unk>,0.0499999999875,0.18181818165289254,0.07843136913494825,0.07843136913494825,0.04081632326530638,0.07843136913494825,0,0,0.07547169811320753,0.15384615372781063
2180886307_5156460b2c.jpg,একটি সার্ফার একটি ঢেউ থেকে পানি থেকে পানি থেকে পানি থেকে পানি থেকে পানি থেকে পানি থেকে পানি থেকে পানি থেকে পানি থেকে পানি থেকে পানি থেকে পানি থেকে পানি থেকে পানি থেকে পানি থেকে পানি থেকে পানি থেকে পানি,0.02499999999375,0.1999999996,0.0444444424493828,0.0444444424493828,0.0,0.0444444424493828,0,0,0.09756097560975607,0.1111111109876543
537222436_ab406234ce.jpg,একটি মেয়ে একটি মেয়ে একটি <unk> <unk> <unk> <unk> <unk> <unk> <unk> <unk> <unk> <unk> <unk> <unk> <unk> <unk> <unk> <unk> <unk> <unk> <unk> <unk> <unk> <unk> <unk> <unk> <unk> <unk> <unk> <unk> <unk> <unk> <unk> <unk> <unk> <unk> <unk>,0.0499999999875,0.1111111110493827,0.06896551293698006,0.06896551293698006,0.0,0.06896551293698006,0,0,0.14649681528662417,0.10526315783933518
2555622234_3e531e4014.jpg,একটি কুকুর একটি কুকুর খেলছে,0.3999999992,0.49999999875,0.4444444385185186,0.4444444385185186,0.28571428000000004,0.4444444385185186,0,0,0.5789473684210527,0.3999999992
1127.png,একটি শিশু দাড়িয়ে আছে।,0.0,0.0,0.0,0.0,0.0,0.0,0,0,0.2941176470588235,0.0
8077.png,একটি নৌকায় একজন পুরুষ পানিতে একটি নৌকা থেকে পানিতে লাফ দিচ্ছে।,0.18181818165289254,0.3999999992,0.249999995390625,0.249999995390625,0.14285713857142868,0.249999995390625,0,0,0.36585365853658536,0.16666666652777776
3082934678_58534e9d2c.jpg,দুটি কুকুর একটি কুকুর খেলছে,0.3999999992,0.6666666644444444,0.49999999406250006,0.49999999406250006,0.33333332777777785,0.49999999406250006,0,0,0.4444444444444444,0.3999999992
6707.png,একজন পুরুষ দাড়িয়ে আছে।,0.7499999981250001,0.7499999981250001,0.7499999931250001,0.7499999931250001,0.33333332722222225,0.7499999931250001,0,0,0.8666666666666667,0.5999999988
3484365373_98d5304935.jpg,একটি শিশু একটি <unk>,0.249999999375,0.16666666638888888,0.1999999948000001,0.1999999948000001,0.0,0.1999999948000001,0,0,0.3157894736842105,0.12499999984374999
IMG_2913.JPG,লোক টির হাতে চুড়ি পরে আছে,0.6666666655555555,0.7999999984,0.7272727209917357,0.7272727209917357,0.4444444385185186,0.7272727209917357,0,0,0.7058823529411764,0.571428570612245
2598.png,একজন পুরুষ মাথায় ছাতা নিয়ে দাড়িয়ে আছে।,0.4285714279591837,0.5999999988,0.4999999943055557,0.4999999943055557,0.1999999948000001,0.4999999943055557,0,0,0.48,0.3333333329629629
3208987435_780ae35ef0.jpg,একটি শিশু একটি মেয়ে বসে আছে,0.33333333277777777,0.2222222219753086,0.2666666615111111,0.2666666615111111,0.0,0.2666666615111111,0,0,0.40625,0.1111111110493827
2156131463_5b53636cf0.jpg,সমুদ্রের ঢেউয়ে এক মহিলা সমুদ্রের সামনে একটি শিশু একটি <unk>,0.1999999998,0.2222222219753086,0.21052631058171756,0.21052631058171756,0.09999999495000023,0.181818176694215,0,0,0.29268292682926833,0.14285714275510203
2972.png,একজন পুরুষ বসে আছে।,0.0,0.0,0.0,0.0,0.0,0.0,0,0,0.3076923076923077,0.0
3746.png,একটা ছেলে বসে আছে,0.249999999375,0.249999999375,0.2499999943750001,0.2499999943750001,0.0,0.2499999943750001,0,0,0.5,0.14285714265306124
3429641260_2f035c1813.jpg,একজন পুরুষ দাড়িয়ে আছে।,0.249999999375,0.08333333326388888,0.1249999960937501,0.1249999960937501,0.0,0.1249999960937501,0,0,0.25806451612903225,0.06666666662222222
4610.png,একজন পুরুষ ও একজন পুরুষ ও একজন পুরুষ ও একজন পুরুষ ও একজন পুরুষ ও একজন পুরুষ ও একজন পুরুষ ও একজন পুরুষ ও একজন পুরুষ ও একজন পুরুষ ও একজন পুরুষ ও একজন পুরুষ ও একজন পুরুষ ও একজন,0.0499999999875,0.15384615372781063,0.07547169438234266,0.07547169438234266,0.03921568266051552,0.07547169438234266,0,0,0.22448979591836737,0.14285714275510203
2104.png,একজন পুরুষ বসে আছে।,0.49999999875,0.15384615372781063,0.2352941137716263,0.2352941137716263,0.1333333299555556,0.2352941137716263,0,0,0.30000000000000004,0.13333333324444444
3250076419_eb3de15063.jpg,একটি কুকুর একটি কুকুর খেলছে,0.3999999992,0.15384615372781063,0.22222221796296296,0.22222221796296296,0.0,0.22222221796296296,0,0,0.65,0.16666666638888888
3366.png,একজন পুরুষ বসে আছে,0.49999999875,0.49999999875,0.4999999937500001,0.4999999937500001,0.33333332722222225,0.4999999937500001,0,0,0.5333333333333333,0.33333333277777777
1016887272_03199f49c4.jpg,একজন পুরুষ দাড়িয়ে আছে,0.249999999375,0.1111111109876543,0.15384614934911253,0.15384614934911253,0.0,0.15384614934911253,0,0,0.32352941176470584,0.08333333326388888
1067.png,কয়েকজন মানুষ দাড়িয়ে আছে,0.49999999875,0.16666666652777776,0.2499999959375,0.2499999959375,0.0,0.14285713857142868,0,0,0.275,0.14285714275510203
IMG_20220916_173534.jpg,একজন পুরুষ বসে আছে।,0.249999999375,0.1999999996,0.2222222167901236,0.2222222167901236,0.0,0.2222222167901236,0,0,0.5625,0.12499999984374999
5374.png,একটি শিশু একটি নৌকা থেকে দূরে পাহাড় থেকে পানি থেকে বের হচ্ছে,0.16666666652777776,0.2857142853061225,0.2105263109141275,0.2105263109141275,0.11764705411764723,0.2105263109141275,0,0,0.28205128205128205,0.15384615372781063
3354200211_35348e47d8.jpg,একদল লোক একটি <unk>,0.249999999375,0.1999999996,0.2222222167901236,0.2222222167901236,0.0,0.2222222167901236,0,0,0.35,0.12499999984374999
4994.png,একজন পুরুষ আছে।,0.9999999966666667,0.2727272724793388,0.42857142459183667,0.42857142459183667,0.16666666361111113,0.42857142459183667,0,0,0.2894736842105263,0.2727272724793388
253.png,একটি গরু নিয়ে দাড়িয়ে আছে,0.1999999996,0.16666666638888888,0.1818181765289258,0.1818181765289258,0.0,0.1818181765289258,0,0,0.35,0.0999999999
755326139_ee344ece7b.jpg,একটি শিশু একটি পুকুরে লাফ দিচ্ছে,0.33333333277777777,0.124999999921875,0.1818181776859505,0.1818181776859505,0.0,0.1818181776859505,0,0,0.40909090909090906,0.07142857137755101
2066241589_b80e9f676c.jpg,একটি কুকুর একটি কুকুর একটি কুকুর একটি কুকুর একটি কুকুর একটি কুকুর একটি কুকুর একটি কুকুর একটি কুকুর একটি কুকুর একটি কুকুর একটি কুকুর একটি কুকুর একটি কুকুর একটি কুকুর একটি কুকুর একটি কুকুর একটি কুকুর একটি কুকুর একটি কুকুর,0.07499999998125,0.4285714279591837,0.12765957187867819,0.12765957187867819,0.08695651912098307,0.12765957187867819,0,0,0.11949685534591192,0.3999999992
7243.png,একটি শিশু একটি <unk>,0.249999999375,0.249999999375,0.2499999943750001,0.2499999943750001,0.0,0.2499999943750001,0,0,0.5,0.16666666638888888
4164.png,একজন পুরুষ বসে আছে।,0.9999999975,0.2222222220987654,0.36363636033057856,0.36363636033057856,0.19999999725000003,0.27272726950413223,0,0,0.24242424242424243,0.26666666648888887
346622475_244315994917388_3121666446830098164_n.jpg,একজন মহিলা বসে আছে,0.0,0.0,0.0,0.0,0.0,0.0,0,0,0.26315789473684215,0.0
5217.png,একজন পুরুষ একটি ঢেউ থেকে লাফ দিচ্ছে,0.2857142853061225,0.49999999875,0.36363635834710756,0.36363635834710756,0.2222222172839507,0.36363635834710756,0,0,0.43999999999999995,0.2222222219753086
3254640083_eb34b8edfe.jpg,একটি শিশু বসে আছে।,0.249999999375,0.16666666638888888,0.1999999948000001,0.1999999948000001,0.0,0.1999999948000001,0,0,0.38888888888888884,0.1111111109876543
3633.png,কয়েকজন মানুষ আছে।,0.6666666644444444,0.49999999875,0.5714285648979592,0.5714285648979592,0.39999999360000005,0.5714285648979592,0,0,0.5333333333333333,0.3999999992
1677.png,একজন পুরুষ দাড়িয়ে আছে।,0.9999999975,0.6666666655555555,0.7999999936,0.7999999936,0.7499999934375,0.7999999936,0,0,0.625,0.6666666655555555
4782.png,একটি সেতুর উপরে একটি নৌকা দেখা যাচ্ছে।,0.4285714279591837,0.49999999916666665,0.4615384558579882,0.4615384558579882,0.1818181765289258,0.4615384558579882,0,0,0.43999999999999995,0.3333333329629629
963.png,একটি শিশু আছে।,0.3333333322222222,0.249999999375,0.28571428000000004,0.28571428000000004,0.0,0.28571428000000004,0,0,0.3125,0.16666666638888888
2924.png,একজন পুরুষ বসে আছে।,0.7499999981250001,0.9999999966666667,0.8571428497959185,0.8571428497959185,0.39999999360000005,0.8571428497959185,0,0,0.7857142857142857,0.7499999981250001
7424.png,একটি নৌকায় কয়েকজন মানুষ আছে।,0.9999999980000001,0.9999999980000001,0.9999999930000001,0.9999999930000001,0.9999999925,0.9999999930000001,1,1,1.0,0.9999999980000001
3424.png,একজন পুরুষ দাড়িয়ে আছে।,0.7499999981250001,0.7499999981250001,0.7499999931250001,0.7499999931250001,0.33333332722222225,0.7499999931250001,0,0,0.8666666666666667,0.5999999988
3753.png,একটি নৌকা দেখা যাচ্ছে।,0.249999999375,0.08333333326388888,0.1249999960937501,0.1249999960937501,0.0,0.1249999960937501,0,0,0.4666666666666667,0.06666666662222222
1490213660_9ea45550cf.jpg,একটি কুকুর একটি কুকুর একটি কুকুর একটি কুকুর একটি কুকুর একটি কুকুর একটি কুকুর একটি কুকুর একটি কুকুর একটি কুকুর একটি কুকুর একটি কুকুর একটি কুকুর একটি কুকুর একটি কুকুর একটি কুকুর একটি কুকুর একটি কুকুর একটি কুকুর একটি কুকুর,0.0499999999875,0.49999999875,0.09090908921487605,0.09090908921487605,0.0476190462698413,0.09090908921487605,0,0,0.13207547169811318,0.49999999875
2312984882_bec7849e09.jpg,একদল লোক একটি <unk>,0.49999999875,0.3999999992,0.4444444385185186,0.4444444385185186,0.28571428000000004,0.4444444385185186,0,0,0.3913043478260869,0.2857142853061225
8010.png,একজন পুরুষ বসে আছে।,0.7499999981250001,0.3333333329629629,0.4615384565680474,0.4615384565680474,0.18181817752066123,0.4615384565680474,0,0,0.3529411764705882,0.29999999969999996
3688797852_89ed3cb056.jpg,একজন মহিলা এবং একজন মহিলা এবং তার <unk> <unk> <unk> <unk> <unk> <unk> <unk> <unk> <unk> <unk> <unk> <unk> <unk> <unk> <unk> <unk> <unk> <unk> <unk> <unk> <unk> <unk> <unk> <unk> <unk> <unk> <unk> <unk> <unk> <unk> <unk> <unk> <unk>,0.02499999999375,0.1999999996,0.0444444424493828,0.0444444424493828,0.0,0.0444444424493828,0,0,0.09493670886075944,0.1111111109876543
1777816180_08d7e8063b.jpg,একটি শিশু একটি পাথরের উপর দিয়ে লাফ দিচ্ছে,0.49999999937499995,0.571428570612245,0.5333333276444445,0.5333333276444445,0.3076923022485208,0.5333333276444445,0,0,0.4193548387096774,0.3999999996
544122267_e9e0100bc5.jpg,একটি শিশু একটি <unk>,0.249999999375,0.3333333322222222,0.28571428000000004,0.28571428000000004,0.0,0.28571428000000004,0,0,0.3571428571428571,0.1999999996
3485486737_953f9d3be2.jpg,একটি গাড়ির পাশে একটি গাড়ির পাশে বসে আছে,0.37499999953124996,0.19999999986666667,0.26086956045368626,0.26086956045368626,0.11764705384083066,0.26086956045368626,0,0,0.4130434782608695,0.1764705881314879
535123126_c06c1ab9bf.jpg,একটি কুকুর একটি কুকুর খেলছে,0.3999999992,0.2222222219753086,0.2857142807142858,0.2857142807142858,0.0,0.2857142807142858,0,0,0.4285714285714286,0.1999999998
1355945307_f9e01a9a05.jpg,একটি বাঘ গাড়ি থেকে বের হচ্ছে,0.33333333277777777,0.2222222219753086,0.2666666615111111,0.2666666615111111,0.0,0.2666666615111111,0,0,0.3846153846153846,0.15384615372781063
5368.png,একটি শিশু আছে।,0.3333333322222222,0.3333333322222222,0.33333332722222225,0.33333332722222225,0.0,0.33333332722222225,0,0,0.6,0.1999999996
4702.png,একটি সেতুর উপর দিয়ে কয়েকজন মানুষ আছে।,0.14285714265306124,0.1999999996,0.16666666152777793,0.16666666152777793,0.0,0.16666666152777793,0,0,0.40740740740740744,0.09090909082644627
7140.png,একজন পুরুষ দাড়িয়ে আছে।,0.49999999875,0.49999999875,0.4999999937500001,0.4999999937500001,0.33333332722222225,0.4999999937500001,0,0,0.7333333333333334,0.33333333277777777
2910758605_73a3f5a5c2.jpg,একটি শিশু একটি <unk>,0.49999999875,0.33333333277777777,0.3999999944,0.3999999944,0.24999999468750006,0.3999999944,0,0,0.38095238095238093,0.2857142853061225
5072.png,কয়েকজন পুরুষ বসে আছে।,0.249999999375,0.0999999999,0.14285713857142868,0.14285713857142868,0.0,0.14285713857142868,0,0,0.2702702702702703,0.07692307686390532
370.png,একজন পুরুষ দাড়িয়ে আছে।,0.249999999375,0.16666666638888888,0.1999999948000001,0.1999999948000001,0.0,0.1999999948000001,0,0,0.33333333333333337,0.1111111109876543
2097403787_77a154f5b9.jpg,একজন লোক পাহাড়ের চূড়ায় দাঁড়িয়ে আছে,0.49999999916666665,0.37499999953124996,0.4285714230612245,0.4285714230612245,0.16666666152777793,0.4285714230612245,0,0,0.6071428571428572,0.2727272724793388
3262475923_f1f77fcd9f.jpg,একজন বেসবল খেলোয়াড় বলে লাথি মারছে,0.16666666638888888,0.16666666638888888,0.16666666138888903,0.16666666138888903,0.0,0.16666666138888903,0,0,0.2962962962962963,0.09090909082644627
1470132731_fa416b7504.jpg,একটি কালো কুকুর একটি কুকুর সাঁতার কাটছে,0.4285714279591837,0.49999999916666665,0.4615384558579882,0.4615384558579882,0.36363635801652905,0.4615384558579882,0,0,0.5769230769230769,0.37499999953124996
7253.png,একজন পুরুষ বসে আছে।,0.7499999981250001,0.7499999981250001,0.7499999931250001,0.7499999931250001,0.6666666594444445,0.7499999931250001,0,0,0.8571428571428572,0.5999999988
3265578645_4044a7049a.jpg,এক ব্যক্তি একটি গাড়ির পাশে দাঁড়িয়ে আছে,0.4285714279591837,0.49999999916666665,0.4615384558579882,0.4615384558579882,0.1818181765289258,0.4615384558579882,0,0,0.56,0.29999999969999996
3456862740_7550bcddc2.jpg,একজন সাইকেল চালাচ্ছে,0.6666666644444444,0.2222222219753086,0.3333333290277778,0.3333333290277778,0.0,0.3333333290277778,0,0,0.6086956521739131,0.1999999998
IMG_8224.JPG,কয়েকজন মানুষ আছে।,0.0,0.0,0.0,0.0,0.0,0.0,0,0,0.38888888888888884,0.0
2696394827_7342ced36f.jpg,একটি কুকুর পানিতে একটি কুকুর খেলছে,0.6666666655555555,0.571428570612245,0.6153846094674558,0.6153846094674558,0.36363635801652905,0.4999999941666667,0,0,0.6086956521739131,0.49999999916666665
2220175999_081aa9cce8.jpg,একটি কুকুর পানিতে সাঁতার কাটছে।,0.3999999992,0.49999999875,0.4444444385185186,0.4444444385185186,0.28571428000000004,0.4444444385185186,0,0,0.631578947368421,0.2857142853061225
7810.png,একজন পুরুষ দাড়িয়ে আছে।,0.49999999875,0.1999999998,0.28571428122448983,0.28571428122448983,0.0,0.28571428122448983,0,0,0.3076923076923077,0.18181818165289254
DSC_9068.JPG,একজন নারী ও একজন নারী ও একজন নারী ও একজন নারী ও একজন নারী ও একজন নারী ও একজন নারী ও একজন নারী ও একজন নারী ও একজন নারী ও একজন নারী ও একজন নারী ও একজন নারী ও একজন,0.02499999999375,0.12499999984374999,0.04166666387152797,0.04166666387152797,0.0,0.04166666387152797,0,0,0.11194029850746268,0.1111111109876543
2278776373_fe499a93be.jpg,একটি গাড়ির পাশে দাঁড়িয়ে আছে,0.1999999996,0.1999999996,0.19999999460000012,0.19999999460000012,0.0,0.19999999460000012,0,0,0.4,0.1111111109876543
3110614694_fecc23ca65.jpg,দুটি কুকুর খেলছে,0.3333333322222222,0.1111111109876543,0.16666666263888896,0.16666666263888896,0.0,0.16666666263888896,0,0,0.28125,0.0999999999
1280147517.jpg,একটি নৌকায় কয়েকজন মানুষ আছে।,0.1999999996,0.249999999375,0.2222222167901236,0.2222222167901236,0.0,0.2222222167901236,0,0,0.4,0.14285714265306124
inbound4189403605111348304.jpg,একটি কুকুর একটি <unk>,0.49999999875,0.2222222219753086,0.3076923029585799,0.3076923029585799,0.0,0.3076923029585799,0,0,0.34285714285714286,0.1999999998
1296770308_3db2022f5a.jpg,একজন লোক একটি <unk>,0.49999999875,0.33333333277777777,0.3999999944,0.3999999944,0.0,0.3999999944,0,0,0.4,0.24999999979166665
903.png,একজন পুরুষ দাড়িয়ে আছে।,0.7499999981250001,0.4285714279591837,0.5454545398347109,0.5454545398347109,0.3076923036686391,0.5454545398347109,0,0,0.5,0.4285714279591837
1638.png,একজন নারী ও একজন নারী আছে।,0.49999999916666665,0.29999999969999996,0.37499999484375,0.37499999484375,0.0,0.37499999484375,0,0,0.3870967741935484,0.2727272724793388
1299459550_1fd5594fa2.jpg,একটি শিশু একটি শিশু পানিতে খেলছে,0.16666666638888888,0.1999999996,0.1818181765289258,0.1818181765289258,0.0,0.1818181765289258,0,0,0.2857142857142857,0.12499999984374999
6543.png,কয়েকজন মানুষ আছে।,0.6666666644444444,0.3999999992,0.49999999406250006,0.49999999406250006,0.33333332777777785,0.49999999406250006,0,0,0.5789473684210527,0.33333333277777777
3415178926_909db9400b.jpg,একটি কুকুর একটি কুকুর,0.49999999875,0.14285714275510203,0.22222221851851853,0.22222221851851853,0.0,0.22222221851851853,0,0,0.3666666666666667,0.08333333326388888
2559503010_84f20b3bc9.jpg,একজন লোক একটি দোকানের সামনে দাঁড়িয়ে আছে,0.7142857132653061,0.49999999949999996,0.5882352885813149,0.5882352885813149,0.13333332835555572,0.5882352885813149,0,0,0.6486486486486487,0.41666666631944443
8951.png,একটি নৌকা থেকে একটি নৌকা থেকে একটি নৌকা থেকে একটি নৌকা থেকে একটি নৌকা থেকে একটি নৌকা থেকে একটি নৌকা থেকে একটি নৌকা থেকে একটি নৌকা থেকে একটি নৌকা থেকে একটি নৌকা থেকে একটি নৌকা থেকে একটি নৌকা থেকে একটি,0.02499999999375,0.16666666638888888,0.04347825858223074,0.04347825858223074,0.0,0.04347825858223074,0,0,0.10526315789473684,0.12499999984374999
3187.png,একজন বয়স্ক পুরুষ বসে আছে।,0.1999999996,0.249999999375,0.2222222167901236,0.2222222167901236,0.0,0.2222222167901236,0,0,0.42105263157894735,0.124999999921875
452363869_cad37e609f.jpg,একটি কুকুর একটি ফ্রিসবি ধরার জন্য একটি ফ্রিসবি ধরার জন্য একটি ফ্রিসবি ধরার জন্য একটি ফ্রিসবি ধরার জন্য একটি ফ্রিসবি ধরার জন্য একটি ফ্রিসবি ধরার জন্য একটি ফ্রিসবি ধরার জন্য একটি ফ্রিসবি ধরার জন্য একটি ফ্রিসবি ধরার জন্য একটি ফ্রিসবি,0.12499999996875,0.45454545413223135,0.19607842791234142,0.19607842791234142,0.04651162619794489,0.19607842791234142,0,0,0.1952662721893491,0.3636363633057851
8739.png,একজন বাচ্চা মেয়ে শিশু আছে।,0.3999999992,0.6666666644444444,0.49999999406250006,0.49999999406250006,0.33333332777777785,0.49999999406250006,0,0,0.47058823529411764,0.33333333277777777
8588.png,একজন পুরুষ ও একজন পুরুষ ও একজন পুরুষ ও একজন পুরুষ ও একজন পুরুষ ও একজন পুরুষ ও একজন পুরুষ ও একজন পুরুষ ও একজন পুরুষ ও একজন পুরুষ ও একজন পুরুষ ও একজন পুরুষ ও একজন পুরুষ ও একজন,0.0499999999875,0.33333333277777777,0.08695651943289232,0.08695651943289232,0.045454543419421574,0.08695651943289232,0,0,0.09523809523809523,0.2857142853061225
5846.png,একজন পুরুষ দাড়িয়ে আছে।,0.249999999375,0.3333333322222222,0.28571428000000004,0.28571428000000004,0.0,0.28571428000000004,0,0,0.4666666666666667,0.16666666638888888
1164765687.jpg,একটি কুকুর একটি কুকুর খেলছে,0.3999999992,0.1999999998,0.2666666618666667,0.2666666618666667,0.0,0.2666666618666667,0,0,0.4375,0.18181818165289254
3203872773_6c30f64be3.jpg,একজন লোক একটি <unk>,0.7499999981250001,0.37499999953124996,0.49999999472222234,0.49999999472222234,0.28571428000000004,0.49999999472222234,0,0,0.5,0.3333333329629629
766.png,একজন পুরুষ আছে।,0.6666666644444444,0.33333333277777777,0.44444443901234576,0.44444443901234576,0.0,0.44444443901234576,0,0,0.4736842105263158,0.2857142853061225
8006.png,একটি নৌকায় একজন মানুষ আছে।,0.9999999980000001,0.8333333319444445,0.909090902479339,0.909090902479339,0.6666666602469137,0.909090902479339,0,0,0.8260869565217391,0.8333333319444445
786.png,একজন পুরুষ দাড়িয়ে আছে,0.7499999981250001,0.49999999916666665,0.5999999940000001,0.5999999940000001,0.49999999406250006,0.5999999940000001,0,0,0.736842105263158,0.4285714279591837
5949.png,কয়েকজন পুরুষ বসে আছে।,0.49999999875,0.49999999875,0.4999999937500001,0.4999999937500001,0.0,0.4999999937500001,0,0,0.3529411764705882,0.33333333277777777
4343.png,একজন পুরুষ বসে আছে,0.49999999875,0.24999999968749997,0.33333332833333335,0.33333332833333335,0.1999999954000001,0.33333332833333335,0,0,0.4193548387096774,0.1999999998
1563.png,একজন পুরুষ বসে আছে।,0.7499999981250001,0.3333333329629629,0.4615384565680474,0.4615384565680474,0.0,0.4615384565680474,0,0,0.3529411764705882,0.29999999969999996
6083.png,একটি নৌকা থেকে <unk>,0.0,0.0,0.0,0.0,0.0,0.0,0,0,0.1923076923076923,0.0
341.png,একজন নারী বসে আছে।,0.7499999981250001,0.37499999953124996,0.49999999472222234,0.49999999472222234,0.1999999954000001,0.49999999472222234,0,0,0.4137931034482759,0.3333333329629629
8399.png,সমুদ্রের পারে একজন পুরুষ বসে আছে।,0.49999999916666665,0.2727272724793388,0.3529411714878893,0.3529411714878893,0.13333332871111125,0.3529411714878893,0,0,0.42500000000000004,0.21428571413265304
2378.png,একজন পুরুষ ছাতা নিয়ে যাচ্ছে।,0.3999999992,0.2222222219753086,0.2857142807142858,0.2857142807142858,0.16666666194444454,0.2857142807142858,0,0,0.2941176470588235,0.16666666652777776
1051.png,একটি লোক একটি <unk>,0.49999999875,0.07692307689349112,0.13333333093333335,0.13333333093333335,0.0,0.13333333093333335,0,0,0.19047619047619047,0.07692307686390532
8483.png,একটি শিশু পানিতে লাফ দিচ্ছে।,0.1999999996,0.249999999375,0.2222222167901236,0.2222222167901236,0.0,0.2222222167901236,0,0,0.4782608695652174,0.12499999984374999
5850.png,একজন নারী আছে।,0.9999999966666667,0.7499999981250001,0.8571428497959185,0.8571428497959185,0.39999999360000005,0.8571428497959185,0,0,0.7142857142857143,0.7499999981250001
2226534154_cbcab7ba32.jpg,একদল লোক একটি <unk>,0.249999999375,0.1999999996,0.2222222167901236,0.2222222167901236,0.0,0.2222222167901236,0,0,0.33333333333333337,0.12499999984374999
3211199368_ca78387f72.jpg,একজন লোক একটি <unk>,0.249999999375,0.249999999375,0.2499999943750001,0.2499999943750001,0.0,0.2499999943750001,0,0,0.4666666666666667,0.14285714265306124
7933.png,একজন নারী আছে।,0.9999999966666667,0.49999999916666665,0.6666666607407408,0.6666666607407408,0.28571428081632655,0.6666666607407408,0,0,0.47619047619047616,0.49999999916666665
1008.png,একজন পুরুষ বসে আছে।,0.249999999375,0.16666666638888888,0.1999999948000001,0.1999999948000001,0.0,0.1999999948000001,0,0,0.4285714285714286,0.1111111109876543
340425915_490293058f.jpg,একটি কুকুর বরফের মধ্যে দৌড়াচ্ছে,0.7999999984,0.3333333330555555,0.47058823058823535,0.47058823058823535,0.26666666240000003,0.47058823058823535,0,0,0.48571428571428577,0.30769230745562126
5174.png,এটি একটি নৌকা দেখা যাচ্ছে।,0.0,0.0,0.0,0.0,0.0,0.0,0,0,0.22857142857142854,0.0
5218.png,একটি নৌকা দেখা যাচ্ছে ও একটি নৌকা দেখা যাচ্ছে।,0.3333333329629629,0.1874999998828125,0.23999999520000007,0.23999999520000007,0.0,0.23999999520000007,0,0,0.4137931034482759,0.15789473675900276
5838.png,একজন পুরুষ ছাতা নিয়ে যাচ্ছে,0.3999999992,0.15384615372781063,0.22222221796296296,0.22222221796296296,0.1249999960937501,0.22222221796296296,0,0,0.35416666666666663,0.124999999921875
IMG_2918.JPG,লোক টি,0.999999995,0.49999999875,0.6666666600000001,0.6666666600000001,0.49999999375000004,0.6666666600000001,0,0,0.4,0.49999999875
437054333_5c2761b8cd.jpg,একটি গাড়ির দোকানের সামনে দাঁড়িয়ে আছে,0.16666666638888888,0.249999999375,0.1999999948000001,0.1999999948000001,0.0,0.1999999948000001,0,0,0.34782608695652173,0.1111111109876543
2502782508_2c8211cd6b.jpg,একজন বয়স্ক লোক বসে আছে,0.5999999988,0.4285714279591837,0.4999999943055557,0.4999999943055557,0.0,0.4999999943055557,0,0,0.48,0.3333333329629629
2937697444_2367ff0e28.jpg,একটি শিশু পানিতে লাফ দিচ্ছে,0.0,0.0,0.0,0.0,0.0,0.0,0,0,0.4,0.0
5017.png,কয়েকজন পুরুষ দাড়িয়ে আছে।,0.49999999875,0.49999999875,0.4999999937500001,0.4999999937500001,0.33333332722222225,0.4999999937500001,0,0,0.625,0.33333333277777777
3927.png,একজন বাচ্চা মেয়ে শিশু আছে।,0.3999999992,0.2857142853061225,0.33333332791666676,0.33333332791666676,0.0,0.33333332791666676,0,0,0.34615384615384615,0.1999999998
4353.png,একজন নারী একটি মেয়ে একটি মেয়ে দাঁড়িয়ে আছে,0.24999999968749997,0.49999999875,0.33333332833333335,0.33333332833333335,0.1999999954000001,0.33333332833333335,0,0,0.5,0.24999999968749997
2453990033_df53f0d8c8.jpg,একটি শিশু একটি মেয়ে একটি <unk>,0.49999999916666665,0.1874999998828125,0.27272726851239676,0.27272726851239676,0.0,0.27272726851239676,0,0,0.3076923076923077,0.18181818165289254
3572144280_ea42bbd927.jpg,একজন পুরুষ বসে আছে,0.249999999375,0.16666666638888888,0.1999999948000001,0.1999999948000001,0.0,0.1999999948000001,0,0,0.40740740740740744,0.1111111109876543
412082368_371df946b3.jpg,একটি ছেলে একটি <unk>,0.49999999875,0.49999999875,0.4999999937500001,0.4999999937500001,0.12499999679687505,0.4999999937500001,0,0,0.5,0.3999999992
1215334959_b1970965f7.jpg,একদল লোক একটি ব্যস্ত রাস্তায় দাঁড়িয়ে আছে,0.2857142853061225,0.2857142853061225,0.28571428030612256,0.28571428030612256,0.0,0.28571428030612256,0,0,0.3902439024390244,0.16666666652777776
IMG_9572.JPG,একটি শিশু দাড়িয়ে আছে,0.249999999375,0.249999999375,0.2499999943750001,0.2499999943750001,0.0,0.2499999943750001,0,0,0.6153846153846154,0.14285714265306124
6045.png,একজন পুরুষ বসে আছে।,0.49999999875,0.33333333277777777,0.3999999944,0.3999999944,0.24999999468750006,0.3999999944,0,0,0.5238095238095238,0.24999999968749997
3487131146_9d3aca387a.jpg,একটি শিশু একটি শিশু একটি <unk> <unk> <unk> <unk> <unk> <unk> <unk> <unk> <unk> <unk> <unk> <unk> <unk> <unk> <unk> <unk> <unk> <unk> <unk> <unk> <unk> <unk> <unk> <unk> <unk> <unk> <unk> <unk> <unk> <unk> <unk> <unk> <unk> <unk> <unk>,0.07499999998125,0.24999999979166665,0.11538461178994093,0.11538461178994093,0.0,0.11538461178994093,0,0,0.1273885350318471,0.16666666652777776
5810.png,একজন পুরুষ বসে আছে।,0.49999999875,0.24999999968749997,0.33333332833333335,0.33333332833333335,0.0,0.33333332833333335,0,0,0.4285714285714286,0.1999999998
1786425974_c7c5ad6aa1.jpg,একটি কুকুর একটি কুকুর খেলছে,0.5999999988,0.21428571413265304,0.3157894694736842,0.3157894694736842,0.0,0.3157894694736842,0,0,0.4736842105263158,0.16666666652777776
1259936608_e3f0064f23.jpg,একটি মেয়ে একটি শিশু একটি শিশু একটি শিশু একটি শিশু একটি শিশু একটি শিশু একটি শিশু একটি শিশু একটি শিশু একটি শিশু একটি শিশু একটি শিশু একটি শিশু একটি শিশু একটি শিশু একটি শিশু একটি শিশু একটি শিশু একটি শিশু,0.02499999999375,0.14285714265306124,0.04255318893617037,0.04255318893617037,0.0,0.04255318893617037,0,0,0.17266187050359716,0.1111111109876543
3681575323_433d007650.jpg,একটি ছোট ছেলে একটি রাস্তায় দাঁড়িয়ে আছে,0.4285714279591837,0.16666666657407406,0.23999999577600004,0.23999999577600004,0.08695651780718354,0.23999999577600004,0,0,0.31999999999999995,0.15789473675900276
316833109_6500b526dc.jpg,একটি কুকুর একটি ফ্রিসবি ধরার জন্য একটি ফ্রিসবি ধরার জন্য একটি ফ্রিসবি ধরার জন্য একটি ফ্রিসবি ধরার জন্য একটি ফ্রিসবি ধরার জন্য একটি ফ্রিসবি ধরার জন্য একটি ফ্রিসবি ধরার জন্য একটি ফ্রিসবি ধরার জন্য একটি ফ্রিসবি ধরার জন্য একটি ফ্রিসবি,0.07499999998125,0.37499999953124996,0.12499999717013895,0.12499999717013895,0.043478258270321514,0.12499999717013895,0,0,0.14201183431952658,0.1999999998
3486135177_772628d034.jpg,একজন স্কেটবোর্ডার একটি স্কেটবোর্ড কৌশল দেখাচ্ছে,0.33333333277777777,0.11764705875432525,0.17391303947069953,0.17391303947069953,0.0,0.17391303947069953,0,0,0.46875,0.09523809519274376
2453318633_550228acd4.jpg,একটি কুকুর একটি ফ্রিসবি নিয়ে দৌড়াচ্ছে,0.49999999916666665,0.2727272724793388,0.3529411714878893,0.3529411714878893,0.16666666152777793,0.2857142813605443,0,0,0.4482758620689655,0.18181818165289254
8636.png,একজন পুরুষ বসে আছে।,0.7499999981250001,0.9999999966666667,0.8571428497959185,0.8571428497959185,0.39999999360000005,0.8571428497959185,0,0,0.7857142857142857,0.7499999981250001
3589267801_5a222e3a60.jpg,একটি কুকুর একটি কুকুর খেলছে,0.5999999988,0.37499999953124996,0.46153845609467453,0.46153845609467453,0.1818181768595043,0.46153845609467453,0,0,0.5263157894736843,0.33333333277777777
7768.png,একটি নৌকা দেখা যাচ্ছে,0.0,0.0,0.0,0.0,0.0,0.0,0,0,0.2727272727272727,0.0
3506096155_13632955e8.jpg,একজন লোক একটি সাইকেল নিয়ে যাচ্ছে,0.33333333277777777,0.2857142853061225,0.3076923022485208,0.3076923022485208,0.22222221796296296,0.3076923022485208,0,0,0.4666666666666667,0.18181818165289254
1182733666.jpg,একজন পুরুষ বসে আছে।,0.249999999375,0.07692307686390532,0.11764705508650528,0.11764705508650528,0.0,0.11764705508650528,0,0,0.19999999999999996,0.0624999999609375
3168796547_0c14b368f9.jpg,একটি শিশু একটি কুকুর খেলছে,0.5999999988,0.3333333329629629,0.42857142336734694,0.42857142336734694,0.1818181768595043,0.42857142336734694,0,0,0.41666666666666663,0.1999999998
3119887967_271a097464.jpg,একটা লোক একসাথে বসে আছে,0.3999999992,0.10526315783933518,0.1666666632291667,0.1666666632291667,0.0,0.1666666632291667,0,0,0.2666666666666667,0.10526315783933518
7073.png,একটি শিশু একটি ছোট বাচ্চা একটি <unk>,0.2857142853061225,0.2222222219753086,0.24999999476562512,0.24999999476562512,0.1428571377551022,0.24999999476562512,0,0,0.4,0.18181818165289254
7888.png,একজন পুরুষ বসে আছে।,0.49999999875,0.33333333277777777,0.3999999944,0.3999999944,0.0,0.3999999944,0,0,0.5,0.24999999968749997
2096771662_984441d20d.jpg,একজন লোক,0.999999995,0.18181818165289254,0.3076923046153846,0.3076923046153846,0.0,0.28571428081632655,0,0,0.23529411764705888,0.18181818165289254
2657.png,একজন পুরুষ আছে।,0.3333333322222222,0.09090909082644627,0.14285713928571436,0.14285713928571436,0.0,0.14285713928571436,0,0,0.2941176470588235,0.07692307686390532
5020.png,একটি মসজিদ।,0.4999999975,0.14285714265306124,0.22222221827160496,0.22222221827160496,0.0,0.22222221827160496,0,0,0.33333333333333337,0.12499999984374999
2079152458_40712c3b40.jpg,একটি কুকুর একটি কুকুর দৌড়াচ্ছে,0.3999999992,0.2857142853061225,0.33333332791666676,0.33333332791666676,0.1999999948000001,0.33333332791666676,0,0,0.5384615384615384,0.24999999968749997
6597.png,একজন পুরুষ দাড়িয়ে আছে।,0.9999999975,0.9999999975,0.9999999925,0.9999999925,0.9999999916666666,0.9999999925,1,1,1.0,0.9999999975
3767.png,কয়েকজন পুরুষ দাড়িয়ে আছে,0.49999999875,0.16666666652777776,0.2499999959375,0.2499999959375,0.14285713928571436,0.2499999959375,0,0,0.2941176470588235,0.14285714275510203
3723903586_e98d3d8ec7.jpg,একটি রেসে একটি কুকুর একটি কুকুর দৌড়াচ্ছে,0.2857142853061225,0.1999999998,0.23529411252595167,0.23529411252595167,0.13333332835555572,0.23529411252595167,0,0,0.4814814814814815,0.16666666652777776
_MG_1883.JPG,একটা লোক দাড়িয়ে আছে,0.249999999375,0.249999999375,0.2499999943750001,0.2499999943750001,0.0,0.2499999943750001,0,0,0.5263157894736843,0.14285714265306124
7114.png,একজন পুরুষ এবং একজন পুরুষ এবং একজন পুরুষ এবং একজন পুরুষ এবং একজন পুরুষ এবং একজন পুরুষ এবং একজন পুরুষ এবং একজন পুরুষ এবং একজন পুরুষ এবং একজন পুরুষ এবং একজন পুরুষ এবং একজন পুরুষ এবং একজন পুরুষ এবং একজন,0.02499999999375,0.14285714265306124,0.04255318893617037,0.04255318893617037,0.0,0.04255318893617037,0,0,0.07499999999999996,0.1111111109876543
3396817186_b299ee0531.jpg,একটি কুকুর একটি কুকুর দৌড়াচ্ছে,0.5999999988,0.23076923059171597,0.33333332895061735,0.33333332895061735,0.1249999960937501,0.33333332895061735,0,0,0.3928571428571429,0.24999999968749997
3476709230_6439305bf2.jpg,একটি শিশু একটি <unk>,0.249999999375,0.16666666638888888,0.1999999948000001,0.1999999948000001,0.0,0.1999999948000001,0,0,0.2692307692307693,0.12499999984374999
3652572138_34d6b72999.jpg,একজন মেয়ে একটি <unk>,0.249999999375,0.249999999375,0.2499999943750001,0.2499999943750001,0.0,0.2499999943750001,0,0,0.33333333333333337,0.14285714265306124
7491.png,একটি শিশু বসে আছে।,0.7499999981250001,0.7499999981250001,0.7499999931250001,0.7499999931250001,0.6666666594444445,0.7499999931250001,0,0,0.8333333333333334,0.5999999988
3698.png,একজন পুরুষ দাড়িয়ে আছে।,0.7499999981250001,0.4285714279591837,0.5454545398347109,0.5454545398347109,0.2222222172839507,0.5454545398347109,0,0,0.4814814814814815,0.37499999953124996
6188.png,একজন পুরুষ আছে।,0.3333333322222222,0.249999999375,0.28571428000000004,0.28571428000000004,0.0,0.28571428000000004,0,0,0.46153846153846156,0.16666666638888888
543.png,একজন পুরুষ বসে আছে।,0.49999999875,0.49999999875,0.4999999937500001,0.4999999937500001,0.33333332722222225,0.4999999937500001,0,0,0.7333333333333334,0.33333333277777777
IMG_20220921_123204.jpg,একটি বল লাথি মারছে,0.249999999375,0.1999999996,0.2222222167901236,0.2222222167901236,0.0,0.2222222167901236,0,0,0.42105263157894735,0.12499999984374999
843616798_5ab0ecb525.jpg,একটি কুকুর একটি কুকুর খেলছে,0.3999999992,0.3999999992,0.39999999420000004,0.39999999420000004,0.2499999943750001,0.39999999420000004,0,0,0.4545454545454546,0.33333333277777777
2114.png,একজন পুরুষ বসে আছে।,0.7499999981250001,0.5999999988,0.6666666602469137,0.6666666602469137,0.28571428000000004,0.6666666602469137,0,0,0.631578947368421,0.49999999916666665
3342855466_44038a8aa3.jpg,একজন স্কেটবোর্ডার একটি <unk>,0.49999999875,0.3999999992,0.4444444385185186,0.4444444385185186,0.0,0.36363635834710756,0,0,0.4,0.2857142853061225
5131.png,একটি নৌকায় কয়েকজন মানুষ আছে।,0.1999999996,0.249999999375,0.2222222167901236,0.2222222167901236,0.0,0.2222222167901236,0,0,0.33333333333333337,0.12499999984374999
inbound1443164387657121842.jpg,কয়েকজন পুরুষ দাড়িয়ে আছে।,0.0,0.0,0.0,0.0,0.0,0.0,0,0,0.23333333333333328,0.0
2407.png,একজন পুরুষ একটি শিশু আছে।,0.1999999996,0.12499999984374999,0.15384614887573977,0.15384614887573977,0.0,0.15384614887573977,0,0,0.2941176470588235,0.08333333326388888
2501968935_02f2cd8079.jpg,এক ব্যক্তি একটি <unk> <unk>,0.3999999992,0.24999999968749997,0.3076923024852071,0.3076923024852071,0.1818181768595043,0.3076923024852071,0,0,0.3125,0.1999999998
3611.png,কয়েকজন পুরুষ দাড়িয়ে আছে,0.249999999375,0.16666666638888888,0.1999999948000001,0.1999999948000001,0.0,0.1999999948000001,0,0,0.36363636363636365,0.1111111109876543
8462.png,একজন পুরুষ বসে আছে।,0.9999999975,0.9999999975,0.9999999925,0.9999999925,0.9999999916666666,0.9999999925,1,1,1.0,0.9999999975
2842439618_fb20fe2215.jpg,সমুদ্রের ঢেউয়ে এক সার্ফার,0.7499999981250001,0.49999999916666665,0.5999999940000001,0.5999999940000001,0.24999999468750006,0.3999999944,0,0,0.4782608695652174,0.4285714279591837
475042270_719ebe6c48.jpg,একটি কুকুর একটি কুকুর খেলছে,0.3999999992,0.6666666644444444,0.49999999406250006,0.49999999406250006,0.33333332777777785,0.49999999406250006,0,0,0.4736842105263158,0.49999999875
3607405494_0df89110a6.jpg,একটি কালো কুকুর একটি ফ্রিসবি ধরার জন্য একটি ফ্রিসবি ধরার জন্য একটি ফ্রিসবি ধরার জন্য একটি ফ্রিসবি ধরার জন্য একটি ফ্রিসবি ধরার জন্য একটি ফ্রিসবি ধরার জন্য একটি ফ্রিসবি ধরার জন্য একটি ফ্রিসবি ধরার জন্য একটি ফ্রিসবি ধরার জন্য একটি,0.0499999999875,0.24999999968749997,0.08333333052083343,0.08333333052083343,0.043478258270321514,0.08333333052083343,0,0,0.14970059880239517,0.16666666652777776
2226440063_c085b30558.jpg,একটি কুকুর একটি বরফের মধ্যে দিয়ে যাচ্ছে,0.7142857132653061,0.8333333319444445,0.7692307630769232,0.7692307630769232,0.36363635801652905,0.7692307630769232,0,0,0.7777777777777778,0.7142857132653061
2816.png,একটি শিশু আছে।,0.9999999966666667,0.7499999981250001,0.8571428497959185,0.8571428497959185,0.39999999360000005,0.8571428497959185,0,0,0.75,0.7499999981250001
HK7A9362.JPG,একজন পুরুষ ও একজন পুরুষ ও একজন পুরুষ ও একজন পুরুষ ও একজন পুরুষ ও একজন পুরুষ ও একজন পুরুষ ও একজন পুরুষ ও একজন পুরুষ ও একজন পুরুষ ও একজন পুরুষ ও একজন পুরুষ ও একজন পুরুষ ও একজন,0.0,0.0,0.0,0.0,0.0,0.0,0,0,0.08163265306122447,0.0
IMG_20220915_162943.jpg,একজন পুরুষ বসে আছে।,0.249999999375,0.0999999999,0.14285713857142868,0.14285713857142868,0.0,0.14285713857142868,0,0,0.3571428571428571,0.09090909082644627
327997381_55f90dc834.jpg,একজন লোক বসে আছে,0.49999999875,0.1999999998,0.28571428122448983,0.28571428122448983,0.0,0.28571428122448983,0,0,0.3928571428571429,0.18181818165289254
5110.png,একজন পুরুষ দাড়িয়ে আছে,0.49999999875,0.49999999875,0.4999999937500001,0.4999999937500001,0.33333332722222225,0.4999999937500001,0,0,0.7333333333333334,0.33333333277777777
707972553_36816e53a2.jpg,একজন পুরুষ মাথায় একটি শিশু আছে।,0.33333333277777777,0.1999999998,0.24999999500000003,0.24999999500000003,0.0,0.24999999500000003,0,0,0.31818181818181823,0.14285714275510203
4436.png,একটি নৌকা থেকে <unk>,0.249999999375,0.1111111109876543,0.15384614934911253,0.15384614934911253,0.0,0.15384614934911253,0,0,0.23529411764705888,0.08333333326388888
172092464_d9eb4f4f2f.jpg,একটি ছেলে একটি ঢেউ থেকে লাফ দিচ্ছে,0.14285714265306124,0.14285714265306124,0.14285713765306143,0.14285713765306143,0.0,0.14285713765306143,0,0,0.46153846153846156,0.08333333326388888
8337.png,একজন পুরুষ বসে আছে।,0.49999999875,0.49999999875,0.4999999937500001,0.4999999937500001,0.33333332722222225,0.4999999937500001,0,0,0.7333333333333334,0.33333333277777777
599.png,একজন পুরুষ একটি শিশু দাড়িয়ে আছে,0.33333333277777777,0.124999999921875,0.1818181776859505,0.1818181776859505,0.0,0.1428571377551022,0,0,0.3529411764705882,0.1111111110493827
8665.png,একজন পুরুষ দাড়িয়ে আছে।,0.249999999375,0.16666666638888888,0.1999999948000001,0.1999999948000001,0.0,0.1999999948000001,0,0,0.43999999999999995,0.1111111109876543
3193335577_9bdbaf9f70.jpg,একটি শিশু একটি পাথরের উপর দিয়ে লাফ দিচ্ছে,0.37499999953124996,0.24999999979166665,0.2999999949,0.2999999949,0.22222221722222232,0.2999999949,0,0,0.5128205128205128,0.1874999998828125
288880576_818b6ecfef.jpg,একজন লোক একটি পাথরে আরোহণ করছে,0.49999999916666665,0.29999999969999996,0.37499999484375,0.37499999484375,0.16666666152777793,0.37499999484375,0,0,0.4642857142857143,0.23076923059171597
383223174_7165a54c30.jpg,একটি কুকুর একটি বল নিয়ে খেলছে,0.8333333319444445,0.6249999992187499,0.7142857083673471,0.7142857083673471,0.33333332791666676,0.7142857083673471,0,0,0.7142857142857143,0.49999999937499995
1629.png,একজন পুরুষ বসে আছে।,0.9999999975,0.3999999996,0.5714285665306122,0.5714285665306122,0.3333333290277778,0.5714285665306122,0,0,0.3783783783783784,0.3999999996
3330675488_8692476a4a.jpg,একজন লোক বরফের পাহাড়ে স্কি করছে,0.16666666638888888,0.12499999984374999,0.1428571377551022,0.1428571377551022,0.0,0.1428571377551022,0,0,0.3571428571428571,0.07692307686390532
2452238877_2340609c6e.jpg,একটি কুকুর একটি কুকুর খেলছে,0.5999999988,0.29999999969999996,0.39999999502222217,0.39999999502222217,0.15384614934911253,0.39999999502222217,0,0,0.4358974358974359,0.1999999998
5572.png,একটি শিশু দাড়িয়ে আছে।,0.249999999375,0.3333333322222222,0.28571428000000004,0.28571428000000004,0.0,0.28571428000000004,0,0,0.3076923076923077,0.16666666638888888
637.png,কয়েকজন পুরুষ বসে আছে।,0.49999999875,0.2857142853061225,0.36363635834710756,0.36363635834710756,0.2222222172839507,0.36363635834710756,0,0,0.40909090909090906,0.2222222219753086
6200.png,একজন পুরুষ বসে আছে।,0.9999999975,0.4444444439506172,0.6153846101775148,0.6153846101775148,0.5454545404958677,0.6153846101775148,0,0,0.4242424242424242,0.571428570612245
DSC_9198.JPG,একজন পুরুষ ও একজন পুরুষ দাড়িয়ে আছে,0.2857142853061225,0.24999999968749997,0.2666666613333334,0.2666666613333334,0.0,0.2666666613333334,0,0,0.5,0.1999999998
7497.png,একটি নৌকা দেখা যাচ্ছে ও একটি নৌকা দেখা যাচ্ছে,0.1111111109876543,0.3333333322222222,0.16666666263888896,0.16666666263888896,0.0,0.16666666263888896,0,0,0.27118644067796616,0.14285714265306124
6416.png,একটি কুকুর একটি কুকুর খেলছে,0.5999999988,0.49999999916666665,0.5454545395041324,0.5454545395041324,0.2222222167901236,0.5454545395041324,0,0,0.65,0.33333333277777777
2880.png,একজন লোক একটি <unk> <unk> <unk> <unk> <unk> <unk> <unk> <unk> <unk> <unk> <unk> <unk> <unk> <unk> <unk> <unk> <unk> <unk> <unk> <unk> <unk> <unk> <unk> <unk> <unk> <unk> <unk> <unk> <unk> <unk> <unk> <unk> <unk> <unk> <unk> <unk> <unk>,0.02499999999375,0.08333333326388888,0.03846153489645003,0.03846153489645003,0.0,0.03846153489645003,0,0,0.09433962264150941,0.07692307686390532
2967630001_cdc5560c0b.jpg,একটি কুকুর সমুদ্রের পানিতে সাঁতার কাটছে।,0.49999999916666665,0.5999999988,0.5454545395041324,0.5454545395041324,0.2222222167901236,0.36363635801652905,0,0,0.7407407407407407,0.37499999953124996
3478591390_b526580644.jpg,একজন মহিলা এবং একজন মহিলা এবং একজন মহিলা এবং একজন মহিলা এবং একজন মহিলা এবং একজন মহিলা এবং একজন মহিলা এবং একজন মহিলা এবং একজন মহিলা এবং একজন মহিলা এবং একজন মহিলা এবং একজন মহিলা এবং একজন মহিলা এবং একজন,0.02499999999375,0.12499999984374999,0.04166666387152797,0.04166666387152797,0.0,0.04166666387152797,0,0,0.17500000000000004,0.0999999999
3154293126_e52bd07524.jpg,একজন লোক একটি বরফের পাহাড়ে উঠছে।,0.33333333277777777,0.33333333277777777,0.3333333277777778,0.3333333277777778,0.14285713806122466,0.3333333277777778,0,0,0.45833333333333337,0.1999999998
374828031_9d087da5cf.jpg,একজন লোক একটি পাথরে আরোহণ করছে,0.49999999916666665,0.4285714279591837,0.4615384558579882,0.4615384558579882,0.0,0.3076923022485208,0,0,0.56,0.29999999969999996
2301379282_5fbcf230d1.jpg,একটি মেয়ে একটি <unk>,0.49999999875,0.2857142853061225,0.36363635834710756,0.36363635834710756,0.0,0.36363635834710756,0,0,0.36,0.12499999984374999
9140.png,একজন পুরুষ বসে আছে।,0.249999999375,0.16666666638888888,0.1999999948000001,0.1999999948000001,0.0,0.1999999948000001,0,0,0.38095238095238093,0.1111111109876543
6785.png,একটি শিশু একটি <unk>,0.49999999875,0.33333333277777777,0.3999999944,0.3999999944,0.24999999468750006,0.3999999944,0,0,0.42105263157894735,0.2857142853061225
4904.png,একজন পুরুষ বসে আছে।,0.7499999981250001,0.7499999981250001,0.7499999931250001,0.7499999931250001,0.33333332722222225,0.7499999931250001,0,0,0.8571428571428572,0.5999999988
4372.png,একজন পুরুষ মাথায় ছাতা নিয়ে দাড়িয়ে আছে।,0.14285714265306124,0.16666666638888888,0.15384614863905344,0.15384614863905344,0.0,0.15384614863905344,0,0,0.31999999999999995,0.08333333326388888
5202.png,একটি শিশু আছে।,0.3333333322222222,0.249999999375,0.28571428000000004,0.28571428000000004,0.0,0.28571428000000004,0,0,0.3125,0.16666666638888888
4257.png,কয়েকজন পুরুষ দাড়িয়ে আছে।,0.249999999375,0.1999999996,0.2222222167901236,0.2222222167901236,0.0,0.2222222167901236,0,0,0.55,0.12499999984374999
2467803152_70eeca1334.jpg,দুটি কুকুর একটি কুকুর খেলছে,0.5999999988,0.4285714279591837,0.4999999943055557,0.4999999943055557,0.1999999948000001,0.4999999943055557,0,0,0.46153846153846156,0.37499999953124996
1740.png,একজন পুরুষ বসে আছে।,0.49999999875,0.33333333277777777,0.3999999944,0.3999999944,0.24999999468750006,0.3999999944,0,0,0.38095238095238093,0.24999999968749997
343612980_798755741681638_3570085702151337461_n.jpg,একটি নৌকা দেখা যাচ্ছে।,0.49999999875,0.15384615372781063,0.2352941137716263,0.2352941137716263,0.0,0.2352941137716263,0,0,0.26315789473684215,0.13333333324444444
3638577494_fe55f7b4cb.jpg,একটি কুকুর একটি কুকুর খেলছে,0.7999999984,0.3636363633057851,0.499999995078125,0.499999995078125,0.28571428122448983,0.499999995078125,0,0,0.41463414634146345,0.1999999998
162743064_bb242faa31.jpg,একটি কুকুর একটি কুকুর দৌড়াচ্ছে,0.5999999988,0.4285714279591837,0.4999999943055557,0.4999999943055557,0.1999999948000001,0.4999999943055557,0,0,0.4814814814814815,0.2857142853061225
8198.png,একটি নৌকায় কয়েকজন মানুষ আছে।,0.5999999988,0.7499999981250001,0.6666666602469137,0.6666666602469137,0.5714285648979592,0.6666666602469137,0,0,0.7,0.49999999916666665
IMG_2728.JPG,একটা মহিলা টি,0.6666666644444444,0.49999999875,0.5714285648979592,0.5714285648979592,0.39999999360000005,0.5714285648979592,0,0,0.33333333333333337,0.3999999992
8464.png,একটি নৌকায় একজন মানুষ আছে।,0.7999999984,0.7999999984,0.7999999934,0.7999999934,0.4999999937500001,0.7999999934,0,0,0.9,0.6666666655555555
IMG_8327.JPG,একটা মহিলা টি,0.6666666644444444,0.49999999875,0.5714285648979592,0.5714285648979592,0.39999999360000005,0.5714285648979592,0,0,0.4285714285714286,0.3999999992
2088120475_d6318364f5.jpg,একদল লোক একটি <unk>,0.7499999981250001,0.23076923059171597,0.35294117245674744,0.35294117245674744,0.2666666631111111,0.35294117245674744,0,0,0.25,0.21428571413265304
IMG_0640.JPG,কয়েকজন পুরুষ বসে আছে।,0.249999999375,0.249999999375,0.2499999943750001,0.2499999943750001,0.0,0.2499999943750001,0,0,0.4666666666666667,0.14285714265306124
3710674892_857b8056f7.jpg,একটি শিশু একটি লাল খেলনা নিয়ে খেলছে,0.4285714279591837,0.29999999969999996,0.35294117121107266,0.35294117121107266,0.13333332835555572,0.35294117121107266,0,0,0.375,0.15384615372781063
895502702_5170ada2ee.jpg,একটি কুকুর একটি ফ্রিসবি ধরার জন্য একটি ফ্রিসবি ধরার জন্য একটি ফ্রিসবি ধরার জন্য একটি ফ্রিসবি ধরার জন্য একটি ফ্রিসবি ধরার জন্য একটি ফ্রিসবি ধরার জন্য একটি ফ্রিসবি ধরার জন্য একটি ফ্রিসবি ধরার জন্য একটি ফ্রিসবি ধরার জন্য একটি ফ্রিসবি,0.099999999975,0.3999999996,0.15999999673600007,0.15999999673600007,0.08888888653827165,0.15999999673600007,0,0,0.16568047337278102,0.2222222219753086
3549464203_8ab9c6160b.jpg,একটি মেয়ে একটি ধাতব দন্ডের উপর বসে আছে,0.24999999968749997,0.15384615372781063,0.1904761855782314,0.1904761855782314,0.1052631531301941,0.1904761855782314,0,0,0.34090909090909094,0.11764705875432525
256283122_a4ef4a17cb.jpg,একটি ফুটবল খেলোয়াড় বল ধরার জন্য একটি ফুটবল খেলছে,0.4444444439506172,0.3999999996,0.4210526261495845,0.4210526261495845,0.11764705370242234,0.31578946836565097,0,0,0.4285714285714286,0.23076923059171597
287999021_998c2eeb91.jpg,একজন লোক পাহাড়ের চূড়ায় দাঁড়িয়ে আছে,0.49999999916666665,0.4285714279591837,0.4615384558579882,0.4615384558579882,0.1818181765289258,0.4615384558579882,0,0,0.5357142857142857,0.29999999969999996
6539.png,একজন পুরুষ দাড়িয়ে আছে।,0.49999999875,0.49999999875,0.4999999937500001,0.4999999937500001,0.0,0.4999999937500001,0,0,0.47058823529411764,0.33333333277777777
122634567.jpg,একজন পুরুষ একটি <unk>,0.7499999981250001,0.23076923059171597,0.35294117245674744,0.35294117245674744,0.1333333299555556,0.2352941137716263,0,0,0.26530612244897955,0.24999999979166665
7031.png,একজন নারী ও একজন পুরুষ বসে আছে।,0.4285714279591837,0.49999999916666665,0.4615384558579882,0.4615384558579882,0.1818181765289258,0.4615384558579882,0,0,0.5416666666666667,0.3333333329629629
3021.png,জমির উপরে একজন পুরুষ বসে আছে।,0.33333333277777777,0.18181818165289254,0.2352941128027682,0.2352941128027682,0.0,0.2352941128027682,0,0,0.4482758620689655,0.13333333324444444
495.png,একটা মেয়ে বসে আছে,0.249999999375,0.249999999375,0.2499999943750001,0.2499999943750001,0.0,0.2499999943750001,0,0,0.6923076923076923,0.14285714265306124
1980882959_9a161f3469.jpg,একজন পুরুষ একটি সাইকেল চালিয়ে যাচ্ছে,0.33333333277777777,0.24999999968749997,0.2857142804081633,0.2857142804081633,0.0,0.2857142804081633,0,0,0.4,0.16666666652777776
6291.png,একজন পুরুষ দাড়িয়ে আছে।,0.249999999375,0.3333333322222222,0.28571428000000004,0.28571428000000004,0.0,0.28571428000000004,0,0,0.4666666666666667,0.16666666638888888
1159574340_99ba8c3c59.jpg,একটি ছেলে একটি <unk>,0.49999999875,0.16666666652777776,0.2499999959375,0.2499999959375,0.0,0.2499999959375,0,0,0.2777777777777778,0.14285714265306124
8254.png,একটি শিশু একটি শিশু আছে।,0.1999999996,0.1999999996,0.19999999460000012,0.19999999460000012,0.0,0.19999999460000012,0,0,0.47058823529411764,0.14285714265306124
320093980_5388cb3733.jpg,একটি কালো কুকুর একটি কালো রঙের একটি কালো কুকুর একটি কালো রঙের একটি কালো কুকুর একটি কালো রঙের একটি কালো কুকুর একটি কালো রঙের একটি কালো কুকুর একটি কালো রঙের একটি কালো কুকুর একটি কালো রঙের একটি কালো কুকুর একটি,0.0499999999875,0.18181818165289254,0.07843136913494825,0.07843136913494825,0.0,0.07843136913494825,0,0,0.15753424657534243,0.15384615372781063
3550763985_800cfee7e4.jpg,একটি শিশু একটি স্কেটবোর্ড চালাচ্ছে,0.3999999992,0.33333333277777777,0.36363635801652905,0.36363635801652905,0.0,0.36363635801652905,0,0,0.36170212765957444,0.1999999998
2268601066_b018b124fd.jpg,একজন লোক একটি লোক তার <unk> <unk> <unk> <unk> <unk> <unk> <unk> <unk> <unk> <unk> <unk> <unk> <unk> <unk> <unk> <unk> <unk> <unk> <unk> <unk> <unk> <unk> <unk> <unk> <unk> <unk> <unk> <unk> <unk> <unk> <unk> <unk> <unk> <unk> <unk>,0.0499999999875,0.13333333324444444,0.0727272687338845,0.0727272687338845,0.0,0.0727272687338845,0,0,0.13375796178343946,0.11764705875432525
3275527950_41aca690a1.jpg,একটি শিশু আছে।,0.0,0.0,0.0,0.0,0.0,0.0,0,0,0.36363636363636365,0.0
6157.png,একটি নৌকা থেকে পানি থেকে পানি থেকে পানি থেকে পানি থেকে পানি থেকে পানি থেকে পানি থেকে পানি থেকে পানি থেকে পানি থেকে পানি থেকে পানি থেকে পানি থেকে পানি থেকে পানি থেকে পানি থেকে পানি থেকে পানি থেকে পানি,0.02499999999375,0.0624999999609375,0.03571428161989843,0.03571428161989843,0.0,0.03571428161989843,0,0,0.18333333333333335,0.05555555552469135
1782.png,একটি ছেলে একটি গাছের নিচে দাঁড়িয়ে আছে,0.14285714265306124,0.08333333326388888,0.1052631531301941,0.1052631531301941,0.0,0.1052631531301941,0,0,0.33333333333333337,0.05882352937716263
3091338773_9cf10467b4.jpg,একটি কুকুর একটি কুকুর একটি কুকুর একটি কুকুর একটি কুকুর একটি কুকুর একটি কুকুর একটি কুকুর একটি কুকুর একটি কুকুর একটি কুকুর একটি কুকুর একটি কুকুর একটি কুকুর একটি কুকুর একটি কুকুর একটি কুকুর একটি কুকুর একটি কুকুর একটি কুকুর,0.0499999999875,0.33333333277777777,0.08695651943289232,0.08695651943289232,0.045454543419421574,0.08695651943289232,0,0,0.13207547169811318,0.33333333277777777
8825.png,একজন পুরুষ দাড়িয়ে আছে।,0.249999999375,0.1999999996,0.2222222167901236,0.2222222167901236,0.0,0.2222222167901236,0,0,0.4736842105263158,0.12499999984374999
IMG_0720.JPG,কয়েকজন পুরুষ দাড়িয়ে আছে।,0.0,0.0,0.0,0.0,0.0,0.0,0,0,0.5882352941176471,0.0
6632.png,একজন পুরুষ ছাতা নিয়ে যাচ্ছে।,0.3999999992,0.49999999875,0.4444444385185186,0.4444444385185186,0.0,0.4444444385185186,0,0,0.5555555555555556,0.2857142853061225
3004291289_c4892898ae.jpg,একজন মহিলা এবং তার <unk> <unk> <unk> <unk> <unk> <unk> <unk> <unk> <unk> <unk> <unk> <unk> <unk> <unk> <unk> <unk> <unk> <unk> <unk> <unk> <unk> <unk> <unk> <unk> <unk> <unk> <unk> <unk> <unk> <unk> <unk> <unk> <unk> <unk> <unk> <unk>,0.07499999998125,0.4285714279591837,0.12765957187867819,0.12765957187867819,0.04444444211358036,0.08510638040742426,0,0,0.09493670886075944,0.3333333329629629
2649406158_ded6be38de.jpg,একটি কুকুর একটি কুকুর দৌড়াচ্ছে,0.3999999992,0.18181818165289254,0.249999995390625,0.249999995390625,0.0,0.249999995390625,0,0,0.3125,0.14285714275510203
1806580620_a8fe0fb9f8.jpg,একজন মহিলা তার <unk> <unk> <unk>,0.33333333277777777,0.2222222219753086,0.2666666615111111,0.2666666615111111,0.0,0.2666666615111111,0,0,0.2325581395348837,0.18181818165289254
1007320043_627395c3d8.jpg,একটি শিশু একটি <unk> <unk>,0.3999999992,0.24999999968749997,0.3076923024852071,0.3076923024852071,0.1818181768595043,0.3076923024852071,0,0,0.34615384615384615,0.2222222219753086
3266399073_40820596d5.jpg,একজন মহিলা একসাথে বসে আছে,0.3999999992,0.33333333277777777,0.36363635801652905,0.36363635801652905,0.2222222167901236,0.36363635801652905,0,0,0.5909090909090908,0.2222222219753086
8673.png,একজন পুরুষ দাড়িয়ে আছে।,0.49999999875,0.2222222219753086,0.3076923029585799,0.3076923029585799,0.0,0.3076923029585799,0,0,0.4193548387096774,0.18181818165289254
958.png,একজন পুরুষ বসে আছে।,0.249999999375,0.1999999996,0.2222222167901236,0.2222222167901236,0.0,0.2222222167901236,0,0,0.2777777777777778,0.12499999984374999
4524.png,একটি নৌকা থেকে দূরে কিছু মানুষ আছে।,0.0,0.0,0.0,0.0,0.0,0.0,0,0,0.2857142857142857,0.0
2733659177_d74a00995b.jpg,একটি শিশু একটি গাছের নিচে বসে আছে,0.571428570612245,0.571428570612245,0.5714285656122451,0.5714285656122451,0.16666666138888903,0.5714285656122451,0,0,0.7391304347826086,0.3333333329629629
2164363131_6930455d45.jpg,একটি কুকুর একটি কুকুর দৌড়াচ্ছে,0.5999999988,0.3333333329629629,0.42857142336734694,0.42857142336734694,0.33333332833333335,0.42857142336734694,0,0,0.4545454545454546,0.24999999968749997
3934.png,একজন পুরুষ বসে আছে।,0.49999999875,0.1999999998,0.28571428122448983,0.28571428122448983,0.16666666263888896,0.28571428122448983,0,0,0.3055555555555556,0.16666666652777776
294353408_d459bdaa68.jpg,একটি কুকুর একটি <unk>,0.7499999981250001,0.4285714279591837,0.5454545398347109,0.5454545398347109,0.44444443901234576,0.5454545398347109,0,0,0.46153846153846156,0.2857142853061225
2269795781_46a296aa21.jpg,টেনিস খেলোয়াড় টেনিস খেলছে,0.49999999875,0.6666666644444444,0.5714285648979592,0.5714285648979592,0.39999999360000005,0.5714285648979592,0,0,0.5625,0.49999999875
2891162278_fbf96be4f4.jpg,একটি শিশু একটি <unk>,0.249999999375,0.09090909082644627,0.13333332924444455,0.13333332924444455,0.0,0.13333332924444455,0,0,0.2272727272727273,0.08333333326388888
3569406219_f37ebf7b92.jpg,একজন পুরুষ দাড়িয়ে আছে,0.249999999375,0.05555555552469135,0.09090908785123977,0.09090908785123977,0.0,0.09090908785123977,0,0,0.31999999999999995,0.049999999975
6559.png,সমুদ্রের পারে একজন মানুষ আছে।,0.5999999988,0.7499999981250001,0.6666666602469137,0.6666666602469137,0.5714285648979592,0.6666666602469137,0,0,0.6,0.49999999916666665
2716903793_fb7a3d8ba6.jpg,একজন পুরুষ একটি শিশু একটি শিশু বসে আছে,0.24999999968749997,0.18181818165289254,0.21052631069252087,0.21052631069252087,0.0,0.21052631069252087,0,0,0.3214285714285714,0.0999999999
2865376471_43c5e6b941.jpg,একটি কুকুর একটি কুকুর খেলছে,0.5999999988,0.3333333329629629,0.42857142336734694,0.42857142336734694,0.16666666194444454,0.42857142336734694,0,0,0.5,0.2222222219753086
3218861747_5c5c547b66.jpg,একজন পুরুষ দাড়িয়ে আছে,0.249999999375,0.09090909082644627,0.13333332924444455,0.13333332924444455,0.0,0.13333332924444455,0,0,0.27586206896551724,0.07142857137755101
5638.png,একজন বয়স্ক নারী ও একজন বয়স্ক নারী ও একজন বয়স্ক নারী ও একজন বয়স্ক নারী ও একজন বয়স্ক নারী ও একজন বয়স্ক নারী ও একজন বয়স্ক নারী ও একজন বয়স্ক নারী ও একজন বয়স্ক নারী ও একজন বয়স্ক নারী ও,0.0499999999875,0.10526315783933518,0.06779660577994857,0.06779660577994857,0.0,0.06779660577994857,0,0,0.28859060402684567,0.049999999975
3376898612_41c91de476.jpg,এক ব্যক্তি একটি <unk>,0.49999999875,0.1999999998,0.28571428122448983,0.28571428122448983,0.0,0.28571428122448983,0,0,0.23076923076923073,0.18181818165289254
3399618896_9ef60cd32c.jpg,একজন পুরুষ দাড়িয়ে আছে,0.49999999875,0.2222222219753086,0.3076923029585799,0.3076923029585799,0.0,0.3076923029585799,0,0,0.3913043478260869,0.18181818165289254
95734035_84732a92c1.jpg,একজন লোক একটি <unk>,0.7499999981250001,0.3333333329629629,0.4615384565680474,0.4615384565680474,0.18181817752066123,0.3076923029585799,0,0,0.303030303030303,0.29999999969999996
8731.png,কয়েকজন মানুষ আছে।,0.3333333322222222,0.249999999375,0.28571428000000004,0.28571428000000004,0.0,0.28571428000000004,0,0,0.375,0.16666666638888888
5634.png,একজন পুরুষ দাড়িয়ে আছে।,0.7499999981250001,0.7499999981250001,0.7499999931250001,0.7499999931250001,0.33333332722222225,0.7499999931250001,0,0,0.8666666666666667,0.5999999988
913.png,একজন পুরুষ দাড়িয়ে আছে।,0.49999999875,0.33333333277777777,0.3999999944,0.3999999944,0.24999999468750006,0.3999999944,0,0,0.6,0.24999999968749997
IMG_0618.JPG,একজন নারী দাড়িয়ে আছে,0.249999999375,0.1999999996,0.2222222167901236,0.2222222167901236,0.0,0.2222222167901236,0,0,0.38888888888888884,0.12499999984374999
5294.png,জমির পাশ দিয়ে একজন পুরুষ ও দূরে কয়েকজন মানুষ আছে।,0.0,0.0,0.0,0.0,0.0,0.0,0,0,0.2777777777777778,0.0
5935.png,একজন পুরুষ দাড়িয়ে আছে।,0.7499999981250001,0.9999999966666667,0.8571428497959185,0.8571428497959185,0.39999999360000005,0.8571428497959185,0,0,0.7333333333333334,0.7499999981250001
242064301_a9d12f1754.jpg,একটি ছেলে একটি <unk>,0.49999999875,0.1999999998,0.28571428122448983,0.28571428122448983,0.0,0.28571428122448983,0,0,0.3076923076923077,0.18181818165289254
2308978137_bfe776d541.jpg,কয়েকজন পুরুষ দাড়িয়ে আছে।,0.0,0.0,0.0,0.0,0.0,0.0,0,0,0.28125,0.0
152029243_b3582c36fa.jpg,একজন লোক একটি পাথরে আরোহণ করছে,0.49999999916666665,0.2727272724793388,0.3529411714878893,0.3529411714878893,0.0,0.3529411714878893,0,0,0.5135135135135135,0.21428571413265304
4027.png,একজন পুরুষ বসে আছে।,0.49999999875,0.2857142853061225,0.36363635834710756,0.36363635834710756,0.2222222172839507,0.36363635834710756,0,0,0.3913043478260869,0.2222222219753086
2908466042_bf07cb52c7.jpg,একটি কুকুর একটি সাদা কুকুর বসে আছে,0.2857142853061225,0.2857142853061225,0.28571428030612256,0.28571428030612256,0.16666666138888903,0.28571428030612256,0,0,0.5,0.1999999998
5767.png,একটি নৌকা থেকে <unk>,0.49999999875,0.24999999968749997,0.33333332833333335,0.33333332833333335,0.1999999954000001,0.33333332833333335,0,0,0.375,0.1999999998
3218481970_1fa627b3da.jpg,একজন বাস্কেটবল খেলোয়াড় বল নিয়ে দাঁড়িয়ে আছে,0.571428570612245,0.4444444439506172,0.49999999445312515,0.49999999445312515,0.4285714230612245,0.49999999445312515,0,0,0.7,0.3333333330555555
4110.png,একজন পুরুষ দাড়িয়ে আছে।,0.9999999975,0.3636363633057851,0.533333328711111,0.533333328711111,0.3076923036686391,0.533333328711111,0,0,0.4054054054054054,0.4444444439506172
6679.png,একটি নৌকা দেখা যাচ্ছে।,0.249999999375,0.249999999375,0.2499999943750001,0.2499999943750001,0.0,0.2499999943750001,0,0,0.5714285714285714,0.14285714265306124
5408.png,একজন পুরুষ বসে আছে।,0.49999999875,0.3999999992,0.4444444385185186,0.4444444385185186,0.28571428000000004,0.4444444385185186,0,0,0.5789473684210527,0.2857142853061225
5269.png,একজন মানুষ আছে।,0.0,0.0,0.0,0.0,0.0,0.0,0,0,0.36363636363636365,0.0
300.png,একজন পুরুষ বসে আছে।,0.249999999375,0.04761904759637188,0.07999999724800008,0.07999999724800008,0.0,0.07999999724800008,0,0,0.25,0.04347826085066162
1476.png,একজন পুরুষ দাড়িয়ে আছে।,0.7499999981250001,0.37499999953124996,0.49999999472222234,0.49999999472222234,0.0,0.49999999472222234,0,0,0.37037037037037035,0.3333333329629629
3086790344_9487c58624.jpg,একটি শিশু একটি শিশু পানিতে সাঁতার কাটছে,0.4285714279591837,0.49999999916666665,0.4615384558579882,0.4615384558579882,0.1818181765289258,0.4615384558579882,0,0,0.64,0.37499999953124996
747921928_48eb02aab2.jpg,একজন পুরুষ ও একজন পুরুষ ও একজন পুরুষ ও একজন পুরুষ ও একজন পুরুষ ও একজন পুরুষ ও একজন পুরুষ ও একজন পুরুষ ও একজন পুরুষ ও একজন পুরুষ ও একজন পুরুষ ও একজন পুরুষ ও একজন পুরুষ ও একজন,0.02499999999375,0.16666666638888888,0.04347825858223074,0.04347825858223074,0.0,0.04347825858223074,0,0,0.108843537414966,0.12499999984374999
2892395757_0a1b0eedd2.jpg,একটি গাড়ির পাশে একটি সাইকেল চালাচ্ছে,0.49999999916666665,0.4285714279591837,0.4615384558579882,0.4615384558579882,0.1818181765289258,0.4615384558579882,0,0,0.5555555555555556,0.3333333329629629
4743.png,একজন পুরুষ বসে আছে,0.49999999875,0.24999999968749997,0.33333332833333335,0.33333332833333335,0.0,0.33333332833333335,0,0,0.31034482758620685,0.2222222219753086
3558796959_fc4450be56.jpg,একজন টেনিস খেলছে,0.6666666644444444,0.24999999968749997,0.36363635900826446,0.36363635900826446,0.19999999640000002,0.36363635900826446,0,0,0.4347826086956522,0.2222222219753086
1396064003_3fd949c9dd.jpg,একটি শিশু একটি ঢেউ থেকে লাফ দিলো,0.0,0.0,0.0,0.0,0.0,0.0,0,0,0.34615384615384615,0.0
808245064_8a7971fc5b.jpg,একজন লোক একটি <unk>,0.49999999875,0.33333333277777777,0.3999999944,0.3999999944,0.24999999468750006,0.3999999944,0,0,0.41666666666666663,0.24999999968749997
3223055565_68973f5d20.jpg,একটি কুকুর একটি কুকুর একটি কুকুর একটি কুকুর একটি কুকুর একটি কুকুর একটি কুকুর একটি কুকুর একটি কুকুর একটি কুকুর একটি কুকুর একটি কুকুর একটি কুকুর একটি কুকুর একটি কুকুর একটি কুকুর একটি কুকুর একটি কুকুর একটি কুকুর একটি কুকুর,0.02499999999375,0.0999999999,0.039999996784000263,0.039999996784000263,0.0,0.039999996784000263,0,0,0.16981132075471694,0.09090909082644627
929679367_ff8c7df2ee.jpg,একটি কুকুর একটি কুকুর একটি টেনিস বল নিয়ে খেলছে,0.4444444439506172,0.6666666655555555,0.5333333278222222,0.5333333278222222,0.15384614887573977,0.5333333278222222,0,0,0.7352941176470589,0.49999999937499995
6354.png,একজন পুরুষ বসে আছে,0.249999999375,0.249999999375,0.2499999943750001,0.2499999943750001,0.0,0.2499999943750001,0,0,0.7142857142857143,0.14285714265306124
IMG_2242.JPG,একটা মহিলা টি,0.6666666644444444,0.49999999875,0.5714285648979592,0.5714285648979592,0.39999999360000005,0.5714285648979592,0,0,0.2941176470588235,0.3999999992
1424237335_b3be9920ba.jpg,একটি শিশু একটি ছোট একটি লাল খেলনা নিয়ে খেলছে,0.2222222219753086,0.18181818165289254,0.19999999485000008,0.19999999485000008,0.11111110604938293,0.19999999485000008,0,0,0.42105263157894735,0.124999999921875
5568.png,একটি শিশু আছে।,0.9999999966666667,0.9999999966666667,0.9999999916666666,0.9999999916666666,0.9999999900000001,0.9999999916666666,1,1,1.0,0.9999999966666667
346891387_1219679685581860_7056564485612599010_n.jpg,একজন পুরুষ বসে আছে।,0.249999999375,0.08333333326388888,0.1249999960937501,0.1249999960937501,0.0,0.1249999960937501,0,0,0.26086956521739135,0.07142857137755101
1292.png,একদল লোক একটি <unk>,0.0,0.0,0.0,0.0,0.0,0.0,0,0,0.13953488372093026,0.0
3593.png,একজন পুরুষ দাড়িয়ে আছে,0.0,0.0,0.0,0.0,0.0,0.0,0,0,0.23076923076923073,0.0
3286017638_c688c83e3d.jpg,একটি ফুটবল খেলছে,0.3333333322222222,0.249999999375,0.28571428000000004,0.28571428000000004,0.13333333084444446,0.28571428000000004,0,0,0.23076923076923073,0.16666666638888888
506738508_327efdf9c3.jpg,একজন মহিলা এবং <unk> <unk> <unk> <unk> <unk> <unk> <unk> <unk> <unk> <unk> <unk> <unk> <unk> <unk> <unk> <unk> <unk> <unk> <unk> <unk> <unk> <unk> <unk> <unk> <unk> <unk> <unk> <unk> <unk> <unk> <unk> <unk> <unk> <unk> <unk> <unk> <unk>,0.02499999999375,0.08333333326388888,0.03846153489645003,0.03846153489645003,0.0,0.03846153489645003,0,0,0.10691823899371067,0.06666666662222222
2796801478_8ebd7e550b.jpg,একজন লোক একটি স্কেটবোর্ডে চড়ে কসরত দেখাচ্ছেন,0.2857142853061225,0.1999999998,0.23529411252595167,0.23529411252595167,0.0,0.15384614863905344,0,0,0.5625,0.13333333324444444
2747436384_9470c56cb9.jpg,একটি শিশু পানিতে নেমে পানিতে নেমে পানিতে নেমে পানিতে নেমে পানিতে নেমে পানিতে নেমে পানিতে নেমে পানিতে নেমে পানিতে নেমে পানিতে নেমে পানিতে নেমে পানিতে নেমে পানিতে নেমে পানিতে নেমে পানিতে নেমে পানিতে নেমে পানিতে নেমে পানিতে নেমে পানিতে নেমে,0.02499999999375,0.12499999984374999,0.04166666387152797,0.04166666387152797,0.0,0.04166666387152797,0,0,0.12230215827338131,0.09090909082644627
IMG_2277.JPG,মহিলা টি,0.999999995,0.49999999875,0.6666666600000001,0.6666666600000001,0.49999999375000004,0.6666666600000001,0,0,0.4545454545454546,0.49999999875
94232465_a135df2711.jpg,একটি শিশু একটি কুকুর দৌড়াচ্ছে,0.3999999992,0.18181818165289254,0.249999995390625,0.249999995390625,0.0,0.249999995390625,0,0,0.28260869565217395,0.08333333326388888
465994762_1760e83c5d.jpg,একটি কুকুর একটি কুকুর একটি ফ্রিসবি নিয়ে দৌড়াচ্ছে,0.24999999968749997,0.49999999875,0.33333332833333335,0.33333332833333335,0.1999999954000001,0.33333332833333335,0,0,0.5263157894736843,0.2857142853061225
3907.png,একজন পুরুষ বসে আছে।,0.249999999375,0.249999999375,0.2499999943750001,0.2499999943750001,0.0,0.2499999943750001,0,0,0.4666666666666667,0.14285714265306124
822836318_21544f0f78.jpg,একজন লোক একটি বরফের মধ্যে একটি বরফের মধ্যে একটি বরফের মধ্যে একটি বরফের মধ্যে একটি বরফের মধ্যে একটি বরফের মধ্যে একটি বরফের মধ্যে একটি বরফের মধ্যে একটি বরফের মধ্যে একটি বরফের মধ্যে একটি বরফের মধ্যে একটি বরফের মধ্যে একটি বরফের,0.099999999975,0.30769230745562126,0.15094339246707023,0.15094339246707023,0.0,0.15094339246707023,0,0,0.2441860465116279,0.14285714275510203
2368.png,কয়েকজন পুরুষ দাড়িয়ে আছে।,0.249999999375,0.1999999996,0.2222222167901236,0.2222222167901236,0.0,0.2222222167901236,0,0,0.3157894736842105,0.12499999984374999
899.png,একজন পুরুষ বসে আছে।,0.49999999875,0.33333333277777777,0.3999999944,0.3999999944,0.24999999468750006,0.3999999944,0,0,0.3913043478260869,0.24999999968749997
7611.png,একজন পুরুষ বসে আছে।,0.9999999975,0.49999999937499995,0.6666666611111112,0.6666666611111112,0.5999999946000001,0.6666666611111112,0,0,0.4516129032258065,0.6666666655555555
6815.png,একজন পুরুষ ও একজন পুরুষ ও একজন পুরুষ ও একজন পুরুষ ও একজন পুরুষ ও একজন পুরুষ ও একজন পুরুষ ও একজন পুরুষ ও একজন পুরুষ ও একজন পুরুষ ও একজন পুরুষ ও একজন পুরুষ ও একজন পুরুষ ও একজন,0.02499999999375,0.3333333322222222,0.04651162658734455,0.04651162658734455,0.0,0.04651162658734455,0,0,0.12244897959183676,0.1999999996
2984174290_a915748d77.jpg,সমুদ্রের ঢেউয়ে এক সার্ফার,0.7499999981250001,0.49999999916666665,0.5999999940000001,0.5999999940000001,0.49999999406250006,0.5999999940000001,0,0,0.7391304347826086,0.4285714279591837
2279945145_8815c59217.jpg,একটি কুকুর একটি কুকুর খেলছে,0.3999999992,0.33333333277777777,0.36363635801652905,0.36363635801652905,0.1999999948000001,0.36363635801652905,0,0,0.5416666666666667,0.2857142853061225
3637966641_1b108a35ba.jpg,একদল লোক একটি ফুটবল খেলছে,0.1999999996,0.1999999996,0.19999999460000012,0.19999999460000012,0.0,0.19999999460000012,0,0,0.44999999999999996,0.1111111109876543
107582366_d86f2d3347.jpg,কয়েকজন পুরুষ বসে আছে।,0.49999999875,0.24999999968749997,0.33333332833333335,0.33333332833333335,0.1999999954000001,0.33333332833333335,0,0,0.3448275862068966,0.1999999998
8581.png,একটি শিশু একটি শিশু বসে আছে,0.33333333277777777,0.49999999875,0.3999999944,0.3999999944,0.24999999468750006,0.3999999944,0,0,0.5263157894736843,0.33333333277777777
2045928594_92510c1c2a.jpg,একজন লোক একটি স্কেটবোর্ড চালাচ্ছে,0.1999999996,0.09090909082644627,0.12499999554687513,0.12499999554687513,0.0,0.12499999554687513,0,0,0.30434782608695654,0.06666666662222222
2044063458_fcc76a7636.jpg,একটি কুকুর একটি বল ধরার জন্য একটি বল নিয়ে খেলছে,0.29999999969999996,0.3333333329629629,0.31578946836565097,0.31578946836565097,0.12499999492187522,0.31578946836565097,0,0,0.4722222222222222,0.24999999979166665
2839789830_89668775a4.jpg,একটি কুকুর একটি ফ্রিসবি ধরার জন্য লাফ দিলো,0.6249999992187499,0.8333333319444445,0.7142857083673471,0.7142857083673471,0.33333332791666676,0.7142857083673471,0,0,0.7,0.6249999992187499
_MG_1856.JPG,ট্রেনের ট্রেন এর ট্রেন এর ট্রেন এর ট্রেন এর ট্রেন এর ট্রেন এর ট্রেন এর ট্রেন এর ট্রেন এর ট্রেন এর ট্রেন এর ট্রেন এর ট্রেন এর ট্রেন এর ট্রেন এর ট্রেন এর ট্রেন এর ট্রেন এর ট্রেন এর ট্রেন,0.02499999999375,0.1999999996,0.0444444424493828,0.0444444424493828,0.0,0.0444444424493828,0,0,0.08510638297872342,0.14285714265306124
9038.png,একটি নৌকা দেখা যাচ্ছে।,0.249999999375,0.249999999375,0.2499999943750001,0.2499999943750001,0.0,0.2499999943750001,0,0,0.6,0.14285714265306124
4861.png,একটি নৌকায় একজন মানুষ আছে।,0.1999999996,0.3333333322222222,0.24999999468750006,0.24999999468750006,0.0,0.24999999468750006,0,0,0.368421052631579,0.14285714265306124
2918769188_565dd48060.jpg,একটি শিশু একটি পুকুরে লাফ দিচ্ছে,0.0,0.0,0.0,0.0,0.0,0.0,0,0,0.33333333333333337,0.0
2339.png,একটি শিশু পানিতে নেমে আছে।,0.1999999996,0.1999999996,0.19999999460000012,0.19999999460000012,0.0,0.19999999460000012,0,0,0.368421052631579,0.1111111109876543
535309053_ec737abde8.jpg,একটি নৌকা থেকে <unk>,0.49999999875,0.33333333277777777,0.3999999944,0.3999999944,0.0,0.3999999944,0,0,0.38095238095238093,0.33333333277777777
3153067758_53f003b1df.jpg,একজন লোক একটি <unk> <unk> <unk> <unk> <unk> <unk> <unk> <unk> <unk> <unk> <unk> <unk> <unk> <unk> <unk> <unk> <unk> <unk> <unk> <unk> <unk> <unk> <unk> <unk> <unk> <unk> <unk> <unk> <unk> <unk> <unk> <unk> <unk> <unk> <unk> <unk> <unk>,0.0499999999875,0.2857142853061225,0.08510638040742426,0.08510638040742426,0.0,0.08510638040742426,0,0,0.08176100628930816,0.2222222219753086
3518126579_e70e0cbb2b.jpg,একটি শিশু একটি স্কেটবোর্ড চালাচ্ছে,0.1999999996,0.16666666638888888,0.1818181765289258,0.1818181765289258,0.0,0.1818181765289258,0,0,0.4347826086956522,0.1111111109876543
6881.png,একজন লোক একটি সাইকেল নিয়ে যাচ্ছে,0.33333333277777777,0.49999999875,0.3999999944,0.3999999944,0.0,0.3999999944,0,0,0.6521739130434783,0.24999999968749997
8282.png,একজন পুরুষ মাথায় ছাতা ধরে আছে।,0.16666666638888888,0.3333333322222222,0.2222222172839507,0.2222222172839507,0.0,0.2222222172839507,0,0,0.2857142857142857,0.12499999984374999
3363750526_efcedc47a9.jpg,একটি কুকুর একটি কুকুর দৌড়াচ্ছে,0.5999999988,0.37499999953124996,0.46153845609467453,0.46153845609467453,0.28571428000000004,0.46153845609467453,0,0,0.7,0.3999999992
3110649716_c17e14670e.jpg,একজন পুরুষ ও একজন পুরুষ ও একজন পুরুষ ও একজন পুরুষ ও একজন পুরুষ ও একজন পুরুষ ও একজন পুরুষ ও একজন পুরুষ ও একজন পুরুষ ও একজন পুরুষ ও একজন পুরুষ ও একজন পুরুষ ও একজন পুরুষ ও একজন,0.02499999999375,0.0999999999,0.039999996784000263,0.039999996784000263,0.0,0.039999996784000263,0,0,0.2108843537414966,0.08333333326388888
6397.png,একজন পুরুষ দাড়িয়ে আছে।,0.249999999375,0.3333333322222222,0.28571428000000004,0.28571428000000004,0.0,0.28571428000000004,0,0,0.4666666666666667,0.16666666638888888
4639.png,একটি শিশু একটি নৌকা থেকে <unk>,0.0,0.0,0.0,0.0,0.0,0.0,0,0,0.19999999999999996,0.0
3362805914_72f60ee8cb.jpg,একটি শিশু একটি ফ্রিসবি ধরার জন্য লাফ দিচ্ছে,0.12499999984374999,0.1999999996,0.15384614887573977,0.15384614887573977,0.0,0.15384614887573977,0,0,0.4,0.09090909082644627
3247423890_163f00a2cb.jpg,একটি ছেলে একটি বল ধরার জন্য বাতাসে লাফ দিলো,0.1111111109876543,0.16666666638888888,0.13333332835555572,0.13333332835555572,0.0,0.13333332835555572,0,0,0.3548387096774194,0.07692307686390532
1150.png,একজন নারী ও একজন নারী ও একজন নারী ও একজন নারী ও একজন নারী ও একজন নারী ও একজন নারী ও একজন নারী ও একজন নারী ও একজন নারী ও একজন নারী ও একজন নারী ও একজন নারী ও একজন,0.02499999999375,0.14285714265306124,0.04255318893617037,0.04255318893617037,0.0,0.04255318893617037,0,0,0.17164179104477617,0.1111111109876543
7640.png,একজন পুরুষ দাড়িয়ে আছে।,0.249999999375,0.12499999984374999,0.16666666194444454,0.16666666194444454,0.0,0.16666666194444454,0,0,0.15384615384615385,0.0999999999
2414986483_004936f84b.jpg,একটি মেয়ে একটি স্কেটবোর্ড চালাচ্ছে,0.1999999996,0.14285714265306124,0.16666666152777793,0.16666666152777793,0.0,0.16666666152777793,0,0,0.45833333333333337,0.0999999999
3109704348_c6416244ce.jpg,একদল লোক বল ধরার জন্য লড়াই করছে,0.2857142853061225,0.33333333277777777,0.3076923022485208,0.3076923022485208,0.0,0.3076923022485208,0,0,0.3191489361702128,0.18181818165289254
7604.png,একজন মানুষ আছে।,0.6666666644444444,0.6666666644444444,0.6666666594444445,0.6666666594444445,0.4999999925000001,0.6666666594444445,0,0,0.8181818181818181,0.49999999875
4322.png,একজন পুরুষ একটি রাস্তা দিয়ে একজন পুরুষ ও একজন পুরুষ একটি রাস্তা দিয়ে একজন পুরুষ ও একজন পুরুষ একটি রাস্তা দিয়ে একজন পুরুষ ও একজন পুরুষ একটি রাস্তা দিয়ে একজন পুরুষ ও একজন পুরুষ একটি রাস্তা দিয়ে একজন পুরুষ ও,0.0,0.0,0.0,0.0,0.0,0.0,0,0,0.09740259740259738,0.0
3690431163_1d81e19549.jpg,একজন পুরুষ ও একজন পুরুষ ও একজন পুরুষ ও একজন পুরুষ ও একজন পুরুষ ও একজন পুরুষ ও একজন পুরুষ ও একজন পুরুষ ও একজন পুরুষ ও একজন পুরুষ ও একজন পুরুষ ও একজন পুরুষ ও একজন পুরুষ ও একজন,0.0499999999875,0.1999999998,0.07999999676800014,0.07999999676800014,0.03703703301097437,0.07999999676800014,0,0,0.26530612244897955,0.11764705875432525
IMG_9585.JPG,একজন মহিলা বসে আছে,0.49999999875,0.24999999968749997,0.33333332833333335,0.33333332833333335,0.0,0.2222222167901236,0,0,0.3125,0.1999999998
7387.png,একজন পুরুষ বসে আছে।,0.249999999375,0.14285714265306124,0.1818181768595043,0.1818181768595043,0.0,0.1818181768595043,0,0,0.2962962962962963,0.1111111109876543
8836.png,একটি নৌকায় একজন পুরুষ বসে আছে।,0.49999999916666665,0.4285714279591837,0.4615384558579882,0.4615384558579882,0.36363635801652905,0.4615384558579882,0,0,0.6538461538461539,0.29999999969999996
3170110692_d1e0e66cee.jpg,একজন পুরুষ এবং একজন লোক একটি <unk>,0.7142857132653061,0.41666666631944443,0.5263157842659281,0.5263157842659281,0.36363635801652905,0.5263157842659281,0,0,0.5555555555555556,0.3333333329629629
8365.png,একজন পুরুষ বসে আছে।,0.7499999981250001,0.7499999981250001,0.7499999931250001,0.7499999931250001,0.6666666594444445,0.7499999931250001,0,0,0.8666666666666667,0.5999999988
3316.png,একদল মহিলা একসাথে দাঁড়িয়ে আছে,0.1999999996,0.06666666662222222,0.09999999615000013,0.09999999615000013,0.0,0.09999999615000013,0,0,0.40909090909090906,0.05555555552469135
4429.png,একজন পুরুষ বসে আছে।,0.249999999375,0.1999999996,0.2222222167901236,0.2222222167901236,0.0,0.2222222167901236,0,0,0.33333333333333337,0.12499999984374999
7075.png,একটি নৌকায় কয়েকজন মানুষ আছে।,0.9999999980000001,0.49999999949999996,0.6666666613333334,0.6666666613333334,0.6153846101775148,0.6666666613333334,0,0,0.5,0.6249999992187499
2615.png,একটি শিশু একটি শিশু আছে।,0.0,0.0,0.0,0.0,0.0,0.0,0,0,0.2962962962962963,0.0
7363.png,একজন পুরুষ বসে আছে।,0.0,0.0,0.0,0.0,0.0,0.0,0,0,0.2142857142857143,0.0
2315418282_80bd0bb1c0.jpg,একটি কুকুর একটি কুকুর খেলছে,0.5999999988,0.3333333329629629,0.42857142336734694,0.42857142336734694,0.16666666194444454,0.42857142336734694,0,0,0.47058823529411764,0.2222222219753086
2522540026_6ee8ab4c6a.jpg,একটি কুকুর একটি <unk>,0.249999999375,0.0999999999,0.14285713857142868,0.14285713857142868,0.0,0.14285713857142868,0,0,0.20588235294117652,0.08333333326388888
644.png,একজন পুরুষ দাড়িয়ে আছে,0.249999999375,0.14285714265306124,0.1818181768595043,0.1818181768595043,0.0,0.1818181768595043,0,0,0.4782608695652174,0.0999999999
642987597_03b21a1437.jpg,একটি শিশু একটি পাথরের উপর বসে আছে,0.14285714265306124,0.3333333322222222,0.1999999954000001,0.1999999954000001,0.0,0.1999999954000001,0,0,0.48,0.12499999984374999
3399798295_a452963365.jpg,একদল লোক একসাথে ছবি তুলছে,0.1999999996,0.0999999999,0.13333332871111125,0.13333332871111125,0.0,0.13333332871111125,0,0,0.3055555555555556,0.07142857137755101
6472.png,একজন পুরুষ বসে আছে।,0.249999999375,0.16666666638888888,0.1999999948000001,0.1999999948000001,0.0,0.1999999948000001,0,0,0.368421052631579,0.1111111109876543
374567836_3ae12ecffb.jpg,একটি কুকুর একটি কুকুর একটি কুকুর খেলছে,0.2857142853061225,0.49999999875,0.36363635834710756,0.36363635834710756,0.2222222172839507,0.36363635834710756,0,0,0.4814814814814815,0.3999999992
583087629_a09334e1fb.jpg,একটি শিশু একটি স্কেটবোর্ড চালাচ্ছে,0.1999999996,0.14285714265306124,0.16666666152777793,0.16666666152777793,0.0,0.16666666152777793,0,0,0.42307692307692313,0.0999999999
2679926555_b11cf45595.jpg,একটি মেয়ে একটি মেয়ে একটি <unk>,0.33333333277777777,0.2857142853061225,0.3076923022485208,0.3076923022485208,0.1818181765289258,0.3076923022485208,0,0,0.42307692307692313,0.24999999968749997
1620.png,একজন পুরুষ বসে আছে।,0.49999999875,0.14285714275510203,0.22222221851851853,0.22222221851851853,0.12499999679687505,0.22222221851851853,0,0,0.2321428571428571,0.124999999921875
3937.png,একটি নৌকায় একজন মানুষ আছে।,0.1999999996,0.249999999375,0.2222222167901236,0.2222222167901236,0.0,0.2222222167901236,0,0,0.368421052631579,0.12499999984374999
3063544435_10516c6937.jpg,একজন পুরুষ একটি নৌকা থেকে <unk>,0.33333333277777777,0.3999999992,0.36363635801652905,0.36363635801652905,0.2222222167901236,0.36363635801652905,0,0,0.5,0.2222222219753086
3352871762_c9e88592d3.jpg,একজন মহিলা এবং তার <unk> <unk> <unk> <unk> <unk> <unk> <unk> <unk> <unk> <unk> <unk> <unk> <unk> <unk> <unk> <unk> <unk> <unk> <unk> <unk> <unk> <unk> <unk> <unk> <unk> <unk> <unk> <unk> <unk> <unk> <unk> <unk> <unk> <unk> <unk> <unk>,0.12499999996875,0.249999999875,0.16666666216666678,0.16666666216666678,0.0,0.09999999552222243,0,0,0.17721518987341767,0.21052631567867036
7586.png,একজন পুরুষ বসে আছে।,0.249999999375,0.06666666662222222,0.10526315445983389,0.10526315445983389,0.0,0.10526315445983389,0,0,0.5,0.05882352937716263
58.png,একজন বাচ্চা মেয়ে দাঁড়িয়ে আছে,0.1999999996,0.12499999984374999,0.15384614887573977,0.15384614887573977,0.0,0.15384614887573977,0,0,0.30000000000000004,0.08333333326388888
2709648336_15455e60b2.jpg,একটি কুকুর একটি কুকুর একটি <unk>,0.49999999916666665,0.4285714279591837,0.4615384558579882,0.4615384558579882,0.19999999460000012,0.4615384558579882,0,0,0.4347826086956522,0.2857142853061225
2319197581_94f807b204.jpg,একটি সাদা কুকুর একসাথে বসে আছে,0.49999999916666665,0.5999999988,0.5454545395041324,0.5454545395041324,0.4444444385185186,0.5454545395041324,0,0,0.6190476190476191,0.37499999953124996
3144705706_391d7b77c7.jpg,একটি শিশু একটি শিশু একটি বরফের মধ্যে একটি শিশু একটি বরফের মধ্যে একটি শিশু একটি বরফের মধ্যে একটি শিশু একটি বরফের মধ্যে একটি শিশু একটি বরফের মধ্যে একটি শিশু একটি বরফের মধ্যে একটি শিশু একটি বরফের মধ্যে একটি শিশু একটি,0.0499999999875,0.2857142853061225,0.08510638040742426,0.08510638040742426,0.0,0.08510638040742426,0,0,0.12101910828025475,0.14285714265306124
3717845800_ab45e255b8.jpg,একটি ফুটবল খেলোয়াড় বল ধরার জন্য লড়াই করছে,0.37499999953124996,0.3333333329629629,0.3529411710726644,0.3529411710726644,0.0,0.3529411710726644,0,0,0.625,0.21428571413265304
2208310655_a3d83080c5.jpg,একটি ছোট মেয়ে তার <unk> <unk> <unk> <unk> <unk> <unk> <unk> <unk> <unk> <unk> <unk> <unk> <unk> <unk> <unk> <unk> <unk> <unk> <unk> <unk> <unk> <unk> <unk> <unk> <unk> <unk> <unk> <unk> <unk> <unk> <unk> <unk> <unk> <unk> <unk> <unk>,0.02499999999375,0.1111111109876543,0.04081632351520222,0.04081632351520222,0.0,0.04081632351520222,0,0,0.1217948717948718,0.07692307686390532
3405942945_f4af2934a6.jpg,একটি শিশু একটি শিশু একটি শিশু একটি লাল রঙের জামা পরা একটি শিশু একটি শিশু একটি শিশু একটি লাল রঙের জামা পরা একটি শিশু একটি শিশু একটি শিশু একটি লাল রঙের জামা পরা একটি শিশু একটি শিশু একটি শিশু একটি,0.099999999975,0.30769230745562126,0.15094339246707023,0.15094339246707023,0.07843136891964646,0.15094339246707023,0,0,0.2028985507246377,0.26666666648888887
2960759328_2d31e4af9b.jpg,একটি কুকুর একটি <unk>,0.49999999875,0.18181818165289254,0.26666666240000003,0.26666666240000003,0.0,0.13333332924444455,0,0,0.23684210526315785,0.16666666652777776
3273625566_2454f1556b.jpg,একটি কুকুর একটি ফ্রিসবি নিয়ে দৌড়াচ্ছে,0.33333333277777777,0.3999999992,0.36363635801652905,0.36363635801652905,0.0,0.36363635801652905,0,0,0.5416666666666667,0.12499999984374999
1504.png,একজন পুরুষ বসে আছে।,0.7499999981250001,0.2727272724793388,0.3999999955555556,0.3999999955555556,0.15384615005917168,0.3999999955555556,0,0,0.26086956521739135,0.2727272724793388
240696675_7d05193aa0.jpg,একটি কুকুর একটি ফ্রিসবি নিয়ে খেলছে,0.33333333277777777,0.33333333277777777,0.3333333277777778,0.3333333277777778,0.19999999460000012,0.3333333277777778,0,0,0.3913043478260869,0.2222222219753086
3496983524_b21ecdb0c7.jpg,একজন পুরুষ বসে আছে।,0.0,0.0,0.0,0.0,0.0,0.0,0,0,0.4375,0.0
283.png,একজন পুরুষ বসে আছে।,0.49999999875,0.33333333277777777,0.3999999944,0.3999999944,0.24999999468750006,0.3999999944,0,0,0.44999999999999996,0.24999999968749997
2922.png,একজন নারী আছে।,0.0,0.0,0.0,0.0,0.0,0.0,0,0,0.2068965517241379,0.0
3453313865_1ebff5393c.jpg,একটি শিশু একটি রাস্তায় সাইকেল চালাচ্ছে,0.33333333277777777,0.33333333277777777,0.3333333277777778,0.3333333277777778,0.0,0.16666666138888903,0,0,0.43333333333333335,0.2222222219753086
3537400880_8f410d747d.jpg,একটি মেয়ে একটি স্কেটবোর্ড কৌশল দেখাচ্ছে,0.16666666638888888,0.14285714265306124,0.15384614863905344,0.15384614863905344,0.0,0.15384614863905344,0,0,0.3076923076923077,0.09090909082644627
1335.png,কয়েকজন পুরুষ দাড়িয়ে আছে।,0.7499999981250001,0.4285714279591837,0.5454545398347109,0.5454545398347109,0.2222222172839507,0.5454545398347109,0,0,0.46153846153846156,0.37499999953124996
3793.png,একটি নৌকায় কয়েকজন মানুষ আছে।,0.5999999988,0.37499999953124996,0.46153845609467453,0.46153845609467453,0.36363635834710756,0.46153845609467453,0,0,0.4838709677419355,0.3333333329629629
inbound4643021152316756623.jpg,কয়েকজন পুরুষ ও কয়েকজন পুরুষ ও কয়েকজন পুরুষ ও কয়েকজন পুরুষ ও কয়েকজন পুরুষ ও কয়েকজন পুরুষ ও কয়েকজন পুরুষ ও কয়েকজন পুরুষ ও কয়েকজন পুরুষ ও কয়েকজন পুরুষ ও কয়েকজন পুরুষ ও কয়েকজন পুরুষ ও কয়েকজন পুরুষ ও কয়েকজন,0.0,0.0,0.0,0.0,0.0,0.0,0,0,0.19875776397515532,0.0
inbound414927263478164719.jpg,একজন পুরুষ আছে।,0.0,0.0,0.0,0.0,0.0,0.0,0,0,0.23529411764705888,0.0
1330.png,একজন পুরুষ দাড়িয়ে আছে।,0.7499999981250001,0.7499999981250001,0.7499999931250001,0.7499999931250001,0.33333332722222225,0.7499999931250001,0,0,0.8666666666666667,0.5999999988
709.png,একজন নারী আছে।,0.0,0.0,0.0,0.0,0.0,0.0,0,0,0.23809523809523814,0.0
6146.png,একটি ব্রীজ দেখা যাচ্ছে,0.249999999375,0.09090909082644627,0.13333332924444455,0.13333332924444455,0.0,0.13333332924444455,0,0,0.24,0.07142857137755101
1136.png,একজন পুরুষ দাড়িয়ে আছে।,0.9999999975,0.3636363633057851,0.533333328711111,0.533333328711111,0.3076923036686391,0.533333328711111,0,0,0.36585365853658536,0.4444444439506172
3220151692_d398ef9779.jpg,একটি ছেলে একটি ছোট ছেলে একটি <unk>,0.2857142853061225,0.2857142853061225,0.28571428030612256,0.28571428030612256,0.16666666138888903,0.28571428030612256,0,0,0.4642857142857143,0.2222222219753086
3845.png,একজন পুরুষ বসে আছে।,0.9999999975,0.3333333330555555,0.49999999562499997,0.49999999562499997,0.2857142819387755,0.49999999562499997,0,0,0.31818181818181823,0.49999999937499995
3901.png,একজন পুরুষ বসে আছে,0.0,0.0,0.0,0.0,0.0,0.0,0,0,0.28,0.0
1714316707_8bbaa2a2ba.jpg,একজন পুরুষ একটি শিশু আছে।,0.3999999992,0.15384615372781063,0.22222221796296296,0.22222221796296296,0.1249999960937501,0.22222221796296296,0,0,0.33333333333333337,0.14285714275510203
3271252073_0a1b9525fc.jpg,একদল লোক একসাথে ছবি তুলছে,0.0,0.0,0.0,0.0,0.0,0.0,0,0,0.42105263157894735,0.0
8068.png,একটা মেয়ে টির হাতে একটি গাছের পাশে দাড়িয়ে আছে,0.2222222219753086,0.13333333324444444,0.1666666618402779,0.1666666618402779,0.0,0.12499999492187522,0,0,0.5,0.09090909086776859
2192131110_8a40e7c028.jpg,একজন লোক একটি <unk>,0.49999999875,0.3999999992,0.4444444385185186,0.4444444385185186,0.28571428000000004,0.4444444385185186,0,0,0.4736842105263158,0.2857142853061225
6382.png,একটি মেয়ে একটি শিশু কোলে নিয়ে দাড়িয়ে আছে।,0.24999999968749997,0.18181818165289254,0.21052631069252087,0.21052631069252087,0.0,0.21052631069252087,0,0,0.45945945945945943,0.124999999921875
2257798999_d9d1b9a45a.jpg,একটি কুকুর একটি কুকুর খেলছে,0.5999999988,0.5999999988,0.5999999938,0.5999999938,0.2499999943750001,0.5999999938,0,0,0.736842105263158,0.5999999988
1954.png,একটি শিশু আছে।,0.6666666644444444,0.33333333277777777,0.44444443901234576,0.44444443901234576,0.0,0.44444443901234576,0,0,0.35,0.2857142853061225
2903617548_d3e38d7f88.jpg,একটি ছেলে একটি <unk>,0.249999999375,0.1999999996,0.2222222167901236,0.2222222167901236,0.0,0.2222222167901236,0,0,0.47058823529411764,0.14285714265306124
3592.png,একজন পুরুষ আছে।,0.3333333322222222,0.12499999984374999,0.18181817752066123,0.18181817752066123,0.0,0.18181817752066123,0,0,0.2666666666666667,0.0999999999
6084.png,একজন পুরুষ পানিতে নেমে পানিতে নেমে পানিতে নেমে পানিতে নেমে পানিতে নেমে পানিতে নেমে পানিতে নেমে পানিতে নেমে পানিতে নেমে পানিতে নেমে পানিতে নেমে পানিতে নেমে পানিতে নেমে পানিতে নেমে পানিতে নেমে পানিতে নেমে পানিতে নেমে পানিতে নেমে পানিতে নেমে,0.07499999998125,0.7499999981250001,0.13636363464876033,0.13636363464876033,0.0476190462698413,0.09090908921487605,0,0,0.11347517730496459,0.5999999988
8155.png,একজন পুরুষ দাড়িয়ে আছে।,0.249999999375,0.16666666638888888,0.1999999948000001,0.1999999948000001,0.0,0.1999999948000001,0,0,0.40909090909090906,0.1111111109876543
7256.png,একটি নৌকায় কয়েকজন মানুষ আছে।,0.5999999988,0.5999999988,0.5999999938,0.5999999938,0.2499999943750001,0.5999999938,0,0,0.8,0.4285714279591837
6194.png,একজন লোক তার মুখে তাকিয়ে আছে,0.33333333277777777,0.49999999875,0.3999999944,0.3999999944,0.0,0.3999999944,0,0,0.65,0.24999999968749997
3370085095_6abbb67c1d.jpg,একজন পুরুষ ও একজন পুরুষ ও একজন পুরুষ ও একজন পুরুষ ও একজন পুরুষ ও একজন পুরুষ ও একজন পুরুষ ও একজন পুরুষ ও একজন পুরুষ ও একজন পুরুষ ও একজন পুরুষ ও একজন পুরুষ ও একজন পুরুষ ও একজন,0.07499999998125,0.37499999953124996,0.12499999717013895,0.12499999717013895,0.08695651912098307,0.12499999717013895,0,0,0.25850340136054417,0.37499999953124996
ob_1718260802.jpg,কয়েকজন পুরুষ বসে আছে।,0.0,0.0,0.0,0.0,0.0,0.0,0,0,0.19999999999999996,0.0
2603334363_cfa32c4482.jpg,একটি শিশু একটি শিশু একটি খেলনা নিয়ে একটি খেলনা নিয়ে একটি খেলনা নিয়ে একটি খেলনা নিয়ে একটি খেলনা নিয়ে একটি খেলনা নিয়ে একটি খেলনা নিয়ে একটি খেলনা নিয়ে একটি খেলনা নিয়ে একটি খেলনা নিয়ে একটি খেলনা নিয়ে একটি খেলনা নিয়ে,0.07499999998125,0.24999999979166665,0.11538461178994093,0.11538461178994093,0.0,0.11538461178994093,0,0,0.18620689655172418,0.18181818165289254
3675825945_96b2916959.jpg,একজন স্কেটবোর্ডার একটি স্কেটবোর্ড কৌশল দেখাচ্ছে,0.33333333277777777,0.2222222219753086,0.2666666615111111,0.2666666615111111,0.15384614887573977,0.2666666615111111,0,0,0.55,0.18181818165289254
3025315215_a5d367971a.jpg,একটি কুকুর একটি <unk>,0.9999999975,0.4444444439506172,0.6153846101775148,0.6153846101775148,0.2222222172839507,0.6153846101775148,0,0,0.4411764705882353,0.37499999953124996
4344.png,একজন পুরুষ ও একজন পুরুষ আছে।,0.49999999916666665,0.49999999916666665,0.4999999941666667,0.4999999941666667,0.19999999460000012,0.4999999941666667,0,0,0.6363636363636364,0.4285714279591837
3552.png,একটি <unk> <unk> <unk> <unk> <unk> <unk>,0.14285714265306124,0.07142857137755101,0.09523809070294806,0.09523809070294806,0.0,0.09523809070294806,0,0,0.2222222222222222,0.06666666662222222
3707.png,একজন পুরুষ একটি দোকানের সামনে দাঁড়িয়ে আছে,0.2857142853061225,0.49999999875,0.36363635834710756,0.36363635834710756,0.2222222172839507,0.36363635834710756,0,0,0.4642857142857143,0.2222222219753086
319847643_df7c2a1d25.jpg,একটি শিশু একটি লাল রঙের একটি শিশু একটি লাল রঙের একটি লাল রঙের একটি শিশু একটি লাল রঙের একটি লাল রঙের একটি শিশু একটি লাল রঙের একটি লাল রঙের একটি শিশু একটি লাল রঙের একটি লাল রঙের একটি শিশু একটি,0.0499999999875,0.24999999968749997,0.08333333052083343,0.08333333052083343,0.0,0.08333333052083343,0,0,0.16666666666666663,0.0999999999
2822891602_ff61df2ece.jpg,একটি শিশু একটি শিশু একটি শিশু একটি শিশু একটি শিশু একটি শিশু একটি শিশু একটি শিশু একটি শিশু একটি শিশু একটি শিশু একটি শিশু একটি শিশু একটি শিশু একটি শিশু একটি শিশু একটি শিশু একটি শিশু একটি শিশু একটি শিশু,0.02499999999375,0.0999999999,0.039999996784000263,0.039999996784000263,0.0,0.039999996784000263,0,0,0.1151079136690647,0.09090909082644627
1318.png,একজন মহিলা এবং একজন মহিলা টি,0.49999999916666665,0.1874999998828125,0.27272726851239676,0.27272726851239676,0.0,0.1818181776859505,0,0,0.33333333333333337,0.1764705881314879
1747.png,একজন মহিলা এবং একজন পুরুষ আছে।,0.16666666638888888,0.1111111109876543,0.13333332835555572,0.13333332835555572,0.0,0.13333332835555572,0,0,0.375,0.07692307686390532
3296150666_aae2f64348.jpg,একটি গাড়ির নিচে নামছে,0.249999999375,0.1999999996,0.2222222167901236,0.2222222167901236,0.0,0.2222222167901236,0,0,0.5555555555555556,0.12499999984374999
_MG_2334.JPG,একটা লোক বসে আছে,0.9999999975,0.9999999975,0.9999999925,0.9999999925,0.9999999916666666,0.9999999925,1,1,1.0,0.9999999975
3325974730_3ee192e4ff.jpg,একজন স্কেটবোর্ডার বাতাসে লাফ দিচ্ছে,0.3999999992,0.2222222219753086,0.2857142807142858,0.2857142807142858,0.16666666194444454,0.2857142807142858,0,0,0.42307692307692313,0.18181818165289254
4139.png,একজন পুরুষ দাড়িয়ে আছে।,0.49999999875,0.14285714275510203,0.22222221851851853,0.22222221851851853,0.0,0.22222221851851853,0,0,0.36363636363636365,0.124999999921875
3154693053_cfcd05c226.jpg,একজন বাস্কেটবল খেলোয়াড় বল নিয়ে বাস্কেটবল খেলছে,0.571428570612245,0.6666666655555555,0.6153846094674558,0.6153846094674558,0.5454545395041324,0.6153846094674558,0,0,0.696969696969697,0.49999999937499995
2147.png,একজন নারী ও একজন নারী ও একজন পুরুষ ও একজন পুরুষ আছে।,0.16666666652777776,0.15384615372781063,0.15999999488000013,0.15999999488000013,0.0,0.15999999488000013,0,0,0.34090909090909094,0.124999999921875
3721799573_2f470950e0.jpg,একজন মহিলা একসাথে ছবি তুলছে,0.5999999988,0.5999999988,0.5999999938,0.5999999938,0.4999999937500001,0.5999999938,0,0,0.7,0.4285714279591837
_MG_1776.JPG,একটি ট্রেন এর ভিতর দিয়ে হেটে যাচ্ছে,0.2857142853061225,0.6666666644444444,0.39999999500000005,0.39999999500000005,0.24999999562500003,0.39999999500000005,0,0,0.5,0.24999999968749997
1032460886.jpg,একটি মেয়ে একটি <unk>,0.249999999375,0.12499999984374999,0.16666666194444454,0.16666666194444454,0.0,0.16666666194444454,0,0,0.2571428571428571,0.0999999999
3726076549_0efb38854b.jpg,একজন লোক একটি স্কেটবোর্ডে চড়ে শূন্যে লাফ দিচ্ছে,0.49999999937499995,0.2222222220987654,0.3076923031952663,0.3076923031952663,0.08333332913194465,0.3076923031952663,0,0,0.3421052631578947,0.18181818173553718
743571049_68080e8751.jpg,একটি শিশু একটি <unk>,0.7499999981250001,0.3333333329629629,0.4615384565680474,0.4615384565680474,0.2222222172839507,0.4615384565680474,0,0,0.4285714285714286,0.24999999968749997
2951750234_a4741f708b.jpg,একটি কালো কুকুর একটি ফ্রিসবি ধরার জন্য লাফ দিচ্ছে,0.4444444439506172,0.30769230745562126,0.3636363584710744,0.3636363584710744,0.09999999510000022,0.3636363584710744,0,0,0.4651162790697675,0.2352941175086505
4345.png,একটি শিশু একটি <unk> <unk> <unk> <unk> <unk> <unk> <unk> <unk> <unk> <unk> <unk> <unk> <unk> <unk> <unk> <unk> <unk> <unk> <unk> <unk> <unk> <unk> <unk> <unk> <unk> <unk> <unk> <unk> <unk> <unk> <unk> <unk> <unk> <unk> <unk> <unk> <unk>,0.07499999998125,0.7499999981250001,0.13636363464876033,0.13636363464876033,0.0476190462698413,0.13636363464876033,0,0,0.069620253164557,0.7499999981250001
6721.png,একজন পুরুষ বসে আছে।,0.49999999875,0.2857142853061225,0.36363635834710756,0.36363635834710756,0.0,0.36363635834710756,0,0,0.5263157894736843,0.2222222219753086
3700.png,একজন নারী বসে আছে।,0.7499999981250001,0.49999999916666665,0.5999999940000001,0.5999999940000001,0.24999999468750006,0.5999999940000001,0,0,0.5454545454545454,0.4285714279591837
156.png,একটি শিশু একটি <unk>,0.49999999875,0.11764705875432525,0.19047618721088438,0.19047618721088438,0.0,0.19047618721088438,0,0,0.23809523809523814,0.05555555552469135
7027.png,একজন পুরুষ দাড়িয়ে আছে।,0.49999999875,0.33333333277777777,0.3999999944,0.3999999944,0.0,0.3999999944,0,0,0.30434782608695654,0.24999999968749997
2265367960_7928c5642f.jpg,একজন পুরুষ এবং একজন মহিলা এবং তার পিছনে একজন মহিলা এবং তার পিছনে একজন মহিলা এবং তার পিছনে একজন মহিলা এবং তার পিছনে একজন মহিলা এবং তার পিছনে একজন মহিলা এবং তার পিছনে একজন মহিলা এবং তার পিছনে একজন মহিলা,0.0,0.0,0.0,0.0,0.0,0.0,0,0,0.11111111111111116,0.0
2910.png,একজন পুরুষ একটি শিশু বসে আছে,0.33333333277777777,0.1999999998,0.24999999500000003,0.24999999500000003,0.0,0.1818181765289258,0,0,0.47619047619047616,0.14285714275510203
5941.png,একটি নৌকায় কয়েকজন মানুষ আছে।,0.3999999992,0.24999999968749997,0.3076923024852071,0.3076923024852071,0.0,0.3076923024852071,0,0,0.31034482758620685,0.18181818165289254
2377.png,কয়েকজন পুরুষ বসে আছে।,0.249999999375,0.0999999999,0.14285713857142868,0.14285713857142868,0.0,0.14285713857142868,0,0,0.33333333333333337,0.07692307686390532
4836.png,কয়েকজন মানুষ আছে।,0.3333333322222222,0.16666666638888888,0.2222222172839507,0.2222222172839507,0.0,0.2222222172839507,0,0,0.34615384615384615,0.12499999984374999
3099504809_565e17e49d.jpg,একজন পুরুষ দাড়িয়ে আছে,0.249999999375,0.16666666638888888,0.1999999948000001,0.1999999948000001,0.0,0.1999999948000001,0,0,0.43999999999999995,0.12499999984374999
5685.png,একজন পুরুষ দাড়িয়ে আছে।,0.249999999375,0.1999999996,0.2222222167901236,0.2222222167901236,0.0,0.2222222167901236,0,0,0.375,0.12499999984374999
632251903_b36701a5e9.jpg,একটি ছেলে একটি ছেলে একটি পাথরের উপর দিয়ে একটি পাথরের উপর দিয়ে একটি পাথরের উপর দিয়ে একটি পাথরের উপর দিয়ে একটি পাথরের উপর দিয়ে একটি পাথরের উপর দিয়ে একটি পাথরের উপর দিয়ে একটি পাথরের উপর দিয়ে একটি পাথরের উপর দিয়ে,0.07499999998125,0.2727272724793388,0.11764705539407928,0.11764705539407928,0.08163264977925878,0.11764705539407928,0,0,0.28025477707006374,0.23076923059171597
5966.png,একজন নারী আছে।,0.9999999966666667,0.4285714279591837,0.5999999946000001,0.5999999946000001,0.49999999500000003,0.5999999946000001,0,0,0.3448275862068966,0.4285714279591837
535399240_0714a6e950.jpg,একটি শিশু একটি শিশু একটি <unk> <unk> <unk> <unk> <unk> <unk> <unk> <unk> <unk> <unk> <unk> <unk> <unk> <unk> <unk> <unk> <unk> <unk> <unk> <unk> <unk> <unk> <unk> <unk> <unk> <unk> <unk> <unk> <unk> <unk> <unk> <unk> <unk> <unk> <unk>,0.07499999998125,0.2727272724793388,0.11764705539407928,0.11764705539407928,0.0,0.11764705539407928,0,0,0.10828025477707004,0.09090909082644627
7129.png,একজন পুরুষ আছে।,0.6666666644444444,0.2222222219753086,0.3333333290277778,0.3333333290277778,0.19999999640000002,0.3333333290277778,0,0,0.4,0.1999999998
3417662443_2eaea88977.jpg,একজন পুরুষ মাথায় <unk> <unk>,0.1999999996,0.12499999984374999,0.15384614887573977,0.15384614887573977,0.0,0.15384614887573977,0,0,0.32258064516129037,0.09090909082644627
2251992614_0c601fae2c.jpg,এক মহিলা একটি <unk> <unk> <unk> <unk> <unk> <unk> <unk> <unk> <unk> <unk> <unk> <unk> <unk> <unk> <unk> <unk> <unk> <unk> <unk> <unk> <unk> <unk> <unk> <unk> <unk> <unk> <unk> <unk> <unk> <unk> <unk> <unk> <unk> <unk> <unk> <unk> <unk>,0.0499999999875,0.24999999968749997,0.08333333052083343,0.08333333052083343,0.0,0.08333333052083343,0,0,0.11392405063291144,0.1999999998
3458.png,একটি সেতুর উপর কয়েকজন মানুষ আছে।,0.16666666638888888,0.1999999996,0.1818181765289258,0.1818181765289258,0.0,0.1818181765289258,0,0,0.375,0.0999999999
3122888809_9ae9b4b9b2.jpg,একটি কুকুর একটি কুকুর খেলছে,0.7999999984,0.3333333330555555,0.47058823058823535,0.47058823058823535,0.1818181768595043,0.47058823058823535,0,0,0.4666666666666667,0.2222222219753086
3644.png,একটা ছেলে একসাথে বসে আছে,0.0,0.0,0.0,0.0,0.0,0.0,0,0,0.3571428571428571,0.0
5791.png,একজন পুরুষ বসে আছে,0.49999999875,0.49999999875,0.4999999937500001,0.4999999937500001,0.33333332722222225,0.4999999937500001,0,0,0.6470588235294117,0.33333333277777777
2130.png,একজন পুরুষ বসে আছে।,0.49999999875,0.3999999992,0.4444444385185186,0.4444444385185186,0.28571428000000004,0.4444444385185186,0,0,0.5625,0.2857142853061225
3526150930_580908dab6.jpg,একটি শিশু একটি শিশু আছে।,0.3999999992,0.16666666652777776,0.23529411321799312,0.23529411321799312,0.0,0.23529411321799312,0,0,0.36,0.09090909082644627
2765029348_667111fc30.jpg,একজন লোক একটি সাইকেল নিয়ে একটি সাইকেল নিয়ে একটি সাইকেল নিয়ে একটি সাইকেল নিয়ে একটি সাইকেল নিয়ে একটি সাইকেল নিয়ে একটি সাইকেল নিয়ে একটি সাইকেল নিয়ে একটি সাইকেল নিয়ে একটি সাইকেল নিয়ে একটি সাইকেল নিয়ে একটি সাইকেল নিয়ে একটি সাইকেল,0.099999999975,0.4444444439506172,0.1632653030570596,0.1632653030570596,0.043478258270321514,0.1632653030570596,0,0,0.17500000000000004,0.29999999969999996
128404184.jpg,একটি ফুটবল খেলোয়াড় বল নিয়ে খেলছে,0.16666666638888888,0.08333333326388888,0.11111110654321005,0.11111110654321005,0.0,0.11111110654321005,0,0,0.26086956521739135,0.0624999999609375
5655.png,একটি নৌকায় কয়েকজন মানুষ আছে।,0.5999999988,0.9999999966666667,0.7499999934375,0.7499999934375,0.33333332777777785,0.7499999934375,0,0,0.5,0.5999999988
3362592729_893e26b806.jpg,একজন মহিলা তার <unk> <unk> <unk> <unk>,0.14285714265306124,0.1111111109876543,0.12499999492187522,0.12499999492187522,0.0,0.12499999492187522,0,0,0.275,0.08333333326388888
2494.png,একজন পুরুষ দাড়িয়ে আছে।,0.7499999981250001,0.24999999979166665,0.37499999578125004,0.37499999578125004,0.14285713928571436,0.37499999578125004,0,0,0.28888888888888886,0.2727272724793388
8247.png,রেল লাইনের পাশ দিয়ে একটি সেতু আছে।,0.2857142853061225,0.1999999998,0.23529411252595167,0.23529411252595167,0.0,0.23529411252595167,0,0,0.4,0.13333333324444444
3346614841_698f9aa486.jpg,একজন পুরুষ,0.4999999975,0.1999999996,0.28571428081632655,0.28571428081632655,0.0,0.28571428081632655,0,0,0.33333333333333337,0.16666666638888888
2629346153_155ba73ae9.jpg,একটি কুকুর একটি কুকুর,0.7499999981250001,0.3333333329629629,0.4615384565680474,0.4615384565680474,0.18181817752066123,0.4615384565680474,0,0,0.375,0.24999999968749997
1094606832.jpg,একজন লোক একটি রেস্তোরাঁর দোকানে একজন লোক একটি মদের দোকানে একজন লোক একটি মদের দোকানে একজন লোক একটি মদের দোকানে একজন লোক একটি মদের দোকানে একজন লোক একটি মদের দোকানে একজন লোক একটি মদের দোকানে একজন লোক একটি মদের দোকানে,0.099999999975,0.24999999984375,0.14285713872448993,0.14285713872448993,0.0,0.14285713872448993,0,0,0.26086956521739135,0.16666666652777776
590.png,একজন পুরুষ দাড়িয়ে আছে।,0.49999999875,0.49999999875,0.4999999937500001,0.4999999937500001,0.33333332722222225,0.4999999937500001,0,0,0.7333333333333334,0.33333333277777777
757133580_ba974ef649.jpg,একজন পুরুষ মাথায় <unk> <unk>,0.1999999996,0.14285714265306124,0.16666666152777793,0.16666666152777793,0.0,0.16666666152777793,0,0,0.30000000000000004,0.0999999999
2070.png,একটি শিশু একটি শিশু বসে আছে,0.33333333277777777,0.3999999992,0.36363635801652905,0.36363635801652905,0.0,0.36363635801652905,0,0,0.44999999999999996,0.2857142853061225
ob_1716989674.jpg,একজন পুরুষ বসে আছে।,0.0,0.0,0.0,0.0,0.0,0.0,0,0,0.19999999999999996,0.0
3264.png,একটি গাছের নিচে একজন পুরুষ বসে আছে।,0.2857142853061225,0.6666666644444444,0.39999999500000005,0.39999999500000005,0.0,0.39999999500000005,0,0,0.36,0.24999999968749997
3069037969_bb7319e0dc.jpg,একটি কুকুর একটি কুকুর সাঁতার কাটছে,0.6666666655555555,0.9999999975,0.7999999936,0.7999999936,0.7499999934375,0.7999999936,0,0,0.6521739130434783,0.9999999975
7469.png,একটি সেতুর উপর দিয়ে একটি সেতুর উপর দিয়ে একটি সেতুর উপর দিয়ে একটি সেতুর উপর দিয়ে একটি সেতুর উপর দিয়ে একটি সেতুর উপর দিয়ে একটি সেতুর উপর দিয়ে একটি সেতুর উপর দিয়ে একটি সেতুর উপর দিয়ে একটি সেতুর উপর দিয়ে,0.0499999999875,0.15384615372781063,0.07547169438234266,0.07547169438234266,0.0,0.07547169438234266,0,0,0.16778523489932884,0.1111111109876543
3327.png,কয়েকজন পুরুষ ও কয়েকজন পুরুষ ও কয়েকজন পুরুষ ও কয়েকজন পুরুষ ও কয়েকজন পুরুষ ও কয়েকজন পুরুষ ও কয়েকজন পুরুষ ও কয়েকজন পুরুষ ও কয়েকজন পুরুষ ও কয়েকজন পুরুষ ও কয়েকজন পুরুষ ও কয়েকজন পুরুষ ও কয়েকজন পুরুষ ও কয়েকজন,0.0499999999875,0.24999999968749997,0.08333333052083343,0.08333333052083343,0.0,0.08333333052083343,0,0,0.1490683229813664,0.12499999984374999
1358089136_976e3d2e30.jpg,একজন লোক পাহাড়ের চূড়ায় দাঁড়িয়ে আছে,0.33333333277777777,0.24999999968749997,0.2857142804081633,0.2857142804081633,0.0,0.2857142804081633,0,0,0.4666666666666667,0.16666666652777776
2467850190_07a74d89b7.jpg,একটি কালো কুকুর একটি কুকুর বসে আছে,0.571428570612245,0.49999999937499995,0.5333333276444445,0.5333333276444445,0.15384614863905344,0.5333333276444445,0,0,0.5,0.3333333329629629
2029.png,একটি নৌকা দেখা যাচ্ছে।,0.249999999375,0.249999999375,0.2499999943750001,0.2499999943750001,0.0,0.2499999943750001,0,0,0.5384615384615384,0.14285714265306124
4806.png,পানিতে একজন পুরুষ দাড়িয়ে আছে।,0.0,0.0,0.0,0.0,0.0,0.0,0,0,0.30000000000000004,0.0
245.png,একজন পুরুষ বসে আছে।,0.249999999375,0.1111111109876543,0.15384614934911253,0.15384614934911253,0.0,0.15384614934911253,0,0,0.28125,0.08333333326388888
3634400263_c6fcaa48e1.jpg,একটি সাইকেল চালক একটি সাইকেল নিয়ে একটি সাইকেল নিয়ে একটি সাইকেল নিয়ে একটি সাইকেল নিয়ে একটি সাইকেল নিয়ে একটি সাইকেল নিয়ে একটি সাইকেল নিয়ে একটি সাইকেল নিয়ে একটি সাইকেল নিয়ে একটি সাইকেল নিয়ে একটি সাইকেল নিয়ে একটি সাইকেল নিয়ে একটি,0.02499999999375,0.14285714265306124,0.04255318893617037,0.04255318893617037,0.0,0.04255318893617037,0,0,0.18125000000000002,0.0999999999
2844.png,একজন পুরুষ দাড়িয়ে আছে।,0.9999999975,0.3636363633057851,0.533333328711111,0.533333328711111,0.42857142459183667,0.533333328711111,0,0,0.375,0.3999999996
1213336750_2269b51397.jpg,এক ব্যক্তি একটি <unk> <unk> <unk> <unk> <unk> <unk> <unk> <unk> <unk> <unk> <unk> <unk> <unk> <unk> <unk> <unk> <unk> <unk> <unk> <unk> <unk> <unk> <unk> <unk> <unk> <unk> <unk> <unk> <unk> <unk> <unk> <unk> <unk> <unk> <unk> <unk> <unk>,0.0499999999875,0.1999999998,0.07999999676800014,0.07999999676800014,0.0,0.04166666387152797,0,0,0.08176100628930816,0.16666666652777776
469259974_bb03c15c42.jpg,একজন পুরুষ বসে আছে,0.49999999875,0.18181818165289254,0.26666666240000003,0.26666666240000003,0.0,0.26666666240000003,0,0,0.42307692307692313,0.15384615372781063
3486538055_bcf4d3dfda.jpg,একটি কুকুর একটি কুকুর একটি ফ্রিসবি ধরার জন্য লাফ দিচ্ছে,0.3999999996,0.3333333330555555,0.3636363583471074,0.3636363583471074,0.12499999492187522,0.3636363583471074,0,0,0.4871794871794872,0.23076923059171597
8480.png,একজন পুরুষ দাড়িয়ে আছে।,0.249999999375,0.3333333322222222,0.28571428000000004,0.28571428000000004,0.0,0.28571428000000004,0,0,0.4666666666666667,0.16666666638888888
339350939_6643bfb270.jpg,সমুদ্রের পারে একটি কুকুর সমুদ্রের দিকে ছুটে চলছে,0.49999999937499995,0.49999999937499995,0.49999999437500003,0.49999999437500003,0.28571428030612256,0.49999999437500003,0,0,0.53125,0.3636363633057851
3610.png,একজন পুরুষ দাড়িয়ে আছে।,0.9999999975,0.571428570612245,0.7272727213223142,0.7272727213223142,0.44444443901234576,0.7272727213223142,0,0,0.6,0.571428570612245
8173.png,একজন পুরুষ দাড়িয়ে আছে।,0.49999999875,0.3999999992,0.4444444385185186,0.4444444385185186,0.0,0.4444444385185186,0,0,0.5294117647058824,0.2857142853061225
412.png,একজন পুরুষ বসে আছে।,0.7499999981250001,0.37499999953124996,0.49999999472222234,0.49999999472222234,0.1999999954000001,0.49999999472222234,0,0,0.4285714285714286,0.37499999953124996
3045613316_4e88862836.jpg,একজন লোক পাহাড়ের চূড়ায় দাঁড়িয়ে আছে,0.49999999916666665,0.29999999969999996,0.37499999484375,0.37499999484375,0.14285713806122466,0.37499999484375,0,0,0.6521739130434783,0.24999999979166665
7078.png,একটি নৌকা দেখা যাচ্ছে ও একজন পুরুষ দাড়িয়ে আছে।,0.5555555549382716,0.8333333319444445,0.6666666609777778,0.6666666609777778,0.23529411238754333,0.4210526261495845,0,0,0.4193548387096774,0.49999999949999996
6358.png,একটি সেতুর উপর একটি সেতুর উপর একটি সেতুর উপর একটি সেতুর উপর দিয়ে একটি সেতুর উপর দিয়ে একটি সেতুর উপর দিয়ে একটি সেতুর উপর দিয়ে একটি সেতুর উপর দিয়ে একটি সেতুর উপর দিয়ে একটি সেতুর উপর দিয়ে একটি সেতুর উপর,0.07499999998125,0.4285714279591837,0.12765957187867819,0.12765957187867819,0.08888888653827165,0.12765957187867819,0,0,0.125,0.37499999953124996
1517.png,একজন পুরুষ দাড়িয়ে আছে।,0.7499999981250001,0.3333333329629629,0.4615384565680474,0.4615384565680474,0.18181817752066123,0.4615384565680474,0,0,0.36363636363636365,0.29999999969999996
7063.png,কয়েকজন পুরুষ দাড়িয়ে আছে।,0.9999999975,0.9999999975,0.9999999925,0.9999999925,0.9999999916666666,0.9999999925,1,1,1.0,0.9999999975
1865.png,একজন পুরুষ বসে আছে।,0.49999999875,0.2857142853061225,0.36363635834710756,0.36363635834710756,0.0,0.36363635834710756,0,0,0.2857142857142857,0.2222222219753086
5959.png,একটি নৌকায় কয়েকজন মানুষ আছে।,0.3999999992,0.2857142853061225,0.33333332791666676,0.33333332791666676,0.1999999948000001,0.33333332791666676,0,0,0.4,0.1999999998
8067.png,একটি শিশু দোলনায় একটি দোলনায় একটি দোলনায় একটি দোলনায় একটি দোলনায় একটি দোলনায় একটি দোলনায় একটি দোলনায় একটি দোলনায় একটি দোলনায় একটি দোলনায় একটি দোলনায় একটি দোলনায় একটি দোলনায় একটি দোলনায় একটি দোলনায় একটি দোলনায় একটি দোলনায় একটি দোলনায় একটি,0.0499999999875,0.3999999992,0.08888888687407412,0.08888888687407412,0.04651162619794489,0.08888888687407412,0,0,0.10169491525423724,0.33333333277777777
3079787482_0757e9d167.jpg,একটি শিশু একটি শিশু বসে আছে,0.16666666638888888,0.16666666638888888,0.16666666138888903,0.16666666138888903,0.0,0.16666666138888903,0,0,0.45833333333333337,0.1111111109876543
1912.png,একজন পুরুষ একটি শিশু আছে।,0.1999999996,0.12499999984374999,0.15384614887573977,0.15384614887573977,0.0,0.15384614887573977,0,0,0.33333333333333337,0.0999999999
3799.png,একটি গরু নিয়ে আছে।,0.7499999981250001,0.49999999916666665,0.5999999940000001,0.5999999940000001,0.24999999468750006,0.5999999940000001,0,0,0.35,0.4285714279591837
3174228611_6cf9d2266b.jpg,একজন বাস্কেটবল খেলোয়াড় বল নিয়ে দাঁড়িয়ে আছে,0.4285714279591837,0.49999999916666665,0.4615384558579882,0.4615384558579882,0.3076923022485208,0.4615384558579882,0,0,0.5675675675675675,0.29999999969999996
3174.png,একজন পুরুষ বসে আছে।,0.249999999375,0.16666666638888888,0.1999999948000001,0.1999999948000001,0.0,0.1999999948000001,0,0,0.3913043478260869,0.1111111109876543
7320.png,একটি মঞ্চে দাড়িয়ে আছে,0.49999999875,0.14285714275510203,0.22222221851851853,0.22222221851851853,0.0,0.22222221851851853,0,0,0.2727272727272727,0.13333333324444444
7091.png,একজন পুরুষ দাড়িয়ে আছে।,0.249999999375,0.1111111109876543,0.15384614934911253,0.15384614934911253,0.0,0.15384614934911253,0,0,0.29729729729729726,0.09090909082644627
515335111_c4afd5b903.jpg,একটি নৌকায় একজন লোক একটি নৌকা থেকে <unk>,0.6249999992187499,0.5555555549382716,0.5882352884429066,0.5882352884429066,0.2666666613333334,0.5882352884429066,0,0,0.5151515151515151,0.3636363633057851
3010.png,একজন পুরুষ দাড়িয়ে আছে।,0.249999999375,0.3333333322222222,0.28571428000000004,0.28571428000000004,0.0,0.28571428000000004,0,0,0.4666666666666667,0.16666666638888888
670.png,একজন পুরুষ ও একজন পুরুষ ও একজন পুরুষ ও একজন পুরুষ ও একজন পুরুষ ও একজন পুরুষ ও একজন পুরুষ ও একজন পুরুষ ও একজন পুরুষ ও একজন পুরুষ ও একজন পুরুষ ও একজন পুরুষ ও একজন পুরুষ ও একজন,0.0499999999875,0.16666666652777776,0.07692307334319543,0.07692307334319543,0.0,0.07692307334319543,0,0,0.18367346938775508,0.08333333326388888
7081.png,একজন নারী বসে আছে।,0.9999999975,0.571428570612245,0.7272727213223142,0.7272727213223142,0.6666666607407408,0.7272727213223142,0,0,0.5416666666666667,0.6666666655555555
3204.png,একজন পুরুষ দাড়িয়ে আছে।,0.249999999375,0.3333333322222222,0.28571428000000004,0.28571428000000004,0.0,0.28571428000000004,0,0,0.4666666666666667,0.16666666638888888
535.png,একজন পুরুষ একটি শিশু আছে।,0.3999999992,0.2857142853061225,0.33333332791666676,0.33333332791666676,0.1999999948000001,0.33333332791666676,0,0,0.47619047619047616,0.1999999998
3547600292_6f8aac7f2e.jpg,একটি মুরগি ও একটি মুরগি ও একটি মুরগি ও একটি মুরগি ও একটি মুরগি ও একটি মুরগি ও একটি মুরগি ও একটি মুরগি ও একটি মুরগি ও একটি মুরগি ও একটি মুরগি ও একটি মুরগি ও একটি মুরগি ও একটি,0.0499999999875,0.2222222219753086,0.08163265002915464,0.08163265002915464,0.0,0.08163265002915464,0,0,0.18045112781954886,0.14285714265306124
2086678529_b3301c2d71.jpg,একটি মেয়ে একটি মেয়ে,0.49999999875,0.3999999992,0.4444444385185186,0.4444444385185186,0.28571428000000004,0.4444444385185186,0,0,0.5625,0.3999999992
3485657956_7481582565.jpg,একটি কালো কুকুর একটি কুকুর খেলছে,0.33333333277777777,0.3999999992,0.36363635801652905,0.36363635801652905,0.2222222167901236,0.36363635801652905,0,0,0.5454545454545454,0.2857142853061225
7348.png,একজন পুরুষ দাড়িয়ে আছে।,0.9999999975,0.49999999937499995,0.6666666611111112,0.6666666611111112,0.39999999500000005,0.6666666611111112,0,0,0.4838709677419355,0.49999999937499995
3687.png,একজন নারী মাথায় <unk> <unk> <unk> <unk> <unk> <unk> <unk> <unk> <unk> <unk> <unk> <unk> <unk> <unk> <unk> <unk> <unk> <unk> <unk> <unk> <unk> <unk> <unk> <unk> <unk> <unk> <unk> <unk> <unk> <unk> <unk> <unk> <unk> <unk> <unk> <unk> <unk>,0.0499999999875,0.6666666644444444,0.09302325447268796,0.09302325447268796,0.04878048685306366,0.09302325447268796,0,0,0.1132075471698113,0.3999999992
6237.png,পানিতে একটি নৌকায় কয়েকজন মানুষ আছে।,0.49999999916666665,0.5999999988,0.5454545395041324,0.5454545395041324,0.2222222167901236,0.5454545395041324,0,0,0.5,0.37499999953124996
595.png,কয়েকজন পুরুষ বসে আছে।,0.49999999875,0.3999999992,0.4444444385185186,0.4444444385185186,0.28571428000000004,0.4444444385185186,0,0,0.4736842105263158,0.2857142853061225
2957071266_1b40ec7d96.jpg,একটি কুকুর একটি মাঠে দৌড়াচ্ছে,0.9999999980000001,0.41666666631944443,0.5882352892733564,0.5882352892733564,0.13333332924444455,0.47058823058823535,0,0,0.4571428571428572,0.4444444439506172
8220.png,একজন পুরুষ বসে আছে।,0.9999999975,0.9999999975,0.9999999925,0.9999999925,0.9999999916666666,0.9999999925,1,1,1.0,0.9999999975
5532.png,একজন মহিলা তার মুখ ঢেকে রেখেছে।,0.16666666638888888,0.3333333322222222,0.2222222172839507,0.2222222172839507,0.0,0.2222222172839507,0,0,0.40625,0.12499999984374999
3765.png,কয়েকজন পুরুষ দাড়িয়ে আছে।,0.9999999975,0.571428570612245,0.7272727213223142,0.7272727213223142,0.44444443901234576,0.7272727213223142,0,0,0.6153846153846154,0.571428570612245
2496370758_a3fbc49837.jpg,একটি কুকুর একটি ফ্রিসবি নিয়ে দৌড়াচ্ছে,0.49999999916666665,0.23076923059171597,0.31578946903047095,0.31578946903047095,0.0,0.31578946903047095,0,0,0.45833333333333337,0.15384615372781063
2916009941_34a0013803.jpg,একজন বাচ্চা মেয়ে একটি <unk>,0.3999999992,0.18181818165289254,0.249999995390625,0.249999995390625,0.0,0.249999995390625,0,0,0.26190476190476186,0.16666666652777776
7444.png,একজন পুরুষ দাড়িয়ে আছে।,0.49999999875,0.2222222219753086,0.3076923029585799,0.3076923029585799,0.18181817752066123,0.3076923029585799,0,0,0.3793103448275862,0.18181818165289254
IMG_0322.JPG,একজন পুরুষ বসে আছে,0.49999999875,0.49999999875,0.4999999937500001,0.4999999937500001,0.33333332722222225,0.4999999937500001,0,0,0.6428571428571428,0.33333333277777777
7322.png,একজন পুরুষ ছাতা নিয়ে যাচ্ছে।,0.3999999992,0.49999999875,0.4444444385185186,0.4444444385185186,0.28571428000000004,0.4444444385185186,0,0,0.6111111111111112,0.2857142853061225
436013859_793d870b6f.jpg,একটি কুকুর একটি ফ্রিসবি ধরার জন্য একটি <unk>,0.6249999992187499,0.45454545413223135,0.5263157840443214,0.5263157840443214,0.35294117121107266,0.4545454495041322,0,0,0.49090909090909096,0.3636363633057851
3433.png,একটি নৌকায় একজন পুরুষ বসে আছে।,0.49999999916666665,0.5999999988,0.5454545395041324,0.5454545395041324,0.2222222167901236,0.37499999484375,0,0,0.5135135135135135,0.37499999953124996
907.png,কিছু মানুষ আছে।,0.3333333322222222,0.14285714265306124,0.1999999954000001,0.1999999954000001,0.0,0.1999999954000001,0,0,0.28,0.1111111109876543
531261613_f1a045cd75.jpg,একজন পুরুষ ও একজন পুরুষ ও একজন পুরুষ ও একজন পুরুষ ও একজন পুরুষ ও একজন পুরুষ ও একজন পুরুষ ও একজন পুরুষ ও একজন পুরুষ ও একজন পুরুষ ও একজন পুরুষ ও একজন পুরুষ ও একজন পুরুষ ও একজন,0.0,0.0,0.0,0.0,0.0,0.0,0,0,0.11564625850340138,0.0
2994.png,একজন পুরুষ বসে আছে।,0.0,0.0,0.0,0.0,0.0,0.0,0,0,0.5,0.0
1554.png,কয়েকজন পুরুষ বসে আছে।,0.49999999875,0.49999999875,0.4999999937500001,0.4999999937500001,0.33333332722222225,0.4999999937500001,0,0,0.5333333333333333,0.33333333277777777
5195.png,একজন পুরুষ বসে আছে।,0.7499999981250001,0.37499999953124996,0.49999999472222234,0.49999999472222234,0.1999999954000001,0.49999999472222234,0,0,0.375,0.37499999953124996
1260.png,একজন পুরুষ বসে আছে।,0.7499999981250001,0.29999999969999996,0.42857142387755104,0.42857142387755104,0.0,0.28571428122448983,0,0,0.2894736842105263,0.3333333329629629
3544233095_4bca71df1d.jpg,একটি শিশু একটি শিশু আছে।,0.3999999992,0.33333333277777777,0.36363635801652905,0.36363635801652905,0.2222222167901236,0.36363635801652905,0,0,0.3913043478260869,0.2857142853061225
493542985_c85ad29ebe.jpg,একটি ছেলে একটি সার্ফবোর্ডে চড়ে একটি সার্ফবোর্ডে চড়ে একটি সার্ফবোর্ডে চড়ে একটি সার্ফবোর্ডে চড়ে একটি সার্ফবোর্ডে চড়ে একটি সার্ফবোর্ডে চড়ে একটি সার্ফবোর্ডে চড়ে একটি সার্ফবোর্ডে চড়ে একটি সার্ফবোর্ডে চড়ে একটি সার্ফবোর্ডে চড়ে একটি সার্ফবোর্ডে চড়ে একটি সার্ফবোর্ডে চড়ে একটি সার্ফবোর্ডে,0.0499999999875,0.16666666652777776,0.07692307334319543,0.07692307334319543,0.0,0.07692307334319543,0,0,0.16756756756756752,0.12499999984374999
7351.png,একটি শিশু একটি শিশু একটি শিশু একটি শিশু একটি শিশু একটি শিশু একটি শিশু একটি শিশু একটি শিশু একটি শিশু একটি শিশু একটি শিশু একটি শিশু একটি শিশু একটি শিশু একটি শিশু একটি শিশু একটি শিশু একটি শিশু একটি শিশু,0.0499999999875,0.33333333277777777,0.08695651943289232,0.08695651943289232,0.045454543419421574,0.08695651943289232,0,0,0.09352517985611508,0.33333333277777777
6864.png,একজন পুরুষ দাড়িয়ে আছে।,0.49999999875,0.49999999875,0.4999999937500001,0.4999999937500001,0.33333332722222225,0.4999999937500001,0,0,0.6666666666666667,0.33333333277777777
4185.png,একটি শিশু আছে।,0.9999999966666667,0.5999999988,0.7499999934375,0.7499999934375,0.0,0.7499999934375,0,0,0.5625,0.5999999988
1249.png,একজন পুরুষ আছে।,0.0,0.0,0.0,0.0,0.0,0.0,0,0,0.3076923076923077,0.0
8597.png,একজন পুরুষ ও একজন পুরুষ ও একজন পুরুষ ও একজন পুরুষ ও একজন পুরুষ ও একজন পুরুষ ও একজন পুরুষ ও একজন পুরুষ ও একজন পুরুষ ও একজন পুরুষ ও একজন পুরুষ ও একজন পুরুষ ও একজন পুরুষ ও একজন,0.02499999999375,0.08333333326388888,0.03846153489645003,0.03846153489645003,0.0,0.03846153489645003,0,0,0.1768707482993197,0.07142857137755101
4043.png,একজন পুরুষ বসে আছে।,0.49999999875,0.3999999992,0.4444444385185186,0.4444444385185186,0.28571428000000004,0.4444444385185186,0,0,0.5789473684210527,0.2857142853061225
86542183_5e312ae4d4.jpg,বরফের মধ্যে একটি বরফের পাহাড়ে স্কি করছে,0.14285714265306124,0.16666666638888888,0.15384614863905344,0.15384614863905344,0.0,0.15384614863905344,0,0,0.4285714285714286,0.09090909082644627
345897245_1894017154315894_6837571183850247667_n.jpg,একজন নারী একটি <unk>,0.49999999875,0.2222222219753086,0.3076923029585799,0.3076923029585799,0.18181817752066123,0.3076923029585799,0,0,0.3529411764705882,0.1999999998
3343.png,একজন নারী আছে।,0.6666666644444444,0.6666666644444444,0.6666666594444445,0.6666666594444445,0.4999999925000001,0.6666666594444445,0,0,0.8,0.49999999875
4699.png,একটি শিশু একটি শিশু একটি শিশু একটি শিশু একটি শিশু একটি শিশু একটি শিশু একটি শিশু একটি শিশু একটি শিশু একটি শিশু একটি শিশু একটি শিশু একটি শিশু একটি শিশু একটি শিশু একটি শিশু একটি শিশু একটি শিশু একটি শিশু,0.0499999999875,0.6666666644444444,0.09302325447268796,0.09302325447268796,0.04878048685306366,0.09302325447268796,0,0,0.07194244604316546,0.6666666644444444
3397228832_8ce5b1c26f.jpg,একটি সার্ফার একটি সার্ফবোর্ডে চড়ে একটি সার্ফবোর্ডে চড়ে একটি সার্ফবোর্ডে চড়ে একটি সার্ফবোর্ডে চড়ে একটি সার্ফবোর্ডে চড়ে একটি সার্ফবোর্ডে চড়ে একটি সার্ফবোর্ডে চড়ে একটি সার্ফবোর্ডে চড়ে একটি সার্ফবোর্ডে চড়ে একটি সার্ফবোর্ডে চড়ে একটি সার্ফবোর্ডে চড়ে একটি সার্ফবোর্ডে চড়ে একটি সার্ফবোর্ডে,0.099999999975,0.3999999996,0.15999999673600007,0.15999999673600007,0.03846153469674592,0.15999999673600007,0,0,0.18181818181818177,0.1999999998
2715035273_8fc8b1291c.jpg,একটি লোক একটি রাস্তায় দাঁড়িয়ে আছে,0.16666666638888888,0.14285714265306124,0.15384614863905344,0.15384614863905344,0.0,0.15384614863905344,0,0,0.4285714285714286,0.09090909082644627
2892995070_39f3c9a56e.jpg,একটি কুকুর একটি কুকুর দৌড়াচ্ছে,0.5999999988,0.29999999969999996,0.39999999502222217,0.39999999502222217,0.15384614934911253,0.39999999502222217,0,0,0.5,0.1999999998
4710.png,একজন পুরুষ দাড়িয়ে আছে।,0.0,0.0,0.0,0.0,0.0,0.0,0,0,0.38888888888888884,0.0
2746072388_b127f8259b.jpg,একটি শিশু একটি খেলনা নিয়ে খেলছে,0.33333333277777777,0.33333333277777777,0.3333333277777778,0.3333333277777778,0.19999999460000012,0.3333333277777778,0,0,0.5714285714285714,0.2222222219753086
1329.png,একজন পুরুষ দাড়িয়ে আছে।,0.49999999875,0.49999999875,0.4999999937500001,0.4999999937500001,0.0,0.4999999937500001,0,0,0.6666666666666667,0.33333333277777777
7623.png,একজন পুরুষ বসে আছে।,0.249999999375,0.3333333322222222,0.28571428000000004,0.28571428000000004,0.0,0.28571428000000004,0,0,0.3571428571428571,0.16666666638888888
8848.png,একজন নারী বসে আছে।,0.7499999981250001,0.2727272724793388,0.3999999955555556,0.3999999955555556,0.15384615005917168,0.3999999955555556,0,0,0.46153846153846156,0.24999999979166665
2187503678_fd743e0a00.jpg,একটি মন্দির।,0.4999999975,0.16666666638888888,0.24999999562500003,0.24999999562500003,0.0,0.24999999562500003,0,0,0.21739130434782605,0.14285714265306124
3719461451_07de35af3a.jpg,একটি সাদা কুকুর একটি সাদা কুকুর একটি ঢেউ থেকে লাফ দিলো,0.18181818165289254,0.2857142853061225,0.22222221722222232,0.22222221722222232,0.12499999515625017,0.22222221722222232,0,0,0.3783783783783784,0.16666666652777776
3377570617_d2f2225a74.jpg,একজন মহিলা এবং একজন মহিলা এবং একজন মহিলা এবং একজন মহিলা এবং একজন মহিলা এবং একজন মহিলা এবং একজন মহিলা এবং একজন মহিলা এবং একজন মহিলা এবং একজন মহিলা এবং একজন মহিলা এবং একজন মহিলা এবং একজন মহিলা এবং একজন,0.0499999999875,0.13333333324444444,0.0727272687338845,0.0727272687338845,0.0,0.0727272687338845,0,0,0.23124999999999996,0.12499999984374999
3342.png,একজন বাচ্চা মেয়ে শিশু আছে।,0.3999999992,0.49999999875,0.4444444385185186,0.4444444385185186,0.0,0.4444444385185186,0,0,0.5294117647058824,0.2857142853061225
6079.png,এক ব্যক্তি একটি ভবনের সামনে একটি ভবনের সামনে একটি ছেলে একটি ভবনের সামনে একটি ভবনের সামনে একটি ছেলে একটি ভবনের সামনে একটি ভবনের সামনে একটি ছেলে একটি ভবনের সামনে একটি ভবনের সামনে একটি ছেলে একটি ভবনের সামনে একটি ভবনের সামনে,0.099999999975,0.3636363633057851,0.15686274165321037,0.15686274165321037,0.0,0.11764705539407928,0,0,0.16969696969696968,0.30769230745562126
3484832904_08619300d9.jpg,বেসবল খেলোয়াড় বলে আঘাত করার চেষ্টা করছে,0.7142857132653061,0.49999999949999996,0.5882352885813149,0.5882352885813149,0.5333333278222222,0.5882352885813149,0,0,0.6341463414634146,0.41666666631944443
3526805681_38461c0d5d.jpg,একটি কুকুর একটি <unk> <unk> <unk> <unk> <unk> <unk> <unk> <unk> <unk> <unk> <unk> <unk> <unk> <unk> <unk> <unk> <unk> <unk> <unk> <unk> <unk> <unk> <unk> <unk> <unk> <unk> <unk> <unk> <unk> <unk> <unk> <unk> <unk> <unk> <unk> <unk> <unk>,0.099999999975,0.21052631567867036,0.13559321592645804,0.13559321592645804,0.04166666360243077,0.11999999675200007,0,0,0.16352201257861632,0.1999999998
3115.png,একটি নৌকায় কয়েকজন মানুষ আছে।,0.3999999992,0.3999999992,0.39999999420000004,0.39999999420000004,0.0,0.19999999460000012,0,0,0.33333333333333337,0.24999999968749997
3328247381_a9f7fb4898.jpg,একটি শিশু পানিতে একটি শিশু পানিতে লাফ দিচ্ছে,0.24999999968749997,0.14285714275510203,0.1818181770247935,0.1818181770247935,0.0,0.1818181770247935,0,0,0.33333333333333337,0.09090909082644627
4682.png,একটি নৌকায় কয়েকজন মানুষ আছে।,0.1999999996,0.3333333322222222,0.24999999468750006,0.24999999468750006,0.0,0.24999999468750006,0,0,0.30000000000000004,0.14285714265306124
5295.png,জমির মাঝ দিয়ে একজন মহিলা এবং তার পিছনে পাহাড়।,0.0,0.0,0.0,0.0,0.0,0.0,0,0,0.1875,0.0
3627076769_3b71e73018.jpg,একজন মহিলা তার <unk> <unk>,0.3999999992,0.16666666652777776,0.23529411321799312,0.23529411321799312,0.0,0.23529411321799312,0,0,0.31034482758620685,0.15384615372781063
1659358133_95cd1027bd.jpg,একটি কুকুর একটি <unk> থেকে লাফ দিচ্ছে,0.571428570612245,0.571428570612245,0.5714285656122451,0.5714285656122451,0.1999999948000001,0.5714285656122451,0,0,0.64,0.3333333329629629
5137.png,একজন পুরুষ মাথায় ছাতা নিয়ে দাড়িয়ে আছে।,0.4285714279591837,0.49999999916666665,0.4615384558579882,0.4615384558579882,0.1818181765289258,0.4615384558579882,0,0,0.6,0.3333333329629629
3563871276_c8b2a00df5.jpg,একজন পুরুষ একটি নৌকা থেকে <unk>,0.33333333277777777,0.33333333277777777,0.3333333277777778,0.3333333277777778,0.0,0.3333333277777778,0,0,0.2727272727272727,0.2222222219753086
_MG_1790.JPG,একটা লোক দাঁড়িয়ে আছে,0.249999999375,0.1999999996,0.2222222167901236,0.2222222167901236,0.0,0.2222222167901236,0,0,0.5625,0.12499999984374999
435827376_4384c3005a.jpg,একজন পুরুষ দাড়িয়ে আছে,0.249999999375,0.0999999999,0.14285713857142868,0.14285713857142868,0.0,0.14285713857142868,0,0,0.4,0.08333333326388888
2635905544_dbc65d0622.jpg,একটি কুকুর একটি বল ধরার জন্য একটি বল ধরার জন্য একটি বল ধরার জন্য একটি বল ধরার জন্য একটি বল ধরার জন্য একটি বল ধরার জন্য একটি বল ধরার জন্য একটি বল ধরার জন্য একটি বল ধরার জন্য একটি বল,0.0499999999875,0.3999999992,0.08888888687407412,0.08888888687407412,0.04444444211358036,0.08888888687407412,0,0,0.13422818791946312,0.24999999968749997
4323.png,একজন পুরুষ বসে আছে।,0.49999999875,0.24999999968749997,0.33333332833333335,0.33333332833333335,0.1999999954000001,0.33333332833333335,0,0,0.3548387096774194,0.1999999998
8250.png,একজন পুরুষ বসে আছে,0.0,0.0,0.0,0.0,0.0,0.0,0,0,0.5333333333333333,0.0
258476074_f28f4a1ae6.jpg,একটি পাহাড়ের চূড়ায় দাঁড়িয়ে আছে,0.1999999996,0.16666666638888888,0.1818181765289258,0.1818181765289258,0.0,0.1818181765289258,0,0,0.4347826086956522,0.0999999999
6007.png,একজন পুরুষ আছে।,0.3333333322222222,0.16666666638888888,0.2222222172839507,0.2222222172839507,0.0,0.2222222172839507,0,0,0.30000000000000004,0.12499999984374999
20220909_134408.jpg,একজন পুরুষ বসে আছে।,0.249999999375,0.12499999984374999,0.16666666194444454,0.16666666194444454,0.0,0.16666666194444454,0,0,0.36363636363636365,0.09090909082644627
9128.png,একটি শিশু আছে।,0.9999999966666667,0.9999999966666667,0.9999999916666666,0.9999999916666666,0.9999999900000001,0.9999999916666666,1,1,1.0,0.9999999966666667
inbound609042146108403498.jpg,একটি পাখি একটি পাখি নিয়ে,0.3999999992,0.18181818165289254,0.249999995390625,0.249999995390625,0.0,0.249999995390625,0,0,0.275,0.16666666652777776
2082005167_a0d6a70020.jpg,একটি কুকুর একটি কুকুর খেলছে,0.5999999988,0.2727272724793388,0.374999995234375,0.374999995234375,0.15384614934911253,0.374999995234375,0,0,0.4736842105263158,0.2857142853061225
2262.png,একজন পুরুষ বসে আছে।,0.49999999875,0.18181818165289254,0.26666666240000003,0.26666666240000003,0.0,0.26666666240000003,0,0,0.2682926829268293,0.15384615372781063
3383545083_1d7c95b003.jpg,একটি কুকুর একটি কুকুর খেলছে,0.7999999984,0.49999999937499995,0.615384609704142,0.615384609704142,0.1999999948000001,0.615384609704142,0,0,0.6071428571428572,0.4285714279591837
3184891327_8785194e3c.jpg,একদল যুবক একটি ফুটবল খেলছে,0.3999999992,0.24999999968749997,0.3076923024852071,0.3076923024852071,0.1818181768595043,0.3076923024852071,0,0,0.5,0.1999999998
236730743_0d4fd8de5a.jpg,একজন পুরুষ বসে আছে।,0.249999999375,0.0999999999,0.14285713857142868,0.14285713857142868,0.0,0.14285713857142868,0,0,0.4375,0.07692307686390532
3173461705_b5cdeef1eb.jpg,একটি কুকুর একটি কুকুর খেলছে,0.3999999992,0.3999999992,0.39999999420000004,0.39999999420000004,0.1818181768595043,0.39999999420000004,0,0,0.5263157894736843,0.33333333277777777
1052.png,একজন পুরুষ দাড়িয়ে আছে।,0.7499999981250001,0.37499999953124996,0.49999999472222234,0.49999999472222234,0.1999999954000001,0.49999999472222234,0,0,0.4444444444444444,0.37499999953124996
2842.png,একজন পুরুষ ও একজন পুরুষ ও একজন পুরুষ ও একজন পুরুষ ও একজন পুরুষ ও একজন পুরুষ ও একজন পুরুষ ও একজন পুরুষ ও একজন পুরুষ ও একজন পুরুষ ও একজন পুরুষ ও একজন পুরুষ ও একজন পুরুষ ও একজন,0.0,0.0,0.0,0.0,0.0,0.0,0,0,0.1768707482993197,0.0
3957.png,একজন পুরুষ বসে আছে।,0.249999999375,0.12499999984374999,0.16666666194444454,0.16666666194444454,0.0,0.16666666194444454,0,0,0.2962962962962963,0.09090909082644627
1045.png,একজন পুরুষ আছে।,0.3333333322222222,0.1999999996,0.24999999468750006,0.24999999468750006,0.0,0.24999999468750006,0,0,0.42105263157894735,0.14285714265306124
2278.png,একজন পুরুষ দাড়িয়ে আছে।,0.49999999875,0.33333333277777777,0.3999999944,0.3999999944,0.0,0.3999999944,0,0,0.5,0.24999999968749997
6856.png,একজন পুরুষ আছে।,0.3333333322222222,0.08333333326388888,0.1333333299555556,0.1333333299555556,0.0,0.1333333299555556,0,0,0.3076923076923077,0.07142857137755101
2760371526_63f3d01760.jpg,একটি শিশু একটি ঢেউ এর উপর লাফ দিচ্ছে,0.37499999953124996,0.4285714279591837,0.3999999944888889,0.3999999944888889,0.15384614863905344,0.3999999944888889,0,0,0.5555555555555556,0.2727272724793388
953941506_5082c9160c.jpg,একটি কুকুর একটি কুকুর খেলছে,0.3999999992,0.33333333277777777,0.36363635801652905,0.36363635801652905,0.0,0.36363635801652905,0,0,0.5454545454545454,0.2857142853061225
2218843713_cf28ea319e.jpg,একটি নৌকায় একজন পুরুষ বসে আছে।,0.49999999916666665,0.37499999953124996,0.4285714230612245,0.4285714230612245,0.16666666152777793,0.4285714230612245,0,0,0.36363636363636365,0.2727272724793388
6408.png,একজন পুরুষ বসে আছে।,0.249999999375,0.249999999375,0.2499999943750001,0.2499999943750001,0.0,0.2499999943750001,0,0,0.3571428571428571,0.14285714265306124
5624.png,একজন পুরুষ বসে আছে।,0.49999999875,0.24999999968749997,0.33333332833333335,0.33333332833333335,0.0,0.33333332833333335,0,0,0.33333333333333337,0.1999999998
5844.png,একটি শিশু একটি <unk>,0.0,0.0,0.0,0.0,0.0,0.0,0,0,0.2666666666666667,0.0
162.png,একজন পুরুষ বসে আছে।,0.49999999875,0.18181818165289254,0.26666666240000003,0.26666666240000003,0.0,0.26666666240000003,0,0,0.2564102564102564,0.15384615372781063
4018.png,একটি শিশু দাড়িয়ে আছে।,0.249999999375,0.3333333322222222,0.28571428000000004,0.28571428000000004,0.0,0.28571428000000004,0,0,0.3846153846153846,0.16666666638888888
8315.png,একজন পুরুষ দাড়িয়ে আছে।,0.0,0.0,0.0,0.0,0.0,0.0,0,0,0.17948717948717952,0.0
2404520067_87798dbaee.jpg,একটি কুকুর একটি কুকুর দৌড়াচ্ছে,0.5999999988,0.49999999916666665,0.5454545395041324,0.5454545395041324,0.4444444385185186,0.5454545395041324,0,0,0.625,0.49999999916666665
2864.png,একজন পুরুষ দাড়িয়ে আছে,0.49999999875,0.2222222219753086,0.3076923029585799,0.3076923029585799,0.18181817752066123,0.3076923029585799,0,0,0.303030303030303,0.2222222219753086
1348113612_5bfc5f429e.jpg,একটি কুকুর একটি কুকুর একটি কুকুর একটি কুকুর একটি কুকুর একটি কুকুর একটি কুকুর একটি কুকুর একটি কুকুর একটি কুকুর একটি কুকুর একটি কুকুর একটি কুকুর একটি কুকুর একটি কুকুর একটি কুকুর একটি কুকুর একটি কুকুর একটি কুকুর একটি কুকুর,0.0499999999875,0.2857142853061225,0.08510638040742426,0.08510638040742426,0.04444444211358036,0.08510638040742426,0,0,0.14465408805031443,0.2857142853061225
7561.png,একটি নৌকায় একজন মানুষ আছে।,0.3999999992,0.3999999992,0.39999999420000004,0.39999999420000004,0.2499999943750001,0.39999999420000004,0,0,0.3157894736842105,0.24999999968749997
3143953179_1c08c023a5.jpg,একটি লোক একটি <unk>,0.49999999875,0.2222222219753086,0.3076923029585799,0.3076923029585799,0.0,0.2499999943750001,0,0,0.33333333333333337,0.1999999998
300222673_573fd4044b.jpg,একটি শিশু একটি সাদা কালো বিড়ালটি একটি <unk>,0.24999999968749997,0.18181818165289254,0.21052631069252087,0.21052631069252087,0.0,0.21052631069252087,0,0,0.4137931034482759,0.08333333326388888
2528552898_9e49a7033f.jpg,একটি বাঘ নিয়ে দাড়িয়ে আছে,0.1999999996,0.14285714265306124,0.16666666152777793,0.16666666152777793,0.0,0.16666666152777793,0,0,0.3913043478260869,0.09090909082644627
3123463486_f5b36a3624.jpg,একটি কালো কুকুর একটি কুকুর খেলছে,0.6666666655555555,0.3999999996,0.4999999946875,0.4999999946875,0.2222222167901236,0.4999999946875,0,0,0.5454545454545454,0.3333333329629629
1143882946.jpg,একজন লোক সাইকেল চালাচ্ছে,0.49999999875,0.124999999921875,0.1999999966,0.1999999966,0.0,0.1999999966,0,0,0.33333333333333337,0.11764705875432525
3381584882_341ee3092f.jpg,একজন স্কেটবোর্ডার একটি পাহাড়ের চূড়ায় দাঁড়িয়ে আছে,0.14285714265306124,0.16666666638888888,0.15384614863905344,0.15384614863905344,0.0,0.15384614863905344,0,0,0.5625,0.08333333326388888
7337.png,একজন পুরুষ বসে আছে।,0.249999999375,0.1999999996,0.2222222167901236,0.2222222167901236,0.0,0.2222222167901236,0,0,0.42105263157894735,0.12499999984374999
3252588185_3210fe94be.jpg,একজন পুরুষ দাড়িয়ে আছে,0.249999999375,0.12499999984374999,0.16666666194444454,0.16666666194444454,0.0,0.16666666194444454,0,0,0.31818181818181823,0.09090909082644627
7213.png,একজন পুরুষ বসে আছে,0.49999999875,0.18181818165289254,0.26666666240000003,0.26666666240000003,0.0,0.13333332924444455,0,0,0.4285714285714286,0.16666666652777776
5569.png,একজন পুরুষ একটি শিশু আছে।,0.3999999992,0.3999999992,0.39999999420000004,0.39999999420000004,0.0,0.39999999420000004,0,0,0.5555555555555556,0.24999999968749997
1174629344_a2e1a2bdbf.jpg,একদল লোক একটি ব্যস্ত রাস্তায় একদল লোক একটি ব্যস্ত রাস্তায় একদল লোক একটি ব্যস্ত রাস্তায় একদল লোক একটি ব্যস্ত রাস্তায় একদল লোক একটি ব্যস্ত রাস্তায় একদল লোক একটি ব্যস্ত রাস্তায় একদল লোক একটি ব্যস্ত রাস্তায় একদল লোক একটি ব্যস্ত রাস্তায়,0.099999999975,0.4444444439506172,0.1632653030570596,0.1632653030570596,0.042553188646446534,0.1632653030570596,0,0,0.14857142857142858,0.3999999996
3665987581_5e6b0a65f2.jpg,একটি কুকুর একটি কুকুর খেলছে,0.3999999992,0.24999999968749997,0.3076923024852071,0.3076923024852071,0.1818181768595043,0.3076923024852071,0,0,0.4516129032258065,0.2222222219753086
2933.png,একজন পুরুষ দাড়িয়ে আছে।,0.49999999875,0.49999999875,0.4999999937500001,0.4999999937500001,0.33333332722222225,0.4999999937500001,0,0,0.7333333333333334,0.33333333277777777
3474958471_9106beb07f.jpg,একজন স্কাইয়ার একটি বরফের পাহাড়ে স্কি করছে,0.4285714279591837,0.3333333329629629,0.374999994609375,0.374999994609375,0.0,0.374999994609375,0,0,0.5526315789473684,0.24999999979166665
3503544012_1771be9d3a.jpg,একটি হকি খেলোয়াড় একটি হকি খেলছে,0.33333333277777777,0.3999999992,0.36363635801652905,0.36363635801652905,0.2222222167901236,0.36363635801652905,0,0,0.5454545454545454,0.2857142853061225
346620288_911969649912436_8809766019913583813_n.jpg,একটি শিশু একটি <unk>,0.249999999375,0.14285714265306124,0.1818181768595043,0.1818181768595043,0.0,0.1818181768595043,0,0,0.31034482758620685,0.1111111109876543
8565.png,একজন নারী দাড়িয়ে আছে।,0.49999999875,0.18181818165289254,0.26666666240000003,0.26666666240000003,0.0,0.26666666240000003,0,0,0.23809523809523814,0.15384615372781063
1124.png,একজন পুরুষ বসে আছে।,0.49999999875,0.6666666644444444,0.5714285648979592,0.5714285648979592,0.0,0.5714285648979592,0,0,0.6428571428571428,0.3999999992
2341254813_c53a5ef27a.jpg,একটি শিশু একটি শিশু একটি <unk> <unk> <unk> <unk> <unk> <unk> <unk> <unk> <unk> <unk> <unk> <unk> <unk> <unk> <unk> <unk> <unk> <unk> <unk> <unk> <unk> <unk> <unk> <unk> <unk> <unk> <unk> <unk> <unk> <unk> <unk> <unk> <unk> <unk> <unk>,0.0499999999875,0.24999999968749997,0.08333333052083343,0.08333333052083343,0.043478258270321514,0.08333333052083343,0,0,0.1146496815286624,0.2222222219753086
3546.png,একজন পুরুষ মাথায় <unk> <unk> <unk> <unk> <unk> <unk> <unk> <unk> <unk> <unk> <unk> <unk> <unk> <unk> <unk> <unk> <unk> <unk> <unk> <unk> <unk> <unk> <unk> <unk> <unk> <unk> <unk> <unk> <unk> <unk> <unk> <unk> <unk> <unk> <unk> <unk> <unk>,0.02499999999375,0.16666666638888888,0.04347825858223074,0.04347825858223074,0.0,0.04347825858223074,0,0,0.10624999999999996,0.1111111109876543
5125.png,একজন পুরুষ বসে আছে।,0.49999999875,0.24999999968749997,0.33333332833333335,0.33333332833333335,0.0,0.33333332833333335,0,0,0.2692307692307693,0.1999999998
8954.png,একটি পাখি আছে।,0.9999999966666667,0.9999999966666667,0.9999999916666666,0.9999999916666666,0.9999999900000001,0.9999999916666666,1,1,1.0,0.9999999966666667
5034.png,একটি শিশু একটি শিশু আছে।,0.1999999996,0.14285714265306124,0.16666666152777793,0.16666666152777793,0.0,0.16666666152777793,0,0,0.33333333333333337,0.12499999984374999
2417.png,একজন নারী ও একজন নারী ও একজন নারী দাড়িয়ে আছে।,0.0,0.0,0.0,0.0,0.0,0.0,0,0,0.2941176470588235,0.0
1856.png,একজন পুরুষ বসে আছে।,0.7499999981250001,0.5999999988,0.6666666602469137,0.6666666602469137,0.28571428000000004,0.6666666602469137,0,0,0.7058823529411764,0.49999999916666665
1819261140_6c022f4b1d.jpg,একজন লোক একটি <unk> <unk> <unk> <unk> <unk> <unk> <unk> <unk> <unk> <unk> <unk> <unk> <unk> <unk> <unk> <unk> <unk> <unk> <unk> <unk> <unk> <unk> <unk> <unk> <unk> <unk> <unk> <unk> <unk> <unk> <unk> <unk> <unk> <unk> <unk> <unk> <unk>,0.07499999998125,0.3333333329629629,0.1224489765431071,0.1224489765431071,0.0769230731434913,0.08510638040742426,0,0,0.11949685534591192,0.29999999969999996
3004823335_9b82cbd8a7.jpg,একটি কুকুর একটি ফ্রিসবি ধরার জন্য একটি ফ্রিসবি ধরার জন্য একটি ফ্রিসবি ধরার জন্য একটি ফ্রিসবি ধরার জন্য একটি ফ্রিসবি ধরার জন্য একটি ফ্রিসবি ধরার জন্য একটি ফ্রিসবি ধরার জন্য একটি ফ্রিসবি ধরার জন্য একটি ফ্রিসবি ধরার জন্য একটি ফ্রিসবি,0.07499999998125,0.24999999979166665,0.11538461178994093,0.11538461178994093,0.0476190462698413,0.11538461178994093,0,0,0.20710059171597628,0.2857142853061225
8448.png,একজন পুরুষ দাড়িয়ে আছে।,0.9999999975,0.571428570612245,0.7272727213223142,0.7272727213223142,0.6666666607407408,0.7272727213223142,0,0,0.6,0.571428570612245
7743.png,একজন পুরুষ আছে।,0.6666666644444444,0.49999999875,0.5714285648979592,0.5714285648979592,0.39999999360000005,0.5714285648979592,0,0,0.7142857142857143,0.3999999992
3134.png,একজন পুরুষ বসে আছে।,0.249999999375,0.249999999375,0.2499999943750001,0.2499999943750001,0.0,0.2499999943750001,0,0,0.6,0.14285714265306124
IMG_0607.JPG,একজন পুরুষ বসে আছে।,0.0,0.0,0.0,0.0,0.0,0.0,0,0,0.4117647058823529,0.0
2199250692_a16b0c2ae1.jpg,একজন পুরুষ একটি শিশু আছে।,0.1999999996,0.16666666638888888,0.1818181765289258,0.1818181765289258,0.0,0.1818181765289258,0,0,0.4,0.0999999999
2222186636_85e03e0b75.jpg,একদল লোক একটি মদের দোকানের সামনে দাঁড়িয়ে আছে,0.49999999937499995,0.4444444439506172,0.4705882297577854,0.4705882297577854,0.1818181768595043,0.3529411710726644,0,0,0.5294117647058824,0.30769230745562126
3846.png,একটি নৌকা দেখা যাচ্ছে।,0.49999999875,0.2857142853061225,0.36363635834710756,0.36363635834710756,0.0,0.36363635834710756,0,0,0.4285714285714286,0.2222222219753086
3606909929_90a1a072b7.jpg,একটি রেসের গাড়ি চালাচ্ছে,0.249999999375,0.16666666638888888,0.1999999948000001,0.1999999948000001,0.0,0.1999999948000001,0,0,0.27586206896551724,0.1111111109876543
7413.png,একজন পুরুষ আছে।,0.6666666644444444,0.33333333277777777,0.44444443901234576,0.44444443901234576,0.0,0.44444443901234576,0,0,0.44999999999999996,0.2857142853061225
3488512097_e500cb499f.jpg,একজন বাইক চালক একটি সাইকেল নিয়ে যাচ্ছে,0.2857142853061225,0.33333333277777777,0.3076923022485208,0.3076923022485208,0.16666666138888903,0.28571428030612256,0,0,0.5,0.18181818165289254
7715.png,একজন বাচ্চা মেয়ে শিশু আছে।,0.3999999992,0.49999999875,0.4444444385185186,0.4444444385185186,0.16666666194444454,0.4444444385185186,0,0,0.4117647058823529,0.2857142853061225
5085.png,একজন পুরুষ দাড়িয়ে আছে,0.0,0.0,0.0,0.0,0.0,0.0,0,0,0.33333333333333337,0.0
3249125548_700d874380.jpg,একজন সাইকেল চালাচ্ছে,0.3333333322222222,0.16666666638888888,0.2222222172839507,0.2222222172839507,0.0,0.2222222172839507,0,0,0.3870967741935484,0.12499999984374999
3272541970_ac0f1de274.jpg,এক ব্যক্তি একটি স্কেটবোর্ডে চড়ে শূন্যে লাফ দিচ্ছে,0.24999999968749997,0.2857142853061225,0.2666666613333334,0.2666666613333334,0.15384614863905344,0.2666666613333334,0,0,0.40625,0.16666666652777776
8471.png,একজন পুরুষ বসে আছে।,0.49999999875,0.49999999875,0.4999999937500001,0.4999999937500001,0.0,0.4999999937500001,0,0,0.6428571428571428,0.33333333277777777
2978394277_4572967b97.jpg,একজন লোক একটি <unk>,0.249999999375,0.08333333326388888,0.1249999960937501,0.1249999960937501,0.0,0.1249999960937501,0,0,0.1842105263157895,0.06666666662222222
2119660490_ce0d4d1f73.jpg,একটি কুকুর একটি কুকুর বসে আছে,0.49999999916666665,0.21428571413265304,0.2999999955,0.2999999955,0.0,0.2999999955,0,0,0.47619047619047616,0.14285714275510203
7833.png,একজন পুরুষ আছে।,0.3333333322222222,0.3333333322222222,0.33333332722222225,0.33333332722222225,0.0,0.33333332722222225,0,0,0.36363636363636365,0.1999999996
5434.png,একটি শিশু আছে।,0.9999999966666667,0.9999999966666667,0.9999999916666666,0.9999999916666666,0.9999999900000001,0.9999999916666666,1,1,1.0,0.9999999966666667
5019.png,একটি নৌকায় একজন মানুষ আছে।,0.1999999996,0.3333333322222222,0.24999999468750006,0.24999999468750006,0.0,0.24999999468750006,0,0,0.3157894736842105,0.14285714265306124
2351762979_0941aecced.jpg,একটি ছেলে একটি সাদা কালো রঙের একটি সাদা কালো রঙের একটি সাদা কালো রঙের একটি সাদা কালো রঙের একটি সাদা কালো রঙের একটি সাদা কালো রঙের একটি সাদা কালো রঙের একটি সাদা কালো রঙের একটি সাদা কালো রঙের একটি সাদা,0.02499999999375,0.249999999375,0.04545454378099179,0.04545454378099179,0.0,0.04545454378099179,0,0,0.1151079136690647,0.12499999984374999
2709359730_13bca100af.jpg,একটি কুকুর একটি কুকুর দৌড়াচ্ছে,0.3999999992,0.24999999968749997,0.3076923024852071,0.3076923024852071,0.0,0.3076923024852071,0,0,0.6,0.2222222219753086
3524612244_64f00afec5.jpg,একজন পুরুষ বসে আছে।,0.249999999375,0.16666666638888888,0.1999999948000001,0.1999999948000001,0.0,0.1999999948000001,0,0,0.31818181818181823,0.1111111109876543
1010673430.jpg,একটি ছোট বাচ্চা খেলনা নিয়ে খেলছে,0.49999999916666665,0.37499999953124996,0.4285714230612245,0.4285714230612245,0.16666666152777793,0.4285714230612245,0,0,0.48275862068965514,0.2727272724793388
440737340_5af34ca9cf.jpg,একটি ছোট ছেলে একটি <unk>,0.3999999992,0.16666666652777776,0.23529411321799312,0.23529411321799312,0.0,0.23529411321799312,0,0,0.3157894736842105,0.12499999984374999
3159424456_f316bdc1d5.jpg,একজন মহিলা একটি ছেলে একটি <unk> <unk> <unk> <unk> <unk> <unk> <unk> <unk> <unk> <unk> <unk> <unk> <unk> <unk> <unk> <unk> <unk> <unk> <unk> <unk> <unk> <unk> <unk> <unk> <unk> <unk> <unk> <unk> <unk> <unk> <unk> <unk> <unk> <unk> <unk>,0.07499999998125,0.3333333329629629,0.1224489765431071,0.1224489765431071,0.0,0.08163265002915464,0,0,0.12578616352201255,0.18181818165289254
1432.png,একজন পুরুষ বসে আছে।,0.249999999375,0.05263157891966759,0.08695651879017023,0.08695651879017023,0.0,0.08695651879017023,0,0,0.21052631578947367,0.04761904759637188
1000268201_693b08cb0e.jpg,একটি লোক একটি <unk>,0.49999999875,0.2857142853061225,0.36363635834710756,0.36363635834710756,0.0,0.36363635834710756,0,0,0.36,0.12499999984374999
3323661814_1e8e1ae88c.jpg,একটি মেয়ে একটি <unk>,0.49999999875,0.3999999992,0.4444444385185186,0.4444444385185186,0.0,0.4444444385185186,0,0,0.4,0.33333333277777777
3336682980_1082a66878.jpg,একটি ছোট মেয়ে একটি <unk> <unk> <unk> <unk> <unk> <unk> <unk> <unk> <unk> <unk> <unk> <unk> <unk> <unk> <unk> <unk> <unk> <unk> <unk> <unk> <unk> <unk> <unk> <unk> <unk> <unk> <unk> <unk> <unk> <unk> <unk> <unk> <unk> <unk> <unk> <unk>,0.07499999998125,0.2727272724793388,0.11764705539407928,0.11764705539407928,0.04081632326530638,0.07843136913494825,0,0,0.12101910828025475,0.16666666652777776
531152619_6db02a7ed9.jpg,একটি কুকুর একটি কুকুর খেলছে,0.5999999988,0.29999999969999996,0.39999999502222217,0.39999999502222217,0.0,0.39999999502222217,0,0,0.42500000000000004,0.2222222219753086
4988.png,একদল লোক একসাথে দাঁড়িয়ে আছে,0.0,0.0,0.0,0.0,0.0,0.0,0,0,0.43999999999999995,0.0
3595643050_d312e4b652.jpg,একটি কুকুর একটি কুকুর একটি <unk>,0.49999999916666665,0.5999999988,0.5454545395041324,0.5454545395041324,0.4444444385185186,0.5454545395041324,0,0,0.5652173913043479,0.3999999992
5306.png,একটি শিশু দাড়িয়ে আছে,0.249999999375,0.249999999375,0.2499999943750001,0.2499999943750001,0.0,0.2499999943750001,0,0,0.4666666666666667,0.14285714265306124
1506.png,জমির মাঝ দিয়ে একজন পুরুষ দাড়িয়ে আছে।,0.2857142853061225,0.2857142853061225,0.28571428030612256,0.28571428030612256,0.16666666138888903,0.28571428030612256,0,0,0.4,0.16666666652777776
5989.png,একজন বয়স্ক পুরুষ বসে আছে।,0.7999999984,0.9999999975,0.8888888819753088,0.8888888819753088,0.5714285648979592,0.8888888819753088,0,0,0.8421052631578947,0.7999999984
2737759676_4bc9be2daf.jpg,একজন পুরুষ এবং চশমা পরা একজন লোক ক্যামেরার দিকে তাকিয়ে আছে,0.3636363633057851,0.4444444439506172,0.39999999464999997,0.39999999464999997,0.11111110604938293,0.29999999475000005,0,0,0.4285714285714286,0.26666666648888887
3360730513_211e1a4db6.jpg,একদল লোক একটি <unk> <unk> <unk>,0.16666666638888888,0.14285714265306124,0.15384614863905344,0.15384614863905344,0.0,0.15384614863905344,0,0,0.33333333333333337,0.0999999999
1707.png,একটি শিশু আছে।,0.3333333322222222,0.05555555552469135,0.09523809269841275,0.09523809269841275,0.0,0.09523809269841275,0,0,0.33333333333333337,0.049999999975
4091.png,একজন পুরুষ দাড়িয়ে আছে।,0.249999999375,0.1999999996,0.2222222167901236,0.2222222167901236,0.0,0.2222222167901236,0,0,0.5,0.12499999984374999
2269021076_cefc9af989.jpg,একটি সাইকেল দিয়ে সাইকেল নিয়ে যাচ্ছে,0.49999999916666665,0.2727272724793388,0.3529411714878893,0.3529411714878893,0.07999999673600013,0.2352941128027682,0,0,0.34090909090909094,0.23076923059171597
8284.png,একজন পুরুষ মাথায় টুপি পরা একজন পুরুষ মাথায় <unk> <unk> <unk>,0.18181818165289254,0.49999999875,0.26666666240000003,0.26666666240000003,0.15384615005917168,0.26666666240000003,0,0,0.32558139534883723,0.24999999968749997
254527963_3f5824b0e8.jpg,একটি কুকুর একটি কুকুর খেলছে,0.3999999992,0.49999999875,0.4444444385185186,0.4444444385185186,0.28571428000000004,0.4444444385185186,0,0,0.6190476190476191,0.3999999992
8990.png,একটি শিশু একটি নৌকা থেকে নেমে যাচ্ছে,0.14285714265306124,0.249999999375,0.1818181768595043,0.1818181768595043,0.0,0.1818181768595043,0,0,0.34782608695652173,0.1111111109876543
3133403457_95dfe11da1.jpg,একটি শিশু একটি <unk> <unk> <unk> <unk> <unk> <unk> <unk> <unk> <unk> <unk> <unk> <unk> <unk> <unk> <unk> <unk> <unk> <unk> <unk> <unk> <unk> <unk> <unk> <unk> <unk> <unk> <unk> <unk> <unk> <unk> <unk> <unk> <unk> <unk> <unk> <unk> <unk>,0.0499999999875,0.2222222219753086,0.08163265002915464,0.08163265002915464,0.042553188646446534,0.08163265002915464,0,0,0.08227848101265822,0.1999999998
1865794069_6e3a1e57bb.jpg,একটি ফুটবল খেলছে,0.6666666644444444,0.33333333277777777,0.44444443901234576,0.44444443901234576,0.0,0.44444443901234576,0,0,0.5,0.2857142853061225
2419797375_553f867472.jpg,একটি ছেলে একটি গাড়ির পাশে বসে আছে,0.4285714279591837,0.29999999969999996,0.35294117121107266,0.35294117121107266,0.1428571377551022,0.35294117121107266,0,0,0.4347826086956522,0.23076923059171597
7054.png,একটি শিশু একটি শিশু আছে।,0.3999999992,0.49999999875,0.4444444385185186,0.4444444385185186,0.28571428000000004,0.4444444385185186,0,0,0.5,0.3999999992
745880539_cd3f948837.jpg,একটি কুকুর একটি ফ্রিসবি ধরার জন্য লাফ দিচ্ছে,0.37499999953124996,0.2727272724793388,0.31578946847645434,0.31578946847645434,0.14285713765306143,0.31578946847645434,0,0,0.4838709677419355,0.15384615372781063
3119875880_22f9129a1c.jpg,একজন লোক পাথরের উপর বসে আছে,0.33333333277777777,0.49999999875,0.3999999944,0.3999999944,0.24999999468750006,0.3999999944,0,0,0.5,0.24999999968749997
487487795_54705c406e.jpg,একটি কুকুর একটি কুকুর খেলছে,0.3999999992,0.49999999875,0.4444444385185186,0.4444444385185186,0.28571428000000004,0.4444444385185186,0,0,0.631578947368421,0.3999999992
3105315670_5f86f73753.jpg,এক ব্যক্তি একটি সেতুর উপর দিয়ে একটি সেতুর উপর দিয়ে একটি সেতুর উপর দিয়ে একটি সেতুর উপর দিয়ে একটি সেতুর উপর দিয়ে একটি সেতুর উপর দিয়ে একটি সেতুর উপর দিয়ে একটি সেতুর উপর দিয়ে একটি সেতুর উপর দিয়ে একটি সেতুর,0.0499999999875,0.2857142853061225,0.08510638040742426,0.08510638040742426,0.0,0.08510638040742426,0,0,0.2533333333333333,0.18181818165289254
6357.png,একজন পুরুষ বসে আছে।,0.7499999981250001,0.37499999953124996,0.49999999472222234,0.49999999472222234,0.0,0.49999999472222234,0,0,0.34375,0.3333333329629629
2613993276_3c365cca12.jpg,একটি কুকুর একটি ফ্রিসবি নিয়ে খেলছে,0.6666666655555555,0.4444444439506172,0.5333333278222222,0.5333333278222222,0.24999999468750006,0.5333333278222222,0,0,0.46875,0.29999999969999996
2602.png,একজন নারী মাথায় টুপি পরা একজন নারী মাথায় টুপি পরে একজন পুরুষ আছে।,0.07692307686390532,0.3333333322222222,0.12499999679687505,0.12499999679687505,0.0,0.12499999679687505,0,0,0.25531914893617025,0.0999999999
8643.png,একটি গরু নিয়ে একটি গরু নিয়ে একটি গরু নিয়ে যাচ্ছে,0.0999999999,0.14285714265306124,0.11764705384083066,0.11764705384083066,0.0,0.11764705384083066,0,0,0.4545454545454546,0.0999999999
3425069551_aba046a1b6.jpg,একজন মহিলা তার <unk> <unk> <unk>,0.33333333277777777,0.24999999968749997,0.2857142804081633,0.2857142804081633,0.0,0.2857142804081633,0,0,0.3548387096774194,0.1999999998
241345811_46b5f157d4.jpg,একদল ফুটবল খেলোয়াড় বল নিয়ে খেলছে,0.33333333277777777,0.15384615372781063,0.21052631124653745,0.21052631124653745,0.11764705453287211,0.21052631124653745,0,0,0.4516129032258065,0.11764705875432525
8865.png,একটি নৌকায় কয়েকজন মানুষ আছে।,0.7999999984,0.3636363633057851,0.499999995078125,0.499999995078125,0.14285713857142868,0.499999995078125,0,0,0.44999999999999996,0.3636363633057851
1499495021_d295ce577c.jpg,একটি মেয়ে সাগরের পাশে দাঁড়িয়ে আছে,0.16666666638888888,0.07692307686390532,0.10526315346260404,0.10526315346260404,0.0,0.10526315346260404,0,0,0.36363636363636365,0.05555555552469135
2176.png,একজন পুরুষ বসে আছে।,0.0,0.0,0.0,0.0,0.0,0.0,0,0,0.3571428571428571,0.0
4623.png,কয়েকজন মানুষ দাড়িয়ে আছে,0.49999999875,0.2857142853061225,0.36363635834710756,0.36363635834710756,0.0,0.36363635834710756,0,0,0.5384615384615384,0.2222222219753086
8222.png,একজন পুরুষ বসে আছে।,0.49999999875,0.33333333277777777,0.3999999944,0.3999999944,0.24999999468750006,0.3999999944,0,0,0.5217391304347826,0.24999999968749997
3059.png,একজন পুরুষ দাড়িয়ে আছে।,0.7499999981250001,0.7499999981250001,0.7499999931250001,0.7499999931250001,0.33333332722222225,0.7499999931250001,0,0,0.8666666666666667,0.5999999988
3389448506_7025e7cc12.jpg,একটি কুকুর একটি ফ্রিসবি ধরার জন্য লাফ দিচ্ছে,0.24999999968749997,0.3999999992,0.3076923024852071,0.3076923024852071,0.1818181768595043,0.3076923024852071,0,0,0.4193548387096774,0.1999999998
7613.png,একজন পুরুষ বসে আছে।,0.49999999875,0.2222222219753086,0.3076923029585799,0.3076923029585799,0.0,0.3076923029585799,0,0,0.4,0.18181818165289254
3226796100_08c49cfa5c.jpg,একটি ছেলে একটি <unk>,0.49999999875,0.33333333277777777,0.3999999944,0.3999999944,0.0,0.3999999944,0,0,0.41666666666666663,0.2857142853061225
3747.png,একজন ছোট ছেলে একটি শিশু আছে।,0.49999999916666665,0.49999999916666665,0.4999999941666667,0.4999999941666667,0.19999999460000012,0.4999999941666667,0,0,0.4,0.3333333329629629
2233426944_0959835ced.jpg,দুটি কুকুর একটি কুকুর খেলছে,0.3999999992,0.18181818165289254,0.249999995390625,0.249999995390625,0.14285713857142868,0.249999995390625,0,0,0.44999999999999996,0.15384615372781063
20201221_201223.jpg,একজন বয়স্ক লোক একটি টেবিলে বসে আছে,0.14285714265306124,0.1999999996,0.16666666152777793,0.16666666152777793,0.0,0.16666666152777793,0,0,0.3846153846153846,0.09090909082644627
6557.png,একটি শিশু আছে।,0.9999999966666667,0.7499999981250001,0.8571428497959185,0.8571428497959185,0.39999999360000005,0.8571428497959185,0,0,0.6923076923076923,0.7499999981250001
8746.png,কয়েকজন পুরুষ বসে আছে,0.9999999975,0.30769230745562126,0.4705882311418685,0.4705882311418685,0.1333333299555556,0.35294117245674744,0,0,0.4193548387096774,0.30769230745562126
964.png,একজন পুরুষ ও একজন পুরুষ ও একজন পুরুষ ও একজন পুরুষ ও একজন পুরুষ ও একজন পুরুষ ও একজন পুরুষ ও একজন পুরুষ ও একজন পুরুষ ও একজন পুরুষ ও একজন পুরুষ ও একজন পুরুষ ও একজন পুরুষ ও একজন,0.02499999999375,0.1111111109876543,0.04081632351520222,0.04081632351520222,0.0,0.04081632351520222,0,0,0.08843537414965985,0.09090909082644627
1052358063.jpg,একজন স্কেটবোর্ডার একটি স্কেটবোর্ড চালাচ্ছে,0.1999999996,0.4999999975,0.28571428081632655,0.28571428081632655,0.14285713857142868,0.28571428081632655,0,0,0.4444444444444444,0.16666666652777776
351.png,একজন মানুষ আছে।,0.9999999966666667,0.37499999953124996,0.5454545404958677,0.5454545404958677,0.22222221827160496,0.5454545404958677,0,0,0.33333333333333337,0.37499999953124996
3294964868_16f4f9fa9d.jpg,একজন স্কি করছে,0.9999999966666667,0.5999999988,0.7499999934375,0.7499999934375,0.33333332777777785,0.7499999934375,0,0,0.55,0.5999999988
605.png,একটি নৌকায় কয়েকজন মানুষ আছে।,0.5999999988,0.2727272724793388,0.374999995234375,0.374999995234375,0.28571428122448983,0.374999995234375,0,0,0.275,0.23076923059171597
1883.png,একজন পুরুষ দাড়িয়ে আছে,0.249999999375,0.12499999984374999,0.16666666194444454,0.16666666194444454,0.0,0.16666666194444454,0,0,0.3571428571428571,0.09090909082644627
8894.png,একজন পুরুষ বসে আছে।,0.49999999875,0.33333333277777777,0.3999999944,0.3999999944,0.0,0.3999999944,0,0,0.5,0.24999999968749997
4541.png,একটি শিশু একটি <unk>,0.0,0.0,0.0,0.0,0.0,0.0,0,0,0.2857142857142857,0.0
1790.png,কয়েকজন পুরুষ দাড়িয়ে আছে।,0.49999999875,0.24999999968749997,0.33333332833333335,0.33333332833333335,0.1999999954000001,0.33333332833333335,0,0,0.3448275862068966,0.2222222219753086
3287549827_04dec6fb6e.jpg,একজন স্কেটবোর্ডার একটি বরফের পাহাড়ে দাঁড়িয়ে আছে,0.2857142853061225,0.2222222219753086,0.24999999476562512,0.24999999476562512,0.0,0.24999999476562512,0,0,0.5,0.14285714275510203
1343426964_cde3fb54e8.jpg,একজন পুরুষ বসে আছে।,0.249999999375,0.0999999999,0.14285713857142868,0.14285713857142868,0.0,0.14285713857142868,0,0,0.30434782608695654,0.07692307686390532
3280644151_3d89cb1e0e.jpg,একজন লোক একটি <unk> <unk> <unk> <unk> <unk> <unk> <unk> <unk> <unk> <unk> <unk> <unk> <unk> <unk> <unk> <unk> <unk> <unk> <unk> <unk> <unk> <unk> <unk> <unk> <unk> <unk> <unk> <unk> <unk> <unk> <unk> <unk> <unk> <unk> <unk> <unk> <unk>,0.07499999998125,0.21428571413265304,0.11111110722908106,0.11111110722908106,0.043478258270321514,0.11111110722908106,0,0,0.1383647798742138,0.1999999998
3120266797_47e7d91614.jpg,একটি শিশু একটি পাহাড়ের চূড়ায় দাঁড়িয়ে আছে,0.4285714279591837,0.23076923059171597,0.2999999951500001,0.2999999951500001,0.11111110654321005,0.2999999951500001,0,0,0.4814814814814815,0.1874999998828125
3537474810_cf676b3259.jpg,একটি ফুটবল খেলছে,0.6666666644444444,0.124999999921875,0.21052631290858725,0.21052631290858725,0.11764705660899655,0.21052631290858725,0,0,0.2647058823529411,0.13333333324444444
20220909_132450.jpg,একটি লোক একটি দোকানের সামনে দাঁড়িয়ে আছে,0.0,0.0,0.0,0.0,0.0,0.0,0,0,0.2692307692307693,0.0
4455.png,একজন পুরুষ ও একজন পুরুষ দাড়িয়ে আছে,0.2857142853061225,0.33333333277777777,0.3076923022485208,0.3076923022485208,0.0,0.3076923022485208,0,0,0.5769230769230769,0.2222222219753086
342204631_146602491711125_3676620178136048845_n.jpg,কয়েকজন মানুষ দাড়িয়ে আছে,0.249999999375,0.16666666638888888,0.1999999948000001,0.1999999948000001,0.0,0.1999999948000001,0,0,0.3513513513513513,0.1111111109876543
1788.png,কয়েকজন পুরুষ বসে আছে।,0.49999999875,0.18181818165289254,0.26666666240000003,0.26666666240000003,0.06666666482222226,0.26666666240000003,0,0,0.2195121951219512,0.15384615372781063
2661567396_cbe4c2e5be.jpg,একজন পুরুষ বসে আছে।,0.49999999875,0.1999999998,0.28571428122448983,0.28571428122448983,0.0,0.28571428122448983,0,0,0.2894736842105263,0.16666666652777776
2856080862_95d793fa9d.jpg,একদল শিশু একটি ফুটবল খেলছে,0.5999999988,0.5999999988,0.5999999938,0.5999999938,0.2499999943750001,0.5999999938,0,0,0.5,0.4285714279591837
624058168_f1c5e87e59.jpg,একটি কুকুর একটি কুকুর একটি কুকুর খেলছে,0.4285714279591837,0.29999999969999996,0.35294117121107266,0.35294117121107266,0.1818181765289258,0.35294117121107266,0,0,0.5185185185185186,0.2857142853061225
1978.png,একজন পুরুষ দাড়িয়ে আছে।,0.7499999981250001,0.37499999953124996,0.49999999472222234,0.49999999472222234,0.1999999954000001,0.49999999472222234,0,0,0.43333333333333335,0.3333333329629629
7086.png,একদল লোক একটি <unk>,0.249999999375,0.05555555552469135,0.09090908785123977,0.09090908785123977,0.0,0.09090908785123977,0,0,0.19999999999999996,0.04761904759637188
3325129757_7a1979ac11.jpg,একজন লোক একটি বরফের পাহাড়ে স্কি করছে,0.4285714279591837,0.24999999979166665,0.31578946869806096,0.31578946869806096,0.0,0.24999999476562512,0,0,0.41860465116279066,0.1874999998828125
7670.png,একজন পুরুষ আছে।,0.3333333322222222,0.09090909082644627,0.14285713928571436,0.14285713928571436,0.0,0.14285713928571436,0,0,0.23076923076923073,0.07692307686390532
5960.png,একজন পুরুষ ও একজন পুরুষ ও একজন পুরুষ ও একজন পুরুষ ও একজন পুরুষ ও একজন পুরুষ ও একজন পুরুষ ও একজন পুরুষ ও একজন পুরুষ ও একজন পুরুষ ও একজন পুরুষ ও একজন পুরুষ ও একজন পুরুষ ও একজন,0.07499999998125,0.49999999916666665,0.1304347802835539,0.1304347802835539,0.09090908885330583,0.1304347802835539,0,0,0.13605442176870752,0.49999999916666665
1235681222_819231767a.jpg,একটি ছেলে একটি <unk>,0.249999999375,0.16666666638888888,0.1999999948000001,0.1999999948000001,0.0,0.1999999948000001,0,0,0.2142857142857143,0.12499999984374999
2154.png,একটি নৌকা দেখা যাচ্ছে।,0.249999999375,0.0999999999,0.14285713857142868,0.14285713857142868,0.0,0.14285713857142868,0,0,0.2222222222222222,0.07692307686390532
3620.png,একটি শিশু একটি শিশু আছে।,0.3999999992,0.49999999875,0.4444444385185186,0.4444444385185186,0.28571428000000004,0.4444444385185186,0,0,0.625,0.3999999992
31.png,একজন পুরুষ বসে আছে।,0.249999999375,0.0999999999,0.14285713857142868,0.14285713857142868,0.0,0.14285713857142868,0,0,0.3055555555555556,0.07692307686390532
5087.png,একজন পুরুষ বসে আছে।,0.9999999975,0.6666666655555555,0.7999999936,0.7999999936,0.49999999406250006,0.7999999936,0,0,0.7,0.6666666655555555
5731.png,একজন লোক তার মুখে হাত দিয়ে ছবি তুলছে,0.12499999984374999,0.09090909082644627,0.10526315290858747,0.10526315290858747,0.0,0.10526315290858747,0,0,0.3157894736842105,0.05555555552469135
2051194177_fbeee211e3.jpg,একটি কুকুর পানিতে সাঁতার কাটছে।,0.5999999988,0.37499999953124996,0.46153845609467453,0.46153845609467453,0.1818181768595043,0.46153845609467453,0,0,0.4137931034482759,0.29999999969999996
1035.png,একজন পুরুষ ছাতা নিয়ে দাড়িয়ে আছে।,0.49999999916666665,0.37499999953124996,0.4285714230612245,0.4285714230612245,0.1818181765289258,0.4285714230612245,0,0,0.4193548387096774,0.2727272724793388
5402.png,একজন পুরুষ বসে আছে।,0.49999999875,0.2222222219753086,0.3076923029585799,0.3076923029585799,0.0,0.3076923029585799,0,0,0.5,0.18181818165289254
3547313700_39368b9a2f.jpg,একটি কুকুর একটি কুকুর খেলছে,0.3999999992,0.49999999875,0.4444444385185186,0.4444444385185186,0.2499999943750001,0.4444444385185186,0,0,0.631578947368421,0.3999999992
1057.png,একজন পুরুষ বসে আছে।,0.9999999975,0.49999999937499995,0.6666666611111112,0.6666666611111112,0.39999999500000005,0.49999999472222234,0,0,0.4137931034482759,0.571428570612245
2404.png,একজন নারী ও একজন পুরুষ বসে আছে।,0.14285714265306124,0.1999999996,0.16666666152777793,0.16666666152777793,0.0,0.16666666152777793,0,0,0.33333333333333337,0.0999999999
5225.png,একজন পুরুষ দাড়িয়ে আছে।,0.249999999375,0.3333333322222222,0.28571428000000004,0.28571428000000004,0.0,0.28571428000000004,0,0,0.4666666666666667,0.16666666638888888
4534.png,একজন পুরুষ বসে আছে।,0.249999999375,0.1999999996,0.2222222167901236,0.2222222167901236,0.0,0.2222222167901236,0,0,0.4,0.12499999984374999
3686078365_9e655e238f.jpg,এক মহিলা একটি <unk> <unk> <unk> <unk> <unk> <unk> <unk> <unk> <unk> <unk> <unk> <unk> <unk> <unk> <unk> <unk> <unk> <unk> <unk> <unk> <unk> <unk> <unk> <unk> <unk> <unk> <unk> <unk> <unk> <unk> <unk> <unk> <unk> <unk> <unk> <unk> <unk>,0.099999999975,0.3999999996,0.15999999673600007,0.15999999673600007,0.07999999653600014,0.11999999675200007,0,0,0.10126582278481011,0.29999999969999996
3096918227_f9d26a7db2.jpg,একটি <unk> <unk>,0.3333333322222222,0.1999999996,0.24999999468750006,0.24999999468750006,0.0,0.24999999468750006,0,0,0.2272727272727273,0.16666666638888888
4619.png,একটি দোকানের সামনে একটি দোকানের সামনে দাঁড়িয়ে আছে,0.12499999984374999,0.16666666638888888,0.1428571377551022,0.1428571377551022,0.0,0.1428571377551022,0,0,0.40625,0.0999999999
101669240_b2d3e7f17b.jpg,একজন স্কি করছে,0.9999999966666667,0.24999999979166665,0.39999999626666666,0.39999999626666666,0.0,0.39999999626666666,0,0,0.303030303030303,0.24999999979166665
2636514498_01fcc5f501.jpg,একটি ছোট বাচ্চা একটি <unk> <unk> <unk> <unk> <unk> <unk> <unk> <unk> <unk> <unk> <unk> <unk> <unk> <unk> <unk> <unk> <unk> <unk> <unk> <unk> <unk> <unk> <unk> <unk> <unk> <unk> <unk> <unk> <unk> <unk> <unk> <unk> <unk> <unk> <unk> <unk>,0.099999999975,0.3333333330555555,0.15384615023668646,0.15384615023668646,0.07999999653600014,0.15384615023668646,0,0,0.120253164556962,0.33333333277777777
3209523192_05a4cef844.jpg,একজন স্কি করছে,0.9999999966666667,0.3333333329629629,0.4999999954166666,0.4999999954166666,0.19999999640000002,0.4999999954166666,0,0,0.34375,0.3333333329629629
5323.png,একজন পুরুষ এবং একজন পুরুষ এবং একজন পুরুষ এবং একজন পুরুষ এবং একজন পুরুষ এবং একজন পুরুষ এবং একজন পুরুষ এবং একজন পুরুষ এবং একজন পুরুষ এবং একজন পুরুষ এবং একজন পুরুষ এবং একজন পুরুষ এবং একজন পুরুষ এবং একজন,0.0499999999875,0.49999999875,0.09090908921487605,0.09090908921487605,0.0476190462698413,0.09090908921487605,0,0,0.0625,0.3999999992
2748435417_ea7bbcc17c.jpg,একজন লোক একটি <unk> <unk> <unk> <unk> <unk> <unk> <unk> <unk> <unk> <unk> <unk> <unk> <unk> <unk> <unk> <unk> <unk> <unk> <unk> <unk> <unk> <unk> <unk> <unk> <unk> <unk> <unk> <unk> <unk> <unk> <unk> <unk> <unk> <unk> <unk> <unk> <unk>,0.0499999999875,0.18181818165289254,0.07843136913494825,0.07843136913494825,0.0,0.07843136913494825,0,0,0.10062893081761004,0.15384615372781063
7800.png,একজন পুরুষ বসে আছে।,0.7499999981250001,0.5999999988,0.6666666602469137,0.6666666602469137,0.28571428000000004,0.6666666602469137,0,0,0.6111111111111112,0.49999999916666665
2206403470_8c25aa3cf8.jpg,একটি শিশু একটি শিশু বসে আছে,0.16666666638888888,0.12499999984374999,0.1428571377551022,0.1428571377551022,0.0,0.1428571377551022,0,0,0.34375,0.09090909082644627
7999.png,একজন পুরুষ বসে আছে।,0.7499999981250001,0.7499999981250001,0.7499999931250001,0.7499999931250001,0.33333332722222225,0.7499999931250001,0,0,0.8,0.5999999988
4656.png,একজন পুরুষ দাড়িয়ে আছে।,0.249999999375,0.249999999375,0.2499999943750001,0.2499999943750001,0.0,0.2499999943750001,0,0,0.33333333333333337,0.14285714265306124
2285152690_3fb93f65f1.jpg,একজন বাস্কেটবল খেলোয়াড় বল নিয়ে দাঁড়িয়ে আছে,0.4285714279591837,0.4285714279591837,0.42857142295918377,0.42857142295918377,0.3333333277777778,0.42857142295918377,0,0,0.7419354838709677,0.2727272724793388
3763.png,একজন পুরুষ দাড়িয়ে আছে।,0.249999999375,0.249999999375,0.2499999943750001,0.2499999943750001,0.0,0.2499999943750001,0,0,0.4666666666666667,0.14285714265306124
1236951314_0308dc4138.jpg,একটি শিশু একটি পুকুরে লাফ দিচ্ছে,0.33333333277777777,0.1999999998,0.24999999500000003,0.24999999500000003,0.13333332871111125,0.24999999500000003,0,0,0.43333333333333335,0.15384615372781063
3264937930_9623496b64.jpg,একটি শিশু একটি মঞ্চে বসে আছে।,0.16666666638888888,0.16666666638888888,0.16666666138888903,0.16666666138888903,0.0,0.16666666138888903,0,0,0.3913043478260869,0.0999999999
477254932_56b48d775d.jpg,একটি শিশু একটি পুকুরে লাফ দিচ্ছে,0.49999999916666665,0.24999999979166665,0.33333332851851855,0.33333332851851855,0.12499999554687513,0.33333332851851855,0,0,0.47619047619047616,0.21428571413265304
8682.png,একটি নৌকায় কয়েকজন মানুষ আছে।,0.5999999988,0.3333333329629629,0.42857142336734694,0.42857142336734694,0.16666666194444454,0.42857142336734694,0,0,0.5151515151515151,0.29999999969999996
2687529141_edee32649e.jpg,একটি ছেলে একটি <unk> <unk> <unk> <unk>,0.2857142853061225,0.18181818165289254,0.22222221722222232,0.22222221722222232,0.0,0.22222221722222232,0,0,0.34615384615384615,0.14285714265306124
4294.png,কয়েকজন পুরুষ দাড়িয়ে আছে।,0.49999999875,0.24999999968749997,0.33333332833333335,0.33333332833333335,0.1999999954000001,0.33333332833333335,0,0,0.37037037037037035,0.2222222219753086
3364258732_9942c557e5.jpg,একটি মঞ্চে নাচ করছে,0.249999999375,0.249999999375,0.2499999943750001,0.2499999943750001,0.0,0.2499999943750001,0,0,0.5,0.14285714265306124
4248.png,একটি শিশু আছে।,0.9999999966666667,0.49999999916666665,0.6666666607407408,0.6666666607407408,0.28571428081632655,0.6666666607407408,0,0,0.4285714285714286,0.49999999916666665
145.png,একজন পুরুষ বসে আছে।,0.249999999375,0.249999999375,0.2499999943750001,0.2499999943750001,0.0,0.2499999943750001,0,0,0.6,0.14285714265306124
7855.png,একটি নৌকায় দুইজন মানুষ আছে।,0.7999999984,0.9999999975,0.8888888819753088,0.8888888819753088,0.5714285648979592,0.8888888819753088,0,0,0.736842105263158,0.7999999984
3336065481_2c21e622c8.jpg,একটি শিশু একটি শিশু আছে।,0.3999999992,0.14285714275510203,0.21052631168975072,0.21052631168975072,0.0,0.21052631168975072,0,0,0.4444444444444444,0.14285714265306124
inbound755042063650565929.jpg,একটি মুরগি ও একটি মুরগি আছে।,0.16666666638888888,0.16666666638888888,0.16666666138888903,0.16666666138888903,0.0,0.16666666138888903,0,0,0.33333333333333337,0.1111111109876543
8632.png,একটি শিশু একটি শিশু আছে।,0.5999999988,0.9999999966666667,0.7499999934375,0.7499999934375,0.6666666600000001,0.7499999934375,0,0,0.5625,0.9999999966666667
1609.png,একটি শিশু বসে আছে,0.49999999875,0.49999999875,0.4999999937500001,0.4999999937500001,0.33333332722222225,0.4999999937500001,0,0,0.6923076923076923,0.33333333277777777
311619377_2ba3b36675.jpg,একটি বিশাল <unk> <unk>,0.49999999875,0.24999999968749997,0.33333332833333335,0.33333332833333335,0.0,0.33333332833333335,0,0,0.3214285714285714,0.2222222219753086
209605542_ca9cc52e7b.jpg,একজন লোক পাথরের উপর দিয়ে লাফ দিচ্ছে,0.2857142853061225,0.2222222219753086,0.24999999476562512,0.24999999476562512,0.1428571377551022,0.24999999476562512,0,0,0.3846153846153846,0.14285714275510203
528500099_7be78a0ca5.jpg,এক ব্যক্তি একটি সাদা কালো শার্ট পরা একজন পুরুষ এবং সাদা শার্ট পরা একজন পুরুষ এবং সাদা শার্ট পরা একজন পুরুষ এবং সাদা শার্ট পরা একজন পুরুষ এবং সাদা শার্ট পরা একজন পুরুষ এবং সাদা শার্ট পরা একজন পুরুষ এবং,0.099999999975,0.3333333330555555,0.15384615023668646,0.15384615023668646,0.0,0.11538461178994093,0,0,0.1917808219178082,0.2222222220987654
472661386_723aae880b.jpg,একদল লোক একসাথে বসে আছে,0.1999999996,0.1999999996,0.19999999460000012,0.19999999460000012,0.0,0.19999999460000012,0,0,0.4,0.1111111109876543
5656.png,একটি শিশু দাড়িয়ে আছে,0.49999999875,0.08695652170132324,0.1481481455144033,0.1481481455144033,0.0,0.1481481455144033,0,0,0.23529411764705888,0.09090909086776859
5151.png,একজন পুরুষ বসে আছে।,0.9999999975,0.4444444439506172,0.6153846101775148,0.6153846101775148,0.5454545404958677,0.6153846101775148,0,0,0.4242424242424242,0.571428570612245
IMG-20220513-WA0071.jpg,একটি শিশু দাড়িয়ে আছে,0.249999999375,0.14285714265306124,0.1818181768595043,0.1818181768595043,0.0,0.1818181768595043,0,0,0.3846153846153846,0.1111111109876543
501.png,অনেক মানুষ দেখা যাচ্ছে।,0.49999999875,0.15384615372781063,0.2352941137716263,0.2352941137716263,0.1333333299555556,0.2352941137716263,0,0,0.4545454545454546,0.14285714275510203
2206960564_325ed0c7ae.jpg,একটি কুকুর একটি কুকুর খেলছে,0.1999999996,0.16666666638888888,0.1818181765289258,0.1818181765289258,0.0,0.1818181765289258,0,0,0.41666666666666663,0.12499999984374999
3409326324_a704565e8f.jpg,একটি বিশাল <unk> <unk> <unk>,0.3999999992,0.3999999992,0.39999999420000004,0.39999999420000004,0.2499999943750001,0.39999999420000004,0,0,0.25,0.16666666638888888
2019.png,একটি নৌকায় কয়েকজন মানুষ আছে।,0.1999999996,0.07142857137755101,0.10526315390581731,0.10526315390581731,0.0,0.10526315390581731,0,0,0.23636363636363633,0.06666666662222222
3545586120_283d728a97.jpg,একজন পুরুষ একটি ছেলে একটি বলে আঘাত করার জন্য একটি বলে লাথি মারছে,0.07692307686390532,0.16666666638888888,0.10526315346260404,0.10526315346260404,0.0,0.10526315346260404,0,0,0.33333333333333337,0.06666666662222222
5230.png,একটি নৌকা দেখা যাচ্ছে।,0.7499999981250001,0.2727272724793388,0.3999999955555556,0.3999999955555556,0.15384615005917168,0.3999999955555556,0,0,0.36111111111111116,0.2727272724793388
2587017287_888c811b5a.jpg,একটি কুকুর একটি কুকুর খেলছে,0.3999999992,0.3999999992,0.39999999420000004,0.39999999420000004,0.0,0.39999999420000004,0,0,0.4736842105263158,0.33333333277777777
6176.png,একটি নৌকা থেকে <unk>,0.0,0.0,0.0,0.0,0.0,0.0,0,0,0.3125,0.0
3866.png,একটি নৌকায় দুইজন মানুষ আছে।,0.7999999984,0.7999999984,0.7999999934,0.7999999934,0.2499999943750001,0.7999999934,0,0,0.631578947368421,0.6666666655555555
3403797144_53e49412ec.jpg,সার্ফার একটি ঢেউ এর উপর সার্ফ করছে,0.571428570612245,0.4444444439506172,0.49999999445312515,0.49999999445312515,0.2857142804081633,0.49999999445312515,0,0,0.5526315789473684,0.3333333330555555
4603.png,একটি সেতুর উপর কয়েকজন মানুষ আছে।,0.0,0.0,0.0,0.0,0.0,0.0,0,0,0.25,0.0
2114126343_a0f74ff63b.jpg,একটি মেয়ে একটি মেয়ে,0.249999999375,0.14285714265306124,0.1818181768595043,0.1818181768595043,0.0,0.1818181768595043,0,0,0.2692307692307693,0.12499999984374999
2073964624_52da3a0fc4.jpg,একজন পুরুষ একটি শিশু একটি শিশু আছে।,0.2857142853061225,0.14285714275510203,0.19047618585034026,0.19047618585034026,0.0,0.19047618585034026,0,0,0.3035714285714286,0.11764705875432525
3537201804_ce07aff237.jpg,একটি শিশু একটি শিশু একটি শিশু একটি শিশু একটি শিশু একটি শিশু একটি শিশু একটি শিশু একটি শিশু একটি শিশু একটি শিশু একটি শিশু একটি শিশু একটি শিশু একটি শিশু একটি শিশু একটি শিশু একটি শিশু একটি শিশু একটি শিশু,0.0499999999875,0.24999999968749997,0.08333333052083343,0.08333333052083343,0.043478258270321514,0.08333333052083343,0,0,0.1007194244604317,0.2857142853061225
8237.png,জমির উপরে একজন পুরুষ আছে।,0.0,0.0,0.0,0.0,0.0,0.0,0,0,0.3157894736842105,0.0
47.png,একটি ছেলে একটি <unk>,0.7499999981250001,0.10714285710459183,0.1874999976953125,0.1874999976953125,0.0,0.1874999976953125,0,0,0.17391304347826086,0.12499999994791666
2496399593_a24954a5ca.jpg,একটি মেয়ে একটি মেয়ে দাঁড়িয়ে আছে,0.16666666638888888,0.14285714265306124,0.15384614863905344,0.15384614863905344,0.0,0.15384614863905344,0,0,0.5172413793103448,0.0999999999
3096.png,একদল লোক খাবার খাচ্ছে।,0.0,0.0,0.0,0.0,0.0,0.0,0,0,0.21739130434782605,0.0
9067.png,একজন বাচ্চা মেয়ে দাড়িয়ে আছে।,0.3999999992,0.49999999875,0.4444444385185186,0.4444444385185186,0.28571428000000004,0.4444444385185186,0,0,0.5555555555555556,0.2857142853061225
2673148534_8daf0de833.jpg,একটি কুকুর একটি ফ্রিসবি ধরার জন্য একটি ফ্রিসবি নিয়ে দৌড়াচ্ছে,0.3999999996,0.571428570612245,0.4705882298961938,0.4705882298961938,0.13333332835555572,0.4705882298961938,0,0,0.4878048780487805,0.29999999969999996
1282392036.jpg,একটি শিশু একটি <unk> <unk> <unk> <unk> <unk> <unk> <unk> <unk> <unk> <unk> <unk> <unk> <unk> <unk> <unk> <unk> <unk> <unk> <unk> <unk> <unk> <unk> <unk> <unk> <unk> <unk> <unk> <unk> <unk> <unk> <unk> <unk> <unk> <unk> <unk> <unk> <unk>,0.099999999975,0.26666666648888887,0.14545454143471084,0.14545454143471084,0.037735845154859775,0.07843136913494825,0,0,0.10759493670886078,0.21428571413265304
2999162229_80d17099b6.jpg,একটি শিশু একটি শিশু আছে।,0.1999999996,0.12499999984374999,0.15384614887573977,0.15384614887573977,0.0,0.15384614887573977,0,0,0.30000000000000004,0.0999999999
3192.png,একজন পুরুষ মাথায় ছাতা নিয়ে দাড়িয়ে আছে।,0.2857142853061225,0.1111111110493827,0.1599999958400001,0.1599999958400001,0.0,0.0799999959040002,0,0,0.24,0.08695652170132324
7056.png,একজন মহিলা একটি <unk> <unk> <unk> <unk> <unk> <unk> <unk> <unk> <unk> <unk> <unk> <unk> <unk> <unk> <unk> <unk> <unk> <unk> <unk> <unk> <unk> <unk> <unk> <unk> <unk> <unk> <unk> <unk> <unk> <unk> <unk> <unk> <unk> <unk> <unk> <unk> <unk>,0.02499999999375,0.06666666662222222,0.036363632383471504,0.036363632383471504,0.0,0.036363632383471504,0,0,0.11875000000000002,0.05555555552469135
3159092624_66af4e207e.jpg,একটি ছোট ছেলে একটি গাছের নিচে একটি গাছের নিচে একটি গাছের নিচে একটি গাছের নিচে একটি গাছের নিচে একটি গাছের নিচে একটি গাছের নিচে একটি গাছের নিচে একটি গাছের নিচে একটি গাছের নিচে একটি গাছের নিচে একটি গাছের নিচে একটি,0.07499999998125,0.24999999979166665,0.11538461178994093,0.11538461178994093,0.04444444211358036,0.11538461178994093,0,0,0.18620689655172418,0.21428571413265304
2762702644_2aa3bf9680.jpg,একজন লোক একটি <unk> <unk> <unk> <unk> <unk> <unk> <unk> <unk> <unk> <unk> <unk> <unk> <unk> <unk> <unk> <unk> <unk> <unk> <unk> <unk> <unk> <unk> <unk> <unk> <unk> <unk> <unk> <unk> <unk> <unk> <unk> <unk> <unk> <unk> <unk> <unk> <unk>,0.0499999999875,0.124999999921875,0.07142856732142881,0.07142856732142881,0.0,0.07142856732142881,0,0,0.10062893081761004,0.11764705875432525
3102204862_f1d220230b.jpg,একজন পুরুষ এবং একটি ছেলে একটি <unk>,0.2857142853061225,0.2857142853061225,0.28571428030612256,0.28571428030612256,0.16666666138888903,0.28571428030612256,0,0,0.33333333333333337,0.18181818165289254
289616152_012a9f16c6.jpg,একজন স্কেটবোর্ডার একটি স্কেটবোর্ড কৌশল দেখাচ্ছে,0.49999999916666665,0.49999999916666665,0.4999999941666667,0.4999999941666667,0.0,0.3333333277777778,0,0,0.53125,0.3333333329629629
3070713991_8696796937.jpg,একটি মুরগি আছে।,0.3333333322222222,0.14285714265306124,0.1999999954000001,0.1999999954000001,0.0,0.1999999954000001,0,0,0.29166666666666663,0.1111111109876543
6808.png,কয়েকজন পুরুষ দাড়িয়ে আছে।,0.7499999981250001,0.3333333329629629,0.4615384565680474,0.4615384565680474,0.18181817752066123,0.4615384565680474,0,0,0.375,0.37499999953124996
7196.png,একজন নারী আছে।,0.6666666644444444,0.3999999992,0.49999999406250006,0.49999999406250006,0.0,0.49999999406250006,0,0,0.4444444444444444,0.33333333277777777
6313.png,একজন নারী আছে।,0.3333333322222222,0.1999999996,0.24999999468750006,0.24999999468750006,0.0,0.24999999468750006,0,0,0.4444444444444444,0.14285714265306124
4783.png,একটি সেতুর উপর কয়েকজন মানুষ আছে।,0.33333333277777777,0.33333333277777777,0.3333333277777778,0.3333333277777778,0.0,0.3333333277777778,0,0,0.33333333333333337,0.1999999998
2789238858_14261dd25a.jpg,একটি কুকুর একটি কুকুর দৌড়াচ্ছে,0.7999999984,0.6666666655555555,0.7272727209917357,0.7272727209917357,0.4444444385185186,0.7272727209917357,0,0,0.8181818181818181,0.5999999988
2068465241_3bcabacfd7.jpg,একটি শিশু একটি <unk>,0.49999999875,0.2222222219753086,0.3076923029585799,0.3076923029585799,0.0,0.3076923029585799,0,0,0.2222222222222222,0.1999999998
121551810.jpg,একজন পুরুষ একটি শিশু একটি সাইকেল চালিয়ে যাচ্ছে,0.24999999968749997,0.18181818165289254,0.21052631069252087,0.21052631069252087,0.11764705384083066,0.21052631069252087,0,0,0.4,0.13333333324444444
3756.png,একজন পুরুষ বসে আছে।,0.49999999875,0.2857142853061225,0.36363635834710756,0.36363635834710756,0.0,0.36363635834710756,0,0,0.3846153846153846,0.2222222219753086
2282895743_f803f1cf01.jpg,এক মহিলা একটি মেয়ে একটি <unk> <unk> <unk> <unk> <unk> <unk> <unk> <unk> <unk> <unk> <unk> <unk> <unk> <unk> <unk> <unk> <unk> <unk> <unk> <unk> <unk> <unk> <unk> <unk> <unk> <unk> <unk> <unk> <unk> <unk> <unk> <unk> <unk> <unk> <unk>,0.07499999998125,0.3333333329629629,0.1224489765431071,0.1224489765431071,0.042553188646446534,0.08163265002915464,0,0,0.14012738853503182,0.18181818165289254
3280672302_2967177653.jpg,একটি ছোট ছেলে একটি ছোট ছেলে একটি ছোট ছেলে একটি ছোট ছেলে একটি ছোট ছেলে একটি ছোট ছেলে একটি ছোট ছেলে একটি ছোট ছেলে একটি ছোট ছেলে একটি ছোট ছেলে একটি ছোট ছেলে একটি ছোট ছেলে একটি ছোট ছেলে একটি,0.0499999999875,0.2857142853061225,0.08510638040742426,0.08510638040742426,0.0,0.08510638040742426,0,0,0.15037593984962405,0.24999999968749997
2239938351_43c73c887c.jpg,দুটি কুকুর একটি কুকুর খেলছে,0.7999999984,0.3333333330555555,0.47058823058823535,0.47058823058823535,0.1818181768595043,0.47058823058823535,0,0,0.6666666666666667,0.3333333330555555
8251.png,একজন পুরুষ দাড়িয়ে আছে।,0.49999999875,0.49999999875,0.4999999937500001,0.4999999937500001,0.0,0.4999999937500001,0,0,0.4,0.33333333277777777
1395.png,একজন নারী ও একজন নারী ও একজন নারী ও একজন নারী ও একজন নারী ও একজন নারী ও একজন নারী ও একজন নারী ও একজন নারী ও একজন নারী ও একজন নারী ও একজন নারী ও একজন নারী ও একজন,0.02499999999375,0.1111111109876543,0.04081632351520222,0.04081632351520222,0.0,0.04081632351520222,0,0,0.23134328358208955,0.0999999999
4505.png,একজন পুরুষ বসে আছে।,0.49999999875,0.49999999875,0.4999999937500001,0.4999999937500001,0.33333332722222225,0.4999999937500001,0,0,0.7333333333333334,0.33333333277777777
1130369873_d80a1aa59c.jpg,একটি কুকুর একটি কুকুর একটি কুকুর একটি কুকুর একটি কুকুর একটি কুকুর একটি কুকুর একটি কুকুর একটি কুকুর একটি কুকুর একটি কুকুর একটি কুকুর একটি কুকুর একটি কুকুর একটি কুকুর একটি কুকুর একটি কুকুর একটি কুকুর একটি কুকুর একটি কুকুর,0.0499999999875,0.2222222219753086,0.08163265002915464,0.08163265002915464,0.0,0.08163265002915464,0,0,0.12578616352201255,0.2222222219753086
_MG_2288.JPG,একজন পুরুষ বসে আছে,0.249999999375,0.14285714265306124,0.1818181768595043,0.1818181768595043,0.0,0.1818181768595043,0,0,0.33333333333333337,0.0999999999
189.png,একজন পুরুষ ও একজন পুরুষ দাড়িয়ে আছে।,0.14285714265306124,0.1999999996,0.16666666152777793,0.16666666152777793,0.0,0.16666666152777793,0,0,0.42307692307692313,0.1111111109876543
3602838407_bf13e49243.jpg,একটি কালো কুকুর পানিতে সাঁতার কাটছে।,0.49999999916666665,0.49999999916666665,0.4999999941666667,0.4999999941666667,0.2857142807142858,0.4999999941666667,0,0,0.5454545454545454,0.3333333329629629
3273325447_81c94000da.jpg,একজন লোক একটি <unk>,0.49999999875,0.33333333277777777,0.3999999944,0.3999999944,0.0,0.3999999944,0,0,0.4,0.24999999968749997
4863.png,একজন পুরুষ দাড়িয়ে আছে।,0.0,0.0,0.0,0.0,0.0,0.0,0,0,0.2222222222222222,0.0
2423292784_166ee54e0b.jpg,একটি ছোট ছেলে একটি <unk> <unk> <unk> <unk> <unk> <unk> <unk> <unk> <unk> <unk> <unk> <unk> <unk> <unk> <unk> <unk> <unk> <unk> <unk> <unk> <unk> <unk> <unk> <unk> <unk> <unk> <unk> <unk> <unk> <unk> <unk> <unk> <unk> <unk> <unk> <unk>,0.099999999975,0.49999999937499995,0.16666666381944448,0.16666666381944448,0.08695651912098307,0.16666666381944448,0,0,0.10828025477707004,0.49999999937499995
2113530024_5bc6a90e42.jpg,একদল শিশু একটি ফুটবল খেলছে,0.3999999992,0.3999999992,0.39999999420000004,0.39999999420000004,0.0,0.39999999420000004,0,0,0.7,0.24999999968749997
8564.png,একজন নারী বসে আছে।,0.249999999375,0.16666666638888888,0.1999999948000001,0.1999999948000001,0.0,0.1999999948000001,0,0,0.38095238095238093,0.1111111109876543
3189.png,একটি শিশু দাড়িয়ে আছে।,0.249999999375,0.1111111109876543,0.15384614934911253,0.15384614934911253,0.0,0.15384614934911253,0,0,0.17647058823529416,0.09090909082644627
4090.png,একটি নৌকায় একজন পুরুষ বসে আছে।,0.49999999916666665,0.24999999979166665,0.33333332851851855,0.33333332851851855,0.12499999554687513,0.33333332851851855,0,0,0.368421052631579,0.19999999986666667
133.png,একজন পুরুষ দাড়িয়ে আছে।,0.49999999875,0.3999999992,0.4444444385185186,0.4444444385185186,0.0,0.4444444385185186,0,0,0.5,0.2857142853061225
1980.png,একজন পুরুষ দাড়িয়ে আছে।,0.0,0.0,0.0,0.0,0.0,0.0,0,0,0.38888888888888884,0.0
8925.png,একজন পুরুষ মাথায় ছাতা ধরে আছে।,0.49999999916666665,0.7499999981250001,0.5999999940000001,0.5999999940000001,0.0,0.5999999940000001,0,0,0.47619047619047616,0.4285714279591837
2362481035_a7600875d0.jpg,একটি শিশু বসে আছে,0.49999999875,0.33333333277777777,0.3999999944,0.3999999944,0.24999999468750006,0.3999999944,0,0,0.2962962962962963,0.24999999968749997
20210824_073557.jpg,একটি নৌকা দেখা যাচ্ছে,0.249999999375,0.14285714265306124,0.1818181768595043,0.1818181768595043,0.0,0.1818181768595043,0,0,0.40909090909090906,0.0999999999
7069.png,একটি সাদা কালো সাদা কালো সাদা কালো সাদা কালো সাদা কালো সাদা কালো সাদা কালো সাদা কালো সাদা কালো সাদা কালো সাদা কালো সাদা কালো সাদা কালো সাদা কালো সাদা কালো সাদা কালো সাদা কালো সাদা কালো সাদা কালো সাদা,0.02499999999375,0.14285714265306124,0.04255318893617037,0.04255318893617037,0.0,0.04255318893617037,0,0,0.14166666666666672,0.1111111109876543
2760.png,কয়েকজন মানুষ আছে।,0.9999999966666667,0.9999999966666667,0.9999999916666666,0.9999999916666666,0.9999999900000001,0.9999999916666666,1,1,1.0,0.9999999966666667
1863.png,একজন পুরুষ বসে আছে।,0.49999999875,0.24999999968749997,0.33333332833333335,0.33333332833333335,0.0,0.33333332833333335,0,0,0.3125,0.2222222219753086
3529721084_4b405baf54.jpg,একজন লোক একটি মোটরসাইকেলে থাকা একজন লোক একটি মোটরসাইকেলে থাকা একজন লোক একটি মোটরসাইকেলে থাকা একজন লোক একটি মোটরসাইকেলে থাকা একজন লোক একটি মোটরসাইকেলে থাকা একজন লোক একটি মোটরসাইকেলে থাকা একজন লোক একটি মোটরসাইকেলে থাকা একজন লোক একটি মোটরসাইকেলে থাকা,0.0499999999875,0.09523809519274376,0.06557376595538864,0.06557376595538864,0.0,0.06557376595538864,0,0,0.23497267759562845,0.09999999995
2316.png,কয়েকজন মানুষ আছে।,0.3333333322222222,0.16666666638888888,0.2222222172839507,0.2222222172839507,0.0,0.2222222172839507,0,0,0.4545454545454546,0.12499999984374999
8477.png,একজন নারী আছে।,0.6666666644444444,0.6666666644444444,0.6666666594444445,0.6666666594444445,0.4999999925000001,0.6666666594444445,0,0,0.8,0.49999999875
1220401002_3f44b1f3f7.jpg,একটি ছেলে একটি ছেলে একটি ছেলে একটি ছেলে একটি ছেলে একটি ছেলে একটি ছেলে একটি ছেলে একটি ছেলে একটি ছেলে একটি ছেলে একটি ছেলে একটি ছেলে একটি ছেলে একটি ছেলে একটি ছেলে একটি ছেলে একটি ছেলে একটি ছেলে একটি ছেলে,0.0,0.0,0.0,0.0,0.0,0.0,0,0,0.12230215827338131,0.0
1463732130_a754441289.jpg,একটি ছেলে একটি স্কেটবোর্ড কৌশল দেখাচ্ছে,0.16666666638888888,0.16666666638888888,0.16666666138888903,0.16666666138888903,0.0,0.16666666138888903,0,0,0.34615384615384615,0.0999999999
3229282764_a4a515f4e2.jpg,একটি শিশু একটি শিশু একটি শিশু একটি শিশু একটি শিশু একটি শিশু একটি শিশু একটি শিশু একটি শিশু একটি শিশু একটি শিশু একটি শিশু একটি শিশু একটি শিশু একটি শিশু একটি শিশু একটি শিশু একটি শিশু একটি শিশু একটি শিশু,0.02499999999375,0.249999999375,0.04545454378099179,0.04545454378099179,0.0,0.04545454378099179,0,0,0.17985611510791366,0.1999999996
7212.png,একটি শিশু আছে।,0.9999999966666667,0.5999999988,0.7499999934375,0.7499999934375,0.0,0.7499999934375,0,0,0.6,0.5999999988
1026.png,জমির মাঝ দিয়ে একজন বাচ্চা মেয়ে শিশু আছে।,0.37499999953124996,0.3333333329629629,0.3529411710726644,0.3529411710726644,0.2666666613333334,0.3529411710726644,0,0,0.5294117647058824,0.21428571413265304
3774.png,একটি শিশু একটি নৌকা থেকে <unk>,0.0,0.0,0.0,0.0,0.0,0.0,0,0,0.25,0.0
2110.png,একটি ব্যস্ত রাস্তায় দাঁড়িয়ে আছে,0.0,0.0,0.0,0.0,0.0,0.0,0,0,0.2592592592592593,0.0
3154.png,কয়েকজন পুরুষ ও একজন নারী ও একজন নারী ও একজন নারী ও একজন নারী ও একজন নারী ও একজন নারী ও একজন নারী ও একজন নারী ও একজন নারী ও একজন নারী ও একজন নারী ও একজন নারী ও একজন,0.0499999999875,0.49999999875,0.09090908921487605,0.09090908921487605,0.0,0.09090908921487605,0,0,0.20588235294117652,0.2857142853061225
10.png,একজন নারী দাড়িয়ে আছে।,0.7499999981250001,0.2727272724793388,0.3999999955555556,0.3999999955555556,0.15384615005917168,0.3999999955555556,0,0,0.368421052631579,0.2727272724793388
2955985301_e4139bc772.jpg,একজন মহিলা এবং কালো চুল কালো চুল কালো চুল কালো চুল কালো চুল কালো চুল কালো চুল কালো চুল কালো চুল কালো চুল কালো চুল কালো চুল কালো চুল কালো চুল কালো চুল কালো চুল কালো চুল কালো চুল কালো,0.0499999999875,0.2222222219753086,0.08163265002915464,0.08163265002915464,0.0,0.08163265002915464,0,0,0.17213114754098358,0.16666666652777776
6509.png,একজন পুরুষ মাথায় <unk> <unk>,0.3999999992,0.49999999875,0.4444444385185186,0.4444444385185186,0.0,0.4444444385185186,0,0,0.35,0.33333333277777777
6334.png,একজন পুরুষ দাড়িয়ে আছে।,0.249999999375,0.3333333322222222,0.28571428000000004,0.28571428000000004,0.0,0.28571428000000004,0,0,0.4666666666666667,0.16666666638888888
3427852996_d383abd819.jpg,একজন লোক একটি <unk>,0.49999999875,0.2222222219753086,0.3076923029585799,0.3076923029585799,0.0,0.15384614934911253,0,0,0.2777777777777778,0.18181818165289254
4203.png,একজন পুরুষ বসে আছে।,0.9999999975,0.6666666655555555,0.7999999936,0.7999999936,0.7499999934375,0.7999999936,0,0,0.6363636363636364,0.6666666655555555
2387197355_237f6f41ee.jpg,একজন লোক একটি <unk> <unk>,0.3999999992,0.2857142853061225,0.33333332791666676,0.33333332791666676,0.1999999948000001,0.33333332791666676,0,0,0.3548387096774194,0.2222222219753086
3718964174_cb2dc1615e.jpg,একজন নারী মাথায় <unk> <unk> <unk> <unk> <unk> <unk> <unk> <unk> <unk> <unk> <unk> <unk> <unk> <unk> <unk> <unk> <unk> <unk> <unk> <unk> <unk> <unk> <unk> <unk> <unk> <unk> <unk> <unk> <unk> <unk> <unk> <unk> <unk> <unk> <unk> <unk> <unk>,0.07499999998125,0.2727272724793388,0.11764705539407928,0.11764705539407928,0.04081632326530638,0.07843136913494825,0,0,0.10691823899371067,0.29999999969999996
2931950813_93145c4746.jpg,একটি শিশু একটি <unk>,0.49999999875,0.24999999968749997,0.33333332833333335,0.33333332833333335,0.0,0.33333332833333335,0,0,0.28,0.1111111109876543
390360326_26f5936189.jpg,একটি কুকুর একটি কুকুর দৌড়াচ্ছে,0.7999999984,0.3636363633057851,0.499999995078125,0.499999995078125,0.3076923029585799,0.499999995078125,0,0,0.5833333333333333,0.29999999969999996
3138.png,একজন পুরুষ দাড়িয়ে আছে।,0.49999999875,0.6666666644444444,0.5714285648979592,0.5714285648979592,0.0,0.5714285648979592,0,0,0.6,0.3999999992
118939861.jpg,একজন লোক একটি টেবিল এ বসে আছে,0.4285714279591837,0.24999999979166665,0.31578946869806096,0.31578946869806096,0.11764705411764723,0.28571428099773244,0,0,0.3157894736842105,0.21428571413265304
_MG_2298.JPG,একজন বয়স্ক পুরুষ বসে আছে।,0.1999999996,0.249999999375,0.2222222167901236,0.2222222167901236,0.0,0.2222222167901236,0,0,0.5263157894736843,0.12499999984374999
6652.png,একজন পুরুষ দাড়িয়ে আছে।,0.0,0.0,0.0,0.0,0.0,0.0,0,0,0.4666666666666667,0.0
8009.png,একটি নৌকা থেকে একটি নৌকা থেকে একটি নৌকা থেকে একটি নৌকা থেকে একটি নৌকা থেকে একটি নৌকা থেকে একটি নৌকা থেকে একটি নৌকা থেকে একটি নৌকা থেকে একটি নৌকা থেকে একটি নৌকা থেকে একটি নৌকা থেকে একটি নৌকা থেকে একটি,0.0,0.0,0.0,0.0,0.0,0.0,0,0,0.10526315789473684,0.0
1387785218_cee67735f5.jpg,একটি ছোট বাচ্চা একটি রাস্তায় দৌড়াচ্ছে,0.49999999916666665,0.37499999953124996,0.4285714230612245,0.4285714230612245,0.0,0.2857142804081633,0,0,0.5454545454545454,0.29999999969999996
635.png,একজন পুরুষ বসে আছে।,0.7499999981250001,0.49999999916666665,0.5999999940000001,0.5999999940000001,0.24999999468750006,0.5999999940000001,0,0,0.47619047619047616,0.49999999916666665
3202.png,একজন পুরুষ বসে আছে।,0.9999999975,0.6666666655555555,0.7999999936,0.7999999936,0.7499999934375,0.7999999936,0,0,0.6363636363636364,0.6666666655555555
5594.png,একজন পুরুষ বসে আছে।,0.249999999375,0.249999999375,0.2499999943750001,0.2499999943750001,0.0,0.2499999943750001,0,0,0.2666666666666667,0.14285714265306124
2285741931_07159a21f2.jpg,একটি শিশু একটি ফ্রিসবি ধরার চেষ্টা করছে,0.2857142853061225,0.13333333324444444,0.18181817731404967,0.18181817731404967,0.0,0.18181817731404967,0,0,0.3571428571428571,0.09090909082644627
3329169877_175cb16845.jpg,একজন স্কেটবোর্ডার একটি <unk>,0.249999999375,0.16666666638888888,0.1999999948000001,0.1999999948000001,0.0,0.1999999948000001,0,0,0.5416666666666667,0.1111111109876543
2704257993_d485058a5f.jpg,একটি ছেলে একটি বল ধরার জন্য লাফ দিচ্ছে,0.37499999953124996,0.1874999998828125,0.24999999534722225,0.24999999534722225,0.09090908648760351,0.16666666208333344,0,0,0.2702702702702703,0.09999999995
2978271431_f6a7f19825.jpg,একটি গাড়ির পাশে একটি গাড়ি দেখা যাচ্ছে,0.14285714265306124,0.0999999999,0.11764705384083066,0.11764705384083066,0.0,0.11764705384083066,0,0,0.4054054054054054,0.06666666662222222
2839038702_e168128665.jpg,একটি কুকুর একটি পাহাড়ের চূড়ায় দাঁড়িয়ে আছে,0.7142857132653061,0.49999999949999996,0.5882352885813149,0.5882352885813149,0.1818181765289258,0.5882352885813149,0,0,0.5454545454545454,0.3636363633057851
558.png,একটি নৌকা থেকে <unk>,0.0,0.0,0.0,0.0,0.0,0.0,0,0,0.16666666666666663,0.0
5675.png,একজন লোক একটি <unk>,0.0,0.0,0.0,0.0,0.0,0.0,0,0,0.19999999999999996,0.0
327.png,একজন মহিলা একটি শিশু আছে।,0.3999999992,0.49999999875,0.4444444385185186,0.4444444385185186,0.0,0.4444444385185186,0,0,0.5555555555555556,0.2857142853061225
_MG_1797.JPG,কয়েকজন পুরুষ দাড়িয়ে আছে,0.0,0.0,0.0,0.0,0.0,0.0,0,0,0.44999999999999996,0.0
4402.png,একটি শিশু দাড়িয়ে আছে।,0.49999999875,0.49999999875,0.4999999937500001,0.4999999937500001,0.33333332722222225,0.4999999937500001,0,0,0.6666666666666667,0.33333333277777777
7101.png,একজন পুরুষ ও একজন পুরুষ দাড়িয়ে আছে।,0.571428570612245,0.6666666655555555,0.6153846094674558,0.6153846094674558,0.36363635801652905,0.6153846094674558,0,0,0.6923076923076923,0.571428570612245
_MG_2278.JPG,একজন পুরুষ ও একজন পুরুষ ও একজন পুরুষ বসে আছে।,0.0999999999,0.12499999984374999,0.11111110604938293,0.11111110604938293,0.0,0.11111110604938293,0,0,0.4444444444444444,0.09090909082644627
363.png,একজন পুরুষ বসে আছে।,0.249999999375,0.14285714265306124,0.1818181768595043,0.1818181768595043,0.0,0.1818181768595043,0,0,0.3571428571428571,0.0999999999
5587.png,একটি নৌকায় একজন পুরুষ বসে আছে।,0.33333333277777777,0.3999999992,0.36363635801652905,0.36363635801652905,0.0,0.36363635801652905,0,0,0.5909090909090908,0.2222222219753086
_MG_1217.JPG,একজন পুরুষ বসে আছে,0.249999999375,0.1999999996,0.2222222167901236,0.2222222167901236,0.0,0.2222222167901236,0,0,0.42105263157894735,0.12499999984374999
5998.png,একটি নৌকায় দুইজন মানুষ আছে।,0.3999999992,0.3999999992,0.39999999420000004,0.39999999420000004,0.2499999943750001,0.39999999420000004,0,0,0.47619047619047616,0.24999999968749997
1308.png,একজন নারী আছে।,0.3333333322222222,0.12499999984374999,0.18181817752066123,0.18181817752066123,0.0,0.18181817752066123,0,0,0.3076923076923077,0.0999999999
179009558_69be522c63.jpg,একটি শিশু একটি শিশু আছে।,0.3999999992,0.15384615372781063,0.22222221796296296,0.22222221796296296,0.0,0.22222221796296296,0,0,0.3529411764705882,0.07692307686390532
6205.png,একজন পুরুষ বসে আছে।,0.49999999875,0.3999999992,0.4444444385185186,0.4444444385185186,0.16666666263888896,0.4444444385185186,0,0,0.6111111111111112,0.2857142853061225
3525841965_7814484515.jpg,একজন নারী ও একটি শিশু দাড়িয়ে আছে,0.4285714279591837,0.37499999953124996,0.3999999944888889,0.3999999944888889,0.15384614863905344,0.3999999944888889,0,0,0.34375,0.24999999979166665
195.png,একজন পুরুষ ছাতা নিয়ে দাড়িয়ে আছে।,0.0,0.0,0.0,0.0,0.0,0.0,0,0,0.2857142857142857,0.0
6266.png,একজন নারী আছে।,0.3333333322222222,0.249999999375,0.28571428000000004,0.28571428000000004,0.0,0.28571428000000004,0,0,0.2857142857142857,0.16666666638888888
8149.png,একটি শিশু দাড়িয়ে আছে।,0.249999999375,0.3333333322222222,0.28571428000000004,0.28571428000000004,0.0,0.28571428000000004,0,0,0.3846153846153846,0.16666666638888888
3604928725_58147c87cd.jpg,একটি শিশু একটি কুকুর একটি কুকুর সাঁতার কাটছে,0.6249999992187499,0.3846153843195266,0.4761904710204082,0.4761904710204082,0.2105263109141275,0.3333333280246914,0,0,0.5277777777777778,0.30769230745562126
6442.png,একজন পুরুষ বসে আছে।,0.7499999981250001,0.5999999988,0.6666666602469137,0.6666666602469137,0.5714285648979592,0.6666666602469137,0,0,0.7222222222222222,0.49999999916666665
113637264.jpg,একজন পুরুষ বসে আছে,0.249999999375,0.249999999375,0.2499999943750001,0.2499999943750001,0.0,0.2499999943750001,0,0,0.5,0.14285714265306124
2637.png,একজন নারী আছে।,0.0,0.0,0.0,0.0,0.0,0.0,0,0,0.375,0.0
219301555_17883a51bd.jpg,একটি শিশু পানিতে খেলছে,0.249999999375,0.16666666638888888,0.1999999948000001,0.1999999948000001,0.0,0.1999999948000001,0,0,0.24,0.1111111109876543
241347580_a1e20321d3.jpg,একদল লোক একটি <unk> <unk> <unk>,0.33333333277777777,0.1999999998,0.24999999500000003,0.24999999500000003,0.0,0.24999999500000003,0,0,0.21621621621621623,0.08333333326388888
3640104986_5d8c9a9948.jpg,একটি মুরগি ও একটি মুরগি ও একটি মুরগি ও একটি মুরগি ও একটি মুরগি ও একটি মুরগি ও একটি মুরগি ও একটি মুরগি ও একটি মুরগি ও একটি মুরগি ও একটি মুরগি ও একটি মুরগি ও একটি মুরগি ও একটি,0.02499999999375,0.16666666638888888,0.04347825858223074,0.04347825858223074,0.0,0.04347825858223074,0,0,0.19548872180451127,0.12499999984374999
1384292980.jpg,একটি মেয়ে একটি মেয়ে বসে আছে,0.33333333277777777,0.18181818165289254,0.2352941128027682,0.2352941128027682,0.0,0.2352941128027682,0,0,0.3589743589743589,0.07692307686390532
539667015_fd0a3bea07.jpg,একটি শিশু একটি শিশু একটি শিশু একটি শিশু একটি শিশু একটি শিশু একটি শিশু একটি শিশু একটি শিশু একটি শিশু একটি শিশু একটি শিশু একটি শিশু একটি শিশু একটি শিশু একটি শিশু একটি শিশু একটি শিশু একটি শিশু একটি শিশু,0.0499999999875,0.2222222219753086,0.08163265002915464,0.08163265002915464,0.0,0.08163265002915464,0,0,0.12230215827338131,0.1111111109876543
6046.png,একজন পুরুষ বসে আছে।,0.0,0.0,0.0,0.0,0.0,0.0,0,0,0.2272727272727273,0.0
2150.png,একজন পুরুষ দাড়িয়ে আছে।,0.9999999975,0.6666666655555555,0.7999999936,0.7999999936,0.7499999934375,0.7999999936,0,0,0.6818181818181819,0.6666666655555555
2675.png,কয়েকজন পুরুষ দাড়িয়ে আছে।,0.0,0.0,0.0,0.0,0.0,0.0,0,0,0.38095238095238093,0.0
350443876_c9769f5734.jpg,একটি ছেলে একটি <unk> <unk>,0.3999999992,0.33333333277777777,0.36363635801652905,0.36363635801652905,0.0,0.36363635801652905,0,0,0.5,0.15384615372781063
8474.png,একজন পুরুষ বসে আছে,0.249999999375,0.3333333322222222,0.28571428000000004,0.28571428000000004,0.0,0.28571428000000004,0,0,0.6428571428571428,0.16666666638888888
3286406057_a1668655af.jpg,একজন মহিলা তার <unk> <unk> <unk> <unk> <unk> <unk> <unk> <unk> <unk> <unk> <unk> <unk> <unk> <unk> <unk> <unk> <unk> <unk> <unk> <unk> <unk> <unk> <unk> <unk> <unk> <unk> <unk> <unk> <unk> <unk> <unk> <unk> <unk> <unk> <unk> <unk> <unk>,0.07499999998125,0.149999999925,0.09999999552222243,0.09999999552222243,0.0,0.0666666622000003,0,0,0.15094339622641506,0.16666666657407406
2205088706_d7e633e00d.jpg,একজন পুরুষ একটি শিশু একটি <unk>,0.6666666655555555,0.3636363633057851,0.47058823017301044,0.47058823017301044,0.2666666618666667,0.47058823017301044,0,0,0.3421052631578947,0.2727272724793388
8919.png,একজন নারী দাড়িয়ে আছে,0.49999999875,0.49999999875,0.4999999937500001,0.4999999937500001,0.33333332722222225,0.4999999937500001,0,0,0.7142857142857143,0.33333333277777777
3334.png,একজন পুরুষ মাথায় ছাতা নিয়ে দাড়িয়ে আছে।,0.2857142853061225,0.3999999992,0.33333332791666676,0.33333332791666676,0.1999999948000001,0.33333332791666676,0,0,0.48,0.1999999998
2698666984_13e17236ae.jpg,একটি শিশু একটি <unk>,0.49999999875,0.24999999968749997,0.33333332833333335,0.33333332833333335,0.0,0.16666666194444454,0,0,0.23529411764705888,0.2222222219753086
272940778_a184dbea42.jpg,একটি কুকুর একটি কুকুর খেলছে,0.5999999988,0.37499999953124996,0.46153845609467453,0.46153845609467453,0.2222222167901236,0.46153845609467453,0,0,0.5454545454545454,0.2857142853061225
p987.jpg,একটি শিশু আছে।,0.0,0.0,0.0,0.0,0.0,0.0,0,0,0.5833333333333333,0.0
7505.png,একজন পুরুষ বসে আছে।,0.249999999375,0.12499999984374999,0.16666666194444454,0.16666666194444454,0.0,0.16666666194444454,0,0,0.3448275862068966,0.0999999999
3375014075_157388f8a9.jpg,একটি কুকুর একটি কুকুর খেলছে,0.3999999992,0.33333333277777777,0.36363635801652905,0.36363635801652905,0.2222222167901236,0.36363635801652905,0,0,0.5416666666666667,0.2857142853061225
797.png,একজন পুরুষ বসে আছে।,0.0,0.0,0.0,0.0,0.0,0.0,0,0,0.24137931034482762,0.0
3571.png,একজন লোক একটি <unk> <unk>,0.3999999992,0.24999999968749997,0.3076923024852071,0.3076923024852071,0.0,0.3076923024852071,0,0,0.3448275862068966,0.1999999998
4986.png,একজন পুরুষ বসে আছে।,0.0,0.0,0.0,0.0,0.0,0.0,0,0,0.5,0.0
2553619107_d382a820f9.jpg,একজন সার্ফার একটি নৌকায়,0.0,0.0,0.0,0.0,0.0,0.0,0,0,0.368421052631579,0.0
2549.png,একটি শিশু একটি শিশু একটি শিশু একটি শিশু একটি শিশু একটি শিশু একটি শিশু একটি শিশু একটি শিশু একটি শিশু একটি শিশু একটি শিশু একটি শিশু একটি শিশু একটি শিশু একটি শিশু একটি শিশু একটি শিশু একটি শিশু একটি শিশু,0.0,0.0,0.0,0.0,0.0,0.0,0,0,0.16546762589928055,0.0
2277081067_d2b4c98bce.jpg,একটি শিশু সমুদ্রের দিকে তাকিয়ে আছে,0.16666666638888888,0.1999999996,0.1818181765289258,0.1818181765289258,0.0,0.1818181765289258,0,0,0.48275862068965514,0.0999999999
1014.png,একটি নৌকায় দুইজন মানুষ আছে।,0.1999999996,0.16666666638888888,0.1818181765289258,0.1818181765289258,0.0,0.1818181765289258,0,0,0.28,0.0999999999
3566.png,একজন পুরুষ দাড়িয়ে আছে।,0.249999999375,0.09090909082644627,0.13333332924444455,0.13333332924444455,0.0,0.13333332924444455,0,0,0.2962962962962963,0.07142857137755101
4990.png,কয়েকজন পুরুষ ও কয়েকজন পুরুষ ও কয়েকজন পুরুষ ও কয়েকজন পুরুষ ও কয়েকজন পুরুষ ও কয়েকজন পুরুষ ও কয়েকজন পুরুষ ও কয়েকজন পুরুষ ও কয়েকজন পুরুষ ও কয়েকজন পুরুষ ও কয়েকজন পুরুষ ও কয়েকজন পুরুষ ও কয়েকজন পুরুষ ও কয়েকজন,0.07499999998125,0.29999999969999996,0.11999999675200007,0.11999999675200007,0.04166666360243077,0.11999999675200007,0,0,0.11801242236024845,0.1999999998
3399944164_ec24123945.jpg,একটি শিশু একটি <unk>,0.49999999875,0.14285714275510203,0.22222221851851853,0.22222221851851853,0.0,0.22222221851851853,0,0,0.21052631578947367,0.07142857137755101
9135.png,একজন পুরুষ দাড়িয়ে আছে।,0.9999999975,0.9999999975,0.9999999925,0.9999999925,0.9999999916666666,0.9999999925,1,1,1.0,0.9999999975
3284460070_6805990149.jpg,একজন সাইকেল চালক একটি সাইকেল চালাচ্ছে,0.49999999916666665,0.37499999953124996,0.4285714230612245,0.4285714230612245,0.19999999460000012,0.4285714230612245,0,0,0.5185185185185186,0.29999999969999996
2403078014_4b1d6f8bde.jpg,একটি সাইকেল নিয়ে সাইকেল চালাচ্ছে,0.5999999988,0.3333333329629629,0.42857142336734694,0.42857142336734694,0.1818181768595043,0.42857142336734694,0,0,0.56,0.3333333329629629
2739332078_13d9acce59.jpg,একজন মহিলা তার <unk> <unk> <unk> <unk> <unk> <unk> <unk> <unk> <unk> <unk> <unk> <unk> <unk> <unk> <unk> <unk> <unk> <unk> <unk> <unk> <unk> <unk> <unk> <unk> <unk> <unk> <unk> <unk> <unk> <unk> <unk> <unk> <unk> <unk> <unk> <unk> <unk>,0.02499999999375,0.16666666638888888,0.04347825858223074,0.04347825858223074,0.0,0.04347825858223074,0,0,0.06289308176100628,0.1111111109876543
244571201_0339d8e8d1.jpg,একটি শিশু একটি কুকুর খেলছে,0.3999999992,0.33333333277777777,0.36363635801652905,0.36363635801652905,0.0,0.36363635801652905,0,0,0.4444444444444444,0.24999999968749997
2261962622_e9318a95eb.jpg,একটি ছেলে একটি <unk>,0.49999999875,0.2222222219753086,0.3076923029585799,0.3076923029585799,0.0,0.3076923029585799,0,0,0.2571428571428571,0.0999999999
3148571800_c5515e6c3d.jpg,একজন পুরুষ দাড়িয়ে আছে,0.249999999375,0.16666666638888888,0.1999999948000001,0.1999999948000001,0.0,0.1999999948000001,0,0,0.3913043478260869,0.1111111109876543
773.png,একজন পুরুষ দাড়িয়ে আছে।,0.0,0.0,0.0,0.0,0.0,0.0,0,0,0.4,0.0
4742.png,একজন পুরুষ দাড়িয়ে আছে।,0.7499999981250001,0.23076923059171597,0.35294117245674744,0.35294117245674744,0.1333333299555556,0.35294117245674744,0,0,0.29032258064516125,0.24999999979166665
990890291_afc72be141.jpg,একজন সাইকেল চালাচ্ছে,0.3333333322222222,0.16666666638888888,0.2222222172839507,0.2222222172839507,0.0,0.2222222172839507,0,0,0.3846153846153846,0.12499999984374999
3480052428_c034b98a08.jpg,একজন পুরুষ দাড়িয়ে আছে,0.249999999375,0.07692307686390532,0.11764705508650528,0.11764705508650528,0.0,0.11764705508650528,0,0,0.28125,0.0624999999609375
2594.png,একজন পুরুষ মাথায় ছাতা নিয়ে দাড়িয়ে আছে।,0.4285714279591837,0.2727272724793388,0.33333332820987654,0.33333332820987654,0.0,0.33333332820987654,0,0,0.4871794871794872,0.19999999986666667
6517.png,একজন পুরুষ ছাতা নিয়ে রাস্তা দিয়ে একজন পুরুষ দাড়িয়ে আছে।,0.29999999969999996,0.4285714279591837,0.35294117121107266,0.35294117121107266,0.13333332835555572,0.35294117121107266,0,0,0.45945945945945943,0.19047619038548752
6998.png,একটি গরু নিয়ে একটি গরু নিয়ে একটি গরু নিয়ে একটি গরু নিয়ে একটি গরু নিয়ে একটি গরু নিয়ে একটি গরু নিয়ে একটি গরু নিয়ে একটি গরু নিয়ে একটি গরু নিয়ে একটি গরু নিয়ে একটি গরু নিয়ে একটি গরু নিয়ে একটি,0.0499999999875,0.18181818165289254,0.07843136913494825,0.07843136913494825,0.04081632326530638,0.07843136913494825,0,0,0.16541353383458646,0.16666666652777776
3579842996_3a62ec1bc7.jpg,একজন পুরুষ একটি বলে লাথি মারছে,0.16666666638888888,0.1999999996,0.1818181765289258,0.1818181765289258,0.0,0.1818181765289258,0,0,0.3421052631578947,0.0999999999
20220602_171836.jpg,একজন পুরুষ দাড়িয়ে আছে।,0.0,0.0,0.0,0.0,0.0,0.0,0,0,0.4347826086956522,0.0
3658.png,একজন পুরুষ দাড়িয়ে আছে।,0.49999999875,0.6666666644444444,0.5714285648979592,0.5714285648979592,0.0,0.5714285648979592,0,0,0.6,0.3999999992
2278110011_ba846e7795.jpg,একটি শিশু একটি ছোট ছেলে একটি ফ্রিসবি নিয়ে খেলছে,0.4444444439506172,0.4444444439506172,0.4444444389506173,0.4444444389506173,0.2857142804081633,0.4444444389506173,0,0,0.53125,0.3333333330555555
8174.png,একজন নারী বসে আছে,0.7499999981250001,0.5999999988,0.6666666602469137,0.6666666602469137,0.5714285648979592,0.6666666602469137,0,0,0.6842105263157895,0.49999999916666665
224.png,একজন পুরুষ দাড়িয়ে আছে।,0.49999999875,0.16666666652777776,0.2499999959375,0.2499999959375,0.0,0.2499999959375,0,0,0.26190476190476186,0.14285714275510203
460195978_fc522a4979.jpg,একটি কুকুর একটি ফ্রিসবি ধরার জন্য একটি ফ্রিসবি ধরার জন্য একটি ফ্রিসবি ধরার জন্য একটি ফ্রিসবি ধরার জন্য একটি ফ্রিসবি ধরার জন্য একটি ফ্রিসবি ধরার জন্য একটি ফ্রিসবি ধরার জন্য একটি ফ্রিসবি ধরার জন্য একটি ফ্রিসবি ধরার জন্য একটি ফ্রিসবি,0.099999999975,0.49999999937499995,0.16666666381944448,0.16666666381944448,0.08695651912098307,0.12499999717013895,0,0,0.18934911242603547,0.2222222219753086
8842.png,একজন স্কেটবোর্ডার একটি <unk>,0.249999999375,0.3333333322222222,0.28571428000000004,0.28571428000000004,0.0,0.28571428000000004,0,0,0.42307692307692313,0.16666666638888888
3193.png,একটি শিশু একটি শিশু আছে।,0.1999999996,0.3333333322222222,0.24999999468750006,0.24999999468750006,0.0,0.24999999468750006,0,0,0.375,0.1999999996
5285.png,জলাশয় দেখা যাচ্ছে।,0.3333333322222222,0.14285714265306124,0.1999999954000001,0.1999999954000001,0.0,0.1999999954000001,0,0,0.18181818181818177,0.1111111109876543
6307.png,একজন পুরুষ মাথায় ছাতা ধরে আছে।,0.6666666655555555,0.7999999984,0.7272727209917357,0.7272727209917357,0.2666666618666667,0.7272727209917357,0,0,0.7142857142857143,0.571428570612245
6066.png,একটি নৌকায় একজন পুরুষ বসে আছে।,0.16666666638888888,0.3333333322222222,0.2222222172839507,0.2222222172839507,0.0,0.2222222172839507,0,0,0.31818181818181823,0.12499999984374999
504904434_889f426c6e.jpg,একটি ছেলে একটি <unk>,0.9999999975,0.3333333330555555,0.49999999562499997,0.49999999562499997,0.24999999468750006,0.3999999944,0,0,0.40909090909090906,0.2857142853061225
3609952704_3719ab0524.jpg,একটি শিশু একটি ফুটবল খেলছে,0.5999999988,0.29999999969999996,0.39999999502222217,0.39999999502222217,0.15384614934911253,0.39999999502222217,0,0,0.4,0.18181818165289254
4730.png,রেল লাইনের পাশে একটি ট্রেন এর ট্রেন এর ট্রেন এর ট্রেন এর ট্রেন এর ট্রেন এর ট্রেন এর ট্রেন এর ট্রেন এর ট্রেন এর ট্রেন এর ট্রেন এর ট্রেন এর ট্রেন এর ট্রেন এর ট্রেন এর ট্রেন এর ট্রেন এর,0.02499999999375,0.4999999975,0.04761904668934241,0.04761904668934241,0.0,0.04761904668934241,0,0,0.07857142857142863,0.14285714265306124
2529205842_bdcb49d65b.jpg,একজন বাস্কেটবল খেলছে,0.6666666644444444,0.6666666644444444,0.6666666594444445,0.6666666594444445,0.4999999925000001,0.6666666594444445,0,0,0.7333333333333334,0.49999999875
3181409177_edb09c2718.jpg,একজন লোক একটি কৌশল দেখাচ্ছে,0.3999999992,0.3999999992,0.39999999420000004,0.39999999420000004,0.0999999967000001,0.39999999420000004,0,0,0.5238095238095238,0.24999999968749997
735787579_617b047319.jpg,একটি শিশু একটি <unk>,0.7499999981250001,0.3333333329629629,0.4615384565680474,0.4615384565680474,0.10526315512465378,0.4615384565680474,0,0,0.37037037037037035,0.24999999968749997
1288.png,একজন পুরুষ বসে আছে,0.7499999981250001,0.16666666657407406,0.27272726950413223,0.27272726950413223,0.09999999735000006,0.27272726950413223,0,0,0.25,0.16666666657407406
358559906_d5f3f584f4.jpg,একটি ছেলে একটি পুকুরে লাফ দিচ্ছে,0.49999999916666665,0.3333333329629629,0.3999999946666667,0.3999999946666667,0.15384614887573977,0.3999999946666667,0,0,0.5,0.18181818165289254
261.png,একজন পুরুষ বসে আছে।,0.7499999981250001,0.21428571413265304,0.33333332950617284,0.33333332950617284,0.0,0.33333332950617284,0,0,0.25,0.24999999979166665
3544312930_3a0b8d70c1.jpg,একজন নারী একটি মেয়ে একটি <unk>,0.49999999916666665,0.23076923059171597,0.31578946903047095,0.31578946903047095,0.11764705453287211,0.31578946903047095,0,0,0.33333333333333337,0.21428571413265304
8117.png,একজন পুরুষ দাড়িয়ে আছে।,0.9999999975,0.571428570612245,0.7272727213223142,0.7272727213223142,0.44444443901234576,0.7272727213223142,0,0,0.6,0.6666666655555555
5222.png,একটি নৌকায় কয়েকজন মানুষ আছে।,0.3999999992,0.33333333277777777,0.36363635801652905,0.36363635801652905,0.0,0.36363635801652905,0,0,0.4285714285714286,0.2222222219753086
8798.png,একটি নৌকায় একজন পুরুষ বসে আছে।,0.49999999916666665,0.37499999953124996,0.4285714230612245,0.4285714230612245,0.16666666152777793,0.4285714230612245,0,0,0.5517241379310345,0.2727272724793388
2565657591_6c1cdfc092.jpg,একজন লোক একটি <unk>,0.249999999375,0.1999999996,0.2222222167901236,0.2222222167901236,0.0,0.2222222167901236,0,0,0.2941176470588235,0.12499999984374999
3189002057_3ef61b803e.jpg,সমুদ্রের পারে একজন পুরুষ দাড়িয়ে আছে,0.33333333277777777,0.2222222219753086,0.2666666615111111,0.2666666615111111,0.15384614887573977,0.2666666615111111,0,0,0.4444444444444444,0.15384615372781063
7188.png,একজন পুরুষ বসে আছে।,0.249999999375,0.3333333322222222,0.28571428000000004,0.28571428000000004,0.1333333299555556,0.28571428000000004,0,0,0.3571428571428571,0.16666666638888888
7128.png,একজন নারী মাথায় <unk> <unk> <unk> <unk> <unk> <unk> <unk> <unk> <unk> <unk> <unk> <unk> <unk> <unk> <unk> <unk> <unk> <unk> <unk> <unk> <unk> <unk> <unk> <unk> <unk> <unk> <unk> <unk> <unk> <unk> <unk> <unk> <unk> <unk> <unk> <unk> <unk>,0.0499999999875,0.6666666644444444,0.09302325447268796,0.09302325447268796,0.04878048685306366,0.09302325447268796,0,0,0.08176100628930816,0.3999999992
2951092164_4940b9a517.jpg,একটি শিশু একটি <unk>,0.49999999875,0.16666666652777776,0.2499999959375,0.2499999959375,0.0,0.2499999959375,0,0,0.2272727272727273,0.08333333326388888
2472.png,কয়েকজন পুরুষ বসে আছে,0.0,0.0,0.0,0.0,0.0,0.0,0,0,0.33333333333333337,0.0
3660361818_e05367693f.jpg,একটি স্কেটবোর্ডার একটি ভবনের সামনে একটি স্কেটবোর্ডার একটি ভবনের সামনে একটি স্কেটবোর্ডার একটি ভবনের সামনে একটি স্কেটবোর্ডার একটি ভবনের সামনে একটি স্কেটবোর্ডার একটি ভবনের সামনে একটি স্কেটবোর্ডার একটি ভবনের সামনে একটি স্কেটবোর্ডার একটি ভবনের সামনে একটি স্কেটবোর্ডার একটি ভবনের সামনে,0.07499999998125,0.3333333329629629,0.1224489765431071,0.1224489765431071,0.042553188646446534,0.1224489765431071,0,0,0.1507537688442211,0.29999999969999996
3117562746_62f57a02b5.jpg,দুটি কুকুর বরফের মধ্যে দৌড়াচ্ছে,0.5999999988,0.49999999916666665,0.5454545395041324,0.5454545395041324,0.4444444385185186,0.5454545395041324,0,0,0.7272727272727273,0.37499999953124996
8689.png,একজন পুরুষ দাড়িয়ে আছে।,0.7499999981250001,0.7499999981250001,0.7499999931250001,0.7499999931250001,0.33333332722222225,0.7499999931250001,0,0,0.8,0.5999999988
6821.png,একজন পুরুষ ও একজন পুরুষ ও একজন পুরুষ ও একজন পুরুষ ও একজন পুরুষ ও একজন পুরুষ ও একজন পুরুষ ও একজন পুরুষ ও একজন পুরুষ ও একজন পুরুষ ও একজন পুরুষ ও একজন পুরুষ ও একজন পুরুষ ও একজন,0.02499999999375,0.3333333322222222,0.04651162658734455,0.04651162658734455,0.0,0.04651162658734455,0,0,0.16326530612244894,0.1999999996
267836606_bbea2267c8.jpg,একটি কুকুর একটি কুকুর দৌড়াচ্ছে,0.3999999992,0.33333333277777777,0.36363635801652905,0.36363635801652905,0.0,0.36363635801652905,0,0,0.5172413793103448,0.33333333277777777
629.png,একজন পুরুষ পানিতে একজন পুরুষ পানিতে জাল নিয়ে পানিতে জাল নিয়ে পানিতে জাল নিয়ে পানিতে জাল নিয়ে পানিতে জাল নিয়ে পানিতে জাল নিয়ে পানিতে জাল নিয়ে পানিতে জাল নিয়ে পানিতে জাল নিয়ে পানিতে জাল নিয়ে পানিতে জাল নিয়ে পানিতে জাল,0.0499999999875,0.3999999992,0.08888888687407412,0.08888888687407412,0.0,0.08888888687407412,0,0,0.10869565217391308,0.24999999968749997
8592.png,কয়েকজন মানুষ আছে।,0.3333333322222222,0.3333333322222222,0.33333332722222225,0.33333332722222225,0.0,0.33333332722222225,0,0,0.5,0.1999999996
7621.png,একটি শিশু বসে আছে,0.7499999981250001,0.4285714279591837,0.5454545398347109,0.5454545398347109,0.44444443901234576,0.5454545398347109,0,0,0.5454545454545454,0.37499999953124996
2786299623_a3c48bd318.jpg,একটি কুকুর একটি কুকুর একটি <unk>,0.33333333277777777,0.24999999968749997,0.2857142804081633,0.2857142804081633,0.0,0.2857142804081633,0,0,0.4482758620689655,0.2222222219753086
1265.png,কয়েকজন পুরুষ ও একজন পুরুষ ও একজন পুরুষ ও একজন পুরুষ ও একজন পুরুষ ও একজন পুরুষ ও একজন পুরুষ ও একজন পুরুষ ও একজন পুরুষ ও একজন পুরুষ ও একজন পুরুষ ও একজন পুরুষ ও একজন পুরুষ ও একজন,0.0,0.0,0.0,0.0,0.0,0.0,0,0,0.16216216216216217,0.0
5938.png,একজন পুরুষ বসে আছে।,0.49999999875,0.49999999875,0.4999999937500001,0.4999999937500001,0.0,0.4999999937500001,0,0,0.6666666666666667,0.33333333277777777
315880837_90db309bab.jpg,বরফের মধ্যে দুটি কুকুর বরফের মধ্যে দৌড়াচ্ছে,0.2857142853061225,0.33333333277777777,0.3076923022485208,0.3076923022485208,0.0,0.3076923022485208,0,0,0.4137931034482759,0.2222222219753086
inbound96910276058087115.jpg,একটি মুরগি ও একটি মুরগি ও একটি মুরগি ও একটি মুরগি ও একটি মুরগি ও একটি মুরগি ও একটি মুরগি ও একটি মুরগি ও একটি মুরগি ও একটি মুরগি ও একটি মুরগি ও একটি মুরগি ও একটি মুরগি ও একটি,0.07499999998125,0.29999999969999996,0.11999999675200007,0.11999999675200007,0.04166666360243077,0.11999999675200007,0,0,0.15037593984962405,0.1999999998
4540.png,একজন লোক পানিতে জাল নিয়ে মাছ ধরছেন।,0.14285714265306124,0.1999999996,0.16666666152777793,0.16666666152777793,0.0,0.16666666152777793,0,0,0.36,0.09090909082644627
3641456303_c50c33337b.jpg,একদল লোক একটি <unk> <unk> <unk>,0.16666666638888888,0.1999999996,0.1818181765289258,0.1818181765289258,0.0,0.1818181765289258,0,0,0.34782608695652173,0.12499999984374999
1474474514_b3eb492722.jpg,একটি শিশু একটি শিশু আছে।,0.3999999992,0.49999999875,0.4444444385185186,0.4444444385185186,0.28571428000000004,0.4444444385185186,0,0,0.5,0.3999999992
537758332_8beb9cf522.jpg,একটি শিশু একটি শিশু একটি <unk>,0.33333333277777777,0.2222222219753086,0.2666666615111111,0.2666666615111111,0.15384614887573977,0.2666666615111111,0,0,0.32352941176470584,0.1999999998
3495453699_1c9faedf3c.jpg,একটি মেয়ে একটি <unk> <unk> <unk> <unk> <unk> <unk> <unk> <unk> <unk> <unk> <unk> <unk> <unk> <unk> <unk> <unk> <unk> <unk> <unk> <unk> <unk> <unk> <unk> <unk> <unk> <unk> <unk> <unk> <unk> <unk> <unk> <unk> <unk> <unk> <unk> <unk> <unk>,0.07499999998125,0.29999999969999996,0.11999999675200007,0.11999999675200007,0.037735845154859775,0.07999999676800014,0,0,0.13291139240506333,0.1999999998
7418.png,একটি নৌকায় দুইজন মানুষ আছে।,0.5999999988,0.49999999916666665,0.5454545395041324,0.5454545395041324,0.2222222167901236,0.5454545395041324,0,0,0.7619047619047619,0.37499999953124996
7479.png,একটি শিশু পানিতে লাফ দিচ্ছে।,0.1999999996,0.1999999996,0.19999999460000012,0.19999999460000012,0.0,0.19999999460000012,0,0,0.2777777777777778,0.1111111109876543
3087.png,সরিষা ক্ষেত।,0.4999999975,0.06666666662222222,0.11764705660899655,0.11764705660899655,0.0,0.11764705660899655,0,0,0.2727272727272727,0.06666666662222222
1579287915_4257c54451.jpg,একজন লোক পাহাড়ের চূড়ায় দাঁড়িয়ে আছে,0.33333333277777777,0.24999999968749997,0.2857142804081633,0.2857142804081633,0.16666666152777793,0.2857142804081633,0,0,0.5,0.16666666652777776
IMG_2217.JPG,একটা লোক বসে আছে,0.7499999981250001,0.7499999981250001,0.7499999931250001,0.7499999931250001,0.33333332722222225,0.7499999931250001,0,0,0.6666666666666667,0.5999999988
7739.png,একটি সাদা কালো রঙের একটি সাদা <unk>,0.2857142853061225,0.24999999968749997,0.2666666613333334,0.2666666613333334,0.0,0.2666666613333334,0,0,0.4137931034482759,0.1111111109876543
3084011028_d1e2c40d7d.jpg,একজন মহিলা একসাথে ছবি তুলছে,0.5999999988,0.5999999988,0.5999999938,0.5999999938,0.4999999937500001,0.5999999938,0,0,0.7,0.4285714279591837
6861.png,একজন পুরুষ দাড়িয়ে আছে।,0.9999999975,0.9999999975,0.9999999925,0.9999999925,0.9999999916666666,0.9999999925,1,1,1.0,0.9999999975
4896.png,একটি সেতুর উপরে একটি সেতুর উপর দিয়ে হেঁটে যাচ্ছে।,0.0,0.0,0.0,0.0,0.0,0.0,0,0,0.21212121212121215,0.0
1446933195_8fe9725d62.jpg,একটি কুকুর একটি কুকুর একটি কুকুর একটি কুকুর একটি কুকুর একটি কুকুর একটি কুকুর একটি কুকুর একটি কুকুর একটি কুকুর একটি কুকুর একটি কুকুর একটি কুকুর একটি কুকুর একটি কুকুর একটি কুকুর একটি কুকুর একটি কুকুর একটি কুকুর একটি কুকুর,0.07499999998125,0.2727272724793388,0.11764705539407928,0.11764705539407928,0.04081632326530638,0.11764705539407928,0,0,0.1383647798742138,0.2857142853061225
7461.png,কয়েকজন পুরুষ দাড়িয়ে আছে।,0.49999999875,0.15384615372781063,0.2352941137716263,0.2352941137716263,0.0,0.2352941137716263,0,0,0.36363636363636365,0.14285714275510203
IMG_8202.JPG,একটা মেয়ে বসে আছে,0.49999999875,0.49999999875,0.4999999937500001,0.4999999937500001,0.33333332722222225,0.4999999937500001,0,0,0.5833333333333333,0.33333333277777777
2260.png,একজন পুরুষ ও একজন পুরুষ দাড়িয়ে আছে,0.2857142853061225,0.16666666652777776,0.2105263109141275,0.2105263109141275,0.0,0.1818181768595043,0,0,0.46153846153846156,0.14285714275510203
3261.png,একটা লোক দাঁড়িয়ে আছে,0.249999999375,0.08333333326388888,0.1249999960937501,0.1249999960937501,0.0,0.1249999960937501,0,0,0.5333333333333333,0.06666666662222222
5528.png,একজন পুরুষ বসে আছে,0.49999999875,0.49999999875,0.4999999937500001,0.4999999937500001,0.33333332722222225,0.4999999937500001,0,0,0.7333333333333334,0.33333333277777777
697582336_601462e052.jpg,একটি কুকুর একটি ফ্রিসবি ধরার জন্য লাফ দিলো,0.24999999968749997,0.2857142853061225,0.2666666613333334,0.2666666613333334,0.0,0.2666666613333334,0,0,0.4242424242424242,0.16666666652777776
5370.png,একটি ছেলে একটি নৌকা থেকে দূরে কিছু মানুষ আছে।,0.2222222219753086,0.49999999875,0.3076923029585799,0.3076923029585799,0.0,0.3076923029585799,0,0,0.24137931034482762,0.1999999998
3041487045_b48ac7ed08.jpg,একটি কুকুর একটি কুকুর খেলছে,0.3999999992,0.49999999875,0.4444444385185186,0.4444444385185186,0.2499999943750001,0.4444444385185186,0,0,0.55,0.3999999992
9045.png,একজন পুরুষ দাড়িয়ে আছে,0.249999999375,0.14285714265306124,0.1818181768595043,0.1818181768595043,0.0,0.1818181768595043,0,0,0.41666666666666663,0.0999999999
3090957866_f1b2b7f214.jpg,একটি লোক একটি <unk>,0.249999999375,0.12499999984374999,0.16666666194444454,0.16666666194444454,0.0,0.16666666194444454,0,0,0.22857142857142854,0.0999999999
3090398639_68c0dfa9a5.jpg,একজন সাইকেল চালক একটি সাইকেল চালাচ্ছে,0.49999999916666665,0.4285714279591837,0.4615384558579882,0.4615384558579882,0.19999999460000012,0.4615384558579882,0,0,0.5555555555555556,0.3333333329629629
6423.png,একজন নারী মাথায় ছাতা নিয়ে দাড়িয়ে আছে।,0.14285714265306124,0.249999999375,0.1818181768595043,0.1818181768595043,0.0,0.1818181768595043,0,0,0.375,0.0999999999
_MG_3607.JPG,একজন পুরুষ বসে আছে।,0.249999999375,0.249999999375,0.2499999943750001,0.2499999943750001,0.0,0.2499999943750001,0,0,0.6428571428571428,0.14285714265306124
1379.png,একজন পুরুষ বসে আছে,0.49999999875,0.3999999992,0.4444444385185186,0.4444444385185186,0.22222221919753085,0.4444444385185186,0,0,0.6111111111111112,0.30769230745562126
2452686995_621878f561.jpg,একজন পুরুষ বসে আছে।,0.0,0.0,0.0,0.0,0.0,0.0,0,0,0.29032258064516125,0.0
5301.png,একটি শিশু একটি শিশু আছে।,0.1999999996,0.16666666638888888,0.1818181765289258,0.1818181765289258,0.0,0.1818181765289258,0,0,0.38095238095238093,0.12499999984374999
2447284966_d6bbdb4b6e.jpg,একটি শিশু একটি মঞ্চে বসে আছে,0.33333333277777777,0.124999999921875,0.1818181776859505,0.1818181776859505,0.0,0.1818181776859505,0,0,0.32352941176470584,0.10526315783933518
8304.png,একটি শিশু পানিতে নেমে যাচ্ছে।,0.1999999996,0.08333333326388888,0.11764705453287211,0.11764705453287211,0.0,0.11764705453287211,0,0,0.2941176470588235,0.0624999999609375
2838.png,একদল লোক একসাথে দাঁড়িয়ে আছে,0.0,0.0,0.0,0.0,0.0,0.0,0,0,0.5217391304347826,0.0
2226.png,একটি নৌকায় একজন পুরুষ বসে আছে।,0.33333333277777777,0.24999999968749997,0.2857142804081633,0.2857142804081633,0.0,0.2857142804081633,0,0,0.43333333333333335,0.16666666652777776
1116.png,একজন পুরুষ বসে আছে।,0.0,0.0,0.0,0.0,0.0,0.0,0,0,0.28125,0.0
5883.png,একটি নৌকায় কয়েকজন মানুষ আছে।,0.7999999984,0.21052631567867036,0.33333332975694446,0.33333332975694446,0.27272726950413223,0.33333332975694446,0,0,0.47619047619047616,0.24999999984375
2338627102_6708a9b4fd.jpg,একজন লোক পাহাড়ের চূড়ায় দাঁড়িয়ে আছে,0.16666666638888888,0.1111111109876543,0.13333332835555572,0.13333332835555572,0.0,0.13333332835555572,0,0,0.37142857142857144,0.07142857137755101
2704934519_457dc38986.jpg,একটি শিশু পানিতে লাফ দিচ্ছে,0.1999999996,0.16666666638888888,0.1818181765289258,0.1818181765289258,0.0,0.1818181765289258,0,0,0.42105263157894735,0.0999999999
3516825206_5750824874.jpg,একটি শিশু একটি শিশু বসে আছে,0.16666666638888888,0.14285714265306124,0.15384614863905344,0.15384614863905344,0.0,0.15384614863905344,0,0,0.3055555555555556,0.0999999999
3354883962_170d19bfe4.jpg,একটি কুকুর একটি কুকুর খেলছে,0.3999999992,0.49999999875,0.4444444385185186,0.4444444385185186,0.28571428000000004,0.4444444385185186,0,0,0.5714285714285714,0.3999999992
2058124718_89822bc96e.jpg,একটি কুকুর একটি কুকুর দৌড়াচ্ছে,0.3999999992,0.24999999968749997,0.3076923024852071,0.3076923024852071,0.0,0.3076923024852071,0,0,0.5,0.2222222219753086
8634.png,একজন পুরুষ বসে আছে।,0.7499999981250001,0.14285714278911565,0.23999999712,0.23999999712,0.08695651939508513,0.23999999712,0,0,0.42105263157894735,0.15789473675900276
4738.png,একজন পুরুষ দাড়িয়ে আছে।,0.0,0.0,0.0,0.0,0.0,0.0,0,0,0.2666666666666667,0.0
3275704430_a75828048f.jpg,একজন লোক একটি <unk>,0.249999999375,0.14285714265306124,0.1818181768595043,0.1818181768595043,0.0,0.1818181768595043,0,0,0.36363636363636365,0.0999999999
1578.png,একজন পুরুষ বসে আছে।,0.49999999875,0.18181818165289254,0.26666666240000003,0.26666666240000003,0.15384615005917168,0.26666666240000003,0,0,0.29729729729729726,0.18181818165289254
539744890_85e63f5854.jpg,একটি ছেলে একটি ছোট ছেলে একটি <unk>,0.7142857132653061,0.3571428568877551,0.47619047129251707,0.47619047129251707,0.31578946903047095,0.47619047129251707,0,0,0.4285714285714286,0.30769230745562126
1196602179.jpg,একটি মেয়ে একটি <unk> <unk> <unk> <unk> <unk> <unk> <unk> <unk> <unk> <unk> <unk> <unk> <unk> <unk> <unk> <unk> <unk> <unk> <unk> <unk> <unk> <unk> <unk> <unk> <unk> <unk> <unk> <unk> <unk> <unk> <unk> <unk> <unk> <unk> <unk> <unk> <unk>,0.0499999999875,0.15384615372781063,0.07547169438234266,0.07547169438234266,0.0,0.07547169438234266,0,0,0.120253164556962,0.13333333324444444
498.png,কয়েকজন পুরুষ ও কয়েকজন পুরুষ দাড়িয়ে আছে।,0.4285714279591837,0.49999999916666665,0.4615384558579882,0.4615384558579882,0.1818181765289258,0.4615384558579882,0,0,0.4642857142857143,0.37499999953124996
6762.png,একজন পুরুষ ও একজন পুরুষ বসে আছে।,0.2857142853061225,0.24999999968749997,0.2666666613333334,0.2666666613333334,0.15384614863905344,0.2666666613333334,0,0,0.5925925925925926,0.18181818165289254
1989.png,একজন পুরুষ বসে আছে।,0.49999999875,0.33333333277777777,0.3999999944,0.3999999944,0.0,0.3999999944,0,0,0.4545454545454546,0.24999999968749997
3195040792_a03954a19f.jpg,দুটি কুকুর বরফের মধ্যে দৌড়াচ্ছে,0.7999999984,0.7999999984,0.7999999934,0.7999999934,0.7499999931250001,0.7999999934,0,0,0.9047619047619048,0.6666666655555555
1273001772_1585562051.jpg,একদল লোক একটি মেয়ে একটি মেয়ে খেলছে,0.2857142853061225,0.2222222219753086,0.24999999476562512,0.24999999476562512,0.0,0.24999999476562512,0,0,0.4516129032258065,0.16666666652777776
4891.png,একটি নৌকা দেখা যাচ্ছে।,0.249999999375,0.249999999375,0.2499999943750001,0.2499999943750001,0.0,0.2499999943750001,0,0,0.5384615384615384,0.14285714265306124
8788.png,একটি শিশু একটি শিশু বসে আছে,0.33333333277777777,0.49999999875,0.3999999944,0.3999999944,0.24999999468750006,0.3999999944,0,0,0.5789473684210527,0.33333333277777777
4209.png,একটি শিশু একটি <unk> <unk>,0.3999999992,0.33333333277777777,0.36363635801652905,0.36363635801652905,0.2222222167901236,0.36363635801652905,0,0,0.47619047619047616,0.2857142853061225
2219.png,কয়েকজন পুরুষ দাড়িয়ে আছে।,0.49999999875,0.2222222219753086,0.3076923029585799,0.3076923029585799,0.0,0.3076923029585799,0,0,0.3783783783783784,0.18181818165289254
IMG_8289.JPG,লোক টির হাতে চুড়ি পরে আছে,0.49999999916666665,0.49999999916666665,0.4999999941666667,0.4999999941666667,0.19999999460000012,0.3333333277777778,0,0,0.5555555555555556,0.3333333329629629
3393394134_0caac47e1c.jpg,একটি কুকুর একটি কুকুর খেলছে,0.3999999992,0.2857142853061225,0.33333332791666676,0.33333332791666676,0.1999999948000001,0.33333332791666676,0,0,0.43999999999999995,0.24999999968749997
3636543173_15f56515e5.jpg,একজন মহিলা এবং একজন মহিলা,0.3999999992,0.15384615372781063,0.22222221796296296,0.22222221796296296,0.0,0.22222221796296296,0,0,0.30000000000000004,0.07142857137755101
3391209042_d2de8a8978.jpg,একজন নারী মাথায় <unk>,0.249999999375,0.1111111109876543,0.15384614934911253,0.15384614934911253,0.0,0.15384614934911253,0,0,0.15625,0.08333333326388888
6708.png,একজন পুরুষ বসে আছে।,0.249999999375,0.249999999375,0.2499999943750001,0.2499999943750001,0.0,0.2499999943750001,0,0,0.5,0.14285714265306124
3548.png,কয়েকজন পুরুষ বসে আছে।,0.7499999981250001,0.3333333329629629,0.4615384565680474,0.4615384565680474,0.18181817752066123,0.4615384565680474,0,0,0.3666666666666667,0.3333333329629629
7936.png,একজন পুরুষ বসে আছে।,0.249999999375,0.249999999375,0.2499999943750001,0.2499999943750001,0.0,0.2499999943750001,0,0,0.5714285714285714,0.14285714265306124
2052202553_373dad145b.jpg,একটি কুকুর পানিতে লাফ দিচ্ছে,0.5999999988,0.37499999953124996,0.46153845609467453,0.46153845609467453,0.1818181768595043,0.46153845609467453,0,0,0.48275862068965514,0.29999999969999996
3392.png,একজন পুরুষ বসে আছে,0.49999999875,0.15384615372781063,0.2352941137716263,0.2352941137716263,0.0,0.11764705508650528,0,0,0.5,0.14285714275510203
760180310_3c6bd4fd1f.jpg,একটি ছোট কুকুরছানা একটি খেলনা নিয়ে খেলছে,0.4285714279591837,0.21428571413265304,0.28571428099773244,0.28571428099773244,0.10526315346260404,0.28571428099773244,0,0,0.40740740740740744,0.124999999921875
530454257_66d58b49ee.jpg,একটি শিশু একটি <unk> <unk> <unk> <unk> <unk> <unk> <unk> <unk> <unk> <unk> <unk> <unk> <unk> <unk> <unk> <unk> <unk> <unk> <unk> <unk> <unk> <unk> <unk> <unk> <unk> <unk> <unk> <unk> <unk> <unk> <unk> <unk> <unk> <unk> <unk> <unk> <unk>,0.07499999998125,0.19999999986666667,0.10909090508429765,0.10909090508429765,0.0,0.10909090508429765,0,0,0.13291139240506333,0.13333333324444444
7921.png,একজন পুরুষ দাড়িয়ে আছে,0.249999999375,0.1999999996,0.2222222167901236,0.2222222167901236,0.0,0.2222222167901236,0,0,0.5,0.12499999984374999
381052465_722e00807b.jpg,একটি <unk> <unk> <unk>,0.249999999375,0.249999999375,0.2499999943750001,0.2499999943750001,0.0,0.2499999943750001,0,0,0.4375,0.1999999996
343571247_549607250634340_8226430945829526946_n.jpg,একজন পুরুষ বসে আছে।,0.249999999375,0.07142857137755101,0.1111111075308643,0.1111111075308643,0.0,0.1111111075308643,0,0,0.18867924528301883,0.05882352937716263
3190.png,একজন নারী দাড়িয়ে আছে,0.49999999875,0.3999999992,0.4444444385185186,0.4444444385185186,0.28571428000000004,0.4444444385185186,0,0,0.375,0.2857142853061225
3651476768_2bae721a6b.jpg,একজন লোক একটি <unk>,0.49999999875,0.3999999992,0.4444444385185186,0.4444444385185186,0.28571428000000004,0.4444444385185186,0,0,0.5263157894736843,0.2857142853061225
594.png,একজন পুরুষ বসে আছে।,0.0,0.0,0.0,0.0,0.0,0.0,0,0,0.2222222222222222,0.0
1600208439_e94527b80f.jpg,একটি কুকুর একটি কুকুর দৌড়াচ্ছে,0.5999999988,0.7499999981250001,0.6666666602469137,0.6666666602469137,0.28571428000000004,0.6666666602469137,0,0,0.6818181818181819,0.7499999981250001
3085226474_62aba51179.jpg,একজন পুরুষ ও একজন পুরুষ ও একজন পুরুষ ও একজন পুরুষ ও একজন পুরুষ ও একজন পুরুষ ও একজন পুরুষ ও একজন পুরুষ ও একজন পুরুষ ও একজন পুরুষ ও একজন পুরুষ ও একজন পুরুষ ও একজন পুরুষ ও একজন,0.0,0.0,0.0,0.0,0.0,0.0,0,0,0.19727891156462585,0.0
1884.png,কয়েকজন পুরুষ দাড়িয়ে আছে।,0.7499999981250001,0.29999999969999996,0.42857142387755104,0.42857142387755104,0.16666666263888896,0.42857142387755104,0,0,0.36585365853658536,0.3333333329629629
3322.png,একজন পুরুষ বসে আছে।,0.49999999875,0.1999999998,0.28571428122448983,0.28571428122448983,0.16666666263888896,0.28571428122448983,0,0,0.44999999999999996,0.16666666652777776
6576.png,একজন লোক একটি <unk>,0.249999999375,0.249999999375,0.2499999943750001,0.2499999943750001,0.0,0.2499999943750001,0,0,0.6,0.14285714265306124
7287.png,একটি নৌকায় দুইজন মানুষ আছে।,0.5999999988,0.49999999916666665,0.5454545395041324,0.5454545395041324,0.2222222167901236,0.5454545395041324,0,0,0.6666666666666667,0.37499999953124996
4150.png,একজন পুরুষ বসে আছে।,0.249999999375,0.1999999996,0.2222222167901236,0.2222222167901236,0.0,0.2222222167901236,0,0,0.4444444444444444,0.12499999984374999
3478176372_7c510a0cef.jpg,একজন পুরুষ একটি ফুটবল খেলছে,0.3999999992,0.6666666644444444,0.49999999406250006,0.49999999406250006,0.33333332777777785,0.49999999406250006,0,0,0.5238095238095238,0.33333333277777777
659.png,একজন পুরুষ বসে আছে।,0.249999999375,0.1999999996,0.2222222167901236,0.2222222167901236,0.0,0.2222222167901236,0,0,0.4736842105263158,0.12499999984374999
7627.png,একজন পুরুষ আছে।,0.9999999966666667,0.9999999966666667,0.9999999916666666,0.9999999916666666,0.9999999900000001,0.9999999916666666,1,1,1.0,0.9999999966666667
2744600462_5804577296.jpg,একজন লোক একটি সাইকেল নিয়ে দাড়িয়ে আছে,0.4285714279591837,0.49999999916666665,0.4615384558579882,0.4615384558579882,0.1818181765289258,0.4615384558579882,0,0,0.5,0.29999999969999996
2573667207_a1bf49befc.jpg,একজন লোক একটি শিশু একটি শিশু একটি শিশু একটি শিশু একটি শিশু একটি শিশু একটি শিশু একটি শিশু একটি শিশু একটি শিশু একটি শিশু একটি শিশু একটি শিশু একটি শিশু একটি শিশু একটি শিশু একটি শিশু একটি শিশু একটি শিশু,0.0499999999875,0.24999999968749997,0.08333333052083343,0.08333333052083343,0.042553188646446534,0.08163265002915464,0,0,0.15000000000000002,0.1999999998
1624.png,একজন পুরুষ বসে আছে।,0.49999999875,0.2857142853061225,0.36363635834710756,0.36363635834710756,0.0,0.36363635834710756,0,0,0.45833333333333337,0.2222222219753086
1836.png,একজন পুরুষ দাড়িয়ে আছে,0.49999999875,0.2857142853061225,0.36363635834710756,0.36363635834710756,0.0,0.36363635834710756,0,0,0.52,0.2222222219753086
199.png,একজন পুরুষ বসে আছে,0.0,0.0,0.0,0.0,0.0,0.0,0,0,0.25,0.0
IMG_0326.JPG,একজন নারী দাড়িয়ে আছে,0.49999999875,0.49999999875,0.4999999937500001,0.4999999937500001,0.33333332722222225,0.4999999937500001,0,0,0.7142857142857143,0.33333333277777777
3452341579_0147d2199b.jpg,একজন লোক সাইকেল চালাচ্ছে,0.49999999875,0.18181818165289254,0.26666666240000003,0.26666666240000003,0.09523809269841275,0.26666666240000003,0,0,0.30434782608695654,0.16666666652777776
3275.png,একজন পুরুষ বসে আছে।,0.49999999875,0.6666666644444444,0.5714285648979592,0.5714285648979592,0.0,0.5714285648979592,0,0,0.6428571428571428,0.3999999992
10863862.jpg,একটি স্কেটবোর্ডার একটি মন্দির।,0.249999999375,0.14285714265306124,0.1818181768595043,0.1818181768595043,0.0,0.1818181768595043,0,0,0.31999999999999995,0.1111111109876543
1286408831_05282582ed.jpg,একটি শিশু একটি ধাতব কাঠামোর উপর বসে আছে,0.24999999968749997,0.15384615372781063,0.1904761855782314,0.1904761855782314,0.0,0.1904761855782314,0,0,0.4482758620689655,0.1111111110493827
1360.png,একজন পুরুষ আছে।,0.3333333322222222,0.249999999375,0.28571428000000004,0.28571428000000004,0.0,0.28571428000000004,0,0,0.41666666666666663,0.16666666638888888
2580.png,একজন পুরুষ দাড়িয়ে আছে।,0.7499999981250001,0.5999999988,0.6666666602469137,0.6666666602469137,0.28571428000000004,0.6666666602469137,0,0,0.65,0.49999999916666665
7432.png,একটি শিশু পানিতে লাফ দিচ্ছে।,0.1999999996,0.249999999375,0.2222222167901236,0.2222222167901236,0.0,0.2222222167901236,0,0,0.2941176470588235,0.12499999984374999
2970461648_fe14ba0359.jpg,একটি ছেলে একটি <unk>,0.49999999875,0.1999999998,0.28571428122448983,0.28571428122448983,0.0,0.28571428122448983,0,0,0.31999999999999995,0.12499999984374999
713.png,একজন পুরুষ মাথায় ছাতা নিয়ে দাড়িয়ে আছে।,0.571428570612245,0.49999999937499995,0.5333333276444445,0.5333333276444445,0.3076923022485208,0.5333333276444445,0,0,0.6428571428571428,0.3636363633057851
110201971.jpg,একটি <unk> <unk> <unk> <unk>,0.3999999992,0.1999999998,0.2666666618666667,0.2666666618666667,0.0,0.2666666618666667,0,0,0.303030303030303,0.1999999998
2603125422_659391f961.jpg,একজন পুরুষ দাড়িয়ে আছে,0.0,0.0,0.0,0.0,0.0,0.0,0,0,0.36363636363636365,0.0
1115565519_d976d4b1f1.jpg,একটি শিশু একটি <unk>,0.249999999375,0.12499999984374999,0.16666666194444454,0.16666666194444454,0.0,0.16666666194444454,0,0,0.23809523809523814,0.0999999999
3454.png,কয়েকজন পুরুষ দাড়িয়ে আছে।,0.7499999981250001,0.37499999953124996,0.49999999472222234,0.49999999472222234,0.39999999500000005,0.49999999472222234,0,0,0.4666666666666667,0.3333333329629629
6005.png,একজন বাচ্চা মেয়ে শিশু আছে।,0.3999999992,0.49999999875,0.4444444385185186,0.4444444385185186,0.0,0.4444444385185186,0,0,0.5882352941176471,0.2857142853061225
3372.png,একজন পুরুষ বসে আছে,0.7499999981250001,0.16666666657407406,0.27272726950413223,0.27272726950413223,0.0,0.27272726950413223,0,0,0.5,0.16666666657407406
7534.png,একজন পুরুষ দাড়িয়ে আছে।,0.249999999375,0.0999999999,0.14285713857142868,0.14285713857142868,0.0,0.14285713857142868,0,0,0.18604651162790697,0.08333333326388888
2125626631_a4b63af97e.jpg,একটি কুকুর একটি ফ্রিসবি ধরার জন্য একটি ফ্রিসবি ধরার জন্য একটি ফ্রিসবি ধরার জন্য একটি ফ্রিসবি ধরার জন্য একটি ফ্রিসবি ধরার জন্য একটি ফ্রিসবি ধরার জন্য একটি ফ্রিসবি ধরার জন্য একটি ফ্রিসবি ধরার জন্য একটি ফ্রিসবি ধরার জন্য একটি ফ্রিসবি,0.099999999975,0.3333333330555555,0.15384615023668646,0.15384615023668646,0.07999999653600014,0.15384615023668646,0,0,0.21301775147928992,0.4285714279591837
3348.png,একজন পুরুষ দাড়িয়ে আছে।,0.49999999875,0.14285714275510203,0.22222221851851853,0.22222221851851853,0.12499999679687505,0.22222221851851853,0,0,0.5,0.124999999921875
9141.png,একজন পুরুষ বসে আছে।,0.49999999875,0.33333333277777777,0.3999999944,0.3999999944,0.0,0.3999999944,0,0,0.5263157894736843,0.24999999968749997
3053916979_848d32261b.jpg,একজন পুরুষ বসে আছে,0.49999999875,0.2222222219753086,0.3076923029585799,0.3076923029585799,0.18181817752066123,0.3076923029585799,0,0,0.4193548387096774,0.18181818165289254
3702038926_966fdaa311.jpg,একটি ছেলে একটি <unk>,0.49999999875,0.24999999968749997,0.33333332833333335,0.33333332833333335,0.0,0.33333332833333335,0,0,0.3076923076923077,0.24999999968749997
3405011838_f81117c99f.jpg,একদল লোক পাহাড়ের চূড়ায় দাঁড়িয়ে আছে,0.33333333277777777,0.24999999968749997,0.2857142804081633,0.2857142804081633,0.16666666152777793,0.2857142804081633,0,0,0.3870967741935484,0.18181818165289254
3136674757_57406c305c.jpg,একজন মহিলা এবং একটি মেয়ে বসে আছে,0.571428570612245,0.3636363633057851,0.4444444391975309,0.4444444391975309,0.1428571377551022,0.4444444391975309,0,0,0.4722222222222222,0.28571428551020406
1081595465.jpg,একদল লোক একটি <unk>,0.249999999375,0.0999999999,0.14285713857142868,0.14285713857142868,0.0,0.14285713857142868,0,0,0.23076923076923073,0.07692307686390532
3597146852_3d000a5d5f.jpg,একটি স্কেটবোর্ডার একটি <unk> <unk>,0.5999999988,0.29999999969999996,0.39999999502222217,0.39999999502222217,0.0,0.2666666618666667,0,0,0.4347826086956522,0.1999999998
1842.png,একটি সেতুর উপর কয়েকজন মানুষ আছে।,0.49999999916666665,0.7499999981250001,0.5999999940000001,0.5999999940000001,0.24999999468750006,0.5999999940000001,0,0,0.33333333333333337,0.4285714279591837
3399906919_bc8562b257.jpg,একটি শিশু একটি <unk>,0.49999999875,0.18181818165289254,0.26666666240000003,0.26666666240000003,0.0,0.26666666240000003,0,0,0.2432432432432432,0.08333333326388888
5379.png,একটি সেতুর উপর কয়েকজন মানুষ আছে।,0.33333333277777777,0.2857142853061225,0.3076923022485208,0.3076923022485208,0.0,0.3076923022485208,0,0,0.43999999999999995,0.18181818165289254
2292406847_f366350600.jpg,একটি নৌকায় কয়েকজন মানুষ আছে।,0.1999999996,0.249999999375,0.2222222167901236,0.2222222167901236,0.0,0.2222222167901236,0,0,0.5,0.12499999984374999
1801.png,একজন পুরুষ বসে আছে।,0.49999999875,0.14285714275510203,0.22222221851851853,0.22222221851851853,0.0,0.22222221851851853,0,0,0.23913043478260865,0.18181818165289254
5316.png,একজন পুরুষ দাড়িয়ে আছে,0.0,0.0,0.0,0.0,0.0,0.0,0,0,0.33333333333333337,0.0
35506150_cbdb630f4f.jpg,এক ব্যক্তি একটি শিশু একটি <unk>,0.6666666655555555,0.30769230745562126,0.4210526268144044,0.4210526268144044,0.11764705453287211,0.31578946903047095,0,0,0.4545454545454546,0.28571428551020406
1982.png,একজন পুরুষ একটি নৌকা থেকে পানি থেকে পানি থেকে পানি থেকে পানি থেকে পানি থেকে পানি থেকে পানি থেকে পানি থেকে পানি থেকে পানি থেকে পানি থেকে পানি থেকে পানি থেকে পানি থেকে পানি থেকে পানি থেকে পানি থেকে পানি,0.02499999999375,0.12499999984374999,0.04166666387152797,0.04166666387152797,0.0,0.04166666387152797,0,0,0.26016260162601623,0.08333333326388888
3229519418_040f05ced1.jpg,একজন পুরুষ আছে।,0.3333333322222222,0.1111111109876543,0.16666666263888896,0.16666666263888896,0.0,0.16666666263888896,0,0,0.28125,0.09090909082644627
542269487_5d77b363eb.jpg,একটি ছেলে একটি সাদা কুকুর একটি ফ্রিসবি ধরার জন্য লাফ দিচ্ছে,0.09090909082644627,0.07692307686390532,0.0833333282986114,0.0833333282986114,0.0,0.0833333282986114,0,0,0.33333333333333337,0.04761904759637188
3033612929_764d977bd5.jpg,একটি কুকুর একটি কুকুর খেলছে,0.3999999992,0.6666666644444444,0.49999999406250006,0.49999999406250006,0.33333332777777785,0.49999999406250006,0,0,0.4736842105263158,0.49999999875
IMG_0712.JPG,কয়েকজন পুরুষ দাড়িয়ে আছে,0.249999999375,0.249999999375,0.2499999943750001,0.2499999943750001,0.0,0.2499999943750001,0,0,0.5625,0.14285714265306124
3171451305_f87b9e09ee.jpg,একদল লোক একসাথে ছবি তুলছে,0.3999999992,0.15384615372781063,0.22222221796296296,0.22222221796296296,0.0,0.22222221796296296,0,0,0.29166666666666663,0.13333333324444444
3473264983_67917a931f.jpg,একদল লোক একটি <unk>,0.7499999981250001,0.2727272724793388,0.3999999955555556,0.3999999955555556,0.2222222172839507,0.3999999955555556,0,0,0.37037037037037035,0.24999999979166665
1035019794.jpg,একজন বেসবল খেলোয়াড় বলে আঘাত করার চেষ্টা করার জন্য প্রস্তুত হচ্ছে,0.2727272724793388,0.19999999986666667,0.23076922571005928,0.23076922571005928,0.0,0.153846148846154,0,0,0.34042553191489366,0.14285714278911565
8838.png,একজন পুরুষ একটি নৌকা থেকে <unk>,0.33333333277777777,0.18181818165289254,0.2352941128027682,0.2352941128027682,0.0,0.1818181765289258,0,0,0.2727272727272727,0.13333333324444444
6676.png,একদল লোক একসাথে বসে আছে,0.3999999992,0.11764705875432525,0.1818181781404959,0.1818181781404959,0.0999999967000001,0.1818181781404959,0,0,0.2777777777777778,0.1111111110493827
532457586_bddfc5251d.jpg,একটি ছেলে একটি <unk>,0.49999999875,0.14285714275510203,0.22222221851851853,0.22222221851851853,0.0,0.1111111075308643,0,0,0.18604651162790697,0.13333333324444444
2609836649_b55831ed41.jpg,একটি কুকুর একটি কুকুর একটি কুকুর খেলছে,0.2857142853061225,0.3999999992,0.33333332791666676,0.33333332791666676,0.1999999948000001,0.33333332791666676,0,0,0.5555555555555556,0.33333333277777777
4865.png,সরিষা ক্ষেতের মাঝ দিয়ে একটি <unk>,0.6666666655555555,0.4444444439506172,0.5333333278222222,0.5333333278222222,0.46153845609467453,0.5333333278222222,0,0,0.5,0.3636363633057851
118187095.jpg,একটি শিশু একটি খেলনা নিয়ে বসে আছে,0.2857142853061225,0.3999999992,0.33333332791666676,0.33333332791666676,0.0,0.33333332791666676,0,0,0.3913043478260869,0.2222222219753086
3519155763_045a6a55e2.jpg,একটি কুকুর একটি কুকুর দৌড়াচ্ছে,0.3999999992,0.3999999992,0.39999999420000004,0.39999999420000004,0.2499999943750001,0.39999999420000004,0,0,0.6,0.33333333277777777
4187.png,একজন পুরুষ একটি শিশু আছে।,0.1999999996,0.14285714265306124,0.16666666152777793,0.16666666152777793,0.0,0.16666666152777793,0,0,0.43999999999999995,0.09090909082644627
3708.png,একজন পুরুষ দাড়িয়ে আছে।,0.249999999375,0.249999999375,0.2499999943750001,0.2499999943750001,0.0,0.2499999943750001,0,0,0.5333333333333333,0.14285714265306124
8969.png,একটি শিশু একটি সাইকেল চালাচ্ছে,0.1999999996,0.1999999996,0.19999999460000012,0.19999999460000012,0.0,0.19999999460000012,0,0,0.5238095238095238,0.12499999984374999
6727.png,একজন পুরুষ বসে আছে।,0.9999999975,0.49999999937499995,0.6666666611111112,0.6666666611111112,0.39999999500000005,0.6666666611111112,0,0,0.48275862068965514,0.571428570612245
3461106572_920c8c0112.jpg,একজন মহিলা একসাথে দাঁড়িয়ে আছে,0.3999999992,0.1999999998,0.2666666618666667,0.2666666618666667,0.15384614934911253,0.2666666618666667,0,0,0.3793103448275862,0.15384615372781063
822.png,একজন পুরুষ বসে আছে।,0.49999999875,0.49999999875,0.4999999937500001,0.4999999937500001,0.33333332722222225,0.4999999937500001,0,0,0.7333333333333334,0.33333333277777777
111419142.jpg,একদল লোক একটি <unk> <unk> <unk> <unk> <unk> <unk> <unk> <unk> <unk> <unk> <unk> <unk> <unk> <unk> <unk> <unk> <unk> <unk> <unk> <unk> <unk> <unk> <unk> <unk> <unk> <unk> <unk> <unk> <unk> <unk> <unk> <unk> <unk> <unk> <unk> <unk> <unk>,0.0499999999875,0.24999999968749997,0.08333333052083343,0.08333333052083343,0.043478258270321514,0.08333333052083343,0,0,0.10691823899371067,0.1999999998
2178095150_436b035741.jpg,একটি গ্রেহাউন্ড কুকুর একটি ফ্রিসবি ধরার জন্য লাফ দিচ্ছে,0.1111111109876543,0.249999999375,0.15384614934911253,0.15384614934911253,0.0,0.15384614934911253,0,0,0.296875,0.09090909082644627
3228960484_9aab98b91a.jpg,এক ব্যক্তি একটি রাস্তায় সাইকেল চালাচ্ছে,0.33333333277777777,0.24999999968749997,0.2857142804081633,0.2857142804081633,0.16666666152777793,0.2857142804081633,0,0,0.28125,0.16666666652777776
103031977.jpg,একটি মেয়ে একটি <unk>,0.249999999375,0.16666666638888888,0.1999999948000001,0.1999999948000001,0.0,0.1999999948000001,0,0,0.33333333333333337,0.12499999984374999
3396275223_ee080df8b5.jpg,একজন নারী ও একটি মঞ্চে নাচ করছে,0.14285714265306124,0.1999999996,0.16666666152777793,0.16666666152777793,0.0,0.16666666152777793,0,0,0.375,0.09090909082644627
1408958345_68eea9a4e4.jpg,একটি শিশু একটি ঢেউ থেকে লাফ দিচ্ছে,0.14285714265306124,0.16666666638888888,0.15384614863905344,0.15384614863905344,0.0,0.15384614863905344,0,0,0.4482758620689655,0.09090909082644627
8507.png,একজন পুরুষ বসে আছে,0.249999999375,0.3333333322222222,0.28571428000000004,0.28571428000000004,0.0,0.28571428000000004,0,0,0.6428571428571428,0.16666666638888888
IMG_20220915_163343.jpg,একটি শিশু আছে।,0.0,0.0,0.0,0.0,0.0,0.0,0,0,0.4285714285714286,0.0
2924483864_cfdb900a13.jpg,একটি ফুটবল খেলোয়াড়টি বল নিয়ে দৌড়াচ্ছে,0.33333333277777777,0.2857142853061225,0.3076923022485208,0.3076923022485208,0.0,0.3076923022485208,0,0,0.36,0.18181818165289254
2189.png,একটি নৌকায় কয়েকজন মানুষ আছে।,0.0,0.0,0.0,0.0,0.0,0.0,0,0,0.25,0.0
inbound234575385126653505.jpg,এটি একটি মন্দির।,0.0,0.0,0.0,0.0,0.0,0.0,0,0,0.19999999999999996,0.0
2907244809_07ab2c6b6c.jpg,একজন স্কেটবোর্ডার একটি স্কেটবোর্ডে চড়ে শূন্যে লাফ দিচ্ছে,0.24999999968749997,0.1999999998,0.22222221703703712,0.22222221703703712,0.0,0.22222221703703712,0,0,0.5405405405405406,0.124999999921875
8099.png,একজন বাচ্চা ছেলে বসে আছে।,0.3999999992,0.33333333277777777,0.36363635801652905,0.36363635801652905,0.2222222167901236,0.36363635801652905,0,0,0.4347826086956522,0.2222222219753086
1691573772_1adef8e40e.jpg,একজন সাইকেল চালাচ্ছে,0.6666666644444444,0.24999999968749997,0.36363635900826446,0.36363635900826446,0.22222221827160496,0.36363635900826446,0,0,0.5714285714285714,0.2222222219753086
5702.png,কয়েকজন পুরুষ বসে আছে।,0.49999999875,0.3999999992,0.4444444385185186,0.4444444385185186,0.28571428000000004,0.4444444385185186,0,0,0.5,0.2857142853061225
475816542_f5c2736815.jpg,একটি কুকুর একটি কুকুর খেলছে,0.7999999984,0.4444444439506172,0.5714285660204083,0.5714285660204083,0.0,0.5714285660204083,0,0,0.5483870967741935,0.24999999968749997
5175.png,একজন পুরুষ দাড়িয়ে আছে।,0.0,0.0,0.0,0.0,0.0,0.0,0,0,0.19999999999999996,0.0
5099.png,একজন পুরুষ বসে আছে।,0.249999999375,0.1999999996,0.2222222167901236,0.2222222167901236,0.0,0.2222222167901236,0,0,0.33333333333333337,0.12499999984374999
3188036349_8e4e2d6ca8.jpg,একটি শিশু একটি <unk>,0.49999999875,0.2222222219753086,0.3076923029585799,0.3076923029585799,0.0,0.3076923029585799,0,0,0.2592592592592593,0.0999999999
3650111717_346804ec2f.jpg,একটি কুকুর একটি কুকুর দৌড়াচ্ছে,0.5999999988,0.2727272724793388,0.374999995234375,0.374999995234375,0.14285713857142868,0.374999995234375,0,0,0.4,0.24999999968749997
3312.png,একজন পুরুষ বসে আছে,0.7499999981250001,0.37499999953124996,0.49999999472222234,0.49999999472222234,0.39999999500000005,0.49999999472222234,0,0,0.4666666666666667,0.4285714279591837
7430.png,একজন পুরুষ বসে আছে।,0.49999999875,0.3999999992,0.4444444385185186,0.4444444385185186,0.0,0.4444444385185186,0,0,0.33333333333333337,0.2857142853061225
4878.png,কয়েকজন পুরুষ দাড়িয়ে আছে।,0.7499999981250001,0.7499999981250001,0.7499999931250001,0.7499999931250001,0.6666666594444445,0.7499999931250001,0,0,0.875,0.5999999988
8364.png,একটি রাস্তা দিয়ে একটি রাস্তা দিয়ে একটি রাস্তা দিয়ে একটি রাস্তা দিয়ে একটি রাস্তা দিয়ে একটি রাস্তা দিয়ে একটি রাস্তা দিয়ে একটি রাস্তা দিয়ে একটি রাস্তা দিয়ে একটি রাস্তা দিয়ে একটি রাস্তা দিয়ে একটি রাস্তা দিয়ে একটি রাস্তা দিয়ে একটি,0.07499999998125,0.5999999988,0.13333333129876546,0.13333333129876546,0.09302325408328828,0.13333333129876546,0,0,0.1986301369863014,0.5999999988
8245.png,কয়েকজন পুরুষ দাড়িয়ে আছে।,0.49999999875,0.33333333277777777,0.3999999944,0.3999999944,0.0,0.3999999944,0,0,0.30000000000000004,0.24999999968749997
5865.png,একটি কুকুর একটি কুকুর খেলছে,0.3999999992,0.6666666644444444,0.49999999406250006,0.49999999406250006,0.33333332777777785,0.49999999406250006,0,0,0.4736842105263158,0.49999999875
IMG_2727.JPG,একটি শিশু একটি <unk> <unk>,0.1999999996,0.16666666638888888,0.1818181765289258,0.1818181765289258,0.0,0.1818181765289258,0,0,0.368421052631579,0.12499999984374999
4039.png,একজন পুরুষ ছাতা নিয়ে দাড়িয়ে আছে।,0.49999999916666665,0.7499999981250001,0.5999999940000001,0.5999999940000001,0.24999999468750006,0.5999999940000001,0,0,0.7142857142857143,0.4285714279591837
3325497914_f9014d615b.jpg,একটি মেয়ে একটি <unk> <unk> <unk> <unk> <unk> <unk> <unk> <unk> <unk> <unk> <unk> <unk> <unk> <unk> <unk> <unk> <unk> <unk> <unk> <unk> <unk> <unk> <unk> <unk> <unk> <unk> <unk> <unk> <unk> <unk> <unk> <unk> <unk> <unk> <unk> <unk> <unk>,0.0499999999875,0.1999999998,0.07999999676800014,0.07999999676800014,0.0,0.07999999676800014,0,0,0.10126582278481011,0.09090909082644627
DSC_1095.JPG,একজন পুরুষ ও একজন পুরুষ ও একজন পুরুষ ও একজন পুরুষ ও একজন পুরুষ ও একজন পুরুষ ও একজন পুরুষ ও একজন পুরুষ ও একজন পুরুষ ও একজন পুরুষ ও একজন পুরুষ ও একজন পুরুষ ও একজন পুরুষ ও একজন,0.0,0.0,0.0,0.0,0.0,0.0,0,0,0.08843537414965985,0.0
4221.png,একটি শিশু একটি <unk>,0.49999999875,0.3999999992,0.4444444385185186,0.4444444385185186,0.0,0.4444444385185186,0,0,0.5,0.33333333277777777
5875.png,একটি শিশু একটি পুকুরে লাফ দিচ্ছে,0.0,0.0,0.0,0.0,0.0,0.0,0,0,0.19672131147540983,0.0
3536.png,একটি শিশু একটি শিশু আছে।,0.7999999984,0.571428570612245,0.6666666606944446,0.6666666606944446,0.3999999944,0.6666666606944446,0,0,0.6086956521739131,0.49999999916666665
5190.png,একটি শিশু একটি নৌকা থেকে পানি থেকে পানি থেকে পানি থেকে পানি থেকে পানি থেকে পানি থেকে পানি থেকে পানি থেকে পানি থেকে পানি থেকে পানি থেকে পানি থেকে পানি থেকে পানি থেকে পানি থেকে পানি থেকে পানি থেকে পানি,0.02499999999375,0.16666666638888888,0.04347825858223074,0.04347825858223074,0.0,0.04347825858223074,0,0,0.12396694214876036,0.0999999999
5783.png,একটি মন্দির।,0.4999999975,0.249999999375,0.33333332777777785,0.33333332777777785,0.0,0.33333332777777785,0,0,0.3076923076923077,0.1999999996
7005.png,একজন পুরুষ বসে আছে,0.9999999975,0.2222222220987654,0.36363636033057856,0.36363636033057856,0.09999999735000006,0.27272726950413223,0,0,0.5263157894736843,0.2352941175086505
2486.png,কয়েকজন পুরুষ বসে আছে।,0.49999999875,0.2222222219753086,0.3076923029585799,0.3076923029585799,0.18181817752066123,0.3076923029585799,0,0,0.33333333333333337,0.1999999998
IMG_20220921_125719.jpg,একজন পুরুষ বসে আছে।,0.249999999375,0.1111111109876543,0.15384614934911253,0.15384614934911253,0.0,0.15384614934911253,0,0,0.40909090909090906,0.08333333326388888
6062.png,একজন পুরুষ দাড়িয়ে আছে।,0.49999999875,0.49999999875,0.4999999937500001,0.4999999937500001,0.0,0.4999999937500001,0,0,0.5,0.33333333277777777
8654.png,একজন পুরুষ বসে আছে।,0.9999999975,0.49999999937499995,0.6666666611111112,0.6666666611111112,0.39999999500000005,0.6666666611111112,0,0,0.5,0.49999999937499995
2656.png,সমুদ্রের পারে একজন মানুষ আছে।,0.3999999992,0.18181818165289254,0.249999995390625,0.249999995390625,0.0,0.249999995390625,0,0,0.3076923076923077,0.16666666652777776
8554.png,একজন পুরুষ দাড়িয়ে আছে।,0.0,0.0,0.0,0.0,0.0,0.0,0,0,0.42105263157894735,0.0
4232.png,একটি শিশু একটি শিশু আছে।,0.0,0.0,0.0,0.0,0.0,0.0,0,0,0.3125,0.0
3143980056_7a64a94b58.jpg,একটি ছোট ছেলে বসে আছে,0.1999999996,0.16666666638888888,0.1818181765289258,0.1818181765289258,0.0,0.1818181765289258,0,0,0.40740740740740744,0.0999999999
1547883892_e29b3db42e.jpg,একজন লোক একটি <unk>,0.49999999875,0.49999999875,0.4999999937500001,0.4999999937500001,0.0,0.4999999937500001,0,0,0.4375,0.33333333277777777
4000.png,একটি শিশু একটি শিশু আছে।,0.1999999996,0.12499999984374999,0.15384614887573977,0.15384614887573977,0.0,0.15384614887573977,0,0,0.33333333333333337,0.0999999999
347793778_804434861028582_2795420169027079545_n.jpg,একজন পুরুষ দাড়িয়ে আছে।,0.249999999375,0.0999999999,0.14285713857142868,0.14285713857142868,0.0,0.14285713857142868,0,0,0.2222222222222222,0.07692307686390532
3547.png,একজন বাচ্চা মেয়ে শিশু আছে।,0.5999999988,0.4285714279591837,0.4999999943055557,0.4999999943055557,0.0,0.4999999943055557,0,0,0.5416666666666667,0.3333333329629629
8252.png,একটি ছেলে একটি কুকুর একটি কুকুর খেলছে,0.0,0.0,0.0,0.0,0.0,0.0,0,0,0.2727272727272727,0.0
3227148358_f152303584.jpg,একটি বক উড়াল দিচ্ছে,0.249999999375,0.1999999996,0.2222222167901236,0.2222222167901236,0.0,0.2222222167901236,0,0,0.3571428571428571,0.12499999984374999
5522.png,একজন পুরুষ দাড়িয়ে আছে।,0.249999999375,0.3333333322222222,0.28571428000000004,0.28571428000000004,0.0,0.28571428000000004,0,0,0.4666666666666667,0.16666666638888888
2529.png,একজন পুরুষ বসে আছে,0.0,0.0,0.0,0.0,0.0,0.0,0,0,0.2666666666666667,0.0
1389.png,কয়েকজন পুরুষ বসে আছে।,0.7499999981250001,0.24999999979166665,0.37499999578125004,0.37499999578125004,0.14285713928571436,0.37499999578125004,0,0,0.26530612244897955,0.23076923059171597
3263946591_a1558b77d3.jpg,একজন লোক একটি সাইকেল চালিয়ে যাচ্ছে,0.16666666638888888,0.16666666638888888,0.16666666138888903,0.16666666138888903,0.0,0.16666666138888903,0,0,0.5,0.09090909082644627
4437.png,একজন পুরুষ বসে আছে,0.0,0.0,0.0,0.0,0.0,0.0,0,0,0.4,0.0
3350785999_462f333c44.jpg,কয়েকজন পুরুষ বসে আছে।,0.249999999375,0.12499999984374999,0.16666666194444454,0.16666666194444454,0.0,0.16666666194444454,0,0,0.32258064516129037,0.09090909082644627
IMG_9579.JPG,একজন পুরুষ ও একজন পুরুষ ও একজন পুরুষ ও একজন পুরুষ ও একজন পুরুষ ও একজন পুরুষ ও একজন পুরুষ ও একজন পুরুষ ও একজন পুরুষ ও একজন পুরুষ ও একজন পুরুষ ও একজন পুরুষ ও একজন পুরুষ ও একজন,0.0,0.0,0.0,0.0,0.0,0.0,0,0,0.13605442176870752,0.0
3650986674_3e101c606b.jpg,একটি কুকুর একটি কুকুর দৌড়াচ্ছে,0.9999999980000001,0.5555555549382716,0.7142857086734694,0.7142857086734694,0.0,0.7142857086734694,0,0,0.5714285714285714,0.4285714279591837
2927878881_90b42fc444.jpg,একটি কুকুর একটি কুকুর,0.49999999875,0.124999999921875,0.1999999966,0.1999999966,0.0,0.1999999966,0,0,0.3846153846153846,0.124999999921875
3348208268_6d97d951eb.jpg,একটি ছেলে একটি <unk>,0.49999999875,0.3999999992,0.4444444385185186,0.4444444385185186,0.28571428000000004,0.4444444385185186,0,0,0.5294117647058824,0.33333333277777777
3396.png,একজন পুরুষ দাড়িয়ে আছে,0.249999999375,0.1999999996,0.2222222167901236,0.2222222167901236,0.0,0.2222222167901236,0,0,0.4736842105263158,0.12499999984374999
8736.png,একজন পুরুষ কাজ করছে।,0.49999999875,0.33333333277777777,0.3999999944,0.3999999944,0.24999999468750006,0.3999999944,0,0,0.4545454545454546,0.24999999968749997
1814.png,একজন পুরুষ ছাতা নিয়ে যাচ্ছে।,0.5999999988,0.49999999916666665,0.5454545395041324,0.5454545395041324,0.2222222167901236,0.5454545395041324,0,0,0.5909090909090908,0.37499999953124996
265223847_636ba039c1.jpg,একজন মানুষ আছে।,0.3333333322222222,0.07692307686390532,0.12499999679687505,0.12499999679687505,0.0,0.12499999679687505,0,0,0.2272727272727273,0.06666666662222222
483136916_16976f4902.jpg,একটি কুকুর একটি কুকুর খেলছে,0.5999999988,0.2727272724793388,0.374999995234375,0.374999995234375,0.1999999948000001,0.374999995234375,0,0,0.4642857142857143,0.24999999968749997
4733.png,একজন মহিলা এবং একজন মহিলা এবং তার পিছনে কয়েকজন মানুষ আছে।,0.09090909082644627,0.14285714265306124,0.11111110623456812,0.11111110623456812,0.0,0.11111110623456812,0,0,0.326530612244898,0.07142857137755101
9004.png,সরিষা ক্ষেতের মাঝ দিয়ে সরিষা ক্ষেত।,0.49999999916666665,0.13043478255198487,0.20689654829964332,0.20689654829964332,0.07407407100137185,0.20689654829964332,0,0,0.22093023255813948,0.13043478255198487
8614.png,একজন পুরুষ বসে আছে।,0.249999999375,0.3333333322222222,0.28571428000000004,0.28571428000000004,0.0,0.28571428000000004,0,0,0.5,0.16666666638888888
661749711_6f408dad62.jpg,একটি কুকুর একটি বল নিয়ে খেলছে,0.6666666655555555,0.4444444439506172,0.5333333278222222,0.5333333278222222,0.3076923024852071,0.5333333278222222,0,0,0.5161290322580645,0.29999999969999996
1180.png,কয়েকজন মানুষ দাড়িয়ে আছে।,0.49999999875,0.33333333277777777,0.3999999944,0.3999999944,0.24999999468750006,0.3999999944,0,0,0.6086956521739131,0.24999999968749997
3640407952_bb38fb9d55.jpg,একজন পুরুষ বসে আছে।,0.249999999375,0.249999999375,0.2499999943750001,0.2499999943750001,0.0,0.2499999943750001,0,0,0.31818181818181823,0.14285714265306124
1030.png,একজন পুরুষ দাড়িয়ে আছে।,0.7499999981250001,0.2727272724793388,0.3999999955555556,0.3999999955555556,0.15384615005917168,0.3999999955555556,0,0,0.3513513513513513,0.3333333329629629
8239.png,একজন পুরুষ দাড়িয়ে আছে।,0.249999999375,0.3333333322222222,0.28571428000000004,0.28571428000000004,0.0,0.28571428000000004,0,0,0.4666666666666667,0.16666666638888888
229951087_4c20600c32.jpg,একটি নৌকায় একজন লোক একটি নৌকা থেকে <unk>,0.49999999937499995,0.571428570612245,0.5333333276444445,0.5333333276444445,0.16666666152777793,0.5333333276444445,0,0,0.48275862068965514,0.3333333329629629
2933643390_1c6086684b.jpg,ওকলাহোমা ফুটবল খেলোয়াড় বল নিয়ে খেলছে,0.49999999916666665,0.2727272724793388,0.3529411714878893,0.3529411714878893,0.0,0.2352941128027682,0,0,0.4418604651162791,0.21428571413265304
3033825101_44a4390f16.jpg,একজন বেসবল খেলোয়াড় বল ধরার জন্য বেসে <unk>,0.37499999953124996,0.49999999916666665,0.4285714230612245,0.4285714230612245,0.16666666152777793,0.4285714230612245,0,0,0.46875,0.2727272724793388
3497106366_d1a256e723.jpg,একজন লোক সমুদ্রের ঢেউয়ে এক লোক,0.6666666655555555,0.6666666655555555,0.6666666605555556,0.6666666605555556,0.5999999938,0.6666666605555556,0,0,0.45833333333333337,0.571428570612245
1199.png,কয়েকজন পুরুষ দাড়িয়ে আছে।,0.7499999981250001,0.24999999979166665,0.37499999578125004,0.37499999578125004,0.14285713928571436,0.37499999578125004,0,0,0.2666666666666667,0.2727272724793388
8767.png,একজন পুরুষ বসে আছে।,0.249999999375,0.3333333322222222,0.28571428000000004,0.28571428000000004,0.0,0.28571428000000004,0,0,0.3571428571428571,0.16666666638888888
2914800692_0c512d27b8.jpg,একজন লোক একটি কৌশল দেখাচ্ছে,0.3999999992,0.24999999968749997,0.3076923024852071,0.3076923024852071,0.1818181768595043,0.3076923024852071,0,0,0.4242424242424242,0.19999999986666667
5915.png,একজন পুরুষ বসে আছে।,0.7499999981250001,0.4285714279591837,0.5454545398347109,0.5454545398347109,0.2222222172839507,0.5454545398347109,0,0,0.5,0.37499999953124996
2466420387_86fe77c966.jpg,একটি শিশু একটি শিশু বসে আছে,0.33333333277777777,0.24999999968749997,0.2857142804081633,0.2857142804081633,0.0,0.2857142804081633,0,0,0.3793103448275862,0.1999999998
3204712107_5a06a81002.jpg,একটি মেয়ে একটি <unk>,0.49999999875,0.2857142853061225,0.36363635834710756,0.36363635834710756,0.0,0.36363635834710756,0,0,0.36,0.12499999984374999
3384.png,একজন মহিলা এবং একটি মেয়ে একসাথে দাঁড়িয়ে আছে,0.12499999984374999,0.08333333326388888,0.09999999510000022,0.09999999510000022,0.0,0.09999999510000022,0,0,0.3846153846153846,0.05263157891966759
528.png,একজন পুরুষ বসে আছে।,0.249999999375,0.249999999375,0.2499999943750001,0.2499999943750001,0.0,0.2499999943750001,0,0,0.6,0.14285714265306124
93922153_8d831f7f01.jpg,একজন মহিলা একটি পাথরে আরোহণ করছে,0.49999999916666665,0.49999999916666665,0.4999999941666667,0.4999999941666667,0.39999999420000004,0.4999999941666667,0,0,0.5384615384615384,0.3333333329629629
2252403744_148fc11f68.jpg,একটি শিশু একটি শিশু বসে আছে,0.33333333277777777,0.2857142853061225,0.3076923022485208,0.3076923022485208,0.1818181765289258,0.3076923022485208,0,0,0.5217391304347826,0.2222222219753086
6832.png,একটি পাখি নিয়ে আছে।,0.49999999875,0.33333333277777777,0.3999999944,0.3999999944,0.0,0.3999999944,0,0,0.40909090909090906,0.24999999968749997
2410399168_1462c422d4.jpg,একটি কুকুর একটি কুকুর দৌড়াচ্ছে,0.5999999988,0.3333333329629629,0.42857142336734694,0.42857142336734694,0.1999999948000001,0.42857142336734694,0,0,0.5625,0.24999999968749997
8876.png,একটি নৌকায় কয়েকজন মানুষ আছে।,0.5999999988,0.7499999981250001,0.6666666602469137,0.6666666602469137,0.28571428000000004,0.6666666602469137,0,0,0.65,0.49999999916666665
young-stylish-woman-walking-with-smartphone-listening-music-headphones-summer-vacation.jpg,একজন মহিলা টি,0.6666666644444444,0.2222222219753086,0.3333333290277778,0.3333333290277778,0.19999999640000002,0.3333333290277778,0,0,0.2702702702702703,0.1999999998
107985741.jpg,একদল লোক একটি <unk> <unk> <unk> <unk> <unk> <unk> <unk> <unk> <unk> <unk> <unk> <unk> <unk> <unk> <unk> <unk> <unk> <unk> <unk> <unk> <unk> <unk> <unk> <unk> <unk> <unk> <unk> <unk> <unk> <unk> <unk> <unk> <unk> <unk> <unk> <unk> <unk>,0.0499999999875,0.33333333277777777,0.08695651943289232,0.08695651943289232,0.045454543419421574,0.08695651943289232,0,0,0.08176100628930816,0.24999999968749997
1002.png,একজন পুরুষ দাড়িয়ে আছে।,0.0,0.0,0.0,0.0,0.0,0.0,0,0,0.40909090909090906,0.0
437917001_ae1106f34e.jpg,একটি ছেলে একটি <unk>,0.249999999375,0.14285714265306124,0.1818181768595043,0.1818181768595043,0.0,0.1818181768595043,0,0,0.26315789473684215,0.1111111109876543
1995.png,একটি ছেলে একটি নৌকা থেকে পানিতে লাফ দিচ্ছে,0.12499999984374999,0.05263157891966759,0.07407406984910861,0.07407406984910861,0.0,0.07407406984910861,0,0,0.34883720930232553,0.04166666664930555
4673.png,কয়েকজন মানুষ আছে।,0.3333333322222222,0.1999999996,0.24999999468750006,0.24999999468750006,0.0,0.24999999468750006,0,0,0.35,0.14285714265306124
5756.png,একজন লোক একটি শিশু একটি <unk>,0.33333333277777777,0.124999999921875,0.1818181776859505,0.1818181776859505,0.0,0.1818181776859505,0,0,0.3125,0.10526315783933518
1426014905_da60d72957.jpg,একজন পুরুষ একটি সেতুর উপর দিয়ে একটি সেতুর উপর দিয়ে একটি সেতুর উপর দিয়ে একটি সেতুর উপর দিয়ে একটি সেতুর উপর দিয়ে একটি সেতুর উপর দিয়ে একটি সেতুর উপর দিয়ে একটি সেতুর উপর দিয়ে একটি সেতুর উপর দিয়ে একটি সেতুর,0.02499999999375,0.14285714265306124,0.04255318893617037,0.04255318893617037,0.0,0.04255318893617037,0,0,0.20529801324503316,0.08333333326388888
8837.png,একটি নৌকায় কয়েকজন মানুষ আছে।,0.3999999992,0.2222222219753086,0.2857142807142858,0.2857142807142858,0.0,0.2857142807142858,0,0,0.3529411764705882,0.18181818165289254
2353119813_685bace18e.jpg,একটি সাদা ও সাদা ও সাদা ও সাদা ও সাদা ও সাদা ও সাদা ও সাদা ও সাদা ও সাদা ও সাদা ও সাদা ও সাদা ও সাদা ও সাদা ও সাদা ও সাদা ও সাদা ও সাদা ও সাদা,0.02499999999375,0.249999999375,0.04545454378099179,0.04545454378099179,0.0,0.04545454378099179,0,0,0.15841584158415845,0.16666666638888888
1513.png,কয়েকজন পুরুষ দাড়িয়ে আছে।,0.49999999875,0.18181818165289254,0.26666666240000003,0.26666666240000003,0.15384615005917168,0.26666666240000003,0,0,0.32352941176470584,0.15384615372781063
5135.png,একটি বাঘ বসে আছে,0.0,0.0,0.0,0.0,0.0,0.0,0,0,0.19999999999999996,0.0
8021.png,সমুদ্রের পারে একজন পুরুষ দাড়িয়ে আছে।,0.33333333277777777,0.33333333277777777,0.3333333277777778,0.3333333277777778,0.0,0.3333333277777778,0,0,0.33333333333333337,0.1999999998
6977.png,জমির পাশ দিয়ে হেটে যাচ্ছে,0.0,0.0,0.0,0.0,0.0,0.0,0,0,0.22857142857142854,0.0
8707.png,একটি নৌকায় একজন পুরুষ বসে আছে।,0.6666666655555555,0.4444444439506172,0.5333333278222222,0.5333333278222222,0.3076923024852071,0.5333333278222222,0,0,0.5454545454545454,0.3636363633057851
2592711202_55f8c64495.jpg,একটি মেয়ে একটি <unk>,0.7499999981250001,0.2727272724793388,0.3999999955555556,0.3999999955555556,0.16666666263888896,0.3999999955555556,0,0,0.3142857142857143,0.1999999998
5077.png,কয়েকজন পুরুষ দাড়িয়ে আছে,0.7499999981250001,0.5999999988,0.6666666602469137,0.6666666602469137,0.5714285648979592,0.6666666602469137,0,0,0.8,0.49999999916666665
2834752476_3177e617f1.jpg,একজন পুরুষ আছে।,0.0,0.0,0.0,0.0,0.0,0.0,0,0,0.23809523809523814,0.0
369.png,একজন পুরুষ দাড়িয়ে আছে।,0.249999999375,0.1999999996,0.2222222167901236,0.2222222167901236,0.0,0.2222222167901236,0,0,0.47619047619047616,0.12499999984374999
6488.png,একজন পুরুষ মাথায় <unk> <unk> <unk> <unk> <unk> <unk> <unk> <unk> <unk> <unk> <unk> <unk> <unk> <unk> <unk> <unk> <unk> <unk> <unk> <unk> <unk> <unk> <unk> <unk> <unk> <unk> <unk> <unk> <unk> <unk> <unk> <unk> <unk> <unk> <unk> <unk> <unk>,0.0499999999875,0.24999999968749997,0.08333333052083343,0.08333333052083343,0.0,0.08333333052083343,0,0,0.08750000000000002,0.1999999998
6933.png,একটি শিশু একটি <unk>,0.49999999875,0.33333333277777777,0.3999999944,0.3999999944,0.24999999468750006,0.3999999944,0,0,0.35,0.2857142853061225
7748.png,একজন পুরুষ দাড়িয়ে আছে।,0.249999999375,0.0999999999,0.14285713857142868,0.14285713857142868,0.0,0.14285713857142868,0,0,0.25,0.09090909082644627
90011335_cfdf9674c2.jpg,সমুদ্রের পারে একজন পুরুষ বসে আছে,0.16666666638888888,0.249999999375,0.1999999948000001,0.1999999948000001,0.0,0.1999999948000001,0,0,0.30434782608695654,0.1111111109876543
3905.png,কয়েকজন পুরুষ দাড়িয়ে আছে।,0.7499999981250001,0.5999999988,0.6666666602469137,0.6666666602469137,0.5714285648979592,0.6666666602469137,0,0,0.65,0.49999999916666665
6745.png,একটি নৌকায় একজন পুরুষ বসে আছে।,0.49999999916666665,0.24999999979166665,0.33333332851851855,0.33333332851851855,0.0,0.22222221753086427,0,0,0.4545454545454546,0.19999999986666667
2595.png,একটি শিশু পানিতে নেমে পানিতে নেমে পানিতে নেমে পানিতে নেমে পানিতে নেমে পানিতে নেমে পানিতে নেমে পানিতে নেমে পানিতে নেমে পানিতে নেমে পানিতে নেমে পানিতে নেমে পানিতে নেমে পানিতে নেমে পানিতে নেমে পানিতে নেমে পানিতে নেমে পানিতে নেমে পানিতে নেমে,0.07499999998125,0.37499999953124996,0.12499999717013895,0.12499999717013895,0.08695651912098307,0.12499999717013895,0,0,0.1294964028776978,0.3333333329629629
271770120_880e8d8e52.jpg,একটি কালো কুকুর একটি কুকুর খেলছে,0.6666666655555555,0.4444444439506172,0.5333333278222222,0.5333333278222222,0.33333332791666676,0.5333333278222222,0,0,0.6363636363636364,0.4444444439506172
7176.png,একজন পুরুষ বসে আছে।,0.49999999875,0.49999999875,0.4999999937500001,0.4999999937500001,0.33333332722222225,0.4999999937500001,0,0,0.6428571428571428,0.33333333277777777
1917203130_fcaff8b10e.jpg,একটি ছেলে একটি ছেলে একটি <unk>,0.33333333277777777,0.49999999875,0.3999999944,0.3999999944,0.0,0.3999999944,0,0,0.4285714285714286,0.1999999996
4973.png,একজন পুরুষ দাড়িয়ে আছে।,0.7499999981250001,0.7499999981250001,0.7499999931250001,0.7499999931250001,0.33333332722222225,0.7499999931250001,0,1,1.0,0.5999999988
20200807_184812.jpg,একজন পুরুষ বসে আছে।,0.249999999375,0.249999999375,0.2499999943750001,0.2499999943750001,0.0,0.2499999943750001,0,0,0.5,0.14285714265306124
5064.png,একজন পুরুষ বসে আছে।,0.7499999981250001,0.7499999981250001,0.7499999931250001,0.7499999931250001,0.33333332722222225,0.7499999931250001,0,0,0.8,0.5999999988
2911658792_6a6ef07e3a.jpg,একটি শিশু একটি স্কেটবোর্ড কৌশল দেখাচ্ছে,0.16666666638888888,0.16666666638888888,0.16666666138888903,0.16666666138888903,0.0,0.16666666138888903,0,0,0.41666666666666663,0.0999999999
3917.png,একটি গরু নিয়ে যাচ্ছে।,0.49999999875,0.49999999875,0.4999999937500001,0.4999999937500001,0.33333332722222225,0.4999999937500001,0,0,0.6470588235294117,0.33333333277777777
1507563902_6ec8d5d822.jpg,একটি স্কেটবোর্ডার একটি স্কেটবোর্ড নিয়ে একটি স্কেটবোর্ড নিয়ে একটি স্কেটবোর্ড নিয়ে একটি স্কেটবোর্ড নিয়ে একটি স্কেটবোর্ড নিয়ে একটি স্কেটবোর্ড নিয়ে একটি স্কেটবোর্ড নিয়ে একটি স্কেটবোর্ড নিয়ে একটি স্কেটবোর্ড নিয়ে একটি স্কেটবোর্ড নিয়ে একটি স্কেটবোর্ড নিয়ে একটি স্কেটবোর্ড নিয়ে একটি স্কেটবোর্ড,0.02499999999375,0.14285714265306124,0.04255318893617037,0.04255318893617037,0.0,0.04255318893617037,0,0,0.13157894736842102,0.1111111109876543
4468.png,একটি শিশু একটি শিশু আছে।,0.5999999988,0.5999999988,0.5999999938,0.5999999938,0.2499999943750001,0.5999999938,0,0,0.6875,0.5999999988
2009.png,একটি নৌকায় একজন পুরুষ বসে আছে।,0.0,0.0,0.0,0.0,0.0,0.0,0,0,0.2545454545454545,0.0
8598.png,একটি নৌকায় একজন মানুষ আছে।,0.9999999980000001,0.9999999980000001,0.9999999930000001,0.9999999930000001,0.9999999925,0.9999999930000001,1,1,1.0,0.9999999980000001
3265.png,একজন পুরুষ ও একজন পুরুষ ও একজন পুরুষ ও একজন পুরুষ ও একজন পুরুষ ও একজন পুরুষ ও একজন পুরুষ ও একজন পুরুষ ও একজন পুরুষ ও একজন পুরুষ ও একজন পুরুষ ও একজন পুরুষ ও একজন পুরুষ ও একজন,0.02499999999375,0.16666666638888888,0.04347825858223074,0.04347825858223074,0.0,0.04347825858223074,0,0,0.22448979591836737,0.12499999984374999
_MG_1973.JPG,একটা লোক দাড়িয়ে আছে,0.249999999375,0.1999999996,0.2222222167901236,0.2222222167901236,0.0,0.2222222167901236,0,0,0.5294117647058824,0.12499999984374999
2616.png,একজন পুরুষ দাড়িয়ে আছে।,0.249999999375,0.249999999375,0.2499999943750001,0.2499999943750001,0.0,0.2499999943750001,0,0,0.5625,0.14285714265306124
2339516180_12493e8ecf.jpg,একটি শিশু একটি সাইকেল চালিয়ে যাচ্ছে,0.16666666638888888,0.0999999999,0.12499999515625017,0.12499999515625017,0.0,0.12499999515625017,0,0,0.3939393939393939,0.07692307686390532
448658518_eec0b648a6.jpg,একটি শিশু একটি <unk> <unk>,0.1999999996,0.1111111109876543,0.14285713806122466,0.14285713806122466,0.0,0.14285713806122466,0,0,0.30000000000000004,0.09090909082644627
7148.png,একজন বাচ্চা ছেলে বসে আছে।,0.5999999988,0.3333333329629629,0.42857142336734694,0.42857142336734694,0.33333332833333335,0.42857142336734694,0,0,0.5161290322580645,0.2727272724793388
2540203582_9a9ac92a5d.jpg,একটি শিশু একটি <unk>,0.7499999981250001,0.37499999953124996,0.49999999472222234,0.49999999472222234,0.1999999954000001,0.49999999472222234,0,0,0.38095238095238093,0.24999999968749997
2682194299_92005b26c6.jpg,একটি কুকুর একটি ফ্রিসবি ধরার জন্য লাফ দিচ্ছে,0.24999999968749997,0.2857142853061225,0.2666666613333334,0.2666666613333334,0.14285713765306143,0.2666666613333334,0,0,0.4516129032258065,0.16666666652777776
3222250187_ef610f267e.jpg,একটি ছেলে একটি বল নিয়ে খেলছে,0.16666666638888888,0.16666666638888888,0.16666666138888903,0.16666666138888903,0.0,0.16666666138888903,0,0,0.4,0.0999999999
2754271176_4a2cda8c15.jpg,একটি শিশু একটি <unk>,0.49999999875,0.33333333277777777,0.3999999944,0.3999999944,0.0,0.3999999944,0,0,0.55,0.2857142853061225
4210.png,একজন পুরুষ মাথায় ছাতা ধরে আছে,0.33333333277777777,0.33333333277777777,0.3333333277777778,0.3333333277777778,0.19999999460000012,0.3333333277777778,0,0,0.5652173913043479,0.1999999998
1245194315.jpg,একজন লোক একটি দোকানের সামনে দাঁড়িয়ে আছে,0.571428570612245,0.3999999996,0.4705882298961938,0.4705882298961938,0.2666666615111111,0.4705882298961938,0,0,0.48888888888888893,0.30769230745562126
3619232550_0b1e1fd4e4.jpg,একজন মহিলা টি,0.0,0.0,0.0,0.0,0.0,0.0,0,0,0.25,0.0
5705.png,একটি নৌকা দেখা যাচ্ছে ও দূরে কিছু মানুষ আছে।,0.2222222219753086,0.6666666644444444,0.3333333290277778,0.3333333290277778,0.19999999640000002,0.3333333290277778,0,0,0.36363636363636365,0.1999999998
3151860914_46e30cd5ea.jpg,একটি কুকুর একটি কুকুর খেলছে,0.5999999988,0.37499999953124996,0.46153845609467453,0.46153845609467453,0.33333332833333335,0.46153845609467453,0,0,0.5925925925925926,0.24999999968749997
2602258549_7401a3cdae.jpg,একজন পুরুষ বসে আছে,0.7499999981250001,0.29999999969999996,0.42857142387755104,0.42857142387755104,0.18181817752066123,0.3076923029585799,0,0,0.3913043478260869,0.2727272724793388
186890605_ddff5b694e.jpg,একটি শিশু একটি নৌকা থেকে লাফ দিচ্ছে,0.2857142853061225,0.2222222219753086,0.24999999476562512,0.24999999476562512,0.1428571377551022,0.24999999476562512,0,0,0.45833333333333337,0.15384615372781063
5780.png,একজন পুরুষ বসে আছে,0.49999999875,0.2857142853061225,0.36363635834710756,0.36363635834710756,0.2222222172839507,0.36363635834710756,0,0,0.4444444444444444,0.24999999968749997
606.png,একজন পুরুষ দাড়িয়ে আছে।,0.0,0.0,0.0,0.0,0.0,0.0,0,0,0.25,0.0
6366.png,একজন পুরুষ মাথায় <unk> <unk> <unk> <unk> <unk> <unk> <unk> <unk> <unk> <unk> <unk> <unk> <unk> <unk> <unk> <unk> <unk> <unk> <unk> <unk> <unk> <unk> <unk> <unk> <unk> <unk> <unk> <unk> <unk> <unk> <unk> <unk> <unk> <unk> <unk> <unk> <unk>,0.0499999999875,0.2222222219753086,0.08163265002915464,0.08163265002915464,0.0,0.08163265002915464,0,0,0.07499999999999996,0.1999999998
8826.png,একজন পুরুষ বসে আছে,0.249999999375,0.249999999375,0.2499999943750001,0.2499999943750001,0.0,0.2499999943750001,0,0,0.6,0.14285714265306124
2760716468_b541e9fd0f.jpg,একজন বয়স্ক লোক বসে আছে,0.5999999988,0.49999999916666665,0.5454545395041324,0.5454545395041324,0.4444444385185186,0.5454545395041324,0,0,0.5263157894736843,0.37499999953124996
6593.png,একটি নৌকা থেকে <unk>,0.249999999375,0.12499999984374999,0.16666666194444454,0.16666666194444454,0.0,0.16666666194444454,0,0,0.36363636363636365,0.0999999999
3681172959_6674c118d2.jpg,একজন লোক একটি <unk> <unk> <unk> <unk> <unk> <unk> <unk> <unk> <unk> <unk> <unk> <unk> <unk> <unk> <unk> <unk> <unk> <unk> <unk> <unk> <unk> <unk> <unk> <unk> <unk> <unk> <unk> <unk> <unk> <unk> <unk> <unk> <unk> <unk> <unk> <unk> <unk>,0.02499999999375,0.14285714265306124,0.04255318893617037,0.04255318893617037,0.0,0.04255318893617037,0,0,0.08805031446540879,0.0999999999
6498.png,একটি নৌকায় দুইজন মানুষ আছে।,0.1999999996,0.16666666638888888,0.1818181765289258,0.1818181765289258,0.0,0.1818181765289258,0,0,0.36,0.0999999999
7673.png,একজন পুরুষ দাড়িয়ে আছে।,0.49999999875,0.18181818165289254,0.26666666240000003,0.26666666240000003,0.15384615005917168,0.26666666240000003,0,0,0.28205128205128205,0.16666666652777776
2574194729_1f099647ee.jpg,একটি কুকুর একটি কুকুর দৌড়াচ্ছে,0.5999999988,0.5999999988,0.5999999938,0.5999999938,0.33333332833333335,0.5999999938,0,0,0.7,0.5999999988
7476.png,একটি নৌকায় কয়েকজন মানুষ আছে।,0.3999999992,0.33333333277777777,0.36363635801652905,0.36363635801652905,0.0,0.1818181765289258,0,0,0.28,0.2222222219753086
1110208841_5bb6806afe.jpg,একটি কুকুর একটি ফ্রিসবি ধরার জন্য একটি ফ্রিসবি ধরার জন্য একটি ফ্রিসবি ধরার জন্য একটি ফ্রিসবি ধরার জন্য একটি ফ্রিসবি ধরার জন্য একটি ফ্রিসবি ধরার জন্য একটি ফ্রিসবি ধরার জন্য একটি ফ্রিসবি ধরার জন্য একটি ফ্রিসবি ধরার জন্য একটি ফ্রিসবি,0.099999999975,0.3636363633057851,0.15686274165321037,0.15686274165321037,0.04166666360243077,0.15686274165321037,0,0,0.23076923076923073,0.24999999979166665
512026551_ba63ddbd31.jpg,একটি কুকুর পানিতে সাঁতার কাটছে।,0.3999999992,0.24999999968749997,0.3076923024852071,0.3076923024852071,0.1818181768595043,0.3076923024852071,0,0,0.4642857142857143,0.18181818165289254
5127.png,জমির উপরে আকাশ দেখা যাচ্ছে।,0.0,0.0,0.0,0.0,0.0,0.0,0,0,0.2222222222222222,0.0
3125041578_c1f2d73b6d.jpg,একটি হকি খেলোয়াড় একটি হকি খেলছে,0.16666666638888888,0.1999999996,0.1818181765289258,0.1818181765289258,0.0,0.1818181765289258,0,0,0.4285714285714286,0.12499999984374999
345908027_2564875103669439_2159177169263922977_n.jpg,একজন পুরুষ একটি শিশু একটি সাইকেল চালিয়ে যাচ্ছে,0.24999999968749997,0.24999999968749997,0.24999999468750006,0.24999999468750006,0.0,0.24999999468750006,0,0,0.4444444444444444,0.15384615372781063
6006.png,একজন পুরুষ দাড়িয়ে আছে।,0.0,0.0,0.0,0.0,0.0,0.0,0,0,0.31999999999999995,0.0
482047956_9a29e9cee6.jpg,একটি মেয়ে একটি <unk> <unk> <unk> <unk> <unk> <unk> <unk> <unk> <unk> <unk> <unk> <unk> <unk> <unk> <unk> <unk> <unk> <unk> <unk> <unk> <unk> <unk> <unk> <unk> <unk> <unk> <unk> <unk> <unk> <unk> <unk> <unk> <unk> <unk> <unk> <unk> <unk>,0.0499999999875,0.2857142853061225,0.08510638040742426,0.08510638040742426,0.04444444211358036,0.08510638040742426,0,0,0.07594936708860756,0.24999999968749997
3278.png,একজন মহিলা একসাথে বসে আছে,0.3999999992,0.11764705875432525,0.1818181781404959,0.1818181781404959,0.0999999967000001,0.1818181781404959,0,0,0.2592592592592593,0.10526315783933518
345885287_1398081547656319_4679718544674903276_n.jpg,একজন লোক একটি <unk>,0.49999999875,0.33333333277777777,0.3999999944,0.3999999944,0.24999999468750006,0.3999999944,0,0,0.375,0.24999999968749997
3319020762_d429d56a69.jpg,একটি শিশু একটি ঢেউ থেকে পানি থেকে পানি থেকে পানি থেকে পানি থেকে পানি থেকে পানি থেকে পানি থেকে পানি থেকে পানি থেকে পানি থেকে পানি থেকে পানি থেকে পানি থেকে পানি থেকে পানি থেকে পানি থেকে পানি থেকে পানি,0.02499999999375,0.14285714265306124,0.04255318893617037,0.04255318893617037,0.0,0.04255318893617037,0,0,0.11570247933884292,0.09090909082644627
3597354819_0069aaf16e.jpg,একটি শিশু পানিতে নেমে পানিতে নেমে পানিতে নেমে পানিতে নেমে পানিতে নেমে পানিতে নেমে পানিতে নেমে পানিতে নেমে পানিতে নেমে পানিতে নেমে পানিতে নেমে পানিতে নেমে পানিতে নেমে পানিতে নেমে পানিতে নেমে পানিতে নেমে পানিতে নেমে পানিতে নেমে পানিতে নেমে,0.02499999999375,0.12499999984374999,0.04166666387152797,0.04166666387152797,0.0,0.04166666387152797,0,0,0.1007194244604317,0.09090909082644627
3490736665_38710f4b91.jpg,একটি টেনিস বল ধরার জন্য একটি টেনিস বল ধরার জন্য একটি টেনিস বল ধরার জন্য একটি টেনিস বল ধরার জন্য একটি টেনিস বল ধরার জন্য একটি টেনিস বল ধরার জন্য একটি টেনিস বল ধরার জন্য একটি টেনিস বল ধরার জন্য,0.07499999998125,0.49999999916666665,0.1304347802835539,0.1304347802835539,0.045454543419421574,0.1304347802835539,0,0,0.2582781456953642,0.37499999953124996
3421177332_a05741cfa4.jpg,এক ব্যক্তি একটি <unk> <unk>,0.7999999984,0.30769230745562126,0.4444444399382716,0.4444444399382716,0.2499999959375,0.4444444399382716,0,0,0.3448275862068966,0.23076923059171597
792362827_5ab5281b99.jpg,একটি ছেলে একটি ছেলে একটি <unk>,0.16666666638888888,0.14285714265306124,0.15384614863905344,0.15384614863905344,0.0,0.15384614863905344,0,0,0.25,0.1111111109876543
1152.png,কয়েকজন পুরুষ বসে আছে।,0.249999999375,0.14285714265306124,0.1818181768595043,0.1818181768595043,0.0,0.1818181768595043,0,0,0.37037037037037035,0.0999999999
7989.png,একজন পুরুষ বসে আছে,0.249999999375,0.3333333322222222,0.28571428000000004,0.28571428000000004,0.0,0.28571428000000004,0,0,0.6428571428571428,0.16666666638888888
2059616165_b7c99c1009.jpg,একটি কালো কুকুর একটি কুকুর একটি কালো কুকুর একটি কালো কুকুর একটি কালো কুকুর একটি কালো কুকুর একটি কালো কুকুর একটি কালো কুকুর একটি কালো কুকুর একটি কালো কুকুর একটি কালো কুকুর একটি কালো কুকুর একটি কালো কুকুর একটি কালো,0.07499999998125,0.9999999966666667,0.13953488235803138,0.13953488235803138,0.09756097463414634,0.13953488235803138,0,0,0.17123287671232879,0.9999999966666667
3453544202_3855ab34b6.jpg,একজন মোটরসাইকেল চালক,0.6666666644444444,0.3999999992,0.49999999406250006,0.49999999406250006,0.33333332777777785,0.49999999406250006,0,0,0.5172413793103448,0.3999999992
2752175795_c9def67895.jpg,একটি শিশু একটি <unk>,0.49999999875,0.14285714275510203,0.22222221851851853,0.22222221851851853,0.0,0.22222221851851853,0,0,0.25806451612903225,0.1111111109876543
512634877_d7ad8c8329.jpg,একটি কুকুর একটি বল নিয়ে খেলছে,0.49999999916666665,0.37499999953124996,0.4285714230612245,0.4285714230612245,0.19999999460000012,0.4285714230612245,0,0,0.5652173913043479,0.29999999969999996
4799.png,একজন পুরুষ দাড়িয়ে আছে।,0.7499999981250001,0.4285714279591837,0.5454545398347109,0.5454545398347109,0.2222222172839507,0.5454545398347109,0,0,0.5,0.4285714279591837
8555.png,একজন পুরুষ বসে আছে।,0.249999999375,0.3333333322222222,0.28571428000000004,0.28571428000000004,0.0,0.28571428000000004,0,0,0.3571428571428571,0.16666666638888888
4726.png,একজন পুরুষ বসে আছে।,0.0,0.0,0.0,0.0,0.0,0.0,0,0,0.33333333333333337,0.0
3086526292_f799d237c7.jpg,একজন পুরুষ দাড়িয়ে আছে,0.249999999375,0.1111111109876543,0.15384614934911253,0.15384614934911253,0.0,0.15384614934911253,0,0,0.36363636363636365,0.08333333326388888
3726170067_094cc1b7e5.jpg,একজন পুরুষ দাড়িয়ে আছে,0.49999999875,0.16666666652777776,0.2499999959375,0.2499999959375,0.0,0.2499999959375,0,0,0.368421052631579,0.14285714275510203
562588230_edb2c071c8.jpg,একটি শিশু একটি শিশু একটি শিশু একটি শিশু একটি শিশু একটি শিশু একটি শিশু একটি শিশু একটি শিশু একটি শিশু একটি শিশু একটি শিশু একটি শিশু একটি শিশু একটি শিশু একটি শিশু একটি শিশু একটি শিশু একটি শিশু একটি শিশু,0.07499999998125,0.29999999969999996,0.11999999675200007,0.11999999675200007,0.04166666360243077,0.11999999675200007,0,0,0.12230215827338131,0.2222222219753086
480283163_660508409664239_5696440675217695690_n.jpg,একজন নারী ও একজন মহিলা একসাথে দাড়িয়ে আছে।,0.12499999984374999,0.06666666662222222,0.0869565171266543,0.0869565171266543,0.0,0.0869565171266543,0,0,0.2586206896551724,0.04761904759637188
3152317129_177b4678b7.jpg,একটি শিশু একটি পুকুরে লাফ দিচ্ছে,0.33333333277777777,0.24999999968749997,0.2857142804081633,0.2857142804081633,0.16666666152777793,0.2857142804081633,0,0,0.4,0.18181818165289254
3229442620_fd47d01b59.jpg,একটি পাখি একটি পাখি নিয়ে যাচ্ছে,0.33333333277777777,0.33333333277777777,0.3333333277777778,0.3333333277777778,0.19999999460000012,0.3333333277777778,0,0,0.5909090909090908,0.24999999968749997
2488.png,একজন পুরুষ বসে আছে।,0.249999999375,0.16666666638888888,0.1999999948000001,0.1999999948000001,0.0,0.1999999948000001,0,0,0.2777777777777778,0.1111111109876543
2363419943_717e6b119d.jpg,একজন পুরুষ একটি <unk> <unk> <unk> <unk> <unk> <unk> <unk> <unk> <unk> <unk> <unk> <unk> <unk> <unk> <unk> <unk> <unk> <unk> <unk> <unk> <unk> <unk> <unk> <unk> <unk> <unk> <unk> <unk> <unk> <unk> <unk> <unk> <unk> <unk> <unk> <unk> <unk>,0.0499999999875,0.15384615372781063,0.07547169438234266,0.07547169438234266,0.0,0.07547169438234266,0,0,0.10624999999999996,0.14285714275510203
2623930900_b9df917b82.jpg,একজন লোক তার <unk> <unk> <unk> <unk> <unk> <unk> <unk> <unk> <unk> <unk> <unk> <unk> <unk> <unk> <unk> <unk> <unk> <unk> <unk> <unk> <unk> <unk> <unk> <unk> <unk> <unk> <unk> <unk> <unk> <unk> <unk> <unk> <unk> <unk> <unk> <unk> <unk>,0.12499999996875,0.7142857132653061,0.21276595482118604,0.21276595482118604,0.08888888653827165,0.17021276334993213,0,0,0.120253164556962,0.49999999916666665
3295452057_0c987f895f.jpg,একটি কুকুর একটি কুকুর খেলছে,0.3999999992,0.6666666644444444,0.49999999406250006,0.49999999406250006,0.33333332777777785,0.49999999406250006,0,0,0.5263157894736843,0.49999999875
inbound1536357592172230642.jpg,একটি মুরগি ও একটি মুরগি ও একটি মুরগি ও একটি মুরগি ও একটি মুরগি ও একটি মুরগি ও একটি মুরগি ও একটি মুরগি ও একটি মুরগি ও একটি মুরগি ও একটি মুরগি ও একটি মুরগি ও একটি মুরগি ও একটি,0.02499999999375,0.0999999999,0.039999996784000263,0.039999996784000263,0.0,0.039999996784000263,0,0,0.17293233082706772,0.08333333326388888
542405691_0594b1ce72.jpg,একটি ছেলে একটি <unk> <unk> <unk> <unk> <unk> <unk> <unk> <unk> <unk> <unk> <unk> <unk> <unk> <unk> <unk> <unk> <unk> <unk> <unk> <unk> <unk> <unk> <unk> <unk> <unk> <unk> <unk> <unk> <unk> <unk> <unk> <unk> <unk> <unk> <unk> <unk> <unk>,0.07499999998125,0.3333333329629629,0.1224489765431071,0.1224489765431071,0.042553188646446534,0.08163265002915464,0,0,0.10126582278481011,0.2222222219753086
5596.png,একটি নৌকায় একজন পুরুষ বসে আছে।,0.16666666638888888,0.07692307686390532,0.10526315346260404,0.10526315346260404,0.0,0.10526315346260404,0,0,0.3571428571428571,0.0624999999609375
357725852_6f55cb9abc.jpg,একটি সেতুর উপর একটি নৌকা থেকে একটি নৌকা থেকে পানি থেকে পানি থেকে পানি থেকে পানি থেকে পানি থেকে পানি থেকে পানি থেকে পানি থেকে পানি থেকে পানি থেকে পানি থেকে পানি থেকে পানি থেকে পানি থেকে পানি থেকে পানি,0.0499999999875,0.1999999998,0.07999999676800014,0.07999999676800014,0.03846153469674592,0.07999999676800014,0,0,0.17741935483870963,0.1111111110493827
3187492926_8aa85f80c6.jpg,একটি ছেলে একটি ঢেউ থেকে লাফ দিচ্ছে,0.4285714279591837,0.29999999969999996,0.35294117121107266,0.35294117121107266,0.13333332835555572,0.35294117121107266,0,0,0.4347826086956522,0.23076923059171597
2092.png,একটি শিশু একটি <unk>,0.249999999375,0.1111111109876543,0.15384614934911253,0.15384614934911253,0.0,0.15384614934911253,0,0,0.19047619047619047,0.0999999999
7710.png,একজন পুরুষ দাড়িয়ে আছে।,0.249999999375,0.0999999999,0.14285713857142868,0.14285713857142868,0.0,0.14285713857142868,0,0,0.24390243902439024,0.08333333326388888
2170222061_e8bce4a32d.jpg,একটি কুকুর একটি ফ্রিসবি ধরার জন্য একটি ফ্রিসবি ধরার জন্য একটি ফ্রিসবি ধরার জন্য একটি ফ্রিসবি ধরার জন্য একটি ফ্রিসবি ধরার জন্য একটি ফ্রিসবি ধরার জন্য একটি ফ্রিসবি ধরার জন্য একটি ফ্রিসবি ধরার জন্য একটি ফ্রিসবি ধরার জন্য একটি ফ্রিসবি,0.07499999998125,0.3333333329629629,0.1224489765431071,0.1224489765431071,0.045454543419421574,0.1224489765431071,0,0,0.23076923076923073,0.2222222219753086
3998.png,একটি শিশু আছে।,0.3333333322222222,0.1999999996,0.24999999468750006,0.24999999468750006,0.0,0.24999999468750006,0,0,0.3529411764705882,0.14285714265306124
1716445442_9cf3528342.jpg,এক ব্যক্তি একটি পাথরে আরোহণ করছে,0.33333333277777777,0.18181818165289254,0.2352941128027682,0.2352941128027682,0.13333332871111125,0.2352941128027682,0,0,0.45833333333333337,0.14285714275510203
428.png,একটি শিশু বসে আছে,0.9999999975,0.3636363633057851,0.533333328711111,0.533333328711111,0.3076923036686391,0.26666666240000003,0,0,0.2702702702702703,0.3636363633057851
3052.png,একজন পুরুষ বসে আছে।,0.249999999375,0.249999999375,0.2499999943750001,0.2499999943750001,0.0,0.2499999943750001,0,0,0.3571428571428571,0.14285714265306124
3695.png,একটি নৌকা দেখা যাচ্ছে ও একটি নৌকা দেখা যাচ্ছে ও একটি নৌকা দেখা যাচ্ছে ও একটি নৌকা দেখা যাচ্ছে ও একটি নৌকা দেখা যাচ্ছে ও একটি নৌকা দেখা যাচ্ছে ও একটি নৌকা দেখা যাচ্ছে ও একটি নৌকা দেখা যাচ্ছে ও,0.02499999999375,0.12499999984374999,0.04166666387152797,0.04166666387152797,0.0,0.04166666387152797,0,0,0.14960629921259838,0.09090909082644627
232193739_ed5f348c7a.jpg,একটি ছেলে একটি কুকুর একটি <unk>,0.16666666638888888,0.16666666638888888,0.16666666138888903,0.16666666138888903,0.0,0.16666666138888903,0,0,0.41666666666666663,0.1111111109876543
2255685792_f70474c6db.jpg,একজন লোক একটি বরফের পাহাড়ে উঠছে।,0.33333333277777777,0.1999999998,0.24999999500000003,0.24999999500000003,0.14285713806122466,0.24999999500000003,0,0,0.4,0.14285714275510203
inbound1169727335265747590.jpg,একটি মুরগি ও একটি মুরগি ও একটি মুরগি ও একটি মুরগি ও একটি মুরগি ও একটি মুরগি ও একটি মুরগি ও একটি মুরগি ও একটি মুরগি ও একটি মুরগি ও একটি মুরগি ও একটি মুরগি ও একটি মুরগি ও একটি,0.0499999999875,0.2857142853061225,0.08510638040742426,0.08510638040742426,0.0,0.08510638040742426,0,0,0.12030075187969924,0.12499999984374999
716.png,কয়েকজন মানুষ আছে।,0.3333333322222222,0.1999999996,0.24999999468750006,0.24999999468750006,0.0,0.24999999468750006,0,0,0.2777777777777778,0.14285714265306124
5805.png,একটি নৌকায় একজন পুরুষ বসে আছে।,0.33333333277777777,0.49999999875,0.3999999944,0.3999999944,0.0,0.3999999944,0,0,0.5,0.24999999968749997
2272548482_0b4aec5cdd.jpg,একজন বাস্কেটবল খেলোয়াড় বল নিয়ে দাঁড়িয়ে আছে,0.2857142853061225,0.33333333277777777,0.3076923022485208,0.3076923022485208,0.0,0.3076923022485208,0,0,0.4482758620689655,0.18181818165289254
2600.png,একজন মহিলা তার <unk> <unk> <unk> <unk> <unk> <unk> <unk> <unk> <unk> <unk> <unk> <unk> <unk> <unk> <unk> <unk> <unk> <unk> <unk> <unk> <unk> <unk> <unk> <unk> <unk> <unk> <unk> <unk> <unk> <unk> <unk> <unk> <unk> <unk> <unk> <unk> <unk>,0.07499999998125,0.37499999953124996,0.12499999717013895,0.12499999717013895,0.0,0.12499999717013895,0,0,0.10691823899371067,0.2222222219753086
6486.png,একজন পুরুষ বসে আছে।,0.7499999981250001,0.7499999981250001,0.7499999931250001,0.7499999931250001,0.33333332722222225,0.7499999931250001,0,0,0.8571428571428572,0.5999999988
3081.png,একটি নৌকায় কয়েকজন মানুষ আছে।,0.5999999988,0.9999999966666667,0.7499999934375,0.7499999934375,0.33333332777777785,0.7499999934375,0,0,0.5,0.5999999988
7145.png,রাস্তা দিয়ে একজন পুরুষ দাড়িয়ে আছে।,0.33333333277777777,0.1999999998,0.24999999500000003,0.24999999500000003,0.0,0.24999999500000003,0,0,0.33333333333333337,0.15384615372781063
3607.png,একজন পুরুষ আছে।,0.3333333322222222,0.3333333322222222,0.33333332722222225,0.33333332722222225,0.0,0.33333332722222225,0,0,0.5454545454545454,0.1999999996
3187117682_986ffd6b67.jpg,একটি কুকুর একটি কুকুর,0.49999999875,0.24999999968749997,0.33333332833333335,0.33333332833333335,0.1999999954000001,0.33333332833333335,0,0,0.375,0.24999999968749997
7394.png,একজন পুরুষ বসে আছে।,0.249999999375,0.3333333322222222,0.28571428000000004,0.28571428000000004,0.0,0.28571428000000004,0,0,0.4285714285714286,0.16666666638888888
277.png,একজন পুরুষ দাড়িয়ে আছে।,0.249999999375,0.249999999375,0.2499999943750001,0.2499999943750001,0.0,0.2499999943750001,0,0,0.42105263157894735,0.14285714265306124
317.png,একজন পুরুষ ছাতা নিয়ে দাড়িয়ে আছে।,0.49999999916666665,0.5999999988,0.5454545395041324,0.5454545395041324,0.2222222167901236,0.5454545395041324,0,0,0.4285714285714286,0.37499999953124996
3119903318_d032141839.jpg,একজন নারী ও একজন পুরুষ দাড়িয়ে আছে।,0.14285714265306124,0.1999999996,0.16666666152777793,0.16666666152777793,0.0,0.16666666152777793,0,0,0.5588235294117647,0.0999999999
944.png,একজন পুরুষ বসে আছে।,0.49999999875,0.3999999992,0.4444444385185186,0.4444444385185186,0.28571428000000004,0.4444444385185186,0,0,0.5789473684210527,0.2857142853061225
3346.png,সরিষা ক্ষেতের মাঝ দিয়ে একজন পুরুষ মাথায় <unk> <unk> <unk> <unk> <unk> <unk> <unk> <unk> <unk> <unk> <unk> <unk> <unk> <unk> <unk> <unk> <unk> <unk> <unk> <unk> <unk> <unk> <unk> <unk> <unk> <unk> <unk> <unk> <unk> <unk> <unk> <unk> <unk>,0.099999999975,0.49999999937499995,0.16666666381944448,0.16666666381944448,0.13043477997164463,0.16666666381944448,0,0,0.13207547169811318,0.3333333330555555
Shifting-trend-in-material-use-for-rural-dwelling-units-of-Bangladesh.png,একটি নৌকায় একজন পুরুষ আছে।,0.0,0.0,0.0,0.0,0.0,0.0,0,0,0.33333333333333337,0.0
8446.png,একজন পুরুষ দাড়িয়ে আছে।,0.249999999375,0.249999999375,0.2499999943750001,0.2499999943750001,0.0,0.2499999943750001,0,0,0.4,0.14285714265306124
3742.png,একজন পুরুষ ছাতা নিয়ে দাড়িয়ে আছে।,0.33333333277777777,0.2222222219753086,0.2666666615111111,0.2666666615111111,0.0,0.2666666615111111,0,0,0.4516129032258065,0.15384615372781063
411863595_d77156687e.jpg,একজন লোক একটি পাহাড়ের চূড়ায় দাঁড়িয়ে আছে,0.571428570612245,0.3636363633057851,0.4444444391975309,0.4444444391975309,0.24999999500000003,0.4444444391975309,0,0,0.4285714285714286,0.28571428551020406
8661.png,একজন পুরুষ বসে আছে।,0.249999999375,0.12499999984374999,0.16666666194444454,0.16666666194444454,0.0,0.16666666194444454,0,0,0.4,0.09090909082644627
2631625732_75b714e685.jpg,একটি নৌকায় কয়েকজন মানুষ আছে।,0.0,0.0,0.0,0.0,0.0,0.0,0,0,0.2962962962962963,0.0
138718600_f430ebca17.jpg,একটি শিশু সাইকেল চালিয়ে যাচ্ছে,0.1999999996,0.12499999984374999,0.15384614887573977,0.15384614887573977,0.0,0.15384614887573977,0,0,0.30000000000000004,0.08333333326388888
3111502208_71e2a414f5.jpg,একদল লোক একটি <unk>,0.249999999375,0.16666666638888888,0.1999999948000001,0.1999999948000001,0.0,0.1999999948000001,0,0,0.34782608695652173,0.1111111109876543
5910.png,একজন পুরুষ দাড়িয়ে আছে।,0.249999999375,0.3333333322222222,0.28571428000000004,0.28571428000000004,0.0,0.28571428000000004,0,0,0.4,0.16666666638888888
3029463004_c2d2c8f404.jpg,একজন সার্ফার একটি ঢেউ থেকে পানি থেকে পানি থেকে পানি থেকে পানি থেকে পানি থেকে পানি থেকে পানি থেকে পানি থেকে পানি থেকে পানি থেকে পানি থেকে পানি থেকে পানি থেকে পানি থেকে পানি থেকে পানি থেকে পানি থেকে পানি,0.0499999999875,0.24999999968749997,0.08333333052083343,0.08333333052083343,0.0,0.08333333052083343,0,0,0.11290322580645162,0.16666666652777776
2436081047_bca044c1d3.jpg,একটি ছেলে স্কেটবোর্ডিং করছে,0.249999999375,0.14285714265306124,0.1818181768595043,0.1818181768595043,0.0,0.1818181768595043,0,0,0.3913043478260869,0.0999999999
IMG_20220915_163442.jpg,একজন পুরুষ দাড়িয়ে আছে,0.249999999375,0.08333333326388888,0.1249999960937501,0.1249999960937501,0.0,0.1249999960937501,0,0,0.33333333333333337,0.07142857137755101
4734.png,একটি সেতুর উপর দিয়ে হেটে যাচ্ছে,0.16666666638888888,0.16666666638888888,0.16666666138888903,0.16666666138888903,0.0,0.16666666138888903,0,0,0.25,0.09090909082644627
2522809984_2e8a7df4fb.jpg,একটি কুকুর পানিতে সাঁতার কাটছে,0.9999999980000001,0.8333333319444445,0.909090902479339,0.909090902479339,0.6666666602469137,0.909090902479339,0,0,0.8636363636363636,0.8333333319444445
2893476169_f38dd32051.jpg,একজন স্কেটবোর্ডার একটি স্কেটবোর্ড কৌশল দেখাচ্ছে,0.49999999916666665,0.49999999916666665,0.4999999941666667,0.4999999941666667,0.19999999460000012,0.4999999941666667,0,0,0.6875,0.3333333329629629
8931.png,একটি শিশু একটি শিশু আছে।,0.1999999996,0.06666666662222222,0.09999999615000013,0.09999999615000013,0.0,0.09999999615000013,0,0,0.3125,0.0624999999609375
3762.png,একজন পুরুষ দাড়িয়ে আছে।,0.249999999375,0.16666666638888888,0.1999999948000001,0.1999999948000001,0.0,0.1999999948000001,0,0,0.35,0.1111111109876543
2890731828_8a7032503a.jpg,একজন লোক <unk>,0.3333333322222222,0.16666666638888888,0.2222222172839507,0.2222222172839507,0.0,0.2222222172839507,0,0,0.2666666666666667,0.12499999984374999
7070.png,একজন পুরুষ বসে আছে।,0.49999999875,0.49999999875,0.4999999937500001,0.4999999937500001,0.0,0.4999999937500001,0,0,0.6,0.33333333277777777
2949.png,একজন পুরুষ দাড়িয়ে আছে।,0.7499999981250001,0.37499999953124996,0.49999999472222234,0.49999999472222234,0.1999999954000001,0.49999999472222234,0,0,0.34375,0.37499999953124996
664.png,একটি শিশু পানিতে লাফ দিচ্ছে।,0.1999999996,0.14285714265306124,0.16666666152777793,0.16666666152777793,0.0,0.16666666152777793,0,0,0.42307692307692313,0.09090909082644627
3568505408_4e30def669.jpg,একজন পুরুষ ও একজন পুরুষ ও একজন পুরুষ ও একজন পুরুষ ও একজন পুরুষ ও একজন পুরুষ ও একজন পুরুষ ও একজন পুরুষ ও একজন পুরুষ ও একজন পুরুষ ও একজন পুরুষ ও একজন পুরুষ ও একজন পুরুষ ও একজন,0.02499999999375,0.14285714265306124,0.04255318893617037,0.04255318893617037,0.0,0.04255318893617037,0,0,0.16326530612244894,0.1111111109876543
2757779501_c41c86a595.jpg,একজন লোক পাথরে আরোহণ করছে,0.7999999984,0.571428570612245,0.6666666606944446,0.6666666606944446,0.3999999944,0.6666666606944446,0,0,0.72,0.49999999937499995
3616771728_2c16bf8d85.jpg,একদল লোক একটি কুকুর,0.249999999375,0.09090909082644627,0.13333332924444455,0.13333332924444455,0.0,0.13333332924444455,0,0,0.2790697674418605,0.08333333326388888
4679.png,একটি সেতুর উপর দিয়ে একজন পুরুষ দাড়িয়ে আছে।,0.6249999992187499,0.45454545413223135,0.5263157840443214,0.5263157840443214,0.4705882298961938,0.42105262626038775,0,0,0.40476190476190477,0.3846153843195266
110695011.jpg,এক ব্যক্তি একটি গাড়ির পাশে দাঁড়িয়ে আছে,0.4285714279591837,0.1874999998828125,0.2608695607561437,0.2608695607561437,0.13333332835555572,0.2608695607561437,0,0,0.5517241379310345,0.15789473675900276
6053.png,একটি নৌকায় একজন পুরুষ বসে আছে।,0.49999999916666665,0.4285714279591837,0.4615384558579882,0.4615384558579882,0.0,0.4615384558579882,0,0,0.6296296296296297,0.29999999969999996
1332823164_c70a5d930e.jpg,সমুদ্রের পারে একজন পুরুষ ও একটি কুকুর দৌড়াচ্ছে,0.12499999984374999,0.1999999996,0.15384614887573977,0.15384614887573977,0.0,0.15384614887573977,0,0,0.34375,0.08333333326388888
5636.png,একজন পুরুষ দাড়িয়ে আছে।,0.7499999981250001,0.4285714279591837,0.5454545398347109,0.5454545398347109,0.44444443901234576,0.5454545398347109,0,0,0.52,0.4285714279591837
3177.png,একজন বয়স্ক লোক বসে আছে,0.1999999996,0.3333333322222222,0.24999999468750006,0.24999999468750006,0.0,0.24999999468750006,0,0,0.4444444444444444,0.14285714265306124
343218198_1ca90e0734.jpg,একটি কুকুর একটি কুকুর দৌড়াচ্ছে,0.5999999988,0.5999999988,0.5999999938,0.5999999938,0.2499999943750001,0.5999999938,0,0,0.65,0.5999999988
1029802110.jpg,একদল লোক একটি রাস্তায় দাঁড়িয়ে আছে,0.49999999916666665,0.4285714279591837,0.4615384558579882,0.4615384558579882,0.1818181765289258,0.4615384558579882,0,0,0.5185185185185186,0.29999999969999996
2707969386_94dde00ce4.jpg,একটি কুকুর একটি কুকুর দৌড়াচ্ছে,0.3999999992,0.33333333277777777,0.36363635801652905,0.36363635801652905,0.2222222167901236,0.36363635801652905,0,0,0.6086956521739131,0.2857142853061225
2591486448_48d5438343.jpg,একটি কুকুর একটি <unk>,0.49999999875,0.2857142853061225,0.36363635834710756,0.36363635834710756,0.0,0.36363635834710756,0,0,0.3846153846153846,0.24999999968749997
8101.png,একজন পুরুষ বসে আছে,0.0,0.0,0.0,0.0,0.0,0.0,0,0,0.5,0.0
1262077938_8b9516c273.jpg,একটি মেয়ে বসে আছে,0.7499999981250001,0.24999999979166665,0.37499999578125004,0.37499999578125004,0.14285713928571436,0.37499999578125004,0,0,0.33333333333333337,0.23076923059171597
3051754615_3d6494c2ae.jpg,একটি ছেলে একটি নৌকা থেকে পানি থেকে পানি থেকে পানি থেকে পানি থেকে পানি থেকে পানি থেকে পানি থেকে পানি থেকে পানি থেকে পানি থেকে পানি থেকে পানি থেকে পানি থেকে পানি থেকে পানি থেকে পানি থেকে পানি থেকে পানি,0.0499999999875,0.33333333277777777,0.08695651943289232,0.08695651943289232,0.0,0.08695651943289232,0,0,0.14876033057851235,0.2222222219753086
3367851138_757d6bd2ef.jpg,একটি জাহাজ আছে।,0.3333333322222222,0.1999999996,0.24999999468750006,0.24999999468750006,0.0,0.24999999468750006,0,0,0.4285714285714286,0.14285714265306124
_MG_2689.JPG,ট্রেন এর ট্রেন এর ট্রেন এর ট্রেন এর ট্রেন এর ট্রেন এর ট্রেন এর ট্রেন এর ট্রেন এর ট্রেন এর ট্রেন এর ট্রেন এর ট্রেন এর ট্রেন এর ট্রেন এর ট্রেন এর ট্রেন এর ট্রেন এর ট্রেন এর ট্রেন এর,0.0499999999875,0.2857142853061225,0.08510638040742426,0.08510638040742426,0.0,0.08510638040742426,0,0,0.1079136690647482,0.2857142853061225
7426.png,একজন পুরুষ বসে আছে।,0.49999999875,0.3999999992,0.4444444385185186,0.4444444385185186,0.28571428000000004,0.4444444385185186,0,0,0.5238095238095238,0.2857142853061225
3000428313_8a1e65e20e.jpg,একটি শিশু একটি ঢেউ এর উপর খেলছে,0.14285714265306124,0.12499999984374999,0.13333332817777796,0.13333332817777796,0.0,0.13333332817777796,0,0,0.36363636363636365,0.08333333326388888
837.png,একজন পুরুষ বসে আছে।,0.49999999875,0.49999999875,0.4999999937500001,0.4999999937500001,0.33333332722222225,0.4999999937500001,0,0,0.7142857142857143,0.33333333277777777
468310111_d9396abcbd.jpg,একটি গরু নিয়ে দাড়িয়ে আছে,0.3999999992,0.24999999968749997,0.3076923024852071,0.3076923024852071,0.0,0.3076923024852071,0,0,0.4137931034482759,0.18181818165289254
3407584080_c6abf71ae3.jpg,একজন স্কিয়ার একটি বরফের মধ্যে একটি বরফের মধ্যে একটি বরফের মধ্যে একটি বরফের মধ্যে একটি বরফের মধ্যে একটি বরফের মধ্যে একটি বরফের মধ্যে একটি বরফের মধ্যে একটি বরফের মধ্যে একটি বরফের মধ্যে একটি বরফের মধ্যে একটি বরফের মধ্যে একটি বরফের,0.0499999999875,0.2857142853061225,0.08510638040742426,0.08510638040742426,0.0,0.08510638040742426,0,0,0.12068965517241381,0.1999999998
1801663973_5ad393caeb.jpg,একজন পুরুষ একটি ছেলে একটি <unk>,0.33333333277777777,0.16666666652777776,0.22222221753086427,0.22222221753086427,0.0,0.22222221753086427,0,0,0.29268292682926833,0.07692307686390532
3436418401_b00ceb27c0.jpg,একটি শিশু একটি সৈকতে খেলছে,0.5999999988,0.3333333329629629,0.42857142336734694,0.42857142336734694,0.16666666194444454,0.42857142336734694,0,0,0.5714285714285714,0.29999999969999996
4317.png,একটি নৌকায় একজন মানুষ আছে।,0.5999999988,0.4285714279591837,0.4999999943055557,0.4999999943055557,0.1999999948000001,0.4999999943055557,0,0,0.5714285714285714,0.3333333329629629
1664.png,একজন পুরুষ দাড়িয়ে আছে।,0.49999999875,0.3999999992,0.4444444385185186,0.4444444385185186,0.28571428000000004,0.4444444385185186,0,0,0.6666666666666667,0.2857142853061225
7011.png,একটি নৌকায় কয়েকজন মানুষ আছে।,0.5999999988,0.49999999916666665,0.5454545395041324,0.5454545395041324,0.0,0.36363635801652905,0,0,0.34782608695652173,0.37499999953124996
3215081286_d55541aa6b.jpg,একটি ব্যস্ত রাস্তায় দাঁড়িয়ে আছে,0.3999999992,0.2857142853061225,0.33333332791666676,0.33333332791666676,0.0,0.33333332791666676,0,0,0.375,0.1999999998
6902.png,একজন পুরুষ দাড়িয়ে আছে।,0.49999999875,0.49999999875,0.4999999937500001,0.4999999937500001,0.33333332722222225,0.4999999937500001,0,0,0.6875,0.33333333277777777
2030.png,একজন পুরুষ বসে আছে।,0.49999999875,0.3999999992,0.4444444385185186,0.4444444385185186,0.0,0.4444444385185186,0,0,0.5294117647058824,0.2857142853061225
3474999131_788cbf253f.jpg,একটি কুকুর একটি কুকুর একটি ফ্রিসবি ধরার জন্য একটি কুকুর একটি ফ্রিসবি ধরার জন্য একটি কুকুর একটি ফ্রিসবি ধরার জন্য একটি কুকুর একটি ফ্রিসবি ধরার জন্য একটি কুকুর একটি ফ্রিসবি ধরার জন্য একটি কুকুর একটি ফ্রিসবি ধরার জন্য একটি কুকুর,0.07499999998125,0.4285714279591837,0.12765957187867819,0.12765957187867819,0.08888888653827165,0.12765957187867819,0,0,0.22424242424242424,0.2222222219753086
7893.png,একজন পুরুষ মাথায় টুপি পরা একজন পুরুষ মাথায় টুপি পরা একজন পুরুষ মাথায় টুপি পরা একজন পুরুষ মাথায় টুপি পরা একজন পুরুষ মাথায় টুপি পরা একজন পুরুষ মাথায় টুপি পরা একজন পুরুষ মাথায় টুপি পরা একজন পুরুষ মাথায় টুপি পরা,0.02499999999375,0.16666666638888888,0.04347825858223074,0.04347825858223074,0.0,0.04347825858223074,0,0,0.20529801324503316,0.0999999999
9034.png,একজন নারী দাড়িয়ে আছে,0.249999999375,0.249999999375,0.2499999943750001,0.2499999943750001,0.0,0.2499999943750001,0,0,0.4666666666666667,0.14285714265306124
8391.png,একজন পুরুষ দাড়িয়ে আছে।,0.49999999875,0.33333333277777777,0.3999999944,0.3999999944,0.0,0.3999999944,0,0,0.33333333333333337,0.24999999968749997
1264.png,কয়েকজন পুরুষ দাড়িয়ে আছে।,0.7499999981250001,0.4285714279591837,0.5454545398347109,0.5454545398347109,0.2222222172839507,0.5454545398347109,0,0,0.46153846153846156,0.37499999953124996
820169182_f5e78d7d19.jpg,একটি শিশু বসে আছে,0.0,0.0,0.0,0.0,0.0,0.0,0,0,0.3571428571428571,0.0
7864.png,একটি নৌকায় দুইজন পুরুষ বসে আছে।,0.6666666655555555,0.7999999984,0.7272727209917357,0.7272727209917357,0.4444444385185186,0.7272727209917357,0,0,0.7727272727272727,0.571428570612245
8421.png,একটি শিশু বসে আছে।,0.7499999981250001,0.7499999981250001,0.7499999931250001,0.7499999931250001,0.6666666594444445,0.7499999931250001,0,0,0.8333333333333334,0.5999999988
3547524138_4157f660b0.jpg,একদল লোক একটি <unk> <unk> <unk>,0.49999999916666665,0.49999999916666665,0.4999999941666667,0.4999999941666667,0.19999999460000012,0.4999999941666667,0,0,0.4347826086956522,0.4285714279591837
3259579174_30a8a27058.jpg,একটি শিশু একটি ঢেউ এর উপর দিয়ে চলছে,0.12499999984374999,0.0999999999,0.11111110604938293,0.11111110604938293,0.0,0.11111110604938293,0,0,0.368421052631579,0.06666666662222222
870.png,একজন পুরুষ বসে আছে।,0.49999999875,0.2857142853061225,0.36363635834710756,0.36363635834710756,0.0,0.36363635834710756,0,0,0.41666666666666663,0.2222222219753086
3509.png,একজন পুরুষ দাড়িয়ে আছে।,0.49999999875,0.6666666644444444,0.5714285648979592,0.5714285648979592,0.0,0.5714285648979592,0,0,0.6,0.3999999992
2602679255_785b851b46.jpg,একজন নারী একটি <unk> <unk> <unk>,0.49999999916666665,0.21428571413265304,0.2999999955,0.2999999955,0.0,0.19999999560000006,0,0,0.32258064516129037,0.19999999986666667
3351586010_7ffaa90ea8.jpg,একটি ছেলে একটি <unk>,0.7499999981250001,0.49999999916666665,0.5999999940000001,0.5999999940000001,0.0,0.5999999940000001,0,0,0.5238095238095238,0.49999999916666665
6500.png,একজন মহিলা একটি শিশু আছে।,0.3999999992,0.49999999875,0.4444444385185186,0.4444444385185186,0.0,0.4444444385185186,0,0,0.5,0.2857142853061225
5975.png,একজন পুরুষ বসে আছে।,0.0,0.0,0.0,0.0,0.0,0.0,0,0,0.5,0.0
6015.png,একজন পুরুষ আছে।,0.6666666644444444,0.24999999968749997,0.36363635900826446,0.36363635900826446,0.22222221827160496,0.36363635900826446,0,0,0.32258064516129037,0.2222222219753086
1509786421_f03158adfc.jpg,একজন পুরুষ এবং একজন পুরুষ ও একজন পুরুষ ও একজন পুরুষ ও একজন পুরুষ ও একজন পুরুষ ও একজন পুরুষ ও একজন পুরুষ ও একজন পুরুষ ও একজন পুরুষ ও একজন পুরুষ ও একজন পুরুষ ও একজন পুরুষ ও একজন,0.0,0.0,0.0,0.0,0.0,0.0,0,0,0.15540540540540537,0.0
203114209_e4cd71a6b7.jpg,একটি শিশু একটি নৌকা থেকে পানি থেকে পানি থেকে পানি থেকে পানি থেকে পানি থেকে পানি থেকে পানি থেকে পানি থেকে পানি থেকে পানি থেকে পানি থেকে পানি থেকে পানি থেকে পানি থেকে পানি থেকে পানি থেকে পানি থেকে পানি,0.0499999999875,0.2222222219753086,0.08163265002915464,0.08163265002915464,0.0,0.08163265002915464,0,0,0.17355371900826444,0.16666666652777776
315021440_122d56ebd7.jpg,একটি কুকুর একটি কুকুর দৌড়াচ্ছে,0.5999999988,0.4285714279591837,0.4999999943055557,0.4999999943055557,0.1999999948000001,0.4999999943055557,0,0,0.5172413793103448,0.4285714279591837
1579198375_84b18e003a.jpg,একজন মহিলা গিটার হাতে <unk> <unk> <unk> <unk> <unk> <unk> <unk> <unk> <unk> <unk> <unk> <unk> <unk> <unk> <unk> <unk> <unk> <unk> <unk> <unk> <unk> <unk> <unk> <unk> <unk> <unk> <unk> <unk> <unk> <unk> <unk> <unk> <unk> <unk> <unk> <unk>,0.07499999998125,0.29999999969999996,0.11999999675200007,0.11999999675200007,0.0476190462698413,0.11999999675200007,0,0,0.10062893081761004,0.2857142853061225
3315323307_bd148a8964.jpg,একটি কুকুর বরফের মধ্যে দৌড়াচ্ছে,0.7999999984,0.6666666655555555,0.7272727209917357,0.7272727209917357,0.4444444385185186,0.5333333281777778,0,0,0.4473684210526315,0.571428570612245
488590040_35a3e96c89.jpg,একজন লোক একটি <unk>,0.249999999375,0.14285714265306124,0.1818181768595043,0.1818181768595043,0.0,0.1818181768595043,0,0,0.2777777777777778,0.0999999999
4879.png,একটি নৌকায় কয়েকজন মানুষ আছে।,0.1999999996,0.1111111109876543,0.14285713806122466,0.14285713806122466,0.0,0.14285713806122466,0,0,0.30000000000000004,0.07692307686390532
143688895_e837c3bc76.jpg,একজন লোক একটি পাথরে আরোহণ করছে,0.6666666655555555,0.4444444439506172,0.5333333278222222,0.5333333278222222,0.1818181765289258,0.4615384558579882,0,0,0.5862068965517242,0.3636363633057851
3227594168_3351722aae.jpg,একটি মেয়ে একটি ছোট মেয়ে একটি ছোট মেয়ে একটি ছোট মেয়ে একটি ছোট মেয়ে একটি ছোট মেয়ে একটি ছোট মেয়ে একটি ছোট মেয়ে একটি ছোট মেয়ে একটি ছোট মেয়ে একটি ছোট মেয়ে একটি ছোট মেয়ে একটি ছোট মেয়ে একটি ছোট,0.02499999999375,0.1111111109876543,0.04081632351520222,0.04081632351520222,0.0,0.04081632351520222,0,0,0.19548872180451127,0.09090909082644627
3423.png,একজন পুরুষ দাড়িয়ে আছে।,0.249999999375,0.12499999984374999,0.16666666194444454,0.16666666194444454,0.0,0.16666666194444454,0,0,0.36363636363636365,0.09090909082644627
1033767085.jpg,একটি ছেলে একটি <unk>,0.7499999981250001,0.19999999986666667,0.31578947002770086,0.31578947002770086,0.0,0.31578947002770086,0,0,0.4,0.14285714275510203
2795287622_da187a3e86.jpg,একটি ছেলে একটি পুকুরে লাফ দিচ্ছে,0.49999999916666665,0.3333333329629629,0.3999999946666667,0.3999999946666667,0.15384614887573977,0.3999999946666667,0,0,0.5238095238095238,0.2727272724793388
3192069971_83c5a90b4c.jpg,একটি শিশু একটি গাড়ির পাশে বসে আছে,0.4285714279591837,0.29999999969999996,0.35294117121107266,0.35294117121107266,0.13333332835555572,0.35294117121107266,0,0,0.45945945945945943,0.23076923059171597
3724759125_2dc0e1f4a3.jpg,একটি ছেলে একটি <unk> <unk>,0.7999999984,0.4444444439506172,0.5714285660204083,0.5714285660204083,0.16666666194444454,0.5714285660204083,0,0,0.4411764705882353,0.37499999953124996
2998861375_02817e0147.jpg,একজন লোক একটি <unk> <unk> <unk> <unk> <unk> <unk> <unk> <unk> <unk> <unk> <unk> <unk> <unk> <unk> <unk> <unk> <unk> <unk> <unk> <unk> <unk> <unk> <unk> <unk> <unk> <unk> <unk> <unk> <unk> <unk> <unk> <unk> <unk> <unk> <unk> <unk> <unk>,0.02499999999375,0.1999999996,0.0444444424493828,0.0444444424493828,0.0,0.0444444424493828,0,0,0.0691823899371069,0.12499999984374999
3203742047_6a55065411.jpg,একজন লোক একটি বরফের মধ্যে একটি বরফের মধ্যে একটি বরফের মধ্যে একটি বরফের মধ্যে একটি বরফের মধ্যে একটি বরফের মধ্যে একটি বরফের মধ্যে একটি বরফের মধ্যে একটি বরফের মধ্যে একটি বরফের মধ্যে একটি বরফের মধ্যে একটি বরফের মধ্যে একটি বরফের,0.07499999998125,0.37499999953124996,0.12499999717013895,0.12499999717013895,0.043478258270321514,0.08333333052083343,0,0,0.18604651162790697,0.29999999969999996
7570.png,একজন নারী আছে।,0.6666666644444444,0.2857142853061225,0.39999999500000005,0.39999999500000005,0.0,0.39999999500000005,0,0,0.4,0.24999999968749997
1098.png,কয়েকজন পুরুষ বসে আছে।,0.7499999981250001,0.3333333329629629,0.4615384565680474,0.4615384565680474,0.0,0.3076923029585799,0,0,0.34285714285714286,0.29999999969999996
3406409018_03de95181e.jpg,একজন হকি খেলোয়াড়,0.3333333322222222,0.3333333322222222,0.33333332722222225,0.33333332722222225,0.16666666361111113,0.33333332722222225,0,0,0.6666666666666667,0.1999999996
7602.png,একজন পুরুষ বসে আছে।,0.49999999875,0.33333333277777777,0.3999999944,0.3999999944,0.1999999954000001,0.3999999944,0,0,0.4347826086956522,0.24999999968749997
4094.png,কয়েকজন মানুষ দাড়িয়ে আছে।,0.49999999875,0.2222222219753086,0.3076923029585799,0.3076923029585799,0.18181817752066123,0.3076923029585799,0,0,0.3529411764705882,0.18181818165289254
2568417021_afa68423e5.jpg,একটি ছেলে একটি <unk>,0.9999999975,0.3333333330555555,0.49999999562499997,0.49999999562499997,0.18181817752066123,0.37499999578125004,0,0,0.34782608695652173,0.29999999969999996
312156254_ef31dca5ed.jpg,একটি কুকুর একটি কুকুর খেলছে,0.5999999988,0.24999999979166665,0.3529411719031142,0.3529411719031142,0.13333332924444455,0.3529411719031142,0,0,0.45833333333333337,0.24999999968749997
3522989916_f20319cc59.jpg,একটি কুকুর একটি কুকুর খেলছে,0.7999999984,0.28571428551020406,0.4210526272576178,0.4210526272576178,0.0,0.4210526272576178,0,0,0.631578947368421,0.33333333277777777
2053006423_6adf69ca67.jpg,একজন পুরুষ একটি নৌকা থেকে দূরে পাহাড় থেকে দূরে পাহাড় থেকে দূরে পাহাড় থেকে দূরে পাহাড় থেকে দূরে পাহাড় থেকে দূরে পাহাড় থেকে দূরে পাহাড় থেকে দূরে পাহাড় থেকে দূরে পাহাড় থেকে দূরে পাহাড় থেকে দূরে পাহাড় থেকে দূরে পাহাড়,0.0499999999875,0.1999999998,0.07999999676800014,0.07999999676800014,0.0,0.07999999676800014,0,0,0.20740740740740737,0.13333333324444444
3302.png,একটি নৌকায় কয়েকজন মানুষ আছে।,0.7999999984,0.3636363633057851,0.499999995078125,0.499999995078125,0.14285713857142868,0.499999995078125,0,0,0.475,0.3999999996
1394368714_3bc7c19969.jpg,একটি <unk> <unk>,0.3333333322222222,0.08333333326388888,0.1333333299555556,0.1333333299555556,0.0,0.1333333299555556,0,0,0.21052631578947367,0.07692307686390532
9052.png,একজন পুরুষ দাড়িয়ে আছে।,0.49999999875,0.49999999875,0.4999999937500001,0.4999999937500001,0.33333332722222225,0.4999999937500001,0,0,0.75,0.33333333277777777
2934801096_230ae78d7e.jpg,একজন পুরুষ দাড়িয়ে আছে,0.7499999981250001,0.24999999979166665,0.37499999578125004,0.37499999578125004,0.14285713928571436,0.37499999578125004,0,0,0.36,0.24999999979166665
210686241_b8e069fff3.jpg,একজন পুরুষ দাড়িয়ে আছে,0.249999999375,0.07692307686390532,0.11764705508650528,0.11764705508650528,0.0,0.11764705508650528,0,0,0.33333333333333337,0.07142857137755101
3591462960_86045906bd.jpg,একটি কালো কুকুর একটি <unk>,0.3999999992,0.2222222219753086,0.2857142807142858,0.2857142807142858,0.0999999967000001,0.2857142807142858,0,0,0.2857142857142857,0.18181818165289254
IMG_2416.JPG,একদল লোক টি,0.3333333322222222,0.249999999375,0.28571428000000004,0.28571428000000004,0.0,0.28571428000000004,0,0,0.33333333333333337,0.16666666638888888
3530342993_a4a1f0e516.jpg,একজন লোক একটি সাইকেল নিয়ে একটি কৌশল দেখাচ্ছে,0.37499999953124996,0.21428571413265304,0.2727272678512397,0.2727272678512397,0.0,0.2727272678512397,0,0,0.5142857142857142,0.16666666657407406
460350019_af60511a3b.jpg,একটি কুকুর একটি কুকুর খেলছে,0.5999999988,0.49999999916666665,0.5454545395041324,0.5454545395041324,0.4444444385185186,0.5454545395041324,0,0,0.7,0.49999999916666665
2272426567_9e9fb79db0.jpg,একটি কুকুর বরফের মধ্যে দৌড়াচ্ছে,0.3999999992,0.3999999992,0.39999999420000004,0.39999999420000004,0.2499999943750001,0.39999999420000004,0,0,0.5714285714285714,0.24999999968749997
2720.png,একজন নারী ও একজন নারী ও একজন নারী ও একজন নারী ও একজন নারী ও একজন নারী ও একজন নারী ও একজন নারী ও একজন নারী ও একজন নারী ও একজন নারী ও একজন নারী ও একজন নারী ও একজন,0.0499999999875,0.33333333277777777,0.08695651943289232,0.08695651943289232,0.045454543419421574,0.08695651943289232,0,0,0.19402985074626866,0.2857142853061225
2907073768_08fd7bdf60.jpg,একজন লোক একটি সাইকেল নিয়ে লাফ দিচ্ছে,0.7142857132653061,0.49999999949999996,0.5882352885813149,0.5882352885813149,0.2666666615111111,0.4705882298961938,0,0,0.6,0.41666666631944443
5803.png,একজন পুরুষ ছাতা নিয়ে দাড়িয়ে আছে।,0.33333333277777777,0.49999999875,0.3999999944,0.3999999944,0.24999999468750006,0.3999999944,0,0,0.5714285714285714,0.24999999968749997
2378149488_648e5deeac.jpg,একটি শিশু একটি শিশু একটি <unk> <unk> <unk> <unk> <unk> <unk> <unk> <unk> <unk> <unk> <unk> <unk> <unk> <unk> <unk> <unk> <unk> <unk> <unk> <unk> <unk> <unk> <unk> <unk> <unk> <unk> <unk> <unk> <unk> <unk> <unk> <unk> <unk> <unk> <unk>,0.07499999998125,0.29999999969999996,0.11999999675200007,0.11999999675200007,0.0,0.07999999676800014,0,0,0.10191082802547768,0.1999999998
2502835694_4fe121bbea.jpg,একদল লোক একটি ভবনের সামনে দাঁড়িয়ে আছে,0.571428570612245,0.571428570612245,0.5714285656122451,0.5714285656122451,0.4999999941666667,0.5714285656122451,0,0,0.7777777777777778,0.3999999996
2739331794_4ae78f69a0.jpg,একটি মোটরসাইকেল চালক একটি মোটরসাইকেলে বসে আছে,0.2857142853061225,0.3999999992,0.33333332791666676,0.33333332791666676,0.1999999948000001,0.33333332791666676,0,0,0.5757575757575757,0.2222222219753086
2751.png,একজন মহিলা এবং একজন মহিলা এবং একজন মহিলা এবং একজন মহিলা এবং একজন মহিলা এবং একজন মহিলা এবং একজন মহিলা এবং একজন মহিলা এবং একজন মহিলা এবং একজন মহিলা এবং একজন মহিলা এবং একজন মহিলা এবং একজন মহিলা এবং একজন,0.0,0.0,0.0,0.0,0.0,0.0,0,0,0.10624999999999996,0.0
5565.png,একজন নারী আছে।,0.9999999966666667,0.7499999981250001,0.8571428497959185,0.8571428497959185,0.39999999360000005,0.8571428497959185,0,0,0.7142857142857143,0.7499999981250001
1718.png,একজন নারী ও একজন পুরুষ ও একজন পুরুষ ও একজন পুরুষ ও একজন পুরুষ ও একজন পুরুষ ও একজন পুরুষ ও একজন পুরুষ ও একজন পুরুষ ও একজন পুরুষ ও একজন পুরুষ ও একজন পুরুষ ও একজন পুরুষ ও একজন,0.0499999999875,0.24999999968749997,0.08333333052083343,0.08333333052083343,0.043478258270321514,0.08333333052083343,0,0,0.2465753424657534,0.2222222219753086
14.png,একজন পুরুষ বসে আছে।,0.49999999875,0.124999999921875,0.1999999966,0.1999999966,0.0,0.0999999967000001,0,0,0.17741935483870963,0.13333333324444444
5979.png,একটি ছেলে একটি শিশু একটি শিশু একটি শিশু একটি শিশু একটি শিশু একটি শিশু একটি শিশু একটি শিশু একটি শিশু একটি শিশু একটি শিশু একটি শিশু একটি শিশু একটি শিশু একটি শিশু একটি শিশু একটি শিশু একটি শিশু একটি শিশু,0.02499999999375,0.249999999375,0.04545454378099179,0.04545454378099179,0.0,0.04545454378099179,0,0,0.07194244604316546,0.16666666638888888
7889.png,একজন পুরুষ বসে আছে।,0.49999999875,0.15384615372781063,0.2352941137716263,0.2352941137716263,0.0,0.2352941137716263,0,0,0.21568627450980393,0.15384615372781063
1379026456_153fd8b51b.jpg,একজন পুরুষ বসে আছে,0.49999999875,0.24999999968749997,0.33333332833333335,0.33333332833333335,0.1999999954000001,0.33333332833333335,0,0,0.33333333333333337,0.1999999998
3014546644_d53db746ec.jpg,একটি কুকুর একটি ফ্রিসবি নিয়ে দৌড়াচ্ছে,0.49999999916666665,0.49999999916666665,0.4999999941666667,0.4999999941666667,0.2222222167901236,0.4999999941666667,0,0,0.6666666666666667,0.37499999953124996
3784.png,একটি শিশু একটি ফ্রিসবি ধরার চেষ্টা করছে,0.14285714265306124,0.0999999999,0.11764705384083066,0.11764705384083066,0.0,0.11764705384083066,0,0,0.34375,0.06666666662222222
3268191118_ba25fabab6.jpg,একজন লোক একটি স্কেটবোর্ড কৌশল দেখাচ্ছে,0.6666666655555555,0.4444444439506172,0.5333333278222222,0.5333333278222222,0.3076923024852071,0.5333333278222222,0,0,0.6363636363636364,0.3636363633057851
5261.png,একজন পুরুষ মাথায় <unk>,0.49999999875,0.49999999875,0.4999999937500001,0.4999999937500001,0.33333332722222225,0.4999999937500001,0,0,0.6875,0.33333333277777777
5083.png,একটি সেতুর উপর দিয়ে হেঁটে যাচ্ছে,0.16666666638888888,0.3333333322222222,0.2222222172839507,0.2222222172839507,0.0,0.2222222172839507,0,0,0.23809523809523814,0.12499999984374999
1394927474_0afdd82fc4.jpg,একটি বিশাল <unk> <unk> <unk> <unk> <unk> <unk> <unk> <unk>,0.29999999969999996,0.23076923059171597,0.2608695600756144,0.2608695600756144,0.09999999495000023,0.181818176694215,0,0,0.29166666666666663,0.24999999979166665
1804.png,একজন পুরুষ একটি শিশু একটি শিশু আছে।,0.4285714279591837,0.2727272724793388,0.33333332820987654,0.33333332820987654,0.12499999515625017,0.33333332820987654,0,0,0.4390243902439024,0.29999999969999996
2735979477_eef7c680f9.jpg,একটি কুকুর একটি কুকুর খেলছে,0.3999999992,0.3999999992,0.39999999420000004,0.39999999420000004,0.0,0.39999999420000004,0,0,0.631578947368421,0.33333333277777777
2971211296_2587c3924d.jpg,লাল সাদা জামা পরা একজন ফুটবল খেলোয়াড় বল নিয়ে দৌড়াচ্ছে,0.49999999949999996,0.7142857132653061,0.5882352885813149,0.5882352885813149,0.2666666615111111,0.5882352885813149,0,0,0.5135135135135135,0.41666666631944443
3036.png,একজন নারী মাথায় <unk> <unk> <unk> <unk>,0.2857142853061225,0.33333333277777777,0.3076923022485208,0.3076923022485208,0.1818181765289258,0.3076923022485208,0,0,0.2564102564102564,0.24999999968749997
3963.png,এক ব্যক্তি একটি স্কেটবোর্ড চালাচ্ছে,0.1999999996,0.249999999375,0.2222222167901236,0.2222222167901236,0.0,0.2222222167901236,0,0,0.30434782608695654,0.12499999984374999
123997871_6a9ca987b1.jpg,একজন পুরুষ ও একজন পুরুষ ও একজন পুরুষ ও একজন পুরুষ ও একজন পুরুষ ও একজন পুরুষ ও একজন পুরুষ ও একজন পুরুষ ও একজন পুরুষ ও একজন পুরুষ ও একজন পুরুষ ও একজন পুরুষ ও একজন পুরুষ ও একজন,0.0,0.0,0.0,0.0,0.0,0.0,0,0,0.1768707482993197,0.0
6512.png,একটি শিশু আছে।,0.9999999966666667,0.9999999966666667,0.9999999916666666,0.9999999916666666,0.9999999900000001,0.9999999916666666,1,1,1.0,0.9999999966666667
4197.png,একজন নারী দাড়িয়ে আছে।,0.49999999875,0.1999999998,0.28571428122448983,0.28571428122448983,0.0,0.28571428122448983,0,0,0.38095238095238093,0.16666666652777776
3674565156_14d3b41450.jpg,একটি মেয়ে একটি <unk> <unk> <unk> <unk> <unk> <unk> <unk> <unk> <unk> <unk> <unk> <unk> <unk> <unk> <unk> <unk> <unk> <unk> <unk> <unk> <unk> <unk> <unk> <unk> <unk> <unk> <unk> <unk> <unk> <unk> <unk> <unk> <unk> <unk> <unk> <unk> <unk>,0.07499999998125,0.16666666657407406,0.10344827154577901,0.10344827154577901,0.03571428147321478,0.06896551293698006,0,0,0.15189873417721522,0.11764705875432525
1188.png,একজন পুরুষ দাড়িয়ে আছে।,0.7499999981250001,0.3333333329629629,0.4615384565680474,0.4615384565680474,0.18181817752066123,0.4615384565680474,0,0,0.4,0.3333333329629629
3225310099_d8e419ba56.jpg,একটি নৌকায় কয়েকজন মানুষ আছে।,0.5999999988,0.149999999925,0.239999996608,0.239999996608,0.0,0.16666666152777793,0,0,0.33333333333333337,0.149999999925
1985.png,একটি নৌকা দেখা যাচ্ছে।,0.0,0.0,0.0,0.0,0.0,0.0,0,0,0.19999999999999996,0.0
2866093652_aa717eb9ce.jpg,একজন লোক একটি <unk>,0.49999999875,0.2857142853061225,0.36363635834710756,0.36363635834710756,0.0,0.36363635834710756,0,0,0.4,0.2222222219753086
2935986346_29df6cf692.jpg,একটি কুকুর একটি কালো কুকুর একটি <unk>,0.4285714279591837,0.4285714279591837,0.42857142295918377,0.42857142295918377,0.1999999948000001,0.42857142295918377,0,0,0.42307692307692313,0.37499999953124996
916.png,কয়েকজন মানুষ আছে।,0.6666666644444444,0.49999999875,0.5714285648979592,0.5714285648979592,0.0,0.5714285648979592,0,0,0.5,0.3999999992
8397.png,একজন বাচ্চা মেয়ে বসে আছে।,0.1999999996,0.16666666638888888,0.1818181765289258,0.1818181765289258,0.0,0.1818181765289258,0,0,0.30434782608695654,0.0999999999
2662.png,একজন পুরুষ দাড়িয়ে আছে।,0.7499999981250001,0.5999999988,0.6666666602469137,0.6666666602469137,0.28571428000000004,0.6666666602469137,0,0,0.5,0.49999999916666665
608257195_6ec6f48e37.jpg,একজন সাইকেল চালক একটি সাইকেল চালাচ্ছে,0.49999999916666665,0.37499999953124996,0.4285714230612245,0.4285714230612245,0.19999999460000012,0.4285714230612245,0,0,0.46875,0.29999999969999996
2930622766_fa8f84deb1.jpg,কয়েকজন পুরুষ দাড়িয়ে আছে।,0.49999999875,0.14285714275510203,0.22222221851851853,0.22222221851851853,0.0,0.22222221851851853,0,0,0.3571428571428571,0.15384615372781063
2689.png,কয়েকজন পুরুষ দাড়িয়ে আছে।,0.0,0.0,0.0,0.0,0.0,0.0,0,0,0.30000000000000004,0.0
949.png,একজন পুরুষ দাড়িয়ে আছে।,0.0,0.0,0.0,0.0,0.0,0.0,0,0,0.19999999999999996,0.0
5486.png,একজন পুরুষ দাড়িয়ে আছে,0.49999999875,0.6666666644444444,0.5714285648979592,0.5714285648979592,0.39999999360000005,0.5714285648979592,0,0,0.7333333333333334,0.3999999992
2187904131_96ea83b9b5.jpg,বরফের পাহাড়ে স্কিইং করছে,0.249999999375,0.1999999996,0.2222222167901236,0.2222222167901236,0.0,0.2222222167901236,0,0,0.5882352941176471,0.12499999984374999
7237.png,একজন পুরুষ দাড়িয়ে আছে।,0.49999999875,0.33333333277777777,0.3999999944,0.3999999944,0.0,0.3999999944,0,0,0.5238095238095238,0.24999999968749997
4837.png,একটি নৌকায় কয়েকজন মানুষ আছে।,0.0,0.0,0.0,0.0,0.0,0.0,0,0,0.23529411764705888,0.0
6282.png,একজন নারী মাথায় <unk> <unk> <unk> <unk> <unk> <unk> <unk> <unk> <unk> <unk> <unk> <unk> <unk> <unk> <unk> <unk> <unk> <unk> <unk> <unk> <unk> <unk> <unk> <unk> <unk> <unk> <unk> <unk> <unk> <unk> <unk> <unk> <unk> <unk> <unk> <unk> <unk>,0.07499999998125,0.2727272724793388,0.11764705539407928,0.11764705539407928,0.0,0.07843136913494825,0,0,0.10691823899371067,0.24999999979166665
3697378565_7060d9281a.jpg,কয়েকজন মানুষ আছে।,0.3333333322222222,0.12499999984374999,0.18181817752066123,0.18181817752066123,0.0,0.18181817752066123,0,0,0.3548387096774194,0.0999999999
9041.png,একজন পুরুষ দাড়িয়ে আছে।,0.249999999375,0.14285714265306124,0.1818181768595043,0.1818181768595043,0.0,0.1818181768595043,0,0,0.25,0.0999999999
3198231851_6b1727482b.jpg,একটি কুকুর একটি কুকুর খেলছে,0.3999999992,0.33333333277777777,0.36363635801652905,0.36363635801652905,0.0,0.36363635801652905,0,0,0.5,0.2857142853061225
9026.png,একজন পুরুষ ও একজন পুরুষ ও একজন পুরুষ ও একজন পুরুষ ও একজন পুরুষ ও একজন পুরুষ ও একজন পুরুষ ও একজন পুরুষ ও একজন পুরুষ ও একজন পুরুষ ও একজন পুরুষ ও একজন পুরুষ ও একজন পুরুষ ও একজন,0.02499999999375,0.3333333322222222,0.04651162658734455,0.04651162658734455,0.0,0.04651162658734455,0,0,0.11564625850340138,0.1999999996
3421480658_b3518b6819.jpg,একটি শিশু একটি সাদা বিড়ালটি একটি <unk>,0.4285714279591837,0.37499999953124996,0.3999999944888889,0.3999999944888889,0.12499999515625017,0.3999999944888889,0,0,0.5357142857142857,0.1999999998
538.png,একজন পুরুষ মাথায় <unk>,0.249999999375,0.249999999375,0.2499999943750001,0.2499999943750001,0.0,0.2499999943750001,0,0,0.5,0.14285714265306124
2956895529_ec6275060e.jpg,একজন লোক একটি কৌশল দেখাচ্ছে,0.5999999988,0.29999999969999996,0.39999999502222217,0.39999999502222217,0.3076923029585799,0.39999999502222217,0,0,0.5,0.24999999979166665
6658.png,কয়েকজন পুরুষ দাড়িয়ে আছে,0.7499999981250001,0.37499999953124996,0.49999999472222234,0.49999999472222234,0.39999999500000005,0.49999999472222234,0,0,0.5161290322580645,0.4285714279591837
431.png,একজন নারী বসে আছে।,0.249999999375,0.14285714265306124,0.1818181768595043,0.1818181768595043,0.0,0.1818181768595043,0,0,0.2666666666666667,0.0999999999
3085667865_fa001816be.jpg,একটি শিশু একটি নৌকা থেকে লাফ দিচ্ছে,0.14285714265306124,0.16666666638888888,0.15384614863905344,0.15384614863905344,0.0,0.15384614863905344,0,0,0.34782608695652173,0.09090909082644627
2592019072_a6c0090da4.jpg,একটি মেয়ে একটি ফ্রিসবি ধরার চেষ্টা করছে,0.2857142853061225,0.1999999998,0.23529411252595167,0.23529411252595167,0.0,0.23529411252595167,0,0,0.37037037037037035,0.0999999999
434792818_56375e203f.jpg,একটি শিশু একটি <unk> <unk> <unk> <unk> <unk> <unk> <unk> <unk> <unk> <unk> <unk> <unk> <unk> <unk> <unk> <unk> <unk> <unk> <unk> <unk> <unk> <unk> <unk> <unk> <unk> <unk> <unk> <unk> <unk> <unk> <unk> <unk> <unk> <unk> <unk> <unk> <unk>,0.0499999999875,0.2222222219753086,0.08163265002915464,0.08163265002915464,0.0,0.08163265002915464,0,0,0.09493670886075944,0.12499999984374999
5496.png,একজন পুরুষ দাড়িয়ে আছে।,0.7499999981250001,0.37499999953124996,0.49999999472222234,0.49999999472222234,0.1999999954000001,0.49999999472222234,0,0,0.4193548387096774,0.3333333329629629
5543.png,কয়েকজন পুরুষ একসাথে বসে আছে,0.1999999996,0.3333333322222222,0.24999999468750006,0.24999999468750006,0.0,0.24999999468750006,0,0,0.5,0.14285714265306124
640203018_c0e7175831.jpg,এক ব্যক্তি একটি <unk> <unk> <unk> <unk>,0.2857142853061225,0.18181818165289254,0.22222221722222232,0.22222221722222232,0.12499999515625017,0.22222221722222232,0,0,0.3589743589743589,0.15384615372781063
2949014128_0d96196261.jpg,একটি ছেলে একটি ফুটবল খেলছে,0.3999999992,0.16666666652777776,0.23529411321799312,0.23529411321799312,0.0,0.23529411321799312,0,0,0.42105263157894735,0.14285714275510203
3155451946_c0862c70cb.jpg,একজন বাস্কেটবল খেলোয়াড় বল নিয়ে দাঁড়িয়ে আছে,0.2857142853061225,0.2857142853061225,0.28571428030612256,0.28571428030612256,0.12499999515625017,0.28571428030612256,0,0,0.5675675675675675,0.16666666652777776
6035.png,একজন পুরুষ ছাতা নিয়ে দাড়িয়ে আছে।,0.33333333277777777,0.2222222219753086,0.2666666615111111,0.2666666615111111,0.0,0.2666666615111111,0,0,0.4375,0.15384615372781063
7111.png,একজন পুরুষ বসে আছে।,0.9999999975,0.4444444439506172,0.6153846101775148,0.6153846101775148,0.5454545404958677,0.6153846101775148,0,0,0.4,0.49999999937499995
370713359_7560808550.jpg,একজন লোক খাবার খাচ্ছে,0.249999999375,0.1999999996,0.2222222167901236,0.2222222167901236,0.0,0.2222222167901236,0,0,0.33333333333333337,0.12499999984374999
5617.png,একজন পুরুষ দাড়িয়ে আছে।,0.249999999375,0.0999999999,0.14285713857142868,0.14285713857142868,0.0,0.14285713857142868,0,0,0.33333333333333337,0.07692307686390532
1418266617_b32143275b.jpg,একটি কুকুর একটি কুকুর,0.7499999981250001,0.23076923059171597,0.35294117245674744,0.35294117245674744,0.0,0.35294117245674744,0,0,0.3571428571428571,0.2222222219753086
3189964753_a95536ced9.jpg,একদল লোক একটি <unk>,0.249999999375,0.12499999984374999,0.16666666194444454,0.16666666194444454,0.0,0.16666666194444454,0,0,0.3666666666666667,0.09090909082644627
4638.png,একজন পুরুষ দাড়িয়ে আছে।,0.249999999375,0.14285714265306124,0.1818181768595043,0.1818181768595043,0.0,0.1818181768595043,0,0,0.2692307692307693,0.1111111109876543
8869.png,একজন পুরুষ ছাতা নিয়ে যাচ্ছে।,0.3999999992,0.15384615372781063,0.22222221796296296,0.22222221796296296,0.0,0.22222221796296296,0,0,0.38888888888888884,0.124999999921875
6546.png,একজন পুরুষ দাড়িয়ে আছে।,0.249999999375,0.14285714265306124,0.1818181768595043,0.1818181768595043,0.0,0.1818181768595043,0,0,0.33333333333333337,0.0999999999
1248953128_24c9f8d924.jpg,একটি শিশু একটি ফুটবলে লাথি মারছে,0.16666666638888888,0.12499999984374999,0.1428571377551022,0.1428571377551022,0.0,0.1428571377551022,0,0,0.43333333333333335,0.08333333326388888
3522349685_f046f0e250.jpg,একজন নারী ও একটি মেয়ে একটি <unk>,0.2857142853061225,0.2222222219753086,0.24999999476562512,0.24999999476562512,0.0,0.24999999476562512,0,0,0.28125,0.15384615372781063
191003285_edd8d0cf58.jpg,এক মহিলা একটি টেবিল এ বসে আছে,0.2857142853061225,0.24999999968749997,0.2666666613333334,0.2666666613333334,0.0,0.2666666613333334,0,0,0.5357142857142857,0.15384615372781063
5812.png,একজন পুরুষ মাথায় <unk>,0.49999999875,0.33333333277777777,0.3999999944,0.3999999944,0.24999999468750006,0.3999999944,0,0,0.5,0.24999999968749997
5847.png,একজন পুরুষ বসে আছে।,0.7499999981250001,0.37499999953124996,0.49999999472222234,0.49999999472222234,0.39999999500000005,0.49999999472222234,0,0,0.5,0.3333333329629629
381976882_0063d16d88.jpg,একটি কুকুর একটি কুকুর একটি কুকুর একটি কুকুর একটি কুকুর একটি কুকুর একটি কুকুর একটি কুকুর একটি কুকুর একটি কুকুর একটি কুকুর একটি কুকুর একটি কুকুর একটি কুকুর একটি কুকুর একটি কুকুর একটি কুকুর একটি কুকুর একটি কুকুর একটি কুকুর,0.0499999999875,0.24999999968749997,0.08333333052083343,0.08333333052083343,0.043478258270321514,0.08333333052083343,0,0,0.11949685534591192,0.24999999968749997
8451.png,একজন পুরুষ দাড়িয়ে আছে।,0.49999999875,0.6666666644444444,0.5714285648979592,0.5714285648979592,0.0,0.5714285648979592,0,0,0.6,0.3999999992
8630.png,একটি গরু নিয়ে যাচ্ছে।,0.249999999375,0.16666666638888888,0.1999999948000001,0.1999999948000001,0.0,0.1999999948000001,0,0,0.303030303030303,0.1111111109876543
5698.png,একটি শিশু দাড়িয়ে আছে।,0.49999999875,0.49999999875,0.4999999937500001,0.4999999937500001,0.33333332722222225,0.4999999937500001,0,0,0.6923076923076923,0.33333333277777777
146.png,একজন পুরুষ বসে আছে।,0.7499999981250001,0.49999999916666665,0.5999999940000001,0.5999999940000001,0.24999999468750006,0.5999999940000001,0,0,0.5217391304347826,0.4285714279591837
6107.png,একটি নৌকা দেখা যাচ্ছে।,0.0,0.0,0.0,0.0,0.0,0.0,0,0,0.20833333333333337,0.0
2836325261_a3bf5c59be.jpg,একজন নারী ও একজন মহিলা একটি <unk>,0.4285714279591837,0.2727272724793388,0.33333332820987654,0.33333332820987654,0.24999999500000003,0.33333332820987654,0,0,0.3846153846153846,0.21428571413265304
3357.png,কয়েকজন মানুষ দাড়িয়ে আছে।,0.49999999875,0.49999999875,0.4999999937500001,0.4999999937500001,0.33333332722222225,0.4999999937500001,0,0,0.7058823529411764,0.33333333277777777
1067180831.jpg,একটি কুকুর একটি ফ্রিসবি ধরার জন্য লাফ দিচ্ছে,0.49999999937499995,0.571428570612245,0.5333333276444445,0.5333333276444445,0.3076923022485208,0.5333333276444445,0,0,0.6451612903225806,0.3333333330555555
3616846215_d61881b60f.jpg,একজন পুরুষ দাড়িয়ে আছে।,0.249999999375,0.09090909082644627,0.13333332924444455,0.13333332924444455,0.0,0.13333332924444455,0,0,0.3157894736842105,0.07142857137755101
2711720095_0b98426d3c.jpg,একজন লোক,0.4999999975,0.249999999375,0.33333332777777785,0.33333332777777785,0.18181817983471074,0.33333332777777785,0,0,0.4666666666666667,0.1999999996
3222842866_cb85243ce4.jpg,একটি কুকুর একটি কুকুর খেলছে,0.3999999992,0.3999999992,0.39999999420000004,0.39999999420000004,0.0,0.39999999420000004,0,0,0.5,0.33333333277777777
3496028495_431cfdc042.jpg,একটি কুকুর একটি কুকুর সাঁতার কাটছে,0.6666666655555555,0.4444444439506172,0.5333333278222222,0.5333333278222222,0.3076923024852071,0.5333333278222222,0,0,0.5625,0.4444444439506172
3595398879_13e33b8916.jpg,একজন পুরুষ একটি শিশু বসে আছে,0.33333333277777777,0.14285714275510203,0.19999999560000006,0.19999999560000006,0.0,0.13333332835555572,0,0,0.30000000000000004,0.1111111110493827
6374.png,একজন মহিলা বসে আছে।,0.249999999375,0.14285714265306124,0.1818181768595043,0.1818181768595043,0.0,0.1818181768595043,0,0,0.375,0.0999999999
3498240367_cbd8c6efbf.jpg,একজন পুরুষ বসে আছে।,0.0,0.0,0.0,0.0,0.0,0.0,0,0,0.30434782608695654,0.0
3259757648_71edb4347b.jpg,একটি কুকুর একটি ফ্রিসবি ধরার চেষ্টা করছে,0.4285714279591837,0.4285714279591837,0.42857142295918377,0.42857142295918377,0.3333333277777778,0.42857142295918377,0,0,0.5714285714285714,0.1999999998
5096.png,কয়েকজন পুরুষ ও অনেকগুলো মানুষ আছে।,0.49999999916666665,0.7499999981250001,0.5999999940000001,0.5999999940000001,0.49999999406250006,0.5999999940000001,0,0,0.5833333333333333,0.4285714279591837
965.png,একটি শিশু একটি <unk> <unk>,0.1999999996,0.16666666638888888,0.1818181765289258,0.1818181765289258,0.0,0.1818181765289258,0,0,0.33333333333333337,0.12499999984374999
6694.png,এক ব্যক্তি একটি <unk> <unk>,0.0,0.0,0.0,0.0,0.0,0.0,0,0,0.2142857142857143,0.0
9080.png,একজন পুরুষ একটি নৌকা থেকে <unk>,0.16666666638888888,0.3333333322222222,0.2222222172839507,0.2222222172839507,0.0,0.2222222172839507,0,0,0.2727272727272727,0.12499999984374999
8106.png,একজন পুরুষ বসে আছে।,0.49999999875,0.49999999875,0.4999999937500001,0.4999999937500001,0.33333332722222225,0.4999999937500001,0,0,0.5,0.33333333277777777
5779.png,একজন পুরুষ দাড়িয়ে আছে।,0.49999999875,0.33333333277777777,0.3999999944,0.3999999944,0.24999999468750006,0.3999999944,0,0,0.45833333333333337,0.24999999968749997
3288839246_fdb00395ae.jpg,একজন লোক একটি পাথরে আরোহণ করছে,0.49999999916666665,0.3333333329629629,0.3999999946666667,0.3999999946666667,0.15384614887573977,0.3999999946666667,0,0,0.5416666666666667,0.24999999979166665
3519.png,একজন পুরুষ বসে আছে।,0.49999999875,0.3999999992,0.4444444385185186,0.4444444385185186,0.28571428000000004,0.4444444385185186,0,0,0.6111111111111112,0.2857142853061225
2925577165_b83d31a7f6.jpg,একটি সেতুর উপর দিয়ে যাচ্ছে,0.1999999996,0.249999999375,0.2222222167901236,0.2222222167901236,0.0,0.2222222167901236,0,0,0.5,0.124999999921875
7926.png,একজন পুরুষ দাড়িয়ে আছে।,0.249999999375,0.1999999996,0.2222222167901236,0.2222222167901236,0.0,0.2222222167901236,0,0,0.42105263157894735,0.12499999984374999
3423509305_e399d005db.jpg,একটি কুকুর একটি কুকুর দৌড়াচ্ছে,0.5999999988,0.4285714279591837,0.4999999943055557,0.4999999943055557,0.1999999948000001,0.4999999943055557,0,0,0.5,0.2857142853061225
617.png,একজন পুরুষ দাড়িয়ে আছে।,0.7499999981250001,0.37499999953124996,0.49999999472222234,0.49999999472222234,0.1999999954000001,0.49999999472222234,0,0,0.5882352941176471,0.3333333329629629
569.png,একজন পুরুষ বসে আছে।,0.49999999875,0.49999999875,0.4999999937500001,0.4999999937500001,0.33333332722222225,0.4999999937500001,0,0,0.6,0.33333333277777777
8558.png,একটি নৌকায় কয়েকজন মানুষ আছে।,0.5999999988,0.49999999916666665,0.5454545395041324,0.5454545395041324,0.2222222167901236,0.5454545395041324,0,0,0.52,0.37499999953124996
3389.png,কয়েকজন মানুষ আছে।,0.3333333322222222,0.06666666662222222,0.1111111082098766,0.1111111082098766,0.0,0.1111111082098766,0,0,0.31818181818181823,0.07692307686390532
IMG_5079.JPG,একজন নারী আছে।,0.0,0.0,0.0,0.0,0.0,0.0,0,0,0.2777777777777778,0.0
_MG_3770.JPG,লোকটির মুখে মোজ,0.3333333322222222,0.3333333322222222,0.33333332722222225,0.33333332722222225,0.0,0.33333332722222225,0,0,0.75,0.1999999996
1968.png,একজন পুরুষ বসে আছে।,0.9999999975,0.9999999975,0.9999999925,0.9999999925,0.9999999916666666,0.9999999925,1,1,1.0,0.9999999975
564.png,একজন পুরুষ বসে আছে।,0.249999999375,0.16666666638888888,0.1999999948000001,0.1999999948000001,0.0,0.1999999948000001,0,0,0.4347826086956522,0.1111111109876543
2632111399_b3c1630f8e.jpg,একজন বেসবল খেলোয়াড় বলে লাথি মারছে,0.16666666638888888,0.0999999999,0.12499999515625017,0.12499999515625017,0.0,0.12499999515625017,0,0,0.33333333333333337,0.07142857137755101
2381102729_12fc4d4c76.jpg,একটি কুকুর একটি কুকুর খেলছে,0.5999999988,0.23076923059171597,0.33333332895061735,0.33333332895061735,0.1249999960937501,0.33333332895061735,0,0,0.4482758620689655,0.1999999998
1312227131_771b5ed201.jpg,একজন পুরুষ দাড়িয়ে আছে।,0.0,0.0,0.0,0.0,0.0,0.0,0,0,0.31818181818181823,0.0
2151056407_c9c09b0a02.jpg,একটি সাদা কুকুর একটি সাদা কুকুর খেলছে,0.571428570612245,0.4444444439506172,0.49999999445312515,0.49999999445312515,0.4285714230612245,0.49999999445312515,0,0,0.5151515151515151,0.3333333329629629
342203384_736946961437121_699889236294303292_n.jpg,একজন বয়স্ক পুরুষ দাড়িয়ে আছে।,0.1999999996,0.14285714265306124,0.16666666152777793,0.16666666152777793,0.0,0.16666666152777793,0,0,0.44999999999999996,0.09090909082644627
40.JPG,একজন পুরুষ দাড়িয়ে আছে,0.49999999875,0.49999999875,0.4999999937500001,0.4999999937500001,0.33333332722222225,0.4999999937500001,0,0,0.6666666666666667,0.33333333277777777
3919.png,একজন নারী আছে।,0.9999999966666667,0.5999999988,0.7499999934375,0.7499999934375,0.33333332777777785,0.7499999934375,0,0,0.5263157894736843,0.5999999988
3353950389_1153d5e452.jpg,একদল লোক একসাথে দাঁড়িয়ে আছে,0.3999999992,0.24999999968749997,0.3076923024852071,0.3076923024852071,0.0,0.3076923024852071,0,0,0.5,0.18181818165289254
3368671163_0171259581.jpg,একটি কুকুর একটি কুকুর দৌড়াচ্ছে,0.5999999988,0.2727272724793388,0.374999995234375,0.374999995234375,0.16666666194444454,0.374999995234375,0,0,0.5,0.1999999998
1685990174_09c4fb7df8.jpg,একদল লোক একটি মাঠে খেলছে,0.3999999992,0.3999999992,0.39999999420000004,0.39999999420000004,0.2499999943750001,0.39999999420000004,0,0,0.4,0.24999999968749997
130211457_be3f6b335d.jpg,একজন মহিলা একটি মেয়ে দাঁড়িয়ে আছে,0.33333333277777777,0.2857142853061225,0.3076923022485208,0.3076923022485208,0.0,0.3076923022485208,0,0,0.5,0.18181818165289254
2315867011_fc5fc9fa6d.jpg,একটি শিশু একটি <unk>,0.249999999375,0.14285714265306124,0.1818181768595043,0.1818181768595043,0.0,0.1818181768595043,0,0,0.21739130434782605,0.12499999984374999
2654.png,একজন মহিলা এবং একজন মহিলা তার মুখে হাত ধরে আছে,0.0999999999,0.14285714265306124,0.11764705384083066,0.11764705384083066,0.0,0.11764705384083066,0,0,0.4571428571428572,0.07142857137755101
4423.png,একটি গাড়ির গাড়ি ও একটি গাড়ির গাড়ি ও একটি গাড়ির গাড়ি ও একটি গাড়ির গাড়ি ও একটি গাড়ির গাড়ি ও একটি গাড়ির গাড়ি ও একটি গাড়ির গাড়ি ও একটি গাড়ির গাড়ি ও একটি গাড়ির গাড়ি ও একটি গাড়ির গাড়ি ও,0.0499999999875,0.2222222219753086,0.08163265002915464,0.08163265002915464,0.0,0.08163265002915464,0,0,0.13953488372093026,0.18181818165289254
6530.png,একজন পুরুষ দাড়িয়ে আছে।,0.0,0.0,0.0,0.0,0.0,0.0,0,0,0.4,0.0
7895.png,একজন পুরুষ বসে আছে।,0.7499999981250001,0.49999999916666665,0.5999999940000001,0.5999999940000001,0.0,0.3999999944,0,0,0.5,0.4285714279591837
6605.png,একজন পুরুষ ও একজন পুরুষ ও একজন পুরুষ দাড়িয়ে আছে,0.1999999998,0.33333333277777777,0.24999999500000003,0.24999999500000003,0.14285713806122466,0.24999999500000003,0,0,0.4864864864864865,0.2222222219753086
3179.png,একজন পুরুষ বসে আছে।,0.249999999375,0.07692307686390532,0.11764705508650528,0.11764705508650528,0.0,0.11764705508650528,0,0,0.3846153846153846,0.0624999999609375
9039.png,সমুদ্রের পারে একজন পুরুষ দাড়িয়ে আছে।,0.49999999916666665,0.5999999988,0.5454545395041324,0.5454545395041324,0.2222222167901236,0.5454545395041324,0,0,0.625,0.37499999953124996
5669.png,একজন পুরুষ ও একজন পুরুষ ও একজন পুরুষ ও একজন পুরুষ ও একজন পুরুষ ও একজন পুরুষ ও একজন পুরুষ ও একজন পুরুষ ও একজন পুরুষ ও একজন পুরুষ ও একজন পুরুষ ও একজন পুরুষ ও একজন পুরুষ ও একজন,0.02499999999375,0.249999999375,0.04545454378099179,0.04545454378099179,0.0,0.04545454378099179,0,0,0.13605442176870752,0.16666666638888888
3324746155_71e14f60ce.jpg,একটি ফুটবল খেলছে,0.6666666644444444,0.2222222219753086,0.3333333290277778,0.3333333290277778,0.19999999640000002,0.3333333290277778,0,0,0.36363636363636365,0.1999999998
894.png,একজন পুরুষ ও একজন পুরুষ ও একজন পুরুষ ও একজন পুরুষ ও একজন পুরুষ ও একজন পুরুষ ও একজন পুরুষ ও একজন পুরুষ ও একজন পুরুষ ও একজন পুরুষ ও একজন পুরুষ ও একজন পুরুষ ও একজন পুরুষ ও একজন,0.12499999996875,0.41666666631944443,0.192307688683432,0.192307688683432,0.1199999965200001,0.192307688683432,0,0,0.24489795918367352,0.3333333329629629
6226.png,একজন পুরুষ ছাতা নিয়ে যাচ্ছে।,0.3999999992,0.14285714275510203,0.21052631168975072,0.21052631168975072,0.11764705508650528,0.21052631168975072,0,0,0.3548387096774194,0.11764705875432525
1244306891_8e78ae1620.jpg,একটি মেয়ে একটি মেয়ে,0.249999999375,0.1999999996,0.2222222167901236,0.2222222167901236,0.0,0.2222222167901236,0,0,0.3529411764705882,0.16666666638888888
6945.png,একটি শিশু একটি শিশু আছে।,0.3999999992,0.49999999875,0.4444444385185186,0.4444444385185186,0.28571428000000004,0.4444444385185186,0,0,0.625,0.3999999992
1363843090_9425d93064.jpg,একটি কুকুর একটি কুকুর খেলছে,0.5999999988,0.29999999969999996,0.39999999502222217,0.39999999502222217,0.1818181768595043,0.39999999502222217,0,0,0.5357142857142857,0.2222222219753086
4012.png,একজন পুরুষ দাড়িয়ে আছে,0.249999999375,0.1111111109876543,0.15384614934911253,0.15384614934911253,0.0,0.15384614934911253,0,0,0.34615384615384615,0.09090909082644627
2244613488_4d1f9edb33.jpg,একজন পুরুষ ও একজন পুরুষ ও একজন পুরুষ ও একজন পুরুষ ও একজন পুরুষ ও একজন পুরুষ ও একজন পুরুষ ও একজন পুরুষ ও একজন পুরুষ ও একজন পুরুষ ও একজন পুরুষ ও একজন পুরুষ ও একজন পুরুষ ও একজন,0.0,0.0,0.0,0.0,0.0,0.0,0,0,0.11564625850340138,0.0
6072.png,একটি নৌকা ও কয়েকজন মানুষ আছে।,0.8333333319444445,0.8333333319444445,0.8333333269444445,0.8333333269444445,0.5999999938,0.8333333269444445,0,0,0.8636363636363636,0.7142857132653061
3395173129_f0ac0a1ed4.jpg,একজন পুরুষ দাড়িয়ে আছে,0.49999999875,0.14285714275510203,0.22222221851851853,0.22222221851851853,0.0,0.1818181768595043,0,0,0.3928571428571429,0.124999999921875
1798209205_77dbf525b0.jpg,একজন মহিলা তার <unk> <unk> <unk> <unk> <unk> <unk> <unk> <unk> <unk> <unk> <unk>,0.14285714275510203,0.3999999992,0.21052631168975072,0.21052631168975072,0.11764705508650528,0.21052631168975072,0,0,0.21818181818181814,0.2857142853061225
5661.png,একজন পুরুষ বসে আছে।,0.49999999875,0.24999999968749997,0.33333332833333335,0.33333332833333335,0.1999999954000001,0.33333332833333335,0,0,0.5,0.1999999998
2613920405_e91e6ebd7a.jpg,একটি গরু নিয়ে যাচ্ছে,0.9999999975,0.4444444439506172,0.6153846101775148,0.6153846101775148,0.36363635900826446,0.6153846101775148,0,0,0.6,0.4444444439506172
7940.png,একজন পুরুষ দাড়িয়ে আছে।,0.7499999981250001,0.23076923059171597,0.35294117245674744,0.35294117245674744,0.1333333299555556,0.35294117245674744,0,0,0.44999999999999996,0.23076923059171597
4074.png,একটি শিশু একটি শিশু কোলে নিয়ে বসে আছে,0.24999999968749997,0.33333333277777777,0.2857142804081633,0.2857142804081633,0.16666666152777793,0.2857142804081633,0,0,0.4,0.1999999998
808.png,কয়েকজন পুরুষ বসে আছে।,0.249999999375,0.16666666638888888,0.1999999948000001,0.1999999948000001,0.0,0.1999999948000001,0,0,0.368421052631579,0.1111111109876543
8737.png,একটি ছোট ছেলে একটি <unk> <unk> <unk>,0.0,0.0,0.0,0.0,0.0,0.0,0,0,0.28,0.0
536537638_f5ee42410b.jpg,একদল লোক একটি <unk> <unk> <unk>,0.16666666638888888,0.14285714265306124,0.15384614863905344,0.15384614863905344,0.0,0.15384614863905344,0,0,0.29166666666666663,0.0999999999
3068735836_872fba3068.jpg,একটি সাইকেল চালাচ্ছে,0.3333333322222222,0.0999999999,0.15384615005917168,0.15384615005917168,0.0,0.15384615005917168,0,0,0.4285714285714286,0.09090909082644627
6695.png,একজন পুরুষ দাড়িয়ে আছে।,0.7499999981250001,0.49999999916666665,0.5999999940000001,0.5999999940000001,0.24999999468750006,0.5999999940000001,0,0,0.5714285714285714,0.49999999916666665
1633.png,একজন পুরুষ বসে আছে।,0.0,0.0,0.0,0.0,0.0,0.0,0,0,0.4285714285714286,0.0
3164347907_2813f8ff0b.jpg,একজন লোক একটি <unk> <unk> <unk> <unk> <unk> <unk> <unk> <unk> <unk> <unk> <unk> <unk> <unk> <unk> <unk> <unk> <unk> <unk> <unk> <unk> <unk> <unk> <unk> <unk> <unk> <unk> <unk> <unk> <unk> <unk> <unk> <unk> <unk> <unk> <unk> <unk> <unk>,0.0499999999875,0.24999999968749997,0.08333333052083343,0.08333333052083343,0.0,0.08333333052083343,0,0,0.10062893081761004,0.1999999998
2578.png,একটি গরু নিয়ে দাড়িয়ে আছে,0.5999999988,0.49999999916666665,0.5454545395041324,0.5454545395041324,0.4444444385185186,0.5454545395041324,0,0,0.40909090909090906,0.37499999953124996
3237760601_5334f3f3b5.jpg,একজন স্কি করছে,0.3333333322222222,0.3333333322222222,0.33333332722222225,0.33333332722222225,0.0,0.33333332722222225,0,0,0.6153846153846154,0.1999999996
541.png,একজন পুরুষ বসে আছে।,0.49999999875,0.15384615372781063,0.2352941137716263,0.2352941137716263,0.0,0.2352941137716263,0,0,0.25,0.14285714275510203
4118.png,একজন নারী আছে।,0.9999999966666667,0.29999999969999996,0.46153845727810655,0.46153845727810655,0.1818181785123967,0.46153845727810655,0,0,0.2941176470588235,0.29999999969999996
460478198_83039f2593.jpg,একটি কুকুর একটি কুকুর খেলছে,0.3999999992,0.6666666644444444,0.49999999406250006,0.49999999406250006,0.33333332777777785,0.49999999406250006,0,0,0.48571428571428577,0.49999999875
741.png,একজন বয়স্ক পুরুষ বসে আছে।,0.7999999984,0.571428570612245,0.6666666606944446,0.6666666606944446,0.1999999948000001,0.6666666606944446,0,0,0.5217391304347826,0.49999999937499995
2183227136_8bb657846b.jpg,একজন মানুষ আছে।,0.3333333322222222,0.16666666638888888,0.2222222172839507,0.2222222172839507,0.0,0.2222222172839507,0,0,0.31999999999999995,0.12499999984374999
5405.png,একটি রাস্তা দিয়ে একজন পুরুষ দাড়িয়ে আছে।,0.2857142853061225,0.33333333277777777,0.3076923022485208,0.3076923022485208,0.1818181765289258,0.3076923022485208,0,0,0.46153846153846156,0.18181818165289254
6930.png,একজন পুরুষ বসে আছে।,0.7499999981250001,0.49999999916666665,0.5999999940000001,0.5999999940000001,0.24999999468750006,0.5999999940000001,0,0,0.5714285714285714,0.49999999916666665
374103842_17873ce505.jpg,একজন পুরুষ এবং একজন পুরুষ বসে আছে,0.14285714265306124,0.16666666638888888,0.15384614863905344,0.15384614863905344,0.0,0.15384614863905344,0,0,0.33333333333333337,0.0999999999
2865564810_5c63328cd4.jpg,একজন স্কেটবোর্ডার একটি স্কেটবোর্ড কৌশল দেখাচ্ছে,0.33333333277777777,0.2857142853061225,0.3076923022485208,0.3076923022485208,0.1818181765289258,0.3076923022485208,0,0,0.46875,0.18181818165289254
172092461_a9a9762e13.jpg,একটি শিশু একটি ঢেউ থেকে পানি থেকে পানি থেকে পানি থেকে পানি থেকে পানি থেকে পানি থেকে পানি থেকে পানি থেকে পানি থেকে পানি থেকে পানি থেকে পানি থেকে পানি থেকে পানি থেকে পানি থেকে পানি থেকে পানি থেকে পানি,0.02499999999375,0.07142857137755101,0.03703703318244211,0.03703703318244211,0.0,0.03703703318244211,0,0,0.2148760330578512,0.05555555552469135
468102269_135938e209.jpg,একজন পুরুষ এবং একজন পুরুষ ও একজন পুরুষ দাড়িয়ে আছে,0.1999999998,0.16666666652777776,0.181818176694215,0.181818176694215,0.0,0.181818176694215,0,0,0.3421052631578947,0.14285714275510203
7226.png,কয়েকজন মানুষ বসে আছে।,0.7499999981250001,0.7499999981250001,0.7499999931250001,0.7499999931250001,0.6666666594444445,0.7499999931250001,0,0,0.7333333333333334,0.5999999988
3159641529_c2c74f3eaf.jpg,একটি কুকুর একটি ফ্রিসবি ধরার জন্য একটি ফ্রিসবি ধরার জন্য একটি ফ্রিসবি ধরার জন্য একটি ফ্রিসবি ধরার জন্য একটি ফ্রিসবি ধরার জন্য একটি ফ্রিসবি ধরার জন্য একটি ফ্রিসবি ধরার জন্য একটি ফ্রিসবি ধরার জন্য একটি ফ্রিসবি ধরার জন্য একটি ফ্রিসবি,0.0499999999875,0.3999999992,0.08888888687407412,0.08888888687407412,0.04651162619794489,0.08888888687407412,0,0,0.16568047337278102,0.24999999968749997
2171576939_d1e72daab2.jpg,একটি শিশু একটি শিশু আছে।,0.1999999996,0.1111111109876543,0.14285713806122466,0.14285713806122466,0.0,0.14285713806122466,0,0,0.29166666666666663,0.09090909082644627
3188044631_ca3a9cc737.jpg,একজন পুরুষ ও একজন পুরুষ ও একজন পুরুষ ও একজন পুরুষ ও একজন পুরুষ ও একজন পুরুষ ও একজন পুরুষ ও একজন পুরুষ ও একজন পুরুষ ও একজন পুরুষ ও একজন পুরুষ ও একজন পুরুষ ও একজন পুরুষ ও একজন,0.07499999998125,0.3333333329629629,0.1224489765431071,0.1224489765431071,0.042553188646446534,0.1224489765431071,0,0,0.20408163265306123,0.2222222219753086
5744.png,একজন পুরুষ মাথায় ছাতা নিয়ে দাড়িয়ে আছে।,0.4285714279591837,0.29999999969999996,0.35294117121107266,0.35294117121107266,0.13333332835555572,0.35294117121107266,0,0,0.4838709677419355,0.21428571413265304
380034515_4fbdfa6b26.jpg,একটি কুকুর একটি কুকুর একটি বল নিয়ে খেলছে,0.24999999968749997,0.6666666644444444,0.36363635900826446,0.36363635900826446,0.22222221827160496,0.36363635900826446,0,0,0.4482758620689655,0.33333333277777777
3622929632_26fb800000.jpg,একটি কুকুর একটি <unk>,0.7499999981250001,0.37499999953124996,0.49999999472222234,0.49999999472222234,0.1999999954000001,0.49999999472222234,0,0,0.5,0.24999999968749997
7239.png,একটি নৌকায় কয়েকজন মানুষ আছে।,0.5999999988,0.5999999988,0.5999999938,0.5999999938,0.2499999943750001,0.5999999938,0,0,0.75,0.4285714279591837
1689.png,কয়েকজন পুরুষ দাড়িয়ে আছে।,0.49999999875,0.1999999998,0.28571428122448983,0.28571428122448983,0.0,0.28571428122448983,0,0,0.3157894736842105,0.1999999998
1565.png,একটি স্কেটবোর্ডার একটি পাখি নিয়ে আছে।,0.16666666638888888,0.08333333326388888,0.11111110654321005,0.11111110654321005,0.0,0.11111110654321005,0,0,0.37037037037037035,0.06666666662222222
2533424347_cf2f84872b.jpg,একদল লোক গাড়ি থেকে <unk>,0.3999999992,0.24999999968749997,0.3076923024852071,0.3076923024852071,0.0,0.3076923024852071,0,0,0.3928571428571429,0.1999999998
7523.png,একটি শিশু একটি ফুটবল খেলছে,0.1999999996,0.249999999375,0.2222222167901236,0.2222222167901236,0.0,0.2222222167901236,0,0,0.5263157894736843,0.14285714265306124
8455.png,একজন মানুষ আছে।,0.9999999966666667,0.5999999988,0.7499999934375,0.7499999934375,0.6666666600000001,0.7499999934375,0,0,0.5789473684210527,0.5999999988
6371.png,একটি নৌকায় দুইজন মানুষ আছে।,0.3999999992,0.2857142853061225,0.33333332791666676,0.33333332791666676,0.0,0.16666666152777793,0,0,0.29166666666666663,0.1999999998
3024172109_a10198e1dd.jpg,একজন স্কেটবোর্ডার একটি স্কেটবোর্ড চালাচ্ছে,0.1999999996,0.249999999375,0.2222222167901236,0.2222222167901236,0.0,0.2222222167901236,0,0,0.3571428571428571,0.12499999984374999
799486353_f665d7b0f0.jpg,একটি ছোট মেয়ে একটি সাদা কালো রঙের জামা পরে একটি ছোট মেয়ে একটি কুকুর খেলছে,0.13333333324444444,0.15384615372781063,0.14285713778061243,0.14285713778061243,0.0,0.14285713778061243,0,0,0.3529411764705882,0.09523809519274376
DSC_1209.JPG,চারজন পুরুষ দাড়িয়ে আছে,0.49999999875,0.2857142853061225,0.36363635834710756,0.36363635834710756,0.2222222172839507,0.36363635834710756,0,0,0.4375,0.2222222219753086
7838.png,একটি নৌকায় একজন পুরুষ বসে আছে।,0.9999999983333333,0.5454545449586776,0.7058823475432526,0.7058823475432526,0.6666666613333334,0.7058823475432526,0,0,0.55,0.6666666659259258
181777261_84c48b31cb.jpg,একটি নৌকা দেখা যাচ্ছে,0.249999999375,0.249999999375,0.2499999943750001,0.2499999943750001,0.0,0.2499999943750001,0,0,0.4117647058823529,0.14285714265306124
211981411_e88b8043c2.jpg,একটি গাড়ির পাশে একটি <unk>,0.1999999996,0.249999999375,0.2222222167901236,0.2222222167901236,0.0,0.2222222167901236,0,0,0.38888888888888884,0.14285714265306124
5510.png,একটি শিশু একটি নৌকা থেকে দূরে কিছু মানুষ আছে।,0.1111111109876543,0.16666666638888888,0.13333332835555572,0.13333332835555572,0.0,0.13333332835555572,0,0,0.3783783783783784,0.07692307686390532
976392326_082dafc3c5.jpg,একজন লোক পাথরে আরোহণ করছে,0.1999999996,0.14285714265306124,0.16666666152777793,0.16666666152777793,0.0,0.16666666152777793,0,0,0.33333333333333337,0.09090909082644627
5794.png,একজন বয়স্ক নারী বসে আছে।,0.7999999984,0.9999999975,0.8888888819753088,0.8888888819753088,0.5714285648979592,0.8888888819753088,0,0,0.8333333333333334,0.7999999984
119082045.jpg,এক ব্যক্তি একটি ব্যস্ত রাস্তায় দাঁড়িয়ে আছে,0.14285714265306124,0.16666666638888888,0.15384614863905344,0.15384614863905344,0.0,0.15384614863905344,0,0,0.3571428571428571,0.08333333326388888
3794.png,একজন পুরুষ আছে।,0.6666666644444444,0.33333333277777777,0.44444443901234576,0.44444443901234576,0.0,0.44444443901234576,0,0,0.38095238095238093,0.2857142853061225
8570.png,একজন পুরুষ দাড়িয়ে আছে।,0.0,0.0,0.0,0.0,0.0,0.0,0,0,0.375,0.0
3341782693_426bf7139b.jpg,একটি ছেলে একটি ঢেউ এর উপর খেলছে,0.2857142853061225,0.33333333277777777,0.3076923022485208,0.3076923022485208,0.1818181765289258,0.3076923022485208,0,0,0.375,0.1999999998
3647693147_0d0434351b.jpg,একটি শিশু একটি শিশু আছে।,0.3999999992,0.15384615372781063,0.22222221796296296,0.22222221796296296,0.0,0.22222221796296296,0,0,0.4,0.12499999984374999
1540631615_8b42c1b160.jpg,একটি ফুটবল খেলোয়াড় বল ধরার চেষ্টা করছে,0.14285714265306124,0.0999999999,0.11764705384083066,0.11764705384083066,0.0,0.11764705384083066,0,0,0.31707317073170727,0.0624999999609375
165.png,একজন পুরুষ দাড়িয়ে আছে।,0.49999999875,0.24999999968749997,0.33333332833333335,0.33333332833333335,0.0,0.33333332833333335,0,0,0.2666666666666667,0.1999999998
780.png,একজন পুরুষ আছে।,0.0,0.0,0.0,0.0,0.0,0.0,0,0,0.19047619047619047,0.0
2081615901_13092cac56.jpg,একটি ছোট ছেলে একটি <unk>,0.1999999996,0.12499999984374999,0.15384614887573977,0.15384614887573977,0.0,0.15384614887573977,0,0,0.3125,0.09090909082644627
4898.png,একটি নৌকা দেখা যাচ্ছে।,0.249999999375,0.3333333322222222,0.28571428000000004,0.28571428000000004,0.0,0.28571428000000004,0,0,0.46153846153846156,0.16666666638888888
1259627071.jpg,একদল লোক একসাথে দাঁড়িয়ে আছে,0.3999999992,0.18181818165289254,0.249999995390625,0.249999995390625,0.0,0.12499999554687513,0,0,0.2790697674418605,0.14285714275510203
4780.png,একজন পুরুষ বসে আছে।,0.7499999981250001,0.4285714279591837,0.5454545398347109,0.5454545398347109,0.2222222172839507,0.5454545398347109,0,0,0.52,0.37499999953124996
90.png,একজন পুরুষ বসে আছে।,0.249999999375,0.0999999999,0.14285713857142868,0.14285713857142868,0.0,0.14285713857142868,0,0,0.21621621621621623,0.07692307686390532
815.png,কয়েকজন মানুষ আছে।,0.6666666644444444,0.3999999992,0.49999999406250006,0.49999999406250006,0.0,0.49999999406250006,0,0,0.5882352941176471,0.33333333277777777
2219805677_7b7cc188c7.jpg,একটি কুকুর একটি কুকুর দৌড়াচ্ছে,0.5999999988,0.37499999953124996,0.46153845609467453,0.46153845609467453,0.36363635834710756,0.46153845609467453,0,0,0.5454545454545454,0.2857142853061225
1674612291_7154c5ab61.jpg,একটি কুকুর একটি ফ্রিসবি ধরার জন্য লাফ দিলো,0.6249999992187499,0.8333333319444445,0.7142857083673471,0.7142857083673471,0.33333332791666676,0.7142857083673471,0,0,0.7,0.6249999992187499
427683329_95d510a087.jpg,একজন মহিলা এবং তার <unk> <unk> <unk>,0.2857142853061225,0.2857142853061225,0.28571428030612256,0.28571428030612256,0.0,0.28571428030612256,0,0,0.34615384615384615,0.1999999998
7849.png,একটি শিশু পানিতে নেমে যাচ্ছে।,0.3999999992,0.3999999992,0.39999999420000004,0.39999999420000004,0.2499999943750001,0.39999999420000004,0,0,0.7058823529411764,0.24999999968749997
2215.png,একজন নারী মাথায় <unk> <unk> <unk> <unk> <unk> <unk> <unk> <unk> <unk> <unk> <unk> <unk> <unk> <unk> <unk> <unk> <unk> <unk> <unk> <unk> <unk> <unk> <unk> <unk> <unk> <unk> <unk> <unk> <unk> <unk> <unk> <unk> <unk> <unk> <unk> <unk> <unk>,0.0499999999875,0.3999999992,0.08888888687407412,0.08888888687407412,0.04651162619794489,0.08888888687407412,0,0,0.11949685534591192,0.2857142853061225
4108.png,লোকটির মুখে চশমা পরে আছে,0.1999999996,0.16666666638888888,0.1818181765289258,0.1818181765289258,0.0,0.1818181765289258,0,0,0.3076923076923077,0.0999999999
5182.png,একজন পুরুষ দাড়িয়ে আছে।,0.9999999975,0.6666666655555555,0.7999999936,0.7999999936,0.49999999406250006,0.7999999936,0,0,0.7142857142857143,0.6666666655555555
1623.png,কয়েকজন পুরুষ দাড়িয়ে আছে।,0.249999999375,0.09090909082644627,0.13333332924444455,0.13333332924444455,0.0,0.13333332924444455,0,0,0.37142857142857144,0.07142857137755101
6381.png,একজন লোক একটি <unk>,0.249999999375,0.1111111109876543,0.15384614934911253,0.15384614934911253,0.0,0.15384614934911253,0,0,0.2857142857142857,0.0999999999
2049646140_d0de01e3c4.jpg,একটি শিশু একটি <unk>,0.49999999875,0.49999999875,0.4999999937500001,0.4999999937500001,0.33333332722222225,0.4999999937500001,0,0,0.5333333333333333,0.3999999992
360.png,একজন পুরুষ দাড়িয়ে আছে।,0.7499999981250001,0.5999999988,0.6666666602469137,0.6666666602469137,0.28571428000000004,0.6666666602469137,0,0,0.7222222222222222,0.49999999916666665
7929.png,একজন পুরুষ বসে আছে।,0.249999999375,0.249999999375,0.2499999943750001,0.2499999943750001,0.0,0.2499999943750001,0,0,0.5,0.14285714265306124
3611603026_9112b0c53f.jpg,একজন মহিলা একটি মেয়ে একটি <unk>,0.6666666655555555,0.26666666648888887,0.3809523765079365,0.3809523765079365,0.10526315390581731,0.2857142813605443,0,0,0.3548387096774194,0.19999999986666667
2094323311_27d58b1513.jpg,একটি কুকুর একটি কুকুর খেলছে,0.3999999992,0.24999999968749997,0.3076923024852071,0.3076923024852071,0.1818181768595043,0.3076923024852071,0,0,0.5357142857142857,0.2222222219753086
2887614578_ed7ba21775.jpg,একটি কুকুর একটি কুকুর খেলছে,0.3999999992,0.3999999992,0.39999999420000004,0.39999999420000004,0.2222222167901236,0.39999999420000004,0,0,0.631578947368421,0.33333333277777777
6136.png,একজন পুরুষ দাড়িয়ে আছে।,0.7499999981250001,0.4285714279591837,0.5454545398347109,0.5454545398347109,0.2222222172839507,0.5454545398347109,0,0,0.5652173913043479,0.37499999953124996
4792.png,কয়েকজন পুরুষ দাড়িয়ে আছে।,0.7499999981250001,0.5999999988,0.6666666602469137,0.6666666602469137,0.28571428000000004,0.6666666602469137,0,0,0.6,0.49999999916666665
3050650135_23f9d9d2f8.jpg,একজন ফুটবল খেলোয়াড় বল নিয়ে খেলছে,0.33333333277777777,0.24999999968749997,0.2857142804081633,0.2857142804081633,0.0,0.2857142804081633,0,0,0.42307692307692313,0.16666666652777776
486720042_b785e7f88c.jpg,একটি কুকুর একটি ফ্রিসবি ধরার জন্য একটি ফ্রিসবি ধরার জন্য একটি ফ্রিসবি ধরার জন্য একটি ফ্রিসবি ধরার জন্য একটি ফ্রিসবি ধরার জন্য একটি ফ্রিসবি ধরার জন্য একটি ফ্রিসবি ধরার জন্য একটি ফ্রিসবি ধরার জন্য একটি ফ্রিসবি ধরার জন্য একটি ফ্রিসবি,0.099999999975,0.3333333330555555,0.15384615023668646,0.15384615023668646,0.07999999653600014,0.15384615023668646,0,0,0.23076923076923073,0.15384615372781063
2302516347_26054442f9.jpg,এক ব্যক্তি একটি <unk> <unk>,0.7999999984,0.49999999937499995,0.615384609704142,0.615384609704142,0.1818181768595043,0.46153845609467453,0,0,0.4444444444444444,0.37499999953124996
4696.png,একজন পুরুষ দাড়িয়ে আছে,0.7499999981250001,0.7499999981250001,0.7499999931250001,0.7499999931250001,0.6666666594444445,0.7499999931250001,0,1,1.0,0.5999999988
2273591668_069dcb4641.jpg,একটি কুকুর একটি কুকুর খেলছে,0.5999999988,0.3333333329629629,0.42857142336734694,0.42857142336734694,0.1999999948000001,0.42857142336734694,0,0,0.4242424242424242,0.3333333329629629
2732625904_4fbb653434.jpg,একজন পুরুষ একটি সাইকেল চালিয়ে যাচ্ছে,0.6666666655555555,0.30769230745562126,0.4210526268144044,0.4210526268144044,0.23529411321799312,0.4210526268144044,0,0,0.6,0.28571428551020406
2873837796_543e415e98.jpg,একটি কুকুর একটি কুকুর খেলছে,0.3999999992,0.3999999992,0.39999999420000004,0.39999999420000004,0.2499999943750001,0.39999999420000004,0,0,0.6842105263157895,0.33333333277777777
950273886_88c324e663.jpg,একটি ছেলে পাথরের উপর বসে আছে,0.33333333277777777,0.33333333277777777,0.3333333277777778,0.3333333277777778,0.0,0.3333333277777778,0,0,0.6190476190476191,0.1999999998
812.png,কয়েকজন পুরুষ দাড়িয়ে আছে,0.49999999875,0.2857142853061225,0.36363635834710756,0.36363635834710756,0.0,0.36363635834710756,0,0,0.625,0.2222222219753086
1797507760_384744fb34.jpg,একজন লোক একটি পাথরে আরোহণ করছে,0.49999999916666665,0.37499999953124996,0.4285714230612245,0.4285714230612245,0.16666666152777793,0.4285714230612245,0,0,0.5666666666666667,0.2727272724793388
1248940539_46d33ed487.jpg,একটি শিশু একটি সৈকতে খেলছে,0.3999999992,0.3999999992,0.39999999420000004,0.39999999420000004,0.2499999943750001,0.39999999420000004,0,0,0.5714285714285714,0.2857142853061225
3666188047_e81e1d97a7.jpg,একটি শিশু খেলনা নিয়ে বসে আছে,0.33333333277777777,0.3999999992,0.36363635801652905,0.36363635801652905,0.2222222167901236,0.36363635801652905,0,0,0.44999999999999996,0.2222222219753086
3048.png,একজন পুরুষ ও একজন পুরুষ ও একজন পুরুষ ও একজন পুরুষ ও একজন পুরুষ ও একজন পুরুষ ও একজন পুরুষ ও একজন পুরুষ ও একজন পুরুষ ও একজন পুরুষ ও একজন পুরুষ ও একজন পুরুষ ও একজন পুরুষ ও একজন,0.0499999999875,0.2857142853061225,0.08510638040742426,0.08510638040742426,0.04444444211358036,0.08510638040742426,0,0,0.19727891156462585,0.24999999968749997
242.png,একটি নৌকায় কয়েকজন মানুষ আছে।,0.0,0.0,0.0,0.0,0.0,0.0,0,0,0.2857142857142857,0.0
3370.png,একজন পুরুষ দাড়িয়ে আছে।,0.49999999875,0.49999999875,0.4999999937500001,0.4999999937500001,0.33333332722222225,0.4999999937500001,0,0,0.6666666666666667,0.33333333277777777
516725192_c9cdd63878.jpg,সমুদ্রের ঢেউয়ে এক ঢেউ এর উপর দিয়ে চলছে,0.24999999968749997,0.2857142853061225,0.2666666613333334,0.2666666613333334,0.0,0.2666666613333334,0,0,0.4482758620689655,0.15384615372781063
107318069_e9f2ef32de.jpg,একটি শিশু একটি <unk>,0.249999999375,0.3333333322222222,0.28571428000000004,0.28571428000000004,0.0,0.28571428000000004,0,0,0.21739130434782605,0.1999999996
2173677067_9d0732bcc2.jpg,একটি ছোট ছেলে একটি ফ্রিসবি ধরার চেষ্টা করছে,0.24999999968749997,0.2222222219753086,0.23529411238754333,0.23529411238754333,0.13333332817777796,0.23529411238754333,0,0,0.375,0.14285714275510203
5438.png,একটি সেতুর উপর একটি সেতুর উপর দিয়ে একটি সেতুর উপর দিয়ে একটি সেতুর উপর দিয়ে একটি সেতুর উপর দিয়ে একটি সেতুর উপর দিয়ে একটি সেতুর উপর দিয়ে একটি সেতুর উপর দিয়ে একটি সেতুর উপর দিয়ে একটি সেতুর উপর দিয়ে একটি,0.0,0.0,0.0,0.0,0.0,0.0,0,0,0.07999999999999996,0.0
_MG_2020.JPG,লোকটির মুখে মোজ,0.6666666644444444,0.6666666644444444,0.6666666594444445,0.6666666594444445,0.4999999925000001,0.6666666594444445,0,0,0.8,0.49999999875
7747.png,একটি শিশু আছে।,0.9999999966666667,0.9999999966666667,0.9999999916666666,0.9999999916666666,0.9999999900000001,0.9999999916666666,1,1,1.0,0.9999999966666667
806.png,একজন পুরুষ দাড়িয়ে আছে।,0.249999999375,0.16666666638888888,0.1999999948000001,0.1999999948000001,0.0,0.1999999948000001,0,0,0.4545454545454546,0.1111111109876543
3662406028_29b9e46a6f.jpg,এক ব্যক্তি একটি মদের দোকানের সামনে দাঁড়িয়ে আছে,0.49999999937499995,0.3333333330555555,0.39999999480000004,0.39999999480000004,0.22222221722222232,0.39999999480000004,0,0,0.3913043478260869,0.24999999984375
6213.png,একজন পুরুষ বসে আছে,0.49999999875,0.1999999998,0.28571428122448983,0.28571428122448983,0.16666666263888896,0.28571428122448983,0,0,0.6428571428571428,0.18181818165289254
2921094201_2ed70a7963.jpg,একজন মহিলা একটি টেবিল এ বসে আছে,0.571428570612245,0.3636363633057851,0.4444444391975309,0.4444444391975309,0.12499999515625017,0.33333332820987654,0,0,0.3589743589743589,0.28571428551020406
5321.png,একটি সেতুর উপর দিয়ে হেটে যাচ্ছে ও দূরে কিছু মানুষ আছে।,0.09090909082644627,0.1999999996,0.12499999554687513,0.12499999554687513,0.0,0.12499999554687513,0,0,0.3055555555555556,0.06666666662222222
2125.png,একজন পুরুষ বসে আছে।,0.249999999375,0.249999999375,0.2499999943750001,0.2499999943750001,0.0,0.2499999943750001,0,0,0.5,0.14285714265306124
50.png,একজন নারী আছে।,0.6666666644444444,0.2222222219753086,0.3333333290277778,0.3333333290277778,0.0,0.3333333290277778,0,0,0.3125,0.1999999998
2909875716_25c8652614.jpg,একটি মেয়ে একটি গাছের নিচে দাঁড়িয়ে আছে,0.14285714265306124,0.08333333326388888,0.1052631531301941,0.1052631531301941,0.0,0.1052631531301941,0,0,0.3870967741935484,0.05882352937716263
2675685200_0913d84d9b.jpg,একটি শিশু বসে আছে,0.49999999875,0.1999999998,0.28571428122448983,0.28571428122448983,0.0,0.28571428122448983,0,0,0.5,0.18181818165289254
5233.png,একজন পুরুষ দাড়িয়ে আছে।,0.249999999375,0.1111111109876543,0.15384614934911253,0.15384614934911253,0.0,0.15384614934911253,0,0,0.2857142857142857,0.08333333326388888
2072.png,একজন পুরুষ বসে আছে।,0.7499999981250001,0.7499999981250001,0.7499999931250001,0.7499999931250001,0.33333332722222225,0.7499999931250001,0,0,0.8571428571428572,0.5999999988
9070.png,একজন পুরুষ ও একজন পুরুষ ও একজন পুরুষ ও একজন পুরুষ ও একজন পুরুষ ও একজন পুরুষ ও একজন পুরুষ ও একজন পুরুষ ও একজন পুরুষ ও একজন পুরুষ ও একজন পুরুষ ও একজন পুরুষ ও একজন পুরুষ ও একজন,0.02499999999375,0.1111111109876543,0.04081632351520222,0.04081632351520222,0.0,0.04081632351520222,0,0,0.1428571428571429,0.09090909082644627
2517284816_9b8fd3c6b6.jpg,কয়েকজন পুরুষ দাড়িয়ে আছে।,0.0,0.0,0.0,0.0,0.0,0.0,0,0,0.22499999999999998,0.0
572.png,একজন পুরুষ বসে আছে।,0.49999999875,0.1999999998,0.28571428122448983,0.28571428122448983,0.0,0.28571428122448983,0,0,0.34782608695652173,0.1999999998
8525.png,একটি নৌকায় কয়েকজন মানুষ আছে।,0.7999999984,0.7999999984,0.7999999934,0.7999999934,0.4999999937500001,0.7999999934,0,0,0.9,0.6666666655555555
940973925_a2e6d7951c.jpg,একজন পুরুষ একটি <unk> <unk> <unk>,0.16666666638888888,0.14285714265306124,0.15384614863905344,0.15384614863905344,0.0,0.15384614863905344,0,0,0.28,0.0999999999
6151.png,একজন লোক একটি <unk>,0.249999999375,0.249999999375,0.2499999943750001,0.2499999943750001,0.0,0.2499999943750001,0,0,0.33333333333333337,0.14285714265306124
2070831523_5035d5537e.jpg,একজন সাইকেল চালাচ্ছে,0.9999999966666667,0.37499999953124996,0.5454545404958677,0.5454545404958677,0.28571428081632655,0.5454545404958677,0,0,0.4642857142857143,0.37499999953124996
7112.png,একটি সেতুর উপর দিয়ে মাছ ধরার জাল দিয়ে মাছ ধরার জাল দিয়ে মাছ ধরার জাল দিয়ে মাছ ধরার জাল দিয়ে মাছ ধরার জাল দিয়ে মাছ ধরার জাল দিয়ে মাছ ধরার জাল দিয়ে মাছ ধরার জাল দিয়ে মাছ ধরার জাল দিয়ে,0.099999999975,0.26666666648888887,0.14545454143471084,0.14545454143471084,0.07547169419722341,0.14545454143471084,0,0,0.2290076335877863,0.2352941175086505
2815.png,একজন মানুষ আছে।,0.6666666644444444,0.3999999992,0.49999999406250006,0.49999999406250006,0.33333332777777785,0.49999999406250006,0,0,0.5263157894736843,0.33333333277777777
468.png,একটি শিশু একটি ছোট ছেলে একটি <unk>,0.571428570612245,0.28571428551020406,0.3809523761451248,0.3809523761451248,0.10526315346260404,0.28571428099773244,0,0,0.36,0.19999999986666667
2456907314_49bc4591c4.jpg,একজন পুরুষ একটি নৌকা থেকে একজন লোক দাঁড়িয়ে আছে,0.4444444439506172,0.30769230745562126,0.3636363584710744,0.3636363584710744,0.09999999510000022,0.1904761853968255,0,0,0.3653846153846154,0.2352941175086505
IMG_2758.JPG,একজন পুরুষ বসে আছে,0.249999999375,0.249999999375,0.2499999943750001,0.2499999943750001,0.0,0.2499999943750001,0,0,0.3571428571428571,0.14285714265306124
3259228898_cefd04580b.jpg,একদল লোক একটি <unk>,0.7499999981250001,0.4285714279591837,0.5454545398347109,0.5454545398347109,0.2222222172839507,0.5454545398347109,0,0,0.4814814814814815,0.37499999953124996
1074.png,একজন নারী ও একজন নারী ও একজন নারী ও একজন নারী ও একজন নারী ও একজন নারী ও একজন নারী ও একজন নারী ও একজন নারী ও একজন নারী ও একজন নারী ও একজন নারী ও একজন নারী ও একজন,0.02499999999375,0.1999999996,0.0444444424493828,0.0444444424493828,0.0,0.0444444424493828,0,0,0.22388059701492535,0.14285714265306124
476.png,একটি নৌকা দেখা যাচ্ছে।,0.49999999875,0.2857142853061225,0.36363635834710756,0.36363635834710756,0.2222222172839507,0.36363635834710756,0,0,0.37037037037037035,0.2222222219753086
2570559405_dc93007f76.jpg,একটি কুকুর একটি কুকুর,0.49999999875,0.2857142853061225,0.36363635834710756,0.36363635834710756,0.2222222172839507,0.36363635834710756,0,0,0.42307692307692313,0.2857142853061225
406901451_7eafd7568a.jpg,একটি কুকুর একটি কুকুর খেলছে,0.5999999988,0.49999999916666665,0.5454545395041324,0.5454545395041324,0.2499999943750001,0.5454545395041324,0,0,0.6,0.49999999916666665
580.png,একজন পুরুষ বসে আছে।,0.9999999975,0.3636363633057851,0.533333328711111,0.533333328711111,0.3076923036686391,0.533333328711111,0,0,0.31818181818181823,0.3999999996
366713533_bd6d48cf02.jpg,একদল লোক একসাথে দাঁড়িয়ে আছে,0.3999999992,0.33333333277777777,0.36363635801652905,0.36363635801652905,0.2222222167901236,0.36363635801652905,0,0,0.368421052631579,0.2222222219753086
2763.png,একটি শিশু একটি শিশু একটি শিশু একটি শিশু একটি শিশু একটি শিশু একটি শিশু একটি শিশু একটি শিশু একটি শিশু একটি শিশু একটি শিশু একটি শিশু একটি শিশু একটি শিশু একটি শিশু একটি শিশু একটি শিশু একটি শিশু একটি শিশু,0.07499999998125,0.3333333329629629,0.1224489765431071,0.1224489765431071,0.04444444211358036,0.1224489765431071,0,0,0.13669064748201443,0.2857142853061225
1569687608_0e3b3ad044.jpg,একটি শিশু একটি ছোট ছেলে,0.1999999996,0.14285714265306124,0.16666666152777793,0.16666666152777793,0.0,0.16666666152777793,0,0,0.36363636363636365,0.0999999999
2067.png,কয়েকজন মানুষ আছে।,0.6666666644444444,0.3999999992,0.49999999406250006,0.49999999406250006,0.33333332777777785,0.49999999406250006,0,0,0.6,0.33333333277777777
8849.png,একটি নৌকা থেকে দূরে পাহাড় থেকে দূরে পাহাড় থেকে দূরে পাহাড় থেকে দূরে পাহাড় থেকে দূরে পাহাড় থেকে দূরে পাহাড় থেকে দূরে পাহাড় থেকে দূরে পাহাড় থেকে দূরে পাহাড় থেকে দূরে পাহাড় থেকে দূরে পাহাড় থেকে দূরে পাহাড় থেকে দূরে,0.0499999999875,0.124999999921875,0.07142856732142881,0.07142856732142881,0.03703703301097437,0.07142856732142881,0,0,0.26515151515151514,0.1111111110493827
5633.png,একজন বয়স্ক পুরুষ দাড়িয়ে আছে।,0.5999999988,0.5999999988,0.5999999938,0.5999999938,0.0,0.5999999938,0,0,0.75,0.4285714279591837
1721.png,একজন পুরুষ বসে আছে।,0.249999999375,0.249999999375,0.2499999943750001,0.2499999943750001,0.0,0.2499999943750001,0,0,0.6,0.14285714265306124
397815951_3b02090324.jpg,একটি কালো কুকুর একটি কুকুর একটি কালো কুকুর একটি কালো কুকুর একটি কালো কুকুর একটি কালো কুকুর একটি কালো কুকুর একটি কালো কুকুর একটি কালো কুকুর একটি কালো কুকুর একটি কালো কুকুর একটি কালো কুকুর একটি কালো কুকুর একটি কালো,0.0499999999875,0.33333333277777777,0.08695651943289232,0.08695651943289232,0.045454543419421574,0.08695651943289232,0,0,0.15068493150684936,0.2857142853061225
2337809114_899ba61330.jpg,একটি শিশু একটি <unk> <unk>,0.3999999992,0.13333333324444444,0.19999999605000005,0.19999999605000005,0.0,0.19999999605000005,0,0,0.30000000000000004,0.14285714265306124
2804851816_9aae9071ca.jpg,একটি কুকুর একটি কুকুর দৌড়াচ্ছে,0.5999999988,0.49999999916666665,0.5454545395041324,0.5454545395041324,0.4444444385185186,0.5454545395041324,0,0,0.6190476190476191,0.49999999916666665
268365231_a0acecdc45.jpg,একজন লোক একটি <unk>,0.49999999875,0.1999999998,0.28571428122448983,0.28571428122448983,0.0,0.28571428122448983,0,0,0.33333333333333337,0.1999999998
6772.png,একজন পুরুষ ও একজন পুরুষ ও একজন পুরুষ ও একজন পুরুষ ও একজন পুরুষ ও একজন পুরুষ ও একজন পুরুষ ও একজন পুরুষ ও একজন পুরুষ ও একজন পুরুষ ও একজন পুরুষ ও একজন পুরুষ ও একজন পুরুষ ও একজন,0.0,0.0,0.0,0.0,0.0,0.0,0,0,0.11564625850340138,0.0
3371533654_73a12a35a4.jpg,একজন লোক একটি <unk>,0.49999999875,0.1999999998,0.28571428122448983,0.28571428122448983,0.16666666263888896,0.28571428122448983,0,0,0.44999999999999996,0.18181818165289254
4388.png,একজন পুরুষ আছে।,0.9999999966666667,0.49999999916666665,0.6666666607407408,0.6666666607407408,0.5714285657142857,0.6666666607407408,0,0,0.45833333333333337,0.49999999916666665
2419186511_f0ce5f9685.jpg,একটি শিশু একটি শিশু একটি <unk> <unk> <unk> <unk> <unk> <unk> <unk> <unk> <unk> <unk> <unk> <unk> <unk> <unk> <unk> <unk> <unk> <unk> <unk> <unk> <unk> <unk> <unk> <unk> <unk> <unk> <unk> <unk> <unk> <unk> <unk> <unk> <unk> <unk> <unk>,0.07499999998125,0.3333333329629629,0.1224489765431071,0.1224489765431071,0.04444444211358036,0.1224489765431071,0,0,0.10828025477707004,0.24999999968749997
3120648767_812c72eabe.jpg,একজন বাইক চালক একটি সাইকেল নিয়ে যাচ্ছে,0.14285714265306124,0.3333333322222222,0.1999999954000001,0.1999999954000001,0.0,0.1999999954000001,0,0,0.3214285714285714,0.1111111109876543
3973.png,কয়েকজন পুরুষ দাড়িয়ে আছে।,0.49999999875,0.2222222219753086,0.3076923029585799,0.3076923029585799,0.18181817752066123,0.3076923029585799,0,0,0.2777777777777778,0.1999999998
7701.png,একটি নৌকায় কয়েকজন মানুষ আছে।,0.1999999996,0.14285714265306124,0.16666666152777793,0.16666666152777793,0.0,0.16666666152777793,0,0,0.33333333333333337,0.09090909082644627
464527562_a18f095225.jpg,একটি কুকুর একটি কুকুর খেলছে,0.3999999992,0.33333333277777777,0.36363635801652905,0.36363635801652905,0.2222222167901236,0.36363635801652905,0,0,0.4782608695652174,0.2857142853061225
8794.png,একজন পুরুষ দাড়িয়ে আছে।,0.249999999375,0.1999999996,0.2222222167901236,0.2222222167901236,0.0,0.2222222167901236,0,0,0.4444444444444444,0.12499999984374999
5226.png,একটি সেতুর উপর দিয়ে কয়েকজন মানুষ আছে।,0.2857142853061225,0.33333333277777777,0.3076923022485208,0.3076923022485208,0.1818181765289258,0.3076923022485208,0,0,0.4444444444444444,0.18181818165289254
img-20211205-wa0002.jpg,একটি মুরগি ও একটি মুরগি ও একটি মুরগি ও একটি মুরগি ও একটি মুরগি ও একটি মুরগি ও একটি মুরগি ও একটি মুরগি ও একটি মুরগি ও একটি মুরগি ও একটি মুরগি ও একটি মুরগি ও একটি মুরগি ও একটি,0.02499999999375,0.1111111109876543,0.04081632351520222,0.04081632351520222,0.0,0.04081632351520222,0,0,0.12030075187969924,0.09090909082644627
345906597_1290292371895717_1418973623691667358_n.jpg,একজন পুরুষ দাড়িয়ে আছে।,0.0,0.0,0.0,0.0,0.0,0.0,0,0,0.32352941176470584,0.0
1300.png,একটা মেয়ে দাড়িয়ে আছে,0.249999999375,0.08333333326388888,0.1249999960937501,0.1249999960937501,0.0,0.1249999960937501,0,0,0.23913043478260865,0.07692307686390532
2635.png,একজন পুরুষ দাড়িয়ে আছে।,0.49999999875,0.33333333277777777,0.3999999944,0.3999999944,0.24999999468750006,0.3999999944,0,0,0.4545454545454546,0.24999999968749997
5921.png,একজন পুরুষ মাথায় টুপি পরা একজন পুরুষ মাথায় টুপি পরা একজন পুরুষ মাথায় টুপি পরা একজন পুরুষ মাথায় টুপি পরা একজন পুরুষ মাথায় টুপি পরা একজন পুরুষ মাথায় টুপি পরা একজন পুরুষ মাথায় টুপি পরা একজন পুরুষ মাথায় টুপি পরা,0.07499999998125,0.2727272724793388,0.11764705539407928,0.11764705539407928,0.04081632326530638,0.11764705539407928,0,0,0.17218543046357615,0.23076923059171597
9122.png,একজন নারী ও একজন নারী ও একজন নারী ও একজন নারী ও একজন নারী ও একজন নারী ও একজন নারী ও একজন নারী ও একজন নারী ও একজন নারী ও একজন নারী ও একজন নারী ও একজন নারী ও একজন,0.0499999999875,0.2857142853061225,0.08510638040742426,0.08510638040742426,0.04444444211358036,0.08510638040742426,0,0,0.16417910447761197,0.24999999968749997
5754.png,একজন মহিলা এবং একজন মহিলা বসে আছে।,0.2857142853061225,0.6666666644444444,0.39999999500000005,0.39999999500000005,0.0,0.39999999500000005,0,0,0.40625,0.33333333277777777
1262583859_653f1469a9.jpg,একজন লোক সাইকেল চালাচ্ছে,0.49999999875,0.2857142853061225,0.36363635834710756,0.36363635834710756,0.15384615005917168,0.36363635834710756,0,0,0.3928571428571429,0.2222222219753086
2465497494_43d74df57c.jpg,একটি শিশু একটি শিশু একটি শিশু একটি শিশু একটি শিশু একটি শিশু একটি শিশু একটি শিশু একটি শিশু একটি শিশু একটি শিশু একটি শিশু একটি শিশু একটি শিশু একটি শিশু একটি শিশু একটি শিশু একটি শিশু একটি শিশু একটি শিশু,0.0499999999875,0.15384615372781063,0.07547169438234266,0.07547169438234266,0.0,0.07547169438234266,0,0,0.15827338129496404,0.1111111109876543
241347204_007d83e252.jpg,ওকলাহোমা ফুটবল খেলোয়াড় <unk>,0.49999999875,0.2222222219753086,0.3076923029585799,0.3076923029585799,0.0,0.3076923029585799,0,0,0.45833333333333337,0.1999999998
2330536645_2d36b516e1.jpg,একটি শিশু পানিতে খেলছে,0.7499999981250001,0.7499999981250001,0.7499999931250001,0.7499999931250001,0.6666666594444445,0.7499999931250001,0,0,0.75,0.5999999988
2089442007_6fc798548c.jpg,একটি কুকুর একটি কুকুর খেলছে,0.3999999992,0.49999999875,0.4444444385185186,0.4444444385185186,0.28571428000000004,0.4444444385185186,0,0,0.5263157894736843,0.3999999992
1860.png,কয়েকজন পুরুষ দাড়িয়ে আছে।,0.7499999981250001,0.3333333329629629,0.4615384565680474,0.4615384565680474,0.18181817752066123,0.4615384565680474,0,0,0.3529411764705882,0.3333333329629629
5063.png,একজন পুরুষ বসে আছে,0.0,0.0,0.0,0.0,0.0,0.0,0,0,0.29166666666666663,0.0
421153376_d1d325568f.jpg,একটি কুকুর একটি কুকুর খেলছে,0.3999999992,0.6666666644444444,0.49999999406250006,0.49999999406250006,0.33333332777777785,0.49999999406250006,0,0,0.5789473684210527,0.49999999875
2337.png,একজন পুরুষ দাড়িয়ে আছে।,0.249999999375,0.249999999375,0.2499999943750001,0.2499999943750001,0.0,0.2499999943750001,0,0,0.33333333333333337,0.14285714265306124
1287073593_f3d2a62455.jpg,একদল কুকুর একটি বরফের মধ্যে দিয়ে যাচ্ছে,0.571428570612245,0.3333333330555555,0.42105262648199443,0.42105262648199443,0.2352941128027682,0.42105262648199443,0,0,0.5116279069767442,0.26666666648888887
2543589122_ec3e55f434.jpg,একটি কুকুর একটি কুকুর খেলছে,0.5999999988,0.7499999981250001,0.6666666602469137,0.6666666602469137,0.28571428000000004,0.6666666602469137,0,0,0.75,0.7499999981250001
424307754_1e2f44d265.jpg,একটি কালো এবং কালো এবং কালো এবং কালো এবং কালো এবং কালো এবং কালো এবং কালো এবং কালো এবং কালো এবং কালো এবং কালো এবং কালো এবং কালো এবং কালো এবং কালো এবং কালো এবং কালো এবং কালো এবং কালো,0.0499999999875,0.13333333324444444,0.0727272687338845,0.0727272687338845,0.0,0.0444444424493828,0,0,0.22499999999999998,0.14285714265306124
2860872588_f2c7b30e1a.jpg,একটি কুকুর একটি কুকুর একটি কুকুর খেলছে,0.2857142853061225,0.6666666644444444,0.39999999500000005,0.39999999500000005,0.24999999562500003,0.39999999500000005,0,0,0.5555555555555556,0.49999999875
3549408779_4d453db080.jpg,একটি কুকুর একটি সাদা কুকুর সাঁতার কাটছে।,0.7142857132653061,0.5555555549382716,0.624999994296875,0.624999994296875,0.36363635801652905,0.624999994296875,0,0,0.6923076923076923,0.571428570612245
3455419642_894d03f153.jpg,একটি কালো কুকুর একটি বল ধরার জন্য একটি বল ধরার জন্য একটি বল ধরার জন্য একটি বল ধরার জন্য একটি বল ধরার জন্য একটি বল ধরার জন্য একটি বল ধরার জন্য একটি বল ধরার জন্য একটি বল ধরার জন্য একটি,0.099999999975,0.3999999996,0.15999999673600007,0.15999999673600007,0.0833333302517362,0.15999999673600007,0,0,0.3959731543624161,0.3333333330555555
3368207495_1e2dbd6d3f.jpg,একটি কুকুর একটি কুকুর দৌড়াচ্ছে,0.5999999988,0.49999999916666665,0.5454545395041324,0.5454545395041324,0.3999999944,0.5454545395041324,0,0,0.6521739130434783,0.49999999916666665
7633.png,একজন পুরুষ দাড়িয়ে আছে।,0.249999999375,0.3333333322222222,0.28571428000000004,0.28571428000000004,0.0,0.28571428000000004,0,0,0.4666666666666667,0.16666666638888888
5864.png,একজন পুরুষ দাড়িয়ে আছে।,0.249999999375,0.3333333322222222,0.28571428000000004,0.28571428000000004,0.0,0.28571428000000004,0,0,0.4666666666666667,0.16666666638888888
2765747519_2b851e01d6.jpg,একটি শিশু একটি শিশু আছে।,0.3999999992,0.3999999992,0.39999999420000004,0.39999999420000004,0.2499999943750001,0.39999999420000004,0,0,0.4736842105263158,0.33333333277777777
7434.png,একজন পুরুষ বসে আছে।,0.49999999875,0.1999999998,0.28571428122448983,0.28571428122448983,0.16666666263888896,0.28571428122448983,0,0,0.275,0.2222222219753086
3346040664_5b584e6133.jpg,একজন বাস্কেটবল খেলোয়াড় বল নিয়ে খেলছে,0.33333333277777777,0.6666666644444444,0.44444443901234576,0.44444443901234576,0.1818181781404959,0.44444443901234576,0,0,0.5263157894736843,0.2857142853061225
972381743_5677b420ab.jpg,একজন মহিলা একটি মেয়ে একটি <unk> <unk> <unk> <unk> <unk> <unk> <unk> <unk> <unk> <unk> <unk> <unk> <unk> <unk> <unk> <unk> <unk> <unk> <unk> <unk> <unk> <unk> <unk> <unk> <unk> <unk> <unk> <unk> <unk> <unk> <unk> <unk> <unk> <unk> <unk>,0.099999999975,0.26666666648888887,0.14545454143471084,0.14545454143471084,0.06666666209444476,0.14545454143471084,0,0,0.15094339622641506,0.19999999986666667
3116.png,কয়েকজন পুরুষ দাড়িয়ে আছে।,0.49999999875,0.6666666644444444,0.5714285648979592,0.5714285648979592,0.0,0.5714285648979592,0,0,0.625,0.3999999992
8566.png,একজন নারী মাথায় লাল শাড়ি পরে আছে,0.2857142853061225,0.6666666644444444,0.39999999500000005,0.39999999500000005,0.24999999562500003,0.39999999500000005,0,0,0.4347826086956522,0.24999999968749997
3334953664_a669038795.jpg,একজন বেসবল ক্যাপ পরে বেসবল খেলছে,0.33333333277777777,0.33333333277777777,0.3333333277777778,0.3333333277777778,0.19999999460000012,0.3333333277777778,0,0,0.6799999999999999,0.2222222219753086
4832.png,জমির উপরে সূর্য দেখা যাচ্ছে।,0.0,0.0,0.0,0.0,0.0,0.0,0,0,0.16666666666666663,0.0
1516714577_7d1c35a8d8.jpg,একটি মেয়ে একটি <unk>,0.7499999981250001,0.4285714279591837,0.5454545398347109,0.5454545398347109,0.44444443901234576,0.5454545398347109,0,0,0.4782608695652174,0.2857142853061225
765298136_7805fbb079.jpg,একজন সার্ফার একটি ঢেউ থেকে <unk>,0.33333333277777777,0.24999999968749997,0.2857142804081633,0.2857142804081633,0.0,0.2857142804081633,0,0,0.4137931034482759,0.16666666652777776
3872.png,একজন পুরুষ বসে আছে।,0.249999999375,0.14285714265306124,0.1818181768595043,0.1818181768595043,0.0,0.1818181768595043,0,0,0.36363636363636365,0.0999999999
1466307489_cb8a74de09.jpg,একজন লোক একটি গাড়ির পাশে বসে আছে,0.7142857132653061,0.3333333331111111,0.45454544979338846,0.45454544979338846,0.19999999560000006,0.36363635896694213,0,0,0.4193548387096774,0.29411764688581316
3344.png,একজন পুরুষ মাথায় <unk> <unk> <unk> <unk> <unk> <unk> <unk> <unk> <unk> <unk> <unk> <unk> <unk> <unk> <unk> <unk> <unk> <unk> <unk> <unk> <unk> <unk> <unk> <unk> <unk> <unk> <unk> <unk> <unk> <unk> <unk> <unk> <unk> <unk> <unk> <unk> <unk>,0.02499999999375,0.16666666638888888,0.04347825858223074,0.04347825858223074,0.0,0.04347825858223074,0,0,0.08125000000000004,0.1111111109876543
8873.png,একজন মহিলা তার <unk> <unk> <unk> <unk> <unk> <unk> <unk> <unk> <unk> <unk> <unk> <unk> <unk> <unk> <unk> <unk> <unk> <unk> <unk> <unk> <unk> <unk> <unk> <unk> <unk> <unk> <unk> <unk> <unk> <unk> <unk> <unk> <unk> <unk> <unk> <unk> <unk>,0.0499999999875,0.2222222219753086,0.08163265002915464,0.08163265002915464,0.0,0.08163265002915464,0,0,0.08805031446540879,0.18181818165289254
5029.png,একজন পুরুষ বসে আছে,0.7499999981250001,0.7499999981250001,0.7499999931250001,0.7499999931250001,0.6666666594444445,0.7499999931250001,0,1,1.0,0.5999999988
8917.png,একজন পুরুষ দাড়িয়ে আছে।,0.249999999375,0.3333333322222222,0.28571428000000004,0.28571428000000004,0.0,0.28571428000000004,0,0,0.4,0.16666666638888888
3543294190_0037c59607.jpg,একজন লোক একটি সাইকেল নিয়ে যাচ্ছে,0.33333333277777777,0.24999999968749997,0.2857142804081633,0.2857142804081633,0.16666666152777793,0.2857142804081633,0,0,0.36363636363636365,0.16666666652777776
5787.png,সমুদ্রের পারে একজন পুরুষ বসে আছে।,0.49999999916666665,0.5999999988,0.5454545395041324,0.5454545395041324,0.2222222167901236,0.5454545395041324,0,0,0.6086956521739131,0.37499999953124996
3673032164_6c6843de87.jpg,একজন মহিলা এবং একটি মহিলা এবং একটি মহিলা এবং তার <unk> <unk>,0.16666666652777776,0.14285714275510203,0.15384614875739658,0.15384614875739658,0.0,0.1052631531301941,0,0,0.32692307692307687,0.11764705875432525
3323498985_fd9d2803fd.jpg,একটি ছেলে সমুদ্রের ঢেউয়ে খেলছে,0.1999999996,0.16666666638888888,0.1818181765289258,0.1818181765289258,0.0,0.1818181765289258,0,0,0.5833333333333333,0.0999999999
4080.png,একজন নারী মাথায় টুপি পরে আছে,0.16666666638888888,0.0999999999,0.12499999515625017,0.12499999515625017,0.0,0.12499999515625017,0,0,0.38888888888888884,0.06666666662222222
4950.png,একজন পুরুষ দাড়িয়ে আছে।,0.0,0.0,0.0,0.0,0.0,0.0,0,0,0.2272727272727273,0.0
1319.png,একজন মহিলা বসে আছে,0.49999999875,0.11764705875432525,0.19047618721088438,0.19047618721088438,0.0,0.19047618721088438,0,0,0.3214285714285714,0.11764705875432525
2230.png,একজন পুরুষ দাড়িয়ে আছে।,0.9999999975,0.49999999937499995,0.6666666611111112,0.6666666611111112,0.39999999500000005,0.6666666611111112,0,0,0.5,0.49999999937499995
4571.png,একটি নৌকা দেখা যাচ্ছে।,0.49999999875,0.6666666644444444,0.5714285648979592,0.5714285648979592,0.39999999360000005,0.5714285648979592,0,0,0.5384615384615384,0.3999999992
2546.png,একটি শিশু পানিতে লাফ দিচ্ছে,0.0,0.0,0.0,0.0,0.0,0.0,0,0,0.3214285714285714,0.0
1296412797_85b6d2f8d6.jpg,একটি শিশু একটি বলে লাথি মারছে,0.33333333277777777,0.2222222219753086,0.2666666615111111,0.2666666615111111,0.15384614887573977,0.2666666615111111,0,0,0.375,0.16666666652777776
3341077091_7ca0833373.jpg,একটি স্কেটবোর্ডার একটি স্কেটবোর্ড কৌশল দেখাচ্ছে,0.33333333277777777,0.33333333277777777,0.3333333277777778,0.3333333277777778,0.19999999460000012,0.3333333277777778,0,0,0.6129032258064516,0.2222222219753086
8695.png,একজন পুরুষ ও একজন পুরুষ ও একজন পুরুষ ও একজন পুরুষ ও একজন পুরুষ ও একজন পুরুষ ও একজন পুরুষ ও একজন পুরুষ ও একজন পুরুষ ও একজন পুরুষ ও একজন পুরুষ ও একজন পুরুষ ও একজন পুরুষ ও একজন,0.02499999999375,0.16666666638888888,0.04347825858223074,0.04347825858223074,0.0,0.04347825858223074,0,0,0.08843537414965985,0.14285714265306124
1287704027.jpg,একজন পুরুষ বসে আছে,0.249999999375,0.1111111109876543,0.15384614934911253,0.15384614934911253,0.0,0.15384614934911253,0,0,0.2777777777777778,0.08333333326388888
4135.png,কয়েকজন পুরুষ দাড়িয়ে আছে।,0.49999999875,0.33333333277777777,0.3999999944,0.3999999944,0.24999999468750006,0.3999999944,0,0,0.41666666666666663,0.24999999968749997
3085357792_efcf297c71.jpg,একটি শিশু একটি রাস্তা দিয়ে রাস্তা দিয়ে একজন পুরুষ ছাতা নিয়ে রাস্তা দিয়ে রাস্তা দিয়ে একজন পুরুষ ছাতা নিয়ে রাস্তা দিয়ে রাস্তা দিয়ে একজন পুরুষ ছাতা নিয়ে রাস্তা দিয়ে রাস্তা দিয়ে একজন পুরুষ ছাতা নিয়ে রাস্তা দিয়ে রাস্তা দিয়ে একজন,0.0499999999875,0.18181818165289254,0.07843136913494825,0.07843136913494825,0.0,0.0444444424493828,0,0,0.23448275862068968,0.11764705875432525
2661138991_d55aa0e5dc.jpg,একজন লোক একটি <unk>,0.49999999875,0.33333333277777777,0.3999999944,0.3999999944,0.0,0.3999999944,0,0,0.3793103448275862,0.24999999968749997
3574627719_790325430e.jpg,একজন মহিলা এবং একজন মহিলা এবং একজন মহিলা এবং একজন মহিলা এবং একজন মহিলা এবং একজন মহিলা এবং একজন মহিলা এবং একজন মহিলা এবং একজন মহিলা এবং একজন মহিলা এবং একজন মহিলা এবং একজন মহিলা এবং একজন মহিলা এবং একজন,0.0499999999875,0.18181818165289254,0.07843136913494825,0.07843136913494825,0.0,0.07843136913494825,0,0,0.16249999999999998,0.16666666652777776
1810651611_35aae644fb.jpg,একটি শিশু একটি শিশু একটি <unk> <unk> <unk> <unk> <unk> <unk> <unk> <unk> <unk> <unk> <unk> <unk> <unk> <unk> <unk> <unk> <unk> <unk> <unk> <unk> <unk> <unk> <unk> <unk> <unk> <unk> <unk> <unk> <unk> <unk> <unk> <unk> <unk> <unk> <unk>,0.02499999999375,0.14285714265306124,0.04255318893617037,0.04255318893617037,0.0,0.04255318893617037,0,0,0.09554140127388533,0.1111111109876543
3208571574_6dc1a461c5.jpg,একদল লোক একটি <unk>,0.49999999875,0.2857142853061225,0.36363635834710756,0.36363635834710756,0.0,0.36363635834710756,0,0,0.36,0.2222222219753086
IMG_2909.JPG,লোক টি,0.999999995,0.49999999875,0.6666666600000001,0.6666666600000001,0.49999999375000004,0.6666666600000001,0,0,0.4,0.49999999875
3550276904_19de3561c5.jpg,একজন মহিলা এবং একটি ছেলে বসে আছে,0.571428570612245,0.3333333330555555,0.42105262648199443,0.42105262648199443,0.11111110654321005,0.42105262648199443,0,0,0.4444444444444444,0.2857142855782313
177.png,একজন মহিলা বসে আছে,0.249999999375,0.14285714265306124,0.1818181768595043,0.1818181768595043,0.0,0.1818181768595043,0,0,0.4,0.0999999999
6027.png,একজন পুরুষ দাড়িয়ে আছে,0.49999999875,0.49999999875,0.4999999937500001,0.4999999937500001,0.33333332722222225,0.4999999937500001,0,0,0.8,0.33333333277777777
3523471597_87e0bf3b21.jpg,এক ব্যক্তি একটি <unk> <unk> <unk> <unk> <unk> <unk> <unk> <unk> <unk> <unk> <unk> <unk> <unk> <unk> <unk> <unk> <unk> <unk> <unk> <unk> <unk> <unk> <unk> <unk> <unk> <unk> <unk> <unk> <unk> <unk> <unk> <unk> <unk> <unk> <unk> <unk> <unk>,0.0499999999875,0.24999999968749997,0.08333333052083343,0.08333333052083343,0.0,0.08333333052083343,0,0,0.09433962264150941,0.1999999998
check-62a87bb8527e1_600.webp,একটি শিশু আছে।,0.3333333322222222,0.1999999996,0.24999999468750006,0.24999999468750006,0.0,0.24999999468750006,0,0,0.2727272727272727,0.14285714265306124
5993.png,একটি ছেলে একটি শিশু বসে আছে,0.0,0.0,0.0,0.0,0.0,0.0,0,0,0.26315789473684215,0.0
466956209_2ffcea3941.jpg,পাহাড়ের চূড়ায় একজন লোক পাহাড়ের চূড়ায় দাঁড়িয়ে আছে,0.24999999968749997,0.2222222219753086,0.23529411238754333,0.23529411238754333,0.13333332817777796,0.23529411238754333,0,0,0.34375,0.13333333324444444
1244140539.jpg,একটি কুকুর একটি কুকুর খেলছে,0.5999999988,0.3333333329629629,0.42857142336734694,0.42857142336734694,0.16666666194444454,0.42857142336734694,0,0,0.45833333333333337,0.24999999968749997
3597.png,একজন পুরুষ দাড়িয়ে আছে।,0.49999999875,0.49999999875,0.4999999937500001,0.4999999937500001,0.33333332722222225,0.4999999937500001,0,0,0.6666666666666667,0.33333333277777777
2363540508_9dd1ccf7c7.jpg,একটি শিশু একটি শিশু আছে।,0.3999999992,0.33333333277777777,0.36363635801652905,0.36363635801652905,0.0,0.36363635801652905,0,0,0.4545454545454546,0.14285714265306124
149.png,একজন পুরুষ বসে আছে।,0.249999999375,0.14285714265306124,0.1818181768595043,0.1818181768595043,0.0,0.1818181768595043,0,0,0.2857142857142857,0.0999999999
428796930_476a3d6395.jpg,একটি কালো কুকুর একটি কুকুর খেলছে,0.8333333319444445,0.6249999992187499,0.7142857083673471,0.7142857083673471,0.5714285657142857,0.7142857083673471,0,0,0.6551724137931034,0.7499999981250001
8279.png,একজন পুরুষ আছে।,0.9999999966666667,0.7499999981250001,0.8571428497959185,0.8571428497959185,0.39999999360000005,0.8571428497959185,0,0,0.6875,0.7499999981250001
6841.png,একজন পুরুষ আছে।,0.6666666644444444,0.2857142853061225,0.39999999500000005,0.39999999500000005,0.0,0.39999999500000005,0,0,0.3076923076923077,0.24999999968749997
118647903.jpg,একটি ছেলে একটি বল ধরার চেষ্টা করছে,0.2857142853061225,0.1999999998,0.23529411252595167,0.23529411252595167,0.0,0.23529411252595167,0,0,0.4838709677419355,0.14285714275510203
413.png,একজন পুরুষ বসে আছে।,0.249999999375,0.14285714265306124,0.1818181768595043,0.1818181768595043,0.0,0.1818181768595043,0,0,0.36363636363636365,0.0999999999
6585.png,একজন পুরুষ দাড়িয়ে আছে।,0.249999999375,0.1999999996,0.2222222167901236,0.2222222167901236,0.0,0.2222222167901236,0,0,0.33333333333333337,0.12499999984374999
468930779_8008d90e10.jpg,একটি কুকুর পানিতে লাফ দিচ্ছে,0.5999999988,0.3333333329629629,0.42857142336734694,0.42857142336734694,0.1999999948000001,0.42857142336734694,0,0,0.5,0.2727272724793388
533713007_bf9f3e25b4.jpg,একজন পুরুষ খাবার খাচ্ছে।,0.249999999375,0.09090909082644627,0.13333332924444455,0.13333332924444455,0.0,0.13333332924444455,0,0,0.23809523809523814,0.07692307686390532
2354540393_a149722680.jpg,একটি শিশু একটি <unk>,0.49999999875,0.2857142853061225,0.36363635834710756,0.36363635834710756,0.0,0.36363635834710756,0,0,0.3076923076923077,0.24999999968749997
2699.png,একজন পুরুষ দাড়িয়ে আছে।,0.7499999981250001,0.4285714279591837,0.5454545398347109,0.5454545398347109,0.44444443901234576,0.5454545398347109,0,0,0.52,0.37499999953124996
454.png,একজন নারী ও একজন নারী ও একজন নারী ও একজন নারী ও একজন নারী ও একজন নারী ও একজন নারী ও একজন নারী ও একজন নারী ও একজন নারী ও একজন নারী ও একজন নারী ও একজন নারী ও একজন,0.02499999999375,0.1999999996,0.0444444424493828,0.0444444424493828,0.0,0.0444444424493828,0,0,0.19402985074626866,0.14285714265306124
344863961_189328100645338_2244274616637855776_n.jpg,একজন পুরুষ দাড়িয়ে আছে,0.49999999875,0.33333333277777777,0.3999999944,0.3999999944,0.0,0.3999999944,0,0,0.6190476190476191,0.24999999968749997
4346.png,একজন পুরুষ ছাতা নিয়ে দাড়িয়ে আছে,0.33333333277777777,0.2857142853061225,0.3076923022485208,0.3076923022485208,0.0,0.3076923022485208,0,0,0.5,0.18181818165289254
2148991939_3b9fd6c439.jpg,একটি কালো কুকুর একটি কুকুর,0.5999999988,0.49999999916666665,0.5454545395041324,0.5454545395041324,0.4444444385185186,0.5454545395041324,0,0,0.5789473684210527,0.49999999916666665
455.png,একজন নারী আছে।,0.0,0.0,0.0,0.0,0.0,0.0,0,0,0.3125,0.0
781387473_208ba152b3.jpg,একজন মহিলা একটি <unk> <unk> <unk> <unk>,0.2857142853061225,0.18181818165289254,0.22222221722222232,0.22222221722222232,0.0,0.22222221722222232,0,0,0.31818181818181823,0.16666666652777776
3331797838_b3e33dbe17.jpg,একজন সাইকেল চালাচ্ছে,0.6666666644444444,0.3999999992,0.49999999406250006,0.49999999406250006,0.33333332777777785,0.49999999406250006,0,0,0.5,0.3999999992
2811.png,একটি শিশু আছে।,0.9999999966666667,0.49999999916666665,0.6666666607407408,0.6666666607407408,0.28571428081632655,0.6666666607407408,0,0,0.4285714285714286,0.49999999916666665
8159.png,সমুদ্রের পারে একজন পুরুষ দাড়িয়ে আছে।,0.33333333277777777,0.2857142853061225,0.3076923022485208,0.3076923022485208,0.0,0.3076923022485208,0,0,0.6296296296296297,0.18181818165289254
278.png,একজন পুরুষ মাথায় টুপি পরা একজন পুরুষ মাথায় <unk> <unk> <unk> <unk> <unk> <unk> <unk> <unk> <unk> <unk> <unk> <unk> <unk> <unk> <unk> <unk> <unk> <unk> <unk> <unk> <unk> <unk> <unk> <unk> <unk> <unk> <unk> <unk> <unk> <unk> <unk> <unk>,0.0499999999875,0.15384615372781063,0.07547169438234266,0.07547169438234266,0.0,0.07547169438234266,0,0,0.10062893081761004,0.11764705875432525
2861100960_457ceda7fa.jpg,একজন পুরুষ মাথায় <unk>,0.249999999375,0.1999999996,0.2222222167901236,0.2222222167901236,0.0,0.2222222167901236,0,0,0.25,0.12499999984374999
8659.png,একটি শিশু পানিতে নেমে আছে।,0.5999999988,0.7499999981250001,0.6666666602469137,0.6666666602469137,0.0,0.4444444385185186,0,0,0.3125,0.49999999916666665
3224560800_8fefd52510.jpg,একজন পুরুষ দাড়িয়ে আছে,0.49999999875,0.3999999992,0.4444444385185186,0.4444444385185186,0.28571428000000004,0.4444444385185186,0,0,0.6,0.2857142853061225
336460583_6c8ccb7188.jpg,একটি কুকুর একটি ফ্রিসবি নিয়ে দৌড়াচ্ছে,0.33333333277777777,0.3999999992,0.36363635801652905,0.36363635801652905,0.2222222167901236,0.36363635801652905,0,0,0.5833333333333333,0.24999999968749997
5447.png,একটি নৌকায় কয়েকজন মানুষ আছে।,0.0,0.0,0.0,0.0,0.0,0.0,0,0,0.33333333333333337,0.0
inbound413747284593859205.jpg,একটি কুকুর একটি <unk>,0.249999999375,0.14285714265306124,0.1818181768595043,0.1818181768595043,0.0,0.1818181768595043,0,0,0.31999999999999995,0.1111111109876543
IMG_0741.JPG,একটা লোক বসে আছে,0.7499999981250001,0.7499999981250001,0.7499999931250001,0.7499999931250001,0.6666666594444445,0.7499999931250001,0,0,0.6923076923076923,0.5999999988
2080.png,কয়েকজন মানুষ বসে আছে,0.0,0.0,0.0,0.0,0.0,0.0,0,0,0.36363636363636365,0.0
5160.png,একটি নৌকা দেখা যাচ্ছে।,0.49999999875,0.33333333277777777,0.3999999944,0.3999999944,0.24999999468750006,0.3999999944,0,0,0.4736842105263158,0.24999999968749997
2700147489_f1664f2b61.jpg,একজন লোক একটি স্কেটবোর্ড নিয়ে একটি স্কেটবোর্ড নিয়ে একটি স্কেটবোর্ড নিয়ে একটি স্কেটবোর্ড নিয়ে একটি স্কেটবোর্ড নিয়ে একটি স্কেটবোর্ড নিয়ে একটি স্কেটবোর্ড নিয়ে একটি স্কেটবোর্ড নিয়ে একটি স্কেটবোর্ড নিয়ে একটি স্কেটবোর্ড নিয়ে একটি স্কেটবোর্ড নিয়ে একটি স্কেটবোর্ড নিয়ে একটি স্কেটবোর্ড,0.0499999999875,0.33333333277777777,0.08695651943289232,0.08695651943289232,0.045454543419421574,0.08695651943289232,0,0,0.17204301075268813,0.2222222219753086
2670637584_d96efb8afa.jpg,একটি শিশু একটি গাছের নিচে একটি গাছের নিচে একটি গাছের নিচে একটি গাছের নিচে একটি গাছের নিচে একটি গাছের নিচে একটি গাছের নিচে একটি গাছের নিচে একটি গাছের নিচে একটি গাছের নিচে একটি গাছের নিচে একটি গাছের নিচে একটি গাছের,0.0499999999875,0.24999999968749997,0.08333333052083343,0.08333333052083343,0.043478258270321514,0.08333333052083343,0,0,0.13013698630136983,0.2222222219753086
7665.png,একজন পুরুষ একটি শিশু আছে।,0.1999999996,0.3333333322222222,0.24999999468750006,0.24999999468750006,0.0,0.24999999468750006,0,0,0.38888888888888884,0.14285714265306124
3726120436_740bda8416.jpg,একটি শিশু একটি <unk>,0.49999999875,0.1999999998,0.28571428122448983,0.28571428122448983,0.0,0.28571428122448983,0,0,0.21739130434782605,0.09090909082644627
3108.png,একজন পুরুষ দাড়িয়ে আছে।,0.49999999875,0.49999999875,0.4999999937500001,0.4999999937500001,0.0,0.4999999937500001,0,0,0.625,0.33333333277777777
5307.png,একটি রাস্তা দিয়ে হেটে যাচ্ছে,0.5999999988,0.4285714279591837,0.4999999943055557,0.4999999943055557,0.3999999944,0.4999999943055557,0,0,0.52,0.3333333329629629
1181.png,একদল লোক একদল লোক <unk>,0.0,0.0,0.0,0.0,0.0,0.0,0,0,0.2068965517241379,0.0
5839.png,সমুদ্রের পারে একজন মানুষ দাড়িয়ে আছে।,0.49999999916666665,0.3333333329629629,0.3999999946666667,0.3999999946666667,0.15384614887573977,0.3999999946666667,0,0,0.4545454545454546,0.24999999979166665
3640443200_b8066f37f6.jpg,একদল লোক একসাথে ছবি তুলছে,0.3999999992,0.2857142853061225,0.33333332791666676,0.33333332791666676,0.1999999948000001,0.33333332791666676,0,0,0.56,0.1999999998
8913.png,একজন পুরুষ দাড়িয়ে আছে।,0.49999999875,0.2222222219753086,0.3076923029585799,0.3076923029585799,0.18181817752066123,0.3076923029585799,0,0,0.34375,0.1999999998
875.png,একজন নারী দাড়িয়ে আছে,0.249999999375,0.16666666638888888,0.1999999948000001,0.1999999948000001,0.0,0.1999999948000001,0,0,0.5,0.1111111109876543
4101.png,একজন পুরুষ বসে আছে।,0.7499999981250001,0.4285714279591837,0.5454545398347109,0.5454545398347109,0.0,0.5454545398347109,0,0,0.46153846153846156,0.4285714279591837
3349309109_4024a09a17.jpg,একজন মহিলা ও একজন মহিলা একসাথে বসে আছে,0.24999999968749997,0.2222222219753086,0.23529411238754333,0.23529411238754333,0.0,0.23529411238754333,0,0,0.47058823529411764,0.07692307686390532
8967.png,একজন পুরুষ ছাতা নিয়ে দাড়িয়ে আছে।,0.49999999916666665,0.4285714279591837,0.4615384558579882,0.4615384558579882,0.1818181765289258,0.4615384558579882,0,0,0.6086956521739131,0.3333333329629629
597.png,একজন পুরুষ বসে আছে।,0.49999999875,0.3999999992,0.4444444385185186,0.4444444385185186,0.0,0.4444444385185186,0,0,0.5294117647058824,0.2857142853061225
496555371_3e1ee0d97d.jpg,দুটি কুকুর খেলছে,0.6666666644444444,0.1999999998,0.3076923036686391,0.3076923036686391,0.0,0.3076923036686391,0,0,0.38095238095238093,0.1999999998
4591.png,একজন লোক একটি দোকানের সামনে একটি দোকানের সামনে একটি দোকানের সামনে একটি দোকানের সামনে একটি দোকানের সামনে একটি দোকানের সামনে একটি দোকানের সামনে একটি দোকানের সামনে একটি দোকানের সামনে একটি দোকানের সামনে একটি দোকানের সামনে একটি দোকানের সামনে একটি দোকানের,0.02499999999375,0.3333333322222222,0.04651162658734455,0.04651162658734455,0.0,0.04651162658734455,0,0,0.13372093023255816,0.14285714265306124
1715.png,একজন পুরুষ বসে আছে,0.249999999375,0.249999999375,0.2499999943750001,0.2499999943750001,0.0,0.2499999943750001,0,0,0.5714285714285714,0.14285714265306124
3030294889_78b2ccbe51.jpg,একটি ছেলে একটি <unk>,0.49999999875,0.2857142853061225,0.36363635834710756,0.36363635834710756,0.0,0.1818181768595043,0,0,0.2592592592592593,0.2857142853061225
1517807181_ca6588f2a0.jpg,একজন পুরুষ একটি শিশু একটি <unk>,0.33333333277777777,0.2222222219753086,0.2666666615111111,0.2666666615111111,0.15384614887573977,0.2666666615111111,0,0,0.33333333333333337,0.16666666652777776
9035.png,একজন পুরুষ ও একজন পুরুষ ও একজন পুরুষ ও একজন পুরুষ ও একজন পুরুষ ও একজন পুরুষ ও একজন পুরুষ ও একজন পুরুষ ও একজন পুরুষ ও একজন পুরুষ ও একজন পুরুষ ও একজন পুরুষ ও একজন পুরুষ ও একজন,0.0,0.0,0.0,0.0,0.0,0.0,0,0,0.19047619047619047,0.0
8119.png,একজন পুরুষ দাড়িয়ে আছে।,0.249999999375,0.16666666638888888,0.1999999948000001,0.1999999948000001,0.0,0.1999999948000001,0,0,0.25,0.1111111109876543
2715337869_e4fe36db50.jpg,একটি মেয়ে একটি মেয়ে,0.49999999875,0.33333333277777777,0.3999999944,0.3999999944,0.24999999468750006,0.3999999944,0,0,0.5,0.33333333277777777
3231237864_8cb1c6d863.jpg,একজন পুরুষ একটি শিশু দাড়িয়ে আছে,0.16666666638888888,0.249999999375,0.1999999948000001,0.1999999948000001,0.0,0.1999999948000001,0,0,0.31818181818181823,0.12499999984374999
3757.png,কয়েকজন পুরুষ বসে আছে।,0.9999999975,0.3333333330555555,0.49999999562499997,0.49999999562499997,0.42857142459183667,0.49999999562499997,0,0,0.3191489361702128,0.3999999996
3513.png,একটি নৌকা দেখা যাচ্ছে।,0.0,0.0,0.0,0.0,0.0,0.0,0,0,0.4666666666666667,0.0
1408.png,একজন পুরুষ বসে আছে।,0.249999999375,0.0999999999,0.14285713857142868,0.14285713857142868,0.0,0.14285713857142868,0,0,0.26315789473684215,0.07692307686390532
2124040721_bffc0a091a.jpg,একজন লোক একটি <unk> <unk> <unk> <unk> <unk> <unk> <unk> <unk> <unk> <unk> <unk> <unk> <unk> <unk> <unk> <unk> <unk> <unk> <unk> <unk> <unk> <unk> <unk> <unk> <unk> <unk> <unk> <unk> <unk> <unk> <unk> <unk> <unk> <unk> <unk> <unk> <unk>,0.02499999999375,0.14285714265306124,0.04255318893617037,0.04255318893617037,0.0,0.04255318893617037,0,0,0.06289308176100628,0.0999999999
2255.png,একজন নারী ও একজন নারী আছে।,0.16666666638888888,0.12499999984374999,0.1428571377551022,0.1428571377551022,0.0,0.1428571377551022,0,0,0.3666666666666667,0.09090909082644627
2041867793_552819a40b.jpg,একটি শিশু একটি <unk> <unk> <unk> <unk>,0.4285714279591837,0.49999999916666665,0.4615384558579882,0.4615384558579882,0.21052631124653745,0.4615384558579882,0,0,0.5,0.49999999916666665
444057017_f1e0fcaef7.jpg,একটি শিশু একটি <unk> <unk> <unk> <unk> <unk> <unk> <unk> <unk> <unk> <unk> <unk> <unk> <unk> <unk> <unk> <unk> <unk> <unk> <unk> <unk> <unk> <unk> <unk> <unk> <unk> <unk> <unk> <unk> <unk> <unk> <unk> <unk> <unk> <unk> <unk> <unk> <unk>,0.07499999998125,0.37499999953124996,0.12499999717013895,0.12499999717013895,0.043478258270321514,0.08333333052083343,0,0,0.06329113924050633,0.24999999968749997
5728.png,একটি শিশু দাড়িয়ে আছে।,0.49999999875,0.18181818165289254,0.26666666240000003,0.26666666240000003,0.0,0.26666666240000003,0,0,0.2272727272727273,0.16666666652777776
444481722_690d0cadcf.jpg,একজন মহিলা একটি মেয়ে দাঁড়িয়ে আছে,0.16666666638888888,0.08333333326388888,0.11111110654321005,0.11111110654321005,0.0,0.11111110654321005,0,0,0.33333333333333337,0.06666666662222222
697.png,একজন পুরুষ দাড়িয়ে আছে।,0.249999999375,0.12499999984374999,0.16666666194444454,0.16666666194444454,0.0,0.16666666194444454,0,0,0.3214285714285714,0.09090909082644627
inbound362938418199018836.jpg,একটি মুরগি ও একটি মুরগি ও একটি মুরগি ও একটি মুরগি ও একটি মুরগি ও একটি মুরগি ও একটি মুরগি ও একটি মুরগি ও একটি মুরগি ও একটি মুরগি ও একটি মুরগি ও একটি মুরগি ও একটি মুরগি ও একটি,0.0,0.0,0.0,0.0,0.0,0.0,0,0,0.10526315789473684,0.0
299178969_5ca1de8e40.jpg,একটি ছোট ছেলে একটি গাছের পাশে দাঁড়িয়ে আছে,0.37499999953124996,0.37499999953124996,0.37499999453125,0.37499999453125,0.14285713765306143,0.37499999453125,0,0,0.4642857142857143,0.24999999979166665
8190.png,একজন পুরুষ বসে আছে।,0.7499999981250001,0.3333333329629629,0.4615384565680474,0.4615384565680474,0.0,0.3076923029585799,0,0,0.3125,0.29999999969999996
2286.png,একটি শিশু আছে।,0.0,0.0,0.0,0.0,0.0,0.0,0,0,0.21739130434782605,0.0
1173.png,একজন নারী আছে।,0.9999999966666667,0.49999999916666665,0.6666666607407408,0.6666666607407408,0.28571428081632655,0.6666666607407408,0,0,0.5263157894736843,0.49999999916666665
5992.png,একজন পুরুষ এবং তার পিছনে একজন মহিলা তার <unk> <unk> <unk> <unk> <unk> <unk> <unk> <unk> <unk> <unk> <unk> <unk> <unk> <unk> <unk> <unk> <unk> <unk> <unk> <unk> <unk> <unk> <unk> <unk> <unk> <unk> <unk> <unk> <unk> <unk> <unk> <unk>,0.0499999999875,0.2857142853061225,0.08510638040742426,0.08510638040742426,0.04444444211358036,0.08510638040742426,0,0,0.10126582278481011,0.16666666652777776
2790.png,একজন পুরুষ দাড়িয়ে আছে,0.49999999875,0.49999999875,0.4999999937500001,0.4999999937500001,0.33333332722222225,0.4999999937500001,0,0,0.7333333333333334,0.33333333277777777
8916.png,একজন পুরুষ বসে আছে।,0.49999999875,0.49999999875,0.4999999937500001,0.4999999937500001,0.0,0.4999999937500001,0,0,0.4,0.33333333277777777
5433.png,একটি নৌকা দেখা যাচ্ছে।,0.7499999981250001,0.3333333329629629,0.4615384565680474,0.4615384565680474,0.18181817752066123,0.4615384565680474,0,0,0.3870967741935484,0.29999999969999996
547.png,একজন পুরুষ বসে আছে।,0.249999999375,0.0999999999,0.14285713857142868,0.14285713857142868,0.0,0.14285713857142868,0,0,0.2432432432432432,0.07692307686390532
274.png,একজন পুরুষ বসে আছে।,0.7499999981250001,0.24999999979166665,0.37499999578125004,0.37499999578125004,0.14285713928571436,0.37499999578125004,0,0,0.2727272727272727,0.23076923059171597
3388094307_5a83be64a5.jpg,একজন বাস্কেটবল খেলোয়াড় একটি টেনিস খেলছে,0.49999999916666665,0.2727272724793388,0.3529411714878893,0.3529411714878893,0.0,0.3076923022485208,0,0,0.5,0.21428571413265304
4992.png,একটি সেতুর উপর কয়েকজন মানুষ আছে।,0.33333333277777777,0.2857142853061225,0.3076923022485208,0.3076923022485208,0.0,0.3076923022485208,0,0,0.31999999999999995,0.18181818165289254
3857.png,একজন মহিলা একটি দোকানের সামনে দাঁড়িয়ে আছে,0.2857142853061225,0.18181818165289254,0.22222221722222232,0.22222221722222232,0.0,0.22222221722222232,0,0,0.40384615384615385,0.124999999921875
1697.png,একজন নারী আছে।,0.9999999966666667,0.24999999979166665,0.39999999626666666,0.39999999626666666,0.15384615100591717,0.39999999626666666,0,0,0.2222222222222222,0.29999999969999996
630476551_2ee7399f77.jpg,একটি শিশু পানিতে খেলছে,0.7499999981250001,0.4285714279591837,0.5454545398347109,0.5454545398347109,0.24999999468750006,0.5454545398347109,0,0,0.5882352941176471,0.37499999953124996
141755290_4b954529f3.jpg,একটি শিশু একটি <unk> <unk> <unk> <unk> <unk> <unk> <unk> <unk> <unk> <unk> <unk> <unk> <unk> <unk> <unk> <unk> <unk> <unk> <unk> <unk> <unk> <unk> <unk> <unk> <unk> <unk> <unk> <unk> <unk> <unk> <unk> <unk> <unk> <unk> <unk> <unk> <unk>,0.02499999999375,0.12499999984374999,0.04166666387152797,0.04166666387152797,0.0,0.04166666387152797,0,0,0.10759493670886078,0.0999999999
2922807898_b5a06d5c70.jpg,একটি কুকুর একটি কুকুর দৌড়াচ্ছে,0.5999999988,0.24999999979166665,0.3529411719031142,0.3529411719031142,0.13333332924444455,0.3529411719031142,0,0,0.4,0.24999999968749997
8805.png,একজন পুরুষ বসে আছে।,0.249999999375,0.14285714265306124,0.1818181768595043,0.1818181768595043,0.0,0.1818181768595043,0,0,0.34615384615384615,0.0999999999
343487759_287037936983498_8779235962694618402_n.jpg,একজন পুরুষ দাড়িয়ে আছে।,0.249999999375,0.14285714265306124,0.1818181768595043,0.1818181768595043,0.0,0.1818181768595043,0,0,0.40625,0.0999999999
4598.png,একজন পুরুষ মাথায় ছাতা নিয়ে দাড়িয়ে আছে।,0.571428570612245,0.9999999975,0.7272727213223142,0.7272727213223142,0.44444443901234576,0.7272727213223142,0,0,0.6,0.571428570612245
7519.png,একজন পুরুষ দাড়িয়ে আছে।,0.7499999981250001,0.4285714279591837,0.5454545398347109,0.5454545398347109,0.2222222172839507,0.5454545398347109,0,0,0.52,0.37499999953124996
5048.png,একটি নৌকায় একজন মানুষ আছে।,0.1999999996,0.3333333322222222,0.24999999468750006,0.24999999468750006,0.0,0.24999999468750006,0,0,0.3157894736842105,0.14285714265306124
3706.png,একজন পুরুষ আছে।,0.9999999966666667,0.5999999988,0.7499999934375,0.7499999934375,0.19999999640000002,0.7499999934375,0,0,0.55,0.5999999988
7297.png,একটি নৌকায় কয়েকজন মানুষ আছে।,0.5999999988,0.16666666657407406,0.2608695615879017,0.2608695615879017,0.0,0.2608695615879017,0,0,0.44999999999999996,0.149999999925
2068960566_21e85ae0dc.jpg,একটি শিশু একটি <unk>,0.0,0.0,0.0,0.0,0.0,0.0,0,0,0.24,0.0
4547.png,একজন লোক একটি <unk>,0.249999999375,0.16666666638888888,0.1999999948000001,0.1999999948000001,0.0,0.1999999948000001,0,0,0.19047619047619047,0.1111111109876543
1204996216_71d7519d9a.jpg,একটি ছেলে বসে আছে,0.49999999875,0.2857142853061225,0.36363635834710756,0.36363635834710756,0.0,0.36363635834710756,0,0,0.3928571428571429,0.2222222219753086
116457850.jpg,একটি শিশু একটি <unk> <unk> <unk> <unk> <unk> <unk> <unk> <unk> <unk> <unk> <unk> <unk> <unk> <unk> <unk> <unk> <unk> <unk> <unk> <unk> <unk> <unk> <unk> <unk> <unk> <unk> <unk> <unk> <unk> <unk> <unk> <unk> <unk> <unk> <unk> <unk> <unk>,0.0499999999875,0.18181818165289254,0.07843136913494825,0.07843136913494825,0.0,0.07843136913494825,0,0,0.10126582278481011,0.16666666638888888
1777.png,কয়েকজন মানুষ আছে।,0.6666666644444444,0.1999999998,0.3076923036686391,0.3076923036686391,0.0,0.3076923036686391,0,0,0.2195121951219512,0.18181818165289254
2464259416_238ef13a2e.jpg,একটি কুকুর একটি কুকুর খেলছে,0.3999999992,0.49999999875,0.4444444385185186,0.4444444385185186,0.28571428000000004,0.4444444385185186,0,0,0.5263157894736843,0.3999999992
481887827_f8975dabf1.jpg,একজন পুরুষ বসে আছে।,0.249999999375,0.1999999996,0.2222222167901236,0.2222222167901236,0.0,0.2222222167901236,0,0,0.47619047619047616,0.12499999984374999
468911753_cc595f5da0.jpg,একটি কুকুর একটি ফ্রিসবি ধরার জন্য একটি ফ্রিসবি ধরার জন্য একটি ফ্রিসবি ধরার জন্য একটি ফ্রিসবি ধরার জন্য একটি ফ্রিসবি ধরার জন্য একটি ফ্রিসবি ধরার জন্য একটি ফ্রিসবি ধরার জন্য একটি ফ্রিসবি ধরার জন্য একটি ফ্রিসবি ধরার জন্য একটি ফ্রিসবি,0.07499999998125,0.23076923059171597,0.11320754342470642,0.11320754342470642,0.045454543419421574,0.11320754342470642,0,0,0.18343195266272194,0.2222222219753086
314603661_51e05e0e24.jpg,একটি কুকুর একটি কুকুর খেলছে,0.5999999988,0.3333333329629629,0.42857142336734694,0.42857142336734694,0.16666666194444454,0.42857142336734694,0,0,0.4411764705882353,0.2222222219753086
2025.png,একজন পুরুষ মাথায় <unk>,0.0,0.0,0.0,0.0,0.0,0.0,0,0,0.1333333333333333,0.0
4481.png,কয়েকজন পুরুষ বসে আছে।,0.7499999981250001,0.49999999916666665,0.5999999940000001,0.5999999940000001,0.24999999468750006,0.5999999940000001,0,0,0.5238095238095238,0.4285714279591837
3191805046_77c334b506.jpg,একটি স্কেটবোর্ডার একটি স্কেটবোর্ড কৌশল দেখাচ্ছে,0.33333333277777777,0.15384615372781063,0.21052631124653745,0.21052631124653745,0.0,0.21052631124653745,0,0,0.3870967741935484,0.13333333324444444
4205.png,একটি শিশু আছে।,0.9999999966666667,0.49999999916666665,0.6666666607407408,0.6666666607407408,0.28571428081632655,0.6666666607407408,0,0,0.5454545454545454,0.49999999916666665
3368819708_0bfa0808f8.jpg,একজন পুরুষ বসে আছে।,0.249999999375,0.249999999375,0.2499999943750001,0.2499999943750001,0.0,0.2499999943750001,0,0,0.5,0.14285714265306124
3637013_c675de7705.jpg,একটি নৌকা দেখা যাচ্ছে,0.249999999375,0.12499999984374999,0.16666666194444454,0.16666666194444454,0.0,0.16666666194444454,0,0,0.31034482758620685,0.09090909082644627
2102315758_a9148a842f.jpg,সমুদ্রের পারে একজন পুরুষ একটি সৈকতে খেলছে,0.571428570612245,0.3636363633057851,0.4444444391975309,0.4444444391975309,0.16666666138888903,0.4444444391975309,0,0,0.375,0.28571428551020406
2793.png,একজন পুরুষ বসে আছে।,0.7499999981250001,0.7499999981250001,0.7499999931250001,0.7499999931250001,0.6666666594444445,0.7499999931250001,0,0,0.8571428571428572,0.5999999988
6078.png,একজন বাচ্চা মেয়ে বসে আছে।,0.1999999996,0.0999999999,0.13333332871111125,0.13333332871111125,0.0,0.13333332871111125,0,0,0.34375,0.07142857137755101
8383.png,একজন পুরুষ দাড়িয়ে আছে।,0.249999999375,0.249999999375,0.2499999943750001,0.2499999943750001,0.0,0.2499999943750001,0,0,0.5333333333333333,0.14285714265306124
6335.png,একজন পুরুষ বসে আছে।,0.49999999875,0.2222222219753086,0.3076923029585799,0.3076923029585799,0.18181817752066123,0.3076923029585799,0,0,0.44999999999999996,0.1999999998
1904.png,একটা ছেলে বসে আছে,0.49999999875,0.13333333324444444,0.21052631224376733,0.21052631224376733,0.11764705577854677,0.21052631224376733,0,0,0.4545454545454546,0.11764705875432525
95734036_bef6d1a871.jpg,একজন লোক পাহাড়ের চূড়ায় দাঁড়িয়ে আছে,0.49999999916666665,0.49999999916666665,0.4999999941666667,0.4999999941666667,0.39999999420000004,0.4999999941666667,0,0,0.6153846153846154,0.3333333329629629
4781.png,একজন পুরুষ বসে আছে।,0.9999999975,0.4444444439506172,0.6153846101775148,0.6153846101775148,0.36363635900826446,0.6153846101775148,0,0,0.4375,0.4444444439506172
3136043366_b3f8607a0e.jpg,ওকলাহোমা ফুটবল খেলোয়াড় বল নিয়ে দৌড়াচ্ছে,0.33333333277777777,0.3999999992,0.36363635801652905,0.36363635801652905,0.2222222167901236,0.36363635801652905,0,0,0.3589743589743589,0.2222222219753086
7532.png,একজন পুরুষ ও একজন পুরুষ বসে আছে।,0.7142857132653061,0.5555555549382716,0.624999994296875,0.624999994296875,0.2857142804081633,0.624999994296875,0,0,0.5882352941176471,0.49999999937499995
2380765956_6313d8cae3.jpg,একটি শিশু একটি <unk>,0.49999999875,0.18181818165289254,0.26666666240000003,0.26666666240000003,0.0,0.26666666240000003,0,0,0.26315789473684215,0.09090909082644627
893.png,একজন পুরুষ আছে।,0.0,0.0,0.0,0.0,0.0,0.0,0,0,0.3125,0.0
4928.png,একটি নৌকা দেখা যাচ্ছে,0.49999999875,0.16666666652777776,0.2499999959375,0.2499999959375,0.14285713928571436,0.2499999959375,0,0,0.3076923076923077,0.18181818165289254
2657484284_daa07a3a1b.jpg,একটি নৌকায় একটি নৌকায় একটি নৌকা থেকে পানি থেকে পানি থেকে পানি থেকে পানি থেকে পানি থেকে পানি থেকে পানি থেকে পানি থেকে পানি থেকে পানি থেকে পানি থেকে পানি থেকে পানি থেকে পানি থেকে পানি থেকে পানি থেকে পানি,0.0499999999875,0.33333333277777777,0.08695651943289232,0.08695651943289232,0.0,0.08695651943289232,0,0,0.15322580645161288,0.2222222219753086
3591458156_f1a9a33918.jpg,একটি কুকুর একটি <unk>,0.49999999875,0.1999999998,0.28571428122448983,0.28571428122448983,0.0,0.28571428122448983,0,0,0.2941176470588235,0.09090909082644627
3323076458_3ce72a1dae.jpg,একটি কুকুর একটি কুকুর দৌড়াচ্ছে,0.5999999988,0.49999999916666665,0.5454545395041324,0.5454545395041324,0.2222222167901236,0.5454545395041324,0,0,0.5833333333333333,0.49999999916666665
3570800810_978c993133.jpg,একজন পুরুষ একটি শিশু বসে আছে,0.33333333277777777,0.1999999998,0.24999999500000003,0.24999999500000003,0.0,0.1428571377551022,0,0,0.2962962962962963,0.14285714275510203
132489044_3be606baf7.jpg,একজন পুরুষ বসে আছে,0.249999999375,0.12499999984374999,0.16666666194444454,0.16666666194444454,0.0,0.16666666194444454,0,0,0.31818181818181823,0.09090909082644627
2521213787_ca9b5a1758.jpg,একটি গাড়ি থেকে বের হচ্ছে,0.3999999992,0.2857142853061225,0.33333332791666676,0.33333332791666676,0.0,0.33333332791666676,0,0,0.4642857142857143,0.1999999998
1191.png,একজন মহিলা একসাথে বসে আছে,0.1999999996,0.1999999996,0.19999999460000012,0.19999999460000012,0.0,0.19999999460000012,0,0,0.41666666666666663,0.1111111109876543
2921578694_a46ae0d313.jpg,একজন সার্ফার একটি ঢেউ এর উপর দিয়ে তার <unk>,0.2222222219753086,0.24999999968749997,0.23529411238754333,0.23529411238754333,0.0,0.23529411238754333,0,0,0.4418604651162791,0.13333333324444444
7692.png,একটি গাছের নিচে একজন পুরুষ দাড়িয়ে আছে।,0.2857142853061225,0.1999999998,0.23529411252595167,0.23529411252595167,0.0,0.11764705384083066,0,0,0.29268292682926833,0.15384615372781063
7676.png,একটি কুকুর একটি <unk>,0.49999999875,0.6666666644444444,0.5714285648979592,0.5714285648979592,0.39999999360000005,0.5714285648979592,0,0,0.5333333333333333,0.49999999875
DSC_1088.JPG,একটা লোক টি,0.3333333322222222,0.249999999375,0.28571428000000004,0.28571428000000004,0.0,0.28571428000000004,0,0,0.46153846153846156,0.16666666638888888
1818403842_553a2a392c.jpg,একটি কুকুর একটি কুকুর খেলছে,0.3999999992,0.24999999968749997,0.3076923024852071,0.3076923024852071,0.1818181768595043,0.3076923024852071,0,0,0.5384615384615384,0.2222222219753086
3890.png,একজন পুরুষ বসে আছে।,0.9999999975,0.4444444439506172,0.6153846101775148,0.6153846101775148,0.5454545404958677,0.6153846101775148,0,0,0.4117647058823529,0.4444444439506172
3251234434_d01e25a50a.jpg,একদল লোক একটি কুকুর,0.249999999375,0.07692307686390532,0.11764705508650528,0.11764705508650528,0.0,0.11764705508650528,0,0,0.23333333333333328,0.0624999999609375
1087168168_70280d024a.jpg,একটি মেয়ে একটি <unk>,0.7499999981250001,0.37499999953124996,0.49999999472222234,0.49999999472222234,0.1999999954000001,0.49999999472222234,0,0,0.3870967741935484,0.24999999968749997
IMG_0122.JPG,মহিলা টি,0.999999995,0.3999999992,0.5714285657142857,0.5714285657142857,0.3999999952,0.5714285657142857,0,0,0.3571428571428571,0.3999999992
8638.png,একটি শিশু একটি গাছের পাশে একটি গাছের পাশে একটি গাছের পাশে একটি গাছের পাশে একটি গাছের পাশে একটি গাছের পাশে একটি গাছের পাশে একটি গাছের পাশে একটি গাছের পাশে একটি গাছের পাশে একটি গাছের পাশে একটি গাছের পাশে একটি গাছের,0.02499999999375,0.3333333322222222,0.04651162658734455,0.04651162658734455,0.0,0.04651162658734455,0,0,0.1986301369863014,0.16666666638888888
7982.png,একজন লোক একটি শিশু দাড়িয়ে আছে,0.0,0.0,0.0,0.0,0.0,0.0,0,0,0.2857142857142857,0.0
2543247940_083f1b7969.jpg,একটি কুকুর একটি ফ্রিসবি ধরার জন্য একটি ফ্রিসবি ধরার জন্য একটি ফ্রিসবি ধরার জন্য একটি ফ্রিসবি ধরার জন্য একটি ফ্রিসবি ধরার জন্য একটি ফ্রিসবি ধরার জন্য একটি ফ্রিসবি ধরার জন্য একটি ফ্রিসবি ধরার জন্য একটি ফ্রিসবি ধরার জন্য একটি ফ্রিসবি,0.07499999998125,0.3333333329629629,0.1224489765431071,0.1224489765431071,0.0833333302517362,0.1224489765431071,0,0,0.1597633136094675,0.1999999998
1897025969_0c41688fa6.jpg,একটি কুকুর একটি কুকুর খেলছে,0.7999999984,0.49999999937499995,0.615384609704142,0.615384609704142,0.0,0.615384609704142,0,0,0.5714285714285714,0.4285714279591837
6521.png,একজন পুরুষ দাড়িয়ে আছে।,0.49999999875,0.6666666644444444,0.5714285648979592,0.5714285648979592,0.0,0.5714285648979592,0,0,0.6,0.3999999992
269898095_d00ac7d7a4.jpg,একটি কালো কুকুর একটি পথ ধরে আছে,0.2857142853061225,0.24999999968749997,0.2666666613333334,0.2666666613333334,0.0,0.2666666613333334,0,0,0.45833333333333337,0.16666666652777776
181103691_fb2f956abd.jpg,একটি বিশাল <unk> <unk> <unk>,0.3999999992,0.2857142853061225,0.33333332791666676,0.33333332791666676,0.14285713857142868,0.33333332791666676,0,0,0.4545454545454546,0.24999999968749997
2704362232_7d84503433.jpg,একটি শিশু একটি কুকুর সাঁতার কাটছে,0.6666666655555555,0.49999999937499995,0.5714285657142858,0.5714285657142858,0.33333332791666676,0.5714285657142858,0,0,0.6551724137931034,0.4444444439506172
767.png,একজন নারী মাথায় টুপি পরা একজন বাচ্চা মেয়ে বসে আছে।,0.0,0.0,0.0,0.0,0.0,0.0,0,0,0.2571428571428571,0.0
2884301336_dc8e974431.jpg,একটি কুকুর একটি ঢেউ থেকে লাফ দিলো,0.4285714279591837,0.37499999953124996,0.3999999944888889,0.3999999944888889,0.16666666138888903,0.3999999944888889,0,0,0.5652173913043479,0.18181818165289254
3198.png,একটি নৌকায় কয়েকজন মানুষ আছে।,0.7999999984,0.7999999984,0.7999999934,0.7999999934,0.4999999937500001,0.7999999934,0,0,0.85,0.6666666655555555
20220909_134416.jpg,একটি শিশু বসে আছে।,0.49999999875,0.2222222219753086,0.3076923029585799,0.3076923029585799,0.0,0.3076923029585799,0,0,0.33333333333333337,0.1999999998
382701159_f98c1988cd.jpg,সমুদ্রের ঢেউয়ে এক সার্ফার,0.249999999375,0.14285714265306124,0.1818181768595043,0.1818181768595043,0.0,0.1818181768595043,0,0,0.23333333333333328,0.0999999999
225909073_25c3c33a29.jpg,একটি কুকুর একটি কুকুর খেলছে,0.5999999988,0.3333333329629629,0.42857142336734694,0.42857142336734694,0.1999999948000001,0.42857142336734694,0,0,0.53125,0.24999999968749997
3660826540_481d25fbb0.jpg,একটি শিশু একটি শিশু আছে।,0.1999999996,0.1999999996,0.19999999460000012,0.19999999460000012,0.0,0.19999999460000012,0,0,0.30000000000000004,0.14285714265306124
2347.png,কয়েকজন মানুষ আছে।,0.3333333322222222,0.1999999996,0.24999999468750006,0.24999999468750006,0.0,0.24999999468750006,0,0,0.30000000000000004,0.14285714265306124
3825.png,সরিষা ক্ষেতের মাঝ দিয়ে একজন মহিলা <unk>,0.571428570612245,0.4444444439506172,0.49999999445312515,0.49999999445312515,0.2857142804081633,0.49999999445312515,0,0,0.5833333333333333,0.3333333330555555
1211196579.jpg,একজন লোক একটি <unk>,0.49999999875,0.10526315783933518,0.17391304045368622,0.17391304045368622,0.0,0.0999999967000001,0,0,0.17142857142857137,0.1111111110493827
1397923690_d3bf1f799e.jpg,একজন স্কাইয়ার একটি বরফের পাহাড়ে স্কি করছে,0.2857142853061225,0.24999999968749997,0.2666666613333334,0.2666666613333334,0.0,0.2666666613333334,0,0,0.4509803921568627,0.15384615372781063
386470686_1ae9242878.jpg,একটি ছেলে একটি গাছের ডাল নিয়ে দাড়িয়ে আছে,0.37499999953124996,0.4285714279591837,0.3999999944888889,0.3999999944888889,0.1052631531301941,0.3999999944888889,0,0,0.48888888888888893,0.19999999986666667
3721.png,একজন পুরুষ বসে আছে।,0.49999999875,0.49999999875,0.4999999937500001,0.4999999937500001,0.33333332722222225,0.4999999937500001,0,0,0.7333333333333334,0.33333333277777777
349.png,একজন পুরুষ মাথায় ছাতা নিয়ে আছে।,0.49999999916666665,0.29999999969999996,0.37499999484375,0.37499999484375,0.0,0.24999999500000003,0,0,0.41666666666666663,0.24999999979166665
IMG_2771.JPG,একজন বয়স্ক পুরুষ বসে আছে,0.5999999988,0.49999999916666665,0.5454545395041324,0.5454545395041324,0.2499999943750001,0.5454545395041324,0,0,0.4736842105263158,0.37499999953124996
6601.png,একজন পুরুষ দাড়িয়ে আছে।,0.7499999981250001,0.29999999969999996,0.42857142387755104,0.42857142387755104,0.16666666263888896,0.42857142387755104,0,0,0.4545454545454546,0.29999999969999996
831.png,কয়েকজন পুরুষ দাড়িয়ে আছে,0.49999999875,0.124999999921875,0.1999999966,0.1999999966,0.0,0.1999999966,0,0,0.2586206896551724,0.16666666652777776
2686.png,একটি নৌকা থেকে দূরে একজন মানুষ আছে।,0.0,0.0,0.0,0.0,0.0,0.0,0,0,0.32352941176470584,0.0
3076052114_233f42ae5b.jpg,একটি কুকুর একটি ফ্রিসবি ধরার জন্য একটি ফ্রিসবি ধরার জন্য একটি ফ্রিসবি ধরার জন্য একটি ফ্রিসবি ধরার জন্য একটি ফ্রিসবি ধরার জন্য একটি ফ্রিসবি ধরার জন্য একটি ফ্রিসবি ধরার জন্য একটি ফ্রিসবি ধরার জন্য একটি ফ্রিসবি ধরার জন্য একটি ফ্রিসবি,0.02499999999375,0.1999999996,0.0444444424493828,0.0444444424493828,0.0,0.0444444424493828,0,0,0.1775147928994083,0.1111111109876543
6533.png,একজন পুরুষ বসে আছে।,0.49999999875,0.1111111110493827,0.181818178677686,0.181818178677686,0.0,0.181818178677686,0,0,0.375,0.10526315783933518
3358558292_6ab14193ed.jpg,একদল লোক একসাথে ছবি তুলছে,0.0,0.0,0.0,0.0,0.0,0.0,0,0,0.2962962962962963,0.0
3386.png,একজন পুরুষ বসে আছে।,0.9999999975,0.4444444439506172,0.6153846101775148,0.6153846101775148,0.5454545404958677,0.6153846101775148,0,0,0.4117647058823529,0.4444444439506172
3323419265_7fefaa9d5d.jpg,একটি ছোট ছেলে একসাথে ছবি তুলছে,0.16666666638888888,0.1999999996,0.1818181765289258,0.1818181765289258,0.0,0.1818181765289258,0,0,0.47619047619047616,0.0999999999
1969.png,একজন নারী মাথায় <unk>,0.0,0.0,0.0,0.0,0.0,0.0,0,0,0.16666666666666663,0.0
3618525295_d32d634b2e.jpg,একটি টেবিলে বসে আছে,0.9999999975,0.3636363633057851,0.533333328711111,0.533333328711111,0.3076923036686391,0.533333328711111,0,0,0.33333333333333337,0.3636363633057851
3164328039_2c56acf594.jpg,একটি কুকুর একটি বল নিয়ে খেলছে,0.6666666655555555,0.571428570612245,0.6153846094674558,0.6153846094674558,0.3076923024852071,0.6153846094674558,0,0,0.7083333333333333,0.49999999937499995
623A0159.JPG,মহিলা টি,0.4999999975,0.16666666638888888,0.24999999562500003,0.24999999562500003,0.0,0.24999999562500003,0,0,0.18181818181818177,0.14285714265306124
7139.png,একজন পুরুষ বসে আছে।,0.249999999375,0.3333333322222222,0.28571428000000004,0.28571428000000004,0.0,0.28571428000000004,0,0,0.5,0.16666666638888888
2783620390_02c166c733.jpg,একজন মোটরসাইকেল চালক বাতাসে লাফ দিচ্ছে,0.49999999916666665,0.4285714279591837,0.4615384558579882,0.4615384558579882,0.36363635801652905,0.4615384558579882,0,0,0.5945945945945945,0.3333333329629629
2745.png,একজন পুরুষ বসে আছে।,0.49999999875,0.2222222219753086,0.3076923029585799,0.3076923029585799,0.0,0.3076923029585799,0,0,0.2777777777777778,0.18181818165289254
3860.png,একটি নৌকায় কয়েকজন মানুষ আছে।,0.1999999996,0.09090909082644627,0.12499999554687513,0.12499999554687513,0.0,0.12499999554687513,0,0,0.30000000000000004,0.07142857137755101
3070130228_67dcfee9ae.jpg,ওকলাহোমা ফুটবল খেলোয়াড় বল নিয়ে,0.3999999992,0.24999999968749997,0.3076923024852071,0.3076923024852071,0.1818181768595043,0.3076923024852071,0,0,0.47619047619047616,0.18181818165289254
2209888959_d636b1be0b.jpg,একটি শিশু একটি শিশু আছে।,0.3999999992,0.33333333277777777,0.36363635801652905,0.36363635801652905,0.0,0.36363635801652905,0,0,0.5238095238095238,0.2857142853061225
8034.png,একজন পুরুষ বসে আছে।,0.249999999375,0.16666666638888888,0.1999999948000001,0.1999999948000001,0.0,0.1999999948000001,0,0,0.4,0.1111111110493827
693785581_68bec8312a.jpg,একটি ছেলে একটি বলে লাথি মারছে,0.49999999916666665,0.2727272724793388,0.3529411714878893,0.3529411714878893,0.15384614887573977,0.3529411714878893,0,0,0.40625,0.16666666652777776
2259203920_6b93b721ce.jpg,একটি কুকুর একটি কুকুর দৌড়াচ্ছে,0.5999999988,0.3333333329629629,0.42857142336734694,0.42857142336734694,0.16666666194444454,0.42857142336734694,0,0,0.47058823529411764,0.2222222219753086
2892989340_bb7e0e5548.jpg,সার্ফার একটি ঢেউ এর উপর দিয়ে চলছে,0.14285714265306124,0.249999999375,0.1818181768595043,0.1818181768595043,0.0,0.1818181768595043,0,0,0.36363636363636365,0.0999999999
241346317_be3f07bd2e.jpg,একদল লোক একটি ফুটবল খেলছে,0.3999999992,0.24999999968749997,0.3076923024852071,0.3076923024852071,0.1818181768595043,0.3076923024852071,0,0,0.38888888888888884,0.18181818165289254
8340.png,একটি শিশু পানিতে সাঁতার কাটছে,0.1999999996,0.249999999375,0.2222222167901236,0.2222222167901236,0.0,0.2222222167901236,0,0,0.42307692307692313,0.12499999984374999
3590739067_58baffb3a7.jpg,একজন মহিলা গিটার হাতে নিয়ে দাঁড়িয়ে আছে,0.2857142853061225,0.3999999992,0.33333332791666676,0.33333332791666676,0.1999999948000001,0.33333332791666676,0,0,0.34285714285714286,0.1999999998
169.png,একজন পুরুষ বসে আছে।,0.249999999375,0.14285714265306124,0.1818181768595043,0.1818181768595043,0.0,0.1818181768595043,0,0,0.2962962962962963,0.0999999999
241346402_5c070a0c6d.jpg,একজন লোক তার <unk> <unk> <unk> <unk> <unk> <unk> <unk> <unk> <unk> <unk> <unk> <unk> <unk> <unk> <unk> <unk> <unk> <unk> <unk> <unk> <unk> <unk> <unk> <unk> <unk> <unk> <unk> <unk> <unk> <unk> <unk> <unk> <unk> <unk> <unk> <unk> <unk>,0.0499999999875,0.1999999998,0.07999999676800014,0.07999999676800014,0.04166666360243077,0.07999999676800014,0,0,0.10759493670886078,0.16666666652777776
1289142574_2bd6a082dd.jpg,একটি ছেলে একটি স্কেটবোর্ড নিয়ে লাফ দিচ্ছে,0.4285714279591837,0.37499999953124996,0.3999999944888889,0.3999999944888889,0.15384614863905344,0.3999999944888889,0,0,0.5555555555555556,0.2727272724793388
8743.png,একটি নৌকায় দুইজন মানুষ আছে।,0.3999999992,0.6666666644444444,0.49999999406250006,0.49999999406250006,0.33333332777777785,0.49999999406250006,0,0,0.5263157894736843,0.33333333277777777
1508269285_6c5723f67d.jpg,একটি কুকুর একটি কুকুর একটি কুকুর একটি কুকুর একটি কুকুর একটি কুকুর একটি কুকুর একটি কুকুর একটি কুকুর একটি কুকুর একটি কুকুর একটি কুকুর একটি কুকুর একটি কুকুর একটি কুকুর একটি কুকুর একটি কুকুর একটি কুকুর একটি কুকুর একটি কুকুর,0.0499999999875,0.2222222219753086,0.08163265002915464,0.08163265002915464,0.0,0.08163265002915464,0,0,0.10691823899371067,0.2222222219753086
951.png,একজন নারী মাথায় <unk> <unk> <unk> <unk> <unk> <unk> <unk> <unk> <unk> <unk> <unk> <unk> <unk> <unk> <unk> <unk> <unk> <unk> <unk> <unk> <unk> <unk> <unk> <unk> <unk> <unk> <unk> <unk> <unk> <unk> <unk> <unk> <unk> <unk> <unk> <unk> <unk>,0.02499999999375,0.249999999375,0.04545454378099179,0.04545454378099179,0.0,0.04545454378099179,0,0,0.11949685534591192,0.14285714265306124
6101.png,একটি শিশু একটি শিশু আছে।,0.1999999996,0.249999999375,0.2222222167901236,0.2222222167901236,0.0,0.2222222167901236,0,0,0.375,0.16666666638888888
2692.png,একজন পুরুষ দাড়িয়ে আছে।,0.0,0.0,0.0,0.0,0.0,0.0,0,0,0.36363636363636365,0.0
1794.png,একজন নারী আছে।,0.3333333322222222,0.12499999984374999,0.18181817752066123,0.18181817752066123,0.0,0.18181817752066123,0,0,0.24137931034482762,0.1111111109876543
3625.png,কয়েকজন পুরুষ বসে আছে।,0.49999999875,0.6666666644444444,0.5714285648979592,0.5714285648979592,0.11764705577854677,0.5714285648979592,0,0,0.6,0.3999999992
3317073508_7e13565c1b.jpg,একদল ফুটবল খেলোয়াড় বল নিয়ে খেলছে,0.33333333277777777,0.49999999875,0.3999999944,0.3999999944,0.12499999554687513,0.3999999944,0,0,0.375,0.24999999968749997
8369.png,একটি সেতুর উপর দিয়ে একজন মানুষ আছে।,0.14285714265306124,0.249999999375,0.1818181768595043,0.1818181768595043,0.09523809106575981,0.1818181768595043,0,0,0.2692307692307693,0.09999999995
6982.png,একজন পুরুষ ছাতা নিয়ে যাচ্ছে।,0.1999999996,0.12499999984374999,0.15384614887573977,0.15384614887573977,0.0,0.15384614887573977,0,0,0.32258064516129037,0.08333333326388888
6777.png,একজন পুরুষ বসে আছে।,0.7499999981250001,0.9999999966666667,0.8571428497959185,0.8571428497959185,0.39999999360000005,0.8571428497959185,0,0,0.7857142857142857,0.7499999981250001
6857.png,একজন পুরুষ দাড়িয়ে আছে,0.0,0.0,0.0,0.0,0.0,0.0,0,0,0.4666666666666667,0.0
314904143_5a216a192b.jpg,একজন পুরুষ ও একজন পুরুষ ও একজন পুরুষ বসে আছে,0.0999999999,0.1999999996,0.13333332871111125,0.13333332871111125,0.0,0.13333332871111125,0,0,0.33333333333333337,0.1111111109876543
7538.png,একজন মহিলা একসাথে দাঁড়িয়ে আছে,0.1999999996,0.0999999999,0.13333332871111125,0.13333332871111125,0.0,0.13333332871111125,0,0,0.34285714285714286,0.07692307686390532
2833582518_074bef3ed6.jpg,একটি কুকুর একটি কুকুর,0.49999999875,0.3999999992,0.4444444385185186,0.4444444385185186,0.28571428000000004,0.4444444385185186,0,0,0.5,0.3999999992
4355.png,একজন পুরুষ বসে আছে।,0.49999999875,0.15384615372781063,0.2352941137716263,0.2352941137716263,0.1333333299555556,0.2352941137716263,0,0,0.25,0.14285714275510203
2423894412_d952d5d103.jpg,একজন লোক একটি পাথরের উপর বসে আছে,0.4285714279591837,0.2727272724793388,0.33333332820987654,0.33333332820987654,0.0,0.33333332820987654,0,0,0.5,0.19999999986666667
2921670682_6a77a6c3e9.jpg,একজন স্কেটবোর্ডার একটি কৌশল দেখাচ্ছে,0.3999999992,0.24999999968749997,0.3076923024852071,0.3076923024852071,0.0,0.19999999460000012,0,0,0.3870967741935484,0.18181818165289254
8020.png,একজন পুরুষ দাড়িয়ে আছে।,0.49999999875,0.49999999875,0.4999999937500001,0.4999999937500001,0.33333332722222225,0.4999999937500001,0,0,0.625,0.33333333277777777
3211437611_bd4af3730b.jpg,একদল লোক একসাথে বসে আছে,0.1999999996,0.12499999984374999,0.15384614887573977,0.15384614887573977,0.0,0.15384614887573977,0,0,0.42307692307692313,0.09090909082644627
3592992234_6d3fe58a70.jpg,একটি শিশু একটি শিশু একটি <unk>,0.33333333277777777,0.18181818165289254,0.2352941128027682,0.2352941128027682,0.0,0.2352941128027682,0,0,0.3666666666666667,0.09090909082644627
526.png,একজন মহিলা একটি <unk>,0.7499999981250001,0.4285714279591837,0.5454545398347109,0.5454545398347109,0.44444443901234576,0.5454545398347109,0,0,0.4482758620689655,0.37499999953124996
8664.png,একটি নৌকায় একজন মানুষ আছে।,0.3999999992,0.49999999875,0.4444444385185186,0.4444444385185186,0.0,0.4444444385185186,0,0,0.42105263157894735,0.2857142853061225
3463268965_f22884fc69.jpg,একজন পুরুষ একটি <unk>,0.249999999375,0.14285714265306124,0.1818181768595043,0.1818181768595043,0.0,0.1818181768595043,0,0,0.29166666666666663,0.0999999999
2331510788_986809bbb4.jpg,একটি কুকুর একটি কুকুর দৌড়াচ্ছে,0.3999999992,0.3999999992,0.39999999420000004,0.39999999420000004,0.0,0.39999999420000004,0,0,0.55,0.33333333277777777
8754.png,একজন পুরুষ দাড়িয়ে আছে।,0.7499999981250001,0.29999999969999996,0.42857142387755104,0.42857142387755104,0.16666666263888896,0.42857142387755104,0,0,0.3513513513513513,0.3333333329629629
2940594396_20c40947b0.jpg,একটি সাইকেল চালাচ্ছে,0.3333333322222222,0.16666666638888888,0.2222222172839507,0.2222222172839507,0.0,0.2222222172839507,0,0,0.41666666666666663,0.12499999984374999
2248487950_c62d0c81a9.jpg,এক ব্যক্তি একটি <unk> <unk> <unk> <unk> <unk> <unk> <unk> <unk> <unk> <unk> <unk> <unk> <unk> <unk> <unk> <unk> <unk> <unk> <unk> <unk> <unk> <unk> <unk> <unk> <unk> <unk> <unk> <unk> <unk> <unk> <unk> <unk> <unk> <unk> <unk> <unk> <unk>,0.0499999999875,0.124999999921875,0.07142856732142881,0.07142856732142881,0.03703703301097437,0.07142856732142881,0,0,0.10062893081761004,0.11764705875432525
4947.png,জমির মাঝ দিয়ে কয়েকজন মানুষ আছে।,0.16666666638888888,0.1999999996,0.1818181765289258,0.1818181765289258,0.0,0.1818181765289258,0,0,0.2727272727272727,0.0999999999
3091580843_178042c50b.jpg,একটি দোকানের সামনে একটি দোকানের সামনে একটি দোকানের সামনে একটি দোকানের সামনে একটি দোকানের সামনে একটি দোকানের সামনে একটি দোকানের সামনে একটি দোকানের সামনে একটি দোকানের সামনে একটি দোকানের সামনে একটি দোকানের সামনে একটি দোকানের সামনে একটি দোকানের সামনে একটি,0.07499999998125,0.29999999969999996,0.11999999675200007,0.11999999675200007,0.0833333302517362,0.11999999675200007,0,0,0.16279069767441856,0.29999999969999996
345290432_629788248643423_8548931692453873638_n.jpg,একজন পুরুষ বসে আছে।,0.49999999875,0.24999999968749997,0.33333332833333335,0.33333332833333335,0.0,0.33333332833333335,0,0,0.3529411764705882,0.2222222219753086
8200.png,একটি শিশু একটি শিশু আছে।,0.5999999988,0.37499999953124996,0.46153845609467453,0.46153845609467453,0.1818181768595043,0.46153845609467453,0,0,0.4814814814814815,0.4285714279591837
6907.png,একটি শিশু দাড়িয়ে আছে,0.0,0.0,0.0,0.0,0.0,0.0,0,0,0.3157894736842105,0.0
4168.png,কয়েকজন পুরুষ দাড়িয়ে আছে।,0.49999999875,0.2857142853061225,0.36363635834710756,0.36363635834710756,0.2222222172839507,0.36363635834710756,0,0,0.3793103448275862,0.2222222219753086
IMG_2826.JPG,একজন নারী শাড়ি পরে আছে,0.5999999988,0.5999999988,0.5999999938,0.5999999938,0.4999999937500001,0.5999999938,0,0,0.625,0.4285714279591837
3400041870_4e7732b40f.jpg,একজন পুরুষ ও একজন পুরুষ ও একজন পুরুষ ও একজন পুরুষ ও একজন পুরুষ ও একজন পুরুষ ও একজন পুরুষ ও একজন পুরুষ ও একজন পুরুষ ও একজন পুরুষ ও একজন পুরুষ ও একজন পুরুষ ও একজন পুরুষ ও একজন,0.0499999999875,0.2222222219753086,0.08163265002915464,0.08163265002915464,0.0,0.08163265002915464,0,0,0.25850340136054417,0.1111111109876543
7333.png,একজন নারী দাড়িয়ে আছে।,0.249999999375,0.1999999996,0.2222222167901236,0.2222222167901236,0.0,0.2222222167901236,0,0,0.3548387096774194,0.12499999984374999
62.png,একজন পুরুষ বসে আছে।,0.249999999375,0.16666666638888888,0.1999999948000001,0.1999999948000001,0.0,0.1999999948000001,0,0,0.4347826086956522,0.1111111109876543
IMG_2339.JPG,একটা মহিলা টি,0.6666666644444444,0.6666666644444444,0.6666666594444445,0.6666666594444445,0.4999999925000001,0.6666666594444445,0,0,0.33333333333333337,0.49999999875
3116039960_54d1d68145.jpg,একটি মেয়ে একটি শিশু কোলে নিয়ে দাড়িয়ে আছে,0.49999999937499995,0.3999999996,0.4444444390123457,0.4444444390123457,0.12499999492187522,0.4444444390123457,0,0,0.46153846153846156,0.23076923059171597
7998.png,একজন পুরুষ আছে।,0.9999999966666667,0.24999999979166665,0.39999999626666666,0.39999999626666666,0.15384615100591717,0.39999999626666666,0,0,0.23404255319148937,0.24999999979166665
929.png,কয়েকজন পুরুষ দাড়িয়ে আছে।,0.249999999375,0.16666666638888888,0.1999999948000001,0.1999999948000001,0.0,0.1999999948000001,0,0,0.33333333333333337,0.12499999984374999
4464.png,একজন পুরুষ দাড়িয়ে আছে।,0.49999999875,0.33333333277777777,0.3999999944,0.3999999944,0.24999999468750006,0.3999999944,0,0,0.5454545454545454,0.24999999968749997
6834.png,একজন লোক একটি <unk>,0.249999999375,0.249999999375,0.2499999943750001,0.2499999943750001,0.0,0.2499999943750001,0,0,0.4,0.14285714265306124
8510.png,একজন পুরুষ বসে আছে।,0.7499999981250001,0.37499999953124996,0.49999999472222234,0.49999999472222234,0.1999999954000001,0.49999999472222234,0,0,0.4285714285714286,0.37499999953124996
110595925_f3395c8bd6.jpg,সাইকেল চালাচ্ছে,0.999999995,0.24999999968749997,0.399999996,0.399999996,0.24999999718750004,0.399999996,0,0,0.40909090909090906,0.2857142853061225
7557.png,একটি শিশু একটি <unk>,0.0,0.0,0.0,0.0,0.0,0.0,0,0,0.23529411764705888,0.0
3042679440_010b2c596c.jpg,একদল লোক একটি ব্যস্ত রাস্তায় দাঁড়িয়ে আছে,0.4285714279591837,0.37499999953124996,0.3999999944888889,0.3999999944888889,0.0,0.2666666613333334,0,0,0.3928571428571429,0.24999999979166665
200710224.jpg.webp,একজন মহিলা এবং একজন মহিলা এবং তার মুখ ভাসিয়ে তাকিয়ে আছে,0.09090909082644627,0.0624999999609375,0.07407406919067246,0.07407406919067246,0.0,0.07407406919067246,0,0,0.33333333333333337,0.04347826085066162
8478.png,একটি শিশু দাড়িয়ে আছে,0.7499999981250001,0.4285714279591837,0.5454545398347109,0.5454545398347109,0.2222222172839507,0.5454545398347109,0,0,0.5909090909090908,0.37499999953124996
5553.png,এটি একটি মন্দির।,0.3333333322222222,0.0999999999,0.15384615005917168,0.15384615005917168,0.0,0.15384615005917168,0,0,0.19999999999999996,0.08333333326388888
3016759846_062663f8ab.jpg,একজন নারী ও একটি মেয়ে একটি <unk>,0.2857142853061225,0.24999999968749997,0.2666666613333334,0.2666666613333334,0.0,0.19047618585034026,0,0,0.33999999999999997,0.16666666652777776
7965.png,একজন নারী ও একজন নারী ও একজন নারী ও একজন নারী ও একজন নারী ও একজন নারী ও একজন নারী ও একজন নারী ও একজন নারী ও একজন নারী ও একজন নারী ও একজন নারী ও একজন নারী ও একজন,0.099999999975,0.3999999996,0.15999999673600007,0.15999999673600007,0.04166666360243077,0.15999999673600007,0,0,0.23880597014925375,0.37499999953124996
3439.png,একজন মহিলা এবং একজন মহিলা,0.1999999996,0.1111111109876543,0.14285713806122466,0.14285713806122466,0.0,0.14285713806122466,0,0,0.2941176470588235,0.0999999999
708945669_08e7ffb9a7.jpg,একজন পুরুষ বসে আছে,0.49999999875,0.2857142853061225,0.36363635834710756,0.36363635834710756,0.0,0.36363635834710756,0,0,0.46153846153846156,0.2222222219753086
8202.png,একজন পুরুষ বসে আছে।,0.249999999375,0.09090909082644627,0.13333332924444455,0.13333332924444455,0.0,0.13333332924444455,0,0,0.4666666666666667,0.07142857137755101
6651.png,একটি শিশু আছে।,0.3333333322222222,0.1999999996,0.24999999468750006,0.24999999468750006,0.0,0.24999999468750006,0,0,0.38888888888888884,0.14285714265306124
6219.png,একজন পুরুষ দাড়িয়ে আছে।,0.249999999375,0.16666666638888888,0.1999999948000001,0.1999999948000001,0.0,0.1999999948000001,0,0,0.4736842105263158,0.1111111109876543
5647.png,একজন নারী মাথায় <unk> <unk> <unk> <unk> <unk> <unk> <unk> <unk> <unk> <unk> <unk> <unk> <unk> <unk> <unk> <unk> <unk> <unk> <unk> <unk> <unk> <unk> <unk> <unk> <unk> <unk> <unk> <unk> <unk> <unk> <unk> <unk> <unk> <unk> <unk> <unk> <unk>,0.0499999999875,0.33333333277777777,0.08695651943289232,0.08695651943289232,0.045454543419421574,0.08695651943289232,0,0,0.10691823899371067,0.24999999968749997
347410789_635498211778311_7617224015997252371_n.jpg,একটি শিশু একটি <unk>,0.249999999375,0.0999999999,0.14285713857142868,0.14285713857142868,0.0,0.14285713857142868,0,0,0.21052631578947367,0.08333333326388888
2970.png,একজন পুরুষ বসে আছে।,0.7499999981250001,0.24999999979166665,0.37499999578125004,0.37499999578125004,0.0,0.2499999959375,0,0,0.25531914893617025,0.29999999969999996
3621329299_6fb3f2935c.jpg,একজন সাইকেল চালক একটি সাইকেল নিয়ে যাচ্ছে,0.14285714265306124,0.14285714265306124,0.14285713765306143,0.14285713765306143,0.0,0.14285713765306143,0,0,0.48275862068965514,0.08333333326388888
5362.png,একটি কাক উড়ছে,0.3333333322222222,0.249999999375,0.28571428000000004,0.28571428000000004,0.0,0.28571428000000004,0,0,0.3846153846153846,0.16666666638888888
3695517194_2a6b604cb2.jpg,একজন পুরুষ ও সাদা শার্ট পরা একজন পুরুষ ও সাদা শার্ট পরা একজন পুরুষ ও সাদা শার্ট পরা একজন পুরুষ ও সাদা শার্ট পরা একজন পুরুষ ও সাদা শার্ট পরা একজন পুরুষ ও সাদা শার্ট পরা একজন পুরুষ ও সাদা,0.07499999998125,0.12499999994791666,0.09374999528320335,0.09374999528320335,0.0,0.09374999528320335,0,0,0.3381294964028777,0.14285714275510203
1557838421_a33f2a4911.jpg,একটি কুকুর একটি <unk>,0.49999999875,0.1999999998,0.28571428122448983,0.28571428122448983,0.0,0.28571428122448983,0,0,0.4,0.1999999998
6493.png,একজন বয়স্ক পুরুষ আছে।,0.7499999981250001,0.5999999988,0.6666666602469137,0.6666666602469137,0.28571428000000004,0.6666666602469137,0,0,0.736842105263158,0.49999999916666665
3584196366_a4b43d6644.jpg,একটি শিশু একটি নৌকা থেকে দূরে একটি নৌকা থেকে দূরে একটি নৌকা থেকে দূরে একটি নৌকা থেকে দূরে একটি নৌকা থেকে দূরে একটি নৌকা থেকে দূরে একটি নৌকা থেকে দূরে একটি নৌকা থেকে দূরে একটি নৌকা থেকে দূরে একটি নৌকা,0.02499999999375,0.14285714265306124,0.04255318893617037,0.04255318893617037,0.0,0.04255318893617037,0,0,0.17692307692307696,0.09090909082644627
236476706_175081ce18.jpg,একটি মেয়ে একটি মেয়ে একটি মেয়ে,0.16666666638888888,0.16666666638888888,0.16666666138888903,0.16666666138888903,0.0,0.16666666138888903,0,0,0.44999999999999996,0.14285714265306124
160805827_5e6646b753.jpg,একজন পুরুষ বসে আছে,0.7499999981250001,0.29999999969999996,0.42857142387755104,0.42857142387755104,0.16666666263888896,0.42857142387755104,0,0,0.3214285714285714,0.2727272724793388
1943.png,একজন পুরুষ দাড়িয়ে আছে।,0.7499999981250001,0.23076923059171597,0.35294117245674744,0.35294117245674744,0.1333333299555556,0.2352941137716263,0,0,0.23404255319148937,0.23076923059171597
6126.png,একজন পুরুষ ও একজন পুরুষ দাড়িয়ে আছে,0.2857142853061225,0.24999999968749997,0.2666666613333334,0.2666666613333334,0.15384614863905344,0.2666666613333334,0,0,0.43333333333333335,0.18181818165289254
7319.png,একটি নৌকায় কয়েকজন মানুষ আছে।,0.7999999984,0.7999999984,0.7999999934,0.7999999934,0.4999999937500001,0.7999999934,0,0,0.9,0.6666666655555555
IMG_8241.JPG,লোক টি,0.4999999975,0.249999999375,0.33333332777777785,0.33333332777777785,0.0,0.33333332777777785,0,0,0.36363636363636365,0.1999999996
243.png,কয়েকজন মানুষ আছে।,0.6666666644444444,0.2222222219753086,0.3333333290277778,0.3333333290277778,0.19999999640000002,0.3333333290277778,0,0,0.22580645161290325,0.2222222219753086
8713.png,একজন পুরুষ দাড়িয়ে আছে,0.249999999375,0.3333333322222222,0.28571428000000004,0.28571428000000004,0.0,0.28571428000000004,0,0,0.6,0.16666666638888888
7441.png,একজন পুরুষ ছাতা নিয়ে যাচ্ছে।,0.5999999988,0.29999999969999996,0.39999999502222217,0.39999999502222217,0.2499999943750001,0.39999999420000004,0,0,0.4285714285714286,0.24999999979166665
3527261343_efa07ea596.jpg,একজন মোটরসাইকেল চালক একটি মোটরসাইকেলে চড়ে শূন্যে লাফ দিচ্ছে,0.3333333329629629,0.29999999969999996,0.31578946836565097,0.31578946836565097,0.0,0.31578946836565097,0,0,0.4285714285714286,0.1874999998828125
3639845565_be547c38ba.jpg,একটি শিশু বসে আছে,0.49999999875,0.2222222219753086,0.3076923029585799,0.3076923029585799,0.0,0.26666666240000003,0,0,0.2857142857142857,0.18181818165289254
2862469183_a4334b904a.jpg,একটি কুকুর একটি কুকুর খেলছে,0.5999999988,0.29999999969999996,0.39999999502222217,0.39999999502222217,0.15384614934911253,0.39999999502222217,0,0,0.5625,0.2222222219753086
7937.png,একজন পুরুষ মাথায় <unk> <unk> <unk> <unk>,0.4285714279591837,0.3333333329629629,0.374999994609375,0.374999994609375,0.1428571377551022,0.374999994609375,0,0,0.3846153846153846,0.29999999969999996
2445654384_4ee3e486e1.jpg,একটি ছেলে একটি স্লাইড থেকে একটি স্লাইড থেকে একটি স্লাইড থেকে একটি স্লাইড থেকে একটি স্লাইড থেকে একটি স্লাইড থেকে একটি স্লাইড থেকে একটি স্লাইড থেকে একটি স্লাইড থেকে একটি স্লাইড থেকে একটি স্লাইড থেকে একটি স্লাইড থেকে একটি স্লাইড,0.0499999999875,0.1999999998,0.07999999676800014,0.07999999676800014,0.0,0.07999999676800014,0,0,0.2264150943396226,0.16666666652777776
2922981282_203f04bf9b.jpg,একটি শিশু একটি <unk>,0.49999999875,0.33333333277777777,0.3999999944,0.3999999944,0.24999999468750006,0.3999999944,0,0,0.34782608695652173,0.2857142853061225
1056249424_ef2a2e041c.jpg,একটি শিশু একটি শিশু আছে।,0.5999999988,0.2727272724793388,0.374999995234375,0.374999995234375,0.14285713857142868,0.374999995234375,0,0,0.30000000000000004,0.18181818165289254
5350.png,কয়েকজন পুরুষ বসে আছে।,0.7499999981250001,0.37499999953124996,0.49999999472222234,0.49999999472222234,0.1999999954000001,0.49999999472222234,0,0,0.4285714285714286,0.3333333329629629
1161.png,একজন পুরুষ আছে।,0.6666666644444444,0.2222222219753086,0.3333333290277778,0.3333333290277778,0.0,0.3333333290277778,0,0,0.26315789473684215,0.1999999998
5629.png,একটি শিশু একটি শিশু একটি শিশু একটি শিশু একটি শিশু একটি শিশু একটি শিশু একটি শিশু একটি শিশু একটি শিশু একটি শিশু একটি শিশু একটি শিশু একটি শিশু একটি শিশু একটি শিশু একটি শিশু একটি শিশু একটি শিশু একটি শিশু,0.0499999999875,0.6666666644444444,0.09302325447268796,0.09302325447268796,0.04878048685306366,0.09302325447268796,0,0,0.12230215827338131,0.6666666644444444
3157622277_9f59b4f62f.jpg,একটি হকি খেলছে,0.6666666644444444,0.6666666644444444,0.6666666594444445,0.6666666594444445,0.4999999925000001,0.6666666594444445,0,0,0.7,0.49999999875
3393343330_b13df4d8ec.jpg,একজন পুরুষ বসে আছে,0.7499999981250001,0.37499999953124996,0.49999999472222234,0.49999999472222234,0.1999999954000001,0.49999999472222234,0,0,0.40625,0.3333333329629629
3685.png,একদল লোক একটি নৌকা থেকে অনেক মানুষ আছে।,0.37499999953124996,0.4285714279591837,0.3999999944888889,0.3999999944888889,0.0,0.3999999944888889,0,0,0.3571428571428571,0.24999999979166665
1124448967_2221af8dc5.jpg,একজন লোক একটি <unk> <unk>,0.9999999980000001,0.3846153843195266,0.5555555509259259,0.5555555509259259,0.2499999959375,0.5555555509259259,0,0,0.3877551020408163,0.3333333330555555
2557922709_24d2a9655a.jpg,একজন মহিলা তার <unk> <unk> <unk> <unk> <unk> <unk> <unk> <unk> <unk> <unk> <unk> <unk> <unk> <unk> <unk> <unk> <unk> <unk> <unk> <unk> <unk> <unk> <unk> <unk> <unk> <unk> <unk> <unk> <unk> <unk> <unk> <unk> <unk> <unk> <unk> <unk> <unk>,0.02499999999375,0.09090909082644627,0.03921568287581729,0.03921568287581729,0.0,0.03921568287581729,0,0,0.07547169811320753,0.07142857137755101
242559369_9ae90ed0b4.jpg,একটি ছেলে একটি পাথরে আরোহণ করছে,0.33333333277777777,0.2222222219753086,0.2666666615111111,0.2666666615111111,0.0,0.2666666615111111,0,0,0.3783783783783784,0.08333333326388888
86.png,একজন পুরুষ বসে আছে।,0.249999999375,0.1111111109876543,0.15384614934911253,0.15384614934911253,0.0,0.15384614934911253,0,0,0.23913043478260865,0.09090909082644627
517.png,একটি শিশু আছে।,0.3333333322222222,0.249999999375,0.28571428000000004,0.28571428000000004,0.0,0.28571428000000004,0,0,0.33333333333333337,0.16666666638888888
134724228_30408cd77f.jpg,একজন পুরুষ দাড়িয়ে আছে,0.0,0.0,0.0,0.0,0.0,0.0,0,0,0.30434782608695654,0.0
6663.png,একজন পুরুষ ও একজন পুরুষ ও একজন পুরুষ ও একজন পুরুষ ও একজন পুরুষ ও একজন পুরুষ ও একজন পুরুষ ও একজন পুরুষ ও একজন পুরুষ ও একজন পুরুষ ও একজন পুরুষ ও একজন পুরুষ ও একজন পুরুষ ও একজন,0.0,0.0,0.0,0.0,0.0,0.0,0,0,0.10204081632653061,0.0
3556598205_86c180769d.jpg,একজন পুরুষ ও একজন পুরুষ আছে।,0.16666666638888888,0.14285714265306124,0.15384614863905344,0.15384614863905344,0.0,0.15384614863905344,0,0,0.39473684210526316,0.1111111109876543
5157.png,জমির উপরে সূর্য দেখা যাচ্ছে।,0.0,0.0,0.0,0.0,0.0,0.0,0,0,0.2222222222222222,0.0
2483792149_a9b4ffecec.jpg,একজন পুরুষ আছে।,0.3333333322222222,0.1111111109876543,0.16666666263888896,0.16666666263888896,0.0,0.16666666263888896,0,0,0.35,0.09090909082644627
248.png,একজন পুরুষ বসে আছে।,0.7499999981250001,0.29999999969999996,0.42857142387755104,0.42857142387755104,0.0,0.42857142387755104,0,0,0.38888888888888884,0.2727272724793388
20220910_135736.jpg,একটি গাড়ির পাশে একটি গাড়ির দোকানের সামনে বসে আছে,0.3333333329629629,0.2727272724793388,0.29999999475000005,0.29999999475000005,0.0,0.29999999475000005,0,0,0.4285714285714286,0.19999999986666667
8909.png,একজন নারী দাড়িয়ে আছে।,0.7499999981250001,0.9999999966666667,0.8571428497959185,0.8571428497959185,0.39999999360000005,0.8571428497959185,0,0,0.7142857142857143,0.7499999981250001
3716244806_97d5a1fb61.jpg,একটি ছেলে একটি পাথরের উপর বসে আছে,0.571428570612245,0.3999999996,0.4705882298961938,0.4705882298961938,0.2666666615111111,0.4705882298961938,0,0,0.4,0.3333333330555555
7123.png,একজন মানুষ আছে।,0.3333333322222222,0.249999999375,0.28571428000000004,0.28571428000000004,0.0,0.28571428000000004,0,0,0.5333333333333333,0.16666666638888888
8930.png,একজন পুরুষ বসে আছে।,0.49999999875,0.1999999998,0.28571428122448983,0.28571428122448983,0.0,0.28571428122448983,0,0,0.5714285714285714,0.16666666652777776
3387542157_81bfd00072.jpg,একটি শিশু একটি শিশু আছে।,0.3999999992,0.2857142853061225,0.33333332791666676,0.33333332791666676,0.0,0.33333332791666676,0,0,0.4285714285714286,0.12499999984374999
2672445419_251ce9419a.jpg,একটি শিশু একটি <unk>,0.49999999875,0.3999999992,0.4444444385185186,0.4444444385185186,0.0,0.2222222167901236,0,0,0.30434782608695654,0.33333333277777777
2579268572_d78f8436cb.jpg,একজন পুরুষ বসে আছে,0.249999999375,0.1111111109876543,0.15384614934911253,0.15384614934911253,0.0,0.15384614934911253,0,0,0.33333333333333337,0.08333333326388888
5631.png,একজন পুরুষ মাথায় <unk> <unk> <unk>,0.33333333277777777,0.49999999875,0.3999999944,0.3999999944,0.24999999468750006,0.3999999944,0,0,0.41666666666666663,0.33333333277777777
6589.png,একজন পুরুষ বসে আছে,0.7499999981250001,0.7499999981250001,0.7499999931250001,0.7499999931250001,0.6666666594444445,0.7499999931250001,0,1,1.0,0.5999999988
4557.png,কয়েকজন পুরুষ দাড়িয়ে আছে।,0.7499999981250001,0.49999999916666665,0.5999999940000001,0.5999999940000001,0.24999999468750006,0.5999999940000001,0,0,0.65,0.4285714279591837
3043908909_bb54d2c08e.jpg,একদল লোক বসে আছে,0.7499999981250001,0.5999999988,0.6666666602469137,0.6666666602469137,0.28571428000000004,0.6666666602469137,0,0,0.5909090909090908,0.49999999916666665
2976684095_ce7ccfd423.jpg,একটি ছেলে একটি ফ্রিসবি ধরার চেষ্টা করছে,0.4285714279591837,0.49999999916666665,0.4615384558579882,0.4615384558579882,0.1818181765289258,0.4615384558579882,0,0,0.5185185185185186,0.3333333329629629
5325.png,একজন পুরুষ বসে আছে।,0.249999999375,0.16666666638888888,0.1999999948000001,0.1999999948000001,0.0,0.1999999948000001,0,0,0.26086956521739135,0.1111111109876543
1789.png,কয়েকজন পুরুষ দাড়িয়ে আছে।,0.49999999875,0.15384615372781063,0.2352941137716263,0.2352941137716263,0.1333333299555556,0.2352941137716263,0,0,0.276595744680851,0.14285714275510203
2761.png,একজন বয়স্ক পুরুষ আছে।,0.9999999975,0.571428570612245,0.7272727213223142,0.7272727213223142,0.44444443901234576,0.7272727213223142,0,0,0.5925925925925926,0.571428570612245
7516.png,একটি শিশু আছে।,0.6666666644444444,0.49999999875,0.5714285648979592,0.5714285648979592,0.39999999360000005,0.5714285648979592,0,0,0.5384615384615384,0.3999999992
1066.png,একটি মন্দির।,0.4999999975,0.07142857137755101,0.12499999765625001,0.12499999765625001,0.0,0.12499999765625001,0,0,0.13725490196078427,0.08333333326388888
7712.png,একজন পুরুষ দাড়িয়ে আছে।,0.7499999981250001,0.7499999981250001,0.7499999931250001,0.7499999931250001,0.33333332722222225,0.7499999931250001,0,0,0.8666666666666667,0.5999999988
1075867198_27ca2e7efe.jpg,একটি কুকুর সমুদ্রের দিকে ছুটে চলছে,0.16666666638888888,0.16666666638888888,0.16666666138888903,0.16666666138888903,0.0,0.16666666138888903,0,0,0.3913043478260869,0.09090909082644627
2414397449_2ac3b78e0d.jpg,একটি কুকুর একটি ফ্রিসবি নিয়ে দৌড়াচ্ছে,0.49999999916666665,0.1764705881314879,0.26086956113421556,0.26086956113421556,0.0,0.26086956113421556,0,0,0.39473684210526316,0.10526315783933518
1271210445_7f7ecf3791.jpg,একজন পুরুষ বসে আছে।,0.249999999375,0.1111111109876543,0.15384614934911253,0.15384614934911253,0.0,0.15384614934911253,0,0,0.23529411764705888,0.08333333326388888
180506881_de0f59770f.jpg,একজন পুরুষ দাড়িয়ে আছে,0.249999999375,0.16666666638888888,0.1999999948000001,0.1999999948000001,0.0,0.1999999948000001,0,0,0.33333333333333337,0.1111111109876543
3005126574_49c28ffbee.jpg,একজন লোক তার <unk>,0.49999999875,0.3999999992,0.4444444385185186,0.4444444385185186,0.24999999468750006,0.3999999944,0,0,0.40909090909090906,0.2857142853061225
2851931813_eaf8ed7be3.jpg,একটি ছোট বাচ্চা একটি ফ্রিসবি ধরার চেষ্টা করছে,0.37499999953124996,0.2727272724793388,0.31578946847645434,0.31578946847645434,0.1818181768595043,0.31578946847645434,0,0,0.4838709677419355,0.1999999998
307321761_606fc91673.jpg,একদল লোক একটি শিশু বসে আছে,0.33333333277777777,0.2857142853061225,0.3076923022485208,0.3076923022485208,0.0,0.3076923022485208,0,0,0.3939393939393939,0.18181818165289254
6962.png,একজন পুরুষ দাড়িয়ে আছে।,0.9999999975,0.9999999975,0.9999999925,0.9999999925,0.9999999916666666,0.9999999925,1,1,1.0,0.9999999975
3507.png,একটি গাড়ির পাশে একটি গাড়ির পাশে বসে আছে,0.12499999984374999,0.3333333322222222,0.18181817752066123,0.18181817752066123,0.0,0.18181817752066123,0,0,0.31999999999999995,0.14285714265306124
2714220101_c31db50b10.jpg,একটি কুকুর একটি ফ্রিসবি নিয়ে দৌড়াচ্ছে,0.49999999916666665,0.5999999988,0.5454545395041324,0.5454545395041324,0.2222222167901236,0.5454545395041324,0,0,0.6666666666666667,0.4285714279591837
3512791890_eb065b460a.jpg,একটি ছোট মেয়ে একটি ছোট ছেলে একটি সাদা কালো রঙের একটি ছোট ছেলে একটি সাদা কালো রঙের একটি ছোট ছেলে একটি সাদা কালো রঙের একটি ছোট ছেলে একটি সাদা কালো রঙের একটি ছোট ছেলে একটি সাদা কালো রঙের একটি ছোট,0.0499999999875,0.2222222219753086,0.08163265002915464,0.08163265002915464,0.04166666360243077,0.08163265002915464,0,0,0.18382352941176472,0.14285714275510203
8262.png,একটি কালো রঙের একটি কালো রঙের একটি কালো রঙের একটি কালো রঙের একটি কালো রঙের একটি কালো রঙের একটি কালো রঙের একটি কালো রঙের একটি কালো রঙের একটি কালো রঙের একটি কালো রঙের একটি কালো রঙের একটি কালো রঙের একটি,0.07499999998125,0.4285714279591837,0.12765957187867819,0.12765957187867819,0.0,0.12765957187867819,0,0,0.226027397260274,0.14285714265306124
3552796830_2dd2aa9c2c.jpg,একজন পুরুষ একটি ছেলে একটি <unk>,0.33333333277777777,0.2222222219753086,0.2666666615111111,0.2666666615111111,0.0,0.13333332835555572,0,0,0.30434782608695654,0.16666666652777776
1416.png,একজন পুরুষ বসে আছে,0.49999999875,0.13333333324444444,0.21052631224376733,0.21052631224376733,0.0,0.1818181768595043,0,0,0.43999999999999995,0.124999999921875
7591.png,একজন পুরুষ আছে।,0.3333333322222222,0.1999999996,0.24999999468750006,0.24999999468750006,0.0,0.24999999468750006,0,0,0.4,0.14285714265306124
8561.png,একজন পুরুষ ছাতা নিয়ে যাচ্ছে।,0.1999999996,0.3333333322222222,0.24999999468750006,0.24999999468750006,0.0,0.24999999468750006,0,0,0.4444444444444444,0.14285714265306124
237953705_cfe6999307.jpg,একটি ছোট বাচ্চা মেয়ে একটি সাদা কুকুর খেলছে,0.37499999953124996,0.37499999953124996,0.37499999453125,0.37499999453125,0.14285713765306143,0.37499999453125,0,0,0.5666666666666667,0.24999999979166665
8373.png,একজন বয়স্ক পুরুষ দাড়িয়ে আছে।,0.5999999988,0.9999999966666667,0.7499999934375,0.7499999934375,0.0,0.7499999934375,0,0,0.56,0.5999999988
3042483842_beb23828b9.jpg,একজন মহিলা এবং একজন লোক একটি <unk> <unk> <unk> <unk> <unk> <unk> <unk> <unk> <unk> <unk> <unk> <unk> <unk> <unk> <unk> <unk> <unk> <unk> <unk> <unk> <unk> <unk> <unk> <unk> <unk> <unk> <unk> <unk> <unk> <unk> <unk> <unk> <unk> <unk>,0.0499999999875,0.24999999968749997,0.08333333052083343,0.08333333052083343,0.042553188646446534,0.08333333052083343,0,0,0.10062893081761004,0.16666666652777776
4971.png,একটি নৌকা দেখা যাচ্ছে ও দূরে একজন মানুষ আছে।,0.4444444439506172,0.49999999937499995,0.4705882297577854,0.4705882297577854,0.0,0.23529411238754333,0,0,0.4838709677419355,0.30769230745562126
2561481438_447b852e4d.jpg,একটি কুকুর একটি কুকুর দৌড়াচ্ছে,0.5999999988,0.3333333329629629,0.42857142336734694,0.42857142336734694,0.1818181768595043,0.42857142336734694,0,0,0.40740740740740744,0.2222222219753086
2272491304_cb7c7ed16f.jpg,একজন স্কাইয়ার বরফের পাহাড়ে স্কি করছে,0.16666666638888888,0.16666666638888888,0.16666666138888903,0.16666666138888903,0.0,0.16666666138888903,0,0,0.43333333333333335,0.09090909082644627
1459.png,একজন পুরুষ বসে আছে,0.7499999981250001,0.19999999986666667,0.31578947002770086,0.31578947002770086,0.11764705577854677,0.3076923029585799,0,0,0.4,0.2222222219753086
2326879311_555ebef188.jpg,একটি শিশু একটি <unk>,0.249999999375,0.14285714265306124,0.1818181768595043,0.1818181768595043,0.0,0.1818181768595043,0,0,0.2666666666666667,0.1111111109876543
3520869880_2e8b7d7842.jpg,একজন পুরুষ বসে আছে।,0.0,0.0,0.0,0.0,0.0,0.0,0,0,0.2962962962962963,0.0
535249787_0fcaa613a0.jpg,একটি ছেলে একটি বলে লাথি মারছে,0.49999999916666665,0.5999999988,0.5454545395041324,0.5454545395041324,0.13333332871111125,0.5454545395041324,0,0,0.7,0.2857142853061225
2109.png,একজন পুরুষ বসে আছে।,0.249999999375,0.16666666638888888,0.1999999948000001,0.1999999948000001,0.0,0.1999999948000001,0,0,0.36363636363636365,0.1111111109876543
2141065212_463a6997e1.jpg,বেসবল ক্যাপ পরা একজন বেসবল ক্যাপ পরা একজন বেসবল ক্যাপ পরে আছে,0.24999999979166665,0.29999999969999996,0.2727272675206612,0.2727272675206612,0.09999999495000023,0.2727272675206612,0,0,0.3728813559322034,0.23076923059171597
11391827.jpg,একটি লোক একটি <unk>,0.7499999981250001,0.19999999986666667,0.31578947002770086,0.31578947002770086,0.11764705577854677,0.21052631224376733,0,0,0.28,0.18181818165289254
7216.png,একজন নারী আছে।,0.9999999966666667,0.4285714279591837,0.5999999946000001,0.5999999946000001,0.24999999562500003,0.5999999946000001,0,0,0.41666666666666663,0.49999999916666665
378170167_9b5119d918.jpg,একটি কুকুর একটি কুকুর দৌড়াচ্ছে,0.3999999992,0.49999999875,0.4444444385185186,0.4444444385185186,0.28571428000000004,0.4444444385185186,0,0,0.65,0.3999999992
1799271536_6e69c8f1dc.jpg,একটি কুকুর একটি কুকুর দৌড়াচ্ছে,0.3999999992,0.33333333277777777,0.36363635801652905,0.36363635801652905,0.0,0.36363635801652905,0,0,0.6666666666666667,0.2857142853061225
102.png,একজন পুরুষ আছে।,0.6666666644444444,0.1111111110493827,0.190476187845805,0.190476187845805,0.0,0.190476187845805,0,0,0.2142857142857143,0.1111111110493827
421730441_6b2267fd31.jpg,একজন পুরুষ দাড়িয়ে আছে,0.49999999875,0.14285714275510203,0.22222221851851853,0.22222221851851853,0.0,0.22222221851851853,0,0,0.33333333333333337,0.124999999921875
IMG_9840.JPG,মহিলা টি,0.999999995,0.3999999992,0.5714285657142857,0.5714285657142857,0.3999999952,0.5714285657142857,0,0,0.3571428571428571,0.3999999992
7846.png,একটি শিশু একটি শিশু আছে।,0.3999999992,0.33333333277777777,0.36363635801652905,0.36363635801652905,0.0,0.36363635801652905,0,0,0.5,0.2857142853061225
1745110280_0cbff5e273.jpg,একটি কুকুর একটি কুকুর একটি কুকুর একটি কুকুর একটি কুকুর একটি কুকুর একটি কুকুর একটি কুকুর একটি কুকুর একটি কুকুর একটি কুকুর একটি কুকুর একটি কুকুর একটি কুকুর একটি কুকুর একটি কুকুর একটি কুকুর একটি কুকুর একটি কুকুর একটি কুকুর,0.0499999999875,0.3999999992,0.08888888687407412,0.08888888687407412,0.04651162619794489,0.08888888687407412,0,0,0.17610062893081757,0.3999999992
7316.png,একটি নৌকায় কয়েকজন মানুষ আছে।,0.7999999984,0.7999999984,0.7999999934,0.7999999934,0.4999999937500001,0.7999999934,0,0,0.85,0.6666666655555555
6903.png,একজন লোক একটি নৌকা থেকে <unk>,0.16666666638888888,0.16666666638888888,0.16666666138888903,0.16666666138888903,0.0,0.16666666138888903,0,0,0.31818181818181823,0.09090909082644627
1698.png,কয়েকজন পুরুষ বসে আছে।,0.49999999875,0.3999999992,0.4444444385185186,0.4444444385185186,0.0,0.4444444385185186,0,0,0.4,0.2857142853061225
IMG_0028.JPG,একজন পুরুষ বসে আছে।,0.249999999375,0.249999999375,0.2499999943750001,0.2499999943750001,0.0,0.2499999943750001,0,0,0.6428571428571428,0.14285714265306124
4826.png,একটি সেতুর উপরে একটি নৌকা দেখা যাচ্ছে।,0.4285714279591837,0.5999999988,0.4999999943055557,0.4999999943055557,0.1999999948000001,0.4999999943055557,0,0,0.52,0.37499999953124996
2822290399_97c809d43b.jpg,একটি কুকুর একটি ফ্রিসবি নিয়ে খেলছে,0.49999999916666665,0.3333333329629629,0.3999999946666667,0.3999999946666667,0.15384614887573977,0.3999999946666667,0,0,0.53125,0.1999999998
1073.png,একজন পুরুষ বসে আছে।,0.49999999875,0.15384615372781063,0.2352941137716263,0.2352941137716263,0.0,0.2352941137716263,0,0,0.23404255319148937,0.13333333324444444
1827560917_c8d3c5627f.jpg,একটি কুকুর একটি কুকুর একটি কুকুর একটি কুকুর একটি কুকুর একটি কুকুর একটি কুকুর একটি কুকুর একটি কুকুর একটি কুকুর একটি কুকুর একটি কুকুর একটি কুকুর একটি কুকুর একটি কুকুর একটি কুকুর একটি কুকুর একটি কুকুর একটি কুকুর একটি কুকুর,0.0499999999875,0.2857142853061225,0.08510638040742426,0.08510638040742426,0.04444444211358036,0.08510638040742426,0,0,0.18867924528301883,0.2857142853061225
1952.png,একজন পুরুষ ও একজন পুরুষ ও একজন পুরুষ ও একজন পুরুষ ও একজন পুরুষ ও একজন পুরুষ ও একজন পুরুষ ও একজন পুরুষ ও একজন পুরুষ ও একজন পুরুষ ও একজন পুরুষ ও একজন পুরুষ ও একজন পুরুষ ও একজন,0.0499999999875,0.07142857140306122,0.05882352455017341,0.05882352455017341,0.0,0.05882352455017341,0,0,0.3197278911564626,0.12499999984374999
263522013_d118d46b2d.jpg,একটি কুকুর পানিতে দৌড়াচ্ছে,0.7499999981250001,0.7499999981250001,0.7499999931250001,0.7499999931250001,0.6666666594444445,0.7499999931250001,0,0,0.8125,0.5999999988
2938875913_0ed920a6be.jpg,একটি ফুটবল খেলোয়াড় বল ধরার জন্য,0.49999999916666665,0.23076923059171597,0.31578946903047095,0.31578946903047095,0.1818181765289258,0.31578946903047095,0,0,0.5666666666666667,0.1874999998828125
10815824_2997e03d76.jpg,একদল লোক একটি <unk>,0.49999999875,0.1111111110493827,0.181818178677686,0.181818178677686,0.0,0.181818178677686,0,0,0.26086956521739135,0.11764705875432525
4657.png,একটি নৌকায় কয়েকজন মানুষ আছে।,0.3999999992,0.2857142853061225,0.33333332791666676,0.33333332791666676,0.0,0.33333332791666676,0,0,0.46153846153846156,0.2222222219753086
2801851082_8c3c480c0f.jpg,একটি শিশু একটি শিশু একটি স্লাইডে নিচে নামছে,0.24999999968749997,0.2857142853061225,0.2666666613333334,0.2666666613333334,0.0,0.2666666613333334,0,0,0.4482758620689655,0.0999999999
3204525212_d548c7fca7.jpg,একটি কুকুর একটি <unk>,0.9999999975,0.28571428551020406,0.4444444404938272,0.4444444404938272,0.1111111082098766,0.35294117245674744,0,0,0.26086956521739135,0.24999999979166665
3282925526_535ff9f2b2.jpg,একটি শিশু একটি <unk> <unk> <unk> <unk> <unk> <unk> <unk> <unk> <unk> <unk> <unk> <unk> <unk> <unk> <unk> <unk> <unk> <unk> <unk> <unk> <unk> <unk> <unk> <unk> <unk> <unk> <unk> <unk> <unk> <unk> <unk> <unk> <unk> <unk> <unk> <unk> <unk>,0.02499999999375,0.1111111109876543,0.04081632351520222,0.04081632351520222,0.0,0.04081632351520222,0,0,0.15822784810126578,0.09090909082644627
2885912662_a3a2dfde45.jpg,একটি সাদা কুকুর একটি বল ধরার চেষ্টা করছে,0.37499999953124996,0.2727272724793388,0.31578946847645434,0.31578946847645434,0.0,0.31578946847645434,0,0,0.5172413793103448,0.21428571413265304
5366.png,একটি নৌকা থেকে দূরে কিছু মানুষ আছে।,0.2857142853061225,0.49999999875,0.36363635834710756,0.36363635834710756,0.2222222172839507,0.36363635834710756,0,0,0.5,0.2222222219753086
3208032657_27b9d6c4f3.jpg,একটি স্কেটবোর্ডার একটি স্কেটবোর্ড কৌশল দেখাচ্ছে,0.33333333277777777,0.2222222219753086,0.2666666615111111,0.2666666615111111,0.0,0.2666666615111111,0,0,0.3548387096774194,0.09090909082644627
20220909_133111.jpg,একজন পুরুষ বসে আছে।,0.249999999375,0.16666666638888888,0.1999999948000001,0.1999999948000001,0.0,0.1999999948000001,0,0,0.4545454545454546,0.1111111109876543
1803.png,একজন পুরুষ বসে আছে।,0.249999999375,0.249999999375,0.2499999943750001,0.2499999943750001,0.0,0.2499999943750001,0,0,0.5714285714285714,0.14285714265306124
2103568100_5d018c495b.jpg,একটি কুকুর পানিতে লাফ দিচ্ছে,0.5999999988,0.37499999953124996,0.46153845609467453,0.46153845609467453,0.16666666194444454,0.46153845609467453,0,0,0.5238095238095238,0.29999999969999996
4769.png,এটি একটি মন্দির।,0.6666666644444444,0.6666666644444444,0.6666666594444445,0.6666666594444445,0.4999999925000001,0.6666666594444445,0,0,0.6153846153846154,0.49999999875
3724487641_d2096f10e5.jpg,একটি ছেলে একটি <unk>,0.249999999375,0.16666666638888888,0.1999999948000001,0.1999999948000001,0.0,0.1999999948000001,0,0,0.2272727272727273,0.12499999984374999
2508918369_2659db1cb6.jpg,একটি শিশু একটি শিশু একটি শিশু একটি শিশু একটি শিশু একটি শিশু একটি শিশু একটি শিশু একটি শিশু একটি শিশু একটি শিশু একটি শিশু একটি শিশু একটি শিশু একটি শিশু একটি শিশু একটি শিশু একটি শিশু একটি শিশু একটি শিশু,0.02499999999375,0.249999999375,0.04545454378099179,0.04545454378099179,0.0,0.04545454378099179,0,0,0.1007194244604317,0.1999999996
5471.png,কয়েকজন পুরুষ ও অনেকগুলো মানুষ আছে।,0.49999999916666665,0.4285714279591837,0.4615384558579882,0.4615384558579882,0.0,0.3076923022485208,0,0,0.40740740740740744,0.29999999969999996
3823.png,পানিতে একজন পুরুষ আছে।,0.49999999875,0.3999999992,0.4444444385185186,0.4444444385185186,0.0,0.2352941137716263,0,0,0.25531914893617025,0.2857142853061225
7272.png,একজন পুরুষ দাড়িয়ে আছে,0.49999999875,0.49999999875,0.4999999937500001,0.4999999937500001,0.33333332722222225,0.4999999937500001,0,0,0.6666666666666667,0.33333333277777777
1302.png,একজন পুরুষ ও একজন পুরুষ ও একজন পুরুষ ও একজন পুরুষ ও একজন পুরুষ ও একজন পুরুষ ও একজন পুরুষ ও একজন পুরুষ ও একজন পুরুষ ও একজন পুরুষ ও একজন পুরুষ ও একজন পুরুষ ও একজন পুরুষ ও একজন,0.02499999999375,0.14285714265306124,0.04255318893617037,0.04255318893617037,0.0,0.04255318893617037,0,0,0.18367346938775508,0.1111111109876543
3404552106_f516df0f5b.jpg,একজন নারী ও একজন নারী ও একজন নারী ও একজন নারী ও একজন নারী ও একজন নারী ও একজন নারী ও একজন নারী ও একজন নারী ও একজন নারী ও একজন নারী ও একজন নারী ও একজন নারী ও একজন,0.02499999999375,0.09090909082644627,0.03921568287581729,0.03921568287581729,0.0,0.03921568287581729,0,0,0.29104477611940294,0.07692307686390532
4140.png,একজন পুরুষ দাড়িয়ে আছে।,0.7499999981250001,0.49999999916666665,0.5999999940000001,0.5999999940000001,0.24999999468750006,0.5999999940000001,0,0,0.5416666666666667,0.4285714279591837
5119.png,একটি মুরগি আছে।,0.3333333322222222,0.3333333322222222,0.33333332722222225,0.33333332722222225,0.0,0.33333332722222225,0,0,0.4545454545454546,0.249999999375
386.png,একজন পুরুষ বসে আছে।,0.9999999975,0.49999999937499995,0.6666666611111112,0.6666666611111112,0.39999999500000005,0.6666666611111112,0,0,0.5,0.49999999937499995
2903469015_a1e7d969c2.jpg,একটি গ্রেহাউন্ড কুকুর একটি ট্রেকে দৌড়াচ্ছে।,0.49999999916666665,0.4285714279591837,0.4615384558579882,0.4615384558579882,0.36363635801652905,0.4615384558579882,0,0,0.6764705882352942,0.3333333329629629
2048.png,একজন পুরুষ দাড়িয়ে আছে।,0.249999999375,0.16666666638888888,0.1999999948000001,0.1999999948000001,0.0,0.1999999948000001,0,0,0.34782608695652173,0.1111111109876543
1202.png,একজন পুরুষ বসে আছে।,0.249999999375,0.16666666638888888,0.1999999948000001,0.1999999948000001,0.0,0.1999999948000001,0,0,0.40909090909090906,0.1111111109876543
347003820_1459342507937686_7845772507901901708_n.jpg,কয়েকজন পুরুষ দাড়িয়ে আছে।,0.0,0.0,0.0,0.0,0.0,0.0,0,0,0.4,0.0
6095.png,একটি শিশু আছে।,0.9999999966666667,0.7499999981250001,0.8571428497959185,0.8571428497959185,0.39999999360000005,0.8571428497959185,0,0,0.6923076923076923,0.7499999981250001
3649224118_abe73c672c.jpg,একটি ছেলে সৈকতে খেলছে,0.49999999875,0.2857142853061225,0.36363635834710756,0.36363635834710756,0.0,0.2222222167901236,0,0,0.631578947368421,0.2222222219753086
3337332770_5eda5cceb7.jpg,একটি কুকুর বরফের মধ্যে দৌড়াচ্ছে,0.5999999988,0.5999999988,0.5999999938,0.5999999938,0.4999999937500001,0.5999999938,0,0,0.7619047619047619,0.4285714279591837
1348891916_ebd4413033.jpg,একটি কুকুর পানিতে সাঁতার কাটছে।,0.5999999988,0.5999999988,0.5999999938,0.5999999938,0.2499999943750001,0.46153845609467453,0,0,0.4814814814814815,0.4285714279591837
8958.png,জমির পাশ দিয়ে একজন পুরুষ ও দূরে কয়েকজন মানুষ আছে।,0.29999999969999996,0.5999999988,0.39999999502222217,0.39999999502222217,0.15384614934911253,0.39999999502222217,0,0,0.41666666666666663,0.24999999979166665
1880.png,একজন মহিলা একটি মেয়ে দাড়িয়ে আছে,0.6666666655555555,0.3636363633057851,0.47058823017301044,0.47058823017301044,0.13333332871111125,0.3529411714878893,0,0,0.6086956521739131,0.30769230745562126
6173.png,একজন পুরুষ ছাতা নিয়ে দাড়িয়ে আছে।,0.49999999916666665,0.49999999916666665,0.4999999941666667,0.4999999941666667,0.39999999420000004,0.4999999941666667,0,0,0.6666666666666667,0.3333333329629629
3366571152_20afb88ac1.jpg,একজন পুরুষ বসে আছে,0.49999999875,0.3999999992,0.4444444385185186,0.4444444385185186,0.28571428000000004,0.4444444385185186,0,0,0.43999999999999995,0.2857142853061225
993.png,একজন পুরুষ বসে আছে।,0.49999999875,0.49999999875,0.4999999937500001,0.4999999937500001,0.33333332722222225,0.4999999937500001,0,0,0.7333333333333334,0.33333333277777777
20220909_134104.jpg,কিছু মানুষ আছে।,0.3333333322222222,0.09090909082644627,0.14285713928571436,0.14285713928571436,0.0,0.14285713928571436,0,0,0.2222222222222222,0.08333333326388888
3008370541_ce29ce49f0.jpg,একটি কুকুর একটি কুকুর দৌড়াচ্ছে,0.3999999992,0.49999999875,0.4444444385185186,0.4444444385185186,0.28571428000000004,0.4444444385185186,0,0,0.65,0.3999999992
3429351222_17ae744daf.jpg,একজন পুরুষ ও একজন পুরুষ দাড়িয়ে আছে,0.2857142853061225,0.2857142853061225,0.28571428030612256,0.28571428030612256,0.0,0.14285713765306143,0,0,0.37142857142857144,0.1999999998
2393298349_e659308218.jpg,একটি কুকুর একটি কুকুর খেলছে,0.5999999988,0.24999999979166665,0.3529411719031142,0.3529411719031142,0.13333332924444455,0.3529411719031142,0,0,0.37142857142857144,0.24999999979166665
136693284.jpg,একটি ছোট ছেলে একটি ফুটবল খেলছে,0.6666666655555555,0.571428570612245,0.6153846094674558,0.6153846094674558,0.39999999502222217,0.6153846094674558,0,0,0.5,0.49999999937499995
6144.png,একজন পুরুষ মাথায় <unk>,0.249999999375,0.3333333322222222,0.28571428000000004,0.28571428000000004,0.0,0.28571428000000004,0,0,0.375,0.16666666638888888
7786.png,একজন পুরুষ দাড়িয়ে আছে,0.0,0.0,0.0,0.0,0.0,0.0,0,0,0.3157894736842105,0.0
391324644_d23fdf06cb.jpg,একজন স্কেটবোর্ডার একটি স্কেটবোর্ড কৌশল দেখাচ্ছে,0.33333333277777777,0.2857142853061225,0.3076923022485208,0.3076923022485208,0.0,0.3076923022485208,0,0,0.46875,0.18181818165289254
2384.png,একটি নৌকায় কয়েকজন মানুষ আছে।,0.3999999992,0.49999999875,0.4444444385185186,0.4444444385185186,0.0,0.4444444385185186,0,0,0.4,0.2857142853061225
2994104606_bc2df6c1f4.jpg,একটি কুকুর একটি ফ্রিসবি নিয়ে খেলছে,0.33333333277777777,0.49999999875,0.3999999944,0.3999999944,0.24999999468750006,0.3999999944,0,0,0.3913043478260869,0.2857142853061225
7088.png,একটি নৌকায় কয়েকজন মানুষ আছে।,0.1999999996,0.1999999996,0.19999999460000012,0.19999999460000012,0.0,0.19999999460000012,0,0,0.35,0.1111111109876543
15.png,একজন পুরুষ বসে আছে,0.249999999375,0.07692307686390532,0.11764705508650528,0.11764705508650528,0.0,0.11764705508650528,0,0,0.23404255319148937,0.06666666662222222
7402.png,একটি নৌকা দেখা যাচ্ছে।,0.0,0.0,0.0,0.0,0.0,0.0,0,0,0.3529411764705882,0.0
3524436870_7670df68e8.jpg,একটি কুকুর একটি কুকুর খেলছে,0.5999999988,0.49999999916666665,0.5454545395041324,0.5454545395041324,0.2222222167901236,0.5454545395041324,0,0,0.5217391304347826,0.49999999916666665
2014.png,একজন পুরুষ দাড়িয়ে আছে।,0.49999999875,0.33333333277777777,0.3999999944,0.3999999944,0.0,0.3999999944,0,0,0.4545454545454546,0.24999999968749997
3495.png,একজন মহিলা ও একজন মহিলা বসে আছে।,0.2857142853061225,0.49999999875,0.36363635834710756,0.36363635834710756,0.0,0.36363635834710756,0,0,0.43999999999999995,0.2857142853061225
3342487512_fd33971dea.jpg,একজন স্কাইয়ার একটি বরফের পাহাড়ে স্কি করছে,0.2857142853061225,0.14285714275510203,0.19047618585034026,0.19047618585034026,0.0,0.19047618585034026,0,0,0.4,0.10526315783933518
2261169495_98254e2e66.jpg,একটি মেয়ে একটি <unk>,0.49999999875,0.15384615372781063,0.2352941137716263,0.2352941137716263,0.0,0.1999999948000001,0,0,0.375,0.14285714275510203
3290465391_258429e2f9.jpg,একজন লোক একটি মঞ্চে গান গাইছে,0.33333333277777777,0.33333333277777777,0.3333333277777778,0.3333333277777778,0.23529411321799312,0.31578946903047095,0,0,0.40909090909090906,0.19999999986666667
2994107810_af56326389.jpg,একজন বাস্কেটবল খেলোয়াড় বল নিয়ে খেলছে,0.33333333277777777,0.49999999875,0.3999999944,0.3999999944,0.11111110697530877,0.3999999944,0,0,0.42307692307692313,0.24999999968749997
3559781965_d4ec00e506.jpg,একটি কুকুর একটি কুকুর দৌড়াচ্ছে,0.5999999988,0.3333333329629629,0.42857142336734694,0.42857142336734694,0.0,0.42857142336734694,0,0,0.4516129032258065,0.3333333329629629
1973.png,একজন পুরুষ ও একজন পুরুষ আছে।,0.33333333277777777,0.49999999875,0.3999999944,0.3999999944,0.24999999468750006,0.3999999944,0,0,0.5454545454545454,0.33333333277777777
3097171315_0ba7d283b1.jpg,একজন পুরুষ এবং একজন পুরুষ ও একজন পুরুষ এবং একজন পুরুষ ও একজন পুরুষ এবং একজন পুরুষ ও একজন পুরুষ এবং একজন পুরুষ ও একজন পুরুষ এবং একজন পুরুষ ও একজন পুরুষ এবং একজন পুরুষ ও একজন পুরুষ এবং একজন,0.02499999999375,0.07692307686390532,0.03773584533997901,0.03773584533997901,0.0,0.03773584533997901,0,0,0.16883116883116878,0.06666666662222222
7695.png,একজন পুরুষ বসে আছে,0.7499999981250001,0.2727272724793388,0.3999999955555556,0.3999999955555556,0.3076923036686391,0.3999999955555556,0,0,0.35,0.3333333329629629
5493.png,কয়েকজন পুরুষ ও একজন পুরুষ ও একজন পুরুষ ও একজন পুরুষ ও একজন পুরুষ ও একজন পুরুষ ও একজন পুরুষ ও একজন পুরুষ ও একজন পুরুষ ও একজন পুরুষ ও একজন পুরুষ ও একজন পুরুষ ও একজন পুরুষ ও একজন,0.099999999975,0.3636363633057851,0.15686274165321037,0.15686274165321037,0.12244897629321125,0.15686274165321037,0,0,0.18918918918918914,0.29999999969999996
5398.png,একজন পুরুষ দাড়িয়ে আছে।,0.49999999875,0.11764705875432525,0.19047618721088438,0.19047618721088438,0.0,0.19047618721088438,0,0,0.1875,0.14285714275510203
513269597_c38308feaf.jpg,একটি কুকুর একটি কুকুর একটি ফ্রিসবি নিয়ে খেলছে,0.37499999953124996,0.29999999969999996,0.3333333280246914,0.3333333280246914,0.15384614863905344,0.3333333280246914,0,0,0.46153846153846156,0.1999999998
9030.png,একজন পুরুষ দাড়িয়ে আছে।,0.249999999375,0.3333333322222222,0.28571428000000004,0.28571428000000004,0.0,0.28571428000000004,0,0,0.4,0.16666666638888888
3468130925_2b1489d19a.jpg,একদল লোক একটি ফুটবল খেলছে,0.3999999992,0.24999999968749997,0.3076923024852071,0.3076923024852071,0.1818181768595043,0.3076923024852071,0,0,0.35,0.18181818165289254
2960.png,একদল লোক একটি <unk>,0.249999999375,0.08333333326388888,0.1249999960937501,0.1249999960937501,0.0,0.1249999960937501,0,0,0.2272727272727273,0.06666666662222222
3426144752_28d63615ca.jpg,একটি শিশু একটি <unk> <unk> <unk> <unk> <unk> <unk> <unk> <unk> <unk> <unk> <unk> <unk> <unk> <unk> <unk> <unk> <unk> <unk> <unk> <unk> <unk> <unk> <unk> <unk> <unk> <unk> <unk> <unk> <unk> <unk> <unk> <unk> <unk> <unk> <unk> <unk> <unk>,0.0499999999875,0.2857142853061225,0.08510638040742426,0.08510638040742426,0.043478258270321514,0.08510638040742426,0,0,0.07594936708860756,0.2222222219753086
3484019369_354e0b88c0.jpg,একজন লোক একটি <unk>,0.249999999375,0.14285714265306124,0.1818181768595043,0.1818181768595043,0.0,0.1818181768595043,0,0,0.29166666666666663,0.1111111109876543
3547647914_4dd56a8c1b.jpg,একদল লোক একটি মেয়ে একটি <unk> <unk> <unk> <unk> <unk> <unk> <unk> <unk> <unk> <unk> <unk> <unk> <unk> <unk> <unk> <unk> <unk> <unk> <unk> <unk> <unk> <unk> <unk> <unk> <unk> <unk> <unk> <unk> <unk> <unk> <unk> <unk> <unk> <unk> <unk>,0.0499999999875,0.3999999992,0.08888888687407412,0.08888888687407412,0.04651162619794489,0.08888888687407412,0,0,0.09493670886075944,0.24999999968749997
2137.png,পানিতে একজন পুরুষ বসে আছে।,0.3999999992,0.24999999968749997,0.3076923024852071,0.3076923024852071,0.0,0.3076923024852071,0,0,0.29032258064516125,0.1999999998
1594038143_57f299aa8a.jpg,একজন নারী মাথায় <unk>,0.249999999375,0.12499999984374999,0.16666666194444454,0.16666666194444454,0.0,0.16666666194444454,0,0,0.2432432432432432,0.09090909082644627
1174525839_7c1e6cfa86.jpg,একটি ছেলে সমুদ্রের দিকে ছুটে চলেছে,0.33333333277777777,0.2857142853061225,0.3076923022485208,0.3076923022485208,0.1818181765289258,0.3076923022485208,0,0,0.56,0.18181818165289254
347375312_1283645985559368_3766867741936536733_n.jpg,একটি ছোট ছেলে একটি কুকুর দৌড়াচ্ছে,0.16666666638888888,0.16666666638888888,0.16666666138888903,0.16666666138888903,0.0,0.16666666138888903,0,0,0.33333333333333337,0.0999999999
20220909_134236.jpg,একজন পুরুষ বসে আছে।,0.249999999375,0.14285714265306124,0.1818181768595043,0.1818181768595043,0.0,0.1818181768595043,0,0,0.4545454545454546,0.0999999999
2356.png,একজন পুরুষ ছাতা নিয়ে যাচ্ছে।,0.1999999996,0.16666666638888888,0.1818181765289258,0.1818181765289258,0.0,0.1818181765289258,0,0,0.34782608695652173,0.0999999999
8703.png,একজন পুরুষ বসে আছে।,0.49999999875,0.1999999998,0.28571428122448983,0.28571428122448983,0.0,0.28571428122448983,0,0,0.5625,0.16666666652777776
1225443522_1633e7121f.jpg,একজন লোক একটি <unk> <unk>,0.3999999992,0.2222222219753086,0.2857142807142858,0.2857142807142858,0.0,0.2857142807142858,0,0,0.33333333333333337,0.18181818165289254
3146232740_df3da0163b.jpg,একটি কুকুর পানিতে সাঁতার কাটছে।,0.7999999984,0.3636363633057851,0.499999995078125,0.499999995078125,0.1818181768595043,0.499999995078125,0,0,0.6071428571428572,0.3333333330555555
8851.png,একজন পুরুষ দাড়িয়ে আছে,0.249999999375,0.249999999375,0.2499999943750001,0.2499999943750001,0.0,0.2499999943750001,0,0,0.6666666666666667,0.14285714265306124
3247341210_5d1e50df23.jpg,একটি ছেলে একটি বল নিয়ে খেলছে,0.16666666638888888,0.1999999996,0.1818181765289258,0.1818181765289258,0.0,0.1818181765289258,0,0,0.44999999999999996,0.1111111109876543
3198237818_cb5eb302f0.jpg,একটি মেয়ে সমুদ্রের দিকে তাকিয়ে আছে,0.16666666638888888,0.14285714265306124,0.15384614863905344,0.15384614863905344,0.0,0.15384614863905344,0,0,0.3548387096774194,0.08333333326388888
3475.png,একজন পুরুষ বসে আছে।,0.249999999375,0.12499999984374999,0.16666666194444454,0.16666666194444454,0.0,0.16666666194444454,0,0,0.30000000000000004,0.1111111109876543
3074842262_62b1b2168c.jpg,একটি শিশু একটি শিশু আছে।,0.1999999996,0.12499999984374999,0.15384614887573977,0.15384614887573977,0.0,0.15384614887573977,0,0,0.33333333333333337,0.0999999999
1376.png,কয়েকজন পুরুষ দাড়িয়ে আছে।,0.49999999875,0.24999999968749997,0.33333332833333335,0.33333332833333335,0.1999999954000001,0.33333332833333335,0,0,0.375,0.1999999998
11.png,একজন পুরুষ বসে আছে।,0.49999999875,0.14285714275510203,0.22222221851851853,0.22222221851851853,0.0,0.22222221851851853,0,0,0.22448979591836737,0.13333333324444444
7912.png,একজন নারী ও একজন পুরুষ ও একজন পুরুষ ও একজন পুরুষ ও একজন পুরুষ ও একজন পুরুষ ও একজন পুরুষ ও একজন পুরুষ ও একজন পুরুষ ও একজন পুরুষ ও একজন পুরুষ ও একজন পুরুষ ও একজন পুরুষ ও একজন,0.099999999975,0.6666666655555555,0.17391304113421555,0.17391304113421555,0.09090908885330583,0.17391304113421555,0,0,0.26712328767123283,0.6666666655555555
5976.png,একজন পুরুষ দাড়িয়ে আছে।,0.9999999975,0.9999999975,0.9999999925,0.9999999925,0.9999999916666666,0.9999999925,1,1,1.0,0.9999999975
9113.png,একজন পুরুষ দাড়িয়ে আছে,0.0,0.0,0.0,0.0,0.0,0.0,0,0,0.25531914893617025,0.0
7907.png,একজন পুরুষ বসে আছে।,0.49999999875,0.33333333277777777,0.3999999944,0.3999999944,0.0,0.3999999944,0,0,0.4545454545454546,0.24999999968749997
2317714088_bcd081f926.jpg,একজন লোক একটি বরফের মধ্যে দাঁড়িয়ে আছে,0.4285714279591837,0.37499999953124996,0.3999999944888889,0.3999999944888889,0.0,0.3076923022485208,0,0,0.6666666666666667,0.24999999979166665
800.png,একটা লোক টি,0.0,0.0,0.0,0.0,0.0,0.0,0,0,0.33333333333333337,0.0
6568.png,একটি নৌকায় কয়েকজন মানুষ আছে।,0.7999999984,0.9999999975,0.8888888819753088,0.8888888819753088,0.5714285648979592,0.8888888819753088,0,0,0.7,0.7999999984
1663.png,একজন পুরুষ বসে আছে।,0.49999999875,0.33333333277777777,0.3999999944,0.3999999944,0.0,0.3999999944,0,0,0.5263157894736843,0.24999999968749997
8591.png,একজন পুরুষ বসে আছে।,0.49999999875,0.2857142853061225,0.36363635834710756,0.36363635834710756,0.2222222172839507,0.36363635834710756,0,0,0.3793103448275862,0.2222222219753086
2920.png,একজন পুরুষ দাড়িয়ে আছে।,0.0,0.0,0.0,0.0,0.0,0.0,0,0,0.4,0.0
3269380710_9161b0bd00.jpg,একজন পুরুষ এবং একটি ছেলে একটি <unk>,0.4285714279591837,0.2727272724793388,0.33333332820987654,0.33333332820987654,0.0,0.33333332820987654,0,0,0.40909090909090906,0.21428571413265304
1281282435.jpg,একজন পুরুষ দাড়িয়ে আছে,0.249999999375,0.0999999999,0.14285713857142868,0.14285713857142868,0.0,0.14285713857142868,0,0,0.3055555555555556,0.07692307686390532
2404692474_37da774368.jpg,একটি কুকুর একটি কুকুর দৌড়াচ্ছে,0.7999999984,0.3999999996,0.5333333281777778,0.5333333281777778,0.15384614934911253,0.46153845609467453,0,0,0.4411764705882353,0.37499999953124996
947.png,কয়েকজন পুরুষ বসে আছে।,0.7499999981250001,0.4285714279591837,0.5454545398347109,0.5454545398347109,0.2222222172839507,0.5454545398347109,0,0,0.45833333333333337,0.37499999953124996
6995.png,একজন পুরুষ দাড়িয়ে আছে।,0.9999999975,0.49999999937499995,0.6666666611111112,0.6666666611111112,0.5999999946000001,0.6666666611111112,0,0,0.4838709677419355,0.49999999937499995
1417637704_572b4d6557.jpg,একটি শিশু একটি গাড়ির পাশে বসে আছে,0.4285714279591837,0.5999999988,0.4999999943055557,0.4999999943055557,0.1999999948000001,0.4999999943055557,0,0,0.4782608695652174,0.37499999953124996
3107368071_724613fc4f.jpg,একজন নারী মাথায় <unk> <unk>,0.1999999996,0.07692307686390532,0.11111110697530877,0.11111110697530877,0.0,0.11111110697530877,0,0,0.2222222222222222,0.06666666662222222
3210.png,একজন নারী মাথায় <unk> <unk>,0.5999999988,0.14285714278911565,0.23076922748520712,0.23076922748520712,0.0,0.1818181765289258,0,0,0.368421052631579,0.14285714278911565
3476237185_9389c536a3.jpg,একটি কালো কুকুর একটি কুকুর দৌড়াচ্ছে,0.6666666655555555,0.3636363633057851,0.47058823017301044,0.47058823017301044,0.13333332871111125,0.47058823017301044,0,0,0.525,0.29999999969999996
2358561039_e215a8d6cd.jpg,একদল কুকুর একটি কুকুর,0.49999999875,0.2857142853061225,0.36363635834710756,0.36363635834710756,0.2222222172839507,0.36363635834710756,0,0,0.3846153846153846,0.24999999968749997
5581.png,একটি নৌকায় কয়েকজন মানুষ আছে।,0.5999999988,0.49999999916666665,0.5454545395041324,0.5454545395041324,0.2222222167901236,0.5454545395041324,0,0,0.7391304347826086,0.37499999953124996
4860.png,জমির পাশ দিয়ে একজন পুরুষ আছে।,0.16666666638888888,0.3333333322222222,0.2222222172839507,0.2222222172839507,0.0,0.2222222172839507,0,0,0.29166666666666663,0.12499999984374999
6492.png,কয়েকজন পুরুষ দাড়িয়ে আছে।,0.49999999875,0.33333333277777777,0.3999999944,0.3999999944,0.0,0.3999999944,0,0,0.36363636363636365,0.24999999968749997
8504.png,একজন পুরুষ আছে।,0.3333333322222222,0.14285714265306124,0.1999999954000001,0.1999999954000001,0.0,0.1999999954000001,0,0,0.36363636363636365,0.1111111109876543
217838128_1f0a84ddc1.jpg,একটি নৌকায় একজন লোক একটি নৌকা থেকে একটি নৌকা থেকে একটি নৌকা থেকে একটি নৌকা থেকে একটি নৌকা থেকে একটি নৌকা থেকে একটি নৌকা থেকে একটি নৌকা থেকে একটি নৌকা থেকে একটি নৌকা থেকে একটি নৌকা থেকে একটি নৌকা থেকে,0.099999999975,0.571428570612245,0.17021276334993213,0.17021276334993213,0.04444444211358036,0.17021276334993213,0,0,0.14814814814814814,0.2727272724793388
3043904009_3b5e0412cd.jpg,একজন পুরুষ বসে আছে,0.249999999375,0.14285714265306124,0.1818181768595043,0.1818181768595043,0.0,0.1818181768595043,0,0,0.25,0.0999999999
6809.png,কয়েকজন পুরুষ দাড়িয়ে আছে।,0.49999999875,0.24999999968749997,0.33333332833333335,0.33333332833333335,0.0,0.33333332833333335,0,0,0.3666666666666667,0.1999999998
3259110412_9908c45144.jpg,একজন লোক একটি <unk>,0.49999999875,0.49999999875,0.4999999937500001,0.4999999937500001,0.0,0.36363635834710756,0,0,0.375,0.33333333277777777
2114355355_9d7e2d8178.jpg,একটি নৌকায় একজন পুরুষ একটি নৌকা থেকে পানি থেকে পানি থেকে পানি থেকে পানি থেকে পানি থেকে পানি থেকে পানি থেকে পানি থেকে পানি থেকে পানি থেকে পানি থেকে পানি থেকে পানি থেকে পানি থেকে পানি থেকে পানি থেকে পানি,0.0499999999875,0.2222222219753086,0.08163265002915464,0.08163265002915464,0.0,0.08163265002915464,0,0,0.17600000000000005,0.08333333326388888
4763.png,একটি নৌকা দেখা যাচ্ছে।,0.249999999375,0.1999999996,0.2222222167901236,0.2222222167901236,0.0,0.2222222167901236,0,0,0.2857142857142857,0.12499999984374999
3315616181_15dd137e27.jpg,একজন লোক স্কেটবোর্ডিং করছে,0.49999999875,0.2222222219753086,0.3076923029585799,0.3076923029585799,0.18181817752066123,0.3076923029585799,0,0,0.4444444444444444,0.18181818165289254
2434.png,একটি পাখি নিয়ে আছে।,0.249999999375,0.1111111109876543,0.15384614934911253,0.15384614934911253,0.0,0.15384614934911253,0,0,0.2727272727272727,0.08333333326388888
4776.png,একজন পুরুষ দাড়িয়ে আছে।,0.9999999975,0.49999999937499995,0.6666666611111112,0.6666666611111112,0.5999999946000001,0.6666666611111112,0,0,0.5357142857142857,0.571428570612245
245252561_4f20f1c89e.jpg,একটি কুকুর একটি কুকুর দৌড়াচ্ছে,0.7999999984,0.3636363633057851,0.499999995078125,0.499999995078125,0.1249999960937501,0.499999995078125,0,0,0.5,0.24999999968749997
3222041930_f642f49d28.jpg,একজন লোক একটি <unk>,0.49999999875,0.2222222219753086,0.3076923029585799,0.3076923029585799,0.18181817752066123,0.3076923029585799,0,0,0.2894736842105263,0.18181818165289254
1919.png,একটি শিশু আছে।,0.3333333322222222,0.16666666638888888,0.2222222172839507,0.2222222172839507,0.0,0.2222222172839507,0,0,0.33333333333333337,0.12499999984374999
100577935.jpg,একজন মহিলা তার <unk> <unk>,0.3999999992,0.33333333277777777,0.36363635801652905,0.36363635801652905,0.0,0.36363635801652905,0,0,0.4285714285714286,0.24999999968749997
2532.png,কয়েকজন মানুষ আছে।,0.3333333322222222,0.249999999375,0.28571428000000004,0.28571428000000004,0.0,0.28571428000000004,0,0,0.5,0.16666666638888888
3679502342_7fe6ef8a36.jpg,একজন পুরুষ ও একজন পুরুষ ও একজন পুরুষ ও একজন পুরুষ ও একজন পুরুষ ও একজন পুরুষ ও একজন পুরুষ ও একজন পুরুষ ও একজন পুরুষ ও একজন পুরুষ ও একজন পুরুষ ও একজন পুরুষ ও একজন পুরুষ ও একজন,0.0499999999875,0.2857142853061225,0.08510638040742426,0.08510638040742426,0.0,0.08510638040742426,0,0,0.25850340136054417,0.12499999984374999
2959941749_fa99097463.jpg,একজন হকি খেলছে,0.6666666644444444,0.49999999875,0.5714285648979592,0.5714285648979592,0.39999999360000005,0.5714285648979592,0,0,0.6153846153846154,0.3999999992
396.png,একজন পুরুষ দাড়িয়ে আছে।,0.249999999375,0.12499999984374999,0.16666666194444454,0.16666666194444454,0.0,0.16666666194444454,0,0,0.3448275862068966,0.09090909082644627
3247500085_c4f641aa84.jpg,একজন লোক গিটার বাজাচ্ছে,0.7499999981250001,0.5999999988,0.6666666602469137,0.6666666602469137,0.28571428000000004,0.6666666602469137,0,0,0.6842105263157895,0.49999999916666665
2059842472_f4fb61ea08.jpg,একটি শিশু বসে আছে,0.49999999875,0.2222222219753086,0.3076923029585799,0.3076923029585799,0.18181817752066123,0.3076923029585799,0,0,0.33333333333333337,0.18181818165289254
5583.png,একটি নৌকা দেখা যাচ্ছে।,0.249999999375,0.3333333322222222,0.28571428000000004,0.28571428000000004,0.0,0.28571428000000004,0,0,0.3846153846153846,0.16666666638888888
1921398767_771743bf4e.jpg,একটি কুকুর সমুদ্রের দিকে তাকিয়ে আছে,0.33333333277777777,0.3999999992,0.36363635801652905,0.36363635801652905,0.2222222167901236,0.36363635801652905,0,0,0.5217391304347826,0.2222222219753086
8924.png,সমুদ্রের পারে একজন পুরুষ দাড়িয়ে আছে,0.49999999916666665,0.37499999953124996,0.4285714230612245,0.4285714230612245,0.16666666152777793,0.4285714230612245,0,0,0.7333333333333334,0.2727272724793388
979.png,কয়েকজন পুরুষ দাড়িয়ে আছে।,0.49999999875,0.24999999968749997,0.33333332833333335,0.33333332833333335,0.1999999954000001,0.33333332833333335,0,0,0.4375,0.1999999998
3433470650_a8b1c27173.jpg,একদল লোক একটি ব্যস্ত রাস্তায় দাঁড়িয়ে আছে,0.4285714279591837,0.3333333329629629,0.374999994609375,0.374999994609375,0.0,0.374999994609375,0,0,0.4117647058823529,0.23076923059171597
2988439935_7cea05bc48.jpg,একটি ফুটবল খেলছে,0.6666666644444444,0.14285714275510203,0.2352941144636678,0.2352941144636678,0.13333333084444446,0.2352941144636678,0,0,0.3928571428571429,0.13333333324444444
2077.png,একটি সেতুর উপর দিয়ে একটি সেতুর উপর দিয়ে একটি সেতুর উপর দিয়ে একটি সেতুর উপর দিয়ে একটি সেতুর উপর দিয়ে একটি সেতুর উপর দিয়ে একটি সেতুর উপর দিয়ে একটি সেতুর উপর দিয়ে একটি সেতুর উপর দিয়ে একটি সেতুর উপর দিয়ে,0.0,0.0,0.0,0.0,0.0,0.0,0,0,0.17449664429530198,0.0
1022454428_b6b660a67b.jpg,একজন পুরুষ একটি শিশু একটি <unk> <unk> <unk> <unk> <unk> <unk> <unk> <unk> <unk> <unk> <unk> <unk> <unk> <unk> <unk> <unk> <unk> <unk> <unk> <unk> <unk> <unk> <unk> <unk> <unk> <unk> <unk> <unk> <unk> <unk> <unk> <unk> <unk> <unk> <unk>,0.12499999996875,0.249999999875,0.16666666216666678,0.16666666216666678,0.04166666360243077,0.11999999675200007,0,0,0.16981132075471694,0.24999999979166665
3462.png,একটি বাঘ আছে।,0.3333333322222222,0.249999999375,0.28571428000000004,0.28571428000000004,0.0,0.28571428000000004,0,0,0.3571428571428571,0.16666666638888888
6811.png,একটি নৌকায় একজন পুরুষ বসে আছে।,0.33333333277777777,0.2222222219753086,0.2666666615111111,0.2666666615111111,0.0,0.2666666615111111,0,0,0.42105263157894735,0.15384615372781063
2308271254_27fb466eb4.jpg,একটি কুকুর পানিতে লাফ দিচ্ছে,0.3999999992,0.33333333277777777,0.36363635801652905,0.36363635801652905,0.0,0.36363635801652905,0,0,0.6111111111111112,0.2222222219753086
5534.png,একজন পুরুষ বসে আছে।,0.9999999975,0.9999999975,0.9999999925,0.9999999925,0.9999999916666666,0.9999999925,1,1,1.0,0.9999999975
1631.png,একজন মহিলা বসে আছে।,0.49999999875,0.3999999992,0.4444444385185186,0.4444444385185186,0.28571428000000004,0.4444444385185186,0,0,0.5333333333333333,0.2857142853061225
1552.png,একজন নারী ও একজন নারী ও একজন নারী ও একজন নারী ও একজন নারী ও একজন নারী ও একজন নারী ও একজন নারী ও একজন নারী ও একজন নারী ও একজন নারী ও একজন নারী ও একজন নারী ও একজন,0.0499999999875,0.09999999995,0.0666666622000003,0.0666666622000003,0.0,0.0666666622000003,0,0,0.30597014925373134,0.1999999996
1027.png,একটি নৌকায় কয়েকজন মানুষ আছে।,0.1999999996,0.14285714265306124,0.16666666152777793,0.16666666152777793,0.0,0.16666666152777793,0,0,0.29032258064516125,0.09090909082644627
2946016853_ceca4f5a07.jpg,একটি কুকুর একটি সাদা কুকুর খেলছে,0.49999999916666665,0.29999999969999996,0.37499999484375,0.37499999484375,0.14285713806122466,0.37499999484375,0,0,0.4,0.2727272724793388
4868.png,একটি সেতুর উপর দিয়ে একটি রাস্তা দিয়ে হেটে যাচ্ছে,0.1111111109876543,0.3333333322222222,0.16666666263888896,0.16666666263888896,0.0,0.16666666263888896,0,0,0.25,0.1111111109876543
7227.png,একজন পুরুষ দাড়িয়ে আছে।,0.249999999375,0.249999999375,0.2499999943750001,0.2499999943750001,0.0,0.2499999943750001,0,0,0.5333333333333333,0.14285714265306124
536.png,একটি শিশু বসে আছে।,0.7499999981250001,0.4285714279591837,0.5454545398347109,0.5454545398347109,0.2222222172839507,0.5454545398347109,0,0,0.41666666666666663,0.37499999953124996
3266.png,একজন পুরুষ বসে আছে।,0.249999999375,0.249999999375,0.2499999943750001,0.2499999943750001,0.0,0.2499999943750001,0,0,0.6,0.14285714265306124
3410.png,একজন পুরুষ মাথায় <unk>,0.249999999375,0.1999999996,0.2222222167901236,0.2222222167901236,0.0,0.2222222167901236,0,0,0.38888888888888884,0.12499999984374999
3069786374_804e1123ac.jpg,একজন পুরুষ ও সাদা ও সাদা কালো ও সাদা কালো ও সাদা কালো ও সাদা কালো ও সাদা কালো ও সাদা কালো ও সাদা কালো ও সাদা কালো ও সাদা কালো ও সাদা কালো ও সাদা কালো ও সাদা কালো,0.02499999999375,0.12499999984374999,0.04166666387152797,0.04166666387152797,0.0,0.04166666387152797,0,0,0.17431192660550454,0.08333333326388888
8801.png,একজন নারী ও একটি শিশু একটি গাছের নিচে বসে আছে,0.0999999999,0.16666666638888888,0.12499999515625017,0.12499999515625017,0.0,0.12499999515625017,0,0,0.4411764705882353,0.07142857137755101
346641231_599560082134013_8971390440590816718_n.jpg,একজন পুরুষ বসে আছে।,0.0,0.0,0.0,0.0,0.0,0.0,0,0,0.28,0.0
